time;Test_svarc_UPu;Test_svarc_BPu;Test_svarc_QInjPu;Test_svarc_modeHandling_mode;Test_svarc_modeHandling_URefPu;
0.000000;1.000000;0.000000;0.000000;3.000000;1.000000;
10.000000;1.000000;0.000000;0.000000;3.000000;1.000000;
10.000000;1.016250;0.578244;0.597184;3.000000;1.022222;
20.000000;1.016250;0.578244;0.597184;3.000000;1.022222;
30.000000;1.016250;0.578244;0.597184;3.000000;1.022222;
