time;WPP4A_WPP_wPPControl_measurements_PPu;WPP4A_WPP_wPPControl_measurements_QPu;WPP4A_WPP_wPPControl_measurements_UPu;VariableImpedantFault_variableImpedantFault_ZvPu_re;VariableImpedantFault_variableImpedantFault_ZvPu_im;
0.000000;1.000143;-0.210027;1.000142;0.000000;10000.000000;
0.000013;1.000143;-0.210027;1.000142;0.000000;10000.000000;
0.000026;1.000143;-0.210027;1.000142;0.000000;10000.000000;
0.000035;1.000143;-0.210027;1.000142;0.000000;10000.000000;
0.000048;1.000143;-0.210027;1.000142;0.000000;10000.000000;
0.000062;1.000143;-0.210027;1.000142;0.000000;10000.000000;
0.000088;1.000143;-0.210027;1.000142;0.000000;10000.000000;
0.000141;1.000143;-0.210027;1.000142;0.000000;10000.000000;
0.000247;1.000143;-0.210027;1.000142;0.000000;10000.000000;
0.000458;1.000142;-0.210027;1.000142;0.000000;10000.000000;
0.000880;1.000142;-0.210027;1.000142;0.000000;10000.000000;
0.001000;1.000142;-0.210027;1.000142;0.000000;10000.000000;
0.001013;1.000142;-0.210027;1.000142;0.000000;10000.000000;
0.001019;1.000142;-0.210027;1.000142;0.000000;10000.000000;
0.001032;1.000142;-0.210027;1.000142;0.000000;10000.000000;
0.001046;1.000142;-0.210027;1.000142;0.000000;10000.000000;
0.001072;1.000142;-0.210027;1.000142;0.000000;10000.000000;
0.001125;1.000142;-0.210027;1.000142;0.000000;10000.000000;
0.001231;1.000141;-0.210027;1.000142;0.000000;10000.000000;
0.001442;1.000141;-0.210028;1.000142;0.000000;10000.000000;
0.001865;1.000140;-0.210028;1.000142;0.000000;10000.000000;
0.002710;1.000138;-0.210028;1.000142;0.000000;10000.000000;
0.003556;1.000135;-0.210029;1.000142;0.000000;10000.000000;
0.005247;1.000128;-0.210029;1.000142;0.000000;10000.000000;
0.006938;1.000120;-0.210030;1.000142;0.000000;10000.000000;
0.008629;1.000111;-0.210030;1.000143;0.000000;10000.000000;
0.010320;1.000102;-0.210030;1.000143;0.000000;10000.000000;
0.012011;1.000093;-0.210031;1.000144;0.000000;10000.000000;
0.013702;1.000084;-0.210031;1.000144;0.000000;10000.000000;
0.014021;1.000083;-0.210031;1.000144;0.000000;10000.000000;
0.014035;1.000083;-0.210031;1.000144;0.000000;10000.000000;
0.014048;1.000083;-0.210031;1.000144;0.000000;10000.000000;
0.014075;1.000083;-0.210031;1.000144;0.000000;10000.000000;
0.014128;1.000082;-0.210031;1.000144;0.000000;10000.000000;
0.014234;1.000082;-0.210031;1.000145;0.000000;10000.000000;
0.014446;1.000081;-0.210031;1.000145;0.000000;10000.000000;
0.014872;1.000078;-0.210031;1.000145;0.000000;10000.000000;
0.015425;1.000076;-0.210031;1.000145;0.000000;10000.000000;
0.015439;1.000076;-0.210031;1.000145;0.000000;10000.000000;
0.015452;1.000076;-0.210031;1.000145;0.000000;10000.000000;
0.015478;1.000075;-0.210031;1.000145;0.000000;10000.000000;
0.015532;1.000075;-0.210031;1.000145;0.000000;10000.000000;
0.015638;1.000075;-0.210031;1.000145;0.000000;10000.000000;
0.015851;1.000074;-0.210031;1.000145;0.000000;10000.000000;
0.016277;1.000072;-0.210031;1.000145;0.000000;10000.000000;
0.017128;1.000068;-0.210031;1.000145;0.000000;10000.000000;
0.018831;1.000060;-0.210031;1.000146;0.000000;10000.000000;
0.022237;1.000046;-0.210031;1.000147;0.000000;10000.000000;
0.023393;1.000042;-0.210031;1.000147;0.000000;10000.000000;
0.023400;1.000042;-0.210031;1.000147;0.000000;10000.000000;
0.023414;1.000042;-0.210031;1.000147;0.000000;10000.000000;
0.023427;1.000042;-0.210031;1.000147;0.000000;10000.000000;
0.023454;1.000042;-0.210031;1.000147;0.000000;10000.000000;
0.023508;1.000042;-0.210031;1.000147;0.000000;10000.000000;
0.023615;1.000041;-0.210031;1.000147;0.000000;10000.000000;
0.023830;1.000041;-0.210031;1.000147;0.000000;10000.000000;
0.024259;1.000039;-0.210031;1.000147;0.000000;10000.000000;
0.025118;1.000036;-0.210031;1.000147;0.000000;10000.000000;
0.026836;1.000031;-0.210031;1.000147;0.000000;10000.000000;
0.030271;1.000022;-0.210032;1.000148;0.000000;10000.000000;
0.033707;1.000015;-0.210033;1.000148;0.000000;10000.000000;
0.040577;1.000004;-0.210037;1.000147;0.000000;10000.000000;
0.046761;0.999997;-0.210042;1.000146;0.000000;10000.000000;
0.052945;0.999993;-0.210048;1.000144;0.000000;10000.000000;
0.059128;0.999990;-0.210055;1.000142;0.000000;10000.000000;
0.065312;0.999989;-0.210063;1.000140;0.000000;10000.000000;
0.071496;0.999988;-0.210071;1.000138;0.000000;10000.000000;
0.077679;0.999987;-0.210079;1.000135;0.000000;10000.000000;
0.083863;0.999987;-0.210087;1.000133;0.000000;10000.000000;
0.087644;0.999987;-0.210092;1.000131;0.000000;10000.000000;
0.087658;0.999987;-0.210092;1.000131;0.000000;10000.000000;
0.087672;0.999987;-0.210092;1.000131;0.000000;10000.000000;
0.087700;0.999987;-0.210092;1.000131;0.000000;10000.000000;
0.087757;0.999987;-0.210092;1.000131;0.000000;10000.000000;
0.087870;0.999987;-0.210092;1.000131;0.000000;10000.000000;
0.088097;0.999987;-0.210093;1.000131;0.000000;10000.000000;
0.088549;0.999987;-0.210093;1.000131;0.000000;10000.000000;
0.089139;0.999987;-0.210094;1.000130;0.000000;10000.000000;
0.089154;0.999987;-0.210094;1.000130;0.000000;10000.000000;
0.089168;0.999987;-0.210094;1.000130;0.000000;10000.000000;
0.089196;0.999987;-0.210094;1.000130;0.000000;10000.000000;
0.089253;0.999987;-0.210094;1.000130;0.000000;10000.000000;
0.089366;0.999987;-0.210094;1.000130;0.000000;10000.000000;
0.089593;0.999987;-0.210095;1.000130;0.000000;10000.000000;
0.090046;0.999987;-0.210095;1.000130;0.000000;10000.000000;
0.090953;0.999987;-0.210096;1.000130;0.000000;10000.000000;
0.092767;0.999987;-0.210099;1.000129;0.000000;10000.000000;
0.096394;0.999987;-0.210104;1.000127;0.000000;10000.000000;
0.103648;0.999987;-0.210113;1.000124;0.000000;10000.000000;
0.118156;0.999987;-0.210132;1.000118;0.000000;10000.000000;
0.132665;0.999988;-0.210150;1.000113;0.000000;10000.000000;
0.161682;0.999988;-0.210184;1.000102;0.000000;10000.000000;
0.190699;0.999989;-0.210215;1.000093;0.000000;10000.000000;
0.248733;0.999991;-0.210269;1.000076;0.000000;10000.000000;
0.306767;0.999993;-0.210313;1.000062;0.000000;10000.000000;
0.364801;0.999994;-0.210349;1.000051;0.000000;10000.000000;
0.422835;0.999996;-0.210378;1.000041;0.000000;10000.000000;
0.480868;0.999997;-0.210402;1.000034;0.000000;10000.000000;
0.538902;0.999997;-0.210422;1.000028;0.000000;10000.000000;
0.596936;0.999998;-0.210438;1.000023;0.000000;10000.000000;
0.622248;0.999998;-0.210444;1.000021;0.000000;10000.000000;
0.622268;0.999998;-0.210444;1.000021;0.000000;10000.000000;
0.622288;0.999998;-0.210444;1.000021;0.000000;10000.000000;
0.622328;0.999998;-0.210444;1.000021;0.000000;10000.000000;
0.622408;0.999998;-0.210444;1.000021;0.000000;10000.000000;
0.622568;0.999998;-0.210444;1.000021;0.000000;10000.000000;
0.622888;0.999998;-0.210444;1.000021;0.000000;10000.000000;
0.623529;0.999998;-0.210445;1.000021;0.000000;10000.000000;
0.624809;0.999998;-0.210445;1.000021;0.000000;10000.000000;
0.627370;0.999998;-0.210445;1.000020;0.000000;10000.000000;
0.631410;0.999998;-0.210446;1.000020;0.000000;10000.000000;
0.631430;0.999998;-0.210446;1.000020;0.000000;10000.000000;
0.631450;0.999998;-0.210446;1.000020;0.000000;10000.000000;
0.631491;0.999998;-0.210446;1.000020;0.000000;10000.000000;
0.631571;0.999998;-0.210446;1.000020;0.000000;10000.000000;
0.631732;0.999998;-0.210446;1.000020;0.000000;10000.000000;
0.632054;0.999998;-0.210446;1.000020;0.000000;10000.000000;
0.632697;0.999998;-0.210447;1.000020;0.000000;10000.000000;
0.633984;0.999998;-0.210447;1.000020;0.000000;10000.000000;
0.636558;0.999998;-0.210447;1.000020;0.000000;10000.000000;
0.641706;0.999999;-0.210448;1.000019;0.000000;10000.000000;
0.650834;0.999999;-0.210450;1.000019;0.000000;10000.000000;
0.650855;0.999999;-0.210450;1.000019;0.000000;10000.000000;
0.650875;0.999999;-0.210450;1.000019;0.000000;10000.000000;
0.650916;0.999999;-0.210450;1.000019;0.000000;10000.000000;
0.650997;0.999999;-0.210450;1.000019;0.000000;10000.000000;
0.651159;0.999999;-0.210450;1.000019;0.000000;10000.000000;
0.651485;0.999999;-0.210451;1.000019;0.000000;10000.000000;
0.651908;0.999999;-0.210451;1.000019;0.000000;10000.000000;
0.651929;0.999999;-0.210451;1.000019;0.000000;10000.000000;
0.651949;0.999999;-0.210451;1.000019;0.000000;10000.000000;
0.651990;0.999999;-0.210451;1.000019;0.000000;10000.000000;
0.652071;0.999999;-0.210451;1.000019;0.000000;10000.000000;
0.652234;0.999999;-0.210451;1.000019;0.000000;10000.000000;
0.652559;0.999999;-0.210451;1.000019;0.000000;10000.000000;
0.653210;0.999999;-0.210451;1.000019;0.000000;10000.000000;
0.654511;0.999999;-0.210451;1.000019;0.000000;10000.000000;
0.657114;0.999999;-0.210452;1.000018;0.000000;10000.000000;
0.662319;0.999999;-0.210453;1.000018;0.000000;10000.000000;
0.672729;0.999999;-0.210455;1.000017;0.000000;10000.000000;
0.693551;0.999999;-0.210459;1.000016;0.000000;10000.000000;
0.735193;0.999999;-0.210465;1.000014;0.000000;10000.000000;
0.818479;0.999999;-0.210477;1.000011;0.000000;10000.000000;
0.839519;0.999999;-0.210479;1.000010;0.000000;10000.000000;
0.839542;0.999999;-0.210479;1.000010;0.000000;10000.000000;
0.839564;0.999999;-0.210479;1.000010;0.000000;10000.000000;
0.839609;0.999999;-0.210479;1.000010;0.000000;10000.000000;
0.839699;0.999999;-0.210479;1.000010;0.000000;10000.000000;
0.839878;0.999999;-0.210479;1.000010;0.000000;10000.000000;
0.840236;0.999999;-0.210479;1.000010;0.000000;10000.000000;
0.840952;0.999999;-0.210479;1.000010;0.000000;10000.000000;
0.842385;0.999999;-0.210480;1.000010;0.000000;10000.000000;
0.845250;0.999999;-0.210480;1.000010;0.000000;10000.000000;
0.850980;0.999999;-0.210480;1.000009;0.000000;10000.000000;
0.862441;0.999999;-0.210482;1.000009;0.000000;10000.000000;
0.885362;0.999999;-0.210484;1.000008;0.000000;10000.000000;
0.931204;1.000000;-0.210488;1.000007;0.000000;10000.000000;
1.022890;1.000000;-0.210494;1.000005;0.000000;10000.000000;
1.114575;1.000000;-0.210499;1.000004;0.000000;10000.000000;
1.297945;1.000000;-0.210505;1.000002;0.000000;10000.000000;
1.481315;1.000000;-0.210508;1.000001;0.000000;10000.000000;
1.664685;1.000000;-0.210509;1.000000;0.000000;10000.000000;
1.848055;1.000000;-0.210510;1.000000;0.000000;10000.000000;
2.031425;1.000000;-0.210511;1.000000;0.000000;10000.000000;
2.283504;1.000000;-0.210511;1.000000;0.000000;10000.000000;
2.283542;1.000000;-0.210511;1.000000;0.000000;10000.000000;
2.283580;1.000000;-0.210511;1.000000;0.000000;10000.000000;
2.283657;1.000000;-0.210511;1.000000;0.000000;10000.000000;
2.283809;1.000000;-0.210511;1.000000;0.000000;10000.000000;
2.284114;1.000000;-0.210511;1.000000;0.000000;10000.000000;
2.284725;1.000000;-0.210511;1.000000;0.000000;10000.000000;
2.285946;1.000000;-0.210511;1.000000;0.000000;10000.000000;
2.288388;1.000000;-0.210511;1.000000;0.000000;10000.000000;
2.293272;1.000000;-0.210511;1.000000;0.000000;10000.000000;
2.303039;1.000000;-0.210511;1.000000;0.000000;10000.000000;
2.322575;1.000000;-0.210511;1.000000;0.000000;10000.000000;
2.361646;1.000000;-0.210511;1.000000;0.000000;10000.000000;
2.439788;1.000000;-0.210511;1.000000;0.000000;10000.000000;
2.596072;1.000000;-0.210511;1.000000;0.000000;10000.000000;
2.908639;1.000000;-0.210511;1.000000;0.000000;10000.000000;
3.533774;1.000000;-0.210511;1.000000;0.000000;10000.000000;
4.784045;1.000000;-0.210511;1.000000;0.000000;10000.000000;
7.284586;1.000000;-0.210511;1.000000;0.000000;10000.000000;
9.999998;1.000000;-0.210511;1.000000;0.000000;10000.000000;
9.999998;0.064417;0.041012;0.074727;0.000000;0.015000;
9.999998;0.064417;0.041011;0.074726;0.000000;0.015000;
9.999998;0.064416;0.041011;0.074726;0.000000;0.015000;
9.999998;0.064416;0.041010;0.074725;0.000000;0.015000;
9.999998;0.064415;0.041007;0.074724;0.000000;0.015000;
9.999999;0.064412;0.041002;0.074722;0.000000;0.015000;
9.999999;0.064407;0.040993;0.074716;0.000000;0.015000;
10.000000;0.064397;0.040973;0.074706;0.000000;0.015000;
10.000003;0.064377;0.040934;0.074685;0.000000;0.015000;
10.000008;0.064336;0.040857;0.074644;0.000000;0.015000;
10.000018;0.064255;0.040702;0.074560;0.000000;0.015000;
10.000028;0.064174;0.040547;0.074477;0.000000;0.015000;
10.000038;0.064094;0.040393;0.074395;0.000000;0.015000;
10.000048;0.064013;0.040239;0.074312;0.000000;0.015000;
10.000058;0.063932;0.040086;0.074229;0.000000;0.015000;
10.000068;0.063852;0.039933;0.074147;0.000000;0.015000;
10.000077;0.063771;0.039780;0.074064;0.000000;0.015000;
10.000087;0.063691;0.039627;0.073982;0.000000;0.015000;
10.000097;0.063610;0.039475;0.073900;0.000000;0.015000;
10.000107;0.063530;0.039324;0.073818;0.000000;0.015000;
10.000117;0.063450;0.039172;0.073737;0.000000;0.015000;
10.000127;0.063369;0.039022;0.073655;0.000000;0.015000;
10.000137;0.063289;0.038871;0.073573;0.000000;0.015000;
10.000147;0.063209;0.038721;0.073492;0.000000;0.015000;
10.000157;0.063129;0.038571;0.073411;0.000000;0.015000;
10.000167;0.063049;0.038421;0.073330;0.000000;0.015000;
10.000177;0.062969;0.038272;0.073249;0.000000;0.015000;
10.000187;0.062889;0.038123;0.073168;0.000000;0.015000;
10.000197;0.062809;0.037975;0.073087;0.000000;0.015000;
10.000207;0.062730;0.037827;0.073007;0.000000;0.015000;
10.000217;0.062650;0.037679;0.072926;0.000000;0.015000;
10.000226;0.062570;0.037532;0.072846;0.000000;0.015000;
10.000236;0.062491;0.037385;0.072766;0.000000;0.015000;
10.000244;0.062429;0.037272;0.072704;0.000000;0.015000;
10.000244;0.062429;0.037271;0.072704;0.000000;0.015000;
10.000244;0.062429;0.037271;0.072703;0.000000;0.015000;
10.000244;0.062428;0.037270;0.072703;0.000000;0.015000;
10.000244;0.062427;0.037267;0.072701;0.000000;0.015000;
10.000245;0.062424;0.037263;0.072699;0.000000;0.015000;
10.000245;0.062420;0.037254;0.072694;0.000000;0.015000;
10.000246;0.062410;0.037236;0.072684;0.000000;0.015000;
10.000249;0.062390;0.037200;0.072665;0.000000;0.015000;
10.000254;0.062352;0.037129;0.072626;0.000000;0.015000;
10.000263;0.062274;0.036986;0.072548;0.000000;0.015000;
10.000273;0.062196;0.036843;0.072470;0.000000;0.015000;
10.000293;0.062041;0.036559;0.072314;0.000000;0.015000;
10.000310;0.061902;0.036305;0.072175;0.000000;0.015000;
10.000328;0.061763;0.036052;0.072036;0.000000;0.015000;
10.000345;0.061624;0.035800;0.071897;0.000000;0.015000;
10.000363;0.061485;0.035548;0.071759;0.000000;0.015000;
10.000380;0.061347;0.035298;0.071621;0.000000;0.015000;
10.000397;0.061208;0.035049;0.071484;0.000000;0.015000;
10.000415;0.061070;0.034801;0.071347;0.000000;0.015000;
10.000432;0.060932;0.034554;0.071211;0.000000;0.015000;
10.000450;0.060794;0.034309;0.071074;0.000000;0.015000;
10.000467;0.060657;0.034064;0.070939;0.000000;0.015000;
10.000485;0.060519;0.033820;0.070803;0.000000;0.015000;
10.000502;0.060382;0.033577;0.070668;0.000000;0.015000;
10.000520;0.060245;0.033336;0.070534;0.000000;0.015000;
10.000537;0.060108;0.033095;0.070400;0.000000;0.015000;
10.000555;0.059972;0.032855;0.070266;0.000000;0.015000;
10.000572;0.059835;0.032617;0.070133;0.000000;0.015000;
10.000590;0.059699;0.032379;0.070000;0.000000;0.015000;
10.000607;0.059563;0.032142;0.069868;0.000000;0.015000;
10.000625;0.059428;0.031907;0.069736;0.000000;0.015000;
10.000642;0.059292;0.031672;0.069604;0.000000;0.015000;
10.000660;0.059157;0.031439;0.069473;0.000000;0.015000;
10.000677;0.059021;0.031206;0.069342;0.000000;0.015000;
10.000695;0.058886;0.030975;0.069212;0.000000;0.015000;
10.000712;0.058752;0.030744;0.069082;0.000000;0.015000;
10.000730;0.058617;0.030515;0.068952;0.000000;0.015000;
10.000747;0.058483;0.030286;0.068823;0.000000;0.015000;
10.000765;0.058349;0.030059;0.068694;0.000000;0.015000;
10.000782;0.058215;0.029832;0.068566;0.000000;0.015000;
10.000800;0.058081;0.029606;0.068438;0.000000;0.015000;
10.000817;0.057947;0.029382;0.068311;0.000000;0.015000;
10.000835;0.057814;0.029158;0.068184;0.000000;0.015000;
10.000852;0.057681;0.028936;0.068057;0.000000;0.015000;
10.000869;0.057548;0.028714;0.067931;0.000000;0.015000;
10.000887;0.057416;0.028493;0.067805;0.000000;0.015000;
10.000904;0.057283;0.028274;0.067679;0.000000;0.015000;
10.000922;0.057151;0.028055;0.067554;0.000000;0.015000;
10.000939;0.057019;0.027837;0.067430;0.000000;0.015000;
10.000957;0.056887;0.027620;0.067305;0.000000;0.015000;
10.000974;0.056756;0.027404;0.067182;0.000000;0.015000;
10.000992;0.056625;0.027190;0.067058;0.000000;0.015000;
10.001003;0.056544;0.027057;0.066982;0.000000;0.015000;
10.001003;0.056543;0.027057;0.066982;0.000000;0.015000;
10.001003;0.056543;0.027056;0.066982;0.000000;0.015000;
10.001003;0.056542;0.027055;0.066981;0.000000;0.015000;
10.001003;0.056541;0.027053;0.066981;0.000000;0.015000;
10.001004;0.056538;0.027049;0.066979;0.000000;0.015000;
10.001005;0.056532;0.027040;0.066975;0.000000;0.015000;
10.001007;0.056520;0.027022;0.066968;0.000000;0.015000;
10.001011;0.056497;0.026987;0.066954;0.000000;0.015000;
10.001019;0.056451;0.026916;0.066925;0.000000;0.015000;
10.001036;0.056358;0.026775;0.066869;0.000000;0.015000;
10.001053;0.056265;0.026635;0.066812;0.000000;0.015000;
10.001087;0.056080;0.026356;0.066699;0.000000;0.015000;
10.001117;0.055914;0.026106;0.066599;0.000000;0.015000;
10.001136;0.055811;0.025950;0.066536;0.000000;0.015000;
10.001136;0.055810;0.025950;0.066535;0.000000;0.015000;
10.001136;0.055810;0.025949;0.066535;0.000000;0.015000;
10.001136;0.055809;0.025948;0.066535;0.000000;0.015000;
10.001136;0.055807;0.025946;0.066534;0.000000;0.015000;
10.001137;0.055807;0.025945;0.066533;0.000000;0.015000;
10.001137;0.055807;0.025944;0.066533;0.000000;0.015000;
10.001137;0.055806;0.025944;0.066533;0.000000;0.015000;
10.001137;0.055805;0.025942;0.066532;0.000000;0.015000;
10.001137;0.055804;0.025940;0.066531;0.000000;0.015000;
10.001138;0.055800;0.025935;0.066529;0.000000;0.015000;
10.001139;0.055794;0.025925;0.066525;0.000000;0.015000;
10.001141;0.055781;0.025906;0.066518;0.000000;0.015000;
10.001146;0.055755;0.025866;0.066502;0.000000;0.015000;
10.001156;0.055702;0.025788;0.066471;0.000000;0.015000;
10.001175;0.055598;0.025633;0.066409;0.000000;0.015000;
10.001194;0.055494;0.025478;0.066347;0.000000;0.015000;
10.001233;0.055287;0.025172;0.066225;0.000000;0.015000;
10.001267;0.055102;0.024899;0.066118;0.000000;0.015000;
10.001302;0.054918;0.024629;0.066012;0.000000;0.015000;
10.001336;0.054735;0.024362;0.065908;0.000000;0.015000;
10.001371;0.054553;0.024097;0.065806;0.000000;0.015000;
10.001405;0.054372;0.023835;0.065705;0.000000;0.015000;
10.001440;0.054192;0.023576;0.065605;0.000000;0.015000;
10.001474;0.054013;0.023319;0.065508;0.000000;0.015000;
10.001509;0.053835;0.023065;0.065412;0.000000;0.015000;
10.001543;0.053658;0.022814;0.065318;0.000000;0.015000;
10.001578;0.053481;0.022565;0.065225;0.000000;0.015000;
10.001612;0.053306;0.022318;0.065134;0.000000;0.015000;
10.001647;0.053131;0.022075;0.065044;0.000000;0.015000;
10.001662;0.053057;0.021971;0.065006;0.000000;0.015000;
10.001662;0.053057;0.021970;0.065006;0.000000;0.015000;
10.001662;0.053056;0.021970;0.065006;0.000000;0.015000;
10.001662;0.053055;0.021968;0.065005;0.000000;0.015000;
10.001663;0.053053;0.021965;0.065004;0.000000;0.015000;
10.001663;0.053049;0.021960;0.065002;0.000000;0.015000;
10.001665;0.053040;0.021948;0.064998;0.000000;0.015000;
10.001666;0.053034;0.021939;0.064995;0.000000;0.015000;
10.001666;0.053034;0.021938;0.064994;0.000000;0.015000;
10.001667;0.053033;0.021938;0.064994;0.000000;0.015000;
10.001667;0.053033;0.021937;0.064994;0.000000;0.015000;
10.001667;0.053032;0.021936;0.064993;0.000000;0.015000;
10.001667;0.053030;0.021933;0.064992;0.000000;0.015000;
10.001668;0.053025;0.021927;0.064990;0.000000;0.015000;
10.001670;0.053017;0.021915;0.064986;0.000000;0.015000;
10.001673;0.053000;0.021892;0.064978;0.000000;0.015000;
10.001680;0.052967;0.021846;0.064961;0.000000;0.015000;
10.001693;0.052900;0.021753;0.064927;0.000000;0.015000;
10.001720;0.052767;0.021569;0.064861;0.000000;0.015000;
10.001746;0.052634;0.021386;0.064795;0.000000;0.015000;
10.001800;0.052370;0.021026;0.064667;0.000000;0.015000;
10.001848;0.052136;0.020707;0.064555;0.000000;0.015000;
10.001895;0.051903;0.020394;0.064446;0.000000;0.015000;
10.001943;0.051672;0.020085;0.064340;0.000000;0.015000;
10.001991;0.051443;0.019780;0.064237;0.000000;0.015000;
10.002039;0.051216;0.019480;0.064137;0.000000;0.015000;
10.002087;0.050990;0.019185;0.064040;0.000000;0.015000;
10.002135;0.050766;0.018894;0.063946;0.000000;0.015000;
10.002182;0.050544;0.018609;0.063856;0.000000;0.015000;
10.002230;0.050323;0.018328;0.063770;0.000000;0.015000;
10.002278;0.050105;0.018052;0.063686;0.000000;0.015000;
10.002326;0.049888;0.017781;0.063606;0.000000;0.015000;
10.002374;0.049673;0.017514;0.063529;0.000000;0.015000;
10.002411;0.049506;0.017307;0.063470;0.000000;0.015000;
10.002411;0.049505;0.017307;0.063470;0.000000;0.015000;
10.002411;0.049505;0.017306;0.063470;0.000000;0.015000;
10.002412;0.049503;0.017304;0.063469;0.000000;0.015000;
10.002412;0.049501;0.017301;0.063468;0.000000;0.015000;
10.002413;0.049496;0.017295;0.063467;0.000000;0.015000;
10.002416;0.049486;0.017283;0.063463;0.000000;0.015000;
10.002420;0.049466;0.017259;0.063456;0.000000;0.015000;
10.002429;0.049427;0.017210;0.063443;0.000000;0.015000;
10.002436;0.049394;0.017171;0.063432;0.000000;0.015000;
10.002436;0.049394;0.017170;0.063432;0.000000;0.015000;
10.002436;0.049393;0.017169;0.063431;0.000000;0.015000;
10.002437;0.049392;0.017168;0.063431;0.000000;0.015000;
10.002437;0.049389;0.017165;0.063430;0.000000;0.015000;
10.002438;0.049384;0.017159;0.063429;0.000000;0.015000;
10.002441;0.049375;0.017146;0.063425;0.000000;0.015000;
10.002445;0.049355;0.017122;0.063418;0.000000;0.015000;
10.002454;0.049315;0.017074;0.063405;0.000000;0.015000;
10.002472;0.049236;0.016978;0.063379;0.000000;0.015000;
10.002508;0.049079;0.016787;0.063327;0.000000;0.015000;
10.002544;0.048922;0.016599;0.063277;0.000000;0.015000;
10.002615;0.048611;0.016229;0.063181;0.000000;0.015000;
10.002680;0.048335;0.015904;0.063100;0.000000;0.015000;
10.002744;0.048061;0.015587;0.063025;0.000000;0.015000;
10.002809;0.047791;0.015277;0.062954;0.000000;0.015000;
10.002873;0.047523;0.014974;0.062888;0.000000;0.015000;
10.002938;0.047258;0.014678;0.062826;0.000000;0.015000;
10.003002;0.046995;0.014390;0.062770;0.000000;0.015000;
10.003066;0.046736;0.014109;0.062718;0.000000;0.015000;
10.003131;0.046479;0.013834;0.062671;0.000000;0.015000;
10.003195;0.046225;0.013568;0.062630;0.000000;0.015000;
10.003253;0.045999;0.013335;0.062599;0.000000;0.015000;
10.003311;0.045776;0.013108;0.062571;0.000000;0.015000;
10.003369;0.045555;0.012887;0.062548;0.000000;0.015000;
10.003427;0.045336;0.012671;0.062528;0.000000;0.015000;
10.003485;0.045119;0.012461;0.062511;0.000000;0.015000;
10.003543;0.044904;0.012256;0.062499;0.000000;0.015000;
10.003602;0.044691;0.012056;0.062489;0.000000;0.015000;
10.003660;0.044481;0.011862;0.062484;0.000000;0.015000;
10.003718;0.044272;0.011673;0.062482;0.000000;0.015000;
10.003776;0.044065;0.011490;0.062483;0.000000;0.015000;
10.003834;0.043861;0.011311;0.062488;0.000000;0.015000;
10.003892;0.043658;0.011138;0.062496;0.000000;0.015000;
10.003950;0.043458;0.010969;0.062508;0.000000;0.015000;
10.004066;0.043063;0.010648;0.062540;0.000000;0.015000;
10.004170;0.042715;0.010377;0.062583;0.000000;0.015000;
10.004264;0.042407;0.010149;0.062632;0.000000;0.015000;
10.004358;0.042105;0.009934;0.062691;0.000000;0.015000;
10.004452;0.041808;0.009733;0.062758;0.000000;0.015000;
10.004532;0.041560;0.009572;0.062821;0.000000;0.015000;
10.004612;0.041315;0.009420;0.062890;0.000000;0.015000;
10.004691;0.041074;0.009277;0.062965;0.000000;0.015000;
10.004771;0.040836;0.009143;0.063045;0.000000;0.015000;
10.004851;0.040602;0.009017;0.063130;0.000000;0.015000;
10.004931;0.040371;0.008901;0.063220;0.000000;0.015000;
10.005011;0.040144;0.008792;0.063316;0.000000;0.015000;
10.005091;0.039920;0.008693;0.063417;0.000000;0.015000;
10.005170;0.039699;0.008603;0.063525;0.000000;0.015000;
10.005250;0.039483;0.008523;0.063638;0.000000;0.015000;
10.005336;0.039254;0.008447;0.063767;0.000000;0.015000;
10.005422;0.039028;0.008381;0.063902;0.000000;0.015000;
10.005499;0.038828;0.008330;0.064028;0.000000;0.015000;
10.005577;0.038632;0.008287;0.064159;0.000000;0.015000;
10.005654;0.038438;0.008251;0.064293;0.000000;0.015000;
10.005732;0.038247;0.008222;0.064432;0.000000;0.015000;
10.005886;0.037875;0.008188;0.064721;0.000000;0.015000;
10.006041;0.037513;0.008182;0.065025;0.000000;0.015000;
10.006196;0.037164;0.008209;0.065348;0.000000;0.015000;
10.006327;0.036877;0.008257;0.065636;0.000000;0.015000;
10.006459;0.036598;0.008325;0.065935;0.000000;0.015000;
10.006564;0.036380;0.008396;0.066184;0.000000;0.015000;
10.006670;0.036166;0.008479;0.066438;0.000000;0.015000;
10.006776;0.035957;0.008575;0.066698;0.000000;0.015000;
10.006882;0.035753;0.008683;0.066963;0.000000;0.015000;
10.006940;0.035643;0.008748;0.067111;0.000000;0.015000;
10.006941;0.035642;0.008748;0.067112;0.000000;0.015000;
10.006941;0.035642;0.008748;0.067113;0.000000;0.015000;
10.006942;0.035641;0.008749;0.067114;0.000000;0.015000;
10.006943;0.035638;0.008751;0.067118;0.000000;0.015000;
10.006946;0.035633;0.008754;0.067124;0.000000;0.015000;
10.006951;0.035623;0.008760;0.067138;0.000000;0.015000;
10.006961;0.035604;0.008772;0.067165;0.000000;0.015000;
10.006982;0.035565;0.008797;0.067218;0.000000;0.015000;
10.007024;0.035487;0.008847;0.067327;0.000000;0.015000;
10.007108;0.035335;0.008955;0.067547;0.000000;0.015000;
10.007191;0.035185;0.009071;0.067771;0.000000;0.015000;
10.007359;0.034895;0.009329;0.068231;0.000000;0.015000;
10.007492;0.034673;0.009556;0.068606;0.000000;0.015000;
10.007612;0.034479;0.009776;0.068949;0.000000;0.015000;
10.007731;0.034291;0.010010;0.069298;0.000000;0.015000;
10.007851;0.034107;0.010258;0.069652;0.000000;0.015000;
10.007971;0.033929;0.010520;0.070010;0.000000;0.015000;
10.008094;0.033751;0.010805;0.070385;0.000000;0.015000;
10.008218;0.033580;0.011107;0.070767;0.000000;0.015000;
10.008341;0.033414;0.011426;0.071155;0.000000;0.015000;
10.008464;0.033254;0.011759;0.071548;0.000000;0.015000;
10.008575;0.033114;0.012071;0.071906;0.000000;0.015000;
10.008686;0.032979;0.012394;0.072267;0.000000;0.015000;
10.008797;0.032847;0.012727;0.072630;0.000000;0.015000;
10.008908;0.032720;0.013071;0.072996;0.000000;0.015000;
10.009053;0.032559;0.013536;0.073478;0.000000;0.015000;
10.009198;0.032406;0.014022;0.073967;0.000000;0.015000;
10.009343;0.032261;0.014528;0.074462;0.000000;0.015000;
10.009488;0.032122;0.015052;0.074961;0.000000;0.015000;
10.009618;0.032003;0.015535;0.075411;0.000000;0.015000;
10.009747;0.031889;0.016030;0.075862;0.000000;0.015000;
10.009877;0.031780;0.016538;0.076316;0.000000;0.015000;
10.010006;0.031676;0.017058;0.076771;0.000000;0.015000;
10.010136;0.031577;0.017592;0.077230;0.000000;0.015000;
10.010266;0.031484;0.018141;0.077692;0.000000;0.015000;
10.010395;0.031395;0.018703;0.078158;0.000000;0.015000;
10.010525;0.031311;0.019278;0.078625;0.000000;0.015000;
10.010654;0.031232;0.019863;0.079093;0.000000;0.015000;
10.010784;0.031157;0.020460;0.079562;0.000000;0.015000;
10.010913;0.031086;0.021066;0.080031;0.000000;0.015000;
10.011043;0.031020;0.021684;0.080502;0.000000;0.015000;
10.011173;0.030959;0.022313;0.080974;0.000000;0.015000;
10.011190;0.030951;0.022398;0.081037;0.000000;0.015000;
10.011190;0.030951;0.022399;0.081037;0.000000;0.015000;
10.011190;0.030951;0.022399;0.081038;0.000000;0.015000;
10.011190;0.030950;0.022400;0.081038;0.000000;0.015000;
10.011191;0.030950;0.022402;0.081040;0.000000;0.015000;
10.011191;0.030950;0.022406;0.081043;0.000000;0.015000;
10.011193;0.030949;0.022415;0.081049;0.000000;0.015000;
10.011197;0.030948;0.022432;0.081062;0.000000;0.015000;
10.011203;0.030945;0.022465;0.081087;0.000000;0.015000;
10.011217;0.030938;0.022532;0.081137;0.000000;0.015000;
10.011244;0.030926;0.022667;0.081236;0.000000;0.015000;
10.011299;0.030903;0.022939;0.081436;0.000000;0.015000;
10.011353;0.030880;0.023213;0.081636;0.000000;0.015000;
10.011462;0.030837;0.023766;0.082037;0.000000;0.015000;
10.011571;0.030797;0.024326;0.082438;0.000000;0.015000;
10.011680;0.030760;0.024892;0.082838;0.000000;0.015000;
10.011789;0.030725;0.025464;0.083238;0.000000;0.015000;
10.011898;0.030693;0.026041;0.083638;0.000000;0.015000;
10.012116;0.030638;0.027218;0.084439;0.000000;0.015000;
10.012289;0.030602;0.028176;0.085078;0.000000;0.015000;
10.012463;0.030573;0.029151;0.085717;0.000000;0.015000;
10.012619;0.030553;0.030040;0.086292;0.000000;0.015000;
10.012775;0.030538;0.030940;0.086865;0.000000;0.015000;
10.012931;0.030528;0.031849;0.087436;0.000000;0.015000;
10.013087;0.030522;0.032770;0.088007;0.000000;0.015000;
10.013243;0.030523;0.033703;0.088577;0.000000;0.015000;
10.013399;0.030528;0.034649;0.089148;0.000000;0.015000;
10.013555;0.030539;0.035604;0.089717;0.000000;0.015000;
10.013712;0.030554;0.036567;0.090283;0.000000;0.015000;
10.013868;0.030573;0.037538;0.090847;0.000000;0.015000;
10.014024;0.030597;0.038516;0.091409;0.000000;0.015000;
10.014180;0.030626;0.039505;0.091970;0.000000;0.015000;
10.014336;0.030659;0.040504;0.092530;0.000000;0.015000;
10.014492;0.030697;0.041511;0.093088;0.000000;0.015000;
10.014648;0.030739;0.042524;0.093643;0.000000;0.015000;
10.014804;0.030785;0.043542;0.094195;0.000000;0.015000;
10.014870;0.030806;0.043975;0.094428;0.000000;0.015000;
10.014870;0.030806;0.043976;0.094428;0.000000;0.015000;
10.014871;0.030806;0.043977;0.094429;0.000000;0.015000;
10.014871;0.030806;0.043978;0.094430;0.000000;0.015000;
10.014871;0.030806;0.043982;0.094432;0.000000;0.015000;
10.014872;0.030807;0.043990;0.094435;0.000000;0.015000;
10.014875;0.030807;0.044004;0.094443;0.000000;0.015000;
10.014875;0.030808;0.044008;0.094445;0.000000;0.015000;
10.014875;0.030808;0.044009;0.094446;0.000000;0.015000;
10.014876;0.030808;0.044010;0.094446;0.000000;0.015000;
10.014876;0.030808;0.044012;0.094447;0.000000;0.015000;
10.014876;0.030808;0.044015;0.094449;0.000000;0.015000;
10.014878;0.030808;0.044023;0.094453;0.000000;0.015000;
10.014880;0.030809;0.044037;0.094461;0.000000;0.015000;
10.014884;0.030810;0.044067;0.094477;0.000000;0.015000;
10.014893;0.030813;0.044126;0.094509;0.000000;0.015000;
10.014911;0.030819;0.044245;0.094572;0.000000;0.015000;
10.014948;0.030831;0.044482;0.094699;0.000000;0.015000;
10.015020;0.030855;0.044957;0.094952;0.000000;0.015000;
10.015164;0.030907;0.045914;0.095458;0.000000;0.015000;
10.015309;0.030962;0.046877;0.095962;0.000000;0.015000;
10.015453;0.031021;0.047846;0.096465;0.000000;0.015000;
10.015598;0.031083;0.048819;0.096964;0.000000;0.015000;
10.015742;0.031147;0.049795;0.097461;0.000000;0.015000;
10.015887;0.031215;0.050772;0.097954;0.000000;0.015000;
10.016031;0.031286;0.051753;0.098445;0.000000;0.015000;
10.016176;0.031360;0.052740;0.098933;0.000000;0.015000;
10.016287;0.031420;0.053504;0.099309;0.000000;0.015000;
10.016287;0.031420;0.053505;0.099310;0.000000;0.015000;
10.016288;0.031420;0.053506;0.099310;0.000000;0.015000;
10.016288;0.031420;0.053508;0.099311;0.000000;0.015000;
10.016288;0.031421;0.053512;0.099313;0.000000;0.015000;
10.016290;0.031421;0.053521;0.099318;0.000000;0.015000;
10.016292;0.031423;0.053538;0.099326;0.000000;0.015000;
10.016297;0.031425;0.053572;0.099343;0.000000;0.015000;
10.016307;0.031431;0.053641;0.099376;0.000000;0.015000;
10.016327;0.031442;0.053778;0.099443;0.000000;0.015000;
10.016367;0.031464;0.054052;0.099577;0.000000;0.015000;
10.016447;0.031508;0.054598;0.099843;0.000000;0.015000;
10.016607;0.031598;0.055685;0.100368;0.000000;0.015000;
10.016766;0.031690;0.056765;0.100886;0.000000;0.015000;
10.016926;0.031785;0.057837;0.101395;0.000000;0.015000;
10.017086;0.031882;0.058903;0.101897;0.000000;0.015000;
10.017088;0.031883;0.058915;0.101903;0.000000;0.015000;
10.017088;0.031883;0.058916;0.101903;0.000000;0.015000;
10.017088;0.031883;0.058917;0.101904;0.000000;0.015000;
10.017088;0.031883;0.058920;0.101905;0.000000;0.015000;
10.017089;0.031884;0.058924;0.101907;0.000000;0.015000;
10.017090;0.031884;0.058933;0.101911;0.000000;0.015000;
10.017093;0.031886;0.058951;0.101919;0.000000;0.015000;
10.017098;0.031889;0.058986;0.101936;0.000000;0.015000;
10.017109;0.031896;0.059057;0.101969;0.000000;0.015000;
10.017130;0.031909;0.059198;0.102035;0.000000;0.015000;
10.017173;0.031935;0.059480;0.102167;0.000000;0.015000;
10.017258;0.031988;0.060042;0.102429;0.000000;0.015000;
10.017343;0.032042;0.060602;0.102689;0.000000;0.015000;
10.017389;0.032072;0.060905;0.102828;0.000000;0.015000;
10.017389;0.032072;0.060906;0.102829;0.000000;0.015000;
10.017390;0.032072;0.060907;0.102829;0.000000;0.015000;
10.017390;0.032072;0.060909;0.102830;0.000000;0.015000;
10.017391;0.032073;0.060914;0.102833;0.000000;0.015000;
10.017392;0.032073;0.060923;0.102837;0.000000;0.015000;
10.017395;0.032075;0.060941;0.102845;0.000000;0.015000;
10.017400;0.032079;0.060976;0.102861;0.000000;0.015000;
10.017411;0.032086;0.061048;0.102894;0.000000;0.015000;
10.017433;0.032100;0.061190;0.102960;0.000000;0.015000;
10.017476;0.032128;0.061475;0.103091;0.000000;0.015000;
10.017563;0.032184;0.062042;0.103351;0.000000;0.015000;
10.017738;0.032299;0.063169;0.103865;0.000000;0.015000;
10.017912;0.032417;0.064287;0.104370;0.000000;0.015000;
10.018086;0.032537;0.065395;0.104866;0.000000;0.015000;
10.018260;0.032660;0.066494;0.105355;0.000000;0.015000;
10.018434;0.032784;0.067582;0.105835;0.000000;0.015000;
10.018608;0.032912;0.068661;0.106307;0.000000;0.015000;
10.018783;0.033041;0.069730;0.106771;0.000000;0.015000;
10.018822;0.033071;0.069970;0.106875;0.000000;0.015000;
10.018822;0.033071;0.069971;0.106875;0.000000;0.015000;
10.018822;0.033071;0.069972;0.106876;0.000000;0.015000;
10.018823;0.033072;0.069974;0.106877;0.000000;0.015000;
10.018823;0.033072;0.069979;0.106879;0.000000;0.015000;
10.018825;0.033073;0.069988;0.106883;0.000000;0.015000;
10.018828;0.033075;0.070006;0.106890;0.000000;0.015000;
10.018834;0.033080;0.070043;0.106906;0.000000;0.015000;
10.018846;0.033089;0.070116;0.106938;0.000000;0.015000;
10.018870;0.033107;0.070262;0.107001;0.000000;0.015000;
10.018918;0.033143;0.070553;0.107126;0.000000;0.015000;
10.019014;0.033214;0.071133;0.107375;0.000000;0.015000;
10.019206;0.033356;0.072282;0.107866;0.000000;0.015000;
10.019398;0.033494;0.073416;0.108348;0.000000;0.015000;
10.019590;0.033630;0.074536;0.108821;0.000000;0.015000;
10.019782;0.033764;0.075642;0.109284;0.000000;0.015000;
10.019974;0.033896;0.076733;0.109739;0.000000;0.015000;
10.020166;0.034025;0.077809;0.110186;0.000000;0.015000;
10.020358;0.034152;0.078872;0.110623;0.000000;0.015000;
10.020449;0.034212;0.079369;0.110827;0.000000;0.015000;
10.020449;0.034212;0.079370;0.110828;0.000000;0.015000;
10.020450;0.034212;0.079372;0.110828;0.000000;0.015000;
10.020450;0.034212;0.079374;0.110829;0.000000;0.015000;
10.020451;0.034213;0.079378;0.110831;0.000000;0.015000;
10.020452;0.034214;0.079387;0.110835;0.000000;0.015000;
10.020456;0.034216;0.079405;0.110842;0.000000;0.015000;
10.020462;0.034220;0.079441;0.110857;0.000000;0.015000;
10.020476;0.034229;0.079514;0.110887;0.000000;0.015000;
10.020502;0.034246;0.079658;0.110945;0.000000;0.015000;
10.020555;0.034280;0.079945;0.111063;0.000000;0.015000;
10.020661;0.034348;0.080516;0.111296;0.000000;0.015000;
10.020767;0.034415;0.081083;0.111527;0.000000;0.015000;
10.020978;0.034548;0.082204;0.111980;0.000000;0.015000;
10.021169;0.034665;0.083198;0.112381;0.000000;0.015000;
10.021268;0.034726;0.083711;0.112587;0.000000;0.015000;
10.021268;0.034726;0.083712;0.112587;0.000000;0.015000;
10.021269;0.034726;0.083713;0.112587;0.000000;0.015000;
10.021269;0.034726;0.083716;0.112588;0.000000;0.015000;
10.021270;0.034727;0.083720;0.112590;0.000000;0.015000;
10.021272;0.034728;0.083729;0.112594;0.000000;0.015000;
10.021275;0.034730;0.083747;0.112601;0.000000;0.015000;
10.021282;0.034734;0.083782;0.112615;0.000000;0.015000;
10.021296;0.034742;0.083854;0.112644;0.000000;0.015000;
10.021324;0.034759;0.083996;0.112700;0.000000;0.015000;
10.021379;0.034792;0.084279;0.112814;0.000000;0.015000;
10.021434;0.034826;0.084561;0.112926;0.000000;0.015000;
10.021545;0.034891;0.085122;0.113150;0.000000;0.015000;
10.021645;0.034950;0.085623;0.113349;0.000000;0.015000;
10.021745;0.035008;0.086120;0.113546;0.000000;0.015000;
10.021844;0.035066;0.086614;0.113741;0.000000;0.015000;
10.021944;0.035123;0.087103;0.113934;0.000000;0.015000;
10.022044;0.035179;0.087589;0.114125;0.000000;0.015000;
10.022144;0.035235;0.088072;0.114315;0.000000;0.015000;
10.022243;0.035291;0.088551;0.114502;0.000000;0.015000;
10.022343;0.035346;0.089026;0.114688;0.000000;0.015000;
10.022443;0.035401;0.089497;0.114871;0.000000;0.015000;
10.022543;0.035455;0.089965;0.115053;0.000000;0.015000;
10.022642;0.035509;0.090429;0.115234;0.000000;0.015000;
10.022742;0.035562;0.090890;0.115412;0.000000;0.015000;
10.022842;0.035615;0.091347;0.115588;0.000000;0.015000;
10.022942;0.035667;0.091801;0.115763;0.000000;0.015000;
10.023041;0.035719;0.092251;0.115936;0.000000;0.015000;
10.023141;0.035770;0.092697;0.116108;0.000000;0.015000;
10.023241;0.035821;0.093140;0.116278;0.000000;0.015000;
10.023341;0.035872;0.093580;0.116446;0.000000;0.015000;
10.023440;0.035922;0.094016;0.116612;0.000000;0.015000;
10.023640;0.036021;0.094878;0.116940;0.000000;0.015000;
10.023839;0.036118;0.095726;0.117261;0.000000;0.015000;
10.024039;0.036213;0.096560;0.117576;0.000000;0.015000;
10.024238;0.036307;0.097382;0.117885;0.000000;0.015000;
10.024438;0.036400;0.098190;0.118187;0.000000;0.015000;
10.024637;0.036490;0.098985;0.118484;0.000000;0.015000;
10.024837;0.036580;0.099767;0.118775;0.000000;0.015000;
10.025036;0.036667;0.100536;0.119060;0.000000;0.015000;
10.025236;0.036754;0.101293;0.119340;0.000000;0.015000;
10.025435;0.036838;0.102037;0.119614;0.000000;0.015000;
10.025635;0.036922;0.102769;0.119882;0.000000;0.015000;
10.025834;0.037004;0.103489;0.120146;0.000000;0.015000;
10.026034;0.037085;0.104196;0.120404;0.000000;0.015000;
10.026233;0.037164;0.104892;0.120657;0.000000;0.015000;
10.026433;0.037242;0.105577;0.120905;0.000000;0.015000;
10.026632;0.037319;0.106249;0.121148;0.000000;0.015000;
10.026854;0.037403;0.106984;0.121413;0.000000;0.015000;
10.027076;0.037485;0.107704;0.121672;0.000000;0.015000;
10.027297;0.037566;0.108411;0.121925;0.000000;0.015000;
10.027519;0.037645;0.109105;0.122173;0.000000;0.015000;
10.027741;0.037723;0.109785;0.122415;0.000000;0.015000;
10.027963;0.037800;0.110452;0.122652;0.000000;0.015000;
10.028184;0.037875;0.111107;0.122884;0.000000;0.015000;
10.028450;0.037963;0.111873;0.123155;0.000000;0.015000;
10.028715;0.038050;0.112622;0.123418;0.000000;0.015000;
10.029019;0.038147;0.113459;0.123712;0.000000;0.015000;
10.029323;0.038241;0.114274;0.123997;0.000000;0.015000;
10.029627;0.038333;0.115067;0.124273;0.000000;0.015000;
10.029931;0.038423;0.115838;0.124541;0.000000;0.015000;
10.030235;0.038511;0.116589;0.124802;0.000000;0.015000;
10.030539;0.038597;0.117320;0.125054;0.000000;0.015000;
10.030738;0.038653;0.117787;0.125215;0.000000;0.015000;
10.030738;0.038653;0.117788;0.125215;0.000000;0.015000;
10.030739;0.038653;0.117789;0.125216;0.000000;0.015000;
10.030740;0.038653;0.117791;0.125216;0.000000;0.015000;
10.030741;0.038654;0.117794;0.125217;0.000000;0.015000;
10.030744;0.038654;0.117802;0.125220;0.000000;0.015000;
10.030751;0.038656;0.117817;0.125225;0.000000;0.015000;
10.030764;0.038660;0.117846;0.125235;0.000000;0.015000;
10.030789;0.038667;0.117906;0.125256;0.000000;0.015000;
10.030840;0.038681;0.118024;0.125297;0.000000;0.015000;
10.030943;0.038709;0.118260;0.125377;0.000000;0.015000;
10.031148;0.038764;0.118724;0.125537;0.000000;0.015000;
10.031353;0.038818;0.119179;0.125693;0.000000;0.015000;
10.031558;0.038872;0.119626;0.125846;0.000000;0.015000;
10.031762;0.038924;0.120065;0.125995;0.000000;0.015000;
10.031967;0.038976;0.120496;0.126142;0.000000;0.015000;
10.032172;0.039027;0.120919;0.126286;0.000000;0.015000;
10.032377;0.039077;0.121334;0.126427;0.000000;0.015000;
10.032582;0.039127;0.121741;0.126565;0.000000;0.015000;
10.032596;0.039130;0.121769;0.126574;0.000000;0.015000;
10.032596;0.039130;0.121768;0.126574;0.000000;0.015000;
10.032597;0.039130;0.121764;0.126573;0.000000;0.015000;
10.032597;0.039130;0.121761;0.126572;0.000000;0.015000;
10.032598;0.039129;0.121754;0.126569;0.000000;0.015000;
10.032600;0.039128;0.121740;0.126565;0.000000;0.015000;
10.032603;0.039126;0.121713;0.126555;0.000000;0.015000;
10.032610;0.039121;0.121658;0.126536;0.000000;0.015000;
10.032624;0.039112;0.121549;0.126499;0.000000;0.015000;
10.032653;0.039094;0.121330;0.126424;0.000000;0.015000;
10.032709;0.039059;0.120892;0.126273;0.000000;0.015000;
10.032712;0.039057;0.120871;0.126266;0.000000;0.015000;
10.032713;0.039057;0.120867;0.126265;0.000000;0.015000;
10.032713;0.039056;0.120864;0.126264;0.000000;0.015000;
10.032714;0.039056;0.120857;0.126261;0.000000;0.015000;
10.032716;0.039055;0.120843;0.126256;0.000000;0.015000;
10.032719;0.039052;0.120815;0.126247;0.000000;0.015000;
10.032727;0.039048;0.120759;0.126228;0.000000;0.015000;
10.032741;0.039039;0.120648;0.126189;0.000000;0.015000;
10.032770;0.039020;0.120425;0.126113;0.000000;0.015000;
10.032827;0.038984;0.119980;0.125959;0.000000;0.015000;
10.032943;0.038910;0.119089;0.125651;0.000000;0.015000;
10.033058;0.038837;0.118199;0.125342;0.000000;0.015000;
10.033173;0.038763;0.117308;0.125032;0.000000;0.015000;
10.033245;0.038717;0.116756;0.124839;0.000000;0.015000;
10.033245;0.038717;0.116753;0.124838;0.000000;0.015000;
10.033246;0.038716;0.116749;0.124837;0.000000;0.015000;
10.033246;0.038716;0.116741;0.124834;0.000000;0.015000;
10.033248;0.038715;0.116726;0.124829;0.000000;0.015000;
10.033252;0.038712;0.116696;0.124818;0.000000;0.015000;
10.033260;0.038707;0.116635;0.124797;0.000000;0.015000;
10.033276;0.038697;0.116514;0.124755;0.000000;0.015000;
10.033307;0.038677;0.116272;0.124670;0.000000;0.015000;
10.033370;0.038636;0.115787;0.124500;0.000000;0.015000;
10.033496;0.038555;0.114818;0.124159;0.000000;0.015000;
10.033747;0.038392;0.112880;0.123475;0.000000;0.015000;
10.033997;0.038227;0.110944;0.122785;0.000000;0.015000;
10.034248;0.038061;0.109010;0.122091;0.000000;0.015000;
10.034499;0.037894;0.107077;0.121392;0.000000;0.015000;
10.034750;0.037726;0.105145;0.120688;0.000000;0.015000;
10.035001;0.037556;0.103217;0.119979;0.000000;0.015000;
10.035231;0.037400;0.101454;0.119326;0.000000;0.015000;
10.035232;0.037399;0.101449;0.119324;0.000000;0.015000;
10.035232;0.037399;0.101444;0.119323;0.000000;0.015000;
10.035234;0.037398;0.101435;0.119319;0.000000;0.015000;
10.035236;0.037396;0.101415;0.119312;0.000000;0.015000;
10.035241;0.037393;0.101377;0.119298;0.000000;0.015000;
10.035251;0.037386;0.101300;0.119269;0.000000;0.015000;
10.035271;0.037372;0.101145;0.119211;0.000000;0.015000;
10.035312;0.037345;0.100837;0.119096;0.000000;0.015000;
10.035392;0.037289;0.100219;0.118866;0.000000;0.015000;
10.035553;0.037179;0.098986;0.118404;0.000000;0.015000;
10.035690;0.037084;0.097936;0.118008;0.000000;0.015000;
10.035691;0.037083;0.097931;0.118006;0.000000;0.015000;
10.035692;0.037083;0.097926;0.118004;0.000000;0.015000;
10.035693;0.037082;0.097916;0.118001;0.000000;0.015000;
10.035695;0.037080;0.097896;0.117993;0.000000;0.015000;
10.035701;0.037077;0.097856;0.117978;0.000000;0.015000;
10.035711;0.037069;0.097777;0.117948;0.000000;0.015000;
10.035732;0.037055;0.097618;0.117888;0.000000;0.015000;
10.035773;0.037026;0.097300;0.117768;0.000000;0.015000;
10.035857;0.036968;0.096664;0.117527;0.000000;0.015000;
10.035940;0.036910;0.096029;0.117285;0.000000;0.015000;
10.036106;0.036794;0.094760;0.116800;0.000000;0.015000;
10.036256;0.036689;0.093618;0.116362;0.000000;0.015000;
10.036405;0.036583;0.092479;0.115922;0.000000;0.015000;
10.036555;0.036477;0.091340;0.115480;0.000000;0.015000;
10.036705;0.036371;0.090203;0.115036;0.000000;0.015000;
10.036854;0.036264;0.089068;0.114591;0.000000;0.015000;
10.037004;0.036156;0.087934;0.114144;0.000000;0.015000;
10.037153;0.036048;0.086801;0.113694;0.000000;0.015000;
10.037303;0.035939;0.085670;0.113243;0.000000;0.015000;
10.037453;0.035830;0.084541;0.112790;0.000000;0.015000;
10.037602;0.035721;0.083414;0.112335;0.000000;0.015000;
10.037669;0.035672;0.082916;0.112134;0.000000;0.015000;
10.037669;0.035672;0.082911;0.112132;0.000000;0.015000;
10.037670;0.035671;0.082906;0.112130;0.000000;0.015000;
10.037671;0.035671;0.082897;0.112126;0.000000;0.015000;
10.037674;0.035669;0.082879;0.112119;0.000000;0.015000;
10.037678;0.035665;0.082842;0.112104;0.000000;0.015000;
10.037688;0.035658;0.082768;0.112074;0.000000;0.015000;
10.037708;0.035643;0.082620;0.112014;0.000000;0.015000;
10.037747;0.035614;0.082324;0.111893;0.000000;0.015000;
10.037826;0.035556;0.081734;0.111653;0.000000;0.015000;
10.037983;0.035440;0.080554;0.111170;0.000000;0.015000;
10.038141;0.035323;0.079376;0.110685;0.000000;0.015000;
10.038455;0.035088;0.077028;0.109708;0.000000;0.015000;
10.038738;0.034874;0.074922;0.108822;0.000000;0.015000;
10.039021;0.034658;0.072825;0.107928;0.000000;0.015000;
10.039304;0.034441;0.070737;0.107028;0.000000;0.015000;
10.039588;0.034222;0.068658;0.106121;0.000000;0.015000;
10.039871;0.034000;0.066588;0.105207;0.000000;0.015000;
10.040154;0.033777;0.064529;0.104285;0.000000;0.015000;
10.040437;0.033553;0.062481;0.103356;0.000000;0.015000;
10.040720;0.033326;0.060444;0.102420;0.000000;0.015000;
10.041003;0.033097;0.058419;0.101477;0.000000;0.015000;
10.041286;0.032867;0.056406;0.100527;0.000000;0.015000;
10.041569;0.032634;0.054406;0.099569;0.000000;0.015000;
10.041853;0.032400;0.052419;0.098603;0.000000;0.015000;
10.042136;0.032164;0.050446;0.097630;0.000000;0.015000;
10.042394;0.031946;0.048659;0.096735;0.000000;0.015000;
10.042394;0.031946;0.048656;0.096734;0.000000;0.015000;
10.042395;0.031946;0.048653;0.096732;0.000000;0.015000;
10.042396;0.031945;0.048647;0.096729;0.000000;0.015000;
10.042397;0.031943;0.048635;0.096723;0.000000;0.015000;
10.042401;0.031941;0.048611;0.096711;0.000000;0.015000;
10.042408;0.031935;0.048564;0.096687;0.000000;0.015000;
10.042422;0.031923;0.048468;0.096639;0.000000;0.015000;
10.042449;0.031899;0.048278;0.096543;0.000000;0.015000;
10.042505;0.031851;0.047897;0.096351;0.000000;0.015000;
10.042560;0.031802;0.047516;0.096158;0.000000;0.015000;
10.042670;0.031700;0.046755;0.095771;0.000000;0.015000;
10.042770;0.031605;0.046071;0.095421;0.000000;0.015000;
10.042869;0.031506;0.045387;0.095070;0.000000;0.015000;
10.042950;0.031424;0.044833;0.094785;0.000000;0.015000;
10.042950;0.031424;0.044830;0.094784;0.000000;0.015000;
10.042951;0.031423;0.044827;0.094782;0.000000;0.015000;
10.042952;0.031422;0.044822;0.094779;0.000000;0.015000;
10.042953;0.031421;0.044810;0.094773;0.000000;0.015000;
10.042957;0.031417;0.044787;0.094762;0.000000;0.015000;
10.042963;0.031410;0.044742;0.094738;0.000000;0.015000;
10.042977;0.031397;0.044650;0.094691;0.000000;0.015000;
10.043003;0.031369;0.044467;0.094596;0.000000;0.015000;
10.043057;0.031312;0.044102;0.094407;0.000000;0.015000;
10.043163;0.031197;0.043371;0.094028;0.000000;0.015000;
10.043292;0.031052;0.042490;0.093568;0.000000;0.015000;
10.043292;0.031052;0.042487;0.093566;0.000000;0.015000;
10.043293;0.031051;0.042484;0.093565;0.000000;0.015000;
10.043294;0.031050;0.042479;0.093562;0.000000;0.015000;
10.043295;0.031049;0.042468;0.093556;0.000000;0.015000;
10.043298;0.031045;0.042446;0.093544;0.000000;0.015000;
10.043305;0.031037;0.042401;0.093521;0.000000;0.015000;
10.043318;0.031022;0.042312;0.093475;0.000000;0.015000;
10.043344;0.030992;0.042134;0.093381;0.000000;0.015000;
10.043396;0.030931;0.041778;0.093194;0.000000;0.015000;
10.043500;0.030807;0.041067;0.092819;0.000000;0.015000;
10.043604;0.030680;0.040357;0.092443;0.000000;0.015000;
10.043708;0.030548;0.039648;0.092066;0.000000;0.015000;
10.043812;0.030414;0.038940;0.091687;0.000000;0.015000;
10.043916;0.030276;0.038233;0.091307;0.000000;0.015000;
10.044021;0.030135;0.037528;0.090925;0.000000;0.015000;
10.044125;0.029991;0.036823;0.090543;0.000000;0.015000;
10.044229;0.029843;0.036120;0.090158;0.000000;0.015000;
10.044437;0.029538;0.034717;0.089386;0.000000;0.015000;
10.044604;0.029285;0.033595;0.088762;0.000000;0.015000;
10.044604;0.029283;0.033592;0.088761;0.000000;0.015000;
10.044605;0.029281;0.033589;0.088759;0.000000;0.015000;
10.044605;0.029277;0.033583;0.088756;0.000000;0.015000;
10.044607;0.029270;0.033570;0.088750;0.000000;0.015000;
10.044610;0.029256;0.033546;0.088738;0.000000;0.015000;
10.044616;0.029227;0.033498;0.088715;0.000000;0.015000;
10.044628;0.029170;0.033400;0.088667;0.000000;0.015000;
10.044652;0.029055;0.033206;0.088572;0.000000;0.015000;
10.044700;0.028825;0.032819;0.088382;0.000000;0.015000;
10.044748;0.028595;0.032433;0.088192;0.000000;0.015000;
10.044796;0.028364;0.032048;0.088002;0.000000;0.015000;
10.044844;0.028133;0.031665;0.087812;0.000000;0.015000;
10.044891;0.027902;0.031283;0.087622;0.000000;0.015000;
10.044939;0.027670;0.030903;0.087433;0.000000;0.015000;
10.044987;0.027438;0.030524;0.087243;0.000000;0.015000;
10.045035;0.027205;0.030146;0.087053;0.000000;0.015000;
10.045083;0.026972;0.029769;0.086863;0.000000;0.015000;
10.045131;0.026738;0.029395;0.086673;0.000000;0.015000;
10.045179;0.026505;0.029021;0.086483;0.000000;0.015000;
10.045227;0.026271;0.028649;0.086293;0.000000;0.015000;
10.045275;0.026036;0.028279;0.086103;0.000000;0.015000;
10.045323;0.025801;0.027910;0.085914;0.000000;0.015000;
10.045371;0.025566;0.027542;0.085724;0.000000;0.015000;
10.045419;0.025330;0.027176;0.085534;0.000000;0.015000;
10.045466;0.025094;0.026811;0.085345;0.000000;0.015000;
10.045562;0.024621;0.026087;0.084966;0.000000;0.015000;
10.045649;0.024194;0.025440;0.084625;0.000000;0.015000;
10.045735;0.023766;0.024799;0.084285;0.000000;0.015000;
10.045821;0.023336;0.024162;0.083945;0.000000;0.015000;
10.045907;0.022906;0.023531;0.083605;0.000000;0.015000;
10.045993;0.022474;0.022906;0.083266;0.000000;0.015000;
10.046080;0.022042;0.022285;0.082927;0.000000;0.015000;
10.046166;0.021608;0.021671;0.082589;0.000000;0.015000;
10.046252;0.021173;0.021061;0.082251;0.000000;0.015000;
10.046338;0.020737;0.020458;0.081914;0.000000;0.015000;
10.046425;0.020301;0.019860;0.081577;0.000000;0.015000;
10.046597;0.019424;0.018682;0.080906;0.000000;0.015000;
10.046770;0.018543;0.017528;0.080238;0.000000;0.015000;
10.046942;0.017659;0.016399;0.079573;0.000000;0.015000;
10.047115;0.016772;0.015294;0.078912;0.000000;0.015000;
10.047287;0.015880;0.014216;0.078255;0.000000;0.015000;
10.047460;0.014986;0.013163;0.077603;0.000000;0.015000;
10.047805;0.013189;0.011138;0.076313;0.000000;0.015000;
10.048150;0.011381;0.009225;0.075045;0.000000;0.015000;
10.048495;0.009565;0.007426;0.073803;0.000000;0.015000;
10.048840;0.007742;0.005745;0.072591;0.000000;0.015000;
10.049185;0.005914;0.004185;0.071410;0.000000;0.015000;
10.049522;0.004122;0.002777;0.070289;0.000000;0.015000;
10.049522;0.004121;0.002777;0.070288;0.000000;0.015000;
10.049523;0.004120;0.002776;0.070288;0.000000;0.015000;
10.049523;0.004118;0.002774;0.070286;0.000000;0.015000;
10.049524;0.004114;0.002771;0.070284;0.000000;0.015000;
10.049525;0.004106;0.002765;0.070279;0.000000;0.015000;
10.049528;0.004090;0.002753;0.070269;0.000000;0.015000;
10.049534;0.004058;0.002730;0.070250;0.000000;0.015000;
10.049546;0.003994;0.002682;0.070211;0.000000;0.015000;
10.049570;0.003867;0.002587;0.070132;0.000000;0.015000;
10.049618;0.003612;0.002399;0.069977;0.000000;0.015000;
10.049714;0.003103;0.002031;0.069668;0.000000;0.015000;
10.049906;0.002084;0.001324;0.069060;0.000000;0.015000;
10.050098;0.001065;0.000657;0.068465;0.000000;0.015000;
10.050290;0.000048;0.000029;0.067884;0.000000;0.015000;
10.050302;0.000000;0.000000;0.067857;0.000000;0.015000;
10.050303;0.000000;0.000000;0.067857;0.000000;0.015000;
10.050305;0.000000;0.000000;0.067857;0.000000;0.015000;
10.050307;0.000000;0.000000;0.067857;0.000000;0.015000;
10.050313;0.000000;0.000000;0.067857;0.000000;0.015000;
10.050323;0.000000;0.000000;0.067857;0.000000;0.015000;
10.050345;0.000000;0.000000;0.067857;0.000000;0.015000;
10.050366;0.000000;0.000000;0.067857;0.000000;0.015000;
10.050410;0.000000;0.000000;0.067857;0.000000;0.015000;
10.050448;0.000000;0.000000;0.067857;0.000000;0.015000;
10.050487;0.000000;0.000000;0.067857;0.000000;0.015000;
10.050526;0.000000;0.000000;0.067857;0.000000;0.015000;
10.050565;0.000000;0.000000;0.067857;0.000000;0.015000;
10.050603;0.000000;0.000000;0.067857;0.000000;0.015000;
10.050642;0.000000;0.000000;0.067857;0.000000;0.015000;
10.050681;0.000000;0.000000;0.067857;0.000000;0.015000;
10.050720;0.000000;0.000000;0.067857;0.000000;0.015000;
10.050759;0.000000;0.000000;0.067857;0.000000;0.015000;
10.050797;0.000000;0.000000;0.067857;0.000000;0.015000;
10.050836;0.000000;0.000000;0.067857;0.000000;0.015000;
10.050875;0.000000;0.000000;0.067857;0.000000;0.015000;
10.050914;0.000000;0.000000;0.067857;0.000000;0.015000;
10.050953;0.000000;0.000000;0.067857;0.000000;0.015000;
10.050991;0.000000;0.000000;0.067857;0.000000;0.015000;
10.051030;0.000000;0.000000;0.067857;0.000000;0.015000;
10.051069;0.000000;0.000000;0.067857;0.000000;0.015000;
10.051108;0.000000;0.000000;0.067857;0.000000;0.015000;
10.051146;0.000000;0.000000;0.067857;0.000000;0.015000;
10.051185;0.000000;0.000000;0.067857;0.000000;0.015000;
10.051224;0.000000;0.000000;0.067857;0.000000;0.015000;
10.051263;0.000000;0.000000;0.067857;0.000000;0.015000;
10.051302;0.000000;0.000000;0.067857;0.000000;0.015000;
10.051340;0.000000;0.000000;0.067857;0.000000;0.015000;
10.051418;0.000000;0.000000;0.067857;0.000000;0.015000;
10.051488;0.000000;0.000000;0.067857;0.000000;0.015000;
10.051558;0.000000;0.000000;0.067857;0.000000;0.015000;
10.051627;0.000000;0.000000;0.067857;0.000000;0.015000;
10.051697;0.000000;0.000000;0.067857;0.000000;0.015000;
10.051767;0.000000;0.000000;0.067857;0.000000;0.015000;
10.051837;0.000000;0.000000;0.067857;0.000000;0.015000;
10.051907;0.000000;0.000000;0.067857;0.000000;0.015000;
10.051976;0.000000;0.000000;0.067857;0.000000;0.015000;
10.052046;0.000000;0.000000;0.067857;0.000000;0.015000;
10.052116;0.000000;0.000000;0.067857;0.000000;0.015000;
10.052186;0.000000;0.000000;0.067857;0.000000;0.015000;
10.052256;0.000000;0.000000;0.067857;0.000000;0.015000;
10.052395;0.000000;0.000000;0.067857;0.000000;0.015000;
10.052521;0.000000;0.000000;0.067857;0.000000;0.015000;
10.052647;0.000000;0.000000;0.067857;0.000000;0.015000;
10.052691;0.000000;0.000000;0.067857;0.000000;0.015000;
10.052692;0.000000;0.000000;0.067857;0.000000;0.015000;
10.052693;0.000000;0.000000;0.067857;0.000000;0.015000;
10.052694;0.000000;0.000000;0.067857;0.000000;0.015000;
10.052698;0.000000;0.000000;0.067857;0.000000;0.015000;
10.052704;0.000000;0.000000;0.067857;0.000000;0.015000;
10.052717;0.000000;0.000000;0.067857;0.000000;0.015000;
10.052742;0.000000;0.000000;0.067857;0.000000;0.015000;
10.052793;0.000000;0.000000;0.067857;0.000000;0.015000;
10.052896;0.000000;0.000000;0.067857;0.000000;0.015000;
10.052998;0.000000;0.000000;0.067857;0.000000;0.015000;
10.053100;0.000000;0.000000;0.067857;0.000000;0.015000;
10.053203;0.000000;0.000000;0.067857;0.000000;0.015000;
10.053305;0.000000;0.000000;0.067857;0.000000;0.015000;
10.053407;0.000000;0.000000;0.067857;0.000000;0.015000;
10.053509;0.000000;0.000000;0.067857;0.000000;0.015000;
10.053612;0.000000;0.000000;0.067857;0.000000;0.015000;
10.053816;0.000000;0.000000;0.067857;0.000000;0.015000;
10.054021;0.000000;0.000000;0.067857;0.000000;0.015000;
10.054225;0.000000;0.000000;0.067857;0.000000;0.015000;
10.054430;0.000000;0.000000;0.067857;0.000000;0.015000;
10.054634;0.000000;0.000000;0.067857;0.000000;0.015000;
10.054839;0.000000;0.000000;0.067857;0.000000;0.015000;
10.055043;0.000000;0.000000;0.067857;0.000000;0.015000;
10.055248;0.000000;0.000000;0.067857;0.000000;0.015000;
10.055453;0.000000;0.000000;0.067857;0.000000;0.015000;
10.055657;0.000000;0.000000;0.067857;0.000000;0.015000;
10.055862;0.000000;0.000000;0.067857;0.000000;0.015000;
10.056066;0.000000;0.000000;0.067857;0.000000;0.015000;
10.056475;0.000000;0.000000;0.067857;0.000000;0.015000;
10.056844;0.000000;0.000000;0.067857;0.000000;0.015000;
10.057212;0.000000;0.000000;0.067857;0.000000;0.015000;
10.057580;0.000000;0.000000;0.067857;0.000000;0.015000;
10.057948;0.000000;0.000000;0.067857;0.000000;0.015000;
10.058316;0.000000;0.000000;0.067857;0.000000;0.015000;
10.058684;0.000000;0.000000;0.067857;0.000000;0.015000;
10.059053;0.000000;0.000000;0.067857;0.000000;0.015000;
10.059421;0.000000;0.000000;0.067857;0.000000;0.015000;
10.059789;0.000000;0.000000;0.067857;0.000000;0.015000;
10.060157;0.000000;0.000000;0.067857;0.000000;0.015000;
10.060525;0.000000;0.000000;0.067857;0.000000;0.015000;
10.060894;0.000000;0.000000;0.067857;0.000000;0.015000;
10.061262;0.000000;0.000000;0.067857;0.000000;0.015000;
10.061630;0.000000;0.000000;0.067857;0.000000;0.015000;
10.061998;0.000000;0.000000;0.067857;0.000000;0.015000;
10.062366;0.000000;0.000000;0.067857;0.000000;0.015000;
10.062735;0.000000;0.000000;0.067857;0.000000;0.015000;
10.063103;0.000000;0.000000;0.067857;0.000000;0.015000;
10.063471;0.000000;0.000000;0.067857;0.000000;0.015000;
10.063839;0.000000;0.000000;0.067857;0.000000;0.015000;
10.064207;0.000000;0.000000;0.067857;0.000000;0.015000;
10.064576;0.000000;0.000000;0.067857;0.000000;0.015000;
10.064944;0.000000;0.000000;0.067857;0.000000;0.015000;
10.065312;0.000000;0.000000;0.067857;0.000000;0.015000;
10.065680;0.000000;0.000000;0.067857;0.000000;0.015000;
10.066048;0.000000;0.000000;0.067857;0.000000;0.015000;
10.066416;0.000000;0.000000;0.067857;0.000000;0.015000;
10.066785;0.000000;0.000000;0.067857;0.000000;0.015000;
10.067153;0.000000;0.000000;0.067857;0.000000;0.015000;
10.067521;0.000000;0.000000;0.067857;0.000000;0.015000;
10.067889;0.000000;0.000000;0.067857;0.000000;0.015000;
10.068257;0.000000;0.000000;0.067857;0.000000;0.015000;
10.068626;0.000000;0.000000;0.067857;0.000000;0.015000;
10.068994;0.000000;0.000000;0.067857;0.000000;0.015000;
10.069362;0.000000;0.000000;0.067857;0.000000;0.015000;
10.069730;0.000000;0.000000;0.067857;0.000000;0.015000;
10.070098;0.000000;0.000000;0.067857;0.000000;0.015000;
10.070467;0.000000;0.000000;0.067857;0.000000;0.015000;
10.070835;0.000000;0.000000;0.067857;0.000000;0.015000;
10.071203;0.000000;0.000000;0.067857;0.000000;0.015000;
10.071571;0.000000;0.000000;0.067857;0.000000;0.015000;
10.071939;0.000000;0.000000;0.067857;0.000000;0.015000;
10.072308;0.000000;0.000000;0.067857;0.000000;0.015000;
10.072676;0.000000;0.000000;0.067857;0.000000;0.015000;
10.073044;0.000000;0.000000;0.067857;0.000000;0.015000;
10.073412;0.000000;0.000000;0.067857;0.000000;0.015000;
10.073780;0.000000;0.000000;0.067857;0.000000;0.015000;
10.074148;0.000000;0.000000;0.067857;0.000000;0.015000;
10.074517;0.000000;0.000000;0.067857;0.000000;0.015000;
10.074885;0.000000;0.000000;0.067857;0.000000;0.015000;
10.075253;0.000000;0.000000;0.067857;0.000000;0.015000;
10.075989;0.000000;0.000000;0.067857;0.000000;0.015000;
10.076652;0.000000;0.000000;0.067857;0.000000;0.015000;
10.077315;0.000000;0.000000;0.067857;0.000000;0.015000;
10.077978;0.000000;0.000000;0.067857;0.000000;0.015000;
10.078640;0.000000;0.000000;0.067857;0.000000;0.015000;
10.079303;0.000000;0.000000;0.067857;0.000000;0.015000;
10.079966;0.000000;0.000000;0.067857;0.000000;0.015000;
10.080629;0.000000;0.000000;0.067857;0.000000;0.015000;
10.081291;0.000000;0.000000;0.067857;0.000000;0.015000;
10.081954;0.000000;0.000000;0.067857;0.000000;0.015000;
10.082617;0.000000;0.000000;0.067857;0.000000;0.015000;
10.083280;0.000000;0.000000;0.067857;0.000000;0.015000;
10.083942;0.000000;0.000000;0.067857;0.000000;0.015000;
10.084605;0.000000;0.000000;0.067857;0.000000;0.015000;
10.085268;0.000000;0.000000;0.067857;0.000000;0.015000;
10.085931;0.000000;0.000000;0.067857;0.000000;0.015000;
10.086593;0.000000;0.000000;0.067857;0.000000;0.015000;
10.087256;0.000000;0.000000;0.067857;0.000000;0.015000;
10.087919;0.000000;0.000000;0.067857;0.000000;0.015000;
10.088582;0.000000;0.000000;0.067857;0.000000;0.015000;
10.089244;0.000000;0.000000;0.067857;0.000000;0.015000;
10.089907;0.000000;0.000000;0.067857;0.000000;0.015000;
10.090570;0.000000;0.000000;0.067857;0.000000;0.015000;
10.091233;0.000000;0.000000;0.067857;0.000000;0.015000;
10.091895;0.000000;0.000000;0.067857;0.000000;0.015000;
10.092558;0.000000;0.000000;0.067857;0.000000;0.015000;
10.093221;0.000000;0.000000;0.067857;0.000000;0.015000;
10.093883;0.000000;0.000000;0.067857;0.000000;0.015000;
10.095209;0.000000;0.000000;0.067857;0.000000;0.015000;
10.096402;0.000000;0.000000;0.067857;0.000000;0.015000;
10.097595;0.000000;0.000000;0.067857;0.000000;0.015000;
10.098788;0.000000;0.000000;0.067857;0.000000;0.015000;
10.099981;0.000000;0.000000;0.067857;0.000000;0.015000;
10.101174;0.000000;0.000000;0.067857;0.000000;0.015000;
10.102367;0.000000;0.000000;0.067857;0.000000;0.015000;
10.103560;0.000000;0.000000;0.067857;0.000000;0.015000;
10.104752;0.000000;0.000000;0.067857;0.000000;0.015000;
10.105945;0.000000;0.000000;0.067857;0.000000;0.015000;
10.107138;0.000000;0.000000;0.067857;0.000000;0.015000;
10.108331;0.000000;0.000000;0.067857;0.000000;0.015000;
10.109524;0.000000;0.000000;0.067857;0.000000;0.015000;
10.110717;0.000000;0.000000;0.067857;0.000000;0.015000;
10.111910;0.000000;0.000000;0.067857;0.000000;0.015000;
10.113103;0.000000;0.000000;0.067857;0.000000;0.015000;
10.115489;0.000000;0.000000;0.067857;0.000000;0.015000;
10.117636;0.000000;0.000000;0.067857;0.000000;0.015000;
10.119783;0.000000;0.000000;0.067857;0.000000;0.015000;
10.121931;0.000000;0.000000;0.067857;0.000000;0.015000;
10.124078;0.000000;0.000000;0.067857;0.000000;0.015000;
10.126225;0.000000;0.000000;0.067857;0.000000;0.015000;
10.128373;0.000000;0.000000;0.067857;0.000000;0.015000;
10.130520;0.000000;0.000000;0.067857;0.000000;0.015000;
10.132667;0.000000;0.000000;0.067857;0.000000;0.015000;
10.136962;0.000000;0.000000;0.067857;0.000000;0.015000;
10.141256;0.000000;0.000000;0.067857;0.000000;0.015000;
10.145551;0.000000;0.000000;0.067857;0.000000;0.015000;
10.149846;0.000000;0.000000;0.067857;0.000000;0.015000;
10.149998;0.000000;0.000000;0.067857;0.000000;0.015000;
10.150023;0.000000;0.000000;0.067971;0.000000;0.015027;
10.150049;0.000000;0.000000;0.068095;0.000000;0.015056;
10.150099;0.000000;0.000000;0.068342;0.000000;0.015114;
10.150150;0.000000;0.000000;0.068589;0.000000;0.015173;
10.150159;0.000000;0.000000;0.068634;0.000000;0.015183;
10.150173;0.000000;0.000000;0.068705;0.000000;0.015200;
10.150188;0.000000;0.000000;0.068777;0.000000;0.015217;
10.150218;0.000000;0.000000;0.068921;0.000000;0.015251;
10.150276;0.000000;0.000000;0.069208;0.000000;0.015319;
10.150394;0.000000;0.000000;0.069782;0.000000;0.015455;
10.150512;0.000000;0.000000;0.070356;0.000000;0.015591;
10.150629;0.000000;0.000000;0.070929;0.000000;0.015727;
10.150747;0.000000;0.000000;0.071501;0.000000;0.015863;
10.150865;0.000000;0.000000;0.072073;0.000000;0.015999;
10.150982;0.000000;0.000000;0.072643;0.000000;0.016135;
10.151218;0.000000;0.000000;0.073783;0.000000;0.016406;
10.151453;0.000000;0.000000;0.074921;0.000000;0.016678;
10.151688;0.000000;0.000000;0.076055;0.000000;0.016950;
10.152159;0.000000;0.000000;0.078317;0.000000;0.017494;
10.152630;0.000000;0.000000;0.080568;0.000000;0.018037;
10.153100;0.000000;0.000000;0.082810;0.000000;0.018581;
10.153571;0.000000;0.000000;0.085041;0.000000;0.019124;
10.154041;0.000000;0.000000;0.087262;0.000000;0.019668;
10.154512;0.000000;0.000000;0.089473;0.000000;0.020211;
10.154983;0.000000;0.000000;0.091675;0.000000;0.020755;
10.155453;0.000000;0.000000;0.093867;0.000000;0.021299;
10.155924;0.000000;0.000000;0.096049;0.000000;0.021842;
10.156395;0.000000;0.000000;0.098221;0.000000;0.022386;
10.156865;0.000000;0.000000;0.100383;0.000000;0.022929;
10.157336;0.000000;0.000000;0.102537;0.000000;0.023473;
10.157806;0.000000;0.000000;0.104680;0.000000;0.024016;
10.158277;0.000000;0.000000;0.106814;0.000000;0.024560;
10.158748;0.000000;0.000000;0.108939;0.000000;0.025104;
10.159218;0.000000;0.000000;0.111055;0.000000;0.025647;
10.159689;0.000000;0.000000;0.113161;0.000000;0.026191;
10.160160;0.000000;0.000000;0.115258;0.000000;0.026734;
10.160630;0.000000;0.000000;0.117346;0.000000;0.027278;
10.161571;0.000000;0.000000;0.121495;0.000000;0.028365;
10.162419;0.000000;0.000000;0.125199;0.000000;0.029343;
10.163266;0.000000;0.000000;0.128874;0.000000;0.030322;
10.163527;0.000000;0.000000;0.130000;0.000000;0.030623;
10.163528;0.000000;0.000000;0.130007;0.000000;0.030625;
10.163530;0.000000;0.000000;0.130014;0.000000;0.030627;
10.163533;0.000000;0.000000;0.130029;0.000000;0.030631;
10.163540;0.000000;0.000000;0.130058;0.000000;0.030639;
10.163554;0.000000;0.000000;0.130116;0.000000;0.030654;
10.163580;0.000000;0.000000;0.130232;0.000000;0.030685;
10.163634;0.000000;0.000000;0.130464;0.000000;0.030748;
10.163742;0.000000;0.000000;0.130927;0.000000;0.030872;
10.163957;0.000000;0.000000;0.131853;0.000000;0.031121;
10.164388;0.000000;0.000000;0.133699;0.000000;0.031618;
10.164442;0.000000;0.000000;0.133929;0.000000;0.031680;
10.164512;0.000000;0.000000;0.134229;0.000000;0.031761;
10.164514;0.000000;0.000000;0.134236;0.000000;0.031763;
10.164515;0.000000;0.000000;0.134243;0.000000;0.031765;
10.164519;0.000000;0.000000;0.134257;0.000000;0.031769;
10.164525;0.000000;0.000000;0.134285;0.000000;0.031777;
10.164534;0.000000;0.000000;0.134321;0.000000;0.031786;
10.164534;0.000000;0.000000;0.134324;0.000000;0.031787;
10.164535;0.000000;0.000000;0.134326;0.000000;0.031788;
10.164536;0.000000;0.000000;0.134330;0.000000;0.031789;
10.164538;0.000000;0.000000;0.134339;0.000000;0.031791;
10.164542;0.000000;0.000000;0.134357;0.000000;0.031796;
10.164551;0.000000;0.000000;0.134393;0.000000;0.031806;
10.164567;0.000000;0.000000;0.134466;0.000000;0.031825;
10.164583;0.000000;0.000000;0.134532;0.000000;0.031843;
10.164583;0.000000;-0.000000;0.134532;0.000000;0.031843;
10.164583;0.000000;0.000000;0.134534;0.000000;0.031844;
10.164584;-0.000000;-0.000000;0.134536;0.000000;0.031844;
10.164585;0.000000;-0.000000;0.134541;0.000000;0.031846;
10.164586;0.000000;0.000000;0.134543;0.000000;0.031846;
10.164586;0.000000;-0.000000;0.134543;0.000000;0.031846;
10.164586;0.000000;0.000000;0.134543;0.000000;0.031846;
10.164586;0.000001;0.000004;0.134547;0.000000;0.031847;
10.164587;0.000002;0.000008;0.134552;0.000000;0.031848;
10.164588;0.000005;0.000018;0.134562;0.000000;0.031849;
10.164590;0.000010;0.000037;0.134583;0.000000;0.031851;
10.164594;0.000020;0.000075;0.134623;0.000000;0.031856;
10.164602;0.000038;0.000145;0.134696;0.000000;0.031865;
10.164602;0.000039;0.000149;0.134701;0.000000;0.031866;
10.164603;0.000040;0.000154;0.134706;0.000000;0.031866;
10.164604;0.000043;0.000164;0.134716;0.000000;0.031867;
10.164606;0.000048;0.000183;0.134736;0.000000;0.031870;
10.164610;0.000057;0.000221;0.134776;0.000000;0.031875;
10.164619;0.000077;0.000298;0.134857;0.000000;0.031885;
10.164636;0.000118;0.000452;0.135017;0.000000;0.031904;
10.164669;0.000199;0.000762;0.135340;0.000000;0.031943;
10.164692;0.000255;0.000976;0.135561;0.000000;0.031970;
10.164693;0.000257;0.000981;0.135566;0.000000;0.031970;
10.164694;0.000258;0.000986;0.135571;0.000000;0.031971;
10.164695;0.000261;0.000996;0.135581;0.000000;0.031972;
10.164697;0.000266;0.001016;0.135602;0.000000;0.031975;
10.164697;0.000267;0.001022;0.135608;0.000000;0.031975;
10.164698;0.000269;0.001027;0.135613;0.000000;0.031976;
10.164698;0.000270;0.001032;0.135618;0.000000;0.031977;
10.164699;0.000273;0.001041;0.135628;0.000000;0.031978;
10.164702;0.000278;0.001061;0.135648;0.000000;0.031980;
10.164706;0.000288;0.001100;0.135689;0.000000;0.031985;
10.164714;0.000309;0.001179;0.135769;0.000000;0.031995;
10.164731;0.000350;0.001337;0.135931;0.000000;0.032014;
10.164742;0.000378;0.001441;0.136038;0.000000;0.032027;
10.164743;0.000379;0.001446;0.136043;0.000000;0.032028;
10.164743;0.000380;0.001451;0.136048;0.000000;0.032028;
10.164744;0.000383;0.001461;0.136058;0.000000;0.032029;
10.164746;0.000388;0.001481;0.136078;0.000000;0.032032;
10.164750;0.000398;0.001520;0.136118;0.000000;0.032037;
10.164759;0.000419;0.001599;0.136199;0.000000;0.032046;
10.164775;0.000460;0.001758;0.136360;0.000000;0.032066;
10.164809;0.000543;0.002079;0.136684;0.000000;0.032104;
10.164876;0.000708;0.002731;0.137335;0.000000;0.032181;
10.164942;0.000874;0.003398;0.137991;0.000000;0.032259;
10.165009;0.001041;0.004079;0.138652;0.000000;0.032336;
10.165076;0.001208;0.004774;0.139317;0.000000;0.032413;
10.165143;0.001376;0.005485;0.139988;0.000000;0.032490;
10.165210;0.001544;0.006211;0.140664;0.000000;0.032567;
10.165268;0.001692;0.006858;0.141259;0.000000;0.032635;
10.165269;0.001693;0.006863;0.141263;0.000000;0.032635;
10.165269;0.001694;0.006868;0.141268;0.000000;0.032636;
10.165270;0.001696;0.006878;0.141277;0.000000;0.032637;
10.165272;0.001701;0.006898;0.141295;0.000000;0.032639;
10.165275;0.001710;0.006938;0.141332;0.000000;0.032643;
10.165283;0.001728;0.007019;0.141406;0.000000;0.032651;
10.165297;0.001764;0.007181;0.141553;0.000000;0.032668;
10.165326;0.001837;0.007506;0.141848;0.000000;0.032701;
10.165383;0.001983;0.008167;0.142441;0.000000;0.032767;
10.165498;0.002276;0.009523;0.143638;0.000000;0.032900;
10.165613;0.002571;0.010928;0.144851;0.000000;0.033033;
10.165728;0.002867;0.012383;0.146080;0.000000;0.033166;
10.165843;0.003165;0.013889;0.147324;0.000000;0.033299;
10.165958;0.003464;0.015448;0.148584;0.000000;0.033431;
10.166073;0.003766;0.017061;0.149859;0.000000;0.033564;
10.166188;0.004069;0.018729;0.151151;0.000000;0.033697;
10.166303;0.004373;0.020455;0.152460;0.000000;0.033830;
10.166418;0.004679;0.022238;0.153784;0.000000;0.033962;
10.166533;0.004988;0.024082;0.155126;0.000000;0.034095;
10.166763;0.005609;0.027955;0.157860;0.000000;0.034361;
10.166993;0.006238;0.032087;0.160663;0.000000;0.034626;
10.167222;0.006874;0.036492;0.163536;0.000000;0.034892;
10.167452;0.007519;0.041183;0.166481;0.000000;0.035157;
10.167682;0.008171;0.046177;0.169500;0.000000;0.035423;
10.167912;0.008832;0.051488;0.172594;0.000000;0.035689;
10.168142;0.009502;0.057134;0.175765;0.000000;0.035954;
10.168372;0.010181;0.063132;0.179014;0.000000;0.036220;
10.168602;0.010869;0.069501;0.182344;0.000000;0.036485;
10.168832;0.011567;0.076259;0.185755;0.000000;0.036751;
10.169062;0.012275;0.083428;0.189251;0.000000;0.037016;
10.169077;0.012322;0.083908;0.189481;0.000000;0.037034;
10.169077;0.012322;0.083913;0.189484;0.000000;0.037034;
10.169077;0.012323;0.083919;0.189486;0.000000;0.037034;
10.169077;0.012324;0.083930;0.189492;0.000000;0.037034;
10.169078;0.012326;0.083952;0.189502;0.000000;0.037035;
10.169079;0.012330;0.083996;0.189524;0.000000;0.037037;
10.169082;0.012339;0.084085;0.189566;0.000000;0.037040;
10.169088;0.012356;0.084263;0.189651;0.000000;0.037046;
10.169099;0.012390;0.084620;0.189821;0.000000;0.037059;
10.169121;0.012459;0.085336;0.190162;0.000000;0.037084;
10.169165;0.012596;0.086780;0.190846;0.000000;0.037135;
10.169253;0.012872;0.089717;0.192224;0.000000;0.037237;
10.169429;0.013430;0.095791;0.195018;0.000000;0.037441;
10.169606;0.013994;0.102140;0.197864;0.000000;0.037644;
10.169782;0.014565;0.108775;0.200764;0.000000;0.037848;
10.169958;0.015144;0.115708;0.203718;0.000000;0.038052;
10.170134;0.015729;0.122951;0.206728;0.000000;0.038255;
10.170311;0.016323;0.130515;0.209793;0.000000;0.038459;
10.170327;0.016378;0.131234;0.210081;0.000000;0.038478;
10.170327;0.016379;0.131240;0.210083;0.000000;0.038478;
10.170327;0.016379;0.131246;0.210086;0.000000;0.038478;
10.170328;0.016380;0.131258;0.210090;0.000000;0.038478;
10.170328;0.016382;0.131282;0.210100;0.000000;0.038479;
10.170329;0.016385;0.131329;0.210119;0.000000;0.038480;
10.170331;0.016393;0.131425;0.210157;0.000000;0.038483;
10.170336;0.016408;0.131617;0.210234;0.000000;0.038488;
10.170344;0.016437;0.132000;0.210387;0.000000;0.038498;
10.170362;0.016496;0.132770;0.210693;0.000000;0.038518;
10.170397;0.016615;0.134320;0.211308;0.000000;0.038558;
10.170466;0.016852;0.137459;0.212543;0.000000;0.038638;
10.170605;0.017331;0.143900;0.215042;0.000000;0.038799;
10.170744;0.017816;0.150563;0.217577;0.000000;0.038960;
10.170883;0.018306;0.157455;0.220150;0.000000;0.039120;
10.171022;0.018801;0.164582;0.222760;0.000000;0.039281;
10.171161;0.019301;0.171952;0.225409;0.000000;0.039441;
10.171300;0.019808;0.179574;0.228097;0.000000;0.039602;
10.171439;0.020320;0.187453;0.230824;0.000000;0.039763;
10.171579;0.020839;0.195599;0.233590;0.000000;0.039923;
10.171718;0.021363;0.204020;0.236398;0.000000;0.040084;
10.171857;0.021894;0.212724;0.239247;0.000000;0.040244;
10.171990;0.022410;0.221350;0.242019;0.000000;0.040398;
10.171990;0.022410;0.221357;0.242021;0.000000;0.040399;
10.171990;0.022411;0.221364;0.242024;0.000000;0.040399;
10.171990;0.022412;0.221378;0.242028;0.000000;0.040399;
10.171991;0.022413;0.221405;0.242037;0.000000;0.040399;
10.171992;0.022417;0.221461;0.242055;0.000000;0.040400;
10.171993;0.022423;0.221572;0.242090;0.000000;0.040402;
10.171997;0.022436;0.221795;0.242161;0.000000;0.040406;
10.172004;0.022463;0.222241;0.242303;0.000000;0.040414;
10.172017;0.022515;0.223136;0.242587;0.000000;0.040430;
10.172044;0.022621;0.224933;0.243157;0.000000;0.040461;
10.172098;0.022833;0.228563;0.244301;0.000000;0.040524;
10.172207;0.023261;0.235964;0.246609;0.000000;0.040649;
10.172308;0.023665;0.243068;0.248794;0.000000;0.040766;
10.172321;0.023716;0.243968;0.249069;0.000000;0.040781;
10.172347;0.023818;0.245779;0.249620;0.000000;0.040810;
10.172372;0.023921;0.247600;0.250173;0.000000;0.040840;
10.172397;0.024023;0.249433;0.250727;0.000000;0.040869;
10.172411;0.024020;0.249589;0.250817;0.000000;0.040885;
10.172411;0.024028;0.249699;0.250845;0.000000;0.040885;
10.172411;0.024028;0.249700;0.250846;0.000000;0.040885;
10.172412;0.024027;0.249701;0.250847;0.000000;0.040885;
10.172412;0.024027;0.249703;0.250849;0.000000;0.040886;
10.172413;0.024027;0.249707;0.250853;0.000000;0.040887;
10.172413;0.024027;0.249708;0.250854;0.000000;0.040887;
10.172413;0.024026;0.249709;0.250855;0.000000;0.040887;
10.172414;0.024026;0.249711;0.250857;0.000000;0.040888;
10.172414;0.024026;0.249715;0.250860;0.000000;0.040889;
10.172416;0.024025;0.249723;0.250868;0.000000;0.040891;
10.172419;0.024023;0.249739;0.250884;0.000000;0.040894;
10.172426;0.024018;0.249771;0.250915;0.000000;0.040902;
10.172439;0.024010;0.249834;0.250978;0.000000;0.040917;
10.172464;0.023993;0.249962;0.251103;0.000000;0.040946;
10.172471;0.023989;0.249993;0.251134;0.000000;0.040954;
10.172471;0.023989;0.249994;0.251134;0.000000;0.040954;
10.172471;0.023989;0.249994;0.251135;0.000000;0.040954;
10.172471;0.023989;0.249995;0.251136;0.000000;0.040954;
10.172472;0.023989;0.249997;0.251138;0.000000;0.040955;
10.172472;0.023988;0.250001;0.251142;0.000000;0.040956;
10.172474;0.023987;0.250009;0.251150;0.000000;0.040957;
10.172477;0.023985;0.250025;0.251165;0.000000;0.040961;
10.172484;0.023981;0.250057;0.251197;0.000000;0.040969;
10.172497;0.023972;0.250122;0.251260;0.000000;0.040984;
10.172523;0.023955;0.250250;0.251386;0.000000;0.041014;
10.172575;0.023922;0.250507;0.251639;0.000000;0.041074;
10.172627;0.023888;0.250763;0.251891;0.000000;0.041134;
10.172731;0.023821;0.251276;0.252395;0.000000;0.041254;
10.172824;0.023761;0.251737;0.252848;0.000000;0.041362;
10.172867;0.023734;0.251946;0.253053;0.000000;0.041411;
10.172867;0.023734;0.251947;0.253054;0.000000;0.041411;
10.172867;0.023734;0.251948;0.253055;0.000000;0.041412;
10.172868;0.023734;0.251951;0.253057;0.000000;0.041412;
10.172868;0.023733;0.251955;0.253062;0.000000;0.041413;
10.172870;0.023732;0.251963;0.253070;0.000000;0.041415;
10.172874;0.023730;0.251980;0.253087;0.000000;0.041419;
10.172881;0.023725;0.252014;0.253120;0.000000;0.041427;
10.172894;0.023717;0.252082;0.253186;0.000000;0.041443;
10.172922;0.023699;0.252217;0.253320;0.000000;0.041475;
10.172977;0.023664;0.252488;0.253586;0.000000;0.041538;
10.173087;0.023594;0.253029;0.254118;0.000000;0.041666;
10.173197;0.023525;0.253570;0.254649;0.000000;0.041793;
10.173307;0.023455;0.254109;0.255180;0.000000;0.041920;
10.173418;0.023387;0.254648;0.255710;0.000000;0.042047;
10.173528;0.023318;0.255187;0.256240;0.000000;0.042175;
10.173638;0.023250;0.255725;0.256769;0.000000;0.042302;
10.173748;0.023182;0.256262;0.257298;0.000000;0.042429;
10.173858;0.023114;0.256799;0.257826;0.000000;0.042556;
10.173968;0.023047;0.257334;0.258353;0.000000;0.042683;
10.174189;0.022914;0.258404;0.259406;0.000000;0.042938;
10.174409;0.022782;0.259472;0.260458;0.000000;0.043192;
10.174629;0.022652;0.260537;0.261506;0.000000;0.043447;
10.174850;0.022523;0.261599;0.262553;0.000000;0.043701;
10.175070;0.022395;0.262659;0.263597;0.000000;0.043956;
10.175290;0.022269;0.263716;0.264640;0.000000;0.044210;
10.175511;0.022144;0.264771;0.265680;0.000000;0.044465;
10.175731;0.022021;0.265824;0.266718;0.000000;0.044719;
10.175951;0.021900;0.266874;0.267753;0.000000;0.044974;
10.176172;0.021780;0.267921;0.268787;0.000000;0.045228;
10.176392;0.021661;0.268966;0.269819;0.000000;0.045483;
10.176612;0.021544;0.270009;0.270848;0.000000;0.045737;
10.176833;0.021429;0.271050;0.271875;0.000000;0.045992;
10.176952;0.021368;0.271611;0.272430;0.000000;0.046129;
10.176952;0.021367;0.271612;0.272430;0.000000;0.046129;
10.176952;0.021367;0.271612;0.272431;0.000000;0.046130;
10.176952;0.021367;0.271613;0.272433;0.000000;0.046130;
10.176953;0.021367;0.271614;0.272435;0.000000;0.046131;
10.176955;0.021366;0.271617;0.272441;0.000000;0.046133;
10.176957;0.021364;0.271622;0.272453;0.000000;0.046136;
10.176963;0.021360;0.271633;0.272475;0.000000;0.046143;
10.176975;0.021352;0.271654;0.272521;0.000000;0.046156;
10.176998;0.021337;0.271698;0.272612;0.000000;0.046182;
10.177044;0.021306;0.271783;0.272795;0.000000;0.046236;
10.177136;0.021244;0.271950;0.273158;0.000000;0.046342;
10.177321;0.021122;0.272274;0.273882;0.000000;0.046555;
10.177505;0.021000;0.272582;0.274601;0.000000;0.046769;
10.177874;0.020759;0.273154;0.276026;0.000000;0.047195;
10.178124;0.020599;0.273507;0.276978;0.000000;0.047483;
10.178124;0.020599;0.273507;0.276979;0.000000;0.047483;
10.178124;0.020599;0.273507;0.276980;0.000000;0.047483;
10.178124;0.020598;0.273508;0.276981;0.000000;0.047484;
10.178125;0.020598;0.273509;0.276984;0.000000;0.047485;
10.178127;0.020597;0.273511;0.276991;0.000000;0.047487;
10.178130;0.020595;0.273516;0.277003;0.000000;0.047490;
10.178137;0.020590;0.273525;0.277029;0.000000;0.047498;
10.178150;0.020582;0.273543;0.277080;0.000000;0.047514;
10.178177;0.020565;0.273579;0.277181;0.000000;0.047545;
10.178231;0.020531;0.273650;0.277384;0.000000;0.047606;
10.178338;0.020463;0.273789;0.277789;0.000000;0.047730;
10.178445;0.020395;0.273923;0.278193;0.000000;0.047853;
10.178552;0.020328;0.274053;0.278595;0.000000;0.047977;
10.178658;0.020261;0.274178;0.278995;0.000000;0.048101;
10.178765;0.020194;0.274299;0.279395;0.000000;0.048224;
10.178872;0.020128;0.274416;0.279793;0.000000;0.048348;
10.178979;0.020062;0.274528;0.280189;0.000000;0.048471;
10.179086;0.019997;0.274636;0.280585;0.000000;0.048595;
10.179193;0.019932;0.274740;0.280979;0.000000;0.048718;
10.179300;0.019867;0.274840;0.281372;0.000000;0.048842;
10.179407;0.019803;0.274936;0.281763;0.000000;0.048965;
10.179514;0.019739;0.275027;0.282154;0.000000;0.049089;
10.179621;0.019675;0.275115;0.282543;0.000000;0.049213;
10.179728;0.019612;0.275199;0.282930;0.000000;0.049336;
10.179835;0.019549;0.275279;0.283317;0.000000;0.049460;
10.179942;0.019487;0.275355;0.283702;0.000000;0.049583;
10.180049;0.019425;0.275428;0.284087;0.000000;0.049707;
10.180156;0.019364;0.275497;0.284470;0.000000;0.049830;
10.180370;0.019242;0.275624;0.285232;0.000000;0.050078;
10.180563;0.019134;0.275726;0.285915;0.000000;0.050300;
10.180755;0.019027;0.275817;0.286594;0.000000;0.050522;
10.180948;0.018922;0.275897;0.287269;0.000000;0.050745;
10.181140;0.018818;0.275967;0.287941;0.000000;0.050967;
10.181333;0.018716;0.276026;0.288609;0.000000;0.051190;
10.181526;0.018615;0.276075;0.289275;0.000000;0.051412;
10.181718;0.018516;0.276115;0.289936;0.000000;0.051634;
10.181911;0.018418;0.276145;0.290595;0.000000;0.051857;
10.182103;0.018321;0.276166;0.291251;0.000000;0.052079;
10.182488;0.018133;0.276181;0.292553;0.000000;0.052524;
10.182849;0.017962;0.276164;0.293762;0.000000;0.052941;
10.182850;0.017962;0.276164;0.293763;0.000000;0.052941;
10.182850;0.017962;0.276164;0.293765;0.000000;0.052942;
10.182851;0.017962;0.276164;0.293767;0.000000;0.052942;
10.182852;0.017961;0.276164;0.293771;0.000000;0.052944;
10.182855;0.017960;0.276164;0.293780;0.000000;0.052947;
10.182860;0.017957;0.276163;0.293798;0.000000;0.052953;
10.182871;0.017952;0.276162;0.293834;0.000000;0.052966;
10.182892;0.017942;0.276160;0.293905;0.000000;0.052990;
10.182935;0.017923;0.276156;0.294047;0.000000;0.053040;
10.183020;0.017883;0.276146;0.294331;0.000000;0.053138;
10.183191;0.017805;0.276122;0.294898;0.000000;0.053336;
10.183290;0.017761;0.276105;0.295225;0.000000;0.053450;
10.183290;0.017761;0.276105;0.295226;0.000000;0.053450;
10.183291;0.017761;0.276105;0.295228;0.000000;0.053451;
10.183291;0.017760;0.276105;0.295230;0.000000;0.053451;
10.183293;0.017760;0.276104;0.295235;0.000000;0.053453;
10.183296;0.017758;0.276104;0.295244;0.000000;0.053456;
10.183301;0.017756;0.276103;0.295262;0.000000;0.053463;
10.183312;0.017751;0.276101;0.295299;0.000000;0.053476;
10.183335;0.017741;0.276097;0.295373;0.000000;0.053502;
10.183379;0.017721;0.276088;0.295521;0.000000;0.053553;
10.183469;0.017681;0.276069;0.295816;0.000000;0.053657;
10.183648;0.017603;0.276027;0.296404;0.000000;0.053864;
10.183827;0.017527;0.275979;0.296990;0.000000;0.054070;
10.184006;0.017451;0.275924;0.297573;0.000000;0.054277;
10.184185;0.017377;0.275864;0.298155;0.000000;0.054484;
10.184364;0.017304;0.275798;0.298734;0.000000;0.054691;
10.184543;0.017233;0.275726;0.299311;0.000000;0.054898;
10.184723;0.017163;0.275649;0.299887;0.000000;0.055105;
10.184902;0.017094;0.275567;0.300460;0.000000;0.055311;
10.185081;0.017027;0.275479;0.301031;0.000000;0.055518;
10.185439;0.016897;0.275289;0.302167;0.000000;0.055932;
10.185797;0.016772;0.275081;0.303296;0.000000;0.056346;
10.186155;0.016652;0.274854;0.304417;0.000000;0.056759;
10.186513;0.016538;0.274610;0.305531;0.000000;0.057173;
10.186646;0.016497;0.274515;0.305942;0.000000;0.057326;
10.186646;0.016497;0.274515;0.305944;0.000000;0.057327;
10.186647;0.016497;0.274514;0.305945;0.000000;0.057327;
10.186648;0.016496;0.274514;0.305948;0.000000;0.057328;
10.186650;0.016496;0.274512;0.305954;0.000000;0.057331;
10.186654;0.016495;0.274510;0.305966;0.000000;0.057335;
10.186662;0.016492;0.274504;0.305991;0.000000;0.057344;
10.186677;0.016487;0.274492;0.306039;0.000000;0.057362;
10.186709;0.016478;0.274470;0.306137;0.000000;0.057399;
10.186772;0.016459;0.274423;0.306331;0.000000;0.057472;
10.186898;0.016421;0.274330;0.306720;0.000000;0.057617;
10.187150;0.016348;0.274137;0.307494;0.000000;0.057908;
10.187402;0.016278;0.273937;0.308266;0.000000;0.058199;
10.187906;0.016145;0.273516;0.309799;0.000000;0.058781;
10.188359;0.016034;0.273117;0.311169;0.000000;0.059305;
10.188813;0.015932;0.272698;0.312529;0.000000;0.059828;
10.189266;0.015838;0.272261;0.313881;0.000000;0.060352;
10.189719;0.015752;0.271808;0.315224;0.000000;0.060876;
10.190173;0.015674;0.271341;0.316558;0.000000;0.061400;
10.190626;0.015604;0.270859;0.317884;0.000000;0.061924;
10.191080;0.015541;0.270365;0.319203;0.000000;0.062447;
10.191533;0.015487;0.269859;0.320514;0.000000;0.062971;
10.191987;0.015440;0.269342;0.321818;0.000000;0.063495;
10.192440;0.015400;0.268815;0.323115;0.000000;0.064019;
10.192894;0.015368;0.268280;0.324406;0.000000;0.064542;
10.193347;0.015343;0.267736;0.325689;0.000000;0.065066;
10.193801;0.015325;0.267185;0.326967;0.000000;0.065590;
10.194254;0.015314;0.266627;0.328238;0.000000;0.066114;
10.194708;0.015310;0.266062;0.329503;0.000000;0.066637;
10.195161;0.015313;0.265492;0.330762;0.000000;0.067161;
10.195615;0.015322;0.264917;0.332015;0.000000;0.067685;
10.196068;0.015337;0.264338;0.333263;0.000000;0.068209;
10.196522;0.015359;0.263754;0.334506;0.000000;0.068732;
10.196975;0.015387;0.263167;0.335743;0.000000;0.069256;
10.197429;0.015420;0.262576;0.336974;0.000000;0.069780;
10.197882;0.015460;0.261982;0.338201;0.000000;0.070304;
10.198335;0.015505;0.261386;0.339423;0.000000;0.070827;
10.198789;0.015556;0.260787;0.340639;0.000000;0.071351;
10.199242;0.015613;0.260186;0.341851;0.000000;0.071875;
10.199696;0.015675;0.259583;0.343058;0.000000;0.072399;
10.200149;0.015742;0.258979;0.344261;0.000000;0.072922;
10.200603;0.015814;0.258373;0.345458;0.000000;0.073446;
10.201056;0.015891;0.257766;0.346651;0.000000;0.073970;
10.201510;0.015973;0.257158;0.347840;0.000000;0.074494;
10.201963;0.016060;0.256549;0.349024;0.000000;0.075018;
10.202417;0.016151;0.255939;0.350203;0.000000;0.075541;
10.202870;0.016247;0.255328;0.351378;0.000000;0.076065;
10.203324;0.016347;0.254717;0.352549;0.000000;0.076589;
10.203777;0.016452;0.254105;0.353716;0.000000;0.077113;
10.204231;0.016561;0.253493;0.354878;0.000000;0.077636;
10.204684;0.016674;0.252880;0.356036;0.000000;0.078160;
10.205138;0.016791;0.252266;0.357190;0.000000;0.078684;
10.205591;0.016912;0.251653;0.358339;0.000000;0.079208;
10.206044;0.017036;0.251039;0.359484;0.000000;0.079731;
10.206951;0.017297;0.249810;0.361762;0.000000;0.080779;
10.207768;0.017543;0.248703;0.363799;0.000000;0.081722;
10.208584;0.017801;0.247596;0.365821;0.000000;0.082664;
10.209400;0.018068;0.246487;0.367831;0.000000;0.083607;
10.210216;0.018346;0.245377;0.369828;0.000000;0.084550;
10.211033;0.018634;0.244266;0.371811;0.000000;0.085493;
10.211849;0.018930;0.243154;0.373781;0.000000;0.086435;
10.212665;0.019235;0.242041;0.375739;0.000000;0.087378;
10.213481;0.019549;0.240926;0.377684;0.000000;0.088321;
10.213552;0.019577;0.240829;0.377852;0.000000;0.088403;
10.213553;0.019577;0.240827;0.377855;0.000000;0.088404;
10.213554;0.019577;0.240826;0.377857;0.000000;0.088405;
10.213557;0.019578;0.240823;0.377862;0.000000;0.088408;
10.213561;0.019580;0.240818;0.377872;0.000000;0.088412;
10.213569;0.019583;0.240806;0.377891;0.000000;0.088422;
10.213585;0.019589;0.240784;0.377929;0.000000;0.088441;
10.213618;0.019602;0.240740;0.378007;0.000000;0.088478;
10.213683;0.019628;0.240651;0.378161;0.000000;0.088553;
10.213813;0.019679;0.240473;0.378469;0.000000;0.088704;
10.214073;0.019781;0.240116;0.379085;0.000000;0.089005;
10.214594;0.019989;0.239403;0.380313;0.000000;0.089606;
10.215635;0.020414;0.237974;0.382753;0.000000;0.090809;
10.216677;0.020850;0.236541;0.385173;0.000000;0.092012;
10.217718;0.021297;0.235104;0.387571;0.000000;0.093215;
10.218760;0.021755;0.233662;0.389949;0.000000;0.094418;
10.219801;0.022222;0.232216;0.392306;0.000000;0.095621;
10.220843;0.022699;0.230764;0.394643;0.000000;0.096823;
10.221884;0.023184;0.229306;0.396960;0.000000;0.098026;
10.222926;0.023678;0.227843;0.399256;0.000000;0.099229;
10.223967;0.024179;0.226373;0.401532;0.000000;0.100432;
10.225009;0.024688;0.224898;0.403787;0.000000;0.101635;
10.226050;0.025205;0.223415;0.406023;0.000000;0.102838;
10.227092;0.025728;0.221927;0.408239;0.000000;0.104041;
10.228133;0.026257;0.220431;0.410436;0.000000;0.105244;
10.229175;0.026793;0.218929;0.412613;0.000000;0.106447;
10.230216;0.027335;0.217420;0.414770;0.000000;0.107650;
10.231258;0.027882;0.215904;0.416908;0.000000;0.108853;
10.232299;0.028435;0.214381;0.419028;0.000000;0.110056;
10.233341;0.028992;0.212851;0.421128;0.000000;0.111258;
10.235424;0.030123;0.209771;0.425272;0.000000;0.113664;
10.237298;0.031155;0.206977;0.428939;0.000000;0.115830;
10.239173;0.032202;0.204162;0.432547;0.000000;0.117995;
10.241048;0.033262;0.201329;0.436098;0.000000;0.120160;
10.242922;0.034334;0.198477;0.439592;0.000000;0.122325;
10.244797;0.035417;0.195609;0.443032;0.000000;0.124491;
10.246672;0.036512;0.192725;0.446417;0.000000;0.126656;
10.248546;0.037616;0.189826;0.449750;0.000000;0.128821;
10.250421;0.038731;0.186915;0.453031;0.000000;0.130986;
10.252296;0.039855;0.183992;0.456261;0.000000;0.133152;
10.254170;0.040988;0.181058;0.459441;0.000000;0.135317;
10.256045;0.042129;0.178116;0.462573;0.000000;0.137482;
10.257920;0.043279;0.175166;0.465657;0.000000;0.139647;
10.259794;0.044437;0.172209;0.468695;0.000000;0.141812;
10.261669;0.045603;0.169246;0.471688;0.000000;0.143978;
10.263544;0.046776;0.166280;0.474636;0.000000;0.146143;
10.265418;0.047957;0.163311;0.477541;0.000000;0.148308;
10.267293;0.049144;0.160339;0.480403;0.000000;0.150473;
10.269168;0.050338;0.157367;0.483223;0.000000;0.152639;
10.271042;0.051539;0.154395;0.486003;0.000000;0.154804;
10.272917;0.052747;0.151424;0.488743;0.000000;0.156969;
10.274792;0.053961;0.148454;0.491444;0.000000;0.159134;
10.276666;0.055181;0.145488;0.494107;0.000000;0.161300;
10.278541;0.056406;0.142525;0.496733;0.000000;0.163465;
10.280416;0.057638;0.139566;0.499322;0.000000;0.165630;
10.284165;0.060119;0.133663;0.504393;0.000000;0.169961;
10.287540;0.062370;0.128371;0.508840;0.000000;0.173858;
10.290914;0.064638;0.123103;0.513179;0.000000;0.177756;
10.294288;0.066922;0.117861;0.517415;0.000000;0.181653;
10.297663;0.069222;0.112649;0.521551;0.000000;0.185550;
10.301037;0.071538;0.107469;0.525591;0.000000;0.189448;
10.304412;0.073868;0.102322;0.529538;0.000000;0.193345;
10.307786;0.076212;0.097211;0.533396;0.000000;0.197243;
10.311160;0.078570;0.092138;0.537166;0.000000;0.201140;
10.314535;0.080940;0.087102;0.540853;0.000000;0.205038;
10.317909;0.083324;0.082107;0.544459;0.000000;0.208935;
10.321284;0.085720;0.077152;0.547986;0.000000;0.212833;
10.324658;0.088127;0.072239;0.551438;0.000000;0.216730;
10.328032;0.090546;0.067369;0.554816;0.000000;0.220627;
10.331136;0.092781;0.062928;0.557860;0.000000;0.224212;
10.331136;0.000000;0.000000;0.539427;0.000000;0.224212;
10.331137;0.000000;0.000000;0.539428;0.000000;0.224213;
10.331137;0.000000;0.000000;0.539429;0.000000;0.224213;
10.331138;0.000000;0.000000;0.539430;0.000000;0.224215;
10.331140;0.000000;0.000000;0.539433;0.000000;0.224217;
10.331145;0.000000;0.000000;0.539439;0.000000;0.224222;
10.331153;0.000000;0.000000;0.539451;0.000000;0.224232;
10.331170;0.000000;0.000000;0.539474;0.000000;0.224251;
10.331204;0.000000;0.000000;0.539521;0.000000;0.224291;
10.331238;0.000000;0.000000;0.539568;0.000000;0.224330;
10.331272;0.000000;0.000000;0.539615;0.000000;0.224369;
10.331306;0.000000;0.000000;0.539662;0.000000;0.224409;
10.331340;0.000000;0.000000;0.539710;0.000000;0.224448;
10.331374;0.000000;0.000000;0.539757;0.000000;0.224487;
10.331408;0.000000;0.000000;0.539804;0.000000;0.224527;
10.331443;0.000000;0.000000;0.539851;0.000000;0.224566;
10.331477;0.000000;0.000000;0.539898;0.000000;0.224605;
10.331511;0.000000;0.000000;0.539945;0.000000;0.224645;
10.331545;0.000000;0.000000;0.539992;0.000000;0.224684;
10.331579;0.000000;0.000000;0.540039;0.000000;0.224723;
10.331613;0.000000;0.000000;0.540086;0.000000;0.224763;
10.331647;0.000000;0.000000;0.540133;0.000000;0.224802;
10.331681;0.000000;0.000000;0.540180;0.000000;0.224841;
10.331715;0.000000;0.000000;0.540227;0.000000;0.224881;
10.331749;0.000000;0.000000;0.540274;0.000000;0.224920;
10.331783;0.000000;0.000000;0.540321;0.000000;0.224960;
10.331817;0.000000;0.000000;0.540368;0.000000;0.224999;
10.331851;0.000000;0.000000;0.540415;0.000000;0.225038;
10.331885;0.000000;0.000000;0.540461;0.000000;0.225078;
10.331919;0.000000;0.000000;0.540508;0.000000;0.225117;
10.331953;0.000000;0.000000;0.540555;0.000000;0.225156;
10.331987;0.000000;0.000000;0.540602;0.000000;0.225196;
10.332022;0.000000;0.000000;0.540649;0.000000;0.225235;
10.332056;0.000000;0.000000;0.540696;0.000000;0.225274;
10.332090;0.000000;0.000000;0.540743;0.000000;0.225314;
10.332124;0.000000;0.000000;0.540790;0.000000;0.225353;
10.332192;0.000000;0.000000;0.540884;0.000000;0.225432;
10.332253;0.000000;0.000000;0.540968;0.000000;0.225502;
10.332314;0.000000;0.000000;0.541052;0.000000;0.225573;
10.332376;0.000000;0.000000;0.541136;0.000000;0.225644;
10.332437;0.000000;0.000000;0.541221;0.000000;0.225715;
10.332498;0.000000;0.000000;0.541305;0.000000;0.225786;
10.332560;0.000000;0.000000;0.541389;0.000000;0.225856;
10.332621;0.000000;0.000000;0.541473;0.000000;0.225927;
10.332682;0.000000;0.000000;0.541557;0.000000;0.225998;
10.332744;0.000000;0.000000;0.541641;0.000000;0.226069;
10.332805;0.000000;0.000000;0.541726;0.000000;0.226140;
10.332866;0.000000;0.000000;0.541810;0.000000;0.226210;
10.332927;0.000000;0.000000;0.541894;0.000000;0.226281;
10.332989;0.000000;0.000000;0.541978;0.000000;0.226352;
10.333050;0.000000;0.000000;0.542062;0.000000;0.226423;
10.333173;0.000000;0.000000;0.542230;0.000000;0.226564;
10.333283;0.000000;0.000000;0.542381;0.000000;0.226692;
10.333393;0.000000;0.000000;0.542531;0.000000;0.226819;
10.333504;0.000000;0.000000;0.542682;0.000000;0.226947;
10.333531;0.000000;0.000000;0.542719;0.000000;0.226978;
10.333531;0.000000;0.000000;0.542720;0.000000;0.226978;
10.333532;0.000000;0.000000;0.542720;0.000000;0.226979;
10.333532;0.000000;0.000000;0.542721;0.000000;0.226980;
10.333534;0.000000;0.000000;0.542723;0.000000;0.226981;
10.333537;0.000000;0.000000;0.542727;0.000000;0.226985;
10.333542;0.000000;0.000000;0.542735;0.000000;0.226991;
10.333554;0.000000;0.000000;0.542751;0.000000;0.227005;
10.333577;0.000000;0.000000;0.542783;0.000000;0.227032;
10.333624;0.000000;0.000000;0.542846;0.000000;0.227085;
10.333717;0.000000;0.000000;0.542973;0.000000;0.227193;
10.333809;0.000000;0.000000;0.543100;0.000000;0.227300;
10.333902;0.000000;0.000000;0.543226;0.000000;0.227407;
10.333995;0.000000;0.000000;0.543353;0.000000;0.227514;
10.334088;0.000000;0.000000;0.543479;0.000000;0.227622;
10.334181;0.000000;0.000000;0.543606;0.000000;0.227729;
10.334274;0.000000;0.000000;0.543732;0.000000;0.227836;
10.334367;0.000000;0.000000;0.543859;0.000000;0.227943;
10.334459;0.000000;0.000000;0.543985;0.000000;0.228051;
10.334645;0.000000;0.000000;0.544238;0.000000;0.228265;
10.334831;0.000000;0.000000;0.544490;0.000000;0.228480;
10.335017;0.000000;0.000000;0.544742;0.000000;0.228694;
10.335202;0.000000;0.000000;0.544993;0.000000;0.228909;
10.335388;0.000000;0.000000;0.545245;0.000000;0.229123;
10.335760;0.000000;0.000000;0.545747;0.000000;0.229552;
10.336131;0.000000;0.000000;0.546248;0.000000;0.229981;
10.336502;0.000000;0.000000;0.546749;0.000000;0.230410;
10.336874;0.000000;0.000000;0.547248;0.000000;0.230839;
10.337245;0.000000;0.000000;0.547746;0.000000;0.231268;
10.337617;0.000000;0.000000;0.548244;0.000000;0.231697;
10.337988;0.000000;0.000000;0.548741;0.000000;0.232126;
10.338360;0.000000;0.000000;0.549236;0.000000;0.232555;
10.338731;0.000000;0.000000;0.549731;0.000000;0.232984;
10.339103;0.000000;0.000000;0.550225;0.000000;0.233414;
10.339474;0.000000;0.000000;0.550717;0.000000;0.233843;
10.339846;0.000000;0.000000;0.551209;0.000000;0.234272;
10.340217;0.000000;0.000000;0.551700;0.000000;0.234701;
10.340588;0.000000;0.000000;0.552190;0.000000;0.235130;
10.340960;0.000000;0.000000;0.552679;0.000000;0.235559;
10.341331;0.000000;0.000000;0.553168;0.000000;0.235988;
10.341703;0.000000;0.000000;0.553655;0.000000;0.236417;
10.342074;0.000000;0.000000;0.554141;0.000000;0.236846;
10.342446;0.000000;0.000000;0.554627;0.000000;0.237275;
10.342817;0.000000;0.000000;0.555111;0.000000;0.237704;
10.343189;0.000000;0.000000;0.555595;0.000000;0.238133;
10.343560;0.000000;0.000000;0.556078;0.000000;0.238562;
10.343932;0.000000;0.000000;0.556560;0.000000;0.238991;
10.344303;0.000000;0.000000;0.557040;0.000000;0.239420;
10.344674;0.000000;0.000000;0.557521;0.000000;0.239849;
10.345046;0.000000;0.000000;0.558000;0.000000;0.240278;
10.345417;0.000000;0.000000;0.558478;0.000000;0.240707;
10.345789;0.000000;0.000000;0.558955;0.000000;0.241136;
10.346160;0.000000;0.000000;0.559432;0.000000;0.241565;
10.346532;0.000000;0.000000;0.559908;0.000000;0.241994;
10.346903;0.000000;0.000000;0.560382;0.000000;0.242423;
10.347275;0.000000;0.000000;0.560856;0.000000;0.242852;
10.347646;0.000000;0.000000;0.561329;0.000000;0.243281;
10.348018;0.000000;0.000000;0.561801;0.000000;0.243710;
10.348389;0.000000;0.000000;0.562273;0.000000;0.244139;
10.349132;0.000000;0.000000;0.563212;0.000000;0.244997;
10.349801;0.000000;0.000000;0.564055;0.000000;0.245770;
10.350469;0.000000;0.000000;0.564896;0.000000;0.246542;
10.351138;0.000000;0.000000;0.565733;0.000000;0.247314;
10.351806;0.000000;0.000000;0.566568;0.000000;0.248086;
10.352475;0.000000;0.000000;0.567400;0.000000;0.248859;
10.353144;0.000000;0.000000;0.568229;0.000000;0.249631;
10.353812;0.000000;0.000000;0.569055;0.000000;0.250403;
10.354481;0.000000;0.000000;0.569879;0.000000;0.251175;
10.355149;0.000000;0.000000;0.570700;0.000000;0.251948;
10.355818;0.000000;0.000000;0.571519;0.000000;0.252720;
10.356487;0.000000;0.000000;0.572335;0.000000;0.253492;
10.357155;0.000000;0.000000;0.573148;0.000000;0.254264;
10.357238;0.000000;0.000000;0.573248;0.000000;0.254360;
10.357240;0.000000;0.000000;0.573251;0.000000;0.254363;
10.357243;0.000000;0.000000;0.573254;0.000000;0.254365;
10.357247;0.000000;0.000000;0.573259;0.000000;0.254371;
10.357256;0.000000;0.000000;0.573270;0.000000;0.254381;
10.357274;0.000000;0.000000;0.573292;0.000000;0.254402;
10.357310;0.000000;0.000000;0.573336;0.000000;0.254443;
10.357382;0.000000;0.000000;0.573423;0.000000;0.254526;
10.357526;0.000000;0.000000;0.573597;0.000000;0.254693;
10.357814;0.000000;0.000000;0.573946;0.000000;0.255025;
10.358390;0.000000;0.000000;0.574642;0.000000;0.255690;
10.358965;0.000000;0.000000;0.575336;0.000000;0.256355;
10.359541;0.000000;0.000000;0.576027;0.000000;0.257020;
10.360117;0.000000;0.000000;0.576717;0.000000;0.257685;
10.360692;0.000000;0.000000;0.577406;0.000000;0.258350;
10.361268;0.000000;0.000000;0.578092;0.000000;0.259015;
10.361844;0.000000;0.000000;0.578776;0.000000;0.259679;
10.362419;0.000000;0.000000;0.579458;0.000000;0.260344;
10.362995;0.000000;0.000000;0.580139;0.000000;0.261009;
10.364146;0.000000;0.000000;0.581494;0.000000;0.262339;
10.365183;0.000000;0.000000;0.582708;0.000000;0.263536;
10.366219;0.000000;0.000000;0.583915;0.000000;0.264733;
10.367255;0.000000;0.000000;0.585117;0.000000;0.265930;
10.368291;0.000000;0.000000;0.586313;0.000000;0.267126;
10.369328;0.000000;0.000000;0.587503;0.000000;0.268323;
10.370364;0.000000;0.000000;0.588687;0.000000;0.269520;
10.371400;0.000000;0.000000;0.589865;0.000000;0.270717;
10.372436;0.000000;0.000000;0.591038;0.000000;0.271914;
10.373472;0.000000;0.000000;0.592205;0.000000;0.273111;
10.374509;0.000000;0.000000;0.593366;0.000000;0.274308;
10.375545;0.000000;0.000000;0.594522;0.000000;0.275504;
10.376581;0.000000;0.000000;0.595672;0.000000;0.276701;
10.377617;0.000000;-0.000000;0.596817;0.000000;0.277898;
10.378654;0.000000;-0.000000;0.597956;0.000000;0.279095;
10.379690;0.000000;-0.000000;0.599090;0.000000;0.280292;
10.380726;0.000000;-0.000000;0.600218;0.000000;0.281489;
10.381762;0.000000;-0.000000;0.601341;0.000000;0.282685;
10.382799;0.000000;-0.000000;0.602459;0.000000;0.283882;
10.383835;0.000000;-0.000000;0.603571;0.000000;0.285079;
10.384871;0.000000;-0.000000;0.604678;0.000000;0.286276;
10.386943;0.000000;-0.000000;0.606877;0.000000;0.288670;
10.389016;0.000000;-0.000000;0.609055;0.000000;0.291063;
10.391088;0.000000;-0.000000;0.611213;0.000000;0.293457;
10.393161;0.000000;-0.000000;0.613351;0.000000;0.295851;
10.395233;0.000000;-0.000000;0.615470;0.000000;0.298244;
10.397306;0.000000;-0.000000;0.617569;0.000000;0.300638;
10.399378;0.000000;-0.000000;0.619648;0.000000;0.303032;
10.401451;0.000000;-0.000000;0.621709;0.000000;0.305426;
10.403523;0.000000;-0.000000;0.623751;0.000000;0.307819;
10.405596;0.000000;-0.000000;0.625775;0.000000;0.310213;
10.407668;0.000000;-0.000000;0.627781;0.000000;0.312607;
10.409740;0.000000;-0.000000;0.629769;0.000000;0.315000;
10.413885;0.000000;-0.000000;0.633692;0.000000;0.319788;
10.418030;0.000000;-0.000000;0.637546;0.000000;0.324575;
10.422175;0.000000;-0.000000;0.641333;0.000000;0.329362;
10.426320;0.000000;-0.000000;0.645055;0.000000;0.334150;
10.430465;0.000000;-0.000000;0.648713;0.000000;0.338937;
10.434610;0.000000;-0.000000;0.652310;0.000000;0.343725;
10.438755;0.000000;-0.000000;0.655846;0.000000;0.348512;
10.442900;0.000000;-0.000000;0.659323;0.000000;0.353299;
10.447045;0.000000;-0.000000;0.662742;0.000000;0.358087;
10.451190;0.000000;-0.000000;0.666106;0.000000;0.362874;
10.455335;0.000000;-0.000000;0.669415;0.000000;0.367661;
10.459479;0.000000;-0.000000;0.672670;0.000000;0.372449;
10.467769;0.000000;-0.000000;0.679026;0.000000;0.382024;
10.469962;0.000000;-0.000000;0.680674;0.000000;0.384556;
10.469967;0.000000;-0.000000;0.680678;0.000000;0.384561;
10.469972;0.000000;-0.000000;0.680681;0.000000;0.384567;
10.469981;0.000000;-0.000000;0.680689;0.000000;0.384579;
10.470001;0.000000;-0.000000;0.680703;0.000000;0.384601;
10.470041;0.000000;-0.000000;0.680733;0.000000;0.384647;
10.470120;0.000000;-0.000000;0.680792;0.000000;0.384738;
10.470278;0.000000;-0.000000;0.680910;0.000000;0.384921;
10.470594;0.000000;-0.000000;0.681147;0.000000;0.385287;
10.471227;0.000000;-0.000000;0.681619;0.000000;0.386017;
10.471860;0.000000;-0.000000;0.682089;0.000000;0.386748;
10.473126;0.000000;-0.000000;0.683027;0.000000;0.388210;
10.474391;0.000000;-0.000000;0.683961;0.000000;0.389672;
10.475657;0.000000;-0.000000;0.684890;0.000000;0.391134;
10.476922;0.000000;-0.000000;0.685814;0.000000;0.392595;
10.478188;0.000000;-0.000000;0.686734;0.000000;0.394057;
10.479453;0.000000;-0.000000;0.687650;0.000000;0.395519;
10.480719;0.000000;-0.000000;0.688562;0.000000;0.396980;
10.481985;0.000000;-0.000000;0.689469;0.000000;0.398442;
10.483250;0.000000;-0.000000;0.690372;0.000000;0.399904;
10.484516;0.000000;-0.000000;0.691271;0.000000;0.401366;
10.485781;0.000000;-0.000000;0.692165;0.000000;0.402827;
10.487047;0.000000;-0.000000;0.693055;0.000000;0.404289;
10.488313;0.000000;-0.000000;0.693941;0.000000;0.405751;
10.489578;0.000000;-0.000000;0.694823;0.000000;0.407213;
10.490844;0.000000;-0.000000;0.695701;0.000000;0.408674;
10.492109;0.000000;-0.000000;0.696575;0.000000;0.410136;
10.493375;0.000000;-0.000000;0.697445;0.000000;0.411598;
10.495906;0.000000;-0.000000;0.699173;0.000000;0.414521;
10.498437;0.000000;-0.000000;0.700885;0.000000;0.417445;
10.500968;0.000000;-0.000000;0.702581;0.000000;0.420368;
10.503499;0.000000;-0.000000;0.704262;0.000000;0.423292;
10.506031;0.000000;-0.000000;0.705928;0.000000;0.426215;
10.508562;0.000000;-0.000000;0.707578;0.000000;0.429139;
10.511093;0.000000;-0.000000;0.709214;0.000000;0.432062;
10.513624;0.000000;-0.000000;0.710836;0.000000;0.434986;
10.516155;0.000000;-0.000000;0.712443;0.000000;0.437909;
10.521218;0.000000;-0.000000;0.715614;0.000000;0.443756;
10.526280;0.000000;-0.000000;0.718731;0.000000;0.449603;
10.531342;0.000000;-0.000000;0.721793;0.000000;0.455450;
10.536404;0.000000;-0.000000;0.724803;0.000000;0.461297;
10.541467;0.000000;-0.000000;0.727762;0.000000;0.467144;
10.546529;0.000000;-0.000000;0.730671;0.000000;0.472991;
10.556654;0.000000;-0.000000;0.736345;0.000000;0.484685;
10.566778;0.000000;-0.000000;0.741834;0.000000;0.496379;
10.576903;0.000000;-0.000000;0.747147;0.000000;0.508073;
10.587028;0.000000;-0.000000;0.752292;0.000000;0.519767;
10.597152;0.000000;-0.000000;0.757277;0.000000;0.531461;
10.607277;0.000000;-0.000000;0.762110;0.000000;0.543155;
10.617401;0.000000;-0.000000;0.766797;0.000000;0.554849;
10.627526;0.000000;-0.000000;0.771345;0.000000;0.566543;
10.637651;0.000000;-0.000000;0.775760;0.000000;0.578236;
10.647775;0.000000;-0.000000;0.780047;0.000000;0.589930;
10.657900;0.000000;-0.000000;0.784213;0.000000;0.601624;
10.668024;0.000000;-0.000000;0.788262;0.000000;0.613318;
10.678149;0.000000;-0.000000;0.792199;0.000000;0.625012;
10.688274;0.000000;-0.000000;0.796029;0.000000;0.636706;
10.698398;0.000000;-0.000000;0.799755;0.000000;0.648400;
10.708523;0.000000;-0.000000;0.803383;0.000000;0.660094;
10.709204;0.000000;-0.000000;0.803624;0.000000;0.660881;
10.709204;0.000000;-0.000000;0.803627;0.000000;0.660881;
10.709204;0.000000;-0.000000;0.803623;0.000000;0.660881;
10.709205;0.000000;-0.000000;0.803623;0.000000;0.660881;
10.709205;0.000000;-0.000000;0.803623;0.000000;0.660882;
10.709207;0.000000;-0.000000;0.803624;0.000000;0.660884;
10.709209;0.000000;-0.000000;0.803625;0.000000;0.660886;
10.709213;0.000000;-0.000000;0.803626;0.000000;0.660891;
10.709222;0.000000;-0.000000;0.803629;0.000000;0.660901;
10.709239;0.000000;-0.000000;0.803635;0.000000;0.660922;
10.709274;0.000000;-0.000000;0.803648;0.000000;0.660962;
10.709345;0.000000;-0.000000;0.803673;0.000000;0.661043;
10.709485;0.000000;-0.000000;0.803722;0.000000;0.661205;
10.709625;0.000000;-0.000000;0.803771;0.000000;0.661367;
10.709906;0.000000;-0.000000;0.803870;0.000000;0.661691;
10.710158;0.000000;-0.000000;0.803959;0.000000;0.661983;
10.710411;0.000000;-0.000000;0.804048;0.000000;0.662275;
10.710663;0.000000;-0.000000;0.804137;0.000000;0.662566;
10.710916;0.000000;-0.000000;0.804226;0.000000;0.662858;
10.711168;0.000000;-0.000000;0.804314;0.000000;0.663150;
10.711421;0.000000;-0.000000;0.804403;0.000000;0.663441;
10.711674;0.000000;-0.000000;0.804492;0.000000;0.663733;
10.711926;0.000000;-0.000000;0.804580;0.000000;0.664025;
10.712179;0.000000;-0.000000;0.804669;0.000000;0.664316;
10.712431;0.000000;-0.000000;0.804757;0.000000;0.664608;
10.712684;0.000000;-0.000000;0.804845;0.000000;0.664900;
10.712936;0.000000;-0.000000;0.804934;0.000000;0.665191;
10.713189;0.000000;-0.000000;0.805022;0.000000;0.665483;
10.713441;0.000000;-0.000000;0.805110;0.000000;0.665775;
10.713694;0.000000;-0.000000;0.805198;0.000000;0.666066;
10.713946;0.000000;-0.000000;0.805286;0.000000;0.666358;
10.714199;0.000000;-0.000000;0.805374;0.000000;0.666650;
10.714451;0.000000;-0.000000;0.805462;0.000000;0.666941;
10.714704;0.000000;-0.000000;0.805550;0.000000;0.667233;
10.714956;0.000000;-0.000000;0.805638;0.000000;0.667525;
10.715209;0.000000;-0.000000;0.805726;0.000000;0.667816;
10.715462;0.000000;-0.000000;0.805813;0.000000;0.668108;
10.715714;0.000000;-0.000000;0.805901;0.000000;0.668400;
10.715967;0.000000;-0.000000;0.805989;0.000000;0.668691;
10.716219;0.000000;-0.000000;0.806076;0.000000;0.668983;
10.716472;0.000000;-0.000000;0.806164;0.000000;0.669275;
10.716724;0.000000;-0.000000;0.806251;0.000000;0.669566;
10.716977;0.000000;-0.000000;0.806338;0.000000;0.669858;
10.717229;0.000000;-0.000000;0.806426;0.000000;0.670150;
10.717482;0.000000;-0.000000;0.806513;0.000000;0.670441;
10.717734;0.000000;-0.000000;0.806600;0.000000;0.670733;
10.718239;0.000000;-0.000000;0.806774;0.000000;0.671317;
10.718694;0.000000;-0.000000;0.806931;0.000000;0.671842;
10.719149;0.000000;-0.000000;0.807087;0.000000;0.672367;
10.719603;0.000000;-0.000000;0.807244;0.000000;0.672892;
10.720058;0.000000;-0.000000;0.807400;0.000000;0.673417;
10.720512;0.000000;-0.000000;0.807556;0.000000;0.673942;
10.720967;0.000000;-0.000000;0.807711;0.000000;0.674467;
10.721421;0.000000;-0.000000;0.807867;0.000000;0.674992;
10.721876;0.000000;-0.000000;0.808022;0.000000;0.675517;
10.722330;0.000000;-0.000000;0.808177;0.000000;0.676042;
10.722785;0.000000;-0.000000;0.808332;0.000000;0.676567;
10.723240;0.000000;-0.000000;0.808487;0.000000;0.677092;
10.723694;0.000000;-0.000000;0.808642;0.000000;0.677617;
10.724149;0.000000;-0.000000;0.808796;0.000000;0.678142;
10.724603;0.000000;-0.000000;0.808950;0.000000;0.678667;
10.725058;0.000000;-0.000000;0.809104;0.000000;0.679192;
10.725512;0.000000;-0.000000;0.809258;0.000000;0.679717;
10.725967;0.000000;-0.000000;0.809412;0.000000;0.680242;
10.726421;0.000000;-0.000000;0.809565;0.000000;0.680767;
10.726876;0.000000;-0.000000;0.809719;0.000000;0.681292;
10.727331;0.000000;-0.000000;0.809872;0.000000;0.681817;
10.727785;0.000000;-0.000000;0.810025;0.000000;0.682342;
10.728240;0.000000;-0.000000;0.810178;0.000000;0.682867;
10.728694;0.000000;-0.000000;0.810330;0.000000;0.683392;
10.729149;0.000000;-0.000000;0.810483;0.000000;0.683917;
10.729603;0.000000;-0.000000;0.810635;0.000000;0.684442;
10.730058;0.000000;-0.000000;0.810787;0.000000;0.684967;
10.730512;0.000000;-0.000000;0.810939;0.000000;0.685492;
10.730967;0.000000;-0.000000;0.811091;0.000000;0.686017;
10.731422;0.000000;-0.000000;0.811242;0.000000;0.686542;
10.731876;0.000000;-0.000000;0.811394;0.000000;0.687067;
10.732331;0.000000;-0.000000;0.811545;0.000000;0.687592;
10.732785;0.000000;-0.000000;0.811696;0.000000;0.688117;
10.733240;0.000000;-0.000000;0.811847;0.000000;0.688642;
10.733694;0.000000;-0.000000;0.811998;0.000000;0.689167;
10.734149;0.000000;-0.000000;0.812148;0.000000;0.689692;
10.735058;0.000000;-0.000000;0.812449;0.000000;0.690742;
10.735876;0.000000;-0.000000;0.812719;0.000000;0.691687;
10.736694;0.000000;-0.000000;0.812988;0.000000;0.692632;
10.737513;0.000000;-0.000000;0.813257;0.000000;0.693577;
10.738331;0.000000;-0.000000;0.813525;0.000000;0.694522;
10.739149;0.000000;-0.000000;0.813793;0.000000;0.695467;
10.739967;0.000000;-0.000000;0.814060;0.000000;0.696412;
10.740786;0.000000;-0.000000;0.814326;0.000000;0.697357;
10.741604;0.000000;-0.000000;0.814592;0.000000;0.698302;
10.742422;0.000000;-0.000000;0.814858;0.000000;0.699247;
10.743240;0.000000;-0.000000;0.815123;0.000000;0.700192;
10.744058;0.000000;-0.000000;0.815387;0.000000;0.701137;
10.744877;0.000000;-0.000000;0.815651;0.000000;0.702082;
10.745695;0.000000;-0.000000;0.815914;0.000000;0.703027;
10.746513;0.000000;-0.000000;0.816177;0.000000;0.703972;
10.747331;0.000000;-0.000000;0.816439;0.000000;0.704918;
10.748149;0.000000;-0.000000;0.816701;0.000000;0.705863;
10.748968;0.000000;-0.000000;0.816962;0.000000;0.706808;
10.749786;0.000000;-0.000000;0.817223;0.000000;0.707753;
10.750604;0.000000;-0.000000;0.817483;0.000000;0.708698;
10.751422;0.000000;-0.000000;0.817742;0.000000;0.709643;
10.752240;0.000000;-0.000000;0.818001;0.000000;0.710588;
10.753877;0.000000;-0.000000;0.818518;0.000000;0.712478;
10.755350;0.000000;-0.000000;0.818981;0.000000;0.714179;
10.756822;0.000000;-0.000000;0.819442;0.000000;0.715880;
10.758295;0.000000;-0.000000;0.819902;0.000000;0.717581;
10.759768;0.000000;-0.000000;0.820360;0.000000;0.719282;
10.761241;0.000000;-0.000000;0.820816;0.000000;0.720983;
10.762713;0.000000;-0.000000;0.821271;0.000000;0.722684;
10.764186;0.000000;-0.000000;0.821724;0.000000;0.724385;
10.765659;0.000000;-0.000000;0.822176;0.000000;0.726086;
10.767132;0.000000;-0.000000;0.822626;0.000000;0.727787;
10.768605;0.000000;-0.000000;0.823074;0.000000;0.729488;
10.770077;0.000000;-0.000000;0.823521;0.000000;0.731189;
10.771550;0.000000;-0.000000;0.823966;0.000000;0.732890;
10.772814;0.000000;-0.000000;0.824346;0.000000;0.734350;
10.772817;0.000000;-0.000000;0.824347;0.000000;0.734354;
10.772821;0.000000;-0.000000;0.824348;0.000000;0.734358;
10.772828;0.000000;-0.000000;0.824351;0.000000;0.734366;
10.772843;0.000000;-0.000000;0.824355;0.000000;0.734383;
10.772872;0.000000;-0.000000;0.824364;0.000000;0.734417;
10.772930;0.000000;-0.000000;0.824381;0.000000;0.734484;
10.773046;0.000000;-0.000000;0.824416;0.000000;0.734618;
10.773279;0.000000;-0.000000;0.824486;0.000000;0.734887;
10.773744;0.000000;-0.000000;0.824626;0.000000;0.735425;
10.774675;0.000000;-0.000000;0.824905;0.000000;0.736500;
10.776537;0.000000;-0.000000;0.825461;0.000000;0.738650;
10.778398;0.000000;-0.000000;0.826014;0.000000;0.740800;
10.782121;0.000000;-0.000000;0.827114;0.000000;0.745100;
10.785844;0.000000;-0.000000;0.828204;0.000000;0.749400;
10.789567;0.000000;-0.000000;0.829284;0.000000;0.753700;
10.793290;0.000000;-0.000000;0.830355;0.000000;0.758000;
10.797013;0.000000;-0.000000;0.831417;0.000000;0.762300;
10.800736;0.000000;-0.000000;0.832469;0.000000;0.766600;
10.804459;0.000000;-0.000000;0.833512;0.000000;0.770900;
10.811905;0.000000;-0.000000;0.835572;0.000000;0.779500;
10.819350;0.000000;-0.000000;0.837596;0.000000;0.788100;
10.826796;0.000000;-0.000000;0.839586;0.000000;0.796700;
10.834242;0.000000;-0.000000;0.841543;0.000000;0.805300;
10.841688;0.000000;-0.000000;0.843467;0.000000;0.813900;
10.849134;0.000000;-0.000000;0.845360;0.000000;0.822500;
10.864026;0.000000;-0.000000;0.849053;0.000000;0.839700;
10.867579;0.000000;-0.000000;0.849916;0.000000;0.843804;
10.867579;0.000000;-0.000000;0.849917;0.000000;0.843804;
10.867580;0.000000;-0.000000;0.849917;0.000000;0.843805;
10.867584;0.000000;-0.000000;0.849918;0.000000;0.843810;
10.867589;0.000000;-0.000000;0.849919;0.000000;0.843815;
10.867598;0.000000;-0.000000;0.849921;0.000000;0.843825;
10.867616;0.000000;-0.000000;0.849925;0.000000;0.843846;
10.867651;0.000000;-0.000000;0.849934;0.000000;0.843887;
10.867723;0.000000;-0.000000;0.849951;0.000000;0.843970;
10.867867;0.000000;-0.000000;0.849986;0.000000;0.844136;
10.868154;0.000000;-0.000000;0.850055;0.000000;0.844468;
10.868728;0.000000;-0.000000;0.850194;0.000000;0.845131;
10.869876;0.000000;-0.000000;0.850471;0.000000;0.846457;
10.872173;0.000000;-0.000000;0.851023;0.000000;0.849110;
10.876766;0.000000;-0.000000;0.852118;0.000000;0.854415;
10.885953;0.000000;-0.000000;0.854277;0.000000;0.865026;
10.895140;0.000000;-0.000000;0.856395;0.000000;0.875636;
10.904326;0.000000;-0.000000;0.858471;0.000000;0.886247;
10.913513;0.000000;-0.000000;0.860509;0.000000;0.896857;
10.922699;0.000000;-0.000000;0.862508;0.000000;0.907468;
10.931886;0.000000;-0.000000;0.864469;0.000000;0.918078;
10.941073;0.000000;-0.000000;0.866395;0.000000;0.928689;
10.950259;0.000000;-0.000000;0.868285;0.000000;0.939300;
10.959446;0.000000;-0.000000;0.870141;0.000000;0.949910;
10.968633;0.000000;-0.000000;0.871964;0.000000;0.960521;
10.977819;0.000000;-0.000000;0.873754;0.000000;0.971131;
10.987006;0.000000;-0.000000;0.875513;0.000000;0.981742;
11.005379;0.000000;-0.000000;0.878938;0.000000;1.002963;
11.021915;0.000000;-0.000000;0.881921;0.000000;1.022062;
11.038451;0.000000;-0.000000;0.884814;0.000000;1.041161;
11.048438;0.000000;-0.000000;0.886520;0.000000;1.052696;
11.048444;0.000000;-0.000000;0.886521;0.000000;1.052703;
11.048451;0.000000;-0.000000;0.886522;0.000000;1.052711;
11.048465;0.000000;-0.000000;0.886524;0.000000;1.052727;
11.048491;0.000000;-0.000000;0.886529;0.000000;1.052758;
11.048545;0.000000;-0.000000;0.886538;0.000000;1.052820;
11.048653;0.000000;-0.000000;0.886556;0.000000;1.052944;
11.048868;0.000000;-0.000000;0.886592;0.000000;1.053193;
11.049299;0.000000;-0.000000;0.886665;0.000000;1.053690;
11.050160;0.000000;-0.000000;0.886810;0.000000;1.054684;
11.050511;0.000000;-0.000000;0.886870;0.000000;1.055090;
11.050517;0.000000;-0.000000;0.886871;0.000000;1.055098;
11.050524;0.000000;-0.000000;0.886872;0.000000;1.055105;
11.050538;0.000000;-0.000000;0.886874;0.000000;1.055121;
11.050565;0.000000;-0.000000;0.886879;0.000000;1.055152;
11.050619;0.000000;-0.000000;0.886888;0.000000;1.055215;
11.050727;0.000000;-0.000000;0.886906;0.000000;1.055339;
11.050943;0.000000;-0.000000;0.886942;0.000000;1.055589;
11.051375;0.000000;-0.000000;0.887015;0.000000;1.056088;
11.051807;0.000000;-0.000000;0.887088;0.000000;1.056587;
11.052240;0.000000;-0.000000;0.887160;0.000000;1.057087;
11.052672;0.000000;-0.000000;0.887233;0.000000;1.057586;
11.053104;0.000000;-0.000000;0.887306;0.000000;1.058085;
11.053536;0.000000;-0.000000;0.887378;0.000000;1.058584;
11.054400;0.000000;-0.000000;0.887523;0.000000;1.059583;
11.055265;0.000000;-0.000000;0.887667;0.000000;1.060581;
11.056129;0.000000;-0.000000;0.887812;0.000000;1.061579;
11.056994;0.000000;-0.000000;0.887956;0.000000;1.062578;
11.058722;0.000000;-0.000000;0.888243;0.000000;1.064574;
11.060451;0.000000;-0.000000;0.888530;0.000000;1.066571;
11.063909;0.000000;-0.000000;0.889101;0.000000;1.070565;
11.070824;0.000000;-0.000000;0.890232;0.000000;1.078551;
11.084654;0.000000;-0.000000;0.892452;0.000000;1.094525;
11.098484;0.000000;-0.000000;0.894619;0.000000;1.110499;
11.112314;0.000000;-0.000000;0.896735;0.000000;1.126473;
11.126144;0.000000;-0.000000;0.898801;0.000000;1.142447;
11.134318;0.000000;-0.000000;0.900000;0.000000;1.151887;
11.134318;0.000000;-0.000000;0.900003;0.000000;1.151887;
11.134326;0.000000;-0.000000;0.900001;0.000000;1.151897;
11.134335;0.000000;-0.000000;0.900002;0.000000;1.151907;
11.134352;0.000000;-0.000000;0.900005;0.000000;1.151926;
11.134385;0.000000;-0.000000;0.900010;0.000000;1.151965;
11.134453;0.000000;-0.000000;0.900019;0.000000;1.152043;
11.134587;0.000000;-0.000000;0.900039;0.000000;1.152198;
11.134857;0.000000;-0.000000;0.900078;0.000000;1.152509;
11.135395;0.000000;-0.000000;0.900157;0.000000;1.153131;
11.136472;0.000000;-0.000000;0.900313;0.000000;1.154376;
11.138627;0.000000;-0.000000;0.900625;0.000000;1.156864;
11.142936;0.000000;-0.000000;0.901246;0.000000;1.161841;
11.144402;0.000000;-0.000000;0.901456;0.000000;1.163534;
11.144403;0.000000;-0.000000;0.901456;0.000000;1.163535;
11.144403;0.000000;-0.000000;0.901456;0.000000;1.163536;
11.144404;0.000000;-0.000000;0.901456;0.000000;1.163537;
11.144405;0.000000;-0.000000;0.901456;0.000000;1.163537;
11.144406;0.000000;-0.000000;0.901456;0.000000;1.163539;
11.144407;0.000000;-0.000000;0.901457;0.000000;1.163540;
11.144409;0.000000;-0.000000;0.901457;0.000000;1.163542;
11.144412;0.000000;-0.000000;0.901457;0.000000;1.163546;
11.144420;0.000000;-0.000000;0.901459;0.000000;1.163555;
11.144436;0.000000;-0.000000;0.901461;0.000000;1.163573;
11.144467;0.000000;-0.000000;0.901465;0.000000;1.163609;
11.144529;0.000000;-0.000000;0.901474;0.000000;1.163680;
11.144652;0.000000;-0.000000;0.901492;0.000000;1.163823;
11.144776;0.000000;-0.000000;0.901509;0.000000;1.163966;
11.144900;0.000000;-0.000000;0.901527;0.000000;1.164109;
11.145024;0.000000;-0.000000;0.901545;0.000000;1.164252;
11.145147;0.000000;-0.000000;0.901563;0.000000;1.164395;
11.145271;0.000000;-0.000000;0.901580;0.000000;1.164538;
11.145395;0.000000;-0.000000;0.901598;0.000000;1.164681;
11.145519;0.000000;-0.000000;0.901616;0.000000;1.164824;
11.145642;0.000000;-0.000000;0.901633;0.000000;1.164967;
11.145766;0.000000;-0.000000;0.901651;0.000000;1.165110;
11.145890;0.000000;-0.000000;0.901669;0.000000;1.165253;
11.146014;0.000000;-0.000000;0.901686;0.000000;1.165396;
11.146137;0.000000;-0.000000;0.901704;0.000000;1.165539;
11.146261;0.000000;-0.000000;0.901722;0.000000;1.165682;
11.146385;0.000000;-0.000000;0.901739;0.000000;1.165825;
11.146633;0.000000;-0.000000;0.901775;0.000000;1.166111;
11.146855;0.000000;-0.000000;0.901806;0.000000;1.166368;
11.147078;0.000000;-0.000000;0.901838;0.000000;1.166625;
11.147301;0.000000;-0.000000;0.901870;0.000000;1.166883;
11.147524;0.000000;-0.000000;0.901902;0.000000;1.167140;
11.147746;0.000000;-0.000000;0.901933;0.000000;1.167397;
11.147969;0.000000;-0.000000;0.901965;0.000000;1.167654;
11.148192;0.000000;-0.000000;0.901997;0.000000;1.167912;
11.148415;0.000000;-0.000000;0.902029;0.000000;1.168169;
11.148860;0.000000;-0.000000;0.902092;0.000000;1.168684;
11.149306;0.000000;-0.000000;0.902155;0.000000;1.169198;
11.149751;0.000000;-0.000000;0.902218;0.000000;1.169713;
11.149998;0.000000;-0.000000;0.902241;0.000000;1.169900;
11.149998;0.000000;-0.000000;0.902254;0.000000;1.170000;
11.149999;0.000000;-0.000000;0.902254;0.000000;1.170000;
11.150000;0.000000;-0.000000;0.902254;0.000000;1.170000;
11.150003;0.000000;-0.000000;0.902254;0.000000;1.170000;
11.150009;0.000000;-0.000000;0.902254;0.000000;1.170000;
11.150019;0.000000;-0.000000;0.902254;0.000000;1.170000;
11.150041;0.000000;-0.000000;0.902254;0.000000;1.170000;
11.150084;0.000000;-0.000000;0.902254;0.000000;1.170000;
11.150170;0.000000;-0.000000;0.902254;0.000000;1.170000;
11.150342;0.000000;-0.000000;0.902254;0.000000;1.170000;
11.150687;0.000000;-0.000000;0.902254;0.000000;1.170000;
11.151031;0.000000;-0.000000;0.902254;0.000000;1.170000;
11.151376;0.000000;-0.000000;0.902254;0.000000;1.170000;
11.151720;0.000000;-0.000000;0.902254;0.000000;1.170000;
11.152409;0.000000;-0.000000;0.902254;0.000000;1.170000;
11.153029;0.000000;-0.000000;0.902254;0.000000;1.170000;
11.153649;0.000000;-0.000000;0.902254;0.000000;1.170000;
11.154270;0.000000;-0.000000;0.902254;0.000000;1.170000;
11.154890;0.000000;-0.000000;0.902254;0.000000;1.170000;
11.155510;0.000000;-0.000000;0.902254;0.000000;1.170000;
11.155555;0.000000;-0.000000;0.902254;0.000000;1.170000;
11.155556;0.000000;-0.000000;0.902254;0.000000;1.170000;
11.155558;0.000000;-0.000000;0.902254;0.000000;1.170000;
11.155560;0.000000;-0.000000;0.902254;0.000000;1.170000;
11.155565;0.000000;-0.000000;0.902254;0.000000;1.170000;
11.155576;0.000000;-0.000000;0.902254;0.000000;1.170000;
11.155597;0.000000;-0.000000;0.902254;0.000000;1.170000;
11.155639;0.000000;-0.000000;0.902254;0.000000;1.170000;
11.155723;0.000000;-0.000000;0.902254;0.000000;1.170000;
11.155891;0.000000;-0.000000;0.902254;0.000000;1.170000;
11.156226;0.000000;-0.000000;0.902254;0.000000;1.170000;
11.156897;0.000000;-0.000000;0.902254;0.000000;1.170000;
11.157569;0.000000;-0.000000;0.902254;0.000000;1.170000;
11.158240;0.000000;-0.000000;0.902254;0.000000;1.170000;
11.158911;0.000000;-0.000000;0.902254;0.000000;1.170000;
11.159582;0.000000;-0.000000;0.902254;0.000000;1.170000;
11.160253;0.000000;-0.000000;0.902254;0.000000;1.170000;
11.160925;0.000000;-0.000000;0.902254;0.000000;1.170000;
11.161596;0.000000;-0.000000;0.902254;0.000000;1.170000;
11.162267;0.000000;-0.000000;0.902254;0.000000;1.170000;
11.162938;0.000000;-0.000000;0.902254;0.000000;1.170000;
11.163609;0.000000;-0.000000;0.902254;0.000000;1.170000;
11.164281;0.000000;-0.000000;0.902254;0.000000;1.170000;
11.164952;0.000000;-0.000000;0.902254;0.000000;1.170000;
11.165623;0.000000;-0.000000;0.902254;0.000000;1.170000;
11.166294;0.000000;-0.000000;0.902254;0.000000;1.170000;
11.166965;0.000000;-0.000000;0.902254;0.000000;1.170000;
11.167637;0.000000;-0.000000;0.902254;0.000000;1.170000;
11.168308;0.000000;-0.000000;0.902254;0.000000;1.170000;
11.168979;0.000000;-0.000000;0.902254;0.000000;1.170000;
11.169650;0.000000;-0.000000;0.902254;0.000000;1.170000;
11.170321;0.000000;-0.000000;0.902254;0.000000;1.170000;
11.170993;0.000000;-0.000000;0.902254;0.000000;1.170000;
11.172335;0.000000;-0.000000;0.902254;0.000000;1.170000;
11.173543;0.000000;-0.000000;0.902254;0.000000;1.170000;
11.174751;0.000000;-0.000000;0.902254;0.000000;1.170000;
11.175960;0.000000;-0.000000;0.902254;0.000000;1.170000;
11.177168;0.000000;-0.000000;0.902254;0.000000;1.170000;
11.178376;0.000000;-0.000000;0.902254;0.000000;1.170000;
11.179584;0.000000;-0.000000;0.902254;0.000000;1.170000;
11.180792;0.000000;-0.000000;0.902254;0.000000;1.170000;
11.182001;0.000000;-0.000000;0.902254;0.000000;1.170000;
11.183209;0.000000;-0.000000;0.902254;0.000000;1.170000;
11.184417;0.000000;-0.000000;0.902254;0.000000;1.170000;
11.185625;0.000000;-0.000000;0.902254;0.000000;1.170000;
11.186833;0.000000;-0.000000;0.902254;0.000000;1.170000;
11.188041;0.000000;-0.000000;0.902254;0.000000;1.170000;
11.189250;0.000000;-0.000000;0.902254;0.000000;1.170000;
11.190458;0.000000;-0.000000;0.902254;0.000000;1.170000;
11.191666;0.000000;-0.000000;0.902254;0.000000;1.170000;
11.192874;0.000000;-0.000000;0.902254;0.000000;1.170000;
11.194082;0.000000;-0.000000;0.902254;0.000000;1.170000;
11.195290;0.000000;-0.000000;0.902254;0.000000;1.170000;
11.196499;0.000000;-0.000000;0.902254;0.000000;1.170000;
11.197707;0.000000;-0.000000;0.902254;0.000000;1.170000;
11.198915;0.000000;-0.000000;0.902254;0.000000;1.170000;
11.200123;0.000000;-0.000000;0.902254;0.000000;1.170000;
11.201331;0.000000;-0.000000;0.902254;0.000000;1.170000;
11.203748;0.000000;-0.000000;0.902254;0.000000;1.170000;
11.205922;0.000000;-0.000000;0.902254;0.000000;1.170000;
11.208097;0.000000;-0.000000;0.902254;0.000000;1.170000;
11.210272;0.000000;-0.000000;0.902254;0.000000;1.170000;
11.212447;0.000000;-0.000000;0.902254;0.000000;1.170000;
11.214621;0.000000;-0.000000;0.902254;0.000000;1.170000;
11.216796;0.000000;-0.000000;0.902254;0.000000;1.170000;
11.218971;0.000000;-0.000000;0.902254;0.000000;1.170000;
11.221145;0.000000;-0.000000;0.902254;0.000000;1.170000;
11.223320;0.000000;-0.000000;0.902254;0.000000;1.170000;
11.225495;0.000000;-0.000000;0.902254;0.000000;1.170000;
11.227670;0.000000;-0.000000;0.902254;0.000000;1.170000;
11.229844;0.000000;-0.000000;0.902254;0.000000;1.170000;
11.232019;0.000000;-0.000000;0.902254;0.000000;1.170000;
11.232773;0.000000;-0.000000;0.902254;0.000000;1.170000;
11.232775;0.000000;-0.000000;0.902254;0.000000;1.170000;
11.232778;0.000000;-0.000000;0.902254;0.000000;1.170000;
11.232783;0.000000;-0.000000;0.902254;0.000000;1.170000;
11.232792;0.000000;-0.000000;0.902254;0.000000;1.170000;
11.232811;0.000000;-0.000000;0.902254;0.000000;1.170000;
11.232849;0.000000;-0.000000;0.902254;0.000000;1.170000;
11.232925;0.000000;-0.000000;0.902254;0.000000;1.170000;
11.233077;0.000000;-0.000000;0.902254;0.000000;1.170000;
11.233377;0.000000;-0.000000;0.902254;0.000000;1.170000;
11.233379;0.000000;-0.000000;0.902254;0.000000;1.170000;
11.233382;0.000000;-0.000000;0.902254;0.000000;1.170000;
11.233387;0.000000;-0.000000;0.902254;0.000000;1.170000;
11.233396;0.000000;-0.000000;0.902254;0.000000;1.170000;
11.233415;0.000000;-0.000000;0.902254;0.000000;1.170000;
11.233454;0.000000;-0.000000;0.902254;0.000000;1.170000;
11.233531;0.000000;-0.000000;0.902254;0.000000;1.170000;
11.233684;0.000000;-0.000000;0.902254;0.000000;1.170000;
11.233992;0.000000;-0.000000;0.902254;0.000000;1.170000;
11.234606;0.000000;-0.000000;0.902254;0.000000;1.170000;
11.235836;0.000000;-0.000000;0.902254;0.000000;1.170000;
11.238295;0.000000;-0.000000;0.902254;0.000000;1.170000;
11.240753;0.000000;-0.000000;0.902254;0.000000;1.170000;
11.243212;0.000000;-0.000000;0.902254;0.000000;1.170000;
11.245671;0.000000;-0.000000;0.902254;0.000000;1.170000;
11.248129;0.000000;-0.000000;0.902254;0.000000;1.170000;
11.250588;0.000000;-0.000000;0.902254;0.000000;1.170000;
11.253047;0.000000;-0.000000;0.902254;0.000000;1.170000;
11.255506;0.000000;-0.000000;0.902254;0.000000;1.170000;
11.257964;0.000000;-0.000000;0.902254;0.000000;1.170000;
11.260423;0.000000;-0.000000;0.902254;0.000000;1.170000;
11.262882;0.000000;-0.000000;0.902254;0.000000;1.170000;
11.265341;0.000000;-0.000000;0.902254;0.000000;1.170000;
11.267799;0.000000;-0.000000;0.902254;0.000000;1.170000;
11.270258;0.000000;-0.000000;0.902254;0.000000;1.170000;
11.272717;0.000000;-0.000000;0.902254;0.000000;1.170000;
11.275175;0.000000;-0.000000;0.902254;0.000000;1.170000;
11.277634;0.000000;-0.000000;0.902254;0.000000;1.170000;
11.280093;0.000000;-0.000000;0.902254;0.000000;1.170000;
11.282552;0.000000;-0.000000;0.902254;0.000000;1.170000;
11.285010;0.000000;-0.000000;0.902254;0.000000;1.170000;
11.287469;0.000000;-0.000000;0.902254;0.000000;1.170000;
11.289928;0.000000;-0.000000;0.902254;0.000000;1.170000;
11.292387;0.000000;-0.000000;0.902254;0.000000;1.170000;
11.294845;0.000000;-0.000000;0.902254;0.000000;1.170000;
11.297304;0.000000;-0.000000;0.902254;0.000000;1.170000;
11.299763;0.000000;-0.000000;0.902254;0.000000;1.170000;
11.302221;0.000000;-0.000000;0.902254;0.000000;1.170000;
11.304680;0.000000;-0.000000;0.902254;0.000000;1.170000;
11.307139;0.000000;-0.000000;0.902254;0.000000;1.170000;
11.312056;0.000000;-0.000000;0.902254;0.000000;1.170000;
11.316482;0.000000;-0.000000;0.902254;0.000000;1.170000;
11.320908;0.000000;-0.000000;0.902254;0.000000;1.170000;
11.325333;0.000000;-0.000000;0.902254;0.000000;1.170000;
11.329759;0.000000;-0.000000;0.902254;0.000000;1.170000;
11.334185;0.000000;-0.000000;0.902254;0.000000;1.170000;
11.338611;0.000000;-0.000000;0.902254;0.000000;1.170000;
11.343036;0.000000;-0.000000;0.902254;0.000000;1.170000;
11.347462;0.000000;-0.000000;0.902254;0.000000;1.170000;
11.351888;0.000000;-0.000000;0.902254;0.000000;1.170000;
11.356313;0.000000;-0.000000;0.902254;0.000000;1.170000;
11.360739;0.000000;-0.000000;0.902254;0.000000;1.170000;
11.365165;0.000000;-0.000000;0.902254;0.000000;1.170000;
11.369591;0.000000;-0.000000;0.902254;0.000000;1.170000;
11.374016;0.000000;-0.000000;0.902254;0.000000;1.170000;
11.378442;0.000000;-0.000000;0.902254;0.000000;1.170000;
11.382868;0.000000;-0.000000;0.902254;0.000000;1.170000;
11.387293;0.000000;-0.000000;0.902254;0.000000;1.170000;
11.391719;0.000000;-0.000000;0.902254;0.000000;1.170000;
11.396145;0.000000;-0.000000;0.902254;0.000000;1.170000;
11.404996;0.000000;-0.000000;0.902254;0.000000;1.170000;
11.412963;0.000000;-0.000000;0.902254;0.000000;1.170000;
11.420929;0.000000;-0.000000;0.902254;0.000000;1.170000;
11.428895;0.000000;-0.000000;0.902254;0.000000;1.170000;
11.436861;0.000000;-0.000000;0.902254;0.000000;1.170000;
11.444828;0.000000;-0.000000;0.902254;0.000000;1.170000;
11.452794;0.000000;-0.000000;0.902254;0.000000;1.170000;
11.460760;0.000000;-0.000000;0.902254;0.000000;1.170000;
11.468726;0.000000;-0.000000;0.902254;0.000000;1.170000;
11.476693;0.000000;-0.000000;0.902254;0.000000;1.170000;
11.484659;0.000000;-0.000000;0.902254;0.000000;1.170000;
11.491999;0.000000;-0.000000;0.902254;0.000000;1.170000;
11.492006;0.000000;-0.000000;0.902254;0.000000;1.170000;
11.492013;0.000000;-0.000000;0.902254;0.000000;1.170000;
11.492027;0.000000;-0.000000;0.902254;0.000000;1.170000;
11.492055;0.000000;-0.000000;0.902254;0.000000;1.170000;
11.492093;0.000000;-0.000000;0.902254;0.000000;1.170000;
11.492100;0.000000;-0.000000;0.902254;0.000000;1.170000;
11.492107;0.000000;-0.000000;0.902254;0.000000;1.170000;
11.492121;0.000000;-0.000000;0.902254;0.000000;1.170000;
11.492149;0.000000;-0.000000;0.902254;0.000000;1.170000;
11.492205;0.000000;-0.000000;0.902254;0.000000;1.170000;
11.492316;0.000000;-0.000000;0.902254;0.000000;1.170000;
11.492538;0.000000;-0.000000;0.902254;0.000000;1.170000;
11.492983;0.000000;-0.000000;0.902254;0.000000;1.170000;
11.493872;0.000000;-0.000000;0.902254;0.000000;1.170000;
11.495651;0.000000;-0.000000;0.902254;0.000000;1.170000;
11.499208;0.000000;-0.000000;0.902254;0.000000;1.170000;
11.502013;0.000000;-0.000000;0.902254;0.000000;1.170000;
11.502020;0.000000;-0.000000;0.902254;0.000000;1.170000;
11.502027;0.000000;-0.000000;0.902254;0.000000;1.170000;
11.502041;0.000000;-0.000000;0.902254;0.000000;1.170000;
11.502069;0.000000;-0.000000;0.902254;0.000000;1.170000;
11.502125;0.000000;-0.000000;0.902254;0.000000;1.170000;
11.502237;0.000000;-0.000000;0.902254;0.000000;1.170000;
11.502461;0.000000;-0.000000;0.902254;0.000000;1.170000;
11.502909;0.000000;-0.000000;0.902254;0.000000;1.170000;
11.503804;0.000000;-0.000000;0.902254;0.000000;1.170000;
11.505595;0.000000;-0.000000;0.902254;0.000000;1.170000;
11.509178;0.000000;-0.000000;0.902254;0.000000;1.170000;
11.516342;0.000000;-0.000000;0.902254;0.000000;1.170000;
11.530671;0.000000;-0.000000;0.902254;0.000000;1.170000;
11.542306;0.000000;-0.000000;0.902254;0.000000;1.170000;
11.542314;0.000000;-0.000000;0.902254;0.000000;1.170000;
11.542321;0.000000;-0.000000;0.902254;0.000000;1.170000;
11.542335;0.000000;-0.000000;0.902254;0.000000;1.170000;
11.542364;0.000000;-0.000000;0.902254;0.000000;1.170000;
11.542421;0.000000;-0.000000;0.902254;0.000000;1.170000;
11.542536;0.000000;-0.000000;0.902254;0.000000;1.170000;
11.542766;0.000000;-0.000000;0.902254;0.000000;1.170000;
11.542996;0.000000;-0.000000;0.902254;0.000000;1.170000;
11.543456;0.000000;-0.000000;0.902254;0.000000;1.170000;
11.543869;0.000000;-0.000000;0.902254;0.000000;1.170000;
11.544283;0.000000;-0.000000;0.902254;0.000000;1.170000;
11.544697;0.000000;-0.000000;0.902254;0.000000;1.170000;
11.545111;0.000000;-0.000000;0.902254;0.000000;1.170000;
11.545524;0.000000;-0.000000;0.902254;0.000000;1.170000;
11.546352;0.000000;-0.000000;0.902254;0.000000;1.170000;
11.547179;0.000000;-0.000000;0.902254;0.000000;1.170000;
11.548007;0.000000;-0.000000;0.902254;0.000000;1.170000;
11.548834;0.000000;-0.000000;0.902254;0.000000;1.170000;
11.550489;0.000000;-0.000000;0.902254;0.000000;1.170000;
11.552144;0.000000;-0.000000;0.902254;0.000000;1.170000;
11.553799;0.000000;-0.000000;0.902254;0.000000;1.170000;
11.555454;0.000000;-0.000000;0.902254;0.000000;1.170000;
11.557109;0.000000;-0.000000;0.902254;0.000000;1.170000;
11.558764;0.000000;-0.000000;0.902254;0.000000;1.170000;
11.560419;0.000000;-0.000000;0.902254;0.000000;1.170000;
11.562074;0.000000;-0.000000;0.902254;0.000000;1.170000;
11.563729;0.000000;-0.000000;0.902254;0.000000;1.170000;
11.565384;0.000000;-0.000000;0.902254;0.000000;1.170000;
11.568694;0.000000;-0.000000;0.902254;0.000000;1.170000;
11.572004;0.000000;-0.000000;0.902254;0.000000;1.170000;
11.575314;0.000000;-0.000000;0.902254;0.000000;1.170000;
11.578623;0.000000;-0.000000;0.902254;0.000000;1.170000;
11.581933;0.000000;-0.000000;0.902254;0.000000;1.170000;
11.585243;0.000000;-0.000000;0.902254;0.000000;1.170000;
11.588553;0.000000;-0.000000;0.902254;0.000000;1.170000;
11.595173;0.000000;-0.000000;0.902254;0.000000;1.170000;
11.601793;0.000000;-0.000000;0.902254;0.000000;1.170000;
11.608413;0.000000;-0.000000;0.902254;0.000000;1.170000;
11.615033;0.000000;-0.000000;0.902254;0.000000;1.170000;
11.621652;0.000000;-0.000000;0.902254;0.000000;1.170000;
11.634892;0.000000;-0.000000;0.902254;0.000000;1.170000;
11.648132;0.000000;-0.000000;0.902254;0.000000;1.170000;
11.674611;0.000000;-0.000000;0.902254;0.000000;1.170000;
11.695705;0.000000;-0.000000;0.902254;0.000000;1.170000;
11.695710;0.000000;-0.000000;0.902254;0.000000;1.170000;
11.695715;0.000000;-0.000000;0.902254;0.000000;1.170000;
11.695726;0.000000;-0.000000;0.902254;0.000000;1.170000;
11.695746;0.000000;-0.000000;0.902254;0.000000;1.170000;
11.695788;0.000000;-0.000000;0.902254;0.000000;1.170000;
11.695870;0.000000;-0.000000;0.902254;0.000000;1.170000;
11.696036;0.000000;-0.000000;0.902254;0.000000;1.170000;
11.696367;0.000000;-0.000000;0.902254;0.000000;1.170000;
11.696698;0.000000;-0.000000;0.902254;0.000000;1.170000;
11.696902;0.000000;-0.000000;0.902254;0.000000;1.170000;
11.696908;0.000000;-0.000000;0.902254;0.000000;1.170000;
11.696913;0.000000;-0.000000;0.902254;0.000000;1.170000;
11.696924;0.000000;-0.000000;0.902254;0.000000;1.170000;
11.696946;0.000000;-0.000000;0.902254;0.000000;1.170000;
11.696990;0.000000;-0.000000;0.902254;0.000000;1.170000;
11.697077;0.000000;-0.000000;0.902254;0.000000;1.170000;
11.697253;0.000000;-0.000000;0.902254;0.000000;1.170000;
11.697603;0.000000;-0.000000;0.902254;0.000000;1.170000;
11.697953;0.000000;-0.000000;0.902254;0.000000;1.170000;
11.698654;0.000000;-0.000000;0.902254;0.000000;1.170000;
11.699355;0.000000;-0.000000;0.902254;0.000000;1.170000;
11.700056;0.000000;-0.000000;0.902254;0.000000;1.170000;
11.700757;0.000000;-0.000000;0.902254;0.000000;1.170000;
11.702159;0.000000;-0.000000;0.902254;0.000000;1.170000;
11.703561;0.000000;-0.000000;0.902254;0.000000;1.170000;
11.704963;0.000000;-0.000000;0.902254;0.000000;1.170000;
11.706365;0.000000;-0.000000;0.902254;0.000000;1.170000;
11.707766;0.000000;-0.000000;0.902254;0.000000;1.170000;
11.709168;0.000000;-0.000000;0.902254;0.000000;1.170000;
11.710570;0.000000;-0.000000;0.902254;0.000000;1.170000;
11.711972;0.000000;-0.000000;0.902254;0.000000;1.170000;
11.714776;0.000000;-0.000000;0.902254;0.000000;1.170000;
11.717579;0.000000;-0.000000;0.902254;0.000000;1.170000;
11.720383;0.000000;-0.000000;0.902254;0.000000;1.170000;
11.723187;0.000000;-0.000000;0.902254;0.000000;1.170000;
11.725990;0.000000;-0.000000;0.902254;0.000000;1.170000;
11.728794;0.000000;-0.000000;0.902254;0.000000;1.170000;
11.731598;0.000000;-0.000000;0.902254;0.000000;1.170000;
11.734401;0.000000;-0.000000;0.902254;0.000000;1.170000;
11.740009;0.000000;-0.000000;0.902254;0.000000;1.170000;
11.745616;0.000000;-0.000000;0.902254;0.000000;1.170000;
11.751224;0.000000;-0.000000;0.902254;0.000000;1.170000;
11.756831;0.000000;-0.000000;0.902254;0.000000;1.170000;
11.762438;0.000000;-0.000000;0.902254;0.000000;1.170000;
11.773653;0.000000;-0.000000;0.902254;0.000000;1.170000;
11.784868;0.000000;-0.000000;0.902254;0.000000;1.170000;
11.796082;0.000000;-0.000000;0.902254;0.000000;1.170000;
11.818512;0.000000;-0.000000;0.902254;0.000000;1.170000;
11.840941;0.000000;-0.000000;0.902254;0.000000;1.170000;
11.863371;0.000000;-0.000000;0.902254;0.000000;1.170000;
11.908230;0.000000;-0.000000;0.902254;0.000000;1.170000;
11.953089;0.000000;-0.000000;0.902254;0.000000;1.170000;
11.997948;0.000000;-0.000000;0.902254;0.000000;1.170000;
12.087666;0.000000;-0.000000;0.902254;0.000000;1.170000;
12.177384;0.000000;-0.000000;0.902254;0.000000;1.170000;
12.267101;0.000000;-0.000000;0.902254;0.000000;1.170000;
12.356819;0.000000;-0.000000;0.902254;0.000000;1.170000;
12.446537;0.000000;-0.000000;0.902254;0.000000;1.170000;
12.536255;0.000000;-0.000000;0.902254;0.000000;1.170000;
12.625973;0.000000;-0.000000;0.902254;0.000000;1.170000;
12.715691;0.000000;-0.000000;0.902254;0.000000;1.170000;
12.805409;0.000000;-0.000000;0.902254;0.000000;1.170000;
12.895127;0.000000;-0.000000;0.902254;0.000000;1.170000;
12.984845;0.000000;-0.000000;0.902254;0.000000;1.170000;
13.074563;0.000000;-0.000000;0.902254;0.000000;1.170000;
13.164281;0.000000;-0.000000;0.902254;0.000000;1.170000;
13.253998;0.000000;-0.000000;0.902254;0.000000;1.170000;
13.343716;0.000000;-0.000000;0.902254;0.000000;1.170000;
13.433434;0.000000;-0.000000;0.902254;0.000000;1.170000;
13.523152;0.000000;-0.000000;0.902254;0.000000;1.170000;
13.612870;0.000000;-0.000000;0.902254;0.000000;1.170000;
13.792306;0.000000;-0.000000;0.902254;0.000000;1.170000;
13.953798;0.000000;-0.000000;0.902254;0.000000;1.170000;
14.115290;0.000000;-0.000000;0.902254;0.000000;1.170000;
14.276783;0.000000;-0.000000;0.902254;0.000000;1.170000;
14.438275;0.000000;-0.000000;0.902254;0.000000;1.170000;
14.599767;0.000000;-0.000000;0.902254;0.000000;1.170000;
14.761259;0.000000;-0.000000;0.902254;0.000000;1.170000;
14.922751;0.000000;-0.000000;0.902254;0.000000;1.170000;
14.999997;0.000000;-0.000000;0.902254;0.000000;1.170000;
14.999997;0.000000;-0.000000;1.073040;0.000000;10000.000000;
14.999998;0.000000;-0.000000;1.073040;0.000000;10000.000000;
14.999999;0.000000;-0.000000;1.073040;0.000000;10000.000000;
15.000000;0.000000;-0.000000;1.073040;0.000000;10000.000000;
15.000001;0.000000;-0.000000;1.073040;0.000000;10000.000000;
15.000002;0.000000;-0.000000;1.073040;0.000000;10000.000000;
15.000006;0.000000;-0.000000;1.073040;0.000000;10000.000000;
15.000011;0.000000;-0.000000;1.073040;0.000000;10000.000000;
15.000012;0.000000;-0.000000;1.073040;0.000000;10000.000000;
15.000013;0.000000;-0.000000;1.073040;0.000000;10000.000000;
15.000015;0.000000;-0.000000;1.073040;0.000000;10000.000000;
15.000018;0.000000;-0.000000;1.073040;0.000000;10000.000000;
15.000025;0.000000;-0.000000;1.073040;0.000000;10000.000000;
15.000039;0.000000;-0.000000;1.073040;0.000000;10000.000000;
15.000058;0.000000;-0.000000;1.073040;0.000000;10000.000000;
15.000059;0.000000;-0.000000;1.073040;0.000000;10000.000000;
15.000060;0.000000;-0.000000;1.073040;0.000000;10000.000000;
15.000062;0.000000;-0.000000;1.073040;0.000000;10000.000000;
15.000066;0.000000;-0.000000;1.073040;0.000000;10000.000000;
15.000073;0.000000;-0.000000;1.073040;0.000000;10000.000000;
15.000088;0.000000;-0.000000;1.073040;0.000000;10000.000000;
15.000114;0.000000;-0.000000;1.073040;0.000000;10000.000000;
15.000115;0.000000;-0.000000;1.073040;0.000000;10000.000000;
15.000116;0.000000;-0.000000;1.073040;0.000000;10000.000000;
15.000117;0.000000;-0.000000;1.073040;0.000000;10000.000000;
15.000118;0.000000;-0.000000;1.073040;0.000000;10000.000000;
15.000119;0.000000;-0.000000;1.073040;0.000000;10000.000000;
15.000121;0.000000;-0.000000;1.073040;0.000000;10000.000000;
15.000125;0.000000;-0.000000;1.073040;0.000000;10000.000000;
15.000134;0.000000;-0.000000;1.073040;0.000000;10000.000000;
15.000135;0.000000;-0.000000;1.073040;0.000000;10000.000000;
15.000136;0.000000;-0.000000;1.073040;0.000000;10000.000000;
15.000137;0.000000;-0.000000;1.073040;0.000000;10000.000000;
15.000139;0.000000;-0.000000;1.073040;0.000000;10000.000000;
15.000144;0.000000;-0.000000;1.073040;0.000000;10000.000000;
15.000152;0.000000;-0.000000;1.073040;0.000000;10000.000000;
15.000170;0.000000;-0.000000;1.073040;0.000000;10000.000000;
15.000205;0.000000;-0.000000;1.073040;0.000000;10000.000000;
15.000230;0.000000;-0.000000;1.073040;0.000000;10000.000000;
15.000231;0.000000;-0.000000;1.073040;0.000000;10000.000000;
15.000232;0.000000;-0.000000;1.073040;0.000000;10000.000000;
15.000235;0.000000;-0.000000;1.073040;0.000000;10000.000000;
15.000238;0.000000;-0.000000;1.073040;0.000000;10000.000000;
15.000239;0.000000;-0.000000;1.073040;0.000000;10000.000000;
15.000240;0.000000;-0.000000;1.073040;0.000000;10000.000000;
15.000243;0.000000;-0.000000;1.073040;0.000000;10000.000000;
15.000248;0.000000;-0.000000;1.073040;0.000000;10000.000000;
15.000259;0.000000;-0.000000;1.073040;0.000000;10000.000000;
15.000279;0.000000;-0.000000;1.073040;0.000000;10000.000000;
15.000321;0.000000;-0.000000;1.073040;0.000000;10000.000000;
15.000362;0.000000;-0.000000;1.073040;0.000000;10000.000000;
15.000404;0.000000;-0.000000;1.073040;0.000000;10000.000000;
15.000445;0.000000;-0.000000;1.073040;0.000000;10000.000000;
15.000487;0.000000;-0.000000;1.073040;0.000000;10000.000000;
15.000528;0.000000;-0.000000;1.073040;0.000000;10000.000000;
15.000569;0.000000;-0.000000;1.073040;0.000000;10000.000000;
15.000611;0.000000;-0.000000;1.073040;0.000000;10000.000000;
15.000652;0.000000;-0.000000;1.073040;0.000000;10000.000000;
15.000694;0.000000;-0.000000;1.073040;0.000000;10000.000000;
15.000777;0.000000;-0.000000;1.073040;0.000000;10000.000000;
15.000851;0.000000;-0.000000;1.073040;0.000000;10000.000000;
15.000926;0.000000;-0.000000;1.073040;0.000000;10000.000000;
15.001001;0.000000;-0.000000;1.073040;0.000000;10000.000000;
15.001075;0.000000;-0.000000;1.073040;0.000000;10000.000000;
15.001121;0.000000;-0.000000;1.073040;0.000000;10000.000000;
15.001122;0.000000;-0.000000;1.073040;0.000000;10000.000000;
15.001123;0.000000;-0.000000;1.073040;0.000000;10000.000000;
15.001124;0.000000;-0.000000;1.073040;0.000000;10000.000000;
15.001126;0.000000;-0.000000;1.073040;0.000000;10000.000000;
15.001132;0.000000;-0.000000;1.073040;0.000000;10000.000000;
15.001138;0.000000;-0.000000;1.073040;0.000000;10000.000000;
15.001139;0.000000;-0.000000;1.073040;0.000000;10000.000000;
15.001140;0.000000;-0.000000;1.073040;0.000000;10000.000000;
15.001141;0.000000;-0.000000;1.073040;0.000000;10000.000000;
15.001143;0.000000;-0.000000;1.073040;0.000000;10000.000000;
15.001149;0.000000;-0.000000;1.073040;0.000000;10000.000000;
15.001159;0.000000;-0.000000;1.073040;0.000000;10000.000000;
15.001179;0.000000;-0.000000;1.073040;0.000000;10000.000000;
15.001221;0.000000;-0.000000;1.073040;0.000000;10000.000000;
15.001303;0.000000;-0.000000;1.073040;0.000000;10000.000000;
15.001385;0.000000;-0.000000;1.073040;0.000000;10000.000000;
15.001467;0.000000;-0.000000;1.073040;0.000000;10000.000000;
15.001549;0.000000;-0.000000;1.073040;0.000000;10000.000000;
15.001632;0.000000;-0.000000;1.073040;0.000000;10000.000000;
15.001714;0.000000;-0.000000;1.073040;0.000000;10000.000000;
15.001742;0.000000;-0.000000;1.073040;0.000000;10000.000000;
15.001743;0.000000;-0.000000;1.073040;0.000000;10000.000000;
15.001744;0.000000;-0.000000;1.073040;0.000000;10000.000000;
15.001745;0.000000;-0.000000;1.073040;0.000000;10000.000000;
15.001748;0.000000;-0.000000;1.073040;0.000000;10000.000000;
15.001753;0.000000;-0.000000;1.073040;0.000000;10000.000000;
15.001764;0.000000;-0.000000;1.073040;0.000000;10000.000000;
15.001785;0.000000;-0.000000;1.073040;0.000000;10000.000000;
15.001827;0.000000;-0.000000;1.073040;0.000000;10000.000000;
15.001913;0.000000;-0.000000;1.073040;0.000000;10000.000000;
15.001998;0.000000;-0.000000;1.073040;0.000000;10000.000000;
15.002083;0.000000;-0.000000;1.073040;0.000000;10000.000000;
15.002168;0.000000;-0.000000;1.073040;0.000000;10000.000000;
15.002254;0.000000;-0.000000;1.073040;0.000000;10000.000000;
15.002339;0.000000;-0.000000;1.073040;0.000000;10000.000000;
15.002424;0.000000;-0.000000;1.073040;0.000000;10000.000000;
15.002509;0.000000;-0.000000;1.073040;0.000000;10000.000000;
15.002594;0.000000;-0.000000;1.073040;0.000000;10000.000000;
15.002765;0.000000;-0.000000;1.073040;0.000000;10000.000000;
15.002935;0.000000;-0.000000;1.073040;0.000000;10000.000000;
15.003106;0.000000;-0.000000;1.073040;0.000000;10000.000000;
15.003276;0.000000;-0.000000;1.073040;0.000000;10000.000000;
15.003353;0.000000;-0.000000;1.073040;0.000000;10000.000000;
15.003430;0.000000;-0.000000;1.073040;0.000000;10000.000000;
15.003507;0.000000;-0.000000;1.073040;0.000000;10000.000000;
15.003583;0.000000;-0.000000;1.073040;0.000000;10000.000000;
15.003737;0.000000;-0.000000;1.073040;0.000000;10000.000000;
15.003891;0.000000;-0.000000;1.073040;0.000000;10000.000000;
15.004044;0.000000;-0.000000;1.073040;0.000000;10000.000000;
15.004198;0.000000;-0.000000;1.073040;0.000000;10000.000000;
15.004351;0.000000;-0.000000;1.073040;0.000000;10000.000000;
15.004505;0.000000;-0.000000;1.073040;0.000000;10000.000000;
15.004659;0.000000;-0.000000;1.073040;0.000000;10000.000000;
15.004812;0.000000;-0.000000;1.073040;0.000000;10000.000000;
15.004966;0.000000;-0.000000;1.073040;0.000000;10000.000000;
15.005120;0.000000;-0.000000;1.073040;0.000000;10000.000000;
15.005273;0.000000;-0.000000;1.073040;0.000000;10000.000000;
15.005427;0.000000;-0.000000;1.073040;0.000000;10000.000000;
15.005580;0.000000;-0.000000;1.073040;0.000000;10000.000000;
15.005734;0.000000;-0.000000;1.073040;0.000000;10000.000000;
15.005888;0.000000;-0.000000;1.073040;0.000000;10000.000000;
15.006041;0.000000;-0.000000;1.073040;0.000000;10000.000000;
15.006195;0.000000;-0.000000;1.073040;0.000000;10000.000000;
15.006348;0.000000;-0.000000;1.073040;0.000000;10000.000000;
15.006502;0.000000;-0.000000;1.073040;0.000000;10000.000000;
15.006656;0.000000;-0.000000;1.073040;0.000000;10000.000000;
15.006809;0.000000;-0.000000;1.073040;0.000000;10000.000000;
15.006963;0.000000;-0.000000;1.073040;0.000000;10000.000000;
15.007117;0.000000;-0.000000;1.073040;0.000000;10000.000000;
15.007270;0.000000;-0.000000;1.073040;0.000000;10000.000000;
15.007424;0.000000;-0.000000;1.073040;0.000000;10000.000000;
15.007577;0.000000;-0.000000;1.073040;0.000000;10000.000000;
15.007731;0.000000;-0.000000;1.073040;0.000000;10000.000000;
15.007885;0.000000;-0.000000;1.073040;0.000000;10000.000000;
15.008038;0.000000;-0.000000;1.073040;0.000000;10000.000000;
15.008192;0.000000;-0.000000;1.073040;0.000000;10000.000000;
15.008345;0.000000;-0.000000;1.073040;0.000000;10000.000000;
15.008491;0.000000;-0.000000;1.073040;0.000000;10000.000000;
15.008492;0.000000;-0.000000;1.073040;0.000000;10000.000000;
15.008494;0.000000;-0.000000;1.073040;0.000000;10000.000000;
15.008498;0.000000;-0.000000;1.073040;0.000000;10000.000000;
15.008505;0.000000;-0.000000;1.073040;0.000000;10000.000000;
15.008518;0.000000;-0.000000;1.073040;0.000000;10000.000000;
15.008546;0.000000;-0.000000;1.073040;0.000000;10000.000000;
15.008578;0.000000;-0.000000;1.073040;0.000000;10000.000000;
15.008579;0.000000;-0.000000;1.073040;0.000000;10000.000000;
15.008580;0.000000;-0.000000;1.073040;0.000000;10000.000000;
15.008582;0.000000;-0.000000;1.073040;0.000000;10000.000000;
15.008585;0.000000;-0.000000;1.073040;0.000000;10000.000000;
15.008592;0.000000;-0.000000;1.073040;0.000000;10000.000000;
15.008606;0.000000;-0.000000;1.073040;0.000000;10000.000000;
15.008634;0.000000;-0.000000;1.073040;0.000000;10000.000000;
15.008689;0.000000;-0.000000;1.073040;0.000000;10000.000000;
15.008799;0.000000;-0.000000;1.073040;0.000000;10000.000000;
15.009019;0.000000;-0.000000;1.073040;0.000000;10000.000000;
15.009240;0.000000;-0.000000;1.073040;0.000000;10000.000000;
15.009460;0.000000;-0.000000;1.073040;0.000000;10000.000000;
15.009681;0.000000;-0.000000;1.073040;0.000000;10000.000000;
15.009901;0.000000;-0.000000;1.073040;0.000000;10000.000000;
15.010122;0.000000;-0.000000;1.073040;0.000000;10000.000000;
15.010342;0.000000;-0.000000;1.073040;0.000000;10000.000000;
15.010563;0.000000;-0.000000;1.073040;0.000000;10000.000000;
15.010783;0.000000;-0.000000;1.073040;0.000000;10000.000000;
15.011004;0.000000;-0.000000;1.073040;0.000000;10000.000000;
15.011224;0.000000;-0.000000;1.073040;0.000000;10000.000000;
15.011445;0.000000;-0.000000;1.073040;0.000000;10000.000000;
15.011665;0.000000;-0.000000;1.073040;0.000000;10000.000000;
15.011886;0.000000;-0.000000;1.073040;0.000000;10000.000000;
15.012106;0.000000;-0.000000;1.073040;0.000000;10000.000000;
15.012327;0.000000;-0.000000;1.073040;0.000000;10000.000000;
15.012547;0.000000;-0.000000;1.073040;0.000000;10000.000000;
15.012768;0.000000;-0.000000;1.073040;0.000000;10000.000000;
15.012988;0.000000;-0.000000;1.073040;0.000000;10000.000000;
15.013209;0.000000;-0.000000;1.073040;0.000000;10000.000000;
15.013429;0.000000;-0.000000;1.073040;0.000000;10000.000000;
15.013650;0.000000;-0.000000;1.073040;0.000000;10000.000000;
15.013870;0.000000;-0.000000;1.073040;0.000000;10000.000000;
15.014091;0.000000;-0.000000;1.073040;0.000000;10000.000000;
15.014311;0.000000;-0.000000;1.073040;0.000000;10000.000000;
15.014532;0.000000;-0.000000;1.073040;0.000000;10000.000000;
15.014752;0.000000;-0.000000;1.073040;0.000000;10000.000000;
15.014973;0.000000;-0.000000;1.073040;0.000000;10000.000000;
15.015193;0.000000;-0.000000;1.073040;0.000000;10000.000000;
15.015414;0.000000;-0.000000;1.073040;0.000000;10000.000000;
15.015634;0.000000;-0.000000;1.073040;0.000000;10000.000000;
15.015855;0.000000;-0.000000;1.073040;0.000000;10000.000000;
15.016075;0.000000;-0.000000;1.073040;0.000000;10000.000000;
15.016296;0.000000;-0.000000;1.073040;0.000000;10000.000000;
15.016516;0.000000;-0.000000;1.073040;0.000000;10000.000000;
15.016737;0.000000;-0.000000;1.073040;0.000000;10000.000000;
15.016957;0.000000;-0.000000;1.073040;0.000000;10000.000000;
15.017398;0.000000;-0.000000;1.073040;0.000000;10000.000000;
15.017795;0.000000;-0.000000;1.073040;0.000000;10000.000000;
15.018192;0.000000;-0.000000;1.073040;0.000000;10000.000000;
15.018589;0.000000;-0.000000;1.073040;0.000000;10000.000000;
15.018986;0.000000;-0.000000;1.073040;0.000000;10000.000000;
15.019383;0.000000;-0.000000;1.073040;0.000000;10000.000000;
15.019780;0.000000;-0.000000;1.073040;0.000000;10000.000000;
15.020003;0.000000;-0.000000;1.073040;0.000000;10000.000000;
15.020151;0.000000;-0.000000;1.073040;0.000000;10000.000000;
15.020298;0.000000;-0.000000;1.073040;0.000000;10000.000000;
15.020446;0.000000;-0.000000;1.073040;0.000000;10000.000000;
15.020594;0.000000;-0.000000;1.073040;0.000000;10000.000000;
15.020889;0.000000;-0.000000;1.073040;0.000000;10000.000000;
15.021184;0.000000;-0.000000;1.073040;0.000000;10000.000000;
15.021480;0.000000;-0.000000;1.073040;0.000000;10000.000000;
15.021775;0.000000;-0.000000;1.073040;0.000000;10000.000000;
15.022070;0.000000;-0.000000;1.073040;0.000000;10000.000000;
15.022365;0.000000;-0.000000;1.073040;0.000000;10000.000000;
15.022661;0.000000;-0.000000;1.073040;0.000000;10000.000000;
15.022956;0.000000;-0.000000;1.073040;0.000000;10000.000000;
15.023251;0.000000;-0.000000;1.073040;0.000000;10000.000000;
15.023547;0.000000;-0.000000;1.073040;0.000000;10000.000000;
15.023842;0.000000;-0.000000;1.073040;0.000000;10000.000000;
15.024137;0.000000;-0.000000;1.073040;0.000000;10000.000000;
15.024432;0.000000;-0.000000;1.073040;0.000000;10000.000000;
15.024728;0.000000;-0.000000;1.073040;0.000000;10000.000000;
15.025023;0.000000;-0.000000;1.073040;0.000000;10000.000000;
15.025318;0.000000;-0.000000;1.073040;0.000000;10000.000000;
15.025614;0.000000;-0.000000;1.073040;0.000000;10000.000000;
15.025909;0.000000;-0.000000;1.073040;0.000000;10000.000000;
15.026204;0.000000;-0.000000;1.073040;0.000000;10000.000000;
15.026499;0.000000;-0.000000;1.073040;0.000000;10000.000000;
15.026795;0.000000;-0.000000;1.073040;0.000000;10000.000000;
15.027090;0.000000;-0.000000;1.073040;0.000000;10000.000000;
15.027385;0.000000;-0.000000;1.073040;0.000000;10000.000000;
15.027680;0.000000;-0.000000;1.073040;0.000000;10000.000000;
15.027976;0.000000;-0.000000;1.073040;0.000000;10000.000000;
15.028271;0.000000;-0.000000;1.073040;0.000000;10000.000000;
15.028566;0.000000;-0.000000;1.073040;0.000000;10000.000000;
15.028862;0.000000;-0.000000;1.073040;0.000000;10000.000000;
15.029157;0.000000;-0.000000;1.073040;0.000000;10000.000000;
15.029452;0.000000;-0.000000;1.073040;0.000000;10000.000000;
15.029747;0.000000;-0.000000;1.073040;0.000000;10000.000000;
15.030043;0.000000;-0.000000;1.073040;0.000000;10000.000000;
15.030633;0.000000;-0.000000;1.073040;0.000000;10000.000000;
15.031165;0.000000;-0.000000;1.073040;0.000000;10000.000000;
15.031696;0.000000;-0.000000;1.073040;0.000000;10000.000000;
15.032228;0.000000;-0.000000;1.073040;0.000000;10000.000000;
15.032759;0.000000;-0.000000;1.073040;0.000000;10000.000000;
15.033291;0.000000;-0.000000;1.073040;0.000000;10000.000000;
15.033822;0.000000;-0.000000;1.073040;0.000000;10000.000000;
15.034354;0.000000;-0.000000;1.073040;0.000000;10000.000000;
15.034885;0.000000;-0.000000;1.073040;0.000000;10000.000000;
15.035417;0.000000;-0.000000;1.073040;0.000000;10000.000000;
15.035948;0.000000;-0.000000;1.073040;0.000000;10000.000000;
15.036480;0.000000;-0.000000;1.073040;0.000000;10000.000000;
15.037011;0.000000;-0.000000;1.073040;0.000000;10000.000000;
15.037543;0.000000;-0.000000;1.073040;0.000000;10000.000000;
15.038074;0.000000;-0.000000;1.073040;0.000000;10000.000000;
15.038606;0.000000;-0.000000;1.073040;0.000000;10000.000000;
15.039137;0.000000;-0.000000;1.073040;0.000000;10000.000000;
15.039669;0.000000;-0.000000;1.073040;0.000000;10000.000000;
15.040200;0.000000;-0.000000;1.073040;0.000000;10000.000000;
15.040732;0.000000;-0.000000;1.073040;0.000000;10000.000000;
15.041263;0.000000;-0.000000;1.073040;0.000000;10000.000000;
15.041795;0.000000;-0.000000;1.073040;0.000000;10000.000000;
15.042326;0.000000;-0.000000;1.073040;0.000000;10000.000000;
15.042858;0.000000;-0.000000;1.073040;0.000000;10000.000000;
15.043389;0.000000;-0.000000;1.073040;0.000000;10000.000000;
15.043921;0.000000;-0.000000;1.073040;0.000000;10000.000000;
15.044452;0.000000;-0.000000;1.073040;0.000000;10000.000000;
15.044984;0.000000;-0.000000;1.073040;0.000000;10000.000000;
15.045515;0.000000;-0.000000;1.073040;0.000000;10000.000000;
15.046047;0.000000;-0.000000;1.073040;0.000000;10000.000000;
15.046578;0.000000;-0.000000;1.073040;0.000000;10000.000000;
15.047110;0.000000;-0.000000;1.073040;0.000000;10000.000000;
15.048173;0.000000;-0.000000;1.073040;0.000000;10000.000000;
15.049130;0.000000;-0.000000;1.073040;0.000000;10000.000000;
15.050086;0.000000;-0.000000;1.073040;0.000000;10000.000000;
15.051043;0.000000;-0.000000;1.073040;0.000000;10000.000000;
15.052000;0.000000;-0.000000;1.073040;0.000000;10000.000000;
15.052956;0.000000;-0.000000;1.073040;0.000000;10000.000000;
15.053913;0.000000;-0.000000;1.073040;0.000000;10000.000000;
15.054870;0.000000;-0.000000;1.073040;0.000000;10000.000000;
15.055827;0.000000;-0.000000;1.073040;0.000000;10000.000000;
15.056783;0.000000;-0.000000;1.073040;0.000000;10000.000000;
15.057740;0.000000;-0.000000;1.073040;0.000000;10000.000000;
15.058697;0.000000;-0.000000;1.073040;0.000000;10000.000000;
15.059653;0.000000;-0.000000;1.073040;0.000000;10000.000000;
15.060610;0.000000;-0.000000;1.073040;0.000000;10000.000000;
15.061567;0.000000;-0.000000;1.073040;0.000000;10000.000000;
15.062524;0.000000;-0.000000;1.073040;0.000000;10000.000000;
15.063480;0.000000;-0.000000;1.073040;0.000000;10000.000000;
15.064437;0.000000;-0.000000;1.073040;0.000000;10000.000000;
15.065394;0.000000;-0.000000;1.073040;0.000000;10000.000000;
15.067307;0.000000;-0.000000;1.073040;0.000000;10000.000000;
15.069029;0.000000;-0.000000;1.073040;0.000000;10000.000000;
15.070751;0.000000;-0.000000;1.073040;0.000000;10000.000000;
15.072473;0.000000;-0.000000;1.073040;0.000000;10000.000000;
15.074195;0.000000;-0.000000;1.073040;0.000000;10000.000000;
15.075917;0.000000;-0.000000;1.073040;0.000000;10000.000000;
15.077640;0.000000;-0.000000;1.073040;0.000000;10000.000000;
15.079362;0.000000;-0.000000;1.073040;0.000000;10000.000000;
15.081084;0.000000;-0.000000;1.073040;0.000000;10000.000000;
15.082806;0.000000;-0.000000;1.073040;0.000000;10000.000000;
15.084528;0.000000;-0.000000;1.073040;0.000000;10000.000000;
15.087972;0.000000;-0.000000;1.073040;0.000000;10000.000000;
15.091416;0.000000;-0.000000;1.073040;0.000000;10000.000000;
15.094860;0.000000;-0.000000;1.073040;0.000000;10000.000000;
15.098304;0.000000;-0.000000;1.073040;0.000000;10000.000000;
15.101749;0.000000;-0.000000;1.073040;0.000000;10000.000000;
15.105193;0.000000;-0.000000;1.073040;0.000000;10000.000000;
15.108309;0.000000;-0.000000;1.073040;0.000000;10000.000000;
15.108323;0.000000;-0.000000;1.073040;0.000000;10000.000000;
15.108338;0.000000;-0.000000;1.073040;0.000000;10000.000000;
15.108366;0.000000;-0.000000;1.073040;0.000000;10000.000000;
15.108423;0.000000;-0.000000;1.073040;0.000000;10000.000000;
15.108536;0.000000;-0.000000;1.073040;0.000000;10000.000000;
15.108763;0.000000;-0.000000;1.073040;0.000000;10000.000000;
15.109217;0.000000;-0.000000;1.073040;0.000000;10000.000000;
15.110125;0.000000;-0.000000;1.073040;0.000000;10000.000000;
15.111940;0.000000;-0.000000;1.073040;0.000000;10000.000000;
15.115571;0.000000;-0.000000;1.073040;0.000000;10000.000000;
15.122833;0.000000;-0.000000;1.073040;0.000000;10000.000000;
15.130095;0.000000;-0.000000;1.073040;0.000000;10000.000000;
15.137357;0.000000;-0.000000;1.073040;0.000000;10000.000000;
15.144619;0.000000;-0.000000;1.073040;0.000000;10000.000000;
15.151881;0.000000;-0.000000;1.073040;0.000000;10000.000000;
15.159143;0.000000;-0.000000;1.073040;0.000000;10000.000000;
15.166405;0.000000;-0.000000;1.073040;0.000000;10000.000000;
15.173667;0.000000;-0.000000;1.073040;0.000000;10000.000000;
15.180929;0.000000;-0.000000;1.073040;0.000000;10000.000000;
15.181511;0.000000;-0.000000;1.073040;0.000000;10000.000000;
15.181525;0.000000;-0.000000;1.073040;0.000000;10000.000000;
15.181540;0.000000;-0.000000;1.073040;0.000000;10000.000000;
15.181569;0.000000;-0.000000;1.073040;0.000000;10000.000000;
15.181627;0.000000;-0.000000;1.073040;0.000000;10000.000000;
15.181743;0.000000;-0.000000;1.073040;0.000000;10000.000000;
15.181975;0.000000;-0.000000;1.073040;0.000000;10000.000000;
15.182439;0.000000;-0.000000;1.073040;0.000000;10000.000000;
15.183368;0.000000;-0.000000;1.073040;0.000000;10000.000000;
15.185225;0.000000;-0.000000;1.073040;0.000000;10000.000000;
15.188939;0.000000;-0.000000;1.073040;0.000000;10000.000000;
15.196366;0.000000;-0.000000;1.073040;0.000000;10000.000000;
15.203794;0.000000;-0.000000;1.073040;0.000000;10000.000000;
15.218649;0.000000;-0.000000;1.073040;0.000000;10000.000000;
15.232019;0.000000;-0.000000;1.073040;0.000000;10000.000000;
15.245389;0.000000;-0.000000;1.073040;0.000000;10000.000000;
15.258759;0.000000;-0.000000;1.073040;0.000000;10000.000000;
15.272129;0.000000;-0.000000;1.073040;0.000000;10000.000000;
15.285498;0.000000;-0.000000;1.073040;0.000000;10000.000000;
15.298868;0.000000;-0.000000;1.073040;0.000000;10000.000000;
15.312238;0.000000;-0.000000;1.073040;0.000000;10000.000000;
15.325608;0.000000;-0.000000;1.073040;0.000000;10000.000000;
15.338978;0.000000;-0.000000;1.073040;0.000000;10000.000000;
15.352347;0.000000;-0.000000;1.073040;0.000000;10000.000000;
15.365717;0.000000;-0.000000;1.073040;0.000000;10000.000000;
15.379087;0.000000;-0.000000;1.073040;0.000000;10000.000000;
15.392457;0.000000;-0.000000;1.073040;0.000000;10000.000000;
15.405827;0.000000;-0.000000;1.073040;0.000000;10000.000000;
15.432566;0.000000;-0.000000;1.073040;0.000000;10000.000000;
15.459306;0.000000;-0.000000;1.073040;0.000000;10000.000000;
15.486045;0.000000;-0.000000;1.073040;0.000000;10000.000000;
15.512785;0.000000;-0.000000;1.073040;0.000000;10000.000000;
15.539525;0.000000;-0.000000;1.073040;0.000000;10000.000000;
15.557414;0.000000;-0.000000;1.073040;0.000000;10000.000000;
15.557426;0.000000;-0.000000;1.073040;0.000000;10000.000000;
15.557438;0.000000;-0.000000;1.073040;0.000000;10000.000000;
15.557462;0.000000;-0.000000;1.073040;0.000000;10000.000000;
15.557509;0.000000;-0.000000;1.073040;0.000000;10000.000000;
15.557603;0.000000;-0.000000;1.073040;0.000000;10000.000000;
15.557793;0.000000;-0.000000;1.073040;0.000000;10000.000000;
15.558171;0.000000;-0.000000;1.073040;0.000000;10000.000000;
15.558927;0.000000;-0.000000;1.073040;0.000000;10000.000000;
15.560440;0.000000;-0.000000;1.073040;0.000000;10000.000000;
15.563466;0.000000;-0.000000;1.073040;0.000000;10000.000000;
15.569517;0.000000;-0.000000;1.073040;0.000000;10000.000000;
15.581620;0.000000;-0.000000;1.073040;0.000000;10000.000000;
15.605825;0.000000;-0.000000;1.073040;0.000000;10000.000000;
15.654236;0.000000;-0.000000;1.073040;0.000000;10000.000000;
15.702647;0.000000;-0.000000;1.073040;0.000000;10000.000000;
15.751058;0.000000;-0.000000;1.073040;0.000000;10000.000000;
15.799469;0.000000;-0.000000;1.073040;0.000000;10000.000000;
15.847880;0.000000;-0.000000;1.073040;0.000000;10000.000000;
15.896290;0.000000;-0.000000;1.073040;0.000000;10000.000000;
15.944701;0.000000;-0.000000;1.073040;0.000000;10000.000000;
15.993112;0.000000;-0.000000;1.073040;0.000000;10000.000000;
16.089934;0.000000;-0.000000;1.073040;0.000000;10000.000000;
16.177073;0.000000;-0.000000;1.073040;0.000000;10000.000000;
16.264213;0.000000;-0.000000;1.073040;0.000000;10000.000000;
16.276802;0.000000;-0.000000;1.073040;0.000000;10000.000000;
16.276806;0.000000;-0.000000;1.073040;0.000000;10000.000000;
16.276810;0.000000;-0.000000;1.073040;0.000000;10000.000000;
16.276819;0.000000;-0.000000;1.073040;0.000000;10000.000000;
16.276835;0.000000;-0.000000;1.073040;0.000000;10000.000000;
16.276868;0.000000;-0.000000;1.073040;0.000000;10000.000000;
16.276935;0.000000;-0.000000;1.073040;0.000000;10000.000000;
16.277067;0.000000;-0.000000;1.073040;0.000000;10000.000000;
16.277332;0.000000;-0.000000;1.073040;0.000000;10000.000000;
16.277861;0.000000;-0.000000;1.073040;0.000000;10000.000000;
16.278921;0.000000;-0.000000;1.073040;0.000000;10000.000000;
16.281039;0.000000;-0.000000;1.073040;0.000000;10000.000000;
16.285277;0.000000;-0.000000;1.073040;0.000000;10000.000000;
16.293751;0.000000;-0.000000;1.073040;0.000000;10000.000000;
16.310700;0.000000;-0.000000;1.073040;0.000000;10000.000000;
16.344598;0.000000;-0.000000;1.073040;0.000000;10000.000000;
16.412394;0.000000;-0.000000;1.073040;0.000000;10000.000000;
16.480190;0.000000;-0.000000;1.073040;0.000000;10000.000000;
16.547986;0.000000;-0.000000;1.073040;0.000000;10000.000000;
16.558715;0.000000;-0.000000;1.073040;0.000000;10000.000000;
16.558716;0.000000;-0.000000;1.073040;0.000000;10000.000000;
16.558718;0.000000;-0.000000;1.073040;0.000000;10000.000000;
16.558722;0.000000;-0.000000;1.073040;0.000000;10000.000000;
16.558730;0.000000;-0.000000;1.073040;0.000000;10000.000000;
16.558746;0.000000;-0.000000;1.073040;0.000000;10000.000000;
16.558777;0.000000;-0.000000;1.073040;0.000000;10000.000000;
16.558839;0.000000;-0.000000;1.073040;0.000000;10000.000000;
16.558964;0.000000;-0.000000;1.073040;0.000000;10000.000000;
16.559088;0.000000;-0.000000;1.073040;0.000000;10000.000000;
16.559212;0.000000;-0.000000;1.073040;0.000000;10000.000000;
16.559337;0.000000;-0.000000;1.073040;0.000000;10000.000000;
16.559461;0.000000;-0.000000;1.073040;0.000000;10000.000000;
16.559586;0.000000;-0.000000;1.073040;0.000000;10000.000000;
16.559710;0.000000;-0.000000;1.073040;0.000000;10000.000000;
16.559835;0.000000;-0.000000;1.073040;0.000000;10000.000000;
16.559959;0.000000;-0.000000;1.073040;0.000000;10000.000000;
16.560084;0.000000;-0.000000;1.073040;0.000000;10000.000000;
16.560208;0.000000;-0.000000;1.073040;0.000000;10000.000000;
16.560333;0.000000;-0.000000;1.073040;0.000000;10000.000000;
16.560457;0.000000;-0.000000;1.073040;0.000000;10000.000000;
16.560582;0.000000;-0.000000;1.073040;0.000000;10000.000000;
16.560831;0.000000;-0.000000;1.073040;0.000000;10000.000000;
16.561055;0.000000;-0.000000;1.073040;0.000000;10000.000000;
16.561279;0.000000;-0.000000;1.073040;0.000000;10000.000000;
16.561503;0.000000;-0.000000;1.073040;0.000000;10000.000000;
16.561727;0.000000;-0.000000;1.073040;0.000000;10000.000000;
16.561951;0.000000;-0.000000;1.073040;0.000000;10000.000000;
16.562175;0.000000;-0.000000;1.073040;0.000000;10000.000000;
16.562399;0.000000;-0.000000;1.073040;0.000000;10000.000000;
16.562624;0.000000;-0.000000;1.073040;0.000000;10000.000000;
16.563072;0.000000;-0.000000;1.073040;0.000000;10000.000000;
16.563520;0.000000;-0.000000;1.073040;0.000000;10000.000000;
16.563968;0.000000;-0.000000;1.073040;0.000000;10000.000000;
16.564416;0.000000;-0.000000;1.073040;0.000000;10000.000000;
16.564864;0.000000;-0.000000;1.073040;0.000000;10000.000000;
16.565313;0.000000;-0.000000;1.073040;0.000000;10000.000000;
16.565761;0.000000;-0.000000;1.073040;0.000000;10000.000000;
16.566209;0.000000;-0.000000;1.073040;0.000000;10000.000000;
16.566657;0.000000;-0.000000;1.073040;0.000000;10000.000000;
16.567105;0.000000;-0.000000;1.073040;0.000000;10000.000000;
16.567553;0.000000;-0.000000;1.073040;0.000000;10000.000000;
16.568002;0.000000;-0.000000;1.073040;0.000000;10000.000000;
16.568450;0.000000;-0.000000;1.073040;0.000000;10000.000000;
16.568898;0.000000;-0.000000;1.073040;0.000000;10000.000000;
16.569346;0.000000;-0.000000;1.073040;0.000000;10000.000000;
16.569794;0.000000;-0.000000;1.073040;0.000000;10000.000000;
16.570242;0.000000;-0.000000;1.073040;0.000000;10000.000000;
16.570691;0.000000;-0.000000;1.073040;0.000000;10000.000000;
16.571139;0.000000;-0.000000;1.073040;0.000000;10000.000000;
16.572035;0.000000;-0.000000;1.073040;0.000000;10000.000000;
16.572842;0.000000;-0.000000;1.073040;0.000000;10000.000000;
16.573649;0.000000;-0.000000;1.073040;0.000000;10000.000000;
16.574455;0.000000;-0.000000;1.073040;0.000000;10000.000000;
16.575262;0.000000;-0.000000;1.073040;0.000000;10000.000000;
16.576069;0.000000;-0.000000;1.073040;0.000000;10000.000000;
16.576875;0.000000;-0.000000;1.073040;0.000000;10000.000000;
16.577682;0.000000;-0.000000;1.073040;0.000000;10000.000000;
16.578489;0.000000;-0.000000;1.073040;0.000000;10000.000000;
16.579296;0.000000;-0.000000;1.073040;0.000000;10000.000000;
16.580102;0.000000;-0.000000;1.073040;0.000000;10000.000000;
16.580909;0.000000;-0.000000;1.073040;0.000000;10000.000000;
16.581716;0.000000;-0.000000;1.073040;0.000000;10000.000000;
16.582522;0.000000;-0.000000;1.073040;0.000000;10000.000000;
16.583329;0.000000;-0.000000;1.073040;0.000000;10000.000000;
16.584136;0.000000;-0.000000;1.073040;0.000000;10000.000000;
16.584942;0.000000;-0.000000;1.073040;0.000000;10000.000000;
16.585749;0.000000;-0.000000;1.073040;0.000000;10000.000000;
16.586556;0.000000;-0.000000;1.073040;0.000000;10000.000000;
16.587363;0.000000;-0.000000;1.073040;0.000000;10000.000000;
16.588169;0.000000;-0.000000;1.073040;0.000000;10000.000000;
16.588557;0.000000;-0.000000;1.073040;0.000000;10000.000000;
16.588558;0.000000;-0.000000;1.073040;0.000000;10000.000000;
16.588559;0.000000;-0.000000;1.073040;0.000000;10000.000000;
16.588560;0.000000;-0.000000;1.073040;0.000000;10000.000000;
16.588563;0.000000;-0.000000;1.073040;0.000000;10000.000000;
16.588569;0.000000;-0.000000;1.073040;0.000000;10000.000000;
16.588581;0.000000;-0.000000;1.073040;0.000000;10000.000000;
16.588606;0.000000;-0.000000;1.073040;0.000000;10000.000000;
16.588654;0.000000;-0.000000;1.073040;0.000000;10000.000000;
16.588751;0.000000;-0.000000;1.073040;0.000000;10000.000000;
16.588944;0.000000;-0.000000;1.073040;0.000000;10000.000000;
16.589331;0.000000;-0.000000;1.073040;0.000000;10000.000000;
16.590105;0.000000;-0.000000;1.073040;0.000000;10000.000000;
16.591653;0.000000;-0.000000;1.073040;0.000000;10000.000000;
16.593201;0.000000;-0.000000;1.073040;0.000000;10000.000000;
16.594749;0.000000;-0.000000;1.073040;0.000000;10000.000000;
16.596296;0.000000;-0.000000;1.073040;0.000000;10000.000000;
16.597844;0.000000;-0.000000;1.073040;0.000000;10000.000000;
16.599231;0.000000;-0.000000;1.073040;0.000000;10000.000000;
16.599232;0.000000;-0.000000;1.073040;0.000000;10000.000000;
16.599233;0.000000;-0.000000;1.073040;0.000000;10000.000000;
16.599235;0.000000;-0.000000;1.073040;0.000000;10000.000000;
16.599238;0.000000;-0.000000;1.073040;0.000000;10000.000000;
16.599245;0.000000;-0.000000;1.073040;0.000000;10000.000000;
16.599258;0.000000;-0.000000;1.073040;0.000000;10000.000000;
16.599284;0.000000;-0.000000;1.073040;0.000000;10000.000000;
16.599337;0.000000;-0.000000;1.073040;0.000000;10000.000000;
16.599444;0.000000;-0.000000;1.073040;0.000000;10000.000000;
16.599656;0.000000;-0.000000;1.073040;0.000000;10000.000000;
16.600081;0.000000;-0.000000;1.073040;0.000000;10000.000000;
16.600930;0.000000;-0.000000;1.073040;0.000000;10000.000000;
16.602628;0.000000;-0.000000;1.073040;0.000000;10000.000000;
16.604327;0.000000;-0.000000;1.073040;0.000000;10000.000000;
16.606026;0.000000;-0.000000;1.073040;0.000000;10000.000000;
16.607724;0.000000;-0.000000;1.073040;0.000000;10000.000000;
16.609423;0.000000;-0.000000;1.073040;0.000000;10000.000000;
16.611121;0.000000;-0.000000;1.073040;0.000000;10000.000000;
16.612820;0.000000;-0.000000;1.073040;0.000000;10000.000000;
16.614518;0.000000;-0.000000;1.073040;0.000000;10000.000000;
16.616217;0.000000;-0.000000;1.073040;0.000000;10000.000000;
16.617915;0.000000;-0.000000;1.073040;0.000000;10000.000000;
16.619614;0.000000;-0.000000;1.073040;0.000000;10000.000000;
16.621312;0.000000;-0.000000;1.073040;0.000000;10000.000000;
16.623011;0.000000;-0.000000;1.073040;0.000000;10000.000000;
16.624710;0.000000;-0.000000;1.073040;0.000000;10000.000000;
16.626408;0.000000;-0.000000;1.073040;0.000000;10000.000000;
16.628107;0.000000;-0.000000;1.073040;0.000000;10000.000000;
16.629805;0.000000;-0.000000;1.073040;0.000000;10000.000000;
16.631504;0.000000;-0.000000;1.073040;0.000000;10000.000000;
16.633202;0.000000;-0.000000;1.073040;0.000000;10000.000000;
16.634901;0.000000;-0.000000;1.073040;0.000000;10000.000000;
16.636599;0.000000;-0.000000;1.073040;0.000000;10000.000000;
16.638298;0.000000;-0.000000;1.073040;0.000000;10000.000000;
16.639996;0.000000;-0.000000;1.073040;0.000000;10000.000000;
16.641695;0.000000;-0.000000;1.073040;0.000000;10000.000000;
16.643394;0.000000;-0.000000;1.073040;0.000000;10000.000000;
16.645092;0.000000;-0.000000;1.073040;0.000000;10000.000000;
16.646791;0.000000;-0.000000;1.073040;0.000000;10000.000000;
16.648489;0.000000;-0.000000;1.073040;0.000000;10000.000000;
16.650188;0.000000;-0.000000;1.073040;0.000000;10000.000000;
16.651886;0.000000;-0.000000;1.073040;0.000000;10000.000000;
16.653585;0.000000;-0.000000;1.073040;0.000000;10000.000000;
16.655283;0.000000;-0.000000;1.073040;0.000000;10000.000000;
16.656982;0.000000;-0.000000;1.073040;0.000000;10000.000000;
16.658680;0.000000;-0.000000;1.073040;0.000000;10000.000000;
16.660379;0.000000;-0.000000;1.073040;0.000000;10000.000000;
16.662077;0.000000;-0.000000;1.073040;0.000000;10000.000000;
16.663776;0.000000;-0.000000;1.073040;0.000000;10000.000000;
16.665475;0.000000;-0.000000;1.073040;0.000000;10000.000000;
16.667173;0.000000;-0.000000;1.073040;0.000000;10000.000000;
16.668872;0.000000;-0.000000;1.073040;0.000000;10000.000000;
16.670570;0.000000;-0.000000;1.073040;0.000000;10000.000000;
16.672269;0.000000;-0.000000;1.073040;0.000000;10000.000000;
16.673967;0.000000;-0.000000;1.073040;0.000000;10000.000000;
16.675666;0.000000;-0.000000;1.073040;0.000000;10000.000000;
16.677364;0.000000;-0.000000;1.073040;0.000000;10000.000000;
16.679063;0.000000;-0.000000;1.073040;0.000000;10000.000000;
16.680761;0.000000;-0.000000;1.073040;0.000000;10000.000000;
16.682460;0.000000;-0.000000;1.073040;0.000000;10000.000000;
16.684159;0.000000;-0.000000;1.073040;0.000000;10000.000000;
16.685857;0.000000;-0.000000;1.073040;0.000000;10000.000000;
16.687556;0.000000;-0.000000;1.073040;0.000000;10000.000000;
16.689254;0.000000;-0.000000;1.073040;0.000000;10000.000000;
16.690953;0.000000;-0.000000;1.073040;0.000000;10000.000000;
16.692651;0.000000;-0.000000;1.073040;0.000000;10000.000000;
16.694350;0.000000;-0.000000;1.073040;0.000000;10000.000000;
16.696048;0.000000;-0.000000;1.073040;0.000000;10000.000000;
16.699445;0.000000;-0.000000;1.073040;0.000000;10000.000000;
16.702503;0.000000;-0.000000;1.073040;0.000000;10000.000000;
16.705560;0.000000;-0.000000;1.073040;0.000000;10000.000000;
16.708618;0.000000;-0.000000;1.073040;0.000000;10000.000000;
16.711675;0.000000;-0.000000;1.073040;0.000000;10000.000000;
16.714732;0.000000;-0.000000;1.073040;0.000000;10000.000000;
16.717790;0.000000;-0.000000;1.073040;0.000000;10000.000000;
16.720847;0.000000;-0.000000;1.073040;0.000000;10000.000000;
16.723905;0.000000;-0.000000;1.073040;0.000000;10000.000000;
16.726962;0.000000;-0.000000;1.073040;0.000000;10000.000000;
16.730019;0.000000;-0.000000;1.073040;0.000000;10000.000000;
16.733077;0.000000;-0.000000;1.073040;0.000000;10000.000000;
16.736134;0.000000;-0.000000;1.073040;0.000000;10000.000000;
16.739191;0.000000;-0.000000;1.073040;0.000000;10000.000000;
16.742249;0.000000;-0.000000;1.073040;0.000000;10000.000000;
16.745306;0.000000;-0.000000;1.073040;0.000000;10000.000000;
16.748364;0.000000;-0.000000;1.073040;0.000000;10000.000000;
16.751421;0.000000;-0.000000;1.073040;0.000000;10000.000000;
16.754478;0.000000;-0.000000;1.073040;0.000000;10000.000000;
16.757536;0.000000;-0.000000;1.073040;0.000000;10000.000000;
16.760593;0.000000;-0.000000;1.073040;0.000000;10000.000000;
16.763650;0.000000;-0.000000;1.073040;0.000000;10000.000000;
16.766708;0.000000;-0.000000;1.073040;0.000000;10000.000000;
16.769765;0.000000;-0.000000;1.073040;0.000000;10000.000000;
16.772823;0.000000;-0.000000;1.073040;0.000000;10000.000000;
16.775880;0.000000;-0.000000;1.073040;0.000000;10000.000000;
16.778937;0.000000;-0.000000;1.073040;0.000000;10000.000000;
16.781995;0.000000;-0.000000;1.073040;0.000000;10000.000000;
16.788110;0.000000;-0.000000;1.073040;0.000000;10000.000000;
16.793613;0.000000;-0.000000;1.073040;0.000000;10000.000000;
16.799116;0.000000;-0.000000;1.073040;0.000000;10000.000000;
16.804619;0.000000;-0.000000;1.073040;0.000000;10000.000000;
16.810123;0.000000;-0.000000;1.073040;0.000000;10000.000000;
16.815626;0.000000;-0.000000;1.073040;0.000000;10000.000000;
16.819864;0.000000;-0.000000;1.073040;0.000000;10000.000000;
16.819872;0.000000;-0.000000;1.073040;0.000000;10000.000000;
16.819879;0.000000;-0.000000;1.073040;0.000000;10000.000000;
16.819895;0.000000;-0.000000;1.073040;0.000000;10000.000000;
16.819926;0.000000;-0.000000;1.073040;0.000000;10000.000000;
16.819989;0.000000;-0.000000;1.073040;0.000000;10000.000000;
16.820114;0.000000;-0.000000;1.073040;0.000000;10000.000000;
16.820364;0.000000;-0.000000;1.073040;0.000000;10000.000000;
16.820864;0.000000;-0.000000;1.073040;0.000000;10000.000000;
16.821864;0.000000;-0.000000;1.073040;0.000000;10000.000000;
16.823864;0.000000;-0.000000;1.073040;0.000000;10000.000000;
16.827865;0.000000;-0.000000;1.073040;0.000000;10000.000000;
16.830009;0.000000;-0.000000;1.073040;0.000000;10000.000000;
16.830017;0.000000;-0.000000;1.073040;0.000000;10000.000000;
16.830025;0.000000;-0.000000;1.073040;0.000000;10000.000000;
16.830041;0.000000;-0.000000;1.073040;0.000000;10000.000000;
16.830073;0.000000;-0.000000;1.073040;0.000000;10000.000000;
16.830137;0.000000;-0.000000;1.073040;0.000000;10000.000000;
16.830264;0.000000;-0.000000;1.073040;0.000000;10000.000000;
16.830519;0.000000;-0.000000;1.073040;0.000000;10000.000000;
16.831029;0.000000;-0.000000;1.073040;0.000000;10000.000000;
16.832049;0.000000;-0.000000;1.073040;0.000000;10000.000000;
16.834088;0.000000;-0.000000;1.073040;0.000000;10000.000000;
16.838168;0.000000;-0.000000;1.073040;0.000000;10000.000000;
16.846326;0.000000;-0.000000;1.073040;0.000000;10000.000000;
16.854485;0.000000;-0.000000;1.073040;0.000000;10000.000000;
16.862644;0.000000;-0.000000;1.073040;0.000000;10000.000000;
16.870803;0.000000;-0.000000;1.073040;0.000000;10000.000000;
16.878961;0.000000;-0.000000;1.073040;0.000000;10000.000000;
16.887120;0.000000;-0.000000;1.073040;0.000000;10000.000000;
16.895279;0.000000;-0.000000;1.073040;0.000000;10000.000000;
16.903437;0.000000;-0.000000;1.073040;0.000000;10000.000000;
16.911596;0.000000;-0.000000;1.073040;0.000000;10000.000000;
16.919755;0.000000;-0.000000;1.073040;0.000000;10000.000000;
16.927913;0.000000;-0.000000;1.073040;0.000000;10000.000000;
16.936072;0.000000;-0.000000;1.073040;0.000000;10000.000000;
16.952389;0.000000;-0.000000;1.073040;0.000000;10000.000000;
16.968707;0.000000;-0.000000;1.073040;0.000000;10000.000000;
16.985024;0.000000;-0.000000;1.073040;0.000000;10000.000000;
17.001342;0.000000;-0.000000;1.073040;0.000000;10000.000000;
17.017659;0.000000;-0.000000;1.073040;0.000000;10000.000000;
17.033976;0.000000;-0.000000;1.073040;0.000000;10000.000000;
17.050294;0.000000;-0.000000;1.073040;0.000000;10000.000000;
17.082929;0.000000;-0.000000;1.073040;0.000000;10000.000000;
17.115563;0.000000;-0.000000;1.073040;0.000000;10000.000000;
17.148198;0.000000;-0.000000;1.073040;0.000000;10000.000000;
17.180833;0.000000;-0.000000;1.073040;0.000000;10000.000000;
17.246102;0.000000;-0.000000;1.073040;0.000000;10000.000000;
17.311372;0.000000;-0.000000;1.073040;0.000000;10000.000000;
17.372094;0.000000;-0.000000;1.073040;0.000000;10000.000000;
17.372104;0.000000;-0.000000;1.073040;0.000000;10000.000000;
17.372115;0.000000;-0.000000;1.073040;0.000000;10000.000000;
17.372136;0.000000;-0.000000;1.073040;0.000000;10000.000000;
17.372179;0.000000;-0.000000;1.073040;0.000000;10000.000000;
17.372265;0.000000;-0.000000;1.073040;0.000000;10000.000000;
17.372436;0.000000;-0.000000;1.073040;0.000000;10000.000000;
17.372778;0.000000;-0.000000;1.073040;0.000000;10000.000000;
17.373462;0.000000;-0.000000;1.073040;0.000000;10000.000000;
17.374831;0.000000;-0.000000;1.073040;0.000000;10000.000000;
17.377568;0.000000;-0.000000;1.073040;0.000000;10000.000000;
17.383043;0.000000;-0.000000;1.073040;0.000000;10000.000000;
17.393992;0.000000;-0.000000;1.073040;0.000000;10000.000000;
17.415891;0.000000;-0.000000;1.073040;0.000000;10000.000000;
17.422093;0.000000;-0.000000;1.073040;0.000000;10000.000000;
17.422104;0.000000;-0.000000;1.073040;0.000000;10000.000000;
17.422115;0.000000;-0.000000;1.073040;0.000000;10000.000000;
17.422137;0.000000;-0.000000;1.073040;0.000000;10000.000000;
17.422180;0.000000;-0.000000;1.073040;0.000000;10000.000000;
17.422268;0.000000;-0.000000;1.073040;0.000000;10000.000000;
17.422442;0.000000;-0.000000;1.073040;0.000000;10000.000000;
17.422791;0.000000;-0.000000;1.073040;0.000000;10000.000000;
17.423139;0.000000;-0.000000;1.073040;0.000000;10000.000000;
17.423488;0.000000;-0.000000;1.073040;0.000000;10000.000000;
17.423837;0.000000;-0.000000;1.073040;0.000000;10000.000000;
17.424185;0.000000;-0.000000;1.073040;0.000000;10000.000000;
17.424883;0.000000;-0.000000;1.073040;0.000000;10000.000000;
17.425580;0.000000;-0.000000;1.073040;0.000000;10000.000000;
17.426277;0.000000;-0.000000;1.073040;0.000000;10000.000000;
17.426974;0.000000;-0.000000;1.073040;0.000000;10000.000000;
17.428369;0.000000;-0.000000;1.073040;0.000000;10000.000000;
17.429764;0.000000;-0.000000;1.073040;0.000000;10000.000000;
17.431158;0.000000;-0.000000;1.073040;0.000000;10000.000000;
17.432553;0.000000;-0.000000;1.073040;0.000000;10000.000000;
17.433948;0.000000;-0.000000;1.073040;0.000000;10000.000000;
17.435342;0.000000;-0.000000;1.073040;0.000000;10000.000000;
17.438132;0.000000;-0.000000;1.073040;0.000000;10000.000000;
17.440642;0.000000;-0.000000;1.073040;0.000000;10000.000000;
17.443152;0.000000;-0.000000;1.073040;0.000000;10000.000000;
17.445663;0.000000;-0.000000;1.073040;0.000000;10000.000000;
17.448173;0.000000;-0.000000;1.073040;0.000000;10000.000000;
17.450683;0.000000;-0.000000;1.073040;0.000000;10000.000000;
17.453194;0.000000;-0.000000;1.073040;0.000000;10000.000000;
17.455704;0.000000;-0.000000;1.073040;0.000000;10000.000000;
17.460725;0.000000;-0.000000;1.073040;0.000000;10000.000000;
17.465745;0.000000;-0.000000;1.073040;0.000000;10000.000000;
17.470766;0.000000;-0.000000;1.073040;0.000000;10000.000000;
17.475787;0.000000;-0.000000;1.073040;0.000000;10000.000000;
17.480807;0.000000;-0.000000;1.073040;0.000000;10000.000000;
17.490849;0.000000;-0.000000;1.073040;0.000000;10000.000000;
17.500890;0.000000;-0.000000;1.073040;0.000000;10000.000000;
17.520973;0.000000;-0.000000;1.073040;0.000000;10000.000000;
17.541056;0.000000;-0.000000;1.073040;0.000000;10000.000000;
17.581221;0.000000;-0.000000;1.073040;0.000000;10000.000000;
17.621387;0.000000;-0.000000;1.073040;0.000000;10000.000000;
17.644916;0.000000;-0.000000;1.073040;0.000000;10000.000000;
17.644922;0.000000;-0.000000;1.073040;0.000000;10000.000000;
17.644928;0.000000;-0.000000;1.073040;0.000000;10000.000000;
17.644940;0.000000;-0.000000;1.073040;0.000000;10000.000000;
17.644964;0.000000;-0.000000;1.073040;0.000000;10000.000000;
17.645011;0.000000;-0.000000;1.073040;0.000000;10000.000000;
17.645106;0.000000;-0.000000;1.073040;0.000000;10000.000000;
17.645295;0.000000;-0.000000;1.073040;0.000000;10000.000000;
17.645675;0.000000;-0.000000;1.073040;0.000000;10000.000000;
17.645909;0.000000;-0.000000;1.073040;0.000000;10000.000000;
17.645915;0.000000;-0.000000;1.073040;0.000000;10000.000000;
17.645918;0.000000;-0.000000;1.073040;0.000000;10000.000000;
17.645920;0.000000;-0.000000;1.073040;0.000000;10000.000000;
17.645926;0.000000;-0.000000;1.073040;0.000000;10000.000000;
17.645932;0.000000;-0.000000;1.073040;0.000000;10000.000000;
17.645944;0.000000;-0.000000;1.073040;0.000000;10000.000000;
17.645969;0.000000;-0.000000;1.073040;0.000000;10000.000000;
17.646018;0.000000;-0.000000;1.073040;0.000000;10000.000000;
17.646117;0.000000;-0.000000;1.073040;0.000000;10000.000000;
17.646314;0.000000;-0.000000;1.073040;0.000000;10000.000000;
17.646709;0.000000;-0.000000;1.073040;0.000000;10000.000000;
17.647103;0.000000;-0.000000;1.073040;0.000000;10000.000000;
17.647892;0.000000;-0.000000;1.073040;0.000000;10000.000000;
17.648681;0.000000;-0.000000;1.073040;0.000000;10000.000000;
17.649470;0.000000;-0.000000;1.073040;0.000000;10000.000000;
17.650259;0.000000;-0.000000;1.073040;0.000000;10000.000000;
17.651837;0.000000;-0.000000;1.073040;0.000000;10000.000000;
17.653415;0.000000;-0.000000;1.073040;0.000000;10000.000000;
17.654993;0.000000;-0.000000;1.073040;0.000000;10000.000000;
17.656571;0.000000;-0.000000;1.073040;0.000000;10000.000000;
17.658149;0.000000;-0.000000;1.073040;0.000000;10000.000000;
17.659727;0.000000;-0.000000;1.073040;0.000000;10000.000000;
17.661305;0.000000;-0.000000;1.073040;0.000000;10000.000000;
17.664461;0.000000;-0.000000;1.073040;0.000000;10000.000000;
17.667302;0.000000;-0.000000;1.073040;0.000000;10000.000000;
17.670142;0.000000;-0.000000;1.073040;0.000000;10000.000000;
17.672983;0.000000;-0.000000;1.073040;0.000000;10000.000000;
17.675823;0.000000;-0.000000;1.073040;0.000000;10000.000000;
17.678664;0.000000;-0.000000;1.073040;0.000000;10000.000000;
17.681504;0.000000;-0.000000;1.073040;0.000000;10000.000000;
17.687185;0.000000;-0.000000;1.073040;0.000000;10000.000000;
17.692866;0.000000;-0.000000;1.073040;0.000000;10000.000000;
17.698546;0.000000;-0.000000;1.073040;0.000000;10000.000000;
17.704227;0.000000;-0.000000;1.073040;0.000000;10000.000000;
17.709908;0.000000;-0.000000;1.073040;0.000000;10000.000000;
17.721270;0.000000;-0.000000;1.073040;0.000000;10000.000000;
17.743993;0.000000;-0.000000;1.073040;0.000000;10000.000000;
17.766717;0.000000;-0.000000;1.073040;0.000000;10000.000000;
17.812163;0.000000;-0.000000;1.073040;0.000000;10000.000000;
17.857610;0.000000;-0.000000;1.073040;0.000000;10000.000000;
17.903057;0.000000;-0.000000;1.073040;0.000000;10000.000000;
17.993950;0.000000;-0.000000;1.073040;0.000000;10000.000000;
18.084843;0.000000;-0.000000;1.073040;0.000000;10000.000000;
18.175737;0.000000;-0.000000;1.073040;0.000000;10000.000000;
18.357523;0.000000;-0.000000;1.073040;0.000000;10000.000000;
18.539310;0.000000;-0.000000;1.073040;0.000000;10000.000000;
18.721097;0.000000;-0.000000;1.073040;0.000000;10000.000000;
18.902884;0.000000;-0.000000;1.073040;0.000000;10000.000000;
19.084671;0.000000;-0.000000;1.073040;0.000000;10000.000000;
19.266457;0.000000;-0.000000;1.073040;0.000000;10000.000000;
19.448244;0.000000;-0.000000;1.073040;0.000000;10000.000000;
19.630031;0.000000;-0.000000;1.073040;0.000000;10000.000000;
19.811818;0.000000;-0.000000;1.073040;0.000000;10000.000000;
19.993604;0.000000;-0.000000;1.073040;0.000000;10000.000000;
19.999996;0.000000;-0.000000;1.073040;0.000000;10000.000000;
20.000016;0.000000;-0.000000;1.073040;0.000000;10000.000000;
20.000037;0.000000;-0.000000;1.073040;0.000000;10000.000000;
20.000077;0.000000;-0.000000;1.073040;0.000000;10000.000000;
20.000158;0.000000;-0.000000;1.073040;0.000000;10000.000000;
20.000320;0.000000;-0.000000;1.073040;0.000000;10000.000000;
20.000644;0.000000;-0.000000;1.073040;0.000000;10000.000000;
20.001292;0.000000;-0.000000;1.073040;0.000000;10000.000000;
20.002589;0.000000;-0.000000;1.073040;0.000000;10000.000000;
20.005182;0.000000;-0.000000;1.073040;0.000000;10000.000000;
20.010368;0.000000;-0.000000;1.073040;0.000000;10000.000000;
20.020740;0.000000;-0.000000;1.073040;0.000000;10000.000000;
20.041483;0.000000;-0.000000;1.073040;0.000000;10000.000000;
20.082970;0.000000;-0.000000;1.073040;0.000000;10000.000000;
20.165945;0.000000;-0.000000;1.073040;0.000000;10000.000000;
20.331894;0.000000;-0.000000;1.073040;0.000000;10000.000000;
20.663791;0.000000;-0.000000;1.073040;0.000000;10000.000000;
20.995689;0.000000;-0.000000;1.073040;0.000000;10000.000000;
21.279749;0.000000;-0.000000;1.073040;0.000000;10000.000000;
21.279762;0.000000;-0.000000;1.073040;0.000000;10000.000000;
21.279774;0.000000;-0.000000;1.073040;0.000000;10000.000000;
21.279798;0.000000;-0.000000;1.073040;0.000000;10000.000000;
21.279847;0.000000;-0.000000;1.073040;0.000000;10000.000000;
21.279945;0.000000;-0.000000;1.073040;0.000000;10000.000000;
21.280141;0.000000;-0.000000;1.073040;0.000000;10000.000000;
21.280532;0.000000;-0.000000;1.073040;0.000000;10000.000000;
21.281315;0.000000;-0.000000;1.073040;0.000000;10000.000000;
21.282881;0.000000;-0.000000;1.073040;0.000000;10000.000000;
21.286012;0.000000;-0.000000;1.073040;0.000000;10000.000000;
21.292275;0.000000;-0.000000;1.073040;0.000000;10000.000000;
21.304800;0.000000;-0.000000;1.073040;0.000000;10000.000000;
21.329850;0.000000;-0.000000;1.073040;0.000000;10000.000000;
21.379951;0.000000;-0.000000;1.073040;0.000000;10000.000000;
21.390861;0.000000;-0.000000;1.073040;0.000000;10000.000000;
21.390872;0.000000;-0.000000;1.073040;0.000000;10000.000000;
21.390883;0.000000;-0.000000;1.073040;0.000000;10000.000000;
21.390905;0.000000;-0.000000;1.073040;0.000000;10000.000000;
21.390950;0.000000;-0.000000;1.073040;0.000000;10000.000000;
21.391039;0.000000;-0.000000;1.073040;0.000000;10000.000000;
21.391218;0.000000;-0.000000;1.073040;0.000000;10000.000000;
21.391575;0.000000;-0.000000;1.073040;0.000000;10000.000000;
21.392290;0.000000;-0.000000;1.073040;0.000000;10000.000000;
21.393719;0.000000;-0.000000;1.073040;0.000000;10000.000000;
21.396576;0.000000;-0.000000;1.073040;0.000000;10000.000000;
21.402292;0.000000;-0.000000;1.073040;0.000000;10000.000000;
21.413723;0.000000;-0.000000;1.073040;0.000000;10000.000000;
21.436586;0.000000;-0.000000;1.073040;0.000000;10000.000000;
21.482311;0.000000;-0.000000;1.073040;0.000000;10000.000000;
21.573761;0.000000;-0.000000;1.073040;0.000000;10000.000000;
21.756661;0.000000;-0.000000;1.073040;0.000000;10000.000000;
22.122460;0.000000;-0.000000;1.073040;0.000000;10000.000000;
22.488260;0.000000;-0.000000;1.073040;0.000000;10000.000000;
23.219860;0.000000;-0.000000;1.073040;0.000000;10000.000000;
23.951459;0.000000;-0.000000;1.073040;0.000000;10000.000000;
24.683059;0.000000;-0.000000;1.073040;0.000000;10000.000000;
25.000000;0.000000;-0.000000;1.073040;0.000000;10000.000000;
