time;NETWORK__BUS____1_TN_Upu_value;NETWORK__BUS____2_TN_Upu_value;NETWORK__BUS____3_TN_Upu_value;NETWORK__BUS____4_TN_Upu_value;NETWORK__BUS____5_TN_Upu_value;NETWORK__BUS____6_TN_Upu_value;NETWORK__BUS____7_TN_Upu_value;NETWORK__BUS____8_TN_Upu_value;NETWORK__BUS____9_TN_Upu_value;NETWORK__BUS___10_TN_Upu_value;NETWORK__BUS___11_TN_Upu_value;NETWORK__BUS___12_TN_Upu_value;NETWORK__BUS___13_TN_Upu_value;NETWORK__BUS___14_TN_Upu_value;GEN____1_SM_generator_PGenPu;GEN____2_SM_generator_PGenPu;GEN____3_SM_generator_PGenPu;GEN____6_SM_generator_PGenPu;GEN____8_SM_generator_PGenPu;GEN____1_SM_generator_QGenPu;GEN____2_SM_generator_QGenPu;GEN____3_SM_generator_QGenPu;GEN____6_SM_generator_QGenPu;GEN____8_SM_generator_QGenPu;
0.000000;1.060000;1.045072;1.010000;1.017592;1.019460;1.070290;1.061351;1.089855;1.055717;1.050834;1.056932;1.055373;1.050586;1.035536;2.329908;0.401034;0.000000;0.000000;0.000000;-0.167555;0.439373;0.250795;0.135179;0.176359;
10.000000;1.060000;1.045072;1.010000;1.017589;1.019457;1.070290;1.061347;1.089855;1.055710;1.050829;1.056929;1.055370;1.050580;1.035511;2.330047;0.401058;0.000000;0.000000;0.000000;-0.167566;0.439421;0.250813;0.135245;0.176384;
10.000000;1.060000;1.045072;1.010000;1.017589;1.019457;1.070290;1.061347;1.089855;1.055710;1.050829;1.056929;1.055370;1.050580;1.035511;2.384851;0.410491;0.000000;0.000000;0.000000;-0.431353;0.761923;0.299941;0.211316;0.198518;
20.000000;1.060000;1.045072;1.010000;1.008724;1.006488;1.070290;1.057730;1.089855;1.052818;1.048537;1.055843;1.055099;1.050239;1.033734;2.388868;0.411183;0.000000;0.000000;0.000000;-0.432093;0.763784;0.300364;0.211923;0.198762;
20.000000;1.060000;1.045072;1.010000;1.008722;1.006487;1.070290;1.057727;1.089855;1.052814;1.048530;1.055840;1.055099;1.050239;1.033732;2.388922;0.411192;0.000000;0.000000;0.000000;-0.432103;0.763819;0.300374;0.211949;0.198776;
30.000000;1.060000;1.045072;1.010000;1.008685;1.006448;1.070290;1.057704;1.089855;1.052785;1.048498;1.055824;1.055094;1.050229;1.033691;2.391027;0.411554;0.000000;0.000000;0.000000;-0.432491;0.764815;0.300595;0.212261;0.198919;
