time;WT3_WT3_LvMeasurements_PPu;WT3_WT3_LvMeasurements_QPu;WT3_WT3_LvMeasurements_UPu;WT3_WT3_injector_PInjPu;WT3_WT3_injector_PInjPuSn;WT3_WT3_injector_QInjPu;WT3_WT3_injector_QInjPuSn;WT3_WT3_injector_terminal_V_re;WT3_WT3_injector_terminal_i_re;WT3_WT3_injector_terminal_V_im;WT3_WT3_injector_terminal_i_im;WT3_WT3_injector_UPu;WT3_WT3_injector_idPu;WT3_WT3_injector_iqPu;WT3_WT3_pll_omegaPLLPu;WT3_WT3_wecc_reec_idCmdPu;WT3_WT3_wecc_reec_iqCmdPu;WT3_WT3_LvTfo_RPu;WT3_WT3_LvTfo_XPu;
0.000000;0.350000;0.100001;1.000000;0.700002;0.350001;0.200005;0.100002;0.999380;-0.706629;0.035334;0.175145;1.000005;0.350000;-0.100000;1.000094;0.350000;0.100000;0.000010;0.000010;
0.000001;0.350000;0.100001;1.000000;0.700002;0.350001;0.200005;0.100002;0.999380;-0.706629;0.035334;0.175145;1.000005;0.350000;-0.100000;1.000094;0.350000;0.100000;0.000010;0.000010;
0.000002;0.350000;0.100001;1.000000;0.700002;0.350001;0.200005;0.100002;0.999380;-0.706629;0.035334;0.175145;1.000005;0.350000;-0.100000;1.000093;0.350000;0.100000;0.000010;0.000010;
0.000004;0.350000;0.100001;1.000000;0.700002;0.350001;0.200005;0.100002;0.999380;-0.706629;0.035334;0.175145;1.000005;0.350000;-0.100000;1.000091;0.350000;0.100000;0.000010;0.000010;
0.000008;0.350000;0.100001;1.000000;0.700002;0.350001;0.200005;0.100002;0.999380;-0.706629;0.035334;0.175145;1.000005;0.350000;-0.100000;1.000088;0.350000;0.100000;0.000010;0.000010;
0.000016;0.350000;0.100001;1.000000;0.700002;0.350001;0.200005;0.100002;0.999380;-0.706629;0.035334;0.175145;1.000005;0.350000;-0.100000;1.000081;0.350000;0.100000;0.000010;0.000010;
0.000032;0.350000;0.100001;1.000000;0.700002;0.350001;0.200004;0.100002;0.999380;-0.706629;0.035334;0.175145;1.000005;0.350000;-0.100000;1.000070;0.350000;0.100000;0.000010;0.000010;
0.000064;0.350000;0.100001;1.000000;0.700002;0.350001;0.200004;0.100002;0.999380;-0.706629;0.035334;0.175144;1.000005;0.350000;-0.100000;1.000052;0.350000;0.100000;0.000010;0.000010;
0.000128;0.350000;0.100000;1.000000;0.700002;0.350001;0.200003;0.100002;0.999380;-0.706629;0.035334;0.175144;1.000004;0.350000;-0.100000;1.000027;0.350000;0.100000;0.000010;0.000010;
0.000256;0.350000;0.100000;1.000000;0.700003;0.350001;0.200003;0.100001;0.999380;-0.706629;0.035334;0.175143;1.000004;0.350000;-0.100000;1.000003;0.350000;0.100000;0.000010;0.000010;
0.000512;0.350000;0.100000;1.000000;0.700003;0.350001;0.200002;0.100001;0.999380;-0.706629;0.035334;0.175143;1.000004;0.350000;-0.100000;0.999990;0.350000;0.100000;0.000010;0.000010;
0.001024;0.350000;0.100000;1.000000;0.700003;0.350001;0.200003;0.100001;0.999380;-0.706629;0.035334;0.175143;1.000004;0.350000;-0.100000;0.999998;0.350000;0.100000;0.000010;0.000010;
0.002048;0.350000;0.100000;1.000000;0.700003;0.350001;0.200003;0.100001;0.999380;-0.706629;0.035334;0.175143;1.000004;0.350000;-0.100000;1.000000;0.350000;0.100000;0.000010;0.000010;
0.004096;0.350000;0.100000;1.000000;0.700003;0.350001;0.200003;0.100001;0.999380;-0.706629;0.035334;0.175143;1.000004;0.350000;-0.100000;1.000000;0.350000;0.100000;0.000010;0.000010;
0.008192;0.350000;0.100000;1.000000;0.700003;0.350001;0.200003;0.100001;0.999380;-0.706629;0.035334;0.175143;1.000004;0.350000;-0.100000;1.000000;0.350000;0.100000;0.000010;0.000010;
0.016384;0.350000;0.100000;1.000000;0.700003;0.350001;0.200003;0.100001;0.999380;-0.706629;0.035334;0.175143;1.000004;0.350000;-0.100000;1.000000;0.350000;0.100000;0.000010;0.000010;
0.032768;0.350000;0.100000;1.000000;0.700003;0.350001;0.200003;0.100001;0.999380;-0.706629;0.035334;0.175143;1.000004;0.350000;-0.100000;1.000000;0.350000;0.100000;0.000010;0.000010;
0.065536;0.350000;0.100000;1.000000;0.700003;0.350001;0.200003;0.100001;0.999380;-0.706629;0.035334;0.175143;1.000004;0.350000;-0.100000;1.000000;0.350000;0.100000;0.000010;0.000010;
0.131072;0.350000;0.100000;1.000000;0.700003;0.350001;0.200003;0.100001;0.999380;-0.706629;0.035334;0.175143;1.000004;0.350000;-0.100000;1.000000;0.350000;0.100000;0.000010;0.000010;
0.262144;0.350000;0.100000;1.000000;0.700003;0.350001;0.200003;0.100001;0.999380;-0.706629;0.035334;0.175143;1.000004;0.350000;-0.100000;1.000000;0.350000;0.100000;0.000010;0.000010;
0.524288;0.350000;0.100000;1.000000;0.700003;0.350001;0.200003;0.100001;0.999380;-0.706629;0.035334;0.175143;1.000004;0.350000;-0.100000;1.000000;0.350000;0.100000;0.000010;0.000010;
1.000000;0.350000;0.100000;1.000000;0.700003;0.350001;0.200003;0.100001;0.999380;-0.706629;0.035334;0.175143;1.000004;0.350000;-0.100000;1.000000;0.350000;0.100000;0.000010;0.000010;
1.000001;0.350000;0.100000;1.000000;0.700003;0.350001;0.200003;0.100001;0.999380;-0.706629;0.035334;0.175143;1.000004;0.350000;-0.100000;1.000000;0.350000;0.100000;0.000010;0.000010;
1.000002;0.350000;0.100000;1.000000;0.700003;0.350001;0.200003;0.100001;0.999380;-0.706629;0.035334;0.175143;1.000004;0.350000;-0.100000;1.000000;0.350000;0.100000;0.000010;0.000010;
1.000004;0.350000;0.100000;1.000000;0.700003;0.350001;0.200003;0.100001;0.999380;-0.706629;0.035334;0.175143;1.000004;0.350000;-0.100000;1.000000;0.350000;0.100000;0.000010;0.000010;
1.000008;0.350000;0.100000;1.000000;0.700003;0.350001;0.200003;0.100001;0.999380;-0.706629;0.035334;0.175143;1.000004;0.350000;-0.100000;1.000000;0.350000;0.100000;0.000010;0.000010;
1.000016;0.350000;0.100000;1.000000;0.700003;0.350001;0.200003;0.100001;0.999380;-0.706629;0.035334;0.175143;1.000004;0.350000;-0.100000;1.000000;0.350000;0.100000;0.000010;0.000010;
1.000032;0.350000;0.100000;1.000000;0.700003;0.350001;0.200003;0.100001;0.999380;-0.706629;0.035334;0.175143;1.000004;0.350000;-0.100000;1.000000;0.350000;0.100000;0.000010;0.000010;
1.000064;0.350000;0.100000;1.000000;0.700003;0.350001;0.200003;0.100001;0.999380;-0.706629;0.035334;0.175143;1.000004;0.350000;-0.100000;1.000000;0.350000;0.100000;0.000010;0.000010;
1.000128;0.350000;0.100000;1.000000;0.700003;0.350001;0.200003;0.100001;0.999380;-0.706629;0.035334;0.175143;1.000004;0.350000;-0.100000;1.000000;0.350001;0.100000;0.000010;0.000010;
1.000256;0.350000;0.100000;1.000000;0.700003;0.350001;0.200003;0.100001;0.999380;-0.706629;0.035334;0.175143;1.000004;0.350000;-0.100000;1.000000;0.350003;0.100000;0.000010;0.000010;
1.000512;0.350000;0.100000;1.000000;0.700003;0.350001;0.200003;0.100001;0.999380;-0.706630;0.035334;0.175143;1.000004;0.350000;-0.100000;1.000000;0.350013;0.100000;0.000010;0.000010;
1.001024;0.350001;0.100000;1.000000;0.700005;0.350002;0.200003;0.100001;0.999380;-0.706631;0.035334;0.175143;1.000004;0.350001;-0.100000;1.000001;0.350050;0.100000;0.000010;0.000010;
1.002048;0.350008;0.100000;1.000000;0.700018;0.350009;0.200003;0.100001;0.999380;-0.706645;0.035335;0.175142;1.000004;0.350008;-0.100000;1.000003;0.350194;0.100000;0.000010;0.000010;
1.004096;0.350055;0.100000;1.000000;0.700113;0.350057;0.200003;0.100001;0.999380;-0.706741;0.035340;0.175135;1.000004;0.350055;-0.100000;1.000010;0.350720;0.100000;0.000010;0.000010;
1.008192;0.350365;0.100000;0.999999;0.700732;0.350366;0.200003;0.100002;0.999377;-0.707366;0.035371;0.175092;1.000003;0.350365;-0.100000;1.000034;0.352515;0.100000;0.000010;0.000010;
1.012288;0.351021;0.100000;0.999996;0.702046;0.351023;0.200003;0.100002;0.999373;-0.708692;0.035437;0.174999;1.000001;0.351023;-0.100000;1.000064;0.355082;0.100000;0.000010;0.000010;
1.020480;0.353511;0.100000;0.999988;0.707025;0.353513;0.200003;0.100002;0.999355;-0.713718;0.035689;0.174644;0.999992;0.353516;-0.100000;1.000127;0.361465;0.100001;0.000010;0.000010;
1.028672;0.357464;0.100000;0.999973;0.714931;0.357465;0.200002;0.100001;0.999327;-0.721699;0.036088;0.174075;0.999978;0.357474;-0.100000;1.000184;0.368925;0.100001;0.000010;0.000010;
1.036864;0.362656;0.099999;0.999955;0.725314;0.362657;0.200000;0.100000;0.999289;-0.732180;0.036612;0.173317;0.999959;0.362673;-0.100001;1.000228;0.376880;0.100003;0.000010;0.000010;
1.045056;0.368803;0.099998;0.999932;0.737610;0.368805;0.199997;0.099998;0.999243;-0.744592;0.037232;0.172404;0.999937;0.368829;-0.100002;1.000260;0.385028;0.100004;0.000010;0.000010;
1.053248;0.375641;0.099997;0.999906;0.751285;0.375642;0.199994;0.099997;0.999192;-0.758397;0.037923;0.171372;0.999911;0.375677;-0.100003;1.000282;0.393239;0.100007;0.000010;0.000010;
1.069632;0.390426;0.099995;0.999849;0.780856;0.390428;0.199992;0.099996;0.999077;-0.788247;0.039415;0.169079;0.999854;0.390486;-0.100007;1.000308;0.409665;0.100012;0.000010;0.000010;
1.086016;0.406169;0.099993;0.999786;0.812342;0.406171;0.199986;0.099993;0.998950;-0.820032;0.041005;0.166535;0.999791;0.406257;-0.100011;1.000319;0.426096;0.100017;0.000010;0.000010;
1.102400;0.422347;0.099991;0.999719;0.844698;0.422349;0.199980;0.099990;0.998814;-0.852694;0.042638;0.163817;0.999724;0.422467;-0.100017;1.000323;0.442522;0.100024;0.000010;0.000010;
1.118784;0.438692;0.099990;0.999648;0.877387;0.438694;0.199980;0.099990;0.998672;-0.885692;0.044288;0.160968;0.999654;0.438847;-0.100023;1.000323;0.458946;0.100031;0.000010;0.000010;
1.135168;0.455085;0.099990;0.999575;0.910174;0.455087;0.199980;0.099990;0.998524;-0.918790;0.045943;0.158001;0.999580;0.455279;-0.100030;1.000323;0.475371;0.100038;0.000010;0.000010;
1.145515;0.465442;0.099989;0.999527;0.930888;0.465444;0.199981;0.099990;0.998427;-0.939699;0.046989;0.156071;0.999533;0.465663;-0.100034;1.000323;0.485746;0.100043;0.000010;0.000010;
1.145516;0.465443;0.099989;0.999527;0.930890;0.465445;0.199983;0.099991;0.998428;-0.939702;0.046989;0.156072;0.999533;0.465664;-0.100034;1.000323;0.485747;0.100043;0.000010;0.000010;
1.145517;0.465444;0.099989;0.999527;0.930892;0.465446;0.199983;0.099991;0.998428;-0.939704;0.046989;0.156072;0.999533;0.465665;-0.100034;1.000323;0.485748;0.100043;0.000010;0.000010;
1.145519;0.465446;0.099989;0.999527;0.930896;0.465448;0.199982;0.099991;0.998428;-0.939708;0.046989;0.156072;0.999533;0.465667;-0.100034;1.000323;0.485750;0.100043;0.000010;0.000010;
1.145523;0.465450;0.099989;0.999527;0.930904;0.465452;0.199983;0.099991;0.998427;-0.939716;0.046990;0.156071;0.999533;0.465671;-0.100034;1.000323;0.485754;0.100043;0.000010;0.000010;
1.145531;0.465458;0.099989;0.999527;0.930920;0.465460;0.199983;0.099991;0.998427;-0.939732;0.046991;0.156070;0.999533;0.465679;-0.100034;1.000323;0.485762;0.100043;0.000010;0.000010;
1.145547;0.465474;0.099989;0.999527;0.930952;0.465476;0.199983;0.099991;0.998427;-0.939764;0.046992;0.156067;0.999533;0.465695;-0.100034;1.000323;0.485778;0.100043;0.000010;0.000010;
1.145579;0.465506;0.099989;0.999527;0.931016;0.465508;0.199983;0.099991;0.998427;-0.939829;0.046995;0.156060;0.999532;0.465727;-0.100034;1.000323;0.485810;0.100043;0.000010;0.000010;
1.145643;0.465570;0.099989;0.999526;0.931145;0.465572;0.199983;0.099991;0.998426;-0.939958;0.047002;0.156048;0.999532;0.465791;-0.100034;1.000323;0.485874;0.100043;0.000010;0.000010;
1.145771;0.465698;0.099989;0.999526;0.931401;0.465701;0.199983;0.099991;0.998425;-0.940217;0.047015;0.156024;0.999531;0.465920;-0.100034;1.000323;0.486003;0.100043;0.000010;0.000010;
1.146027;0.465955;0.099989;0.999525;0.931914;0.465957;0.199983;0.099991;0.998423;-0.940735;0.047041;0.155976;0.999530;0.466177;-0.100034;1.000323;0.486259;0.100043;0.000010;0.000010;
1.146539;0.466467;0.099989;0.999522;0.932939;0.466470;0.199983;0.099991;0.998418;-0.941770;0.047092;0.155879;0.999528;0.466691;-0.100034;1.000323;0.486773;0.100043;0.000010;0.000010;
1.147563;0.467493;0.099989;0.999517;0.934990;0.467495;0.199982;0.099991;0.998408;-0.943840;0.047196;0.155685;0.999523;0.467719;-0.100035;1.000323;0.487799;0.100044;0.000010;0.000010;
1.149000;0.468931;0.099989;0.999511;0.937866;0.468933;0.199982;0.099991;0.998395;-0.946744;0.047341;0.155412;0.999516;0.469161;-0.100036;1.000323;0.489240;0.100044;0.000010;0.000010;
1.149001;0.468932;0.099989;0.999511;0.937868;0.468934;0.199982;0.099991;0.998395;-0.946746;0.047341;0.155412;0.999516;0.469162;-0.100036;1.000323;0.489241;0.100044;0.000010;0.000010;
1.149002;0.468933;0.099989;0.999511;0.937870;0.468935;0.199982;0.099991;0.998395;-0.946748;0.047341;0.155412;0.999516;0.469163;-0.100036;1.000323;0.489242;0.100044;0.000010;0.000010;
1.149004;0.468935;0.099989;0.999511;0.937874;0.468937;0.199982;0.099991;0.998395;-0.946752;0.047342;0.155411;0.999516;0.469165;-0.100036;1.000323;0.489244;0.100044;0.000010;0.000010;
1.149008;0.468939;0.099989;0.999511;0.937882;0.468941;0.199982;0.099991;0.998394;-0.946760;0.047342;0.155410;0.999516;0.469169;-0.100036;1.000323;0.489248;0.100044;0.000010;0.000010;
1.149016;0.468947;0.099989;0.999511;0.937898;0.468949;0.199982;0.099991;0.998394;-0.946776;0.047343;0.155409;0.999516;0.469177;-0.100036;1.000323;0.489256;0.100044;0.000010;0.000010;
1.149032;0.468963;0.099989;0.999510;0.937930;0.468965;0.199982;0.099991;0.998394;-0.946808;0.047344;0.155406;0.999516;0.469193;-0.100036;1.000323;0.489272;0.100044;0.000010;0.000010;
1.149064;0.468995;0.099989;0.999510;0.937994;0.468997;0.199982;0.099991;0.998394;-0.946873;0.047348;0.155400;0.999516;0.469225;-0.100036;1.000323;0.489304;0.100044;0.000010;0.000010;
1.149128;0.469059;0.099989;0.999510;0.938123;0.469061;0.199982;0.099991;0.998393;-0.947002;0.047354;0.155388;0.999516;0.469289;-0.100036;1.000323;0.489368;0.100044;0.000010;0.000010;
1.149256;0.469187;0.099989;0.999509;0.938379;0.469189;0.199982;0.099991;0.998392;-0.947261;0.047367;0.155363;0.999515;0.469418;-0.100036;1.000323;0.489496;0.100044;0.000010;0.000010;
1.149512;0.469443;0.099989;0.999508;0.938891;0.469446;0.199982;0.099991;0.998390;-0.947779;0.047393;0.155314;0.999514;0.469675;-0.100036;1.000323;0.489751;0.100045;0.000010;0.000010;
1.150024;0.469956;0.099989;0.999506;0.939916;0.469958;0.199982;0.099991;0.998385;-0.948813;0.047445;0.155217;0.999511;0.470189;-0.100036;1.000323;0.490252;0.100045;0.000010;0.000010;
1.151048;0.470978;0.099989;0.999501;0.941960;0.470980;0.199982;0.099991;0.998375;-0.950877;0.047548;0.155022;0.999507;0.471214;-0.100036;1.000322;0.491203;0.100045;0.000010;0.000010;
1.152072;0.471994;0.099989;0.999496;0.943993;0.471997;0.199982;0.099991;0.998365;-0.952928;0.047650;0.154828;0.999502;0.472233;-0.100037;1.000320;0.492080;0.100046;0.000010;0.000010;
1.154120;0.473993;0.099989;0.999487;0.947990;0.473995;0.199982;0.099991;0.998346;-0.956963;0.047852;0.154444;0.999492;0.474236;-0.100038;1.000312;0.493608;0.100047;0.000010;0.000010;
1.158216;0.477606;0.099988;0.999469;0.955216;0.477608;0.199981;0.099991;0.998311;-0.964258;0.048217;0.153747;0.999475;0.477860;-0.100040;1.000285;0.495551;0.100049;0.000010;0.000010;
1.162312;0.480838;0.099988;0.999454;0.961681;0.480841;0.199980;0.099990;0.998280;-0.970784;0.048543;0.153119;0.999460;0.481101;-0.100041;1.000255;0.496930;0.100050;0.000010;0.000010;
1.166408;0.483687;0.099988;0.999440;0.967379;0.483689;0.199980;0.099990;0.998252;-0.976536;0.048831;0.152561;0.999446;0.483958;-0.100043;1.000225;0.497908;0.100052;0.000010;0.000010;
1.174600;0.488546;0.099988;0.999416;0.977098;0.488549;0.199981;0.099990;0.998204;-0.986346;0.049321;0.151605;0.999422;0.488832;-0.100047;1.000168;0.499261;0.100055;0.000010;0.000010;
1.182792;0.492196;0.099989;0.999398;0.984397;0.492198;0.199982;0.099991;0.998168;-0.993714;0.049690;0.150881;0.999404;0.492492;-0.100050;1.000120;0.499916;0.100057;0.000010;0.000010;
1.199176;0.496831;0.099991;0.999376;0.993667;0.496834;0.199987;0.099993;0.998122;-1.003072;0.050158;0.149956;0.999381;0.497141;-0.100055;1.000053;0.500445;0.100061;0.000010;0.000010;
1.213921;0.498816;0.099993;0.999366;0.997637;0.498818;0.199991;0.099996;0.998102;-1.007080;0.050358;0.149560;0.999372;0.499132;-0.100059;1.000021;0.500455;0.100063;0.000010;0.000010;
1.228667;0.499672;0.099995;0.999362;0.999350;0.499675;0.199995;0.099998;0.998094;-1.008809;0.050445;0.149391;0.999368;0.499991;-0.100061;1.000006;0.500389;0.100064;0.000010;0.000010;
1.243413;0.499980;0.099996;0.999360;0.999964;0.499982;0.199998;0.099999;0.998091;-1.009429;0.050476;0.149331;0.999366;0.500299;-0.100063;1.000001;0.500344;0.100064;0.000010;0.000010;
1.258158;0.500056;0.099997;0.999360;1.000118;0.500059;0.200000;0.100000;0.998090;-1.009584;0.050484;0.149318;0.999366;0.500376;-0.100063;0.999999;0.500325;0.100064;0.000010;0.000010;
1.272904;0.500057;0.099998;0.999360;1.000119;0.500060;0.200001;0.100001;0.998090;-1.009586;0.050484;0.149319;0.999366;0.500377;-0.100064;0.999999;0.500319;0.100064;0.000010;0.000010;
1.287649;0.500039;0.099998;0.999360;1.000083;0.500041;0.200002;0.100001;0.998090;-1.009549;0.050482;0.149323;0.999366;0.500358;-0.100064;0.999999;0.500319;0.100064;0.000010;0.000010;
1.302395;0.500022;0.099998;0.999360;1.000049;0.500025;0.200002;0.100001;0.998091;-1.009515;0.050480;0.149327;0.999366;0.500342;-0.100064;1.000000;0.500319;0.100064;0.000010;0.000010;
1.331886;0.500005;0.099999;0.999360;1.000016;0.500008;0.200003;0.100001;0.998091;-1.009481;0.050478;0.149331;0.999366;0.500325;-0.100064;1.000000;0.500320;0.100064;0.000010;0.000010;
1.339236;0.500003;0.099999;0.999360;1.000011;0.500005;0.200003;0.100001;0.998091;-1.009476;0.050478;0.149332;0.999366;0.500323;-0.100064;1.000000;0.500320;0.100064;0.000010;0.000010;
1.339237;0.500003;0.099999;0.999360;1.000011;0.500005;0.200003;0.100001;0.998091;-1.009476;0.050478;0.149332;0.999366;0.500323;-0.100064;1.000000;0.500320;0.100064;0.000010;0.000010;
1.339238;0.500003;0.099999;0.999360;1.000011;0.500005;0.200003;0.100001;0.998091;-1.009476;0.050478;0.149332;0.999366;0.500323;-0.100064;1.000000;0.500320;0.100064;0.000010;0.000010;
1.339240;0.500003;0.099999;0.999360;1.000011;0.500005;0.200003;0.100001;0.998091;-1.009476;0.050478;0.149332;0.999366;0.500323;-0.100064;1.000000;0.500320;0.100064;0.000010;0.000010;
1.339244;0.500003;0.099999;0.999360;1.000011;0.500005;0.200003;0.100001;0.998091;-1.009476;0.050478;0.149332;0.999366;0.500323;-0.100064;1.000000;0.500320;0.100064;0.000010;0.000010;
1.339252;0.500003;0.099999;0.999360;1.000011;0.500005;0.200003;0.100001;0.998091;-1.009476;0.050478;0.149332;0.999366;0.500323;-0.100064;1.000000;0.500320;0.100064;0.000010;0.000010;
1.339268;0.500003;0.099999;0.999360;1.000011;0.500005;0.200003;0.100001;0.998091;-1.009476;0.050478;0.149332;0.999366;0.500323;-0.100064;1.000000;0.500320;0.100064;0.000010;0.000010;
1.339300;0.500003;0.099999;0.999360;1.000011;0.500005;0.200003;0.100001;0.998091;-1.009476;0.050478;0.149332;0.999366;0.500323;-0.100064;1.000000;0.500320;0.100064;0.000010;0.000010;
1.339324;0.500003;0.099999;0.999360;1.000011;0.500005;0.200003;0.100001;0.998091;-1.009476;0.050478;0.149332;0.999366;0.500323;-0.100064;1.000000;0.500320;0.100064;0.000010;0.000010;
1.339325;0.500003;0.099999;0.999360;1.000011;0.500005;0.200003;0.100001;0.998091;-1.009476;0.050478;0.149332;0.999366;0.500323;-0.100064;1.000000;0.500320;0.100064;0.000010;0.000010;
1.339326;0.500003;0.099999;0.999360;1.000011;0.500005;0.200003;0.100001;0.998091;-1.009476;0.050478;0.149332;0.999366;0.500323;-0.100064;1.000000;0.500320;0.100064;0.000010;0.000010;
1.339328;0.500003;0.099999;0.999360;1.000011;0.500005;0.200003;0.100001;0.998091;-1.009476;0.050478;0.149332;0.999366;0.500323;-0.100064;1.000000;0.500320;0.100064;0.000010;0.000010;
1.339332;0.500003;0.099999;0.999360;1.000011;0.500005;0.200003;0.100001;0.998091;-1.009476;0.050478;0.149332;0.999366;0.500323;-0.100064;1.000000;0.500320;0.100064;0.000010;0.000010;
1.339340;0.500003;0.099999;0.999360;1.000011;0.500005;0.200003;0.100001;0.998091;-1.009476;0.050478;0.149332;0.999366;0.500323;-0.100064;1.000000;0.500320;0.100064;0.000010;0.000010;
1.339356;0.500003;0.099999;0.999360;1.000011;0.500005;0.200003;0.100001;0.998091;-1.009476;0.050478;0.149332;0.999366;0.500323;-0.100064;1.000000;0.500320;0.100064;0.000010;0.000010;
1.339388;0.500003;0.099999;0.999360;1.000011;0.500005;0.200003;0.100001;0.998091;-1.009476;0.050478;0.149332;0.999366;0.500323;-0.100064;1.000000;0.500320;0.100064;0.000010;0.000010;
1.339452;0.500003;0.099999;0.999360;1.000011;0.500005;0.200003;0.100001;0.998091;-1.009476;0.050478;0.149332;0.999366;0.500323;-0.100064;1.000000;0.500320;0.100064;0.000010;0.000010;
1.339580;0.500003;0.099999;0.999360;1.000011;0.500005;0.200003;0.100001;0.998091;-1.009476;0.050478;0.149332;0.999366;0.500322;-0.100064;1.000000;0.500320;0.100064;0.000010;0.000010;
1.339836;0.500003;0.099999;0.999360;1.000011;0.500005;0.200003;0.100001;0.998091;-1.009476;0.050478;0.149332;0.999366;0.500322;-0.100064;1.000000;0.500320;0.100064;0.000010;0.000010;
1.340348;0.500003;0.099999;0.999360;1.000010;0.500005;0.200003;0.100001;0.998091;-1.009476;0.050478;0.149332;0.999366;0.500322;-0.100064;1.000000;0.500320;0.100064;0.000010;0.000010;
1.341372;0.500003;0.099999;0.999360;1.000010;0.500005;0.200003;0.100001;0.998091;-1.009475;0.050478;0.149332;0.999366;0.500322;-0.100064;1.000000;0.500320;0.100064;0.000010;0.000010;
1.343420;0.500002;0.099999;0.999360;1.000010;0.500005;0.200003;0.100001;0.998091;-1.009475;0.050478;0.149332;0.999366;0.500322;-0.100064;1.000000;0.500320;0.100064;0.000010;0.000010;
1.347516;0.500002;0.099999;0.999360;1.000009;0.500004;0.200003;0.100002;0.998091;-1.009474;0.050478;0.149332;0.999366;0.500322;-0.100064;1.000000;0.500320;0.100064;0.000010;0.000010;
1.355708;0.500001;0.099999;0.999360;1.000008;0.500004;0.200003;0.100002;0.998091;-1.009473;0.050478;0.149332;0.999366;0.500321;-0.100064;1.000000;0.500320;0.100064;0.000010;0.000010;
1.372092;0.500001;0.099999;0.999360;1.000006;0.500003;0.200003;0.100002;0.998091;-1.009472;0.050478;0.149332;0.999366;0.500320;-0.100064;1.000000;0.500320;0.100064;0.000010;0.000010;
1.404860;0.500000;0.099999;0.999360;1.000005;0.500003;0.200004;0.100002;0.998091;-1.009470;0.050478;0.149333;0.999367;0.500320;-0.100064;1.000000;0.500320;0.100064;0.000010;0.000010;
1.470396;0.500000;0.100000;0.999361;1.000005;0.500002;0.200004;0.100002;0.998091;-1.009470;0.050478;0.149333;0.999367;0.500320;-0.100064;1.000000;0.500320;0.100064;0.000010;0.000010;
1.601468;0.500000;0.100000;0.999361;1.000005;0.500002;0.200005;0.100002;0.998091;-1.009470;0.050478;0.149334;0.999367;0.500320;-0.100064;1.000000;0.500320;0.100064;0.000010;0.000010;
1.604015;0.500000;0.100000;0.999361;1.000005;0.500002;0.200005;0.100002;0.998091;-1.009470;0.050478;0.149334;0.999367;0.500320;-0.100064;1.000000;0.500320;0.100064;0.000010;0.000010;
1.604016;0.500000;0.100000;0.999361;1.000005;0.500002;0.200005;0.100002;0.998091;-1.009470;0.050478;0.149334;0.999367;0.500320;-0.100064;1.000000;0.500320;0.100064;0.000010;0.000010;
1.604017;0.500000;0.100000;0.999361;1.000005;0.500002;0.200005;0.100002;0.998091;-1.009470;0.050478;0.149334;0.999367;0.500320;-0.100064;1.000000;0.500320;0.100064;0.000010;0.000010;
1.604019;0.500000;0.100000;0.999361;1.000005;0.500002;0.200005;0.100002;0.998091;-1.009470;0.050478;0.149334;0.999367;0.500320;-0.100064;1.000000;0.500320;0.100064;0.000010;0.000010;
1.604023;0.500000;0.100000;0.999361;1.000005;0.500002;0.200005;0.100002;0.998091;-1.009470;0.050478;0.149334;0.999367;0.500320;-0.100064;1.000000;0.500320;0.100064;0.000010;0.000010;
1.604031;0.500000;0.100000;0.999361;1.000005;0.500002;0.200005;0.100002;0.998091;-1.009470;0.050478;0.149334;0.999367;0.500320;-0.100064;1.000000;0.500320;0.100064;0.000010;0.000010;
1.604047;0.500000;0.100000;0.999361;1.000005;0.500002;0.200005;0.100002;0.998091;-1.009470;0.050478;0.149334;0.999367;0.500320;-0.100064;1.000000;0.500320;0.100064;0.000010;0.000010;
1.604079;0.500000;0.100000;0.999361;1.000005;0.500003;0.200005;0.100002;0.998091;-1.009470;0.050478;0.149334;0.999367;0.500320;-0.100064;1.000000;0.500320;0.100064;0.000010;0.000010;
1.604143;0.500000;0.100000;0.999361;1.000005;0.500003;0.200005;0.100002;0.998091;-1.009470;0.050478;0.149334;0.999367;0.500320;-0.100064;1.000000;0.500320;0.100064;0.000010;0.000010;
1.604245;0.500000;0.100000;0.999361;1.000005;0.500003;0.200005;0.100002;0.998091;-1.009470;0.050478;0.149334;0.999367;0.500320;-0.100064;1.000000;0.500320;0.100064;0.000010;0.000010;
1.604246;0.500000;0.100000;0.999361;1.000005;0.500003;0.200005;0.100002;0.998091;-1.009470;0.050478;0.149334;0.999367;0.500320;-0.100064;1.000000;0.500320;0.100064;0.000010;0.000010;
1.604247;0.500000;0.100000;0.999361;1.000005;0.500003;0.200005;0.100002;0.998091;-1.009470;0.050478;0.149334;0.999367;0.500320;-0.100064;1.000000;0.500320;0.100064;0.000010;0.000010;
1.604249;0.500000;0.100000;0.999361;1.000005;0.500003;0.200005;0.100002;0.998091;-1.009470;0.050478;0.149334;0.999367;0.500320;-0.100064;1.000000;0.500320;0.100064;0.000010;0.000010;
1.604253;0.500000;0.100000;0.999361;1.000005;0.500003;0.200005;0.100002;0.998091;-1.009470;0.050478;0.149334;0.999367;0.500320;-0.100064;1.000000;0.500320;0.100064;0.000010;0.000010;
1.604261;0.500000;0.100000;0.999361;1.000005;0.500003;0.200005;0.100002;0.998091;-1.009470;0.050478;0.149334;0.999367;0.500320;-0.100064;1.000000;0.500320;0.100064;0.000010;0.000010;
1.604277;0.500000;0.100000;0.999361;1.000005;0.500003;0.200005;0.100002;0.998091;-1.009470;0.050478;0.149334;0.999367;0.500320;-0.100064;1.000000;0.500320;0.100064;0.000010;0.000010;
1.604309;0.500000;0.100000;0.999361;1.000005;0.500003;0.200005;0.100002;0.998091;-1.009470;0.050478;0.149334;0.999367;0.500320;-0.100064;1.000000;0.500320;0.100064;0.000010;0.000010;
1.604373;0.500000;0.100000;0.999361;1.000005;0.500003;0.200005;0.100002;0.998091;-1.009470;0.050478;0.149334;0.999367;0.500320;-0.100064;1.000000;0.500320;0.100064;0.000010;0.000010;
1.604501;0.500000;0.100000;0.999361;1.000005;0.500003;0.200005;0.100002;0.998091;-1.009470;0.050478;0.149334;0.999367;0.500320;-0.100064;1.000000;0.500320;0.100064;0.000010;0.000010;
1.604757;0.500000;0.100000;0.999361;1.000005;0.500003;0.200005;0.100002;0.998091;-1.009470;0.050478;0.149334;0.999367;0.500320;-0.100064;1.000000;0.500320;0.100064;0.000010;0.000010;
1.605269;0.500000;0.100000;0.999361;1.000005;0.500003;0.200005;0.100002;0.998091;-1.009470;0.050478;0.149334;0.999367;0.500320;-0.100064;1.000000;0.500320;0.100064;0.000010;0.000010;
1.606293;0.500000;0.100000;0.999361;1.000005;0.500003;0.200005;0.100002;0.998091;-1.009470;0.050478;0.149334;0.999367;0.500320;-0.100064;1.000000;0.500320;0.100064;0.000010;0.000010;
1.608341;0.500000;0.100000;0.999361;1.000005;0.500003;0.200005;0.100002;0.998091;-1.009470;0.050478;0.149334;0.999367;0.500320;-0.100064;1.000000;0.500320;0.100064;0.000010;0.000010;
1.612437;0.500000;0.100000;0.999361;1.000005;0.500003;0.200005;0.100002;0.998091;-1.009470;0.050478;0.149334;0.999367;0.500320;-0.100064;1.000000;0.500320;0.100064;0.000010;0.000010;
1.620629;0.500000;0.100000;0.999361;1.000005;0.500003;0.200005;0.100002;0.998091;-1.009470;0.050478;0.149334;0.999367;0.500320;-0.100064;1.000000;0.500320;0.100064;0.000010;0.000010;
1.637013;0.500000;0.100000;0.999361;1.000005;0.500003;0.200005;0.100002;0.998091;-1.009470;0.050478;0.149334;0.999367;0.500320;-0.100064;1.000000;0.500320;0.100064;0.000010;0.000010;
1.669781;0.500000;0.100000;0.999361;1.000005;0.500003;0.200005;0.100003;0.998091;-1.009470;0.050478;0.149334;0.999367;0.500320;-0.100064;1.000000;0.500320;0.100064;0.000010;0.000010;
1.735317;0.500000;0.100000;0.999361;1.000005;0.500003;0.200005;0.100003;0.998091;-1.009470;0.050478;0.149334;0.999367;0.500320;-0.100064;1.000000;0.500320;0.100064;0.000010;0.000010;
1.866389;0.500000;0.100000;0.999361;1.000005;0.500003;0.200005;0.100003;0.998091;-1.009470;0.050478;0.149334;0.999367;0.500320;-0.100064;1.000000;0.500320;0.100064;0.000010;0.000010;
1.997461;0.500000;0.100000;0.999361;1.000005;0.500003;0.200005;0.100003;0.998091;-1.009470;0.050478;0.149334;0.999367;0.500320;-0.100064;1.000000;0.500320;0.100064;0.000010;0.000010;
2.128533;0.500000;0.100000;0.999361;1.000005;0.500003;0.200005;0.100003;0.998091;-1.009470;0.050478;0.149334;0.999367;0.500320;-0.100064;1.000000;0.500320;0.100064;0.000010;0.000010;
2.259605;0.500000;0.100000;0.999361;1.000005;0.500003;0.200005;0.100003;0.998091;-1.009470;0.050478;0.149334;0.999367;0.500320;-0.100064;1.000000;0.500320;0.100064;0.000010;0.000010;
2.390677;0.500000;0.100000;0.999361;1.000005;0.500003;0.200005;0.100003;0.998091;-1.009470;0.050478;0.149334;0.999367;0.500320;-0.100064;1.000000;0.500320;0.100064;0.000010;0.000010;
2.521749;0.500000;0.100000;0.999361;1.000005;0.500003;0.200005;0.100003;0.998091;-1.009470;0.050478;0.149334;0.999367;0.500320;-0.100064;1.000000;0.500320;0.100064;0.000010;0.000010;
2.652821;0.500000;0.100000;0.999361;1.000005;0.500003;0.200005;0.100003;0.998091;-1.009470;0.050478;0.149334;0.999367;0.500320;-0.100064;1.000000;0.500320;0.100064;0.000010;0.000010;
2.914965;0.500000;0.100000;0.999361;1.000005;0.500003;0.200005;0.100003;0.998091;-1.009470;0.050478;0.149334;0.999367;0.500320;-0.100064;1.000000;0.500320;0.100064;0.000010;0.000010;
3.150894;0.500000;0.100000;0.999361;1.000005;0.500003;0.200005;0.100003;0.998091;-1.009470;0.050478;0.149334;0.999367;0.500320;-0.100064;1.000000;0.500320;0.100064;0.000010;0.000010;
3.386824;0.500000;0.100000;0.999361;1.000005;0.500003;0.200005;0.100003;0.998091;-1.009470;0.050478;0.149334;0.999367;0.500320;-0.100064;1.000000;0.500320;0.100064;0.000010;0.000010;
3.622754;0.500000;0.100000;0.999361;1.000005;0.500003;0.200005;0.100003;0.998091;-1.009470;0.050478;0.149334;0.999367;0.500320;-0.100064;1.000000;0.500320;0.100064;0.000010;0.000010;
3.858683;0.500000;0.100000;0.999361;1.000005;0.500003;0.200005;0.100003;0.998091;-1.009470;0.050478;0.149334;0.999367;0.500320;-0.100064;1.000000;0.500320;0.100064;0.000010;0.000010;
4.094613;0.500000;0.100000;0.999361;1.000005;0.500003;0.200005;0.100003;0.998091;-1.009470;0.050478;0.149334;0.999367;0.500320;-0.100064;1.000000;0.500320;0.100064;0.000010;0.000010;
4.330542;0.500000;0.100000;0.999361;1.000005;0.500003;0.200005;0.100003;0.998091;-1.009470;0.050478;0.149334;0.999367;0.500320;-0.100064;1.000000;0.500320;0.100064;0.000010;0.000010;
4.566472;0.500000;0.100000;0.999361;1.000005;0.500003;0.200005;0.100003;0.998091;-1.009470;0.050478;0.149334;0.999367;0.500320;-0.100064;1.000000;0.500320;0.100064;0.000010;0.000010;
4.802402;0.500000;0.100000;0.999361;1.000005;0.500003;0.200005;0.100003;0.998091;-1.009470;0.050478;0.149334;0.999367;0.500320;-0.100064;1.000000;0.500320;0.100064;0.000010;0.000010;
5.038331;0.500000;0.100000;0.999361;1.000005;0.500003;0.200005;0.100003;0.998091;-1.009470;0.050478;0.149334;0.999367;0.500320;-0.100064;1.000000;0.500320;0.100064;0.000010;0.000010;
5.274261;0.500000;0.100000;0.999361;1.000005;0.500003;0.200005;0.100003;0.998091;-1.009470;0.050478;0.149334;0.999367;0.500320;-0.100064;1.000000;0.500320;0.100064;0.000010;0.000010;
5.303049;0.500000;0.100000;0.999361;1.000005;0.500003;0.200005;0.100003;0.998091;-1.009470;0.050478;0.149334;0.999367;0.500320;-0.100064;1.000000;0.500320;0.100064;0.000010;0.000010;
5.303050;0.500000;0.100000;0.999361;1.000005;0.500003;0.200005;0.100003;0.998091;-1.009470;0.050478;0.149334;0.999367;0.500320;-0.100064;1.000000;0.500320;0.100064;0.000010;0.000010;
5.303051;0.500000;0.100000;0.999361;1.000005;0.500003;0.200005;0.100003;0.998091;-1.009470;0.050478;0.149334;0.999367;0.500320;-0.100064;1.000000;0.500320;0.100064;0.000010;0.000010;
5.303053;0.500000;0.100000;0.999361;1.000005;0.500003;0.200005;0.100003;0.998091;-1.009470;0.050478;0.149334;0.999367;0.500320;-0.100064;1.000000;0.500320;0.100064;0.000010;0.000010;
5.303057;0.500000;0.100000;0.999361;1.000005;0.500003;0.200005;0.100003;0.998091;-1.009470;0.050478;0.149334;0.999367;0.500320;-0.100064;1.000000;0.500320;0.100064;0.000010;0.000010;
5.303065;0.500000;0.100000;0.999361;1.000005;0.500003;0.200005;0.100003;0.998091;-1.009470;0.050478;0.149334;0.999367;0.500320;-0.100064;1.000000;0.500320;0.100064;0.000010;0.000010;
5.303081;0.500000;0.100000;0.999361;1.000005;0.500003;0.200005;0.100003;0.998091;-1.009470;0.050478;0.149334;0.999367;0.500320;-0.100064;1.000000;0.500320;0.100064;0.000010;0.000010;
5.303113;0.500000;0.100000;0.999361;1.000005;0.500003;0.200005;0.100003;0.998091;-1.009470;0.050478;0.149334;0.999367;0.500320;-0.100064;1.000000;0.500320;0.100064;0.000010;0.000010;
5.303177;0.500000;0.100000;0.999361;1.000005;0.500003;0.200005;0.100003;0.998091;-1.009470;0.050478;0.149334;0.999367;0.500320;-0.100064;1.000000;0.500320;0.100064;0.000010;0.000010;
5.303305;0.500000;0.100000;0.999361;1.000005;0.500003;0.200005;0.100003;0.998091;-1.009470;0.050478;0.149334;0.999367;0.500320;-0.100064;1.000000;0.500320;0.100064;0.000010;0.000010;
5.303561;0.500000;0.100000;0.999361;1.000005;0.500003;0.200005;0.100003;0.998091;-1.009470;0.050478;0.149334;0.999367;0.500320;-0.100064;1.000000;0.500320;0.100064;0.000010;0.000010;
5.304073;0.500000;0.100000;0.999361;1.000005;0.500003;0.200005;0.100003;0.998091;-1.009470;0.050478;0.149334;0.999367;0.500320;-0.100064;1.000000;0.500320;0.100064;0.000010;0.000010;
5.305097;0.500000;0.100000;0.999361;1.000005;0.500003;0.200005;0.100003;0.998091;-1.009470;0.050478;0.149334;0.999367;0.500320;-0.100064;1.000000;0.500320;0.100064;0.000010;0.000010;
5.307145;0.500000;0.100000;0.999361;1.000005;0.500003;0.200005;0.100003;0.998091;-1.009470;0.050478;0.149334;0.999367;0.500320;-0.100064;1.000000;0.500320;0.100064;0.000010;0.000010;
5.311241;0.500000;0.100000;0.999361;1.000005;0.500003;0.200005;0.100003;0.998091;-1.009470;0.050478;0.149334;0.999367;0.500320;-0.100064;1.000000;0.500320;0.100064;0.000010;0.000010;
5.319433;0.500000;0.100000;0.999361;1.000005;0.500003;0.200005;0.100003;0.998091;-1.009470;0.050478;0.149334;0.999367;0.500320;-0.100064;1.000000;0.500320;0.100064;0.000010;0.000010;
5.335817;0.500000;0.100000;0.999361;1.000005;0.500003;0.200005;0.100003;0.998091;-1.009470;0.050478;0.149334;0.999367;0.500320;-0.100064;1.000000;0.500320;0.100064;0.000010;0.000010;
5.368585;0.500000;0.100000;0.999361;1.000005;0.500003;0.200005;0.100003;0.998091;-1.009470;0.050478;0.149334;0.999367;0.500320;-0.100064;1.000000;0.500320;0.100064;0.000010;0.000010;
5.434121;0.500000;0.100000;0.999361;1.000005;0.500003;0.200005;0.100003;0.998091;-1.009470;0.050478;0.149334;0.999367;0.500320;-0.100064;1.000000;0.500320;0.100064;0.000010;0.000010;
5.565193;0.500000;0.100000;0.999361;1.000005;0.500003;0.200005;0.100003;0.998091;-1.009470;0.050478;0.149334;0.999367;0.500320;-0.100064;1.000000;0.500320;0.100064;0.000010;0.000010;
5.827337;0.500000;0.100000;0.999361;1.000005;0.500003;0.200005;0.100003;0.998091;-1.009470;0.050478;0.149334;0.999367;0.500320;-0.100064;1.000000;0.500320;0.100064;0.000010;0.000010;
6.089481;0.500000;0.100000;0.999361;1.000005;0.500003;0.200005;0.100003;0.998091;-1.009470;0.050478;0.149334;0.999367;0.500320;-0.100064;1.000000;0.500320;0.100064;0.000010;0.000010;
6.351625;0.500000;0.100000;0.999361;1.000005;0.500003;0.200005;0.100003;0.998091;-1.009470;0.050478;0.149334;0.999367;0.500320;-0.100064;1.000000;0.500320;0.100064;0.000010;0.000010;
6.498811;0.500000;0.100000;0.999361;1.000005;0.500003;0.200005;0.100003;0.998091;-1.009470;0.050478;0.149334;0.999367;0.500320;-0.100064;1.000000;0.500320;0.100064;0.000010;0.000010;
6.498812;0.500000;0.100000;0.999361;1.000005;0.500003;0.200005;0.100003;0.998091;-1.009470;0.050478;0.149334;0.999367;0.500320;-0.100064;1.000000;0.500320;0.100064;0.000010;0.000010;
6.498813;0.500000;0.100000;0.999361;1.000005;0.500003;0.200005;0.100003;0.998091;-1.009470;0.050478;0.149334;0.999367;0.500320;-0.100064;1.000000;0.500320;0.100064;0.000010;0.000010;
6.498815;0.500000;0.100000;0.999361;1.000005;0.500003;0.200005;0.100003;0.998091;-1.009470;0.050478;0.149334;0.999367;0.500320;-0.100064;1.000000;0.500320;0.100064;0.000010;0.000010;
6.498819;0.500000;0.100000;0.999361;1.000005;0.500003;0.200005;0.100003;0.998091;-1.009470;0.050478;0.149334;0.999367;0.500320;-0.100064;1.000000;0.500320;0.100064;0.000010;0.000010;
6.498827;0.500000;0.100000;0.999361;1.000005;0.500003;0.200005;0.100003;0.998091;-1.009470;0.050478;0.149334;0.999367;0.500320;-0.100064;1.000000;0.500320;0.100064;0.000010;0.000010;
6.498843;0.500000;0.100000;0.999361;1.000005;0.500003;0.200005;0.100003;0.998091;-1.009470;0.050478;0.149334;0.999367;0.500320;-0.100064;1.000000;0.500320;0.100064;0.000010;0.000010;
6.498875;0.500000;0.100000;0.999361;1.000005;0.500003;0.200005;0.100003;0.998091;-1.009470;0.050478;0.149334;0.999367;0.500320;-0.100064;1.000000;0.500320;0.100064;0.000010;0.000010;
6.498939;0.500000;0.100000;0.999361;1.000005;0.500003;0.200005;0.100003;0.998091;-1.009470;0.050478;0.149334;0.999367;0.500320;-0.100064;1.000000;0.500320;0.100064;0.000010;0.000010;
6.499067;0.500000;0.100000;0.999361;1.000005;0.500003;0.200005;0.100003;0.998091;-1.009470;0.050478;0.149334;0.999367;0.500320;-0.100064;1.000000;0.500320;0.100064;0.000010;0.000010;
6.499323;0.500000;0.100000;0.999361;1.000005;0.500003;0.200005;0.100003;0.998091;-1.009470;0.050478;0.149334;0.999367;0.500320;-0.100064;1.000000;0.500320;0.100064;0.000010;0.000010;
6.499835;0.500000;0.100000;0.999361;1.000005;0.500003;0.200005;0.100003;0.998091;-1.009470;0.050478;0.149334;0.999367;0.500320;-0.100064;1.000000;0.500320;0.100064;0.000010;0.000010;
6.500859;0.500000;0.100000;0.999361;1.000005;0.500003;0.200005;0.100003;0.998091;-1.009470;0.050478;0.149334;0.999367;0.500320;-0.100064;1.000000;0.500320;0.100064;0.000010;0.000010;
6.502907;0.500000;0.100000;0.999361;1.000005;0.500003;0.200005;0.100003;0.998091;-1.009470;0.050478;0.149334;0.999367;0.500320;-0.100064;1.000000;0.500320;0.100064;0.000010;0.000010;
6.507003;0.500000;0.100000;0.999361;1.000005;0.500003;0.200005;0.100003;0.998091;-1.009470;0.050478;0.149334;0.999367;0.500320;-0.100064;1.000000;0.500320;0.100064;0.000010;0.000010;
6.515195;0.500000;0.100000;0.999361;1.000005;0.500003;0.200005;0.100003;0.998091;-1.009470;0.050478;0.149334;0.999367;0.500320;-0.100064;1.000000;0.500320;0.100064;0.000010;0.000010;
6.531579;0.500000;0.100000;0.999361;1.000005;0.500003;0.200005;0.100003;0.998091;-1.009470;0.050478;0.149334;0.999367;0.500320;-0.100064;1.000000;0.500320;0.100064;0.000010;0.000010;
6.564347;0.500000;0.100000;0.999361;1.000005;0.500003;0.200005;0.100003;0.998091;-1.009470;0.050478;0.149334;0.999367;0.500320;-0.100064;1.000000;0.500320;0.100064;0.000010;0.000010;
6.629883;0.500000;0.100000;0.999361;1.000005;0.500003;0.200005;0.100003;0.998091;-1.009470;0.050478;0.149334;0.999367;0.500320;-0.100064;1.000000;0.500320;0.100064;0.000010;0.000010;
6.669233;0.500000;0.100000;0.999361;1.000005;0.500003;0.200005;0.100003;0.998091;-1.009470;0.050478;0.149334;0.999367;0.500320;-0.100064;1.000000;0.500320;0.100064;0.000010;0.000010;
6.669234;0.500000;0.100000;0.999361;1.000005;0.500003;0.200005;0.100003;0.998091;-1.009470;0.050478;0.149334;0.999367;0.500320;-0.100064;1.000000;0.500320;0.100064;0.000010;0.000010;
6.669235;0.500000;0.100000;0.999361;1.000005;0.500003;0.200005;0.100003;0.998091;-1.009470;0.050478;0.149334;0.999367;0.500320;-0.100064;1.000000;0.500320;0.100064;0.000010;0.000010;
6.669237;0.500000;0.100000;0.999361;1.000005;0.500003;0.200005;0.100003;0.998091;-1.009470;0.050478;0.149334;0.999367;0.500320;-0.100064;1.000000;0.500320;0.100064;0.000010;0.000010;
6.669241;0.500000;0.100000;0.999361;1.000005;0.500003;0.200005;0.100003;0.998091;-1.009470;0.050478;0.149334;0.999367;0.500320;-0.100064;1.000000;0.500320;0.100064;0.000010;0.000010;
6.669249;0.500000;0.100000;0.999361;1.000005;0.500003;0.200005;0.100003;0.998091;-1.009470;0.050478;0.149334;0.999367;0.500320;-0.100064;1.000000;0.500320;0.100064;0.000010;0.000010;
6.669265;0.500000;0.100000;0.999361;1.000005;0.500003;0.200005;0.100003;0.998091;-1.009470;0.050478;0.149334;0.999367;0.500320;-0.100064;1.000000;0.500320;0.100064;0.000010;0.000010;
6.669297;0.500000;0.100000;0.999361;1.000005;0.500003;0.200005;0.100003;0.998091;-1.009470;0.050478;0.149334;0.999367;0.500320;-0.100064;1.000000;0.500320;0.100064;0.000010;0.000010;
6.669361;0.500000;0.100000;0.999361;1.000005;0.500003;0.200005;0.100003;0.998091;-1.009470;0.050478;0.149334;0.999367;0.500320;-0.100064;1.000000;0.500320;0.100064;0.000010;0.000010;
6.669489;0.500000;0.100000;0.999361;1.000005;0.500003;0.200005;0.100003;0.998091;-1.009470;0.050478;0.149334;0.999367;0.500320;-0.100064;1.000000;0.500320;0.100064;0.000010;0.000010;
6.669745;0.500000;0.100000;0.999361;1.000005;0.500003;0.200005;0.100003;0.998091;-1.009470;0.050478;0.149334;0.999367;0.500320;-0.100064;1.000000;0.500320;0.100064;0.000010;0.000010;
6.670257;0.500000;0.100000;0.999361;1.000005;0.500003;0.200005;0.100003;0.998091;-1.009470;0.050478;0.149334;0.999367;0.500320;-0.100064;1.000000;0.500320;0.100064;0.000010;0.000010;
6.671281;0.500000;0.100000;0.999361;1.000005;0.500003;0.200005;0.100003;0.998091;-1.009470;0.050478;0.149334;0.999367;0.500320;-0.100064;1.000000;0.500320;0.100064;0.000010;0.000010;
6.673329;0.500000;0.100000;0.999361;1.000005;0.500003;0.200005;0.100003;0.998091;-1.009470;0.050478;0.149334;0.999367;0.500320;-0.100064;1.000000;0.500320;0.100064;0.000010;0.000010;
6.677425;0.500000;0.100000;0.999361;1.000005;0.500003;0.200005;0.100003;0.998091;-1.009470;0.050478;0.149334;0.999367;0.500320;-0.100064;1.000000;0.500320;0.100064;0.000010;0.000010;
6.685617;0.500000;0.100000;0.999361;1.000005;0.500003;0.200005;0.100003;0.998091;-1.009470;0.050478;0.149334;0.999367;0.500320;-0.100064;1.000000;0.500320;0.100064;0.000010;0.000010;
6.702001;0.500000;0.100000;0.999361;1.000005;0.500003;0.200005;0.100003;0.998091;-1.009470;0.050478;0.149334;0.999367;0.500320;-0.100064;1.000000;0.500320;0.100064;0.000010;0.000010;
6.734769;0.500000;0.100000;0.999361;1.000005;0.500003;0.200005;0.100003;0.998091;-1.009470;0.050478;0.149334;0.999367;0.500320;-0.100064;1.000000;0.500320;0.100064;0.000010;0.000010;
6.800305;0.500000;0.100000;0.999361;1.000005;0.500003;0.200005;0.100003;0.998091;-1.009470;0.050478;0.149334;0.999367;0.500320;-0.100064;1.000000;0.500320;0.100064;0.000010;0.000010;
6.931377;0.500000;0.100000;0.999361;1.000005;0.500003;0.200005;0.100003;0.998091;-1.009470;0.050478;0.149334;0.999367;0.500320;-0.100064;1.000000;0.500320;0.100064;0.000010;0.000010;
7.193521;0.500000;0.100000;0.999361;1.000005;0.500003;0.200005;0.100003;0.998091;-1.009470;0.050478;0.149334;0.999367;0.500320;-0.100064;1.000000;0.500320;0.100064;0.000010;0.000010;
7.429450;0.500000;0.100000;0.999361;1.000005;0.500003;0.200005;0.100003;0.998091;-1.009470;0.050478;0.149334;0.999367;0.500320;-0.100064;1.000000;0.500320;0.100064;0.000010;0.000010;
7.665380;0.500000;0.100000;0.999361;1.000005;0.500003;0.200005;0.100003;0.998091;-1.009470;0.050478;0.149334;0.999367;0.500320;-0.100064;1.000000;0.500320;0.100064;0.000010;0.000010;
7.901310;0.500000;0.100000;0.999361;1.000005;0.500003;0.200005;0.100003;0.998091;-1.009470;0.050478;0.149334;0.999367;0.500320;-0.100064;1.000000;0.500320;0.100064;0.000010;0.000010;
7.999998;0.500000;0.100000;0.999361;1.000005;0.500003;0.200005;0.100003;0.998091;-1.009470;0.050478;0.149334;0.999367;0.500320;-0.100064;1.000000;0.500320;0.100064;0.000010;0.000010;
7.999999;0.500000;0.100000;0.999361;1.000005;0.500003;0.200005;0.100003;0.998091;-1.009470;0.050478;0.149334;0.999367;0.500320;-0.100064;1.000000;0.500320;0.100054;0.000010;0.000010;
8.000000;0.500000;0.100000;0.999361;1.000005;0.500003;0.200005;0.100003;0.998091;-1.009470;0.050478;0.149334;0.999367;0.500320;-0.100064;1.000000;0.500320;0.100044;0.000010;0.000010;
8.000002;0.500000;0.100000;0.999361;1.000005;0.500003;0.200005;0.100003;0.998091;-1.009470;0.050478;0.149334;0.999367;0.500320;-0.100064;1.000000;0.500320;0.100024;0.000010;0.000010;
8.000006;0.500000;0.100000;0.999361;1.000005;0.500003;0.200005;0.100003;0.998091;-1.009470;0.050478;0.149334;0.999367;0.500320;-0.100064;1.000000;0.500320;0.099984;0.000010;0.000010;
8.000014;0.500000;0.100000;0.999361;1.000005;0.500003;0.200005;0.100003;0.998091;-1.009470;0.050478;0.149334;0.999367;0.500320;-0.100064;1.000000;0.500320;0.099904;0.000010;0.000010;
8.000030;0.500000;0.100000;0.999361;1.000005;0.500003;0.200005;0.100002;0.998091;-1.009470;0.050478;0.149334;0.999367;0.500320;-0.100064;1.000000;0.500320;0.099744;0.000010;0.000010;
8.000062;0.500000;0.099999;0.999360;1.000005;0.500003;0.200003;0.100002;0.998091;-1.009470;0.050478;0.149332;0.999366;0.500320;-0.100063;1.000000;0.500320;0.099426;0.000010;0.000010;
8.000126;0.500000;0.099996;0.999360;1.000005;0.500002;0.199997;0.099998;0.998091;-1.009470;0.050478;0.149326;0.999366;0.500320;-0.100060;1.000000;0.500320;0.098791;0.000010;0.000010;
8.000254;0.499999;0.099984;0.999359;1.000004;0.500002;0.199973;0.099986;0.998089;-1.009469;0.050478;0.149302;0.999365;0.500320;-0.100048;1.000000;0.500321;0.097535;0.000010;0.000010;
8.000510;0.499997;0.099936;0.999354;0.999999;0.499999;0.199877;0.099938;0.998085;-1.009464;0.050478;0.149207;0.999360;0.500320;-0.100000;1.000000;0.500323;0.095069;0.000010;0.000010;
8.000850;0.499992;0.099826;0.999343;0.999988;0.499994;0.199658;0.099829;0.998074;-1.009453;0.050477;0.148991;0.999349;0.500320;-0.099892;1.000000;0.500328;0.091893;0.000010;0.000010;
8.000851;0.499992;0.099826;0.999343;0.999988;0.499994;0.199657;0.099829;0.998074;-1.009453;0.050477;0.148990;0.999349;0.500320;-0.099892;1.000000;0.500328;0.091884;0.000010;0.000010;
8.000852;0.499992;0.099826;0.999343;0.999988;0.499994;0.199656;0.099828;0.998074;-1.009453;0.050477;0.148989;0.999349;0.500320;-0.099891;1.000000;0.500328;0.091875;0.000010;0.000010;
8.000854;0.499991;0.099825;0.999343;0.999988;0.499994;0.199655;0.099827;0.998074;-1.009453;0.050477;0.148988;0.999349;0.500320;-0.099890;1.000000;0.500328;0.091857;0.000010;0.000010;
8.000858;0.499991;0.099823;0.999343;0.999988;0.499994;0.199651;0.099826;0.998073;-1.009453;0.050477;0.148984;0.999349;0.500320;-0.099889;1.000000;0.500328;0.091820;0.000010;0.000010;
8.000866;0.499991;0.099820;0.999343;0.999988;0.499994;0.199645;0.099822;0.998073;-1.009453;0.050477;0.148978;0.999349;0.500320;-0.099885;1.000000;0.500329;0.091747;0.000010;0.000010;
8.000882;0.499991;0.099813;0.999342;0.999987;0.499994;0.199632;0.099816;0.998072;-1.009452;0.050477;0.148965;0.999348;0.500320;-0.099879;1.000000;0.500329;0.091600;0.000010;0.000010;
8.000914;0.499990;0.099800;0.999341;0.999986;0.499993;0.199604;0.099802;0.998071;-1.009451;0.050477;0.148938;0.999347;0.500320;-0.099865;1.000000;0.500330;0.091307;0.000010;0.000010;
8.000978;0.499989;0.099771;0.999338;0.999983;0.499991;0.199547;0.099774;0.998068;-1.009448;0.050477;0.148881;0.999344;0.500320;-0.099837;1.000000;0.500331;0.090725;0.000010;0.000010;
8.001106;0.499986;0.099709;0.999332;0.999977;0.499988;0.199423;0.099711;0.998062;-1.009442;0.050476;0.148758;0.999338;0.500320;-0.099775;1.000000;0.500334;0.089571;0.000010;0.000010;
8.001362;0.499979;0.099563;0.999317;0.999963;0.499981;0.199132;0.099566;0.998048;-1.009428;0.050476;0.148470;0.999323;0.500320;-0.099631;1.000000;0.500341;0.087307;0.000010;0.000010;
8.001874;0.499961;0.099195;0.999281;0.999928;0.499964;0.198394;0.099197;0.998011;-1.009392;0.050474;0.147740;0.999287;0.500321;-0.099266;1.000001;0.500359;0.082946;0.000010;0.000010;
8.002898;0.499914;0.098177;0.999180;0.999834;0.499917;0.196360;0.098180;0.997911;-1.009297;0.050469;0.145726;0.999186;0.500324;-0.098258;1.000001;0.500410;0.074855;0.000010;0.000010;
8.004946;0.499785;0.095249;0.998890;0.999575;0.499788;0.190503;0.095252;0.997620;-1.009036;0.050456;0.139924;0.998896;0.500341;-0.095355;1.000003;0.500555;0.060870;0.000010;0.000010;
8.006994;0.499624;0.091379;0.998506;0.999253;0.499626;0.182764;0.091382;0.997237;-1.008711;0.050440;0.132250;0.998511;0.500372;-0.091516;1.000006;0.500747;0.049456;0.000010;0.000010;
8.007237;0.499604;0.090878;0.998456;0.999212;0.499606;0.181761;0.090881;0.997187;-1.008670;0.050438;0.131255;0.998462;0.500376;-0.091018;1.000006;0.500772;0.048244;0.000010;0.000010;
8.007238;0.499604;0.090876;0.998456;0.999212;0.499606;0.181757;0.090878;0.997187;-1.008670;0.050438;0.131251;0.998461;0.500376;-0.091016;1.000006;0.500772;0.048239;0.000010;0.000010;
8.007239;0.499603;0.090874;0.998455;0.999212;0.499606;0.181753;0.090876;0.997186;-1.008670;0.050438;0.131247;0.998461;0.500376;-0.091014;1.000006;0.500772;0.048235;0.000010;0.000010;
8.007241;0.499603;0.090869;0.998455;0.999212;0.499606;0.181744;0.090872;0.997186;-1.008669;0.050438;0.131238;0.998461;0.500376;-0.091010;1.000006;0.500773;0.048225;0.000010;0.000010;
8.007245;0.499603;0.090861;0.998454;0.999211;0.499606;0.181727;0.090863;0.997185;-1.008669;0.050438;0.131221;0.998460;0.500377;-0.091001;1.000006;0.500773;0.048206;0.000010;0.000010;
8.007253;0.499602;0.090843;0.998452;0.999210;0.499605;0.181692;0.090846;0.997183;-1.008667;0.050438;0.131187;0.998458;0.500377;-0.090984;1.000006;0.500774;0.048167;0.000010;0.000010;
8.007269;0.499601;0.090809;0.998449;0.999207;0.499603;0.181623;0.090812;0.997180;-1.008665;0.050438;0.131118;0.998455;0.500377;-0.090950;1.000006;0.500776;0.048090;0.000010;0.000010;
8.007301;0.499598;0.090740;0.998442;0.999201;0.499601;0.181485;0.090742;0.997173;-1.008659;0.050437;0.130981;0.998448;0.500378;-0.090881;1.000006;0.500779;0.047937;0.000010;0.000010;
8.007365;0.499592;0.090601;0.998428;0.999190;0.499595;0.181207;0.090604;0.997159;-1.008648;0.050437;0.130706;0.998434;0.500379;-0.090744;1.000006;0.500786;0.047631;0.000010;0.000010;
8.007493;0.499581;0.090322;0.998401;0.999168;0.499584;0.180649;0.090325;0.997132;-1.008625;0.050436;0.130152;0.998406;0.500382;-0.090467;1.000007;0.500800;0.047025;0.000010;0.000010;
8.007749;0.499559;0.089758;0.998345;0.999122;0.499561;0.179521;0.089760;0.997076;-1.008579;0.050433;0.129032;0.998350;0.500387;-0.089907;1.000007;0.500828;0.045836;0.000010;0.000010;
8.008261;0.499513;0.088607;0.998230;0.999032;0.499516;0.177220;0.088610;0.996962;-1.008488;0.050429;0.126748;0.998236;0.500399;-0.088764;1.000008;0.500885;0.043547;0.000010;0.000010;
8.009285;0.499422;0.086232;0.997994;0.998850;0.499425;0.172468;0.086234;0.996726;-1.008304;0.050420;0.122030;0.998000;0.500426;-0.086405;1.000009;0.501004;0.039299;0.000010;0.000010;
8.011333;0.499244;0.081281;0.997502;0.998493;0.499247;0.162566;0.081283;0.996233;-1.007944;0.050402;0.112187;0.997508;0.500494;-0.081484;1.000012;0.501251;0.031957;0.000010;0.000010;
8.013381;0.499075;0.076171;0.996993;0.998155;0.499078;0.152347;0.076174;0.995725;-1.007603;0.050385;0.102016;0.996999;0.500580;-0.076401;1.000015;0.501507;0.025965;0.000010;0.000010;
8.015429;0.498921;0.071029;0.996480;0.997846;0.498923;0.142063;0.071032;0.995212;-1.007291;0.050369;0.091766;0.996486;0.500683;-0.071280;1.000017;0.501765;0.021088;0.000010;0.000010;
8.017477;0.498784;0.065955;0.995974;0.997573;0.498787;0.131915;0.065957;0.994706;-1.007015;0.050355;0.081638;0.995980;0.500800;-0.066221;1.000020;0.502020;0.017124;0.000010;0.000010;
8.021573;0.498570;0.056336;0.995012;0.997146;0.498573;0.112677;0.056339;0.993744;-1.006584;0.050334;0.062402;0.995018;0.501070;-0.056618;1.000023;0.502505;0.011137;0.000010;0.000010;
8.025669;0.498434;0.047583;0.994135;0.996873;0.498436;0.095170;0.047585;0.992866;-1.006308;0.050320;0.044852;0.994141;0.501374;-0.047863;1.000025;0.502949;0.007180;0.000010;0.000010;
8.029765;0.498367;0.039833;0.993357;0.996740;0.498370;0.079669;0.039835;0.992087;-1.006174;0.050314;0.029277;0.993362;0.501700;-0.040098;1.000026;0.503343;0.004604;0.000010;0.000010;
8.033861;0.498360;0.033114;0.992681;0.996725;0.498363;0.066232;0.033116;0.991411;-1.006159;0.050313;0.015744;0.992687;0.502034;-0.033357;1.000027;0.503686;0.002942;0.000010;0.000010;
8.037957;0.498399;0.027380;0.992104;0.996803;0.498402;0.054766;0.027383;0.990832;-1.006238;0.050317;0.004174;0.992109;0.502366;-0.027598;1.000026;0.503979;0.001876;0.000010;0.000010;
8.042053;0.498472;0.022546;0.991616;0.996949;0.498475;0.045099;0.022549;0.990343;-1.006386;0.050324;-0.005601;0.991621;0.502687;-0.022737;1.000025;0.504227;0.001194;0.000010;0.000010;
8.050245;0.498669;0.015026;0.990856;0.997343;0.498671;0.030057;0.015029;0.989581;-1.006783;0.050344;-0.020846;0.990861;0.503271;-0.015164;1.000022;0.504614;0.000396;0.000010;0.000010;
8.058437;0.498899;0.009850;0.990331;0.997802;0.498901;0.019707;0.009853;0.989055;-1.007247;0.050368;-0.031369;0.990337;0.503769;-0.009947;1.000018;0.504881;0.000084;0.000010;0.000010;
8.066629;0.499125;0.006379;0.989979;0.998254;0.499127;0.012765;0.006382;0.988701;-1.007703;0.050390;-0.038448;0.989984;0.504177;-0.006444;1.000014;0.505061;-0.000013;0.000010;0.000010;
8.074821;0.499326;0.004095;0.989747;0.998657;0.499329;0.008198;0.004099;0.988467;-1.008110;0.050411;-0.043119;0.989752;0.504499;-0.004139;1.000011;0.505180;-0.000029;0.000010;0.000010;
8.083013;0.499494;0.002614;0.989596;0.998993;0.499497;0.005235;0.002617;0.988315;-1.008449;0.050428;-0.046158;0.989601;0.504745;-0.002642;1.000008;0.505257;-0.000022;0.000010;0.000010;
8.091205;0.499628;0.001663;0.989499;0.999261;0.499631;0.003332;0.001666;0.988217;-1.008720;0.050441;-0.048116;0.989504;0.504930;-0.001681;1.000006;0.505306;-0.000013;0.000010;0.000010;
8.099397;0.499731;0.001056;0.989437;0.999467;0.499734;0.002117;0.001059;0.988155;-1.008928;0.050452;-0.049370;0.989442;0.505066;-0.001067;1.000004;0.505338;-0.000006;0.000010;0.000010;
8.115781;0.499871;0.000347;0.989364;0.999747;0.499873;0.000699;0.000349;0.988081;-1.009210;0.050466;-0.050838;0.989369;0.505244;-0.000351;1.000002;0.505375;-0.000001;0.000010;0.000010;
8.132165;0.499945;0.000072;0.989336;0.999896;0.499948;0.000148;0.000074;0.988053;-1.009360;0.050473;-0.051412;0.989341;0.505334;-0.000072;1.000001;0.505390;0.000001;0.000010;0.000010;
8.148549;0.499981;-0.000013;0.989327;0.999967;0.499983;-0.000021;-0.000010;0.988044;-1.009432;0.050477;-0.051590;0.989332;0.505375;0.000013;1.000000;0.505394;0.000001;0.000010;0.000010;
8.164933;0.499996;-0.000026;0.989326;0.999997;0.499998;-0.000048;-0.000024;0.988042;-1.009462;0.050478;-0.051621;0.989331;0.505390;0.000027;1.000000;0.505395;0.000000;0.000010;0.000010;
8.197701;0.500007;-0.000028;0.989325;1.000019;0.500009;-0.000051;-0.000026;0.988042;-1.009484;0.050480;-0.051627;0.989331;0.505402;0.000029;1.000000;0.505395;0.000000;0.000010;0.000010;
8.263237;0.500002;-0.000007;0.989328;1.000009;0.500004;-0.000008;-0.000004;0.988044;-1.009474;0.050479;-0.051582;0.989333;0.505396;0.000007;1.000000;0.505394;0.000000;0.000010;0.000010;
8.394309;0.500000;-0.000001;0.989328;1.000006;0.500003;0.000003;0.000002;0.988045;-1.009471;0.050479;-0.051570;0.989333;0.505394;0.000001;1.000000;0.505393;0.000000;0.000010;0.000010;
8.525381;0.500000;-0.000000;0.989328;1.000005;0.500003;0.000005;0.000002;0.988045;-1.009470;0.050479;-0.051569;0.989333;0.505393;0.000000;1.000000;0.505393;0.000000;0.000010;0.000010;
8.622504;0.500000;-0.000000;0.989328;1.000005;0.500003;0.000005;0.000003;0.988045;-1.009470;0.050479;-0.051568;0.989333;0.505393;0.000000;1.000000;0.505393;0.000000;0.000010;0.000010;
8.622505;0.500000;-0.000000;0.989328;1.000005;0.500003;0.000005;0.000003;0.988045;-1.009470;0.050479;-0.051568;0.989333;0.505393;0.000000;1.000000;0.505393;0.000000;0.000010;0.000010;
8.622506;0.500000;-0.000000;0.989328;1.000005;0.500003;0.000005;0.000003;0.988045;-1.009470;0.050479;-0.051568;0.989333;0.505393;0.000000;1.000000;0.505393;0.000000;0.000010;0.000010;
8.622508;0.500000;-0.000000;0.989328;1.000005;0.500003;0.000005;0.000003;0.988045;-1.009470;0.050479;-0.051568;0.989333;0.505393;0.000000;1.000000;0.505393;0.000000;0.000010;0.000010;
8.622512;0.500000;-0.000000;0.989328;1.000005;0.500003;0.000005;0.000003;0.988045;-1.009470;0.050479;-0.051568;0.989333;0.505393;0.000000;1.000000;0.505393;0.000000;0.000010;0.000010;
8.622520;0.500000;-0.000000;0.989328;1.000005;0.500003;0.000005;0.000003;0.988045;-1.009470;0.050479;-0.051568;0.989333;0.505393;0.000000;1.000000;0.505393;0.000000;0.000010;0.000010;
8.622536;0.500000;-0.000000;0.989328;1.000005;0.500003;0.000005;0.000003;0.988045;-1.009470;0.050479;-0.051568;0.989333;0.505393;0.000000;1.000000;0.505393;0.000000;0.000010;0.000010;
8.622568;0.500000;-0.000000;0.989328;1.000005;0.500003;0.000005;0.000003;0.988045;-1.009470;0.050479;-0.051568;0.989333;0.505393;0.000000;1.000000;0.505393;0.000000;0.000010;0.000010;
8.622632;0.500000;-0.000000;0.989328;1.000005;0.500003;0.000005;0.000003;0.988045;-1.009470;0.050479;-0.051568;0.989333;0.505393;0.000000;1.000000;0.505393;0.000000;0.000010;0.000010;
8.622760;0.500000;-0.000000;0.989328;1.000005;0.500003;0.000005;0.000003;0.988045;-1.009470;0.050479;-0.051568;0.989333;0.505393;0.000000;1.000000;0.505393;0.000000;0.000010;0.000010;
8.623016;0.500000;-0.000000;0.989328;1.000005;0.500003;0.000005;0.000003;0.988045;-1.009470;0.050479;-0.051568;0.989333;0.505393;0.000000;1.000000;0.505393;0.000000;0.000010;0.000010;
8.623528;0.500000;-0.000000;0.989328;1.000005;0.500003;0.000005;0.000003;0.988045;-1.009470;0.050479;-0.051568;0.989333;0.505393;0.000000;1.000000;0.505393;0.000000;0.000010;0.000010;
8.624552;0.500000;-0.000000;0.989328;1.000005;0.500003;0.000005;0.000003;0.988045;-1.009470;0.050479;-0.051568;0.989333;0.505393;0.000000;1.000000;0.505393;0.000000;0.000010;0.000010;
8.626600;0.500000;-0.000000;0.989328;1.000005;0.500003;0.000005;0.000003;0.988045;-1.009470;0.050479;-0.051568;0.989333;0.505393;0.000000;1.000000;0.505393;0.000000;0.000010;0.000010;
8.630696;0.500000;-0.000000;0.989328;1.000005;0.500003;0.000005;0.000003;0.988045;-1.009470;0.050479;-0.051568;0.989333;0.505393;0.000000;1.000000;0.505393;0.000000;0.000010;0.000010;
8.638888;0.500000;-0.000000;0.989328;1.000005;0.500003;0.000005;0.000003;0.988045;-1.009470;0.050479;-0.051568;0.989333;0.505393;0.000000;1.000000;0.505393;0.000000;0.000010;0.000010;
8.648585;0.500000;-0.000000;0.989328;1.000005;0.500003;0.000005;0.000003;0.988045;-1.009470;0.050479;-0.051568;0.989333;0.505393;0.000000;1.000000;0.505393;-0.000000;0.000010;0.000010;
8.648586;0.500000;-0.000000;0.989328;1.000005;0.500003;0.000005;0.000003;0.988045;-1.009470;0.050479;-0.051568;0.989333;0.505393;0.000000;1.000000;0.505393;-0.000000;0.000010;0.000010;
8.648587;0.500000;-0.000000;0.989328;1.000005;0.500003;0.000005;0.000003;0.988045;-1.009470;0.050479;-0.051568;0.989333;0.505393;0.000000;1.000000;0.505393;-0.000000;0.000010;0.000010;
8.648589;0.500000;-0.000000;0.989328;1.000005;0.500003;0.000005;0.000003;0.988045;-1.009470;0.050479;-0.051568;0.989333;0.505393;0.000000;1.000000;0.505393;-0.000000;0.000010;0.000010;
8.648593;0.500000;-0.000000;0.989328;1.000005;0.500003;0.000005;0.000003;0.988045;-1.009470;0.050479;-0.051568;0.989333;0.505393;0.000000;1.000000;0.505393;-0.000000;0.000010;0.000010;
8.648601;0.500000;-0.000000;0.989328;1.000005;0.500003;0.000005;0.000003;0.988045;-1.009470;0.050479;-0.051568;0.989333;0.505393;0.000000;1.000000;0.505393;-0.000000;0.000010;0.000010;
8.648617;0.500000;-0.000000;0.989328;1.000005;0.500003;0.000005;0.000003;0.988045;-1.009470;0.050479;-0.051568;0.989333;0.505393;0.000000;1.000000;0.505393;-0.000000;0.000010;0.000010;
8.648649;0.500000;-0.000000;0.989328;1.000005;0.500003;0.000005;0.000003;0.988045;-1.009470;0.050479;-0.051568;0.989333;0.505393;0.000000;1.000000;0.505393;-0.000000;0.000010;0.000010;
8.648713;0.500000;-0.000000;0.989328;1.000005;0.500003;0.000005;0.000003;0.988045;-1.009470;0.050479;-0.051568;0.989333;0.505393;0.000000;1.000000;0.505393;-0.000000;0.000010;0.000010;
8.648841;0.500000;-0.000000;0.989328;1.000005;0.500003;0.000005;0.000003;0.988045;-1.009470;0.050479;-0.051568;0.989333;0.505393;0.000000;1.000000;0.505393;-0.000000;0.000010;0.000010;
8.649097;0.500000;-0.000000;0.989328;1.000005;0.500003;0.000005;0.000003;0.988045;-1.009470;0.050479;-0.051568;0.989333;0.505393;0.000000;1.000000;0.505393;-0.000000;0.000010;0.000010;
8.649609;0.500000;-0.000000;0.989328;1.000005;0.500003;0.000005;0.000003;0.988045;-1.009470;0.050479;-0.051568;0.989333;0.505393;0.000000;1.000000;0.505393;-0.000000;0.000010;0.000010;
8.650633;0.500000;-0.000000;0.989328;1.000005;0.500003;0.000005;0.000003;0.988045;-1.009470;0.050479;-0.051568;0.989333;0.505393;0.000000;1.000000;0.505393;-0.000000;0.000010;0.000010;
8.652681;0.500000;-0.000000;0.989328;1.000005;0.500003;0.000005;0.000003;0.988045;-1.009470;0.050479;-0.051568;0.989333;0.505393;0.000000;1.000000;0.505393;-0.000000;0.000010;0.000010;
8.656777;0.500000;-0.000000;0.989328;1.000005;0.500003;0.000005;0.000003;0.988045;-1.009470;0.050479;-0.051568;0.989333;0.505393;0.000000;1.000000;0.505393;-0.000000;0.000010;0.000010;
8.664969;0.500000;-0.000000;0.989328;1.000005;0.500003;0.000005;0.000003;0.988045;-1.009470;0.050479;-0.051568;0.989333;0.505393;0.000000;1.000000;0.505393;-0.000000;0.000010;0.000010;
8.673829;0.500000;-0.000000;0.989328;1.000005;0.500003;0.000005;0.000003;0.988045;-1.009470;0.050479;-0.051568;0.989333;0.505393;0.000000;1.000000;0.505393;0.000000;0.000010;0.000010;
8.673830;0.500000;-0.000000;0.989328;1.000005;0.500003;0.000005;0.000003;0.988045;-1.009470;0.050479;-0.051568;0.989333;0.505393;0.000000;1.000000;0.505393;0.000000;0.000010;0.000010;
8.673831;0.500000;-0.000000;0.989328;1.000005;0.500003;0.000005;0.000003;0.988045;-1.009470;0.050479;-0.051568;0.989333;0.505393;0.000000;1.000000;0.505393;0.000000;0.000010;0.000010;
8.673833;0.500000;-0.000000;0.989328;1.000005;0.500003;0.000005;0.000003;0.988045;-1.009470;0.050479;-0.051568;0.989333;0.505393;0.000000;1.000000;0.505393;0.000000;0.000010;0.000010;
8.673837;0.500000;-0.000000;0.989328;1.000005;0.500003;0.000005;0.000003;0.988045;-1.009470;0.050479;-0.051568;0.989333;0.505393;0.000000;1.000000;0.505393;0.000000;0.000010;0.000010;
8.673845;0.500000;-0.000000;0.989328;1.000005;0.500003;0.000005;0.000003;0.988045;-1.009470;0.050479;-0.051568;0.989333;0.505393;0.000000;1.000000;0.505393;0.000000;0.000010;0.000010;
8.673861;0.500000;-0.000000;0.989328;1.000005;0.500003;0.000005;0.000003;0.988045;-1.009470;0.050479;-0.051568;0.989333;0.505393;0.000000;1.000000;0.505393;0.000000;0.000010;0.000010;
8.673893;0.500000;-0.000000;0.989328;1.000005;0.500003;0.000005;0.000003;0.988045;-1.009470;0.050479;-0.051568;0.989333;0.505393;0.000000;1.000000;0.505393;0.000000;0.000010;0.000010;
8.673957;0.500000;-0.000000;0.989328;1.000005;0.500003;0.000005;0.000003;0.988045;-1.009470;0.050479;-0.051568;0.989333;0.505393;0.000000;1.000000;0.505393;0.000000;0.000010;0.000010;
8.674085;0.500000;-0.000000;0.989328;1.000005;0.500003;0.000005;0.000003;0.988045;-1.009470;0.050479;-0.051568;0.989333;0.505393;0.000000;1.000000;0.505393;0.000000;0.000010;0.000010;
8.674341;0.500000;-0.000000;0.989328;1.000005;0.500003;0.000005;0.000003;0.988045;-1.009470;0.050479;-0.051568;0.989333;0.505393;0.000000;1.000000;0.505393;0.000000;0.000010;0.000010;
8.674853;0.500000;-0.000000;0.989328;1.000005;0.500003;0.000005;0.000003;0.988045;-1.009470;0.050479;-0.051568;0.989333;0.505393;0.000000;1.000000;0.505393;0.000000;0.000010;0.000010;
8.675877;0.500000;-0.000000;0.989328;1.000005;0.500003;0.000005;0.000003;0.988045;-1.009470;0.050479;-0.051568;0.989333;0.505393;0.000000;1.000000;0.505393;0.000000;0.000010;0.000010;
8.677925;0.500000;-0.000000;0.989328;1.000005;0.500003;0.000005;0.000003;0.988045;-1.009470;0.050479;-0.051568;0.989333;0.505393;0.000000;1.000000;0.505393;0.000000;0.000010;0.000010;
8.682021;0.500000;-0.000000;0.989328;1.000005;0.500003;0.000005;0.000003;0.988045;-1.009470;0.050479;-0.051568;0.989333;0.505393;0.000000;1.000000;0.505393;0.000000;0.000010;0.000010;
8.690213;0.500000;-0.000000;0.989328;1.000005;0.500003;0.000005;0.000003;0.988045;-1.009470;0.050479;-0.051568;0.989333;0.505393;0.000000;1.000000;0.505393;0.000000;0.000010;0.000010;
8.706597;0.500000;-0.000000;0.989328;1.000005;0.500003;0.000005;0.000003;0.988045;-1.009470;0.050479;-0.051568;0.989333;0.505393;0.000000;1.000000;0.505393;-0.000000;0.000010;0.000010;
8.739365;0.500000;-0.000000;0.989328;1.000005;0.500003;0.000005;0.000003;0.988045;-1.009470;0.050479;-0.051568;0.989333;0.505393;-0.000000;1.000000;0.505393;-0.000000;0.000010;0.000010;
8.804901;0.500000;-0.000000;0.989328;1.000005;0.500003;0.000005;0.000003;0.988045;-1.009470;0.050479;-0.051568;0.989333;0.505393;-0.000000;1.000000;0.505393;-0.000000;0.000010;0.000010;
8.935973;0.500000;-0.000000;0.989328;1.000005;0.500003;0.000005;0.000003;0.988045;-1.009470;0.050479;-0.051568;0.989333;0.505393;-0.000000;1.000000;0.505393;-0.000000;0.000010;0.000010;
9.198117;0.500000;0.000000;0.989328;1.000005;0.500003;0.000005;0.000003;0.988045;-1.009470;0.050479;-0.051568;0.989333;0.505393;-0.000000;1.000000;0.505393;0.000000;0.000010;0.000010;
9.460261;0.500000;0.000000;0.989328;1.000005;0.500003;0.000005;0.000003;0.988045;-1.009470;0.050479;-0.051568;0.989333;0.505393;0.000000;1.000000;0.505393;0.000000;0.000010;0.000010;
9.722405;0.500000;0.000000;0.989328;1.000005;0.500003;0.000005;0.000003;0.988045;-1.009470;0.050479;-0.051568;0.989333;0.505393;0.000000;1.000000;0.505393;-0.000000;0.000010;0.000010;
9.984549;0.500000;0.000000;0.989328;1.000005;0.500003;0.000005;0.000003;0.988045;-1.009470;0.050479;-0.051568;0.989333;0.505393;0.000000;1.000000;0.505393;-0.000000;0.000010;0.000010;
10.246693;0.500000;0.000000;0.989328;1.000005;0.500003;0.000005;0.000003;0.988045;-1.009470;0.050479;-0.051568;0.989333;0.505393;-0.000000;1.000000;0.505393;-0.000000;0.000010;0.000010;
10.508837;0.500000;-0.000000;0.989328;1.000005;0.500003;0.000005;0.000003;0.988045;-1.009470;0.050479;-0.051568;0.989333;0.505393;-0.000000;1.000000;0.505393;0.000000;0.000010;0.000010;
10.770981;0.500000;-0.000000;0.989328;1.000005;0.500003;0.000005;0.000003;0.988045;-1.009470;0.050479;-0.051568;0.989333;0.505393;-0.000000;1.000000;0.505393;0.000000;0.000010;0.000010;
11.033125;0.500000;-0.000000;0.989328;1.000005;0.500003;0.000005;0.000003;0.988045;-1.009470;0.050479;-0.051568;0.989333;0.505393;0.000000;1.000000;0.505393;-0.000000;0.000010;0.000010;
11.295269;0.500000;-0.000000;0.989328;1.000005;0.500003;0.000005;0.000003;0.988045;-1.009470;0.050479;-0.051568;0.989333;0.505393;0.000000;1.000000;0.505393;-0.000000;0.000010;0.000010;
11.557413;0.500000;0.000000;0.989328;1.000005;0.500003;0.000005;0.000003;0.988045;-1.009470;0.050479;-0.051568;0.989333;0.505393;-0.000000;1.000000;0.505393;-0.000000;0.000010;0.000010;
11.819557;0.500000;0.000000;0.989328;1.000005;0.500003;0.000005;0.000003;0.988045;-1.009470;0.050479;-0.051568;0.989333;0.505393;-0.000000;1.000000;0.505393;0.000000;0.000010;0.000010;
11.999998;0.500000;0.000000;0.989328;1.000005;0.500003;0.000005;0.000003;0.988045;-1.009470;0.050479;-0.051568;0.989333;0.505393;-0.000000;1.000000;0.505393;0.000000;0.000010;0.000010;
11.999998;0.252368;0.012650;0.499976;0.504740;0.252370;0.025305;0.012653;0.497426;-1.009470;0.050479;-0.051568;0.499981;0.505393;-0.000000;1.750911;0.505393;0.000000;0.000010;0.000010;
11.999998;0.252368;0.012650;0.499976;0.504740;0.252370;0.025305;0.012653;0.497426;-1.009470;0.050479;-0.051568;0.499981;0.505393;-0.000000;1.750908;0.505412;0.000000;0.000010;0.000010;
11.999998;0.252368;0.012650;0.499976;0.504740;0.252370;0.025305;0.012653;0.497426;-1.009470;0.050479;-0.051569;0.499981;0.505393;-0.000000;1.750903;0.505447;0.000000;0.000010;0.000010;
11.999998;0.252366;0.012616;0.499969;0.504737;0.252369;0.025236;0.012618;0.497419;-1.009464;0.050479;-0.051707;0.499974;0.505394;-0.000000;1.748855;0.519583;0.000000;0.000010;0.000010;
11.999999;0.252365;0.012581;0.499962;0.504734;0.252367;0.025167;0.012584;0.497413;-1.009459;0.050478;-0.051845;0.499967;0.505395;-0.000000;1.746814;0.533778;0.000000;0.000010;0.000010;
11.999999;0.252364;0.012547;0.499955;0.504732;0.252366;0.025099;0.012549;0.497406;-1.009454;0.050478;-0.051983;0.499960;0.505396;-0.000000;1.744780;0.547869;0.000000;0.000010;0.000010;
12.000000;0.252363;0.012528;0.499951;0.504731;0.252366;0.025061;0.012530;0.497402;-1.009452;0.050478;-0.052059;0.499957;0.505397;-0.000000;1.743660;0.555667;0.000000;0.000010;0.000010;
12.000000;0.252363;0.012528;0.499951;0.504731;0.252366;0.025061;0.012530;0.497402;-1.009452;0.050478;-0.052059;0.499957;0.505397;-0.000000;1.743660;0.555555;0.000000;0.000010;0.000010;
12.000000;0.252363;0.012528;0.499951;0.504731;0.252366;0.025061;0.012530;0.497402;-1.009452;0.050478;-0.052059;0.499957;0.505397;-0.000000;1.743659;0.555556;0.000000;0.000010;0.000010;
12.000000;0.252362;0.012492;0.499944;0.504729;0.252365;0.024989;0.012494;0.497395;-1.009448;0.050478;-0.052204;0.499949;0.505399;-0.000001;1.741473;0.570570;0.047366;0.000010;0.000010;
12.000001;0.252362;0.012457;0.499937;0.504728;0.252364;0.024918;0.012459;0.497387;-1.009446;0.050478;-0.052346;0.499942;0.505401;-0.000004;1.739295;0.585553;0.091928;0.000010;0.000010;
12.000002;0.252361;0.012422;0.499930;0.504728;0.252364;0.024849;0.012425;0.497381;-1.009445;0.050478;-0.052485;0.499935;0.505404;-0.000009;1.737124;0.600325;0.133853;0.000010;0.000010;
12.000003;0.252361;0.012355;0.499917;0.504727;0.252363;0.024715;0.012357;0.497367;-1.009443;0.050477;-0.052756;0.499922;0.505410;-0.000020;1.732798;0.629730;0.211990;0.000010;0.000010;
12.000004;0.252360;0.012290;0.499904;0.504726;0.252363;0.024586;0.012293;0.497354;-1.009442;0.050477;-0.053017;0.499909;0.505417;-0.000035;1.728496;0.658729;0.281670;0.000010;0.000010;
12.000005;0.252360;0.012228;0.499891;0.504726;0.252363;0.024461;0.012231;0.497341;-1.009441;0.050477;-0.053269;0.499896;0.505423;-0.000055;1.724219;0.686237;0.343194;0.000010;0.000010;
12.000008;0.252360;0.012110;0.499867;0.504726;0.252363;0.024225;0.012112;0.497317;-1.009441;0.050477;-0.053747;0.499873;0.505435;-0.000104;1.715741;0.738726;0.446319;0.000010;0.000010;
12.000010;0.252360;0.012020;0.499849;0.504726;0.252363;0.024044;0.012022;0.497299;-1.009442;0.050477;-0.054112;0.499854;0.505446;-0.000153;1.708940;0.776812;0.512634;0.000010;0.000010;
12.000012;0.252361;0.011933;0.499832;0.504727;0.252363;0.023872;0.011936;0.497282;-1.009444;0.050477;-0.054460;0.499837;0.505456;-0.000207;1.702205;0.810733;0.566529;0.000010;0.000010;
12.000014;0.252362;0.011851;0.499815;0.504728;0.252364;0.023707;0.011853;0.497265;-1.009446;0.050478;-0.054795;0.499820;0.505466;-0.000267;1.695534;0.840456;0.610520;0.000010;0.000010;
12.000016;0.252362;0.011771;0.499799;0.504730;0.252365;0.023548;0.011774;0.497249;-1.009449;0.050478;-0.055117;0.499804;0.505476;-0.000331;1.688927;0.866465;0.646284;0.000010;0.000010;
12.000017;0.252363;0.011727;0.499790;0.504731;0.252365;0.023459;0.011729;0.497240;-1.009451;0.050478;-0.055298;0.499795;0.505482;-0.000369;1.685131;0.879874;0.663924;0.000010;0.000010;
12.000017;0.252363;0.011727;0.499790;0.504731;0.252365;0.023459;0.011729;0.497240;-1.009451;0.050478;-0.055298;0.499795;0.505482;-0.000369;1.685131;0.880223;0.663924;0.000010;0.000010;
12.000018;0.252363;0.011690;0.499783;0.504732;0.252366;0.023385;0.011692;0.497232;-1.009453;0.050478;-0.055447;0.499788;0.505487;-0.000403;1.681942;0.889944;0.676334;0.000010;0.000010;
12.000019;0.252364;0.011654;0.499775;0.504733;0.252366;0.023312;0.011656;0.497225;-1.009455;0.050478;-0.055594;0.499781;0.505492;-0.000437;1.678768;0.899009;0.687617;0.000010;0.000010;
12.000021;0.252365;0.011582;0.499761;0.504735;0.252367;0.023170;0.011585;0.497211;-1.009459;0.050478;-0.055884;0.499766;0.505502;-0.000507;1.672455;0.915634;0.707849;0.000010;0.000010;
12.000023;0.252366;0.011513;0.499747;0.504737;0.252368;0.023030;0.011515;0.497196;-1.009464;0.050479;-0.056167;0.499752;0.505512;-0.000579;1.666196;0.930015;0.724732;0.000010;0.000010;
12.000025;0.252367;0.011435;0.499731;0.504740;0.252370;0.022874;0.011437;0.497181;-1.009469;0.050479;-0.056484;0.499737;0.505524;-0.000663;1.659078;0.944078;0.740821;0.000010;0.000010;
12.000025;0.252367;0.011435;0.499731;0.504740;0.252370;0.022874;0.011437;0.497181;-1.009469;0.050479;-0.056484;0.499737;0.505524;-0.000663;1.659078;0.944025;0.740821;0.000010;0.000010;
12.000026;0.252368;0.011402;0.499725;0.504741;0.252371;0.022808;0.011404;0.497174;-1.009472;0.050479;-0.056618;0.499730;0.505529;-0.000700;1.656011;0.939739;0.746251;0.000010;0.000010;
12.000027;0.252369;0.011369;0.499718;0.504742;0.252371;0.022743;0.011371;0.497167;-1.009475;0.050479;-0.056751;0.499723;0.505534;-0.000737;1.652958;0.935788;0.751189;0.000010;0.000010;
12.000029;0.252370;0.011304;0.499705;0.504745;0.252373;0.022614;0.011307;0.497154;-1.009480;0.050479;-0.057013;0.499710;0.505544;-0.000813;1.646887;0.928617;0.760044;0.000010;0.000010;
12.000031;0.252371;0.011241;0.499692;0.504748;0.252374;0.022487;0.011244;0.497141;-1.009486;0.050480;-0.057270;0.499698;0.505554;-0.000889;1.640868;0.922517;0.767435;0.000010;0.000010;
12.000035;0.252375;0.011118;0.499667;0.504754;0.252377;0.022241;0.011121;0.497116;-1.009498;0.050480;-0.057770;0.499673;0.505574;-0.001044;1.628998;0.913026;0.778706;0.000010;0.000010;
12.000039;0.252378;0.011000;0.499644;0.504761;0.252380;0.022005;0.011002;0.497092;-1.009511;0.050481;-0.058251;0.499649;0.505594;-0.001200;1.617349;0.906505;0.786305;0.000010;0.000010;
12.000043;0.252381;0.010886;0.499621;0.504768;0.252384;0.021777;0.010888;0.497069;-1.009525;0.050482;-0.058715;0.499626;0.505614;-0.001357;1.605917;0.902119;0.791348;0.000010;0.000010;
12.000047;0.252385;0.010776;0.499598;0.504775;0.252388;0.021557;0.010779;0.497047;-1.009540;0.050482;-0.059163;0.499604;0.505634;-0.001515;1.594697;0.899197;0.794665;0.000010;0.000010;
12.000051;0.252389;0.010670;0.499577;0.504783;0.252392;0.021345;0.010672;0.497025;-1.009556;0.050483;-0.059597;0.499582;0.505654;-0.001674;1.583688;0.897265;0.796840;0.000010;0.000010;
12.000055;0.252393;0.010567;0.499556;0.504791;0.252396;0.021139;0.010570;0.497004;-1.009572;0.050484;-0.060015;0.499561;0.505674;-0.001833;1.572883;0.895992;0.798264;0.000010;0.000010;
12.000063;0.252402;0.010372;0.499517;0.504809;0.252404;0.020750;0.010375;0.496964;-1.009608;0.050486;-0.060811;0.499522;0.505714;-0.002152;1.551870;0.894439;0.799986;0.000010;0.000010;
12.000064;0.252402;0.010370;0.499516;0.504809;0.252405;0.020745;0.010373;0.496964;-1.009608;0.050486;-0.060820;0.499522;0.505715;-0.002155;1.551635;0.894427;0.800000;0.000010;0.000010;
12.000065;0.252403;0.010347;0.499512;0.504811;0.252406;0.020699;0.010349;0.496959;-1.009613;0.050486;-0.060915;0.499517;0.505720;-0.002195;1.549072;0.894347;0.800089;0.000010;0.000010;
12.000066;0.252404;0.010324;0.499507;0.504814;0.252407;0.020653;0.010326;0.496954;-1.009617;0.050486;-0.061010;0.499512;0.505725;-0.002235;1.546520;0.894274;0.800171;0.000010;0.000010;
12.000068;0.252407;0.010278;0.499498;0.504819;0.252409;0.020561;0.010281;0.496945;-1.009627;0.050487;-0.061197;0.499503;0.505735;-0.002315;1.541446;0.894142;0.800319;0.000010;0.000010;
12.000072;0.252412;0.010189;0.499480;0.504828;0.252414;0.020383;0.010192;0.496927;-1.009646;0.050488;-0.061561;0.499485;0.505755;-0.002475;1.531436;0.893931;0.800554;0.000010;0.000010;
12.000080;0.252422;0.010020;0.499445;0.504849;0.252424;0.020046;0.010023;0.496892;-1.009688;0.050490;-0.062253;0.499451;0.505795;-0.002794;1.511961;0.893651;0.800867;0.000010;0.000010;
12.000096;0.252445;0.009718;0.499384;0.504894;0.252447;0.019441;0.009720;0.496830;-1.009779;0.050494;-0.063497;0.499389;0.505875;-0.003432;1.475106;0.893361;0.801190;0.000010;0.000010;
12.000112;0.252470;0.009460;0.499331;0.504946;0.252473;0.018925;0.009463;0.496777;-1.009881;0.050499;-0.064563;0.499337;0.505955;-0.004070;1.440908;0.893247;0.801318;0.000010;0.000010;
12.000144;0.252530;0.009062;0.499250;0.505064;0.252532;0.018129;0.009064;0.496693;-1.010119;0.050511;-0.066225;0.499255;0.506115;-0.005345;1.379553;0.893092;0.801490;0.000010;0.000010;
12.000176;0.252599;0.008806;0.499197;0.505204;0.252602;0.017618;0.008809;0.496639;-1.010398;0.050525;-0.067318;0.499202;0.506276;-0.006618;1.326728;0.893005;0.801587;0.000010;0.000010;
12.000240;0.252766;0.008629;0.499158;0.505536;0.252768;0.017264;0.008632;0.496596;-1.011062;0.050559;-0.068172;0.499163;0.506596;-0.009157;1.241089;0.892919;0.801683;0.000010;0.000010;
12.000304;0.252963;0.008823;0.499193;0.505931;0.252965;0.017651;0.008826;0.496627;-1.011851;0.050598;-0.067549;0.499198;0.506917;-0.011689;1.177661;0.892964;0.801633;0.000010;0.000010;
12.000368;0.253184;0.009296;0.499284;0.506373;0.253187;0.018596;0.009298;0.496714;-1.012736;0.050642;-0.065814;0.499289;0.507238;-0.014213;1.130978;0.893112;0.801468;0.000010;0.000010;
12.000432;0.253424;0.009975;0.499416;0.506852;0.253426;0.019954;0.009977;0.496842;-1.013694;0.050690;-0.063259;0.499421;0.507558;-0.016727;1.096728;0.893339;0.801215;0.000010;0.000010;
12.000496;0.253676;0.010805;0.499578;0.507358;0.253679;0.021615;0.010807;0.497000;-1.014706;0.050741;-0.060105;0.499583;0.507879;-0.019233;1.071638;0.893622;0.800899;0.000010;0.000010;
12.000624;0.254207;0.012734;0.499955;0.508418;0.254209;0.025473;0.012736;0.497368;-1.016826;0.050847;-0.052736;0.499960;0.508520;-0.024217;1.037974;0.894289;0.800155;0.000010;0.000010;
12.000648;0.254310;0.013133;0.500033;0.508626;0.254313;0.026270;0.013135;0.497444;-1.017242;0.050867;-0.051210;0.500038;0.508643;-0.025169;1.033316;0.894427;0.800000;0.000010;0.000010;
12.000649;0.254315;0.013150;0.500036;0.508635;0.254318;0.026304;0.013152;0.497448;-1.017260;0.050868;-0.051145;0.500042;0.508648;-0.025207;1.033176;0.894433;0.799994;0.000010;0.000010;
12.000650;0.254319;0.013167;0.500040;0.508644;0.254322;0.026339;0.013169;0.497451;-1.017277;0.050869;-0.051079;0.500045;0.508653;-0.025246;1.033037;0.894439;0.799987;0.000010;0.000010;
12.000652;0.254328;0.013201;0.500046;0.508661;0.254330;0.026407;0.013204;0.497457;-1.017311;0.050871;-0.050948;0.500052;0.508663;-0.025324;1.032759;0.894451;0.799974;0.000010;0.000010;
12.000656;0.254345;0.013269;0.500060;0.508695;0.254348;0.026544;0.013272;0.497471;-1.017380;0.050874;-0.050685;0.500065;0.508683;-0.025479;1.032211;0.894474;0.799947;0.000010;0.000010;
12.000664;0.254379;0.013407;0.500087;0.508764;0.254382;0.026819;0.013410;0.497497;-1.017517;0.050881;-0.050158;0.500092;0.508723;-0.025788;1.031144;0.894522;0.799894;0.000010;0.000010;
12.000680;0.254448;0.013684;0.500141;0.508902;0.254451;0.027373;0.013686;0.497550;-1.017793;0.050895;-0.049096;0.500146;0.508803;-0.026407;1.029126;0.894619;0.799786;0.000010;0.000010;
12.000712;0.254587;0.014244;0.500251;0.509178;0.254589;0.028493;0.014246;0.497657;-1.018346;0.050923;-0.046949;0.500256;0.508964;-0.027644;1.025503;0.894814;0.799568;0.000010;0.000010;
12.000776;0.254865;0.015384;0.500474;0.509735;0.254867;0.030773;0.015387;0.497876;-1.019459;0.050978;-0.042575;0.500479;0.509284;-0.030109;1.019624;0.895211;0.799123;0.000010;0.000010;
12.000904;0.255425;0.017719;0.500931;0.510855;0.255427;0.035444;0.017722;0.498324;-1.021699;0.051090;-0.033622;0.500936;0.509926;-0.035012;1.011704;0.896024;0.798211;0.000010;0.000010;
12.001160;0.256551;0.022487;0.501861;0.513107;0.256554;0.044980;0.022490;0.499236;-1.026204;0.051315;-0.015383;0.501866;0.511208;-0.044707;1.004049;0.897676;0.796352;0.000010;0.000010;
12.001416;0.257675;0.027300;0.502796;0.515355;0.257677;0.054605;0.027302;0.500153;-1.030699;0.051540;0.002963;0.502802;0.512491;-0.054256;1.002257;0.899333;0.794481;0.000010;0.000010;
12.001672;0.258795;0.032089;0.503724;0.517595;0.258797;0.064182;0.032091;0.501063;-1.035179;0.051764;0.021148;0.503729;0.513773;-0.063659;1.002348;0.900969;0.792625;0.000010;0.000010;
12.002184;0.261024;0.041502;0.505536;0.522053;0.261026;0.083009;0.041505;0.502839;-1.044094;0.052210;0.056673;0.505542;0.516338;-0.082041;1.002660;0.904148;0.788997;0.000010;0.000010;
12.002696;0.263230;0.050697;0.507294;0.526466;0.263233;0.101399;0.050700;0.504560;-1.052920;0.052651;0.091094;0.507300;0.518904;-0.099870;1.003038;0.907205;0.785480;0.000010;0.000010;
12.003720;0.267588;0.068438;0.510649;0.535181;0.267591;0.136882;0.068441;0.507843;-1.070351;0.053522;0.156732;0.510655;0.524034;-0.133950;1.003224;0.912975;0.778766;0.000010;0.000010;
12.004744;0.271874;0.085332;0.513800;0.543753;0.271877;0.170672;0.085336;0.510922;-1.087495;0.054379;0.218302;0.513807;0.529164;-0.166010;1.003228;0.918318;0.772459;0.000010;0.000010;
12.005768;0.276089;0.101406;0.516761;0.552185;0.276092;0.202822;0.101411;0.513809;-1.104357;0.055222;0.276050;0.516768;0.534294;-0.196166;1.003215;0.923270;0.766534;0.000010;0.000010;
12.006792;0.280238;0.116687;0.519542;0.560483;0.280242;0.233384;0.116692;0.516517;-1.120953;0.056052;0.330197;0.519550;0.539425;-0.224528;1.003211;0.927862;0.760969;0.000010;0.000010;
12.007816;0.284324;0.131201;0.522154;0.568655;0.284327;0.262415;0.131207;0.519055;-1.137296;0.056869;0.380958;0.522162;0.544555;-0.251204;1.003211;0.932124;0.755742;0.000010;0.000010;
12.008840;0.288349;0.144979;0.524606;0.576706;0.288353;0.289972;0.144986;0.521435;-1.153397;0.057673;0.428532;0.524614;0.549685;-0.276293;1.003212;0.936082;0.750834;0.000010;0.000010;
12.010888;0.296236;0.170507;0.529082;0.592480;0.296240;0.341022;0.170511;0.525763;-1.184943;0.059250;0.515086;0.529091;0.559945;-0.322198;1.003212;0.943196;0.741877;0.000010;0.000010;
12.011162;0.297273;0.173718;0.529639;0.594554;0.297277;0.347449;0.173724;0.526300;-1.189091;0.059458;0.525836;0.529648;0.561316;-0.327926;1.003212;0.944073;0.740761;0.000010;0.000010;
12.011163;0.297277;0.173732;0.529641;0.594562;0.297281;0.347472;0.173736;0.526302;-1.189108;0.059459;0.525875;0.529650;0.561321;-0.327947;1.003212;0.944071;0.740757;0.000010;0.000010;
12.011164;0.297281;0.173743;0.529643;0.594570;0.297285;0.347495;0.173748;0.526304;-1.189123;0.059459;0.525913;0.529652;0.561326;-0.327968;1.003212;0.944067;0.740753;0.000010;0.000010;
12.011166;0.297288;0.173766;0.529647;0.594585;0.297292;0.347541;0.173771;0.526308;-1.189153;0.059461;0.525991;0.529656;0.561336;-0.328009;1.003212;0.944060;0.740745;0.000010;0.000010;
12.011170;0.297303;0.173813;0.529655;0.594615;0.297308;0.347634;0.173817;0.526316;-1.189213;0.059464;0.526145;0.529664;0.561356;-0.328092;1.003212;0.944046;0.740729;0.000010;0.000010;
12.011178;0.297334;0.173905;0.529672;0.594676;0.297338;0.347819;0.173910;0.526331;-1.189334;0.059470;0.526455;0.529680;0.561396;-0.328257;1.003212;0.944017;0.740697;0.000010;0.000010;
12.011194;0.297394;0.174091;0.529704;0.594797;0.297398;0.348190;0.174095;0.526362;-1.189576;0.059482;0.527073;0.529712;0.561476;-0.328586;1.003212;0.943960;0.740633;0.000010;0.000010;
12.011226;0.297515;0.174461;0.529768;0.595038;0.297519;0.348930;0.174465;0.526424;-1.190060;0.059506;0.528308;0.529777;0.561636;-0.329245;1.003212;0.943846;0.740505;0.000010;0.000010;
12.011290;0.297756;0.175199;0.529895;0.595521;0.297761;0.350406;0.175203;0.526547;-1.191026;0.059555;0.530769;0.529904;0.561957;-0.330559;1.003213;0.943618;0.740249;0.000010;0.000010;
12.011418;0.298239;0.176668;0.530149;0.596487;0.298243;0.353344;0.176672;0.526792;-1.192956;0.059651;0.535662;0.530158;0.562598;-0.333171;1.003213;0.943166;0.739741;0.000010;0.000010;
12.011674;0.299202;0.179575;0.530651;0.598412;0.299206;0.359160;0.179580;0.527275;-1.196807;0.059844;0.545329;0.530660;0.563881;-0.338335;1.003213;0.942273;0.738736;0.000010;0.000010;
12.012186;0.301118;0.185275;0.531632;0.602244;0.301122;0.370559;0.185280;0.528219;-1.204471;0.060227;0.564195;0.531641;0.566446;-0.348433;1.003213;0.940534;0.736774;0.000010;0.000010;
12.013210;0.304914;0.196226;0.533503;0.609837;0.304918;0.392461;0.196231;0.530016;-1.219655;0.060986;0.600132;0.533513;0.571576;-0.367736;1.003213;0.937232;0.733029;0.000010;0.000010;
12.015258;0.312372;0.216448;0.536917;0.624754;0.312377;0.432905;0.216453;0.533279;-1.249487;0.062477;0.665394;0.536927;0.581837;-0.403061;1.003214;0.931270;0.726198;0.000010;0.000010;
12.017306;0.319660;0.234551;0.539924;0.639330;0.319665;0.469116;0.234558;0.536136;-1.278638;0.063935;0.722517;0.539935;0.592097;-0.434348;1.003215;0.926079;0.720179;0.000010;0.000010;
12.019354;0.326791;0.250721;0.542570;0.653594;0.326797;0.501463;0.250732;0.538629;-1.307164;0.065361;0.772379;0.542581;0.602358;-0.462038;1.003215;0.921559;0.714884;0.000010;0.000010;
12.021402;0.333781;0.265144;0.544894;0.667574;0.333787;0.530313;0.265156;0.540800;-1.335123;0.066759;0.815794;0.544905;0.612618;-0.486539;1.003216;0.917625;0.710232;0.000010;0.000010;
12.023450;0.340641;0.277993;0.546935;0.681295;0.340648;0.556013;0.278007;0.542686;-1.362564;0.068131;0.853497;0.546946;0.622879;-0.508218;1.003217;0.914199;0.706149;0.000010;0.000010;
12.025498;0.347384;0.289429;0.548723;0.694782;0.347391;0.578886;0.289443;0.544318;-1.389538;0.069479;0.886139;0.548735;0.633139;-0.527403;1.003218;0.911217;0.702570;0.000010;0.000010;
12.027546;0.354021;0.299598;0.550289;0.708057;0.354029;0.599226;0.299613;0.545727;-1.416086;0.070807;0.914299;0.550301;0.643400;-0.544382;1.003219;0.908623;0.699436;0.000010;0.000010;
12.029594;0.360562;0.308636;0.551658;0.721139;0.360569;0.617302;0.308651;0.546936;-1.442248;0.072115;0.938490;0.551670;0.653660;-0.559414;1.003219;0.906366;0.696696;0.000010;0.000010;
12.031642;0.367015;0.316664;0.552853;0.734045;0.367023;0.633357;0.316678;0.547970;-1.468060;0.073406;0.959163;0.552865;0.663921;-0.572725;1.003220;0.904407;0.694305;0.000010;0.000010;
12.033690;0.373389;0.323790;0.553893;0.746794;0.373397;0.647610;0.323805;0.548848;-1.493555;0.074680;0.976719;0.553906;0.674181;-0.584514;1.003221;0.902707;0.692223;0.000010;0.000010;
12.037786;0.385942;0.335846;0.555599;0.771900;0.385950;0.671708;0.335854;0.550224;-1.543767;0.077191;1.004216;0.555612;0.694702;-0.604405;1.003223;0.899936;0.688810;0.000010;0.000010;
12.041882;0.398253;0.345339;0.556873;0.796524;0.398262;0.690699;0.345349;0.551161;-1.593013;0.079653;1.022950;0.556887;0.715223;-0.620072;1.003225;0.897874;0.686259;0.000010;0.000010;
12.045978;0.410364;0.352787;0.557805;0.820747;0.410373;0.705601;0.352800;0.551747;-1.641456;0.082076;1.034671;0.557818;0.735744;-0.632394;1.003227;0.896373;0.684395;0.000010;0.000010;
12.050074;0.422310;0.358623;0.558465;0.844639;0.422320;0.717273;0.358637;0.552055;-1.689239;0.084465;1.040823;0.558479;0.756265;-0.642096;1.003229;0.895312;0.683072;0.000010;0.000010;
12.054170;0.434118;0.363192;0.558913;0.868256;0.434128;0.726412;0.363206;0.552142;-1.736472;0.086827;1.042556;0.558927;0.776786;-0.649756;1.003231;0.894594;0.682176;0.000010;0.000010;
12.058266;0.445568;0.366772;0.559199;0.891157;0.445579;0.733548;0.366774;0.552066;-1.782272;0.089117;1.041030;0.559212;0.796858;-0.655829;1.003135;0.894136;0.681603;0.000010;0.000010;
12.062362;0.455398;0.369585;0.559392;0.910819;0.455409;0.739058;0.369529;0.551935;-1.821593;0.091084;1.038420;0.559400;0.814124;-0.660660;1.002546;0.893826;0.681216;0.000010;0.000010;
12.066458;0.463715;0.371819;0.559536;0.927452;0.463726;0.743678;0.371839;0.551812;-1.854859;0.092747;1.035943;0.559552;0.828765;-0.664511;1.002119;0.893596;0.680928;0.000010;0.000010;
12.070554;0.470562;0.373606;0.559638;0.941147;0.470573;0.747240;0.373620;0.551683;-1.882248;0.094117;1.033364;0.559653;0.840836;-0.667589;1.001717;0.893435;0.680725;0.000010;0.000010;
12.074650;0.476171;0.375024;0.559714;0.952366;0.476183;0.750105;0.375053;0.551568;-1.904686;0.095239;1.031070;0.559730;0.850731;-0.670051;1.001407;0.893314;0.680573;0.000010;0.000010;
12.078746;0.480730;0.376159;0.559769;0.961484;0.480742;0.752369;0.376185;0.551467;-1.922920;0.096150;1.029037;0.559786;0.858779;-0.672024;1.001134;0.893225;0.680461;0.000010;0.000010;
12.086938;0.487560;0.377846;0.559848;0.975144;0.487572;0.755717;0.377859;0.551306;-1.950240;0.097517;1.025813;0.559864;0.870838;-0.674961;1.000727;0.893099;0.680304;0.000010;0.000010;
12.095130;0.492038;0.378933;0.559896;0.984101;0.492051;0.757897;0.378948;0.551195;-1.968153;0.098412;1.023604;0.559912;0.878754;-0.676856;1.000465;0.893023;0.680208;0.000010;0.000010;
12.103322;0.494934;0.379623;0.559924;0.989893;0.494946;0.759280;0.379640;0.551120;-1.979736;0.098992;1.022105;0.559940;0.883878;-0.678059;1.000296;0.892978;0.680152;0.000010;0.000010;
12.111514;0.496790;0.380056;0.559940;0.993606;0.496803;0.760146;0.380073;0.551070;-1.987162;0.099363;1.021097;0.559956;0.887166;-0.678816;1.000187;0.892952;0.680120;0.000010;0.000010;
12.119706;0.497974;0.380328;0.559950;0.995973;0.497986;0.760688;0.380344;0.551037;-1.991896;0.099600;1.020432;0.559966;0.889265;-0.679290;1.000118;0.892937;0.680101;0.000010;0.000010;
12.127898;0.498726;0.380498;0.559955;0.997477;0.498739;0.761026;0.380513;0.551015;-1.994904;0.099750;1.019998;0.559971;0.890600;-0.679585;1.000074;0.892929;0.680090;0.000010;0.000010;
12.136090;0.499203;0.380605;0.559958;0.998431;0.499215;0.761238;0.380619;0.551001;-1.996811;0.099845;1.019717;0.559974;0.891448;-0.679770;1.000046;0.892923;0.680083;0.000010;0.000010;
12.152474;0.499758;0.380729;0.559962;0.999541;0.499771;0.761483;0.380741;0.550984;-1.999032;0.099957;1.019387;0.559978;0.892438;-0.679981;1.000014;0.892918;0.680076;0.000010;0.000010;
12.168858;0.499971;0.380777;0.559964;0.999967;0.499983;0.761579;0.380789;0.550978;-1.999883;0.099999;1.019264;0.559979;0.892820;-0.680059;1.000002;0.892915;0.680073;0.000010;0.000010;
12.185242;0.500034;0.380792;0.559964;1.000093;0.500046;0.761610;0.380805;0.550977;-2.000135;0.100012;1.019231;0.559980;0.892936;-0.680080;0.999998;0.892914;0.680071;0.000010;0.000010;
12.201626;0.500041;0.380796;0.559965;1.000108;0.500054;0.761617;0.380809;0.550977;-2.000166;0.100013;1.019234;0.559980;0.892953;-0.680081;0.999997;0.892913;0.680071;0.000010;0.000010;
12.218010;0.500034;0.380797;0.559965;1.000093;0.500047;0.761619;0.380809;0.550977;-2.000136;0.100012;1.019246;0.559981;0.892942;-0.680078;0.999998;0.892913;0.680070;0.000010;0.000010;
12.234394;0.500025;0.380797;0.559965;1.000076;0.500038;0.761620;0.380810;0.550978;-2.000101;0.100010;1.019260;0.559981;0.892929;-0.680074;0.999998;0.892912;0.680069;0.000010;0.000010;
12.261190;0.500016;0.380799;0.559966;1.000058;0.500029;0.761623;0.380811;0.550979;-2.000066;0.100008;1.019277;0.559982;0.892917;-0.680070;0.999999;0.892912;0.680068;0.000010;0.000010;
12.261191;0.500016;0.380799;0.559966;1.000058;0.500029;0.761623;0.380811;0.550979;-2.000066;0.100008;1.019277;0.559982;0.892917;-0.680070;0.999999;0.892912;0.680068;0.000010;0.000010;
12.261192;0.500016;0.380799;0.559966;1.000058;0.500029;0.761623;0.380811;0.550979;-2.000066;0.100008;1.019277;0.559982;0.892917;-0.680070;0.999999;0.892912;0.680068;0.000010;0.000010;
12.261193;0.500016;0.380799;0.559966;1.000058;0.500029;0.761623;0.380811;0.550979;-2.000066;0.100008;1.019277;0.559982;0.892917;-0.680070;0.999999;0.892912;0.680068;0.000010;0.000010;
12.261195;0.500016;0.380799;0.559966;1.000058;0.500029;0.761623;0.380811;0.550979;-2.000066;0.100008;1.019277;0.559982;0.892917;-0.680070;0.999999;0.892912;0.680068;0.000010;0.000010;
12.261199;0.500016;0.380799;0.559966;1.000058;0.500029;0.761623;0.380811;0.550979;-2.000066;0.100008;1.019277;0.559982;0.892917;-0.680070;0.999999;0.892912;0.680068;0.000010;0.000010;
12.261207;0.500016;0.380799;0.559966;1.000058;0.500029;0.761623;0.380811;0.550979;-2.000066;0.100008;1.019277;0.559982;0.892917;-0.680070;0.999999;0.892912;0.680068;0.000010;0.000010;
12.261223;0.500016;0.380799;0.559966;1.000058;0.500029;0.761623;0.380811;0.550979;-2.000066;0.100008;1.019277;0.559982;0.892917;-0.680070;0.999999;0.892912;0.680068;0.000010;0.000010;
12.261255;0.500016;0.380799;0.559966;1.000058;0.500029;0.761623;0.380811;0.550979;-2.000066;0.100008;1.019277;0.559982;0.892917;-0.680070;0.999999;0.892912;0.680068;0.000010;0.000010;
12.261319;0.500016;0.380799;0.559966;1.000058;0.500029;0.761623;0.380811;0.550979;-2.000065;0.100008;1.019277;0.559982;0.892917;-0.680070;0.999999;0.892912;0.680068;0.000010;0.000010;
12.261447;0.500016;0.380799;0.559966;1.000058;0.500029;0.761623;0.380812;0.550979;-2.000065;0.100008;1.019277;0.559982;0.892917;-0.680070;0.999999;0.892912;0.680068;0.000010;0.000010;
12.261703;0.500016;0.380799;0.559966;1.000058;0.500029;0.761623;0.380812;0.550979;-2.000065;0.100008;1.019277;0.559982;0.892917;-0.680070;0.999999;0.892911;0.680068;0.000010;0.000010;
12.262215;0.500016;0.380799;0.559966;1.000058;0.500029;0.761623;0.380812;0.550979;-2.000065;0.100008;1.019277;0.559982;0.892917;-0.680070;0.999999;0.892911;0.680068;0.000010;0.000010;
12.263239;0.500016;0.380799;0.559966;1.000057;0.500029;0.761623;0.380812;0.550979;-2.000064;0.100008;1.019278;0.559982;0.892917;-0.680070;0.999999;0.892911;0.680068;0.000010;0.000010;
12.265287;0.500016;0.380799;0.559966;1.000056;0.500028;0.761624;0.380812;0.550979;-2.000062;0.100008;1.019279;0.559982;0.892916;-0.680070;0.999999;0.892911;0.680068;0.000010;0.000010;
12.269383;0.500015;0.380800;0.559966;1.000055;0.500027;0.761624;0.380812;0.550979;-2.000059;0.100008;1.019281;0.559982;0.892916;-0.680069;0.999999;0.892911;0.680068;0.000010;0.000010;
12.277575;0.500014;0.380800;0.559966;1.000052;0.500026;0.761626;0.380813;0.550979;-2.000054;0.100008;1.019285;0.559982;0.892914;-0.680069;0.999999;0.892911;0.680068;0.000010;0.000010;
12.293959;0.500012;0.380801;0.559966;1.000049;0.500024;0.761628;0.380814;0.550980;-2.000047;0.100007;1.019292;0.559982;0.892913;-0.680068;0.999999;0.892911;0.680067;0.000010;0.000010;
12.326727;0.500009;0.380804;0.559967;1.000044;0.500022;0.761632;0.380816;0.550980;-2.000037;0.100007;1.019302;0.559983;0.892911;-0.680067;0.999999;0.892910;0.680066;0.000010;0.000010;
12.392263;0.500006;0.380807;0.559967;1.000038;0.500019;0.761638;0.380819;0.550981;-2.000025;0.100006;1.019316;0.559983;0.892909;-0.680066;1.000000;0.892909;0.680065;0.000010;0.000010;
12.499998;0.500004;0.380809;0.559968;1.000033;0.500016;0.761644;0.380822;0.550982;-2.000015;0.100006;1.019328;0.559984;0.892908;-0.680064;1.000000;0.892908;0.680064;0.000010;0.000010;
12.499998;0.990626;0.630860;1.046374;1.981277;0.990639;1.261745;0.630873;1.041600;-2.000015;0.100006;1.019328;1.046390;0.892908;-0.680064;-1.628625;0.892908;0.000000;0.000010;0.000010;
12.499998;0.990407;0.631262;1.046413;1.980840;0.990420;1.262548;0.631274;1.041641;-1.999574;0.099984;1.020144;1.046428;0.892907;-0.680047;-1.616202;0.856314;0.000000;0.000010;0.000010;
12.499999;0.990188;0.631661;1.046451;1.980402;0.990201;1.263348;0.631674;1.041681;-1.999132;0.099961;1.020957;1.046467;0.892906;-0.680029;-1.603839;0.824475;0.000000;0.000010;0.000010;
12.499999;0.989970;0.632059;1.046489;1.979965;0.989982;1.264143;0.632071;1.041722;-1.998691;0.099939;1.021765;1.046505;0.892903;-0.680012;-1.591536;0.796179;0.000000;0.000010;0.000010;
12.500000;0.989533;0.632849;1.046565;1.979091;0.989546;1.265723;0.632861;1.041802;-1.997809;0.099895;1.023372;1.046581;0.892897;-0.679976;-1.567067;0.747305;0.000000;0.000010;0.000010;
12.500001;0.989097;0.633631;1.046640;1.978220;0.989110;1.267288;0.633644;1.041882;-1.996929;0.099851;1.024965;1.046656;0.892888;-0.679941;-1.542813;0.708021;0.000000;0.000010;0.000010;
12.500002;0.988663;0.634406;1.046714;1.977351;0.988676;1.268837;0.634419;1.041961;-1.996052;0.099807;1.026542;1.046730;0.892878;-0.679906;-1.518788;0.675462;0.000000;0.000010;0.000010;
12.500004;0.987801;0.635931;1.046861;1.975627;0.987813;1.271887;0.635943;1.042116;-1.994311;0.099720;1.029649;1.046876;0.892853;-0.679836;-1.471418;0.626767;0.000000;0.000010;0.000010;
12.500006;0.987032;0.637276;1.046990;1.974090;0.987045;1.274578;0.637289;1.042253;-1.992760;0.099643;1.032392;1.047005;0.892827;-0.679772;-1.429549;0.594849;0.000000;0.000010;0.000010;
12.500008;0.986272;0.638597;1.047117;1.972569;0.986284;1.277218;0.638609;1.042388;-1.991224;0.099566;1.035085;1.047132;0.892799;-0.679709;-1.388387;0.570599;0.000000;0.000010;0.000010;
12.500009;0.985676;0.639624;1.047215;1.971376;0.985688;1.279274;0.639637;1.042493;-1.990021;0.099506;1.037183;1.047231;0.892775;-0.679659;-1.356287;0.555371;0.000000;0.000010;0.000010;
12.500009;0.985676;0.639624;1.047215;1.971376;0.985688;1.279274;0.639637;1.042493;-1.990021;0.099506;1.037183;1.047231;0.892775;-0.679659;-1.356287;0.555556;0.000000;0.000010;0.000010;
12.500009;0.985676;0.639624;1.047215;1.971376;0.985688;1.279274;0.639637;1.042493;-1.990021;0.099506;1.037183;1.047231;0.892775;-0.679659;-1.356287;0.555555;0.000000;0.000010;0.000010;
12.500010;0.985276;0.640309;1.047281;1.970577;0.985288;1.280644;0.640322;1.042563;-1.989214;0.099465;1.038581;1.047297;0.892757;-0.679625;-1.334869;0.547412;0.000000;0.000010;0.000010;
12.500011;0.984879;0.640987;1.047346;1.969783;0.984891;1.282000;0.641000;1.042632;-1.988412;0.099425;1.039966;1.047362;0.892740;-0.679591;-1.313644;0.540251;0.000000;0.000010;0.000010;
12.500013;0.984091;0.642327;1.047475;1.968206;0.984103;1.284680;0.642340;1.042769;-1.986821;0.099346;1.042702;1.047490;0.892704;-0.679523;-1.271642;0.527764;0.000000;0.000010;0.000010;
12.500015;0.983312;0.643642;1.047601;1.966649;0.983325;1.287310;0.643655;1.042903;-1.985249;0.099267;1.045389;1.047617;0.892667;-0.679455;-1.230337;0.517790;0.000000;0.000010;0.000010;
12.500019;0.981787;0.646194;1.047846;1.963599;0.981800;1.292413;0.646206;1.043164;-1.982170;0.099113;1.050605;1.047862;0.892590;-0.679319;-1.149944;0.503265;0.000000;0.000010;0.000010;
12.500023;0.980508;0.648309;1.048049;1.961042;0.980521;1.296642;0.648321;1.043380;-1.979589;0.098984;1.054931;1.048065;0.892523;-0.679202;-1.083046;0.495051;0.000000;0.000010;0.000010;
12.500026;0.979261;0.650351;1.048246;1.958548;0.979274;1.300727;0.650363;1.043589;-1.977070;0.098858;1.059112;1.048261;0.892454;-0.679085;-1.018207;0.489349;0.000000;0.000010;0.000010;
12.500030;0.978045;0.652323;1.048435;1.956115;0.978058;1.304671;0.652335;1.043791;-1.974615;0.098735;1.063150;1.048451;0.892385;-0.678968;-0.955370;0.485433;0.000000;0.000010;0.000010;
12.500033;0.976860;0.654226;1.048618;1.953745;0.976872;1.308478;0.654239;1.043986;-1.972222;0.098616;1.067051;1.048633;0.892314;-0.678852;-0.894477;0.482736;0.000000;0.000010;0.000010;
12.500037;0.975705;0.656064;1.048795;1.951434;0.975717;1.312154;0.656077;1.044175;-1.969890;0.098499;1.070819;1.048810;0.892244;-0.678735;-0.835468;0.480867;0.000000;0.000010;0.000010;
12.500040;0.974579;0.657838;1.048965;1.949183;0.974592;1.315702;0.657851;1.044357;-1.967618;0.098385;1.074458;1.048981;0.892173;-0.678618;-0.778287;0.479562;0.000000;0.000010;0.000010;
12.500044;0.973483;0.659551;1.049130;1.946990;0.973495;1.319127;0.659563;1.044532;-1.965404;0.098275;1.077973;1.049145;0.892102;-0.678501;-0.722879;0.478645;0.000000;0.000010;0.000010;
12.500047;0.972414;0.661204;1.049289;1.944854;0.972427;1.322432;0.661216;1.044702;-1.963247;0.098167;1.081367;1.049304;0.892031;-0.678384;-0.669189;0.477993;0.000000;0.000010;0.000010;
12.500054;0.970360;0.664340;1.049590;1.940745;0.970372;1.328706;0.664353;1.045024;-1.959099;0.097959;1.087815;1.049606;0.891888;-0.678151;-0.566696;0.477134;0.000000;0.000010;0.000010;
12.500061;0.968411;0.667262;1.049871;1.936846;0.968423;1.334548;0.667274;1.045325;-1.955164;0.097762;1.093829;1.049887;0.891745;-0.677917;-0.470456;0.476656;0.000000;0.000010;0.000010;
12.500068;0.966562;0.669981;1.050133;1.933149;0.966575;1.339987;0.669994;1.045605;-1.951432;0.097576;1.099434;1.050148;0.891602;-0.677684;-0.380107;0.476381;0.000000;0.000010;0.000010;
12.500075;0.964809;0.672511;1.050376;1.929644;0.964822;1.345048;0.672524;1.045867;-1.947893;0.097399;1.104658;1.050392;0.891459;-0.677451;-0.295299;0.476205;0.000000;0.000010;0.000010;
12.500088;0.961565;0.677066;1.050815;1.923154;0.961577;1.354157;0.677078;1.046338;-1.941342;0.097071;1.114084;1.050831;0.891173;-0.676984;-0.140585;0.475943;0.000000;0.000010;0.000010;
12.500102;0.958646;0.681002;1.051195;1.917317;0.958659;1.362029;0.681014;1.046747;-1.935450;0.096777;1.122260;1.051211;0.890888;-0.676518;-0.004224;0.475757;0.000000;0.000010;0.000010;
12.500130;0.953617;0.687376;1.051812;1.907258;0.953629;1.374777;0.687388;1.047413;-1.925295;0.096269;1.135589;1.051828;0.890316;-0.675587;0.223782;0.475454;0.000000;0.000010;0.000010;
12.500157;0.949532;0.692060;1.052268;1.899088;0.949544;1.384145;0.692073;1.047909;-1.917048;0.095856;1.145504;1.052284;0.889745;-0.674658;0.400704;0.475230;0.000000;0.000010;0.000010;
12.500185;0.946205;0.695423;1.052599;1.892435;0.946217;1.390874;0.695437;1.048271;-1.910332;0.095520;1.152753;1.052614;0.889175;-0.673729;0.537362;0.475065;0.000000;0.000010;0.000010;
12.500212;0.943475;0.697766;1.052832;1.886975;0.943488;1.395559;0.697780;1.048531;-1.904820;0.095245;1.157939;1.052848;0.888605;-0.672802;0.642680;0.474945;0.000000;0.000010;0.000010;
12.500240;0.941213;0.699324;1.052991;1.882450;0.941225;1.398675;0.699338;1.048711;-1.900252;0.095016;1.161540;1.053006;0.888035;-0.671876;0.723747;0.474862;0.000000;0.000010;0.000010;
12.500295;0.937604;0.700919;1.053164;1.875234;0.937617;1.401862;0.700931;1.048917;-1.892968;0.094652;1.165668;1.053179;0.886899;-0.670028;0.838667;0.474767;0.000000;0.000010;0.000010;
12.500350;0.934923;0.701019;1.053194;1.869870;0.934935;1.402063;0.701032;1.048972;-1.887554;0.094381;1.166774;1.053210;0.885765;-0.668185;0.906580;0.474744;0.000000;0.000010;0.000010;
12.500405;0.932813;0.700202;1.053138;1.865650;0.932825;1.400430;0.700215;1.048935;-1.883294;0.094168;1.166025;1.053153;0.884635;-0.666348;0.945542;0.474764;0.000000;0.000010;0.000010;
12.500460;0.931043;0.698847;1.053030;1.862111;0.931055;1.397720;0.698860;1.048843;-1.879721;0.093990;1.164184;1.053046;0.883508;-0.664515;0.967404;0.474810;0.000000;0.000010;0.000010;
12.500515;0.929471;0.697188;1.052894;1.858966;0.929483;1.394400;0.697200;1.048720;-1.876546;0.093831;1.161723;1.052909;0.882384;-0.662687;0.979459;0.474870;0.000000;0.000010;0.000010;
12.500625;0.926569;0.693516;1.052586;1.853163;0.926581;1.387056;0.693528;1.048437;-1.870689;0.093538;1.156078;1.052602;0.880145;-0.659047;0.991861;0.475007;0.000000;0.000010;0.000010;
12.500736;0.923916;0.689518;1.052248;1.847856;0.923928;1.379060;0.689530;1.048121;-1.865332;0.093270;1.149753;1.052263;0.877926;-0.655435;0.992706;0.475159;0.000000;0.000010;0.000010;
12.500846;0.921287;0.685528;1.051909;1.842597;0.921299;1.371078;0.685539;1.047805;-1.860023;0.093005;1.143426;1.051924;0.875718;-0.651840;0.993143;0.475312;0.000000;0.000010;0.000010;
12.501066;0.916107;0.677634;1.051238;1.832238;0.916119;1.355291;0.677645;1.047178;-1.849566;0.092482;1.130887;1.051254;0.871358;-0.644737;0.993459;0.475616;0.000000;0.000010;0.000010;
12.501507;0.906010;0.662201;1.049924;1.812043;0.906022;1.324425;0.662213;1.045948;-1.829181;0.091463;1.106292;1.049939;0.862839;-0.630837;0.993702;0.476211;0.000000;0.000010;0.000010;
12.501947;0.896167;0.647135;1.048637;1.792357;0.896178;1.294290;0.647145;1.044742;-1.809309;0.090469;1.082184;1.048652;0.854516;-0.617237;0.993865;0.476796;0.000000;0.000010;0.000010;
12.502388;0.886570;0.632426;1.047377;1.773161;0.886581;1.264869;0.632435;1.043561;-1.789932;0.089500;1.058558;1.047392;0.846385;-0.603930;0.994011;0.477370;0.000000;0.000010;0.000010;
12.503269;0.867942;0.603839;1.044918;1.735905;0.867953;1.207699;0.603849;1.041252;-1.752324;0.087620;1.012397;1.044932;0.830560;-0.577985;0.994289;0.478494;0.000000;0.000010;0.000010;
12.503731;0.858534;0.589376;1.043669;1.717088;0.858544;1.178775;0.589387;1.040078;-1.733330;0.086670;0.988913;1.043683;0.822545;-0.564815;0.994428;0.479067;0.000000;0.000010;0.000010;
12.503732;0.858514;0.589346;1.043666;1.717049;0.858524;1.178712;0.589356;1.040075;-1.733290;0.086668;0.988862;1.043680;0.822528;-0.564786;0.994429;0.479068;0.000000;0.000010;0.000010;
12.503733;0.858494;0.589315;1.043663;1.717009;0.858504;1.178650;0.589325;1.040073;-1.733249;0.086666;0.988812;1.043677;0.822511;-0.564758;0.994429;0.479069;0.000000;0.000010;0.000010;
12.503735;0.858454;0.589253;1.043658;1.716928;0.858464;1.178526;0.589263;1.040068;-1.733168;0.086662;0.988711;1.043672;0.822476;-0.564702;0.994429;0.479072;0.000000;0.000010;0.000010;
12.503739;0.858374;0.589129;1.043647;1.716767;0.858384;1.178278;0.589139;1.040058;-1.733005;0.086654;0.988509;1.043661;0.822408;-0.564589;0.994431;0.479077;0.000000;0.000010;0.000010;
12.503747;0.858213;0.588882;1.043626;1.716445;0.858223;1.177783;0.588891;1.040037;-1.732680;0.086638;0.988106;1.043640;0.822270;-0.564363;0.994433;0.479087;0.000000;0.000010;0.000010;
12.503763;0.857891;0.588387;1.043583;1.715802;0.857901;1.176793;0.588397;1.039997;-1.732031;0.086605;0.987301;1.043597;0.821996;-0.563912;0.994438;0.479106;0.000000;0.000010;0.000010;
12.503795;0.857248;0.587398;1.043497;1.714516;0.857258;1.174816;0.587408;1.039917;-1.730733;0.086540;0.985692;1.043511;0.821448;-0.563010;0.994447;0.479146;0.000000;0.000010;0.000010;
12.503859;0.855966;0.585426;1.043327;1.711953;0.855976;1.170871;0.585436;1.039756;-1.728146;0.086411;0.982481;1.043341;0.820354;-0.561211;0.994466;0.479224;0.000000;0.000010;0.000010;
12.503987;0.853417;0.581502;1.042987;1.706854;0.853427;1.163024;0.581512;1.039436;-1.722999;0.086154;0.976088;1.043001;0.818178;-0.557631;0.994504;0.479380;0.000000;0.000010;0.000010;
12.504243;0.848374;0.573737;1.042314;1.696768;0.848384;1.147493;0.573747;1.038803;-1.712818;0.085645;0.963416;1.042327;0.813871;-0.550539;0.994579;0.479690;0.000000;0.000010;0.000010;
12.504755;0.838508;0.558527;1.040992;1.677035;0.838517;1.117073;0.558536;1.037558;-1.692898;0.084649;0.938522;1.041005;0.805431;-0.536622;0.994726;0.480300;0.000000;0.000010;0.000010;
12.505779;0.819616;0.529340;1.038444;1.639249;0.819625;1.058698;0.529349;1.035155;-1.654756;0.082742;0.890476;1.038457;0.789223;-0.509823;0.995009;0.481479;0.000000;0.000010;0.000010;
12.506803;0.801798;0.501730;1.036019;1.603612;0.801806;1.003478;0.501739;1.032865;-1.618782;0.080943;0.844688;1.036032;0.773878;-0.484357;0.995277;0.482606;0.000000;0.000010;0.000010;
12.508851;0.769081;0.450813;1.031513;1.538177;0.769089;0.901642;0.450821;1.028599;-1.552729;0.077640;0.759370;1.031525;0.745553;-0.437096;0.995771;0.484715;0.000000;0.000010;0.000010;
12.510694;0.742727;0.409552;1.027826;1.485467;0.742734;0.819117;0.409558;1.025098;-1.499521;0.074980;0.689380;1.027837;0.722595;-0.398508;0.996173;0.486455;0.000000;0.000010;0.000010;
12.512537;0.718980;0.372157;1.024457;1.437973;0.718986;0.744328;0.372164;1.021893;-1.451578;0.072583;0.625279;1.024467;0.701799;-0.363307;0.996536;0.488055;0.000000;0.000010;0.000010;
12.514381;0.697585;0.338264;1.021380;1.395182;0.697591;0.676546;0.338273;1.018959;-1.408384;0.070423;0.566620;1.021390;0.682973;-0.331211;0.996866;0.489526;0.000000;0.000010;0.000010;
12.516224;0.678306;0.307532;1.018571;1.356622;0.678311;0.615087;0.307544;1.016276;-1.369459;0.068477;0.512962;1.018580;0.665933;-0.301947;0.997164;0.490877;0.000000;0.000010;0.000010;
12.518067;0.660927;0.279658;1.016006;1.321865;0.660932;0.559341;0.279671;1.013822;-1.334373;0.066723;0.463896;1.016015;0.650514;-0.275269;0.997434;0.492116;0.000000;0.000010;0.000010;
12.519910;0.645259;0.254364;1.013665;1.290528;0.645264;0.508755;0.254378;1.011579;-1.302740;0.065141;0.419041;1.013674;0.636562;-0.250947;0.997679;0.493253;0.000000;0.000010;0.000010;
12.521753;0.631129;0.231404;1.011529;1.262267;0.631134;0.462836;0.231418;1.009529;-1.274213;0.063715;0.378047;1.011538;0.623940;-0.228775;0.997901;0.494296;0.000000;0.000010;0.000010;
12.523597;0.618383;0.210554;1.009579;1.236775;0.618388;0.421137;0.210568;1.007656;-1.248480;0.062429;0.340589;1.009588;0.612521;-0.208561;0.998101;0.495250;0.000000;0.000010;0.000010;
12.525440;0.606884;0.191615;1.007800;1.213776;0.606888;0.383259;0.191629;1.005945;-1.225263;0.061268;0.306368;1.007809;0.602193;-0.190133;0.998283;0.496125;0.000000;0.000010;0.000010;
12.527283;0.596507;0.174406;1.006177;1.193021;0.596511;0.348840;0.174420;1.004381;-1.204312;0.060220;0.275111;1.006185;0.592852;-0.173334;0.998447;0.496926;0.000000;0.000010;0.000010;
12.529126;0.587141;0.158765;1.004696;1.174289;0.587145;0.317558;0.158779;1.002954;-1.185403;0.059275;0.246565;1.004704;0.584404;-0.158018;0.998596;0.497659;0.000000;0.000010;0.000010;
12.532813;0.570964;0.131484;1.002099;1.141935;0.570968;0.262975;0.131487;1.000447;-1.152743;0.057642;0.196441;1.002106;0.569772;-0.131192;0.998854;0.498949;0.000000;0.000010;0.000010;
12.536499;0.557755;0.108882;0.999936;1.115517;0.557758;0.217777;0.108889;0.998356;-1.126074;0.056309;0.154624;0.999943;0.557796;-0.108872;0.999066;0.500029;0.000000;0.000010;0.000010;
12.540185;0.546990;0.090180;0.998137;1.093986;0.546993;0.180381;0.090191;0.996615;-1.104341;0.055222;0.119803;0.998143;0.548018;-0.090332;0.999239;0.500931;0.000000;0.000010;0.000010;
12.543872;0.538224;0.074708;0.996642;1.076454;0.538227;0.149440;0.074720;0.995166;-1.086642;0.054337;0.090834;0.996648;0.540045;-0.074943;0.999380;0.501682;0.000000;0.000010;0.000010;
12.547558;0.531087;0.061905;0.995401;1.062180;0.531090;0.123835;0.061917;0.993962;-1.072234;0.053617;0.066748;0.995407;0.533548;-0.062174;0.999495;0.502309;0.000000;0.000010;0.000010;
12.551245;0.525277;0.051307;0.994370;1.050560;0.525280;0.102638;0.051319;0.992960;-1.060504;0.053030;0.046728;0.994375;0.528258;-0.051579;0.999589;0.502830;0.000000;0.000010;0.000010;
12.554931;0.520548;0.042531;0.993514;1.041102;0.520551;0.085085;0.042543;0.992128;-1.050956;0.052553;0.030091;0.993519;0.523952;-0.042790;0.999666;0.503263;0.000000;0.000010;0.000010;
12.558617;0.516699;0.035263;0.992803;1.033403;0.516702;0.070546;0.035273;0.991437;-1.043184;0.052164;0.016268;0.992808;0.520450;-0.035498;0.999729;0.503624;0.000000;0.000010;0.000010;
12.562304;0.513566;0.029240;0.992213;1.027138;0.513569;0.058499;0.029250;0.990863;-1.036860;0.051848;0.004784;0.992218;0.517601;-0.029449;0.999780;0.503923;0.000000;0.000010;0.000010;
12.565990;0.511017;0.024250;0.991723;1.022040;0.511020;0.048516;0.024258;0.990386;-1.031714;0.051591;-0.004757;0.991729;0.515286;-0.024430;0.999821;0.504172;0.000000;0.000010;0.000010;
12.573363;0.507162;0.016525;0.990963;1.014330;0.507165;0.033054;0.016527;0.989645;-1.023931;0.051202;-0.019575;0.990968;0.511788;-0.016649;0.999884;0.504559;0.000000;0.000010;0.000010;
12.578826;0.505144;0.012348;0.990552;1.010293;0.505147;0.024703;0.012352;0.989243;-1.019856;0.050998;-0.027605;0.990557;0.509963;-0.012441;0.999917;0.504769;0.000000;0.000010;0.000010;
12.578827;0.505144;0.012348;0.990552;1.010293;0.505146;0.024702;0.012351;0.989243;-1.019856;0.050998;-0.027606;0.990557;0.509963;-0.012440;0.999917;0.504769;0.000000;0.000010;0.000010;
12.578828;0.505144;0.012348;0.990551;1.010292;0.505146;0.024700;0.012350;0.989243;-1.019855;0.050998;-0.027607;0.990557;0.509963;-0.012440;0.999917;0.504769;0.000000;0.000010;0.000010;
12.578830;0.505143;0.012346;0.990551;1.010291;0.505146;0.024698;0.012349;0.989243;-1.019854;0.050998;-0.027609;0.990557;0.509962;-0.012439;0.999917;0.504769;0.000000;0.000010;0.000010;
12.578834;0.505142;0.012344;0.990551;1.010289;0.505144;0.024693;0.012347;0.989243;-1.019852;0.050998;-0.027614;0.990556;0.509961;-0.012436;0.999917;0.504769;0.000000;0.000010;0.000010;
12.578842;0.505140;0.012339;0.990551;1.010284;0.505142;0.024683;0.012342;0.989242;-1.019847;0.050998;-0.027624;0.990556;0.509959;-0.012431;0.999917;0.504769;0.000000;0.000010;0.000010;
12.578858;0.505135;0.012329;0.990550;1.010275;0.505138;0.024663;0.012332;0.989241;-1.019838;0.050997;-0.027643;0.990555;0.509955;-0.012421;0.999917;0.504770;0.000000;0.000010;0.000010;
12.578890;0.505126;0.012309;0.990548;1.010257;0.505128;0.024624;0.012312;0.989239;-1.019819;0.050996;-0.027681;0.990553;0.509947;-0.012401;0.999917;0.504771;0.000000;0.000010;0.000010;
12.578954;0.505107;0.012270;0.990544;1.010220;0.505110;0.024545;0.012273;0.989236;-1.019782;0.050994;-0.027756;0.990549;0.509930;-0.012362;0.999918;0.504773;0.000000;0.000010;0.000010;
12.579082;0.505071;0.012192;0.990536;1.010147;0.505073;0.024389;0.012194;0.989228;-1.019708;0.050991;-0.027907;0.990541;0.509897;-0.012283;0.999918;0.504777;0.000000;0.000010;0.000010;
12.579338;0.504999;0.012037;0.990521;1.010002;0.505001;0.024079;0.012040;0.989213;-1.019562;0.050983;-0.028206;0.990526;0.509832;-0.012127;0.999919;0.504785;0.000000;0.000010;0.000010;
12.579850;0.504857;0.011733;0.990491;1.009720;0.504860;0.023471;0.011735;0.989184;-1.019277;0.050969;-0.028792;0.990496;0.509705;-0.011820;0.999922;0.504800;0.000000;0.000010;0.000010;
12.580874;0.504586;0.011147;0.990433;1.009177;0.504588;0.022300;0.011150;0.989127;-1.018729;0.050942;-0.029921;0.990438;0.509460;-0.011230;0.999926;0.504829;0.000000;0.000010;0.000010;
12.582922;0.504086;0.010061;0.990326;1.008178;0.504089;0.020127;0.010064;0.989023;-1.017721;0.050891;-0.032017;0.990331;0.509011;-0.010134;0.999934;0.504884;0.000000;0.000010;0.000010;
12.587018;0.503236;0.008184;0.990140;1.006478;0.503239;0.016373;0.008187;0.988841;-1.016004;0.050805;-0.035643;0.990145;0.508248;-0.008241;0.999948;0.504979;0.000000;0.000010;0.000010;
12.595210;0.501988;0.005347;0.989860;1.003981;0.501990;0.010699;0.005349;0.988567;-1.013484;0.050679;-0.041134;0.989865;0.507130;-0.005378;0.999968;0.505122;0.000000;0.000010;0.000010;
12.600000;0.501470;0.004129;0.989739;1.002945;0.501473;0.008263;0.004131;0.988448;-1.012438;0.050627;-0.043497;0.989744;0.506669;-0.004149;0.999977;0.505184;0.000000;0.000010;0.000010;
12.600001;0.501470;0.004129;0.989739;1.002945;0.501473;0.008262;0.004131;0.988448;-1.012438;0.050627;-0.043497;0.989744;0.506669;-0.004148;0.999977;0.505184;0.000000;0.000010;0.000010;
12.600002;0.501470;0.004128;0.989739;1.002945;0.501472;0.008262;0.004131;0.988448;-1.012438;0.050627;-0.043497;0.989744;0.506669;-0.004148;0.999977;0.505184;0.000000;0.000010;0.000010;
12.600004;0.501470;0.004128;0.989739;1.002945;0.501472;0.008261;0.004131;0.988448;-1.012438;0.050627;-0.043498;0.989744;0.506669;-0.004148;0.999977;0.505184;0.000000;0.000010;0.000010;
12.600008;0.501469;0.004127;0.989739;1.002944;0.501472;0.008259;0.004130;0.988448;-1.012437;0.050627;-0.043500;0.989744;0.506669;-0.004147;0.999977;0.505184;0.000000;0.000010;0.000010;
12.600016;0.501469;0.004126;0.989739;1.002943;0.501471;0.008256;0.004128;0.988448;-1.012436;0.050627;-0.043503;0.989744;0.506668;-0.004145;0.999977;0.505184;0.000000;0.000010;0.000010;
12.600032;0.501467;0.004122;0.989738;1.002940;0.501470;0.008250;0.004125;0.988448;-1.012433;0.050627;-0.043509;0.989743;0.506667;-0.004142;0.999977;0.505184;0.000000;0.000010;0.000010;
12.600064;0.501465;0.004116;0.989738;1.002934;0.501467;0.008236;0.004118;0.988447;-1.012427;0.050627;-0.043522;0.989743;0.506664;-0.004135;0.999977;0.505184;0.000000;0.000010;0.000010;
12.600128;0.501459;0.004103;0.989736;1.002924;0.501462;0.008210;0.004105;0.988446;-1.012417;0.050626;-0.043548;0.989742;0.506660;-0.004122;0.999977;0.505185;0.000000;0.000010;0.000010;
12.600256;0.501449;0.004077;0.989734;1.002903;0.501451;0.008158;0.004079;0.988443;-1.012395;0.050625;-0.043598;0.989739;0.506650;-0.004096;0.999977;0.505186;0.000000;0.000010;0.000010;
12.600512;0.501428;0.004025;0.989729;1.002861;0.501430;0.008055;0.004027;0.988438;-1.012353;0.050623;-0.043699;0.989734;0.506632;-0.004044;0.999978;0.505189;0.000000;0.000010;0.000010;
12.601024;0.501387;0.003924;0.989719;1.002778;0.501389;0.007852;0.003926;0.988429;-1.012270;0.050619;-0.043895;0.989724;0.506595;-0.003941;0.999978;0.505194;0.000000;0.000010;0.000010;
12.602048;0.501308;0.003729;0.989699;1.002621;0.501310;0.007462;0.003731;0.988410;-1.012111;0.050611;-0.044275;0.989704;0.506526;-0.003745;0.999980;0.505204;0.000000;0.000010;0.000010;
12.604096;0.501163;0.003367;0.989663;1.002331;0.501165;0.006738;0.003369;0.988374;-1.011818;0.050596;-0.044979;0.989669;0.506397;-0.003379;0.999982;0.505222;0.000000;0.000010;0.000010;
12.608192;0.500917;0.002741;0.989601;1.001839;0.500919;0.005487;0.002744;0.988313;-1.011321;0.050571;-0.046196;0.989606;0.506180;-0.002748;0.999986;0.505254;0.000000;0.000010;0.000010;
12.616384;0.500557;0.001795;0.989507;1.001119;0.500559;0.003595;0.001798;0.988221;-1.010595;0.050535;-0.048041;0.989512;0.505865;-0.001793;0.999992;0.505302;0.000000;0.000010;0.000010;
12.624576;0.500331;0.001166;0.989445;1.000666;0.500333;0.002337;0.001169;0.988160;-1.010138;0.050512;-0.049270;0.989450;0.505668;-0.001159;0.999995;0.505334;0.000000;0.000010;0.000010;
12.640960;0.500080;0.000420;0.989371;1.000166;0.500083;0.000845;0.000423;0.988087;-1.009633;0.050487;-0.050732;0.989376;0.505453;-0.000407;0.999999;0.505372;-0.000000;0.000010;0.000010;
12.657344;0.499996;0.000116;0.989340;0.999997;0.499999;0.000237;0.000118;0.988057;-1.009463;0.050478;-0.051333;0.989345;0.505383;-0.000101;1.000001;0.505387;-0.000000;0.000010;0.000010;
12.673728;0.499979;0.000014;0.989330;0.999964;0.499982;0.000032;0.000016;0.988046;-1.009429;0.050477;-0.051536;0.989335;0.505372;0.000001;1.000001;0.505393;-0.000000;0.000010;0.000010;
12.690112;0.499983;-0.000009;0.989328;0.999972;0.499986;-0.000014;-0.000007;0.988044;-1.009437;0.050477;-0.051584;0.989333;0.505377;0.000022;1.000001;0.505394;-0.000000;0.000010;0.000010;
12.706496;0.499990;-0.000008;0.989328;0.999986;0.499993;-0.000010;-0.000005;0.988044;-1.009451;0.050478;-0.051582;0.989333;0.505384;0.000019;1.000001;0.505394;-0.000000;0.000010;0.000010;
12.722880;0.499995;-0.000001;0.989328;0.999996;0.499998;0.000002;0.000001;0.988045;-1.009461;0.050478;-0.051570;0.989333;0.505389;0.000012;1.000001;0.505393;0.000000;0.000010;0.000010;
12.755648;0.500000;0.000004;0.989329;1.000005;0.500002;0.000014;0.000007;0.988045;-1.009470;0.050479;-0.051559;0.989334;0.505393;0.000004;1.000000;0.505393;0.000000;0.000010;0.000010;
12.821184;0.500000;0.000005;0.989329;1.000005;0.500003;0.000015;0.000007;0.988045;-1.009470;0.050479;-0.051559;0.989334;0.505393;0.000001;1.000000;0.505393;0.000000;0.000010;0.000010;
12.886720;0.500000;0.000004;0.989329;1.000005;0.500003;0.000013;0.000006;0.988045;-1.009470;0.050479;-0.051561;0.989334;0.505393;0.000000;1.000000;0.505393;0.000000;0.000010;0.000010;
13.017792;0.500000;0.000002;0.989329;1.000005;0.500003;0.000009;0.000005;0.988045;-1.009470;0.050479;-0.051564;0.989334;0.505393;0.000000;1.000000;0.505393;0.000000;0.000010;0.000010;
13.148864;0.500000;0.000001;0.989329;1.000005;0.500003;0.000007;0.000004;0.988045;-1.009470;0.050479;-0.051566;0.989334;0.505393;0.000000;1.000000;0.505393;0.000000;0.000010;0.000010;
13.279936;0.500000;0.000001;0.989328;1.000005;0.500003;0.000006;0.000003;0.988045;-1.009470;0.050479;-0.051567;0.989334;0.505393;0.000000;1.000000;0.505393;0.000000;0.000010;0.000010;
13.542080;0.500000;0.000000;0.989328;1.000005;0.500003;0.000005;0.000003;0.988045;-1.009470;0.050479;-0.051568;0.989333;0.505393;-0.000000;1.000000;0.505393;0.000000;0.000010;0.000010;
13.804224;0.500000;-0.000000;0.989328;1.000005;0.500003;0.000005;0.000002;0.988045;-1.009470;0.050479;-0.051568;0.989333;0.505393;0.000000;1.000000;0.505393;0.000000;0.000010;0.000010;
14.328512;0.500000;-0.000000;0.989328;1.000005;0.500003;0.000005;0.000002;0.988045;-1.009470;0.050479;-0.051568;0.989333;0.505393;-0.000000;1.000000;0.505393;0.000000;0.000010;0.000010;
14.852800;0.500000;-0.000000;0.989328;1.000005;0.500003;0.000005;0.000003;0.988045;-1.009470;0.050479;-0.051568;0.989333;0.505393;-0.000000;1.000000;0.505393;0.000000;0.000010;0.000010;
15.377088;0.500000;-0.000000;0.989328;1.000005;0.500003;0.000005;0.000003;0.988045;-1.009470;0.050479;-0.051568;0.989333;0.505393;0.000000;1.000000;0.505393;-0.000000;0.000010;0.000010;
16.425664;0.500000;-0.000000;0.989328;1.000005;0.500003;0.000005;0.000003;0.988045;-1.009470;0.050479;-0.051568;0.989333;0.505393;0.000000;1.000000;0.505393;-0.000000;0.000010;0.000010;
16.999997;0.500000;-0.000000;0.989328;1.000005;0.500003;0.000005;0.000003;0.988045;-1.009470;0.050479;-0.051568;0.989333;0.505393;0.000000;1.000000;0.505393;-0.000000;0.000010;0.000010;
16.999998;0.500000;-0.000000;0.989328;1.000005;0.500003;0.000005;0.000003;0.988045;-1.009470;0.050479;-0.051568;0.989333;0.505393;0.000000;1.000000;0.505393;-0.000000;0.000010;0.000010;
16.999999;0.500000;-0.000000;0.989328;1.000005;0.500003;0.000005;0.000003;0.988045;-1.009470;0.050479;-0.051568;0.989333;0.505393;0.000000;1.000000;0.505393;-0.000000;0.000010;0.000010;
17.000001;0.500000;-0.000000;0.989328;1.000005;0.500003;0.000005;0.000003;0.988045;-1.009470;0.050479;-0.051568;0.989333;0.505393;0.000000;1.000000;0.505393;-0.000000;0.000010;0.000010;
17.000005;0.500000;-0.000000;0.989328;1.000005;0.500003;0.000005;0.000003;0.988045;-1.009470;0.050479;-0.051568;0.989333;0.505393;0.000000;1.000000;0.505393;-0.000000;0.000010;0.000010;
17.000013;0.500000;-0.000000;0.989328;1.000005;0.500003;0.000005;0.000003;0.988045;-1.009470;0.050479;-0.051568;0.989333;0.505393;0.000000;1.000000;0.505393;-0.000000;0.000010;0.000010;
17.000029;0.500000;-0.000000;0.989328;1.000005;0.500003;0.000005;0.000003;0.988045;-1.009470;0.050479;-0.051568;0.989333;0.505393;0.000000;1.000000;0.505393;-0.000000;0.000010;0.000010;
17.000061;0.500000;-0.000000;0.989328;1.000005;0.500003;0.000005;0.000003;0.988045;-1.009470;0.050479;-0.051568;0.989333;0.505393;0.000000;1.000000;0.505393;-0.000000;0.000010;0.000010;
17.000125;0.500000;-0.000000;0.989328;1.000005;0.500003;0.000005;0.000003;0.988045;-1.009470;0.050479;-0.051568;0.989333;0.505393;0.000000;1.000000;0.505393;-0.000000;0.000010;0.000010;
17.000253;0.500000;-0.000000;0.989328;1.000005;0.500003;0.000005;0.000003;0.988045;-1.009470;0.050479;-0.051568;0.989333;0.505393;0.000000;1.000000;0.505393;-0.000000;0.000010;0.000010;
17.000509;0.500000;-0.000000;0.989328;1.000005;0.500003;0.000005;0.000003;0.988045;-1.009470;0.050479;-0.051568;0.989333;0.505393;0.000000;1.000000;0.505393;-0.000000;0.000010;0.000010;
17.001021;0.500000;-0.000000;0.989328;1.000005;0.500003;0.000005;0.000003;0.988045;-1.009470;0.050479;-0.051568;0.989333;0.505393;0.000000;1.000000;0.505393;-0.000000;0.000010;0.000010;
17.002045;0.500000;-0.000000;0.989328;1.000005;0.500003;0.000005;0.000003;0.988045;-1.009470;0.050479;-0.051568;0.989333;0.505393;0.000000;1.000000;0.505393;-0.000000;0.000010;0.000010;
17.004093;0.500000;-0.000000;0.989328;1.000005;0.500003;0.000005;0.000003;0.988045;-1.009470;0.050479;-0.051568;0.989333;0.505393;0.000000;1.000000;0.505393;-0.000000;0.000010;0.000010;
17.008189;0.500000;-0.000000;0.989328;1.000005;0.500003;0.000005;0.000003;0.988045;-1.009470;0.050479;-0.051568;0.989333;0.505393;0.000000;1.000000;0.505393;-0.000000;0.000010;0.000010;
17.016381;0.500000;-0.000000;0.989328;1.000005;0.500003;0.000005;0.000003;0.988045;-1.009470;0.050479;-0.051568;0.989333;0.505393;0.000000;1.000000;0.505393;-0.000000;0.000010;0.000010;
17.032765;0.500000;-0.000000;0.989328;1.000005;0.500003;0.000005;0.000003;0.988045;-1.009470;0.050479;-0.051568;0.989333;0.505393;0.000000;1.000000;0.505393;0.000000;0.000010;0.000010;
17.065533;0.500000;-0.000000;0.989328;1.000005;0.500003;0.000005;0.000003;0.988045;-1.009470;0.050479;-0.051568;0.989333;0.505393;-0.000000;1.000000;0.505393;0.000000;0.000010;0.000010;
17.131069;0.500000;-0.000000;0.989328;1.000005;0.500003;0.000005;0.000003;0.988045;-1.009470;0.050479;-0.051568;0.989333;0.505393;-0.000000;1.000000;0.505393;0.000000;0.000010;0.000010;
17.262141;0.500000;-0.000000;0.989328;1.000005;0.500003;0.000005;0.000003;0.988045;-1.009470;0.050479;-0.051568;0.989333;0.505393;-0.000000;1.000000;0.505393;0.000000;0.000010;0.000010;
17.499997;0.500000;0.000000;0.989328;1.000005;0.500003;0.000005;0.000003;0.988045;-1.009470;0.050479;-0.051568;0.989333;0.505393;-0.000000;1.000000;0.505393;-0.000000;0.000010;0.000010;
17.499998;0.500000;0.000000;0.989328;1.000005;0.500003;0.000005;0.000003;0.988045;-1.009470;0.050479;-0.051568;0.989333;0.505393;-0.000000;1.000000;0.505393;-0.000000;0.000010;0.000010;
17.499999;0.500000;0.000000;0.989328;1.000005;0.500003;0.000005;0.000003;0.988045;-1.009470;0.050479;-0.051568;0.989333;0.505393;-0.000000;1.000000;0.505393;-0.000000;0.000010;0.000010;
17.500001;0.500000;0.000000;0.989328;1.000005;0.500003;0.000005;0.000003;0.988045;-1.009470;0.050479;-0.051568;0.989333;0.505393;-0.000000;1.000000;0.505393;-0.000000;0.000010;0.000010;
17.500005;0.500000;0.000000;0.989328;1.000005;0.500003;0.000005;0.000003;0.988045;-1.009470;0.050479;-0.051568;0.989333;0.505393;-0.000000;1.000000;0.505393;-0.000000;0.000010;0.000010;
17.500013;0.500000;0.000000;0.989328;1.000005;0.500003;0.000005;0.000003;0.988045;-1.009470;0.050479;-0.051568;0.989333;0.505393;-0.000000;1.000000;0.505393;-0.000000;0.000010;0.000010;
17.500029;0.500000;0.000000;0.989328;1.000005;0.500003;0.000005;0.000003;0.988045;-1.009470;0.050479;-0.051568;0.989333;0.505393;-0.000000;1.000000;0.505393;-0.000000;0.000010;0.000010;
17.500061;0.500000;0.000000;0.989328;1.000005;0.500003;0.000005;0.000003;0.988045;-1.009470;0.050479;-0.051568;0.989333;0.505393;-0.000000;1.000000;0.505393;-0.000000;0.000010;0.000010;
17.500125;0.500000;0.000000;0.989328;1.000005;0.500003;0.000005;0.000003;0.988045;-1.009470;0.050479;-0.051568;0.989333;0.505393;-0.000000;1.000000;0.505393;-0.000000;0.000010;0.000010;
17.500253;0.500000;0.000000;0.989328;1.000005;0.500003;0.000005;0.000003;0.988045;-1.009470;0.050479;-0.051568;0.989333;0.505393;-0.000000;1.000000;0.505393;-0.000000;0.000010;0.000010;
17.500509;0.500000;0.000000;0.989328;1.000005;0.500003;0.000005;0.000003;0.988045;-1.009470;0.050479;-0.051568;0.989333;0.505393;-0.000000;1.000000;0.505393;-0.000000;0.000010;0.000010;
17.501021;0.500000;0.000000;0.989328;1.000005;0.500003;0.000005;0.000003;0.988045;-1.009470;0.050479;-0.051568;0.989333;0.505393;-0.000000;1.000000;0.505393;-0.000000;0.000010;0.000010;
17.502045;0.500000;0.000000;0.989328;1.000005;0.500003;0.000005;0.000003;0.988045;-1.009470;0.050479;-0.051568;0.989333;0.505393;-0.000000;1.000000;0.505393;-0.000000;0.000010;0.000010;
17.504093;0.500000;0.000000;0.989328;1.000005;0.500003;0.000005;0.000003;0.988045;-1.009470;0.050479;-0.051568;0.989333;0.505393;-0.000000;1.000000;0.505393;-0.000000;0.000010;0.000010;
17.508189;0.500000;0.000000;0.989328;1.000005;0.500003;0.000005;0.000003;0.988045;-1.009470;0.050479;-0.051568;0.989333;0.505393;-0.000000;1.000000;0.505393;-0.000000;0.000010;0.000010;
17.516381;0.500000;0.000000;0.989328;1.000005;0.500003;0.000005;0.000003;0.988045;-1.009470;0.050479;-0.051568;0.989333;0.505393;-0.000000;1.000000;0.505393;-0.000000;0.000010;0.000010;
17.532765;0.500000;0.000000;0.989328;1.000005;0.500003;0.000005;0.000003;0.988045;-1.009470;0.050479;-0.051568;0.989333;0.505393;-0.000000;1.000000;0.505393;0.000000;0.000010;0.000010;
17.565533;0.500000;0.000000;0.989328;1.000005;0.500003;0.000005;0.000003;0.988045;-1.009470;0.050479;-0.051568;0.989333;0.505393;0.000000;1.000000;0.505393;0.000000;0.000010;0.000010;
17.631069;0.500000;0.000000;0.989328;1.000005;0.500003;0.000005;0.000003;0.988045;-1.009470;0.050479;-0.051568;0.989333;0.505393;0.000000;1.000000;0.505393;0.000000;0.000010;0.000010;
17.762141;0.500000;0.000000;0.989328;1.000005;0.500003;0.000005;0.000003;0.988045;-1.009470;0.050479;-0.051568;0.989333;0.505393;0.000000;1.000000;0.505393;0.000000;0.000010;0.000010;
18.024285;0.500000;-0.000000;0.989328;1.000005;0.500003;0.000005;0.000003;0.988045;-1.009470;0.050479;-0.051568;0.989333;0.505393;0.000000;1.000000;0.505393;-0.000000;0.000010;0.000010;
18.548573;0.500000;-0.000000;0.989328;1.000005;0.500003;0.000005;0.000003;0.988045;-1.009470;0.050479;-0.051568;0.989333;0.505393;-0.000000;1.000000;0.505393;-0.000000;0.000010;0.000010;
19.597149;0.500000;-0.000000;0.989328;1.000005;0.500003;0.000005;0.000003;0.988045;-1.009470;0.050479;-0.051568;0.989333;0.505393;-0.000000;1.000000;0.505393;-0.000000;0.000010;0.000010;
20.000000;0.500000;-0.000000;0.989328;1.000005;0.500003;0.000005;0.000003;0.988045;-1.009470;0.050479;-0.051568;0.989333;0.505393;0.000000;1.000000;0.505393;-0.000000;0.000010;0.000010;
