time;WECCPVVSource_photovoltaics_HvMeasurements_PPu;WECCPVVSource_photovoltaics_HvMeasurements_QPu;WECCPVVSource_photovoltaics_HvMeasurements_UPu;WECCPVVSource_photovoltaics_LvMeasurements_PPu;WECCPVVSource_photovoltaics_LvMeasurements_QPu;WECCPVVSource_photovoltaics_LvMeasurements_UPu;WECCPVVSource_photovoltaics_injector_PInjPu;WECCPVVSource_photovoltaics_injector_QInjPu;WECCPVVSource_photovoltaics_injector_terminal_V_re;WECCPVVSource_photovoltaics_injector_terminal_i_re;WECCPVVSource_photovoltaics_injector_terminal_V_im;WECCPVVSource_photovoltaics_injector_terminal_i_im;WECCPVVSource_photovoltaics_pll_omegaPLLPu;
0.000000;0.699984;0.200000;1.000000;0.699984;0.279497;1.035338;0.699989;0.332500;1.050009;-0.699984;0.175002;0.199999;0.999993;
0.000062;0.699984;0.200000;1.000000;0.699984;0.279497;1.035338;0.699989;0.332500;1.050009;-0.699984;0.175002;0.199999;0.999993;
0.000124;0.699984;0.200000;1.000000;0.699984;0.279497;1.035338;0.699989;0.332500;1.050009;-0.699984;0.175002;0.199999;0.999993;
0.000248;0.699984;0.200001;1.000000;0.699984;0.279497;1.035338;0.699989;0.332500;1.050009;-0.699984;0.175002;0.200000;0.999994;
0.000495;0.699984;0.200001;1.000000;0.699984;0.279498;1.035338;0.699990;0.332501;1.050009;-0.699984;0.175003;0.200000;0.999995;
0.000990;0.699986;0.200002;1.000000;0.699986;0.279499;1.035339;0.699991;0.332502;1.050010;-0.699986;0.175003;0.200000;0.999997;
0.001981;0.699990;0.200002;1.000000;0.699990;0.279500;1.035339;0.699996;0.332503;1.050010;-0.699990;0.175004;0.200000;1.000000;
0.003961;0.699996;0.200001;1.000000;0.699996;0.279500;1.035339;0.700001;0.332505;1.050009;-0.699996;0.175005;0.200000;1.000001;
0.007922;0.700000;0.200000;1.000000;0.700000;0.279500;1.035339;0.700005;0.332505;1.050009;-0.700000;0.175006;0.199999;1.000001;
0.015845;0.700000;0.200000;1.000000;0.700000;0.279500;1.035339;0.700006;0.332505;1.050009;-0.700000;0.175007;0.199999;1.000000;
0.031690;0.700000;0.200000;1.000000;0.700000;0.279500;1.035338;0.700006;0.332505;1.050009;-0.700000;0.175007;0.199999;1.000000;
0.063380;0.700000;0.200000;1.000000;0.700000;0.279500;1.035338;0.700006;0.332505;1.050009;-0.700000;0.175006;0.199999;1.000000;
0.126759;0.700000;0.200000;1.000000;0.700000;0.279500;1.035338;0.700005;0.332505;1.050009;-0.700000;0.175006;0.199999;1.000000;
0.253518;0.700000;0.200000;1.000000;0.700000;0.279500;1.035338;0.700005;0.332505;1.050009;-0.700000;0.175006;0.199999;1.000000;
0.507037;0.700000;0.200000;1.000000;0.700000;0.279500;1.035338;0.700005;0.332505;1.050009;-0.700000;0.175006;0.199999;1.000000;
1.014074;0.700000;0.200000;1.000000;0.700000;0.279500;1.035338;0.700005;0.332505;1.050009;-0.700000;0.175006;0.199999;1.000000;
2.028148;0.700000;0.200000;1.000000;0.700000;0.279500;1.035338;0.700005;0.332505;1.050009;-0.700000;0.175006;0.199999;1.000000;
3.999999;0.700000;0.200000;1.000000;0.700000;0.279500;1.035338;0.700005;0.332505;1.050009;-0.700000;0.175006;0.199999;1.000000;
3.999999;0.350040;1.099962;0.500005;0.350040;1.899415;0.836607;0.350093;2.432436;1.050009;-0.700080;0.175006;2.199902;1.060889;
3.999999;0.350041;1.099959;0.500005;0.350041;1.899408;0.836606;0.350094;2.432428;1.050008;-0.700082;0.175007;2.199897;1.060890;
3.999999;0.350042;1.099956;0.500005;0.350042;1.899402;0.836605;0.350095;2.432419;1.050006;-0.700084;0.175007;2.199891;1.060890;
3.999999;0.350044;1.099951;0.500005;0.350044;1.899389;0.836604;0.350097;2.432402;1.050003;-0.700088;0.175008;2.199879;1.060890;
3.999999;0.350048;1.099939;0.500005;0.350048;1.899364;0.836600;0.350101;2.432368;1.049998;-0.700096;0.175010;2.199856;1.060891;
4.000000;0.350056;1.099916;0.500005;0.350056;1.899314;0.836594;0.350109;2.432300;1.049986;-0.700112;0.175015;2.199810;1.060893;
4.000000;0.350072;1.099870;0.500005;0.350072;1.899214;0.836581;0.350126;2.432163;1.049963;-0.700145;0.175023;2.199718;1.060896;
4.000001;0.350105;1.099777;0.500005;0.350105;1.899013;0.836554;0.350158;2.431890;1.049917;-0.700210;0.175039;2.199533;1.060902;
4.000002;0.350170;1.099593;0.500005;0.350170;1.898612;0.836502;0.350223;2.431344;1.049824;-0.700339;0.175071;2.199163;1.060914;
4.000004;0.350299;1.099223;0.500005;0.350299;1.897809;0.836397;0.350352;2.430253;1.049640;-0.700598;0.175136;2.198424;1.060939;
4.000010;0.350558;1.098484;0.500005;0.350558;1.896205;0.836187;0.350612;2.428072;1.049270;-0.701117;0.175266;2.196947;1.060988;
4.000011;0.350626;1.098291;0.500005;0.350626;1.895785;0.836132;0.350679;2.427501;1.049173;-0.701253;0.175300;2.196559;1.061001;
4.000012;0.350660;1.098194;0.500005;0.350660;1.895575;0.836104;0.350713;2.427216;1.049125;-0.701320;0.175317;2.196366;1.061008;
4.000012;0.350680;1.098137;0.500005;0.350680;1.895452;0.836088;0.350733;2.427048;1.049097;-0.701360;0.175327;2.196253;1.061011;
4.000013;0.350700;1.098081;0.500005;0.350700;1.895329;0.836072;0.350753;2.426881;1.049068;-0.701400;0.175336;2.196139;1.061015;
4.000013;0.350720;1.098024;0.500005;0.350720;1.895206;0.836056;0.350773;2.426714;1.049040;-0.701440;0.175346;2.196026;1.061019;
4.000013;0.350740;1.097967;0.500005;0.350740;1.895083;0.836040;0.350793;2.426547;1.049012;-0.701479;0.175356;2.195913;1.061023;
4.000014;0.350760;1.097911;0.500005;0.350760;1.894960;0.836023;0.350813;2.426380;1.048983;-0.701519;0.175366;2.195799;1.061026;
4.000014;0.350779;1.097854;0.500005;0.350779;1.894837;0.836007;0.350833;2.426213;1.048955;-0.701559;0.175376;2.195686;1.061030;
4.000015;0.350799;1.097797;0.500005;0.350799;1.894714;0.835991;0.350852;2.426046;1.048927;-0.701599;0.175386;2.195573;1.061034;
4.000015;0.350819;1.097741;0.500005;0.350819;1.894592;0.835975;0.350872;2.425879;1.048898;-0.701638;0.175396;2.195460;1.061038;
4.000015;0.350839;1.097684;0.500005;0.350839;1.894469;0.835959;0.350892;2.425712;1.048870;-0.701678;0.175406;2.195346;1.061042;
4.000016;0.350879;1.097571;0.500005;0.350879;1.894223;0.835927;0.350932;2.425377;1.048813;-0.701758;0.175426;2.195120;1.061049;
4.000017;0.350919;1.097458;0.500005;0.350919;1.893977;0.835895;0.350972;2.425043;1.048757;-0.701837;0.175446;2.194893;1.061057;
4.000018;0.350958;1.097344;0.500005;0.350958;1.893731;0.835862;0.351011;2.424709;1.048700;-0.701917;0.175466;2.194667;1.061064;
4.000019;0.350998;1.097231;0.500005;0.350998;1.893486;0.835830;0.351051;2.424375;1.048643;-0.701996;0.175486;2.194440;1.061072;
4.000020;0.351078;1.097004;0.500005;0.351078;1.892995;0.835766;0.351131;2.423708;1.048530;-0.702155;0.175525;2.193987;1.061087;
4.000023;0.351237;1.096552;0.500005;0.351237;1.892012;0.835637;0.351290;2.422373;1.048304;-0.702473;0.175605;2.193081;1.061117;
4.000030;0.351555;1.095646;0.500005;0.351555;1.890050;0.835380;0.351607;2.419706;1.047851;-0.703109;0.175764;2.191270;1.061177;
4.000043;0.352190;1.093836;0.500005;0.352190;1.886132;0.834865;0.352243;2.414382;1.046946;-0.704381;0.176082;2.187651;1.061296;
4.000069;0.353462;1.090223;0.500005;0.353462;1.878322;0.833838;0.353515;2.403774;1.045140;-0.706924;0.176718;2.180425;1.061530;
4.000120;0.356004;1.083020;0.500004;0.356004;1.862809;0.831793;0.356056;2.382721;1.041538;-0.712008;0.177989;2.166019;1.061988;
4.000172;0.358541;1.075840;0.500004;0.358541;1.847416;0.829755;0.358592;2.361851;1.037948;-0.717082;0.179258;2.151658;1.062433;
4.000275;0.363604;1.061572;0.500004;0.363604;1.817044;0.825710;0.363655;2.320743;1.030814;-0.727208;0.181790;2.123123;1.063275;
4.000368;0.368136;1.048802;0.500004;0.368136;1.790095;0.822094;0.368185;2.284340;1.024429;-0.736272;0.184056;2.097584;1.063995;
4.000461;0.372643;1.036105;0.500004;0.372643;1.763517;0.818503;0.372691;2.248508;1.018080;-0.745285;0.186310;2.072189;1.064677;
4.000553;0.377122;1.023479;0.500004;0.377122;1.737304;0.814937;0.377169;2.213236;1.011767;-0.754243;0.188549;2.046938;1.065323;
4.000739;0.385977;0.998388;0.500004;0.385977;1.685832;0.807860;0.386023;2.144173;0.999221;-0.771954;0.192978;1.996758;1.066531;
4.000808;0.389223;0.989161;0.500004;0.389223;1.667110;0.805261;0.389268;2.119122;0.994608;-0.778445;0.194601;1.978304;1.066946;
4.000809;0.389293;0.988960;0.500004;0.389293;1.666704;0.805204;0.389339;2.118578;0.994507;-0.778587;0.194636;1.977901;1.066955;
4.000811;0.389364;0.988759;0.500004;0.389364;1.666297;0.805147;0.389409;2.118034;0.994406;-0.778728;0.194672;1.977499;1.066964;
4.000814;0.389506;0.988356;0.500004;0.389506;1.665483;0.805034;0.389551;2.116946;0.994205;-0.779011;0.194742;1.976694;1.066981;
4.000820;0.389788;0.987552;0.500004;0.389788;1.663857;0.804808;0.389833;2.114772;0.993803;-0.779577;0.194884;1.975085;1.067017;
4.000832;0.390353;0.985944;0.500004;0.390353;1.660609;0.804355;0.390398;2.110431;0.992999;-0.780707;0.195166;1.971869;1.067087;
4.000856;0.391482;0.982731;0.500004;0.391482;1.654131;0.803451;0.391526;2.101775;0.991392;-0.782963;0.195731;1.965443;1.067225;
4.000904;0.393731;0.976320;0.500004;0.393731;1.641243;0.801647;0.393775;2.084570;0.988187;-0.787462;0.196855;1.952621;1.067495;
4.001000;0.398200;0.963554;0.500004;0.398200;1.615743;0.798059;0.398243;2.050579;0.981804;-0.796400;0.199090;1.927089;1.068008;
4.001193;0.407011;0.938249;0.500004;0.407011;1.565820;0.790958;0.407053;1.984243;0.969151;-0.814022;0.203496;1.876480;1.068928;
4.001577;0.424062;0.888538;0.500004;0.424062;1.470126;0.777048;0.424101;1.857891;0.944295;-0.848124;0.212024;1.777060;1.070369;
4.001739;0.430971;0.868031;0.500004;0.430971;1.431536;0.771324;0.431008;1.807268;0.934041;-0.861942;0.215478;1.736046;1.070824;
4.001739;0.430971;0.868030;0.500004;0.430971;1.431549;0.771324;0.431008;1.807267;0.934041;-0.861941;0.215478;1.736045;1.070824;
4.001741;0.431063;0.867756;0.500004;0.431063;1.431037;0.771247;0.431100;1.806596;0.933904;-0.862125;0.215524;1.735497;1.070830;
4.001743;0.431155;0.867482;0.500004;0.431155;1.430525;0.771171;0.431192;1.805925;0.933767;-0.862309;0.215570;1.734948;1.070835;
4.001748;0.431338;0.866934;0.500004;0.431338;1.429502;0.771018;0.431376;1.804585;0.933493;-0.862677;0.215662;1.733852;1.070845;
4.001756;0.431705;0.865838;0.500004;0.431705;1.427456;0.770712;0.431742;1.801906;0.932945;-0.863409;0.215845;1.731660;1.070865;
4.001774;0.432433;0.863648;0.500004;0.432433;1.423372;0.770102;0.432470;1.796559;0.931850;-0.864866;0.216210;1.727281;1.070902;
4.001808;0.433872;0.859278;0.500004;0.433872;1.415233;0.768882;0.433909;1.785906;0.929665;-0.867743;0.216929;1.718542;1.070961;
4.001878;0.436678;0.850575;0.500004;0.436678;1.399067;0.766453;0.436715;1.764765;0.925313;-0.873357;0.218333;1.701135;1.071025;
4.002017;0.442008;0.833315;0.500003;0.442008;1.367179;0.761628;0.442044;1.723124;0.916683;-0.884017;0.220998;1.666616;1.070955;
4.002295;0.451544;0.799393;0.500003;0.451544;1.305139;0.752119;0.451578;1.642337;0.899721;-0.903088;0.225767;1.598772;1.070111;
4.002572;0.459611;0.766283;0.500003;0.459611;1.245337;0.742796;0.459642;1.564737;0.883166;-0.919221;0.229801;1.532554;1.068451;
4.002850;0.466263;0.734001;0.500003;0.466263;1.187690;0.733660;0.466293;1.490180;0.867024;-0.932525;0.233128;1.467989;1.066130;
4.003128;0.471575;0.702552;0.500003;0.471575;1.132123;0.724709;0.471603;1.418533;0.851299;-0.943149;0.235785;1.405091;1.063294;
4.003406;0.475633;0.671937;0.500003;0.475633;1.078565;0.715945;0.475660;1.349682;0.835991;-0.951265;0.237814;1.343862;1.060076;
4.003684;0.478532;0.642150;0.500003;0.478532;1.026952;0.707367;0.478558;1.283519;0.821098;-0.957065;0.239265;1.284290;1.056590;
4.003962;0.480377;0.613181;0.500003;0.480377;0.977222;0.698973;0.480401;1.219951;0.806612;-0.960753;0.240188;1.226351;1.052940;
4.004239;0.481270;0.585012;0.500002;0.481270;0.929317;0.690762;0.481293;1.158889;0.792527;-0.962540;0.240635;1.170015;1.049210;
4.004517;0.481317;0.557624;0.500002;0.481317;0.883178;0.682732;0.481339;1.100252;0.778833;-0.962635;0.240659;1.115239;1.045475;
4.004795;0.480623;0.530994;0.500002;0.480623;0.838751;0.674881;0.480643;1.043962;0.765517;-0.961246;0.240312;1.061979;1.041796;
4.005073;0.479286;0.505095;0.500002;0.479286;0.795982;0.667206;0.479305;0.989946;0.752567;-0.958571;0.239644;1.010182;1.038224;
4.005351;0.477400;0.479902;0.500002;0.477400;0.754817;0.659705;0.477419;0.938134;0.739970;-0.954801;0.238702;0.959796;1.034797;
4.005629;0.475056;0.455386;0.500002;0.475056;0.715203;0.652373;0.475074;0.888455;0.727712;-0.950112;0.237530;0.910765;1.031547;
4.006184;0.469311;0.408256;0.500002;0.469311;0.640410;0.638202;0.469326;0.795194;0.704146;-0.938622;0.234659;0.816506;1.025635;
4.006684;0.463233;0.367906;0.500002;0.463233;0.577869;0.625993;0.463247;0.717857;0.683970;-0.926465;0.231620;0.735806;1.021008;
4.007184;0.456625;0.329366;0.500001;0.456625;0.519558;0.614280;0.456638;0.646365;0.664699;-0.913251;0.228317;0.658726;1.017059;
4.007684;0.449758;0.292504;0.500001;0.449758;0.465208;0.603041;0.449769;0.580355;0.646267;-0.899516;0.224884;0.585004;1.013779;
4.008185;0.442844;0.257201;0.500001;0.442844;0.414558;0.592254;0.442854;0.519474;0.628615;-0.885688;0.221428;0.514398;1.011132;
4.008192;0.442747;0.256716;0.500001;0.442747;0.413872;0.592106;0.442757;0.518653;0.628372;-0.885493;0.221379;0.513427;1.011099;
4.008206;0.442552;0.255746;0.500001;0.442552;0.412501;0.591809;0.442563;0.517015;0.627887;-0.885105;0.221282;0.511489;1.011034;
4.008220;0.442358;0.254778;0.500001;0.442358;0.411133;0.591513;0.442369;0.515380;0.627403;-0.884716;0.221185;0.509552;1.010970;
4.008248;0.441970;0.252846;0.500001;0.441970;0.408407;0.590922;0.441981;0.512124;0.626437;-0.883941;0.220991;0.505688;1.010843;
4.008304;0.441197;0.249000;0.500001;0.441197;0.402993;0.589746;0.441207;0.505665;0.624514;-0.882394;0.220604;0.497996;1.010597;
4.008327;0.440887;0.247462;0.500001;0.440887;0.400838;0.589275;0.440897;0.503090;0.623745;-0.881775;0.220449;0.494919;1.010503;
4.008327;0.440888;0.247461;0.500001;0.440888;0.400832;0.589275;0.440898;0.503090;0.623744;-0.881775;0.220450;0.494919;1.010503;
4.008329;0.440863;0.247341;0.500001;0.440863;0.400663;0.589238;0.440874;0.502888;0.623684;-0.881727;0.220437;0.494677;1.010495;
4.008330;0.440839;0.247220;0.500001;0.440839;0.400494;0.589201;0.440849;0.502686;0.623624;-0.881678;0.220425;0.494436;1.010488;
4.008334;0.440791;0.246980;0.500001;0.440791;0.400156;0.589128;0.440801;0.502284;0.623504;-0.881581;0.220401;0.493955;1.010473;
4.008341;0.440695;0.246502;0.500001;0.440695;0.399486;0.588981;0.440705;0.501485;0.623265;-0.881389;0.220353;0.492999;1.010442;
4.008355;0.440505;0.245556;0.500001;0.440505;0.398161;0.588692;0.440515;0.499907;0.622792;-0.881009;0.220258;0.491108;1.010382;
4.008384;0.440134;0.243706;0.500001;0.440134;0.395572;0.588126;0.440144;0.496826;0.621867;-0.880267;0.220072;0.487408;1.010263;
4.008440;0.439426;0.240165;0.500001;0.439426;0.390630;0.587044;0.439436;0.490949;0.620096;-0.878852;0.219719;0.480326;1.010032;
4.008497;0.438752;0.236776;0.500001;0.438752;0.385916;0.586007;0.438762;0.485351;0.618402;-0.877504;0.219382;0.473548;1.009808;
4.008554;0.438110;0.233533;0.500001;0.438110;0.381420;0.585016;0.438120;0.480019;0.616780;-0.876220;0.219061;0.467061;1.009591;
4.008667;0.436897;0.227369;0.500001;0.436897;0.372913;0.583132;0.436907;0.469953;0.613697;-0.873794;0.218454;0.454733;1.009174;
4.008780;0.435794;0.221698;0.500001;0.435794;0.365138;0.581400;0.435803;0.460773;0.610862;-0.871588;0.217903;0.443392;1.008781;
4.008894;0.434800;0.216508;0.500001;0.434800;0.358062;0.579816;0.434809;0.452444;0.608267;-0.869599;0.217406;0.433013;1.008414;
4.009120;0.433103;0.207391;0.500001;0.433103;0.345744;0.577037;0.433112;0.437989;0.603708;-0.866205;0.216558;0.414779;1.007754;
4.009347;0.431763;0.199788;0.500001;0.431763;0.335587;0.574724;0.431773;0.426131;0.599906;-0.863527;0.215888;0.399572;1.007187;
4.009432;0.431343;0.197273;0.500001;0.431343;0.332252;0.573960;0.431352;0.422255;0.598649;-0.862686;0.215678;0.394542;1.006997;
4.009432;0.431342;0.197273;0.500001;0.431342;0.332257;0.573960;0.431351;0.422254;0.598649;-0.862685;0.215678;0.394543;1.006997;
4.009437;0.431321;0.197142;0.500001;0.431321;0.332084;0.573920;0.431330;0.422054;0.598584;-0.862642;0.215667;0.394281;1.006987;
4.009441;0.431300;0.197012;0.500001;0.431300;0.331912;0.573881;0.431309;0.421854;0.598518;-0.862600;0.215656;0.394020;1.006977;
4.009451;0.431258;0.196753;0.500001;0.431258;0.331570;0.573802;0.431267;0.421457;0.598389;-0.862516;0.215635;0.393503;1.006957;
4.009469;0.431177;0.196247;0.500001;0.431177;0.330903;0.573649;0.431186;0.420682;0.598136;-0.862353;0.215595;0.392491;1.006918;
4.009507;0.431024;0.195275;0.500001;0.431024;0.329623;0.573355;0.431033;0.419197;0.597650;-0.862047;0.215518;0.390546;1.006842;
4.009581;0.430755;0.193477;0.500001;0.430755;0.327266;0.572811;0.430764;0.416468;0.596751;-0.861509;0.215384;0.386951;1.006699;
4.009656;0.430520;0.191819;0.500001;0.430520;0.325104;0.572310;0.430529;0.413969;0.595922;-0.861041;0.215267;0.383634;1.006564;
4.009731;0.430319;0.190292;0.500001;0.430319;0.323124;0.571851;0.430328;0.411687;0.595159;-0.860639;0.215166;0.380581;1.006437;
4.009880;0.429991;0.187526;0.500001;0.429991;0.319560;0.571020;0.429999;0.407592;0.593775;-0.859981;0.215002;0.375049;1.006202;
4.010030;0.429774;0.185195;0.500001;0.429774;0.316596;0.570324;0.429783;0.404206;0.592610;-0.859549;0.214894;0.370386;1.005995;
4.010329;0.429651;0.181689;0.500001;0.429651;0.312256;0.569291;0.429660;0.399309;0.590857;-0.859303;0.214832;0.363375;1.005664;
4.010628;0.429897;0.179518;0.500001;0.429897;0.309740;0.568674;0.429906;0.396565;0.589771;-0.859794;0.214955;0.359033;1.005432;
4.010927;0.430456;0.178428;0.500001;0.430456;0.308704;0.568393;0.430465;0.395564;0.589226;-0.860912;0.215235;0.356852;1.005287;
4.011226;0.431279;0.178196;0.500001;0.431279;0.308847;0.568381;0.431287;0.395959;0.589110;-0.862557;0.215646;0.356388;1.005217;
4.011525;0.432322;0.178639;0.500001;0.432322;0.309926;0.568582;0.432331;0.397461;0.589331;-0.864645;0.216168;0.357273;1.005209;
4.011824;0.433552;0.179607;0.500001;0.433552;0.311742;0.568949;0.433560;0.399841;0.589816;-0.867103;0.216783;0.359211;1.005254;
4.012122;0.434936;0.180981;0.500001;0.434936;0.314135;0.569445;0.434945;0.402912;0.590503;-0.869872;0.217475;0.361958;1.005340;
4.012421;0.436451;0.182663;0.500001;0.436451;0.316976;0.570041;0.436460;0.406526;0.591344;-0.872901;0.218232;0.365322;1.005460;
4.013019;0.439767;0.186592;0.500001;0.439767;0.323519;0.571417;0.439777;0.414813;0.593308;-0.879535;0.219891;0.373180;1.005761;
4.013617;0.443393;0.191036;0.500001;0.443393;0.330892;0.572966;0.443403;0.424137;0.595530;-0.886787;0.221704;0.382068;1.006113;
4.014215;0.447235;0.195720;0.500001;0.447235;0.338718;0.574601;0.447245;0.434054;0.597873;-0.894471;0.223625;0.391435;1.006481;
4.014813;0.451220;0.200457;0.500001;0.451220;0.346730;0.576262;0.451230;0.444249;0.600241;-0.902440;0.225617;0.400910;1.006837;
4.015411;0.455293;0.205130;0.500001;0.455293;0.354755;0.577913;0.455303;0.454509;0.602578;-0.910586;0.227653;0.410255;1.007164;
4.015883;0.458541;0.208721;0.500001;0.458541;0.361018;0.579190;0.458551;0.462554;0.604374;-0.917082;0.229277;0.417438;1.007393;
4.015883;0.458540;0.208721;0.500001;0.458540;0.361015;0.579190;0.458550;0.462554;0.604374;-0.917080;0.229277;0.417438;1.007393;
4.015897;0.458641;0.208831;0.500001;0.458641;0.361208;0.579229;0.458651;0.462802;0.604429;-0.917282;0.229327;0.417658;1.007400;
4.015912;0.458742;0.208940;0.500001;0.458742;0.361400;0.579268;0.458752;0.463050;0.604483;-0.917484;0.229378;0.417877;1.007406;
4.015941;0.458944;0.209159;0.500001;0.458944;0.361785;0.579347;0.458954;0.463545;0.604593;-0.917887;0.229479;0.418314;1.007419;
4.015999;0.459347;0.209595;0.500001;0.459347;0.362552;0.579502;0.459357;0.464534;0.604811;-0.918694;0.229680;0.419185;1.007445;
4.016116;0.460154;0.210458;0.500001;0.460154;0.364078;0.579811;0.460164;0.466502;0.605242;-0.920308;0.230084;0.420912;1.007495;
4.016349;0.461768;0.212155;0.500001;0.461768;0.367098;0.580421;0.461778;0.470404;0.606091;-0.923535;0.230891;0.424306;1.007588;
4.016814;0.464985;0.215428;0.500001;0.464985;0.373000;0.581606;0.464996;0.478058;0.607728;-0.929970;0.232499;0.430852;1.007745;
4.016900;0.465574;0.216007;0.500001;0.465574;0.374059;0.581817;0.465584;0.479435;0.608017;-0.931148;0.232794;0.432010;1.007769;
4.016900;0.465573;0.216008;0.500001;0.465573;0.374058;0.581817;0.465584;0.479435;0.608017;-0.931147;0.232794;0.432011;1.007769;
4.016901;0.465577;0.216012;0.500001;0.465577;0.374066;0.581818;0.465588;0.479445;0.608019;-0.931155;0.232796;0.432019;1.007769;
4.016901;0.465577;0.216012;0.500001;0.465577;0.374065;0.581818;0.465588;0.479445;0.608019;-0.931155;0.232796;0.432019;1.007769;
4.016916;0.465683;0.216118;0.500001;0.465683;0.374258;0.581857;0.465693;0.479695;0.608072;-0.931365;0.232848;0.432232;1.007774;
4.016931;0.465788;0.216224;0.500001;0.465788;0.374450;0.581895;0.465798;0.479945;0.608126;-0.931576;0.232901;0.432444;1.007779;
4.016962;0.465997;0.216437;0.500001;0.465997;0.374835;0.581972;0.466008;0.480445;0.608232;-0.931995;0.233006;0.432869;1.007787;
4.017023;0.466413;0.216860;0.500001;0.466413;0.375600;0.582125;0.466423;0.481438;0.608443;-0.932825;0.233213;0.433715;1.007801;
4.017145;0.467229;0.217701;0.500001;0.467229;0.377118;0.582429;0.467240;0.483407;0.608864;-0.934459;0.233622;0.435397;1.007815;
4.017389;0.468804;0.219365;0.500001;0.468804;0.380103;0.583027;0.468815;0.487272;0.609696;-0.937608;0.234409;0.438725;1.007798;
4.017496;0.469484;0.220092;0.500001;0.469484;0.381404;0.583288;0.469495;0.488957;0.610059;-0.938968;0.234749;0.440179;1.007781;
4.017545;0.469791;0.220424;0.500001;0.469791;0.381997;0.583407;0.469801;0.489723;0.610225;-0.939581;0.234902;0.440843;1.007770;
4.017546;0.469797;0.220431;0.500001;0.469797;0.382009;0.583410;0.469808;0.489739;0.610229;-0.939594;0.234905;0.440857;1.007769;
4.017548;0.469810;0.220444;0.500001;0.469810;0.382034;0.583415;0.469821;0.489771;0.610236;-0.939620;0.234912;0.440884;1.007769;
4.017553;0.469835;0.220472;0.500001;0.469835;0.382084;0.583425;0.469846;0.489835;0.610250;-0.939671;0.234925;0.440940;1.007768;
4.017561;0.469886;0.220528;0.500001;0.469886;0.382182;0.583444;0.469897;0.489963;0.610277;-0.939773;0.234950;0.441051;1.007766;
4.017577;0.469987;0.220639;0.500001;0.469987;0.382380;0.583484;0.469998;0.490218;0.610333;-0.939974;0.235000;0.441273;1.007761;
4.017610;0.470183;0.220862;0.500001;0.470183;0.382772;0.583563;0.470194;0.490724;0.610444;-0.940367;0.235099;0.441719;1.007746;
4.017675;0.470556;0.221310;0.500001;0.470556;0.383550;0.583721;0.470567;0.491721;0.610669;-0.941113;0.235285;0.442616;1.007700;
4.017806;0.471225;0.222219;0.500001;0.471225;0.385079;0.584034;0.471236;0.493664;0.611123;-0.942451;0.235620;0.444433;1.007549;
4.017937;0.471819;0.223140;0.500001;0.471819;0.386582;0.584345;0.471830;0.495555;0.611584;-0.943639;0.235917;0.446275;1.007344;
4.018199;0.472721;0.225033;0.500001;0.472721;0.389496;0.584962;0.472732;0.499148;0.612530;-0.945441;0.236367;0.450062;1.006755;
4.018435;0.473313;0.226779;0.500001;0.473313;0.392051;0.585513;0.473324;0.502243;0.613403;-0.946625;0.236663;0.453554;1.006105;
4.018671;0.473697;0.228568;0.500001;0.473697;0.394546;0.586061;0.473708;0.505210;0.614298;-0.947394;0.236855;0.457131;1.005360;
4.018906;0.473887;0.230398;0.500001;0.473887;0.396988;0.586608;0.473898;0.508060;0.615213;-0.947773;0.236950;0.460791;1.004539;
4.019001;0.473924;0.231139;0.500001;0.473924;0.397955;0.586826;0.473935;0.509177;0.615583;-0.947848;0.236969;0.462272;1.004200;
4.019002;0.473924;0.231146;0.500001;0.473924;0.397966;0.586829;0.473935;0.509189;0.615587;-0.947849;0.236969;0.462288;1.004196;
4.019004;0.473925;0.231162;0.500001;0.473925;0.397986;0.586833;0.473936;0.509213;0.615595;-0.947851;0.236969;0.462320;1.004189;
4.019008;0.473927;0.231194;0.500001;0.473927;0.398028;0.586843;0.473938;0.509262;0.615611;-0.947854;0.236970;0.462383;1.004175;
4.019016;0.473931;0.231257;0.500001;0.473931;0.398111;0.586861;0.473942;0.509358;0.615643;-0.947861;0.236972;0.462510;1.004145;
4.019032;0.473937;0.231384;0.500001;0.473937;0.398277;0.586899;0.473948;0.509549;0.615706;-0.947874;0.236975;0.462764;1.004087;
4.019056;0.473943;0.231570;0.500001;0.473943;0.398518;0.586953;0.473954;0.509828;0.615799;-0.947886;0.236978;0.463136;1.004000;
4.019057;0.473943;0.231578;0.500001;0.473943;0.398528;0.586956;0.473955;0.509839;0.615803;-0.947887;0.236979;0.463152;1.003997;
4.019059;0.473944;0.231594;0.500001;0.473944;0.398549;0.586960;0.473955;0.509863;0.615811;-0.947888;0.236979;0.463184;1.003989;
4.019063;0.473945;0.231626;0.500001;0.473945;0.398590;0.586970;0.473956;0.509911;0.615827;-0.947890;0.236979;0.463248;1.003974;
4.019071;0.473947;0.231690;0.500001;0.473947;0.398673;0.586988;0.473958;0.510006;0.615859;-0.947894;0.236980;0.463375;1.003945;
4.019087;0.473950;0.231817;0.500001;0.473950;0.398837;0.587026;0.473961;0.510195;0.615922;-0.947901;0.236982;0.463629;1.003885;
4.019119;0.473953;0.232072;0.500001;0.473953;0.399165;0.587100;0.473964;0.510572;0.616050;-0.947906;0.236983;0.464140;1.003765;
4.019184;0.473945;0.232586;0.500001;0.473945;0.399818;0.587249;0.473956;0.511317;0.616307;-0.947891;0.236979;0.465168;1.003521;
4.019313;0.473878;0.233626;0.500001;0.473878;0.401110;0.587547;0.473889;0.512777;0.616827;-0.947756;0.236946;0.467247;1.003021;
4.019571;0.473554;0.235749;0.500001;0.473554;0.403647;0.588142;0.473565;0.515590;0.617889;-0.947108;0.236784;0.471494;1.001990;
4.019828;0.473058;0.237914;0.500001;0.473058;0.406145;0.588736;0.473069;0.518311;0.618971;-0.946116;0.236536;0.475823;1.000947;
4.020086;0.472406;0.240115;0.500001;0.472406;0.408608;0.589330;0.472417;0.520949;0.620072;-0.944812;0.236210;0.480226;0.999906;
4.020602;0.470787;0.244592;0.500001;0.470787;0.413470;0.590517;0.470798;0.526067;0.622310;-0.941574;0.235400;0.489179;0.997871;
4.021118;0.468671;0.249251;0.500001;0.468671;0.418317;0.591723;0.468682;0.531040;0.624640;-0.937341;0.234342;0.498498;0.995898;
4.021119;0.468667;0.249259;0.500001;0.468667;0.418326;0.591725;0.468678;0.531048;0.624644;-0.937333;0.234340;0.498514;0.995894;
4.021121;0.468658;0.249276;0.500001;0.468658;0.418343;0.591730;0.468670;0.531065;0.624652;-0.937317;0.234335;0.498547;0.995888;
4.021124;0.468642;0.249309;0.500001;0.468642;0.418376;0.591738;0.468653;0.531099;0.624669;-0.937284;0.234327;0.498613;0.995874;
4.021132;0.468609;0.249375;0.500001;0.468609;0.418444;0.591755;0.468620;0.531168;0.624702;-0.937217;0.234311;0.498746;0.995847;
4.021146;0.468542;0.249508;0.500001;0.468542;0.418579;0.591789;0.468553;0.531304;0.624768;-0.937084;0.234277;0.499012;0.995793;
4.021175;0.468406;0.249777;0.500001;0.468406;0.418851;0.591857;0.468417;0.531579;0.624903;-0.936812;0.234209;0.499548;0.995684;
4.021232;0.468127;0.250320;0.500001;0.468127;0.419401;0.591996;0.468138;0.532133;0.625174;-0.936253;0.234070;0.500635;0.995464;
4.021347;0.467536;0.251434;0.500001;0.467536;0.420519;0.592279;0.467548;0.533254;0.625731;-0.935073;0.233774;0.502864;0.995020;
4.021577;0.466242;0.253761;0.500001;0.466242;0.422827;0.592865;0.466253;0.535548;0.626895;-0.932484;0.233127;0.507518;0.994126;
4.021806;0.464842;0.256176;0.500001;0.464842;0.425198;0.593470;0.464853;0.537891;0.628102;-0.929684;0.232427;0.512348;0.993234;
4.022036;0.463344;0.258669;0.500001;0.463344;0.427626;0.594092;0.463356;0.540277;0.629349;-0.926689;0.231678;0.517334;0.992355;
4.022496;0.460142;0.263808;0.500001;0.460142;0.432603;0.595368;0.460153;0.545144;0.631918;-0.920284;0.230077;0.527612;0.990642;
4.022955;0.456640;0.269162;0.500001;0.456640;0.437743;0.596688;0.456651;0.550141;0.634596;-0.913280;0.228326;0.538320;0.989026;
4.023874;0.448962;0.280285;0.500001;0.448962;0.448359;0.599415;0.448973;0.560421;0.640157;-0.897924;0.224486;0.560565;0.986240;
4.024701;0.441471;0.290580;0.500001;0.441471;0.458179;0.601926;0.441482;0.569923;0.645305;-0.882942;0.220740;0.581155;0.984288;
4.025528;0.433672;0.300918;0.500001;0.433672;0.468091;0.604444;0.433684;0.579551;0.650474;-0.867345;0.216841;0.601831;0.982888;
4.026355;0.425753;0.311130;0.500001;0.425753;0.477969;0.606932;0.425764;0.589206;0.655580;-0.851505;0.212880;0.622254;0.982004;
4.027182;0.417848;0.321091;0.500001;0.417848;0.487707;0.609361;0.417859;0.598796;0.660560;-0.835695;0.208927;0.642176;0.981565;
4.028008;0.410045;0.330709;0.500001;0.410045;0.497221;0.611711;0.410056;0.608223;0.665369;-0.820089;0.205026;0.661413;0.981480;
4.028835;0.402407;0.339939;0.500001;0.402407;0.506441;0.613969;0.402418;0.617439;0.669985;-0.804813;0.201206;0.679874;0.981662;
4.029662;0.394956;0.348749;0.500001;0.394956;0.515323;0.616126;0.394967;0.626375;0.674390;-0.789913;0.197481;0.697493;0.982030;
4.030489;0.387701;0.357121;0.500001;0.387701;0.523832;0.618178;0.387712;0.634979;0.678576;-0.775403;0.193853;0.714238;0.982517;
4.031316;0.380640;0.365056;0.500002;0.380640;0.531947;0.620122;0.380651;0.643218;0.682543;-0.761280;0.190322;0.730107;0.983069;
4.032143;0.373764;0.372559;0.500002;0.373764;0.539658;0.621960;0.373775;0.651069;0.686295;-0.747528;0.186884;0.745114;0.983647;
4.032970;0.367062;0.379645;0.500002;0.367062;0.546962;0.623693;0.367074;0.658520;0.689838;-0.734125;0.183532;0.759286;0.984224;
4.034624;0.354112;0.392655;0.500002;0.354112;0.560397;0.626865;0.354123;0.672237;0.696343;-0.708223;0.177057;0.785305;0.985309;
4.036278;0.341762;0.404223;0.500002;0.341762;0.572339;0.629671;0.341773;0.684430;0.702127;-0.683524;0.170881;0.808442;0.986300;
4.037932;0.330007;0.414492;0.500002;0.330007;0.582911;0.632149;0.330018;0.695209;0.707261;-0.660014;0.165003;0.828979;0.987211;
4.039586;0.318856;0.423596;0.500002;0.318856;0.592251;0.634334;0.318867;0.704707;0.711813;-0.637711;0.159427;0.847187;0.988063;
4.040562;0.312563;0.428484;0.500002;0.312563;0.597251;0.635502;0.312574;0.709787;0.714257;-0.625125;0.156280;0.856963;0.988547;
4.040562;0.312557;0.428482;0.500002;0.312557;0.597255;0.635502;0.312569;0.709781;0.714257;-0.625115;0.156278;0.856960;0.988548;
4.040563;0.312555;0.428484;0.500002;0.312555;0.597256;0.635502;0.312567;0.709782;0.714257;-0.625111;0.156277;0.856963;0.988548;
4.040563;0.312550;0.428488;0.500002;0.312550;0.597260;0.635503;0.312561;0.709787;0.714259;-0.625100;0.156274;0.856971;0.988549;
4.040564;0.312547;0.428490;0.500002;0.312547;0.597263;0.635503;0.312558;0.709789;0.714260;-0.625094;0.156273;0.856976;0.988549;
4.040565;0.312542;0.428494;0.500002;0.312542;0.597267;0.635504;0.312553;0.709793;0.714263;-0.625083;0.156270;0.856984;0.988549;
4.040567;0.312531;0.428503;0.500002;0.312531;0.597275;0.635506;0.312542;0.709802;0.714267;-0.625061;0.156264;0.857001;0.988550;
4.040570;0.312509;0.428519;0.500002;0.312509;0.597292;0.635510;0.312520;0.709819;0.714275;-0.625017;0.156253;0.857034;0.988552;
4.040577;0.312465;0.428552;0.500002;0.312465;0.597326;0.635518;0.312476;0.709853;0.714292;-0.624929;0.156231;0.857100;0.988555;
4.040591;0.312377;0.428619;0.500002;0.312377;0.597394;0.635534;0.312388;0.709922;0.714325;-0.624753;0.156187;0.857233;0.988561;
4.040619;0.312201;0.428752;0.500002;0.312201;0.597529;0.635566;0.312212;0.710058;0.714391;-0.624402;0.156099;0.857498;0.988574;
4.040665;0.311905;0.428975;0.500002;0.311905;0.597756;0.635619;0.311916;0.710288;0.714503;-0.623810;0.155951;0.857944;0.988596;
4.040666;0.311898;0.428980;0.500002;0.311898;0.597761;0.635620;0.311909;0.710293;0.714505;-0.623796;0.155948;0.857954;0.988597;
4.040669;0.311885;0.428990;0.500002;0.311885;0.597771;0.635622;0.311896;0.710303;0.714510;-0.623770;0.155941;0.857975;0.988598;
4.040673;0.311858;0.429010;0.500002;0.311858;0.597791;0.635627;0.311870;0.710324;0.714520;-0.623717;0.155928;0.858015;0.988600;
4.040681;0.311805;0.429050;0.500002;0.311805;0.597832;0.635637;0.311816;0.710365;0.714540;-0.623610;0.155901;0.858095;0.988604;
4.040698;0.311699;0.429130;0.500002;0.311699;0.597914;0.635656;0.311710;0.710447;0.714580;-0.623397;0.155848;0.858255;0.988611;
4.040732;0.311486;0.429289;0.500002;0.311486;0.598076;0.635694;0.311497;0.710612;0.714660;-0.622972;0.155742;0.858574;0.988627;
4.040799;0.311061;0.429607;0.500002;0.311061;0.598399;0.635769;0.311072;0.710938;0.714819;-0.622122;0.155529;0.859210;0.988657;
4.040934;0.310212;0.430238;0.500002;0.310212;0.599038;0.635919;0.310223;0.711583;0.715134;-0.620424;0.155105;0.860471;0.988716;
4.041203;0.308521;0.431477;0.500002;0.308521;0.600290;0.636213;0.308532;0.712843;0.715754;-0.617042;0.154259;0.862949;0.988825;
4.041742;0.305159;0.433871;0.500002;0.305159;0.602689;0.636778;0.305170;0.715246;0.716951;-0.610317;0.152578;0.867737;0.989017;
4.042280;0.301813;0.436184;0.500002;0.301813;0.604991;0.637321;0.301824;0.717540;0.718107;-0.603626;0.150905;0.872363;0.989186;
4.042819;0.298483;0.438419;0.500002;0.298483;0.607200;0.637844;0.298494;0.719731;0.719225;-0.596966;0.149240;0.876833;0.989338;
4.043896;0.291853;0.442712;0.500002;0.291853;0.611414;0.638843;0.291865;0.723893;0.721371;-0.583707;0.145925;0.885419;0.989608;
4.044974;0.285281;0.446738;0.500002;0.285281;0.615313;0.639773;0.285292;0.727707;0.723384;-0.570561;0.142638;0.893471;0.989837;
4.046051;0.278776;0.450504;0.500002;0.278776;0.618905;0.640635;0.278787;0.731184;0.725267;-0.557553;0.139386;0.901004;0.990040;
4.048206;0.266062;0.457333;0.500002;0.266062;0.625298;0.642181;0.266073;0.737285;0.728682;-0.532123;0.133028;0.914662;0.990450;
4.050361;0.253861;0.463289;0.500002;0.253861;0.630739;0.643511;0.253872;0.742381;0.731660;-0.507722;0.126927;0.926574;0.990907;
4.052515;0.242339;0.468457;0.500002;0.242339;0.635367;0.644652;0.242351;0.746645;0.734243;-0.484679;0.121166;0.936908;0.991448;
4.054670;0.231651;0.472911;0.500002;0.231651;0.639299;0.645627;0.231662;0.750228;0.736471;-0.463302;0.115822;0.945818;0.992081;
4.056825;0.221914;0.476724;0.500002;0.221914;0.642635;0.646457;0.221926;0.753246;0.738377;-0.443829;0.110953;0.953444;0.992791;
4.058979;0.213204;0.479963;0.500002;0.213204;0.645457;0.647159;0.213215;0.755793;0.739996;-0.426408;0.106598;0.959922;0.993550;
4.061134;0.205545;0.482693;0.500002;0.205545;0.647836;0.647751;0.205556;0.757943;0.741361;-0.411090;0.102768;0.965381;0.994327;
4.063289;0.198918;0.484977;0.500002;0.198918;0.649835;0.648247;0.198929;0.759757;0.742503;-0.397836;0.099454;0.969949;0.995089;
4.065444;0.193268;0.486876;0.500002;0.193268;0.651508;0.648660;0.193279;0.761285;0.743452;-0.386535;0.096629;0.973747;0.995811;
4.067598;0.188513;0.488445;0.500002;0.188513;0.652904;0.649003;0.188524;0.762570;0.744237;-0.377025;0.094251;0.976886;0.996475;
4.069753;0.184556;0.489737;0.500002;0.184556;0.654065;0.649286;0.184567;0.763648;0.744883;-0.369112;0.092273;0.979469;0.997068;
4.071908;0.181295;0.490795;0.500002;0.181295;0.655030;0.649520;0.181306;0.764552;0.745412;-0.362589;0.090642;0.981586;0.997584;
4.074062;0.178625;0.491661;0.500002;0.178625;0.655830;0.649712;0.178636;0.765308;0.745845;-0.357251;0.089307;0.983318;0.998026;
4.076217;0.176452;0.492369;0.500002;0.176452;0.656494;0.649870;0.176463;0.765940;0.746199;-0.352904;0.088220;0.984734;0.998395;
4.078372;0.174688;0.492948;0.500002;0.174688;0.657043;0.650001;0.174699;0.766469;0.746488;-0.349375;0.087338;0.985891;0.998700;
4.080527;0.173256;0.493421;0.500002;0.173256;0.657500;0.650108;0.173267;0.766912;0.746725;-0.346512;0.086622;0.986838;0.998949;
4.082681;0.172094;0.493810;0.500002;0.172094;0.657879;0.650197;0.172105;0.767283;0.746919;-0.344188;0.086041;0.987616;0.999150;
4.084836;0.171148;0.494130;0.500002;0.171148;0.658196;0.650270;0.171159;0.767595;0.747079;-0.342296;0.085568;0.988256;0.999311;
4.086991;0.170376;0.494395;0.500002;0.170376;0.658461;0.650331;0.170386;0.767859;0.747212;-0.340751;0.085182;0.988786;0.999440;
4.089146;0.169743;0.494616;0.500002;0.169743;0.658684;0.650382;0.169754;0.768081;0.747322;-0.339486;0.084866;0.989227;0.999543;
4.093455;0.168771;0.494960;0.500002;0.168771;0.659039;0.650463;0.168782;0.768437;0.747494;-0.337542;0.084380;0.989915;0.999698;
4.097764;0.168115;0.495205;0.500002;0.168115;0.659299;0.650521;0.168126;0.768705;0.747617;-0.336230;0.084052;0.990406;0.999803;
4.102074;0.167681;0.495381;0.500002;0.167681;0.659491;0.650564;0.167692;0.768909;0.747705;-0.335362;0.083835;0.990758;0.999874;
4.106383;0.167404;0.495508;0.500002;0.167404;0.659638;0.650595;0.167415;0.769069;0.747768;-0.334809;0.083696;0.991011;0.999923;
4.110693;0.167239;0.495600;0.500002;0.167239;0.659752;0.650619;0.167250;0.769197;0.747814;-0.334477;0.083613;0.991196;0.999958;
4.115002;0.167151;0.495669;0.500002;0.167151;0.659844;0.650637;0.167162;0.769305;0.747849;-0.334301;0.083569;0.991334;0.999983;
4.119312;0.167116;0.495721;0.500002;0.167116;0.659921;0.650652;0.167127;0.769398;0.747875;-0.334233;0.083552;0.991438;0.999999;
4.123621;0.167118;0.495763;0.500002;0.167118;0.659987;0.650665;0.167129;0.769480;0.747895;-0.334236;0.083553;0.991521;1.000010;
4.127931;0.167143;0.495796;0.500002;0.167143;0.660045;0.650675;0.167154;0.769555;0.747912;-0.334287;0.083566;0.991587;1.000018;
4.132240;0.167183;0.495824;0.500002;0.167183;0.660098;0.650684;0.167194;0.769624;0.747926;-0.334367;0.083586;0.991643;1.000022;
4.136549;0.167233;0.495848;0.500002;0.167233;0.660146;0.650693;0.167243;0.769689;0.747938;-0.334465;0.083610;0.991692;1.000024;
4.140859;0.167287;0.495870;0.500002;0.167287;0.660192;0.650701;0.167298;0.769751;0.747949;-0.334574;0.083638;0.991736;1.000026;
4.145168;0.167344;0.495891;0.500002;0.167344;0.660236;0.650708;0.167355;0.769811;0.747959;-0.334688;0.083666;0.991777;1.000026;
4.149478;0.167403;0.495909;0.500002;0.167403;0.660278;0.650715;0.167413;0.769868;0.747969;-0.334805;0.083695;0.991814;1.000026;
4.153787;0.167462;0.495927;0.500002;0.167462;0.660319;0.650722;0.167473;0.769924;0.747978;-0.334923;0.083725;0.991850;1.000026;
4.158097;0.167521;0.495945;0.500002;0.167521;0.660358;0.650728;0.167532;0.769977;0.747986;-0.335041;0.083754;0.991885;1.000026;
4.162406;0.167579;0.495961;0.500002;0.167579;0.660396;0.650735;0.167590;0.770030;0.747995;-0.335158;0.083784;0.991918;1.000026;
4.166716;0.167637;0.495977;0.500002;0.167637;0.660433;0.650741;0.167648;0.770081;0.748003;-0.335274;0.083813;0.991950;1.000025;
4.175334;0.167750;0.496008;0.500002;0.167750;0.660504;0.650753;0.167761;0.770180;0.748018;-0.335499;0.083869;0.992011;1.000024;
4.183091;0.167848;0.496034;0.500002;0.167848;0.660566;0.650763;0.167858;0.770265;0.748031;-0.335695;0.083918;0.992063;1.000023;
4.190848;0.167942;0.496059;0.500002;0.167942;0.660625;0.650772;0.167953;0.770346;0.748044;-0.335883;0.083965;0.992113;1.000022;
4.198605;0.168032;0.496083;0.500002;0.168032;0.660681;0.650782;0.168043;0.770424;0.748056;-0.336064;0.084010;0.992161;1.000021;
4.206362;0.168119;0.496106;0.500002;0.168119;0.660735;0.650790;0.168130;0.770499;0.748067;-0.336238;0.084054;0.992207;1.000020;
4.214119;0.168202;0.496128;0.500002;0.168202;0.660787;0.650799;0.168213;0.770571;0.748078;-0.336404;0.084095;0.992251;1.000020;
4.221876;0.168282;0.496149;0.500002;0.168282;0.660837;0.650807;0.168293;0.770641;0.748089;-0.336564;0.084135;0.992294;1.000019;
4.229633;0.168358;0.496169;0.500002;0.168358;0.660885;0.650815;0.168369;0.770707;0.748099;-0.336717;0.084173;0.992334;1.000018;
4.237390;0.168432;0.496189;0.500002;0.168432;0.660931;0.650823;0.168443;0.770771;0.748109;-0.336864;0.084210;0.992374;1.000017;
4.245147;0.168502;0.496208;0.500002;0.168502;0.660976;0.650830;0.168513;0.770832;0.748118;-0.337005;0.084245;0.992411;1.000016;
4.260661;0.168635;0.496243;0.500002;0.168635;0.661059;0.650844;0.168646;0.770947;0.748136;-0.337269;0.084311;0.992482;1.000015;
4.276175;0.168757;0.496276;0.500002;0.168757;0.661136;0.650856;0.168768;0.771053;0.748152;-0.337513;0.084372;0.992547;1.000014;
4.284799;0.168820;0.496293;0.500002;0.168820;0.661176;0.650863;0.168831;0.771109;0.748161;-0.337640;0.084404;0.992581;1.000013;
4.285123;0.168822;0.496294;0.500002;0.168822;0.661177;0.650863;0.168833;0.771111;0.748161;-0.337645;0.084405;0.992583;1.000013;
4.285447;0.168825;0.496294;0.500002;0.168825;0.661179;0.650863;0.168836;0.771113;0.748161;-0.337649;0.084406;0.992584;1.000013;
4.286095;0.168829;0.496296;0.500002;0.168829;0.661182;0.650864;0.168840;0.771117;0.748162;-0.337658;0.084409;0.992587;1.000013;
4.287390;0.168837;0.496298;0.500002;0.168837;0.661187;0.650865;0.168848;0.771125;0.748163;-0.337675;0.084413;0.992592;1.000012;
4.289981;0.168853;0.496303;0.500002;0.168853;0.661199;0.650867;0.168864;0.771140;0.748166;-0.337707;0.084421;0.992602;1.000011;
4.295163;0.168884;0.496313;0.500002;0.168884;0.661221;0.650870;0.168895;0.771171;0.748171;-0.337768;0.084436;0.992622;1.000011;
4.295175;0.168884;0.496313;0.500002;0.168884;0.661221;0.650870;0.168895;0.771171;0.748171;-0.337768;0.084436;0.992622;1.000011;
4.295502;0.168886;0.496314;0.500002;0.168886;0.661223;0.650871;0.168897;0.771173;0.748171;-0.337771;0.084437;0.992624;1.000011;
4.295829;0.168888;0.496315;0.500002;0.168888;0.661224;0.650871;0.168899;0.771175;0.748172;-0.337775;0.084438;0.992625;1.000011;
4.296483;0.168891;0.496316;0.500002;0.168891;0.661227;0.650871;0.168902;0.771179;0.748172;-0.337783;0.084440;0.992628;1.000011;
4.297791;0.168899;0.496319;0.500002;0.168899;0.661233;0.650872;0.168910;0.771186;0.748174;-0.337798;0.084444;0.992633;1.000011;
4.300408;0.168914;0.496324;0.500002;0.168914;0.661244;0.650874;0.168925;0.771201;0.748176;-0.337828;0.084451;0.992643;1.000011;
4.305641;0.168944;0.496333;0.500002;0.168944;0.661265;0.650878;0.168955;0.771231;0.748181;-0.337887;0.084466;0.992662;1.000010;
4.310873;0.168973;0.496343;0.500002;0.168973;0.661286;0.650881;0.168984;0.771260;0.748186;-0.337946;0.084481;0.992681;1.000010;
4.321339;0.169029;0.496361;0.500002;0.169029;0.661326;0.650888;0.169040;0.771315;0.748195;-0.338058;0.084509;0.992717;1.000010;
4.330758;0.169077;0.496376;0.500002;0.169077;0.661361;0.650894;0.169088;0.771362;0.748202;-0.338155;0.084533;0.992748;1.000009;
4.340177;0.169124;0.496391;0.500002;0.169124;0.661393;0.650899;0.169135;0.771406;0.748210;-0.338248;0.084556;0.992777;1.000009;
4.349596;0.169168;0.496405;0.500002;0.169168;0.661425;0.650904;0.169179;0.771449;0.748217;-0.338337;0.084578;0.992805;1.000008;
4.359015;0.169211;0.496418;0.500002;0.169211;0.661454;0.650909;0.169222;0.771489;0.748223;-0.338422;0.084600;0.992831;1.000008;
4.377853;0.169291;0.496442;0.500002;0.169291;0.661509;0.650918;0.169302;0.771565;0.748235;-0.338581;0.084639;0.992880;1.000007;
4.396691;0.169364;0.496464;0.500002;0.169364;0.661559;0.650927;0.169375;0.771633;0.748246;-0.338728;0.084676;0.992924;1.000007;
4.415530;0.169431;0.496484;0.500002;0.169431;0.661604;0.650934;0.169442;0.771696;0.748256;-0.338862;0.084710;0.992963;1.000006;
4.434368;0.169492;0.496502;0.500002;0.169492;0.661645;0.650941;0.169503;0.771752;0.748265;-0.338985;0.084740;0.992999;1.000005;
4.453206;0.169549;0.496518;0.500002;0.169549;0.661682;0.650947;0.169560;0.771803;0.748273;-0.339097;0.084769;0.993031;1.000005;
4.472044;0.169600;0.496532;0.500002;0.169600;0.661716;0.650953;0.169611;0.771849;0.748280;-0.339201;0.084794;0.993060;1.000004;
4.509720;0.169691;0.496557;0.500002;0.169691;0.661774;0.650962;0.169702;0.771930;0.748293;-0.339383;0.084840;0.993109;1.000004;
4.547396;0.169768;0.496577;0.500002;0.169768;0.661822;0.650970;0.169779;0.771996;0.748303;-0.339536;0.084878;0.993150;1.000003;
4.585073;0.169832;0.496594;0.500002;0.169832;0.661861;0.650976;0.169843;0.772050;0.748311;-0.339664;0.084910;0.993182;1.000003;
4.622749;0.169886;0.496607;0.500002;0.169886;0.661893;0.650982;0.169897;0.772095;0.748318;-0.339771;0.084937;0.993209;1.000002;
4.660425;0.169931;0.496617;0.500002;0.169931;0.661919;0.650986;0.169942;0.772131;0.748323;-0.339861;0.084960;0.993230;1.000002;
4.698101;0.169968;0.496626;0.500002;0.169968;0.661941;0.650989;0.169979;0.772161;0.748327;-0.339937;0.084978;0.993247;1.000001;
4.735778;0.170000;0.496633;0.500002;0.170000;0.661958;0.650992;0.170011;0.772186;0.748331;-0.340000;0.084994;0.993261;1.000001;
4.811130;0.170049;0.496643;0.500002;0.170049;0.661985;0.650996;0.170060;0.772224;0.748336;-0.340098;0.085019;0.993282;1.000001;
4.886483;0.170084;0.496650;0.500002;0.170084;0.662003;0.650999;0.170095;0.772249;0.748339;-0.340168;0.085036;0.993296;1.000001;
4.961835;0.170108;0.496654;0.500002;0.170108;0.662015;0.651001;0.170119;0.772266;0.748341;-0.340216;0.085048;0.993304;1.000000;
4.999593;0.170117;0.496656;0.500002;0.170117;0.662019;0.651002;0.170128;0.772272;0.748342;-0.340234;0.085053;0.993308;1.000000;
5.014593;0.170120;0.496657;0.500002;0.170120;0.662020;0.651002;0.170131;0.772274;0.748343;-0.340240;0.085054;0.993308;1.000000;
5.029594;0.170123;0.496657;0.500002;0.170123;0.662021;0.651002;0.170134;0.772275;0.748343;-0.340245;0.085055;0.993309;1.000000;
5.059594;0.170127;0.496658;0.500002;0.170127;0.662024;0.651002;0.170139;0.772279;0.748343;-0.340255;0.085058;0.993311;1.000000;
5.119596;0.170136;0.496659;0.500002;0.170136;0.662027;0.651003;0.170147;0.772284;0.748344;-0.340271;0.085062;0.993313;1.000000;
5.239599;0.170147;0.496660;0.500002;0.170147;0.662032;0.651004;0.170158;0.772291;0.748344;-0.340294;0.085068;0.993316;1.000000;
5.479606;0.170158;0.496662;0.500002;0.170158;0.662036;0.651004;0.170169;0.772297;0.748345;-0.340316;0.085073;0.993319;1.000000;
5.719612;0.170161;0.496662;0.500002;0.170161;0.662037;0.651005;0.170172;0.772299;0.748345;-0.340322;0.085075;0.993319;1.000000;
5.726268;0.170161;0.496662;0.500002;0.170161;0.662037;0.651005;0.170172;0.772299;0.748345;-0.340322;0.085075;0.993319;1.000000;
5.740542;0.170161;0.496662;0.500002;0.170161;0.662037;0.651005;0.170172;0.772299;0.748345;-0.340322;0.085075;0.993319;1.000000;
5.754816;0.170161;0.496662;0.500002;0.170161;0.662037;0.651005;0.170172;0.772299;0.748345;-0.340322;0.085075;0.993319;1.000000;
5.783363;0.170161;0.496662;0.500002;0.170161;0.662037;0.651005;0.170172;0.772298;0.748345;-0.340321;0.085075;0.993319;1.000000;
5.840458;0.170160;0.496662;0.500002;0.170160;0.662037;0.651005;0.170172;0.772298;0.748345;-0.340321;0.085074;0.993319;1.000000;
5.884088;0.170160;0.496662;0.500002;0.170160;0.662037;0.651005;0.170171;0.772298;0.748345;-0.340321;0.085074;0.993319;1.000000;
5.898204;0.170160;0.496662;0.500002;0.170160;0.662037;0.651005;0.170171;0.772298;0.748345;-0.340321;0.085074;0.993319;1.000000;
5.912320;0.170160;0.496662;0.500002;0.170160;0.662037;0.651005;0.170171;0.772298;0.748345;-0.340321;0.085074;0.993319;1.000000;
5.940552;0.170160;0.496662;0.500002;0.170160;0.662037;0.651005;0.170171;0.772298;0.748345;-0.340321;0.085074;0.993319;1.000000;
5.997015;0.170160;0.496662;0.500002;0.170160;0.662037;0.651004;0.170171;0.772298;0.748345;-0.340320;0.085074;0.993319;1.000000;
6.109943;0.170160;0.496662;0.500002;0.170160;0.662037;0.651004;0.170171;0.772298;0.748345;-0.340320;0.085074;0.993319;1.000000;
6.335797;0.170160;0.496662;0.500002;0.170160;0.662037;0.651004;0.170171;0.772298;0.748345;-0.340320;0.085074;0.993319;1.000000;
6.787506;0.170160;0.496662;0.500002;0.170160;0.662037;0.651004;0.170171;0.772298;0.748345;-0.340320;0.085074;0.993319;1.000000;
7.690925;0.170160;0.496662;0.500002;0.170160;0.662037;0.651004;0.170171;0.772298;0.748345;-0.340320;0.085074;0.993319;1.000000;
7.999998;0.170160;0.496662;0.500002;0.170160;0.662037;0.651004;0.170171;0.772298;0.748345;-0.340320;0.085074;0.993319;1.000000;
7.999998;0.340240;-1.006582;0.999998;0.340240;-0.837236;0.850543;0.340251;-0.724327;0.748345;-0.340240;0.085074;-1.006585;0.952913;
7.999998;0.340239;-1.006579;0.999998;0.340239;-0.837234;0.850543;0.340250;-0.724326;0.748346;-0.340239;0.085074;-1.006581;0.952913;
7.999998;0.340237;-1.006576;0.999998;0.340237;-0.837231;0.850544;0.340249;-0.724324;0.748347;-0.340237;0.085073;-1.006578;0.952913;
7.999998;0.340235;-1.006569;0.999998;0.340235;-0.837227;0.850545;0.340246;-0.724321;0.748348;-0.340235;0.085073;-1.006571;0.952913;
7.999999;0.340230;-1.006555;0.999998;0.340230;-0.837218;0.850547;0.340241;-0.724315;0.748352;-0.340230;0.085072;-1.006558;0.952913;
7.999999;0.340219;-1.006528;0.999998;0.340219;-0.837200;0.850551;0.340231;-0.724304;0.748359;-0.340219;0.085069;-1.006531;0.952913;
7.999999;0.340199;-1.006475;0.999998;0.340199;-0.837165;0.850559;0.340210;-0.724281;0.748372;-0.340199;0.085064;-1.006477;0.952914;
8.000000;0.340157;-1.006367;0.999998;0.340157;-0.837094;0.850574;0.340169;-0.724234;0.748399;-0.340157;0.085054;-1.006370;0.952915;
8.000001;0.340075;-1.006152;0.999998;0.340075;-0.836953;0.850606;0.340086;-0.724141;0.748453;-0.340075;0.085033;-1.006155;0.952918;
8.000002;0.340001;-1.005959;0.999998;0.340001;-0.836825;0.850634;0.340012;-0.724058;0.748501;-0.340001;0.085014;-1.005961;0.952921;
8.000003;0.339938;-1.005794;0.999998;0.339938;-0.836716;0.850658;0.339949;-0.723987;0.748542;-0.339938;0.084999;-1.005796;0.952923;
8.000004;0.339874;-1.005629;0.999998;0.339874;-0.836607;0.850682;0.339886;-0.723915;0.748584;-0.339874;0.084983;-1.005631;0.952926;
8.000005;0.339811;-1.005464;0.999998;0.339811;-0.836499;0.850706;0.339822;-0.723844;0.748625;-0.339811;0.084967;-1.005466;0.952928;
8.000006;0.339748;-1.005299;0.999998;0.339748;-0.836390;0.850731;0.339759;-0.723773;0.748666;-0.339748;0.084951;-1.005301;0.952930;
8.000007;0.339684;-1.005134;0.999998;0.339684;-0.836281;0.850755;0.339696;-0.723701;0.748707;-0.339684;0.084935;-1.005136;0.952933;
8.000009;0.339558;-1.004804;0.999998;0.339558;-0.836064;0.850803;0.339569;-0.723559;0.748790;-0.339558;0.084904;-1.004806;0.952937;
8.000013;0.339305;-1.004144;0.999998;0.339305;-0.835628;0.850900;0.339316;-0.723273;0.748955;-0.339305;0.084840;-1.004146;0.952946;
8.000021;0.338799;-1.002826;0.999998;0.338799;-0.834758;0.851092;0.338811;-0.722702;0.749284;-0.338799;0.084714;-1.002828;0.952965;
8.000023;0.338670;-1.002489;0.999998;0.338670;-0.834536;0.851142;0.338682;-0.722556;0.749368;-0.338670;0.084682;-1.002492;0.952970;
8.000024;0.338606;-1.002321;0.999998;0.338606;-0.834425;0.851166;0.338617;-0.722483;0.749410;-0.338606;0.084666;-1.002324;0.952972;
8.000024;0.338574;-1.002237;0.999998;0.338574;-0.834370;0.851178;0.338585;-0.722447;0.749431;-0.338574;0.084658;-1.002240;0.952973;
8.000024;0.338557;-1.002195;0.999998;0.338557;-0.834342;0.851185;0.338569;-0.722429;0.749442;-0.338557;0.084653;-1.002198;0.952974;
8.000024;0.338549;-1.002174;0.999998;0.338549;-0.834328;0.851188;0.338561;-0.722420;0.749447;-0.338549;0.084651;-1.002177;0.952974;
8.000025;0.338545;-1.002164;0.999998;0.338545;-0.834321;0.851189;0.338557;-0.722415;0.749450;-0.338545;0.084650;-1.002166;0.952974;
8.000025;0.338541;-1.002153;0.999998;0.338541;-0.834314;0.851191;0.338553;-0.722411;0.749452;-0.338541;0.084649;-1.002156;0.952975;
8.000025;0.338538;-1.002144;0.999998;0.338538;-0.834308;0.851192;0.338549;-0.722406;0.749455;-0.338538;0.084649;-1.002146;0.952975;
8.000025;0.338534;-1.002134;0.999998;0.338534;-0.834302;0.851194;0.338545;-0.722402;0.749457;-0.338534;0.084648;-1.002137;0.952975;
8.000025;0.338530;-1.002125;0.999998;0.338530;-0.834296;0.851195;0.338542;-0.722398;0.749460;-0.338530;0.084647;-1.002127;0.952975;
8.000025;0.338523;-1.002106;0.999998;0.338523;-0.834283;0.851198;0.338534;-0.722390;0.749464;-0.338523;0.084645;-1.002108;0.952975;
8.000025;0.338517;-1.002089;0.999998;0.338517;-0.834272;0.851200;0.338528;-0.722383;0.749468;-0.338517;0.084643;-1.002091;0.952976;
8.000025;0.338510;-1.002072;0.999998;0.338510;-0.834261;0.851203;0.338521;-0.722375;0.749473;-0.338510;0.084642;-1.002074;0.952976;
8.000025;0.338497;-1.002038;0.999998;0.338497;-0.834238;0.851208;0.338508;-0.722360;0.749481;-0.338497;0.084638;-1.002040;0.952976;
8.000025;0.338486;-1.002008;0.999998;0.338486;-0.834218;0.851212;0.338497;-0.722347;0.749489;-0.338486;0.084636;-1.002010;0.952977;
8.000026;0.338474;-1.001978;0.999998;0.338474;-0.834199;0.851216;0.338485;-0.722335;0.749496;-0.338474;0.084633;-1.001980;0.952977;
8.000026;0.338463;-1.001948;0.999998;0.338463;-0.834179;0.851221;0.338474;-0.722322;0.749504;-0.338463;0.084630;-1.001950;0.952978;
8.000026;0.338451;-1.001918;0.999998;0.338451;-0.834159;0.851225;0.338462;-0.722309;0.749511;-0.338451;0.084627;-1.001921;0.952978;
8.000026;0.338440;-1.001888;0.999998;0.338440;-0.834139;0.851230;0.338451;-0.722296;0.749519;-0.338440;0.084624;-1.001891;0.952978;
8.000026;0.338428;-1.001858;0.999998;0.338428;-0.834120;0.851234;0.338439;-0.722283;0.749526;-0.338428;0.084621;-1.001861;0.952979;
8.000027;0.338417;-1.001828;0.999998;0.338417;-0.834100;0.851238;0.338428;-0.722270;0.749534;-0.338417;0.084618;-1.001831;0.952979;
8.000027;0.338405;-1.001799;0.999998;0.338405;-0.834080;0.851243;0.338416;-0.722257;0.749541;-0.338405;0.084615;-1.001801;0.952980;
8.000027;0.338394;-1.001769;0.999998;0.338394;-0.834060;0.851247;0.338405;-0.722244;0.749549;-0.338394;0.084613;-1.001771;0.952980;
8.000027;0.338382;-1.001739;0.999998;0.338382;-0.834041;0.851251;0.338394;-0.722231;0.749556;-0.338382;0.084610;-1.001741;0.952981;
8.000027;0.338371;-1.001709;0.999998;0.338371;-0.834021;0.851256;0.338382;-0.722218;0.749564;-0.338371;0.084607;-1.001711;0.952981;
8.000027;0.338359;-1.001679;0.999998;0.338359;-0.834001;0.851260;0.338371;-0.722205;0.749571;-0.338359;0.084604;-1.001681;0.952981;
8.000028;0.338348;-1.001649;0.999998;0.338348;-0.833981;0.851265;0.338359;-0.722192;0.749578;-0.338348;0.084601;-1.001651;0.952982;
8.000028;0.338336;-1.001619;0.999998;0.338336;-0.833962;0.851269;0.338348;-0.722179;0.749586;-0.338336;0.084598;-1.001621;0.952982;
8.000028;0.338313;-1.001559;0.999998;0.338313;-0.833922;0.851278;0.338325;-0.722153;0.749601;-0.338313;0.084592;-1.001562;0.952983;
8.000028;0.338291;-1.001499;0.999998;0.338291;-0.833883;0.851286;0.338302;-0.722127;0.749616;-0.338291;0.084587;-1.001502;0.952984;
8.000029;0.338268;-1.001440;0.999998;0.338268;-0.833843;0.851295;0.338279;-0.722101;0.749631;-0.338268;0.084581;-1.001442;0.952985;
8.000029;0.338245;-1.001380;0.999998;0.338245;-0.833804;0.851304;0.338256;-0.722075;0.749646;-0.338245;0.084575;-1.001382;0.952986;
8.000030;0.338222;-1.001320;0.999998;0.338222;-0.833764;0.851313;0.338233;-0.722049;0.749661;-0.338222;0.084570;-1.001322;0.952987;
8.000030;0.338199;-1.001260;0.999998;0.338199;-0.833724;0.851321;0.338210;-0.722023;0.749676;-0.338199;0.084564;-1.001263;0.952987;
8.000030;0.338176;-1.001200;0.999998;0.338176;-0.833685;0.851330;0.338187;-0.721997;0.749691;-0.338176;0.084558;-1.001203;0.952988;
8.000031;0.338130;-1.001081;0.999998;0.338130;-0.833606;0.851348;0.338141;-0.721945;0.749721;-0.338130;0.084547;-1.001083;0.952990;
8.000032;0.338084;-1.000961;0.999998;0.338084;-0.833527;0.851365;0.338095;-0.721893;0.749750;-0.338084;0.084535;-1.000964;0.952992;
8.000032;0.338038;-1.000842;0.999998;0.338038;-0.833448;0.851383;0.338049;-0.721841;0.749780;-0.338038;0.084524;-1.000844;0.952993;
8.000033;0.337992;-1.000722;0.999998;0.337992;-0.833369;0.851400;0.338003;-0.721789;0.749810;-0.337992;0.084512;-1.000724;0.952995;
8.000034;0.337900;-1.000483;0.999998;0.337900;-0.833211;0.851435;0.337912;-0.721685;0.749870;-0.337900;0.084489;-1.000485;0.952998;
8.000037;0.337717;-1.000005;0.999998;0.337717;-0.832895;0.851505;0.337728;-0.721477;0.749990;-0.337717;0.084443;-1.000007;0.953005;
8.000043;0.337350;-0.999049;0.999998;0.337350;-0.832263;0.851645;0.337361;-0.721061;0.750228;-0.337350;0.084352;-0.999051;0.953019;
8.000054;0.336617;-0.997139;0.999998;0.336617;-0.830999;0.851924;0.336628;-0.720228;0.750706;-0.336617;0.084168;-0.997141;0.953047;
8.000077;0.335154;-0.993327;0.999998;0.335154;-0.828472;0.852482;0.335165;-0.718558;0.751659;-0.335154;0.083802;-0.993329;0.953105;
8.000122;0.332237;-0.985732;0.999998;0.332237;-0.823424;0.853594;0.332248;-0.715208;0.753558;-0.332237;0.083073;-0.985734;0.953224;
8.000213;0.326449;-0.970657;0.999998;0.326449;-0.813345;0.855801;0.326459;-0.708460;0.757327;-0.326449;0.081626;-0.970660;0.953481;
8.000304;0.320695;-0.955701;0.999998;0.320695;-0.803269;0.857992;0.320705;-0.701638;0.761066;-0.320695;0.080187;-0.955703;0.953755;
8.000394;0.314978;-0.940862;0.999998;0.314978;-0.793195;0.860167;0.314988;-0.694743;0.764776;-0.314978;0.078758;-0.940864;0.954046;
8.000576;0.303613;-0.911462;0.999998;0.303613;-0.773020;0.864479;0.303622;-0.680716;0.772126;-0.303613;0.075916;-0.911464;0.954663;
8.000757;0.292384;-0.882490;0.999998;0.292384;-0.752846;0.868732;0.292393;-0.666411;0.779369;-0.292384;0.073108;-0.882491;0.955335;
8.000938;0.281326;-0.853964;0.999998;0.281326;-0.732705;0.872924;0.281334;-0.651856;0.786501;-0.281326;0.070343;-0.853966;0.956060;
8.001301;0.259779;-0.798250;0.999998;0.259779;-0.692546;0.881123;0.259786;-0.622070;0.800430;-0.259779;0.064956;-0.798251;0.957639;
8.001664;0.239036;-0.744266;0.999998;0.239036;-0.652606;0.889082;0.239042;-0.591492;0.813927;-0.239036;0.059769;-0.744268;0.959363;
8.002027;0.219153;-0.691959;0.999999;0.219153;-0.612935;0.896807;0.219159;-0.560245;0.827004;-0.219153;0.054798;-0.691960;0.961199;
8.002180;0.211034;-0.670370;0.999999;0.211034;-0.596287;0.900000;0.211039;-0.546882;0.832401;-0.211034;0.052768;-0.670371;0.961996;
8.002180;0.211032;-0.670371;0.999999;0.211032;-0.596281;0.900000;0.211037;-0.546883;0.832401;-0.211032;0.052767;-0.670372;0.961997;
8.002180;0.211032;-0.670370;0.999999;0.211032;-0.596280;0.900000;0.211037;-0.546882;0.832401;-0.211032;0.052767;-0.670371;0.961997;
8.002180;0.211028;-0.670359;0.999999;0.211028;-0.596272;0.900001;0.211033;-0.546875;0.832404;-0.211028;0.052766;-0.670360;0.961997;
8.002180;0.211024;-0.670348;0.999999;0.211024;-0.596264;0.900003;0.211029;-0.546869;0.832407;-0.211024;0.052765;-0.670349;0.961997;
8.002180;0.211016;-0.670327;0.999999;0.211016;-0.596247;0.900006;0.211021;-0.546855;0.832412;-0.211016;0.052763;-0.670328;0.961998;
8.002180;0.211000;-0.670283;0.999999;0.211000;-0.596213;0.900013;0.211005;-0.546828;0.832423;-0.211000;0.052759;-0.670284;0.962000;
8.002181;0.210967;-0.670196;0.999999;0.210967;-0.596146;0.900026;0.210972;-0.546773;0.832445;-0.210967;0.052751;-0.670197;0.962003;
8.002182;0.210902;-0.670022;0.999999;0.210902;-0.596011;0.900051;0.210907;-0.546665;0.832488;-0.210902;0.052735;-0.670023;0.962010;
8.002185;0.210771;-0.669675;0.999999;0.210771;-0.595741;0.900103;0.210776;-0.546447;0.832575;-0.210771;0.052702;-0.669676;0.962023;
8.002190;0.210511;-0.668979;0.999999;0.210511;-0.595202;0.900206;0.210516;-0.546012;0.832749;-0.210511;0.052637;-0.668980;0.962049;
8.002200;0.209990;-0.667590;0.999999;0.209990;-0.594124;0.900411;0.209995;-0.545142;0.833096;-0.209990;0.052507;-0.667591;0.962102;
8.002205;0.209730;-0.666895;0.999999;0.209730;-0.593585;0.900514;0.209735;-0.544706;0.833270;-0.209730;0.052442;-0.666896;0.962128;
8.002211;0.209377;-0.665953;0.999999;0.209377;-0.592853;0.900653;0.209382;-0.544115;0.833505;-0.209377;0.052354;-0.665954;0.962164;
8.002215;0.209201;-0.665482;0.999999;0.209201;-0.592487;0.900723;0.209206;-0.543819;0.833623;-0.209201;0.052309;-0.665483;0.962182;
8.002215;0.209172;-0.665406;0.999999;0.209172;-0.592428;0.900734;0.209177;-0.543771;0.833642;-0.209172;0.052302;-0.665407;0.962185;
8.002215;0.209158;-0.665368;0.999999;0.209158;-0.592398;0.900740;0.209163;-0.543747;0.833652;-0.209158;0.052299;-0.665369;0.962186;
8.002216;0.209129;-0.665291;0.999999;0.209129;-0.592339;0.900751;0.209134;-0.543699;0.833671;-0.209129;0.052292;-0.665292;0.962189;
8.002217;0.209101;-0.665215;0.999999;0.209101;-0.592280;0.900762;0.209106;-0.543651;0.833690;-0.209101;0.052284;-0.665216;0.962192;
8.002217;0.209072;-0.665138;0.999999;0.209072;-0.592220;0.900774;0.209077;-0.543603;0.833709;-0.209072;0.052277;-0.665139;0.962195;
8.002218;0.209044;-0.665062;0.999999;0.209044;-0.592161;0.900785;0.209049;-0.543555;0.833728;-0.209044;0.052270;-0.665063;0.962198;
8.002219;0.208986;-0.664909;0.999999;0.208986;-0.592042;0.900808;0.208991;-0.543459;0.833767;-0.208986;0.052256;-0.664910;0.962204;
8.002220;0.208929;-0.664756;0.999999;0.208929;-0.591923;0.900830;0.208934;-0.543363;0.833805;-0.208929;0.052241;-0.664757;0.962210;
8.002220;0.208901;-0.664680;0.999999;0.208901;-0.591864;0.900842;0.208906;-0.543315;0.833824;-0.208901;0.052234;-0.664681;0.962212;
8.002222;0.208844;-0.664527;0.999999;0.208844;-0.591745;0.900864;0.208848;-0.543219;0.833862;-0.208844;0.052220;-0.664528;0.962218;
8.002224;0.208729;-0.664222;0.999999;0.208729;-0.591508;0.900909;0.208734;-0.543027;0.833938;-0.208729;0.052191;-0.664223;0.962230;
8.002228;0.208501;-0.663611;0.999999;0.208501;-0.591033;0.901000;0.208506;-0.542643;0.834091;-0.208501;0.052134;-0.663612;0.962253;
8.002237;0.208045;-0.662391;0.999999;0.208045;-0.590084;0.901180;0.208049;-0.541874;0.834396;-0.208045;0.052020;-0.662392;0.962300;
8.002254;0.207135;-0.659953;0.999999;0.207135;-0.588186;0.901541;0.207139;-0.540337;0.835006;-0.207135;0.051793;-0.659954;0.962393;
8.002289;0.205324;-0.655093;0.999999;0.205324;-0.584397;0.902260;0.205329;-0.537262;0.836221;-0.205324;0.051340;-0.655094;0.962580;
8.002359;0.201742;-0.645429;0.999999;0.201742;-0.576837;0.903691;0.201747;-0.531105;0.838637;-0.201742;0.050444;-0.645430;0.962956;
8.002430;0.198195;-0.635825;0.999999;0.198195;-0.569291;0.905113;0.198200;-0.524931;0.841038;-0.198195;0.049558;-0.635825;0.963334;
8.002500;0.194684;-0.626277;0.999999;0.194684;-0.561758;0.906527;0.194688;-0.518742;0.843425;-0.194684;0.048680;-0.626278;0.963713;
8.002640;0.187735;-0.607320;0.999999;0.187735;-0.546707;0.909337;0.187739;-0.506295;0.848164;-0.187735;0.046942;-0.607321;0.964474;
8.002780;0.180912;-0.588572;0.999999;0.180912;-0.531700;0.912117;0.180916;-0.493782;0.852851;-0.180912;0.045236;-0.588573;0.965238;
8.003060;0.167700;-0.551748;0.999999;0.167700;-0.501866;0.917581;0.167704;-0.468607;0.862058;-0.167700;0.041933;-0.551749;0.966773;
8.003340;0.155064;-0.515793;0.999999;0.155064;-0.472280;0.922923;0.155067;-0.443268;0.871047;-0.155064;0.038773;-0.515793;0.968309;
8.003621;0.143007;-0.480685;0.999999;0.143007;-0.442959;0.928144;0.143010;-0.417805;0.879824;-0.143007;0.035758;-0.480686;0.969839;
8.003901;0.131531;-0.446403;0.999999;0.131531;-0.413917;0.933247;0.131533;-0.392257;0.888395;-0.131531;0.032889;-0.446403;0.971354;
8.004181;0.120630;-0.412924;0.999999;0.120630;-0.385166;0.938235;0.120632;-0.366658;0.896765;-0.120630;0.030163;-0.412924;0.972849;
8.004461;0.110300;-0.380227;0.999999;0.110300;-0.356717;0.943110;0.110302;-0.341040;0.904940;-0.110300;0.027580;-0.380227;0.974316;
8.004742;0.100531;-0.348289;0.999999;0.100531;-0.328579;0.947876;0.100532;-0.315435;0.912924;-0.100531;0.025137;-0.348290;0.975753;
8.005022;0.091313;-0.317091;0.999999;0.091313;-0.300760;0.952534;0.091314;-0.289869;0.920724;-0.091313;0.022832;-0.317092;0.977153;
8.005302;0.082633;-0.286613;0.999999;0.082633;-0.273269;0.957088;0.082634;-0.264368;0.928344;-0.082633;0.020662;-0.286613;0.978514;
8.005583;0.074479;-0.256835;0.999999;0.074479;-0.246111;0.961539;0.074479;-0.238957;0.935789;-0.074479;0.018623;-0.256835;0.979832;
8.005863;0.066837;-0.227752;1.000000;0.066837;-0.219303;0.965889;0.066838;-0.213667;0.943060;-0.066837;0.016712;-0.227752;0.981106;
8.005863;0.066837;-0.227752;1.000000;0.066837;-0.219303;0.965889;0.066838;-0.213666;0.943060;-0.066837;0.016712;-0.227752;0.981106;
8.005864;0.066803;-0.227626;1.000000;0.066803;-0.219184;0.965908;0.066804;-0.213556;0.943091;-0.066803;0.016704;-0.227626;0.981111;
8.005865;0.066771;-0.227499;1.000000;0.066771;-0.219067;0.965927;0.066771;-0.213445;0.943123;-0.066771;0.016696;-0.227499;0.981117;
8.005868;0.066706;-0.227246;1.000000;0.066706;-0.218833;0.965964;0.066707;-0.213223;0.943186;-0.066706;0.016680;-0.227246;0.981128;
8.005873;0.066576;-0.226740;1.000000;0.066576;-0.218364;0.966040;0.066577;-0.212779;0.943313;-0.066576;0.016647;-0.226740;0.981150;
8.005882;0.066317;-0.225729;1.000000;0.066317;-0.217426;0.966191;0.066318;-0.211891;0.943566;-0.066317;0.016582;-0.225729;0.981194;
8.005902;0.065801;-0.223709;1.000000;0.065801;-0.215553;0.966494;0.065801;-0.210115;0.944071;-0.065801;0.016453;-0.223710;0.981282;
8.005942;0.064775;-0.219680;1.000000;0.064775;-0.211811;0.967096;0.064776;-0.206565;0.945078;-0.064775;0.016197;-0.219680;0.981457;
8.006021;0.062754;-0.211659;1.000000;0.062754;-0.204349;0.968296;0.062754;-0.199474;0.947083;-0.062754;0.015691;-0.211659;0.981803;
8.006178;0.058824;-0.195773;1.000000;0.058824;-0.189505;0.970674;0.058825;-0.185326;0.951055;-0.058824;0.014709;-0.195773;0.982486;
8.006494;0.051408;-0.164608;1.000000;0.051408;-0.160148;0.975339;0.051408;-0.157173;0.958846;-0.051408;0.012854;-0.164608;0.983805;
8.006810;0.044566;-0.134237;1.000000;0.044566;-0.131236;0.979887;0.044566;-0.129235;0.966440;-0.044566;0.011143;-0.134237;0.985062;
8.007126;0.038276;-0.104637;1.000000;0.038276;-0.102775;0.984321;0.038276;-0.101533;0.973840;-0.038276;0.009571;-0.104637;0.986257;
8.007441;0.032511;-0.075787;1.000000;0.032511;-0.074768;0.988644;0.032511;-0.074087;0.981053;-0.032511;0.008129;-0.075787;0.987389;
8.007757;0.027246;-0.047667;1.000000;0.027246;-0.047216;0.992858;0.027246;-0.046914;0.988083;-0.027246;0.006812;-0.047667;0.988459;
8.008073;0.022452;-0.020257;1.000000;0.022452;-0.020121;0.996967;0.022452;-0.020029;0.994936;-0.022452;0.005614;-0.020257;0.989468;
8.008389;0.018105;0.006462;1.000000;0.018105;0.006516;1.000973;0.018105;0.006555;1.001616;-0.018105;0.004526;0.006462;0.990417;
8.008663;0.014674;0.029104;1.000000;0.014674;0.029264;1.004368;0.014674;0.029370;1.007277;-0.014674;0.003668;0.029104;0.991193;
8.008937;0.011543;0.051254;1.000000;0.011543;0.051667;1.007690;0.011543;0.051944;1.012814;-0.011543;0.002885;0.051254;0.991925;
8.009211;0.008694;0.072920;1.000000;0.008694;0.073728;1.010939;0.008694;0.074268;1.018231;-0.008694;0.002173;0.072920;0.992616;
8.009485;0.006110;0.094114;1.000000;0.006110;0.095447;1.014118;0.006111;0.096337;1.023530;-0.006110;0.001527;0.094114;0.993265;
8.009759;0.003778;0.114846;1.000000;0.003778;0.116826;1.017227;0.003778;0.118147;1.028713;-0.003778;0.000943;0.114846;0.993875;
8.010033;0.001680;0.135128;1.000000;0.001680;0.137867;1.020269;0.001680;0.139694;1.033784;-0.001680;0.000419;0.135128;0.994446;
8.010307;-0.000197;0.154968;1.000000;-0.000197;0.158570;1.023245;-0.000197;0.160972;1.038744;0.000197;-0.000051;0.154968;0.994981;
8.010581;-0.001868;0.174377;1.000000;-0.001868;0.178939;1.026157;-0.001868;0.181980;1.043596;0.001868;-0.000469;0.174377;0.995480;
8.010855;-0.003347;0.193365;1.000000;-0.003347;0.198975;1.029005;-0.003347;0.202716;1.048344;0.003347;-0.000839;0.193365;0.995946;
8.011129;-0.004649;0.211941;1.000000;-0.004649;0.218682;1.031792;-0.004649;0.223177;1.052988;0.004649;-0.001164;0.211941;0.996379;
8.011403;-0.005786;0.230114;1.000000;-0.005786;0.238062;1.034518;-0.005786;0.243362;1.057531;0.005786;-0.001449;0.230114;0.996781;
8.011677;-0.006770;0.247893;1.000001;-0.006770;0.257117;1.037185;-0.006769;0.263268;1.061976;0.006770;-0.001695;0.247893;0.997153;
8.011951;-0.007612;0.265287;1.000001;-0.007612;0.275851;1.039794;-0.007611;0.282896;1.066325;0.007612;-0.001906;0.265287;0.997497;
8.012225;-0.008325;0.282303;1.000001;-0.008325;0.294267;1.042347;-0.008324;0.302245;1.070579;0.008325;-0.002084;0.282303;0.997815;
8.012499;-0.008917;0.298950;1.000001;-0.008917;0.312367;1.044844;-0.008917;0.321314;1.074741;0.008917;-0.002232;0.298950;0.998108;
8.012773;-0.009401;0.315237;1.000001;-0.009401;0.330155;1.047287;-0.009400;0.340103;1.078813;0.009401;-0.002353;0.315236;0.998376;
8.012910;-0.009604;0.323246;1.000001;-0.009604;0.338933;1.048488;-0.009603;0.349392;1.080815;0.009604;-0.002404;0.323245;0.998502;
8.013014;-0.009742;0.329265;1.000001;-0.009742;0.345542;1.049391;-0.009741;0.356394;1.082320;0.009742;-0.002439;0.329265;0.998593;
8.013014;-0.009742;0.329281;1.000001;-0.009742;0.345559;1.049394;-0.009741;0.356412;1.082324;0.009742;-0.002439;0.329280;0.998594;
8.013015;-0.009743;0.329311;1.000001;-0.009743;0.345593;1.049398;-0.009742;0.356448;1.082332;0.009743;-0.002439;0.329311;0.998594;
8.013016;-0.009744;0.329373;1.000001;-0.009744;0.345660;1.049408;-0.009743;0.356519;1.082347;0.009744;-0.002439;0.329373;0.998595;
8.013018;-0.009747;0.329496;1.000001;-0.009747;0.345795;1.049426;-0.009746;0.356663;1.082378;0.009747;-0.002440;0.329496;0.998597;
8.013022;-0.009752;0.329740;1.000001;-0.009752;0.346064;1.049463;-0.009751;0.356947;1.082439;0.009752;-0.002441;0.329740;0.998601;
8.013031;-0.009763;0.330226;1.000001;-0.009763;0.346597;1.049535;-0.009762;0.357513;1.082560;0.009763;-0.002444;0.330225;0.998608;
8.013048;-0.009783;0.331179;1.000001;-0.009783;0.347646;1.049679;-0.009782;0.358624;1.082799;0.009783;-0.002449;0.331179;0.998623;
8.013082;-0.009823;0.333024;1.000001;-0.009823;0.349674;1.049955;-0.009822;0.360775;1.083260;0.009823;-0.002459;0.333024;0.998652;
8.013151;-0.009897;0.336475;1.000001;-0.009897;0.353472;1.050473;-0.009896;0.364805;1.084123;0.009897;-0.002478;0.336475;0.998709;
8.013219;-0.009966;0.339703;1.000001;-0.009966;0.357027;1.050957;-0.009965;0.368578;1.084930;0.009966;-0.002495;0.339702;0.998764;
8.013288;-0.010029;0.342719;1.000001;-0.010029;0.360353;1.051410;-0.010028;0.372110;1.085684;0.010029;-0.002511;0.342719;0.998818;
8.013425;-0.010143;0.348297;1.000001;-0.010143;0.366509;1.052246;-0.010141;0.378652;1.087078;0.010143;-0.002539;0.348297;0.998924;
8.013562;-0.010237;0.353190;1.000001;-0.010237;0.371917;1.052980;-0.010236;0.384403;1.088302;0.010237;-0.002563;0.353190;0.999025;
8.013837;-0.010368;0.361182;1.000001;-0.010368;0.380766;1.054179;-0.010367;0.393823;1.090300;0.010368;-0.002596;0.361182;0.999213;
8.014111;-0.010430;0.367128;1.000001;-0.010430;0.387361;1.055071;-0.010428;0.400852;1.091786;0.010430;-0.002611;0.367128;0.999384;
8.014385;-0.010428;0.371447;1.000001;-0.010428;0.392158;1.055719;-0.010426;0.405969;1.092866;0.010428;-0.002611;0.371447;0.999538;
8.014660;-0.010370;0.374496;1.000001;-0.010370;0.395547;1.056176;-0.010368;0.409586;1.093628;0.010370;-0.002596;0.374495;0.999677;
8.014934;-0.010263;0.376560;1.000001;-0.010263;0.397844;1.056486;-0.010261;0.412037;1.094144;0.010263;-0.002570;0.376559;0.999802;
8.015209;-0.010112;0.377865;1.000001;-0.010112;0.399297;1.056682;-0.010111;0.413587;1.094471;0.010112;-0.002532;0.377865;0.999913;
8.015483;-0.009925;0.378588;1.000001;-0.009925;0.400101;1.056790;-0.009924;0.414446;1.094651;0.009925;-0.002485;0.378588;1.000012;
8.015757;-0.009707;0.378865;1.000001;-0.009707;0.400409;1.056831;-0.009705;0.414774;1.094721;0.009707;-0.002431;0.378864;1.000099;
8.016032;-0.009461;0.378801;1.000001;-0.009461;0.400338;1.056822;-0.009460;0.414698;1.094705;0.009461;-0.002369;0.378801;1.000176;
8.016580;-0.008913;0.378029;1.000001;-0.008913;0.399477;1.056706;-0.008912;0.413777;1.094512;0.008913;-0.002232;0.378029;1.000302;
8.017129;-0.008307;0.376630;1.000001;-0.008307;0.397918;1.056496;-0.008305;0.412112;1.094162;0.008307;-0.002081;0.376630;1.000394;
8.017678;-0.007666;0.374869;1.000001;-0.007666;0.395957;1.056232;-0.007665;0.410017;1.093722;0.007666;-0.001920;0.374869;1.000459;
8.018226;-0.007011;0.372919;1.000001;-0.007011;0.393787;1.055939;-0.007010;0.407700;1.093234;0.007011;-0.001757;0.372919;1.000501;
8.018775;-0.006359;0.370888;1.000001;-0.006359;0.391528;1.055634;-0.006357;0.405289;1.092726;0.006359;-0.001593;0.370888;1.000524;
8.019324;-0.005721;0.368838;1.000001;-0.005721;0.389249;1.055327;-0.005719;0.402858;1.092214;0.005721;-0.001434;0.368838;1.000531;
8.019873;-0.005107;0.366805;1.000001;-0.005107;0.386991;1.055022;-0.005106;0.400449;1.091705;0.005107;-0.001281;0.366804;1.000527;
8.020970;-0.003983;0.362868;1.000001;-0.003983;0.382621;1.054431;-0.003982;0.395791;1.090721;0.003983;-0.001000;0.362867;1.000495;
8.022067;-0.003010;0.359123;1.000001;-0.003010;0.378470;1.053869;-0.003009;0.391369;1.089785;0.003010;-0.000756;0.359123;1.000441;
8.022386;-0.002758;0.358076;1.000001;-0.002758;0.377310;1.053712;-0.002756;0.390133;1.089523;0.002758;-0.000693;0.358075;1.000424;
8.022389;-0.002755;0.358066;1.000001;-0.002755;0.377299;1.053711;-0.002754;0.390122;1.089521;0.002755;-0.000692;0.358065;1.000423;
8.022395;-0.002751;0.358046;1.000001;-0.002751;0.377276;1.053708;-0.002749;0.390098;1.089516;0.002751;-0.000691;0.358046;1.000423;
8.022407;-0.002741;0.358006;1.000001;-0.002741;0.377232;1.053702;-0.002740;0.390051;1.089506;0.002741;-0.000689;0.358006;1.000422;
8.022432;-0.002722;0.357926;1.000001;-0.002722;0.377144;1.053690;-0.002721;0.389957;1.089486;0.002722;-0.000684;0.357926;1.000421;
8.022481;-0.002685;0.357767;1.000001;-0.002685;0.376968;1.053666;-0.002684;0.389770;1.089446;0.002685;-0.000675;0.357767;1.000418;
8.022579;-0.002612;0.357451;1.000001;-0.002612;0.376618;1.053618;-0.002611;0.389397;1.089367;0.002612;-0.000657;0.357451;1.000412;
8.022774;-0.002471;0.356826;1.000001;-0.002471;0.375926;1.053525;-0.002470;0.388660;1.089211;0.002471;-0.000621;0.356826;1.000400;
8.023166;-0.002209;0.355603;1.000001;-0.002209;0.374572;1.053341;-0.002208;0.387219;1.088905;0.002209;-0.000556;0.355603;1.000376;
8.023557;-0.001968;0.354408;1.000001;-0.001968;0.373249;1.053162;-0.001966;0.385811;1.088606;0.001968;-0.000495;0.354408;1.000352;
8.023949;-0.001745;0.353238;1.000001;-0.001745;0.371955;1.052986;-0.001744;0.384435;1.088314;0.001745;-0.000440;0.353238;1.000329;
8.024731;-0.001342;0.350959;1.000001;-0.001342;0.369435;1.052645;-0.001341;0.381754;1.087744;0.001342;-0.000339;0.350959;1.000284;
8.025514;-0.001003;0.348773;1.000001;-0.001003;0.367019;1.052317;-0.001002;0.379185;1.087197;0.001003;-0.000254;0.348772;1.000241;
8.027080;-0.000491;0.344677;1.000001;-0.000491;0.362497;1.051702;-0.000489;0.374378;1.086173;0.000491;-0.000126;0.344676;1.000168;
8.028646;-0.000162;0.340929;1.000001;-0.000162;0.358364;1.051140;-0.000161;0.369988;1.085236;0.000162;-0.000044;0.340929;1.000110;
8.030211;0.000029;0.337504;1.000001;0.000029;0.354591;1.050626;0.000030;0.365983;1.084380;-0.000029;0.000004;0.337504;1.000068;
8.031777;0.000125;0.334378;1.000001;0.000125;0.351150;1.050157;0.000126;0.362332;1.083599;-0.000125;0.000028;0.334378;1.000038;
8.033343;0.000160;0.331527;1.000001;0.000160;0.348014;1.049730;0.000161;0.359006;1.082886;-0.000160;0.000037;0.331527;1.000019;
8.034908;0.000159;0.328929;1.000001;0.000159;0.345158;1.049340;0.000160;0.355979;1.082236;-0.000159;0.000037;0.328929;1.000008;
8.036474;0.000140;0.326564;1.000001;0.000140;0.342561;1.048985;0.000141;0.353226;1.081645;-0.000140;0.000032;0.326564;1.000002;
8.038040;0.000115;0.324413;1.000001;0.000115;0.340199;1.048663;0.000116;0.350725;1.081107;-0.000115;0.000025;0.324413;1.000000;
8.039605;0.000089;0.322458;1.000001;0.000089;0.338055;1.048369;0.000090;0.348454;1.080618;-0.000089;0.000019;0.322458;1.000000;
8.041343;0.000064;0.320491;1.000001;0.000064;0.335899;1.048074;0.000065;0.346171;1.080127;-0.000064;0.000013;0.320491;1.000002;
8.041343;0.000064;0.320491;1.000001;0.000064;0.335898;1.048074;0.000065;0.346170;1.080127;-0.000064;0.000013;0.320491;1.000002;
8.041353;0.000064;0.320480;1.000001;0.000064;0.335887;1.048073;0.000065;0.346158;1.080124;-0.000064;0.000013;0.320480;1.000002;
8.041362;0.000064;0.320470;1.000001;0.000064;0.335875;1.048071;0.000065;0.346146;1.080121;-0.000064;0.000013;0.320470;1.000002;
8.041382;0.000064;0.320449;1.000001;0.000064;0.335852;1.048068;0.000065;0.346122;1.080116;-0.000064;0.000013;0.320449;1.000002;
8.041421;0.000063;0.320406;1.000001;0.000063;0.335805;1.048062;0.000064;0.346072;1.080105;-0.000063;0.000013;0.320406;1.000002;
8.041498;0.000062;0.320319;1.000001;0.000062;0.335709;1.048048;0.000063;0.345971;1.080083;-0.000062;0.000012;0.320318;1.000002;
8.041653;0.000060;0.320135;1.000001;0.000060;0.335508;1.048021;0.000061;0.345758;1.080038;-0.000060;0.000012;0.320135;1.000002;
8.041963;0.000057;0.319742;1.000001;0.000057;0.335077;1.047962;0.000058;0.345301;1.079939;-0.000057;0.000011;0.319741;1.000002;
8.042584;0.000051;0.318881;1.000001;0.000051;0.334134;1.047833;0.000052;0.344303;1.079724;-0.000051;0.000009;0.318881;1.000003;
8.043204;0.000045;0.317974;1.000001;0.000045;0.333140;1.047697;0.000046;0.343251;1.079497;-0.000045;0.000008;0.317973;1.000004;
8.043824;0.000041;0.317039;1.000001;0.000041;0.332116;1.047557;0.000042;0.342169;1.079264;-0.000041;0.000007;0.317039;1.000004;
8.045065;0.000033;0.315152;1.000001;0.000033;0.330050;1.047273;0.000034;0.339983;1.078792;-0.000033;0.000005;0.315152;1.000005;
8.046305;0.000028;0.313271;1.000001;0.000028;0.327992;1.046991;0.000029;0.337807;1.078321;-0.000028;0.000004;0.313271;1.000006;
8.047546;0.000024;0.311449;1.000001;0.000024;0.325999;1.046718;0.000025;0.335700;1.077866;-0.000024;0.000003;0.311449;1.000007;
8.050027;0.000020;0.308128;1.000001;0.000020;0.322369;1.046220;0.000021;0.331865;1.077036;-0.000020;0.000002;0.308128;1.000008;
8.052181;0.000020;0.305603;1.000001;0.000020;0.319612;1.045841;0.000021;0.328952;1.076404;-0.000020;0.000002;0.305603;1.000008;
8.052186;0.000020;0.305598;1.000001;0.000020;0.319606;1.045840;0.000021;0.328946;1.076403;-0.000020;0.000002;0.305598;1.000008;
8.052191;0.000020;0.305593;1.000001;0.000020;0.319601;1.045840;0.000021;0.328941;1.076402;-0.000020;0.000002;0.305593;1.000008;
8.052200;0.000020;0.305583;1.000001;0.000020;0.319590;1.045838;0.000021;0.328929;1.076399;-0.000020;0.000002;0.305583;1.000008;
8.052218;0.000020;0.305563;1.000001;0.000020;0.319568;1.045835;0.000021;0.328906;1.076394;-0.000020;0.000002;0.305562;1.000008;
8.052255;0.000020;0.305522;1.000001;0.000020;0.319524;1.045829;0.000021;0.328859;1.076384;-0.000020;0.000002;0.305522;1.000008;
8.052329;0.000020;0.305442;1.000001;0.000020;0.319436;1.045817;0.000021;0.328766;1.076364;-0.000020;0.000002;0.305442;1.000008;
8.052477;0.000020;0.305282;1.000001;0.000020;0.319262;1.045793;0.000021;0.328583;1.076324;-0.000020;0.000002;0.305282;1.000008;
8.052772;0.000020;0.304968;1.000001;0.000020;0.318919;1.045746;0.000021;0.328221;1.076246;-0.000020;0.000002;0.304968;1.000008;
8.053363;0.000020;0.304361;1.000001;0.000020;0.318256;1.045655;0.000021;0.327521;1.076094;-0.000020;0.000002;0.304361;1.000008;
8.054546;0.000021;0.303222;1.000001;0.000021;0.317014;1.045484;0.000022;0.326209;1.075809;-0.000021;0.000002;0.303222;1.000008;
8.056910;0.000022;0.301219;1.000001;0.000022;0.314829;1.045184;0.000023;0.323904;1.075308;-0.000022;0.000002;0.301219;1.000008;
8.059274;0.000023;0.299549;1.000001;0.000023;0.313009;1.044933;0.000024;0.321983;1.074891;-0.000023;0.000003;0.299549;1.000008;
8.061639;0.000024;0.298170;1.000001;0.000024;0.311506;1.044726;0.000025;0.320397;1.074546;-0.000024;0.000003;0.298170;1.000008;
8.064003;0.000024;0.297044;1.000001;0.000024;0.310280;1.044557;0.000025;0.319104;1.074265;-0.000024;0.000003;0.297044;1.000008;
8.066367;0.000024;0.296139;1.000001;0.000024;0.309293;1.044421;0.000025;0.318064;1.074038;-0.000024;0.000003;0.296139;1.000008;
8.068732;0.000024;0.295425;1.000001;0.000024;0.308516;1.044314;0.000025;0.317245;1.073860;-0.000024;0.000003;0.295425;1.000007;
8.071096;0.000024;0.294878;1.000001;0.000024;0.307921;1.044232;0.000025;0.316617;1.073723;-0.000024;0.000003;0.294878;1.000007;
8.073460;0.000024;0.294476;1.000001;0.000024;0.307483;1.044172;0.000025;0.316156;1.073623;-0.000024;0.000003;0.294476;1.000007;
8.075825;0.000024;0.294200;1.000001;0.000024;0.307183;1.044131;0.000024;0.315839;1.073553;-0.000024;0.000003;0.294200;1.000007;
8.078189;0.000023;0.294033;1.000001;0.000023;0.307001;1.044105;0.000024;0.315647;1.073512;-0.000023;0.000003;0.294032;1.000007;
8.080553;0.000023;0.293960;1.000001;0.000023;0.306922;1.044095;0.000024;0.315564;1.073494;-0.000023;0.000003;0.293960;1.000007;
8.082918;0.000023;0.293969;1.000001;0.000023;0.306932;1.044096;0.000023;0.315575;1.073496;-0.000023;0.000003;0.293969;1.000007;
8.085282;0.000022;0.294049;1.000001;0.000022;0.307019;1.044108;0.000023;0.315666;1.073516;-0.000022;0.000003;0.294049;1.000007;
8.087646;0.000022;0.294190;1.000001;0.000022;0.307172;1.044129;0.000023;0.315828;1.073551;-0.000022;0.000003;0.294190;1.000006;
8.090011;0.000022;0.294384;1.000001;0.000022;0.307383;1.044158;0.000022;0.316050;1.073599;-0.000022;0.000002;0.294384;1.000006;
8.092375;0.000021;0.294623;1.000001;0.000021;0.307643;1.044194;0.000022;0.316324;1.073659;-0.000021;0.000002;0.294622;1.000006;
8.094739;0.000021;0.294900;1.000001;0.000021;0.307945;1.044236;0.000022;0.316643;1.073729;-0.000021;0.000002;0.294900;1.000006;
8.097104;0.000020;0.295211;1.000001;0.000020;0.308284;1.044282;0.000021;0.316999;1.073806;-0.000020;0.000002;0.295211;1.000006;
8.099468;0.000020;0.295550;1.000001;0.000020;0.308653;1.044333;0.000021;0.317389;1.073891;-0.000020;0.000002;0.295550;1.000006;
8.101832;0.000019;0.295914;1.000001;0.000019;0.309048;1.044388;0.000020;0.317806;1.073982;-0.000019;0.000002;0.295914;1.000006;
8.102178;0.000019;0.295969;1.000001;0.000019;0.309108;1.044396;0.000020;0.317869;1.073996;-0.000019;0.000002;0.295968;1.000006;
8.102179;0.000021;0.295969;1.000001;0.000021;0.309108;1.044396;0.000021;0.317869;1.073996;-0.000021;0.000002;0.295969;1.000006;
8.102180;0.000022;0.295969;1.000001;0.000022;0.309108;1.044396;0.000023;0.317869;1.073996;-0.000022;0.000002;0.295969;1.000007;
8.102181;0.000024;0.295969;1.000001;0.000024;0.309109;1.044396;0.000025;0.317869;1.073996;-0.000024;0.000003;0.295969;1.000008;
8.102184;0.000029;0.295970;1.000001;0.000029;0.309109;1.044396;0.000030;0.317870;1.073996;-0.000029;0.000004;0.295969;1.000010;
8.102190;0.000038;0.295970;1.000001;0.000038;0.309110;1.044396;0.000039;0.317871;1.073996;-0.000038;0.000007;0.295970;1.000014;
8.102202;0.000057;0.295972;1.000001;0.000057;0.309112;1.044396;0.000058;0.317873;1.073997;-0.000057;0.000011;0.295972;1.000023;
8.102225;0.000097;0.295976;1.000001;0.000097;0.309116;1.044397;0.000098;0.317877;1.073998;-0.000097;0.000021;0.295976;1.000040;
8.102272;0.000184;0.295984;1.000001;0.000184;0.309125;1.044398;0.000185;0.317886;1.073999;-0.000184;0.000043;0.295983;1.000077;
8.102366;0.000384;0.295999;1.000001;0.000384;0.309141;1.044400;0.000384;0.317903;1.074003;-0.000384;0.000093;0.295999;1.000156;
8.102553;0.000886;0.296029;1.000001;0.000886;0.309174;1.044405;0.000887;0.317938;1.074011;-0.000886;0.000219;0.296029;1.000337;
8.102741;0.001522;0.296059;1.000001;0.001522;0.309207;1.044410;0.001523;0.317974;1.074018;-0.001522;0.000378;0.296059;1.000543;
8.103116;0.003162;0.296120;1.000001;0.003162;0.309275;1.044419;0.003163;0.318045;1.074034;-0.003162;0.000788;0.296120;1.000997;
8.103453;0.005026;0.296175;1.000001;0.005026;0.309337;1.044427;0.005027;0.318112;1.074047;-0.005026;0.001254;0.296175;1.001434;
8.103790;0.007210;0.296229;1.000001;0.007210;0.309400;1.044436;0.007211;0.318181;1.074061;-0.007210;0.001800;0.296229;1.001872;
8.104128;0.009664;0.296283;1.000001;0.009664;0.309465;1.044444;0.009665;0.318253;1.074074;-0.009664;0.002413;0.296283;1.002292;
8.104465;0.012341;0.296335;1.000001;0.012341;0.309531;1.044453;0.012342;0.318328;1.074088;-0.012341;0.003082;0.296335;1.002680;
8.104803;0.015195;0.296386;1.000001;0.015195;0.309598;1.044461;0.015195;0.318406;1.074100;-0.015195;0.003796;0.296386;1.003027;
8.105140;0.018180;0.296436;1.000001;0.018180;0.309666;1.044470;0.018180;0.318488;1.074113;-0.018180;0.004542;0.296435;1.003328;
8.105478;0.021260;0.296483;1.000001;0.021260;0.309736;1.044478;0.021261;0.318572;1.074124;-0.021260;0.005312;0.296483;1.003581;
8.105815;0.024403;0.296528;1.000001;0.024403;0.309807;1.044486;0.024404;0.318660;1.074136;-0.024403;0.006098;0.296528;1.003787;
8.106153;0.027582;0.296571;1.000001;0.027582;0.309878;1.044494;0.027583;0.318750;1.074146;-0.027582;0.006893;0.296571;1.003948;
8.106286;0.028843;0.296587;1.000001;0.028843;0.309907;1.044498;0.028844;0.318787;1.074151;-0.028843;0.007208;0.296587;1.004000;
8.106289;0.028873;0.296588;1.000001;0.028873;0.309907;1.044498;0.028874;0.318788;1.074151;-0.028873;0.007216;0.296587;1.004001;
8.106293;0.028903;0.296588;1.000001;0.028903;0.309908;1.044498;0.028904;0.318789;1.074151;-0.028903;0.007223;0.296588;1.004002;
8.106299;0.028963;0.296589;1.000001;0.028963;0.309909;1.044498;0.028964;0.318790;1.074151;-0.028963;0.007238;0.296588;1.004005;
8.106311;0.029082;0.296590;1.000001;0.029082;0.309912;1.044498;0.029083;0.318794;1.074151;-0.029082;0.007268;0.296590;1.004009;
8.106337;0.029322;0.296593;1.000001;0.029322;0.309917;1.044499;0.029323;0.318801;1.074152;-0.029322;0.007328;0.296593;1.004018;
8.106387;0.029801;0.296599;1.000001;0.029801;0.309928;1.044500;0.029801;0.318815;1.074154;-0.029801;0.007448;0.296599;1.004035;
8.106488;0.030758;0.296611;1.000001;0.030758;0.309950;1.044502;0.030759;0.318843;1.074157;-0.030758;0.007687;0.296611;1.004066;
8.106690;0.032669;0.296634;1.000001;0.032669;0.309993;1.044507;0.032670;0.318900;1.074162;-0.032669;0.008165;0.296634;1.004120;
8.107094;0.036469;0.296678;1.000001;0.036469;0.310080;1.044517;0.036470;0.319016;1.074173;-0.036469;0.009115;0.296678;1.004193;
8.107147;0.036970;0.296684;1.000001;0.036970;0.310092;1.044518;0.036971;0.319031;1.074175;-0.036970;0.009240;0.296683;1.004200;
8.107151;0.037004;0.296684;1.000001;0.037004;0.310092;1.044518;0.037005;0.319032;1.074175;-0.037004;0.009248;0.296684;1.004200;
8.107155;0.037037;0.296684;1.000001;0.037037;0.310093;1.044518;0.037038;0.319033;1.074175;-0.037037;0.009257;0.296684;1.004201;
8.107162;0.037104;0.296685;1.000001;0.037104;0.310095;1.044518;0.037105;0.319036;1.074175;-0.037104;0.009274;0.296685;1.004202;
8.107176;0.037238;0.296686;1.000001;0.037238;0.310098;1.044518;0.037239;0.319040;1.074176;-0.037238;0.009307;0.296686;1.004203;
8.107205;0.037505;0.296689;1.000001;0.037505;0.310104;1.044519;0.037506;0.319048;1.074176;-0.037505;0.009374;0.296689;1.004206;
8.107262;0.038038;0.296695;1.000001;0.038038;0.310116;1.044520;0.038039;0.319065;1.074178;-0.038038;0.009507;0.296695;1.004211;
8.107376;0.039102;0.296707;1.000001;0.039102;0.310141;1.044523;0.039103;0.319098;1.074181;-0.039102;0.009773;0.296706;1.004220;
8.107604;0.041218;0.296729;1.000001;0.041218;0.310191;1.044528;0.041219;0.319166;1.074186;-0.041218;0.010302;0.296728;1.004230;
8.108061;0.045401;0.296770;1.000001;0.045401;0.310290;1.044538;0.045402;0.319304;1.074196;-0.045401;0.011348;0.296770;1.004228;
8.108518;0.049517;0.296807;1.000001;0.049517;0.310389;1.044548;0.049518;0.319445;1.074206;-0.049517;0.012377;0.296807;1.004202;
8.108552;0.049823;0.296810;1.000001;0.049823;0.310396;1.044549;0.049824;0.319455;1.074206;-0.049823;0.012453;0.296810;1.004200;
8.108556;0.049861;0.296810;1.000001;0.049861;0.310397;1.044549;0.049862;0.319456;1.074207;-0.049861;0.012463;0.296810;1.004200;
8.108560;0.049899;0.296810;1.000001;0.049899;0.310398;1.044549;0.049899;0.319458;1.074207;-0.049899;0.012472;0.296810;1.004199;
8.108569;0.049974;0.296811;1.000001;0.049974;0.310400;1.044549;0.049975;0.319460;1.074207;-0.049974;0.012491;0.296811;1.004199;
8.108586;0.050124;0.296812;1.000001;0.050124;0.310404;1.044549;0.050125;0.319466;1.074207;-0.050124;0.012529;0.296812;1.004197;
8.108619;0.050424;0.296815;1.000001;0.050424;0.310411;1.044550;0.050425;0.319476;1.074208;-0.050424;0.012604;0.296815;1.004194;
8.108687;0.051023;0.296820;1.000001;0.051023;0.310426;1.044552;0.051024;0.319497;1.074209;-0.051023;0.012753;0.296820;1.004188;
8.108821;0.052217;0.296830;1.000001;0.052217;0.310455;1.044554;0.052218;0.319539;1.074212;-0.052217;0.013052;0.296830;1.004176;
8.109091;0.054590;0.296849;1.000001;0.054590;0.310514;1.044560;0.054591;0.319624;1.074216;-0.054590;0.013645;0.296848;1.004149;
8.109629;0.059283;0.296883;1.000001;0.059283;0.310631;1.044571;0.059284;0.319797;1.074225;-0.059283;0.014818;0.296882;1.004093;
8.110168;0.063916;0.296912;1.000001;0.063916;0.310748;1.044581;0.063917;0.319973;1.074232;-0.063916;0.015977;0.296912;1.004039;
8.110605;0.067654;0.296932;1.000001;0.067654;0.310844;1.044590;0.067655;0.320119;1.074237;-0.067654;0.016911;0.296932;1.004000;
8.110610;0.067696;0.296932;1.000001;0.067696;0.310845;1.044590;0.067697;0.320121;1.074237;-0.067696;0.016922;0.296932;1.004000;
8.110615;0.067738;0.296932;1.000001;0.067738;0.310846;1.044590;0.067739;0.320122;1.074237;-0.067738;0.016932;0.296932;1.003999;
8.110625;0.067822;0.296933;1.000001;0.067822;0.310848;1.044590;0.067823;0.320126;1.074237;-0.067822;0.016953;0.296932;1.003998;
8.110645;0.067990;0.296934;1.000001;0.067990;0.310852;1.044590;0.067991;0.320132;1.074238;-0.067990;0.016995;0.296933;1.003997;
8.110684;0.068326;0.296935;1.000001;0.068326;0.310861;1.044591;0.068327;0.320146;1.074238;-0.068326;0.017079;0.296935;1.003993;
8.110764;0.068997;0.296938;1.000001;0.068997;0.310878;1.044593;0.068998;0.320173;1.074239;-0.068997;0.017247;0.296938;1.003987;
8.110922;0.070338;0.296944;1.000001;0.070338;0.310913;1.044596;0.070339;0.320226;1.074240;-0.070338;0.017582;0.296944;1.003974;
8.111239;0.073016;0.296955;1.000001;0.073016;0.310982;1.044601;0.073017;0.320335;1.074243;-0.073016;0.018252;0.296955;1.003952;
8.111873;0.078358;0.296972;1.000001;0.078358;0.311122;1.044613;0.078359;0.320556;1.074247;-0.078358;0.019588;0.296972;1.003918;
8.113141;0.089042;0.296984;1.000001;0.089042;0.311403;1.044634;0.089043;0.321017;1.074250;-0.089042;0.022259;0.296984;1.003885;
8.114409;0.099756;0.296966;1.000001;0.099756;0.311687;1.044653;0.099757;0.321502;1.074246;-0.099756;0.024937;0.296966;1.003885;
8.115677;0.110518;0.296918;1.000001;0.110518;0.311974;1.044670;0.110519;0.322013;1.074234;-0.110518;0.027628;0.296918;1.003900;
8.116944;0.121326;0.296839;1.000001;0.121326;0.312264;1.044685;0.121327;0.322548;1.074215;-0.121326;0.030330;0.296839;1.003918;
8.118212;0.132167;0.296728;1.000001;0.132167;0.312555;1.044698;0.132168;0.323108;1.074187;-0.132167;0.033040;0.296728;1.003933;
8.119480;0.143027;0.296585;1.000001;0.143027;0.312848;1.044709;0.143028;0.323691;1.074151;-0.143027;0.035756;0.296585;1.003943;
8.122016;0.164776;0.296204;1.000001;0.164776;0.313437;1.044724;0.164778;0.324927;1.074056;-0.164776;0.041193;0.296204;1.003953;
8.124298;0.184381;0.295751;1.000001;0.184381;0.313971;1.044729;0.184382;0.326118;1.073943;-0.184381;0.046095;0.295751;1.003958;
8.126580;0.204016;0.295193;1.000001;0.204016;0.314507;1.044728;0.204018;0.327385;1.073804;-0.204016;0.051004;0.295193;1.003963;
8.128862;0.223687;0.294529;1.000001;0.223687;0.315046;1.044719;0.223688;0.328726;1.073638;-0.223687;0.055921;0.294529;1.003970;
8.131144;0.243394;0.293757;1.000001;0.243394;0.315587;1.044702;0.243396;0.330142;1.073445;-0.243394;0.060849;0.293757;1.003977;
8.133426;0.263139;0.292878;1.000001;0.263139;0.316131;1.044678;0.263140;0.331634;1.073226;-0.263139;0.065785;0.292877;1.003986;
8.135708;0.282919;0.291889;1.000001;0.282919;0.316675;1.044646;0.282920;0.333201;1.072978;-0.282919;0.070730;0.291889;1.003993;
8.137767;0.300793;0.290902;1.000001;0.300793;0.317168;1.044611;0.300794;0.334679;1.072732;-0.300793;0.075199;0.290902;1.004000;
8.137776;0.300875;0.290898;1.000001;0.300875;0.317170;1.044611;0.300876;0.334686;1.072731;-0.300875;0.075219;0.290897;1.004000;
8.137786;0.300957;0.290893;1.000001;0.300957;0.317172;1.044610;0.300958;0.334693;1.072730;-0.300957;0.075240;0.290893;1.004000;
8.137805;0.301121;0.290884;1.000001;0.301121;0.317177;1.044610;0.301122;0.334707;1.072727;-0.301121;0.075281;0.290883;1.004000;
8.137842;0.301448;0.290865;1.000001;0.301448;0.317186;1.044609;0.301450;0.334735;1.072723;-0.301448;0.075363;0.290864;1.004000;
8.137918;0.302104;0.290827;1.000001;0.302104;0.317204;1.044608;0.302106;0.334790;1.072713;-0.302104;0.075527;0.290826;1.004001;
8.138069;0.303416;0.290750;1.000001;0.303416;0.317240;1.044605;0.303418;0.334901;1.072694;-0.303416;0.075855;0.290750;1.004001;
8.138371;0.306040;0.290596;1.000001;0.306040;0.317312;1.044599;0.306041;0.335125;1.072656;-0.306040;0.076511;0.290596;1.004002;
8.138975;0.311289;0.290282;1.000001;0.311289;0.317457;1.044587;0.311291;0.335575;1.072577;-0.311289;0.077823;0.290282;1.004004;
8.140182;0.321794;0.289631;1.000001;0.321794;0.317746;1.044561;0.321796;0.336492;1.072414;-0.321794;0.080450;0.289630;1.004008;
8.142598;0.342831;0.288234;1.000001;0.342831;0.318326;1.044502;0.342833;0.338389;1.072065;-0.342831;0.085709;0.288234;1.004016;
8.145013;0.363902;0.286712;1.000001;0.363902;0.318906;1.044435;0.363904;0.340371;1.071685;-0.363902;0.090977;0.286711;1.004024;
8.149843;0.406142;0.283287;1.000001;0.406142;0.320068;1.044272;0.406144;0.344590;1.070829;-0.406142;0.101538;0.283287;1.004039;
8.154191;0.444265;0.279769;1.000001;0.444265;0.321115;1.044095;0.444268;0.348682;1.069950;-0.444265;0.111069;0.279768;1.004053;
8.156353;0.463266;0.277863;1.000001;0.463266;0.321636;1.043995;0.463268;0.350821;1.069474;-0.463266;0.115819;0.277862;1.004060;
8.156367;0.463382;0.277851;1.000001;0.463382;0.321640;1.043995;0.463385;0.350835;1.069471;-0.463382;0.115848;0.277850;1.004060;
8.156380;0.463498;0.277839;1.000001;0.463498;0.321643;1.043994;0.463501;0.350848;1.069468;-0.463498;0.115877;0.277838;1.004060;
8.156406;0.463730;0.277815;1.000001;0.463730;0.321649;1.043993;0.463733;0.350875;1.069462;-0.463730;0.115935;0.277815;1.004060;
8.156459;0.464194;0.277767;1.000001;0.464194;0.321662;1.043990;0.464197;0.350928;1.069450;-0.464194;0.116051;0.277767;1.004060;
8.156565;0.465122;0.277671;1.000001;0.465122;0.321687;1.043985;0.465125;0.351034;1.069426;-0.465122;0.116283;0.277671;1.004060;
8.156776;0.466978;0.277479;1.000001;0.466978;0.321738;1.043975;0.466981;0.351247;1.069378;-0.466978;0.116747;0.277478;1.004061;
8.157198;0.470691;0.277091;1.000001;0.470691;0.321840;1.043954;0.470694;0.351676;1.069281;-0.470691;0.117676;0.277090;1.004062;
8.158042;0.478119;0.276303;1.000001;0.478119;0.322044;1.043912;0.478122;0.352541;1.069084;-0.478119;0.119533;0.276302;1.004065;
8.159731;0.492986;0.274679;1.000001;0.492986;0.322451;1.043825;0.492989;0.354303;1.068678;-0.492986;0.123250;0.274678;1.004070;
8.163109;0.522759;0.271240;1.000001;0.522759;0.323267;1.043636;0.522762;0.357955;1.067818;-0.522759;0.130693;0.271239;1.004081;
8.166486;0.552582;0.267544;1.000001;0.552582;0.324083;1.043430;0.552585;0.361779;1.066895;-0.552582;0.138149;0.267543;1.004091;
8.173241;0.612363;0.259378;1.000001;0.612363;0.325718;1.042960;0.612368;0.369949;1.064853;-0.612363;0.153096;0.259377;1.004112;
8.179321;0.666308;0.251137;1.000001;0.666308;0.327192;1.042473;0.666314;0.377901;1.062794;-0.666308;0.166583;0.251136;1.004130;
8.185401;0.720371;0.242044;1.000001;0.720371;0.328672;1.041925;0.720376;0.386430;1.060521;-0.720371;0.180099;0.242043;1.004148;
8.191480;0.774533;0.232092;1.000000;0.774533;0.330157;1.041316;0.774539;0.395540;1.058033;-0.774533;0.193640;0.232090;1.004166;
8.197560;0.828778;0.221272;1.000000;0.828778;0.331648;1.040644;0.828786;0.405238;1.055329;-0.828778;0.207202;0.221271;1.004184;
8.199080;0.842351;0.218431;1.000000;0.842351;0.332021;1.040466;0.842358;0.407755;1.054618;-0.842351;0.210596;0.218430;1.004189;
8.200789;0.857620;0.215171;1.000000;0.857620;0.332442;1.040261;0.857628;0.410631;1.053803;-0.857620;0.214413;0.215169;1.004194;
8.201644;0.865044;0.213546;1.000000;0.865044;0.332632;1.040157;0.865052;0.412030;1.053397;-0.865044;0.216269;0.213544;1.004134;
8.201943;0.867288;0.213024;1.000000;0.867288;0.332660;1.040122;0.867296;0.412424;1.053267;-0.867288;0.216830;0.213023;1.004000;
8.201943;0.867291;0.213024;1.000000;0.867291;0.332660;1.040122;0.867299;0.412425;1.053267;-0.867291;0.216831;0.213022;1.004000;
8.201944;0.867296;0.213023;1.000000;0.867296;0.332660;1.040122;0.867304;0.412426;1.053266;-0.867296;0.216832;0.213021;1.004000;
8.201944;0.867298;0.213022;1.000000;0.867298;0.332660;1.040122;0.867306;0.412426;1.053266;-0.867298;0.216833;0.213020;1.004000;
8.201945;0.867303;0.213021;1.000000;0.867303;0.332660;1.040122;0.867311;0.412427;1.053266;-0.867303;0.216834;0.213019;1.003999;
8.201945;0.867306;0.213020;1.000000;0.867306;0.332660;1.040122;0.867314;0.412427;1.053266;-0.867306;0.216835;0.213019;1.003999;
8.201946;0.867311;0.213019;1.000000;0.867311;0.332660;1.040122;0.867319;0.412428;1.053266;-0.867311;0.216836;0.213018;1.003999;
8.201946;0.867313;0.213019;1.000000;0.867313;0.332660;1.040121;0.867321;0.412429;1.053265;-0.867313;0.216837;0.213017;1.003999;
8.201947;0.867318;0.213018;1.000000;0.867318;0.332660;1.040121;0.867326;0.412430;1.053265;-0.867318;0.216838;0.213016;1.003998;
8.201948;0.867328;0.213015;1.000000;0.867328;0.332660;1.040121;0.867336;0.412431;1.053265;-0.867328;0.216840;0.213014;1.003998;
8.201949;0.867332;0.213014;1.000000;0.867332;0.332660;1.040121;0.867340;0.412432;1.053264;-0.867332;0.216841;0.213012;1.003997;
8.201950;0.867342;0.213012;1.000000;0.867342;0.332660;1.040121;0.867350;0.412434;1.053264;-0.867342;0.216844;0.213010;1.003997;
8.201953;0.867361;0.213007;1.000000;0.867361;0.332660;1.040121;0.867369;0.412437;1.053263;-0.867361;0.216849;0.213006;1.003996;
8.201958;0.867400;0.212998;1.000000;0.867400;0.332661;1.040120;0.867408;0.412444;1.053260;-0.867400;0.216858;0.212997;1.003993;
8.201968;0.867477;0.212980;1.000000;0.867477;0.332662;1.040119;0.867485;0.412457;1.053256;-0.867477;0.216878;0.212979;1.003988;
8.201989;0.867629;0.212944;1.000000;0.867629;0.332663;1.040116;0.867637;0.412483;1.053247;-0.867629;0.216916;0.212943;1.003976;
8.202031;0.867926;0.212874;1.000000;0.867926;0.332665;1.040111;0.867934;0.412534;1.053229;-0.867926;0.216990;0.212872;1.003952;
8.202114;0.868496;0.212736;1.000000;0.868496;0.332667;1.040102;0.868504;0.412629;1.053195;-0.868496;0.217132;0.212734;1.003896;
8.202281;0.869534;0.212475;1.000000;0.869534;0.332661;1.040082;0.869542;0.412792;1.053130;-0.869534;0.217392;0.212474;1.003761;
8.202616;0.871241;0.212017;1.000000;0.871241;0.332619;1.040046;0.871249;0.413028;1.053015;-0.871241;0.217819;0.212015;1.003430;
8.202950;0.872615;0.211619;1.000000;0.872615;0.332555;1.040013;0.872623;0.413187;1.052916;-0.872615;0.218162;0.211617;1.003066;
8.203284;0.873696;0.211279;1.000000;0.873696;0.332477;1.039983;0.873704;0.413283;1.052831;-0.873696;0.218432;0.211278;1.002689;
8.203952;0.875297;0.210725;1.000000;0.875297;0.332308;1.039931;0.875305;0.413371;1.052692;-0.875297;0.218833;0.210724;1.001958;
8.204620;0.876160;0.210352;1.000000;0.876160;0.332138;1.039891;0.876168;0.413336;1.052599;-0.876160;0.219048;0.210350;1.001302;
8.205956;0.876740;0.209998;1.000000;0.876740;0.331913;1.039850;0.876748;0.413199;1.052510;-0.876740;0.219194;0.209996;1.000389;
8.207074;0.876619;0.209990;1.000000;0.876619;0.331873;1.039846;0.876627;0.413137;1.052508;-0.876619;0.219163;0.209988;1.000014;
8.208191;0.876535;0.210106;1.000000;0.876535;0.331975;1.039862;0.876543;0.413229;1.052537;-0.876535;0.219142;0.210105;0.999916;
8.209308;0.876726;0.210261;1.000000;0.876726;0.332189;1.039889;0.876734;0.413483;1.052576;-0.876726;0.219190;0.210259;0.999981;
8.210425;0.877221;0.210406;1.000000;0.877221;0.332474;1.039920;0.877229;0.413861;1.052612;-0.877221;0.219314;0.210404;1.000106;
8.211542;0.877933;0.210525;1.000000;0.877933;0.332788;1.039951;0.877941;0.414305;1.052642;-0.877933;0.219492;0.210523;1.000222;
8.212660;0.878766;0.210619;1.000000;0.878766;0.333107;1.039981;0.878774;0.414774;1.052666;-0.878766;0.219700;0.210617;1.000301;
8.214894;0.880443;0.210766;1.000000;0.880443;0.333707;1.040035;0.880452;0.415675;1.052702;-0.880443;0.220119;0.210765;1.000354;
8.217128;0.882021;0.210893;1.000000;0.882021;0.334258;1.040083;0.882029;0.416510;1.052734;-0.882021;0.220514;0.210891;1.000329;
8.219363;0.883465;0.211018;1.000000;0.883465;0.334774;1.040130;0.883473;0.417286;1.052766;-0.883465;0.220875;0.211017;1.000291;
8.221597;0.884829;0.211146;1.000000;0.884829;0.335272;1.040175;0.884837;0.418030;1.052797;-0.884829;0.221216;0.211144;1.000267;
8.223812;0.886162;0.211267;1.000000;0.886162;0.335754;1.040218;0.886171;0.418754;1.052828;-0.886162;0.221549;0.211265;1.000254;
8.223860;0.886191;0.211270;1.000000;0.886191;0.335765;1.040219;0.886199;0.418770;1.052828;-0.886191;0.221556;0.211268;1.000254;
8.223908;0.886219;0.211272;1.000000;0.886219;0.335775;1.040220;0.886227;0.418785;1.052829;-0.886219;0.221563;0.211271;1.000254;
8.224005;0.886275;0.211278;1.000000;0.886275;0.335796;1.040222;0.886283;0.418816;1.052830;-0.886275;0.221577;0.211276;1.000254;
8.224197;0.886387;0.211288;1.000000;0.886387;0.335837;1.040226;0.886396;0.418878;1.052833;-0.886387;0.221605;0.211287;1.000254;
8.224583;0.886614;0.211309;1.000000;0.886614;0.335920;1.040233;0.886622;0.419001;1.052838;-0.886614;0.221662;0.211308;1.000255;
8.225355;0.887069;0.211350;1.000000;0.887069;0.336084;1.040248;0.887077;0.419248;1.052849;-0.887069;0.221776;0.211349;1.000256;
8.226898;0.887982;0.211428;1.000000;0.887982;0.336410;1.040277;0.887990;0.419740;1.052868;-0.887982;0.222004;0.211427;1.000259;
8.229984;0.889791;0.211573;1.000000;0.889791;0.337046;1.040333;0.889799;0.420703;1.052904;-0.889791;0.222456;0.211571;1.000257;
8.236157;0.893275;0.211836;1.000000;0.893275;0.338258;1.040440;0.893284;0.422548;1.052970;-0.893275;0.223328;0.211834;1.000245;
8.242330;0.896581;0.212080;1.000000;0.896581;0.339405;1.040540;0.896589;0.424296;1.053031;-0.896581;0.224154;0.212078;1.000230;
8.248503;0.899712;0.212315;1.000000;0.899712;0.340499;1.040636;0.899721;0.425963;1.053090;-0.899712;0.224937;0.212313;1.000217;
8.254675;0.902671;0.212520;1.000000;0.902671;0.341517;1.040724;0.902679;0.427523;1.053141;-0.902671;0.225676;0.212518;1.000205;
8.260848;0.905413;0.212332;1.000000;0.905413;0.342061;1.040750;0.905422;0.428555;1.053094;-0.905413;0.226362;0.212330;1.000193;
8.264964;0.907166;0.212340;1.000000;0.907166;0.342545;1.040785;0.907175;0.429358;1.053096;-0.907166;0.226800;0.212338;1.000185;
8.269079;0.908841;0.212317;1.000000;0.908841;0.342977;1.040815;0.908850;0.430093;1.053090;-0.908841;0.227219;0.212315;1.000177;
8.273195;0.910438;0.212275;1.000000;0.910438;0.343369;1.040840;0.910447;0.430774;1.053080;-0.910438;0.227618;0.212274;1.000169;
8.277310;0.911960;0.212239;1.000000;0.911960;0.343747;1.040864;0.911969;0.431427;1.053071;-0.911960;0.227999;0.212237;1.000161;
8.285541;0.914784;0.212208;1.000000;0.914784;0.344488;1.040916;0.914793;0.432683;1.053063;-0.914784;0.228705;0.212207;1.000144;
8.293772;0.917314;0.212233;1.000000;0.917314;0.345209;1.040969;0.917323;0.433869;1.053070;-0.917314;0.229337;0.212231;1.000128;
8.302003;0.919551;0.212313;1.000000;0.919551;0.345911;1.041026;0.919560;0.434985;1.053090;-0.919551;0.229897;0.212311;1.000111;
8.310234;0.921500;0.212449;1.000000;0.921500;0.346593;1.041085;0.921509;0.436032;1.053124;-0.921500;0.230384;0.212447;1.000095;
8.318465;0.923167;0.212639;1.000000;0.923167;0.347257;1.041146;0.923176;0.437011;1.053171;-0.923167;0.230801;0.212637;1.000080;
8.326696;0.924558;0.212883;1.000000;0.924558;0.347902;1.041210;0.924567;0.437924;1.053232;-0.924558;0.231149;0.212881;1.000064;
8.343158;0.926559;0.213524;1.000000;0.926559;0.349140;1.041346;0.926568;0.439559;1.053392;-0.926559;0.231649;0.213523;1.000035;
8.359620;0.927567;0.214363;1.000000;0.927567;0.350312;1.041490;0.927576;0.440954;1.053602;-0.927567;0.231901;0.214361;1.000008;
8.376082;0.927654;0.215383;1.000000;0.927654;0.351423;1.041644;0.927663;0.442125;1.053857;-0.927654;0.231923;0.215381;0.999983;
8.392544;0.926898;0.216570;1.000000;0.926898;0.352476;1.041805;0.926907;0.443089;1.054154;-0.926898;0.231733;0.216568;0.999960;
8.409006;0.925373;0.217907;1.000000;0.925373;0.353477;1.041973;0.925382;0.443866;1.054488;-0.925373;0.231352;0.217905;0.999940;
8.425468;0.923156;0.219377;1.000000;0.923156;0.354429;1.042148;0.923165;0.444472;1.054856;-0.923156;0.230798;0.219375;0.999921;
8.441929;0.920316;0.220964;1.000000;0.920316;0.355335;1.042327;0.920325;0.444925;1.055252;-0.920316;0.230088;0.220962;0.999905;
8.458391;0.916924;0.222651;1.000000;0.916924;0.356200;1.042511;0.916933;0.445241;1.055674;-0.916924;0.229240;0.222649;0.999891;
8.474853;0.913043;0.224424;1.000000;0.913043;0.357026;1.042698;0.913052;0.445436;1.056117;-0.913043;0.228270;0.224422;0.999878;
8.491315;0.908734;0.226267;1.000000;0.908734;0.357817;1.042887;0.908743;0.445524;1.056578;-0.908734;0.227192;0.226265;0.999867;
8.507777;0.904055;0.228168;1.000000;0.904055;0.358574;1.043078;0.904064;0.445520;1.057053;-0.904055;0.226022;0.228166;0.999857;
8.540701;0.893852;0.232079;1.000000;0.893852;0.360003;1.043462;0.893861;0.445295;1.058031;-0.893852;0.223472;0.232077;0.999842;
8.570333;0.883886;0.235680;1.000000;0.883886;0.361200;1.043807;0.883894;0.444888;1.058931;-0.883886;0.220980;0.235678;0.999833;
8.599964;0.873430;0.239300;1.000000;0.873430;0.362323;1.044148;0.873438;0.444344;1.059836;-0.873430;0.218366;0.239298;0.999828;
8.629596;0.862679;0.242898;1.000001;0.862679;0.363382;1.044482;0.862687;0.443710;1.060736;-0.862679;0.215678;0.242896;0.999825;
8.659227;0.851800;0.246440;1.000001;0.851800;0.364385;1.044809;0.851808;0.443022;1.061621;-0.851800;0.212958;0.246439;0.999825;
8.688859;0.840945;0.249893;1.000001;0.840945;0.365339;1.045125;0.840953;0.442310;1.062484;-0.840945;0.210244;0.249892;0.999827;
8.718490;0.830241;0.253236;1.000001;0.830241;0.366250;1.045430;0.830249;0.441600;1.063320;-0.830241;0.207568;0.253234;0.999831;
8.748122;0.819793;0.256447;1.000001;0.819793;0.367124;1.045723;0.819801;0.440911;1.064123;-0.819793;0.204956;0.256446;0.999836;
8.777753;0.809679;0.259523;1.000001;0.809679;0.367965;1.046004;0.809686;0.440263;1.064892;-0.809679;0.202427;0.259521;0.999842;
8.807385;0.799960;0.262452;1.000001;0.799960;0.368777;1.046272;0.799968;0.439664;1.065624;-0.799960;0.199997;0.262451;0.999849;
8.837016;0.790686;0.265231;1.000001;0.790686;0.369563;1.046528;0.790693;0.439121;1.066319;-0.790686;0.197678;0.265230;0.999856;
8.866648;0.781892;0.267859;1.000001;0.781892;0.370325;1.046771;0.781898;0.438641;1.066975;-0.781892;0.195480;0.267857;0.999864;
8.925911;0.765834;0.272665;1.000001;0.765834;0.371792;1.047220;0.765841;0.437884;1.068177;-0.765834;0.191465;0.272664;0.999881;
8.985174;0.751833;0.276901;1.000001;0.751833;0.373190;1.047623;0.751839;0.437389;1.069236;-0.751833;0.187965;0.276900;0.999897;
9.044437;0.739855;0.280609;1.000001;0.739855;0.374528;1.047985;0.739861;0.437147;1.070163;-0.739855;0.184970;0.280608;0.999913;
9.103700;0.729798;0.283840;1.000001;0.729798;0.375814;1.048308;0.729804;0.437139;1.070970;-0.729798;0.182455;0.283839;0.999928;
9.162963;0.721512;0.286645;1.000001;0.721512;0.377055;1.048597;0.721518;0.437337;1.071672;-0.721512;0.180384;0.286644;0.999941;
9.222226;0.714817;0.289076;1.000001;0.714817;0.378253;1.048857;0.714823;0.437714;1.072279;-0.714817;0.178710;0.289075;0.999953;
9.281488;0.709519;0.291184;1.000001;0.709519;0.379412;1.049090;0.709525;0.438242;1.072806;-0.709519;0.177385;0.291183;0.999963;
9.340751;0.705422;0.293015;1.000001;0.705422;0.380533;1.049301;0.705428;0.438891;1.073264;-0.705422;0.176361;0.293014;0.999972;
9.400014;0.702339;0.294612;1.000001;0.702339;0.381619;1.049493;0.702345;0.439636;1.073663;-0.702339;0.175590;0.294611;0.999979;
9.459277;0.700094;0.296011;1.000001;0.700094;0.382671;1.049668;0.700099;0.440456;1.074013;-0.700094;0.175029;0.296010;0.999985;
9.518540;0.698529;0.297247;1.000001;0.698529;0.383688;1.049829;0.698535;0.441327;1.074322;-0.698529;0.174638;0.297246;0.999990;
9.577803;0.697505;0.298348;1.000001;0.697505;0.384673;1.049978;0.697511;0.442234;1.074597;-0.697505;0.174382;0.298346;0.999994;
9.637066;0.696902;0.299337;1.000001;0.696902;0.385625;1.050117;0.696907;0.443161;1.074845;-0.696902;0.174231;0.299336;0.999996;
9.696329;0.696617;0.300236;1.000001;0.696617;0.386546;1.050247;0.696622;0.444095;1.075069;-0.696617;0.174160;0.300234;0.999998;
9.755592;0.696565;0.301060;1.000001;0.696565;0.387435;1.050369;0.696571;0.445026;1.075275;-0.696565;0.174147;0.301059;1.000000;
9.814855;0.696679;0.301825;1.000001;0.696679;0.388293;1.050485;0.696684;0.445946;1.075467;-0.696679;0.174175;0.301824;1.000001;
9.874118;0.696901;0.302541;1.000001;0.696901;0.389120;1.050595;0.696907;0.446848;1.075646;-0.696901;0.174231;0.302540;1.000002;
9.992644;0.697479;0.303866;1.000001;0.697479;0.390688;1.050802;0.697485;0.448575;1.075977;-0.697479;0.174375;0.303865;1.000002;
10.111170;0.698121;0.305075;1.000001;0.698121;0.392142;1.050992;0.698127;0.450192;1.076279;-0.698121;0.174536;0.305074;1.000002;
10.229696;0.698712;0.306193;1.000001;0.698712;0.393486;1.051168;0.698718;0.451687;1.076559;-0.698712;0.174683;0.306192;1.000002;
10.348222;0.699193;0.307236;1.000001;0.699193;0.394726;1.051330;0.699199;0.453058;1.076819;-0.699193;0.174804;0.307235;1.000001;
10.466748;0.699552;0.308212;1.000001;0.699552;0.395867;1.051481;0.699558;0.454309;1.077063;-0.699552;0.174893;0.308211;1.000001;
10.703800;0.699974;0.309971;1.000001;0.699974;0.397877;1.051750;0.699979;0.456487;1.077503;-0.699974;0.174999;0.309969;1.000000;
10.940852;0.700119;0.311475;1.000001;0.700119;0.399552;1.051977;0.700125;0.458276;1.077879;-0.700119;0.175035;0.311473;1.000000;
11.177904;0.700122;0.312731;1.000001;0.700122;0.400927;1.052164;0.700128;0.459730;1.078193;-0.700122;0.175036;0.312730;1.000000;
11.414956;0.700076;0.313755;1.000001;0.700076;0.402037;1.052317;0.700082;0.460898;1.078449;-0.700076;0.175024;0.313754;1.000000;
11.652008;0.700030;0.314565;1.000001;0.700030;0.402914;1.052437;0.700036;0.461819;1.078652;-0.700030;0.175013;0.314563;1.000000;
12.126112;0.699986;0.315671;1.000001;0.699986;0.404115;1.052601;0.699992;0.463084;1.078928;-0.699986;0.175002;0.315670;1.000000;
12.600216;0.699980;0.316210;1.000001;0.699980;0.404704;1.052682;0.699986;0.463706;1.079063;-0.699980;0.175000;0.316209;1.000000;
13.074320;0.699988;0.316333;1.000001;0.699988;0.404841;1.052700;0.699994;0.463852;1.079094;-0.699988;0.175002;0.316332;1.000000;
13.548424;0.699996;0.316166;1.000001;0.699996;0.404659;1.052675;0.700002;0.463660;1.079052;-0.699996;0.175004;0.316165;1.000000;
14.022528;0.699999;0.315807;1.000001;0.699999;0.404267;1.052622;0.700005;0.463246;1.078962;-0.699999;0.175005;0.315806;1.000000;
14.496631;0.700000;0.315334;1.000001;0.700000;0.403749;1.052551;0.700006;0.462698;1.078844;-0.700000;0.175005;0.315332;1.000000;
14.970735;0.700000;0.314804;1.000001;0.700000;0.403169;1.052472;0.700006;0.462085;1.078711;-0.700000;0.175005;0.314803;1.000000;
15.444839;0.700000;0.314260;1.000001;0.700000;0.402574;1.052391;0.700006;0.461456;1.078575;-0.700000;0.175005;0.314259;1.000000;
15.918943;0.700000;0.313732;1.000001;0.700000;0.401996;1.052312;0.700006;0.460844;1.078443;-0.700000;0.175005;0.313731;1.000000;
15.999997;0.700000;0.313646;1.000001;0.700000;0.401902;1.052299;0.700006;0.460745;1.078422;-0.700000;0.175005;0.313644;1.000000;
16.000247;0.697285;0.314137;1.000001;0.697285;0.401870;1.052332;0.697291;0.460364;1.078409;-0.697528;0.175163;0.313595;1.000971;
16.000497;0.695102;0.314575;1.000001;0.695102;0.401895;1.052365;0.695108;0.460113;1.078382;-0.695592;0.175464;0.313490;1.001969;
16.000747;0.693433;0.314953;1.000001;0.693433;0.401961;1.052397;0.693439;0.459972;1.078339;-0.694170;0.175894;0.313326;1.002956;
16.001019;0.691998;0.315313;1.000001;0.691998;0.402056;1.052429;0.692004;0.459890;1.078279;-0.693004;0.176458;0.313095;1.004000;
16.001064;0.691803;0.315368;1.000001;0.691803;0.402075;1.052434;0.691808;0.459885;1.078268;-0.692853;0.176562;0.313052;1.004172;
16.001072;0.691773;0.315376;1.000001;0.691773;0.402078;1.052435;0.691779;0.459885;1.078266;-0.692831;0.176579;0.313045;1.004200;
16.001115;0.691599;0.315427;1.000001;0.691599;0.402097;1.052440;0.691605;0.459883;1.078255;-0.692700;0.176683;0.313001;1.004364;
16.001159;0.691438;0.315475;1.000001;0.691438;0.402117;1.052445;0.691444;0.459884;1.078243;-0.692582;0.176790;0.312955;1.004527;
16.001245;0.691144;0.315568;1.000001;0.691144;0.402158;1.052454;0.691150;0.459890;1.078218;-0.692373;0.177011;0.312860;1.004850;
16.001419;0.690689;0.315733;1.000001;0.690689;0.402244;1.052472;0.690695;0.459923;1.078163;-0.692090;0.177487;0.312649;1.005476;
16.001767;0.690235;0.315984;1.000001;0.690235;0.402424;1.052503;0.690240;0.460057;1.078032;-0.691978;0.178552;0.312146;1.006639;
16.002115;0.690296;0.316138;1.000001;0.690296;0.402606;1.052527;0.690302;0.460256;1.077874;-0.692382;0.179746;0.311543;1.007667;
16.002811;0.691350;0.316226;1.000001;0.691350;0.402920;1.052556;0.691356;0.460722;1.077498;-0.694116;0.182365;0.310107;1.009287;
16.003437;0.692976;0.316111;1.000001;0.692976;0.403132;1.052562;0.692981;0.461152;1.077105;-0.696348;0.184890;0.308609;1.010266;
16.004063;0.694779;0.315891;1.000001;0.694779;0.403266;1.052556;0.694785;0.461522;1.076678;-0.698755;0.187459;0.306995;1.010845;
16.004689;0.696462;0.315627;1.000001;0.696462;0.403329;1.052542;0.696468;0.461803;1.076235;-0.701036;0.189996;0.305332;1.011103;
16.005316;0.697853;0.315367;1.000001;0.697853;0.403335;1.052524;0.697859;0.461987;1.075788;-0.703022;0.192459;0.303669;1.011131;
16.005942;0.698885;0.315140;1.000001;0.698885;0.403303;1.052505;0.698891;0.462084;1.075346;-0.704645;0.194832;0.302039;1.011011;
16.006568;0.699561;0.314961;1.000001;0.699561;0.403249;1.052489;0.699567;0.462113;1.074913;-0.705910;0.197115;0.300459;1.010816;
16.007194;0.699929;0.314833;1.000001;0.699929;0.403186;1.052475;0.699934;0.462094;1.074489;-0.706865;0.199320;0.298934;1.010598;
16.007820;0.700057;0.314753;1.000001;0.700057;0.403126;1.052465;0.700063;0.462047;1.074074;-0.707578;0.201465;0.297460;1.010394;
16.009072;0.699951;0.314688;1.000001;0.699951;0.403032;1.052454;0.699956;0.461933;1.073257;-0.708634;0.205662;0.294611;1.010101;
16.010325;0.699607;0.314701;1.000001;0.699607;0.402974;1.052451;0.699613;0.461830;1.072446;-0.709445;0.209798;0.291847;1.009954;
16.011577;0.699269;0.314741;1.000001;0.699269;0.402947;1.052452;0.699275;0.461759;1.071626;-0.710252;0.213931;0.289106;1.009921;
16.012829;0.699042;0.314776;1.000001;0.699042;0.402937;1.052453;0.699048;0.461719;1.070787;-0.711158;0.218089;0.286353;1.009950;
16.015334;0.698867;0.314799;1.000001;0.698867;0.402926;1.052454;0.698873;0.461683;1.069045;-0.713215;0.226464;0.280778;1.010021;
16.017839;0.698883;0.314778;1.000003;0.698883;0.402906;1.052451;0.698892;0.461666;1.067227;-0.715419;0.234873;0.275136;1.010051;
16.020343;0.698841;0.314762;1.000003;0.698841;0.402880;1.052448;0.698851;0.461634;1.065343;-0.717519;0.243253;0.269486;1.010053;
16.025353;0.698633;0.314753;1.000001;0.698633;0.402827;1.052444;0.698639;0.461549;1.061382;-0.721461;0.259935;0.258169;1.010041;
16.030362;0.698351;0.314762;1.000001;0.698351;0.402777;1.052441;0.698356;0.461458;1.057169;-0.725154;0.276535;0.246817;1.010030;
16.035371;0.698024;0.314781;1.000001;0.698024;0.402730;1.052439;0.698029;0.461366;1.052700;-0.728625;0.293056;0.235431;1.010023;
16.045390;0.697317;0.314834;1.000001;0.697317;0.402640;1.052437;0.697322;0.461183;1.042995;-0.734981;0.325866;0.212540;1.010020;
16.055408;0.696430;0.314927;1.000001;0.696430;0.402556;1.052437;0.696436;0.460980;1.032285;-0.740448;0.358312;0.189549;1.010003;
16.065427;0.695401;0.315052;1.000001;0.695401;0.402478;1.052440;0.695407;0.460768;1.020581;-0.745065;0.390374;0.166487;1.009994;
16.085464;0.692976;0.315384;1.000001;0.692976;0.402336;1.052454;0.692982;0.460310;0.994243;-0.751812;0.453240;0.120251;1.009977;
16.105501;0.690123;0.315820;1.000001;0.690123;0.402220;1.052489;0.690106;0.459818;0.964099;-0.755310;0.514243;0.074065;1.009963;
16.125538;0.686910;0.316336;1.000001;0.686910;0.402117;1.052536;0.686866;0.459301;0.930270;-0.755680;0.573175;0.028125;1.009951;
16.145576;0.683407;0.316906;1.000001;0.683407;0.402019;1.052584;0.683344;0.458753;0.892887;-0.753044;0.629833;-0.017402;1.009942;
16.165613;0.679685;0.317518;1.000001;0.679685;0.401927;1.052636;0.679600;0.458181;0.852095;-0.747511;0.684017;-0.062352;1.009935;
16.185650;0.675800;0.318163;1.000001;0.675800;0.401840;1.052691;0.675693;0.457602;0.808050;-0.739201;0.735538;-0.106564;1.009929;
16.205687;0.671796;0.318830;1.000001;0.671796;0.401760;1.052747;0.671678;0.457018;0.760916;-0.728227;0.784212;-0.149907;1.009924;
16.225724;0.667723;0.319510;1.000001;0.667723;0.401684;1.052804;0.667589;0.456424;0.710869;-0.714687;0.829859;-0.192251;1.009921;
16.245761;0.663620;0.320192;1.000001;0.663620;0.401610;1.052861;0.663464;0.455839;0.658098;-0.698696;0.872313;-0.233464;1.009919;
16.265798;0.659506;0.320877;1.000001;0.659506;0.401542;1.052919;0.659344;0.455270;0.602798;-0.680367;0.911420;-0.273441;1.009918;
16.285836;0.655415;0.321557;1.000001;0.655415;0.401479;1.052976;0.655253;0.454691;0.545172;-0.659784;0.947026;-0.312089;1.009917;
16.325910;0.647270;0.322758;1.000001;0.647270;0.401227;1.052900;0.647275;0.453545;0.423810;-0.612295;1.007215;-0.385000;1.009914;
16.361331;0.640504;0.323889;1.000001;0.640504;0.401161;1.052976;0.640510;0.452681;0.310993;-0.563925;1.047591;-0.444003;1.009921;
16.396751;0.634034;0.324953;1.000001;0.634034;0.401092;1.053047;0.634039;0.451856;0.194355;-0.510078;1.075384;-0.497406;1.009923;
16.432172;0.627964;0.326058;1.000001;0.627964;0.401134;1.053272;0.627788;0.451085;0.075315;-0.451374;1.090237;-0.544645;1.009922;
16.467593;0.622315;0.327041;1.000001;0.622315;0.401132;1.053487;0.621974;0.450398;-0.044748;-0.388476;1.091951;-0.585518;1.009931;
16.499997;0.617494;0.327857;0.999998;0.617494;0.401111;1.053676;0.617050;0.449684;-0.154218;-0.327680;1.081928;-0.617032;1.009936;
16.499997;0.616994;0.327636;1.000001;0.616994;0.400840;1.053220;0.616999;0.449648;-0.154253;-0.327635;1.081919;-0.616994;1.009996;
16.499998;0.617008;0.327634;1.000001;0.617008;0.400840;1.053220;0.617013;0.449649;-0.154256;-0.327633;1.081918;-0.617008;1.009992;
16.499999;0.617023;0.327631;1.000001;0.617023;0.400840;1.053220;0.617028;0.449651;-0.154260;-0.327630;1.081918;-0.617023;1.009988;
16.500001;0.617051;0.327627;1.000001;0.617051;0.400841;1.053220;0.617056;0.449655;-0.154267;-0.327626;1.081917;-0.617051;1.009980;
16.500005;0.617108;0.327618;1.000001;0.617108;0.400841;1.053219;0.617113;0.449662;-0.154281;-0.327617;1.081914;-0.617108;1.009965;
16.500009;0.617165;0.327609;1.000001;0.617165;0.400842;1.053218;0.617170;0.449669;-0.154295;-0.327608;1.081912;-0.617165;1.009949;
16.500018;0.617278;0.327591;1.000001;0.617278;0.400843;1.053217;0.617283;0.449683;-0.154324;-0.327590;1.081908;-0.617278;1.009917;
16.500035;0.617500;0.327555;1.000001;0.617500;0.400845;1.053215;0.617505;0.449710;-0.154379;-0.327554;1.081899;-0.617500;1.009853;
16.500068;0.617933;0.327485;1.000001;0.617933;0.400848;1.053210;0.617938;0.449761;-0.154487;-0.327484;1.081881;-0.617933;1.009725;
16.500136;0.618749;0.327348;1.000001;0.618749;0.400849;1.053200;0.618754;0.449854;-0.154691;-0.327347;1.081847;-0.618749;1.009462;
16.500271;0.620196;0.327089;1.000001;0.620196;0.400834;1.053181;0.620201;0.450002;-0.155053;-0.327088;1.081782;-0.620196;1.008925;
16.500406;0.621467;0.326848;1.000001;0.621467;0.400806;1.053162;0.621472;0.450116;-0.155371;-0.326847;1.081722;-0.621467;1.008382;
16.500675;0.623386;0.326436;1.000001;0.623386;0.400712;1.053126;0.623391;0.450234;-0.155851;-0.326435;1.081619;-0.623386;1.007299;
16.500945;0.624759;0.326095;1.000001;0.624759;0.400594;1.053093;0.624764;0.450265;-0.156194;-0.326094;1.081534;-0.624759;1.006249;
16.501215;0.625664;0.325820;1.000001;0.625664;0.400462;1.053064;0.625669;0.450228;-0.156420;-0.325819;1.081465;-0.625664;1.005252;
16.501485;0.626173;0.325609;1.000001;0.626173;0.400326;1.053039;0.626178;0.450142;-0.156548;-0.325608;1.081412;-0.626173;1.004322;
16.501528;0.626168;0.325591;1.000001;0.626168;0.400306;1.053037;0.626173;0.450120;-0.156546;-0.325590;1.081408;-0.626168;1.004200;
16.501577;0.626240;0.325556;1.000001;0.626240;0.400281;1.053032;0.626245;0.450102;-0.156564;-0.325555;1.081399;-0.626240;1.004035;
16.501587;0.626253;0.325549;1.000001;0.626253;0.400276;1.053031;0.626258;0.450098;-0.156568;-0.325548;1.081397;-0.626253;1.004000;
16.501636;0.626311;0.325517;1.000001;0.626311;0.400251;1.053027;0.626316;0.450078;-0.156582;-0.325516;1.081389;-0.626311;1.003840;
16.501685;0.626357;0.325487;1.000001;0.626357;0.400226;1.053023;0.626362;0.450058;-0.156594;-0.325486;1.081382;-0.626357;1.003682;
16.501782;0.626425;0.325430;1.000001;0.626425;0.400177;1.053016;0.626430;0.450013;-0.156611;-0.325429;1.081367;-0.626425;1.003372;
16.501977;0.626445;0.325339;1.000001;0.626445;0.400080;1.053002;0.626450;0.449913;-0.156615;-0.325338;1.081345;-0.626445;1.002783;
16.502367;0.626113;0.325230;1.000001;0.626113;0.399899;1.052982;0.626118;0.449683;-0.156533;-0.325229;1.081317;-0.626113;1.001739;
16.502757;0.625393;0.325208;1.000001;0.625393;0.399740;1.052969;0.625398;0.449432;-0.156353;-0.325207;1.081312;-0.625393;1.000876;
16.503537;0.623433;0.325329;1.000001;0.623433;0.399505;1.052961;0.623438;0.448961;-0.155863;-0.325328;1.081342;-0.623433;0.999656;
16.504317;0.621233;0.325587;1.000001;0.621233;0.399378;1.052970;0.621238;0.448577;-0.155313;-0.325586;1.081407;-0.621233;0.999018;
16.505876;0.617865;0.326117;1.000001;0.617865;0.399333;1.053005;0.617870;0.448149;-0.154470;-0.326116;1.081539;-0.617865;0.998731;
16.507242;0.616228;0.326483;1.000001;0.616228;0.399432;1.053038;0.616232;0.448069;-0.154061;-0.326482;1.081631;-0.616228;0.999104;
16.508471;0.615733;0.326671;1.000001;0.615733;0.399547;1.053059;0.615738;0.448135;-0.153937;-0.326670;1.081678;-0.615733;0.999537;
16.509700;0.615805;0.326743;1.000001;0.615805;0.399639;1.053071;0.615810;0.448242;-0.153955;-0.326742;1.081696;-0.615805;0.999855;
16.511144;0.616112;0.326736;1.000001;0.616112;0.399688;1.053074;0.616117;0.448328;-0.154032;-0.326735;1.081694;-0.616112;0.999961;
16.512588;0.616246;0.326736;1.000001;0.616246;0.399713;1.053076;0.616251;0.448370;-0.154066;-0.326735;1.081694;-0.616246;0.999974;
16.514032;0.616241;0.326751;1.000001;0.616241;0.399729;1.053078;0.616246;0.448385;-0.154065;-0.326750;1.081698;-0.616241;0.999953;
16.515477;0.616150;0.326778;1.000001;0.616150;0.399742;1.053081;0.616155;0.448389;-0.154042;-0.326777;1.081704;-0.616150;0.999929;
16.518365;0.615868;0.326851;1.000001;0.615868;0.399769;1.053088;0.615873;0.448387;-0.153971;-0.326850;1.081723;-0.615868;0.999905;
16.524142;0.615338;0.326991;1.000001;0.615338;0.399826;1.053102;0.615343;0.448387;-0.153839;-0.326990;1.081758;-0.615338;0.999902;
16.529919;0.614887;0.327113;1.000001;0.614887;0.399877;1.053114;0.614892;0.448390;-0.153726;-0.327112;1.081788;-0.614887;0.999909;
16.535695;0.614507;0.327218;1.000001;0.614507;0.399922;1.053125;0.614512;0.448396;-0.153631;-0.327217;1.081814;-0.614507;0.999917;
16.547249;0.613896;0.327393;1.000001;0.613896;0.400002;1.053143;0.613901;0.448412;-0.153478;-0.327392;1.081858;-0.613896;0.999931;
16.558802;0.613515;0.327517;1.000001;0.613515;0.400067;1.053157;0.613520;0.448438;-0.153383;-0.327516;1.081889;-0.613515;0.999944;
16.570356;0.613358;0.327592;1.000001;0.613358;0.400121;1.053166;0.613363;0.448478;-0.153344;-0.327591;1.081908;-0.613358;0.999956;
16.593463;0.613636;0.327627;1.000001;0.613636;0.400210;1.053175;0.613641;0.448603;-0.153413;-0.327626;1.081916;-0.613636;0.999978;
16.616570;0.614620;0.327524;1.000001;0.614620;0.400279;1.053172;0.614625;0.448787;-0.153659;-0.327523;1.081891;-0.614620;0.999996;
16.639677;0.616197;0.327309;1.000001;0.616197;0.400334;1.053161;0.616202;0.449022;-0.154054;-0.327308;1.081837;-0.616197;1.000011;
16.662784;0.618262;0.327002;1.000001;0.618262;0.400379;1.053142;0.618267;0.449301;-0.154570;-0.327001;1.081760;-0.618262;1.000024;
16.685891;0.620722;0.326619;1.000001;0.620722;0.400415;1.053118;0.620727;0.449618;-0.155185;-0.326618;1.081665;-0.620722;1.000034;
16.708998;0.623493;0.326175;1.000001;0.623493;0.400445;1.053088;0.623498;0.449963;-0.155878;-0.326174;1.081554;-0.623493;1.000042;
16.732105;0.626505;0.325682;1.000001;0.626505;0.400469;1.053055;0.626510;0.450332;-0.156631;-0.325681;1.081431;-0.626505;1.000048;
16.755212;0.629695;0.325152;1.000001;0.629695;0.400488;1.053018;0.629700;0.450717;-0.157428;-0.325151;1.081298;-0.629695;1.000053;
16.778319;0.633010;0.324594;1.000001;0.633010;0.400504;1.052980;0.633015;0.451114;-0.158257;-0.324593;1.081158;-0.633010;1.000057;
16.801426;0.636402;0.324016;1.000001;0.636402;0.400515;1.052939;0.636407;0.451519;-0.159105;-0.324015;1.081014;-0.636402;1.000060;
16.824533;0.639832;0.323426;1.000001;0.639832;0.400524;1.052898;0.639837;0.451928;-0.159962;-0.323424;1.080866;-0.639832;1.000061;
16.847640;0.643266;0.322829;1.000001;0.643266;0.400531;1.052856;0.643271;0.452336;-0.160821;-0.322828;1.080717;-0.643266;1.000062;
16.870747;0.646674;0.322232;1.000001;0.646674;0.400535;1.052814;0.646679;0.452742;-0.161673;-0.322231;1.080568;-0.646674;1.000062;
16.893854;0.650033;0.321638;1.000001;0.650033;0.400538;1.052771;0.650038;0.453142;-0.162513;-0.321637;1.080420;-0.650033;1.000062;
16.916961;0.653321;0.321053;1.000001;0.653321;0.400539;1.052730;0.653327;0.453534;-0.163335;-0.321052;1.080273;-0.653321;1.000061;
16.940068;0.656523;0.320479;1.000001;0.656523;0.400538;1.052689;0.656529;0.453916;-0.164136;-0.320478;1.080130;-0.656523;1.000060;
16.986283;0.662604;0.319378;1.000001;0.662604;0.400535;1.052610;0.662610;0.454645;-0.165656;-0.319377;1.079855;-0.662604;1.000056;
17.032497;0.668217;0.318349;1.000001;0.668217;0.400528;1.052536;0.668223;0.455319;-0.167059;-0.318348;1.079597;-0.668217;1.000052;
17.078711;0.673323;0.317402;1.000001;0.673323;0.400518;1.052468;0.673328;0.455934;-0.168336;-0.317401;1.079361;-0.673323;1.000047;
17.124925;0.677903;0.316543;1.000001;0.677903;0.400506;1.052406;0.677909;0.456486;-0.169481;-0.316542;1.079146;-0.677903;1.000042;
17.171139;0.681961;0.315774;1.000001;0.681961;0.400491;1.052350;0.681967;0.456975;-0.170495;-0.315772;1.078954;-0.681961;1.000037;
17.217353;0.685512;0.315093;1.000001;0.685512;0.400475;1.052301;0.685518;0.457402;-0.171383;-0.315092;1.078784;-0.685512;1.000032;
17.263567;0.688583;0.314499;1.000001;0.688583;0.400457;1.052257;0.688589;0.457768;-0.172151;-0.314498;1.078635;-0.688583;1.000028;
17.309781;0.691207;0.313985;1.000001;0.691207;0.400438;1.052219;0.691213;0.458079;-0.172807;-0.313984;1.078507;-0.691207;1.000024;
17.402209;0.695323;0.313164;1.000001;0.695323;0.400395;1.052157;0.695329;0.458556;-0.173836;-0.313163;1.078301;-0.695323;1.000016;
17.485395;0.697894;0.312635;1.000001;0.697894;0.400354;1.052117;0.697900;0.458840;-0.174479;-0.312633;1.078169;-0.697894;1.000011;
17.568580;0.699618;0.312264;1.000001;0.699618;0.400310;1.052087;0.699623;0.459013;-0.174910;-0.312263;1.078077;-0.699618;1.000007;
17.651765;0.700691;0.312016;1.000001;0.700691;0.400264;1.052066;0.700696;0.459102;-0.175178;-0.312015;1.078015;-0.700691;1.000004;
17.734951;0.701284;0.311859;1.000001;0.701284;0.400217;1.052052;0.701290;0.459129;-0.175326;-0.311858;1.077975;-0.701284;1.000002;
17.818136;0.701541;0.311766;1.000001;0.701541;0.400170;1.052042;0.701546;0.459111;-0.175390;-0.311765;1.077952;-0.701541;1.000000;
17.901321;0.701572;0.311716;1.000001;0.701572;0.400122;1.052035;0.701578;0.459065;-0.175398;-0.311715;1.077940;-0.701572;1.000000;
17.984507;0.701466;0.311693;1.000001;0.701466;0.400074;1.052030;0.701472;0.459001;-0.175372;-0.311692;1.077934;-0.701466;0.999999;
18.067692;0.701284;0.311685;1.000001;0.701284;0.400027;1.052026;0.701290;0.458927;-0.175326;-0.311684;1.077932;-0.701284;0.999999;
18.150877;0.701071;0.311683;1.000001;0.701071;0.399980;1.052022;0.701077;0.458851;-0.175273;-0.311682;1.077931;-0.701071;0.999999;
18.317248;0.700673;0.311678;1.000001;0.700673;0.399891;1.052015;0.700679;0.458705;-0.175174;-0.311677;1.077930;-0.700673;0.999999;
18.483619;0.700353;0.311661;1.000001;0.700353;0.399805;1.052008;0.700358;0.458574;-0.175093;-0.311660;1.077926;-0.700353;0.999999;
18.649989;0.700135;0.311630;1.000001;0.700135;0.399725;1.052000;0.700141;0.458461;-0.175039;-0.311628;1.077918;-0.700135;1.000000;
18.982731;0.699929;0.311536;1.000001;0.699929;0.399579;1.051983;0.699935;0.458280;-0.174988;-0.311535;1.077894;-0.699929;1.000000;
19.315472;0.699905;0.311424;1.000001;0.699905;0.399452;1.051966;0.699911;0.458143;-0.174982;-0.311423;1.077866;-0.699905;1.000000;
19.648214;0.699943;0.311316;1.000001;0.699943;0.399342;1.051951;0.699949;0.458031;-0.174991;-0.311315;1.077839;-0.699943;1.000000;
19.980955;0.699981;0.311222;1.000001;0.699981;0.399247;1.051937;0.699987;0.457936;-0.175001;-0.311221;1.077816;-0.699981;1.000000;
20.000000;0.699984;0.311217;1.000001;0.699984;0.399242;1.051936;0.699989;0.457931;-0.175001;-0.311216;1.077815;-0.699984;1.000000;
