time;GFMDroop_GFMDroop_ControlDroop_PFilterPu;GFMDroop_GFMDroop_ControlDroop_PFilterRefPu;
0.0000000;0.9500000;0.9500000;
0.0010000;0.9500000;0.9500000;
0.0020000;0.9500000;0.9500000;
0.0030000;0.9500000;0.9500000;
0.0040000;0.9500000;0.9500000;
0.0050000;0.9500000;0.9500000;
0.0060000;0.9500000;0.9500000;
0.0070000;0.9500000;0.9500000;
0.0080000;0.9500000;0.9500000;
0.0090000;0.9500000;0.9500000;
0.0100000;0.9500000;0.9500000;
0.0110000;0.9500000;0.9500000;
0.0120000;0.9500000;0.9500000;
0.0130000;0.9500000;0.9500000;
0.0140000;0.9500000;0.9500000;
0.0150000;0.9500000;0.9500000;
0.0160000;0.9500000;0.9500000;
0.0170000;0.9500000;0.9500000;
0.0180000;0.9500000;0.9500000;
0.0190000;0.9500000;0.9500000;
0.0200000;0.9500000;0.9500000;
0.0210000;0.9500000;0.9500000;
0.0220000;0.9500000;0.9500000;
0.0230000;0.9500000;0.9500000;
0.0240000;0.9500000;0.9500000;
0.0250000;0.9500000;0.9500000;
0.0260000;0.9500000;0.9500000;
0.0270000;0.9500000;0.9500000;
0.0280000;0.9500000;0.9500000;
0.0290000;0.9500000;0.9500000;
0.0300000;0.9500000;0.9500000;
0.0310000;0.9500000;0.9500000;
0.0320000;0.9500000;0.9500000;
0.0330000;0.9500000;0.9500000;
0.0340000;0.9500000;0.9500000;
0.0350000;0.9500000;0.9500000;
0.0360000;0.9500000;0.9500000;
0.0370000;0.9500000;0.9500000;
0.0380000;0.9500000;0.9500000;
0.0390000;0.9500000;0.9500000;
0.0400000;0.9500000;0.9500000;
0.0410000;0.9500000;0.9500000;
0.0420000;0.9500000;0.9500000;
0.0430000;0.9500000;0.9500000;
0.0440000;0.9500000;0.9500000;
0.0450000;0.9500000;0.9500000;
0.0460000;0.9500000;0.9500000;
0.0470000;0.9500000;0.9500000;
0.0480000;0.9500000;0.9500000;
0.0490000;0.9500000;0.9500000;
0.0500000;0.9500000;0.9500000;
0.0510000;0.9500000;0.9500000;
0.0520000;0.9500000;0.9500000;
0.0530000;0.9500000;0.9500000;
0.0540000;0.9500000;0.9500000;
0.0550000;0.9500000;0.9500000;
0.0560000;0.9500000;0.9500000;
0.0570000;0.9500000;0.9500000;
0.0580000;0.9500000;0.9500000;
0.0590000;0.9500000;0.9500000;
0.0600000;0.9500000;0.9500000;
0.0610000;0.9500000;0.9500000;
0.0620000;0.9500000;0.9500000;
0.0630000;0.9500000;0.9500000;
0.0640000;0.9500000;0.9500000;
0.0650000;0.9500000;0.9500000;
0.0660000;0.9500000;0.9500000;
0.0670000;0.9500000;0.9500000;
0.0680000;0.9500000;0.9500000;
0.0690000;0.9500000;0.9500000;
0.0700000;0.9500000;0.9500000;
0.0710000;0.9500000;0.9500000;
0.0720000;0.9500000;0.9500000;
0.0730000;0.9500000;0.9500000;
0.0740000;0.9500000;0.9500000;
0.0750000;0.9500000;0.9500000;
0.0760000;0.9500000;0.9500000;
0.0770000;0.9500000;0.9500000;
0.0780000;0.9500000;0.9500000;
0.0790000;0.9500000;0.9500000;
0.0800000;0.9500000;0.9500000;
0.0810000;0.9500000;0.9500000;
0.0820000;0.9500000;0.9500000;
0.0830000;0.9500000;0.9500000;
0.0840000;0.9500000;0.9500000;
0.0850000;0.9500000;0.9500000;
0.0860000;0.9500000;0.9500000;
0.0870000;0.9500000;0.9500000;
0.0880000;0.9500000;0.9500000;
0.0890000;0.9500000;0.9500000;
0.0900000;0.9500000;0.9500000;
0.0910000;0.9500000;0.9500000;
0.0920000;0.9500000;0.9500000;
0.0930000;0.9500000;0.9500000;
0.0940000;0.9500000;0.9500000;
0.0950000;0.9500000;0.9500000;
0.0960000;0.9500000;0.9500000;
0.0970000;0.9500000;0.9500000;
0.0980000;0.9500000;0.9500000;
0.0990000;0.9500000;0.9500000;
0.1000000;0.9500000;0.9500000;
0.1010000;0.9500000;0.9500000;
0.1020000;0.9500000;0.9500000;
0.1030000;0.9500000;0.9500000;
0.1040000;0.9500000;0.9500000;
0.1050000;0.9500000;0.9500000;
0.1060000;0.9500000;0.9500000;
0.1070000;0.9500000;0.9500000;
0.1080000;0.9500000;0.9500000;
0.1090000;0.9500000;0.9500000;
0.1100000;0.9500000;0.9500000;
0.1110000;0.9500000;0.9500000;
0.1120000;0.9500000;0.9500000;
0.1130000;0.9500000;0.9500000;
0.1140000;0.9500000;0.9500000;
0.1150000;0.9500000;0.9500000;
0.1160000;0.9500000;0.9500000;
0.1170000;0.9500000;0.9500000;
0.1180000;0.9500000;0.9500000;
0.1190000;0.9500000;0.9500000;
0.1200000;0.9500000;0.9500000;
0.1210000;0.9500000;0.9500000;
0.1220000;0.9500000;0.9500000;
0.1230000;0.9500000;0.9500000;
0.1240000;0.9500000;0.9500000;
0.1250000;0.9500000;0.9500000;
0.1260000;0.9500000;0.9500000;
0.1270000;0.9500000;0.9500000;
0.1280000;0.9500000;0.9500000;
0.1290000;0.9500000;0.9500000;
0.1300000;0.9500000;0.9500000;
0.1310000;0.9500000;0.9500000;
0.1320000;0.9500000;0.9500000;
0.1330000;0.9500000;0.9500000;
0.1340000;0.9500000;0.9500000;
0.1350000;0.9500000;0.9500000;
0.1360000;0.9500000;0.9500000;
0.1370000;0.9500000;0.9500000;
0.1380000;0.9500000;0.9500000;
0.1390000;0.9500000;0.9500000;
0.1400000;0.9500000;0.9500000;
0.1410000;0.9500000;0.9500000;
0.1420000;0.9500000;0.9500000;
0.1430000;0.9500000;0.9500000;
0.1440000;0.9500000;0.9500000;
0.1450000;0.9500000;0.9500000;
0.1460000;0.9500000;0.9500000;
0.1470000;0.9500000;0.9500000;
0.1480000;0.9500000;0.9500000;
0.1490000;0.9500000;0.9500000;
0.1500000;0.9500000;0.9500000;
0.1510000;0.9500000;0.9500000;
0.1520000;0.9500000;0.9500000;
0.1530000;0.9500000;0.9500000;
0.1540000;0.9500000;0.9500000;
0.1550000;0.9500000;0.9500000;
0.1560000;0.9500000;0.9500000;
0.1570000;0.9500000;0.9500000;
0.1580000;0.9500000;0.9500000;
0.1590000;0.9500000;0.9500000;
0.1600000;0.9500000;0.9500000;
0.1610000;0.9500000;0.9500000;
0.1620000;0.9500000;0.9500000;
0.1630000;0.9500000;0.9500000;
0.1640000;0.9500000;0.9500000;
0.1650000;0.9500000;0.9500000;
0.1660000;0.9500000;0.9500000;
0.1670000;0.9500000;0.9500000;
0.1680000;0.9500000;0.9500000;
0.1690000;0.9500000;0.9500000;
0.1700000;0.9500000;0.9500000;
0.1710000;0.9500000;0.9500000;
0.1720000;0.9500000;0.9500000;
0.1730000;0.9500000;0.9500000;
0.1740000;0.9500000;0.9500000;
0.1750000;0.9500000;0.9500000;
0.1760000;0.9500000;0.9500000;
0.1770000;0.9500000;0.9500000;
0.1780000;0.9500000;0.9500000;
0.1790000;0.9500000;0.9500000;
0.1800000;0.9500000;0.9500000;
0.1810000;0.9500000;0.9500000;
0.1820000;0.9500000;0.9500000;
0.1830000;0.9500000;0.9500000;
0.1840000;0.9500000;0.9500000;
0.1850000;0.9500000;0.9500000;
0.1860000;0.9500000;0.9500000;
0.1870000;0.9500000;0.9500000;
0.1880000;0.9500000;0.9500000;
0.1890000;0.9500000;0.9500000;
0.1900000;0.9500000;0.9500000;
0.1910000;0.9500000;0.9500000;
0.1920000;0.9500000;0.9500000;
0.1930000;0.9500000;0.9500000;
0.1940000;0.9500000;0.9500000;
0.1950000;0.9500000;0.9500000;
0.1960000;0.9500000;0.9500000;
0.1970000;0.9500000;0.9500000;
0.1980000;0.9500000;0.9500000;
0.1990000;0.9500000;0.9500000;
0.2000000;0.9500000;0.9500000;
0.2010000;0.9500000;0.9500000;
0.2020000;0.9500000;0.9500000;
0.2030000;0.9500000;0.9500000;
0.2040000;0.9500000;0.9500000;
0.2050000;0.9500000;0.9500000;
0.2060000;0.9500000;0.9500000;
0.2070000;0.9500000;0.9500000;
0.2080000;0.9500000;0.9500000;
0.2090000;0.9500000;0.9500000;
0.2100000;0.9500000;0.9500000;
0.2110000;0.9500000;0.9500000;
0.2120000;0.9500000;0.9500000;
0.2130000;0.9500000;0.9500000;
0.2140000;0.9500000;0.9500000;
0.2150000;0.9500000;0.9500000;
0.2160000;0.9500000;0.9500000;
0.2170000;0.9500000;0.9500000;
0.2180000;0.9500000;0.9500000;
0.2190000;0.9500000;0.9500000;
0.2200000;0.9500000;0.9500000;
0.2210000;0.9500000;0.9500000;
0.2220000;0.9500000;0.9500000;
0.2230000;0.9500000;0.9500000;
0.2240000;0.9500000;0.9500000;
0.2250000;0.9500000;0.9500000;
0.2260000;0.9500000;0.9500000;
0.2270000;0.9500000;0.9500000;
0.2280000;0.9500000;0.9500000;
0.2290000;0.9500000;0.9500000;
0.2300000;0.9500000;0.9500000;
0.2310000;0.9500000;0.9500000;
0.2320000;0.9500000;0.9500000;
0.2330000;0.9500000;0.9500000;
0.2340000;0.9500000;0.9500000;
0.2350000;0.9500000;0.9500000;
0.2360000;0.9500000;0.9500000;
0.2370000;0.9500000;0.9500000;
0.2380000;0.9500000;0.9500000;
0.2390000;0.9500000;0.9500000;
0.2400000;0.9500000;0.9500000;
0.2410000;0.9500000;0.9500000;
0.2420000;0.9500000;0.9500000;
0.2430000;0.9500000;0.9500000;
0.2440000;0.9500000;0.9500000;
0.2450000;0.9500000;0.9500000;
0.2460000;0.9500000;0.9500000;
0.2470000;0.9500000;0.9500000;
0.2480000;0.9500000;0.9500000;
0.2490000;0.9500000;0.9500000;
0.2500000;0.9500000;0.9500000;
0.2510000;0.9500000;0.9500000;
0.2520000;0.9500000;0.9500000;
0.2530000;0.9500000;0.9500000;
0.2540000;0.9500000;0.9500000;
0.2550000;0.9500000;0.9500000;
0.2560000;0.9500000;0.9500000;
0.2570000;0.9500000;0.9500000;
0.2580000;0.9500000;0.9500000;
0.2590000;0.9500000;0.9500000;
0.2600000;0.9500000;0.9500000;
0.2610000;0.9500000;0.9500000;
0.2620000;0.9500000;0.9500000;
0.2630000;0.9500000;0.9500000;
0.2640000;0.9500000;0.9500000;
0.2650000;0.9500000;0.9500000;
0.2660000;0.9500000;0.9500000;
0.2670000;0.9500000;0.9500000;
0.2680000;0.9500000;0.9500000;
0.2690000;0.9500000;0.9500000;
0.2700000;0.9500000;0.9500000;
0.2710000;0.9500000;0.9500000;
0.2720000;0.9500000;0.9500000;
0.2730000;0.9500000;0.9500000;
0.2740000;0.9500000;0.9500000;
0.2750000;0.9500000;0.9500000;
0.2760000;0.9500000;0.9500000;
0.2770000;0.9500000;0.9500000;
0.2780000;0.9500000;0.9500000;
0.2790000;0.9500000;0.9500000;
0.2800000;0.9500000;0.9500000;
0.2810000;0.9500000;0.9500000;
0.2820000;0.9500000;0.9500000;
0.2830000;0.9500000;0.9500000;
0.2840000;0.9500000;0.9500000;
0.2850000;0.9500000;0.9500000;
0.2860000;0.9500000;0.9500000;
0.2870000;0.9500000;0.9500000;
0.2880000;0.9500000;0.9500000;
0.2890000;0.9500000;0.9500000;
0.2900000;0.9500000;0.9500000;
0.2910000;0.9500000;0.9500000;
0.2920000;0.9500000;0.9500000;
0.2930000;0.9500000;0.9500000;
0.2940000;0.9500000;0.9500000;
0.2950000;0.9500000;0.9500000;
0.2960000;0.9500000;0.9500000;
0.2970000;0.9500000;0.9500000;
0.2980000;0.9500000;0.9500000;
0.2990000;0.9500000;0.9500000;
0.3000000;0.9500000;0.9500000;
0.3010000;0.9500000;0.9500000;
0.3020000;0.9500000;0.9500000;
0.3030000;0.9500000;0.9500000;
0.3040000;0.9500000;0.9500000;
0.3050000;0.9500000;0.9500000;
0.3060000;0.9500000;0.9500000;
0.3070000;0.9500000;0.9500000;
0.3080000;0.9500000;0.9500000;
0.3090000;0.9500000;0.9500000;
0.3100000;0.9500000;0.9500000;
0.3110000;0.9500000;0.9500000;
0.3120000;0.9500000;0.9500000;
0.3130000;0.9500000;0.9500000;
0.3140000;0.9500000;0.9500000;
0.3150000;0.9500000;0.9500000;
0.3160000;0.9500000;0.9500000;
0.3170000;0.9500000;0.9500000;
0.3180000;0.9500000;0.9500000;
0.3190000;0.9500000;0.9500000;
0.3200000;0.9500000;0.9500000;
0.3210000;0.9500000;0.9500000;
0.3220000;0.9500000;0.9500000;
0.3230000;0.9500000;0.9500000;
0.3240000;0.9500000;0.9500000;
0.3250000;0.9500000;0.9500000;
0.3260000;0.9500000;0.9500000;
0.3270000;0.9500000;0.9500000;
0.3280000;0.9500000;0.9500000;
0.3290000;0.9500000;0.9500000;
0.3300000;0.9500000;0.9500000;
0.3310000;0.9500000;0.9500000;
0.3320000;0.9500000;0.9500000;
0.3330000;0.9500000;0.9500000;
0.3340000;0.9500000;0.9500000;
0.3350000;0.9500000;0.9500000;
0.3360000;0.9500000;0.9500000;
0.3370000;0.9500000;0.9500000;
0.3380000;0.9500000;0.9500000;
0.3390000;0.9500000;0.9500000;
0.3400000;0.9500000;0.9500000;
0.3410000;0.9500000;0.9500000;
0.3420000;0.9500000;0.9500000;
0.3430000;0.9500000;0.9500000;
0.3440000;0.9500000;0.9500000;
0.3450000;0.9500000;0.9500000;
0.3460000;0.9500000;0.9500000;
0.3470000;0.9500000;0.9500000;
0.3480000;0.9500000;0.9500000;
0.3490000;0.9500000;0.9500000;
0.3500000;0.9500000;0.9500000;
0.3510000;0.9500000;0.9500000;
0.3520000;0.9500000;0.9500000;
0.3530000;0.9500000;0.9500000;
0.3540000;0.9500000;0.9500000;
0.3550000;0.9500000;0.9500000;
0.3560000;0.9500000;0.9500000;
0.3570000;0.9500000;0.9500000;
0.3580000;0.9500000;0.9500000;
0.3590000;0.9500000;0.9500000;
0.3600000;0.9500000;0.9500000;
0.3610000;0.9500000;0.9500000;
0.3620000;0.9500000;0.9500000;
0.3630000;0.9500000;0.9500000;
0.3640000;0.9500000;0.9500000;
0.3650000;0.9500000;0.9500000;
0.3660000;0.9500000;0.9500000;
0.3670000;0.9500000;0.9500000;
0.3680000;0.9500000;0.9500000;
0.3690000;0.9500000;0.9500000;
0.3700000;0.9500000;0.9500000;
0.3710000;0.9500000;0.9500000;
0.3720000;0.9500000;0.9500000;
0.3730000;0.9500000;0.9500000;
0.3740000;0.9500000;0.9500000;
0.3750000;0.9500000;0.9500000;
0.3760000;0.9500000;0.9500000;
0.3770000;0.9500000;0.9500000;
0.3780000;0.9500000;0.9500000;
0.3790000;0.9500000;0.9500000;
0.3800000;0.9500000;0.9500000;
0.3810000;0.9500000;0.9500000;
0.3820000;0.9500000;0.9500000;
0.3830000;0.9500000;0.9500000;
0.3840000;0.9500000;0.9500000;
0.3850000;0.9500000;0.9500000;
0.3860000;0.9500000;0.9500000;
0.3870000;0.9500000;0.9500000;
0.3880000;0.9500000;0.9500000;
0.3890000;0.9500000;0.9500000;
0.3900000;0.9500000;0.9500000;
0.3910000;0.9500000;0.9500000;
0.3920000;0.9500000;0.9500000;
0.3930000;0.9500000;0.9500000;
0.3940000;0.9500000;0.9500000;
0.3950000;0.9500000;0.9500000;
0.3960000;0.9500000;0.9500000;
0.3970000;0.9500000;0.9500000;
0.3980000;0.9500000;0.9500000;
0.3990000;0.9500000;0.9500000;
0.4000000;0.9500000;0.9500000;
0.4010000;0.9500000;0.9500000;
0.4020000;0.9500000;0.9500000;
0.4030000;0.9500000;0.9500000;
0.4040000;0.9500000;0.9500000;
0.4050000;0.9500000;0.9500000;
0.4060000;0.9500000;0.9500000;
0.4070000;0.9500000;0.9500000;
0.4080000;0.9500000;0.9500000;
0.4090000;0.9500000;0.9500000;
0.4100000;0.9500000;0.9500000;
0.4110000;0.9500000;0.9500000;
0.4120000;0.9500000;0.9500000;
0.4130000;0.9500000;0.9500000;
0.4140000;0.9500000;0.9500000;
0.4150000;0.9500000;0.9500000;
0.4160000;0.9500000;0.9500000;
0.4170000;0.9500000;0.9500000;
0.4180000;0.9500000;0.9500000;
0.4190000;0.9500000;0.9500000;
0.4200000;0.9500000;0.9500000;
0.4210000;0.9500000;0.9500000;
0.4220000;0.9500000;0.9500000;
0.4230000;0.9500000;0.9500000;
0.4240000;0.9500000;0.9500000;
0.4250000;0.9500000;0.9500000;
0.4260000;0.9500000;0.9500000;
0.4270000;0.9500000;0.9500000;
0.4280000;0.9500000;0.9500000;
0.4290000;0.9500000;0.9500000;
0.4300000;0.9500000;0.9500000;
0.4310000;0.9500000;0.9500000;
0.4320000;0.9500000;0.9500000;
0.4330000;0.9500000;0.9500000;
0.4340000;0.9500000;0.9500000;
0.4350000;0.9500000;0.9500000;
0.4360000;0.9500000;0.9500000;
0.4370000;0.9500000;0.9500000;
0.4380000;0.9500000;0.9500000;
0.4390000;0.9500000;0.9500000;
0.4400000;0.9500000;0.9500000;
0.4410000;0.9500000;0.9500000;
0.4420000;0.9500000;0.9500000;
0.4430000;0.9500000;0.9500000;
0.4440000;0.9500000;0.9500000;
0.4450000;0.9500000;0.9500000;
0.4460000;0.9500000;0.9500000;
0.4470000;0.9500000;0.9500000;
0.4480000;0.9500000;0.9500000;
0.4490000;0.9500000;0.9500000;
0.4500000;0.9500000;0.9500000;
0.4510000;0.9500000;0.9500000;
0.4520000;0.9500000;0.9500000;
0.4530000;0.9500000;0.9500000;
0.4540000;0.9500000;0.9500000;
0.4550000;0.9500000;0.9500000;
0.4560000;0.9500000;0.9500000;
0.4570000;0.9500000;0.9500000;
0.4580000;0.9500000;0.9500000;
0.4590000;0.9500000;0.9500000;
0.4600000;0.9500000;0.9500000;
0.4610000;0.9500000;0.9500000;
0.4620000;0.9500000;0.9500000;
0.4630000;0.9500000;0.9500000;
0.4640000;0.9500000;0.9500000;
0.4650000;0.9500000;0.9500000;
0.4660000;0.9500000;0.9500000;
0.4670000;0.9500000;0.9500000;
0.4680000;0.9500000;0.9500000;
0.4690000;0.9500000;0.9500000;
0.4700000;0.9500000;0.9500000;
0.4710000;0.9500000;0.9500000;
0.4720000;0.9500000;0.9500000;
0.4730000;0.9500000;0.9500000;
0.4740000;0.9500000;0.9500000;
0.4750000;0.9500000;0.9500000;
0.4760000;0.9500000;0.9500000;
0.4770000;0.9500000;0.9500000;
0.4780000;0.9500000;0.9500000;
0.4790000;0.9500000;0.9500000;
0.4800000;0.9500000;0.9500000;
0.4810000;0.9500000;0.9500000;
0.4820000;0.9500000;0.9500000;
0.4830000;0.9500000;0.9500000;
0.4840000;0.9500000;0.9500000;
0.4850000;0.9500000;0.9500000;
0.4860000;0.9500000;0.9500000;
0.4870000;0.9500000;0.9500000;
0.4880000;0.9500000;0.9500000;
0.4890000;0.9500000;0.9500000;
0.4900000;0.9500000;0.9500000;
0.4910000;0.9500000;0.9500000;
0.4920000;0.9500000;0.9500000;
0.4930000;0.9500000;0.9500000;
0.4940000;0.9500000;0.9500000;
0.4950000;0.9500000;0.9500000;
0.4960000;0.9500000;0.9500000;
0.4970000;0.9500000;0.9500000;
0.4980000;0.9500000;0.9500000;
0.4990000;0.9500000;0.9500000;
0.5000000;0.9500000;0.9500000;
0.5010000;0.9500000;0.9500000;
0.5020000;0.9500000;0.9500000;
0.5030000;0.9500000;0.9500000;
0.5040000;0.9500000;0.9500000;
0.5050000;0.9500000;0.9500000;
0.5060000;0.9500000;0.9500000;
0.5070000;0.9500000;0.9500000;
0.5080000;0.9500000;0.9500000;
0.5090000;0.9500000;0.9500000;
0.5100000;0.9500000;0.9500000;
0.5110000;0.9500000;0.9500000;
0.5120000;0.9500000;0.9500000;
0.5130000;0.9500000;0.9500000;
0.5140000;0.9500000;0.9500000;
0.5150000;0.9500000;0.9500000;
0.5160000;0.9500000;0.9500000;
0.5170000;0.9500000;0.9500000;
0.5180000;0.9500000;0.9500000;
0.5190000;0.9500000;0.9500000;
0.5200000;0.9500000;0.9500000;
0.5210000;0.9500000;0.9500000;
0.5220000;0.9500000;0.9500000;
0.5230000;0.9500000;0.9500000;
0.5240000;0.9500000;0.9500000;
0.5250000;0.9500000;0.9500000;
0.5260000;0.9500000;0.9500000;
0.5270000;0.9500000;0.9500000;
0.5280000;0.9500000;0.9500000;
0.5290000;0.9500000;0.9500000;
0.5300000;0.9500000;0.9500000;
0.5310000;0.9500000;0.9500000;
0.5320000;0.9500000;0.9500000;
0.5330000;0.9500000;0.9500000;
0.5340000;0.9500000;0.9500000;
0.5350000;0.9500000;0.9500000;
0.5360000;0.9500000;0.9500000;
0.5370000;0.9500000;0.9500000;
0.5380000;0.9500000;0.9500000;
0.5390000;0.9500000;0.9500000;
0.5400000;0.9500000;0.9500000;
0.5410000;0.9500000;0.9500000;
0.5420000;0.9500000;0.9500000;
0.5430000;0.9500000;0.9500000;
0.5440000;0.9500000;0.9500000;
0.5450000;0.9500000;0.9500000;
0.5460000;0.9500000;0.9500000;
0.5470000;0.9500000;0.9500000;
0.5480000;0.9500000;0.9500000;
0.5490000;0.9500000;0.9500000;
0.5500000;0.9500000;0.9500000;
0.5510000;0.9500000;0.9500000;
0.5520000;0.9500000;0.9500000;
0.5530000;0.9500000;0.9500000;
0.5540000;0.9500000;0.9500000;
0.5550000;0.9500000;0.9500000;
0.5560000;0.9500000;0.9500000;
0.5570000;0.9500000;0.9500000;
0.5580000;0.9500000;0.9500000;
0.5590000;0.9500000;0.9500000;
0.5600000;0.9500000;0.9500000;
0.5610000;0.9500000;0.9500000;
0.5620000;0.9500000;0.9500000;
0.5630000;0.9500000;0.9500000;
0.5640000;0.9500000;0.9500000;
0.5650000;0.9500000;0.9500000;
0.5660000;0.9500000;0.9500000;
0.5670000;0.9500000;0.9500000;
0.5680000;0.9500000;0.9500000;
0.5690000;0.9500000;0.9500000;
0.5700000;0.9500000;0.9500000;
0.5710000;0.9500000;0.9500000;
0.5720000;0.9500000;0.9500000;
0.5730000;0.9500000;0.9500000;
0.5740000;0.9500000;0.9500000;
0.5750000;0.9500000;0.9500000;
0.5760000;0.9500000;0.9500000;
0.5770000;0.9500000;0.9500000;
0.5780000;0.9500000;0.9500000;
0.5790000;0.9500000;0.9500000;
0.5800000;0.9500000;0.9500000;
0.5810000;0.9500000;0.9500000;
0.5820000;0.9500000;0.9500000;
0.5830000;0.9500000;0.9500000;
0.5840000;0.9500000;0.9500000;
0.5850000;0.9500000;0.9500000;
0.5860000;0.9500000;0.9500000;
0.5870000;0.9500000;0.9500000;
0.5880000;0.9500000;0.9500000;
0.5890000;0.9500000;0.9500000;
0.5900000;0.9500000;0.9500000;
0.5910000;0.9500000;0.9500000;
0.5920000;0.9500000;0.9500000;
0.5930000;0.9500000;0.9500000;
0.5940000;0.9500000;0.9500000;
0.5950000;0.9500000;0.9500000;
0.5960000;0.9500000;0.9500000;
0.5970000;0.9500000;0.9500000;
0.5980000;0.9500000;0.9500000;
0.5990000;0.9500000;0.9500000;
0.6000000;0.9500000;0.9500000;
0.6010000;0.9500000;0.9500000;
0.6020000;0.9500000;0.9500000;
0.6030000;0.9500000;0.9500000;
0.6040000;0.9500000;0.9500000;
0.6050000;0.9500000;0.9500000;
0.6060000;0.9500000;0.9500000;
0.6070000;0.9500000;0.9500000;
0.6080000;0.9500000;0.9500000;
0.6090000;0.9500000;0.9500000;
0.6100000;0.9500000;0.9500000;
0.6110000;0.9500000;0.9500000;
0.6120000;0.9500000;0.9500000;
0.6130000;0.9500000;0.9500000;
0.6140000;0.9500000;0.9500000;
0.6150000;0.9500000;0.9500000;
0.6160000;0.9500000;0.9500000;
0.6170000;0.9500000;0.9500000;
0.6180000;0.9500000;0.9500000;
0.6190000;0.9500000;0.9500000;
0.6200000;0.9500000;0.9500000;
0.6210000;0.9500000;0.9500000;
0.6220000;0.9500000;0.9500000;
0.6230000;0.9500000;0.9500000;
0.6240000;0.9500000;0.9500000;
0.6250000;0.9500000;0.9500000;
0.6260000;0.9500000;0.9500000;
0.6270000;0.9500000;0.9500000;
0.6280000;0.9500000;0.9500000;
0.6290000;0.9500000;0.9500000;
0.6300000;0.9500000;0.9500000;
0.6310000;0.9500000;0.9500000;
0.6320000;0.9500000;0.9500000;
0.6330000;0.9500000;0.9500000;
0.6340000;0.9500000;0.9500000;
0.6350000;0.9500000;0.9500000;
0.6360000;0.9500000;0.9500000;
0.6370000;0.9500000;0.9500000;
0.6380000;0.9500000;0.9500000;
0.6390000;0.9500000;0.9500000;
0.6400000;0.9500000;0.9500000;
0.6410000;0.9500000;0.9500000;
0.6420000;0.9500000;0.9500000;
0.6430000;0.9500000;0.9500000;
0.6440000;0.9500000;0.9500000;
0.6450000;0.9500000;0.9500000;
0.6460000;0.9500000;0.9500000;
0.6470000;0.9500000;0.9500000;
0.6480000;0.9500000;0.9500000;
0.6490000;0.9500000;0.9500000;
0.6500000;0.9500000;0.9500000;
0.6510000;0.9500000;0.9500000;
0.6520000;0.9500000;0.9500000;
0.6530000;0.9500000;0.9500000;
0.6540000;0.9500000;0.9500000;
0.6550000;0.9500000;0.9500000;
0.6560000;0.9500000;0.9500000;
0.6570000;0.9500000;0.9500000;
0.6580000;0.9500000;0.9500000;
0.6590000;0.9500000;0.9500000;
0.6600000;0.9500000;0.9500000;
0.6610000;0.9500000;0.9500000;
0.6620000;0.9500000;0.9500000;
0.6630000;0.9500000;0.9500000;
0.6640000;0.9500000;0.9500000;
0.6650000;0.9500000;0.9500000;
0.6660000;0.9500000;0.9500000;
0.6670000;0.9500000;0.9500000;
0.6680000;0.9500000;0.9500000;
0.6690000;0.9500000;0.9500000;
0.6700000;0.9500000;0.9500000;
0.6710000;0.9500000;0.9500000;
0.6720000;0.9500000;0.9500000;
0.6730000;0.9500000;0.9500000;
0.6740000;0.9500000;0.9500000;
0.6750000;0.9500000;0.9500000;
0.6760000;0.9500000;0.9500000;
0.6770000;0.9500000;0.9500000;
0.6780000;0.9500000;0.9500000;
0.6790000;0.9500000;0.9500000;
0.6800000;0.9500000;0.9500000;
0.6810000;0.9500000;0.9500000;
0.6820000;0.9500000;0.9500000;
0.6830000;0.9500000;0.9500000;
0.6840000;0.9500000;0.9500000;
0.6850000;0.9500000;0.9500000;
0.6860000;0.9500000;0.9500000;
0.6870000;0.9500000;0.9500000;
0.6880000;0.9500000;0.9500000;
0.6890000;0.9500000;0.9500000;
0.6900000;0.9500000;0.9500000;
0.6910000;0.9500000;0.9500000;
0.6920000;0.9500000;0.9500000;
0.6930000;0.9500000;0.9500000;
0.6940000;0.9500000;0.9500000;
0.6950000;0.9500000;0.9500000;
0.6960000;0.9500000;0.9500000;
0.6970000;0.9500000;0.9500000;
0.6980000;0.9500000;0.9500000;
0.6990000;0.9500000;0.9500000;
0.7000000;0.9500000;0.9500000;
0.7010000;0.9500000;0.9500000;
0.7020000;0.9500000;0.9500000;
0.7030000;0.9500000;0.9500000;
0.7040000;0.9500000;0.9500000;
0.7050000;0.9500000;0.9500000;
0.7060000;0.9500000;0.9500000;
0.7070000;0.9500000;0.9500000;
0.7080000;0.9500000;0.9500000;
0.7090000;0.9500000;0.9500000;
0.7100000;0.9500000;0.9500000;
0.7110000;0.9500000;0.9500000;
0.7120000;0.9500000;0.9500000;
0.7130000;0.9500000;0.9500000;
0.7140000;0.9500000;0.9500000;
0.7150000;0.9500000;0.9500000;
0.7160000;0.9500000;0.9500000;
0.7170000;0.9500000;0.9500000;
0.7180000;0.9500000;0.9500000;
0.7190000;0.9500000;0.9500000;
0.7200000;0.9500000;0.9500000;
0.7210000;0.9500000;0.9500000;
0.7220000;0.9500000;0.9500000;
0.7230000;0.9500000;0.9500000;
0.7240000;0.9500000;0.9500000;
0.7250000;0.9500000;0.9500000;
0.7260000;0.9500000;0.9500000;
0.7270000;0.9500000;0.9500000;
0.7280000;0.9500000;0.9500000;
0.7290000;0.9500000;0.9500000;
0.7300000;0.9500000;0.9500000;
0.7310000;0.9500000;0.9500000;
0.7320000;0.9500000;0.9500000;
0.7330000;0.9500000;0.9500000;
0.7340000;0.9500000;0.9500000;
0.7350000;0.9500000;0.9500000;
0.7360000;0.9500000;0.9500000;
0.7370000;0.9500000;0.9500000;
0.7380000;0.9500000;0.9500000;
0.7390000;0.9500000;0.9500000;
0.7400000;0.9500000;0.9500000;
0.7410000;0.9500000;0.9500000;
0.7420000;0.9500000;0.9500000;
0.7430000;0.9500000;0.9500000;
0.7440000;0.9500000;0.9500000;
0.7450000;0.9500000;0.9500000;
0.7460000;0.9500000;0.9500000;
0.7470000;0.9500000;0.9500000;
0.7480000;0.9500000;0.9500000;
0.7490000;0.9500000;0.9500000;
0.7500000;0.9500000;0.9500000;
0.7510000;0.9500000;0.9500000;
0.7520000;0.9500000;0.9500000;
0.7530000;0.9500000;0.9500000;
0.7540000;0.9500000;0.9500000;
0.7550000;0.9500000;0.9500000;
0.7560000;0.9500000;0.9500000;
0.7570000;0.9500000;0.9500000;
0.7580000;0.9500000;0.9500000;
0.7590000;0.9500000;0.9500000;
0.7600000;0.9500000;0.9500000;
0.7610000;0.9500000;0.9500000;
0.7620000;0.9500000;0.9500000;
0.7630000;0.9500000;0.9500000;
0.7640000;0.9500000;0.9500000;
0.7650000;0.9500000;0.9500000;
0.7660000;0.9500000;0.9500000;
0.7670000;0.9500000;0.9500000;
0.7680000;0.9500000;0.9500000;
0.7690000;0.9500000;0.9500000;
0.7700000;0.9500000;0.9500000;
0.7710000;0.9500000;0.9500000;
0.7720000;0.9500000;0.9500000;
0.7730000;0.9500000;0.9500000;
0.7740000;0.9500000;0.9500000;
0.7750000;0.9500000;0.9500000;
0.7760000;0.9500000;0.9500000;
0.7770000;0.9500000;0.9500000;
0.7780000;0.9500000;0.9500000;
0.7790000;0.9500000;0.9500000;
0.7800000;0.9500000;0.9500000;
0.7810000;0.9500000;0.9500000;
0.7820000;0.9500000;0.9500000;
0.7830000;0.9500000;0.9500000;
0.7840000;0.9500000;0.9500000;
0.7850000;0.9500000;0.9500000;
0.7860000;0.9500000;0.9500000;
0.7870000;0.9500000;0.9500000;
0.7880000;0.9500000;0.9500000;
0.7890000;0.9500000;0.9500000;
0.7900000;0.9500000;0.9500000;
0.7910000;0.9500000;0.9500000;
0.7920000;0.9500000;0.9500000;
0.7930000;0.9500000;0.9500000;
0.7940000;0.9500000;0.9500000;
0.7950000;0.9500000;0.9500000;
0.7960000;0.9500000;0.9500000;
0.7970000;0.9500000;0.9500000;
0.7980000;0.9500000;0.9500000;
0.7990000;0.9500000;0.9500000;
0.8000000;0.9500000;0.9500000;
0.8010000;0.9500000;0.9500000;
0.8020000;0.9500000;0.9500000;
0.8030000;0.9500000;0.9500000;
0.8040000;0.9500000;0.9500000;
0.8050000;0.9500000;0.9500000;
0.8060000;0.9500000;0.9500000;
0.8070000;0.9500000;0.9500000;
0.8080000;0.9500000;0.9500000;
0.8090000;0.9500000;0.9500000;
0.8100000;0.9500000;0.9500000;
0.8110000;0.9500000;0.9500000;
0.8120000;0.9500000;0.9500000;
0.8130000;0.9500000;0.9500000;
0.8140000;0.9500000;0.9500000;
0.8150000;0.9500000;0.9500000;
0.8160000;0.9500000;0.9500000;
0.8170000;0.9500000;0.9500000;
0.8180000;0.9500000;0.9500000;
0.8190000;0.9500000;0.9500000;
0.8200000;0.9500000;0.9500000;
0.8210000;0.9500000;0.9500000;
0.8220000;0.9500000;0.9500000;
0.8230000;0.9500000;0.9500000;
0.8240000;0.9500000;0.9500000;
0.8250000;0.9500000;0.9500000;
0.8260000;0.9500000;0.9500000;
0.8270000;0.9500000;0.9500000;
0.8280000;0.9500000;0.9500000;
0.8290000;0.9500000;0.9500000;
0.8300000;0.9500000;0.9500000;
0.8310000;0.9500000;0.9500000;
0.8320000;0.9500000;0.9500000;
0.8330000;0.9500000;0.9500000;
0.8340000;0.9500000;0.9500000;
0.8350000;0.9500000;0.9500000;
0.8360000;0.9500000;0.9500000;
0.8370000;0.9500000;0.9500000;
0.8380000;0.9500000;0.9500000;
0.8390000;0.9500000;0.9500000;
0.8400000;0.9500000;0.9500000;
0.8410000;0.9500000;0.9500000;
0.8420000;0.9500000;0.9500000;
0.8430000;0.9500000;0.9500000;
0.8440000;0.9500000;0.9500000;
0.8450000;0.9500000;0.9500000;
0.8460000;0.9500000;0.9500000;
0.8470000;0.9500000;0.9500000;
0.8480000;0.9500000;0.9500000;
0.8490000;0.9500000;0.9500000;
0.8500000;0.9500000;0.9500000;
0.8510000;0.9500000;0.9500000;
0.8520000;0.9500000;0.9500000;
0.8530000;0.9500000;0.9500000;
0.8540000;0.9500000;0.9500000;
0.8550000;0.9500000;0.9500000;
0.8560000;0.9500000;0.9500000;
0.8570000;0.9500000;0.9500000;
0.8580000;0.9500000;0.9500000;
0.8590000;0.9500000;0.9500000;
0.8600000;0.9500000;0.9500000;
0.8610000;0.9500000;0.9500000;
0.8620000;0.9500000;0.9500000;
0.8630000;0.9500000;0.9500000;
0.8640000;0.9500000;0.9500000;
0.8650000;0.9500000;0.9500000;
0.8660000;0.9500000;0.9500000;
0.8670000;0.9500000;0.9500000;
0.8680000;0.9500000;0.9500000;
0.8690000;0.9500000;0.9500000;
0.8700000;0.9500000;0.9500000;
0.8710000;0.9500000;0.9500000;
0.8720000;0.9500000;0.9500000;
0.8730000;0.9500000;0.9500000;
0.8740000;0.9500000;0.9500000;
0.8750000;0.9500000;0.9500000;
0.8760000;0.9500000;0.9500000;
0.8770000;0.9500000;0.9500000;
0.8780000;0.9500000;0.9500000;
0.8790000;0.9500000;0.9500000;
0.8800000;0.9500000;0.9500000;
0.8810000;0.9500000;0.9500000;
0.8820000;0.9500000;0.9500000;
0.8830000;0.9500000;0.9500000;
0.8840000;0.9500000;0.9500000;
0.8850000;0.9500000;0.9500000;
0.8860000;0.9500000;0.9500000;
0.8870000;0.9500000;0.9500000;
0.8880000;0.9500000;0.9500000;
0.8890000;0.9500000;0.9500000;
0.8900000;0.9500000;0.9500000;
0.8910000;0.9500000;0.9500000;
0.8920000;0.9500000;0.9500000;
0.8930000;0.9500000;0.9500000;
0.8940000;0.9500000;0.9500000;
0.8950000;0.9500000;0.9500000;
0.8960000;0.9500000;0.9500000;
0.8970000;0.9500000;0.9500000;
0.8980000;0.9500000;0.9500000;
0.8990000;0.9500000;0.9500000;
0.9000000;0.9500000;0.9500000;
0.9010000;0.9500000;0.9500000;
0.9020000;0.9500000;0.9500000;
0.9030000;0.9500000;0.9500000;
0.9040000;0.9500000;0.9500000;
0.9050000;0.9500000;0.9500000;
0.9060000;0.9500000;0.9500000;
0.9070000;0.9500000;0.9500000;
0.9080000;0.9500000;0.9500000;
0.9090000;0.9500000;0.9500000;
0.9100000;0.9500000;0.9500000;
0.9110000;0.9500000;0.9500000;
0.9120000;0.9500000;0.9500000;
0.9130000;0.9500000;0.9500000;
0.9140000;0.9500000;0.9500000;
0.9150000;0.9500000;0.9500000;
0.9160000;0.9500000;0.9500000;
0.9170000;0.9500000;0.9500000;
0.9180000;0.9500000;0.9500000;
0.9190000;0.9500000;0.9500000;
0.9200000;0.9500000;0.9500000;
0.9210000;0.9500000;0.9500000;
0.9220000;0.9500000;0.9500000;
0.9230000;0.9500000;0.9500000;
0.9240000;0.9500000;0.9500000;
0.9250000;0.9500000;0.9500000;
0.9260000;0.9500000;0.9500000;
0.9270000;0.9500000;0.9500000;
0.9280000;0.9500000;0.9500000;
0.9290000;0.9500000;0.9500000;
0.9300000;0.9500000;0.9500000;
0.9310000;0.9500000;0.9500000;
0.9320000;0.9500000;0.9500000;
0.9330000;0.9500000;0.9500000;
0.9340000;0.9500000;0.9500000;
0.9350000;0.9500000;0.9500000;
0.9360000;0.9500000;0.9500000;
0.9370000;0.9500000;0.9500000;
0.9380000;0.9500000;0.9500000;
0.9390000;0.9500000;0.9500000;
0.9400000;0.9500000;0.9500000;
0.9410000;0.9500000;0.9500000;
0.9420000;0.9500000;0.9500000;
0.9430000;0.9500000;0.9500000;
0.9440000;0.9500000;0.9500000;
0.9450000;0.9500000;0.9500000;
0.9460000;0.9500000;0.9500000;
0.9470000;0.9500000;0.9500000;
0.9480000;0.9500000;0.9500000;
0.9490000;0.9500000;0.9500000;
0.9500000;0.9500000;0.9500000;
0.9510000;0.9500000;0.9500000;
0.9520000;0.9500000;0.9500000;
0.9530000;0.9500000;0.9500000;
0.9540000;0.9500000;0.9500000;
0.9550000;0.9500000;0.9500000;
0.9560000;0.9500000;0.9500000;
0.9570000;0.9500000;0.9500000;
0.9580000;0.9500000;0.9500000;
0.9590000;0.9500000;0.9500000;
0.9600000;0.9500000;0.9500000;
0.9610000;0.9500000;0.9500000;
0.9620000;0.9500000;0.9500000;
0.9630000;0.9500000;0.9500000;
0.9640000;0.9500000;0.9500000;
0.9650000;0.9500000;0.9500000;
0.9660000;0.9500000;0.9500000;
0.9670000;0.9500000;0.9500000;
0.9680000;0.9500000;0.9500000;
0.9690000;0.9500000;0.9500000;
0.9700000;0.9500000;0.9500000;
0.9710000;0.9500000;0.9500000;
0.9720000;0.9500000;0.9500000;
0.9730000;0.9500000;0.9500000;
0.9740000;0.9500000;0.9500000;
0.9750000;0.9500000;0.9500000;
0.9760000;0.9500000;0.9500000;
0.9770000;0.9500000;0.9500000;
0.9780000;0.9500000;0.9500000;
0.9790000;0.9500000;0.9500000;
0.9800000;0.9500000;0.9500000;
0.9810000;0.9500000;0.9500000;
0.9820000;0.9500000;0.9500000;
0.9830000;0.9500000;0.9500000;
0.9840000;0.9500000;0.9500000;
0.9850000;0.9500000;0.9500000;
0.9860000;0.9500000;0.9500000;
0.9870000;0.9500000;0.9500000;
0.9880000;0.9500000;0.9500000;
0.9890000;0.9500000;0.9500000;
0.9900000;0.9500000;0.9500000;
0.9910000;0.9500000;0.9500000;
0.9920000;0.9500000;0.9500000;
0.9930000;0.9500000;0.9500000;
0.9940000;0.9500000;0.9500000;
0.9950000;0.9500000;0.9500000;
0.9960000;0.9500000;0.9500000;
0.9970000;0.9500000;0.9500000;
0.9980000;0.9500000;0.9500000;
0.9990000;0.9500000;0.9500000;
1.0000000;0.9500000;0.9500000;
1.0010000;0.9500000;0.9500000;
1.0020000;0.9500000;0.9500000;
1.0030000;0.9500000;0.9500000;
1.0040000;0.9500000;0.9500000;
1.0050000;0.9500000;0.9500000;
1.0060000;0.9500000;0.9500000;
1.0070000;0.9500000;0.9500000;
1.0080000;0.9500000;0.9500000;
1.0090000;0.9500000;0.9500000;
1.0100000;0.9500000;0.9500000;
1.0110000;0.9500000;0.9500000;
1.0120000;0.9500000;0.9500000;
1.0130000;0.9500000;0.9500000;
1.0140000;0.9500000;0.9500000;
1.0150000;0.9500000;0.9500000;
1.0160000;0.9500000;0.9500000;
1.0170000;0.9500000;0.9500000;
1.0180000;0.9500000;0.9500000;
1.0190000;0.9500000;0.9500000;
1.0200000;0.9500000;0.9500000;
1.0210000;0.9500000;0.9500000;
1.0220000;0.9500000;0.9500000;
1.0230000;0.9500000;0.9500000;
1.0240000;0.9500000;0.9500000;
1.0250000;0.9500000;0.9500000;
1.0260000;0.9500000;0.9500000;
1.0270000;0.9500000;0.9500000;
1.0280000;0.9500000;0.9500000;
1.0290000;0.9500000;0.9500000;
1.0300000;0.9500000;0.9500000;
1.0310000;0.9500000;0.9500000;
1.0320000;0.9500000;0.9500000;
1.0330000;0.9500000;0.9500000;
1.0340000;0.9500000;0.9500000;
1.0350000;0.9500000;0.9500000;
1.0360000;0.9500000;0.9500000;
1.0370000;0.9500000;0.9500000;
1.0380000;0.9500000;0.9500000;
1.0390000;0.9500000;0.9500000;
1.0400000;0.9500000;0.9500000;
1.0410000;0.9500000;0.9500000;
1.0420000;0.9500000;0.9500000;
1.0430000;0.9500000;0.9500000;
1.0440000;0.9500000;0.9500000;
1.0450000;0.9500000;0.9500000;
1.0460000;0.9500000;0.9500000;
1.0470000;0.9500000;0.9500000;
1.0480000;0.9500000;0.9500000;
1.0490000;0.9500000;0.9500000;
1.0500000;0.9500000;0.9500000;
1.0510000;0.9500000;0.9500000;
1.0520000;0.9500000;0.9500000;
1.0530000;0.9500000;0.9500000;
1.0540000;0.9500000;0.9500000;
1.0550000;0.9500000;0.9500000;
1.0560000;0.9500000;0.9500000;
1.0570000;0.9500000;0.9500000;
1.0580000;0.9500000;0.9500000;
1.0590000;0.9500000;0.9500000;
1.0600000;0.9500000;0.9500000;
1.0610000;0.9500000;0.9500000;
1.0620000;0.9500000;0.9500000;
1.0630000;0.9500000;0.9500000;
1.0640000;0.9500000;0.9500000;
1.0650000;0.9500000;0.9500000;
1.0660000;0.9500000;0.9500000;
1.0670000;0.9500000;0.9500000;
1.0680000;0.9500000;0.9500000;
1.0690000;0.9500000;0.9500000;
1.0700000;0.9500000;0.9500000;
1.0710000;0.9500000;0.9500000;
1.0720000;0.9500000;0.9500000;
1.0730000;0.9500000;0.9500000;
1.0740000;0.9500000;0.9500000;
1.0750000;0.9500000;0.9500000;
1.0760000;0.9500000;0.9500000;
1.0770000;0.9500000;0.9500000;
1.0780000;0.9500000;0.9500000;
1.0790000;0.9500000;0.9500000;
1.0800000;0.9500000;0.9500000;
1.0810000;0.9500000;0.9500000;
1.0820000;0.9500000;0.9500000;
1.0830000;0.9500000;0.9500000;
1.0840000;0.9500000;0.9500000;
1.0850000;0.9500000;0.9500000;
1.0860000;0.9500000;0.9500000;
1.0870000;0.9500000;0.9500000;
1.0880000;0.9500000;0.9500000;
1.0890000;0.9500000;0.9500000;
1.0900000;0.9500000;0.9500000;
1.0910000;0.9500000;0.9500000;
1.0920000;0.9500000;0.9500000;
1.0930000;0.9500000;0.9500000;
1.0940000;0.9500000;0.9500000;
1.0950000;0.9500000;0.9500000;
1.0960000;0.9500000;0.9500000;
1.0970000;0.9500000;0.9500000;
1.0980000;0.9500000;0.9500000;
1.0990000;0.9500000;0.9500000;
1.1000000;0.9500000;0.9500000;
1.1010000;0.9500000;0.9500000;
1.1020000;0.9500000;0.9500000;
1.1030000;0.9500000;0.9500000;
1.1040000;0.9500000;0.9500000;
1.1050000;0.9500000;0.9500000;
1.1060000;0.9500000;0.9500000;
1.1070000;0.9500000;0.9500000;
1.1080000;0.9500000;0.9500000;
1.1090000;0.9500000;0.9500000;
1.1100000;0.9500000;0.9500000;
1.1110000;0.9500000;0.9500000;
1.1120000;0.9500000;0.9500000;
1.1130000;0.9500000;0.9500000;
1.1140000;0.9500000;0.9500000;
1.1150000;0.9500000;0.9500000;
1.1160000;0.9500000;0.9500000;
1.1170000;0.9500000;0.9500000;
1.1180000;0.9500000;0.9500000;
1.1190000;0.9500000;0.9500000;
1.1200000;0.9500000;0.9500000;
1.1210000;0.9500000;0.9500000;
1.1220000;0.9500000;0.9500000;
1.1230000;0.9500000;0.9500000;
1.1240000;0.9500000;0.9500000;
1.1250000;0.9500000;0.9500000;
1.1260000;0.9500000;0.9500000;
1.1270000;0.9500000;0.9500000;
1.1280000;0.9500000;0.9500000;
1.1290000;0.9500000;0.9500000;
1.1300000;0.9500000;0.9500000;
1.1310000;0.9500000;0.9500000;
1.1320000;0.9500000;0.9500000;
1.1330000;0.9500000;0.9500000;
1.1340000;0.9500000;0.9500000;
1.1350000;0.9500000;0.9500000;
1.1360000;0.9500000;0.9500000;
1.1370000;0.9500000;0.9500000;
1.1380000;0.9500000;0.9500000;
1.1390000;0.9500000;0.9500000;
1.1400000;0.9500000;0.9500000;
1.1410000;0.9500000;0.9500000;
1.1420000;0.9500000;0.9500000;
1.1430000;0.9500000;0.9500000;
1.1440000;0.9500000;0.9500000;
1.1450000;0.9500000;0.9500000;
1.1460000;0.9500000;0.9500000;
1.1470000;0.9500000;0.9500000;
1.1480000;0.9500000;0.9500000;
1.1490000;0.9500000;0.9500000;
1.1500000;0.9500000;0.9500000;
1.1510000;0.9500000;0.9500000;
1.1520000;0.9500000;0.9500000;
1.1530000;0.9500000;0.9500000;
1.1540000;0.9500000;0.9500000;
1.1550000;0.9500000;0.9500000;
1.1560000;0.9500000;0.9500000;
1.1570000;0.9500000;0.9500000;
1.1580000;0.9500000;0.9500000;
1.1590000;0.9500000;0.9500000;
1.1600000;0.9500000;0.9500000;
1.1610000;0.9500000;0.9500000;
1.1620000;0.9500000;0.9500000;
1.1630000;0.9500000;0.9500000;
1.1640000;0.9500000;0.9500000;
1.1650000;0.9500000;0.9500000;
1.1660000;0.9500000;0.9500000;
1.1670000;0.9500000;0.9500000;
1.1680000;0.9500000;0.9500000;
1.1690000;0.9500000;0.9500000;
1.1700000;0.9500000;0.9500000;
1.1710000;0.9500000;0.9500000;
1.1720000;0.9500000;0.9500000;
1.1730000;0.9500000;0.9500000;
1.1740000;0.9500000;0.9500000;
1.1750000;0.9500000;0.9500000;
1.1760000;0.9500000;0.9500000;
1.1770000;0.9500000;0.9500000;
1.1780000;0.9500000;0.9500000;
1.1790000;0.9500000;0.9500000;
1.1800000;0.9500000;0.9500000;
1.1810000;0.9500000;0.9500000;
1.1820000;0.9500000;0.9500000;
1.1830000;0.9500000;0.9500000;
1.1840000;0.9500000;0.9500000;
1.1850000;0.9500000;0.9500000;
1.1860000;0.9500000;0.9500000;
1.1870000;0.9500000;0.9500000;
1.1880000;0.9500000;0.9500000;
1.1890000;0.9500000;0.9500000;
1.1900000;0.9500000;0.9500000;
1.1910000;0.9500000;0.9500000;
1.1920000;0.9500000;0.9500000;
1.1930000;0.9500000;0.9500000;
1.1940000;0.9500000;0.9500000;
1.1950000;0.9500000;0.9500000;
1.1960000;0.9500000;0.9500000;
1.1970000;0.9500000;0.9500000;
1.1980000;0.9500000;0.9500000;
1.1990000;0.9500000;0.9500000;
1.2000000;0.9500000;0.9500000;
1.2010000;0.9500000;0.9500000;
1.2020000;0.9500000;0.9500000;
1.2030000;0.9500000;0.9500000;
1.2040000;0.9500000;0.9500000;
1.2050000;0.9500000;0.9500000;
1.2060000;0.9500000;0.9500000;
1.2070000;0.9500000;0.9500000;
1.2080000;0.9500000;0.9500000;
1.2090000;0.9500000;0.9500000;
1.2100000;0.9500000;0.9500000;
1.2110000;0.9500000;0.9500000;
1.2120000;0.9500000;0.9500000;
1.2130000;0.9500000;0.9500000;
1.2140000;0.9500000;0.9500000;
1.2150000;0.9500000;0.9500000;
1.2160000;0.9500000;0.9500000;
1.2170000;0.9500000;0.9500000;
1.2180000;0.9500000;0.9500000;
1.2190000;0.9500000;0.9500000;
1.2200000;0.9500000;0.9500000;
1.2210000;0.9500000;0.9500000;
1.2220000;0.9500000;0.9500000;
1.2230000;0.9500000;0.9500000;
1.2240000;0.9500000;0.9500000;
1.2250000;0.9500000;0.9500000;
1.2260000;0.9500000;0.9500000;
1.2270000;0.9500000;0.9500000;
1.2280000;0.9500000;0.9500000;
1.2290000;0.9500000;0.9500000;
1.2300000;0.9500000;0.9500000;
1.2310000;0.9500000;0.9500000;
1.2320000;0.9500000;0.9500000;
1.2330000;0.9500000;0.9500000;
1.2340000;0.9500000;0.9500000;
1.2350000;0.9500000;0.9500000;
1.2360000;0.9500000;0.9500000;
1.2370000;0.9500000;0.9500000;
1.2380000;0.9500000;0.9500000;
1.2390000;0.9500000;0.9500000;
1.2400000;0.9500000;0.9500000;
1.2410000;0.9500000;0.9500000;
1.2420000;0.9500000;0.9500000;
1.2430000;0.9500000;0.9500000;
1.2440000;0.9500000;0.9500000;
1.2450000;0.9500000;0.9500000;
1.2460000;0.9500000;0.9500000;
1.2470000;0.9500000;0.9500000;
1.2480000;0.9500000;0.9500000;
1.2490000;0.9500000;0.9500000;
1.2500000;0.9500000;0.9500000;
1.2510000;0.9500000;0.9500000;
1.2520000;0.9500000;0.9500000;
1.2530000;0.9500000;0.9500000;
1.2540000;0.9500000;0.9500000;
1.2550000;0.9500000;0.9500000;
1.2560000;0.9500000;0.9500000;
1.2570000;0.9500000;0.9500000;
1.2580000;0.9500000;0.9500000;
1.2590000;0.9500000;0.9500000;
1.2600000;0.9500000;0.9500000;
1.2610000;0.9500000;0.9500000;
1.2620000;0.9500000;0.9500000;
1.2630000;0.9500000;0.9500000;
1.2640000;0.9500000;0.9500000;
1.2650000;0.9500000;0.9500000;
1.2660000;0.9500000;0.9500000;
1.2670000;0.9500000;0.9500000;
1.2680000;0.9500000;0.9500000;
1.2690000;0.9500000;0.9500000;
1.2700000;0.9500000;0.9500000;
1.2710000;0.9500000;0.9500000;
1.2720000;0.9500000;0.9500000;
1.2730000;0.9500000;0.9500000;
1.2740000;0.9500000;0.9500000;
1.2750000;0.9500000;0.9500000;
1.2760000;0.9500000;0.9500000;
1.2770000;0.9500000;0.9500000;
1.2780000;0.9500000;0.9500000;
1.2790000;0.9500000;0.9500000;
1.2800000;0.9500000;0.9500000;
1.2810000;0.9500000;0.9500000;
1.2820000;0.9500000;0.9500000;
1.2830000;0.9500000;0.9500000;
1.2840000;0.9500000;0.9500000;
1.2850000;0.9500000;0.9500000;
1.2860000;0.9500000;0.9500000;
1.2870000;0.9500000;0.9500000;
1.2880000;0.9500000;0.9500000;
1.2890000;0.9500000;0.9500000;
1.2900000;0.9500000;0.9500000;
1.2910000;0.9500000;0.9500000;
1.2920000;0.9500000;0.9500000;
1.2930000;0.9500000;0.9500000;
1.2940000;0.9500000;0.9500000;
1.2950000;0.9500000;0.9500000;
1.2960000;0.9500000;0.9500000;
1.2970000;0.9500000;0.9500000;
1.2980000;0.9500000;0.9500000;
1.2990000;0.9500000;0.9500000;
1.3000000;0.9500000;0.9500000;
1.3010000;0.9500000;0.9500000;
1.3020000;0.9500000;0.9500000;
1.3030000;0.9500000;0.9500000;
1.3040000;0.9500000;0.9500000;
1.3050000;0.9500000;0.9500000;
1.3060000;0.9500000;0.9500000;
1.3070000;0.9500000;0.9500000;
1.3080000;0.9500000;0.9500000;
1.3090000;0.9500000;0.9500000;
1.3100000;0.9500000;0.9500000;
1.3110000;0.9500000;0.9500000;
1.3120000;0.9500000;0.9500000;
1.3130000;0.9500000;0.9500000;
1.3140000;0.9500000;0.9500000;
1.3150000;0.9500000;0.9500000;
1.3160000;0.9500000;0.9500000;
1.3170000;0.9500000;0.9500000;
1.3180000;0.9500000;0.9500000;
1.3190000;0.9500000;0.9500000;
1.3200000;0.9500000;0.9500000;
1.3210000;0.9500000;0.9500000;
1.3220000;0.9500000;0.9500000;
1.3230000;0.9500000;0.9500000;
1.3240000;0.9500000;0.9500000;
1.3250000;0.9500000;0.9500000;
1.3260000;0.9500000;0.9500000;
1.3270000;0.9500000;0.9500000;
1.3280000;0.9500000;0.9500000;
1.3290000;0.9500000;0.9500000;
1.3300000;0.9500000;0.9500000;
1.3310000;0.9500000;0.9500000;
1.3320000;0.9500000;0.9500000;
1.3330000;0.9500000;0.9500000;
1.3340000;0.9500000;0.9500000;
1.3350000;0.9500000;0.9500000;
1.3360000;0.9500000;0.9500000;
1.3370000;0.9500000;0.9500000;
1.3380000;0.9500000;0.9500000;
1.3390000;0.9500000;0.9500000;
1.3400000;0.9500000;0.9500000;
1.3410000;0.9500000;0.9500000;
1.3420000;0.9500000;0.9500000;
1.3430000;0.9500000;0.9500000;
1.3440000;0.9500000;0.9500000;
1.3450000;0.9500000;0.9500000;
1.3460000;0.9500000;0.9500000;
1.3470000;0.9500000;0.9500000;
1.3480000;0.9500000;0.9500000;
1.3490000;0.9500000;0.9500000;
1.3500000;0.9500000;0.9500000;
1.3510000;0.9500000;0.9500000;
1.3520000;0.9500000;0.9500000;
1.3530000;0.9500000;0.9500000;
1.3540000;0.9500000;0.9500000;
1.3550000;0.9500000;0.9500000;
1.3560000;0.9500000;0.9500000;
1.3570000;0.9500000;0.9500000;
1.3580000;0.9500000;0.9500000;
1.3590000;0.9500000;0.9500000;
1.3600000;0.9500000;0.9500000;
1.3610000;0.9500000;0.9500000;
1.3620000;0.9500000;0.9500000;
1.3630000;0.9500000;0.9500000;
1.3640000;0.9500000;0.9500000;
1.3650000;0.9500000;0.9500000;
1.3660000;0.9500000;0.9500000;
1.3670000;0.9500000;0.9500000;
1.3680000;0.9500000;0.9500000;
1.3690000;0.9500000;0.9500000;
1.3700000;0.9500000;0.9500000;
1.3710000;0.9500000;0.9500000;
1.3720000;0.9500000;0.9500000;
1.3730000;0.9500000;0.9500000;
1.3740000;0.9500000;0.9500000;
1.3750000;0.9500000;0.9500000;
1.3760000;0.9500000;0.9500000;
1.3770000;0.9500000;0.9500000;
1.3780000;0.9500000;0.9500000;
1.3790000;0.9500000;0.9500000;
1.3800000;0.9500000;0.9500000;
1.3810000;0.9500000;0.9500000;
1.3820000;0.9500000;0.9500000;
1.3830000;0.9500000;0.9500000;
1.3840000;0.9500000;0.9500000;
1.3850000;0.9500000;0.9500000;
1.3860000;0.9500000;0.9500000;
1.3870000;0.9500000;0.9500000;
1.3880000;0.9500000;0.9500000;
1.3890000;0.9500000;0.9500000;
1.3900000;0.9500000;0.9500000;
1.3910000;0.9500000;0.9500000;
1.3920000;0.9500000;0.9500000;
1.3930000;0.9500000;0.9500000;
1.3940000;0.9500000;0.9500000;
1.3950000;0.9500000;0.9500000;
1.3960000;0.9500000;0.9500000;
1.3970000;0.9500000;0.9500000;
1.3980000;0.9500000;0.9500000;
1.3990000;0.9500000;0.9500000;
1.4000000;0.9500000;0.9500000;
1.4010000;0.9500000;0.9500000;
1.4020000;0.9500000;0.9500000;
1.4030000;0.9500000;0.9500000;
1.4040000;0.9500000;0.9500000;
1.4050000;0.9500000;0.9500000;
1.4060000;0.9500000;0.9500000;
1.4070000;0.9500000;0.9500000;
1.4080000;0.9500000;0.9500000;
1.4090000;0.9500000;0.9500000;
1.4100000;0.9500000;0.9500000;
1.4110000;0.9500000;0.9500000;
1.4120000;0.9500000;0.9500000;
1.4130000;0.9500000;0.9500000;
1.4140000;0.9500000;0.9500000;
1.4150000;0.9500000;0.9500000;
1.4160000;0.9500000;0.9500000;
1.4170000;0.9500000;0.9500000;
1.4180000;0.9500000;0.9500000;
1.4190000;0.9500000;0.9500000;
1.4200000;0.9500000;0.9500000;
1.4210000;0.9500000;0.9500000;
1.4220000;0.9500000;0.9500000;
1.4230000;0.9500000;0.9500000;
1.4240000;0.9500000;0.9500000;
1.4250000;0.9500000;0.9500000;
1.4260000;0.9500000;0.9500000;
1.4270000;0.9500000;0.9500000;
1.4280000;0.9500000;0.9500000;
1.4290000;0.9500000;0.9500000;
1.4300000;0.9500000;0.9500000;
1.4310000;0.9500000;0.9500000;
1.4320000;0.9500000;0.9500000;
1.4330000;0.9500000;0.9500000;
1.4340000;0.9500000;0.9500000;
1.4350000;0.9500000;0.9500000;
1.4360000;0.9500000;0.9500000;
1.4370000;0.9500000;0.9500000;
1.4380000;0.9500000;0.9500000;
1.4390000;0.9500000;0.9500000;
1.4400000;0.9500000;0.9500000;
1.4410000;0.9500000;0.9500000;
1.4420000;0.9500000;0.9500000;
1.4430000;0.9500000;0.9500000;
1.4440000;0.9500000;0.9500000;
1.4450000;0.9500000;0.9500000;
1.4460000;0.9500000;0.9500000;
1.4470000;0.9500000;0.9500000;
1.4480000;0.9500000;0.9500000;
1.4490000;0.9500000;0.9500000;
1.4500000;0.9500000;0.9500000;
1.4510000;0.9500000;0.9500000;
1.4520000;0.9500000;0.9500000;
1.4530000;0.9500000;0.9500000;
1.4540000;0.9500000;0.9500000;
1.4550000;0.9500000;0.9500000;
1.4560000;0.9500000;0.9500000;
1.4570000;0.9500000;0.9500000;
1.4580000;0.9500000;0.9500000;
1.4590000;0.9500000;0.9500000;
1.4600000;0.9500000;0.9500000;
1.4610000;0.9500000;0.9500000;
1.4620000;0.9500000;0.9500000;
1.4630000;0.9500000;0.9500000;
1.4640000;0.9500000;0.9500000;
1.4650000;0.9500000;0.9500000;
1.4660000;0.9500000;0.9500000;
1.4670000;0.9500000;0.9500000;
1.4680000;0.9500000;0.9500000;
1.4690000;0.9500000;0.9500000;
1.4700000;0.9500000;0.9500000;
1.4710000;0.9500000;0.9500000;
1.4720000;0.9500000;0.9500000;
1.4730000;0.9500000;0.9500000;
1.4740000;0.9500000;0.9500000;
1.4750000;0.9500000;0.9500000;
1.4760000;0.9500000;0.9500000;
1.4770000;0.9500000;0.9500000;
1.4780000;0.9500000;0.9500000;
1.4790000;0.9500000;0.9500000;
1.4800000;0.9500000;0.9500000;
1.4810000;0.9500000;0.9500000;
1.4820000;0.9500000;0.9500000;
1.4830000;0.9500000;0.9500000;
1.4840000;0.9500000;0.9500000;
1.4850000;0.9500000;0.9500000;
1.4860000;0.9500000;0.9500000;
1.4870000;0.9500000;0.9500000;
1.4880000;0.9500000;0.9500000;
1.4890000;0.9500000;0.9500000;
1.4900000;0.9500000;0.9500000;
1.4910000;0.9500000;0.9500000;
1.4920000;0.9500000;0.9500000;
1.4930000;0.9500000;0.9500000;
1.4940000;0.9500000;0.9500000;
1.4950000;0.9500000;0.9500000;
1.4960000;0.9500000;0.9500000;
1.4970000;0.9500000;0.9500000;
1.4980000;0.9500000;0.9500000;
1.4990000;0.9500000;0.9500000;
1.5000000;0.9500000;0.9500000;
1.5010000;0.9500000;0.9500000;
1.5020000;0.9500000;0.9500000;
1.5030000;0.9500000;0.9500000;
1.5040000;0.9500000;0.9500000;
1.5050000;0.9500000;0.9500000;
1.5060000;0.9500000;0.9500000;
1.5070000;0.9500000;0.9500000;
1.5080000;0.9500000;0.9500000;
1.5090000;0.9500000;0.9500000;
1.5100000;0.9500000;0.9500000;
1.5110000;0.9500000;0.9500000;
1.5120000;0.9500000;0.9500000;
1.5130000;0.9500000;0.9500000;
1.5140000;0.9500000;0.9500000;
1.5150000;0.9500000;0.9500000;
1.5160000;0.9500000;0.9500000;
1.5170000;0.9500000;0.9500000;
1.5180000;0.9500000;0.9500000;
1.5190000;0.9500000;0.9500000;
1.5200000;0.9500000;0.9500000;
1.5210000;0.9500000;0.9500000;
1.5220000;0.9500000;0.9500000;
1.5230000;0.9500000;0.9500000;
1.5240000;0.9500000;0.9500000;
1.5250000;0.9500000;0.9500000;
1.5260000;0.9500000;0.9500000;
1.5270000;0.9500000;0.9500000;
1.5280000;0.9500000;0.9500000;
1.5290000;0.9500000;0.9500000;
1.5300000;0.9500000;0.9500000;
1.5310000;0.9500000;0.9500000;
1.5320000;0.9500000;0.9500000;
1.5330000;0.9500000;0.9500000;
1.5340000;0.9500000;0.9500000;
1.5350000;0.9500000;0.9500000;
1.5360000;0.9500000;0.9500000;
1.5370000;0.9500000;0.9500000;
1.5380000;0.9500000;0.9500000;
1.5390000;0.9500000;0.9500000;
1.5400000;0.9500000;0.9500000;
1.5410000;0.9500000;0.9500000;
1.5420000;0.9500000;0.9500000;
1.5430000;0.9500000;0.9500000;
1.5440000;0.9500000;0.9500000;
1.5450000;0.9500000;0.9500000;
1.5460000;0.9500000;0.9500000;
1.5470000;0.9500000;0.9500000;
1.5480000;0.9500000;0.9500000;
1.5490000;0.9500000;0.9500000;
1.5500000;0.9500000;0.9500000;
1.5510000;0.9500000;0.9500000;
1.5520000;0.9500000;0.9500000;
1.5530000;0.9500000;0.9500000;
1.5540000;0.9500000;0.9500000;
1.5550000;0.9500000;0.9500000;
1.5560000;0.9500000;0.9500000;
1.5570000;0.9500000;0.9500000;
1.5580000;0.9500000;0.9500000;
1.5590000;0.9500000;0.9500000;
1.5600000;0.9500000;0.9500000;
1.5610000;0.9500000;0.9500000;
1.5620000;0.9500000;0.9500000;
1.5630000;0.9500000;0.9500000;
1.5640000;0.9500000;0.9500000;
1.5650000;0.9500000;0.9500000;
1.5660000;0.9500000;0.9500000;
1.5670000;0.9500000;0.9500000;
1.5680000;0.9500000;0.9500000;
1.5690000;0.9500000;0.9500000;
1.5700000;0.9500000;0.9500000;
1.5710000;0.9500000;0.9500000;
1.5720000;0.9500000;0.9500000;
1.5730000;0.9500000;0.9500000;
1.5740000;0.9500000;0.9500000;
1.5750000;0.9500000;0.9500000;
1.5760000;0.9500000;0.9500000;
1.5770000;0.9500000;0.9500000;
1.5780000;0.9500000;0.9500000;
1.5790000;0.9500000;0.9500000;
1.5800000;0.9500000;0.9500000;
1.5810000;0.9500000;0.9500000;
1.5820000;0.9500000;0.9500000;
1.5830000;0.9500000;0.9500000;
1.5840000;0.9500000;0.9500000;
1.5850000;0.9500000;0.9500000;
1.5860000;0.9500000;0.9500000;
1.5870000;0.9500000;0.9500000;
1.5880000;0.9500000;0.9500000;
1.5890000;0.9500000;0.9500000;
1.5900000;0.9500000;0.9500000;
1.5910000;0.9500000;0.9500000;
1.5920000;0.9500000;0.9500000;
1.5930000;0.9500000;0.9500000;
1.5940000;0.9500000;0.9500000;
1.5950000;0.9500000;0.9500000;
1.5960000;0.9500000;0.9500000;
1.5970000;0.9500000;0.9500000;
1.5980000;0.9500000;0.9500000;
1.5990000;0.9500000;0.9500000;
1.6000000;0.9500000;0.9500000;
1.6010000;0.9500000;0.9500000;
1.6020000;0.9500000;0.9500000;
1.6030000;0.9500000;0.9500000;
1.6040000;0.9500000;0.9500000;
1.6050000;0.9500000;0.9500000;
1.6060000;0.9500000;0.9500000;
1.6070000;0.9500000;0.9500000;
1.6080000;0.9500000;0.9500000;
1.6090000;0.9500000;0.9500000;
1.6100000;0.9500000;0.9500000;
1.6110000;0.9500000;0.9500000;
1.6120000;0.9500000;0.9500000;
1.6130000;0.9500000;0.9500000;
1.6140000;0.9500000;0.9500000;
1.6150000;0.9500000;0.9500000;
1.6160000;0.9500000;0.9500000;
1.6170000;0.9500000;0.9500000;
1.6180000;0.9500000;0.9500000;
1.6190000;0.9500000;0.9500000;
1.6200000;0.9500000;0.9500000;
1.6210000;0.9500000;0.9500000;
1.6220000;0.9500000;0.9500000;
1.6230000;0.9500000;0.9500000;
1.6240000;0.9500000;0.9500000;
1.6250000;0.9500000;0.9500000;
1.6260000;0.9500000;0.9500000;
1.6270000;0.9500000;0.9500000;
1.6280000;0.9500000;0.9500000;
1.6290000;0.9500000;0.9500000;
1.6300000;0.9500000;0.9500000;
1.6310000;0.9500000;0.9500000;
1.6320000;0.9500000;0.9500000;
1.6330000;0.9500000;0.9500000;
1.6340000;0.9500000;0.9500000;
1.6350000;0.9500000;0.9500000;
1.6360000;0.9500000;0.9500000;
1.6370000;0.9500000;0.9500000;
1.6380000;0.9500000;0.9500000;
1.6390000;0.9500000;0.9500000;
1.6400000;0.9500000;0.9500000;
1.6410000;0.9500000;0.9500000;
1.6420000;0.9500000;0.9500000;
1.6430000;0.9500000;0.9500000;
1.6440000;0.9500000;0.9500000;
1.6450000;0.9500000;0.9500000;
1.6460000;0.9500000;0.9500000;
1.6470000;0.9500000;0.9500000;
1.6480000;0.9500000;0.9500000;
1.6490000;0.9500000;0.9500000;
1.6500000;0.9500000;0.9500000;
1.6510000;0.9500000;0.9500000;
1.6520000;0.9500000;0.9500000;
1.6530000;0.9500000;0.9500000;
1.6540000;0.9500000;0.9500000;
1.6550000;0.9500000;0.9500000;
1.6560000;0.9500000;0.9500000;
1.6570000;0.9500000;0.9500000;
1.6580000;0.9500000;0.9500000;
1.6590000;0.9500000;0.9500000;
1.6600000;0.9500000;0.9500000;
1.6610000;0.9500000;0.9500000;
1.6620000;0.9500000;0.9500000;
1.6630000;0.9500000;0.9500000;
1.6640000;0.9500000;0.9500000;
1.6650000;0.9500000;0.9500000;
1.6660000;0.9500000;0.9500000;
1.6670000;0.9500000;0.9500000;
1.6680000;0.9500000;0.9500000;
1.6690000;0.9500000;0.9500000;
1.6700000;0.9500000;0.9500000;
1.6710000;0.9500000;0.9500000;
1.6720000;0.9500000;0.9500000;
1.6730000;0.9500000;0.9500000;
1.6740000;0.9500000;0.9500000;
1.6750000;0.9500000;0.9500000;
1.6760000;0.9500000;0.9500000;
1.6770000;0.9500000;0.9500000;
1.6780000;0.9500000;0.9500000;
1.6790000;0.9500000;0.9500000;
1.6800000;0.9500000;0.9500000;
1.6810000;0.9500000;0.9500000;
1.6820000;0.9500000;0.9500000;
1.6830000;0.9500000;0.9500000;
1.6840000;0.9500000;0.9500000;
1.6850000;0.9500000;0.9500000;
1.6860000;0.9500000;0.9500000;
1.6870000;0.9500000;0.9500000;
1.6880000;0.9500000;0.9500000;
1.6890000;0.9500000;0.9500000;
1.6900000;0.9500000;0.9500000;
1.6910000;0.9500000;0.9500000;
1.6920000;0.9500000;0.9500000;
1.6930000;0.9500000;0.9500000;
1.6940000;0.9500000;0.9500000;
1.6950000;0.9500000;0.9500000;
1.6960000;0.9500000;0.9500000;
1.6970000;0.9500000;0.9500000;
1.6980000;0.9500000;0.9500000;
1.6990000;0.9500000;0.9500000;
1.7000000;0.9500000;0.9500000;
1.7010000;0.9500000;0.9500000;
1.7020000;0.9500000;0.9500000;
1.7030000;0.9500000;0.9500000;
1.7040000;0.9500000;0.9500000;
1.7050000;0.9500000;0.9500000;
1.7060000;0.9500000;0.9500000;
1.7070000;0.9500000;0.9500000;
1.7080000;0.9500000;0.9500000;
1.7090000;0.9500000;0.9500000;
1.7100000;0.9500000;0.9500000;
1.7110000;0.9500000;0.9500000;
1.7120000;0.9500000;0.9500000;
1.7130000;0.9500000;0.9500000;
1.7140000;0.9500000;0.9500000;
1.7150000;0.9500000;0.9500000;
1.7160000;0.9500000;0.9500000;
1.7170000;0.9500000;0.9500000;
1.7180000;0.9500000;0.9500000;
1.7190000;0.9500000;0.9500000;
1.7200000;0.9500000;0.9500000;
1.7210000;0.9500000;0.9500000;
1.7220000;0.9500000;0.9500000;
1.7230000;0.9500000;0.9500000;
1.7240000;0.9500000;0.9500000;
1.7250000;0.9500000;0.9500000;
1.7260000;0.9500000;0.9500000;
1.7270000;0.9500000;0.9500000;
1.7280000;0.9500000;0.9500000;
1.7290000;0.9500000;0.9500000;
1.7300000;0.9500000;0.9500000;
1.7310000;0.9500000;0.9500000;
1.7320000;0.9500000;0.9500000;
1.7330000;0.9500000;0.9500000;
1.7340000;0.9500000;0.9500000;
1.7350000;0.9500000;0.9500000;
1.7360000;0.9500000;0.9500000;
1.7370000;0.9500000;0.9500000;
1.7380000;0.9500000;0.9500000;
1.7390000;0.9500000;0.9500000;
1.7400000;0.9500000;0.9500000;
1.7410000;0.9500000;0.9500000;
1.7420000;0.9500000;0.9500000;
1.7430000;0.9500000;0.9500000;
1.7440000;0.9500000;0.9500000;
1.7450000;0.9500000;0.9500000;
1.7460000;0.9500000;0.9500000;
1.7470000;0.9500000;0.9500000;
1.7480000;0.9500000;0.9500000;
1.7490000;0.9500000;0.9500000;
1.7500000;0.9500000;0.9500000;
1.7510000;0.9500000;0.9500000;
1.7520000;0.9500000;0.9500000;
1.7530000;0.9500000;0.9500000;
1.7540000;0.9500000;0.9500000;
1.7550000;0.9500000;0.9500000;
1.7560000;0.9500000;0.9500000;
1.7570000;0.9500000;0.9500000;
1.7580000;0.9500000;0.9500000;
1.7590000;0.9500000;0.9500000;
1.7600000;0.9500000;0.9500000;
1.7610000;0.9500000;0.9500000;
1.7620000;0.9500000;0.9500000;
1.7630000;0.9500000;0.9500000;
1.7640000;0.9500000;0.9500000;
1.7650000;0.9500000;0.9500000;
1.7660000;0.9500000;0.9500000;
1.7670000;0.9500000;0.9500000;
1.7680000;0.9500000;0.9500000;
1.7690000;0.9500000;0.9500000;
1.7700000;0.9500000;0.9500000;
1.7710000;0.9500000;0.9500000;
1.7720000;0.9500000;0.9500000;
1.7730000;0.9500000;0.9500000;
1.7740000;0.9500000;0.9500000;
1.7750000;0.9500000;0.9500000;
1.7760000;0.9500000;0.9500000;
1.7770000;0.9500000;0.9500000;
1.7780000;0.9500000;0.9500000;
1.7790000;0.9500000;0.9500000;
1.7800000;0.9500000;0.9500000;
1.7810000;0.9500000;0.9500000;
1.7820000;0.9500000;0.9500000;
1.7830000;0.9500000;0.9500000;
1.7840000;0.9500000;0.9500000;
1.7850000;0.9500000;0.9500000;
1.7860000;0.9500000;0.9500000;
1.7870000;0.9500000;0.9500000;
1.7880000;0.9500000;0.9500000;
1.7890000;0.9500000;0.9500000;
1.7900000;0.9500000;0.9500000;
1.7910000;0.9500000;0.9500000;
1.7920000;0.9500000;0.9500000;
1.7930000;0.9500000;0.9500000;
1.7940000;0.9500000;0.9500000;
1.7950000;0.9500000;0.9500000;
1.7960000;0.9500000;0.9500000;
1.7970000;0.9500000;0.9500000;
1.7980000;0.9500000;0.9500000;
1.7990000;0.9500000;0.9500000;
1.8000000;0.9500000;0.9500000;
1.8010000;0.9500000;0.9500000;
1.8020000;0.9500000;0.9500000;
1.8030000;0.9500000;0.9500000;
1.8040000;0.9500000;0.9500000;
1.8050000;0.9500000;0.9500000;
1.8060000;0.9500000;0.9500000;
1.8070000;0.9500000;0.9500000;
1.8080000;0.9500000;0.9500000;
1.8090000;0.9500000;0.9500000;
1.8100000;0.9500000;0.9500000;
1.8110000;0.9500000;0.9500000;
1.8120000;0.9500000;0.9500000;
1.8130000;0.9500000;0.9500000;
1.8140000;0.9500000;0.9500000;
1.8150000;0.9500000;0.9500000;
1.8160000;0.9500000;0.9500000;
1.8170000;0.9500000;0.9500000;
1.8180000;0.9500000;0.9500000;
1.8190000;0.9500000;0.9500000;
1.8200000;0.9500000;0.9500000;
1.8210000;0.9500000;0.9500000;
1.8220000;0.9500000;0.9500000;
1.8230000;0.9500000;0.9500000;
1.8240000;0.9500000;0.9500000;
1.8250000;0.9500000;0.9500000;
1.8260000;0.9500000;0.9500000;
1.8270000;0.9500000;0.9500000;
1.8280000;0.9500000;0.9500000;
1.8290000;0.9500000;0.9500000;
1.8300000;0.9500000;0.9500000;
1.8310000;0.9500000;0.9500000;
1.8320000;0.9500000;0.9500000;
1.8330000;0.9500000;0.9500000;
1.8340000;0.9500000;0.9500000;
1.8350000;0.9500000;0.9500000;
1.8360000;0.9500000;0.9500000;
1.8370000;0.9500000;0.9500000;
1.8380000;0.9500000;0.9500000;
1.8390000;0.9500000;0.9500000;
1.8400000;0.9500000;0.9500000;
1.8410000;0.9500000;0.9500000;
1.8420000;0.9500000;0.9500000;
1.8430000;0.9500000;0.9500000;
1.8440000;0.9500000;0.9500000;
1.8450000;0.9500000;0.9500000;
1.8460000;0.9500000;0.9500000;
1.8470000;0.9500000;0.9500000;
1.8480000;0.9500000;0.9500000;
1.8490000;0.9500000;0.9500000;
1.8500000;0.9500000;0.9500000;
1.8510000;0.9500000;0.9500000;
1.8520000;0.9500000;0.9500000;
1.8530000;0.9500000;0.9500000;
1.8540000;0.9500000;0.9500000;
1.8550000;0.9500000;0.9500000;
1.8560000;0.9500000;0.9500000;
1.8570000;0.9500000;0.9500000;
1.8580000;0.9500000;0.9500000;
1.8590000;0.9500000;0.9500000;
1.8600000;0.9500000;0.9500000;
1.8610000;0.9500000;0.9500000;
1.8620000;0.9500000;0.9500000;
1.8630000;0.9500000;0.9500000;
1.8640000;0.9500000;0.9500000;
1.8650000;0.9500000;0.9500000;
1.8660000;0.9500000;0.9500000;
1.8670000;0.9500000;0.9500000;
1.8680000;0.9500000;0.9500000;
1.8690000;0.9500000;0.9500000;
1.8700000;0.9500000;0.9500000;
1.8710000;0.9500000;0.9500000;
1.8720000;0.9500000;0.9500000;
1.8730000;0.9500000;0.9500000;
1.8740000;0.9500000;0.9500000;
1.8750000;0.9500000;0.9500000;
1.8760000;0.9500000;0.9500000;
1.8770000;0.9500000;0.9500000;
1.8780000;0.9500000;0.9500000;
1.8790000;0.9500000;0.9500000;
1.8800000;0.9500000;0.9500000;
1.8810000;0.9500000;0.9500000;
1.8820000;0.9500000;0.9500000;
1.8830000;0.9500000;0.9500000;
1.8840000;0.9500000;0.9500000;
1.8850000;0.9500000;0.9500000;
1.8860000;0.9500000;0.9500000;
1.8870000;0.9500000;0.9500000;
1.8880000;0.9500000;0.9500000;
1.8890000;0.9500000;0.9500000;
1.8900000;0.9500000;0.9500000;
1.8910000;0.9500000;0.9500000;
1.8920000;0.9500000;0.9500000;
1.8930000;0.9500000;0.9500000;
1.8940000;0.9500000;0.9500000;
1.8950000;0.9500000;0.9500000;
1.8960000;0.9500000;0.9500000;
1.8970000;0.9500000;0.9500000;
1.8980000;0.9500000;0.9500000;
1.8990000;0.9500000;0.9500000;
1.9000000;0.9500000;0.9500000;
1.9010000;0.9500000;0.9500000;
1.9020000;0.9500000;0.9500000;
1.9030000;0.9500000;0.9500000;
1.9040000;0.9500000;0.9500000;
1.9050000;0.9500000;0.9500000;
1.9060000;0.9500000;0.9500000;
1.9070000;0.9500000;0.9500000;
1.9080000;0.9500000;0.9500000;
1.9090000;0.9500000;0.9500000;
1.9100000;0.9500000;0.9500000;
1.9110000;0.9500000;0.9500000;
1.9120000;0.9500000;0.9500000;
1.9130000;0.9500000;0.9500000;
1.9140000;0.9500000;0.9500000;
1.9150000;0.9500000;0.9500000;
1.9160000;0.9500000;0.9500000;
1.9170000;0.9500000;0.9500000;
1.9180000;0.9500000;0.9500000;
1.9190000;0.9500000;0.9500000;
1.9200000;0.9500000;0.9500000;
1.9210000;0.9500000;0.9500000;
1.9220000;0.9500000;0.9500000;
1.9230000;0.9500000;0.9500000;
1.9240000;0.9500000;0.9500000;
1.9250000;0.9500000;0.9500000;
1.9260000;0.9500000;0.9500000;
1.9270000;0.9500000;0.9500000;
1.9280000;0.9500000;0.9500000;
1.9290000;0.9500000;0.9500000;
1.9300000;0.9500000;0.9500000;
1.9310000;0.9500000;0.9500000;
1.9320000;0.9500000;0.9500000;
1.9330000;0.9500000;0.9500000;
1.9340000;0.9500000;0.9500000;
1.9350000;0.9500000;0.9500000;
1.9360000;0.9500000;0.9500000;
1.9370000;0.9500000;0.9500000;
1.9380000;0.9500000;0.9500000;
1.9390000;0.9500000;0.9500000;
1.9400000;0.9500000;0.9500000;
1.9410000;0.9500000;0.9500000;
1.9420000;0.9500000;0.9500000;
1.9430000;0.9500000;0.9500000;
1.9440000;0.9500000;0.9500000;
1.9450000;0.9500000;0.9500000;
1.9460000;0.9500000;0.9500000;
1.9470000;0.9500000;0.9500000;
1.9480000;0.9500000;0.9500000;
1.9490000;0.9500000;0.9500000;
1.9500000;0.9500000;0.9500000;
1.9510000;0.9500000;0.9500000;
1.9520000;0.9500000;0.9500000;
1.9530000;0.9500000;0.9500000;
1.9540000;0.9500000;0.9500000;
1.9550000;0.9500000;0.9500000;
1.9560000;0.9500000;0.9500000;
1.9570000;0.9500000;0.9500000;
1.9580000;0.9500000;0.9500000;
1.9590000;0.9500000;0.9500000;
1.9600000;0.9500000;0.9500000;
1.9610000;0.9500000;0.9500000;
1.9620000;0.9500000;0.9500000;
1.9630000;0.9500000;0.9500000;
1.9640000;0.9500000;0.9500000;
1.9650000;0.9500000;0.9500000;
1.9660000;0.9500000;0.9500000;
1.9670000;0.9500000;0.9500000;
1.9680000;0.9500000;0.9500000;
1.9690000;0.9500000;0.9500000;
1.9700000;0.9500000;0.9500000;
1.9710000;0.9500000;0.9500000;
1.9720000;0.9500000;0.9500000;
1.9730000;0.9500000;0.9500000;
1.9740000;0.9500000;0.9500000;
1.9750000;0.9500000;0.9500000;
1.9760000;0.9500000;0.9500000;
1.9770000;0.9500000;0.9500000;
1.9780000;0.9500000;0.9500000;
1.9790000;0.9500000;0.9500000;
1.9800000;0.9500000;0.9500000;
1.9810000;0.9500000;0.9500000;
1.9820000;0.9500000;0.9500000;
1.9830000;0.9500000;0.9500000;
1.9840000;0.9500000;0.9500000;
1.9850000;0.9500000;0.9500000;
1.9860000;0.9500000;0.9500000;
1.9870000;0.9500000;0.9500000;
1.9880000;0.9500000;0.9500000;
1.9890000;0.9500000;0.9500000;
1.9900000;0.9500000;0.9500000;
1.9910000;0.9500000;0.9500000;
1.9920000;0.9500000;0.9500000;
1.9930000;0.9500000;0.9500000;
1.9940000;0.9500000;0.9500000;
1.9950000;0.9500000;0.9500000;
1.9960000;0.9500000;0.9500000;
1.9970000;0.9500000;0.9500000;
1.9980000;0.9500000;0.9500000;
1.9990000;0.9500000;0.9500000;
2.0000000;0.9500000;0.9500000;
2.0010000;0.9500000;0.9500000;
2.0020000;0.9500000;0.9500000;
2.0030000;0.9500000;0.9500000;
2.0040000;0.9500000;0.9500000;
2.0050000;0.9500000;0.9500000;
2.0060000;0.9500000;0.9500000;
2.0070000;0.9500000;0.9500000;
2.0080000;0.9500000;0.9500000;
2.0090000;0.9500000;0.9500000;
2.0100000;0.9500000;0.9500000;
2.0110000;0.9500000;0.9500000;
2.0120000;0.9500000;0.9500000;
2.0130000;0.9500000;0.9500000;
2.0140000;0.9500000;0.9500000;
2.0150000;0.9500000;0.9500000;
2.0160000;0.9500000;0.9500000;
2.0170000;0.9500000;0.9500000;
2.0180000;0.9500000;0.9500000;
2.0190000;0.9500000;0.9500000;
2.0200000;0.9500000;0.9500000;
2.0210000;0.9500000;0.9500000;
2.0220000;0.9500000;0.9500000;
2.0230000;0.9500000;0.9500000;
2.0240000;0.9500000;0.9500000;
2.0250000;0.9500000;0.9500000;
2.0260000;0.9500000;0.9500000;
2.0270000;0.9500000;0.9500000;
2.0280000;0.9500000;0.9500000;
2.0290000;0.9500000;0.9500000;
2.0300000;0.9500000;0.9500000;
2.0310000;0.9500000;0.9500000;
2.0320000;0.9500000;0.9500000;
2.0330000;0.9500000;0.9500000;
2.0340000;0.9500000;0.9500000;
2.0350000;0.9500000;0.9500000;
2.0360000;0.9500000;0.9500000;
2.0370000;0.9500000;0.9500000;
2.0380000;0.9500000;0.9500000;
2.0390000;0.9500000;0.9500000;
2.0400000;0.9500000;0.9500000;
2.0410000;0.9500000;0.9500000;
2.0420000;0.9500000;0.9500000;
2.0430000;0.9500000;0.9500000;
2.0440000;0.9500000;0.9500000;
2.0450000;0.9500000;0.9500000;
2.0460000;0.9500000;0.9500000;
2.0470000;0.9500000;0.9500000;
2.0480000;0.9500000;0.9500000;
2.0490000;0.9500000;0.9500000;
2.0500000;0.9500000;0.9500000;
2.0510000;0.9500000;0.9500000;
2.0520000;0.9500000;0.9500000;
2.0530000;0.9500000;0.9500000;
2.0540000;0.9500000;0.9500000;
2.0550000;0.9500000;0.9500000;
2.0560000;0.9500000;0.9500000;
2.0570000;0.9500000;0.9500000;
2.0580000;0.9500000;0.9500000;
2.0590000;0.9500000;0.9500000;
2.0600000;0.9500000;0.9500000;
2.0610000;0.9500000;0.9500000;
2.0620000;0.9500000;0.9500000;
2.0630000;0.9500000;0.9500000;
2.0640000;0.9500000;0.9500000;
2.0650000;0.9500000;0.9500000;
2.0660000;0.9500000;0.9500000;
2.0670000;0.9500000;0.9500000;
2.0680000;0.9500000;0.9500000;
2.0690000;0.9500000;0.9500000;
2.0700000;0.9500000;0.9500000;
2.0710000;0.9500000;0.9500000;
2.0720000;0.9500000;0.9500000;
2.0730000;0.9500000;0.9500000;
2.0740000;0.9500000;0.9500000;
2.0750000;0.9500000;0.9500000;
2.0760000;0.9500000;0.9500000;
2.0770000;0.9500000;0.9500000;
2.0780000;0.9500000;0.9500000;
2.0790000;0.9500000;0.9500000;
2.0800000;0.9500000;0.9500000;
2.0810000;0.9500000;0.9500000;
2.0820000;0.9500000;0.9500000;
2.0830000;0.9500000;0.9500000;
2.0840000;0.9500000;0.9500000;
2.0850000;0.9500000;0.9500000;
2.0860000;0.9500000;0.9500000;
2.0870000;0.9500000;0.9500000;
2.0880000;0.9500000;0.9500000;
2.0890000;0.9500000;0.9500000;
2.0900000;0.9500000;0.9500000;
2.0910000;0.9500000;0.9500000;
2.0920000;0.9500000;0.9500000;
2.0930000;0.9500000;0.9500000;
2.0940000;0.9500000;0.9500000;
2.0950000;0.9500000;0.9500000;
2.0960000;0.9500000;0.9500000;
2.0970000;0.9500000;0.9500000;
2.0980000;0.9500000;0.9500000;
2.0990000;0.9500000;0.9500000;
2.1000000;0.9500000;0.9500000;
2.1010000;0.9500000;0.9500000;
2.1020000;0.9500000;0.9500000;
2.1030000;0.9500000;0.9500000;
2.1040000;0.9500000;0.9500000;
2.1050000;0.9500000;0.9500000;
2.1060000;0.9500000;0.9500000;
2.1070000;0.9500000;0.9500000;
2.1080000;0.9500000;0.9500000;
2.1090000;0.9500000;0.9500000;
2.1100000;0.9500000;0.9500000;
2.1110000;0.9500000;0.9500000;
2.1120000;0.9500000;0.9500000;
2.1130000;0.9500000;0.9500000;
2.1140000;0.9500000;0.9500000;
2.1150000;0.9500000;0.9500000;
2.1160000;0.9500000;0.9500000;
2.1170000;0.9500000;0.9500000;
2.1180000;0.9500000;0.9500000;
2.1190000;0.9500000;0.9500000;
2.1200000;0.9500000;0.9500000;
2.1210000;0.9500000;0.9500000;
2.1220000;0.9500000;0.9500000;
2.1230000;0.9500000;0.9500000;
2.1240000;0.9500000;0.9500000;
2.1250000;0.9500000;0.9500000;
2.1260000;0.9500000;0.9500000;
2.1270000;0.9500000;0.9500000;
2.1280000;0.9500000;0.9500000;
2.1290000;0.9500000;0.9500000;
2.1300000;0.9500000;0.9500000;
2.1310000;0.9500000;0.9500000;
2.1320000;0.9500000;0.9500000;
2.1330000;0.9500000;0.9500000;
2.1340000;0.9500000;0.9500000;
2.1350000;0.9500000;0.9500000;
2.1360000;0.9500000;0.9500000;
2.1370000;0.9500000;0.9500000;
2.1380000;0.9500000;0.9500000;
2.1390000;0.9500000;0.9500000;
2.1400000;0.9500000;0.9500000;
2.1410000;0.9500000;0.9500000;
2.1420000;0.9500000;0.9500000;
2.1430000;0.9500000;0.9500000;
2.1440000;0.9500000;0.9500000;
2.1450000;0.9500000;0.9500000;
2.1460000;0.9500000;0.9500000;
2.1470000;0.9500000;0.9500000;
2.1480000;0.9500000;0.9500000;
2.1490000;0.9500000;0.9500000;
2.1500000;0.9500000;0.9500000;
2.1510000;0.9500000;0.9500000;
2.1520000;0.9500000;0.9500000;
2.1530000;0.9500000;0.9500000;
2.1540000;0.9500000;0.9500000;
2.1550000;0.9500000;0.9500000;
2.1560000;0.9500000;0.9500000;
2.1570000;0.9500000;0.9500000;
2.1580000;0.9500000;0.9500000;
2.1590000;0.9500000;0.9500000;
2.1600000;0.9500000;0.9500000;
2.1610000;0.9500000;0.9500000;
2.1620000;0.9500000;0.9500000;
2.1630000;0.9500000;0.9500000;
2.1640000;0.9500000;0.9500000;
2.1650000;0.9500000;0.9500000;
2.1660000;0.9500000;0.9500000;
2.1670000;0.9500000;0.9500000;
2.1680000;0.9500000;0.9500000;
2.1690000;0.9500000;0.9500000;
2.1700000;0.9500000;0.9500000;
2.1710000;0.9500000;0.9500000;
2.1720000;0.9500000;0.9500000;
2.1730000;0.9500000;0.9500000;
2.1740000;0.9500000;0.9500000;
2.1750000;0.9500000;0.9500000;
2.1760000;0.9500000;0.9500000;
2.1770000;0.9500000;0.9500000;
2.1780000;0.9500000;0.9500000;
2.1790000;0.9500000;0.9500000;
2.1800000;0.9500000;0.9500000;
2.1810000;0.9500000;0.9500000;
2.1820000;0.9500000;0.9500000;
2.1830000;0.9500000;0.9500000;
2.1840000;0.9500000;0.9500000;
2.1850000;0.9500000;0.9500000;
2.1860000;0.9500000;0.9500000;
2.1870000;0.9500000;0.9500000;
2.1880000;0.9500000;0.9500000;
2.1890000;0.9500000;0.9500000;
2.1900000;0.9500000;0.9500000;
2.1910000;0.9500000;0.9500000;
2.1920000;0.9500000;0.9500000;
2.1930000;0.9500000;0.9500000;
2.1940000;0.9500000;0.9500000;
2.1950000;0.9500000;0.9500000;
2.1960000;0.9500000;0.9500000;
2.1970000;0.9500000;0.9500000;
2.1980000;0.9500000;0.9500000;
2.1990000;0.9500000;0.9500000;
2.2000000;0.9500000;0.9500000;
2.2010000;0.9500000;0.9500000;
2.2020000;0.9500000;0.9500000;
2.2030000;0.9500000;0.9500000;
2.2040000;0.9500000;0.9500000;
2.2050000;0.9500000;0.9500000;
2.2060000;0.9500000;0.9500000;
2.2070000;0.9500000;0.9500000;
2.2080000;0.9500000;0.9500000;
2.2090000;0.9500000;0.9500000;
2.2100000;0.9500000;0.9500000;
2.2110000;0.9500000;0.9500000;
2.2120000;0.9500000;0.9500000;
2.2130000;0.9500000;0.9500000;
2.2140000;0.9500000;0.9500000;
2.2150000;0.9500000;0.9500000;
2.2160000;0.9500000;0.9500000;
2.2170000;0.9500000;0.9500000;
2.2180000;0.9500000;0.9500000;
2.2190000;0.9500000;0.9500000;
2.2200000;0.9500000;0.9500000;
2.2210000;0.9500000;0.9500000;
2.2220000;0.9500000;0.9500000;
2.2230000;0.9500000;0.9500000;
2.2240000;0.9500000;0.9500000;
2.2250000;0.9500000;0.9500000;
2.2260000;0.9500000;0.9500000;
2.2270000;0.9500000;0.9500000;
2.2280000;0.9500000;0.9500000;
2.2290000;0.9500000;0.9500000;
2.2300000;0.9500000;0.9500000;
2.2310000;0.9500000;0.9500000;
2.2320000;0.9500000;0.9500000;
2.2330000;0.9500000;0.9500000;
2.2340000;0.9500000;0.9500000;
2.2350000;0.9500000;0.9500000;
2.2360000;0.9500000;0.9500000;
2.2370000;0.9500000;0.9500000;
2.2380000;0.9500000;0.9500000;
2.2390000;0.9500000;0.9500000;
2.2400000;0.9500000;0.9500000;
2.2410000;0.9500000;0.9500000;
2.2420000;0.9500000;0.9500000;
2.2430000;0.9500000;0.9500000;
2.2440000;0.9500000;0.9500000;
2.2450000;0.9500000;0.9500000;
2.2460000;0.9500000;0.9500000;
2.2470000;0.9500000;0.9500000;
2.2480000;0.9500000;0.9500000;
2.2490000;0.9500000;0.9500000;
2.2500000;0.9500000;0.9500000;
2.2510000;0.9500000;0.9500000;
2.2520000;0.9500000;0.9500000;
2.2530000;0.9500000;0.9500000;
2.2540000;0.9500000;0.9500000;
2.2550000;0.9500000;0.9500000;
2.2560000;0.9500000;0.9500000;
2.2570000;0.9500000;0.9500000;
2.2580000;0.9500000;0.9500000;
2.2590000;0.9500000;0.9500000;
2.2600000;0.9500000;0.9500000;
2.2610000;0.9500000;0.9500000;
2.2620000;0.9500000;0.9500000;
2.2630000;0.9500000;0.9500000;
2.2640000;0.9500000;0.9500000;
2.2650000;0.9500000;0.9500000;
2.2660000;0.9500000;0.9500000;
2.2670000;0.9500000;0.9500000;
2.2680000;0.9500000;0.9500000;
2.2690000;0.9500000;0.9500000;
2.2700000;0.9500000;0.9500000;
2.2710000;0.9500000;0.9500000;
2.2720000;0.9500000;0.9500000;
2.2730000;0.9500000;0.9500000;
2.2740000;0.9500000;0.9500000;
2.2750000;0.9500000;0.9500000;
2.2760000;0.9500000;0.9500000;
2.2770000;0.9500000;0.9500000;
2.2780000;0.9500000;0.9500000;
2.2790000;0.9500000;0.9500000;
2.2800000;0.9500000;0.9500000;
2.2810000;0.9500000;0.9500000;
2.2820000;0.9500000;0.9500000;
2.2830000;0.9500000;0.9500000;
2.2840000;0.9500000;0.9500000;
2.2850000;0.9500000;0.9500000;
2.2860000;0.9500000;0.9500000;
2.2870000;0.9500000;0.9500000;
2.2880000;0.9500000;0.9500000;
2.2890000;0.9500000;0.9500000;
2.2900000;0.9500000;0.9500000;
2.2910000;0.9500000;0.9500000;
2.2920000;0.9500000;0.9500000;
2.2930000;0.9500000;0.9500000;
2.2940000;0.9500000;0.9500000;
2.2950000;0.9500000;0.9500000;
2.2960000;0.9500000;0.9500000;
2.2970000;0.9500000;0.9500000;
2.2980000;0.9500000;0.9500000;
2.2990000;0.9500000;0.9500000;
2.3000000;0.9500000;0.9500000;
2.3010000;0.9500000;0.9500000;
2.3020000;0.9500000;0.9500000;
2.3030000;0.9500000;0.9500000;
2.3040000;0.9500000;0.9500000;
2.3050000;0.9500000;0.9500000;
2.3060000;0.9500000;0.9500000;
2.3070000;0.9500000;0.9500000;
2.3080000;0.9500000;0.9500000;
2.3090000;0.9500000;0.9500000;
2.3100000;0.9500000;0.9500000;
2.3110000;0.9500000;0.9500000;
2.3120000;0.9500000;0.9500000;
2.3130000;0.9500000;0.9500000;
2.3140000;0.9500000;0.9500000;
2.3150000;0.9500000;0.9500000;
2.3160000;0.9500000;0.9500000;
2.3170000;0.9500000;0.9500000;
2.3180000;0.9500000;0.9500000;
2.3190000;0.9500000;0.9500000;
2.3200000;0.9500000;0.9500000;
2.3210000;0.9500000;0.9500000;
2.3220000;0.9500000;0.9500000;
2.3230000;0.9500000;0.9500000;
2.3240000;0.9500000;0.9500000;
2.3250000;0.9500000;0.9500000;
2.3260000;0.9500000;0.9500000;
2.3270000;0.9500000;0.9500000;
2.3280000;0.9500000;0.9500000;
2.3290000;0.9500000;0.9500000;
2.3300000;0.9500000;0.9500000;
2.3310000;0.9500000;0.9500000;
2.3320000;0.9500000;0.9500000;
2.3330000;0.9500000;0.9500000;
2.3340000;0.9500000;0.9500000;
2.3350000;0.9500000;0.9500000;
2.3360000;0.9500000;0.9500000;
2.3370000;0.9500000;0.9500000;
2.3380000;0.9500000;0.9500000;
2.3390000;0.9500000;0.9500000;
2.3400000;0.9500000;0.9500000;
2.3410000;0.9500000;0.9500000;
2.3420000;0.9500000;0.9500000;
2.3430000;0.9500000;0.9500000;
2.3440000;0.9500000;0.9500000;
2.3450000;0.9500000;0.9500000;
2.3460000;0.9500000;0.9500000;
2.3470000;0.9500000;0.9500000;
2.3480000;0.9500000;0.9500000;
2.3490000;0.9500000;0.9500000;
2.3500000;0.9500000;0.9500000;
2.3510000;0.9500000;0.9500000;
2.3520000;0.9500000;0.9500000;
2.3530000;0.9500000;0.9500000;
2.3540000;0.9500000;0.9500000;
2.3550000;0.9500000;0.9500000;
2.3560000;0.9500000;0.9500000;
2.3570000;0.9500000;0.9500000;
2.3580000;0.9500000;0.9500000;
2.3590000;0.9500000;0.9500000;
2.3600000;0.9500000;0.9500000;
2.3610000;0.9500000;0.9500000;
2.3620000;0.9500000;0.9500000;
2.3630000;0.9500000;0.9500000;
2.3640000;0.9500000;0.9500000;
2.3650000;0.9500000;0.9500000;
2.3660000;0.9500000;0.9500000;
2.3670000;0.9500000;0.9500000;
2.3680000;0.9500000;0.9500000;
2.3690000;0.9500000;0.9500000;
2.3700000;0.9500000;0.9500000;
2.3710000;0.9500000;0.9500000;
2.3720000;0.9500000;0.9500000;
2.3730000;0.9500000;0.9500000;
2.3740000;0.9500000;0.9500000;
2.3750000;0.9500000;0.9500000;
2.3760000;0.9500000;0.9500000;
2.3770000;0.9500000;0.9500000;
2.3780000;0.9500000;0.9500000;
2.3790000;0.9500000;0.9500000;
2.3800000;0.9500000;0.9500000;
2.3810000;0.9500000;0.9500000;
2.3820000;0.9500000;0.9500000;
2.3830000;0.9500000;0.9500000;
2.3840000;0.9500000;0.9500000;
2.3850000;0.9500000;0.9500000;
2.3860000;0.9500000;0.9500000;
2.3870000;0.9500000;0.9500000;
2.3880000;0.9500000;0.9500000;
2.3890000;0.9500000;0.9500000;
2.3900000;0.9500000;0.9500000;
2.3910000;0.9500000;0.9500000;
2.3920000;0.9500000;0.9500000;
2.3930000;0.9500000;0.9500000;
2.3940000;0.9500000;0.9500000;
2.3950000;0.9500000;0.9500000;
2.3960000;0.9500000;0.9500000;
2.3970000;0.9500000;0.9500000;
2.3980000;0.9500000;0.9500000;
2.3990000;0.9500000;0.9500000;
2.4000000;0.9500000;0.9500000;
2.4010000;0.9500000;0.9500000;
2.4020000;0.9500000;0.9500000;
2.4030000;0.9500000;0.9500000;
2.4040000;0.9500000;0.9500000;
2.4050000;0.9500000;0.9500000;
2.4060000;0.9500000;0.9500000;
2.4070000;0.9500000;0.9500000;
2.4080000;0.9500000;0.9500000;
2.4090000;0.9500000;0.9500000;
2.4100000;0.9500000;0.9500000;
2.4110000;0.9500000;0.9500000;
2.4120000;0.9500000;0.9500000;
2.4130000;0.9500000;0.9500000;
2.4140000;0.9500000;0.9500000;
2.4150000;0.9500000;0.9500000;
2.4160000;0.9500000;0.9500000;
2.4170000;0.9500000;0.9500000;
2.4180000;0.9500000;0.9500000;
2.4190000;0.9500000;0.9500000;
2.4200000;0.9500000;0.9500000;
2.4210000;0.9500000;0.9500000;
2.4220000;0.9500000;0.9500000;
2.4230000;0.9500000;0.9500000;
2.4240000;0.9500000;0.9500000;
2.4250000;0.9500000;0.9500000;
2.4260000;0.9500000;0.9500000;
2.4270000;0.9500000;0.9500000;
2.4280000;0.9500000;0.9500000;
2.4290000;0.9500000;0.9500000;
2.4300000;0.9500000;0.9500000;
2.4310000;0.9500000;0.9500000;
2.4320000;0.9500000;0.9500000;
2.4330000;0.9500000;0.9500000;
2.4340000;0.9500000;0.9500000;
2.4350000;0.9500000;0.9500000;
2.4360000;0.9500000;0.9500000;
2.4370000;0.9500000;0.9500000;
2.4380000;0.9500000;0.9500000;
2.4390000;0.9500000;0.9500000;
2.4400000;0.9500000;0.9500000;
2.4410000;0.9500000;0.9500000;
2.4420000;0.9500000;0.9500000;
2.4430000;0.9500000;0.9500000;
2.4440000;0.9500000;0.9500000;
2.4450000;0.9500000;0.9500000;
2.4460000;0.9500000;0.9500000;
2.4470000;0.9500000;0.9500000;
2.4480000;0.9500000;0.9500000;
2.4490000;0.9500000;0.9500000;
2.4500000;0.9500000;0.9500000;
2.4510000;0.9500000;0.9500000;
2.4520000;0.9500000;0.9500000;
2.4530000;0.9500000;0.9500000;
2.4540000;0.9500000;0.9500000;
2.4550000;0.9500000;0.9500000;
2.4560000;0.9500000;0.9500000;
2.4570000;0.9500000;0.9500000;
2.4580000;0.9500000;0.9500000;
2.4590000;0.9500000;0.9500000;
2.4600000;0.9500000;0.9500000;
2.4610000;0.9500000;0.9500000;
2.4620000;0.9500000;0.9500000;
2.4630000;0.9500000;0.9500000;
2.4640000;0.9500000;0.9500000;
2.4650000;0.9500000;0.9500000;
2.4660000;0.9500000;0.9500000;
2.4670000;0.9500000;0.9500000;
2.4680000;0.9500000;0.9500000;
2.4690000;0.9500000;0.9500000;
2.4700000;0.9500000;0.9500000;
2.4710000;0.9500000;0.9500000;
2.4720000;0.9500000;0.9500000;
2.4730000;0.9500000;0.9500000;
2.4740000;0.9500000;0.9500000;
2.4750000;0.9500000;0.9500000;
2.4760000;0.9500000;0.9500000;
2.4770000;0.9500000;0.9500000;
2.4780000;0.9500000;0.9500000;
2.4790000;0.9500000;0.9500000;
2.4800000;0.9500000;0.9500000;
2.4810000;0.9500000;0.9500000;
2.4820000;0.9500000;0.9500000;
2.4830000;0.9500000;0.9500000;
2.4840000;0.9500000;0.9500000;
2.4850000;0.9500000;0.9500000;
2.4860000;0.9500000;0.9500000;
2.4870000;0.9500000;0.9500000;
2.4880000;0.9500000;0.9500000;
2.4890000;0.9500000;0.9500000;
2.4900000;0.9500000;0.9500000;
2.4910000;0.9500000;0.9500000;
2.4920000;0.9500000;0.9500000;
2.4930000;0.9500000;0.9500000;
2.4940000;0.9500000;0.9500000;
2.4950000;0.9500000;0.9500000;
2.4960000;0.9500000;0.9500000;
2.4970000;0.9500000;0.9500000;
2.4980000;0.9500000;0.9500000;
2.4990000;0.9500000;0.9500000;
2.5000000;0.9500000;0.9500000;
2.5010000;0.9500000;0.9500000;
2.5020000;0.9500000;0.9500000;
2.5030000;0.9500000;0.9500000;
2.5040000;0.9500000;0.9500000;
2.5050000;0.9500000;0.9500000;
2.5060000;0.9500000;0.9500000;
2.5070000;0.9500000;0.9500000;
2.5080000;0.9500000;0.9500000;
2.5090000;0.9500000;0.9500000;
2.5100000;0.9500000;0.9500000;
2.5110000;0.9500000;0.9500000;
2.5120000;0.9500000;0.9500000;
2.5130000;0.9500000;0.9500000;
2.5140000;0.9500000;0.9500000;
2.5150000;0.9500000;0.9500000;
2.5160000;0.9500000;0.9500000;
2.5170000;0.9500000;0.9500000;
2.5180000;0.9500000;0.9500000;
2.5190000;0.9500000;0.9500000;
2.5200000;0.9500000;0.9500000;
2.5210000;0.9500000;0.9500000;
2.5220000;0.9500000;0.9500000;
2.5230000;0.9500000;0.9500000;
2.5240000;0.9500000;0.9500000;
2.5250000;0.9500000;0.9500000;
2.5260000;0.9500000;0.9500000;
2.5270000;0.9500000;0.9500000;
2.5280000;0.9500000;0.9500000;
2.5290000;0.9500000;0.9500000;
2.5300000;0.9500000;0.9500000;
2.5310000;0.9500000;0.9500000;
2.5320000;0.9500000;0.9500000;
2.5330000;0.9500000;0.9500000;
2.5340000;0.9500000;0.9500000;
2.5350000;0.9500000;0.9500000;
2.5360000;0.9500000;0.9500000;
2.5370000;0.9500000;0.9500000;
2.5380000;0.9500000;0.9500000;
2.5390000;0.9500000;0.9500000;
2.5400000;0.9500000;0.9500000;
2.5410000;0.9500000;0.9500000;
2.5420000;0.9500000;0.9500000;
2.5430000;0.9500000;0.9500000;
2.5440000;0.9500000;0.9500000;
2.5450000;0.9500000;0.9500000;
2.5460000;0.9500000;0.9500000;
2.5470000;0.9500000;0.9500000;
2.5480000;0.9500000;0.9500000;
2.5490000;0.9500000;0.9500000;
2.5500000;0.9500000;0.9500000;
2.5510000;0.9500000;0.9500000;
2.5520000;0.9500000;0.9500000;
2.5530000;0.9500000;0.9500000;
2.5540000;0.9500000;0.9500000;
2.5550000;0.9500000;0.9500000;
2.5560000;0.9500000;0.9500000;
2.5570000;0.9500000;0.9500000;
2.5580000;0.9500000;0.9500000;
2.5590000;0.9500000;0.9500000;
2.5600000;0.9500000;0.9500000;
2.5610000;0.9500000;0.9500000;
2.5620000;0.9500000;0.9500000;
2.5630000;0.9500000;0.9500000;
2.5640000;0.9500000;0.9500000;
2.5650000;0.9500000;0.9500000;
2.5660000;0.9500000;0.9500000;
2.5670000;0.9500000;0.9500000;
2.5680000;0.9500000;0.9500000;
2.5690000;0.9500000;0.9500000;
2.5700000;0.9500000;0.9500000;
2.5710000;0.9500000;0.9500000;
2.5720000;0.9500000;0.9500000;
2.5730000;0.9500000;0.9500000;
2.5740000;0.9500000;0.9500000;
2.5750000;0.9500000;0.9500000;
2.5760000;0.9500000;0.9500000;
2.5770000;0.9500000;0.9500000;
2.5780000;0.9500000;0.9500000;
2.5790000;0.9500000;0.9500000;
2.5800000;0.9500000;0.9500000;
2.5810000;0.9500000;0.9500000;
2.5820000;0.9500000;0.9500000;
2.5830000;0.9500000;0.9500000;
2.5840000;0.9500000;0.9500000;
2.5850000;0.9500000;0.9500000;
2.5860000;0.9500000;0.9500000;
2.5870000;0.9500000;0.9500000;
2.5880000;0.9500000;0.9500000;
2.5890000;0.9500000;0.9500000;
2.5900000;0.9500000;0.9500000;
2.5910000;0.9500000;0.9500000;
2.5920000;0.9500000;0.9500000;
2.5930000;0.9500000;0.9500000;
2.5940000;0.9500000;0.9500000;
2.5950000;0.9500000;0.9500000;
2.5960000;0.9500000;0.9500000;
2.5970000;0.9500000;0.9500000;
2.5980000;0.9500000;0.9500000;
2.5990000;0.9500000;0.9500000;
2.6000000;0.9500000;0.9500000;
2.6010000;0.9500000;0.9500000;
2.6020000;0.9500000;0.9500000;
2.6030000;0.9500000;0.9500000;
2.6040000;0.9500000;0.9500000;
2.6050000;0.9500000;0.9500000;
2.6060000;0.9500000;0.9500000;
2.6070000;0.9500000;0.9500000;
2.6080000;0.9500000;0.9500000;
2.6090000;0.9500000;0.9500000;
2.6100000;0.9500000;0.9500000;
2.6110000;0.9500000;0.9500000;
2.6120000;0.9500000;0.9500000;
2.6130000;0.9500000;0.9500000;
2.6140000;0.9500000;0.9500000;
2.6150000;0.9500000;0.9500000;
2.6160000;0.9500000;0.9500000;
2.6170000;0.9500000;0.9500000;
2.6180000;0.9500000;0.9500000;
2.6190000;0.9500000;0.9500000;
2.6200000;0.9500000;0.9500000;
2.6210000;0.9500000;0.9500000;
2.6220000;0.9500000;0.9500000;
2.6230000;0.9500000;0.9500000;
2.6240000;0.9500000;0.9500000;
2.6250000;0.9500000;0.9500000;
2.6260000;0.9500000;0.9500000;
2.6270000;0.9500000;0.9500000;
2.6280000;0.9500000;0.9500000;
2.6290000;0.9500000;0.9500000;
2.6300000;0.9500000;0.9500000;
2.6310000;0.9500000;0.9500000;
2.6320000;0.9500000;0.9500000;
2.6330000;0.9500000;0.9500000;
2.6340000;0.9500000;0.9500000;
2.6350000;0.9500000;0.9500000;
2.6360000;0.9500000;0.9500000;
2.6370000;0.9500000;0.9500000;
2.6380000;0.9500000;0.9500000;
2.6390000;0.9500000;0.9500000;
2.6400000;0.9500000;0.9500000;
2.6410000;0.9500000;0.9500000;
2.6420000;0.9500000;0.9500000;
2.6430000;0.9500000;0.9500000;
2.6440000;0.9500000;0.9500000;
2.6450000;0.9500000;0.9500000;
2.6460000;0.9500000;0.9500000;
2.6470000;0.9500000;0.9500000;
2.6480000;0.9500000;0.9500000;
2.6490000;0.9500000;0.9500000;
2.6500000;0.9500000;0.9500000;
2.6510000;0.9500000;0.9500000;
2.6520000;0.9500000;0.9500000;
2.6530000;0.9500000;0.9500000;
2.6540000;0.9500000;0.9500000;
2.6550000;0.9500000;0.9500000;
2.6560000;0.9500000;0.9500000;
2.6570000;0.9500000;0.9500000;
2.6580000;0.9500000;0.9500000;
2.6590000;0.9500000;0.9500000;
2.6600000;0.9500000;0.9500000;
2.6610000;0.9500000;0.9500000;
2.6620000;0.9500000;0.9500000;
2.6630000;0.9500000;0.9500000;
2.6640000;0.9500000;0.9500000;
2.6650000;0.9500000;0.9500000;
2.6660000;0.9500000;0.9500000;
2.6670000;0.9500000;0.9500000;
2.6680000;0.9500000;0.9500000;
2.6690000;0.9500000;0.9500000;
2.6700000;0.9500000;0.9500000;
2.6710000;0.9500000;0.9500000;
2.6720000;0.9500000;0.9500000;
2.6730000;0.9500000;0.9500000;
2.6740000;0.9500000;0.9500000;
2.6750000;0.9500000;0.9500000;
2.6760000;0.9500000;0.9500000;
2.6770000;0.9500000;0.9500000;
2.6780000;0.9500000;0.9500000;
2.6790000;0.9500000;0.9500000;
2.6800000;0.9500000;0.9500000;
2.6810000;0.9500000;0.9500000;
2.6820000;0.9500000;0.9500000;
2.6830000;0.9500000;0.9500000;
2.6840000;0.9500000;0.9500000;
2.6850000;0.9500000;0.9500000;
2.6860000;0.9500000;0.9500000;
2.6870000;0.9500000;0.9500000;
2.6880000;0.9500000;0.9500000;
2.6890000;0.9500000;0.9500000;
2.6900000;0.9500000;0.9500000;
2.6910000;0.9500000;0.9500000;
2.6920000;0.9500000;0.9500000;
2.6930000;0.9500000;0.9500000;
2.6940000;0.9500000;0.9500000;
2.6950000;0.9500000;0.9500000;
2.6960000;0.9500000;0.9500000;
2.6970000;0.9500000;0.9500000;
2.6980000;0.9500000;0.9500000;
2.6990000;0.9500000;0.9500000;
2.7000000;0.9500000;0.9500000;
2.7010000;0.9500000;0.9500000;
2.7020000;0.9500000;0.9500000;
2.7030000;0.9500000;0.9500000;
2.7040000;0.9500000;0.9500000;
2.7050000;0.9500000;0.9500000;
2.7060000;0.9500000;0.9500000;
2.7070000;0.9500000;0.9500000;
2.7080000;0.9500000;0.9500000;
2.7090000;0.9500000;0.9500000;
2.7100000;0.9500000;0.9500000;
2.7110000;0.9500000;0.9500000;
2.7120000;0.9500000;0.9500000;
2.7130000;0.9500000;0.9500000;
2.7140000;0.9500000;0.9500000;
2.7150000;0.9500000;0.9500000;
2.7160000;0.9500000;0.9500000;
2.7170000;0.9500000;0.9500000;
2.7180000;0.9500000;0.9500000;
2.7190000;0.9500000;0.9500000;
2.7200000;0.9500000;0.9500000;
2.7210000;0.9500000;0.9500000;
2.7220000;0.9500000;0.9500000;
2.7230000;0.9500000;0.9500000;
2.7240000;0.9500000;0.9500000;
2.7250000;0.9500000;0.9500000;
2.7260000;0.9500000;0.9500000;
2.7270000;0.9500000;0.9500000;
2.7280000;0.9500000;0.9500000;
2.7290000;0.9500000;0.9500000;
2.7300000;0.9500000;0.9500000;
2.7310000;0.9500000;0.9500000;
2.7320000;0.9500000;0.9500000;
2.7330000;0.9500000;0.9500000;
2.7340000;0.9500000;0.9500000;
2.7350000;0.9500000;0.9500000;
2.7360000;0.9500000;0.9500000;
2.7370000;0.9500000;0.9500000;
2.7380000;0.9500000;0.9500000;
2.7390000;0.9500000;0.9500000;
2.7400000;0.9500000;0.9500000;
2.7410000;0.9500000;0.9500000;
2.7420000;0.9500000;0.9500000;
2.7430000;0.9500000;0.9500000;
2.7440000;0.9500000;0.9500000;
2.7450000;0.9500000;0.9500000;
2.7460000;0.9500000;0.9500000;
2.7470000;0.9500000;0.9500000;
2.7480000;0.9500000;0.9500000;
2.7490000;0.9500000;0.9500000;
2.7500000;0.9500000;0.9500000;
2.7510000;0.9500000;0.9500000;
2.7520000;0.9500000;0.9500000;
2.7530000;0.9500000;0.9500000;
2.7540000;0.9500000;0.9500000;
2.7550000;0.9500000;0.9500000;
2.7560000;0.9500000;0.9500000;
2.7570000;0.9500000;0.9500000;
2.7580000;0.9500000;0.9500000;
2.7590000;0.9500000;0.9500000;
2.7600000;0.9500000;0.9500000;
2.7610000;0.9500000;0.9500000;
2.7620000;0.9500000;0.9500000;
2.7630000;0.9500000;0.9500000;
2.7640000;0.9500000;0.9500000;
2.7650000;0.9500000;0.9500000;
2.7660000;0.9500000;0.9500000;
2.7670000;0.9500000;0.9500000;
2.7680000;0.9500000;0.9500000;
2.7690000;0.9500000;0.9500000;
2.7700000;0.9500000;0.9500000;
2.7710000;0.9500000;0.9500000;
2.7720000;0.9500000;0.9500000;
2.7730000;0.9500000;0.9500000;
2.7740000;0.9500000;0.9500000;
2.7750000;0.9500000;0.9500000;
2.7760000;0.9500000;0.9500000;
2.7770000;0.9500000;0.9500000;
2.7780000;0.9500000;0.9500000;
2.7790000;0.9500000;0.9500000;
2.7800000;0.9500000;0.9500000;
2.7810000;0.9500000;0.9500000;
2.7820000;0.9500000;0.9500000;
2.7830000;0.9500000;0.9500000;
2.7840000;0.9500000;0.9500000;
2.7850000;0.9500000;0.9500000;
2.7860000;0.9500000;0.9500000;
2.7870000;0.9500000;0.9500000;
2.7880000;0.9500000;0.9500000;
2.7890000;0.9500000;0.9500000;
2.7900000;0.9500000;0.9500000;
2.7910000;0.9500000;0.9500000;
2.7920000;0.9500000;0.9500000;
2.7930000;0.9500000;0.9500000;
2.7940000;0.9500000;0.9500000;
2.7950000;0.9500000;0.9500000;
2.7960000;0.9500000;0.9500000;
2.7970000;0.9500000;0.9500000;
2.7980000;0.9500000;0.9500000;
2.7990000;0.9500000;0.9500000;
2.8000000;0.9500000;0.9500000;
2.8010000;0.9500000;0.9500000;
2.8020000;0.9500000;0.9500000;
2.8030000;0.9500000;0.9500000;
2.8040000;0.9500000;0.9500000;
2.8050000;0.9500000;0.9500000;
2.8060000;0.9500000;0.9500000;
2.8070000;0.9500000;0.9500000;
2.8080000;0.9500000;0.9500000;
2.8090000;0.9500000;0.9500000;
2.8100000;0.9500000;0.9500000;
2.8110000;0.9500000;0.9500000;
2.8120000;0.9500000;0.9500000;
2.8130000;0.9500000;0.9500000;
2.8140000;0.9500000;0.9500000;
2.8150000;0.9500000;0.9500000;
2.8160000;0.9500000;0.9500000;
2.8170000;0.9500000;0.9500000;
2.8180000;0.9500000;0.9500000;
2.8190000;0.9500000;0.9500000;
2.8200000;0.9500000;0.9500000;
2.8210000;0.9500000;0.9500000;
2.8220000;0.9500000;0.9500000;
2.8230000;0.9500000;0.9500000;
2.8240000;0.9500000;0.9500000;
2.8250000;0.9500000;0.9500000;
2.8260000;0.9500000;0.9500000;
2.8270000;0.9500000;0.9500000;
2.8280000;0.9500000;0.9500000;
2.8290000;0.9500000;0.9500000;
2.8300000;0.9500000;0.9500000;
2.8310000;0.9500000;0.9500000;
2.8320000;0.9500000;0.9500000;
2.8330000;0.9500000;0.9500000;
2.8340000;0.9500000;0.9500000;
2.8350000;0.9500000;0.9500000;
2.8360000;0.9500000;0.9500000;
2.8370000;0.9500000;0.9500000;
2.8380000;0.9500000;0.9500000;
2.8390000;0.9500000;0.9500000;
2.8400000;0.9500000;0.9500000;
2.8410000;0.9500000;0.9500000;
2.8420000;0.9500000;0.9500000;
2.8430000;0.9500000;0.9500000;
2.8440000;0.9500000;0.9500000;
2.8450000;0.9500000;0.9500000;
2.8460000;0.9500000;0.9500000;
2.8470000;0.9500000;0.9500000;
2.8480000;0.9500000;0.9500000;
2.8490000;0.9500000;0.9500000;
2.8500000;0.9500000;0.9500000;
2.8510000;0.9500000;0.9500000;
2.8520000;0.9500000;0.9500000;
2.8530000;0.9500000;0.9500000;
2.8540000;0.9500000;0.9500000;
2.8550000;0.9500000;0.9500000;
2.8560000;0.9500000;0.9500000;
2.8570000;0.9500000;0.9500000;
2.8580000;0.9500000;0.9500000;
2.8590000;0.9500000;0.9500000;
2.8600000;0.9500000;0.9500000;
2.8610000;0.9500000;0.9500000;
2.8620000;0.9500000;0.9500000;
2.8630000;0.9500000;0.9500000;
2.8640000;0.9500000;0.9500000;
2.8650000;0.9500000;0.9500000;
2.8660000;0.9500000;0.9500000;
2.8670000;0.9500000;0.9500000;
2.8680000;0.9500000;0.9500000;
2.8690000;0.9500000;0.9500000;
2.8700000;0.9500000;0.9500000;
2.8710000;0.9500000;0.9500000;
2.8720000;0.9500000;0.9500000;
2.8730000;0.9500000;0.9500000;
2.8740000;0.9500000;0.9500000;
2.8750000;0.9500000;0.9500000;
2.8760000;0.9500000;0.9500000;
2.8770000;0.9500000;0.9500000;
2.8780000;0.9500000;0.9500000;
2.8790000;0.9500000;0.9500000;
2.8800000;0.9500000;0.9500000;
2.8810000;0.9500000;0.9500000;
2.8820000;0.9500000;0.9500000;
2.8830000;0.9500000;0.9500000;
2.8840000;0.9500000;0.9500000;
2.8850000;0.9500000;0.9500000;
2.8860000;0.9500000;0.9500000;
2.8870000;0.9500000;0.9500000;
2.8880000;0.9500000;0.9500000;
2.8890000;0.9500000;0.9500000;
2.8900000;0.9500000;0.9500000;
2.8910000;0.9500000;0.9500000;
2.8920000;0.9500000;0.9500000;
2.8930000;0.9500000;0.9500000;
2.8940000;0.9500000;0.9500000;
2.8950000;0.9500000;0.9500000;
2.8960000;0.9500000;0.9500000;
2.8970000;0.9500000;0.9500000;
2.8980000;0.9500000;0.9500000;
2.8990000;0.9500000;0.9500000;
2.9000000;0.9500000;0.9500000;
2.9010000;0.9500000;0.9500000;
2.9020000;0.9500000;0.9500000;
2.9030000;0.9500000;0.9500000;
2.9040000;0.9500000;0.9500000;
2.9050000;0.9500000;0.9500000;
2.9060000;0.9500000;0.9500000;
2.9070000;0.9500000;0.9500000;
2.9080000;0.9500000;0.9500000;
2.9090000;0.9500000;0.9500000;
2.9100000;0.9500000;0.9500000;
2.9110000;0.9500000;0.9500000;
2.9120000;0.9500000;0.9500000;
2.9130000;0.9500000;0.9500000;
2.9140000;0.9500000;0.9500000;
2.9150000;0.9500000;0.9500000;
2.9160000;0.9500000;0.9500000;
2.9170000;0.9500000;0.9500000;
2.9180000;0.9500000;0.9500000;
2.9190000;0.9500000;0.9500000;
2.9200000;0.9500000;0.9500000;
2.9210000;0.9500000;0.9500000;
2.9220000;0.9500000;0.9500000;
2.9230000;0.9500000;0.9500000;
2.9240000;0.9500000;0.9500000;
2.9250000;0.9500000;0.9500000;
2.9260000;0.9500000;0.9500000;
2.9270000;0.9500000;0.9500000;
2.9280000;0.9500000;0.9500000;
2.9290000;0.9500000;0.9500000;
2.9300000;0.9500000;0.9500000;
2.9310000;0.9500000;0.9500000;
2.9320000;0.9500000;0.9500000;
2.9330000;0.9500000;0.9500000;
2.9340000;0.9500000;0.9500000;
2.9350000;0.9500000;0.9500000;
2.9360000;0.9500000;0.9500000;
2.9370000;0.9500000;0.9500000;
2.9380000;0.9500000;0.9500000;
2.9390000;0.9500000;0.9500000;
2.9400000;0.9500000;0.9500000;
2.9410000;0.9500000;0.9500000;
2.9420000;0.9500000;0.9500000;
2.9430000;0.9500000;0.9500000;
2.9440000;0.9500000;0.9500000;
2.9450000;0.9500000;0.9500000;
2.9460000;0.9500000;0.9500000;
2.9470000;0.9500000;0.9500000;
2.9480000;0.9500000;0.9500000;
2.9490000;0.9500000;0.9500000;
2.9500000;0.9500000;0.9500000;
2.9510000;0.9500000;0.9500000;
2.9520000;0.9500000;0.9500000;
2.9530000;0.9500000;0.9500000;
2.9540000;0.9500000;0.9500000;
2.9550000;0.9500000;0.9500000;
2.9560000;0.9500000;0.9500000;
2.9570000;0.9500000;0.9500000;
2.9580000;0.9500000;0.9500000;
2.9590000;0.9500000;0.9500000;
2.9600000;0.9500000;0.9500000;
2.9610000;0.9500000;0.9500000;
2.9620000;0.9500000;0.9500000;
2.9630000;0.9500000;0.9500000;
2.9640000;0.9500000;0.9500000;
2.9650000;0.9500000;0.9500000;
2.9660000;0.9500000;0.9500000;
2.9670000;0.9500000;0.9500000;
2.9680000;0.9500000;0.9500000;
2.9690000;0.9500000;0.9500000;
2.9700000;0.9500000;0.9500000;
2.9710000;0.9500000;0.9500000;
2.9720000;0.9500000;0.9500000;
2.9730000;0.9500000;0.9500000;
2.9740000;0.9500000;0.9500000;
2.9750000;0.9500000;0.9500000;
2.9760000;0.9500000;0.9500000;
2.9770000;0.9500000;0.9500000;
2.9780000;0.9500000;0.9500000;
2.9790000;0.9500000;0.9500000;
2.9800000;0.9500000;0.9500000;
2.9810000;0.9500000;0.9500000;
2.9820000;0.9500000;0.9500000;
2.9830000;0.9500000;0.9500000;
2.9840000;0.9500000;0.9500000;
2.9850000;0.9500000;0.9500000;
2.9860000;0.9500000;0.9500000;
2.9870000;0.9500000;0.9500000;
2.9880000;0.9500000;0.9500000;
2.9890000;0.9500000;0.9500000;
2.9900000;0.9500000;0.9500000;
2.9910000;0.9500000;0.9500000;
2.9920000;0.9500000;0.9500000;
2.9930000;0.9500000;0.9500000;
2.9940000;0.9500000;0.9500000;
2.9950000;0.9500000;0.9500000;
2.9960000;0.9500000;0.9500000;
2.9970000;0.9500000;0.9500000;
2.9980000;0.9500000;0.9500000;
2.9990000;0.9500000;0.9500000;
3.0000000;0.9500000;0.9500000;
3.0010000;0.9500000;0.9500000;
3.0020000;0.9500000;0.9500000;
3.0030000;0.9500000;0.9500000;
3.0040000;0.9500000;0.9500000;
3.0050000;0.9500000;0.9500000;
3.0060000;0.9500000;0.9500000;
3.0070000;0.9500000;0.9500000;
3.0080000;0.9500000;0.9500000;
3.0090000;0.9500000;0.9500000;
3.0100000;0.9500000;0.9500000;
3.0110000;0.9500000;0.9500000;
3.0120000;0.9500000;0.9500000;
3.0130000;0.9500000;0.9500000;
3.0140000;0.9500000;0.9500000;
3.0150000;0.9500000;0.9500000;
3.0160000;0.9500000;0.9500000;
3.0170000;0.9500000;0.9500000;
3.0180000;0.9500000;0.9500000;
3.0190000;0.9500000;0.9500000;
3.0200000;0.9500000;0.9500000;
3.0210000;0.9500000;0.9500000;
3.0220000;0.9500000;0.9500000;
3.0230000;0.9500000;0.9500000;
3.0240000;0.9500000;0.9500000;
3.0250000;0.9500000;0.9500000;
3.0260000;0.9500000;0.9500000;
3.0270000;0.9500000;0.9500000;
3.0280000;0.9500000;0.9500000;
3.0290000;0.9500000;0.9500000;
3.0300000;0.9500000;0.9500000;
3.0310000;0.9500000;0.9500000;
3.0320000;0.9500000;0.9500000;
3.0330000;0.9500000;0.9500000;
3.0340000;0.9500000;0.9500000;
3.0350000;0.9500000;0.9500000;
3.0360000;0.9500000;0.9500000;
3.0370000;0.9500000;0.9500000;
3.0380000;0.9500000;0.9500000;
3.0390000;0.9500000;0.9500000;
3.0400000;0.9500000;0.9500000;
3.0410000;0.9500000;0.9500000;
3.0420000;0.9500000;0.9500000;
3.0430000;0.9500000;0.9500000;
3.0440000;0.9500000;0.9500000;
3.0450000;0.9500000;0.9500000;
3.0460000;0.9500000;0.9500000;
3.0470000;0.9500000;0.9500000;
3.0480000;0.9500000;0.9500000;
3.0490000;0.9500000;0.9500000;
3.0500000;0.9500000;0.9500000;
3.0510000;0.9500000;0.9500000;
3.0520000;0.9500000;0.9500000;
3.0530000;0.9500000;0.9500000;
3.0540000;0.9500000;0.9500000;
3.0550000;0.9500000;0.9500000;
3.0560000;0.9500000;0.9500000;
3.0570000;0.9500000;0.9500000;
3.0580000;0.9500000;0.9500000;
3.0590000;0.9500000;0.9500000;
3.0600000;0.9500000;0.9500000;
3.0610000;0.9500000;0.9500000;
3.0620000;0.9500000;0.9500000;
3.0630000;0.9500000;0.9500000;
3.0640000;0.9500000;0.9500000;
3.0650000;0.9500000;0.9500000;
3.0660000;0.9500000;0.9500000;
3.0670000;0.9500000;0.9500000;
3.0680000;0.9500000;0.9500000;
3.0690000;0.9500000;0.9500000;
3.0700000;0.9500000;0.9500000;
3.0710000;0.9500000;0.9500000;
3.0720000;0.9500000;0.9500000;
3.0730000;0.9500000;0.9500000;
3.0740000;0.9500000;0.9500000;
3.0750000;0.9500000;0.9500000;
3.0760000;0.9500000;0.9500000;
3.0770000;0.9500000;0.9500000;
3.0780000;0.9500000;0.9500000;
3.0790000;0.9500000;0.9500000;
3.0800000;0.9500000;0.9500000;
3.0810000;0.9500000;0.9500000;
3.0820000;0.9500000;0.9500000;
3.0830000;0.9500000;0.9500000;
3.0840000;0.9500000;0.9500000;
3.0850000;0.9500000;0.9500000;
3.0860000;0.9500000;0.9500000;
3.0870000;0.9500000;0.9500000;
3.0880000;0.9500000;0.9500000;
3.0890000;0.9500000;0.9500000;
3.0900000;0.9500000;0.9500000;
3.0910000;0.9500000;0.9500000;
3.0920000;0.9500000;0.9500000;
3.0930000;0.9500000;0.9500000;
3.0940000;0.9500000;0.9500000;
3.0950000;0.9500000;0.9500000;
3.0960000;0.9500000;0.9500000;
3.0970000;0.9500000;0.9500000;
3.0980000;0.9500000;0.9500000;
3.0990000;0.9500000;0.9500000;
3.1000000;0.9500000;0.9500000;
3.1010000;0.9500000;0.9500000;
3.1020000;0.9500000;0.9500000;
3.1030000;0.9500000;0.9500000;
3.1040000;0.9500000;0.9500000;
3.1050000;0.9500000;0.9500000;
3.1060000;0.9500000;0.9500000;
3.1070000;0.9500000;0.9500000;
3.1080000;0.9500000;0.9500000;
3.1090000;0.9500000;0.9500000;
3.1100000;0.9500000;0.9500000;
3.1110000;0.9500000;0.9500000;
3.1120000;0.9500000;0.9500000;
3.1130000;0.9500000;0.9500000;
3.1140000;0.9500000;0.9500000;
3.1150000;0.9500000;0.9500000;
3.1160000;0.9500000;0.9500000;
3.1170000;0.9500000;0.9500000;
3.1180000;0.9500000;0.9500000;
3.1190000;0.9500000;0.9500000;
3.1200000;0.9500000;0.9500000;
3.1210000;0.9500000;0.9500000;
3.1220000;0.9500000;0.9500000;
3.1230000;0.9500000;0.9500000;
3.1240000;0.9500000;0.9500000;
3.1250000;0.9500000;0.9500000;
3.1260000;0.9500000;0.9500000;
3.1270000;0.9500000;0.9500000;
3.1280000;0.9500000;0.9500000;
3.1290000;0.9500000;0.9500000;
3.1300000;0.9500000;0.9500000;
3.1310000;0.9500000;0.9500000;
3.1320000;0.9500000;0.9500000;
3.1330000;0.9500000;0.9500000;
3.1340000;0.9500000;0.9500000;
3.1350000;0.9500000;0.9500000;
3.1360000;0.9500000;0.9500000;
3.1370000;0.9500000;0.9500000;
3.1380000;0.9500000;0.9500000;
3.1390000;0.9500000;0.9500000;
3.1400000;0.9500000;0.9500000;
3.1410000;0.9500000;0.9500000;
3.1420000;0.9500000;0.9500000;
3.1430000;0.9500000;0.9500000;
3.1440000;0.9500000;0.9500000;
3.1450000;0.9500000;0.9500000;
3.1460000;0.9500000;0.9500000;
3.1470000;0.9500000;0.9500000;
3.1480000;0.9500000;0.9500000;
3.1490000;0.9500000;0.9500000;
3.1500000;0.9500000;0.9500000;
3.1510000;0.9500000;0.9500000;
3.1520000;0.9500000;0.9500000;
3.1530000;0.9500000;0.9500000;
3.1540000;0.9500000;0.9500000;
3.1550000;0.9500000;0.9500000;
3.1560000;0.9500000;0.9500000;
3.1570000;0.9500000;0.9500000;
3.1580000;0.9500000;0.9500000;
3.1590000;0.9500000;0.9500000;
3.1600000;0.9500000;0.9500000;
3.1610000;0.9500000;0.9500000;
3.1620000;0.9500000;0.9500000;
3.1630000;0.9500000;0.9500000;
3.1640000;0.9500000;0.9500000;
3.1650000;0.9500000;0.9500000;
3.1660000;0.9500000;0.9500000;
3.1670000;0.9500000;0.9500000;
3.1680000;0.9500000;0.9500000;
3.1690000;0.9500000;0.9500000;
3.1700000;0.9500000;0.9500000;
3.1710000;0.9500000;0.9500000;
3.1720000;0.9500000;0.9500000;
3.1730000;0.9500000;0.9500000;
3.1740000;0.9500000;0.9500000;
3.1750000;0.9500000;0.9500000;
3.1760000;0.9500000;0.9500000;
3.1770000;0.9500000;0.9500000;
3.1780000;0.9500000;0.9500000;
3.1790000;0.9500000;0.9500000;
3.1800000;0.9500000;0.9500000;
3.1810000;0.9500000;0.9500000;
3.1820000;0.9500000;0.9500000;
3.1830000;0.9500000;0.9500000;
3.1840000;0.9500000;0.9500000;
3.1850000;0.9500000;0.9500000;
3.1860000;0.9500000;0.9500000;
3.1870000;0.9500000;0.9500000;
3.1880000;0.9500000;0.9500000;
3.1890000;0.9500000;0.9500000;
3.1900000;0.9500000;0.9500000;
3.1910000;0.9500000;0.9500000;
3.1920000;0.9500000;0.9500000;
3.1930000;0.9500000;0.9500000;
3.1940000;0.9500000;0.9500000;
3.1950000;0.9500000;0.9500000;
3.1960000;0.9500000;0.9500000;
3.1970000;0.9500000;0.9500000;
3.1980000;0.9500000;0.9500000;
3.1990000;0.9500000;0.9500000;
3.2000000;0.9500000;0.9500000;
3.2010000;0.9500000;0.9500000;
3.2020000;0.9500000;0.9500000;
3.2030000;0.9500000;0.9500000;
3.2040000;0.9500000;0.9500000;
3.2050000;0.9500000;0.9500000;
3.2060000;0.9500000;0.9500000;
3.2070000;0.9500000;0.9500000;
3.2080000;0.9500000;0.9500000;
3.2090000;0.9500000;0.9500000;
3.2100000;0.9500000;0.9500000;
3.2110000;0.9500000;0.9500000;
3.2120000;0.9500000;0.9500000;
3.2130000;0.9500000;0.9500000;
3.2140000;0.9500000;0.9500000;
3.2150000;0.9500000;0.9500000;
3.2160000;0.9500000;0.9500000;
3.2170000;0.9500000;0.9500000;
3.2180000;0.9500000;0.9500000;
3.2190000;0.9500000;0.9500000;
3.2200000;0.9500000;0.9500000;
3.2210000;0.9500000;0.9500000;
3.2220000;0.9500000;0.9500000;
3.2230000;0.9500000;0.9500000;
3.2240000;0.9500000;0.9500000;
3.2250000;0.9500000;0.9500000;
3.2260000;0.9500000;0.9500000;
3.2270000;0.9500000;0.9500000;
3.2280000;0.9500000;0.9500000;
3.2290000;0.9500000;0.9500000;
3.2300000;0.9500000;0.9500000;
3.2310000;0.9500000;0.9500000;
3.2320000;0.9500000;0.9500000;
3.2330000;0.9500000;0.9500000;
3.2340000;0.9500000;0.9500000;
3.2350000;0.9500000;0.9500000;
3.2360000;0.9500000;0.9500000;
3.2370000;0.9500000;0.9500000;
3.2380000;0.9500000;0.9500000;
3.2390000;0.9500000;0.9500000;
3.2400000;0.9500000;0.9500000;
3.2410000;0.9500000;0.9500000;
3.2420000;0.9500000;0.9500000;
3.2430000;0.9500000;0.9500000;
3.2440000;0.9500000;0.9500000;
3.2450000;0.9500000;0.9500000;
3.2460000;0.9500000;0.9500000;
3.2470000;0.9500000;0.9500000;
3.2480000;0.9500000;0.9500000;
3.2490000;0.9500000;0.9500000;
3.2500000;0.9500000;0.9500000;
3.2510000;0.9500000;0.9500000;
3.2520000;0.9500000;0.9500000;
3.2530000;0.9500000;0.9500000;
3.2540000;0.9500000;0.9500000;
3.2550000;0.9500000;0.9500000;
3.2560000;0.9500000;0.9500000;
3.2570000;0.9500000;0.9500000;
3.2580000;0.9500000;0.9500000;
3.2590000;0.9500000;0.9500000;
3.2600000;0.9500000;0.9500000;
3.2610000;0.9500000;0.9500000;
3.2620000;0.9500000;0.9500000;
3.2630000;0.9500000;0.9500000;
3.2640000;0.9500000;0.9500000;
3.2650000;0.9500000;0.9500000;
3.2660000;0.9500000;0.9500000;
3.2670000;0.9500000;0.9500000;
3.2680000;0.9500000;0.9500000;
3.2690000;0.9500000;0.9500000;
3.2700000;0.9500000;0.9500000;
3.2710000;0.9500000;0.9500000;
3.2720000;0.9500000;0.9500000;
3.2730000;0.9500000;0.9500000;
3.2740000;0.9500000;0.9500000;
3.2750000;0.9500000;0.9500000;
3.2760000;0.9500000;0.9500000;
3.2770000;0.9500000;0.9500000;
3.2780000;0.9500000;0.9500000;
3.2790000;0.9500000;0.9500000;
3.2800000;0.9500000;0.9500000;
3.2810000;0.9500000;0.9500000;
3.2820000;0.9500000;0.9500000;
3.2830000;0.9500000;0.9500000;
3.2840000;0.9500000;0.9500000;
3.2850000;0.9500000;0.9500000;
3.2860000;0.9500000;0.9500000;
3.2870000;0.9500000;0.9500000;
3.2880000;0.9500000;0.9500000;
3.2890000;0.9500000;0.9500000;
3.2900000;0.9500000;0.9500000;
3.2910000;0.9500000;0.9500000;
3.2920000;0.9500000;0.9500000;
3.2930000;0.9500000;0.9500000;
3.2940000;0.9500000;0.9500000;
3.2950000;0.9500000;0.9500000;
3.2960000;0.9500000;0.9500000;
3.2970000;0.9500000;0.9500000;
3.2980000;0.9500000;0.9500000;
3.2990000;0.9500000;0.9500000;
3.3000000;0.9500000;0.9500000;
3.3010000;0.9500000;0.9500000;
3.3020000;0.9500000;0.9500000;
3.3030000;0.9500000;0.9500000;
3.3040000;0.9500000;0.9500000;
3.3050000;0.9500000;0.9500000;
3.3060000;0.9500000;0.9500000;
3.3070000;0.9500000;0.9500000;
3.3080000;0.9500000;0.9500000;
3.3090000;0.9500000;0.9500000;
3.3100000;0.9500000;0.9500000;
3.3110000;0.9500000;0.9500000;
3.3120000;0.9500000;0.9500000;
3.3130000;0.9500000;0.9500000;
3.3140000;0.9500000;0.9500000;
3.3150000;0.9500000;0.9500000;
3.3160000;0.9500000;0.9500000;
3.3170000;0.9500000;0.9500000;
3.3180000;0.9500000;0.9500000;
3.3190000;0.9500000;0.9500000;
3.3200000;0.9500000;0.9500000;
3.3210000;0.9500000;0.9500000;
3.3220000;0.9500000;0.9500000;
3.3230000;0.9500000;0.9500000;
3.3240000;0.9500000;0.9500000;
3.3250000;0.9500000;0.9500000;
3.3260000;0.9500000;0.9500000;
3.3270000;0.9500000;0.9500000;
3.3280000;0.9500000;0.9500000;
3.3290000;0.9500000;0.9500000;
3.3300000;0.9500000;0.9500000;
3.3310000;0.9500000;0.9500000;
3.3320000;0.9500000;0.9500000;
3.3330000;0.9500000;0.9500000;
3.3340000;0.9500000;0.9500000;
3.3350000;0.9500000;0.9500000;
3.3360000;0.9500000;0.9500000;
3.3370000;0.9500000;0.9500000;
3.3380000;0.9500000;0.9500000;
3.3390000;0.9500000;0.9500000;
3.3400000;0.9500000;0.9500000;
3.3410000;0.9500000;0.9500000;
3.3420000;0.9500000;0.9500000;
3.3430000;0.9500000;0.9500000;
3.3440000;0.9500000;0.9500000;
3.3450000;0.9500000;0.9500000;
3.3460000;0.9500000;0.9500000;
3.3470000;0.9500000;0.9500000;
3.3480000;0.9500000;0.9500000;
3.3490000;0.9500000;0.9500000;
3.3500000;0.9500000;0.9500000;
3.3510000;0.9500000;0.9500000;
3.3520000;0.9500000;0.9500000;
3.3530000;0.9500000;0.9500000;
3.3540000;0.9500000;0.9500000;
3.3550000;0.9500000;0.9500000;
3.3560000;0.9500000;0.9500000;
3.3570000;0.9500000;0.9500000;
3.3580000;0.9500000;0.9500000;
3.3590000;0.9500000;0.9500000;
3.3600000;0.9500000;0.9500000;
3.3610000;0.9500000;0.9500000;
3.3620000;0.9500000;0.9500000;
3.3630000;0.9500000;0.9500000;
3.3640000;0.9500000;0.9500000;
3.3650000;0.9500000;0.9500000;
3.3660000;0.9500000;0.9500000;
3.3670000;0.9500000;0.9500000;
3.3680000;0.9500000;0.9500000;
3.3690000;0.9500000;0.9500000;
3.3700000;0.9500000;0.9500000;
3.3710000;0.9500000;0.9500000;
3.3720000;0.9500000;0.9500000;
3.3730000;0.9500000;0.9500000;
3.3740000;0.9500000;0.9500000;
3.3750000;0.9500000;0.9500000;
3.3760000;0.9500000;0.9500000;
3.3770000;0.9500000;0.9500000;
3.3780000;0.9500000;0.9500000;
3.3790000;0.9500000;0.9500000;
3.3800000;0.9500000;0.9500000;
3.3810000;0.9500000;0.9500000;
3.3820000;0.9500000;0.9500000;
3.3830000;0.9500000;0.9500000;
3.3840000;0.9500000;0.9500000;
3.3850000;0.9500000;0.9500000;
3.3860000;0.9500000;0.9500000;
3.3870000;0.9500000;0.9500000;
3.3880000;0.9500000;0.9500000;
3.3890000;0.9500000;0.9500000;
3.3900000;0.9500000;0.9500000;
3.3910000;0.9500000;0.9500000;
3.3920000;0.9500000;0.9500000;
3.3930000;0.9500000;0.9500000;
3.3940000;0.9500000;0.9500000;
3.3950000;0.9500000;0.9500000;
3.3960000;0.9500000;0.9500000;
3.3970000;0.9500000;0.9500000;
3.3980000;0.9500000;0.9500000;
3.3990000;0.9500000;0.9500000;
3.4000000;0.9500000;0.9500000;
3.4010000;0.9500000;0.9500000;
3.4020000;0.9500000;0.9500000;
3.4030000;0.9500000;0.9500000;
3.4040000;0.9500000;0.9500000;
3.4050000;0.9500000;0.9500000;
3.4060000;0.9500000;0.9500000;
3.4070000;0.9500000;0.9500000;
3.4080000;0.9500000;0.9500000;
3.4090000;0.9500000;0.9500000;
3.4100000;0.9500000;0.9500000;
3.4110000;0.9500000;0.9500000;
3.4120000;0.9500000;0.9500000;
3.4130000;0.9500000;0.9500000;
3.4140000;0.9500000;0.9500000;
3.4150000;0.9500000;0.9500000;
3.4160000;0.9500000;0.9500000;
3.4170000;0.9500000;0.9500000;
3.4180000;0.9500000;0.9500000;
3.4190000;0.9500000;0.9500000;
3.4200000;0.9500000;0.9500000;
3.4210000;0.9500000;0.9500000;
3.4220000;0.9500000;0.9500000;
3.4230000;0.9500000;0.9500000;
3.4240000;0.9500000;0.9500000;
3.4250000;0.9500000;0.9500000;
3.4260000;0.9500000;0.9500000;
3.4270000;0.9500000;0.9500000;
3.4280000;0.9500000;0.9500000;
3.4290000;0.9500000;0.9500000;
3.4300000;0.9500000;0.9500000;
3.4310000;0.9500000;0.9500000;
3.4320000;0.9500000;0.9500000;
3.4330000;0.9500000;0.9500000;
3.4340000;0.9500000;0.9500000;
3.4350000;0.9500000;0.9500000;
3.4360000;0.9500000;0.9500000;
3.4370000;0.9500000;0.9500000;
3.4380000;0.9500000;0.9500000;
3.4390000;0.9500000;0.9500000;
3.4400000;0.9500000;0.9500000;
3.4410000;0.9500000;0.9500000;
3.4420000;0.9500000;0.9500000;
3.4430000;0.9500000;0.9500000;
3.4440000;0.9500000;0.9500000;
3.4450000;0.9500000;0.9500000;
3.4460000;0.9500000;0.9500000;
3.4470000;0.9500000;0.9500000;
3.4480000;0.9500000;0.9500000;
3.4490000;0.9500000;0.9500000;
3.4500000;0.9500000;0.9500000;
3.4510000;0.9500000;0.9500000;
3.4520000;0.9500000;0.9500000;
3.4530000;0.9500000;0.9500000;
3.4540000;0.9500000;0.9500000;
3.4550000;0.9500000;0.9500000;
3.4560000;0.9500000;0.9500000;
3.4570000;0.9500000;0.9500000;
3.4580000;0.9500000;0.9500000;
3.4590000;0.9500000;0.9500000;
3.4600000;0.9500000;0.9500000;
3.4610000;0.9500000;0.9500000;
3.4620000;0.9500000;0.9500000;
3.4630000;0.9500000;0.9500000;
3.4640000;0.9500000;0.9500000;
3.4650000;0.9500000;0.9500000;
3.4660000;0.9500000;0.9500000;
3.4670000;0.9500000;0.9500000;
3.4680000;0.9500000;0.9500000;
3.4690000;0.9500000;0.9500000;
3.4700000;0.9500000;0.9500000;
3.4710000;0.9500000;0.9500000;
3.4720000;0.9500000;0.9500000;
3.4730000;0.9500000;0.9500000;
3.4740000;0.9500000;0.9500000;
3.4750000;0.9500000;0.9500000;
3.4760000;0.9500000;0.9500000;
3.4770000;0.9500000;0.9500000;
3.4780000;0.9500000;0.9500000;
3.4790000;0.9500000;0.9500000;
3.4800000;0.9500000;0.9500000;
3.4810000;0.9500000;0.9500000;
3.4820000;0.9500000;0.9500000;
3.4830000;0.9500000;0.9500000;
3.4840000;0.9500000;0.9500000;
3.4850000;0.9500000;0.9500000;
3.4860000;0.9500000;0.9500000;
3.4870000;0.9500000;0.9500000;
3.4880000;0.9500000;0.9500000;
3.4890000;0.9500000;0.9500000;
3.4900000;0.9500000;0.9500000;
3.4910000;0.9500000;0.9500000;
3.4920000;0.9500000;0.9500000;
3.4930000;0.9500000;0.9500000;
3.4940000;0.9500000;0.9500000;
3.4950000;0.9500000;0.9500000;
3.4960000;0.9500000;0.9500000;
3.4970000;0.9500000;0.9500000;
3.4980000;0.9500000;0.9500000;
3.4990000;0.9500000;0.9500000;
3.5000000;0.9500000;0.9500000;
3.5010000;0.9500000;0.9500000;
3.5020000;0.9500000;0.9500000;
3.5030000;0.9500000;0.9500000;
3.5040000;0.9500000;0.9500000;
3.5050000;0.9500000;0.9500000;
3.5060000;0.9500000;0.9500000;
3.5070000;0.9500000;0.9500000;
3.5080000;0.9500000;0.9500000;
3.5090000;0.9500000;0.9500000;
3.5100000;0.9500000;0.9500000;
3.5110000;0.9500000;0.9500000;
3.5120000;0.9500000;0.9500000;
3.5130000;0.9500000;0.9500000;
3.5140000;0.9500000;0.9500000;
3.5150000;0.9500000;0.9500000;
3.5160000;0.9500000;0.9500000;
3.5170000;0.9500000;0.9500000;
3.5180000;0.9500000;0.9500000;
3.5190000;0.9500000;0.9500000;
3.5200000;0.9500000;0.9500000;
3.5210000;0.9500000;0.9500000;
3.5220000;0.9500000;0.9500000;
3.5230000;0.9500000;0.9500000;
3.5240000;0.9500000;0.9500000;
3.5250000;0.9500000;0.9500000;
3.5260000;0.9500000;0.9500000;
3.5270000;0.9500000;0.9500000;
3.5280000;0.9500000;0.9500000;
3.5290000;0.9500000;0.9500000;
3.5300000;0.9500000;0.9500000;
3.5310000;0.9500000;0.9500000;
3.5320000;0.9500000;0.9500000;
3.5330000;0.9500000;0.9500000;
3.5340000;0.9500000;0.9500000;
3.5350000;0.9500000;0.9500000;
3.5360000;0.9500000;0.9500000;
3.5370000;0.9500000;0.9500000;
3.5380000;0.9500000;0.9500000;
3.5390000;0.9500000;0.9500000;
3.5400000;0.9500000;0.9500000;
3.5410000;0.9500000;0.9500000;
3.5420000;0.9500000;0.9500000;
3.5430000;0.9500000;0.9500000;
3.5440000;0.9500000;0.9500000;
3.5450000;0.9500000;0.9500000;
3.5460000;0.9500000;0.9500000;
3.5470000;0.9500000;0.9500000;
3.5480000;0.9500000;0.9500000;
3.5490000;0.9500000;0.9500000;
3.5500000;0.9500000;0.9500000;
3.5510000;0.9500000;0.9500000;
3.5520000;0.9500000;0.9500000;
3.5530000;0.9500000;0.9500000;
3.5540000;0.9500000;0.9500000;
3.5550000;0.9500000;0.9500000;
3.5560000;0.9500000;0.9500000;
3.5570000;0.9500000;0.9500000;
3.5580000;0.9500000;0.9500000;
3.5590000;0.9500000;0.9500000;
3.5600000;0.9500000;0.9500000;
3.5610000;0.9500000;0.9500000;
3.5620000;0.9500000;0.9500000;
3.5630000;0.9500000;0.9500000;
3.5640000;0.9500000;0.9500000;
3.5650000;0.9500000;0.9500000;
3.5660000;0.9500000;0.9500000;
3.5670000;0.9500000;0.9500000;
3.5680000;0.9500000;0.9500000;
3.5690000;0.9500000;0.9500000;
3.5700000;0.9500000;0.9500000;
3.5710000;0.9500000;0.9500000;
3.5720000;0.9500000;0.9500000;
3.5730000;0.9500000;0.9500000;
3.5740000;0.9500000;0.9500000;
3.5750000;0.9500000;0.9500000;
3.5760000;0.9500000;0.9500000;
3.5770000;0.9500000;0.9500000;
3.5780000;0.9500000;0.9500000;
3.5790000;0.9500000;0.9500000;
3.5800000;0.9500000;0.9500000;
3.5810000;0.9500000;0.9500000;
3.5820000;0.9500000;0.9500000;
3.5830000;0.9500000;0.9500000;
3.5840000;0.9500000;0.9500000;
3.5850000;0.9500000;0.9500000;
3.5860000;0.9500000;0.9500000;
3.5870000;0.9500000;0.9500000;
3.5880000;0.9500000;0.9500000;
3.5890000;0.9500000;0.9500000;
3.5900000;0.9500000;0.9500000;
3.5910000;0.9500000;0.9500000;
3.5920000;0.9500000;0.9500000;
3.5930000;0.9500000;0.9500000;
3.5940000;0.9500000;0.9500000;
3.5950000;0.9500000;0.9500000;
3.5960000;0.9500000;0.9500000;
3.5970000;0.9500000;0.9500000;
3.5980000;0.9500000;0.9500000;
3.5990000;0.9500000;0.9500000;
3.6000000;0.9500000;0.9500000;
3.6010000;0.9500000;0.9500000;
3.6020000;0.9500000;0.9500000;
3.6030000;0.9500000;0.9500000;
3.6040000;0.9500000;0.9500000;
3.6050000;0.9500000;0.9500000;
3.6060000;0.9500000;0.9500000;
3.6070000;0.9500000;0.9500000;
3.6080000;0.9500000;0.9500000;
3.6090000;0.9500000;0.9500000;
3.6100000;0.9500000;0.9500000;
3.6110000;0.9500000;0.9500000;
3.6120000;0.9500000;0.9500000;
3.6130000;0.9500000;0.9500000;
3.6140000;0.9500000;0.9500000;
3.6150000;0.9500000;0.9500000;
3.6160000;0.9500000;0.9500000;
3.6170000;0.9500000;0.9500000;
3.6180000;0.9500000;0.9500000;
3.6190000;0.9500000;0.9500000;
3.6200000;0.9500000;0.9500000;
3.6210000;0.9500000;0.9500000;
3.6220000;0.9500000;0.9500000;
3.6230000;0.9500000;0.9500000;
3.6240000;0.9500000;0.9500000;
3.6250000;0.9500000;0.9500000;
3.6260000;0.9500000;0.9500000;
3.6270000;0.9500000;0.9500000;
3.6280000;0.9500000;0.9500000;
3.6290000;0.9500000;0.9500000;
3.6300000;0.9500000;0.9500000;
3.6310000;0.9500000;0.9500000;
3.6320000;0.9500000;0.9500000;
3.6330000;0.9500000;0.9500000;
3.6340000;0.9500000;0.9500000;
3.6350000;0.9500000;0.9500000;
3.6360000;0.9500000;0.9500000;
3.6370000;0.9500000;0.9500000;
3.6380000;0.9500000;0.9500000;
3.6390000;0.9500000;0.9500000;
3.6400000;0.9500000;0.9500000;
3.6410000;0.9500000;0.9500000;
3.6420000;0.9500000;0.9500000;
3.6430000;0.9500000;0.9500000;
3.6440000;0.9500000;0.9500000;
3.6450000;0.9500000;0.9500000;
3.6460000;0.9500000;0.9500000;
3.6470000;0.9500000;0.9500000;
3.6480000;0.9500000;0.9500000;
3.6490000;0.9500000;0.9500000;
3.6500000;0.9500000;0.9500000;
3.6510000;0.9500000;0.9500000;
3.6520000;0.9500000;0.9500000;
3.6530000;0.9500000;0.9500000;
3.6540000;0.9500000;0.9500000;
3.6550000;0.9500000;0.9500000;
3.6560000;0.9500000;0.9500000;
3.6570000;0.9500000;0.9500000;
3.6580000;0.9500000;0.9500000;
3.6590000;0.9500000;0.9500000;
3.6600000;0.9500000;0.9500000;
3.6610000;0.9500000;0.9500000;
3.6620000;0.9500000;0.9500000;
3.6630000;0.9500000;0.9500000;
3.6640000;0.9500000;0.9500000;
3.6650000;0.9500000;0.9500000;
3.6660000;0.9500000;0.9500000;
3.6670000;0.9500000;0.9500000;
3.6680000;0.9500000;0.9500000;
3.6690000;0.9500000;0.9500000;
3.6700000;0.9500000;0.9500000;
3.6710000;0.9500000;0.9500000;
3.6720000;0.9500000;0.9500000;
3.6730000;0.9500000;0.9500000;
3.6740000;0.9500000;0.9500000;
3.6750000;0.9500000;0.9500000;
3.6760000;0.9500000;0.9500000;
3.6770000;0.9500000;0.9500000;
3.6780000;0.9500000;0.9500000;
3.6790000;0.9500000;0.9500000;
3.6800000;0.9500000;0.9500000;
3.6810000;0.9500000;0.9500000;
3.6820000;0.9500000;0.9500000;
3.6830000;0.9500000;0.9500000;
3.6840000;0.9500000;0.9500000;
3.6850000;0.9500000;0.9500000;
3.6860000;0.9500000;0.9500000;
3.6870000;0.9500000;0.9500000;
3.6880000;0.9500000;0.9500000;
3.6890000;0.9500000;0.9500000;
3.6900000;0.9500000;0.9500000;
3.6910000;0.9500000;0.9500000;
3.6920000;0.9500000;0.9500000;
3.6930000;0.9500000;0.9500000;
3.6940000;0.9500000;0.9500000;
3.6950000;0.9500000;0.9500000;
3.6960000;0.9500000;0.9500000;
3.6970000;0.9500000;0.9500000;
3.6980000;0.9500000;0.9500000;
3.6990000;0.9500000;0.9500000;
3.7000000;0.9500000;0.9500000;
3.7010000;0.9500000;0.9500000;
3.7020000;0.9500000;0.9500000;
3.7030000;0.9500000;0.9500000;
3.7040000;0.9500000;0.9500000;
3.7050000;0.9500000;0.9500000;
3.7060000;0.9500000;0.9500000;
3.7070000;0.9500000;0.9500000;
3.7080000;0.9500000;0.9500000;
3.7090000;0.9500000;0.9500000;
3.7100000;0.9500000;0.9500000;
3.7110000;0.9500000;0.9500000;
3.7120000;0.9500000;0.9500000;
3.7130000;0.9500000;0.9500000;
3.7140000;0.9500000;0.9500000;
3.7150000;0.9500000;0.9500000;
3.7160000;0.9500000;0.9500000;
3.7170000;0.9500000;0.9500000;
3.7180000;0.9500000;0.9500000;
3.7190000;0.9500000;0.9500000;
3.7200000;0.9500000;0.9500000;
3.7210000;0.9500000;0.9500000;
3.7220000;0.9500000;0.9500000;
3.7230000;0.9500000;0.9500000;
3.7240000;0.9500000;0.9500000;
3.7250000;0.9500000;0.9500000;
3.7260000;0.9500000;0.9500000;
3.7270000;0.9500000;0.9500000;
3.7280000;0.9500000;0.9500000;
3.7290000;0.9500000;0.9500000;
3.7300000;0.9500000;0.9500000;
3.7310000;0.9500000;0.9500000;
3.7320000;0.9500000;0.9500000;
3.7330000;0.9500000;0.9500000;
3.7340000;0.9500000;0.9500000;
3.7350000;0.9500000;0.9500000;
3.7360000;0.9500000;0.9500000;
3.7370000;0.9500000;0.9500000;
3.7380000;0.9500000;0.9500000;
3.7390000;0.9500000;0.9500000;
3.7400000;0.9500000;0.9500000;
3.7410000;0.9500000;0.9500000;
3.7420000;0.9500000;0.9500000;
3.7430000;0.9500000;0.9500000;
3.7440000;0.9500000;0.9500000;
3.7450000;0.9500000;0.9500000;
3.7460000;0.9500000;0.9500000;
3.7470000;0.9500000;0.9500000;
3.7480000;0.9500000;0.9500000;
3.7490000;0.9500000;0.9500000;
3.7500000;0.9500000;0.9500000;
3.7510000;0.9500000;0.9500000;
3.7520000;0.9500000;0.9500000;
3.7530000;0.9500000;0.9500000;
3.7540000;0.9500000;0.9500000;
3.7550000;0.9500000;0.9500000;
3.7560000;0.9500000;0.9500000;
3.7570000;0.9500000;0.9500000;
3.7580000;0.9500000;0.9500000;
3.7590000;0.9500000;0.9500000;
3.7600000;0.9500000;0.9500000;
3.7610000;0.9500000;0.9500000;
3.7620000;0.9500000;0.9500000;
3.7630000;0.9500000;0.9500000;
3.7640000;0.9500000;0.9500000;
3.7650000;0.9500000;0.9500000;
3.7660000;0.9500000;0.9500000;
3.7670000;0.9500000;0.9500000;
3.7680000;0.9500000;0.9500000;
3.7690000;0.9500000;0.9500000;
3.7700000;0.9500000;0.9500000;
3.7710000;0.9500000;0.9500000;
3.7720000;0.9500000;0.9500000;
3.7730000;0.9500000;0.9500000;
3.7740000;0.9500000;0.9500000;
3.7750000;0.9500000;0.9500000;
3.7760000;0.9500000;0.9500000;
3.7770000;0.9500000;0.9500000;
3.7780000;0.9500000;0.9500000;
3.7790000;0.9500000;0.9500000;
3.7800000;0.9500000;0.9500000;
3.7810000;0.9500000;0.9500000;
3.7820000;0.9500000;0.9500000;
3.7830000;0.9500000;0.9500000;
3.7840000;0.9500000;0.9500000;
3.7850000;0.9500000;0.9500000;
3.7860000;0.9500000;0.9500000;
3.7870000;0.9500000;0.9500000;
3.7880000;0.9500000;0.9500000;
3.7890000;0.9500000;0.9500000;
3.7900000;0.9500000;0.9500000;
3.7910000;0.9500000;0.9500000;
3.7920000;0.9500000;0.9500000;
3.7930000;0.9500000;0.9500000;
3.7940000;0.9500000;0.9500000;
3.7950000;0.9500000;0.9500000;
3.7960000;0.9500000;0.9500000;
3.7970000;0.9500000;0.9500000;
3.7980000;0.9500000;0.9500000;
3.7990000;0.9500000;0.9500000;
3.8000000;0.9500000;0.9500000;
3.8010000;0.9500000;0.9500000;
3.8020000;0.9500000;0.9500000;
3.8030000;0.9500000;0.9500000;
3.8040000;0.9500000;0.9500000;
3.8050000;0.9500000;0.9500000;
3.8060000;0.9500000;0.9500000;
3.8070000;0.9500000;0.9500000;
3.8080000;0.9500000;0.9500000;
3.8090000;0.9500000;0.9500000;
3.8100000;0.9500000;0.9500000;
3.8110000;0.9500000;0.9500000;
3.8120000;0.9500000;0.9500000;
3.8130000;0.9500000;0.9500000;
3.8140000;0.9500000;0.9500000;
3.8150000;0.9500000;0.9500000;
3.8160000;0.9500000;0.9500000;
3.8170000;0.9500000;0.9500000;
3.8180000;0.9500000;0.9500000;
3.8190000;0.9500000;0.9500000;
3.8200000;0.9500000;0.9500000;
3.8210000;0.9500000;0.9500000;
3.8220000;0.9500000;0.9500000;
3.8230000;0.9500000;0.9500000;
3.8240000;0.9500000;0.9500000;
3.8250000;0.9500000;0.9500000;
3.8260000;0.9500000;0.9500000;
3.8270000;0.9500000;0.9500000;
3.8280000;0.9500000;0.9500000;
3.8290000;0.9500000;0.9500000;
3.8300000;0.9500000;0.9500000;
3.8310000;0.9500000;0.9500000;
3.8320000;0.9500000;0.9500000;
3.8330000;0.9500000;0.9500000;
3.8340000;0.9500000;0.9500000;
3.8350000;0.9500000;0.9500000;
3.8360000;0.9500000;0.9500000;
3.8370000;0.9500000;0.9500000;
3.8380000;0.9500000;0.9500000;
3.8390000;0.9500000;0.9500000;
3.8400000;0.9500000;0.9500000;
3.8410000;0.9500000;0.9500000;
3.8420000;0.9500000;0.9500000;
3.8430000;0.9500000;0.9500000;
3.8440000;0.9500000;0.9500000;
3.8450000;0.9500000;0.9500000;
3.8460000;0.9500000;0.9500000;
3.8470000;0.9500000;0.9500000;
3.8480000;0.9500000;0.9500000;
3.8490000;0.9500000;0.9500000;
3.8500000;0.9500000;0.9500000;
3.8510000;0.9500000;0.9500000;
3.8520000;0.9500000;0.9500000;
3.8530000;0.9500000;0.9500000;
3.8540000;0.9500000;0.9500000;
3.8550000;0.9500000;0.9500000;
3.8560000;0.9500000;0.9500000;
3.8570000;0.9500000;0.9500000;
3.8580000;0.9500000;0.9500000;
3.8590000;0.9500000;0.9500000;
3.8600000;0.9500000;0.9500000;
3.8610000;0.9500000;0.9500000;
3.8620000;0.9500000;0.9500000;
3.8630000;0.9500000;0.9500000;
3.8640000;0.9500000;0.9500000;
3.8650000;0.9500000;0.9500000;
3.8660000;0.9500000;0.9500000;
3.8670000;0.9500000;0.9500000;
3.8680000;0.9500000;0.9500000;
3.8690000;0.9500000;0.9500000;
3.8700000;0.9500000;0.9500000;
3.8710000;0.9500000;0.9500000;
3.8720000;0.9500000;0.9500000;
3.8730000;0.9500000;0.9500000;
3.8740000;0.9500000;0.9500000;
3.8750000;0.9500000;0.9500000;
3.8760000;0.9500000;0.9500000;
3.8770000;0.9500000;0.9500000;
3.8780000;0.9500000;0.9500000;
3.8790000;0.9500000;0.9500000;
3.8800000;0.9500000;0.9500000;
3.8810000;0.9500000;0.9500000;
3.8820000;0.9500000;0.9500000;
3.8830000;0.9500000;0.9500000;
3.8840000;0.9500000;0.9500000;
3.8850000;0.9500000;0.9500000;
3.8860000;0.9500000;0.9500000;
3.8870000;0.9500000;0.9500000;
3.8880000;0.9500000;0.9500000;
3.8890000;0.9500000;0.9500000;
3.8900000;0.9500000;0.9500000;
3.8910000;0.9500000;0.9500000;
3.8920000;0.9500000;0.9500000;
3.8930000;0.9500000;0.9500000;
3.8940000;0.9500000;0.9500000;
3.8950000;0.9500000;0.9500000;
3.8960000;0.9500000;0.9500000;
3.8970000;0.9500000;0.9500000;
3.8980000;0.9500000;0.9500000;
3.8990000;0.9500000;0.9500000;
3.9000000;0.9500000;0.9500000;
3.9010000;0.9500000;0.9500000;
3.9020000;0.9500000;0.9500000;
3.9030000;0.9500000;0.9500000;
3.9040000;0.9500000;0.9500000;
3.9050000;0.9500000;0.9500000;
3.9060000;0.9500000;0.9500000;
3.9070000;0.9500000;0.9500000;
3.9080000;0.9500000;0.9500000;
3.9090000;0.9500000;0.9500000;
3.9100000;0.9500000;0.9500000;
3.9110000;0.9500000;0.9500000;
3.9120000;0.9500000;0.9500000;
3.9130000;0.9500000;0.9500000;
3.9140000;0.9500000;0.9500000;
3.9150000;0.9500000;0.9500000;
3.9160000;0.9500000;0.9500000;
3.9170000;0.9500000;0.9500000;
3.9180000;0.9500000;0.9500000;
3.9190000;0.9500000;0.9500000;
3.9200000;0.9500000;0.9500000;
3.9210000;0.9500000;0.9500000;
3.9220000;0.9500000;0.9500000;
3.9230000;0.9500000;0.9500000;
3.9240000;0.9500000;0.9500000;
3.9250000;0.9500000;0.9500000;
3.9260000;0.9500000;0.9500000;
3.9270000;0.9500000;0.9500000;
3.9280000;0.9500000;0.9500000;
3.9290000;0.9500000;0.9500000;
3.9300000;0.9500000;0.9500000;
3.9310000;0.9500000;0.9500000;
3.9320000;0.9500000;0.9500000;
3.9330000;0.9500000;0.9500000;
3.9340000;0.9500000;0.9500000;
3.9350000;0.9500000;0.9500000;
3.9360000;0.9500000;0.9500000;
3.9370000;0.9500000;0.9500000;
3.9380000;0.9500000;0.9500000;
3.9390000;0.9500000;0.9500000;
3.9400000;0.9500000;0.9500000;
3.9410000;0.9500000;0.9500000;
3.9420000;0.9500000;0.9500000;
3.9430000;0.9500000;0.9500000;
3.9440000;0.9500000;0.9500000;
3.9450000;0.9500000;0.9500000;
3.9460000;0.9500000;0.9500000;
3.9470000;0.9500000;0.9500000;
3.9480000;0.9500000;0.9500000;
3.9490000;0.9500000;0.9500000;
3.9500000;0.9500000;0.9500000;
3.9510000;0.9500000;0.9500000;
3.9520000;0.9500000;0.9500000;
3.9530000;0.9500000;0.9500000;
3.9540000;0.9500000;0.9500000;
3.9550000;0.9500000;0.9500000;
3.9560000;0.9500000;0.9500000;
3.9570000;0.9500000;0.9500000;
3.9580000;0.9500000;0.9500000;
3.9590000;0.9500000;0.9500000;
3.9600000;0.9500000;0.9500000;
3.9610000;0.9500000;0.9500000;
3.9620000;0.9500000;0.9500000;
3.9630000;0.9500000;0.9500000;
3.9640000;0.9500000;0.9500000;
3.9650000;0.9500000;0.9500000;
3.9660000;0.9500000;0.9500000;
3.9670000;0.9500000;0.9500000;
3.9680000;0.9500000;0.9500000;
3.9690000;0.9500000;0.9500000;
3.9700000;0.9500000;0.9500000;
3.9710000;0.9500000;0.9500000;
3.9720000;0.9500000;0.9500000;
3.9730000;0.9500000;0.9500000;
3.9740000;0.9500000;0.9500000;
3.9750000;0.9500000;0.9500000;
3.9760000;0.9500000;0.9500000;
3.9770000;0.9500000;0.9500000;
3.9780000;0.9500000;0.9500000;
3.9790000;0.9500000;0.9500000;
3.9800000;0.9500000;0.9500000;
3.9810000;0.9500000;0.9500000;
3.9820000;0.9500000;0.9500000;
3.9830000;0.9500000;0.9500000;
3.9840000;0.9500000;0.9500000;
3.9850000;0.9500000;0.9500000;
3.9860000;0.9500000;0.9500000;
3.9870000;0.9500000;0.9500000;
3.9880000;0.9500000;0.9500000;
3.9890000;0.9500000;0.9500000;
3.9900000;0.9500000;0.9500000;
3.9910000;0.9500000;0.9500000;
3.9920000;0.9500000;0.9500000;
3.9930000;0.9500000;0.9500000;
3.9940000;0.9500000;0.9500000;
3.9950000;0.9500000;0.9500000;
3.9960000;0.9500000;0.9500000;
3.9970000;0.9500000;0.9500000;
3.9980000;0.9500000;0.9500000;
3.9990000;0.9500000;0.9500000;
4.0000000;0.9500000;0.9500000;
4.0010000;0.9500000;0.9500000;
4.0020000;0.9500000;0.9500000;
4.0030000;0.9500000;0.9500000;
4.0040000;0.9500000;0.9500000;
4.0050000;0.9500000;0.9500000;
4.0060000;0.9500000;0.9500000;
4.0070000;0.9500000;0.9500000;
4.0080000;0.9500000;0.9500000;
4.0090000;0.9500000;0.9500000;
4.0100000;0.9500000;0.9500000;
4.0110000;0.9500000;0.9500000;
4.0120000;0.9500000;0.9500000;
4.0130000;0.9500000;0.9500000;
4.0140000;0.9500000;0.9500000;
4.0150000;0.9500000;0.9500000;
4.0160000;0.9500000;0.9500000;
4.0170000;0.9500000;0.9500000;
4.0180000;0.9500000;0.9500000;
4.0190000;0.9500000;0.9500000;
4.0200000;0.9500000;0.9500000;
4.0210000;0.9500000;0.9500000;
4.0220000;0.9500000;0.9500000;
4.0230000;0.9500000;0.9500000;
4.0240000;0.9500000;0.9500000;
4.0250000;0.9500000;0.9500000;
4.0260000;0.9500000;0.9500000;
4.0270000;0.9500000;0.9500000;
4.0280000;0.9500000;0.9500000;
4.0290000;0.9500000;0.9500000;
4.0300000;0.9500000;0.9500000;
4.0310000;0.9500000;0.9500000;
4.0320000;0.9500000;0.9500000;
4.0330000;0.9500000;0.9500000;
4.0340000;0.9500000;0.9500000;
4.0350000;0.9500000;0.9500000;
4.0360000;0.9500000;0.9500000;
4.0370000;0.9500000;0.9500000;
4.0380000;0.9500000;0.9500000;
4.0390000;0.9500000;0.9500000;
4.0400000;0.9500000;0.9500000;
4.0410000;0.9500000;0.9500000;
4.0420000;0.9500000;0.9500000;
4.0430000;0.9500000;0.9500000;
4.0440000;0.9500000;0.9500000;
4.0450000;0.9500000;0.9500000;
4.0460000;0.9500000;0.9500000;
4.0470000;0.9500000;0.9500000;
4.0480000;0.9500000;0.9500000;
4.0490000;0.9500000;0.9500000;
4.0500000;0.9500000;0.9500000;
4.0510000;0.9500000;0.9500000;
4.0520000;0.9500000;0.9500000;
4.0530000;0.9500000;0.9500000;
4.0540000;0.9500000;0.9500000;
4.0550000;0.9500000;0.9500000;
4.0560000;0.9500000;0.9500000;
4.0570000;0.9500000;0.9500000;
4.0580000;0.9500000;0.9500000;
4.0590000;0.9500000;0.9500000;
4.0600000;0.9500000;0.9500000;
4.0610000;0.9500000;0.9500000;
4.0620000;0.9500000;0.9500000;
4.0630000;0.9500000;0.9500000;
4.0640000;0.9500000;0.9500000;
4.0650000;0.9500000;0.9500000;
4.0660000;0.9500000;0.9500000;
4.0670000;0.9500000;0.9500000;
4.0680000;0.9500000;0.9500000;
4.0690000;0.9500000;0.9500000;
4.0700000;0.9500000;0.9500000;
4.0710000;0.9500000;0.9500000;
4.0720000;0.9500000;0.9500000;
4.0730000;0.9500000;0.9500000;
4.0740000;0.9500000;0.9500000;
4.0750000;0.9500000;0.9500000;
4.0760000;0.9500000;0.9500000;
4.0770000;0.9500000;0.9500000;
4.0780000;0.9500000;0.9500000;
4.0790000;0.9500000;0.9500000;
4.0800000;0.9500000;0.9500000;
4.0810000;0.9500000;0.9500000;
4.0820000;0.9500000;0.9500000;
4.0830000;0.9500000;0.9500000;
4.0840000;0.9500000;0.9500000;
4.0850000;0.9500000;0.9500000;
4.0860000;0.9500000;0.9500000;
4.0870000;0.9500000;0.9500000;
4.0880000;0.9500000;0.9500000;
4.0890000;0.9500000;0.9500000;
4.0900000;0.9500000;0.9500000;
4.0910000;0.9500000;0.9500000;
4.0920000;0.9500000;0.9500000;
4.0930000;0.9500000;0.9500000;
4.0940000;0.9500000;0.9500000;
4.0950000;0.9500000;0.9500000;
4.0960000;0.9500000;0.9500000;
4.0970000;0.9500000;0.9500000;
4.0980000;0.9500000;0.9500000;
4.0990000;0.9500000;0.9500000;
4.1000000;0.9500000;0.9500000;
4.1010000;0.9500000;0.9500000;
4.1020000;0.9500000;0.9500000;
4.1030000;0.9500000;0.9500000;
4.1040000;0.9500000;0.9500000;
4.1050000;0.9500000;0.9500000;
4.1060000;0.9500000;0.9500000;
4.1070000;0.9500000;0.9500000;
4.1080000;0.9500000;0.9500000;
4.1090000;0.9500000;0.9500000;
4.1100000;0.9500000;0.9500000;
4.1110000;0.9500000;0.9500000;
4.1120000;0.9500000;0.9500000;
4.1130000;0.9500000;0.9500000;
4.1140000;0.9500000;0.9500000;
4.1150000;0.9500000;0.9500000;
4.1160000;0.9500000;0.9500000;
4.1170000;0.9500000;0.9500000;
4.1180000;0.9500000;0.9500000;
4.1190000;0.9500000;0.9500000;
4.1200000;0.9500000;0.9500000;
4.1210000;0.9500000;0.9500000;
4.1220000;0.9500000;0.9500000;
4.1230000;0.9500000;0.9500000;
4.1240000;0.9500000;0.9500000;
4.1250000;0.9500000;0.9500000;
4.1260000;0.9500000;0.9500000;
4.1270000;0.9500000;0.9500000;
4.1280000;0.9500000;0.9500000;
4.1290000;0.9500000;0.9500000;
4.1300000;0.9500000;0.9500000;
4.1310000;0.9500000;0.9500000;
4.1320000;0.9500000;0.9500000;
4.1330000;0.9500000;0.9500000;
4.1340000;0.9500000;0.9500000;
4.1350000;0.9500000;0.9500000;
4.1360000;0.9500000;0.9500000;
4.1370000;0.9500000;0.9500000;
4.1380000;0.9500000;0.9500000;
4.1390000;0.9500000;0.9500000;
4.1400000;0.9500000;0.9500000;
4.1410000;0.9500000;0.9500000;
4.1420000;0.9500000;0.9500000;
4.1430000;0.9500000;0.9500000;
4.1440000;0.9500000;0.9500000;
4.1450000;0.9500000;0.9500000;
4.1460000;0.9500000;0.9500000;
4.1470000;0.9500000;0.9500000;
4.1480000;0.9500000;0.9500000;
4.1490000;0.9500000;0.9500000;
4.1500000;0.9500000;0.9500000;
4.1510000;0.9500000;0.9500000;
4.1520000;0.9500000;0.9500000;
4.1530000;0.9500000;0.9500000;
4.1540000;0.9500000;0.9500000;
4.1550000;0.9500000;0.9500000;
4.1560000;0.9500000;0.9500000;
4.1570000;0.9500000;0.9500000;
4.1580000;0.9500000;0.9500000;
4.1590000;0.9500000;0.9500000;
4.1600000;0.9500000;0.9500000;
4.1610000;0.9500000;0.9500000;
4.1620000;0.9500000;0.9500000;
4.1630000;0.9500000;0.9500000;
4.1640000;0.9500000;0.9500000;
4.1650000;0.9500000;0.9500000;
4.1660000;0.9500000;0.9500000;
4.1670000;0.9500000;0.9500000;
4.1680000;0.9500000;0.9500000;
4.1690000;0.9500000;0.9500000;
4.1700000;0.9500000;0.9500000;
4.1710000;0.9500000;0.9500000;
4.1720000;0.9500000;0.9500000;
4.1730000;0.9500000;0.9500000;
4.1740000;0.9500000;0.9500000;
4.1750000;0.9500000;0.9500000;
4.1760000;0.9500000;0.9500000;
4.1770000;0.9500000;0.9500000;
4.1780000;0.9500000;0.9500000;
4.1790000;0.9500000;0.9500000;
4.1800000;0.9500000;0.9500000;
4.1810000;0.9500000;0.9500000;
4.1820000;0.9500000;0.9500000;
4.1830000;0.9500000;0.9500000;
4.1840000;0.9500000;0.9500000;
4.1850000;0.9500000;0.9500000;
4.1860000;0.9500000;0.9500000;
4.1870000;0.9500000;0.9500000;
4.1880000;0.9500000;0.9500000;
4.1890000;0.9500000;0.9500000;
4.1900000;0.9500000;0.9500000;
4.1910000;0.9500000;0.9500000;
4.1920000;0.9500000;0.9500000;
4.1930000;0.9500000;0.9500000;
4.1940000;0.9500000;0.9500000;
4.1950000;0.9500000;0.9500000;
4.1960000;0.9500000;0.9500000;
4.1970000;0.9500000;0.9500000;
4.1980000;0.9500000;0.9500000;
4.1990000;0.9500000;0.9500000;
4.2000000;0.9500000;0.9500000;
4.2010000;0.9500000;0.9500000;
4.2020000;0.9500000;0.9500000;
4.2030000;0.9500000;0.9500000;
4.2040000;0.9500000;0.9500000;
4.2050000;0.9500000;0.9500000;
4.2060000;0.9500000;0.9500000;
4.2070000;0.9500000;0.9500000;
4.2080000;0.9500000;0.9500000;
4.2090000;0.9500000;0.9500000;
4.2100000;0.9500000;0.9500000;
4.2110000;0.9500000;0.9500000;
4.2120000;0.9500000;0.9500000;
4.2130000;0.9500000;0.9500000;
4.2140000;0.9500000;0.9500000;
4.2150000;0.9500000;0.9500000;
4.2160000;0.9500000;0.9500000;
4.2170000;0.9500000;0.9500000;
4.2180000;0.9500000;0.9500000;
4.2190000;0.9500000;0.9500000;
4.2200000;0.9500000;0.9500000;
4.2210000;0.9500000;0.9500000;
4.2220000;0.9500000;0.9500000;
4.2230000;0.9500000;0.9500000;
4.2240000;0.9500000;0.9500000;
4.2250000;0.9500000;0.9500000;
4.2260000;0.9500000;0.9500000;
4.2270000;0.9500000;0.9500000;
4.2280000;0.9500000;0.9500000;
4.2290000;0.9500000;0.9500000;
4.2300000;0.9500000;0.9500000;
4.2310000;0.9500000;0.9500000;
4.2320000;0.9500000;0.9500000;
4.2330000;0.9500000;0.9500000;
4.2340000;0.9500000;0.9500000;
4.2350000;0.9500000;0.9500000;
4.2360000;0.9500000;0.9500000;
4.2370000;0.9500000;0.9500000;
4.2380000;0.9500000;0.9500000;
4.2390000;0.9500000;0.9500000;
4.2400000;0.9500000;0.9500000;
4.2410000;0.9500000;0.9500000;
4.2420000;0.9500000;0.9500000;
4.2430000;0.9500000;0.9500000;
4.2440000;0.9500000;0.9500000;
4.2450000;0.9500000;0.9500000;
4.2460000;0.9500000;0.9500000;
4.2470000;0.9500000;0.9500000;
4.2480000;0.9500000;0.9500000;
4.2490000;0.9500000;0.9500000;
4.2500000;0.9500000;0.9500000;
4.2510000;0.9500000;0.9500000;
4.2520000;0.9500000;0.9500000;
4.2530000;0.9500000;0.9500000;
4.2540000;0.9500000;0.9500000;
4.2550000;0.9500000;0.9500000;
4.2560000;0.9500000;0.9500000;
4.2570000;0.9500000;0.9500000;
4.2580000;0.9500000;0.9500000;
4.2590000;0.9500000;0.9500000;
4.2600000;0.9500000;0.9500000;
4.2610000;0.9500000;0.9500000;
4.2620000;0.9500000;0.9500000;
4.2630000;0.9500000;0.9500000;
4.2640000;0.9500000;0.9500000;
4.2650000;0.9500000;0.9500000;
4.2660000;0.9500000;0.9500000;
4.2670000;0.9500000;0.9500000;
4.2680000;0.9500000;0.9500000;
4.2690000;0.9500000;0.9500000;
4.2700000;0.9500000;0.9500000;
4.2710000;0.9500000;0.9500000;
4.2720000;0.9500000;0.9500000;
4.2730000;0.9500000;0.9500000;
4.2740000;0.9500000;0.9500000;
4.2750000;0.9500000;0.9500000;
4.2760000;0.9500000;0.9500000;
4.2770000;0.9500000;0.9500000;
4.2780000;0.9500000;0.9500000;
4.2790000;0.9500000;0.9500000;
4.2800000;0.9500000;0.9500000;
4.2810000;0.9500000;0.9500000;
4.2820000;0.9500000;0.9500000;
4.2830000;0.9500000;0.9500000;
4.2840000;0.9500000;0.9500000;
4.2850000;0.9500000;0.9500000;
4.2860000;0.9500000;0.9500000;
4.2870000;0.9500000;0.9500000;
4.2880000;0.9500000;0.9500000;
4.2890000;0.9500000;0.9500000;
4.2900000;0.9500000;0.9500000;
4.2910000;0.9500000;0.9500000;
4.2920000;0.9500000;0.9500000;
4.2930000;0.9500000;0.9500000;
4.2940000;0.9500000;0.9500000;
4.2950000;0.9500000;0.9500000;
4.2960000;0.9500000;0.9500000;
4.2970000;0.9500000;0.9500000;
4.2980000;0.9500000;0.9500000;
4.2990000;0.9500000;0.9500000;
4.3000000;0.9500000;0.9500000;
4.3010000;0.9500000;0.9500000;
4.3020000;0.9500000;0.9500000;
4.3030000;0.9500000;0.9500000;
4.3040000;0.9500000;0.9500000;
4.3050000;0.9500000;0.9500000;
4.3060000;0.9500000;0.9500000;
4.3070000;0.9500000;0.9500000;
4.3080000;0.9500000;0.9500000;
4.3090000;0.9500000;0.9500000;
4.3100000;0.9500000;0.9500000;
4.3110000;0.9500000;0.9500000;
4.3120000;0.9500000;0.9500000;
4.3130000;0.9500000;0.9500000;
4.3140000;0.9500000;0.9500000;
4.3150000;0.9500000;0.9500000;
4.3160000;0.9500000;0.9500000;
4.3170000;0.9500000;0.9500000;
4.3180000;0.9500000;0.9500000;
4.3190000;0.9500000;0.9500000;
4.3200000;0.9500000;0.9500000;
4.3210000;0.9500000;0.9500000;
4.3220000;0.9500000;0.9500000;
4.3230000;0.9500000;0.9500000;
4.3240000;0.9500000;0.9500000;
4.3250000;0.9500000;0.9500000;
4.3260000;0.9500000;0.9500000;
4.3270000;0.9500000;0.9500000;
4.3280000;0.9500000;0.9500000;
4.3290000;0.9500000;0.9500000;
4.3300000;0.9500000;0.9500000;
4.3310000;0.9500000;0.9500000;
4.3320000;0.9500000;0.9500000;
4.3330000;0.9500000;0.9500000;
4.3340000;0.9500000;0.9500000;
4.3350000;0.9500000;0.9500000;
4.3360000;0.9500000;0.9500000;
4.3370000;0.9500000;0.9500000;
4.3380000;0.9500000;0.9500000;
4.3390000;0.9500000;0.9500000;
4.3400000;0.9500000;0.9500000;
4.3410000;0.9500000;0.9500000;
4.3420000;0.9500000;0.9500000;
4.3430000;0.9500000;0.9500000;
4.3440000;0.9500000;0.9500000;
4.3450000;0.9500000;0.9500000;
4.3460000;0.9500000;0.9500000;
4.3470000;0.9500000;0.9500000;
4.3480000;0.9500000;0.9500000;
4.3490000;0.9500000;0.9500000;
4.3500000;0.9500000;0.9500000;
4.3510000;0.9500000;0.9500000;
4.3520000;0.9500000;0.9500000;
4.3530000;0.9500000;0.9500000;
4.3540000;0.9500000;0.9500000;
4.3550000;0.9500000;0.9500000;
4.3560000;0.9500000;0.9500000;
4.3570000;0.9500000;0.9500000;
4.3580000;0.9500000;0.9500000;
4.3590000;0.9500000;0.9500000;
4.3600000;0.9500000;0.9500000;
4.3610000;0.9500000;0.9500000;
4.3620000;0.9500000;0.9500000;
4.3630000;0.9500000;0.9500000;
4.3640000;0.9500000;0.9500000;
4.3650000;0.9500000;0.9500000;
4.3660000;0.9500000;0.9500000;
4.3670000;0.9500000;0.9500000;
4.3680000;0.9500000;0.9500000;
4.3690000;0.9500000;0.9500000;
4.3700000;0.9500000;0.9500000;
4.3710000;0.9500000;0.9500000;
4.3720000;0.9500000;0.9500000;
4.3730000;0.9500000;0.9500000;
4.3740000;0.9500000;0.9500000;
4.3750000;0.9500000;0.9500000;
4.3760000;0.9500000;0.9500000;
4.3770000;0.9500000;0.9500000;
4.3780000;0.9500000;0.9500000;
4.3790000;0.9500000;0.9500000;
4.3800000;0.9500000;0.9500000;
4.3810000;0.9500000;0.9500000;
4.3820000;0.9500000;0.9500000;
4.3830000;0.9500000;0.9500000;
4.3840000;0.9500000;0.9500000;
4.3850000;0.9500000;0.9500000;
4.3860000;0.9500000;0.9500000;
4.3870000;0.9500000;0.9500000;
4.3880000;0.9500000;0.9500000;
4.3890000;0.9500000;0.9500000;
4.3900000;0.9500000;0.9500000;
4.3910000;0.9500000;0.9500000;
4.3920000;0.9500000;0.9500000;
4.3930000;0.9500000;0.9500000;
4.3940000;0.9500000;0.9500000;
4.3950000;0.9500000;0.9500000;
4.3960000;0.9500000;0.9500000;
4.3970000;0.9500000;0.9500000;
4.3980000;0.9500000;0.9500000;
4.3990000;0.9500000;0.9500000;
4.4000000;0.9500000;0.9500000;
4.4010000;0.9500000;0.9500000;
4.4020000;0.9500000;0.9500000;
4.4030000;0.9500000;0.9500000;
4.4040000;0.9500000;0.9500000;
4.4050000;0.9500000;0.9500000;
4.4060000;0.9500000;0.9500000;
4.4070000;0.9500000;0.9500000;
4.4080000;0.9500000;0.9500000;
4.4090000;0.9500000;0.9500000;
4.4100000;0.9500000;0.9500000;
4.4110000;0.9500000;0.9500000;
4.4120000;0.9500000;0.9500000;
4.4130000;0.9500000;0.9500000;
4.4140000;0.9500000;0.9500000;
4.4150000;0.9500000;0.9500000;
4.4160000;0.9500000;0.9500000;
4.4170000;0.9500000;0.9500000;
4.4180000;0.9500000;0.9500000;
4.4190000;0.9500000;0.9500000;
4.4200000;0.9500000;0.9500000;
4.4210000;0.9500000;0.9500000;
4.4220000;0.9500000;0.9500000;
4.4230000;0.9500000;0.9500000;
4.4240000;0.9500000;0.9500000;
4.4250000;0.9500000;0.9500000;
4.4260000;0.9500000;0.9500000;
4.4270000;0.9500000;0.9500000;
4.4280000;0.9500000;0.9500000;
4.4290000;0.9500000;0.9500000;
4.4300000;0.9500000;0.9500000;
4.4310000;0.9500000;0.9500000;
4.4320000;0.9500000;0.9500000;
4.4330000;0.9500000;0.9500000;
4.4340000;0.9500000;0.9500000;
4.4350000;0.9500000;0.9500000;
4.4360000;0.9500000;0.9500000;
4.4370000;0.9500000;0.9500000;
4.4380000;0.9500000;0.9500000;
4.4390000;0.9500000;0.9500000;
4.4400000;0.9500000;0.9500000;
4.4410000;0.9500000;0.9500000;
4.4420000;0.9500000;0.9500000;
4.4430000;0.9500000;0.9500000;
4.4440000;0.9500000;0.9500000;
4.4450000;0.9500000;0.9500000;
4.4460000;0.9500000;0.9500000;
4.4470000;0.9500000;0.9500000;
4.4480000;0.9500000;0.9500000;
4.4490000;0.9500000;0.9500000;
4.4500000;0.9500000;0.9500000;
4.4510000;0.9500000;0.9500000;
4.4520000;0.9500000;0.9500000;
4.4530000;0.9500000;0.9500000;
4.4540000;0.9500000;0.9500000;
4.4550000;0.9500000;0.9500000;
4.4560000;0.9500000;0.9500000;
4.4570000;0.9500000;0.9500000;
4.4580000;0.9500000;0.9500000;
4.4590000;0.9500000;0.9500000;
4.4600000;0.9500000;0.9500000;
4.4610000;0.9500000;0.9500000;
4.4620000;0.9500000;0.9500000;
4.4630000;0.9500000;0.9500000;
4.4640000;0.9500000;0.9500000;
4.4650000;0.9500000;0.9500000;
4.4660000;0.9500000;0.9500000;
4.4670000;0.9500000;0.9500000;
4.4680000;0.9500000;0.9500000;
4.4690000;0.9500000;0.9500000;
4.4700000;0.9500000;0.9500000;
4.4710000;0.9500000;0.9500000;
4.4720000;0.9500000;0.9500000;
4.4730000;0.9500000;0.9500000;
4.4740000;0.9500000;0.9500000;
4.4750000;0.9500000;0.9500000;
4.4760000;0.9500000;0.9500000;
4.4770000;0.9500000;0.9500000;
4.4780000;0.9500000;0.9500000;
4.4790000;0.9500000;0.9500000;
4.4800000;0.9500000;0.9500000;
4.4810000;0.9500000;0.9500000;
4.4820000;0.9500000;0.9500000;
4.4830000;0.9500000;0.9500000;
4.4840000;0.9500000;0.9500000;
4.4850000;0.9500000;0.9500000;
4.4860000;0.9500000;0.9500000;
4.4870000;0.9500000;0.9500000;
4.4880000;0.9500000;0.9500000;
4.4890000;0.9500000;0.9500000;
4.4900000;0.9500000;0.9500000;
4.4910000;0.9500000;0.9500000;
4.4920000;0.9500000;0.9500000;
4.4930000;0.9500000;0.9500000;
4.4940000;0.9500000;0.9500000;
4.4950000;0.9500000;0.9500000;
4.4960000;0.9500000;0.9500000;
4.4970000;0.9500000;0.9500000;
4.4980000;0.9500000;0.9500000;
4.4990000;0.9500000;0.9500000;
4.5000000;0.9500000;0.9500000;
4.5010000;0.9500000;0.9500000;
4.5020000;0.9500000;0.9500000;
4.5030000;0.9500000;0.9500000;
4.5040000;0.9500000;0.9500000;
4.5050000;0.9500000;0.9500000;
4.5060000;0.9500000;0.9500000;
4.5070000;0.9500000;0.9500000;
4.5080000;0.9500000;0.9500000;
4.5090000;0.9500000;0.9500000;
4.5100000;0.9500000;0.9500000;
4.5110000;0.9500000;0.9500000;
4.5120000;0.9500000;0.9500000;
4.5130000;0.9500000;0.9500000;
4.5140000;0.9500000;0.9500000;
4.5150000;0.9500000;0.9500000;
4.5160000;0.9500000;0.9500000;
4.5170000;0.9500000;0.9500000;
4.5180000;0.9500000;0.9500000;
4.5190000;0.9500000;0.9500000;
4.5200000;0.9500000;0.9500000;
4.5210000;0.9500000;0.9500000;
4.5220000;0.9500000;0.9500000;
4.5230000;0.9500000;0.9500000;
4.5240000;0.9500000;0.9500000;
4.5250000;0.9500000;0.9500000;
4.5260000;0.9500000;0.9500000;
4.5270000;0.9500000;0.9500000;
4.5280000;0.9500000;0.9500000;
4.5290000;0.9500000;0.9500000;
4.5300000;0.9500000;0.9500000;
4.5310000;0.9500000;0.9500000;
4.5320000;0.9500000;0.9500000;
4.5330000;0.9500000;0.9500000;
4.5340000;0.9500000;0.9500000;
4.5350000;0.9500000;0.9500000;
4.5360000;0.9500000;0.9500000;
4.5370000;0.9500000;0.9500000;
4.5380000;0.9500000;0.9500000;
4.5390000;0.9500000;0.9500000;
4.5400000;0.9500000;0.9500000;
4.5410000;0.9500000;0.9500000;
4.5420000;0.9500000;0.9500000;
4.5430000;0.9500000;0.9500000;
4.5440000;0.9500000;0.9500000;
4.5450000;0.9500000;0.9500000;
4.5460000;0.9500000;0.9500000;
4.5470000;0.9500000;0.9500000;
4.5480000;0.9500000;0.9500000;
4.5490000;0.9500000;0.9500000;
4.5500000;0.9500000;0.9500000;
4.5510000;0.9500000;0.9500000;
4.5520000;0.9500000;0.9500000;
4.5530000;0.9500000;0.9500000;
4.5540000;0.9500000;0.9500000;
4.5550000;0.9500000;0.9500000;
4.5560000;0.9500000;0.9500000;
4.5570000;0.9500000;0.9500000;
4.5580000;0.9500000;0.9500000;
4.5590000;0.9500000;0.9500000;
4.5600000;0.9500000;0.9500000;
4.5610000;0.9500000;0.9500000;
4.5620000;0.9500000;0.9500000;
4.5630000;0.9500000;0.9500000;
4.5640000;0.9500000;0.9500000;
4.5650000;0.9500000;0.9500000;
4.5660000;0.9500000;0.9500000;
4.5670000;0.9500000;0.9500000;
4.5680000;0.9500000;0.9500000;
4.5690000;0.9500000;0.9500000;
4.5700000;0.9500000;0.9500000;
4.5710000;0.9500000;0.9500000;
4.5720000;0.9500000;0.9500000;
4.5730000;0.9500000;0.9500000;
4.5740000;0.9500000;0.9500000;
4.5750000;0.9500000;0.9500000;
4.5760000;0.9500000;0.9500000;
4.5770000;0.9500000;0.9500000;
4.5780000;0.9500000;0.9500000;
4.5790000;0.9500000;0.9500000;
4.5800000;0.9500000;0.9500000;
4.5810000;0.9500000;0.9500000;
4.5820000;0.9500000;0.9500000;
4.5830000;0.9500000;0.9500000;
4.5840000;0.9500000;0.9500000;
4.5850000;0.9500000;0.9500000;
4.5860000;0.9500000;0.9500000;
4.5870000;0.9500000;0.9500000;
4.5880000;0.9500000;0.9500000;
4.5890000;0.9500000;0.9500000;
4.5900000;0.9500000;0.9500000;
4.5910000;0.9500000;0.9500000;
4.5920000;0.9500000;0.9500000;
4.5930000;0.9500000;0.9500000;
4.5940000;0.9500000;0.9500000;
4.5950000;0.9500000;0.9500000;
4.5960000;0.9500000;0.9500000;
4.5970000;0.9500000;0.9500000;
4.5980000;0.9500000;0.9500000;
4.5990000;0.9500000;0.9500000;
4.6000000;0.9500000;0.9500000;
4.6010000;0.9500000;0.9500000;
4.6020000;0.9500000;0.9500000;
4.6030000;0.9500000;0.9500000;
4.6040000;0.9500000;0.9500000;
4.6050000;0.9500000;0.9500000;
4.6060000;0.9500000;0.9500000;
4.6070000;0.9500000;0.9500000;
4.6080000;0.9500000;0.9500000;
4.6090000;0.9500000;0.9500000;
4.6100000;0.9500000;0.9500000;
4.6110000;0.9500000;0.9500000;
4.6120000;0.9500000;0.9500000;
4.6130000;0.9500000;0.9500000;
4.6140000;0.9500000;0.9500000;
4.6150000;0.9500000;0.9500000;
4.6160000;0.9500000;0.9500000;
4.6170000;0.9500000;0.9500000;
4.6180000;0.9500000;0.9500000;
4.6190000;0.9500000;0.9500000;
4.6200000;0.9500000;0.9500000;
4.6210000;0.9500000;0.9500000;
4.6220000;0.9500000;0.9500000;
4.6230000;0.9500000;0.9500000;
4.6240000;0.9500000;0.9500000;
4.6250000;0.9500000;0.9500000;
4.6260000;0.9500000;0.9500000;
4.6270000;0.9500000;0.9500000;
4.6280000;0.9500000;0.9500000;
4.6290000;0.9500000;0.9500000;
4.6300000;0.9500000;0.9500000;
4.6310000;0.9500000;0.9500000;
4.6320000;0.9500000;0.9500000;
4.6330000;0.9500000;0.9500000;
4.6340000;0.9500000;0.9500000;
4.6350000;0.9500000;0.9500000;
4.6360000;0.9500000;0.9500000;
4.6370000;0.9500000;0.9500000;
4.6380000;0.9500000;0.9500000;
4.6390000;0.9500000;0.9500000;
4.6400000;0.9500000;0.9500000;
4.6410000;0.9500000;0.9500000;
4.6420000;0.9500000;0.9500000;
4.6430000;0.9500000;0.9500000;
4.6440000;0.9500000;0.9500000;
4.6450000;0.9500000;0.9500000;
4.6460000;0.9500000;0.9500000;
4.6470000;0.9500000;0.9500000;
4.6480000;0.9500000;0.9500000;
4.6490000;0.9500000;0.9500000;
4.6500000;0.9500000;0.9500000;
4.6510000;0.9500000;0.9500000;
4.6520000;0.9500000;0.9500000;
4.6530000;0.9500000;0.9500000;
4.6540000;0.9500000;0.9500000;
4.6550000;0.9500000;0.9500000;
4.6560000;0.9500000;0.9500000;
4.6570000;0.9500000;0.9500000;
4.6580000;0.9500000;0.9500000;
4.6590000;0.9500000;0.9500000;
4.6600000;0.9500000;0.9500000;
4.6610000;0.9500000;0.9500000;
4.6620000;0.9500000;0.9500000;
4.6630000;0.9500000;0.9500000;
4.6640000;0.9500000;0.9500000;
4.6650000;0.9500000;0.9500000;
4.6660000;0.9500000;0.9500000;
4.6670000;0.9500000;0.9500000;
4.6680000;0.9500000;0.9500000;
4.6690000;0.9500000;0.9500000;
4.6700000;0.9500000;0.9500000;
4.6710000;0.9500000;0.9500000;
4.6720000;0.9500000;0.9500000;
4.6730000;0.9500000;0.9500000;
4.6740000;0.9500000;0.9500000;
4.6750000;0.9500000;0.9500000;
4.6760000;0.9500000;0.9500000;
4.6770000;0.9500000;0.9500000;
4.6780000;0.9500000;0.9500000;
4.6790000;0.9500000;0.9500000;
4.6800000;0.9500000;0.9500000;
4.6810000;0.9500000;0.9500000;
4.6820000;0.9500000;0.9500000;
4.6830000;0.9500000;0.9500000;
4.6840000;0.9500000;0.9500000;
4.6850000;0.9500000;0.9500000;
4.6860000;0.9500000;0.9500000;
4.6870000;0.9500000;0.9500000;
4.6880000;0.9500000;0.9500000;
4.6890000;0.9500000;0.9500000;
4.6900000;0.9500000;0.9500000;
4.6910000;0.9500000;0.9500000;
4.6920000;0.9500000;0.9500000;
4.6930000;0.9500000;0.9500000;
4.6940000;0.9500000;0.9500000;
4.6950000;0.9500000;0.9500000;
4.6960000;0.9500000;0.9500000;
4.6970000;0.9500000;0.9500000;
4.6980000;0.9500000;0.9500000;
4.6990000;0.9500000;0.9500000;
4.7000000;0.9500000;0.9500000;
4.7010000;0.9500000;0.9500000;
4.7020000;0.9500000;0.9500000;
4.7030000;0.9500000;0.9500000;
4.7040000;0.9500000;0.9500000;
4.7050000;0.9500000;0.9500000;
4.7060000;0.9500000;0.9500000;
4.7070000;0.9500000;0.9500000;
4.7080000;0.9500000;0.9500000;
4.7090000;0.9500000;0.9500000;
4.7100000;0.9500000;0.9500000;
4.7110000;0.9500000;0.9500000;
4.7120000;0.9500000;0.9500000;
4.7130000;0.9500000;0.9500000;
4.7140000;0.9500000;0.9500000;
4.7150000;0.9500000;0.9500000;
4.7160000;0.9500000;0.9500000;
4.7170000;0.9500000;0.9500000;
4.7180000;0.9500000;0.9500000;
4.7190000;0.9500000;0.9500000;
4.7200000;0.9500000;0.9500000;
4.7210000;0.9500000;0.9500000;
4.7220000;0.9500000;0.9500000;
4.7230000;0.9500000;0.9500000;
4.7240000;0.9500000;0.9500000;
4.7250000;0.9500000;0.9500000;
4.7260000;0.9500000;0.9500000;
4.7270000;0.9500000;0.9500000;
4.7280000;0.9500000;0.9500000;
4.7290000;0.9500000;0.9500000;
4.7300000;0.9500000;0.9500000;
4.7310000;0.9500000;0.9500000;
4.7320000;0.9500000;0.9500000;
4.7330000;0.9500000;0.9500000;
4.7340000;0.9500000;0.9500000;
4.7350000;0.9500000;0.9500000;
4.7360000;0.9500000;0.9500000;
4.7370000;0.9500000;0.9500000;
4.7380000;0.9500000;0.9500000;
4.7390000;0.9500000;0.9500000;
4.7400000;0.9500000;0.9500000;
4.7410000;0.9500000;0.9500000;
4.7420000;0.9500000;0.9500000;
4.7430000;0.9500000;0.9500000;
4.7440000;0.9500000;0.9500000;
4.7450000;0.9500000;0.9500000;
4.7460000;0.9500000;0.9500000;
4.7470000;0.9500000;0.9500000;
4.7480000;0.9500000;0.9500000;
4.7490000;0.9500000;0.9500000;
4.7500000;0.9500000;0.9500000;
4.7510000;0.9500000;0.9500000;
4.7520000;0.9500000;0.9500000;
4.7530000;0.9500000;0.9500000;
4.7540000;0.9500000;0.9500000;
4.7550000;0.9500000;0.9500000;
4.7560000;0.9500000;0.9500000;
4.7570000;0.9500000;0.9500000;
4.7580000;0.9500000;0.9500000;
4.7590000;0.9500000;0.9500000;
4.7600000;0.9500000;0.9500000;
4.7610000;0.9500000;0.9500000;
4.7620000;0.9500000;0.9500000;
4.7630000;0.9500000;0.9500000;
4.7640000;0.9500000;0.9500000;
4.7650000;0.9500000;0.9500000;
4.7660000;0.9500000;0.9500000;
4.7670000;0.9500000;0.9500000;
4.7680000;0.9500000;0.9500000;
4.7690000;0.9500000;0.9500000;
4.7700000;0.9500000;0.9500000;
4.7710000;0.9500000;0.9500000;
4.7720000;0.9500000;0.9500000;
4.7730000;0.9500000;0.9500000;
4.7740000;0.9500000;0.9500000;
4.7750000;0.9500000;0.9500000;
4.7760000;0.9500000;0.9500000;
4.7770000;0.9500000;0.9500000;
4.7780000;0.9500000;0.9500000;
4.7790000;0.9500000;0.9500000;
4.7800000;0.9500000;0.9500000;
4.7810000;0.9500000;0.9500000;
4.7820000;0.9500000;0.9500000;
4.7830000;0.9500000;0.9500000;
4.7840000;0.9500000;0.9500000;
4.7850000;0.9500000;0.9500000;
4.7860000;0.9500000;0.9500000;
4.7870000;0.9500000;0.9500000;
4.7880000;0.9500000;0.9500000;
4.7890000;0.9500000;0.9500000;
4.7900000;0.9500000;0.9500000;
4.7910000;0.9500000;0.9500000;
4.7920000;0.9500000;0.9500000;
4.7930000;0.9500000;0.9500000;
4.7940000;0.9500000;0.9500000;
4.7950000;0.9500000;0.9500000;
4.7960000;0.9500000;0.9500000;
4.7970000;0.9500000;0.9500000;
4.7980000;0.9500000;0.9500000;
4.7990000;0.9500000;0.9500000;
4.8000000;0.9500000;0.9500000;
4.8010000;0.9500000;0.9500000;
4.8020000;0.9500000;0.9500000;
4.8030000;0.9500000;0.9500000;
4.8040000;0.9500000;0.9500000;
4.8050000;0.9500000;0.9500000;
4.8060000;0.9500000;0.9500000;
4.8070000;0.9500000;0.9500000;
4.8080000;0.9500000;0.9500000;
4.8090000;0.9500000;0.9500000;
4.8100000;0.9500000;0.9500000;
4.8110000;0.9500000;0.9500000;
4.8120000;0.9500000;0.9500000;
4.8130000;0.9500000;0.9500000;
4.8140000;0.9500000;0.9500000;
4.8150000;0.9500000;0.9500000;
4.8160000;0.9500000;0.9500000;
4.8170000;0.9500000;0.9500000;
4.8180000;0.9500000;0.9500000;
4.8190000;0.9500000;0.9500000;
4.8200000;0.9500000;0.9500000;
4.8210000;0.9500000;0.9500000;
4.8220000;0.9500000;0.9500000;
4.8230000;0.9500000;0.9500000;
4.8240000;0.9500000;0.9500000;
4.8250000;0.9500000;0.9500000;
4.8260000;0.9500000;0.9500000;
4.8270000;0.9500000;0.9500000;
4.8280000;0.9500000;0.9500000;
4.8290000;0.9500000;0.9500000;
4.8300000;0.9500000;0.9500000;
4.8310000;0.9500000;0.9500000;
4.8320000;0.9500000;0.9500000;
4.8330000;0.9500000;0.9500000;
4.8340000;0.9500000;0.9500000;
4.8350000;0.9500000;0.9500000;
4.8360000;0.9500000;0.9500000;
4.8370000;0.9500000;0.9500000;
4.8380000;0.9500000;0.9500000;
4.8390000;0.9500000;0.9500000;
4.8400000;0.9500000;0.9500000;
4.8410000;0.9500000;0.9500000;
4.8420000;0.9500000;0.9500000;
4.8430000;0.9500000;0.9500000;
4.8440000;0.9500000;0.9500000;
4.8450000;0.9500000;0.9500000;
4.8460000;0.9500000;0.9500000;
4.8470000;0.9500000;0.9500000;
4.8480000;0.9500000;0.9500000;
4.8490000;0.9500000;0.9500000;
4.8500000;0.9500000;0.9500000;
4.8510000;0.9500000;0.9500000;
4.8520000;0.9500000;0.9500000;
4.8530000;0.9500000;0.9500000;
4.8540000;0.9500000;0.9500000;
4.8550000;0.9500000;0.9500000;
4.8560000;0.9500000;0.9500000;
4.8570000;0.9500000;0.9500000;
4.8580000;0.9500000;0.9500000;
4.8590000;0.9500000;0.9500000;
4.8600000;0.9500000;0.9500000;
4.8610000;0.9500000;0.9500000;
4.8620000;0.9500000;0.9500000;
4.8630000;0.9500000;0.9500000;
4.8640000;0.9500000;0.9500000;
4.8650000;0.9500000;0.9500000;
4.8660000;0.9500000;0.9500000;
4.8670000;0.9500000;0.9500000;
4.8680000;0.9500000;0.9500000;
4.8690000;0.9500000;0.9500000;
4.8700000;0.9500000;0.9500000;
4.8710000;0.9500000;0.9500000;
4.8720000;0.9500000;0.9500000;
4.8730000;0.9500000;0.9500000;
4.8740000;0.9500000;0.9500000;
4.8750000;0.9500000;0.9500000;
4.8760000;0.9500000;0.9500000;
4.8770000;0.9500000;0.9500000;
4.8780000;0.9500000;0.9500000;
4.8790000;0.9500000;0.9500000;
4.8800000;0.9500000;0.9500000;
4.8810000;0.9500000;0.9500000;
4.8820000;0.9500000;0.9500000;
4.8830000;0.9500000;0.9500000;
4.8840000;0.9500000;0.9500000;
4.8850000;0.9500000;0.9500000;
4.8860000;0.9500000;0.9500000;
4.8870000;0.9500000;0.9500000;
4.8880000;0.9500000;0.9500000;
4.8890000;0.9500000;0.9500000;
4.8900000;0.9500000;0.9500000;
4.8910000;0.9500000;0.9500000;
4.8920000;0.9500000;0.9500000;
4.8930000;0.9500000;0.9500000;
4.8940000;0.9500000;0.9500000;
4.8950000;0.9500000;0.9500000;
4.8960000;0.9500000;0.9500000;
4.8970000;0.9500000;0.9500000;
4.8980000;0.9500000;0.9500000;
4.8990000;0.9500000;0.9500000;
4.9000000;0.9500000;0.9500000;
4.9010000;0.9500000;0.9500000;
4.9020000;0.9500000;0.9500000;
4.9030000;0.9500000;0.9500000;
4.9040000;0.9500000;0.9500000;
4.9050000;0.9500000;0.9500000;
4.9060000;0.9500000;0.9500000;
4.9070000;0.9500000;0.9500000;
4.9080000;0.9500000;0.9500000;
4.9090000;0.9500000;0.9500000;
4.9100000;0.9500000;0.9500000;
4.9110000;0.9500000;0.9500000;
4.9120000;0.9500000;0.9500000;
4.9130000;0.9500000;0.9500000;
4.9140000;0.9500000;0.9500000;
4.9150000;0.9500000;0.9500000;
4.9160000;0.9500000;0.9500000;
4.9170000;0.9500000;0.9500000;
4.9180000;0.9500000;0.9500000;
4.9190000;0.9500000;0.9500000;
4.9200000;0.9500000;0.9500000;
4.9210000;0.9500000;0.9500000;
4.9220000;0.9500000;0.9500000;
4.9230000;0.9500000;0.9500000;
4.9240000;0.9500000;0.9500000;
4.9250000;0.9500000;0.9500000;
4.9260000;0.9500000;0.9500000;
4.9270000;0.9500000;0.9500000;
4.9280000;0.9500000;0.9500000;
4.9290000;0.9500000;0.9500000;
4.9300000;0.9500000;0.9500000;
4.9310000;0.9500000;0.9500000;
4.9320000;0.9500000;0.9500000;
4.9330000;0.9500000;0.9500000;
4.9340000;0.9500000;0.9500000;
4.9350000;0.9500000;0.9500000;
4.9360000;0.9500000;0.9500000;
4.9370000;0.9500000;0.9500000;
4.9380000;0.9500000;0.9500000;
4.9390000;0.9500000;0.9500000;
4.9400000;0.9500000;0.9500000;
4.9410000;0.9500000;0.9500000;
4.9420000;0.9500000;0.9500000;
4.9430000;0.9500000;0.9500000;
4.9440000;0.9500000;0.9500000;
4.9450000;0.9500000;0.9500000;
4.9460000;0.9500000;0.9500000;
4.9470000;0.9500000;0.9500000;
4.9480000;0.9500000;0.9500000;
4.9490000;0.9500000;0.9500000;
4.9500000;0.9500000;0.9500000;
4.9510000;0.9500000;0.9500000;
4.9520000;0.9500000;0.9500000;
4.9530000;0.9500000;0.9500000;
4.9540000;0.9500000;0.9500000;
4.9550000;0.9500000;0.9500000;
4.9560000;0.9500000;0.9500000;
4.9570000;0.9500000;0.9500000;
4.9580000;0.9500000;0.9500000;
4.9590000;0.9500000;0.9500000;
4.9600000;0.9500000;0.9500000;
4.9610000;0.9500000;0.9500000;
4.9620000;0.9500000;0.9500000;
4.9630000;0.9500000;0.9500000;
4.9640000;0.9500000;0.9500000;
4.9650000;0.9500000;0.9500000;
4.9660000;0.9500000;0.9500000;
4.9670000;0.9500000;0.9500000;
4.9680000;0.9500000;0.9500000;
4.9690000;0.9500000;0.9500000;
4.9700000;0.9500000;0.9500000;
4.9710000;0.9500000;0.9500000;
4.9720000;0.9500000;0.9500000;
4.9730000;0.9500000;0.9500000;
4.9740000;0.9500000;0.9500000;
4.9750000;0.9500000;0.9500000;
4.9760000;0.9500000;0.9500000;
4.9770000;0.9500000;0.9500000;
4.9780000;0.9500000;0.9500000;
4.9790000;0.9500000;0.9500000;
4.9800000;0.9500000;0.9500000;
4.9810000;0.9500000;0.9500000;
4.9820000;0.9500000;0.9500000;
4.9830000;0.9500000;0.9500000;
4.9840000;0.9500000;0.9500000;
4.9850000;0.9500000;0.9500000;
4.9860000;0.9500000;0.9500000;
4.9870000;0.9500000;0.9500000;
4.9880000;0.9500000;0.9500000;
4.9890000;0.9500000;0.9500000;
4.9900000;0.9500000;0.9500000;
4.9910000;0.9500000;0.9500000;
4.9920000;0.9500000;0.9500000;
4.9930000;0.9500000;0.9500000;
4.9940000;0.9500000;0.9500000;
4.9950000;0.9500000;0.9500000;
4.9960000;0.9500000;0.9500000;
4.9970000;0.9500000;0.9500000;
4.9980000;0.9500000;0.9500000;
4.9990000;0.9500000;0.9500000;
5.0000000;0.9500000;0.9500000;
5.0010000;0.9500000;0.9500000;
5.0020000;0.9500000;0.9500000;
5.0030000;0.9500000;0.9500000;
5.0040000;0.9500000;0.9500000;
5.0050000;0.9500000;0.9500000;
5.0060000;0.9500000;0.9500000;
5.0070000;0.9500000;0.9500000;
5.0080000;0.9500000;0.9500000;
5.0090000;0.9500000;0.9500000;
5.0100000;0.9500000;0.9500000;
5.0110000;0.9500000;0.9500000;
5.0120000;0.9500000;0.9500000;
5.0130000;0.9500000;0.9500000;
5.0140000;0.9500000;0.9500000;
5.0150000;0.9500000;0.9500000;
5.0160000;0.9500000;0.9500000;
5.0170000;0.9500000;0.9500000;
5.0180000;0.9500000;0.9500000;
5.0190000;0.9500000;0.9500000;
5.0200000;0.9500000;0.9500000;
5.0210000;0.9500000;0.9500000;
5.0220000;0.9500000;0.9500000;
5.0230000;0.9500000;0.9500000;
5.0240000;0.9500000;0.9500000;
5.0250000;0.9500000;0.9500000;
5.0260000;0.9500000;0.9500000;
5.0270000;0.9500000;0.9500000;
5.0280000;0.9500000;0.9500000;
5.0290000;0.9500000;0.9500000;
5.0300000;0.9500000;0.9500000;
5.0310000;0.9500000;0.9500000;
5.0320000;0.9500000;0.9500000;
5.0330000;0.9500000;0.9500000;
5.0340000;0.9500000;0.9500000;
5.0350000;0.9500000;0.9500000;
5.0360000;0.9500000;0.9500000;
5.0370000;0.9500000;0.9500000;
5.0380000;0.9500000;0.9500000;
5.0390000;0.9500000;0.9500000;
5.0400000;0.9500000;0.9500000;
5.0410000;0.9500000;0.9500000;
5.0420000;0.9500000;0.9500000;
5.0430000;0.9500000;0.9500000;
5.0440000;0.9500000;0.9500000;
5.0450000;0.9500000;0.9500000;
5.0460000;0.9500000;0.9500000;
5.0470000;0.9500000;0.9500000;
5.0480000;0.9500000;0.9500000;
5.0490000;0.9500000;0.9500000;
5.0500000;0.9500000;0.9500000;
5.0510000;0.9500000;0.9500000;
5.0520000;0.9500000;0.9500000;
5.0530000;0.9500000;0.9500000;
5.0540000;0.9500000;0.9500000;
5.0550000;0.9500000;0.9500000;
5.0560000;0.9500000;0.9500000;
5.0570000;0.9500000;0.9500000;
5.0580000;0.9500000;0.9500000;
5.0590000;0.9500000;0.9500000;
5.0600000;0.9500000;0.9500000;
5.0610000;0.9500000;0.9500000;
5.0620000;0.9500000;0.9500000;
5.0630000;0.9500000;0.9500000;
5.0640000;0.9500000;0.9500000;
5.0650000;0.9500000;0.9500000;
5.0660000;0.9500000;0.9500000;
5.0670000;0.9500000;0.9500000;
5.0680000;0.9500000;0.9500000;
5.0690000;0.9500000;0.9500000;
5.0700000;0.9500000;0.9500000;
5.0710000;0.9500000;0.9500000;
5.0720000;0.9500000;0.9500000;
5.0730000;0.9500000;0.9500000;
5.0740000;0.9500000;0.9500000;
5.0750000;0.9500000;0.9500000;
5.0760000;0.9500000;0.9500000;
5.0770000;0.9500000;0.9500000;
5.0780000;0.9500000;0.9500000;
5.0790000;0.9500000;0.9500000;
5.0800000;0.9500000;0.9500000;
5.0810000;0.9500000;0.9500000;
5.0820000;0.9500000;0.9500000;
5.0830000;0.9500000;0.9500000;
5.0840000;0.9500000;0.9500000;
5.0850000;0.9500000;0.9500000;
5.0860000;0.9500000;0.9500000;
5.0870000;0.9500000;0.9500000;
5.0880000;0.9500000;0.9500000;
5.0890000;0.9500000;0.9500000;
5.0900000;0.9500000;0.9500000;
5.0910000;0.9500000;0.9500000;
5.0920000;0.9500000;0.9500000;
5.0930000;0.9500000;0.9500000;
5.0940000;0.9500000;0.9500000;
5.0950000;0.9500000;0.9500000;
5.0960000;0.9500000;0.9500000;
5.0970000;0.9500000;0.9500000;
5.0980000;0.9500000;0.9500000;
5.0990000;0.9500000;0.9500000;
5.1000000;0.9500000;0.9500000;
5.1010000;0.9500000;0.9500000;
5.1020000;0.9500000;0.9500000;
5.1030000;0.9500000;0.9500000;
5.1040000;0.9500000;0.9500000;
5.1050000;0.9500000;0.9500000;
5.1060000;0.9500000;0.9500000;
5.1070000;0.9500000;0.9500000;
5.1080000;0.9500000;0.9500000;
5.1090000;0.9500000;0.9500000;
5.1100000;0.9500000;0.9500000;
5.1110000;0.9500000;0.9500000;
5.1120000;0.9500000;0.9500000;
5.1130000;0.9500000;0.9500000;
5.1140000;0.9500000;0.9500000;
5.1150000;0.9500000;0.9500000;
5.1160000;0.9500000;0.9500000;
5.1170000;0.9500000;0.9500000;
5.1180000;0.9500000;0.9500000;
5.1190000;0.9500000;0.9500000;
5.1200000;0.9500000;0.9500000;
5.1210000;0.9500000;0.9500000;
5.1220000;0.9500000;0.9500000;
5.1230000;0.9500000;0.9500000;
5.1240000;0.9500000;0.9500000;
5.1250000;0.9500000;0.9500000;
5.1260000;0.9500000;0.9500000;
5.1270000;0.9500000;0.9500000;
5.1280000;0.9500000;0.9500000;
5.1290000;0.9500000;0.9500000;
5.1300000;0.9500000;0.9500000;
5.1310000;0.9500000;0.9500000;
5.1320000;0.9500000;0.9500000;
5.1330000;0.9500000;0.9500000;
5.1340000;0.9500000;0.9500000;
5.1350000;0.9500000;0.9500000;
5.1360000;0.9500000;0.9500000;
5.1370000;0.9500000;0.9500000;
5.1380000;0.9500000;0.9500000;
5.1390000;0.9500000;0.9500000;
5.1400000;0.9500000;0.9500000;
5.1410000;0.9500000;0.9500000;
5.1420000;0.9500000;0.9500000;
5.1430000;0.9500000;0.9500000;
5.1440000;0.9500000;0.9500000;
5.1450000;0.9500000;0.9500000;
5.1460000;0.9500000;0.9500000;
5.1470000;0.9500000;0.9500000;
5.1480000;0.9500000;0.9500000;
5.1490000;0.9500000;0.9500000;
5.1500000;0.9500000;0.9500000;
5.1510000;0.9500000;0.9500000;
5.1520000;0.9500000;0.9500000;
5.1530000;0.9500000;0.9500000;
5.1540000;0.9500000;0.9500000;
5.1550000;0.9500000;0.9500000;
5.1560000;0.9500000;0.9500000;
5.1570000;0.9500000;0.9500000;
5.1580000;0.9500000;0.9500000;
5.1590000;0.9500000;0.9500000;
5.1600000;0.9500000;0.9500000;
5.1610000;0.9500000;0.9500000;
5.1620000;0.9500000;0.9500000;
5.1630000;0.9500000;0.9500000;
5.1640000;0.9500000;0.9500000;
5.1650000;0.9500000;0.9500000;
5.1660000;0.9500000;0.9500000;
5.1670000;0.9500000;0.9500000;
5.1680000;0.9500000;0.9500000;
5.1690000;0.9500000;0.9500000;
5.1700000;0.9500000;0.9500000;
5.1710000;0.9500000;0.9500000;
5.1720000;0.9500000;0.9500000;
5.1730000;0.9500000;0.9500000;
5.1740000;0.9500000;0.9500000;
5.1750000;0.9500000;0.9500000;
5.1760000;0.9500000;0.9500000;
5.1770000;0.9500000;0.9500000;
5.1780000;0.9500000;0.9500000;
5.1790000;0.9500000;0.9500000;
5.1800000;0.9500000;0.9500000;
5.1810000;0.9500000;0.9500000;
5.1820000;0.9500000;0.9500000;
5.1830000;0.9500000;0.9500000;
5.1840000;0.9500000;0.9500000;
5.1850000;0.9500000;0.9500000;
5.1860000;0.9500000;0.9500000;
5.1870000;0.9500000;0.9500000;
5.1880000;0.9500000;0.9500000;
5.1890000;0.9500000;0.9500000;
5.1900000;0.9500000;0.9500000;
5.1910000;0.9500000;0.9500000;
5.1920000;0.9500000;0.9500000;
5.1930000;0.9500000;0.9500000;
5.1940000;0.9500000;0.9500000;
5.1950000;0.9500000;0.9500000;
5.1960000;0.9500000;0.9500000;
5.1970000;0.9500000;0.9500000;
5.1980000;0.9500000;0.9500000;
5.1990000;0.9500000;0.9500000;
5.2000000;0.9500000;0.9500000;
5.2010000;0.9500000;0.9500000;
5.2020000;0.9500000;0.9500000;
5.2030000;0.9500000;0.9500000;
5.2040000;0.9500000;0.9500000;
5.2050000;0.9500000;0.9500000;
5.2060000;0.9500000;0.9500000;
5.2070000;0.9500000;0.9500000;
5.2080000;0.9500000;0.9500000;
5.2090000;0.9500000;0.9500000;
5.2100000;0.9500000;0.9500000;
5.2110000;0.9500000;0.9500000;
5.2120000;0.9500000;0.9500000;
5.2130000;0.9500000;0.9500000;
5.2140000;0.9500000;0.9500000;
5.2150000;0.9500000;0.9500000;
5.2160000;0.9500000;0.9500000;
5.2170000;0.9500000;0.9500000;
5.2180000;0.9500000;0.9500000;
5.2190000;0.9500000;0.9500000;
5.2200000;0.9500000;0.9500000;
5.2210000;0.9500000;0.9500000;
5.2220000;0.9500000;0.9500000;
5.2230000;0.9500000;0.9500000;
5.2240000;0.9500000;0.9500000;
5.2250000;0.9500000;0.9500000;
5.2260000;0.9500000;0.9500000;
5.2270000;0.9500000;0.9500000;
5.2280000;0.9500000;0.9500000;
5.2290000;0.9500000;0.9500000;
5.2300000;0.9500000;0.9500000;
5.2310000;0.9500000;0.9500000;
5.2320000;0.9500000;0.9500000;
5.2330000;0.9500000;0.9500000;
5.2340000;0.9500000;0.9500000;
5.2350000;0.9500000;0.9500000;
5.2360000;0.9500000;0.9500000;
5.2370000;0.9500000;0.9500000;
5.2380000;0.9500000;0.9500000;
5.2390000;0.9500000;0.9500000;
5.2400000;0.9500000;0.9500000;
5.2410000;0.9500000;0.9500000;
5.2420000;0.9500000;0.9500000;
5.2430000;0.9500000;0.9500000;
5.2440000;0.9500000;0.9500000;
5.2450000;0.9500000;0.9500000;
5.2460000;0.9500000;0.9500000;
5.2470000;0.9500000;0.9500000;
5.2480000;0.9500000;0.9500000;
5.2490000;0.9500000;0.9500000;
5.2500000;0.9500000;0.9500000;
5.2510000;0.9500000;0.9500000;
5.2520000;0.9500000;0.9500000;
5.2530000;0.9500000;0.9500000;
5.2540000;0.9500000;0.9500000;
5.2550000;0.9500000;0.9500000;
5.2560000;0.9500000;0.9500000;
5.2570000;0.9500000;0.9500000;
5.2580000;0.9500000;0.9500000;
5.2590000;0.9500000;0.9500000;
5.2600000;0.9500000;0.9500000;
5.2610000;0.9500000;0.9500000;
5.2620000;0.9500000;0.9500000;
5.2630000;0.9500000;0.9500000;
5.2640000;0.9500000;0.9500000;
5.2650000;0.9500000;0.9500000;
5.2660000;0.9500000;0.9500000;
5.2670000;0.9500000;0.9500000;
5.2680000;0.9500000;0.9500000;
5.2690000;0.9500000;0.9500000;
5.2700000;0.9500000;0.9500000;
5.2710000;0.9500000;0.9500000;
5.2720000;0.9500000;0.9500000;
5.2730000;0.9500000;0.9500000;
5.2740000;0.9500000;0.9500000;
5.2750000;0.9500000;0.9500000;
5.2760000;0.9500000;0.9500000;
5.2770000;0.9500000;0.9500000;
5.2780000;0.9500000;0.9500000;
5.2790000;0.9500000;0.9500000;
5.2800000;0.9500000;0.9500000;
5.2810000;0.9500000;0.9500000;
5.2820000;0.9500000;0.9500000;
5.2830000;0.9500000;0.9500000;
5.2840000;0.9500000;0.9500000;
5.2850000;0.9500000;0.9500000;
5.2860000;0.9500000;0.9500000;
5.2870000;0.9500000;0.9500000;
5.2880000;0.9500000;0.9500000;
5.2890000;0.9500000;0.9500000;
5.2900000;0.9500000;0.9500000;
5.2910000;0.9500000;0.9500000;
5.2920000;0.9500000;0.9500000;
5.2930000;0.9500000;0.9500000;
5.2940000;0.9500000;0.9500000;
5.2950000;0.9500000;0.9500000;
5.2960000;0.9500000;0.9500000;
5.2970000;0.9500000;0.9500000;
5.2980000;0.9500000;0.9500000;
5.2990000;0.9500000;0.9500000;
5.3000000;0.9500000;0.9500000;
5.3010000;0.9500000;0.9500000;
5.3020000;0.9500000;0.9500000;
5.3030000;0.9500000;0.9500000;
5.3040000;0.9500000;0.9500000;
5.3050000;0.9500000;0.9500000;
5.3060000;0.9500000;0.9500000;
5.3070000;0.9500000;0.9500000;
5.3080000;0.9500000;0.9500000;
5.3090000;0.9500000;0.9500000;
5.3100000;0.9500000;0.9500000;
5.3110000;0.9500000;0.9500000;
5.3120000;0.9500000;0.9500000;
5.3130000;0.9500000;0.9500000;
5.3140000;0.9500000;0.9500000;
5.3150000;0.9500000;0.9500000;
5.3160000;0.9500000;0.9500000;
5.3170000;0.9500000;0.9500000;
5.3180000;0.9500000;0.9500000;
5.3190000;0.9500000;0.9500000;
5.3200000;0.9500000;0.9500000;
5.3210000;0.9500000;0.9500000;
5.3220000;0.9500000;0.9500000;
5.3230000;0.9500000;0.9500000;
5.3240000;0.9500000;0.9500000;
5.3250000;0.9500000;0.9500000;
5.3260000;0.9500000;0.9500000;
5.3270000;0.9500000;0.9500000;
5.3280000;0.9500000;0.9500000;
5.3290000;0.9500000;0.9500000;
5.3300000;0.9500000;0.9500000;
5.3310000;0.9500000;0.9500000;
5.3320000;0.9500000;0.9500000;
5.3330000;0.9500000;0.9500000;
5.3340000;0.9500000;0.9500000;
5.3350000;0.9500000;0.9500000;
5.3360000;0.9500000;0.9500000;
5.3370000;0.9500000;0.9500000;
5.3380000;0.9500000;0.9500000;
5.3390000;0.9500000;0.9500000;
5.3400000;0.9500000;0.9500000;
5.3410000;0.9500000;0.9500000;
5.3420000;0.9500000;0.9500000;
5.3430000;0.9500000;0.9500000;
5.3440000;0.9500000;0.9500000;
5.3450000;0.9500000;0.9500000;
5.3460000;0.9500000;0.9500000;
5.3470000;0.9500000;0.9500000;
5.3480000;0.9500000;0.9500000;
5.3490000;0.9500000;0.9500000;
5.3500000;0.9500000;0.9500000;
5.3510000;0.9500000;0.9500000;
5.3520000;0.9500000;0.9500000;
5.3530000;0.9500000;0.9500000;
5.3540000;0.9500000;0.9500000;
5.3550000;0.9500000;0.9500000;
5.3560000;0.9500000;0.9500000;
5.3570000;0.9500000;0.9500000;
5.3580000;0.9500000;0.9500000;
5.3590000;0.9500000;0.9500000;
5.3600000;0.9500000;0.9500000;
5.3610000;0.9500000;0.9500000;
5.3620000;0.9500000;0.9500000;
5.3630000;0.9500000;0.9500000;
5.3640000;0.9500000;0.9500000;
5.3650000;0.9500000;0.9500000;
5.3660000;0.9500000;0.9500000;
5.3670000;0.9500000;0.9500000;
5.3680000;0.9500000;0.9500000;
5.3690000;0.9500000;0.9500000;
5.3700000;0.9500000;0.9500000;
5.3710000;0.9500000;0.9500000;
5.3720000;0.9500000;0.9500000;
5.3730000;0.9500000;0.9500000;
5.3740000;0.9500000;0.9500000;
5.3750000;0.9500000;0.9500000;
5.3760000;0.9500000;0.9500000;
5.3770000;0.9500000;0.9500000;
5.3780000;0.9500000;0.9500000;
5.3790000;0.9500000;0.9500000;
5.3800000;0.9500000;0.9500000;
5.3810000;0.9500000;0.9500000;
5.3820000;0.9500000;0.9500000;
5.3830000;0.9500000;0.9500000;
5.3840000;0.9500000;0.9500000;
5.3850000;0.9500000;0.9500000;
5.3860000;0.9500000;0.9500000;
5.3870000;0.9500000;0.9500000;
5.3880000;0.9500000;0.9500000;
5.3890000;0.9500000;0.9500000;
5.3900000;0.9500000;0.9500000;
5.3910000;0.9500000;0.9500000;
5.3920000;0.9500000;0.9500000;
5.3930000;0.9500000;0.9500000;
5.3940000;0.9500000;0.9500000;
5.3950000;0.9500000;0.9500000;
5.3960000;0.9500000;0.9500000;
5.3970000;0.9500000;0.9500000;
5.3980000;0.9500000;0.9500000;
5.3990000;0.9500000;0.9500000;
5.4000000;0.9500000;0.9500000;
5.4010000;0.9500000;0.9500000;
5.4020000;0.9500000;0.9500000;
5.4030000;0.9500000;0.9500000;
5.4040000;0.9500000;0.9500000;
5.4050000;0.9500000;0.9500000;
5.4060000;0.9500000;0.9500000;
5.4070000;0.9500000;0.9500000;
5.4080000;0.9500000;0.9500000;
5.4090000;0.9500000;0.9500000;
5.4100000;0.9500000;0.9500000;
5.4110000;0.9500000;0.9500000;
5.4120000;0.9500000;0.9500000;
5.4130000;0.9500000;0.9500000;
5.4140000;0.9500000;0.9500000;
5.4150000;0.9500000;0.9500000;
5.4160000;0.9500000;0.9500000;
5.4170000;0.9500000;0.9500000;
5.4180000;0.9500000;0.9500000;
5.4190000;0.9500000;0.9500000;
5.4200000;0.9500000;0.9500000;
5.4210000;0.9500000;0.9500000;
5.4220000;0.9500000;0.9500000;
5.4230000;0.9500000;0.9500000;
5.4240000;0.9500000;0.9500000;
5.4250000;0.9500000;0.9500000;
5.4260000;0.9500000;0.9500000;
5.4270000;0.9500000;0.9500000;
5.4280000;0.9500000;0.9500000;
5.4290000;0.9500000;0.9500000;
5.4300000;0.9500000;0.9500000;
5.4310000;0.9500000;0.9500000;
5.4320000;0.9500000;0.9500000;
5.4330000;0.9500000;0.9500000;
5.4340000;0.9500000;0.9500000;
5.4350000;0.9500000;0.9500000;
5.4360000;0.9500000;0.9500000;
5.4370000;0.9500000;0.9500000;
5.4380000;0.9500000;0.9500000;
5.4390000;0.9500000;0.9500000;
5.4400000;0.9500000;0.9500000;
5.4410000;0.9500000;0.9500000;
5.4420000;0.9500000;0.9500000;
5.4430000;0.9500000;0.9500000;
5.4440000;0.9500000;0.9500000;
5.4450000;0.9500000;0.9500000;
5.4460000;0.9500000;0.9500000;
5.4470000;0.9500000;0.9500000;
5.4480000;0.9500000;0.9500000;
5.4490000;0.9500000;0.9500000;
5.4500000;0.9500000;0.9500000;
5.4510000;0.9500000;0.9500000;
5.4520000;0.9500000;0.9500000;
5.4530000;0.9500000;0.9500000;
5.4540000;0.9500000;0.9500000;
5.4550000;0.9500000;0.9500000;
5.4560000;0.9500000;0.9500000;
5.4570000;0.9500000;0.9500000;
5.4580000;0.9500000;0.9500000;
5.4590000;0.9500000;0.9500000;
5.4600000;0.9500000;0.9500000;
5.4610000;0.9500000;0.9500000;
5.4620000;0.9500000;0.9500000;
5.4630000;0.9500000;0.9500000;
5.4640000;0.9500000;0.9500000;
5.4650000;0.9500000;0.9500000;
5.4660000;0.9500000;0.9500000;
5.4670000;0.9500000;0.9500000;
5.4680000;0.9500000;0.9500000;
5.4690000;0.9500000;0.9500000;
5.4700000;0.9500000;0.9500000;
5.4710000;0.9500000;0.9500000;
5.4720000;0.9500000;0.9500000;
5.4730000;0.9500000;0.9500000;
5.4740000;0.9500000;0.9500000;
5.4750000;0.9500000;0.9500000;
5.4760000;0.9500000;0.9500000;
5.4770000;0.9500000;0.9500000;
5.4780000;0.9500000;0.9500000;
5.4790000;0.9500000;0.9500000;
5.4800000;0.9500000;0.9500000;
5.4810000;0.9500000;0.9500000;
5.4820000;0.9500000;0.9500000;
5.4830000;0.9500000;0.9500000;
5.4840000;0.9500000;0.9500000;
5.4850000;0.9500000;0.9500000;
5.4860000;0.9500000;0.9500000;
5.4870000;0.9500000;0.9500000;
5.4880000;0.9500000;0.9500000;
5.4890000;0.9500000;0.9500000;
5.4900000;0.9500000;0.9500000;
5.4910000;0.9500000;0.9500000;
5.4920000;0.9500000;0.9500000;
5.4930000;0.9500000;0.9500000;
5.4940000;0.9500000;0.9500000;
5.4950000;0.9500000;0.9500000;
5.4960000;0.9500000;0.9500000;
5.4970000;0.9500000;0.9500000;
5.4980000;0.9500000;0.9500000;
5.4990000;0.9500000;0.9500000;
5.5000000;0.9500000;0.9500000;
5.5010000;0.9500000;0.9500000;
5.5020000;0.9500000;0.9500000;
5.5030000;0.9500000;0.9500000;
5.5040000;0.9500000;0.9500000;
5.5050000;0.9500000;0.9500000;
5.5060000;0.9500000;0.9500000;
5.5070000;0.9500000;0.9500000;
5.5080000;0.9500000;0.9500000;
5.5090000;0.9500000;0.9500000;
5.5100000;0.9500000;0.9500000;
5.5110000;0.9500000;0.9500000;
5.5120000;0.9500000;0.9500000;
5.5130000;0.9500000;0.9500000;
5.5140000;0.9500000;0.9500000;
5.5150000;0.9500000;0.9500000;
5.5160000;0.9500000;0.9500000;
5.5170000;0.9500000;0.9500000;
5.5180000;0.9500000;0.9500000;
5.5190000;0.9500000;0.9500000;
5.5200000;0.9500000;0.9500000;
5.5210000;0.9500000;0.9500000;
5.5220000;0.9500000;0.9500000;
5.5230000;0.9500000;0.9500000;
5.5240000;0.9500000;0.9500000;
5.5250000;0.9500000;0.9500000;
5.5260000;0.9500000;0.9500000;
5.5270000;0.9500000;0.9500000;
5.5280000;0.9500000;0.9500000;
5.5290000;0.9500000;0.9500000;
5.5300000;0.9500000;0.9500000;
5.5310000;0.9500000;0.9500000;
5.5320000;0.9500000;0.9500000;
5.5330000;0.9500000;0.9500000;
5.5340000;0.9500000;0.9500000;
5.5350000;0.9500000;0.9500000;
5.5360000;0.9500000;0.9500000;
5.5370000;0.9500000;0.9500000;
5.5380000;0.9500000;0.9500000;
5.5390000;0.9500000;0.9500000;
5.5400000;0.9500000;0.9500000;
5.5410000;0.9500000;0.9500000;
5.5420000;0.9500000;0.9500000;
5.5430000;0.9500000;0.9500000;
5.5440000;0.9500000;0.9500000;
5.5450000;0.9500000;0.9500000;
5.5460000;0.9500000;0.9500000;
5.5470000;0.9500000;0.9500000;
5.5480000;0.9500000;0.9500000;
5.5490000;0.9500000;0.9500000;
5.5500000;0.9500000;0.9500000;
5.5510000;0.9500000;0.9500000;
5.5520000;0.9500000;0.9500000;
5.5530000;0.9500000;0.9500000;
5.5540000;0.9500000;0.9500000;
5.5550000;0.9500000;0.9500000;
5.5560000;0.9500000;0.9500000;
5.5570000;0.9500000;0.9500000;
5.5580000;0.9500000;0.9500000;
5.5590000;0.9500000;0.9500000;
5.5600000;0.9500000;0.9500000;
5.5610000;0.9500000;0.9500000;
5.5620000;0.9500000;0.9500000;
5.5630000;0.9500000;0.9500000;
5.5640000;0.9500000;0.9500000;
5.5650000;0.9500000;0.9500000;
5.5660000;0.9500000;0.9500000;
5.5670000;0.9500000;0.9500000;
5.5680000;0.9500000;0.9500000;
5.5690000;0.9500000;0.9500000;
5.5700000;0.9500000;0.9500000;
5.5710000;0.9500000;0.9500000;
5.5720000;0.9500000;0.9500000;
5.5730000;0.9500000;0.9500000;
5.5740000;0.9500000;0.9500000;
5.5750000;0.9500000;0.9500000;
5.5760000;0.9500000;0.9500000;
5.5770000;0.9500000;0.9500000;
5.5780000;0.9500000;0.9500000;
5.5790000;0.9500000;0.9500000;
5.5800000;0.9500000;0.9500000;
5.5810000;0.9500000;0.9500000;
5.5820000;0.9500000;0.9500000;
5.5830000;0.9500000;0.9500000;
5.5840000;0.9500000;0.9500000;
5.5850000;0.9500000;0.9500000;
5.5860000;0.9500000;0.9500000;
5.5870000;0.9500000;0.9500000;
5.5880000;0.9500000;0.9500000;
5.5890000;0.9500000;0.9500000;
5.5900000;0.9500000;0.9500000;
5.5910000;0.9500000;0.9500000;
5.5920000;0.9500000;0.9500000;
5.5930000;0.9500000;0.9500000;
5.5940000;0.9500000;0.9500000;
5.5950000;0.9500000;0.9500000;
5.5960000;0.9500000;0.9500000;
5.5970000;0.9500000;0.9500000;
5.5980000;0.9500000;0.9500000;
5.5990000;0.9500000;0.9500000;
5.6000000;0.9500000;0.9500000;
5.6010000;0.9500000;0.9500000;
5.6020000;0.9500000;0.9500000;
5.6030000;0.9500000;0.9500000;
5.6040000;0.9500000;0.9500000;
5.6050000;0.9500000;0.9500000;
5.6060000;0.9500000;0.9500000;
5.6070000;0.9500000;0.9500000;
5.6080000;0.9500000;0.9500000;
5.6090000;0.9500000;0.9500000;
5.6100000;0.9500000;0.9500000;
5.6110000;0.9500000;0.9500000;
5.6120000;0.9500000;0.9500000;
5.6130000;0.9500000;0.9500000;
5.6140000;0.9500000;0.9500000;
5.6150000;0.9500000;0.9500000;
5.6160000;0.9500000;0.9500000;
5.6170000;0.9500000;0.9500000;
5.6180000;0.9500000;0.9500000;
5.6190000;0.9500000;0.9500000;
5.6200000;0.9500000;0.9500000;
5.6210000;0.9500000;0.9500000;
5.6220000;0.9500000;0.9500000;
5.6230000;0.9500000;0.9500000;
5.6240000;0.9500000;0.9500000;
5.6250000;0.9500000;0.9500000;
5.6260000;0.9500000;0.9500000;
5.6270000;0.9500000;0.9500000;
5.6280000;0.9500000;0.9500000;
5.6290000;0.9500000;0.9500000;
5.6300000;0.9500000;0.9500000;
5.6310000;0.9500000;0.9500000;
5.6320000;0.9500000;0.9500000;
5.6330000;0.9500000;0.9500000;
5.6340000;0.9500000;0.9500000;
5.6350000;0.9500000;0.9500000;
5.6360000;0.9500000;0.9500000;
5.6370000;0.9500000;0.9500000;
5.6380000;0.9500000;0.9500000;
5.6390000;0.9500000;0.9500000;
5.6400000;0.9500000;0.9500000;
5.6410000;0.9500000;0.9500000;
5.6420000;0.9500000;0.9500000;
5.6430000;0.9500000;0.9500000;
5.6440000;0.9500000;0.9500000;
5.6450000;0.9500000;0.9500000;
5.6460000;0.9500000;0.9500000;
5.6470000;0.9500000;0.9500000;
5.6480000;0.9500000;0.9500000;
5.6490000;0.9500000;0.9500000;
5.6500000;0.9500000;0.9500000;
5.6510000;0.9500000;0.9500000;
5.6520000;0.9500000;0.9500000;
5.6530000;0.9500000;0.9500000;
5.6540000;0.9500000;0.9500000;
5.6550000;0.9500000;0.9500000;
5.6560000;0.9500000;0.9500000;
5.6570000;0.9500000;0.9500000;
5.6580000;0.9500000;0.9500000;
5.6590000;0.9500000;0.9500000;
5.6600000;0.9500000;0.9500000;
5.6610000;0.9500000;0.9500000;
5.6620000;0.9500000;0.9500000;
5.6630000;0.9500000;0.9500000;
5.6640000;0.9500000;0.9500000;
5.6650000;0.9500000;0.9500000;
5.6660000;0.9500000;0.9500000;
5.6670000;0.9500000;0.9500000;
5.6680000;0.9500000;0.9500000;
5.6690000;0.9500000;0.9500000;
5.6700000;0.9500000;0.9500000;
5.6710000;0.9500000;0.9500000;
5.6720000;0.9500000;0.9500000;
5.6730000;0.9500000;0.9500000;
5.6740000;0.9500000;0.9500000;
5.6750000;0.9500000;0.9500000;
5.6760000;0.9500000;0.9500000;
5.6770000;0.9500000;0.9500000;
5.6780000;0.9500000;0.9500000;
5.6790000;0.9500000;0.9500000;
5.6800000;0.9500000;0.9500000;
5.6810000;0.9500000;0.9500000;
5.6820000;0.9500000;0.9500000;
5.6830000;0.9500000;0.9500000;
5.6840000;0.9500000;0.9500000;
5.6850000;0.9500000;0.9500000;
5.6860000;0.9500000;0.9500000;
5.6870000;0.9500000;0.9500000;
5.6880000;0.9500000;0.9500000;
5.6890000;0.9500000;0.9500000;
5.6900000;0.9500000;0.9500000;
5.6910000;0.9500000;0.9500000;
5.6920000;0.9500000;0.9500000;
5.6930000;0.9500000;0.9500000;
5.6940000;0.9500000;0.9500000;
5.6950000;0.9500000;0.9500000;
5.6960000;0.9500000;0.9500000;
5.6970000;0.9500000;0.9500000;
5.6980000;0.9500000;0.9500000;
5.6990000;0.9500000;0.9500000;
5.7000000;0.9500000;0.9500000;
5.7010000;0.9500000;0.9500000;
5.7020000;0.9500000;0.9500000;
5.7030000;0.9500000;0.9500000;
5.7040000;0.9500000;0.9500000;
5.7050000;0.9500000;0.9500000;
5.7060000;0.9500000;0.9500000;
5.7070000;0.9500000;0.9500000;
5.7080000;0.9500000;0.9500000;
5.7090000;0.9500000;0.9500000;
5.7100000;0.9500000;0.9500000;
5.7110000;0.9500000;0.9500000;
5.7120000;0.9500000;0.9500000;
5.7130000;0.9500000;0.9500000;
5.7140000;0.9500000;0.9500000;
5.7150000;0.9500000;0.9500000;
5.7160000;0.9500000;0.9500000;
5.7170000;0.9500000;0.9500000;
5.7180000;0.9500000;0.9500000;
5.7190000;0.9500000;0.9500000;
5.7200000;0.9500000;0.9500000;
5.7210000;0.9500000;0.9500000;
5.7220000;0.9500000;0.9500000;
5.7230000;0.9500000;0.9500000;
5.7240000;0.9500000;0.9500000;
5.7250000;0.9500000;0.9500000;
5.7260000;0.9500000;0.9500000;
5.7270000;0.9500000;0.9500000;
5.7280000;0.9500000;0.9500000;
5.7290000;0.9500000;0.9500000;
5.7300000;0.9500000;0.9500000;
5.7310000;0.9500000;0.9500000;
5.7320000;0.9500000;0.9500000;
5.7330000;0.9500000;0.9500000;
5.7340000;0.9500000;0.9500000;
5.7350000;0.9500000;0.9500000;
5.7360000;0.9500000;0.9500000;
5.7370000;0.9500000;0.9500000;
5.7380000;0.9500000;0.9500000;
5.7390000;0.9500000;0.9500000;
5.7400000;0.9500000;0.9500000;
5.7410000;0.9500000;0.9500000;
5.7420000;0.9500000;0.9500000;
5.7430000;0.9500000;0.9500000;
5.7440000;0.9500000;0.9500000;
5.7450000;0.9500000;0.9500000;
5.7460000;0.9500000;0.9500000;
5.7470000;0.9500000;0.9500000;
5.7480000;0.9500000;0.9500000;
5.7490000;0.9500000;0.9500000;
5.7500000;0.9500000;0.9500000;
5.7510000;0.9500000;0.9500000;
5.7520000;0.9500000;0.9500000;
5.7530000;0.9500000;0.9500000;
5.7540000;0.9500000;0.9500000;
5.7550000;0.9500000;0.9500000;
5.7560000;0.9500000;0.9500000;
5.7570000;0.9500000;0.9500000;
5.7580000;0.9500000;0.9500000;
5.7590000;0.9500000;0.9500000;
5.7600000;0.9500000;0.9500000;
5.7610000;0.9500000;0.9500000;
5.7620000;0.9500000;0.9500000;
5.7630000;0.9500000;0.9500000;
5.7640000;0.9500000;0.9500000;
5.7650000;0.9500000;0.9500000;
5.7660000;0.9500000;0.9500000;
5.7670000;0.9500000;0.9500000;
5.7680000;0.9500000;0.9500000;
5.7690000;0.9500000;0.9500000;
5.7700000;0.9500000;0.9500000;
5.7710000;0.9500000;0.9500000;
5.7720000;0.9500000;0.9500000;
5.7730000;0.9500000;0.9500000;
5.7740000;0.9500000;0.9500000;
5.7750000;0.9500000;0.9500000;
5.7760000;0.9500000;0.9500000;
5.7770000;0.9500000;0.9500000;
5.7780000;0.9500000;0.9500000;
5.7790000;0.9500000;0.9500000;
5.7800000;0.9500000;0.9500000;
5.7810000;0.9500000;0.9500000;
5.7820000;0.9500000;0.9500000;
5.7830000;0.9500000;0.9500000;
5.7840000;0.9500000;0.9500000;
5.7850000;0.9500000;0.9500000;
5.7860000;0.9500000;0.9500000;
5.7870000;0.9500000;0.9500000;
5.7880000;0.9500000;0.9500000;
5.7890000;0.9500000;0.9500000;
5.7900000;0.9500000;0.9500000;
5.7910000;0.9500000;0.9500000;
5.7920000;0.9500000;0.9500000;
5.7930000;0.9500000;0.9500000;
5.7940000;0.9500000;0.9500000;
5.7950000;0.9500000;0.9500000;
5.7960000;0.9500000;0.9500000;
5.7970000;0.9500000;0.9500000;
5.7980000;0.9500000;0.9500000;
5.7990000;0.9500000;0.9500000;
5.8000000;0.9500000;0.9500000;
5.8010000;0.9500000;0.9500000;
5.8020000;0.9500000;0.9500000;
5.8030000;0.9500000;0.9500000;
5.8040000;0.9500000;0.9500000;
5.8050000;0.9500000;0.9500000;
5.8060000;0.9500000;0.9500000;
5.8070000;0.9500000;0.9500000;
5.8080000;0.9500000;0.9500000;
5.8090000;0.9500000;0.9500000;
5.8100000;0.9500000;0.9500000;
5.8110000;0.9500000;0.9500000;
5.8120000;0.9500000;0.9500000;
5.8130000;0.9500000;0.9500000;
5.8140000;0.9500000;0.9500000;
5.8150000;0.9500000;0.9500000;
5.8160000;0.9500000;0.9500000;
5.8170000;0.9500000;0.9500000;
5.8180000;0.9500000;0.9500000;
5.8190000;0.9500000;0.9500000;
5.8200000;0.9500000;0.9500000;
5.8210000;0.9500000;0.9500000;
5.8220000;0.9500000;0.9500000;
5.8230000;0.9500000;0.9500000;
5.8240000;0.9500000;0.9500000;
5.8250000;0.9500000;0.9500000;
5.8260000;0.9500000;0.9500000;
5.8270000;0.9500000;0.9500000;
5.8280000;0.9500000;0.9500000;
5.8290000;0.9500000;0.9500000;
5.8300000;0.9500000;0.9500000;
5.8310000;0.9500000;0.9500000;
5.8320000;0.9500000;0.9500000;
5.8330000;0.9500000;0.9500000;
5.8340000;0.9500000;0.9500000;
5.8350000;0.9500000;0.9500000;
5.8360000;0.9500000;0.9500000;
5.8370000;0.9500000;0.9500000;
5.8380000;0.9500000;0.9500000;
5.8390000;0.9500000;0.9500000;
5.8400000;0.9500000;0.9500000;
5.8410000;0.9500000;0.9500000;
5.8420000;0.9500000;0.9500000;
5.8430000;0.9500000;0.9500000;
5.8440000;0.9500000;0.9500000;
5.8450000;0.9500000;0.9500000;
5.8460000;0.9500000;0.9500000;
5.8470000;0.9500000;0.9500000;
5.8480000;0.9500000;0.9500000;
5.8490000;0.9500000;0.9500000;
5.8500000;0.9500000;0.9500000;
5.8510000;0.9500000;0.9500000;
5.8520000;0.9500000;0.9500000;
5.8530000;0.9500000;0.9500000;
5.8540000;0.9500000;0.9500000;
5.8550000;0.9500000;0.9500000;
5.8560000;0.9500000;0.9500000;
5.8570000;0.9500000;0.9500000;
5.8580000;0.9500000;0.9500000;
5.8590000;0.9500000;0.9500000;
5.8600000;0.9500000;0.9500000;
5.8610000;0.9500000;0.9500000;
5.8620000;0.9500000;0.9500000;
5.8630000;0.9500000;0.9500000;
5.8640000;0.9500000;0.9500000;
5.8650000;0.9500000;0.9500000;
5.8660000;0.9500000;0.9500000;
5.8670000;0.9500000;0.9500000;
5.8680000;0.9500000;0.9500000;
5.8690000;0.9500000;0.9500000;
5.8700000;0.9500000;0.9500000;
5.8710000;0.9500000;0.9500000;
5.8720000;0.9500000;0.9500000;
5.8730000;0.9500000;0.9500000;
5.8740000;0.9500000;0.9500000;
5.8750000;0.9500000;0.9500000;
5.8760000;0.9500000;0.9500000;
5.8770000;0.9500000;0.9500000;
5.8780000;0.9500000;0.9500000;
5.8790000;0.9500000;0.9500000;
5.8800000;0.9500000;0.9500000;
5.8810000;0.9500000;0.9500000;
5.8820000;0.9500000;0.9500000;
5.8830000;0.9500000;0.9500000;
5.8840000;0.9500000;0.9500000;
5.8850000;0.9500000;0.9500000;
5.8860000;0.9500000;0.9500000;
5.8870000;0.9500000;0.9500000;
5.8880000;0.9500000;0.9500000;
5.8890000;0.9500000;0.9500000;
5.8900000;0.9500000;0.9500000;
5.8910000;0.9500000;0.9500000;
5.8920000;0.9500000;0.9500000;
5.8930000;0.9500000;0.9500000;
5.8940000;0.9500000;0.9500000;
5.8950000;0.9500000;0.9500000;
5.8960000;0.9500000;0.9500000;
5.8970000;0.9500000;0.9500000;
5.8980000;0.9500000;0.9500000;
5.8990000;0.9500000;0.9500000;
5.9000000;0.9500000;0.9500000;
5.9010000;0.9500000;0.9500000;
5.9020000;0.9500000;0.9500000;
5.9030000;0.9500000;0.9500000;
5.9040000;0.9500000;0.9500000;
5.9050000;0.9500000;0.9500000;
5.9060000;0.9500000;0.9500000;
5.9070000;0.9500000;0.9500000;
5.9080000;0.9500000;0.9500000;
5.9090000;0.9500000;0.9500000;
5.9100000;0.9500000;0.9500000;
5.9110000;0.9500000;0.9500000;
5.9120000;0.9500000;0.9500000;
5.9130000;0.9500000;0.9500000;
5.9140000;0.9500000;0.9500000;
5.9150000;0.9500000;0.9500000;
5.9160000;0.9500000;0.9500000;
5.9170000;0.9500000;0.9500000;
5.9180000;0.9500000;0.9500000;
5.9190000;0.9500000;0.9500000;
5.9200000;0.9500000;0.9500000;
5.9210000;0.9500000;0.9500000;
5.9220000;0.9500000;0.9500000;
5.9230000;0.9500000;0.9500000;
5.9240000;0.9500000;0.9500000;
5.9250000;0.9500000;0.9500000;
5.9260000;0.9500000;0.9500000;
5.9270000;0.9500000;0.9500000;
5.9280000;0.9500000;0.9500000;
5.9290000;0.9500000;0.9500000;
5.9300000;0.9500000;0.9500000;
5.9310000;0.9500000;0.9500000;
5.9320000;0.9500000;0.9500000;
5.9330000;0.9500000;0.9500000;
5.9340000;0.9500000;0.9500000;
5.9350000;0.9500000;0.9500000;
5.9360000;0.9500000;0.9500000;
5.9370000;0.9500000;0.9500000;
5.9380000;0.9500000;0.9500000;
5.9390000;0.9500000;0.9500000;
5.9400000;0.9500000;0.9500000;
5.9410000;0.9500000;0.9500000;
5.9420000;0.9500000;0.9500000;
5.9430000;0.9500000;0.9500000;
5.9440000;0.9500000;0.9500000;
5.9450000;0.9500000;0.9500000;
5.9460000;0.9500000;0.9500000;
5.9470000;0.9500000;0.9500000;
5.9480000;0.9500000;0.9500000;
5.9490000;0.9500000;0.9500000;
5.9500000;0.9500000;0.9500000;
5.9510000;0.9500000;0.9500000;
5.9520000;0.9500000;0.9500000;
5.9530000;0.9500000;0.9500000;
5.9540000;0.9500000;0.9500000;
5.9550000;0.9500000;0.9500000;
5.9560000;0.9500000;0.9500000;
5.9570000;0.9500000;0.9500000;
5.9580000;0.9500000;0.9500000;
5.9590000;0.9500000;0.9500000;
5.9600000;0.9500000;0.9500000;
5.9610000;0.9500000;0.9500000;
5.9620000;0.9500000;0.9500000;
5.9630000;0.9500000;0.9500000;
5.9640000;0.9500000;0.9500000;
5.9650000;0.9500000;0.9500000;
5.9660000;0.9500000;0.9500000;
5.9670000;0.9500000;0.9500000;
5.9680000;0.9500000;0.9500000;
5.9690000;0.9500000;0.9500000;
5.9700000;0.9500000;0.9500000;
5.9710000;0.9500000;0.9500000;
5.9720000;0.9500000;0.9500000;
5.9730000;0.9500000;0.9500000;
5.9740000;0.9500000;0.9500000;
5.9750000;0.9500000;0.9500000;
5.9760000;0.9500000;0.9500000;
5.9770000;0.9500000;0.9500000;
5.9780000;0.9500000;0.9500000;
5.9790000;0.9500000;0.9500000;
5.9800000;0.9500000;0.9500000;
5.9810000;0.9500000;0.9500000;
5.9820000;0.9500000;0.9500000;
5.9830000;0.9500000;0.9500000;
5.9840000;0.9500000;0.9500000;
5.9850000;0.9500000;0.9500000;
5.9860000;0.9500000;0.9500000;
5.9870000;0.9500000;0.9500000;
5.9880000;0.9500000;0.9500000;
5.9890000;0.9500000;0.9500000;
5.9900000;0.9500000;0.9500000;
5.9910000;0.9500000;0.9500000;
5.9920000;0.9500000;0.9500000;
5.9930000;0.9500000;0.9500000;
5.9940000;0.9500000;0.9500000;
5.9950000;0.9500000;0.9500000;
5.9960000;0.9500000;0.9500000;
5.9970000;0.9500000;0.9500000;
5.9980000;0.9500000;0.9500000;
5.9990000;0.9500000;0.9500000;
6.0000000;0.9500000;0.9500000;
6.0010000;0.9500000;0.9500000;
6.0020000;0.9500000;0.9500000;
6.0030000;0.9500000;0.9500000;
6.0040000;0.9500000;0.9500000;
6.0050000;0.9500000;0.9500000;
6.0060000;0.9500000;0.9500000;
6.0070000;0.9500000;0.9500000;
6.0080000;0.9500000;0.9500000;
6.0090000;0.9500000;0.9500000;
6.0100000;0.9500000;0.9500000;
6.0110000;0.9500000;0.9500000;
6.0120000;0.9500000;0.9500000;
6.0130000;0.9500000;0.9500000;
6.0140000;0.9500000;0.9500000;
6.0150000;0.9500000;0.9500000;
6.0160000;0.9500000;0.9500000;
6.0170000;0.9500000;0.9500000;
6.0180000;0.9500000;0.9500000;
6.0190000;0.9500000;0.9500000;
6.0200000;0.9500000;0.9500000;
6.0210000;0.9500000;0.9500000;
6.0220000;0.9500000;0.9500000;
6.0230000;0.9500000;0.9500000;
6.0240000;0.9500000;0.9500000;
6.0250000;0.9500000;0.9500000;
6.0260000;0.9500000;0.9500000;
6.0270000;0.9500000;0.9500000;
6.0280000;0.9500000;0.9500000;
6.0290000;0.9500000;0.9500000;
6.0300000;0.9500000;0.9500000;
6.0310000;0.9500000;0.9500000;
6.0320000;0.9500000;0.9500000;
6.0330000;0.9500000;0.9500000;
6.0340000;0.9500000;0.9500000;
6.0350000;0.9500000;0.9500000;
6.0360000;0.9500000;0.9500000;
6.0370000;0.9500000;0.9500000;
6.0380000;0.9500000;0.9500000;
6.0390000;0.9500000;0.9500000;
6.0400000;0.9500000;0.9500000;
6.0410000;0.9500000;0.9500000;
6.0420000;0.9500000;0.9500000;
6.0430000;0.9500000;0.9500000;
6.0440000;0.9500000;0.9500000;
6.0450000;0.9500000;0.9500000;
6.0460000;0.9500000;0.9500000;
6.0470000;0.9500000;0.9500000;
6.0480000;0.9500000;0.9500000;
6.0490000;0.9500000;0.9500000;
6.0500000;0.9500000;0.9500000;
6.0510000;0.9500000;0.9500000;
6.0520000;0.9500000;0.9500000;
6.0530000;0.9500000;0.9500000;
6.0540000;0.9500000;0.9500000;
6.0550000;0.9500000;0.9500000;
6.0560000;0.9500000;0.9500000;
6.0570000;0.9500000;0.9500000;
6.0580000;0.9500000;0.9500000;
6.0590000;0.9500000;0.9500000;
6.0600000;0.9500000;0.9500000;
6.0610000;0.9500000;0.9500000;
6.0620000;0.9500000;0.9500000;
6.0630000;0.9500000;0.9500000;
6.0640000;0.9500000;0.9500000;
6.0650000;0.9500000;0.9500000;
6.0660000;0.9500000;0.9500000;
6.0670000;0.9500000;0.9500000;
6.0680000;0.9500000;0.9500000;
6.0690000;0.9500000;0.9500000;
6.0700000;0.9500000;0.9500000;
6.0710000;0.9500000;0.9500000;
6.0720000;0.9500000;0.9500000;
6.0730000;0.9500000;0.9500000;
6.0740000;0.9500000;0.9500000;
6.0750000;0.9500000;0.9500000;
6.0760000;0.9500000;0.9500000;
6.0770000;0.9500000;0.9500000;
6.0780000;0.9500000;0.9500000;
6.0790000;0.9500000;0.9500000;
6.0800000;0.9500000;0.9500000;
6.0810000;0.9500000;0.9500000;
6.0820000;0.9500000;0.9500000;
6.0830000;0.9500000;0.9500000;
6.0840000;0.9500000;0.9500000;
6.0850000;0.9500000;0.9500000;
6.0860000;0.9500000;0.9500000;
6.0870000;0.9500000;0.9500000;
6.0880000;0.9500000;0.9500000;
6.0890000;0.9500000;0.9500000;
6.0900000;0.9500000;0.9500000;
6.0910000;0.9500000;0.9500000;
6.0920000;0.9500000;0.9500000;
6.0930000;0.9500000;0.9500000;
6.0940000;0.9500000;0.9500000;
6.0950000;0.9500000;0.9500000;
6.0960000;0.9500000;0.9500000;
6.0970000;0.9500000;0.9500000;
6.0980000;0.9500000;0.9500000;
6.0990000;0.9500000;0.9500000;
6.1000000;0.9500000;0.9500000;
6.1010000;0.9500000;0.9500000;
6.1020000;0.9500000;0.9500000;
6.1030000;0.9500000;0.9500000;
6.1040000;0.9500000;0.9500000;
6.1050000;0.9500000;0.9500000;
6.1060000;0.9500000;0.9500000;
6.1070000;0.9500000;0.9500000;
6.1080000;0.9500000;0.9500000;
6.1090000;0.9500000;0.9500000;
6.1100000;0.9500000;0.9500000;
6.1110000;0.9500000;0.9500000;
6.1120000;0.9500000;0.9500000;
6.1130000;0.9500000;0.9500000;
6.1140000;0.9500000;0.9500000;
6.1150000;0.9500000;0.9500000;
6.1160000;0.9500000;0.9500000;
6.1170000;0.9500000;0.9500000;
6.1180000;0.9500000;0.9500000;
6.1190000;0.9500000;0.9500000;
6.1200000;0.9500000;0.9500000;
6.1210000;0.9500000;0.9500000;
6.1220000;0.9500000;0.9500000;
6.1230000;0.9500000;0.9500000;
6.1240000;0.9500000;0.9500000;
6.1250000;0.9500000;0.9500000;
6.1260000;0.9500000;0.9500000;
6.1270000;0.9500000;0.9500000;
6.1280000;0.9500000;0.9500000;
6.1290000;0.9500000;0.9500000;
6.1300000;0.9500000;0.9500000;
6.1310000;0.9500000;0.9500000;
6.1320000;0.9500000;0.9500000;
6.1330000;0.9500000;0.9500000;
6.1340000;0.9500000;0.9500000;
6.1350000;0.9500000;0.9500000;
6.1360000;0.9500000;0.9500000;
6.1370000;0.9500000;0.9500000;
6.1380000;0.9500000;0.9500000;
6.1390000;0.9500000;0.9500000;
6.1400000;0.9500000;0.9500000;
6.1410000;0.9500000;0.9500000;
6.1420000;0.9500000;0.9500000;
6.1430000;0.9500000;0.9500000;
6.1440000;0.9500000;0.9500000;
6.1450000;0.9500000;0.9500000;
6.1460000;0.9500000;0.9500000;
6.1470000;0.9500000;0.9500000;
6.1480000;0.9500000;0.9500000;
6.1490000;0.9500000;0.9500000;
6.1500000;0.9500000;0.9500000;
6.1510000;0.9500000;0.9500000;
6.1520000;0.9500000;0.9500000;
6.1530000;0.9500000;0.9500000;
6.1540000;0.9500000;0.9500000;
6.1550000;0.9500000;0.9500000;
6.1560000;0.9500000;0.9500000;
6.1570000;0.9500000;0.9500000;
6.1580000;0.9500000;0.9500000;
6.1590000;0.9500000;0.9500000;
6.1600000;0.9500000;0.9500000;
6.1610000;0.9500000;0.9500000;
6.1620000;0.9500000;0.9500000;
6.1630000;0.9500000;0.9500000;
6.1640000;0.9500000;0.9500000;
6.1650000;0.9500000;0.9500000;
6.1660000;0.9500000;0.9500000;
6.1670000;0.9500000;0.9500000;
6.1680000;0.9500000;0.9500000;
6.1690000;0.9500000;0.9500000;
6.1700000;0.9500000;0.9500000;
6.1710000;0.9500000;0.9500000;
6.1720000;0.9500000;0.9500000;
6.1730000;0.9500000;0.9500000;
6.1740000;0.9500000;0.9500000;
6.1750000;0.9500000;0.9500000;
6.1760000;0.9500000;0.9500000;
6.1770000;0.9500000;0.9500000;
6.1780000;0.9500000;0.9500000;
6.1790000;0.9500000;0.9500000;
6.1800000;0.9500000;0.9500000;
6.1810000;0.9500000;0.9500000;
6.1820000;0.9500000;0.9500000;
6.1830000;0.9500000;0.9500000;
6.1840000;0.9500000;0.9500000;
6.1850000;0.9500000;0.9500000;
6.1860000;0.9500000;0.9500000;
6.1870000;0.9500000;0.9500000;
6.1880000;0.9500000;0.9500000;
6.1890000;0.9500000;0.9500000;
6.1900000;0.9500000;0.9500000;
6.1910000;0.9500000;0.9500000;
6.1920000;0.9500000;0.9500000;
6.1930000;0.9500000;0.9500000;
6.1940000;0.9500000;0.9500000;
6.1950000;0.9500000;0.9500000;
6.1960000;0.9500000;0.9500000;
6.1970000;0.9500000;0.9500000;
6.1980000;0.9500000;0.9500000;
6.1990000;0.9500000;0.9500000;
6.2000000;0.9500000;0.9500000;
6.2010000;0.9500000;0.9500000;
6.2020000;0.9500000;0.9500000;
6.2030000;0.9500000;0.9500000;
6.2040000;0.9500000;0.9500000;
6.2050000;0.9500000;0.9500000;
6.2060000;0.9500000;0.9500000;
6.2070000;0.9500000;0.9500000;
6.2080000;0.9500000;0.9500000;
6.2090000;0.9500000;0.9500000;
6.2100000;0.9500000;0.9500000;
6.2110000;0.9500000;0.9500000;
6.2120000;0.9500000;0.9500000;
6.2130000;0.9500000;0.9500000;
6.2140000;0.9500000;0.9500000;
6.2150000;0.9500000;0.9500000;
6.2160000;0.9500000;0.9500000;
6.2170000;0.9500000;0.9500000;
6.2180000;0.9500000;0.9500000;
6.2190000;0.9500000;0.9500000;
6.2200000;0.9500000;0.9500000;
6.2210000;0.9500000;0.9500000;
6.2220000;0.9500000;0.9500000;
6.2230000;0.9500000;0.9500000;
6.2240000;0.9500000;0.9500000;
6.2250000;0.9500000;0.9500000;
6.2260000;0.9500000;0.9500000;
6.2270000;0.9500000;0.9500000;
6.2280000;0.9500000;0.9500000;
6.2290000;0.9500000;0.9500000;
6.2300000;0.9500000;0.9500000;
6.2310000;0.9500000;0.9500000;
6.2320000;0.9500000;0.9500000;
6.2330000;0.9500000;0.9500000;
6.2340000;0.9500000;0.9500000;
6.2350000;0.9500000;0.9500000;
6.2360000;0.9500000;0.9500000;
6.2370000;0.9500000;0.9500000;
6.2380000;0.9500000;0.9500000;
6.2390000;0.9500000;0.9500000;
6.2400000;0.9500000;0.9500000;
6.2410000;0.9500000;0.9500000;
6.2420000;0.9500000;0.9500000;
6.2430000;0.9500000;0.9500000;
6.2440000;0.9500000;0.9500000;
6.2450000;0.9500000;0.9500000;
6.2460000;0.9500000;0.9500000;
6.2470000;0.9500000;0.9500000;
6.2480000;0.9500000;0.9500000;
6.2490000;0.9500000;0.9500000;
6.2500000;0.9500000;0.9500000;
6.2510000;0.9500000;0.9500000;
6.2520000;0.9500000;0.9500000;
6.2530000;0.9500000;0.9500000;
6.2540000;0.9500000;0.9500000;
6.2550000;0.9500000;0.9500000;
6.2560000;0.9500000;0.9500000;
6.2570000;0.9500000;0.9500000;
6.2580000;0.9500000;0.9500000;
6.2590000;0.9500000;0.9500000;
6.2600000;0.9500000;0.9500000;
6.2610000;0.9500000;0.9500000;
6.2620000;0.9500000;0.9500000;
6.2630000;0.9500000;0.9500000;
6.2640000;0.9500000;0.9500000;
6.2650000;0.9500000;0.9500000;
6.2660000;0.9500000;0.9500000;
6.2670000;0.9500000;0.9500000;
6.2680000;0.9500000;0.9500000;
6.2690000;0.9500000;0.9500000;
6.2700000;0.9500000;0.9500000;
6.2710000;0.9500000;0.9500000;
6.2720000;0.9500000;0.9500000;
6.2730000;0.9500000;0.9500000;
6.2740000;0.9500000;0.9500000;
6.2750000;0.9500000;0.9500000;
6.2760000;0.9500000;0.9500000;
6.2770000;0.9500000;0.9500000;
6.2780000;0.9500000;0.9500000;
6.2790000;0.9500000;0.9500000;
6.2800000;0.9500000;0.9500000;
6.2810000;0.9500000;0.9500000;
6.2820000;0.9500000;0.9500000;
6.2830000;0.9500000;0.9500000;
6.2840000;0.9500000;0.9500000;
6.2850000;0.9500000;0.9500000;
6.2860000;0.9500000;0.9500000;
6.2870000;0.9500000;0.9500000;
6.2880000;0.9500000;0.9500000;
6.2890000;0.9500000;0.9500000;
6.2900000;0.9500000;0.9500000;
6.2910000;0.9500000;0.9500000;
6.2920000;0.9500000;0.9500000;
6.2930000;0.9500000;0.9500000;
6.2940000;0.9500000;0.9500000;
6.2950000;0.9500000;0.9500000;
6.2960000;0.9500000;0.9500000;
6.2970000;0.9500000;0.9500000;
6.2980000;0.9500000;0.9500000;
6.2990000;0.9500000;0.9500000;
6.3000000;0.9500000;0.9500000;
6.3010000;0.9500000;0.9500000;
6.3020000;0.9500000;0.9500000;
6.3030000;0.9500000;0.9500000;
6.3040000;0.9500000;0.9500000;
6.3050000;0.9500000;0.9500000;
6.3060000;0.9500000;0.9500000;
6.3070000;0.9500000;0.9500000;
6.3080000;0.9500000;0.9500000;
6.3090000;0.9500000;0.9500000;
6.3100000;0.9500000;0.9500000;
6.3110000;0.9500000;0.9500000;
6.3120000;0.9500000;0.9500000;
6.3130000;0.9500000;0.9500000;
6.3140000;0.9500000;0.9500000;
6.3150000;0.9500000;0.9500000;
6.3160000;0.9500000;0.9500000;
6.3170000;0.9500000;0.9500000;
6.3180000;0.9500000;0.9500000;
6.3190000;0.9500000;0.9500000;
6.3200000;0.9500000;0.9500000;
6.3210000;0.9500000;0.9500000;
6.3220000;0.9500000;0.9500000;
6.3230000;0.9500000;0.9500000;
6.3240000;0.9500000;0.9500000;
6.3250000;0.9500000;0.9500000;
6.3260000;0.9500000;0.9500000;
6.3270000;0.9500000;0.9500000;
6.3280000;0.9500000;0.9500000;
6.3290000;0.9500000;0.9500000;
6.3300000;0.9500000;0.9500000;
6.3310000;0.9500000;0.9500000;
6.3320000;0.9500000;0.9500000;
6.3330000;0.9500000;0.9500000;
6.3340000;0.9500000;0.9500000;
6.3350000;0.9500000;0.9500000;
6.3360000;0.9500000;0.9500000;
6.3370000;0.9500000;0.9500000;
6.3380000;0.9500000;0.9500000;
6.3390000;0.9500000;0.9500000;
6.3400000;0.9500000;0.9500000;
6.3410000;0.9500000;0.9500000;
6.3420000;0.9500000;0.9500000;
6.3430000;0.9500000;0.9500000;
6.3440000;0.9500000;0.9500000;
6.3450000;0.9500000;0.9500000;
6.3460000;0.9500000;0.9500000;
6.3470000;0.9500000;0.9500000;
6.3480000;0.9500000;0.9500000;
6.3490000;0.9500000;0.9500000;
6.3500000;0.9500000;0.9500000;
6.3510000;0.9500000;0.9500000;
6.3520000;0.9500000;0.9500000;
6.3530000;0.9500000;0.9500000;
6.3540000;0.9500000;0.9500000;
6.3550000;0.9500000;0.9500000;
6.3560000;0.9500000;0.9500000;
6.3570000;0.9500000;0.9500000;
6.3580000;0.9500000;0.9500000;
6.3590000;0.9500000;0.9500000;
6.3600000;0.9500000;0.9500000;
6.3610000;0.9500000;0.9500000;
6.3620000;0.9500000;0.9500000;
6.3630000;0.9500000;0.9500000;
6.3640000;0.9500000;0.9500000;
6.3650000;0.9500000;0.9500000;
6.3660000;0.9500000;0.9500000;
6.3670000;0.9500000;0.9500000;
6.3680000;0.9500000;0.9500000;
6.3690000;0.9500000;0.9500000;
6.3700000;0.9500000;0.9500000;
6.3710000;0.9500000;0.9500000;
6.3720000;0.9500000;0.9500000;
6.3730000;0.9500000;0.9500000;
6.3740000;0.9500000;0.9500000;
6.3750000;0.9500000;0.9500000;
6.3760000;0.9500000;0.9500000;
6.3770000;0.9500000;0.9500000;
6.3780000;0.9500000;0.9500000;
6.3790000;0.9500000;0.9500000;
6.3800000;0.9500000;0.9500000;
6.3810000;0.9500000;0.9500000;
6.3820000;0.9500000;0.9500000;
6.3830000;0.9500000;0.9500000;
6.3840000;0.9500000;0.9500000;
6.3850000;0.9500000;0.9500000;
6.3860000;0.9500000;0.9500000;
6.3870000;0.9500000;0.9500000;
6.3880000;0.9500000;0.9500000;
6.3890000;0.9500000;0.9500000;
6.3900000;0.9500000;0.9500000;
6.3910000;0.9500000;0.9500000;
6.3920000;0.9500000;0.9500000;
6.3930000;0.9500000;0.9500000;
6.3940000;0.9500000;0.9500000;
6.3950000;0.9500000;0.9500000;
6.3960000;0.9500000;0.9500000;
6.3970000;0.9500000;0.9500000;
6.3980000;0.9500000;0.9500000;
6.3990000;0.9500000;0.9500000;
6.4000000;0.9500000;0.9500000;
6.4010000;0.9500000;0.9500000;
6.4020000;0.9500000;0.9500000;
6.4030000;0.9500000;0.9500000;
6.4040000;0.9500000;0.9500000;
6.4050000;0.9500000;0.9500000;
6.4060000;0.9500000;0.9500000;
6.4070000;0.9500000;0.9500000;
6.4080000;0.9500000;0.9500000;
6.4090000;0.9500000;0.9500000;
6.4100000;0.9500000;0.9500000;
6.4110000;0.9500000;0.9500000;
6.4120000;0.9500000;0.9500000;
6.4130000;0.9500000;0.9500000;
6.4140000;0.9500000;0.9500000;
6.4150000;0.9500000;0.9500000;
6.4160000;0.9500000;0.9500000;
6.4170000;0.9500000;0.9500000;
6.4180000;0.9500000;0.9500000;
6.4190000;0.9500000;0.9500000;
6.4200000;0.9500000;0.9500000;
6.4210000;0.9500000;0.9500000;
6.4220000;0.9500000;0.9500000;
6.4230000;0.9500000;0.9500000;
6.4240000;0.9500000;0.9500000;
6.4250000;0.9500000;0.9500000;
6.4260000;0.9500000;0.9500000;
6.4270000;0.9500000;0.9500000;
6.4280000;0.9500000;0.9500000;
6.4290000;0.9500000;0.9500000;
6.4300000;0.9500000;0.9500000;
6.4310000;0.9500000;0.9500000;
6.4320000;0.9500000;0.9500000;
6.4330000;0.9500000;0.9500000;
6.4340000;0.9500000;0.9500000;
6.4350000;0.9500000;0.9500000;
6.4360000;0.9500000;0.9500000;
6.4370000;0.9500000;0.9500000;
6.4380000;0.9500000;0.9500000;
6.4390000;0.9500000;0.9500000;
6.4400000;0.9500000;0.9500000;
6.4410000;0.9500000;0.9500000;
6.4420000;0.9500000;0.9500000;
6.4430000;0.9500000;0.9500000;
6.4440000;0.9500000;0.9500000;
6.4450000;0.9500000;0.9500000;
6.4460000;0.9500000;0.9500000;
6.4470000;0.9500000;0.9500000;
6.4480000;0.9500000;0.9500000;
6.4490000;0.9500000;0.9500000;
6.4500000;0.9500000;0.9500000;
6.4510000;0.9500000;0.9500000;
6.4520000;0.9500000;0.9500000;
6.4530000;0.9500000;0.9500000;
6.4540000;0.9500000;0.9500000;
6.4550000;0.9500000;0.9500000;
6.4560000;0.9500000;0.9500000;
6.4570000;0.9500000;0.9500000;
6.4580000;0.9500000;0.9500000;
6.4590000;0.9500000;0.9500000;
6.4600000;0.9500000;0.9500000;
6.4610000;0.9500000;0.9500000;
6.4620000;0.9500000;0.9500000;
6.4630000;0.9500000;0.9500000;
6.4640000;0.9500000;0.9500000;
6.4650000;0.9500000;0.9500000;
6.4660000;0.9500000;0.9500000;
6.4670000;0.9500000;0.9500000;
6.4680000;0.9500000;0.9500000;
6.4690000;0.9500000;0.9500000;
6.4700000;0.9500000;0.9500000;
6.4710000;0.9500000;0.9500000;
6.4720000;0.9500000;0.9500000;
6.4730000;0.9500000;0.9500000;
6.4740000;0.9500000;0.9500000;
6.4750000;0.9500000;0.9500000;
6.4760000;0.9500000;0.9500000;
6.4770000;0.9500000;0.9500000;
6.4780000;0.9500000;0.9500000;
6.4790000;0.9500000;0.9500000;
6.4800000;0.9500000;0.9500000;
6.4810000;0.9500000;0.9500000;
6.4820000;0.9500000;0.9500000;
6.4830000;0.9500000;0.9500000;
6.4840000;0.9500000;0.9500000;
6.4850000;0.9500000;0.9500000;
6.4860000;0.9500000;0.9500000;
6.4870000;0.9500000;0.9500000;
6.4880000;0.9500000;0.9500000;
6.4890000;0.9500000;0.9500000;
6.4900000;0.9500000;0.9500000;
6.4910000;0.9500000;0.9500000;
6.4920000;0.9500000;0.9500000;
6.4930000;0.9500000;0.9500000;
6.4940000;0.9500000;0.9500000;
6.4950000;0.9500000;0.9500000;
6.4960000;0.9500000;0.9500000;
6.4970000;0.9500000;0.9500000;
6.4980000;0.9500000;0.9500000;
6.4990000;0.9500000;0.9500000;
6.5000000;0.9500000;0.9500000;
6.5010000;0.9500000;0.9500000;
6.5020000;0.9500000;0.9500000;
6.5030000;0.9500000;0.9500000;
6.5040000;0.9500000;0.9500000;
6.5050000;0.9500000;0.9500000;
6.5060000;0.9500000;0.9500000;
6.5070000;0.9500000;0.9500000;
6.5080000;0.9500000;0.9500000;
6.5090000;0.9500000;0.9500000;
6.5100000;0.9500000;0.9500000;
6.5110000;0.9500000;0.9500000;
6.5120000;0.9500000;0.9500000;
6.5130000;0.9500000;0.9500000;
6.5140000;0.9500000;0.9500000;
6.5150000;0.9500000;0.9500000;
6.5160000;0.9500000;0.9500000;
6.5170000;0.9500000;0.9500000;
6.5180000;0.9500000;0.9500000;
6.5190000;0.9500000;0.9500000;
6.5200000;0.9500000;0.9500000;
6.5210000;0.9500000;0.9500000;
6.5220000;0.9500000;0.9500000;
6.5230000;0.9500000;0.9500000;
6.5240000;0.9500000;0.9500000;
6.5250000;0.9500000;0.9500000;
6.5260000;0.9500000;0.9500000;
6.5270000;0.9500000;0.9500000;
6.5280000;0.9500000;0.9500000;
6.5290000;0.9500000;0.9500000;
6.5300000;0.9500000;0.9500000;
6.5310000;0.9500000;0.9500000;
6.5320000;0.9500000;0.9500000;
6.5330000;0.9500000;0.9500000;
6.5340000;0.9500000;0.9500000;
6.5350000;0.9500000;0.9500000;
6.5360000;0.9500000;0.9500000;
6.5370000;0.9500000;0.9500000;
6.5380000;0.9500000;0.9500000;
6.5390000;0.9500000;0.9500000;
6.5400000;0.9500000;0.9500000;
6.5410000;0.9500000;0.9500000;
6.5420000;0.9500000;0.9500000;
6.5430000;0.9500000;0.9500000;
6.5440000;0.9500000;0.9500000;
6.5450000;0.9500000;0.9500000;
6.5460000;0.9500000;0.9500000;
6.5470000;0.9500000;0.9500000;
6.5480000;0.9500000;0.9500000;
6.5490000;0.9500000;0.9500000;
6.5500000;0.9500000;0.9500000;
6.5510000;0.9500000;0.9500000;
6.5520000;0.9500000;0.9500000;
6.5530000;0.9500000;0.9500000;
6.5540000;0.9500000;0.9500000;
6.5550000;0.9500000;0.9500000;
6.5560000;0.9500000;0.9500000;
6.5570000;0.9500000;0.9500000;
6.5580000;0.9500000;0.9500000;
6.5590000;0.9500000;0.9500000;
6.5600000;0.9500000;0.9500000;
6.5610000;0.9500000;0.9500000;
6.5620000;0.9500000;0.9500000;
6.5630000;0.9500000;0.9500000;
6.5640000;0.9500000;0.9500000;
6.5650000;0.9500000;0.9500000;
6.5660000;0.9500000;0.9500000;
6.5670000;0.9500000;0.9500000;
6.5680000;0.9500000;0.9500000;
6.5690000;0.9500000;0.9500000;
6.5700000;0.9500000;0.9500000;
6.5710000;0.9500000;0.9500000;
6.5720000;0.9500000;0.9500000;
6.5730000;0.9500000;0.9500000;
6.5740000;0.9500000;0.9500000;
6.5750000;0.9500000;0.9500000;
6.5760000;0.9500000;0.9500000;
6.5770000;0.9500000;0.9500000;
6.5780000;0.9500000;0.9500000;
6.5790000;0.9500000;0.9500000;
6.5800000;0.9500000;0.9500000;
6.5810000;0.9500000;0.9500000;
6.5820000;0.9500000;0.9500000;
6.5830000;0.9500000;0.9500000;
6.5840000;0.9500000;0.9500000;
6.5850000;0.9500000;0.9500000;
6.5860000;0.9500000;0.9500000;
6.5870000;0.9500000;0.9500000;
6.5880000;0.9500000;0.9500000;
6.5890000;0.9500000;0.9500000;
6.5900000;0.9500000;0.9500000;
6.5910000;0.9500000;0.9500000;
6.5920000;0.9500000;0.9500000;
6.5930000;0.9500000;0.9500000;
6.5940000;0.9500000;0.9500000;
6.5950000;0.9500000;0.9500000;
6.5960000;0.9500000;0.9500000;
6.5970000;0.9500000;0.9500000;
6.5980000;0.9500000;0.9500000;
6.5990000;0.9500000;0.9500000;
6.6000000;0.9500000;0.9500000;
6.6010000;0.9500000;0.9500000;
6.6020000;0.9500000;0.9500000;
6.6030000;0.9500000;0.9500000;
6.6040000;0.9500000;0.9500000;
6.6050000;0.9500000;0.9500000;
6.6060000;0.9500000;0.9500000;
6.6070000;0.9500000;0.9500000;
6.6080000;0.9500000;0.9500000;
6.6090000;0.9500000;0.9500000;
6.6100000;0.9500000;0.9500000;
6.6110000;0.9500000;0.9500000;
6.6120000;0.9500000;0.9500000;
6.6130000;0.9500000;0.9500000;
6.6140000;0.9500000;0.9500000;
6.6150000;0.9500000;0.9500000;
6.6160000;0.9500000;0.9500000;
6.6170000;0.9500000;0.9500000;
6.6180000;0.9500000;0.9500000;
6.6190000;0.9500000;0.9500000;
6.6200000;0.9500000;0.9500000;
6.6210000;0.9500000;0.9500000;
6.6220000;0.9500000;0.9500000;
6.6230000;0.9500000;0.9500000;
6.6240000;0.9500000;0.9500000;
6.6250000;0.9500000;0.9500000;
6.6260000;0.9500000;0.9500000;
6.6270000;0.9500000;0.9500000;
6.6280000;0.9500000;0.9500000;
6.6290000;0.9500000;0.9500000;
6.6300000;0.9500000;0.9500000;
6.6310000;0.9500000;0.9500000;
6.6320000;0.9500000;0.9500000;
6.6330000;0.9500000;0.9500000;
6.6340000;0.9500000;0.9500000;
6.6350000;0.9500000;0.9500000;
6.6360000;0.9500000;0.9500000;
6.6370000;0.9500000;0.9500000;
6.6380000;0.9500000;0.9500000;
6.6390000;0.9500000;0.9500000;
6.6400000;0.9500000;0.9500000;
6.6410000;0.9500000;0.9500000;
6.6420000;0.9500000;0.9500000;
6.6430000;0.9500000;0.9500000;
6.6440000;0.9500000;0.9500000;
6.6450000;0.9500000;0.9500000;
6.6460000;0.9500000;0.9500000;
6.6470000;0.9500000;0.9500000;
6.6480000;0.9500000;0.9500000;
6.6490000;0.9500000;0.9500000;
6.6500000;0.9500000;0.9500000;
6.6510000;0.9500000;0.9500000;
6.6520000;0.9500000;0.9500000;
6.6530000;0.9500000;0.9500000;
6.6540000;0.9500000;0.9500000;
6.6550000;0.9500000;0.9500000;
6.6560000;0.9500000;0.9500000;
6.6570000;0.9500000;0.9500000;
6.6580000;0.9500000;0.9500000;
6.6590000;0.9500000;0.9500000;
6.6600000;0.9500000;0.9500000;
6.6610000;0.9500000;0.9500000;
6.6620000;0.9500000;0.9500000;
6.6630000;0.9500000;0.9500000;
6.6640000;0.9500000;0.9500000;
6.6650000;0.9500000;0.9500000;
6.6660000;0.9500000;0.9500000;
6.6670000;0.9500000;0.9500000;
6.6680000;0.9500000;0.9500000;
6.6690000;0.9500000;0.9500000;
6.6700000;0.9500000;0.9500000;
6.6710000;0.9500000;0.9500000;
6.6720000;0.9500000;0.9500000;
6.6730000;0.9500000;0.9500000;
6.6740000;0.9500000;0.9500000;
6.6750000;0.9500000;0.9500000;
6.6760000;0.9500000;0.9500000;
6.6770000;0.9500000;0.9500000;
6.6780000;0.9500000;0.9500000;
6.6790000;0.9500000;0.9500000;
6.6800000;0.9500000;0.9500000;
6.6810000;0.9500000;0.9500000;
6.6820000;0.9500000;0.9500000;
6.6830000;0.9500000;0.9500000;
6.6840000;0.9500000;0.9500000;
6.6850000;0.9500000;0.9500000;
6.6860000;0.9500000;0.9500000;
6.6870000;0.9500000;0.9500000;
6.6880000;0.9500000;0.9500000;
6.6890000;0.9500000;0.9500000;
6.6900000;0.9500000;0.9500000;
6.6910000;0.9500000;0.9500000;
6.6920000;0.9500000;0.9500000;
6.6930000;0.9500000;0.9500000;
6.6940000;0.9500000;0.9500000;
6.6950000;0.9500000;0.9500000;
6.6960000;0.9500000;0.9500000;
6.6970000;0.9500000;0.9500000;
6.6980000;0.9500000;0.9500000;
6.6990000;0.9500000;0.9500000;
6.7000000;0.9500000;0.9500000;
6.7010000;0.9500000;0.9500000;
6.7020000;0.9500000;0.9500000;
6.7030000;0.9500000;0.9500000;
6.7040000;0.9500000;0.9500000;
6.7050000;0.9500000;0.9500000;
6.7060000;0.9500000;0.9500000;
6.7070000;0.9500000;0.9500000;
6.7080000;0.9500000;0.9500000;
6.7090000;0.9500000;0.9500000;
6.7100000;0.9500000;0.9500000;
6.7110000;0.9500000;0.9500000;
6.7120000;0.9500000;0.9500000;
6.7130000;0.9500000;0.9500000;
6.7140000;0.9500000;0.9500000;
6.7150000;0.9500000;0.9500000;
6.7160000;0.9500000;0.9500000;
6.7170000;0.9500000;0.9500000;
6.7180000;0.9500000;0.9500000;
6.7190000;0.9500000;0.9500000;
6.7200000;0.9500000;0.9500000;
6.7210000;0.9500000;0.9500000;
6.7220000;0.9500000;0.9500000;
6.7230000;0.9500000;0.9500000;
6.7240000;0.9500000;0.9500000;
6.7250000;0.9500000;0.9500000;
6.7260000;0.9500000;0.9500000;
6.7270000;0.9500000;0.9500000;
6.7280000;0.9500000;0.9500000;
6.7290000;0.9500000;0.9500000;
6.7300000;0.9500000;0.9500000;
6.7310000;0.9500000;0.9500000;
6.7320000;0.9500000;0.9500000;
6.7330000;0.9500000;0.9500000;
6.7340000;0.9500000;0.9500000;
6.7350000;0.9500000;0.9500000;
6.7360000;0.9500000;0.9500000;
6.7370000;0.9500000;0.9500000;
6.7380000;0.9500000;0.9500000;
6.7390000;0.9500000;0.9500000;
6.7400000;0.9500000;0.9500000;
6.7410000;0.9500000;0.9500000;
6.7420000;0.9500000;0.9500000;
6.7430000;0.9500000;0.9500000;
6.7440000;0.9500000;0.9500000;
6.7450000;0.9500000;0.9500000;
6.7460000;0.9500000;0.9500000;
6.7470000;0.9500000;0.9500000;
6.7480000;0.9500000;0.9500000;
6.7490000;0.9500000;0.9500000;
6.7500000;0.9500000;0.9500000;
6.7510000;0.9500000;0.9500000;
6.7520000;0.9500000;0.9500000;
6.7530000;0.9500000;0.9500000;
6.7540000;0.9500000;0.9500000;
6.7550000;0.9500000;0.9500000;
6.7560000;0.9500000;0.9500000;
6.7570000;0.9500000;0.9500000;
6.7580000;0.9500000;0.9500000;
6.7590000;0.9500000;0.9500000;
6.7600000;0.9500000;0.9500000;
6.7610000;0.9500000;0.9500000;
6.7620000;0.9500000;0.9500000;
6.7630000;0.9500000;0.9500000;
6.7640000;0.9500000;0.9500000;
6.7650000;0.9500000;0.9500000;
6.7660000;0.9500000;0.9500000;
6.7670000;0.9500000;0.9500000;
6.7680000;0.9500000;0.9500000;
6.7690000;0.9500000;0.9500000;
6.7700000;0.9500000;0.9500000;
6.7710000;0.9500000;0.9500000;
6.7720000;0.9500000;0.9500000;
6.7730000;0.9500000;0.9500000;
6.7740000;0.9500000;0.9500000;
6.7750000;0.9500000;0.9500000;
6.7760000;0.9500000;0.9500000;
6.7770000;0.9500000;0.9500000;
6.7780000;0.9500000;0.9500000;
6.7790000;0.9500000;0.9500000;
6.7800000;0.9500000;0.9500000;
6.7810000;0.9500000;0.9500000;
6.7820000;0.9500000;0.9500000;
6.7830000;0.9500000;0.9500000;
6.7840000;0.9500000;0.9500000;
6.7850000;0.9500000;0.9500000;
6.7860000;0.9500000;0.9500000;
6.7870000;0.9500000;0.9500000;
6.7880000;0.9500000;0.9500000;
6.7890000;0.9500000;0.9500000;
6.7900000;0.9500000;0.9500000;
6.7910000;0.9500000;0.9500000;
6.7920000;0.9500000;0.9500000;
6.7930000;0.9500000;0.9500000;
6.7940000;0.9500000;0.9500000;
6.7950000;0.9500000;0.9500000;
6.7960000;0.9500000;0.9500000;
6.7970000;0.9500000;0.9500000;
6.7980000;0.9500000;0.9500000;
6.7990000;0.9500000;0.9500000;
6.8000000;0.9500000;0.9500000;
6.8010000;0.9500000;0.9500000;
6.8020000;0.9500000;0.9500000;
6.8030000;0.9500000;0.9500000;
6.8040000;0.9500000;0.9500000;
6.8050000;0.9500000;0.9500000;
6.8060000;0.9500000;0.9500000;
6.8070000;0.9500000;0.9500000;
6.8080000;0.9500000;0.9500000;
6.8090000;0.9500000;0.9500000;
6.8100000;0.9500000;0.9500000;
6.8110000;0.9500000;0.9500000;
6.8120000;0.9500000;0.9500000;
6.8130000;0.9500000;0.9500000;
6.8140000;0.9500000;0.9500000;
6.8150000;0.9500000;0.9500000;
6.8160000;0.9500000;0.9500000;
6.8170000;0.9500000;0.9500000;
6.8180000;0.9500000;0.9500000;
6.8190000;0.9500000;0.9500000;
6.8200000;0.9500000;0.9500000;
6.8210000;0.9500000;0.9500000;
6.8220000;0.9500000;0.9500000;
6.8230000;0.9500000;0.9500000;
6.8240000;0.9500000;0.9500000;
6.8250000;0.9500000;0.9500000;
6.8260000;0.9500000;0.9500000;
6.8270000;0.9500000;0.9500000;
6.8280000;0.9500000;0.9500000;
6.8290000;0.9500000;0.9500000;
6.8300000;0.9500000;0.9500000;
6.8310000;0.9500000;0.9500000;
6.8320000;0.9500000;0.9500000;
6.8330000;0.9500000;0.9500000;
6.8340000;0.9500000;0.9500000;
6.8350000;0.9500000;0.9500000;
6.8360000;0.9500000;0.9500000;
6.8370000;0.9500000;0.9500000;
6.8380000;0.9500000;0.9500000;
6.8390000;0.9500000;0.9500000;
6.8400000;0.9500000;0.9500000;
6.8410000;0.9500000;0.9500000;
6.8420000;0.9500000;0.9500000;
6.8430000;0.9500000;0.9500000;
6.8440000;0.9500000;0.9500000;
6.8450000;0.9500000;0.9500000;
6.8460000;0.9500000;0.9500000;
6.8470000;0.9500000;0.9500000;
6.8480000;0.9500000;0.9500000;
6.8490000;0.9500000;0.9500000;
6.8500000;0.9500000;0.9500000;
6.8510000;0.9500000;0.9500000;
6.8520000;0.9500000;0.9500000;
6.8530000;0.9500000;0.9500000;
6.8540000;0.9500000;0.9500000;
6.8550000;0.9500000;0.9500000;
6.8560000;0.9500000;0.9500000;
6.8570000;0.9500000;0.9500000;
6.8580000;0.9500000;0.9500000;
6.8590000;0.9500000;0.9500000;
6.8600000;0.9500000;0.9500000;
6.8610000;0.9500000;0.9500000;
6.8620000;0.9500000;0.9500000;
6.8630000;0.9500000;0.9500000;
6.8640000;0.9500000;0.9500000;
6.8650000;0.9500000;0.9500000;
6.8660000;0.9500000;0.9500000;
6.8670000;0.9500000;0.9500000;
6.8680000;0.9500000;0.9500000;
6.8690000;0.9500000;0.9500000;
6.8700000;0.9500000;0.9500000;
6.8710000;0.9500000;0.9500000;
6.8720000;0.9500000;0.9500000;
6.8730000;0.9500000;0.9500000;
6.8740000;0.9500000;0.9500000;
6.8750000;0.9500000;0.9500000;
6.8760000;0.9500000;0.9500000;
6.8770000;0.9500000;0.9500000;
6.8780000;0.9500000;0.9500000;
6.8790000;0.9500000;0.9500000;
6.8800000;0.9500000;0.9500000;
6.8810000;0.9500000;0.9500000;
6.8820000;0.9500000;0.9500000;
6.8830000;0.9500000;0.9500000;
6.8840000;0.9500000;0.9500000;
6.8850000;0.9500000;0.9500000;
6.8860000;0.9500000;0.9500000;
6.8870000;0.9500000;0.9500000;
6.8880000;0.9500000;0.9500000;
6.8890000;0.9500000;0.9500000;
6.8900000;0.9500000;0.9500000;
6.8910000;0.9500000;0.9500000;
6.8920000;0.9500000;0.9500000;
6.8930000;0.9500000;0.9500000;
6.8940000;0.9500000;0.9500000;
6.8950000;0.9500000;0.9500000;
6.8960000;0.9500000;0.9500000;
6.8970000;0.9500000;0.9500000;
6.8980000;0.9500000;0.9500000;
6.8990000;0.9500000;0.9500000;
6.9000000;0.9500000;0.9500000;
6.9010000;0.9500000;0.9500000;
6.9020000;0.9500000;0.9500000;
6.9030000;0.9500000;0.9500000;
6.9040000;0.9500000;0.9500000;
6.9050000;0.9500000;0.9500000;
6.9060000;0.9500000;0.9500000;
6.9070000;0.9500000;0.9500000;
6.9080000;0.9500000;0.9500000;
6.9090000;0.9500000;0.9500000;
6.9100000;0.9500000;0.9500000;
6.9110000;0.9500000;0.9500000;
6.9120000;0.9500000;0.9500000;
6.9130000;0.9500000;0.9500000;
6.9140000;0.9500000;0.9500000;
6.9150000;0.9500000;0.9500000;
6.9160000;0.9500000;0.9500000;
6.9170000;0.9500000;0.9500000;
6.9180000;0.9500000;0.9500000;
6.9190000;0.9500000;0.9500000;
6.9200000;0.9500000;0.9500000;
6.9210000;0.9500000;0.9500000;
6.9220000;0.9500000;0.9500000;
6.9230000;0.9500000;0.9500000;
6.9240000;0.9500000;0.9500000;
6.9250000;0.9500000;0.9500000;
6.9260000;0.9500000;0.9500000;
6.9270000;0.9500000;0.9500000;
6.9280000;0.9500000;0.9500000;
6.9290000;0.9500000;0.9500000;
6.9300000;0.9500000;0.9500000;
6.9310000;0.9500000;0.9500000;
6.9320000;0.9500000;0.9500000;
6.9330000;0.9500000;0.9500000;
6.9340000;0.9500000;0.9500000;
6.9350000;0.9500000;0.9500000;
6.9360000;0.9500000;0.9500000;
6.9370000;0.9500000;0.9500000;
6.9380000;0.9500000;0.9500000;
6.9390000;0.9500000;0.9500000;
6.9400000;0.9500000;0.9500000;
6.9410000;0.9500000;0.9500000;
6.9420000;0.9500000;0.9500000;
6.9430000;0.9500000;0.9500000;
6.9440000;0.9500000;0.9500000;
6.9450000;0.9500000;0.9500000;
6.9460000;0.9500000;0.9500000;
6.9470000;0.9500000;0.9500000;
6.9480000;0.9500000;0.9500000;
6.9490000;0.9500000;0.9500000;
6.9500000;0.9500000;0.9500000;
6.9510000;0.9500000;0.9500000;
6.9520000;0.9500000;0.9500000;
6.9530000;0.9500000;0.9500000;
6.9540000;0.9500000;0.9500000;
6.9550000;0.9500000;0.9500000;
6.9560000;0.9500000;0.9500000;
6.9570000;0.9500000;0.9500000;
6.9580000;0.9500000;0.9500000;
6.9590000;0.9500000;0.9500000;
6.9600000;0.9500000;0.9500000;
6.9610000;0.9500000;0.9500000;
6.9620000;0.9500000;0.9500000;
6.9630000;0.9500000;0.9500000;
6.9640000;0.9500000;0.9500000;
6.9650000;0.9500000;0.9500000;
6.9660000;0.9500000;0.9500000;
6.9670000;0.9500000;0.9500000;
6.9680000;0.9500000;0.9500000;
6.9690000;0.9500000;0.9500000;
6.9700000;0.9500000;0.9500000;
6.9710000;0.9500000;0.9500000;
6.9720000;0.9500000;0.9500000;
6.9730000;0.9500000;0.9500000;
6.9740000;0.9500000;0.9500000;
6.9750000;0.9500000;0.9500000;
6.9760000;0.9500000;0.9500000;
6.9770000;0.9500000;0.9500000;
6.9780000;0.9500000;0.9500000;
6.9790000;0.9500000;0.9500000;
6.9800000;0.9500000;0.9500000;
6.9810000;0.9500000;0.9500000;
6.9820000;0.9500000;0.9500000;
6.9830000;0.9500000;0.9500000;
6.9840000;0.9500000;0.9500000;
6.9850000;0.9500000;0.9500000;
6.9860000;0.9500000;0.9500000;
6.9870000;0.9500000;0.9500000;
6.9880000;0.9500000;0.9500000;
6.9890000;0.9500000;0.9500000;
6.9900000;0.9500000;0.9500000;
6.9910000;0.9500000;0.9500000;
6.9920000;0.9500000;0.9500000;
6.9930000;0.9500000;0.9500000;
6.9940000;0.9500000;0.9500000;
6.9950000;0.9500000;0.9500000;
6.9960000;0.9500000;0.9500000;
6.9970000;0.9500000;0.9500000;
6.9980000;0.9500000;0.9500000;
6.9990000;0.9500000;0.9500000;
7.0000000;0.9500000;0.9500000;
7.0010000;0.9500000;0.9500000;
7.0020000;0.9500000;0.9500000;
7.0030000;0.9500000;0.9500000;
7.0040000;0.9500000;0.9500000;
7.0050000;0.9500000;0.9500000;
7.0060000;0.9500000;0.9500000;
7.0070000;0.9500000;0.9500000;
7.0080000;0.9500000;0.9500000;
7.0090000;0.9500000;0.9500000;
7.0100000;0.9500000;0.9500000;
7.0110000;0.9500000;0.9500000;
7.0120000;0.9500000;0.9500000;
7.0130000;0.9500000;0.9500000;
7.0140000;0.9500000;0.9500000;
7.0150000;0.9500000;0.9500000;
7.0160000;0.9500000;0.9500000;
7.0170000;0.9500000;0.9500000;
7.0180000;0.9500000;0.9500000;
7.0190000;0.9500000;0.9500000;
7.0200000;0.9500000;0.9500000;
7.0210000;0.9500000;0.9500000;
7.0220000;0.9500000;0.9500000;
7.0230000;0.9500000;0.9500000;
7.0240000;0.9500000;0.9500000;
7.0250000;0.9500000;0.9500000;
7.0260000;0.9500000;0.9500000;
7.0270000;0.9500000;0.9500000;
7.0280000;0.9500000;0.9500000;
7.0290000;0.9500000;0.9500000;
7.0300000;0.9500000;0.9500000;
7.0310000;0.9500000;0.9500000;
7.0320000;0.9500000;0.9500000;
7.0330000;0.9500000;0.9500000;
7.0340000;0.9500000;0.9500000;
7.0350000;0.9500000;0.9500000;
7.0360000;0.9500000;0.9500000;
7.0370000;0.9500000;0.9500000;
7.0380000;0.9500000;0.9500000;
7.0390000;0.9500000;0.9500000;
7.0400000;0.9500000;0.9500000;
7.0410000;0.9500000;0.9500000;
7.0420000;0.9500000;0.9500000;
7.0430000;0.9500000;0.9500000;
7.0440000;0.9500000;0.9500000;
7.0450000;0.9500000;0.9500000;
7.0460000;0.9500000;0.9500000;
7.0470000;0.9500000;0.9500000;
7.0480000;0.9500000;0.9500000;
7.0490000;0.9500000;0.9500000;
7.0500000;0.9500000;0.9500000;
7.0510000;0.9500000;0.9500000;
7.0520000;0.9500000;0.9500000;
7.0530000;0.9500000;0.9500000;
7.0540000;0.9500000;0.9500000;
7.0550000;0.9500000;0.9500000;
7.0560000;0.9500000;0.9500000;
7.0570000;0.9500000;0.9500000;
7.0580000;0.9500000;0.9500000;
7.0590000;0.9500000;0.9500000;
7.0600000;0.9500000;0.9500000;
7.0610000;0.9500000;0.9500000;
7.0620000;0.9500000;0.9500000;
7.0630000;0.9500000;0.9500000;
7.0640000;0.9500000;0.9500000;
7.0650000;0.9500000;0.9500000;
7.0660000;0.9500000;0.9500000;
7.0670000;0.9500000;0.9500000;
7.0680000;0.9500000;0.9500000;
7.0690000;0.9500000;0.9500000;
7.0700000;0.9500000;0.9500000;
7.0710000;0.9500000;0.9500000;
7.0720000;0.9500000;0.9500000;
7.0730000;0.9500000;0.9500000;
7.0740000;0.9500000;0.9500000;
7.0750000;0.9500000;0.9500000;
7.0760000;0.9500000;0.9500000;
7.0770000;0.9500000;0.9500000;
7.0780000;0.9500000;0.9500000;
7.0790000;0.9500000;0.9500000;
7.0800000;0.9500000;0.9500000;
7.0810000;0.9500000;0.9500000;
7.0820000;0.9500000;0.9500000;
7.0830000;0.9500000;0.9500000;
7.0840000;0.9500000;0.9500000;
7.0850000;0.9500000;0.9500000;
7.0860000;0.9500000;0.9500000;
7.0870000;0.9500000;0.9500000;
7.0880000;0.9500000;0.9500000;
7.0890000;0.9500000;0.9500000;
7.0900000;0.9500000;0.9500000;
7.0910000;0.9500000;0.9500000;
7.0920000;0.9500000;0.9500000;
7.0930000;0.9500000;0.9500000;
7.0940000;0.9500000;0.9500000;
7.0950000;0.9500000;0.9500000;
7.0960000;0.9500000;0.9500000;
7.0970000;0.9500000;0.9500000;
7.0980000;0.9500000;0.9500000;
7.0990000;0.9500000;0.9500000;
7.1000000;0.9500000;0.9500000;
7.1010000;0.9500000;0.9500000;
7.1020000;0.9500000;0.9500000;
7.1030000;0.9500000;0.9500000;
7.1040000;0.9500000;0.9500000;
7.1050000;0.9500000;0.9500000;
7.1060000;0.9500000;0.9500000;
7.1070000;0.9500000;0.9500000;
7.1080000;0.9500000;0.9500000;
7.1090000;0.9500000;0.9500000;
7.1100000;0.9500000;0.9500000;
7.1110000;0.9500000;0.9500000;
7.1120000;0.9500000;0.9500000;
7.1130000;0.9500000;0.9500000;
7.1140000;0.9500000;0.9500000;
7.1150000;0.9500000;0.9500000;
7.1160000;0.9500000;0.9500000;
7.1170000;0.9500000;0.9500000;
7.1180000;0.9500000;0.9500000;
7.1190000;0.9500000;0.9500000;
7.1200000;0.9500000;0.9500000;
7.1210000;0.9500000;0.9500000;
7.1220000;0.9500000;0.9500000;
7.1230000;0.9500000;0.9500000;
7.1240000;0.9500000;0.9500000;
7.1250000;0.9500000;0.9500000;
7.1260000;0.9500000;0.9500000;
7.1270000;0.9500000;0.9500000;
7.1280000;0.9500000;0.9500000;
7.1290000;0.9500000;0.9500000;
7.1300000;0.9500000;0.9500000;
7.1310000;0.9500000;0.9500000;
7.1320000;0.9500000;0.9500000;
7.1330000;0.9500000;0.9500000;
7.1340000;0.9500000;0.9500000;
7.1350000;0.9500000;0.9500000;
7.1360000;0.9500000;0.9500000;
7.1370000;0.9500000;0.9500000;
7.1380000;0.9500000;0.9500000;
7.1390000;0.9500000;0.9500000;
7.1400000;0.9500000;0.9500000;
7.1410000;0.9500000;0.9500000;
7.1420000;0.9500000;0.9500000;
7.1430000;0.9500000;0.9500000;
7.1440000;0.9500000;0.9500000;
7.1450000;0.9500000;0.9500000;
7.1460000;0.9500000;0.9500000;
7.1470000;0.9500000;0.9500000;
7.1480000;0.9500000;0.9500000;
7.1490000;0.9500000;0.9500000;
7.1500000;0.9500000;0.9500000;
7.1510000;0.9500000;0.9500000;
7.1520000;0.9500000;0.9500000;
7.1530000;0.9500000;0.9500000;
7.1540000;0.9500000;0.9500000;
7.1550000;0.9500000;0.9500000;
7.1560000;0.9500000;0.9500000;
7.1570000;0.9500000;0.9500000;
7.1580000;0.9500000;0.9500000;
7.1590000;0.9500000;0.9500000;
7.1600000;0.9500000;0.9500000;
7.1610000;0.9500000;0.9500000;
7.1620000;0.9500000;0.9500000;
7.1630000;0.9500000;0.9500000;
7.1640000;0.9500000;0.9500000;
7.1650000;0.9500000;0.9500000;
7.1660000;0.9500000;0.9500000;
7.1670000;0.9500000;0.9500000;
7.1680000;0.9500000;0.9500000;
7.1690000;0.9500000;0.9500000;
7.1700000;0.9500000;0.9500000;
7.1710000;0.9500000;0.9500000;
7.1720000;0.9500000;0.9500000;
7.1730000;0.9500000;0.9500000;
7.1740000;0.9500000;0.9500000;
7.1750000;0.9500000;0.9500000;
7.1760000;0.9500000;0.9500000;
7.1770000;0.9500000;0.9500000;
7.1780000;0.9500000;0.9500000;
7.1790000;0.9500000;0.9500000;
7.1800000;0.9500000;0.9500000;
7.1810000;0.9500000;0.9500000;
7.1820000;0.9500000;0.9500000;
7.1830000;0.9500000;0.9500000;
7.1840000;0.9500000;0.9500000;
7.1850000;0.9500000;0.9500000;
7.1860000;0.9500000;0.9500000;
7.1870000;0.9500000;0.9500000;
7.1880000;0.9500000;0.9500000;
7.1890000;0.9500000;0.9500000;
7.1900000;0.9500000;0.9500000;
7.1910000;0.9500000;0.9500000;
7.1920000;0.9500000;0.9500000;
7.1930000;0.9500000;0.9500000;
7.1940000;0.9500000;0.9500000;
7.1950000;0.9500000;0.9500000;
7.1960000;0.9500000;0.9500000;
7.1970000;0.9500000;0.9500000;
7.1980000;0.9500000;0.9500000;
7.1990000;0.9500000;0.9500000;
7.2000000;0.9500000;0.9500000;
7.2010000;0.9500000;0.9500000;
7.2020000;0.9500000;0.9500000;
7.2030000;0.9500000;0.9500000;
7.2040000;0.9500000;0.9500000;
7.2050000;0.9500000;0.9500000;
7.2060000;0.9500000;0.9500000;
7.2070000;0.9500000;0.9500000;
7.2080000;0.9500000;0.9500000;
7.2090000;0.9500000;0.9500000;
7.2100000;0.9500000;0.9500000;
7.2110000;0.9500000;0.9500000;
7.2120000;0.9500000;0.9500000;
7.2130000;0.9500000;0.9500000;
7.2140000;0.9500000;0.9500000;
7.2150000;0.9500000;0.9500000;
7.2160000;0.9500000;0.9500000;
7.2170000;0.9500000;0.9500000;
7.2180000;0.9500000;0.9500000;
7.2190000;0.9500000;0.9500000;
7.2200000;0.9500000;0.9500000;
7.2210000;0.9500000;0.9500000;
7.2220000;0.9500000;0.9500000;
7.2230000;0.9500000;0.9500000;
7.2240000;0.9500000;0.9500000;
7.2250000;0.9500000;0.9500000;
7.2260000;0.9500000;0.9500000;
7.2270000;0.9500000;0.9500000;
7.2280000;0.9500000;0.9500000;
7.2290000;0.9500000;0.9500000;
7.2300000;0.9500000;0.9500000;
7.2310000;0.9500000;0.9500000;
7.2320000;0.9500000;0.9500000;
7.2330000;0.9500000;0.9500000;
7.2340000;0.9500000;0.9500000;
7.2350000;0.9500000;0.9500000;
7.2360000;0.9500000;0.9500000;
7.2370000;0.9500000;0.9500000;
7.2380000;0.9500000;0.9500000;
7.2390000;0.9500000;0.9500000;
7.2400000;0.9500000;0.9500000;
7.2410000;0.9500000;0.9500000;
7.2420000;0.9500000;0.9500000;
7.2430000;0.9500000;0.9500000;
7.2440000;0.9500000;0.9500000;
7.2450000;0.9500000;0.9500000;
7.2460000;0.9500000;0.9500000;
7.2470000;0.9500000;0.9500000;
7.2480000;0.9500000;0.9500000;
7.2490000;0.9500000;0.9500000;
7.2500000;0.9500000;0.9500000;
7.2510000;0.9500000;0.9500000;
7.2520000;0.9500000;0.9500000;
7.2530000;0.9500000;0.9500000;
7.2540000;0.9500000;0.9500000;
7.2550000;0.9500000;0.9500000;
7.2560000;0.9500000;0.9500000;
7.2570000;0.9500000;0.9500000;
7.2580000;0.9500000;0.9500000;
7.2590000;0.9500000;0.9500000;
7.2600000;0.9500000;0.9500000;
7.2610000;0.9500000;0.9500000;
7.2620000;0.9500000;0.9500000;
7.2630000;0.9500000;0.9500000;
7.2640000;0.9500000;0.9500000;
7.2650000;0.9500000;0.9500000;
7.2660000;0.9500000;0.9500000;
7.2670000;0.9500000;0.9500000;
7.2680000;0.9500000;0.9500000;
7.2690000;0.9500000;0.9500000;
7.2700000;0.9500000;0.9500000;
7.2710000;0.9500000;0.9500000;
7.2720000;0.9500000;0.9500000;
7.2730000;0.9500000;0.9500000;
7.2740000;0.9500000;0.9500000;
7.2750000;0.9500000;0.9500000;
7.2760000;0.9500000;0.9500000;
7.2770000;0.9500000;0.9500000;
7.2780000;0.9500000;0.9500000;
7.2790000;0.9500000;0.9500000;
7.2800000;0.9500000;0.9500000;
7.2810000;0.9500000;0.9500000;
7.2820000;0.9500000;0.9500000;
7.2830000;0.9500000;0.9500000;
7.2840000;0.9500000;0.9500000;
7.2850000;0.9500000;0.9500000;
7.2860000;0.9500000;0.9500000;
7.2870000;0.9500000;0.9500000;
7.2880000;0.9500000;0.9500000;
7.2890000;0.9500000;0.9500000;
7.2900000;0.9500000;0.9500000;
7.2910000;0.9500000;0.9500000;
7.2920000;0.9500000;0.9500000;
7.2930000;0.9500000;0.9500000;
7.2940000;0.9500000;0.9500000;
7.2950000;0.9500000;0.9500000;
7.2960000;0.9500000;0.9500000;
7.2970000;0.9500000;0.9500000;
7.2980000;0.9500000;0.9500000;
7.2990000;0.9500000;0.9500000;
7.3000000;0.9500000;0.9500000;
7.3010000;0.9500000;0.9500000;
7.3020000;0.9500000;0.9500000;
7.3030000;0.9500000;0.9500000;
7.3040000;0.9500000;0.9500000;
7.3050000;0.9500000;0.9500000;
7.3060000;0.9500000;0.9500000;
7.3070000;0.9500000;0.9500000;
7.3080000;0.9500000;0.9500000;
7.3090000;0.9500000;0.9500000;
7.3100000;0.9500000;0.9500000;
7.3110000;0.9500000;0.9500000;
7.3120000;0.9500000;0.9500000;
7.3130000;0.9500000;0.9500000;
7.3140000;0.9500000;0.9500000;
7.3150000;0.9500000;0.9500000;
7.3160000;0.9500000;0.9500000;
7.3170000;0.9500000;0.9500000;
7.3180000;0.9500000;0.9500000;
7.3190000;0.9500000;0.9500000;
7.3200000;0.9500000;0.9500000;
7.3210000;0.9500000;0.9500000;
7.3220000;0.9500000;0.9500000;
7.3230000;0.9500000;0.9500000;
7.3240000;0.9500000;0.9500000;
7.3250000;0.9500000;0.9500000;
7.3260000;0.9500000;0.9500000;
7.3270000;0.9500000;0.9500000;
7.3280000;0.9500000;0.9500000;
7.3290000;0.9500000;0.9500000;
7.3300000;0.9500000;0.9500000;
7.3310000;0.9500000;0.9500000;
7.3320000;0.9500000;0.9500000;
7.3330000;0.9500000;0.9500000;
7.3340000;0.9500000;0.9500000;
7.3350000;0.9500000;0.9500000;
7.3360000;0.9500000;0.9500000;
7.3370000;0.9500000;0.9500000;
7.3380000;0.9500000;0.9500000;
7.3390000;0.9500000;0.9500000;
7.3400000;0.9500000;0.9500000;
7.3410000;0.9500000;0.9500000;
7.3420000;0.9500000;0.9500000;
7.3430000;0.9500000;0.9500000;
7.3440000;0.9500000;0.9500000;
7.3450000;0.9500000;0.9500000;
7.3460000;0.9500000;0.9500000;
7.3470000;0.9500000;0.9500000;
7.3480000;0.9500000;0.9500000;
7.3490000;0.9500000;0.9500000;
7.3500000;0.9500000;0.9500000;
7.3510000;0.9500000;0.9500000;
7.3520000;0.9500000;0.9500000;
7.3530000;0.9500000;0.9500000;
7.3540000;0.9500000;0.9500000;
7.3550000;0.9500000;0.9500000;
7.3560000;0.9500000;0.9500000;
7.3570000;0.9500000;0.9500000;
7.3580000;0.9500000;0.9500000;
7.3590000;0.9500000;0.9500000;
7.3600000;0.9500000;0.9500000;
7.3610000;0.9500000;0.9500000;
7.3620000;0.9500000;0.9500000;
7.3630000;0.9500000;0.9500000;
7.3640000;0.9500000;0.9500000;
7.3650000;0.9500000;0.9500000;
7.3660000;0.9500000;0.9500000;
7.3670000;0.9500000;0.9500000;
7.3680000;0.9500000;0.9500000;
7.3690000;0.9500000;0.9500000;
7.3700000;0.9500000;0.9500000;
7.3710000;0.9500000;0.9500000;
7.3720000;0.9500000;0.9500000;
7.3730000;0.9500000;0.9500000;
7.3740000;0.9500000;0.9500000;
7.3750000;0.9500000;0.9500000;
7.3760000;0.9500000;0.9500000;
7.3770000;0.9500000;0.9500000;
7.3780000;0.9500000;0.9500000;
7.3790000;0.9500000;0.9500000;
7.3800000;0.9500000;0.9500000;
7.3810000;0.9500000;0.9500000;
7.3820000;0.9500000;0.9500000;
7.3830000;0.9500000;0.9500000;
7.3840000;0.9500000;0.9500000;
7.3850000;0.9500000;0.9500000;
7.3860000;0.9500000;0.9500000;
7.3870000;0.9500000;0.9500000;
7.3880000;0.9500000;0.9500000;
7.3890000;0.9500000;0.9500000;
7.3900000;0.9500000;0.9500000;
7.3910000;0.9500000;0.9500000;
7.3920000;0.9500000;0.9500000;
7.3930000;0.9500000;0.9500000;
7.3940000;0.9500000;0.9500000;
7.3950000;0.9500000;0.9500000;
7.3960000;0.9500000;0.9500000;
7.3970000;0.9500000;0.9500000;
7.3980000;0.9500000;0.9500000;
7.3990000;0.9500000;0.9500000;
7.4000000;0.9500000;0.9500000;
7.4010000;0.9500000;0.9500000;
7.4020000;0.9500000;0.9500000;
7.4030000;0.9500000;0.9500000;
7.4040000;0.9500000;0.9500000;
7.4050000;0.9500000;0.9500000;
7.4060000;0.9500000;0.9500000;
7.4070000;0.9500000;0.9500000;
7.4080000;0.9500000;0.9500000;
7.4090000;0.9500000;0.9500000;
7.4100000;0.9500000;0.9500000;
7.4110000;0.9500000;0.9500000;
7.4120000;0.9500000;0.9500000;
7.4130000;0.9500000;0.9500000;
7.4140000;0.9500000;0.9500000;
7.4150000;0.9500000;0.9500000;
7.4160000;0.9500000;0.9500000;
7.4170000;0.9500000;0.9500000;
7.4180000;0.9500000;0.9500000;
7.4190000;0.9500000;0.9500000;
7.4200000;0.9500000;0.9500000;
7.4210000;0.9500000;0.9500000;
7.4220000;0.9500000;0.9500000;
7.4230000;0.9500000;0.9500000;
7.4240000;0.9500000;0.9500000;
7.4250000;0.9500000;0.9500000;
7.4260000;0.9500000;0.9500000;
7.4270000;0.9500000;0.9500000;
7.4280000;0.9500000;0.9500000;
7.4290000;0.9500000;0.9500000;
7.4300000;0.9500000;0.9500000;
7.4310000;0.9500000;0.9500000;
7.4320000;0.9500000;0.9500000;
7.4330000;0.9500000;0.9500000;
7.4340000;0.9500000;0.9500000;
7.4350000;0.9500000;0.9500000;
7.4360000;0.9500000;0.9500000;
7.4370000;0.9500000;0.9500000;
7.4380000;0.9500000;0.9500000;
7.4390000;0.9500000;0.9500000;
7.4400000;0.9500000;0.9500000;
7.4410000;0.9500000;0.9500000;
7.4420000;0.9500000;0.9500000;
7.4430000;0.9500000;0.9500000;
7.4440000;0.9500000;0.9500000;
7.4450000;0.9500000;0.9500000;
7.4460000;0.9500000;0.9500000;
7.4470000;0.9500000;0.9500000;
7.4480000;0.9500000;0.9500000;
7.4490000;0.9500000;0.9500000;
7.4500000;0.9500000;0.9500000;
7.4510000;0.9500000;0.9500000;
7.4520000;0.9500000;0.9500000;
7.4530000;0.9500000;0.9500000;
7.4540000;0.9500000;0.9500000;
7.4550000;0.9500000;0.9500000;
7.4560000;0.9500000;0.9500000;
7.4570000;0.9500000;0.9500000;
7.4580000;0.9500000;0.9500000;
7.4590000;0.9500000;0.9500000;
7.4600000;0.9500000;0.9500000;
7.4610000;0.9500000;0.9500000;
7.4620000;0.9500000;0.9500000;
7.4630000;0.9500000;0.9500000;
7.4640000;0.9500000;0.9500000;
7.4650000;0.9500000;0.9500000;
7.4660000;0.9500000;0.9500000;
7.4670000;0.9500000;0.9500000;
7.4680000;0.9500000;0.9500000;
7.4690000;0.9500000;0.9500000;
7.4700000;0.9500000;0.9500000;
7.4710000;0.9500000;0.9500000;
7.4720000;0.9500000;0.9500000;
7.4730000;0.9500000;0.9500000;
7.4740000;0.9500000;0.9500000;
7.4750000;0.9500000;0.9500000;
7.4760000;0.9500000;0.9500000;
7.4770000;0.9500000;0.9500000;
7.4780000;0.9500000;0.9500000;
7.4790000;0.9500000;0.9500000;
7.4800000;0.9500000;0.9500000;
7.4810000;0.9500000;0.9500000;
7.4820000;0.9500000;0.9500000;
7.4830000;0.9500000;0.9500000;
7.4840000;0.9500000;0.9500000;
7.4850000;0.9500000;0.9500000;
7.4860000;0.9500000;0.9500000;
7.4870000;0.9500000;0.9500000;
7.4880000;0.9500000;0.9500000;
7.4890000;0.9500000;0.9500000;
7.4900000;0.9500000;0.9500000;
7.4910000;0.9500000;0.9500000;
7.4920000;0.9500000;0.9500000;
7.4930000;0.9500000;0.9500000;
7.4940000;0.9500000;0.9500000;
7.4950000;0.9500000;0.9500000;
7.4960000;0.9500000;0.9500000;
7.4970000;0.9500000;0.9500000;
7.4980000;0.9500000;0.9500000;
7.4990000;0.9500000;0.9500000;
7.5000000;0.9500000;0.9500000;
7.5010000;0.9500000;0.9500000;
7.5020000;0.9500000;0.9500000;
7.5030000;0.9500000;0.9500000;
7.5040000;0.9500000;0.9500000;
7.5050000;0.9500000;0.9500000;
7.5060000;0.9500000;0.9500000;
7.5070000;0.9500000;0.9500000;
7.5080000;0.9500000;0.9500000;
7.5090000;0.9500000;0.9500000;
7.5100000;0.9500000;0.9500000;
7.5110000;0.9500000;0.9500000;
7.5120000;0.9500000;0.9500000;
7.5130000;0.9500000;0.9500000;
7.5140000;0.9500000;0.9500000;
7.5150000;0.9500000;0.9500000;
7.5160000;0.9500000;0.9500000;
7.5170000;0.9500000;0.9500000;
7.5180000;0.9500000;0.9500000;
7.5190000;0.9500000;0.9500000;
7.5200000;0.9500000;0.9500000;
7.5210000;0.9500000;0.9500000;
7.5220000;0.9500000;0.9500000;
7.5230000;0.9500000;0.9500000;
7.5240000;0.9500000;0.9500000;
7.5250000;0.9500000;0.9500000;
7.5260000;0.9500000;0.9500000;
7.5270000;0.9500000;0.9500000;
7.5280000;0.9500000;0.9500000;
7.5290000;0.9500000;0.9500000;
7.5300000;0.9500000;0.9500000;
7.5310000;0.9500000;0.9500000;
7.5320000;0.9500000;0.9500000;
7.5330000;0.9500000;0.9500000;
7.5340000;0.9500000;0.9500000;
7.5350000;0.9500000;0.9500000;
7.5360000;0.9500000;0.9500000;
7.5370000;0.9500000;0.9500000;
7.5380000;0.9500000;0.9500000;
7.5390000;0.9500000;0.9500000;
7.5400000;0.9500000;0.9500000;
7.5410000;0.9500000;0.9500000;
7.5420000;0.9500000;0.9500000;
7.5430000;0.9500000;0.9500000;
7.5440000;0.9500000;0.9500000;
7.5450000;0.9500000;0.9500000;
7.5460000;0.9500000;0.9500000;
7.5470000;0.9500000;0.9500000;
7.5480000;0.9500000;0.9500000;
7.5490000;0.9500000;0.9500000;
7.5500000;0.9500000;0.9500000;
7.5510000;0.9500000;0.9500000;
7.5520000;0.9500000;0.9500000;
7.5530000;0.9500000;0.9500000;
7.5540000;0.9500000;0.9500000;
7.5550000;0.9500000;0.9500000;
7.5560000;0.9500000;0.9500000;
7.5570000;0.9500000;0.9500000;
7.5580000;0.9500000;0.9500000;
7.5590000;0.9500000;0.9500000;
7.5600000;0.9500000;0.9500000;
7.5610000;0.9500000;0.9500000;
7.5620000;0.9500000;0.9500000;
7.5630000;0.9500000;0.9500000;
7.5640000;0.9500000;0.9500000;
7.5650000;0.9500000;0.9500000;
7.5660000;0.9500000;0.9500000;
7.5670000;0.9500000;0.9500000;
7.5680000;0.9500000;0.9500000;
7.5690000;0.9500000;0.9500000;
7.5700000;0.9500000;0.9500000;
7.5710000;0.9500000;0.9500000;
7.5720000;0.9500000;0.9500000;
7.5730000;0.9500000;0.9500000;
7.5740000;0.9500000;0.9500000;
7.5750000;0.9500000;0.9500000;
7.5760000;0.9500000;0.9500000;
7.5770000;0.9500000;0.9500000;
7.5780000;0.9500000;0.9500000;
7.5790000;0.9500000;0.9500000;
7.5800000;0.9500000;0.9500000;
7.5810000;0.9500000;0.9500000;
7.5820000;0.9500000;0.9500000;
7.5830000;0.9500000;0.9500000;
7.5840000;0.9500000;0.9500000;
7.5850000;0.9500000;0.9500000;
7.5860000;0.9500000;0.9500000;
7.5870000;0.9500000;0.9500000;
7.5880000;0.9500000;0.9500000;
7.5890000;0.9500000;0.9500000;
7.5900000;0.9500000;0.9500000;
7.5910000;0.9500000;0.9500000;
7.5920000;0.9500000;0.9500000;
7.5930000;0.9500000;0.9500000;
7.5940000;0.9500000;0.9500000;
7.5950000;0.9500000;0.9500000;
7.5960000;0.9500000;0.9500000;
7.5970000;0.9500000;0.9500000;
7.5980000;0.9500000;0.9500000;
7.5990000;0.9500000;0.9500000;
7.6000000;0.9500000;0.9500000;
7.6010000;0.9500000;0.9500000;
7.6020000;0.9500000;0.9500000;
7.6030000;0.9500000;0.9500000;
7.6040000;0.9500000;0.9500000;
7.6050000;0.9500000;0.9500000;
7.6060000;0.9500000;0.9500000;
7.6070000;0.9500000;0.9500000;
7.6080000;0.9500000;0.9500000;
7.6090000;0.9500000;0.9500000;
7.6100000;0.9500000;0.9500000;
7.6110000;0.9500000;0.9500000;
7.6120000;0.9500000;0.9500000;
7.6130000;0.9500000;0.9500000;
7.6140000;0.9500000;0.9500000;
7.6150000;0.9500000;0.9500000;
7.6160000;0.9500000;0.9500000;
7.6170000;0.9500000;0.9500000;
7.6180000;0.9500000;0.9500000;
7.6190000;0.9500000;0.9500000;
7.6200000;0.9500000;0.9500000;
7.6210000;0.9500000;0.9500000;
7.6220000;0.9500000;0.9500000;
7.6230000;0.9500000;0.9500000;
7.6240000;0.9500000;0.9500000;
7.6250000;0.9500000;0.9500000;
7.6260000;0.9500000;0.9500000;
7.6270000;0.9500000;0.9500000;
7.6280000;0.9500000;0.9500000;
7.6290000;0.9500000;0.9500000;
7.6300000;0.9500000;0.9500000;
7.6310000;0.9500000;0.9500000;
7.6320000;0.9500000;0.9500000;
7.6330000;0.9500000;0.9500000;
7.6340000;0.9500000;0.9500000;
7.6350000;0.9500000;0.9500000;
7.6360000;0.9500000;0.9500000;
7.6370000;0.9500000;0.9500000;
7.6380000;0.9500000;0.9500000;
7.6390000;0.9500000;0.9500000;
7.6400000;0.9500000;0.9500000;
7.6410000;0.9500000;0.9500000;
7.6420000;0.9500000;0.9500000;
7.6430000;0.9500000;0.9500000;
7.6440000;0.9500000;0.9500000;
7.6450000;0.9500000;0.9500000;
7.6460000;0.9500000;0.9500000;
7.6470000;0.9500000;0.9500000;
7.6480000;0.9500000;0.9500000;
7.6490000;0.9500000;0.9500000;
7.6500000;0.9500000;0.9500000;
7.6510000;0.9500000;0.9500000;
7.6520000;0.9500000;0.9500000;
7.6530000;0.9500000;0.9500000;
7.6540000;0.9500000;0.9500000;
7.6550000;0.9500000;0.9500000;
7.6560000;0.9500000;0.9500000;
7.6570000;0.9500000;0.9500000;
7.6580000;0.9500000;0.9500000;
7.6590000;0.9500000;0.9500000;
7.6600000;0.9500000;0.9500000;
7.6610000;0.9500000;0.9500000;
7.6620000;0.9500000;0.9500000;
7.6630000;0.9500000;0.9500000;
7.6640000;0.9500000;0.9500000;
7.6650000;0.9500000;0.9500000;
7.6660000;0.9500000;0.9500000;
7.6670000;0.9500000;0.9500000;
7.6680000;0.9500000;0.9500000;
7.6690000;0.9500000;0.9500000;
7.6700000;0.9500000;0.9500000;
7.6710000;0.9500000;0.9500000;
7.6720000;0.9500000;0.9500000;
7.6730000;0.9500000;0.9500000;
7.6740000;0.9500000;0.9500000;
7.6750000;0.9500000;0.9500000;
7.6760000;0.9500000;0.9500000;
7.6770000;0.9500000;0.9500000;
7.6780000;0.9500000;0.9500000;
7.6790000;0.9500000;0.9500000;
7.6800000;0.9500000;0.9500000;
7.6810000;0.9500000;0.9500000;
7.6820000;0.9500000;0.9500000;
7.6830000;0.9500000;0.9500000;
7.6840000;0.9500000;0.9500000;
7.6850000;0.9500000;0.9500000;
7.6860000;0.9500000;0.9500000;
7.6870000;0.9500000;0.9500000;
7.6880000;0.9500000;0.9500000;
7.6890000;0.9500000;0.9500000;
7.6900000;0.9500000;0.9500000;
7.6910000;0.9500000;0.9500000;
7.6920000;0.9500000;0.9500000;
7.6930000;0.9500000;0.9500000;
7.6940000;0.9500000;0.9500000;
7.6950000;0.9500000;0.9500000;
7.6960000;0.9500000;0.9500000;
7.6970000;0.9500000;0.9500000;
7.6980000;0.9500000;0.9500000;
7.6990000;0.9500000;0.9500000;
7.7000000;0.9500000;0.9500000;
7.7010000;0.9500000;0.9500000;
7.7020000;0.9500000;0.9500000;
7.7030000;0.9500000;0.9500000;
7.7040000;0.9500000;0.9500000;
7.7050000;0.9500000;0.9500000;
7.7060000;0.9500000;0.9500000;
7.7070000;0.9500000;0.9500000;
7.7080000;0.9500000;0.9500000;
7.7090000;0.9500000;0.9500000;
7.7100000;0.9500000;0.9500000;
7.7110000;0.9500000;0.9500000;
7.7120000;0.9500000;0.9500000;
7.7130000;0.9500000;0.9500000;
7.7140000;0.9500000;0.9500000;
7.7150000;0.9500000;0.9500000;
7.7160000;0.9500000;0.9500000;
7.7170000;0.9500000;0.9500000;
7.7180000;0.9500000;0.9500000;
7.7190000;0.9500000;0.9500000;
7.7200000;0.9500000;0.9500000;
7.7210000;0.9500000;0.9500000;
7.7220000;0.9500000;0.9500000;
7.7230000;0.9500000;0.9500000;
7.7240000;0.9500000;0.9500000;
7.7250000;0.9500000;0.9500000;
7.7260000;0.9500000;0.9500000;
7.7270000;0.9500000;0.9500000;
7.7280000;0.9500000;0.9500000;
7.7290000;0.9500000;0.9500000;
7.7300000;0.9500000;0.9500000;
7.7310000;0.9500000;0.9500000;
7.7320000;0.9500000;0.9500000;
7.7330000;0.9500000;0.9500000;
7.7340000;0.9500000;0.9500000;
7.7350000;0.9500000;0.9500000;
7.7360000;0.9500000;0.9500000;
7.7370000;0.9500000;0.9500000;
7.7380000;0.9500000;0.9500000;
7.7390000;0.9500000;0.9500000;
7.7400000;0.9500000;0.9500000;
7.7410000;0.9500000;0.9500000;
7.7420000;0.9500000;0.9500000;
7.7430000;0.9500000;0.9500000;
7.7440000;0.9500000;0.9500000;
7.7450000;0.9500000;0.9500000;
7.7460000;0.9500000;0.9500000;
7.7470000;0.9500000;0.9500000;
7.7480000;0.9500000;0.9500000;
7.7490000;0.9500000;0.9500000;
7.7500000;0.9500000;0.9500000;
7.7510000;0.9500000;0.9500000;
7.7520000;0.9500000;0.9500000;
7.7530000;0.9500000;0.9500000;
7.7540000;0.9500000;0.9500000;
7.7550000;0.9500000;0.9500000;
7.7560000;0.9500000;0.9500000;
7.7570000;0.9500000;0.9500000;
7.7580000;0.9500000;0.9500000;
7.7590000;0.9500000;0.9500000;
7.7600000;0.9500000;0.9500000;
7.7610000;0.9500000;0.9500000;
7.7620000;0.9500000;0.9500000;
7.7630000;0.9500000;0.9500000;
7.7640000;0.9500000;0.9500000;
7.7650000;0.9500000;0.9500000;
7.7660000;0.9500000;0.9500000;
7.7670000;0.9500000;0.9500000;
7.7680000;0.9500000;0.9500000;
7.7690000;0.9500000;0.9500000;
7.7700000;0.9500000;0.9500000;
7.7710000;0.9500000;0.9500000;
7.7720000;0.9500000;0.9500000;
7.7730000;0.9500000;0.9500000;
7.7740000;0.9500000;0.9500000;
7.7750000;0.9500000;0.9500000;
7.7760000;0.9500000;0.9500000;
7.7770000;0.9500000;0.9500000;
7.7780000;0.9500000;0.9500000;
7.7790000;0.9500000;0.9500000;
7.7800000;0.9500000;0.9500000;
7.7810000;0.9500000;0.9500000;
7.7820000;0.9500000;0.9500000;
7.7830000;0.9500000;0.9500000;
7.7840000;0.9500000;0.9500000;
7.7850000;0.9500000;0.9500000;
7.7860000;0.9500000;0.9500000;
7.7870000;0.9500000;0.9500000;
7.7880000;0.9500000;0.9500000;
7.7890000;0.9500000;0.9500000;
7.7900000;0.9500000;0.9500000;
7.7910000;0.9500000;0.9500000;
7.7920000;0.9500000;0.9500000;
7.7930000;0.9500000;0.9500000;
7.7940000;0.9500000;0.9500000;
7.7950000;0.9500000;0.9500000;
7.7960000;0.9500000;0.9500000;
7.7970000;0.9500000;0.9500000;
7.7980000;0.9500000;0.9500000;
7.7990000;0.9500000;0.9500000;
7.8000000;0.9500000;0.9500000;
7.8010000;0.9500000;0.9500000;
7.8020000;0.9500000;0.9500000;
7.8030000;0.9500000;0.9500000;
7.8040000;0.9500000;0.9500000;
7.8050000;0.9500000;0.9500000;
7.8060000;0.9500000;0.9500000;
7.8070000;0.9500000;0.9500000;
7.8080000;0.9500000;0.9500000;
7.8090000;0.9500000;0.9500000;
7.8100000;0.9500000;0.9500000;
7.8110000;0.9500000;0.9500000;
7.8120000;0.9500000;0.9500000;
7.8130000;0.9500000;0.9500000;
7.8140000;0.9500000;0.9500000;
7.8150000;0.9500000;0.9500000;
7.8160000;0.9500000;0.9500000;
7.8170000;0.9500000;0.9500000;
7.8180000;0.9500000;0.9500000;
7.8190000;0.9500000;0.9500000;
7.8200000;0.9500000;0.9500000;
7.8210000;0.9500000;0.9500000;
7.8220000;0.9500000;0.9500000;
7.8230000;0.9500000;0.9500000;
7.8240000;0.9500000;0.9500000;
7.8250000;0.9500000;0.9500000;
7.8260000;0.9500000;0.9500000;
7.8270000;0.9500000;0.9500000;
7.8280000;0.9500000;0.9500000;
7.8290000;0.9500000;0.9500000;
7.8300000;0.9500000;0.9500000;
7.8310000;0.9500000;0.9500000;
7.8320000;0.9500000;0.9500000;
7.8330000;0.9500000;0.9500000;
7.8340000;0.9500000;0.9500000;
7.8350000;0.9500000;0.9500000;
7.8360000;0.9500000;0.9500000;
7.8370000;0.9500000;0.9500000;
7.8380000;0.9500000;0.9500000;
7.8390000;0.9500000;0.9500000;
7.8400000;0.9500000;0.9500000;
7.8410000;0.9500000;0.9500000;
7.8420000;0.9500000;0.9500000;
7.8430000;0.9500000;0.9500000;
7.8440000;0.9500000;0.9500000;
7.8450000;0.9500000;0.9500000;
7.8460000;0.9500000;0.9500000;
7.8470000;0.9500000;0.9500000;
7.8480000;0.9500000;0.9500000;
7.8490000;0.9500000;0.9500000;
7.8500000;0.9500000;0.9500000;
7.8510000;0.9500000;0.9500000;
7.8520000;0.9500000;0.9500000;
7.8530000;0.9500000;0.9500000;
7.8540000;0.9500000;0.9500000;
7.8550000;0.9500000;0.9500000;
7.8560000;0.9500000;0.9500000;
7.8570000;0.9500000;0.9500000;
7.8580000;0.9500000;0.9500000;
7.8590000;0.9500000;0.9500000;
7.8600000;0.9500000;0.9500000;
7.8610000;0.9500000;0.9500000;
7.8620000;0.9500000;0.9500000;
7.8630000;0.9500000;0.9500000;
7.8640000;0.9500000;0.9500000;
7.8650000;0.9500000;0.9500000;
7.8660000;0.9500000;0.9500000;
7.8670000;0.9500000;0.9500000;
7.8680000;0.9500000;0.9500000;
7.8690000;0.9500000;0.9500000;
7.8700000;0.9500000;0.9500000;
7.8710000;0.9500000;0.9500000;
7.8720000;0.9500000;0.9500000;
7.8730000;0.9500000;0.9500000;
7.8740000;0.9500000;0.9500000;
7.8750000;0.9500000;0.9500000;
7.8760000;0.9500000;0.9500000;
7.8770000;0.9500000;0.9500000;
7.8780000;0.9500000;0.9500000;
7.8790000;0.9500000;0.9500000;
7.8800000;0.9500000;0.9500000;
7.8810000;0.9500000;0.9500000;
7.8820000;0.9500000;0.9500000;
7.8830000;0.9500000;0.9500000;
7.8840000;0.9500000;0.9500000;
7.8850000;0.9500000;0.9500000;
7.8860000;0.9500000;0.9500000;
7.8870000;0.9500000;0.9500000;
7.8880000;0.9500000;0.9500000;
7.8890000;0.9500000;0.9500000;
7.8900000;0.9500000;0.9500000;
7.8910000;0.9500000;0.9500000;
7.8920000;0.9500000;0.9500000;
7.8930000;0.9500000;0.9500000;
7.8940000;0.9500000;0.9500000;
7.8950000;0.9500000;0.9500000;
7.8960000;0.9500000;0.9500000;
7.8970000;0.9500000;0.9500000;
7.8980000;0.9500000;0.9500000;
7.8990000;0.9500000;0.9500000;
7.9000000;0.9500000;0.9500000;
7.9010000;0.9500000;0.9500000;
7.9020000;0.9500000;0.9500000;
7.9030000;0.9500000;0.9500000;
7.9040000;0.9500000;0.9500000;
7.9050000;0.9500000;0.9500000;
7.9060000;0.9500000;0.9500000;
7.9070000;0.9500000;0.9500000;
7.9080000;0.9500000;0.9500000;
7.9090000;0.9500000;0.9500000;
7.9100000;0.9500000;0.9500000;
7.9110000;0.9500000;0.9500000;
7.9120000;0.9500000;0.9500000;
7.9130000;0.9500000;0.9500000;
7.9140000;0.9500000;0.9500000;
7.9150000;0.9500000;0.9500000;
7.9160000;0.9500000;0.9500000;
7.9170000;0.9500000;0.9500000;
7.9180000;0.9500000;0.9500000;
7.9190000;0.9500000;0.9500000;
7.9200000;0.9500000;0.9500000;
7.9210000;0.9500000;0.9500000;
7.9220000;0.9500000;0.9500000;
7.9230000;0.9500000;0.9500000;
7.9240000;0.9500000;0.9500000;
7.9250000;0.9500000;0.9500000;
7.9260000;0.9500000;0.9500000;
7.9270000;0.9500000;0.9500000;
7.9280000;0.9500000;0.9500000;
7.9290000;0.9500000;0.9500000;
7.9300000;0.9500000;0.9500000;
7.9310000;0.9500000;0.9500000;
7.9320000;0.9500000;0.9500000;
7.9330000;0.9500000;0.9500000;
7.9340000;0.9500000;0.9500000;
7.9350000;0.9500000;0.9500000;
7.9360000;0.9500000;0.9500000;
7.9370000;0.9500000;0.9500000;
7.9380000;0.9500000;0.9500000;
7.9390000;0.9500000;0.9500000;
7.9400000;0.9500000;0.9500000;
7.9410000;0.9500000;0.9500000;
7.9420000;0.9500000;0.9500000;
7.9430000;0.9500000;0.9500000;
7.9440000;0.9500000;0.9500000;
7.9450000;0.9500000;0.9500000;
7.9460000;0.9500000;0.9500000;
7.9470000;0.9500000;0.9500000;
7.9480000;0.9500000;0.9500000;
7.9490000;0.9500000;0.9500000;
7.9500000;0.9500000;0.9500000;
7.9510000;0.9500000;0.9500000;
7.9520000;0.9500000;0.9500000;
7.9530000;0.9500000;0.9500000;
7.9540000;0.9500000;0.9500000;
7.9550000;0.9500000;0.9500000;
7.9560000;0.9500000;0.9500000;
7.9570000;0.9500000;0.9500000;
7.9580000;0.9500000;0.9500000;
7.9590000;0.9500000;0.9500000;
7.9600000;0.9500000;0.9500000;
7.9610000;0.9500000;0.9500000;
7.9620000;0.9500000;0.9500000;
7.9630000;0.9500000;0.9500000;
7.9640000;0.9500000;0.9500000;
7.9650000;0.9500000;0.9500000;
7.9660000;0.9500000;0.9500000;
7.9670000;0.9500000;0.9500000;
7.9680000;0.9500000;0.9500000;
7.9690000;0.9500000;0.9500000;
7.9700000;0.9500000;0.9500000;
7.9710000;0.9500000;0.9500000;
7.9720000;0.9500000;0.9500000;
7.9730000;0.9500000;0.9500000;
7.9740000;0.9500000;0.9500000;
7.9750000;0.9500000;0.9500000;
7.9760000;0.9500000;0.9500000;
7.9770000;0.9500000;0.9500000;
7.9780000;0.9500000;0.9500000;
7.9790000;0.9500000;0.9500000;
7.9800000;0.9500000;0.9500000;
7.9810000;0.9500000;0.9500000;
7.9820000;0.9500000;0.9500000;
7.9830000;0.9500000;0.9500000;
7.9840000;0.9500000;0.9500000;
7.9850000;0.9500000;0.9500000;
7.9860000;0.9500000;0.9500000;
7.9870000;0.9500000;0.9500000;
7.9880000;0.9500000;0.9500000;
7.9890000;0.9500000;0.9500000;
7.9900000;0.9500000;0.9500000;
7.9910000;0.9500000;0.9500000;
7.9920000;0.9500000;0.9500000;
7.9930000;0.9500000;0.9500000;
7.9940000;0.9500000;0.9500000;
7.9950000;0.9500000;0.9500000;
7.9960000;0.9500000;0.9500000;
7.9970000;0.9500000;0.9500000;
7.9980000;0.9500000;0.9500000;
7.9990000;0.9500000;0.9500000;
8.0000000;0.9500000;0.9500000;
8.0010000;0.9500000;0.9500000;
8.0020000;0.9500000;0.9500000;
8.0030000;0.9500000;0.9500000;
8.0040000;0.9500000;0.9500000;
8.0050000;0.9500000;0.9500000;
8.0060000;0.9500000;0.9500000;
8.0070000;0.9500000;0.9500000;
8.0080000;0.9500000;0.9500000;
8.0090000;0.9500000;0.9500000;
8.0100000;0.9500000;0.9500000;
8.0110000;0.9500000;0.9500000;
8.0120000;0.9500000;0.9500000;
8.0130000;0.9500000;0.9500000;
8.0140000;0.9500000;0.9500000;
8.0150000;0.9500000;0.9500000;
8.0160000;0.9500000;0.9500000;
8.0170000;0.9500000;0.9500000;
8.0180000;0.9500000;0.9500000;
8.0190000;0.9500000;0.9500000;
8.0200000;0.9500000;0.9500000;
8.0210000;0.9500000;0.9500000;
8.0220000;0.9500000;0.9500000;
8.0230000;0.9500000;0.9500000;
8.0240000;0.9500000;0.9500000;
8.0250000;0.9500000;0.9500000;
8.0260000;0.9500000;0.9500000;
8.0270000;0.9500000;0.9500000;
8.0280000;0.9500000;0.9500000;
8.0290000;0.9500000;0.9500000;
8.0300000;0.9500000;0.9500000;
8.0310000;0.9500000;0.9500000;
8.0320000;0.9500000;0.9500000;
8.0330000;0.9500000;0.9500000;
8.0340000;0.9500000;0.9500000;
8.0350000;0.9500000;0.9500000;
8.0360000;0.9500000;0.9500000;
8.0370000;0.9500000;0.9500000;
8.0380000;0.9500000;0.9500000;
8.0390000;0.9500000;0.9500000;
8.0400000;0.9500000;0.9500000;
8.0410000;0.9500000;0.9500000;
8.0420000;0.9500000;0.9500000;
8.0430000;0.9500000;0.9500000;
8.0440000;0.9500000;0.9500000;
8.0450000;0.9500000;0.9500000;
8.0460000;0.9500000;0.9500000;
8.0470000;0.9500000;0.9500000;
8.0480000;0.9500000;0.9500000;
8.0490000;0.9500000;0.9500000;
8.0500000;0.9500000;0.9500000;
8.0510000;0.9500000;0.9500000;
8.0520000;0.9500000;0.9500000;
8.0530000;0.9500000;0.9500000;
8.0540000;0.9500000;0.9500000;
8.0550000;0.9500000;0.9500000;
8.0560000;0.9500000;0.9500000;
8.0570000;0.9500000;0.9500000;
8.0580000;0.9500000;0.9500000;
8.0590000;0.9500000;0.9500000;
8.0600000;0.9500000;0.9500000;
8.0610000;0.9500000;0.9500000;
8.0620000;0.9500000;0.9500000;
8.0630000;0.9500000;0.9500000;
8.0640000;0.9500000;0.9500000;
8.0650000;0.9500000;0.9500000;
8.0660000;0.9500000;0.9500000;
8.0670000;0.9500000;0.9500000;
8.0680000;0.9500000;0.9500000;
8.0690000;0.9500000;0.9500000;
8.0700000;0.9500000;0.9500000;
8.0710000;0.9500000;0.9500000;
8.0720000;0.9500000;0.9500000;
8.0730000;0.9500000;0.9500000;
8.0740000;0.9500000;0.9500000;
8.0750000;0.9500000;0.9500000;
8.0760000;0.9500000;0.9500000;
8.0770000;0.9500000;0.9500000;
8.0780000;0.9500000;0.9500000;
8.0790000;0.9500000;0.9500000;
8.0800000;0.9500000;0.9500000;
8.0810000;0.9500000;0.9500000;
8.0820000;0.9500000;0.9500000;
8.0830000;0.9500000;0.9500000;
8.0840000;0.9500000;0.9500000;
8.0850000;0.9500000;0.9500000;
8.0860000;0.9500000;0.9500000;
8.0870000;0.9500000;0.9500000;
8.0880000;0.9500000;0.9500000;
8.0890000;0.9500000;0.9500000;
8.0900000;0.9500000;0.9500000;
8.0910000;0.9500000;0.9500000;
8.0920000;0.9500000;0.9500000;
8.0930000;0.9500000;0.9500000;
8.0940000;0.9500000;0.9500000;
8.0950000;0.9500000;0.9500000;
8.0960000;0.9500000;0.9500000;
8.0970000;0.9500000;0.9500000;
8.0980000;0.9500000;0.9500000;
8.0990000;0.9500000;0.9500000;
8.1000000;0.9500000;0.9500000;
8.1010000;0.9500000;0.9500000;
8.1020000;0.9500000;0.9500000;
8.1030000;0.9500000;0.9500000;
8.1040000;0.9500000;0.9500000;
8.1050000;0.9500000;0.9500000;
8.1060000;0.9500000;0.9500000;
8.1070000;0.9500000;0.9500000;
8.1080000;0.9500000;0.9500000;
8.1090000;0.9500000;0.9500000;
8.1100000;0.9500000;0.9500000;
8.1110000;0.9500000;0.9500000;
8.1120000;0.9500000;0.9500000;
8.1130000;0.9500000;0.9500000;
8.1140000;0.9500000;0.9500000;
8.1150000;0.9500000;0.9500000;
8.1160000;0.9500000;0.9500000;
8.1170000;0.9500000;0.9500000;
8.1180000;0.9500000;0.9500000;
8.1190000;0.9500000;0.9500000;
8.1200000;0.9500000;0.9500000;
8.1210000;0.9500000;0.9500000;
8.1220000;0.9500000;0.9500000;
8.1230000;0.9500000;0.9500000;
8.1240000;0.9500000;0.9500000;
8.1250000;0.9500000;0.9500000;
8.1260000;0.9500000;0.9500000;
8.1270000;0.9500000;0.9500000;
8.1280000;0.9500000;0.9500000;
8.1290000;0.9500000;0.9500000;
8.1300000;0.9500000;0.9500000;
8.1310000;0.9500000;0.9500000;
8.1320000;0.9500000;0.9500000;
8.1330000;0.9500000;0.9500000;
8.1340000;0.9500000;0.9500000;
8.1350000;0.9500000;0.9500000;
8.1360000;0.9500000;0.9500000;
8.1370000;0.9500000;0.9500000;
8.1380000;0.9500000;0.9500000;
8.1390000;0.9500000;0.9500000;
8.1400000;0.9500000;0.9500000;
8.1410000;0.9500000;0.9500000;
8.1420000;0.9500000;0.9500000;
8.1430000;0.9500000;0.9500000;
8.1440000;0.9500000;0.9500000;
8.1450000;0.9500000;0.9500000;
8.1460000;0.9500000;0.9500000;
8.1470000;0.9500000;0.9500000;
8.1480000;0.9500000;0.9500000;
8.1490000;0.9500000;0.9500000;
8.1500000;0.9500000;0.9500000;
8.1510000;0.9500000;0.9500000;
8.1520000;0.9500000;0.9500000;
8.1530000;0.9500000;0.9500000;
8.1540000;0.9500000;0.9500000;
8.1550000;0.9500000;0.9500000;
8.1560000;0.9500000;0.9500000;
8.1570000;0.9500000;0.9500000;
8.1580000;0.9500000;0.9500000;
8.1590000;0.9500000;0.9500000;
8.1600000;0.9500000;0.9500000;
8.1610000;0.9500000;0.9500000;
8.1620000;0.9500000;0.9500000;
8.1630000;0.9500000;0.9500000;
8.1640000;0.9500000;0.9500000;
8.1650000;0.9500000;0.9500000;
8.1660000;0.9500000;0.9500000;
8.1670000;0.9500000;0.9500000;
8.1680000;0.9500000;0.9500000;
8.1690000;0.9500000;0.9500000;
8.1700000;0.9500000;0.9500000;
8.1710000;0.9500000;0.9500000;
8.1720000;0.9500000;0.9500000;
8.1730000;0.9500000;0.9500000;
8.1740000;0.9500000;0.9500000;
8.1750000;0.9500000;0.9500000;
8.1760000;0.9500000;0.9500000;
8.1770000;0.9500000;0.9500000;
8.1780000;0.9500000;0.9500000;
8.1790000;0.9500000;0.9500000;
8.1800000;0.9500000;0.9500000;
8.1810000;0.9500000;0.9500000;
8.1820000;0.9500000;0.9500000;
8.1830000;0.9500000;0.9500000;
8.1840000;0.9500000;0.9500000;
8.1850000;0.9500000;0.9500000;
8.1860000;0.9500000;0.9500000;
8.1870000;0.9500000;0.9500000;
8.1880000;0.9500000;0.9500000;
8.1890000;0.9500000;0.9500000;
8.1900000;0.9500000;0.9500000;
8.1910000;0.9500000;0.9500000;
8.1920000;0.9500000;0.9500000;
8.1930000;0.9500000;0.9500000;
8.1940000;0.9500000;0.9500000;
8.1950000;0.9500000;0.9500000;
8.1960000;0.9500000;0.9500000;
8.1970000;0.9500000;0.9500000;
8.1980000;0.9500000;0.9500000;
8.1990000;0.9500000;0.9500000;
8.2000000;0.9500000;0.9500000;
8.2010000;0.9500000;0.9500000;
8.2020000;0.9500000;0.9500000;
8.2030000;0.9500000;0.9500000;
8.2040000;0.9500000;0.9500000;
8.2050000;0.9500000;0.9500000;
8.2060000;0.9500000;0.9500000;
8.2070000;0.9500000;0.9500000;
8.2080000;0.9500000;0.9500000;
8.2090000;0.9500000;0.9500000;
8.2100000;0.9500000;0.9500000;
8.2110000;0.9500000;0.9500000;
8.2120000;0.9500000;0.9500000;
8.2130000;0.9500000;0.9500000;
8.2140000;0.9500000;0.9500000;
8.2150000;0.9500000;0.9500000;
8.2160000;0.9500000;0.9500000;
8.2170000;0.9500000;0.9500000;
8.2180000;0.9500000;0.9500000;
8.2190000;0.9500000;0.9500000;
8.2200000;0.9500000;0.9500000;
8.2210000;0.9500000;0.9500000;
8.2220000;0.9500000;0.9500000;
8.2230000;0.9500000;0.9500000;
8.2240000;0.9500000;0.9500000;
8.2250000;0.9500000;0.9500000;
8.2260000;0.9500000;0.9500000;
8.2270000;0.9500000;0.9500000;
8.2280000;0.9500000;0.9500000;
8.2290000;0.9500000;0.9500000;
8.2300000;0.9500000;0.9500000;
8.2310000;0.9500000;0.9500000;
8.2320000;0.9500000;0.9500000;
8.2330000;0.9500000;0.9500000;
8.2340000;0.9500000;0.9500000;
8.2350000;0.9500000;0.9500000;
8.2360000;0.9500000;0.9500000;
8.2370000;0.9500000;0.9500000;
8.2380000;0.9500000;0.9500000;
8.2390000;0.9500000;0.9500000;
8.2400000;0.9500000;0.9500000;
8.2410000;0.9500000;0.9500000;
8.2420000;0.9500000;0.9500000;
8.2430000;0.9500000;0.9500000;
8.2440000;0.9500000;0.9500000;
8.2450000;0.9500000;0.9500000;
8.2460000;0.9500000;0.9500000;
8.2470000;0.9500000;0.9500000;
8.2480000;0.9500000;0.9500000;
8.2490000;0.9500000;0.9500000;
8.2500000;0.9500000;0.9500000;
8.2510000;0.9500000;0.9500000;
8.2520000;0.9500000;0.9500000;
8.2530000;0.9500000;0.9500000;
8.2540000;0.9500000;0.9500000;
8.2550000;0.9500000;0.9500000;
8.2560000;0.9500000;0.9500000;
8.2570000;0.9500000;0.9500000;
8.2580000;0.9500000;0.9500000;
8.2590000;0.9500000;0.9500000;
8.2600000;0.9500000;0.9500000;
8.2610000;0.9500000;0.9500000;
8.2620000;0.9500000;0.9500000;
8.2630000;0.9500000;0.9500000;
8.2640000;0.9500000;0.9500000;
8.2650000;0.9500000;0.9500000;
8.2660000;0.9500000;0.9500000;
8.2670000;0.9500000;0.9500000;
8.2680000;0.9500000;0.9500000;
8.2690000;0.9500000;0.9500000;
8.2700000;0.9500000;0.9500000;
8.2710000;0.9500000;0.9500000;
8.2720000;0.9500000;0.9500000;
8.2730000;0.9500000;0.9500000;
8.2740000;0.9500000;0.9500000;
8.2750000;0.9500000;0.9500000;
8.2760000;0.9500000;0.9500000;
8.2770000;0.9500000;0.9500000;
8.2780000;0.9500000;0.9500000;
8.2790000;0.9500000;0.9500000;
8.2800000;0.9500000;0.9500000;
8.2810000;0.9500000;0.9500000;
8.2820000;0.9500000;0.9500000;
8.2830000;0.9500000;0.9500000;
8.2840000;0.9500000;0.9500000;
8.2850000;0.9500000;0.9500000;
8.2860000;0.9500000;0.9500000;
8.2870000;0.9500000;0.9500000;
8.2880000;0.9500000;0.9500000;
8.2890000;0.9500000;0.9500000;
8.2900000;0.9500000;0.9500000;
8.2910000;0.9500000;0.9500000;
8.2920000;0.9500000;0.9500000;
8.2930000;0.9500000;0.9500000;
8.2940000;0.9500000;0.9500000;
8.2950000;0.9500000;0.9500000;
8.2960000;0.9500000;0.9500000;
8.2970000;0.9500000;0.9500000;
8.2980000;0.9500000;0.9500000;
8.2990000;0.9500000;0.9500000;
8.3000000;0.9500000;0.9500000;
8.3010000;0.9500000;0.9500000;
8.3020000;0.9500000;0.9500000;
8.3030000;0.9500000;0.9500000;
8.3040000;0.9500000;0.9500000;
8.3050000;0.9500000;0.9500000;
8.3060000;0.9500000;0.9500000;
8.3070000;0.9500000;0.9500000;
8.3080000;0.9500000;0.9500000;
8.3090000;0.9500000;0.9500000;
8.3100000;0.9500000;0.9500000;
8.3110000;0.9500000;0.9500000;
8.3120000;0.9500000;0.9500000;
8.3130000;0.9500000;0.9500000;
8.3140000;0.9500000;0.9500000;
8.3150000;0.9500000;0.9500000;
8.3160000;0.9500000;0.9500000;
8.3170000;0.9500000;0.9500000;
8.3180000;0.9500000;0.9500000;
8.3190000;0.9500000;0.9500000;
8.3200000;0.9500000;0.9500000;
8.3210000;0.9500000;0.9500000;
8.3220000;0.9500000;0.9500000;
8.3230000;0.9500000;0.9500000;
8.3240000;0.9500000;0.9500000;
8.3250000;0.9500000;0.9500000;
8.3260000;0.9500000;0.9500000;
8.3270000;0.9500000;0.9500000;
8.3280000;0.9500000;0.9500000;
8.3290000;0.9500000;0.9500000;
8.3300000;0.9500000;0.9500000;
8.3310000;0.9500000;0.9500000;
8.3320000;0.9500000;0.9500000;
8.3330000;0.9500000;0.9500000;
8.3340000;0.9500000;0.9500000;
8.3350000;0.9500000;0.9500000;
8.3360000;0.9500000;0.9500000;
8.3370000;0.9500000;0.9500000;
8.3380000;0.9500000;0.9500000;
8.3390000;0.9500000;0.9500000;
8.3400000;0.9500000;0.9500000;
8.3410000;0.9500000;0.9500000;
8.3420000;0.9500000;0.9500000;
8.3430000;0.9500000;0.9500000;
8.3440000;0.9500000;0.9500000;
8.3450000;0.9500000;0.9500000;
8.3460000;0.9500000;0.9500000;
8.3470000;0.9500000;0.9500000;
8.3480000;0.9500000;0.9500000;
8.3490000;0.9500000;0.9500000;
8.3500000;0.9500000;0.9500000;
8.3510000;0.9500000;0.9500000;
8.3520000;0.9500000;0.9500000;
8.3530000;0.9500000;0.9500000;
8.3540000;0.9500000;0.9500000;
8.3550000;0.9500000;0.9500000;
8.3560000;0.9500000;0.9500000;
8.3570000;0.9500000;0.9500000;
8.3580000;0.9500000;0.9500000;
8.3590000;0.9500000;0.9500000;
8.3600000;0.9500000;0.9500000;
8.3610000;0.9500000;0.9500000;
8.3620000;0.9500000;0.9500000;
8.3630000;0.9500000;0.9500000;
8.3640000;0.9500000;0.9500000;
8.3650000;0.9500000;0.9500000;
8.3660000;0.9500000;0.9500000;
8.3670000;0.9500000;0.9500000;
8.3680000;0.9500000;0.9500000;
8.3690000;0.9500000;0.9500000;
8.3700000;0.9500000;0.9500000;
8.3710000;0.9500000;0.9500000;
8.3720000;0.9500000;0.9500000;
8.3730000;0.9500000;0.9500000;
8.3740000;0.9500000;0.9500000;
8.3750000;0.9500000;0.9500000;
8.3760000;0.9500000;0.9500000;
8.3770000;0.9500000;0.9500000;
8.3780000;0.9500000;0.9500000;
8.3790000;0.9500000;0.9500000;
8.3800000;0.9500000;0.9500000;
8.3810000;0.9500000;0.9500000;
8.3820000;0.9500000;0.9500000;
8.3830000;0.9500000;0.9500000;
8.3840000;0.9500000;0.9500000;
8.3850000;0.9500000;0.9500000;
8.3860000;0.9500000;0.9500000;
8.3870000;0.9500000;0.9500000;
8.3880000;0.9500000;0.9500000;
8.3890000;0.9500000;0.9500000;
8.3900000;0.9500000;0.9500000;
8.3910000;0.9500000;0.9500000;
8.3920000;0.9500000;0.9500000;
8.3930000;0.9500000;0.9500000;
8.3940000;0.9500000;0.9500000;
8.3950000;0.9500000;0.9500000;
8.3960000;0.9500000;0.9500000;
8.3970000;0.9500000;0.9500000;
8.3980000;0.9500000;0.9500000;
8.3990000;0.9500000;0.9500000;
8.4000000;0.9500000;0.9500000;
8.4010000;0.9500000;0.9500000;
8.4020000;0.9500000;0.9500000;
8.4030000;0.9500000;0.9500000;
8.4040000;0.9500000;0.9500000;
8.4050000;0.9500000;0.9500000;
8.4060000;0.9500000;0.9500000;
8.4070000;0.9500000;0.9500000;
8.4080000;0.9500000;0.9500000;
8.4090000;0.9500000;0.9500000;
8.4100000;0.9500000;0.9500000;
8.4110000;0.9500000;0.9500000;
8.4120000;0.9500000;0.9500000;
8.4130000;0.9500000;0.9500000;
8.4140000;0.9500000;0.9500000;
8.4150000;0.9500000;0.9500000;
8.4160000;0.9500000;0.9500000;
8.4170000;0.9500000;0.9500000;
8.4180000;0.9500000;0.9500000;
8.4190000;0.9500000;0.9500000;
8.4200000;0.9500000;0.9500000;
8.4210000;0.9500000;0.9500000;
8.4220000;0.9500000;0.9500000;
8.4230000;0.9500000;0.9500000;
8.4240000;0.9500000;0.9500000;
8.4250000;0.9500000;0.9500000;
8.4260000;0.9500000;0.9500000;
8.4270000;0.9500000;0.9500000;
8.4280000;0.9500000;0.9500000;
8.4290000;0.9500000;0.9500000;
8.4300000;0.9500000;0.9500000;
8.4310000;0.9500000;0.9500000;
8.4320000;0.9500000;0.9500000;
8.4330000;0.9500000;0.9500000;
8.4340000;0.9500000;0.9500000;
8.4350000;0.9500000;0.9500000;
8.4360000;0.9500000;0.9500000;
8.4370000;0.9500000;0.9500000;
8.4380000;0.9500000;0.9500000;
8.4390000;0.9500000;0.9500000;
8.4400000;0.9500000;0.9500000;
8.4410000;0.9500000;0.9500000;
8.4420000;0.9500000;0.9500000;
8.4430000;0.9500000;0.9500000;
8.4440000;0.9500000;0.9500000;
8.4450000;0.9500000;0.9500000;
8.4460000;0.9500000;0.9500000;
8.4470000;0.9500000;0.9500000;
8.4480000;0.9500000;0.9500000;
8.4490000;0.9500000;0.9500000;
8.4500000;0.9500000;0.9500000;
8.4510000;0.9500000;0.9500000;
8.4520000;0.9500000;0.9500000;
8.4530000;0.9500000;0.9500000;
8.4540000;0.9500000;0.9500000;
8.4550000;0.9500000;0.9500000;
8.4560000;0.9500000;0.9500000;
8.4570000;0.9500000;0.9500000;
8.4580000;0.9500000;0.9500000;
8.4590000;0.9500000;0.9500000;
8.4600000;0.9500000;0.9500000;
8.4610000;0.9500000;0.9500000;
8.4620000;0.9500000;0.9500000;
8.4630000;0.9500000;0.9500000;
8.4640000;0.9500000;0.9500000;
8.4650000;0.9500000;0.9500000;
8.4660000;0.9500000;0.9500000;
8.4670000;0.9500000;0.9500000;
8.4680000;0.9500000;0.9500000;
8.4690000;0.9500000;0.9500000;
8.4700000;0.9500000;0.9500000;
8.4710000;0.9500000;0.9500000;
8.4720000;0.9500000;0.9500000;
8.4730000;0.9500000;0.9500000;
8.4740000;0.9500000;0.9500000;
8.4750000;0.9500000;0.9500000;
8.4760000;0.9500000;0.9500000;
8.4770000;0.9500000;0.9500000;
8.4780000;0.9500000;0.9500000;
8.4790000;0.9500000;0.9500000;
8.4800000;0.9500000;0.9500000;
8.4810000;0.9500000;0.9500000;
8.4820000;0.9500000;0.9500000;
8.4830000;0.9500000;0.9500000;
8.4840000;0.9500000;0.9500000;
8.4850000;0.9500000;0.9500000;
8.4860000;0.9500000;0.9500000;
8.4870000;0.9500000;0.9500000;
8.4880000;0.9500000;0.9500000;
8.4890000;0.9500000;0.9500000;
8.4900000;0.9500000;0.9500000;
8.4910000;0.9500000;0.9500000;
8.4920000;0.9500000;0.9500000;
8.4930000;0.9500000;0.9500000;
8.4940000;0.9500000;0.9500000;
8.4950000;0.9500000;0.9500000;
8.4960000;0.9500000;0.9500000;
8.4970000;0.9500000;0.9500000;
8.4980000;0.9500000;0.9500000;
8.4990000;0.9500000;0.9500000;
8.5000000;0.9500000;0.9500000;
8.5010000;0.9500000;0.9500000;
8.5020000;0.9500000;0.9500000;
8.5030000;0.9500000;0.9500000;
8.5040000;0.9500000;0.9500000;
8.5050000;0.9500000;0.9500000;
8.5060000;0.9500000;0.9500000;
8.5070000;0.9500000;0.9500000;
8.5080000;0.9500000;0.9500000;
8.5090000;0.9500000;0.9500000;
8.5100000;0.9500000;0.9500000;
8.5110000;0.9500000;0.9500000;
8.5120000;0.9500000;0.9500000;
8.5130000;0.9500000;0.9500000;
8.5140000;0.9500000;0.9500000;
8.5150000;0.9500000;0.9500000;
8.5160000;0.9500000;0.9500000;
8.5170000;0.9500000;0.9500000;
8.5180000;0.9500000;0.9500000;
8.5190000;0.9500000;0.9500000;
8.5200000;0.9500000;0.9500000;
8.5210000;0.9500000;0.9500000;
8.5220000;0.9500000;0.9500000;
8.5230000;0.9500000;0.9500000;
8.5240000;0.9500000;0.9500000;
8.5250000;0.9500000;0.9500000;
8.5260000;0.9500000;0.9500000;
8.5270000;0.9500000;0.9500000;
8.5280000;0.9500000;0.9500000;
8.5290000;0.9500000;0.9500000;
8.5300000;0.9500000;0.9500000;
8.5310000;0.9500000;0.9500000;
8.5320000;0.9500000;0.9500000;
8.5330000;0.9500000;0.9500000;
8.5340000;0.9500000;0.9500000;
8.5350000;0.9500000;0.9500000;
8.5360000;0.9500000;0.9500000;
8.5370000;0.9500000;0.9500000;
8.5380000;0.9500000;0.9500000;
8.5390000;0.9500000;0.9500000;
8.5400000;0.9500000;0.9500000;
8.5410000;0.9500000;0.9500000;
8.5420000;0.9500000;0.9500000;
8.5430000;0.9500000;0.9500000;
8.5440000;0.9500000;0.9500000;
8.5450000;0.9500000;0.9500000;
8.5460000;0.9500000;0.9500000;
8.5470000;0.9500000;0.9500000;
8.5480000;0.9500000;0.9500000;
8.5490000;0.9500000;0.9500000;
8.5500000;0.9500000;0.9500000;
8.5510000;0.9500000;0.9500000;
8.5520000;0.9500000;0.9500000;
8.5530000;0.9500000;0.9500000;
8.5540000;0.9500000;0.9500000;
8.5550000;0.9500000;0.9500000;
8.5560000;0.9500000;0.9500000;
8.5570000;0.9500000;0.9500000;
8.5580000;0.9500000;0.9500000;
8.5590000;0.9500000;0.9500000;
8.5600000;0.9500000;0.9500000;
8.5610000;0.9500000;0.9500000;
8.5620000;0.9500000;0.9500000;
8.5630000;0.9500000;0.9500000;
8.5640000;0.9500000;0.9500000;
8.5650000;0.9500000;0.9500000;
8.5660000;0.9500000;0.9500000;
8.5670000;0.9500000;0.9500000;
8.5680000;0.9500000;0.9500000;
8.5690000;0.9500000;0.9500000;
8.5700000;0.9500000;0.9500000;
8.5710000;0.9500000;0.9500000;
8.5720000;0.9500000;0.9500000;
8.5730000;0.9500000;0.9500000;
8.5740000;0.9500000;0.9500000;
8.5750000;0.9500000;0.9500000;
8.5760000;0.9500000;0.9500000;
8.5770000;0.9500000;0.9500000;
8.5780000;0.9500000;0.9500000;
8.5790000;0.9500000;0.9500000;
8.5800000;0.9500000;0.9500000;
8.5810000;0.9500000;0.9500000;
8.5820000;0.9500000;0.9500000;
8.5830000;0.9500000;0.9500000;
8.5840000;0.9500000;0.9500000;
8.5850000;0.9500000;0.9500000;
8.5860000;0.9500000;0.9500000;
8.5870000;0.9500000;0.9500000;
8.5880000;0.9500000;0.9500000;
8.5890000;0.9500000;0.9500000;
8.5900000;0.9500000;0.9500000;
8.5910000;0.9500000;0.9500000;
8.5920000;0.9500000;0.9500000;
8.5930000;0.9500000;0.9500000;
8.5940000;0.9500000;0.9500000;
8.5950000;0.9500000;0.9500000;
8.5960000;0.9500000;0.9500000;
8.5970000;0.9500000;0.9500000;
8.5980000;0.9500000;0.9500000;
8.5990000;0.9500000;0.9500000;
8.6000000;0.9500000;0.9500000;
8.6010000;0.9500000;0.9500000;
8.6020000;0.9500000;0.9500000;
8.6030000;0.9500000;0.9500000;
8.6040000;0.9500000;0.9500000;
8.6050000;0.9500000;0.9500000;
8.6060000;0.9500000;0.9500000;
8.6070000;0.9500000;0.9500000;
8.6080000;0.9500000;0.9500000;
8.6090000;0.9500000;0.9500000;
8.6100000;0.9500000;0.9500000;
8.6110000;0.9500000;0.9500000;
8.6120000;0.9500000;0.9500000;
8.6130000;0.9500000;0.9500000;
8.6140000;0.9500000;0.9500000;
8.6150000;0.9500000;0.9500000;
8.6160000;0.9500000;0.9500000;
8.6170000;0.9500000;0.9500000;
8.6180000;0.9500000;0.9500000;
8.6190000;0.9500000;0.9500000;
8.6200000;0.9500000;0.9500000;
8.6210000;0.9500000;0.9500000;
8.6220000;0.9500000;0.9500000;
8.6230000;0.9500000;0.9500000;
8.6240000;0.9500000;0.9500000;
8.6250000;0.9500000;0.9500000;
8.6260000;0.9500000;0.9500000;
8.6270000;0.9500000;0.9500000;
8.6280000;0.9500000;0.9500000;
8.6290000;0.9500000;0.9500000;
8.6300000;0.9500000;0.9500000;
8.6310000;0.9500000;0.9500000;
8.6320000;0.9500000;0.9500000;
8.6330000;0.9500000;0.9500000;
8.6340000;0.9500000;0.9500000;
8.6350000;0.9500000;0.9500000;
8.6360000;0.9500000;0.9500000;
8.6370000;0.9500000;0.9500000;
8.6380000;0.9500000;0.9500000;
8.6390000;0.9500000;0.9500000;
8.6400000;0.9500000;0.9500000;
8.6410000;0.9500000;0.9500000;
8.6420000;0.9500000;0.9500000;
8.6430000;0.9500000;0.9500000;
8.6440000;0.9500000;0.9500000;
8.6450000;0.9500000;0.9500000;
8.6460000;0.9500000;0.9500000;
8.6470000;0.9500000;0.9500000;
8.6480000;0.9500000;0.9500000;
8.6490000;0.9500000;0.9500000;
8.6500000;0.9500000;0.9500000;
8.6510000;0.9500000;0.9500000;
8.6520000;0.9500000;0.9500000;
8.6530000;0.9500000;0.9500000;
8.6540000;0.9500000;0.9500000;
8.6550000;0.9500000;0.9500000;
8.6560000;0.9500000;0.9500000;
8.6570000;0.9500000;0.9500000;
8.6580000;0.9500000;0.9500000;
8.6590000;0.9500000;0.9500000;
8.6600000;0.9500000;0.9500000;
8.6610000;0.9500000;0.9500000;
8.6620000;0.9500000;0.9500000;
8.6630000;0.9500000;0.9500000;
8.6640000;0.9500000;0.9500000;
8.6650000;0.9500000;0.9500000;
8.6660000;0.9500000;0.9500000;
8.6670000;0.9500000;0.9500000;
8.6680000;0.9500000;0.9500000;
8.6690000;0.9500000;0.9500000;
8.6700000;0.9500000;0.9500000;
8.6710000;0.9500000;0.9500000;
8.6720000;0.9500000;0.9500000;
8.6730000;0.9500000;0.9500000;
8.6740000;0.9500000;0.9500000;
8.6750000;0.9500000;0.9500000;
8.6760000;0.9500000;0.9500000;
8.6770000;0.9500000;0.9500000;
8.6780000;0.9500000;0.9500000;
8.6790000;0.9500000;0.9500000;
8.6800000;0.9500000;0.9500000;
8.6810000;0.9500000;0.9500000;
8.6820000;0.9500000;0.9500000;
8.6830000;0.9500000;0.9500000;
8.6840000;0.9500000;0.9500000;
8.6850000;0.9500000;0.9500000;
8.6860000;0.9500000;0.9500000;
8.6870000;0.9500000;0.9500000;
8.6880000;0.9500000;0.9500000;
8.6890000;0.9500000;0.9500000;
8.6900000;0.9500000;0.9500000;
8.6910000;0.9500000;0.9500000;
8.6920000;0.9500000;0.9500000;
8.6930000;0.9500000;0.9500000;
8.6940000;0.9500000;0.9500000;
8.6950000;0.9500000;0.9500000;
8.6960000;0.9500000;0.9500000;
8.6970000;0.9500000;0.9500000;
8.6980000;0.9500000;0.9500000;
8.6990000;0.9500000;0.9500000;
8.7000000;0.9500000;0.9500000;
8.7010000;0.9500000;0.9500000;
8.7020000;0.9500000;0.9500000;
8.7030000;0.9500000;0.9500000;
8.7040000;0.9500000;0.9500000;
8.7050000;0.9500000;0.9500000;
8.7060000;0.9500000;0.9500000;
8.7070000;0.9500000;0.9500000;
8.7080000;0.9500000;0.9500000;
8.7090000;0.9500000;0.9500000;
8.7100000;0.9500000;0.9500000;
8.7110000;0.9500000;0.9500000;
8.7120000;0.9500000;0.9500000;
8.7130000;0.9500000;0.9500000;
8.7140000;0.9500000;0.9500000;
8.7150000;0.9500000;0.9500000;
8.7160000;0.9500000;0.9500000;
8.7170000;0.9500000;0.9500000;
8.7180000;0.9500000;0.9500000;
8.7190000;0.9500000;0.9500000;
8.7200000;0.9500000;0.9500000;
8.7210000;0.9500000;0.9500000;
8.7220000;0.9500000;0.9500000;
8.7230000;0.9500000;0.9500000;
8.7240000;0.9500000;0.9500000;
8.7250000;0.9500000;0.9500000;
8.7260000;0.9500000;0.9500000;
8.7270000;0.9500000;0.9500000;
8.7280000;0.9500000;0.9500000;
8.7290000;0.9500000;0.9500000;
8.7300000;0.9500000;0.9500000;
8.7310000;0.9500000;0.9500000;
8.7320000;0.9500000;0.9500000;
8.7330000;0.9500000;0.9500000;
8.7340000;0.9500000;0.9500000;
8.7350000;0.9500000;0.9500000;
8.7360000;0.9500000;0.9500000;
8.7370000;0.9500000;0.9500000;
8.7380000;0.9500000;0.9500000;
8.7390000;0.9500000;0.9500000;
8.7400000;0.9500000;0.9500000;
8.7410000;0.9500000;0.9500000;
8.7420000;0.9500000;0.9500000;
8.7430000;0.9500000;0.9500000;
8.7440000;0.9500000;0.9500000;
8.7450000;0.9500000;0.9500000;
8.7460000;0.9500000;0.9500000;
8.7470000;0.9500000;0.9500000;
8.7480000;0.9500000;0.9500000;
8.7490000;0.9500000;0.9500000;
8.7500000;0.9500000;0.9500000;
8.7510000;0.9500000;0.9500000;
8.7520000;0.9500000;0.9500000;
8.7530000;0.9500000;0.9500000;
8.7540000;0.9500000;0.9500000;
8.7550000;0.9500000;0.9500000;
8.7560000;0.9500000;0.9500000;
8.7570000;0.9500000;0.9500000;
8.7580000;0.9500000;0.9500000;
8.7590000;0.9500000;0.9500000;
8.7600000;0.9500000;0.9500000;
8.7610000;0.9500000;0.9500000;
8.7620000;0.9500000;0.9500000;
8.7630000;0.9500000;0.9500000;
8.7640000;0.9500000;0.9500000;
8.7650000;0.9500000;0.9500000;
8.7660000;0.9500000;0.9500000;
8.7670000;0.9500000;0.9500000;
8.7680000;0.9500000;0.9500000;
8.7690000;0.9500000;0.9500000;
8.7700000;0.9500000;0.9500000;
8.7710000;0.9500000;0.9500000;
8.7720000;0.9500000;0.9500000;
8.7730000;0.9500000;0.9500000;
8.7740000;0.9500000;0.9500000;
8.7750000;0.9500000;0.9500000;
8.7760000;0.9500000;0.9500000;
8.7770000;0.9500000;0.9500000;
8.7780000;0.9500000;0.9500000;
8.7790000;0.9500000;0.9500000;
8.7800000;0.9500000;0.9500000;
8.7810000;0.9500000;0.9500000;
8.7820000;0.9500000;0.9500000;
8.7830000;0.9500000;0.9500000;
8.7840000;0.9500000;0.9500000;
8.7850000;0.9500000;0.9500000;
8.7860000;0.9500000;0.9500000;
8.7870000;0.9500000;0.9500000;
8.7880000;0.9500000;0.9500000;
8.7890000;0.9500000;0.9500000;
8.7900000;0.9500000;0.9500000;
8.7910000;0.9500000;0.9500000;
8.7920000;0.9500000;0.9500000;
8.7930000;0.9500000;0.9500000;
8.7940000;0.9500000;0.9500000;
8.7950000;0.9500000;0.9500000;
8.7960000;0.9500000;0.9500000;
8.7970000;0.9500000;0.9500000;
8.7980000;0.9500000;0.9500000;
8.7990000;0.9500000;0.9500000;
8.8000000;0.9500000;0.9500000;
8.8010000;0.9500000;0.9500000;
8.8020000;0.9500000;0.9500000;
8.8030000;0.9500000;0.9500000;
8.8040000;0.9500000;0.9500000;
8.8050000;0.9500000;0.9500000;
8.8060000;0.9500000;0.9500000;
8.8070000;0.9500000;0.9500000;
8.8080000;0.9500000;0.9500000;
8.8090000;0.9500000;0.9500000;
8.8100000;0.9500000;0.9500000;
8.8110000;0.9500000;0.9500000;
8.8120000;0.9500000;0.9500000;
8.8130000;0.9500000;0.9500000;
8.8140000;0.9500000;0.9500000;
8.8150000;0.9500000;0.9500000;
8.8160000;0.9500000;0.9500000;
8.8170000;0.9500000;0.9500000;
8.8180000;0.9500000;0.9500000;
8.8190000;0.9500000;0.9500000;
8.8200000;0.9500000;0.9500000;
8.8210000;0.9500000;0.9500000;
8.8220000;0.9500000;0.9500000;
8.8230000;0.9500000;0.9500000;
8.8240000;0.9500000;0.9500000;
8.8250000;0.9500000;0.9500000;
8.8260000;0.9500000;0.9500000;
8.8270000;0.9500000;0.9500000;
8.8280000;0.9500000;0.9500000;
8.8290000;0.9500000;0.9500000;
8.8300000;0.9500000;0.9500000;
8.8310000;0.9500000;0.9500000;
8.8320000;0.9500000;0.9500000;
8.8330000;0.9500000;0.9500000;
8.8340000;0.9500000;0.9500000;
8.8350000;0.9500000;0.9500000;
8.8360000;0.9500000;0.9500000;
8.8370000;0.9500000;0.9500000;
8.8380000;0.9500000;0.9500000;
8.8390000;0.9500000;0.9500000;
8.8400000;0.9500000;0.9500000;
8.8410000;0.9500000;0.9500000;
8.8420000;0.9500000;0.9500000;
8.8430000;0.9500000;0.9500000;
8.8440000;0.9500000;0.9500000;
8.8450000;0.9500000;0.9500000;
8.8460000;0.9500000;0.9500000;
8.8470000;0.9500000;0.9500000;
8.8480000;0.9500000;0.9500000;
8.8490000;0.9500000;0.9500000;
8.8500000;0.9500000;0.9500000;
8.8510000;0.9500000;0.9500000;
8.8520000;0.9500000;0.9500000;
8.8530000;0.9500000;0.9500000;
8.8540000;0.9500000;0.9500000;
8.8550000;0.9500000;0.9500000;
8.8560000;0.9500000;0.9500000;
8.8570000;0.9500000;0.9500000;
8.8580000;0.9500000;0.9500000;
8.8590000;0.9500000;0.9500000;
8.8600000;0.9500000;0.9500000;
8.8610000;0.9500000;0.9500000;
8.8620000;0.9500000;0.9500000;
8.8630000;0.9500000;0.9500000;
8.8640000;0.9500000;0.9500000;
8.8650000;0.9500000;0.9500000;
8.8660000;0.9500000;0.9500000;
8.8670000;0.9500000;0.9500000;
8.8680000;0.9500000;0.9500000;
8.8690000;0.9500000;0.9500000;
8.8700000;0.9500000;0.9500000;
8.8710000;0.9500000;0.9500000;
8.8720000;0.9500000;0.9500000;
8.8730000;0.9500000;0.9500000;
8.8740000;0.9500000;0.9500000;
8.8750000;0.9500000;0.9500000;
8.8760000;0.9500000;0.9500000;
8.8770000;0.9500000;0.9500000;
8.8780000;0.9500000;0.9500000;
8.8790000;0.9500000;0.9500000;
8.8800000;0.9500000;0.9500000;
8.8810000;0.9500000;0.9500000;
8.8820000;0.9500000;0.9500000;
8.8830000;0.9500000;0.9500000;
8.8840000;0.9500000;0.9500000;
8.8850000;0.9500000;0.9500000;
8.8860000;0.9500000;0.9500000;
8.8870000;0.9500000;0.9500000;
8.8880000;0.9500000;0.9500000;
8.8890000;0.9500000;0.9500000;
8.8900000;0.9500000;0.9500000;
8.8910000;0.9500000;0.9500000;
8.8920000;0.9500000;0.9500000;
8.8930000;0.9500000;0.9500000;
8.8940000;0.9500000;0.9500000;
8.8950000;0.9500000;0.9500000;
8.8960000;0.9500000;0.9500000;
8.8970000;0.9500000;0.9500000;
8.8980000;0.9500000;0.9500000;
8.8990000;0.9500000;0.9500000;
8.9000000;0.9500000;0.9500000;
8.9010000;0.9500000;0.9500000;
8.9020000;0.9500000;0.9500000;
8.9030000;0.9500000;0.9500000;
8.9040000;0.9500000;0.9500000;
8.9050000;0.9500000;0.9500000;
8.9060000;0.9500000;0.9500000;
8.9070000;0.9500000;0.9500000;
8.9080000;0.9500000;0.9500000;
8.9090000;0.9500000;0.9500000;
8.9100000;0.9500000;0.9500000;
8.9110000;0.9500000;0.9500000;
8.9120000;0.9500000;0.9500000;
8.9130000;0.9500000;0.9500000;
8.9140000;0.9500000;0.9500000;
8.9150000;0.9500000;0.9500000;
8.9160000;0.9500000;0.9500000;
8.9170000;0.9500000;0.9500000;
8.9180000;0.9500000;0.9500000;
8.9190000;0.9500000;0.9500000;
8.9200000;0.9500000;0.9500000;
8.9210000;0.9500000;0.9500000;
8.9220000;0.9500000;0.9500000;
8.9230000;0.9500000;0.9500000;
8.9240000;0.9500000;0.9500000;
8.9250000;0.9500000;0.9500000;
8.9260000;0.9500000;0.9500000;
8.9270000;0.9500000;0.9500000;
8.9280000;0.9500000;0.9500000;
8.9290000;0.9500000;0.9500000;
8.9300000;0.9500000;0.9500000;
8.9310000;0.9500000;0.9500000;
8.9320000;0.9500000;0.9500000;
8.9330000;0.9500000;0.9500000;
8.9340000;0.9500000;0.9500000;
8.9350000;0.9500000;0.9500000;
8.9360000;0.9500000;0.9500000;
8.9370000;0.9500000;0.9500000;
8.9380000;0.9500000;0.9500000;
8.9390000;0.9500000;0.9500000;
8.9400000;0.9500000;0.9500000;
8.9410000;0.9500000;0.9500000;
8.9420000;0.9500000;0.9500000;
8.9430000;0.9500000;0.9500000;
8.9440000;0.9500000;0.9500000;
8.9450000;0.9500000;0.9500000;
8.9460000;0.9500000;0.9500000;
8.9470000;0.9500000;0.9500000;
8.9480000;0.9500000;0.9500000;
8.9490000;0.9500000;0.9500000;
8.9500000;0.9500000;0.9500000;
8.9510000;0.9500000;0.9500000;
8.9520000;0.9500000;0.9500000;
8.9530000;0.9500000;0.9500000;
8.9540000;0.9500000;0.9500000;
8.9550000;0.9500000;0.9500000;
8.9560000;0.9500000;0.9500000;
8.9570000;0.9500000;0.9500000;
8.9580000;0.9500000;0.9500000;
8.9590000;0.9500000;0.9500000;
8.9600000;0.9500000;0.9500000;
8.9610000;0.9500000;0.9500000;
8.9620000;0.9500000;0.9500000;
8.9630000;0.9500000;0.9500000;
8.9640000;0.9500000;0.9500000;
8.9650000;0.9500000;0.9500000;
8.9660000;0.9500000;0.9500000;
8.9670000;0.9500000;0.9500000;
8.9680000;0.9500000;0.9500000;
8.9690000;0.9500000;0.9500000;
8.9700000;0.9500000;0.9500000;
8.9710000;0.9500000;0.9500000;
8.9720000;0.9500000;0.9500000;
8.9730000;0.9500000;0.9500000;
8.9740000;0.9500000;0.9500000;
8.9750000;0.9500000;0.9500000;
8.9760000;0.9500000;0.9500000;
8.9770000;0.9500000;0.9500000;
8.9780000;0.9500000;0.9500000;
8.9790000;0.9500000;0.9500000;
8.9800000;0.9500000;0.9500000;
8.9810000;0.9500000;0.9500000;
8.9820000;0.9500000;0.9500000;
8.9830000;0.9500000;0.9500000;
8.9840000;0.9500000;0.9500000;
8.9850000;0.9500000;0.9500000;
8.9860000;0.9500000;0.9500000;
8.9870000;0.9500000;0.9500000;
8.9880000;0.9500000;0.9500000;
8.9890000;0.9500000;0.9500000;
8.9900000;0.9500000;0.9500000;
8.9910000;0.9500000;0.9500000;
8.9920000;0.9500000;0.9500000;
8.9930000;0.9500000;0.9500000;
8.9940000;0.9500000;0.9500000;
8.9950000;0.9500000;0.9500000;
8.9960000;0.9500000;0.9500000;
8.9970000;0.9500000;0.9500000;
8.9980000;0.9500000;0.9500000;
8.9990000;0.9500000;0.9500000;
9.0000000;0.9500000;0.9500000;
9.0010000;0.9500000;0.9500000;
9.0020000;0.9500000;0.9500000;
9.0030000;0.9500000;0.9500000;
9.0040000;0.9500000;0.9500000;
9.0050000;0.9500000;0.9500000;
9.0060000;0.9500000;0.9500000;
9.0070000;0.9500000;0.9500000;
9.0080000;0.9500000;0.9500000;
9.0090000;0.9500000;0.9500000;
9.0100000;0.9500000;0.9500000;
9.0110000;0.9500000;0.9500000;
9.0120000;0.9500000;0.9500000;
9.0130000;0.9500000;0.9500000;
9.0140000;0.9500000;0.9500000;
9.0150000;0.9500000;0.9500000;
9.0160000;0.9500000;0.9500000;
9.0170000;0.9500000;0.9500000;
9.0180000;0.9500000;0.9500000;
9.0190000;0.9500000;0.9500000;
9.0200000;0.9500000;0.9500000;
9.0210000;0.9500000;0.9500000;
9.0220000;0.9500000;0.9500000;
9.0230000;0.9500000;0.9500000;
9.0240000;0.9500000;0.9500000;
9.0250000;0.9500000;0.9500000;
9.0260000;0.9500000;0.9500000;
9.0270000;0.9500000;0.9500000;
9.0280000;0.9500000;0.9500000;
9.0290000;0.9500000;0.9500000;
9.0300000;0.9500000;0.9500000;
9.0310000;0.9500000;0.9500000;
9.0320000;0.9500000;0.9500000;
9.0330000;0.9500000;0.9500000;
9.0340000;0.9500000;0.9500000;
9.0350000;0.9500000;0.9500000;
9.0360000;0.9500000;0.9500000;
9.0370000;0.9500000;0.9500000;
9.0380000;0.9500000;0.9500000;
9.0390000;0.9500000;0.9500000;
9.0400000;0.9500000;0.9500000;
9.0410000;0.9500000;0.9500000;
9.0420000;0.9500000;0.9500000;
9.0430000;0.9500000;0.9500000;
9.0440000;0.9500000;0.9500000;
9.0450000;0.9500000;0.9500000;
9.0460000;0.9500000;0.9500000;
9.0470000;0.9500000;0.9500000;
9.0480000;0.9500000;0.9500000;
9.0490000;0.9500000;0.9500000;
9.0500000;0.9500000;0.9500000;
9.0510000;0.9500000;0.9500000;
9.0520000;0.9500000;0.9500000;
9.0530000;0.9500000;0.9500000;
9.0540000;0.9500000;0.9500000;
9.0550000;0.9500000;0.9500000;
9.0560000;0.9500000;0.9500000;
9.0570000;0.9500000;0.9500000;
9.0580000;0.9500000;0.9500000;
9.0590000;0.9500000;0.9500000;
9.0600000;0.9500000;0.9500000;
9.0610000;0.9500000;0.9500000;
9.0620000;0.9500000;0.9500000;
9.0630000;0.9500000;0.9500000;
9.0640000;0.9500000;0.9500000;
9.0650000;0.9500000;0.9500000;
9.0660000;0.9500000;0.9500000;
9.0670000;0.9500000;0.9500000;
9.0680000;0.9500000;0.9500000;
9.0690000;0.9500000;0.9500000;
9.0700000;0.9500000;0.9500000;
9.0710000;0.9500000;0.9500000;
9.0720000;0.9500000;0.9500000;
9.0730000;0.9500000;0.9500000;
9.0740000;0.9500000;0.9500000;
9.0750000;0.9500000;0.9500000;
9.0760000;0.9500000;0.9500000;
9.0770000;0.9500000;0.9500000;
9.0780000;0.9500000;0.9500000;
9.0790000;0.9500000;0.9500000;
9.0800000;0.9500000;0.9500000;
9.0810000;0.9500000;0.9500000;
9.0820000;0.9500000;0.9500000;
9.0830000;0.9500000;0.9500000;
9.0840000;0.9500000;0.9500000;
9.0850000;0.9500000;0.9500000;
9.0860000;0.9500000;0.9500000;
9.0870000;0.9500000;0.9500000;
9.0880000;0.9500000;0.9500000;
9.0890000;0.9500000;0.9500000;
9.0900000;0.9500000;0.9500000;
9.0910000;0.9500000;0.9500000;
9.0920000;0.9500000;0.9500000;
9.0930000;0.9500000;0.9500000;
9.0940000;0.9500000;0.9500000;
9.0950000;0.9500000;0.9500000;
9.0960000;0.9500000;0.9500000;
9.0970000;0.9500000;0.9500000;
9.0980000;0.9500000;0.9500000;
9.0990000;0.9500000;0.9500000;
9.1000000;0.9500000;0.9500000;
9.1010000;0.9500000;0.9500000;
9.1020000;0.9500000;0.9500000;
9.1030000;0.9500000;0.9500000;
9.1040000;0.9500000;0.9500000;
9.1050000;0.9500000;0.9500000;
9.1060000;0.9500000;0.9500000;
9.1070000;0.9500000;0.9500000;
9.1080000;0.9500000;0.9500000;
9.1090000;0.9500000;0.9500000;
9.1100000;0.9500000;0.9500000;
9.1110000;0.9500000;0.9500000;
9.1120000;0.9500000;0.9500000;
9.1130000;0.9500000;0.9500000;
9.1140000;0.9500000;0.9500000;
9.1150000;0.9500000;0.9500000;
9.1160000;0.9500000;0.9500000;
9.1170000;0.9500000;0.9500000;
9.1180000;0.9500000;0.9500000;
9.1190000;0.9500000;0.9500000;
9.1200000;0.9500000;0.9500000;
9.1210000;0.9500000;0.9500000;
9.1220000;0.9500000;0.9500000;
9.1230000;0.9500000;0.9500000;
9.1240000;0.9500000;0.9500000;
9.1250000;0.9500000;0.9500000;
9.1260000;0.9500000;0.9500000;
9.1270000;0.9500000;0.9500000;
9.1280000;0.9500000;0.9500000;
9.1290000;0.9500000;0.9500000;
9.1300000;0.9500000;0.9500000;
9.1310000;0.9500000;0.9500000;
9.1320000;0.9500000;0.9500000;
9.1330000;0.9500000;0.9500000;
9.1340000;0.9500000;0.9500000;
9.1350000;0.9500000;0.9500000;
9.1360000;0.9500000;0.9500000;
9.1370000;0.9500000;0.9500000;
9.1380000;0.9500000;0.9500000;
9.1390000;0.9500000;0.9500000;
9.1400000;0.9500000;0.9500000;
9.1410000;0.9500000;0.9500000;
9.1420000;0.9500000;0.9500000;
9.1430000;0.9500000;0.9500000;
9.1440000;0.9500000;0.9500000;
9.1450000;0.9500000;0.9500000;
9.1460000;0.9500000;0.9500000;
9.1470000;0.9500000;0.9500000;
9.1480000;0.9500000;0.9500000;
9.1490000;0.9500000;0.9500000;
9.1500000;0.9500000;0.9500000;
9.1510000;0.9500000;0.9500000;
9.1520000;0.9500000;0.9500000;
9.1530000;0.9500000;0.9500000;
9.1540000;0.9500000;0.9500000;
9.1550000;0.9500000;0.9500000;
9.1560000;0.9500000;0.9500000;
9.1570000;0.9500000;0.9500000;
9.1580000;0.9500000;0.9500000;
9.1590000;0.9500000;0.9500000;
9.1600000;0.9500000;0.9500000;
9.1610000;0.9500000;0.9500000;
9.1620000;0.9500000;0.9500000;
9.1630000;0.9500000;0.9500000;
9.1640000;0.9500000;0.9500000;
9.1650000;0.9500000;0.9500000;
9.1660000;0.9500000;0.9500000;
9.1670000;0.9500000;0.9500000;
9.1680000;0.9500000;0.9500000;
9.1690000;0.9500000;0.9500000;
9.1700000;0.9500000;0.9500000;
9.1710000;0.9500000;0.9500000;
9.1720000;0.9500000;0.9500000;
9.1730000;0.9500000;0.9500000;
9.1740000;0.9500000;0.9500000;
9.1750000;0.9500000;0.9500000;
9.1760000;0.9500000;0.9500000;
9.1770000;0.9500000;0.9500000;
9.1780000;0.9500000;0.9500000;
9.1790000;0.9500000;0.9500000;
9.1800000;0.9500000;0.9500000;
9.1810000;0.9500000;0.9500000;
9.1820000;0.9500000;0.9500000;
9.1830000;0.9500000;0.9500000;
9.1840000;0.9500000;0.9500000;
9.1850000;0.9500000;0.9500000;
9.1860000;0.9500000;0.9500000;
9.1870000;0.9500000;0.9500000;
9.1880000;0.9500000;0.9500000;
9.1890000;0.9500000;0.9500000;
9.1900000;0.9500000;0.9500000;
9.1910000;0.9500000;0.9500000;
9.1920000;0.9500000;0.9500000;
9.1930000;0.9500000;0.9500000;
9.1940000;0.9500000;0.9500000;
9.1950000;0.9500000;0.9500000;
9.1960000;0.9500000;0.9500000;
9.1970000;0.9500000;0.9500000;
9.1980000;0.9500000;0.9500000;
9.1990000;0.9500000;0.9500000;
9.2000000;0.9500000;0.9500000;
9.2010000;0.9500000;0.9500000;
9.2020000;0.9500000;0.9500000;
9.2030000;0.9500000;0.9500000;
9.2040000;0.9500000;0.9500000;
9.2050000;0.9500000;0.9500000;
9.2060000;0.9500000;0.9500000;
9.2070000;0.9500000;0.9500000;
9.2080000;0.9500000;0.9500000;
9.2090000;0.9500000;0.9500000;
9.2100000;0.9500000;0.9500000;
9.2110000;0.9500000;0.9500000;
9.2120000;0.9500000;0.9500000;
9.2130000;0.9500000;0.9500000;
9.2140000;0.9500000;0.9500000;
9.2150000;0.9500000;0.9500000;
9.2160000;0.9500000;0.9500000;
9.2170000;0.9500000;0.9500000;
9.2180000;0.9500000;0.9500000;
9.2190000;0.9500000;0.9500000;
9.2200000;0.9500000;0.9500000;
9.2210000;0.9500000;0.9500000;
9.2220000;0.9500000;0.9500000;
9.2230000;0.9500000;0.9500000;
9.2240000;0.9500000;0.9500000;
9.2250000;0.9500000;0.9500000;
9.2260000;0.9500000;0.9500000;
9.2270000;0.9500000;0.9500000;
9.2280000;0.9500000;0.9500000;
9.2290000;0.9500000;0.9500000;
9.2300000;0.9500000;0.9500000;
9.2310000;0.9500000;0.9500000;
9.2320000;0.9500000;0.9500000;
9.2330000;0.9500000;0.9500000;
9.2340000;0.9500000;0.9500000;
9.2350000;0.9500000;0.9500000;
9.2360000;0.9500000;0.9500000;
9.2370000;0.9500000;0.9500000;
9.2380000;0.9500000;0.9500000;
9.2390000;0.9500000;0.9500000;
9.2400000;0.9500000;0.9500000;
9.2410000;0.9500000;0.9500000;
9.2420000;0.9500000;0.9500000;
9.2430000;0.9500000;0.9500000;
9.2440000;0.9500000;0.9500000;
9.2450000;0.9500000;0.9500000;
9.2460000;0.9500000;0.9500000;
9.2470000;0.9500000;0.9500000;
9.2480000;0.9500000;0.9500000;
9.2490000;0.9500000;0.9500000;
9.2500000;0.9500000;0.9500000;
9.2510000;0.9500000;0.9500000;
9.2520000;0.9500000;0.9500000;
9.2530000;0.9500000;0.9500000;
9.2540000;0.9500000;0.9500000;
9.2550000;0.9500000;0.9500000;
9.2560000;0.9500000;0.9500000;
9.2570000;0.9500000;0.9500000;
9.2580000;0.9500000;0.9500000;
9.2590000;0.9500000;0.9500000;
9.2600000;0.9500000;0.9500000;
9.2610000;0.9500000;0.9500000;
9.2620000;0.9500000;0.9500000;
9.2630000;0.9500000;0.9500000;
9.2640000;0.9500000;0.9500000;
9.2650000;0.9500000;0.9500000;
9.2660000;0.9500000;0.9500000;
9.2670000;0.9500000;0.9500000;
9.2680000;0.9500000;0.9500000;
9.2690000;0.9500000;0.9500000;
9.2700000;0.9500000;0.9500000;
9.2710000;0.9500000;0.9500000;
9.2720000;0.9500000;0.9500000;
9.2730000;0.9500000;0.9500000;
9.2740000;0.9500000;0.9500000;
9.2750000;0.9500000;0.9500000;
9.2760000;0.9500000;0.9500000;
9.2770000;0.9500000;0.9500000;
9.2780000;0.9500000;0.9500000;
9.2790000;0.9500000;0.9500000;
9.2800000;0.9500000;0.9500000;
9.2810000;0.9500000;0.9500000;
9.2820000;0.9500000;0.9500000;
9.2830000;0.9500000;0.9500000;
9.2840000;0.9500000;0.9500000;
9.2850000;0.9500000;0.9500000;
9.2860000;0.9500000;0.9500000;
9.2870000;0.9500000;0.9500000;
9.2880000;0.9500000;0.9500000;
9.2890000;0.9500000;0.9500000;
9.2900000;0.9500000;0.9500000;
9.2910000;0.9500000;0.9500000;
9.2920000;0.9500000;0.9500000;
9.2930000;0.9500000;0.9500000;
9.2940000;0.9500000;0.9500000;
9.2950000;0.9500000;0.9500000;
9.2960000;0.9500000;0.9500000;
9.2970000;0.9500000;0.9500000;
9.2980000;0.9500000;0.9500000;
9.2990000;0.9500000;0.9500000;
9.3000000;0.9500000;0.9500000;
9.3010000;0.9500000;0.9500000;
9.3020000;0.9500000;0.9500000;
9.3030000;0.9500000;0.9500000;
9.3040000;0.9500000;0.9500000;
9.3050000;0.9500000;0.9500000;
9.3060000;0.9500000;0.9500000;
9.3070000;0.9500000;0.9500000;
9.3080000;0.9500000;0.9500000;
9.3090000;0.9500000;0.9500000;
9.3100000;0.9500000;0.9500000;
9.3110000;0.9500000;0.9500000;
9.3120000;0.9500000;0.9500000;
9.3130000;0.9500000;0.9500000;
9.3140000;0.9500000;0.9500000;
9.3150000;0.9500000;0.9500000;
9.3160000;0.9500000;0.9500000;
9.3170000;0.9500000;0.9500000;
9.3180000;0.9500000;0.9500000;
9.3190000;0.9500000;0.9500000;
9.3200000;0.9500000;0.9500000;
9.3210000;0.9500000;0.9500000;
9.3220000;0.9500000;0.9500000;
9.3230000;0.9500000;0.9500000;
9.3240000;0.9500000;0.9500000;
9.3250000;0.9500000;0.9500000;
9.3260000;0.9500000;0.9500000;
9.3270000;0.9500000;0.9500000;
9.3280000;0.9500000;0.9500000;
9.3290000;0.9500000;0.9500000;
9.3300000;0.9500000;0.9500000;
9.3310000;0.9500000;0.9500000;
9.3320000;0.9500000;0.9500000;
9.3330000;0.9500000;0.9500000;
9.3340000;0.9500000;0.9500000;
9.3350000;0.9500000;0.9500000;
9.3360000;0.9500000;0.9500000;
9.3370000;0.9500000;0.9500000;
9.3380000;0.9500000;0.9500000;
9.3390000;0.9500000;0.9500000;
9.3400000;0.9500000;0.9500000;
9.3410000;0.9500000;0.9500000;
9.3420000;0.9500000;0.9500000;
9.3430000;0.9500000;0.9500000;
9.3440000;0.9500000;0.9500000;
9.3450000;0.9500000;0.9500000;
9.3460000;0.9500000;0.9500000;
9.3470000;0.9500000;0.9500000;
9.3480000;0.9500000;0.9500000;
9.3490000;0.9500000;0.9500000;
9.3500000;0.9500000;0.9500000;
9.3510000;0.9500000;0.9500000;
9.3520000;0.9500000;0.9500000;
9.3530000;0.9500000;0.9500000;
9.3540000;0.9500000;0.9500000;
9.3550000;0.9500000;0.9500000;
9.3560000;0.9500000;0.9500000;
9.3570000;0.9500000;0.9500000;
9.3580000;0.9500000;0.9500000;
9.3590000;0.9500000;0.9500000;
9.3600000;0.9500000;0.9500000;
9.3610000;0.9500000;0.9500000;
9.3620000;0.9500000;0.9500000;
9.3630000;0.9500000;0.9500000;
9.3640000;0.9500000;0.9500000;
9.3650000;0.9500000;0.9500000;
9.3660000;0.9500000;0.9500000;
9.3670000;0.9500000;0.9500000;
9.3680000;0.9500000;0.9500000;
9.3690000;0.9500000;0.9500000;
9.3700000;0.9500000;0.9500000;
9.3710000;0.9500000;0.9500000;
9.3720000;0.9500000;0.9500000;
9.3730000;0.9500000;0.9500000;
9.3740000;0.9500000;0.9500000;
9.3750000;0.9500000;0.9500000;
9.3760000;0.9500000;0.9500000;
9.3770000;0.9500000;0.9500000;
9.3780000;0.9500000;0.9500000;
9.3790000;0.9500000;0.9500000;
9.3800000;0.9500000;0.9500000;
9.3810000;0.9500000;0.9500000;
9.3820000;0.9500000;0.9500000;
9.3830000;0.9500000;0.9500000;
9.3840000;0.9500000;0.9500000;
9.3850000;0.9500000;0.9500000;
9.3860000;0.9500000;0.9500000;
9.3870000;0.9500000;0.9500000;
9.3880000;0.9500000;0.9500000;
9.3890000;0.9500000;0.9500000;
9.3900000;0.9500000;0.9500000;
9.3910000;0.9500000;0.9500000;
9.3920000;0.9500000;0.9500000;
9.3930000;0.9500000;0.9500000;
9.3940000;0.9500000;0.9500000;
9.3950000;0.9500000;0.9500000;
9.3960000;0.9500000;0.9500000;
9.3970000;0.9500000;0.9500000;
9.3980000;0.9500000;0.9500000;
9.3990000;0.9500000;0.9500000;
9.4000000;0.9500000;0.9500000;
9.4010000;0.9500000;0.9500000;
9.4020000;0.9500000;0.9500000;
9.4030000;0.9500000;0.9500000;
9.4040000;0.9500000;0.9500000;
9.4050000;0.9500000;0.9500000;
9.4060000;0.9500000;0.9500000;
9.4070000;0.9500000;0.9500000;
9.4080000;0.9500000;0.9500000;
9.4090000;0.9500000;0.9500000;
9.4100000;0.9500000;0.9500000;
9.4110000;0.9500000;0.9500000;
9.4120000;0.9500000;0.9500000;
9.4130000;0.9500000;0.9500000;
9.4140000;0.9500000;0.9500000;
9.4150000;0.9500000;0.9500000;
9.4160000;0.9500000;0.9500000;
9.4170000;0.9500000;0.9500000;
9.4180000;0.9500000;0.9500000;
9.4190000;0.9500000;0.9500000;
9.4200000;0.9500000;0.9500000;
9.4210000;0.9500000;0.9500000;
9.4220000;0.9500000;0.9500000;
9.4230000;0.9500000;0.9500000;
9.4240000;0.9500000;0.9500000;
9.4250000;0.9500000;0.9500000;
9.4260000;0.9500000;0.9500000;
9.4270000;0.9500000;0.9500000;
9.4280000;0.9500000;0.9500000;
9.4290000;0.9500000;0.9500000;
9.4300000;0.9500000;0.9500000;
9.4310000;0.9500000;0.9500000;
9.4320000;0.9500000;0.9500000;
9.4330000;0.9500000;0.9500000;
9.4340000;0.9500000;0.9500000;
9.4350000;0.9500000;0.9500000;
9.4360000;0.9500000;0.9500000;
9.4370000;0.9500000;0.9500000;
9.4380000;0.9500000;0.9500000;
9.4390000;0.9500000;0.9500000;
9.4400000;0.9500000;0.9500000;
9.4410000;0.9500000;0.9500000;
9.4420000;0.9500000;0.9500000;
9.4430000;0.9500000;0.9500000;
9.4440000;0.9500000;0.9500000;
9.4450000;0.9500000;0.9500000;
9.4460000;0.9500000;0.9500000;
9.4470000;0.9500000;0.9500000;
9.4480000;0.9500000;0.9500000;
9.4490000;0.9500000;0.9500000;
9.4500000;0.9500000;0.9500000;
9.4510000;0.9500000;0.9500000;
9.4520000;0.9500000;0.9500000;
9.4530000;0.9500000;0.9500000;
9.4540000;0.9500000;0.9500000;
9.4550000;0.9500000;0.9500000;
9.4560000;0.9500000;0.9500000;
9.4570000;0.9500000;0.9500000;
9.4580000;0.9500000;0.9500000;
9.4590000;0.9500000;0.9500000;
9.4600000;0.9500000;0.9500000;
9.4610000;0.9500000;0.9500000;
9.4620000;0.9500000;0.9500000;
9.4630000;0.9500000;0.9500000;
9.4640000;0.9500000;0.9500000;
9.4650000;0.9500000;0.9500000;
9.4660000;0.9500000;0.9500000;
9.4670000;0.9500000;0.9500000;
9.4680000;0.9500000;0.9500000;
9.4690000;0.9500000;0.9500000;
9.4700000;0.9500000;0.9500000;
9.4710000;0.9500000;0.9500000;
9.4720000;0.9500000;0.9500000;
9.4730000;0.9500000;0.9500000;
9.4740000;0.9500000;0.9500000;
9.4750000;0.9500000;0.9500000;
9.4760000;0.9500000;0.9500000;
9.4770000;0.9500000;0.9500000;
9.4780000;0.9500000;0.9500000;
9.4790000;0.9500000;0.9500000;
9.4800000;0.9500000;0.9500000;
9.4810000;0.9500000;0.9500000;
9.4820000;0.9500000;0.9500000;
9.4830000;0.9500000;0.9500000;
9.4840000;0.9500000;0.9500000;
9.4850000;0.9500000;0.9500000;
9.4860000;0.9500000;0.9500000;
9.4870000;0.9500000;0.9500000;
9.4880000;0.9500000;0.9500000;
9.4890000;0.9500000;0.9500000;
9.4900000;0.9500000;0.9500000;
9.4910000;0.9500000;0.9500000;
9.4920000;0.9500000;0.9500000;
9.4930000;0.9500000;0.9500000;
9.4940000;0.9500000;0.9500000;
9.4950000;0.9500000;0.9500000;
9.4960000;0.9500000;0.9500000;
9.4970000;0.9500000;0.9500000;
9.4980000;0.9500000;0.9500000;
9.4990000;0.9500000;0.9500000;
9.5000000;0.9500000;0.9500000;
9.5010000;0.9500000;0.9500000;
9.5020000;0.9500000;0.9500000;
9.5030000;0.9500000;0.9500000;
9.5040000;0.9500000;0.9500000;
9.5050000;0.9500000;0.9500000;
9.5060000;0.9500000;0.9500000;
9.5070000;0.9500000;0.9500000;
9.5080000;0.9500000;0.9500000;
9.5090000;0.9500000;0.9500000;
9.5100000;0.9500000;0.9500000;
9.5110000;0.9500000;0.9500000;
9.5120000;0.9500000;0.9500000;
9.5130000;0.9500000;0.9500000;
9.5140000;0.9500000;0.9500000;
9.5150000;0.9500000;0.9500000;
9.5160000;0.9500000;0.9500000;
9.5170000;0.9500000;0.9500000;
9.5180000;0.9500000;0.9500000;
9.5190000;0.9500000;0.9500000;
9.5200000;0.9500000;0.9500000;
9.5210000;0.9500000;0.9500000;
9.5220000;0.9500000;0.9500000;
9.5230000;0.9500000;0.9500000;
9.5240000;0.9500000;0.9500000;
9.5250000;0.9500000;0.9500000;
9.5260000;0.9500000;0.9500000;
9.5270000;0.9500000;0.9500000;
9.5280000;0.9500000;0.9500000;
9.5290000;0.9500000;0.9500000;
9.5300000;0.9500000;0.9500000;
9.5310000;0.9500000;0.9500000;
9.5320000;0.9500000;0.9500000;
9.5330000;0.9500000;0.9500000;
9.5340000;0.9500000;0.9500000;
9.5350000;0.9500000;0.9500000;
9.5360000;0.9500000;0.9500000;
9.5370000;0.9500000;0.9500000;
9.5380000;0.9500000;0.9500000;
9.5390000;0.9500000;0.9500000;
9.5400000;0.9500000;0.9500000;
9.5410000;0.9500000;0.9500000;
9.5420000;0.9500000;0.9500000;
9.5430000;0.9500000;0.9500000;
9.5440000;0.9500000;0.9500000;
9.5450000;0.9500000;0.9500000;
9.5460000;0.9500000;0.9500000;
9.5470000;0.9500000;0.9500000;
9.5480000;0.9500000;0.9500000;
9.5490000;0.9500000;0.9500000;
9.5500000;0.9500000;0.9500000;
9.5510000;0.9500000;0.9500000;
9.5520000;0.9500000;0.9500000;
9.5530000;0.9500000;0.9500000;
9.5540000;0.9500000;0.9500000;
9.5550000;0.9500000;0.9500000;
9.5560000;0.9500000;0.9500000;
9.5570000;0.9500000;0.9500000;
9.5580000;0.9500000;0.9500000;
9.5590000;0.9500000;0.9500000;
9.5600000;0.9500000;0.9500000;
9.5610000;0.9500000;0.9500000;
9.5620000;0.9500000;0.9500000;
9.5630000;0.9500000;0.9500000;
9.5640000;0.9500000;0.9500000;
9.5650000;0.9500000;0.9500000;
9.5660000;0.9500000;0.9500000;
9.5670000;0.9500000;0.9500000;
9.5680000;0.9500000;0.9500000;
9.5690000;0.9500000;0.9500000;
9.5700000;0.9500000;0.9500000;
9.5710000;0.9500000;0.9500000;
9.5720000;0.9500000;0.9500000;
9.5730000;0.9500000;0.9500000;
9.5740000;0.9500000;0.9500000;
9.5750000;0.9500000;0.9500000;
9.5760000;0.9500000;0.9500000;
9.5770000;0.9500000;0.9500000;
9.5780000;0.9500000;0.9500000;
9.5790000;0.9500000;0.9500000;
9.5800000;0.9500000;0.9500000;
9.5810000;0.9500000;0.9500000;
9.5820000;0.9500000;0.9500000;
9.5830000;0.9500000;0.9500000;
9.5840000;0.9500000;0.9500000;
9.5850000;0.9500000;0.9500000;
9.5860000;0.9500000;0.9500000;
9.5870000;0.9500000;0.9500000;
9.5880000;0.9500000;0.9500000;
9.5890000;0.9500000;0.9500000;
9.5900000;0.9500000;0.9500000;
9.5910000;0.9500000;0.9500000;
9.5920000;0.9500000;0.9500000;
9.5930000;0.9500000;0.9500000;
9.5940000;0.9500000;0.9500000;
9.5950000;0.9500000;0.9500000;
9.5960000;0.9500000;0.9500000;
9.5970000;0.9500000;0.9500000;
9.5980000;0.9500000;0.9500000;
9.5990000;0.9500000;0.9500000;
9.6000000;0.9500000;0.9500000;
9.6010000;0.9500000;0.9500000;
9.6020000;0.9500000;0.9500000;
9.6030000;0.9500000;0.9500000;
9.6040000;0.9500000;0.9500000;
9.6050000;0.9500000;0.9500000;
9.6060000;0.9500000;0.9500000;
9.6070000;0.9500000;0.9500000;
9.6080000;0.9500000;0.9500000;
9.6090000;0.9500000;0.9500000;
9.6100000;0.9500000;0.9500000;
9.6110000;0.9500000;0.9500000;
9.6120000;0.9500000;0.9500000;
9.6130000;0.9500000;0.9500000;
9.6140000;0.9500000;0.9500000;
9.6150000;0.9500000;0.9500000;
9.6160000;0.9500000;0.9500000;
9.6170000;0.9500000;0.9500000;
9.6180000;0.9500000;0.9500000;
9.6190000;0.9500000;0.9500000;
9.6200000;0.9500000;0.9500000;
9.6210000;0.9500000;0.9500000;
9.6220000;0.9500000;0.9500000;
9.6230000;0.9500000;0.9500000;
9.6240000;0.9500000;0.9500000;
9.6250000;0.9500000;0.9500000;
9.6260000;0.9500000;0.9500000;
9.6270000;0.9500000;0.9500000;
9.6280000;0.9500000;0.9500000;
9.6290000;0.9500000;0.9500000;
9.6300000;0.9500000;0.9500000;
9.6310000;0.9500000;0.9500000;
9.6320000;0.9500000;0.9500000;
9.6330000;0.9500000;0.9500000;
9.6340000;0.9500000;0.9500000;
9.6350000;0.9500000;0.9500000;
9.6360000;0.9500000;0.9500000;
9.6370000;0.9500000;0.9500000;
9.6380000;0.9500000;0.9500000;
9.6390000;0.9500000;0.9500000;
9.6400000;0.9500000;0.9500000;
9.6410000;0.9500000;0.9500000;
9.6420000;0.9500000;0.9500000;
9.6430000;0.9500000;0.9500000;
9.6440000;0.9500000;0.9500000;
9.6450000;0.9500000;0.9500000;
9.6460000;0.9500000;0.9500000;
9.6470000;0.9500000;0.9500000;
9.6480000;0.9500000;0.9500000;
9.6490000;0.9500000;0.9500000;
9.6500000;0.9500000;0.9500000;
9.6510000;0.9500000;0.9500000;
9.6520000;0.9500000;0.9500000;
9.6530000;0.9500000;0.9500000;
9.6540000;0.9500000;0.9500000;
9.6550000;0.9500000;0.9500000;
9.6560000;0.9500000;0.9500000;
9.6570000;0.9500000;0.9500000;
9.6580000;0.9500000;0.9500000;
9.6590000;0.9500000;0.9500000;
9.6600000;0.9500000;0.9500000;
9.6610000;0.9500000;0.9500000;
9.6620000;0.9500000;0.9500000;
9.6630000;0.9500000;0.9500000;
9.6640000;0.9500000;0.9500000;
9.6650000;0.9500000;0.9500000;
9.6660000;0.9500000;0.9500000;
9.6670000;0.9500000;0.9500000;
9.6680000;0.9500000;0.9500000;
9.6690000;0.9500000;0.9500000;
9.6700000;0.9500000;0.9500000;
9.6710000;0.9500000;0.9500000;
9.6720000;0.9500000;0.9500000;
9.6730000;0.9500000;0.9500000;
9.6740000;0.9500000;0.9500000;
9.6750000;0.9500000;0.9500000;
9.6760000;0.9500000;0.9500000;
9.6770000;0.9500000;0.9500000;
9.6780000;0.9500000;0.9500000;
9.6790000;0.9500000;0.9500000;
9.6800000;0.9500000;0.9500000;
9.6810000;0.9500000;0.9500000;
9.6820000;0.9500000;0.9500000;
9.6830000;0.9500000;0.9500000;
9.6840000;0.9500000;0.9500000;
9.6850000;0.9500000;0.9500000;
9.6860000;0.9500000;0.9500000;
9.6870000;0.9500000;0.9500000;
9.6880000;0.9500000;0.9500000;
9.6890000;0.9500000;0.9500000;
9.6900000;0.9500000;0.9500000;
9.6910000;0.9500000;0.9500000;
9.6920000;0.9500000;0.9500000;
9.6930000;0.9500000;0.9500000;
9.6940000;0.9500000;0.9500000;
9.6950000;0.9500000;0.9500000;
9.6960000;0.9500000;0.9500000;
9.6970000;0.9500000;0.9500000;
9.6980000;0.9500000;0.9500000;
9.6990000;0.9500000;0.9500000;
9.7000000;0.9500000;0.9500000;
9.7010000;0.9500000;0.9500000;
9.7020000;0.9500000;0.9500000;
9.7030000;0.9500000;0.9500000;
9.7040000;0.9500000;0.9500000;
9.7050000;0.9500000;0.9500000;
9.7060000;0.9500000;0.9500000;
9.7070000;0.9500000;0.9500000;
9.7080000;0.9500000;0.9500000;
9.7090000;0.9500000;0.9500000;
9.7100000;0.9500000;0.9500000;
9.7110000;0.9500000;0.9500000;
9.7120000;0.9500000;0.9500000;
9.7130000;0.9500000;0.9500000;
9.7140000;0.9500000;0.9500000;
9.7150000;0.9500000;0.9500000;
9.7160000;0.9500000;0.9500000;
9.7170000;0.9500000;0.9500000;
9.7180000;0.9500000;0.9500000;
9.7190000;0.9500000;0.9500000;
9.7200000;0.9500000;0.9500000;
9.7210000;0.9500000;0.9500000;
9.7220000;0.9500000;0.9500000;
9.7230000;0.9500000;0.9500000;
9.7240000;0.9500000;0.9500000;
9.7250000;0.9500000;0.9500000;
9.7260000;0.9500000;0.9500000;
9.7270000;0.9500000;0.9500000;
9.7280000;0.9500000;0.9500000;
9.7290000;0.9500000;0.9500000;
9.7300000;0.9500000;0.9500000;
9.7310000;0.9500000;0.9500000;
9.7320000;0.9500000;0.9500000;
9.7330000;0.9500000;0.9500000;
9.7340000;0.9500000;0.9500000;
9.7350000;0.9500000;0.9500000;
9.7360000;0.9500000;0.9500000;
9.7370000;0.9500000;0.9500000;
9.7380000;0.9500000;0.9500000;
9.7390000;0.9500000;0.9500000;
9.7400000;0.9500000;0.9500000;
9.7410000;0.9500000;0.9500000;
9.7420000;0.9500000;0.9500000;
9.7430000;0.9500000;0.9500000;
9.7440000;0.9500000;0.9500000;
9.7450000;0.9500000;0.9500000;
9.7460000;0.9500000;0.9500000;
9.7470000;0.9500000;0.9500000;
9.7480000;0.9500000;0.9500000;
9.7490000;0.9500000;0.9500000;
9.7500000;0.9500000;0.9500000;
9.7510000;0.9500000;0.9500000;
9.7520000;0.9500000;0.9500000;
9.7530000;0.9500000;0.9500000;
9.7540000;0.9500000;0.9500000;
9.7550000;0.9500000;0.9500000;
9.7560000;0.9500000;0.9500000;
9.7570000;0.9500000;0.9500000;
9.7580000;0.9500000;0.9500000;
9.7590000;0.9500000;0.9500000;
9.7600000;0.9500000;0.9500000;
9.7610000;0.9500000;0.9500000;
9.7620000;0.9500000;0.9500000;
9.7630000;0.9500000;0.9500000;
9.7640000;0.9500000;0.9500000;
9.7650000;0.9500000;0.9500000;
9.7660000;0.9500000;0.9500000;
9.7670000;0.9500000;0.9500000;
9.7680000;0.9500000;0.9500000;
9.7690000;0.9500000;0.9500000;
9.7700000;0.9500000;0.9500000;
9.7710000;0.9500000;0.9500000;
9.7720000;0.9500000;0.9500000;
9.7730000;0.9500000;0.9500000;
9.7740000;0.9500000;0.9500000;
9.7750000;0.9500000;0.9500000;
9.7760000;0.9500000;0.9500000;
9.7770000;0.9500000;0.9500000;
9.7780000;0.9500000;0.9500000;
9.7790000;0.9500000;0.9500000;
9.7800000;0.9500000;0.9500000;
9.7810000;0.9500000;0.9500000;
9.7820000;0.9500000;0.9500000;
9.7830000;0.9500000;0.9500000;
9.7840000;0.9500000;0.9500000;
9.7850000;0.9500000;0.9500000;
9.7860000;0.9500000;0.9500000;
9.7870000;0.9500000;0.9500000;
9.7880000;0.9500000;0.9500000;
9.7890000;0.9500000;0.9500000;
9.7900000;0.9500000;0.9500000;
9.7910000;0.9500000;0.9500000;
9.7920000;0.9500000;0.9500000;
9.7930000;0.9500000;0.9500000;
9.7940000;0.9500000;0.9500000;
9.7950000;0.9500000;0.9500000;
9.7960000;0.9500000;0.9500000;
9.7970000;0.9500000;0.9500000;
9.7980000;0.9500000;0.9500000;
9.7990000;0.9500000;0.9500000;
9.8000000;0.9500000;0.9500000;
9.8010000;0.9500000;0.9500000;
9.8020000;0.9500000;0.9500000;
9.8030000;0.9500000;0.9500000;
9.8040000;0.9500000;0.9500000;
9.8050000;0.9500000;0.9500000;
9.8060000;0.9500000;0.9500000;
9.8070000;0.9500000;0.9500000;
9.8080000;0.9500000;0.9500000;
9.8090000;0.9500000;0.9500000;
9.8100000;0.9500000;0.9500000;
9.8110000;0.9500000;0.9500000;
9.8120000;0.9500000;0.9500000;
9.8130000;0.9500000;0.9500000;
9.8140000;0.9500000;0.9500000;
9.8150000;0.9500000;0.9500000;
9.8160000;0.9500000;0.9500000;
9.8170000;0.9500000;0.9500000;
9.8180000;0.9500000;0.9500000;
9.8190000;0.9500000;0.9500000;
9.8200000;0.9500000;0.9500000;
9.8210000;0.9500000;0.9500000;
9.8220000;0.9500000;0.9500000;
9.8230000;0.9500000;0.9500000;
9.8240000;0.9500000;0.9500000;
9.8250000;0.9500000;0.9500000;
9.8260000;0.9500000;0.9500000;
9.8270000;0.9500000;0.9500000;
9.8280000;0.9500000;0.9500000;
9.8290000;0.9500000;0.9500000;
9.8300000;0.9500000;0.9500000;
9.8310000;0.9500000;0.9500000;
9.8320000;0.9500000;0.9500000;
9.8330000;0.9500000;0.9500000;
9.8340000;0.9500000;0.9500000;
9.8350000;0.9500000;0.9500000;
9.8360000;0.9500000;0.9500000;
9.8370000;0.9500000;0.9500000;
9.8380000;0.9500000;0.9500000;
9.8390000;0.9500000;0.9500000;
9.8400000;0.9500000;0.9500000;
9.8410000;0.9500000;0.9500000;
9.8420000;0.9500000;0.9500000;
9.8430000;0.9500000;0.9500000;
9.8440000;0.9500000;0.9500000;
9.8450000;0.9500000;0.9500000;
9.8460000;0.9500000;0.9500000;
9.8470000;0.9500000;0.9500000;
9.8480000;0.9500000;0.9500000;
9.8490000;0.9500000;0.9500000;
9.8500000;0.9500000;0.9500000;
9.8510000;0.9500000;0.9500000;
9.8520000;0.9500000;0.9500000;
9.8530000;0.9500000;0.9500000;
9.8540000;0.9500000;0.9500000;
9.8550000;0.9500000;0.9500000;
9.8560000;0.9500000;0.9500000;
9.8570000;0.9500000;0.9500000;
9.8580000;0.9500000;0.9500000;
9.8590000;0.9500000;0.9500000;
9.8600000;0.9500000;0.9500000;
9.8610000;0.9500000;0.9500000;
9.8620000;0.9500000;0.9500000;
9.8630000;0.9500000;0.9500000;
9.8640000;0.9500000;0.9500000;
9.8650000;0.9500000;0.9500000;
9.8660000;0.9500000;0.9500000;
9.8670000;0.9500000;0.9500000;
9.8680000;0.9500000;0.9500000;
9.8690000;0.9500000;0.9500000;
9.8700000;0.9500000;0.9500000;
9.8710000;0.9500000;0.9500000;
9.8720000;0.9500000;0.9500000;
9.8730000;0.9500000;0.9500000;
9.8740000;0.9500000;0.9500000;
9.8750000;0.9500000;0.9500000;
9.8760000;0.9500000;0.9500000;
9.8770000;0.9500000;0.9500000;
9.8780000;0.9500000;0.9500000;
9.8790000;0.9500000;0.9500000;
9.8800000;0.9500000;0.9500000;
9.8810000;0.9500000;0.9500000;
9.8820000;0.9500000;0.9500000;
9.8830000;0.9500000;0.9500000;
9.8840000;0.9500000;0.9500000;
9.8850000;0.9500000;0.9500000;
9.8860000;0.9500000;0.9500000;
9.8870000;0.9500000;0.9500000;
9.8880000;0.9500000;0.9500000;
9.8890000;0.9500000;0.9500000;
9.8900000;0.9500000;0.9500000;
9.8910000;0.9500000;0.9500000;
9.8920000;0.9500000;0.9500000;
9.8930000;0.9500000;0.9500000;
9.8940000;0.9500000;0.9500000;
9.8950000;0.9500000;0.9500000;
9.8960000;0.9500000;0.9500000;
9.8970000;0.9500000;0.9500000;
9.8980000;0.9500000;0.9500000;
9.8990000;0.9500000;0.9500000;
9.9000000;0.9500000;0.9500000;
9.9010000;0.9500000;0.9500000;
9.9020000;0.9500000;0.9500000;
9.9030000;0.9500000;0.9500000;
9.9040000;0.9500000;0.9500000;
9.9050000;0.9500000;0.9500000;
9.9060000;0.9500000;0.9500000;
9.9070000;0.9500000;0.9500000;
9.9080000;0.9500000;0.9500000;
9.9090000;0.9500000;0.9500000;
9.9100000;0.9500000;0.9500000;
9.9110000;0.9500000;0.9500000;
9.9120000;0.9500000;0.9500000;
9.9130000;0.9500000;0.9500000;
9.9140000;0.9500000;0.9500000;
9.9150000;0.9500000;0.9500000;
9.9160000;0.9500000;0.9500000;
9.9170000;0.9500000;0.9500000;
9.9180000;0.9500000;0.9500000;
9.9190000;0.9500000;0.9500000;
9.9200000;0.9500000;0.9500000;
9.9210000;0.9500000;0.9500000;
9.9220000;0.9500000;0.9500000;
9.9230000;0.9500000;0.9500000;
9.9240000;0.9500000;0.9500000;
9.9250000;0.9500000;0.9500000;
9.9260000;0.9500000;0.9500000;
9.9270000;0.9500000;0.9500000;
9.9280000;0.9500000;0.9500000;
9.9290000;0.9500000;0.9500000;
9.9300000;0.9500000;0.9500000;
9.9310000;0.9500000;0.9500000;
9.9320000;0.9500000;0.9500000;
9.9330000;0.9500000;0.9500000;
9.9340000;0.9500000;0.9500000;
9.9350000;0.9500000;0.9500000;
9.9360000;0.9500000;0.9500000;
9.9370000;0.9500000;0.9500000;
9.9380000;0.9500000;0.9500000;
9.9390000;0.9500000;0.9500000;
9.9400000;0.9500000;0.9500000;
9.9410000;0.9500000;0.9500000;
9.9420000;0.9500000;0.9500000;
9.9430000;0.9500000;0.9500000;
9.9440000;0.9500000;0.9500000;
9.9450000;0.9500000;0.9500000;
9.9460000;0.9500000;0.9500000;
9.9470000;0.9500000;0.9500000;
9.9480000;0.9500000;0.9500000;
9.9490000;0.9500000;0.9500000;
9.9500000;0.9500000;0.9500000;
9.9510000;0.9500000;0.9500000;
9.9520000;0.9500000;0.9500000;
9.9530000;0.9500000;0.9500000;
9.9540000;0.9500000;0.9500000;
9.9550000;0.9500000;0.9500000;
9.9560000;0.9500000;0.9500000;
9.9570000;0.9500000;0.9500000;
9.9580000;0.9500000;0.9500000;
9.9590000;0.9500000;0.9500000;
9.9600000;0.9500000;0.9500000;
9.9610000;0.9500000;0.9500000;
9.9620000;0.9500000;0.9500000;
9.9630000;0.9500000;0.9500000;
9.9640000;0.9500000;0.9500000;
9.9650000;0.9500000;0.9500000;
9.9660000;0.9500000;0.9500000;
9.9670000;0.9500000;0.9500000;
9.9680000;0.9500000;0.9500000;
9.9690000;0.9500000;0.9500000;
9.9700000;0.9500000;0.9500000;
9.9710000;0.9500000;0.9500000;
9.9720000;0.9500000;0.9500000;
9.9730000;0.9500000;0.9500000;
9.9740000;0.9500000;0.9500000;
9.9750000;0.9500000;0.9500000;
9.9760000;0.9500000;0.9500000;
9.9770000;0.9500000;0.9500000;
9.9780000;0.9500000;0.9500000;
9.9790000;0.9500000;0.9500000;
9.9800000;0.9500000;0.9500000;
9.9810000;0.9500000;0.9500000;
9.9820000;0.9500000;0.9500000;
9.9830000;0.9500000;0.9500000;
9.9840000;0.9500000;0.9500000;
9.9850000;0.9500000;0.9500000;
9.9860000;0.9500000;0.9500000;
9.9870000;0.9500000;0.9500000;
9.9880000;0.9500000;0.9500000;
9.9890000;0.9500000;0.9500000;
9.9900000;0.9500000;0.9500000;
9.9910000;0.9500000;0.9500000;
9.9920000;0.9500000;0.9500000;
9.9930000;0.9500000;0.9500000;
9.9940000;0.9500000;0.9500000;
9.9950000;0.9500000;0.9500000;
9.9960000;0.9500000;0.9500000;
9.9970000;0.9500000;0.9500000;
9.9980000;0.9500000;0.9500000;
9.9990000;0.9500000;0.9500000;
10.0000000;0.9500000;0.9500000;
10.0010000;0.8040459;0.9500000;
10.0020000;0.6473598;0.9500000;
10.0030000;0.5413429;0.9500000;
10.0040000;0.4609749;0.9500000;
10.0050000;0.3928564;0.9500000;
10.0060000;0.3352161;0.9500000;
10.0070000;0.2898286;0.9500000;
10.0080000;0.2577800;0.9500000;
10.0090000;0.2382725;0.9500000;
10.0100000;0.2291497;0.9500000;
10.0110000;0.2276395;0.9500000;
10.0120000;0.2310029;0.9500000;
10.0130000;0.2369347;0.9500000;
10.0140000;0.2437303;0.9500000;
10.0150000;0.2502873;0.9500000;
10.0160000;0.2560149;0.9500000;
10.0170000;0.2607042;0.9500000;
10.0180000;0.2643978;0.9500000;
10.0190000;0.2672785;0.9500000;
10.0200000;0.2695838;0.9500000;
10.0210000;0.2715488;0.9500000;
10.0220000;0.2733729;0.9500000;
10.0230000;0.2752055;0.9500000;
10.0240000;0.2771441;0.9500000;
10.0250000;0.2792416;0.9500000;
10.0260000;0.2815157;0.9500000;
10.0270000;0.2839611;0.9500000;
10.0280000;0.2865584;0.9500000;
10.0290000;0.2892829;0.9500000;
10.0300000;0.2921093;0.9500000;
10.0310000;0.2950155;0.9500000;
10.0320000;0.2979839;0.9500000;
10.0330000;0.3010020;0.9500000;
10.0340000;0.3040612;0.9500000;
10.0350000;0.3071566;0.9500000;
10.0360000;0.3102857;0.9500000;
10.0370000;0.3134471;0.9500000;
10.0380000;0.3166406;0.9500000;
10.0390000;0.3198658;0.9500000;
10.0400000;0.3231222;0.9500000;
10.0410000;0.3264090;0.9500000;
10.0420000;0.3297252;0.9500000;
10.0430000;0.3330693;0.9500000;
10.0440000;0.3364396;0.9500000;
10.0450000;0.3398342;0.9500000;
10.0460000;0.3432512;0.9500000;
10.0470000;0.3466888;0.9500000;
10.0480000;0.3501450;0.9500000;
10.0490000;0.3536180;0.9500000;
10.0500000;0.3571062;0.9500000;
10.0510000;0.3606079;0.9500000;
10.0520000;0.3641217;0.9500000;
10.0530000;0.3676461;0.9500000;
10.0540000;0.3711798;0.9500000;
10.0550000;0.3747215;0.9500000;
10.0560000;0.3782698;0.9500000;
10.0570000;0.3818238;0.9500000;
10.0580000;0.3853821;0.9500000;
10.0590000;0.3889437;0.9500000;
10.0600000;0.3925075;0.9500000;
10.0610000;0.3960726;0.9500000;
10.0620000;0.3996378;0.9500000;
10.0630000;0.4032023;0.9500000;
10.0640000;0.4067651;0.9500000;
10.0650000;0.4103254;0.9500000;
10.0660000;0.4138822;0.9500000;
10.0670000;0.4174349;0.9500000;
10.0680000;0.4209825;0.9500000;
10.0690000;0.4245244;0.9500000;
10.0700000;0.4280598;0.9500000;
10.0710000;0.4315880;0.9500000;
10.0720000;0.4351084;0.9500000;
10.0730000;0.4386204;0.9500000;
10.0740000;0.4421232;0.9500000;
10.0750000;0.4456165;0.9500000;
10.0760000;0.4490995;0.9500000;
10.0770000;0.4525719;0.9500000;
10.0780000;0.4560330;0.9500000;
10.0790000;0.4594824;0.9500000;
10.0800000;0.4629196;0.9500000;
10.0810000;0.4663442;0.9500000;
10.0820000;0.4697557;0.9500000;
10.0830000;0.4731539;0.9500000;
10.0840000;0.4765382;0.9500000;
10.0850000;0.4799083;0.9500000;
10.0860000;0.4832640;0.9500000;
10.0870000;0.4866048;0.9500000;
10.0880000;0.4899304;0.9500000;
10.0890000;0.4932406;0.9500000;
10.0900000;0.4965351;0.9500000;
10.0910000;0.4998137;0.9500000;
10.0920000;0.5030760;0.9500000;
10.0930000;0.5063219;0.9500000;
10.0940000;0.5095511;0.9500000;
10.0950000;0.5127634;0.9500000;
10.0960000;0.5159587;0.9500000;
10.0970000;0.5191367;0.9500000;
10.0980000;0.5222973;0.9500000;
10.0990000;0.5254404;0.9500000;
10.1000000;0.5285657;0.9500000;
10.1010000;0.5316732;0.9500000;
10.1020000;0.5347628;0.9500000;
10.1030000;0.5378343;0.9500000;
10.1040000;0.5408875;0.9500000;
10.1050000;0.5439226;0.9500000;
10.1060000;0.5469392;0.9500000;
10.1070000;0.5499374;0.9500000;
10.1080000;0.5529171;0.9500000;
10.1090000;0.5558783;0.9500000;
10.1100000;0.5588208;0.9500000;
10.1110000;0.5617447;0.9500000;
10.1120000;0.5646498;0.9500000;
10.1130000;0.5675363;0.9500000;
10.1140000;0.5704039;0.9500000;
10.1150000;0.5732528;0.9500000;
10.1160000;0.5760830;0.9500000;
10.1170000;0.5788943;0.9500000;
10.1180000;0.5816868;0.9500000;
10.1190000;0.5844605;0.9500000;
10.1200000;0.5872155;0.9500000;
10.1210000;0.5899517;0.9500000;
10.1220000;0.5926691;0.9500000;
10.1230000;0.5953678;0.9500000;
10.1240000;0.5980478;0.9500000;
10.1250000;0.6007092;0.9500000;
10.1260000;0.6033520;0.9500000;
10.1270000;0.6059761;0.9500000;
10.1280000;0.6085817;0.9500000;
10.1290000;0.6111689;0.9500000;
10.1300000;0.6137376;0.9500000;
10.1310000;0.6162879;0.9500000;
10.1320000;0.6188198;0.9500000;
10.1330000;0.6213335;0.9500000;
10.1340000;0.6238291;0.9500000;
10.1350000;0.6263064;0.9500000;
10.1360000;0.6287657;0.9500000;
10.1370000;0.6312070;0.9500000;
10.1380000;0.6336304;0.9500000;
10.1390000;0.6360359;0.9500000;
10.1400000;0.6384237;0.9500000;
10.1410000;0.6407937;0.9500000;
10.1420000;0.6431462;0.9500000;
10.1430000;0.6454811;0.9500000;
10.1440000;0.6477986;0.9500000;
10.1450000;0.6500987;0.9500000;
10.1460000;0.6523816;0.9500000;
10.1470000;0.6546472;0.9500000;
10.1480000;0.6568958;0.9500000;
10.1490000;0.6591274;0.9500000;
10.1500000;0.6613421;0.9500000;
10.1510000;0.6635399;0.9500000;
10.1520000;0.6658799;0.9500000;
10.1530000;0.6680725;0.9500000;
10.1540000;0.6702279;0.9500000;
10.1550000;0.6723535;0.9500000;
10.1560000;0.6744557;0.9500000;
10.1570000;0.6765393;0.9500000;
10.1580000;0.6786077;0.9500000;
10.1590000;0.6806624;0.9500000;
10.1600000;0.6827042;0.9500000;
10.1610000;0.6847330;0.9500000;
10.1620000;0.6867485;0.9500000;
10.1630000;0.6887501;0.9500000;
10.1640000;0.6907372;0.9500000;
10.1650000;0.6927094;0.9500000;
10.1660000;0.6946664;0.9500000;
10.1670000;0.6966080;0.9500000;
10.1680000;0.6985342;0.9500000;
10.1690000;0.7004450;0.9500000;
10.1700000;0.7023407;0.9500000;
10.1710000;0.7042214;0.9500000;
10.1720000;0.7060873;0.9500000;
10.1730000;0.7079384;0.9500000;
10.1740000;0.7097751;0.9500000;
10.1750000;0.7115973;0.9500000;
10.1760000;0.7134054;0.9500000;
10.1770000;0.7151992;0.9500000;
10.1780000;0.7169791;0.9500000;
10.1790000;0.7187450;0.9500000;
10.1800000;0.7204970;0.9500000;
10.1810000;0.7222353;0.9500000;
10.1820000;0.7239600;0.9500000;
10.1830000;0.7256711;0.9500000;
10.1840000;0.7273688;0.9500000;
10.1850000;0.7290531;0.9500000;
10.1860000;0.7307241;0.9500000;
10.1870000;0.7323820;0.9500000;
10.1880000;0.7340268;0.9500000;
10.1890000;0.7356587;0.9500000;
10.1900000;0.7372777;0.9500000;
10.1910000;0.7388840;0.9500000;
10.1920000;0.7404776;0.9500000;
10.1930000;0.7420586;0.9500000;
10.1940000;0.7436272;0.9500000;
10.1950000;0.7451834;0.9500000;
10.1960000;0.7467274;0.9500000;
10.1970000;0.7482592;0.9500000;
10.1980000;0.7497789;0.9500000;
10.1990000;0.7512866;0.9500000;
10.2000000;0.7527825;0.9500000;
10.2010000;0.7542665;0.9500000;
10.2020000;0.7557389;0.9500000;
10.2030000;0.7571996;0.9500000;
10.2040000;0.7586489;0.9500000;
10.2050000;0.7600867;0.9500000;
10.2060000;0.7615132;0.9500000;
10.2070000;0.7629284;0.9500000;
10.2080000;0.7643325;0.9500000;
10.2090000;0.7657255;0.9500000;
10.2100000;0.7671076;0.9500000;
10.2110000;0.7684788;0.9500000;
10.2120000;0.7698391;0.9500000;
10.2130000;0.7711888;0.9500000;
10.2140000;0.7725279;0.9500000;
10.2150000;0.7738564;0.9500000;
10.2160000;0.7751744;0.9500000;
10.2170000;0.7764821;0.9500000;
10.2180000;0.7777795;0.9500000;
10.2190000;0.7790668;0.9500000;
10.2200000;0.7803439;0.9500000;
10.2210000;0.7816109;0.9500000;
10.2220000;0.7828680;0.9500000;
10.2230000;0.7841153;0.9500000;
10.2240000;0.7853527;0.9500000;
10.2250000;0.7865805;0.9500000;
10.2260000;0.7877986;0.9500000;
10.2270000;0.7890072;0.9500000;
10.2280000;0.7902063;0.9500000;
10.2290000;0.7913960;0.9500000;
10.2300000;0.7925763;0.9500000;
10.2310000;0.7937475;0.9500000;
10.2320000;0.7949095;0.9500000;
10.2330000;0.7960623;0.9500000;
10.2340000;0.7972062;0.9500000;
10.2350000;0.7983411;0.9500000;
10.2360000;0.7994672;0.9500000;
10.2370000;0.8005844;0.9500000;
10.2380000;0.8016930;0.9500000;
10.2390000;0.8027928;0.9500000;
10.2400000;0.8038841;0.9500000;
10.2410000;0.8049669;0.9500000;
10.2420000;0.8060413;0.9500000;
10.2430000;0.8071073;0.9500000;
10.2440000;0.8081650;0.9500000;
10.2450000;0.8092144;0.9500000;
10.2460000;0.8102557;0.9500000;
10.2470000;0.8112889;0.9500000;
10.2480000;0.8123140;0.9500000;
10.2490000;0.8133312;0.9500000;
10.2500000;0.8143405;0.9500000;
10.2510000;0.8153420;0.9500000;
10.2520000;0.8163356;0.9500000;
10.2530000;0.8173216;0.9500000;
10.2540000;0.8183000;0.9500000;
10.2550000;0.8192707;0.9500000;
10.2560000;0.8202340;0.9500000;
10.2570000;0.8211897;0.9500000;
10.2580000;0.8221381;0.9500000;
10.2590000;0.8230792;0.9500000;
10.2600000;0.8240130;0.9500000;
10.2610000;0.8249395;0.9500000;
10.2620000;0.8258590;0.9500000;
10.2630000;0.8267713;0.9500000;
10.2640000;0.8276766;0.9500000;
10.2650000;0.8285749;0.9500000;
10.2660000;0.8294663;0.9500000;
10.2670000;0.8303508;0.9500000;
10.2680000;0.8312285;0.9500000;
10.2690000;0.8320994;0.9500000;
10.2700000;0.8329637;0.9500000;
10.2710000;0.8338213;0.9500000;
10.2720000;0.8346724;0.9500000;
10.2730000;0.8355169;0.9500000;
10.2740000;0.8363549;0.9500000;
10.2750000;0.8371865;0.9500000;
10.2760000;0.8380117;0.9500000;
10.2770000;0.8388306;0.9500000;
10.2780000;0.8396432;0.9500000;
10.2790000;0.8404496;0.9500000;
10.2800000;0.8412498;0.9500000;
10.2810000;0.8420439;0.9500000;
10.2820000;0.8428320;0.9500000;
10.2830000;0.8436140;0.9500000;
10.2840000;0.8443901;0.9500000;
10.2850000;0.8451602;0.9500000;
10.2860000;0.8459244;0.9500000;
10.2870000;0.8466829;0.9500000;
10.2880000;0.8474355;0.9500000;
10.2890000;0.8481825;0.9500000;
10.2900000;0.8489237;0.9500000;
10.2910000;0.8496593;0.9500000;
10.2920000;0.8503893;0.9500000;
10.2930000;0.8511138;0.9500000;
10.2940000;0.8518327;0.9500000;
10.2950000;0.8525462;0.9500000;
10.2960000;0.8532543;0.9500000;
10.2970000;0.8539570;0.9500000;
10.2980000;0.8546544;0.9500000;
10.2990000;0.8553465;0.9500000;
10.3000000;0.8560334;0.9500000;
10.3010000;0.8567150;0.9500000;
10.3020000;0.8573916;0.9500000;
10.3030000;0.8580630;0.9500000;
10.3040000;0.8587293;0.9500000;
10.3050000;0.8593906;0.9500000;
10.3060000;0.8600469;0.9500000;
10.3070000;0.8606982;0.9500000;
10.3080000;0.8613446;0.9500000;
10.3090000;0.8619862;0.9500000;
10.3100000;0.8626229;0.9500000;
10.3110000;0.8632549;0.9500000;
10.3120000;0.8638820;0.9500000;
10.3130000;0.8645045;0.9500000;
10.3140000;0.8651223;0.9500000;
10.3150000;0.8657354;0.9500000;
10.3160000;0.8663439;0.9500000;
10.3170000;0.8669479;0.9500000;
10.3180000;0.8675473;0.9500000;
10.3190000;0.8681422;0.9500000;
10.3200000;0.8687327;0.9500000;
10.3210000;0.8693187;0.9500000;
10.3220000;0.8699004;0.9500000;
10.3230000;0.8704777;0.9500000;
10.3240000;0.8710507;0.9500000;
10.3250000;0.8716194;0.9500000;
10.3260000;0.8721838;0.9500000;
10.3270000;0.8727440;0.9500000;
10.3280000;0.8733001;0.9500000;
10.3290000;0.8738519;0.9500000;
10.3300000;0.8743997;0.9500000;
10.3310000;0.8749434;0.9500000;
10.3320000;0.8754830;0.9500000;
10.3330000;0.8760186;0.9500000;
10.3340000;0.8765502;0.9500000;
10.3350000;0.8770779;0.9500000;
10.3360000;0.8776016;0.9500000;
10.3370000;0.8781215;0.9500000;
10.3380000;0.8786374;0.9500000;
10.3390000;0.8791496;0.9500000;
10.3400000;0.8796579;0.9500000;
10.3410000;0.8801625;0.9500000;
10.3420000;0.8806633;0.9500000;
10.3430000;0.8811604;0.9500000;
10.3440000;0.8816538;0.9500000;
10.3450000;0.8821435;0.9500000;
10.3460000;0.8826296;0.9500000;
10.3470000;0.8831122;0.9500000;
10.3480000;0.8835911;0.9500000;
10.3490000;0.8840665;0.9500000;
10.3500000;0.8845384;0.9500000;
10.3510000;0.8850068;0.9500000;
10.3520000;0.8854717;0.9500000;
10.3530000;0.8859333;0.9500000;
10.3540000;0.8863913;0.9500000;
10.3550000;0.8868461;0.9500000;
10.3560000;0.8872974;0.9500000;
10.3570000;0.8877455;0.9500000;
10.3580000;0.8881902;0.9500000;
10.3590000;0.8886316;0.9500000;
10.3600000;0.8890698;0.9500000;
10.3610000;0.8895048;0.9500000;
10.3620000;0.8899366;0.9500000;
10.3630000;0.8903652;0.9500000;
10.3640000;0.8907906;0.9500000;
10.3650000;0.8912129;0.9500000;
10.3660000;0.8916321;0.9500000;
10.3670000;0.8920483;0.9500000;
10.3680000;0.8924613;0.9500000;
10.3690000;0.8928714;0.9500000;
10.3700000;0.8932784;0.9500000;
10.3710000;0.8936825;0.9500000;
10.3720000;0.8940836;0.9500000;
10.3730000;0.8944817;0.9500000;
10.3740000;0.8948769;0.9500000;
10.3750000;0.8952693;0.9500000;
10.3760000;0.8956587;0.9500000;
10.3770000;0.8960454;0.9500000;
10.3780000;0.8964292;0.9500000;
10.3790000;0.8968101;0.9500000;
10.3800000;0.8971883;0.9500000;
10.3810000;0.8975638;0.9500000;
10.3820000;0.8979365;0.9500000;
10.3830000;0.8983064;0.9500000;
10.3840000;0.8986737;0.9500000;
10.3850000;0.8990383;0.9500000;
10.3860000;0.8994002;0.9500000;
10.3870000;0.8997595;0.9500000;
10.3880000;0.9001162;0.9500000;
10.3890000;0.9004702;0.9500000;
10.3900000;0.9008217;0.9500000;
10.3910000;0.9011707;0.9500000;
10.3920000;0.9015171;0.9500000;
10.3930000;0.9018609;0.9500000;
10.3940000;0.9022023;0.9500000;
10.3950000;0.9025412;0.9500000;
10.3960000;0.9028776;0.9500000;
10.3970000;0.9032116;0.9500000;
10.3980000;0.9035432;0.9500000;
10.3990000;0.9038723;0.9500000;
10.4000000;0.9041991;0.9500000;
10.4010000;0.9045235;0.9500000;
10.4020000;0.9048455;0.9500000;
10.4030000;0.9051652;0.9500000;
10.4040000;0.9054826;0.9500000;
10.4050000;0.9057977;0.9500000;
10.4060000;0.9061105;0.9500000;
10.4070000;0.9064210;0.9500000;
10.4080000;0.9067293;0.9500000;
10.4090000;0.9070353;0.9500000;
10.4100000;0.9073392;0.9500000;
10.4110000;0.9076408;0.9500000;
10.4120000;0.9079403;0.9500000;
10.4130000;0.9082375;0.9500000;
10.4140000;0.9085327;0.9500000;
10.4150000;0.9088257;0.9500000;
10.4160000;0.9091166;0.9500000;
10.4170000;0.9094054;0.9500000;
10.4180000;0.9096921;0.9500000;
10.4190000;0.9099767;0.9500000;
10.4200000;0.9102593;0.9500000;
10.4210000;0.9105399;0.9500000;
10.4220000;0.9108184;0.9500000;
10.4230000;0.9110949;0.9500000;
10.4240000;0.9113694;0.9500000;
10.4250000;0.9116420;0.9500000;
10.4260000;0.9119126;0.9500000;
10.4270000;0.9121812;0.9500000;
10.4280000;0.9124479;0.9500000;
10.4290000;0.9127127;0.9500000;
10.4300000;0.9129756;0.9500000;
10.4310000;0.9132366;0.9500000;
10.4320000;0.9134957;0.9500000;
10.4330000;0.9137529;0.9500000;
10.4340000;0.9140083;0.9500000;
10.4350000;0.9142619;0.9500000;
10.4360000;0.9145136;0.9500000;
10.4370000;0.9147636;0.9500000;
10.4380000;0.9150117;0.9500000;
10.4390000;0.9152581;0.9500000;
10.4400000;0.9155027;0.9500000;
10.4410000;0.9157455;0.9500000;
10.4420000;0.9159866;0.9500000;
10.4430000;0.9162260;0.9500000;
10.4440000;0.9164636;0.9500000;
10.4450000;0.9166996;0.9500000;
10.4460000;0.9169338;0.9500000;
10.4470000;0.9171664;0.9500000;
10.4480000;0.9173973;0.9500000;
10.4490000;0.9176266;0.9500000;
10.4500000;0.9178542;0.9500000;
10.4510000;0.9180802;0.9500000;
10.4520000;0.9183046;0.9500000;
10.4530000;0.9185273;0.9500000;
10.4540000;0.9187485;0.9500000;
10.4550000;0.9189681;0.9500000;
10.4560000;0.9191861;0.9500000;
10.4570000;0.9194026;0.9500000;
10.4580000;0.9196175;0.9500000;
10.4590000;0.9198309;0.9500000;
10.4600000;0.9200428;0.9500000;
10.4610000;0.9202531;0.9500000;
10.4620000;0.9204620;0.9500000;
10.4630000;0.9206693;0.9500000;
10.4640000;0.9208752;0.9500000;
10.4650000;0.9210796;0.9500000;
10.4660000;0.9212826;0.9500000;
10.4670000;0.9214380;0.9500000;
10.4680000;0.9216676;0.9500000;
10.4690000;0.9218718;0.9500000;
10.4700000;0.9220733;0.9500000;
10.4710000;0.9222733;0.9500000;
10.4720000;0.9224697;0.9500000;
10.4730000;0.9226613;0.9500000;
10.4740000;0.9228487;0.9500000;
10.4750000;0.9230332;0.9500000;
10.4760000;0.9232164;0.9500000;
10.4770000;0.9233990;0.9500000;
10.4780000;0.9235817;0.9500000;
10.4790000;0.9237645;0.9500000;
10.4800000;0.9239472;0.9500000;
10.4810000;0.9241296;0.9500000;
10.4820000;0.9243114;0.9500000;
10.4830000;0.9244922;0.9500000;
10.4840000;0.9246718;0.9500000;
10.4850000;0.9248501;0.9500000;
10.4860000;0.9250269;0.9500000;
10.4870000;0.9252022;0.9500000;
10.4880000;0.9253761;0.9500000;
10.4890000;0.9255485;0.9500000;
10.4900000;0.9257196;0.9500000;
10.4910000;0.9258894;0.9500000;
10.4920000;0.9260580;0.9500000;
10.4930000;0.9262254;0.9500000;
10.4940000;0.9263917;0.9500000;
10.4950000;0.9265568;0.9500000;
10.4960000;0.9267207;0.9500000;
10.4970000;0.9268836;0.9500000;
10.4980000;0.9270453;0.9500000;
10.4990000;0.9272059;0.9500000;
10.5000000;0.9273654;0.9500000;
10.5010000;0.9275238;0.9500000;
10.5020000;0.9276810;0.9500000;
10.5030000;0.9278371;0.9500000;
10.5040000;0.9279921;0.9500000;
10.5050000;0.9281461;0.9500000;
10.5060000;0.9282989;0.9500000;
10.5070000;0.9284506;0.9500000;
10.5080000;0.9286013;0.9500000;
10.5090000;0.9287509;0.9500000;
10.5100000;0.9288994;0.9500000;
10.5110000;0.9290469;0.9500000;
10.5120000;0.9291934;0.9500000;
10.5130000;0.9293388;0.9500000;
10.5140000;0.9294832;0.9500000;
10.5150000;0.9296266;0.9500000;
10.5160000;0.9297690;0.9500000;
10.5170000;0.9299104;0.9500000;
10.5180000;0.9300507;0.9500000;
10.5190000;0.9301901;0.9500000;
10.5200000;0.9303285;0.9500000;
10.5210000;0.9304660;0.9500000;
10.5220000;0.9306024;0.9500000;
10.5230000;0.9307379;0.9500000;
10.5240000;0.9308725;0.9500000;
10.5250000;0.9310061;0.9500000;
10.5260000;0.9311387;0.9500000;
10.5270000;0.9312704;0.9500000;
10.5280000;0.9314012;0.9500000;
10.5290000;0.9315311;0.9500000;
10.5300000;0.9316600;0.9500000;
10.5310000;0.9317881;0.9500000;
10.5320000;0.9319152;0.9500000;
10.5330000;0.9320415;0.9500000;
10.5340000;0.9321669;0.9500000;
10.5350000;0.9322913;0.9500000;
10.5360000;0.9324149;0.9500000;
10.5370000;0.9325377;0.9500000;
10.5380000;0.9326595;0.9500000;
10.5390000;0.9327806;0.9500000;
10.5400000;0.9329007;0.9500000;
10.5410000;0.9330200;0.9500000;
10.5420000;0.9331385;0.9500000;
10.5430000;0.9332562;0.9500000;
10.5440000;0.9333730;0.9500000;
10.5450000;0.9334890;0.9500000;
10.5460000;0.9336041;0.9500000;
10.5470000;0.9337185;0.9500000;
10.5480000;0.9338321;0.9500000;
10.5490000;0.9339448;0.9500000;
10.5500000;0.9340568;0.9500000;
10.5510000;0.9341680;0.9500000;
10.5520000;0.9342784;0.9500000;
10.5530000;0.9343880;0.9500000;
10.5540000;0.9344969;0.9500000;
10.5550000;0.9346050;0.9500000;
10.5560000;0.9347123;0.9500000;
10.5570000;0.9348189;0.9500000;
10.5580000;0.9349247;0.9500000;
10.5590000;0.9350298;0.9500000;
10.5600000;0.9351342;0.9500000;
10.5610000;0.9352378;0.9500000;
10.5620000;0.9353407;0.9500000;
10.5630000;0.9354429;0.9500000;
10.5640000;0.9355443;0.9500000;
10.5650000;0.9356450;0.9500000;
10.5660000;0.9357451;0.9500000;
10.5670000;0.9358444;0.9500000;
10.5680000;0.9359430;0.9500000;
10.5690000;0.9360410;0.9500000;
10.5700000;0.9361382;0.9500000;
10.5710000;0.9362348;0.9500000;
10.5720000;0.9363307;0.9500000;
10.5730000;0.9364259;0.9500000;
10.5740000;0.9365205;0.9500000;
10.5750000;0.9366143;0.9500000;
10.5760000;0.9367076;0.9500000;
10.5770000;0.9368002;0.9500000;
10.5780000;0.9368921;0.9500000;
10.5790000;0.9369834;0.9500000;
10.5800000;0.9370740;0.9500000;
10.5810000;0.9371640;0.9500000;
10.5820000;0.9372534;0.9500000;
10.5830000;0.9373421;0.9500000;
10.5840000;0.9374303;0.9500000;
10.5850000;0.9375178;0.9500000;
10.5860000;0.9376047;0.9500000;
10.5870000;0.9376910;0.9500000;
10.5880000;0.9377766;0.9500000;
10.5890000;0.9378617;0.9500000;
10.5900000;0.9379462;0.9500000;
10.5910000;0.9380301;0.9500000;
10.5920000;0.9381134;0.9500000;
10.5930000;0.9381961;0.9500000;
10.5940000;0.9382783;0.9500000;
10.5950000;0.9383598;0.9500000;
10.5960000;0.9384408;0.9500000;
10.5970000;0.9385213;0.9500000;
10.5980000;0.9386011;0.9500000;
10.5990000;0.9386804;0.9500000;
10.6000000;0.9387592;0.9500000;
10.6010000;0.9388374;0.9500000;
10.6020000;0.9389151;0.9500000;
10.6030000;0.9389922;0.9500000;
10.6040000;0.9390687;0.9500000;
10.6050000;0.9391448;0.9500000;
10.6060000;0.9392203;0.9500000;
10.6070000;0.9392953;0.9500000;
10.6080000;0.9393697;0.9500000;
10.6090000;0.9394436;0.9500000;
10.6100000;0.9395170;0.9500000;
10.6110000;0.9395899;0.9500000;
10.6120000;0.9396623;0.9500000;
10.6130000;0.9397342;0.9500000;
10.6140000;0.9398056;0.9500000;
10.6150000;0.9398765;0.9500000;
10.6160000;0.9399469;0.9500000;
10.6170000;0.9400168;0.9500000;
10.6180000;0.9400862;0.9500000;
10.6190000;0.9401551;0.9500000;
10.6200000;0.9402235;0.9500000;
10.6210000;0.9402915;0.9500000;
10.6220000;0.9403590;0.9500000;
10.6230000;0.9404260;0.9500000;
10.6240000;0.9404925;0.9500000;
10.6250000;0.9405586;0.9500000;
10.6260000;0.9406242;0.9500000;
10.6270000;0.9406894;0.9500000;
10.6280000;0.9407541;0.9500000;
10.6290000;0.9408183;0.9500000;
10.6300000;0.9408821;0.9500000;
10.6310000;0.9409455;0.9500000;
10.6320000;0.9410084;0.9500000;
10.6330000;0.9410709;0.9500000;
10.6340000;0.9411329;0.9500000;
10.6350000;0.9411945;0.9500000;
10.6360000;0.9412557;0.9500000;
10.6370000;0.9413165;0.9500000;
10.6380000;0.9413768;0.9500000;
10.6390000;0.9414367;0.9500000;
10.6400000;0.9414962;0.9500000;
10.6410000;0.9415553;0.9500000;
10.6420000;0.9416139;0.9500000;
10.6430000;0.9416722;0.9500000;
10.6440000;0.9417300;0.9500000;
10.6450000;0.9417875;0.9500000;
10.6460000;0.9418445;0.9500000;
10.6470000;0.9419011;0.9500000;
10.6480000;0.9419574;0.9500000;
10.6490000;0.9420132;0.9500000;
10.6500000;0.9420687;0.9500000;
10.6510000;0.9421238;0.9500000;
10.6520000;0.9421785;0.9500000;
10.6530000;0.9422328;0.9500000;
10.6540000;0.9422867;0.9500000;
10.6550000;0.9423403;0.9500000;
10.6560000;0.9423934;0.9500000;
10.6570000;0.9424463;0.9500000;
10.6580000;0.9424987;0.9500000;
10.6590000;0.9425508;0.9500000;
10.6600000;0.9426025;0.9500000;
10.6610000;0.9426538;0.9500000;
10.6620000;0.9427048;0.9500000;
10.6630000;0.9427555;0.9500000;
10.6640000;0.9428058;0.9500000;
10.6650000;0.9428557;0.9500000;
10.6660000;0.9429053;0.9500000;
10.6670000;0.9429545;0.9500000;
10.6680000;0.9430034;0.9500000;
10.6690000;0.9430520;0.9500000;
10.6700000;0.9431002;0.9500000;
10.6710000;0.9431481;0.9500000;
10.6720000;0.9431957;0.9500000;
10.6730000;0.9432429;0.9500000;
10.6740000;0.9432898;0.9500000;
10.6750000;0.9433363;0.9500000;
10.6760000;0.9433826;0.9500000;
10.6770000;0.9434285;0.9500000;
10.6780000;0.9434741;0.9500000;
10.6790000;0.9435194;0.9500000;
10.6800000;0.9435643;0.9500000;
10.6810000;0.9436090;0.9500000;
10.6820000;0.9436533;0.9500000;
10.6830000;0.9436974;0.9500000;
10.6840000;0.9437411;0.9500000;
10.6850000;0.9437845;0.9500000;
10.6860000;0.9438276;0.9500000;
10.6870000;0.9438705;0.9500000;
10.6880000;0.9439130;0.9500000;
10.6890000;0.9439552;0.9500000;
10.6900000;0.9439971;0.9500000;
10.6910000;0.9440388;0.9500000;
10.6920000;0.9440801;0.9500000;
10.6930000;0.9441212;0.9500000;
10.6940000;0.9441620;0.9500000;
10.6950000;0.9442024;0.9500000;
10.6960000;0.9442427;0.9500000;
10.6970000;0.9442826;0.9500000;
10.6980000;0.9443222;0.9500000;
10.6990000;0.9443616;0.9500000;
10.7000000;0.9444007;0.9500000;
10.7010000;0.9444396;0.9500000;
10.7020000;0.9444781;0.9500000;
10.7030000;0.9445164;0.9500000;
10.7040000;0.9445544;0.9500000;
10.7050000;0.9445922;0.9500000;
10.7060000;0.9446297;0.9500000;
10.7070000;0.9446669;0.9500000;
10.7080000;0.9447039;0.9500000;
10.7090000;0.9447406;0.9500000;
10.7100000;0.9447771;0.9500000;
10.7110000;0.9448133;0.9500000;
10.7120000;0.9448493;0.9500000;
10.7130000;0.9448850;0.9500000;
10.7140000;0.9449204;0.9500000;
10.7150000;0.9449557;0.9500000;
10.7160000;0.9449906;0.9500000;
10.7170000;0.9450254;0.9500000;
10.7180000;0.9450598;0.9500000;
10.7190000;0.9450941;0.9500000;
10.7200000;0.9451281;0.9500000;
10.7210000;0.9451619;0.9500000;
10.7220000;0.9451954;0.9500000;
10.7230000;0.9452287;0.9500000;
10.7240000;0.9452618;0.9500000;
10.7250000;0.9452946;0.9500000;
10.7260000;0.9453272;0.9500000;
10.7270000;0.9453596;0.9500000;
10.7280000;0.9453918;0.9500000;
10.7290000;0.9454237;0.9500000;
10.7300000;0.9454554;0.9500000;
10.7310000;0.9454869;0.9500000;
10.7320000;0.9455182;0.9500000;
10.7330000;0.9455493;0.9500000;
10.7340000;0.9455801;0.9500000;
10.7350000;0.9456108;0.9500000;
10.7360000;0.9456412;0.9500000;
10.7370000;0.9456714;0.9500000;
10.7380000;0.9457014;0.9500000;
10.7390000;0.9457312;0.9500000;
10.7400000;0.9457607;0.9500000;
10.7410000;0.9457901;0.9500000;
10.7420000;0.9458193;0.9500000;
10.7430000;0.9458483;0.9500000;
10.7440000;0.9458770;0.9500000;
10.7450000;0.9459056;0.9500000;
10.7460000;0.9459340;0.9500000;
10.7470000;0.9459621;0.9500000;
10.7480000;0.9459901;0.9500000;
10.7490000;0.9460179;0.9500000;
10.7500000;0.9460455;0.9500000;
10.7510000;0.9460729;0.9500000;
10.7520000;0.9461001;0.9500000;
10.7530000;0.9461271;0.9500000;
10.7540000;0.9461539;0.9500000;
10.7550000;0.9461806;0.9500000;
10.7560000;0.9462070;0.9500000;
10.7570000;0.9462333;0.9500000;
10.7580000;0.9462594;0.9500000;
10.7590000;0.9462853;0.9500000;
10.7600000;0.9463111;0.9500000;
10.7610000;0.9463366;0.9500000;
10.7620000;0.9463620;0.9500000;
10.7630000;0.9463872;0.9500000;
10.7640000;0.9464122;0.9500000;
10.7650000;0.9464371;0.9500000;
10.7660000;0.9464617;0.9500000;
10.7670000;0.9464863;0.9500000;
10.7680000;0.9465106;0.9500000;
10.7690000;0.9465348;0.9500000;
10.7700000;0.9465588;0.9500000;
10.7710000;0.9465826;0.9500000;
10.7720000;0.9466063;0.9500000;
10.7730000;0.9466298;0.9500000;
10.7740000;0.9466531;0.9500000;
10.7750000;0.9466763;0.9500000;
10.7760000;0.9466993;0.9500000;
10.7770000;0.9467222;0.9500000;
10.7780000;0.9467449;0.9500000;
10.7790000;0.9467674;0.9500000;
10.7800000;0.9467898;0.9500000;
10.7810000;0.9468120;0.9500000;
10.7820000;0.9468341;0.9500000;
10.7830000;0.9468560;0.9500000;
10.7840000;0.9468778;0.9500000;
10.7850000;0.9468994;0.9500000;
10.7860000;0.9469209;0.9500000;
10.7870000;0.9469422;0.9500000;
10.7880000;0.9469634;0.9500000;
10.7890000;0.9469844;0.9500000;
10.7900000;0.9470053;0.9500000;
10.7910000;0.9470260;0.9500000;
10.7920000;0.9470466;0.9500000;
10.7930000;0.9470671;0.9500000;
10.7940000;0.9470874;0.9500000;
10.7950000;0.9471076;0.9500000;
10.7960000;0.9471276;0.9500000;
10.7970000;0.9471475;0.9500000;
10.7980000;0.9471672;0.9500000;
10.7990000;0.9471868;0.9500000;
10.8000000;0.9472063;0.9500000;
10.8010000;0.9472257;0.9500000;
10.8020000;0.9472449;0.9500000;
10.8030000;0.9472639;0.9500000;
10.8040000;0.9472829;0.9500000;
10.8050000;0.9473017;0.9500000;
10.8060000;0.9473204;0.9500000;
10.8070000;0.9473389;0.9500000;
10.8080000;0.9473573;0.9500000;
10.8090000;0.9473756;0.9500000;
10.8100000;0.9473938;0.9500000;
10.8110000;0.9474119;0.9500000;
10.8120000;0.9474298;0.9500000;
10.8130000;0.9474476;0.9500000;
10.8140000;0.9474652;0.9500000;
10.8150000;0.9474828;0.9500000;
10.8160000;0.9475002;0.9500000;
10.8170000;0.9475175;0.9500000;
10.8180000;0.9475347;0.9500000;
10.8190000;0.9475518;0.9500000;
10.8200000;0.9475687;0.9500000;
10.8210000;0.9475855;0.9500000;
10.8220000;0.9476022;0.9500000;
10.8230000;0.9476188;0.9500000;
10.8240000;0.9476353;0.9500000;
10.8250000;0.9476517;0.9500000;
10.8260000;0.9476679;0.9500000;
10.8270000;0.9476841;0.9500000;
10.8280000;0.9477001;0.9500000;
10.8290000;0.9477160;0.9500000;
10.8300000;0.9477318;0.9500000;
10.8310000;0.9477475;0.9500000;
10.8320000;0.9477631;0.9500000;
10.8330000;0.9477786;0.9500000;
10.8340000;0.9477940;0.9500000;
10.8350000;0.9478093;0.9500000;
10.8360000;0.9478244;0.9500000;
10.8370000;0.9478395;0.9500000;
10.8380000;0.9478544;0.9500000;
10.8390000;0.9478693;0.9500000;
10.8400000;0.9478840;0.9500000;
10.8410000;0.9478987;0.9500000;
10.8420000;0.9479132;0.9500000;
10.8430000;0.9479277;0.9500000;
10.8440000;0.9479420;0.9500000;
10.8450000;0.9479562;0.9500000;
10.8460000;0.9479704;0.9500000;
10.8470000;0.9479844;0.9500000;
10.8480000;0.9479984;0.9500000;
10.8490000;0.9480122;0.9500000;
10.8500000;0.9480260;0.9500000;
10.8510000;0.9480396;0.9500000;
10.8520000;0.9480532;0.9500000;
10.8530000;0.9480667;0.9500000;
10.8540000;0.9480801;0.9500000;
10.8550000;0.9480933;0.9500000;
10.8560000;0.9481065;0.9500000;
10.8570000;0.9481196;0.9500000;
10.8580000;0.9481327;0.9500000;
10.8590000;0.9481456;0.9500000;
10.8600000;0.9481584;0.9500000;
10.8610000;0.9481712;0.9500000;
10.8620000;0.9481838;0.9500000;
10.8630000;0.9481964;0.9500000;
10.8640000;0.9482089;0.9500000;
10.8650000;0.9482212;0.9500000;
10.8660000;0.9482336;0.9500000;
10.8670000;0.9482458;0.9500000;
10.8680000;0.9482579;0.9500000;
10.8690000;0.9482700;0.9500000;
10.8700000;0.9482819;0.9500000;
10.8710000;0.9482938;0.9500000;
10.8720000;0.9483056;0.9500000;
10.8730000;0.9483174;0.9500000;
10.8740000;0.9483290;0.9500000;
10.8750000;0.9483406;0.9500000;
10.8760000;0.9483520;0.9500000;
10.8770000;0.9483634;0.9500000;
10.8780000;0.9483748;0.9500000;
10.8790000;0.9483860;0.9500000;
10.8800000;0.9483972;0.9500000;
10.8810000;0.9484083;0.9500000;
10.8820000;0.9484193;0.9500000;
10.8830000;0.9484302;0.9500000;
10.8840000;0.9484411;0.9500000;
10.8850000;0.9484519;0.9500000;
10.8860000;0.9484626;0.9500000;
10.8870000;0.9484732;0.9500000;
10.8880000;0.9484838;0.9500000;
10.8890000;0.9484943;0.9500000;
10.8900000;0.9485047;0.9500000;
10.8910000;0.9485150;0.9500000;
10.8920000;0.9485253;0.9500000;
10.8930000;0.9485355;0.9500000;
10.8940000;0.9485456;0.9500000;
10.8950000;0.9485557;0.9500000;
10.8960000;0.9485657;0.9500000;
10.8970000;0.9485756;0.9500000;
10.8980000;0.9485855;0.9500000;
10.8990000;0.9485952;0.9500000;
10.9000000;0.9486050;0.9500000;
10.9010000;0.9486146;0.9500000;
10.9020000;0.9486242;0.9500000;
10.9030000;0.9486337;0.9500000;
10.9040000;0.9486432;0.9500000;
10.9050000;0.9486526;0.9500000;
10.9060000;0.9486619;0.9500000;
10.9070000;0.9486711;0.9500000;
10.9080000;0.9486803;0.9500000;
10.9090000;0.9486895;0.9500000;
10.9100000;0.9486985;0.9500000;
10.9110000;0.9487075;0.9500000;
10.9120000;0.9487165;0.9500000;
10.9130000;0.9487253;0.9500000;
10.9140000;0.9487342;0.9500000;
10.9150000;0.9487429;0.9500000;
10.9160000;0.9487516;0.9500000;
10.9170000;0.9487602;0.9500000;
10.9180000;0.9487688;0.9500000;
10.9190000;0.9487773;0.9500000;
10.9200000;0.9487858;0.9500000;
10.9210000;0.9487942;0.9500000;
10.9220000;0.9488025;0.9500000;
10.9230000;0.9488108;0.9500000;
10.9240000;0.9488190;0.9500000;
10.9250000;0.9488272;0.9500000;
10.9260000;0.9488353;0.9500000;
10.9270000;0.9488434;0.9500000;
10.9280000;0.9488514;0.9500000;
10.9290000;0.9488593;0.9500000;
10.9300000;0.9488672;0.9500000;
10.9310000;0.9488750;0.9500000;
10.9320000;0.9488828;0.9500000;
10.9330000;0.9488906;0.9500000;
10.9340000;0.9488982;0.9500000;
10.9350000;0.9489058;0.9500000;
10.9360000;0.9489134;0.9500000;
10.9370000;0.9489209;0.9500000;
10.9380000;0.9489284;0.9500000;
10.9390000;0.9489358;0.9500000;
10.9400000;0.9489432;0.9500000;
10.9410000;0.9489505;0.9500000;
10.9420000;0.9489577;0.9500000;
10.9430000;0.9489649;0.9500000;
10.9440000;0.9489721;0.9500000;
10.9450000;0.9489792;0.9500000;
10.9460000;0.9489863;0.9500000;
10.9470000;0.9489933;0.9500000;
10.9480000;0.9490002;0.9500000;
10.9490000;0.9490072;0.9500000;
10.9500000;0.9490140;0.9500000;
10.9510000;0.9490208;0.9500000;
10.9520000;0.9490276;0.9500000;
10.9530000;0.9490343;0.9500000;
10.9540000;0.9490410;0.9500000;
10.9550000;0.9490477;0.9500000;
10.9560000;0.9490542;0.9500000;
10.9570000;0.9490608;0.9500000;
10.9580000;0.9490673;0.9500000;
10.9590000;0.9490737;0.9500000;
10.9600000;0.9490801;0.9500000;
10.9610000;0.9490865;0.9500000;
10.9620000;0.9490928;0.9500000;
10.9630000;0.9490991;0.9500000;
10.9640000;0.9491053;0.9500000;
10.9650000;0.9491115;0.9500000;
10.9660000;0.9491176;0.9500000;
10.9670000;0.9491238;0.9500000;
10.9680000;0.9491298;0.9500000;
10.9690000;0.9491358;0.9500000;
10.9700000;0.9491418;0.9500000;
10.9710000;0.9491477;0.9500000;
10.9720000;0.9491536;0.9500000;
10.9730000;0.9491595;0.9500000;
10.9740000;0.9491653;0.9500000;
10.9750000;0.9491711;0.9500000;
10.9760000;0.9491768;0.9500000;
10.9770000;0.9491825;0.9500000;
10.9780000;0.9491881;0.9500000;
10.9790000;0.9491938;0.9500000;
10.9800000;0.9491993;0.9500000;
10.9810000;0.9492049;0.9500000;
10.9820000;0.9492104;0.9500000;
10.9830000;0.9492158;0.9500000;
10.9840000;0.9492213;0.9500000;
10.9850000;0.9492266;0.9500000;
10.9860000;0.9492320;0.9500000;
10.9870000;0.9492373;0.9500000;
10.9880000;0.9492426;0.9500000;
10.9890000;0.9492478;0.9500000;
10.9900000;0.9492530;0.9500000;
10.9910000;0.9492582;0.9500000;
10.9920000;0.9492633;0.9500000;
10.9930000;0.9492684;0.9500000;
10.9940000;0.9492735;0.9500000;
10.9950000;0.9492785;0.9500000;
10.9960000;0.9492835;0.9500000;
10.9970000;0.9492884;0.9500000;
10.9980000;0.9492934;0.9500000;
10.9990000;0.9492982;0.9500000;
11.0000000;0.9493031;0.9500000;
11.0010000;0.9493079;0.9500000;
11.0020000;0.9493127;0.9500000;
11.0030000;0.9493174;0.9500000;
11.0040000;0.9493222;0.9500000;
11.0050000;0.9493269;0.9500000;
11.0060000;0.9493315;0.9500000;
11.0070000;0.9493361;0.9500000;
11.0080000;0.9493407;0.9500000;
11.0090000;0.9493453;0.9500000;
11.0100000;0.9493498;0.9500000;
11.0110000;0.9493543;0.9500000;
11.0120000;0.9493588;0.9500000;
11.0130000;0.9493632;0.9500000;
11.0140000;0.9493676;0.9500000;
11.0150000;0.9493720;0.9500000;
11.0160000;0.9493763;0.9500000;
11.0170000;0.9493806;0.9500000;
11.0180000;0.9493849;0.9500000;
11.0190000;0.9493892;0.9500000;
11.0200000;0.9493934;0.9500000;
11.0210000;0.9493976;0.9500000;
11.0220000;0.9494018;0.9500000;
11.0230000;0.9494059;0.9500000;
11.0240000;0.9494100;0.9500000;
11.0250000;0.9494141;0.9500000;
11.0260000;0.9494181;0.9500000;
11.0270000;0.9494222;0.9500000;
11.0280000;0.9494261;0.9500000;
11.0290000;0.9494301;0.9500000;
11.0300000;0.9494341;0.9500000;
11.0310000;0.9494380;0.9500000;
11.0320000;0.9494419;0.9500000;
11.0330000;0.9494457;0.9500000;
11.0340000;0.9494495;0.9500000;
11.0350000;0.9494534;0.9500000;
11.0360000;0.9494571;0.9500000;
11.0370000;0.9494609;0.9500000;
11.0380000;0.9494646;0.9500000;
11.0390000;0.9494683;0.9500000;
11.0400000;0.9494720;0.9500000;
11.0410000;0.9494756;0.9500000;
11.0420000;0.9494793;0.9500000;
11.0430000;0.9494829;0.9500000;
11.0440000;0.9494864;0.9500000;
11.0450000;0.9494900;0.9500000;
11.0460000;0.9494935;0.9500000;
11.0470000;0.9494970;0.9500000;
11.0480000;0.9495005;0.9500000;
11.0490000;0.9495040;0.9500000;
11.0500000;0.9495074;0.9500000;
11.0510000;0.9495108;0.9500000;
11.0520000;0.9495142;0.9500000;
11.0530000;0.9495175;0.9500000;
11.0540000;0.9495209;0.9500000;
11.0550000;0.9495242;0.9500000;
11.0560000;0.9495275;0.9500000;
11.0570000;0.9495307;0.9500000;
11.0580000;0.9495340;0.9500000;
11.0590000;0.9495372;0.9500000;
11.0600000;0.9495404;0.9500000;
11.0610000;0.9495436;0.9500000;
11.0620000;0.9495467;0.9500000;
11.0630000;0.9495499;0.9500000;
11.0640000;0.9495530;0.9500000;
11.0650000;0.9495561;0.9500000;
11.0660000;0.9495591;0.9500000;
11.0670000;0.9495622;0.9500000;
11.0680000;0.9495652;0.9500000;
11.0690000;0.9495682;0.9500000;
11.0700000;0.9495712;0.9500000;
11.0710000;0.9495742;0.9500000;
11.0720000;0.9495771;0.9500000;
11.0730000;0.9495800;0.9500000;
11.0740000;0.9495829;0.9500000;
11.0750000;0.9495858;0.9500000;
11.0760000;0.9495887;0.9500000;
11.0770000;0.9495915;0.9500000;
11.0780000;0.9495944;0.9500000;
11.0790000;0.9495972;0.9500000;
11.0800000;0.9495999;0.9500000;
11.0810000;0.9496027;0.9500000;
11.0820000;0.9496055;0.9500000;
11.0830000;0.9496082;0.9500000;
11.0840000;0.9496109;0.9500000;
11.0850000;0.9496136;0.9500000;
11.0860000;0.9496163;0.9500000;
11.0870000;0.9496189;0.9500000;
11.0880000;0.9496215;0.9500000;
11.0890000;0.9496242;0.9500000;
11.0900000;0.9496268;0.9500000;
11.0910000;0.9496293;0.9500000;
11.0920000;0.9496319;0.9500000;
11.0930000;0.9496344;0.9500000;
11.0940000;0.9496370;0.9500000;
11.0950000;0.9496395;0.9500000;
11.0960000;0.9496420;0.9500000;
11.0970000;0.9496445;0.9500000;
11.0980000;0.9496469;0.9500000;
11.0990000;0.9496494;0.9500000;
11.1000000;0.9496518;0.9500000;
11.1010000;0.9496542;0.9500000;
11.1020000;0.9496566;0.9500000;
11.1030000;0.9496590;0.9500000;
11.1040000;0.9496613;0.9500000;
11.1050000;0.9496636;0.9500000;
11.1060000;0.9496660;0.9500000;
11.1070000;0.9496683;0.9500000;
11.1080000;0.9496706;0.9500000;
11.1090000;0.9496729;0.9500000;
11.1100000;0.9496751;0.9500000;
11.1110000;0.9496774;0.9500000;
11.1120000;0.9496796;0.9500000;
11.1130000;0.9496818;0.9500000;
11.1140000;0.9496840;0.9500000;
11.1150000;0.9496862;0.9500000;
11.1160000;0.9496884;0.9500000;
11.1170000;0.9496905;0.9500000;
11.1180000;0.9496927;0.9500000;
11.1190000;0.9496948;0.9500000;
11.1200000;0.9496969;0.9500000;
11.1210000;0.9496990;0.9500000;
11.1220000;0.9497011;0.9500000;
11.1230000;0.9497031;0.9500000;
11.1240000;0.9497052;0.9500000;
11.1250000;0.9497072;0.9500000;
11.1260000;0.9497092;0.9500000;
11.1270000;0.9497113;0.9500000;
11.1280000;0.9497133;0.9500000;
11.1290000;0.9497152;0.9500000;
11.1300000;0.9497172;0.9500000;
11.1310000;0.9497192;0.9500000;
11.1320000;0.9497211;0.9500000;
11.1330000;0.9497230;0.9500000;
11.1340000;0.9497249;0.9500000;
11.1350000;0.9497268;0.9500000;
11.1360000;0.9497287;0.9500000;
11.1370000;0.9497306;0.9500000;
11.1380000;0.9497325;0.9500000;
11.1390000;0.9497343;0.9500000;
11.1400000;0.9497362;0.9500000;
11.1410000;0.9497380;0.9500000;
11.1420000;0.9497398;0.9500000;
11.1430000;0.9497416;0.9500000;
11.1440000;0.9497434;0.9500000;
11.1450000;0.9497452;0.9500000;
11.1460000;0.9497469;0.9500000;
11.1470000;0.9497487;0.9500000;
11.1480000;0.9497504;0.9500000;
11.1490000;0.9497521;0.9500000;
11.1500000;0.9497538;0.9500000;
11.1510000;0.9497555;0.9500000;
11.1520000;0.9497572;0.9500000;
11.1530000;0.9497589;0.9500000;
11.1540000;0.9497606;0.9500000;
11.1550000;0.9497622;0.9500000;
11.1560000;0.9497639;0.9500000;
11.1570000;0.9497655;0.9500000;
11.1580000;0.9497671;0.9500000;
11.1590000;0.9497687;0.9500000;
11.1600000;0.9497703;0.9500000;
11.1610000;0.9497719;0.9500000;
11.1620000;0.9497735;0.9500000;
11.1630000;0.9497751;0.9500000;
11.1640000;0.9497766;0.9500000;
11.1650000;0.9497782;0.9500000;
11.1660000;0.9497797;0.9500000;
11.1670000;0.9497812;0.9500000;
11.1680000;0.9497827;0.9500000;
11.1690000;0.9497842;0.9500000;
11.1700000;0.9497857;0.9500000;
11.1710000;0.9497872;0.9500000;
11.1720000;0.9497887;0.9500000;
11.1730000;0.9497901;0.9500000;
11.1740000;0.9497916;0.9500000;
11.1750000;0.9497930;0.9500000;
11.1760000;0.9497945;0.9500000;
11.1770000;0.9497959;0.9500000;
11.1780000;0.9497973;0.9500000;
11.1790000;0.9497987;0.9500000;
11.1800000;0.9498001;0.9500000;
11.1810000;0.9498015;0.9500000;
11.1820000;0.9498028;0.9500000;
11.1830000;0.9498042;0.9500000;
11.1840000;0.9498056;0.9500000;
11.1850000;0.9498069;0.9500000;
11.1860000;0.9498082;0.9500000;
11.1870000;0.9498096;0.9500000;
11.1880000;0.9498109;0.9500000;
11.1890000;0.9498122;0.9500000;
11.1900000;0.9498135;0.9500000;
11.1910000;0.9498148;0.9500000;
11.1920000;0.9498161;0.9500000;
11.1930000;0.9498173;0.9500000;
11.1940000;0.9498186;0.9500000;
11.1950000;0.9498198;0.9500000;
11.1960000;0.9498211;0.9500000;
11.1970000;0.9498223;0.9500000;
11.1980000;0.9498236;0.9500000;
11.1990000;0.9498248;0.9500000;
11.2000000;0.9498260;0.9500000;
11.2010000;0.9498272;0.9500000;
11.2020000;0.9498284;0.9500000;
11.2030000;0.9498296;0.9500000;
11.2040000;0.9498307;0.9500000;
11.2050000;0.9498319;0.9500000;
11.2060000;0.9498331;0.9500000;
11.2070000;0.9498342;0.9500000;
11.2080000;0.9498354;0.9500000;
11.2090000;0.9498365;0.9500000;
11.2100000;0.9498376;0.9500000;
11.2110000;0.9498388;0.9500000;
11.2120000;0.9498399;0.9500000;
11.2130000;0.9498410;0.9500000;
11.2140000;0.9498421;0.9500000;
11.2150000;0.9498432;0.9500000;
11.2160000;0.9498443;0.9500000;
11.2170000;0.9498453;0.9500000;
11.2180000;0.9498464;0.9500000;
11.2190000;0.9498475;0.9500000;
11.2200000;0.9498485;0.9500000;
11.2210000;0.9498496;0.9500000;
11.2220000;0.9498506;0.9500000;
11.2230000;0.9498516;0.9500000;
11.2240000;0.9498527;0.9500000;
11.2250000;0.9498537;0.9500000;
11.2260000;0.9498547;0.9500000;
11.2270000;0.9498557;0.9500000;
11.2280000;0.9498567;0.9500000;
11.2290000;0.9498577;0.9500000;
11.2300000;0.9498587;0.9500000;
11.2310000;0.9498597;0.9500000;
11.2320000;0.9498606;0.9500000;
11.2330000;0.9498616;0.9500000;
11.2340000;0.9498625;0.9500000;
11.2350000;0.9498635;0.9500000;
11.2360000;0.9498644;0.9500000;
11.2370000;0.9498654;0.9500000;
11.2380000;0.9498663;0.9500000;
11.2390000;0.9498672;0.9500000;
11.2400000;0.9498681;0.9500000;
11.2410000;0.9498691;0.9500000;
11.2420000;0.9498700;0.9500000;
11.2430000;0.9498709;0.9500000;
11.2440000;0.9498718;0.9500000;
11.2450000;0.9498726;0.9500000;
11.2460000;0.9498735;0.9500000;
11.2470000;0.9498744;0.9500000;
11.2480000;0.9498753;0.9500000;
11.2490000;0.9498761;0.9500000;
11.2500000;0.9498770;0.9500000;
11.2510000;0.9498778;0.9500000;
11.2520000;0.9498787;0.9500000;
11.2530000;0.9498795;0.9500000;
11.2540000;0.9498804;0.9500000;
11.2550000;0.9498812;0.9500000;
11.2560000;0.9498820;0.9500000;
11.2570000;0.9498828;0.9500000;
11.2580000;0.9498836;0.9500000;
11.2590000;0.9498844;0.9500000;
11.2600000;0.9498852;0.9500000;
11.2610000;0.9498860;0.9500000;
11.2620000;0.9498868;0.9500000;
11.2630000;0.9498876;0.9500000;
11.2640000;0.9498884;0.9500000;
11.2650000;0.9498891;0.9500000;
11.2660000;0.9498899;0.9500000;
11.2670000;0.9498907;0.9500000;
11.2680000;0.9498914;0.9500000;
11.2690000;0.9498922;0.9500000;
11.2700000;0.9498929;0.9500000;
11.2710000;0.9498937;0.9500000;
11.2720000;0.9498944;0.9500000;
11.2730000;0.9498951;0.9500000;
11.2740000;0.9498959;0.9500000;
11.2750000;0.9498966;0.9500000;
11.2760000;0.9498973;0.9500000;
11.2770000;0.9498980;0.9500000;
11.2780000;0.9498987;0.9500000;
11.2790000;0.9498994;0.9500000;
11.2800000;0.9499001;0.9500000;
11.2810000;0.9499008;0.9500000;
11.2820000;0.9499015;0.9500000;
11.2830000;0.9499022;0.9500000;
11.2840000;0.9499028;0.9500000;
11.2850000;0.9499035;0.9500000;
11.2860000;0.9499042;0.9500000;
11.2870000;0.9499048;0.9500000;
11.2880000;0.9499055;0.9500000;
11.2890000;0.9499061;0.9500000;
11.2900000;0.9499068;0.9500000;
11.2910000;0.9499074;0.9500000;
11.2920000;0.9499081;0.9500000;
11.2930000;0.9499087;0.9500000;
11.2940000;0.9499093;0.9500000;
11.2950000;0.9499100;0.9500000;
11.2960000;0.9499106;0.9500000;
11.2970000;0.9499112;0.9500000;
11.2980000;0.9499118;0.9500000;
11.2990000;0.9499124;0.9500000;
11.3000000;0.9499130;0.9500000;
11.3010000;0.9499136;0.9500000;
11.3020000;0.9499142;0.9500000;
11.3030000;0.9499148;0.9500000;
11.3040000;0.9499154;0.9500000;
11.3050000;0.9499160;0.9500000;
11.3060000;0.9499166;0.9500000;
11.3070000;0.9499172;0.9500000;
11.3080000;0.9499177;0.9500000;
11.3090000;0.9499183;0.9500000;
11.3100000;0.9499189;0.9500000;
11.3110000;0.9499194;0.9500000;
11.3120000;0.9499200;0.9500000;
11.3130000;0.9499205;0.9500000;
11.3140000;0.9499211;0.9500000;
11.3150000;0.9499216;0.9500000;
11.3160000;0.9499222;0.9500000;
11.3170000;0.9499227;0.9500000;
11.3180000;0.9499232;0.9500000;
11.3190000;0.9499238;0.9500000;
11.3200000;0.9499243;0.9500000;
11.3210000;0.9499248;0.9500000;
11.3220000;0.9499253;0.9500000;
11.3230000;0.9499259;0.9500000;
11.3240000;0.9499264;0.9500000;
11.3250000;0.9499269;0.9500000;
11.3260000;0.9499274;0.9500000;
11.3270000;0.9499279;0.9500000;
11.3280000;0.9499284;0.9500000;
11.3290000;0.9499289;0.9500000;
11.3300000;0.9499294;0.9500000;
11.3310000;0.9499299;0.9500000;
11.3320000;0.9499303;0.9500000;
11.3330000;0.9499308;0.9500000;
11.3340000;0.9499313;0.9500000;
11.3350000;0.9499318;0.9500000;
11.3360000;0.9499323;0.9500000;
11.3370000;0.9499327;0.9500000;
11.3380000;0.9499332;0.9500000;
11.3390000;0.9499336;0.9500000;
11.3400000;0.9499341;0.9500000;
11.3410000;0.9499346;0.9500000;
11.3420000;0.9499350;0.9500000;
11.3430000;0.9499355;0.9500000;
11.3440000;0.9499359;0.9500000;
11.3450000;0.9499364;0.9500000;
11.3460000;0.9499368;0.9500000;
11.3470000;0.9499372;0.9500000;
11.3480000;0.9499377;0.9500000;
11.3490000;0.9499381;0.9500000;
11.3500000;0.9499385;0.9500000;
11.3510000;0.9499389;0.9500000;
11.3520000;0.9499394;0.9500000;
11.3530000;0.9499398;0.9500000;
11.3540000;0.9499402;0.9500000;
11.3550000;0.9499406;0.9500000;
11.3560000;0.9499410;0.9500000;
11.3570000;0.9499414;0.9500000;
11.3580000;0.9499418;0.9500000;
11.3590000;0.9499422;0.9500000;
11.3600000;0.9499426;0.9500000;
11.3610000;0.9499430;0.9500000;
11.3620000;0.9499434;0.9500000;
11.3630000;0.9499438;0.9500000;
11.3640000;0.9499442;0.9500000;
11.3650000;0.9499446;0.9500000;
11.3660000;0.9499450;0.9500000;
11.3670000;0.9499454;0.9500000;
11.3680000;0.9499457;0.9500000;
11.3690000;0.9499461;0.9500000;
11.3700000;0.9499465;0.9500000;
11.3710000;0.9499469;0.9500000;
11.3720000;0.9499472;0.9500000;
11.3730000;0.9499476;0.9500000;
11.3740000;0.9499480;0.9500000;
11.3750000;0.9499483;0.9500000;
11.3760000;0.9499487;0.9500000;
11.3770000;0.9499490;0.9500000;
11.3780000;0.9499494;0.9500000;
11.3790000;0.9499497;0.9500000;
11.3800000;0.9499501;0.9500000;
11.3810000;0.9499504;0.9500000;
11.3820000;0.9499508;0.9500000;
11.3830000;0.9499511;0.9500000;
11.3840000;0.9499514;0.9500000;
11.3850000;0.9499518;0.9500000;
11.3860000;0.9499521;0.9500000;
11.3870000;0.9499524;0.9500000;
11.3880000;0.9499528;0.9500000;
11.3890000;0.9499531;0.9500000;
11.3900000;0.9499534;0.9500000;
11.3910000;0.9499537;0.9500000;
11.3920000;0.9499541;0.9500000;
11.3930000;0.9499544;0.9500000;
11.3940000;0.9499547;0.9500000;
11.3950000;0.9499550;0.9500000;
11.3960000;0.9499553;0.9500000;
11.3970000;0.9499556;0.9500000;
11.3980000;0.9499559;0.9500000;
11.3990000;0.9499562;0.9500000;
11.4000000;0.9499565;0.9500000;
11.4010000;0.9499568;0.9500000;
11.4020000;0.9499571;0.9500000;
11.4030000;0.9499574;0.9500000;
11.4040000;0.9499577;0.9500000;
11.4050000;0.9499580;0.9500000;
11.4060000;0.9499583;0.9500000;
11.4070000;0.9499586;0.9500000;
11.4080000;0.9499589;0.9500000;
11.4090000;0.9499592;0.9500000;
11.4100000;0.9499595;0.9500000;
11.4110000;0.9499597;0.9500000;
11.4120000;0.9499600;0.9500000;
11.4130000;0.9499603;0.9500000;
11.4140000;0.9499606;0.9500000;
11.4150000;0.9499608;0.9500000;
11.4160000;0.9499611;0.9500000;
11.4170000;0.9499614;0.9500000;
11.4180000;0.9499616;0.9500000;
11.4190000;0.9499619;0.9500000;
11.4200000;0.9499622;0.9500000;
11.4210000;0.9499624;0.9500000;
11.4220000;0.9499627;0.9500000;
11.4230000;0.9499629;0.9500000;
11.4240000;0.9499632;0.9500000;
11.4250000;0.9499635;0.9500000;
11.4260000;0.9499637;0.9500000;
11.4270000;0.9499640;0.9500000;
11.4280000;0.9499642;0.9500000;
11.4290000;0.9499645;0.9500000;
11.4300000;0.9499647;0.9500000;
11.4310000;0.9499649;0.9500000;
11.4320000;0.9499652;0.9500000;
11.4330000;0.9499654;0.9500000;
11.4340000;0.9499657;0.9500000;
11.4350000;0.9499659;0.9500000;
11.4360000;0.9499661;0.9500000;
11.4370000;0.9499664;0.9500000;
11.4380000;0.9499666;0.9500000;
11.4390000;0.9499668;0.9500000;
11.4400000;0.9499671;0.9500000;
11.4410000;0.9499673;0.9500000;
11.4420000;0.9499675;0.9500000;
11.4430000;0.9499677;0.9500000;
11.4440000;0.9499680;0.9500000;
11.4450000;0.9499682;0.9500000;
11.4460000;0.9499684;0.9500000;
11.4470000;0.9499686;0.9500000;
11.4480000;0.9499688;0.9500000;
11.4490000;0.9499691;0.9500000;
11.4500000;0.9499693;0.9500000;
11.4510000;0.9499695;0.9500000;
11.4520000;0.9499697;0.9500000;
11.4530000;0.9499699;0.9500000;
11.4540000;0.9499701;0.9500000;
11.4550000;0.9499703;0.9500000;
11.4560000;0.9499705;0.9500000;
11.4570000;0.9499707;0.9500000;
11.4580000;0.9499709;0.9500000;
11.4590000;0.9499711;0.9500000;
11.4600000;0.9499713;0.9500000;
11.4610000;0.9499715;0.9500000;
11.4620000;0.9499717;0.9500000;
11.4630000;0.9499719;0.9500000;
11.4640000;0.9499721;0.9500000;
11.4650000;0.9499723;0.9500000;
11.4660000;0.9499725;0.9500000;
11.4670000;0.9499727;0.9500000;
11.4680000;0.9499729;0.9500000;
11.4690000;0.9499731;0.9500000;
11.4700000;0.9499733;0.9500000;
11.4710000;0.9499734;0.9500000;
11.4720000;0.9499736;0.9500000;
11.4730000;0.9499738;0.9500000;
11.4740000;0.9499740;0.9500000;
11.4750000;0.9499742;0.9500000;
11.4760000;0.9499743;0.9500000;
11.4770000;0.9499745;0.9500000;
11.4780000;0.9499747;0.9500000;
11.4790000;0.9499749;0.9500000;
11.4800000;0.9499750;0.9500000;
11.4810000;0.9499752;0.9500000;
11.4820000;0.9499754;0.9500000;
11.4830000;0.9499756;0.9500000;
11.4840000;0.9499757;0.9500000;
11.4850000;0.9499759;0.9500000;
11.4860000;0.9499761;0.9500000;
11.4870000;0.9499762;0.9500000;
11.4880000;0.9499764;0.9500000;
11.4890000;0.9499766;0.9500000;
11.4900000;0.9499767;0.9500000;
11.4910000;0.9499769;0.9500000;
11.4920000;0.9499770;0.9500000;
11.4930000;0.9499772;0.9500000;
11.4940000;0.9499774;0.9500000;
11.4950000;0.9499775;0.9500000;
11.4960000;0.9499777;0.9500000;
11.4970000;0.9499778;0.9500000;
11.4980000;0.9499780;0.9500000;
11.4990000;0.9499781;0.9500000;
11.5000000;0.9499783;0.9500000;
11.5010000;0.9499784;0.9500000;
11.5020000;0.9499786;0.9500000;
11.5030000;0.9499787;0.9500000;
11.5040000;0.9499789;0.9500000;
11.5050000;0.9499790;0.9500000;
11.5060000;0.9499792;0.9500000;
11.5070000;0.9499793;0.9500000;
11.5080000;0.9499795;0.9500000;
11.5090000;0.9499796;0.9500000;
11.5100000;0.9499797;0.9500000;
11.5110000;0.9499799;0.9500000;
11.5120000;0.9499800;0.9500000;
11.5130000;0.9499802;0.9500000;
11.5140000;0.9499803;0.9500000;
11.5150000;0.9499804;0.9500000;
11.5160000;0.9499806;0.9500000;
11.5170000;0.9499807;0.9500000;
11.5180000;0.9499808;0.9500000;
11.5190000;0.9499810;0.9500000;
11.5200000;0.9499811;0.9500000;
11.5210000;0.9499812;0.9500000;
11.5220000;0.9499814;0.9500000;
11.5230000;0.9499815;0.9500000;
11.5240000;0.9499816;0.9500000;
11.5250000;0.9499817;0.9500000;
11.5260000;0.9499819;0.9500000;
11.5270000;0.9499820;0.9500000;
11.5280000;0.9499821;0.9500000;
11.5290000;0.9499822;0.9500000;
11.5300000;0.9499824;0.9500000;
11.5310000;0.9499825;0.9500000;
11.5320000;0.9499826;0.9500000;
11.5330000;0.9499827;0.9500000;
11.5340000;0.9499828;0.9500000;
11.5350000;0.9499830;0.9500000;
11.5360000;0.9499831;0.9500000;
11.5370000;0.9499832;0.9500000;
11.5380000;0.9499833;0.9500000;
11.5390000;0.9499834;0.9500000;
11.5400000;0.9499835;0.9500000;
11.5410000;0.9499837;0.9500000;
11.5420000;0.9499838;0.9500000;
11.5430000;0.9499839;0.9500000;
11.5440000;0.9499840;0.9500000;
11.5450000;0.9499841;0.9500000;
11.5460000;0.9499842;0.9500000;
11.5470000;0.9499843;0.9500000;
11.5480000;0.9499844;0.9500000;
11.5490000;0.9499845;0.9500000;
11.5500000;0.9499846;0.9500000;
11.5510000;0.9499848;0.9500000;
11.5520000;0.9499849;0.9500000;
11.5530000;0.9499850;0.9500000;
11.5540000;0.9499851;0.9500000;
11.5550000;0.9499852;0.9500000;
11.5560000;0.9499853;0.9500000;
11.5570000;0.9499854;0.9500000;
11.5580000;0.9499855;0.9500000;
11.5590000;0.9499856;0.9500000;
11.5600000;0.9499857;0.9500000;
11.5610000;0.9499858;0.9500000;
11.5620000;0.9499859;0.9500000;
11.5630000;0.9499860;0.9500000;
11.5640000;0.9499861;0.9500000;
11.5650000;0.9499862;0.9500000;
11.5660000;0.9499863;0.9500000;
11.5670000;0.9499864;0.9500000;
11.5680000;0.9499864;0.9500000;
11.5690000;0.9499865;0.9500000;
11.5700000;0.9499866;0.9500000;
11.5710000;0.9499867;0.9500000;
11.5720000;0.9499868;0.9500000;
11.5730000;0.9499869;0.9500000;
11.5740000;0.9499870;0.9500000;
11.5750000;0.9499871;0.9500000;
11.5760000;0.9499872;0.9500000;
11.5770000;0.9499873;0.9500000;
11.5780000;0.9499874;0.9500000;
11.5790000;0.9499874;0.9500000;
11.5800000;0.9499875;0.9500000;
11.5810000;0.9499876;0.9500000;
11.5820000;0.9499877;0.9500000;
11.5830000;0.9499878;0.9500000;
11.5840000;0.9499879;0.9500000;
11.5850000;0.9499880;0.9500000;
11.5860000;0.9499880;0.9500000;
11.5870000;0.9499881;0.9500000;
11.5880000;0.9499882;0.9500000;
11.5890000;0.9499883;0.9500000;
11.5900000;0.9499884;0.9500000;
11.5910000;0.9499884;0.9500000;
11.5920000;0.9499885;0.9500000;
11.5930000;0.9499886;0.9500000;
11.5940000;0.9499887;0.9500000;
11.5950000;0.9499888;0.9500000;
11.5960000;0.9499888;0.9500000;
11.5970000;0.9499889;0.9500000;
11.5980000;0.9499890;0.9500000;
11.5990000;0.9499891;0.9500000;
11.6000000;0.9499891;0.9500000;
11.6010000;0.9499892;0.9500000;
11.6020000;0.9499893;0.9500000;
11.6030000;0.9499894;0.9500000;
11.6040000;0.9499894;0.9500000;
11.6050000;0.9499895;0.9500000;
11.6060000;0.9499896;0.9500000;
11.6070000;0.9499897;0.9500000;
11.6080000;0.9499897;0.9500000;
11.6090000;0.9499898;0.9500000;
11.6100000;0.9499899;0.9500000;
11.6110000;0.9499899;0.9500000;
11.6120000;0.9499900;0.9500000;
11.6130000;0.9499901;0.9500000;
11.6140000;0.9499901;0.9500000;
11.6150000;0.9499902;0.9500000;
11.6160000;0.9499903;0.9500000;
11.6170000;0.9499904;0.9500000;
11.6180000;0.9499904;0.9500000;
11.6190000;0.9499905;0.9500000;
11.6200000;0.9499906;0.9500000;
11.6210000;0.9499906;0.9500000;
11.6220000;0.9499907;0.9500000;
11.6230000;0.9499907;0.9500000;
11.6240000;0.9499908;0.9500000;
11.6250000;0.9499909;0.9500000;
11.6260000;0.9499909;0.9500000;
11.6270000;0.9499910;0.9500000;
11.6280000;0.9499911;0.9500000;
11.6290000;0.9499911;0.9500000;
11.6300000;0.9499912;0.9500000;
11.6310000;0.9499912;0.9500000;
11.6320000;0.9499913;0.9500000;
11.6330000;0.9499914;0.9500000;
11.6340000;0.9499914;0.9500000;
11.6350000;0.9499915;0.9500000;
11.6360000;0.9499915;0.9500000;
11.6370000;0.9499916;0.9500000;
11.6380000;0.9499917;0.9500000;
11.6390000;0.9499917;0.9500000;
11.6400000;0.9499918;0.9500000;
11.6410000;0.9499918;0.9500000;
11.6420000;0.9499919;0.9500000;
11.6430000;0.9499919;0.9500000;
11.6440000;0.9499920;0.9500000;
11.6450000;0.9499921;0.9500000;
11.6460000;0.9499921;0.9500000;
11.6470000;0.9499922;0.9500000;
11.6480000;0.9499922;0.9500000;
11.6490000;0.9499923;0.9500000;
11.6500000;0.9499923;0.9500000;
11.6510000;0.9499924;0.9500000;
11.6520000;0.9499924;0.9500000;
11.6530000;0.9499925;0.9500000;
11.6540000;0.9499925;0.9500000;
11.6550000;0.9499926;0.9500000;
11.6560000;0.9499926;0.9500000;
11.6570000;0.9499927;0.9500000;
11.6580000;0.9499927;0.9500000;
11.6590000;0.9499928;0.9500000;
11.6600000;0.9499928;0.9500000;
11.6610000;0.9499929;0.9500000;
11.6620000;0.9499929;0.9500000;
11.6630000;0.9499930;0.9500000;
11.6640000;0.9499930;0.9500000;
11.6650000;0.9499931;0.9500000;
11.6660000;0.9499931;0.9500000;
11.6670000;0.9499932;0.9500000;
11.6680000;0.9499932;0.9500000;
11.6690000;0.9499933;0.9500000;
11.6700000;0.9499933;0.9500000;
11.6710000;0.9499934;0.9500000;
11.6720000;0.9499934;0.9500000;
11.6730000;0.9499935;0.9500000;
11.6740000;0.9499935;0.9500000;
11.6750000;0.9499935;0.9500000;
11.6760000;0.9499936;0.9500000;
11.6770000;0.9499936;0.9500000;
11.6780000;0.9499937;0.9500000;
11.6790000;0.9499937;0.9500000;
11.6800000;0.9499938;0.9500000;
11.6810000;0.9499938;0.9500000;
11.6820000;0.9499939;0.9500000;
11.6830000;0.9499939;0.9500000;
11.6840000;0.9499939;0.9500000;
11.6850000;0.9499940;0.9500000;
11.6860000;0.9499940;0.9500000;
11.6870000;0.9499941;0.9500000;
11.6880000;0.9499941;0.9500000;
11.6890000;0.9499941;0.9500000;
11.6900000;0.9499942;0.9500000;
11.6910000;0.9499942;0.9500000;
11.6920000;0.9499943;0.9500000;
11.6930000;0.9499943;0.9500000;
11.6940000;0.9499943;0.9500000;
11.6950000;0.9499944;0.9500000;
11.6960000;0.9499944;0.9500000;
11.6970000;0.9499945;0.9500000;
11.6980000;0.9499945;0.9500000;
11.6990000;0.9499945;0.9500000;
11.7000000;0.9499946;0.9500000;
11.7010000;0.9499946;0.9500000;
11.7020000;0.9499946;0.9500000;
11.7030000;0.9499947;0.9500000;
11.7040000;0.9499947;0.9500000;
11.7050000;0.9499948;0.9500000;
11.7060000;0.9499948;0.9500000;
11.7070000;0.9499948;0.9500000;
11.7080000;0.9499949;0.9500000;
11.7090000;0.9499949;0.9500000;
11.7100000;0.9499949;0.9500000;
11.7110000;0.9499950;0.9500000;
11.7120000;0.9499950;0.9500000;
11.7130000;0.9499950;0.9500000;
11.7140000;0.9499951;0.9500000;
11.7150000;0.9499951;0.9500000;
11.7160000;0.9499951;0.9500000;
11.7170000;0.9499952;0.9500000;
11.7180000;0.9499952;0.9500000;
11.7190000;0.9499952;0.9500000;
11.7200000;0.9499953;0.9500000;
11.7210000;0.9499953;0.9500000;
11.7220000;0.9499953;0.9500000;
11.7230000;0.9499954;0.9500000;
11.7240000;0.9499954;0.9500000;
11.7250000;0.9499954;0.9500000;
11.7260000;0.9499955;0.9500000;
11.7270000;0.9499955;0.9500000;
11.7280000;0.9499955;0.9500000;
11.7290000;0.9499956;0.9500000;
11.7300000;0.9499956;0.9500000;
11.7310000;0.9499956;0.9500000;
11.7320000;0.9499957;0.9500000;
11.7330000;0.9499957;0.9500000;
11.7340000;0.9499957;0.9500000;
11.7350000;0.9499957;0.9500000;
11.7360000;0.9499958;0.9500000;
11.7370000;0.9499958;0.9500000;
11.7380000;0.9499958;0.9500000;
11.7390000;0.9499959;0.9500000;
11.7400000;0.9499959;0.9500000;
11.7410000;0.9499959;0.9500000;
11.7420000;0.9499959;0.9500000;
11.7430000;0.9499960;0.9500000;
11.7440000;0.9499960;0.9500000;
11.7450000;0.9499960;0.9500000;
11.7460000;0.9499961;0.9500000;
11.7470000;0.9499961;0.9500000;
11.7480000;0.9499961;0.9500000;
11.7490000;0.9499961;0.9500000;
11.7500000;0.9499962;0.9500000;
11.7510000;0.9499962;0.9500000;
11.7520000;0.9499962;0.9500000;
11.7530000;0.9499962;0.9500000;
11.7540000;0.9499963;0.9500000;
11.7550000;0.9499963;0.9500000;
11.7560000;0.9499963;0.9500000;
11.7570000;0.9499963;0.9500000;
11.7580000;0.9499964;0.9500000;
11.7590000;0.9499964;0.9500000;
11.7600000;0.9499964;0.9500000;
11.7610000;0.9499964;0.9500000;
11.7620000;0.9499965;0.9500000;
11.7630000;0.9499965;0.9500000;
11.7640000;0.9499965;0.9500000;
11.7650000;0.9499965;0.9500000;
11.7660000;0.9499966;0.9500000;
11.7670000;0.9499966;0.9500000;
11.7680000;0.9499966;0.9500000;
11.7690000;0.9499966;0.9500000;
11.7700000;0.9499967;0.9500000;
11.7710000;0.9499967;0.9500000;
11.7720000;0.9499967;0.9500000;
11.7730000;0.9499967;0.9500000;
11.7740000;0.9499968;0.9500000;
11.7750000;0.9499968;0.9500000;
11.7760000;0.9499968;0.9500000;
11.7770000;0.9499968;0.9500000;
11.7780000;0.9499968;0.9500000;
11.7790000;0.9499969;0.9500000;
11.7800000;0.9499969;0.9500000;
11.7810000;0.9499969;0.9500000;
11.7820000;0.9499969;0.9500000;
11.7830000;0.9499969;0.9500000;
11.7840000;0.9499970;0.9500000;
11.7850000;0.9499970;0.9500000;
11.7860000;0.9499970;0.9500000;
11.7870000;0.9499970;0.9500000;
11.7880000;0.9499971;0.9500000;
11.7890000;0.9499971;0.9500000;
11.7900000;0.9499971;0.9500000;
11.7910000;0.9499971;0.9500000;
11.7920000;0.9499971;0.9500000;
11.7930000;0.9499972;0.9500000;
11.7940000;0.9499972;0.9500000;
11.7950000;0.9499972;0.9500000;
11.7960000;0.9499972;0.9500000;
11.7970000;0.9499972;0.9500000;
11.7980000;0.9499973;0.9500000;
11.7990000;0.9499973;0.9500000;
11.8000000;0.9499973;0.9500000;
11.8010000;0.9499973;0.9500000;
11.8020000;0.9499973;0.9500000;
11.8030000;0.9499973;0.9500000;
11.8040000;0.9499974;0.9500000;
11.8050000;0.9499974;0.9500000;
11.8060000;0.9499974;0.9500000;
11.8070000;0.9499974;0.9500000;
11.8080000;0.9499974;0.9500000;
11.8090000;0.9499975;0.9500000;
11.8100000;0.9499975;0.9500000;
11.8110000;0.9499975;0.9500000;
11.8120000;0.9499975;0.9500000;
11.8130000;0.9499975;0.9500000;
11.8140000;0.9499975;0.9500000;
11.8150000;0.9499976;0.9500000;
11.8160000;0.9499976;0.9500000;
11.8170000;0.9499976;0.9500000;
11.8180000;0.9499976;0.9500000;
11.8190000;0.9499976;0.9500000;
11.8200000;0.9499976;0.9500000;
11.8210000;0.9499977;0.9500000;
11.8220000;0.9499977;0.9500000;
11.8230000;0.9499977;0.9500000;
11.8240000;0.9499977;0.9500000;
11.8250000;0.9499977;0.9500000;
11.8260000;0.9499977;0.9500000;
11.8270000;0.9499978;0.9500000;
11.8280000;0.9499978;0.9500000;
11.8290000;0.9499978;0.9500000;
11.8300000;0.9499978;0.9500000;
11.8310000;0.9499978;0.9500000;
11.8320000;0.9499978;0.9500000;
11.8330000;0.9499978;0.9500000;
11.8340000;0.9499979;0.9500000;
11.8350000;0.9499979;0.9500000;
11.8360000;0.9499979;0.9500000;
11.8370000;0.9499979;0.9500000;
11.8380000;0.9499979;0.9500000;
11.8390000;0.9499979;0.9500000;
11.8400000;0.9499979;0.9500000;
11.8410000;0.9499980;0.9500000;
11.8420000;0.9499980;0.9500000;
11.8430000;0.9499980;0.9500000;
11.8440000;0.9499980;0.9500000;
11.8450000;0.9499980;0.9500000;
11.8460000;0.9499980;0.9500000;
11.8470000;0.9499980;0.9500000;
11.8480000;0.9499980;0.9500000;
11.8490000;0.9499980;0.9500000;
11.8500000;0.9499980;0.9500000;
11.8510000;0.9499980;0.9500000;
11.8520000;0.9499980;0.9500000;
11.8530000;0.9499980;0.9500000;
11.8540000;0.9499980;0.9500000;
11.8550000;0.9499980;0.9500000;
11.8560000;0.9499980;0.9500000;
11.8570000;0.9499980;0.9500000;
11.8580000;0.9499980;0.9500000;
11.8590000;0.9499980;0.9500000;
11.8600000;0.9499980;0.9500000;
11.8610000;0.9499980;0.9500000;
11.8620000;0.9499980;0.9500000;
11.8630000;0.9499980;0.9500000;
11.8640000;0.9499980;0.9500000;
11.8650000;0.9499980;0.9500000;
11.8660000;0.9499980;0.9500000;
11.8670000;0.9499980;0.9500000;
11.8680000;0.9499980;0.9500000;
11.8690000;0.9499980;0.9500000;
11.8700000;0.9499980;0.9500000;
11.8710000;0.9499980;0.9500000;
11.8720000;0.9499980;0.9500000;
11.8730000;0.9499980;0.9500000;
11.8740000;0.9499980;0.9500000;
11.8750000;0.9499980;0.9500000;
11.8760000;0.9499980;0.9500000;
11.8770000;0.9499980;0.9500000;
11.8780000;0.9499980;0.9500000;
11.8790000;0.9499980;0.9500000;
11.8800000;0.9499980;0.9500000;
11.8810000;0.9499980;0.9500000;
11.8820000;0.9499980;0.9500000;
11.8830000;0.9499980;0.9500000;
11.8840000;0.9499980;0.9500000;
11.8850000;0.9499980;0.9500000;
11.8860000;0.9499980;0.9500000;
11.8870000;0.9499980;0.9500000;
11.8880000;0.9499980;0.9500000;
11.8890000;0.9499980;0.9500000;
11.8900000;0.9499980;0.9500000;
11.8910000;0.9499980;0.9500000;
11.8920000;0.9499980;0.9500000;
11.8930000;0.9499980;0.9500000;
11.8940000;0.9499980;0.9500000;
11.8950000;0.9499980;0.9500000;
11.8960000;0.9499980;0.9500000;
11.8970000;0.9499980;0.9500000;
11.8980000;0.9499980;0.9500000;
11.8990000;0.9499980;0.9500000;
11.9000000;0.9499980;0.9500000;
11.9010000;0.9499980;0.9500000;
11.9020000;0.9499980;0.9500000;
11.9030000;0.9499980;0.9500000;
11.9040000;0.9499980;0.9500000;
11.9050000;0.9499980;0.9500000;
11.9060000;0.9499980;0.9500000;
11.9070000;0.9499980;0.9500000;
11.9080000;0.9499980;0.9500000;
11.9090000;0.9499980;0.9500000;
11.9100000;0.9499980;0.9500000;
11.9110000;0.9499980;0.9500000;
11.9120000;0.9499980;0.9500000;
11.9130000;0.9499980;0.9500000;
11.9140000;0.9499980;0.9500000;
11.9150000;0.9499980;0.9500000;
11.9160000;0.9499980;0.9500000;
11.9170000;0.9499980;0.9500000;
11.9180000;0.9499980;0.9500000;
11.9190000;0.9499980;0.9500000;
11.9200000;0.9499980;0.9500000;
11.9210000;0.9499980;0.9500000;
11.9220000;0.9499980;0.9500000;
11.9230000;0.9499980;0.9500000;
11.9240000;0.9499980;0.9500000;
11.9250000;0.9499980;0.9500000;
11.9260000;0.9499980;0.9500000;
11.9270000;0.9499980;0.9500000;
11.9280000;0.9499980;0.9500000;
11.9290000;0.9499980;0.9500000;
11.9300000;0.9499980;0.9500000;
11.9310000;0.9499980;0.9500000;
11.9320000;0.9499980;0.9500000;
11.9330000;0.9499980;0.9500000;
11.9340000;0.9499980;0.9500000;
11.9350000;0.9499980;0.9500000;
11.9360000;0.9499980;0.9500000;
11.9370000;0.9499980;0.9500000;
11.9380000;0.9499980;0.9500000;
11.9390000;0.9499980;0.9500000;
11.9400000;0.9499980;0.9500000;
11.9410000;0.9499980;0.9500000;
11.9420000;0.9499980;0.9500000;
11.9430000;0.9499980;0.9500000;
11.9440000;0.9499980;0.9500000;
11.9450000;0.9499980;0.9500000;
11.9460000;0.9499980;0.9500000;
11.9470000;0.9499980;0.9500000;
11.9480000;0.9499980;0.9500000;
11.9490000;0.9499980;0.9500000;
11.9500000;0.9499980;0.9500000;
11.9510000;0.9499980;0.9500000;
11.9520000;0.9499980;0.9500000;
11.9530000;0.9499980;0.9500000;
11.9540000;0.9499980;0.9500000;
11.9550000;0.9499980;0.9500000;
11.9560000;0.9499980;0.9500000;
11.9570000;0.9499980;0.9500000;
11.9580000;0.9499980;0.9500000;
11.9590000;0.9499980;0.9500000;
11.9600000;0.9499980;0.9500000;
11.9610000;0.9499980;0.9500000;
11.9620000;0.9499980;0.9500000;
11.9630000;0.9499980;0.9500000;
11.9640000;0.9499980;0.9500000;
11.9650000;0.9499980;0.9500000;
11.9660000;0.9499980;0.9500000;
11.9670000;0.9499980;0.9500000;
11.9680000;0.9499980;0.9500000;
11.9690000;0.9499980;0.9500000;
11.9700000;0.9499980;0.9500000;
11.9710000;0.9499980;0.9500000;
11.9720000;0.9499980;0.9500000;
11.9730000;0.9499980;0.9500000;
11.9740000;0.9499980;0.9500000;
11.9750000;0.9499980;0.9500000;
11.9760000;0.9499980;0.9500000;
11.9770000;0.9499980;0.9500000;
11.9780000;0.9499980;0.9500000;
11.9790000;0.9499980;0.9500000;
11.9800000;0.9499980;0.9500000;
11.9810000;0.9499980;0.9500000;
11.9820000;0.9499980;0.9500000;
11.9830000;0.9499980;0.9500000;
11.9840000;0.9499980;0.9500000;
11.9850000;0.9499980;0.9500000;
11.9860000;0.9499980;0.9500000;
11.9870000;0.9499980;0.9500000;
11.9880000;0.9499980;0.9500000;
11.9890000;0.9499980;0.9500000;
11.9900000;0.9499980;0.9500000;
11.9910000;0.9499980;0.9500000;
11.9920000;0.9499980;0.9500000;
11.9930000;0.9499980;0.9500000;
11.9940000;0.9499980;0.9500000;
11.9950000;0.9499980;0.9500000;
11.9960000;0.9499980;0.9500000;
11.9970000;0.9499980;0.9500000;
11.9980000;0.9499980;0.9500000;
11.9990000;0.9499980;0.9500000;
12.0000000;0.9499980;0.9500000;
12.0010000;0.9499980;0.9500000;
12.0020000;0.9499980;0.9500000;
12.0030000;0.9499980;0.9500000;
12.0040000;0.9499980;0.9500000;
12.0050000;0.9499980;0.9500000;
12.0060000;0.9499980;0.9500000;
12.0070000;0.9499980;0.9500000;
12.0080000;0.9499980;0.9500000;
12.0090000;0.9499980;0.9500000;
12.0100000;0.9499980;0.9500000;
12.0110000;0.9499980;0.9500000;
12.0120000;0.9499980;0.9500000;
12.0130000;0.9499980;0.9500000;
12.0140000;0.9499980;0.9500000;
12.0150000;0.9499980;0.9500000;
12.0160000;0.9499980;0.9500000;
12.0170000;0.9499980;0.9500000;
12.0180000;0.9499980;0.9500000;
12.0190000;0.9499980;0.9500000;
12.0200000;0.9499980;0.9500000;
12.0210000;0.9499980;0.9500000;
12.0220000;0.9499980;0.9500000;
12.0230000;0.9499980;0.9500000;
12.0240000;0.9499980;0.9500000;
12.0250000;0.9499980;0.9500000;
12.0260000;0.9499980;0.9500000;
12.0270000;0.9499980;0.9500000;
12.0280000;0.9499980;0.9500000;
12.0290000;0.9499980;0.9500000;
12.0300000;0.9499980;0.9500000;
12.0310000;0.9499980;0.9500000;
12.0320000;0.9499980;0.9500000;
12.0330000;0.9499980;0.9500000;
12.0340000;0.9499980;0.9500000;
12.0350000;0.9499980;0.9500000;
12.0360000;0.9499980;0.9500000;
12.0370000;0.9499980;0.9500000;
12.0380000;0.9499980;0.9500000;
12.0390000;0.9499980;0.9500000;
12.0400000;0.9499980;0.9500000;
12.0410000;0.9499980;0.9500000;
12.0420000;0.9499980;0.9500000;
12.0430000;0.9499980;0.9500000;
12.0440000;0.9499980;0.9500000;
12.0450000;0.9499980;0.9500000;
12.0460000;0.9499980;0.9500000;
12.0470000;0.9499980;0.9500000;
12.0480000;0.9499980;0.9500000;
12.0490000;0.9499980;0.9500000;
12.0500000;0.9499980;0.9500000;
12.0510000;0.9499980;0.9500000;
12.0520000;0.9499980;0.9500000;
12.0530000;0.9499980;0.9500000;
12.0540000;0.9499980;0.9500000;
12.0550000;0.9499980;0.9500000;
12.0560000;0.9499980;0.9500000;
12.0570000;0.9499980;0.9500000;
12.0580000;0.9499980;0.9500000;
12.0590000;0.9499980;0.9500000;
12.0600000;0.9499980;0.9500000;
12.0610000;0.9499980;0.9500000;
12.0620000;0.9499980;0.9500000;
12.0630000;0.9499980;0.9500000;
12.0640000;0.9499980;0.9500000;
12.0650000;0.9499980;0.9500000;
12.0660000;0.9499980;0.9500000;
12.0670000;0.9499980;0.9500000;
12.0680000;0.9499980;0.9500000;
12.0690000;0.9499980;0.9500000;
12.0700000;0.9499980;0.9500000;
12.0710000;0.9499980;0.9500000;
12.0720000;0.9499980;0.9500000;
12.0730000;0.9499980;0.9500000;
12.0740000;0.9499980;0.9500000;
12.0750000;0.9499980;0.9500000;
12.0760000;0.9499980;0.9500000;
12.0770000;0.9499980;0.9500000;
12.0780000;0.9499980;0.9500000;
12.0790000;0.9499980;0.9500000;
12.0800000;0.9499980;0.9500000;
12.0810000;0.9499980;0.9500000;
12.0820000;0.9499980;0.9500000;
12.0830000;0.9499980;0.9500000;
12.0840000;0.9499980;0.9500000;
12.0850000;0.9499980;0.9500000;
12.0860000;0.9499980;0.9500000;
12.0870000;0.9499980;0.9500000;
12.0880000;0.9499980;0.9500000;
12.0890000;0.9499980;0.9500000;
12.0900000;0.9499980;0.9500000;
12.0910000;0.9499980;0.9500000;
12.0920000;0.9499980;0.9500000;
12.0930000;0.9499980;0.9500000;
12.0940000;0.9499980;0.9500000;
12.0950000;0.9499980;0.9500000;
12.0960000;0.9499980;0.9500000;
12.0970000;0.9499980;0.9500000;
12.0980000;0.9499980;0.9500000;
12.0990000;0.9499980;0.9500000;
12.1000000;0.9499980;0.9500000;
12.1010000;0.9499980;0.9500000;
12.1020000;0.9499980;0.9500000;
12.1030000;0.9499980;0.9500000;
12.1040000;0.9499980;0.9500000;
12.1050000;0.9499980;0.9500000;
12.1060000;0.9499980;0.9500000;
12.1070000;0.9499980;0.9500000;
12.1080000;0.9499980;0.9500000;
12.1090000;0.9499980;0.9500000;
12.1100000;0.9499980;0.9500000;
12.1110000;0.9499980;0.9500000;
12.1120000;0.9499980;0.9500000;
12.1130000;0.9499980;0.9500000;
12.1140000;0.9499980;0.9500000;
12.1150000;0.9499980;0.9500000;
12.1160000;0.9499980;0.9500000;
12.1170000;0.9499980;0.9500000;
12.1180000;0.9499980;0.9500000;
12.1190000;0.9499980;0.9500000;
12.1200000;0.9499980;0.9500000;
12.1210000;0.9499980;0.9500000;
12.1220000;0.9499980;0.9500000;
12.1230000;0.9499980;0.9500000;
12.1240000;0.9499980;0.9500000;
12.1250000;0.9499980;0.9500000;
12.1260000;0.9499980;0.9500000;
12.1270000;0.9499980;0.9500000;
12.1280000;0.9499980;0.9500000;
12.1290000;0.9499980;0.9500000;
12.1300000;0.9499980;0.9500000;
12.1310000;0.9499980;0.9500000;
12.1320000;0.9499980;0.9500000;
12.1330000;0.9499980;0.9500000;
12.1340000;0.9499980;0.9500000;
12.1350000;0.9499980;0.9500000;
12.1360000;0.9499980;0.9500000;
12.1370000;0.9499980;0.9500000;
12.1380000;0.9499980;0.9500000;
12.1390000;0.9499980;0.9500000;
12.1400000;0.9499980;0.9500000;
12.1410000;0.9499980;0.9500000;
12.1420000;0.9499980;0.9500000;
12.1430000;0.9499980;0.9500000;
12.1440000;0.9499980;0.9500000;
12.1450000;0.9499980;0.9500000;
12.1460000;0.9499980;0.9500000;
12.1470000;0.9499980;0.9500000;
12.1480000;0.9499980;0.9500000;
12.1490000;0.9499980;0.9500000;
12.1500000;0.9499980;0.9500000;
12.1510000;0.9499980;0.9500000;
12.1520000;0.9499980;0.9500000;
12.1530000;0.9499980;0.9500000;
12.1540000;0.9499980;0.9500000;
12.1550000;0.9499980;0.9500000;
12.1560000;0.9499980;0.9500000;
12.1570000;0.9499980;0.9500000;
12.1580000;0.9499980;0.9500000;
12.1590000;0.9499980;0.9500000;
12.1600000;0.9499980;0.9500000;
12.1610000;0.9499980;0.9500000;
12.1620000;0.9499980;0.9500000;
12.1630000;0.9499980;0.9500000;
12.1640000;0.9499980;0.9500000;
12.1650000;0.9499980;0.9500000;
12.1660000;0.9499980;0.9500000;
12.1670000;0.9499980;0.9500000;
12.1680000;0.9499980;0.9500000;
12.1690000;0.9499980;0.9500000;
12.1700000;0.9499980;0.9500000;
12.1710000;0.9499980;0.9500000;
12.1720000;0.9499980;0.9500000;
12.1730000;0.9499980;0.9500000;
12.1740000;0.9499980;0.9500000;
12.1750000;0.9499980;0.9500000;
12.1760000;0.9499980;0.9500000;
12.1770000;0.9499980;0.9500000;
12.1780000;0.9499980;0.9500000;
12.1790000;0.9499980;0.9500000;
12.1800000;0.9499980;0.9500000;
12.1810000;0.9499980;0.9500000;
12.1820000;0.9499980;0.9500000;
12.1830000;0.9499980;0.9500000;
12.1840000;0.9499980;0.9500000;
12.1850000;0.9499980;0.9500000;
12.1860000;0.9499980;0.9500000;
12.1870000;0.9499980;0.9500000;
12.1880000;0.9499980;0.9500000;
12.1890000;0.9499980;0.9500000;
12.1900000;0.9499980;0.9500000;
12.1910000;0.9499980;0.9500000;
12.1920000;0.9499980;0.9500000;
12.1930000;0.9499980;0.9500000;
12.1940000;0.9499980;0.9500000;
12.1950000;0.9499980;0.9500000;
12.1960000;0.9499980;0.9500000;
12.1970000;0.9499980;0.9500000;
12.1980000;0.9499980;0.9500000;
12.1990000;0.9499980;0.9500000;
12.2000000;0.9499980;0.9500000;
12.2010000;0.9499980;0.9500000;
12.2020000;0.9499980;0.9500000;
12.2030000;0.9499980;0.9500000;
12.2040000;0.9499980;0.9500000;
12.2050000;0.9499980;0.9500000;
12.2060000;0.9499980;0.9500000;
12.2070000;0.9499980;0.9500000;
12.2080000;0.9499980;0.9500000;
12.2090000;0.9499980;0.9500000;
12.2100000;0.9499980;0.9500000;
12.2110000;0.9499980;0.9500000;
12.2120000;0.9499980;0.9500000;
12.2130000;0.9499980;0.9500000;
12.2140000;0.9499980;0.9500000;
12.2150000;0.9499980;0.9500000;
12.2160000;0.9499980;0.9500000;
12.2170000;0.9499980;0.9500000;
12.2180000;0.9499980;0.9500000;
12.2190000;0.9499980;0.9500000;
12.2200000;0.9499980;0.9500000;
12.2210000;0.9499980;0.9500000;
12.2220000;0.9499980;0.9500000;
12.2230000;0.9499980;0.9500000;
12.2240000;0.9499980;0.9500000;
12.2250000;0.9499980;0.9500000;
12.2260000;0.9499980;0.9500000;
12.2270000;0.9499980;0.9500000;
12.2280000;0.9499980;0.9500000;
12.2290000;0.9499980;0.9500000;
12.2300000;0.9499980;0.9500000;
12.2310000;0.9499980;0.9500000;
12.2320000;0.9499980;0.9500000;
12.2330000;0.9499980;0.9500000;
12.2340000;0.9499980;0.9500000;
12.2350000;0.9499980;0.9500000;
12.2360000;0.9499980;0.9500000;
12.2370000;0.9499980;0.9500000;
12.2380000;0.9499980;0.9500000;
12.2390000;0.9499980;0.9500000;
12.2400000;0.9499980;0.9500000;
12.2410000;0.9499980;0.9500000;
12.2420000;0.9499980;0.9500000;
12.2430000;0.9499980;0.9500000;
12.2440000;0.9499980;0.9500000;
12.2450000;0.9499980;0.9500000;
12.2460000;0.9499980;0.9500000;
12.2470000;0.9499980;0.9500000;
12.2480000;0.9499980;0.9500000;
12.2490000;0.9499980;0.9500000;
12.2500000;0.9499980;0.9500000;
12.2510000;0.9499980;0.9500000;
12.2520000;0.9499980;0.9500000;
12.2530000;0.9499980;0.9500000;
12.2540000;0.9499980;0.9500000;
12.2550000;0.9499980;0.9500000;
12.2560000;0.9499980;0.9500000;
12.2570000;0.9499980;0.9500000;
12.2580000;0.9499980;0.9500000;
12.2590000;0.9499980;0.9500000;
12.2600000;0.9499980;0.9500000;
12.2610000;0.9499980;0.9500000;
12.2620000;0.9499980;0.9500000;
12.2630000;0.9499980;0.9500000;
12.2640000;0.9499980;0.9500000;
12.2650000;0.9499980;0.9500000;
12.2660000;0.9499980;0.9500000;
12.2670000;0.9499980;0.9500000;
12.2680000;0.9499980;0.9500000;
12.2690000;0.9499980;0.9500000;
12.2700000;0.9499980;0.9500000;
12.2710000;0.9499980;0.9500000;
12.2720000;0.9499980;0.9500000;
12.2730000;0.9499980;0.9500000;
12.2740000;0.9499980;0.9500000;
12.2750000;0.9499980;0.9500000;
12.2760000;0.9499980;0.9500000;
12.2770000;0.9499980;0.9500000;
12.2780000;0.9499980;0.9500000;
12.2790000;0.9499980;0.9500000;
12.2800000;0.9499980;0.9500000;
12.2810000;0.9499980;0.9500000;
12.2820000;0.9499980;0.9500000;
12.2830000;0.9499980;0.9500000;
12.2840000;0.9499980;0.9500000;
12.2850000;0.9499980;0.9500000;
12.2860000;0.9499980;0.9500000;
12.2870000;0.9499980;0.9500000;
12.2880000;0.9499980;0.9500000;
12.2890000;0.9499980;0.9500000;
12.2900000;0.9499980;0.9500000;
12.2910000;0.9499980;0.9500000;
12.2920000;0.9499980;0.9500000;
12.2930000;0.9499980;0.9500000;
12.2940000;0.9499980;0.9500000;
12.2950000;0.9499980;0.9500000;
12.2960000;0.9499980;0.9500000;
12.2970000;0.9499980;0.9500000;
12.2980000;0.9499980;0.9500000;
12.2990000;0.9499980;0.9500000;
12.3000000;0.9499980;0.9500000;
12.3010000;0.9499980;0.9500000;
12.3020000;0.9499980;0.9500000;
12.3030000;0.9499980;0.9500000;
12.3040000;0.9499980;0.9500000;
12.3050000;0.9499980;0.9500000;
12.3060000;0.9499980;0.9500000;
12.3070000;0.9499980;0.9500000;
12.3080000;0.9499980;0.9500000;
12.3090000;0.9499980;0.9500000;
12.3100000;0.9499980;0.9500000;
12.3110000;0.9499980;0.9500000;
12.3120000;0.9499980;0.9500000;
12.3130000;0.9499980;0.9500000;
12.3140000;0.9499980;0.9500000;
12.3150000;0.9499980;0.9500000;
12.3160000;0.9499980;0.9500000;
12.3170000;0.9499980;0.9500000;
12.3180000;0.9499980;0.9500000;
12.3190000;0.9499980;0.9500000;
12.3200000;0.9499980;0.9500000;
12.3210000;0.9499980;0.9500000;
12.3220000;0.9499980;0.9500000;
12.3230000;0.9499980;0.9500000;
12.3240000;0.9499980;0.9500000;
12.3250000;0.9499980;0.9500000;
12.3260000;0.9499980;0.9500000;
12.3270000;0.9499980;0.9500000;
12.3280000;0.9499980;0.9500000;
12.3290000;0.9499980;0.9500000;
12.3300000;0.9499980;0.9500000;
12.3310000;0.9499980;0.9500000;
12.3320000;0.9499980;0.9500000;
12.3330000;0.9499980;0.9500000;
12.3340000;0.9499980;0.9500000;
12.3350000;0.9499980;0.9500000;
12.3360000;0.9499980;0.9500000;
12.3370000;0.9499980;0.9500000;
12.3380000;0.9499980;0.9500000;
12.3390000;0.9499980;0.9500000;
12.3400000;0.9499980;0.9500000;
12.3410000;0.9499980;0.9500000;
12.3420000;0.9499980;0.9500000;
12.3430000;0.9499980;0.9500000;
12.3440000;0.9499980;0.9500000;
12.3450000;0.9499980;0.9500000;
12.3460000;0.9499980;0.9500000;
12.3470000;0.9499980;0.9500000;
12.3480000;0.9499980;0.9500000;
12.3490000;0.9499980;0.9500000;
12.3500000;0.9499980;0.9500000;
12.3510000;0.9499980;0.9500000;
12.3520000;0.9499980;0.9500000;
12.3530000;0.9499980;0.9500000;
12.3540000;0.9499980;0.9500000;
12.3550000;0.9499980;0.9500000;
12.3560000;0.9499980;0.9500000;
12.3570000;0.9499980;0.9500000;
12.3580000;0.9499980;0.9500000;
12.3590000;0.9499980;0.9500000;
12.3600000;0.9499980;0.9500000;
12.3610000;0.9499980;0.9500000;
12.3620000;0.9499980;0.9500000;
12.3630000;0.9499980;0.9500000;
12.3640000;0.9499980;0.9500000;
12.3650000;0.9499980;0.9500000;
12.3660000;0.9499980;0.9500000;
12.3670000;0.9499980;0.9500000;
12.3680000;0.9499980;0.9500000;
12.3690000;0.9499980;0.9500000;
12.3700000;0.9499980;0.9500000;
12.3710000;0.9499980;0.9500000;
12.3720000;0.9499980;0.9500000;
12.3730000;0.9499980;0.9500000;
12.3740000;0.9499980;0.9500000;
12.3750000;0.9499980;0.9500000;
12.3760000;0.9499980;0.9500000;
12.3770000;0.9499980;0.9500000;
12.3780000;0.9499980;0.9500000;
12.3790000;0.9499980;0.9500000;
12.3800000;0.9499980;0.9500000;
12.3810000;0.9499980;0.9500000;
12.3820000;0.9499980;0.9500000;
12.3830000;0.9499980;0.9500000;
12.3840000;0.9499980;0.9500000;
12.3850000;0.9499980;0.9500000;
12.3860000;0.9499980;0.9500000;
12.3870000;0.9499980;0.9500000;
12.3880000;0.9499980;0.9500000;
12.3890000;0.9499980;0.9500000;
12.3900000;0.9499980;0.9500000;
12.3910000;0.9499980;0.9500000;
12.3920000;0.9499980;0.9500000;
12.3930000;0.9499980;0.9500000;
12.3940000;0.9499980;0.9500000;
12.3950000;0.9499980;0.9500000;
12.3960000;0.9499980;0.9500000;
12.3970000;0.9499980;0.9500000;
12.3980000;0.9499980;0.9500000;
12.3990000;0.9499980;0.9500000;
12.4000000;0.9499980;0.9500000;
12.4010000;0.9499980;0.9500000;
12.4020000;0.9499980;0.9500000;
12.4030000;0.9499980;0.9500000;
12.4040000;0.9499980;0.9500000;
12.4050000;0.9499980;0.9500000;
12.4060000;0.9499980;0.9500000;
12.4070000;0.9499980;0.9500000;
12.4080000;0.9499980;0.9500000;
12.4090000;0.9499980;0.9500000;
12.4100000;0.9499980;0.9500000;
12.4110000;0.9499980;0.9500000;
12.4120000;0.9499980;0.9500000;
12.4130000;0.9499980;0.9500000;
12.4140000;0.9499980;0.9500000;
12.4150000;0.9499980;0.9500000;
12.4160000;0.9499980;0.9500000;
12.4170000;0.9499980;0.9500000;
12.4180000;0.9499980;0.9500000;
12.4190000;0.9499980;0.9500000;
12.4200000;0.9499980;0.9500000;
12.4210000;0.9499980;0.9500000;
12.4220000;0.9499980;0.9500000;
12.4230000;0.9499980;0.9500000;
12.4240000;0.9499980;0.9500000;
12.4250000;0.9499980;0.9500000;
12.4260000;0.9499980;0.9500000;
12.4270000;0.9499980;0.9500000;
12.4280000;0.9499980;0.9500000;
12.4290000;0.9499980;0.9500000;
12.4300000;0.9499980;0.9500000;
12.4310000;0.9499980;0.9500000;
12.4320000;0.9499980;0.9500000;
12.4330000;0.9499980;0.9500000;
12.4340000;0.9499980;0.9500000;
12.4350000;0.9499980;0.9500000;
12.4360000;0.9499980;0.9500000;
12.4370000;0.9499980;0.9500000;
12.4380000;0.9499980;0.9500000;
12.4390000;0.9499980;0.9500000;
12.4400000;0.9499980;0.9500000;
12.4410000;0.9499980;0.9500000;
12.4420000;0.9499980;0.9500000;
12.4430000;0.9499980;0.9500000;
12.4440000;0.9499980;0.9500000;
12.4450000;0.9499980;0.9500000;
12.4460000;0.9499980;0.9500000;
12.4470000;0.9499980;0.9500000;
12.4480000;0.9499980;0.9500000;
12.4490000;0.9499980;0.9500000;
12.4500000;0.9499980;0.9500000;
12.4510000;0.9499980;0.9500000;
12.4520000;0.9499980;0.9500000;
12.4530000;0.9499980;0.9500000;
12.4540000;0.9499980;0.9500000;
12.4550000;0.9499980;0.9500000;
12.4560000;0.9499980;0.9500000;
12.4570000;0.9499980;0.9500000;
12.4580000;0.9499980;0.9500000;
12.4590000;0.9499980;0.9500000;
12.4600000;0.9499980;0.9500000;
12.4610000;0.9499980;0.9500000;
12.4620000;0.9499980;0.9500000;
12.4630000;0.9499980;0.9500000;
12.4640000;0.9499980;0.9500000;
12.4650000;0.9499980;0.9500000;
12.4660000;0.9499980;0.9500000;
12.4670000;0.9499980;0.9500000;
12.4680000;0.9499980;0.9500000;
12.4690000;0.9499980;0.9500000;
12.4700000;0.9499980;0.9500000;
12.4710000;0.9499980;0.9500000;
12.4720000;0.9499980;0.9500000;
12.4730000;0.9499980;0.9500000;
12.4740000;0.9499980;0.9500000;
12.4750000;0.9499980;0.9500000;
12.4760000;0.9499980;0.9500000;
12.4770000;0.9499980;0.9500000;
12.4780000;0.9499980;0.9500000;
12.4790000;0.9499980;0.9500000;
12.4800000;0.9499980;0.9500000;
12.4810000;0.9499980;0.9500000;
12.4820000;0.9499980;0.9500000;
12.4830000;0.9499980;0.9500000;
12.4840000;0.9499980;0.9500000;
12.4850000;0.9499980;0.9500000;
12.4860000;0.9499980;0.9500000;
12.4870000;0.9499980;0.9500000;
12.4880000;0.9499980;0.9500000;
12.4890000;0.9499980;0.9500000;
12.4900000;0.9499980;0.9500000;
12.4910000;0.9499980;0.9500000;
12.4920000;0.9499980;0.9500000;
12.4930000;0.9499980;0.9500000;
12.4940000;0.9499980;0.9500000;
12.4950000;0.9499980;0.9500000;
12.4960000;0.9499980;0.9500000;
12.4970000;0.9499980;0.9500000;
12.4980000;0.9499980;0.9500000;
12.4990000;0.9499980;0.9500000;
12.5000000;0.9499980;0.9500000;
12.5010000;0.9499980;0.9500000;
12.5020000;0.9499980;0.9500000;
12.5030000;0.9499980;0.9500000;
12.5040000;0.9499980;0.9500000;
12.5050000;0.9499980;0.9500000;
12.5060000;0.9499980;0.9500000;
12.5070000;0.9499980;0.9500000;
12.5080000;0.9499980;0.9500000;
12.5090000;0.9499980;0.9500000;
12.5100000;0.9499980;0.9500000;
12.5110000;0.9499980;0.9500000;
12.5120000;0.9499980;0.9500000;
12.5130000;0.9499980;0.9500000;
12.5140000;0.9499980;0.9500000;
12.5150000;0.9499980;0.9500000;
12.5160000;0.9499980;0.9500000;
12.5170000;0.9499980;0.9500000;
12.5180000;0.9499980;0.9500000;
12.5190000;0.9499980;0.9500000;
12.5200000;0.9499980;0.9500000;
12.5210000;0.9499980;0.9500000;
12.5220000;0.9499980;0.9500000;
12.5230000;0.9499980;0.9500000;
12.5240000;0.9499980;0.9500000;
12.5250000;0.9499980;0.9500000;
12.5260000;0.9499980;0.9500000;
12.5270000;0.9499980;0.9500000;
12.5280000;0.9499980;0.9500000;
12.5290000;0.9499980;0.9500000;
12.5300000;0.9499980;0.9500000;
12.5310000;0.9499980;0.9500000;
12.5320000;0.9499980;0.9500000;
12.5330000;0.9499980;0.9500000;
12.5340000;0.9499980;0.9500000;
12.5350000;0.9499980;0.9500000;
12.5360000;0.9499980;0.9500000;
12.5370000;0.9499980;0.9500000;
12.5380000;0.9499980;0.9500000;
12.5390000;0.9499980;0.9500000;
12.5400000;0.9499980;0.9500000;
12.5410000;0.9499980;0.9500000;
12.5420000;0.9499980;0.9500000;
12.5430000;0.9499980;0.9500000;
12.5440000;0.9499980;0.9500000;
12.5450000;0.9499980;0.9500000;
12.5460000;0.9499980;0.9500000;
12.5470000;0.9499980;0.9500000;
12.5480000;0.9499980;0.9500000;
12.5490000;0.9499980;0.9500000;
12.5500000;0.9499980;0.9500000;
12.5510000;0.9499980;0.9500000;
12.5520000;0.9499980;0.9500000;
12.5530000;0.9499980;0.9500000;
12.5540000;0.9499980;0.9500000;
12.5550000;0.9499980;0.9500000;
12.5560000;0.9499980;0.9500000;
12.5570000;0.9499980;0.9500000;
12.5580000;0.9499980;0.9500000;
12.5590000;0.9499980;0.9500000;
12.5600000;0.9499980;0.9500000;
12.5610000;0.9499980;0.9500000;
12.5620000;0.9499980;0.9500000;
12.5630000;0.9499980;0.9500000;
12.5640000;0.9499980;0.9500000;
12.5650000;0.9499980;0.9500000;
12.5660000;0.9499980;0.9500000;
12.5670000;0.9499980;0.9500000;
12.5680000;0.9499980;0.9500000;
12.5690000;0.9499980;0.9500000;
12.5700000;0.9499980;0.9500000;
12.5710000;0.9499980;0.9500000;
12.5720000;0.9499980;0.9500000;
12.5730000;0.9499980;0.9500000;
12.5740000;0.9499980;0.9500000;
12.5750000;0.9499980;0.9500000;
12.5760000;0.9499980;0.9500000;
12.5770000;0.9499980;0.9500000;
12.5780000;0.9499980;0.9500000;
12.5790000;0.9499980;0.9500000;
12.5800000;0.9499980;0.9500000;
12.5810000;0.9499980;0.9500000;
12.5820000;0.9499980;0.9500000;
12.5830000;0.9499980;0.9500000;
12.5840000;0.9499980;0.9500000;
12.5850000;0.9499980;0.9500000;
12.5860000;0.9499980;0.9500000;
12.5870000;0.9499980;0.9500000;
12.5880000;0.9499980;0.9500000;
12.5890000;0.9499980;0.9500000;
12.5900000;0.9499980;0.9500000;
12.5910000;0.9499980;0.9500000;
12.5920000;0.9499980;0.9500000;
12.5930000;0.9499980;0.9500000;
12.5940000;0.9499980;0.9500000;
12.5950000;0.9499980;0.9500000;
12.5960000;0.9499980;0.9500000;
12.5970000;0.9499980;0.9500000;
12.5980000;0.9499980;0.9500000;
12.5990000;0.9499980;0.9500000;
12.6000000;0.9499980;0.9500000;
12.6010000;0.9499980;0.9500000;
12.6020000;0.9499980;0.9500000;
12.6030000;0.9499980;0.9500000;
12.6040000;0.9499980;0.9500000;
12.6050000;0.9499980;0.9500000;
12.6060000;0.9499980;0.9500000;
12.6070000;0.9499980;0.9500000;
12.6080000;0.9499980;0.9500000;
12.6090000;0.9499980;0.9500000;
12.6100000;0.9499980;0.9500000;
12.6110000;0.9499980;0.9500000;
12.6120000;0.9499980;0.9500000;
12.6130000;0.9499980;0.9500000;
12.6140000;0.9499980;0.9500000;
12.6150000;0.9499980;0.9500000;
12.6160000;0.9499980;0.9500000;
12.6170000;0.9499980;0.9500000;
12.6180000;0.9499980;0.9500000;
12.6190000;0.9499980;0.9500000;
12.6200000;0.9499980;0.9500000;
12.6210000;0.9499980;0.9500000;
12.6220000;0.9499980;0.9500000;
12.6230000;0.9499980;0.9500000;
12.6240000;0.9499980;0.9500000;
12.6250000;0.9499980;0.9500000;
12.6260000;0.9499980;0.9500000;
12.6270000;0.9499980;0.9500000;
12.6280000;0.9499980;0.9500000;
12.6290000;0.9499980;0.9500000;
12.6300000;0.9499980;0.9500000;
12.6310000;0.9499980;0.9500000;
12.6320000;0.9499980;0.9500000;
12.6330000;0.9499980;0.9500000;
12.6340000;0.9499980;0.9500000;
12.6350000;0.9499980;0.9500000;
12.6360000;0.9499980;0.9500000;
12.6370000;0.9499980;0.9500000;
12.6380000;0.9499980;0.9500000;
12.6390000;0.9499980;0.9500000;
12.6400000;0.9499980;0.9500000;
12.6410000;0.9499980;0.9500000;
12.6420000;0.9499980;0.9500000;
12.6430000;0.9499980;0.9500000;
12.6440000;0.9499980;0.9500000;
12.6450000;0.9499980;0.9500000;
12.6460000;0.9499980;0.9500000;
12.6470000;0.9499980;0.9500000;
12.6480000;0.9499980;0.9500000;
12.6490000;0.9499980;0.9500000;
12.6500000;0.9499980;0.9500000;
12.6510000;0.9499980;0.9500000;
12.6520000;0.9499980;0.9500000;
12.6530000;0.9499980;0.9500000;
12.6540000;0.9499980;0.9500000;
12.6550000;0.9499980;0.9500000;
12.6560000;0.9499980;0.9500000;
12.6570000;0.9499980;0.9500000;
12.6580000;0.9499980;0.9500000;
12.6590000;0.9499980;0.9500000;
12.6600000;0.9499980;0.9500000;
12.6610000;0.9499980;0.9500000;
12.6620000;0.9499980;0.9500000;
12.6630000;0.9499980;0.9500000;
12.6640000;0.9499980;0.9500000;
12.6650000;0.9499980;0.9500000;
12.6660000;0.9499980;0.9500000;
12.6670000;0.9499980;0.9500000;
12.6680000;0.9499980;0.9500000;
12.6690000;0.9499980;0.9500000;
12.6700000;0.9499980;0.9500000;
12.6710000;0.9499980;0.9500000;
12.6720000;0.9499980;0.9500000;
12.6730000;0.9499980;0.9500000;
12.6740000;0.9499980;0.9500000;
12.6750000;0.9499980;0.9500000;
12.6760000;0.9499980;0.9500000;
12.6770000;0.9499980;0.9500000;
12.6780000;0.9499980;0.9500000;
12.6790000;0.9499980;0.9500000;
12.6800000;0.9499980;0.9500000;
12.6810000;0.9499980;0.9500000;
12.6820000;0.9499980;0.9500000;
12.6830000;0.9499980;0.9500000;
12.6840000;0.9499980;0.9500000;
12.6850000;0.9499980;0.9500000;
12.6860000;0.9499980;0.9500000;
12.6870000;0.9499980;0.9500000;
12.6880000;0.9499980;0.9500000;
12.6890000;0.9499980;0.9500000;
12.6900000;0.9499980;0.9500000;
12.6910000;0.9499980;0.9500000;
12.6920000;0.9499980;0.9500000;
12.6930000;0.9499980;0.9500000;
12.6940000;0.9499980;0.9500000;
12.6950000;0.9499980;0.9500000;
12.6960000;0.9499980;0.9500000;
12.6970000;0.9499980;0.9500000;
12.6980000;0.9499980;0.9500000;
12.6990000;0.9499980;0.9500000;
12.7000000;0.9499980;0.9500000;
12.7010000;0.9499980;0.9500000;
12.7020000;0.9499980;0.9500000;
12.7030000;0.9499980;0.9500000;
12.7040000;0.9499980;0.9500000;
12.7050000;0.9499980;0.9500000;
12.7060000;0.9499980;0.9500000;
12.7070000;0.9499980;0.9500000;
12.7080000;0.9499980;0.9500000;
12.7090000;0.9499980;0.9500000;
12.7100000;0.9499980;0.9500000;
12.7110000;0.9499980;0.9500000;
12.7120000;0.9499980;0.9500000;
12.7130000;0.9499980;0.9500000;
12.7140000;0.9499980;0.9500000;
12.7150000;0.9499980;0.9500000;
12.7160000;0.9499980;0.9500000;
12.7170000;0.9499980;0.9500000;
12.7180000;0.9499980;0.9500000;
12.7190000;0.9499980;0.9500000;
12.7200000;0.9499980;0.9500000;
12.7210000;0.9499980;0.9500000;
12.7220000;0.9499980;0.9500000;
12.7230000;0.9499980;0.9500000;
12.7240000;0.9499980;0.9500000;
12.7250000;0.9499980;0.9500000;
12.7260000;0.9499980;0.9500000;
12.7270000;0.9499980;0.9500000;
12.7280000;0.9499980;0.9500000;
12.7290000;0.9499980;0.9500000;
12.7300000;0.9499980;0.9500000;
12.7310000;0.9499980;0.9500000;
12.7320000;0.9499980;0.9500000;
12.7330000;0.9499980;0.9500000;
12.7340000;0.9499980;0.9500000;
12.7350000;0.9499980;0.9500000;
12.7360000;0.9499980;0.9500000;
12.7370000;0.9499980;0.9500000;
12.7380000;0.9499980;0.9500000;
12.7390000;0.9499980;0.9500000;
12.7400000;0.9499980;0.9500000;
12.7410000;0.9499980;0.9500000;
12.7420000;0.9499980;0.9500000;
12.7430000;0.9499980;0.9500000;
12.7440000;0.9499980;0.9500000;
12.7450000;0.9499980;0.9500000;
12.7460000;0.9499980;0.9500000;
12.7470000;0.9499980;0.9500000;
12.7480000;0.9499980;0.9500000;
12.7490000;0.9499980;0.9500000;
12.7500000;0.9499980;0.9500000;
12.7510000;0.9499980;0.9500000;
12.7520000;0.9499980;0.9500000;
12.7530000;0.9499980;0.9500000;
12.7540000;0.9499980;0.9500000;
12.7550000;0.9499980;0.9500000;
12.7560000;0.9499980;0.9500000;
12.7570000;0.9499980;0.9500000;
12.7580000;0.9499980;0.9500000;
12.7590000;0.9499980;0.9500000;
12.7600000;0.9499980;0.9500000;
12.7610000;0.9499980;0.9500000;
12.7620000;0.9499980;0.9500000;
12.7630000;0.9499980;0.9500000;
12.7640000;0.9499980;0.9500000;
12.7650000;0.9499980;0.9500000;
12.7660000;0.9499980;0.9500000;
12.7670000;0.9499980;0.9500000;
12.7680000;0.9499980;0.9500000;
12.7690000;0.9499980;0.9500000;
12.7700000;0.9499980;0.9500000;
12.7710000;0.9499980;0.9500000;
12.7720000;0.9499980;0.9500000;
12.7730000;0.9499980;0.9500000;
12.7740000;0.9499980;0.9500000;
12.7750000;0.9499980;0.9500000;
12.7760000;0.9499980;0.9500000;
12.7770000;0.9499980;0.9500000;
12.7780000;0.9499980;0.9500000;
12.7790000;0.9499980;0.9500000;
12.7800000;0.9499980;0.9500000;
12.7810000;0.9499980;0.9500000;
12.7820000;0.9499980;0.9500000;
12.7830000;0.9499980;0.9500000;
12.7840000;0.9499980;0.9500000;
12.7850000;0.9499980;0.9500000;
12.7860000;0.9499980;0.9500000;
12.7870000;0.9499980;0.9500000;
12.7880000;0.9499980;0.9500000;
12.7890000;0.9499980;0.9500000;
12.7900000;0.9499980;0.9500000;
12.7910000;0.9499980;0.9500000;
12.7920000;0.9499980;0.9500000;
12.7930000;0.9499980;0.9500000;
12.7940000;0.9499980;0.9500000;
12.7950000;0.9499980;0.9500000;
12.7960000;0.9499980;0.9500000;
12.7970000;0.9499980;0.9500000;
12.7980000;0.9499980;0.9500000;
12.7990000;0.9499980;0.9500000;
12.8000000;0.9499980;0.9500000;
12.8010000;0.9499980;0.9500000;
12.8020000;0.9499980;0.9500000;
12.8030000;0.9499980;0.9500000;
12.8040000;0.9499980;0.9500000;
12.8050000;0.9499980;0.9500000;
12.8060000;0.9499980;0.9500000;
12.8070000;0.9499980;0.9500000;
12.8080000;0.9499980;0.9500000;
12.8090000;0.9499980;0.9500000;
12.8100000;0.9499980;0.9500000;
12.8110000;0.9499980;0.9500000;
12.8120000;0.9499980;0.9500000;
12.8130000;0.9499980;0.9500000;
12.8140000;0.9499980;0.9500000;
12.8150000;0.9499980;0.9500000;
12.8160000;0.9499980;0.9500000;
12.8170000;0.9499980;0.9500000;
12.8180000;0.9499980;0.9500000;
12.8190000;0.9499980;0.9500000;
12.8200000;0.9499980;0.9500000;
12.8210000;0.9499980;0.9500000;
12.8220000;0.9499980;0.9500000;
12.8230000;0.9499980;0.9500000;
12.8240000;0.9499980;0.9500000;
12.8250000;0.9499980;0.9500000;
12.8260000;0.9499980;0.9500000;
12.8270000;0.9499980;0.9500000;
12.8280000;0.9499980;0.9500000;
12.8290000;0.9499980;0.9500000;
12.8300000;0.9499980;0.9500000;
12.8310000;0.9499980;0.9500000;
12.8320000;0.9499980;0.9500000;
12.8330000;0.9499980;0.9500000;
12.8340000;0.9499980;0.9500000;
12.8350000;0.9499980;0.9500000;
12.8360000;0.9499980;0.9500000;
12.8370000;0.9499980;0.9500000;
12.8380000;0.9499980;0.9500000;
12.8390000;0.9499980;0.9500000;
12.8400000;0.9499980;0.9500000;
12.8410000;0.9499980;0.9500000;
12.8420000;0.9499980;0.9500000;
12.8430000;0.9499980;0.9500000;
12.8440000;0.9499980;0.9500000;
12.8450000;0.9499980;0.9500000;
12.8460000;0.9499980;0.9500000;
12.8470000;0.9499980;0.9500000;
12.8480000;0.9499980;0.9500000;
12.8490000;0.9499980;0.9500000;
12.8500000;0.9499980;0.9500000;
12.8510000;0.9499980;0.9500000;
12.8520000;0.9499980;0.9500000;
12.8530000;0.9499980;0.9500000;
12.8540000;0.9499980;0.9500000;
12.8550000;0.9499980;0.9500000;
12.8560000;0.9499980;0.9500000;
12.8570000;0.9499980;0.9500000;
12.8580000;0.9499980;0.9500000;
12.8590000;0.9499980;0.9500000;
12.8600000;0.9499980;0.9500000;
12.8610000;0.9499980;0.9500000;
12.8620000;0.9499980;0.9500000;
12.8630000;0.9499980;0.9500000;
12.8640000;0.9499980;0.9500000;
12.8650000;0.9499980;0.9500000;
12.8660000;0.9499980;0.9500000;
12.8670000;0.9499980;0.9500000;
12.8680000;0.9499980;0.9500000;
12.8690000;0.9499980;0.9500000;
12.8700000;0.9499980;0.9500000;
12.8710000;0.9499980;0.9500000;
12.8720000;0.9499980;0.9500000;
12.8730000;0.9499980;0.9500000;
12.8740000;0.9499980;0.9500000;
12.8750000;0.9499980;0.9500000;
12.8760000;0.9499980;0.9500000;
12.8770000;0.9499980;0.9500000;
12.8780000;0.9499980;0.9500000;
12.8790000;0.9499980;0.9500000;
12.8800000;0.9499980;0.9500000;
12.8810000;0.9499980;0.9500000;
12.8820000;0.9499980;0.9500000;
12.8830000;0.9499980;0.9500000;
12.8840000;0.9499980;0.9500000;
12.8850000;0.9499980;0.9500000;
12.8860000;0.9499980;0.9500000;
12.8870000;0.9499980;0.9500000;
12.8880000;0.9499980;0.9500000;
12.8890000;0.9499980;0.9500000;
12.8900000;0.9499980;0.9500000;
12.8910000;0.9499980;0.9500000;
12.8920000;0.9499980;0.9500000;
12.8930000;0.9499980;0.9500000;
12.8940000;0.9499980;0.9500000;
12.8950000;0.9499980;0.9500000;
12.8960000;0.9499980;0.9500000;
12.8970000;0.9499980;0.9500000;
12.8980000;0.9499980;0.9500000;
12.8990000;0.9499980;0.9500000;
12.9000000;0.9499980;0.9500000;
12.9010000;0.9499980;0.9500000;
12.9020000;0.9499980;0.9500000;
12.9030000;0.9499980;0.9500000;
12.9040000;0.9499980;0.9500000;
12.9050000;0.9499980;0.9500000;
12.9060000;0.9499980;0.9500000;
12.9070000;0.9499980;0.9500000;
12.9080000;0.9499980;0.9500000;
12.9090000;0.9499980;0.9500000;
12.9100000;0.9499980;0.9500000;
12.9110000;0.9499980;0.9500000;
12.9120000;0.9499980;0.9500000;
12.9130000;0.9499980;0.9500000;
12.9140000;0.9499980;0.9500000;
12.9150000;0.9499980;0.9500000;
12.9160000;0.9499980;0.9500000;
12.9170000;0.9499980;0.9500000;
12.9180000;0.9499980;0.9500000;
12.9190000;0.9499980;0.9500000;
12.9200000;0.9499980;0.9500000;
12.9210000;0.9499980;0.9500000;
12.9220000;0.9499980;0.9500000;
12.9230000;0.9499980;0.9500000;
12.9240000;0.9499980;0.9500000;
12.9250000;0.9499980;0.9500000;
12.9260000;0.9499980;0.9500000;
12.9270000;0.9499980;0.9500000;
12.9280000;0.9499980;0.9500000;
12.9290000;0.9499980;0.9500000;
12.9300000;0.9499980;0.9500000;
12.9310000;0.9499980;0.9500000;
12.9320000;0.9499980;0.9500000;
12.9330000;0.9499980;0.9500000;
12.9340000;0.9499980;0.9500000;
12.9350000;0.9499980;0.9500000;
12.9360000;0.9499980;0.9500000;
12.9370000;0.9499980;0.9500000;
12.9380000;0.9499980;0.9500000;
12.9390000;0.9499980;0.9500000;
12.9400000;0.9499980;0.9500000;
12.9410000;0.9499980;0.9500000;
12.9420000;0.9499980;0.9500000;
12.9430000;0.9499980;0.9500000;
12.9440000;0.9499980;0.9500000;
12.9450000;0.9499980;0.9500000;
12.9460000;0.9499980;0.9500000;
12.9470000;0.9499980;0.9500000;
12.9480000;0.9499980;0.9500000;
12.9490000;0.9499980;0.9500000;
12.9500000;0.9499980;0.9500000;
12.9510000;0.9499980;0.9500000;
12.9520000;0.9499980;0.9500000;
12.9530000;0.9499980;0.9500000;
12.9540000;0.9499980;0.9500000;
12.9550000;0.9499980;0.9500000;
12.9560000;0.9499980;0.9500000;
12.9570000;0.9499980;0.9500000;
12.9580000;0.9499980;0.9500000;
12.9590000;0.9499980;0.9500000;
12.9600000;0.9499980;0.9500000;
12.9610000;0.9499980;0.9500000;
12.9620000;0.9499980;0.9500000;
12.9630000;0.9499980;0.9500000;
12.9640000;0.9499980;0.9500000;
12.9650000;0.9499980;0.9500000;
12.9660000;0.9499980;0.9500000;
12.9670000;0.9499980;0.9500000;
12.9680000;0.9499980;0.9500000;
12.9690000;0.9499980;0.9500000;
12.9700000;0.9499980;0.9500000;
12.9710000;0.9499980;0.9500000;
12.9720000;0.9499980;0.9500000;
12.9730000;0.9499980;0.9500000;
12.9740000;0.9499980;0.9500000;
12.9750000;0.9499980;0.9500000;
12.9760000;0.9499980;0.9500000;
12.9770000;0.9499980;0.9500000;
12.9780000;0.9499980;0.9500000;
12.9790000;0.9499980;0.9500000;
12.9800000;0.9499980;0.9500000;
12.9810000;0.9499980;0.9500000;
12.9820000;0.9499980;0.9500000;
12.9830000;0.9499980;0.9500000;
12.9840000;0.9499980;0.9500000;
12.9850000;0.9499980;0.9500000;
12.9860000;0.9499980;0.9500000;
12.9870000;0.9499980;0.9500000;
12.9880000;0.9499980;0.9500000;
12.9890000;0.9499980;0.9500000;
12.9900000;0.9499980;0.9500000;
12.9910000;0.9499980;0.9500000;
12.9920000;0.9499980;0.9500000;
12.9930000;0.9499980;0.9500000;
12.9940000;0.9499980;0.9500000;
12.9950000;0.9499980;0.9500000;
12.9960000;0.9499980;0.9500000;
12.9970000;0.9499980;0.9500000;
12.9980000;0.9499980;0.9500000;
12.9990000;0.9499980;0.9500000;
13.0000000;0.9499980;0.9500000;
13.0010000;0.9499980;0.9500000;
13.0020000;0.9499980;0.9500000;
13.0030000;0.9499980;0.9500000;
13.0040000;0.9499980;0.9500000;
13.0050000;0.9499980;0.9500000;
13.0060000;0.9499980;0.9500000;
13.0070000;0.9499980;0.9500000;
13.0080000;0.9499980;0.9500000;
13.0090000;0.9499980;0.9500000;
13.0100000;0.9499980;0.9500000;
13.0110000;0.9499980;0.9500000;
13.0120000;0.9499980;0.9500000;
13.0130000;0.9499980;0.9500000;
13.0140000;0.9499980;0.9500000;
13.0150000;0.9499980;0.9500000;
13.0160000;0.9499980;0.9500000;
13.0170000;0.9499980;0.9500000;
13.0180000;0.9499980;0.9500000;
13.0190000;0.9499980;0.9500000;
13.0200000;0.9499980;0.9500000;
13.0210000;0.9499980;0.9500000;
13.0220000;0.9499980;0.9500000;
13.0230000;0.9499980;0.9500000;
13.0240000;0.9499980;0.9500000;
13.0250000;0.9499980;0.9500000;
13.0260000;0.9499980;0.9500000;
13.0270000;0.9499980;0.9500000;
13.0280000;0.9499980;0.9500000;
13.0290000;0.9499980;0.9500000;
13.0300000;0.9499980;0.9500000;
13.0310000;0.9499980;0.9500000;
13.0320000;0.9499980;0.9500000;
13.0330000;0.9499980;0.9500000;
13.0340000;0.9499980;0.9500000;
13.0350000;0.9499980;0.9500000;
13.0360000;0.9499980;0.9500000;
13.0370000;0.9499980;0.9500000;
13.0380000;0.9499980;0.9500000;
13.0390000;0.9499980;0.9500000;
13.0400000;0.9499980;0.9500000;
13.0410000;0.9499980;0.9500000;
13.0420000;0.9499980;0.9500000;
13.0430000;0.9499980;0.9500000;
13.0440000;0.9499980;0.9500000;
13.0450000;0.9499980;0.9500000;
13.0460000;0.9499980;0.9500000;
13.0470000;0.9499980;0.9500000;
13.0480000;0.9499980;0.9500000;
13.0490000;0.9499980;0.9500000;
13.0500000;0.9499980;0.9500000;
13.0510000;0.9499980;0.9500000;
13.0520000;0.9499980;0.9500000;
13.0530000;0.9499980;0.9500000;
13.0540000;0.9499980;0.9500000;
13.0550000;0.9499980;0.9500000;
13.0560000;0.9499980;0.9500000;
13.0570000;0.9499980;0.9500000;
13.0580000;0.9499980;0.9500000;
13.0590000;0.9499980;0.9500000;
13.0600000;0.9499980;0.9500000;
13.0610000;0.9499980;0.9500000;
13.0620000;0.9499980;0.9500000;
13.0630000;0.9499980;0.9500000;
13.0640000;0.9499980;0.9500000;
13.0650000;0.9499980;0.9500000;
13.0660000;0.9499980;0.9500000;
13.0670000;0.9499980;0.9500000;
13.0680000;0.9499980;0.9500000;
13.0690000;0.9499980;0.9500000;
13.0700000;0.9499980;0.9500000;
13.0710000;0.9499980;0.9500000;
13.0720000;0.9499980;0.9500000;
13.0730000;0.9499980;0.9500000;
13.0740000;0.9499980;0.9500000;
13.0750000;0.9499980;0.9500000;
13.0760000;0.9499980;0.9500000;
13.0770000;0.9499980;0.9500000;
13.0780000;0.9499980;0.9500000;
13.0790000;0.9499980;0.9500000;
13.0800000;0.9499980;0.9500000;
13.0810000;0.9499980;0.9500000;
13.0820000;0.9499980;0.9500000;
13.0830000;0.9499980;0.9500000;
13.0840000;0.9499980;0.9500000;
13.0850000;0.9499980;0.9500000;
13.0860000;0.9499980;0.9500000;
13.0870000;0.9499980;0.9500000;
13.0880000;0.9499980;0.9500000;
13.0890000;0.9499980;0.9500000;
13.0900000;0.9499980;0.9500000;
13.0910000;0.9499980;0.9500000;
13.0920000;0.9499980;0.9500000;
13.0930000;0.9499980;0.9500000;
13.0940000;0.9499980;0.9500000;
13.0950000;0.9499980;0.9500000;
13.0960000;0.9499980;0.9500000;
13.0970000;0.9499980;0.9500000;
13.0980000;0.9499980;0.9500000;
13.0990000;0.9499980;0.9500000;
13.1000000;0.9499980;0.9500000;
13.1010000;0.9499980;0.9500000;
13.1020000;0.9499980;0.9500000;
13.1030000;0.9499980;0.9500000;
13.1040000;0.9499980;0.9500000;
13.1050000;0.9499980;0.9500000;
13.1060000;0.9499980;0.9500000;
13.1070000;0.9499980;0.9500000;
13.1080000;0.9499980;0.9500000;
13.1090000;0.9499980;0.9500000;
13.1100000;0.9499980;0.9500000;
13.1110000;0.9499980;0.9500000;
13.1120000;0.9499980;0.9500000;
13.1130000;0.9499980;0.9500000;
13.1140000;0.9499980;0.9500000;
13.1150000;0.9499980;0.9500000;
13.1160000;0.9499980;0.9500000;
13.1170000;0.9499980;0.9500000;
13.1180000;0.9499980;0.9500000;
13.1190000;0.9499980;0.9500000;
13.1200000;0.9499980;0.9500000;
13.1210000;0.9499980;0.9500000;
13.1220000;0.9499980;0.9500000;
13.1230000;0.9499980;0.9500000;
13.1240000;0.9499980;0.9500000;
13.1250000;0.9499980;0.9500000;
13.1260000;0.9499980;0.9500000;
13.1270000;0.9499980;0.9500000;
13.1280000;0.9499980;0.9500000;
13.1290000;0.9499980;0.9500000;
13.1300000;0.9499980;0.9500000;
13.1310000;0.9499980;0.9500000;
13.1320000;0.9499980;0.9500000;
13.1330000;0.9499980;0.9500000;
13.1340000;0.9499980;0.9500000;
13.1350000;0.9499980;0.9500000;
13.1360000;0.9499980;0.9500000;
13.1370000;0.9499980;0.9500000;
13.1380000;0.9499980;0.9500000;
13.1390000;0.9499980;0.9500000;
13.1400000;0.9499980;0.9500000;
13.1410000;0.9499980;0.9500000;
13.1420000;0.9499980;0.9500000;
13.1430000;0.9499980;0.9500000;
13.1440000;0.9499980;0.9500000;
13.1450000;0.9499980;0.9500000;
13.1460000;0.9499980;0.9500000;
13.1470000;0.9499980;0.9500000;
13.1480000;0.9499980;0.9500000;
13.1490000;0.9499980;0.9500000;
13.1500000;0.9499980;0.9500000;
13.1510000;0.9499980;0.9500000;
13.1520000;0.9499980;0.9500000;
13.1530000;0.9499980;0.9500000;
13.1540000;0.9499980;0.9500000;
13.1550000;0.9499980;0.9500000;
13.1560000;0.9499980;0.9500000;
13.1570000;0.9499980;0.9500000;
13.1580000;0.9499980;0.9500000;
13.1590000;0.9499980;0.9500000;
13.1600000;0.9499980;0.9500000;
13.1610000;0.9499980;0.9500000;
13.1620000;0.9499980;0.9500000;
13.1630000;0.9499980;0.9500000;
13.1640000;0.9499980;0.9500000;
13.1650000;0.9499980;0.9500000;
13.1660000;0.9499980;0.9500000;
13.1670000;0.9499980;0.9500000;
13.1680000;0.9499980;0.9500000;
13.1690000;0.9499980;0.9500000;
13.1700000;0.9499980;0.9500000;
13.1710000;0.9499980;0.9500000;
13.1720000;0.9499980;0.9500000;
13.1730000;0.9499980;0.9500000;
13.1740000;0.9499980;0.9500000;
13.1750000;0.9499980;0.9500000;
13.1760000;0.9499980;0.9500000;
13.1770000;0.9499980;0.9500000;
13.1780000;0.9499980;0.9500000;
13.1790000;0.9499980;0.9500000;
13.1800000;0.9499980;0.9500000;
13.1810000;0.9499980;0.9500000;
13.1820000;0.9499980;0.9500000;
13.1830000;0.9499980;0.9500000;
13.1840000;0.9499980;0.9500000;
13.1850000;0.9499980;0.9500000;
13.1860000;0.9499980;0.9500000;
13.1870000;0.9499980;0.9500000;
13.1880000;0.9499980;0.9500000;
13.1890000;0.9499980;0.9500000;
13.1900000;0.9499980;0.9500000;
13.1910000;0.9499980;0.9500000;
13.1920000;0.9499980;0.9500000;
13.1930000;0.9499980;0.9500000;
13.1940000;0.9499980;0.9500000;
13.1950000;0.9499980;0.9500000;
13.1960000;0.9499980;0.9500000;
13.1970000;0.9499980;0.9500000;
13.1980000;0.9499980;0.9500000;
13.1990000;0.9499980;0.9500000;
13.2000000;0.9499980;0.9500000;
13.2010000;0.9499980;0.9500000;
13.2020000;0.9499980;0.9500000;
13.2030000;0.9499980;0.9500000;
13.2040000;0.9499980;0.9500000;
13.2050000;0.9499980;0.9500000;
13.2060000;0.9499980;0.9500000;
13.2070000;0.9499980;0.9500000;
13.2080000;0.9499980;0.9500000;
13.2090000;0.9499980;0.9500000;
13.2100000;0.9499980;0.9500000;
13.2110000;0.9499980;0.9500000;
13.2120000;0.9499980;0.9500000;
13.2130000;0.9499980;0.9500000;
13.2140000;0.9499980;0.9500000;
13.2150000;0.9499980;0.9500000;
13.2160000;0.9499980;0.9500000;
13.2170000;0.9499980;0.9500000;
13.2180000;0.9499980;0.9500000;
13.2190000;0.9499980;0.9500000;
13.2200000;0.9499980;0.9500000;
13.2210000;0.9499980;0.9500000;
13.2220000;0.9499980;0.9500000;
13.2230000;0.9499980;0.9500000;
13.2240000;0.9499980;0.9500000;
13.2250000;0.9499980;0.9500000;
13.2260000;0.9499980;0.9500000;
13.2270000;0.9499980;0.9500000;
13.2280000;0.9499980;0.9500000;
13.2290000;0.9499980;0.9500000;
13.2300000;0.9499980;0.9500000;
13.2310000;0.9499980;0.9500000;
13.2320000;0.9499980;0.9500000;
13.2330000;0.9499980;0.9500000;
13.2340000;0.9499980;0.9500000;
13.2350000;0.9499980;0.9500000;
13.2360000;0.9499980;0.9500000;
13.2370000;0.9499980;0.9500000;
13.2380000;0.9499980;0.9500000;
13.2390000;0.9499980;0.9500000;
13.2400000;0.9499980;0.9500000;
13.2410000;0.9499980;0.9500000;
13.2420000;0.9499980;0.9500000;
13.2430000;0.9499980;0.9500000;
13.2440000;0.9499980;0.9500000;
13.2450000;0.9499980;0.9500000;
13.2460000;0.9499980;0.9500000;
13.2470000;0.9499980;0.9500000;
13.2480000;0.9499980;0.9500000;
13.2490000;0.9499980;0.9500000;
13.2500000;0.9499980;0.9500000;
13.2510000;0.9499980;0.9500000;
13.2520000;0.9499980;0.9500000;
13.2530000;0.9499980;0.9500000;
13.2540000;0.9499980;0.9500000;
13.2550000;0.9499980;0.9500000;
13.2560000;0.9499980;0.9500000;
13.2570000;0.9499980;0.9500000;
13.2580000;0.9499980;0.9500000;
13.2590000;0.9499980;0.9500000;
13.2600000;0.9499980;0.9500000;
13.2610000;0.9499980;0.9500000;
13.2620000;0.9499980;0.9500000;
13.2630000;0.9499980;0.9500000;
13.2640000;0.9499980;0.9500000;
13.2650000;0.9499980;0.9500000;
13.2660000;0.9499980;0.9500000;
13.2670000;0.9499980;0.9500000;
13.2680000;0.9499980;0.9500000;
13.2690000;0.9499980;0.9500000;
13.2700000;0.9499980;0.9500000;
13.2710000;0.9499980;0.9500000;
13.2720000;0.9499980;0.9500000;
13.2730000;0.9499980;0.9500000;
13.2740000;0.9499980;0.9500000;
13.2750000;0.9499980;0.9500000;
13.2760000;0.9499980;0.9500000;
13.2770000;0.9499980;0.9500000;
13.2780000;0.9499980;0.9500000;
13.2790000;0.9499980;0.9500000;
13.2800000;0.9499980;0.9500000;
13.2810000;0.9499980;0.9500000;
13.2820000;0.9499980;0.9500000;
13.2830000;0.9499980;0.9500000;
13.2840000;0.9499980;0.9500000;
13.2850000;0.9499980;0.9500000;
13.2860000;0.9499980;0.9500000;
13.2870000;0.9499980;0.9500000;
13.2880000;0.9499980;0.9500000;
13.2890000;0.9499980;0.9500000;
13.2900000;0.9499980;0.9500000;
13.2910000;0.9499980;0.9500000;
13.2920000;0.9499980;0.9500000;
13.2930000;0.9499980;0.9500000;
13.2940000;0.9499980;0.9500000;
13.2950000;0.9499980;0.9500000;
13.2960000;0.9499980;0.9500000;
13.2970000;0.9499980;0.9500000;
13.2980000;0.9499980;0.9500000;
13.2990000;0.9499980;0.9500000;
13.3000000;0.9499980;0.9500000;
13.3010000;0.9499980;0.9500000;
13.3020000;0.9499980;0.9500000;
13.3030000;0.9499980;0.9500000;
13.3040000;0.9499980;0.9500000;
13.3050000;0.9499980;0.9500000;
13.3060000;0.9499980;0.9500000;
13.3070000;0.9499980;0.9500000;
13.3080000;0.9499980;0.9500000;
13.3090000;0.9499980;0.9500000;
13.3100000;0.9499980;0.9500000;
13.3110000;0.9499980;0.9500000;
13.3120000;0.9499980;0.9500000;
13.3130000;0.9499980;0.9500000;
13.3140000;0.9499980;0.9500000;
13.3150000;0.9499980;0.9500000;
13.3160000;0.9499980;0.9500000;
13.3170000;0.9499980;0.9500000;
13.3180000;0.9499980;0.9500000;
13.3190000;0.9499980;0.9500000;
13.3200000;0.9499980;0.9500000;
13.3210000;0.9499980;0.9500000;
13.3220000;0.9499980;0.9500000;
13.3230000;0.9499980;0.9500000;
13.3240000;0.9499980;0.9500000;
13.3250000;0.9499980;0.9500000;
13.3260000;0.9499980;0.9500000;
13.3270000;0.9499980;0.9500000;
13.3280000;0.9499980;0.9500000;
13.3290000;0.9499980;0.9500000;
13.3300000;0.9499980;0.9500000;
13.3310000;0.9499980;0.9500000;
13.3320000;0.9499980;0.9500000;
13.3330000;0.9499980;0.9500000;
13.3340000;0.9499980;0.9500000;
13.3350000;0.9499980;0.9500000;
13.3360000;0.9499980;0.9500000;
13.3370000;0.9499980;0.9500000;
13.3380000;0.9499980;0.9500000;
13.3390000;0.9499980;0.9500000;
13.3400000;0.9499980;0.9500000;
13.3410000;0.9499980;0.9500000;
13.3420000;0.9499980;0.9500000;
13.3430000;0.9499980;0.9500000;
13.3440000;0.9499980;0.9500000;
13.3450000;0.9499980;0.9500000;
13.3460000;0.9499980;0.9500000;
13.3470000;0.9499980;0.9500000;
13.3480000;0.9499980;0.9500000;
13.3490000;0.9499980;0.9500000;
13.3500000;0.9499980;0.9500000;
13.3510000;0.9499980;0.9500000;
13.3520000;0.9499980;0.9500000;
13.3530000;0.9499980;0.9500000;
13.3540000;0.9499980;0.9500000;
13.3550000;0.9499980;0.9500000;
13.3560000;0.9499980;0.9500000;
13.3570000;0.9499980;0.9500000;
13.3580000;0.9499980;0.9500000;
13.3590000;0.9499980;0.9500000;
13.3600000;0.9499980;0.9500000;
13.3610000;0.9499980;0.9500000;
13.3620000;0.9499980;0.9500000;
13.3630000;0.9499980;0.9500000;
13.3640000;0.9499980;0.9500000;
13.3650000;0.9499980;0.9500000;
13.3660000;0.9499980;0.9500000;
13.3670000;0.9499980;0.9500000;
13.3680000;0.9499980;0.9500000;
13.3690000;0.9499980;0.9500000;
13.3700000;0.9499980;0.9500000;
13.3710000;0.9499980;0.9500000;
13.3720000;0.9499980;0.9500000;
13.3730000;0.9499980;0.9500000;
13.3740000;0.9499980;0.9500000;
13.3750000;0.9499980;0.9500000;
13.3760000;0.9499980;0.9500000;
13.3770000;0.9499980;0.9500000;
13.3780000;0.9499980;0.9500000;
13.3790000;0.9499980;0.9500000;
13.3800000;0.9499980;0.9500000;
13.3810000;0.9499980;0.9500000;
13.3820000;0.9499980;0.9500000;
13.3830000;0.9499980;0.9500000;
13.3840000;0.9499980;0.9500000;
13.3850000;0.9499980;0.9500000;
13.3860000;0.9499980;0.9500000;
13.3870000;0.9499980;0.9500000;
13.3880000;0.9499980;0.9500000;
13.3890000;0.9499980;0.9500000;
13.3900000;0.9499980;0.9500000;
13.3910000;0.9499980;0.9500000;
13.3920000;0.9499980;0.9500000;
13.3930000;0.9499980;0.9500000;
13.3940000;0.9499980;0.9500000;
13.3950000;0.9499980;0.9500000;
13.3960000;0.9499980;0.9500000;
13.3970000;0.9499980;0.9500000;
13.3980000;0.9499980;0.9500000;
13.3990000;0.9499980;0.9500000;
13.4000000;0.9499980;0.9500000;
13.4010000;0.9499980;0.9500000;
13.4020000;0.9499980;0.9500000;
13.4030000;0.9499980;0.9500000;
13.4040000;0.9499980;0.9500000;
13.4050000;0.9499980;0.9500000;
13.4060000;0.9499980;0.9500000;
13.4070000;0.9499980;0.9500000;
13.4080000;0.9499980;0.9500000;
13.4090000;0.9499980;0.9500000;
13.4100000;0.9499980;0.9500000;
13.4110000;0.9499980;0.9500000;
13.4120000;0.9499980;0.9500000;
13.4130000;0.9499980;0.9500000;
13.4140000;0.9499980;0.9500000;
13.4150000;0.9499980;0.9500000;
13.4160000;0.9499980;0.9500000;
13.4170000;0.9499980;0.9500000;
13.4180000;0.9499980;0.9500000;
13.4190000;0.9499980;0.9500000;
13.4200000;0.9499980;0.9500000;
13.4210000;0.9499980;0.9500000;
13.4220000;0.9499980;0.9500000;
13.4230000;0.9499980;0.9500000;
13.4240000;0.9499980;0.9500000;
13.4250000;0.9499980;0.9500000;
13.4260000;0.9499980;0.9500000;
13.4270000;0.9499980;0.9500000;
13.4280000;0.9499980;0.9500000;
13.4290000;0.9499980;0.9500000;
13.4300000;0.9499980;0.9500000;
13.4310000;0.9499980;0.9500000;
13.4320000;0.9499980;0.9500000;
13.4330000;0.9499980;0.9500000;
13.4340000;0.9499980;0.9500000;
13.4350000;0.9499980;0.9500000;
13.4360000;0.9499980;0.9500000;
13.4370000;0.9499980;0.9500000;
13.4380000;0.9499980;0.9500000;
13.4390000;0.9499980;0.9500000;
13.4400000;0.9499980;0.9500000;
13.4410000;0.9499980;0.9500000;
13.4420000;0.9499980;0.9500000;
13.4430000;0.9499980;0.9500000;
13.4440000;0.9499980;0.9500000;
13.4450000;0.9499980;0.9500000;
13.4460000;0.9499980;0.9500000;
13.4470000;0.9499980;0.9500000;
13.4480000;0.9499980;0.9500000;
13.4490000;0.9499980;0.9500000;
13.4500000;0.9499980;0.9500000;
13.4510000;0.9499980;0.9500000;
13.4520000;0.9499980;0.9500000;
13.4530000;0.9499980;0.9500000;
13.4540000;0.9499980;0.9500000;
13.4550000;0.9499980;0.9500000;
13.4560000;0.9499980;0.9500000;
13.4570000;0.9499980;0.9500000;
13.4580000;0.9499980;0.9500000;
13.4590000;0.9499980;0.9500000;
13.4600000;0.9499980;0.9500000;
13.4610000;0.9499980;0.9500000;
13.4620000;0.9499980;0.9500000;
13.4630000;0.9499980;0.9500000;
13.4640000;0.9499980;0.9500000;
13.4650000;0.9499980;0.9500000;
13.4660000;0.9499980;0.9500000;
13.4670000;0.9499980;0.9500000;
13.4680000;0.9499980;0.9500000;
13.4690000;0.9499980;0.9500000;
13.4700000;0.9499980;0.9500000;
13.4710000;0.9499980;0.9500000;
13.4720000;0.9499980;0.9500000;
13.4730000;0.9499980;0.9500000;
13.4740000;0.9499980;0.9500000;
13.4750000;0.9499980;0.9500000;
13.4760000;0.9499980;0.9500000;
13.4770000;0.9499980;0.9500000;
13.4780000;0.9499980;0.9500000;
13.4790000;0.9499980;0.9500000;
13.4800000;0.9499980;0.9500000;
13.4810000;0.9499980;0.9500000;
13.4820000;0.9499980;0.9500000;
13.4830000;0.9499980;0.9500000;
13.4840000;0.9499980;0.9500000;
13.4850000;0.9499980;0.9500000;
13.4860000;0.9499980;0.9500000;
13.4870000;0.9499980;0.9500000;
13.4880000;0.9499980;0.9500000;
13.4890000;0.9499980;0.9500000;
13.4900000;0.9499980;0.9500000;
13.4910000;0.9499980;0.9500000;
13.4920000;0.9499980;0.9500000;
13.4930000;0.9499980;0.9500000;
13.4940000;0.9499980;0.9500000;
13.4950000;0.9499980;0.9500000;
13.4960000;0.9499980;0.9500000;
13.4970000;0.9499980;0.9500000;
13.4980000;0.9499980;0.9500000;
13.4990000;0.9499980;0.9500000;
13.5000000;0.9499980;0.9500000;
13.5010000;0.9499980;0.9500000;
13.5020000;0.9499980;0.9500000;
13.5030000;0.9499980;0.9500000;
13.5040000;0.9499980;0.9500000;
13.5050000;0.9499980;0.9500000;
13.5060000;0.9499980;0.9500000;
13.5070000;0.9499980;0.9500000;
13.5080000;0.9499980;0.9500000;
13.5090000;0.9499980;0.9500000;
13.5100000;0.9499980;0.9500000;
13.5110000;0.9499980;0.9500000;
13.5120000;0.9499980;0.9500000;
13.5130000;0.9499980;0.9500000;
13.5140000;0.9499980;0.9500000;
13.5150000;0.9499980;0.9500000;
13.5160000;0.9499980;0.9500000;
13.5170000;0.9499980;0.9500000;
13.5180000;0.9499980;0.9500000;
13.5190000;0.9499980;0.9500000;
13.5200000;0.9499980;0.9500000;
13.5210000;0.9499980;0.9500000;
13.5220000;0.9499980;0.9500000;
13.5230000;0.9499980;0.9500000;
13.5240000;0.9499980;0.9500000;
13.5250000;0.9499980;0.9500000;
13.5260000;0.9499980;0.9500000;
13.5270000;0.9499980;0.9500000;
13.5280000;0.9499980;0.9500000;
13.5290000;0.9499980;0.9500000;
13.5300000;0.9499980;0.9500000;
13.5310000;0.9499980;0.9500000;
13.5320000;0.9499980;0.9500000;
13.5330000;0.9499980;0.9500000;
13.5340000;0.9499980;0.9500000;
13.5350000;0.9499980;0.9500000;
13.5360000;0.9499980;0.9500000;
13.5370000;0.9499980;0.9500000;
13.5380000;0.9499980;0.9500000;
13.5390000;0.9499980;0.9500000;
13.5400000;0.9499980;0.9500000;
13.5410000;0.9499980;0.9500000;
13.5420000;0.9499980;0.9500000;
13.5430000;0.9499980;0.9500000;
13.5440000;0.9499980;0.9500000;
13.5450000;0.9499980;0.9500000;
13.5460000;0.9499980;0.9500000;
13.5470000;0.9499980;0.9500000;
13.5480000;0.9499980;0.9500000;
13.5490000;0.9499980;0.9500000;
13.5500000;0.9499980;0.9500000;
13.5510000;0.9499980;0.9500000;
13.5520000;0.9499980;0.9500000;
13.5530000;0.9499980;0.9500000;
13.5540000;0.9499980;0.9500000;
13.5550000;0.9499980;0.9500000;
13.5560000;0.9499980;0.9500000;
13.5570000;0.9499980;0.9500000;
13.5580000;0.9499980;0.9500000;
13.5590000;0.9499980;0.9500000;
13.5600000;0.9499980;0.9500000;
13.5610000;0.9499980;0.9500000;
13.5620000;0.9499980;0.9500000;
13.5630000;0.9499980;0.9500000;
13.5640000;0.9499980;0.9500000;
13.5650000;0.9499980;0.9500000;
13.5660000;0.9499980;0.9500000;
13.5670000;0.9499980;0.9500000;
13.5680000;0.9499980;0.9500000;
13.5690000;0.9499980;0.9500000;
13.5700000;0.9499980;0.9500000;
13.5710000;0.9499980;0.9500000;
13.5720000;0.9499980;0.9500000;
13.5730000;0.9499980;0.9500000;
13.5740000;0.9499980;0.9500000;
13.5750000;0.9499980;0.9500000;
13.5760000;0.9499980;0.9500000;
13.5770000;0.9499980;0.9500000;
13.5780000;0.9499980;0.9500000;
13.5790000;0.9499980;0.9500000;
13.5800000;0.9499980;0.9500000;
13.5810000;0.9499980;0.9500000;
13.5820000;0.9499980;0.9500000;
13.5830000;0.9499980;0.9500000;
13.5840000;0.9499980;0.9500000;
13.5850000;0.9499980;0.9500000;
13.5860000;0.9499980;0.9500000;
13.5870000;0.9499980;0.9500000;
13.5880000;0.9499980;0.9500000;
13.5890000;0.9499980;0.9500000;
13.5900000;0.9499980;0.9500000;
13.5910000;0.9499980;0.9500000;
13.5920000;0.9499980;0.9500000;
13.5930000;0.9499980;0.9500000;
13.5940000;0.9499980;0.9500000;
13.5950000;0.9499980;0.9500000;
13.5960000;0.9499980;0.9500000;
13.5970000;0.9499980;0.9500000;
13.5980000;0.9499980;0.9500000;
13.5990000;0.9499980;0.9500000;
13.6000000;0.9499980;0.9500000;
13.6010000;0.9499980;0.9500000;
13.6020000;0.9499980;0.9500000;
13.6030000;0.9499980;0.9500000;
13.6040000;0.9499980;0.9500000;
13.6050000;0.9499980;0.9500000;
13.6060000;0.9499980;0.9500000;
13.6070000;0.9499980;0.9500000;
13.6080000;0.9499980;0.9500000;
13.6090000;0.9499980;0.9500000;
13.6100000;0.9499980;0.9500000;
13.6110000;0.9499980;0.9500000;
13.6120000;0.9499980;0.9500000;
13.6130000;0.9499980;0.9500000;
13.6140000;0.9499980;0.9500000;
13.6150000;0.9499980;0.9500000;
13.6160000;0.9499980;0.9500000;
13.6170000;0.9499980;0.9500000;
13.6180000;0.9499980;0.9500000;
13.6190000;0.9499980;0.9500000;
13.6200000;0.9499980;0.9500000;
13.6210000;0.9499980;0.9500000;
13.6220000;0.9499980;0.9500000;
13.6230000;0.9499980;0.9500000;
13.6240000;0.9499980;0.9500000;
13.6250000;0.9499980;0.9500000;
13.6260000;0.9499980;0.9500000;
13.6270000;0.9499980;0.9500000;
13.6280000;0.9499980;0.9500000;
13.6290000;0.9499980;0.9500000;
13.6300000;0.9499980;0.9500000;
13.6310000;0.9499980;0.9500000;
13.6320000;0.9499980;0.9500000;
13.6330000;0.9499980;0.9500000;
13.6340000;0.9499980;0.9500000;
13.6350000;0.9499980;0.9500000;
13.6360000;0.9499980;0.9500000;
13.6370000;0.9499980;0.9500000;
13.6380000;0.9499980;0.9500000;
13.6390000;0.9499980;0.9500000;
13.6400000;0.9499980;0.9500000;
13.6410000;0.9499980;0.9500000;
13.6420000;0.9499980;0.9500000;
13.6430000;0.9499980;0.9500000;
13.6440000;0.9499980;0.9500000;
13.6450000;0.9499980;0.9500000;
13.6460000;0.9499980;0.9500000;
13.6470000;0.9499980;0.9500000;
13.6480000;0.9499980;0.9500000;
13.6490000;0.9499980;0.9500000;
13.6500000;0.9499980;0.9500000;
13.6510000;0.9499980;0.9500000;
13.6520000;0.9499980;0.9500000;
13.6530000;0.9499980;0.9500000;
13.6540000;0.9499980;0.9500000;
13.6550000;0.9499980;0.9500000;
13.6560000;0.9499980;0.9500000;
13.6570000;0.9499980;0.9500000;
13.6580000;0.9499980;0.9500000;
13.6590000;0.9499980;0.9500000;
13.6600000;0.9499980;0.9500000;
13.6610000;0.9499980;0.9500000;
13.6620000;0.9499980;0.9500000;
13.6630000;0.9499980;0.9500000;
13.6640000;0.9499980;0.9500000;
13.6650000;0.9499980;0.9500000;
13.6660000;0.9499980;0.9500000;
13.6670000;0.9499980;0.9500000;
13.6680000;0.9499980;0.9500000;
13.6690000;0.9499980;0.9500000;
13.6700000;0.9499980;0.9500000;
13.6710000;0.9499980;0.9500000;
13.6720000;0.9499980;0.9500000;
13.6730000;0.9499980;0.9500000;
13.6740000;0.9499980;0.9500000;
13.6750000;0.9499980;0.9500000;
13.6760000;0.9499980;0.9500000;
13.6770000;0.9499980;0.9500000;
13.6780000;0.9499980;0.9500000;
13.6790000;0.9499980;0.9500000;
13.6800000;0.9499980;0.9500000;
13.6810000;0.9499980;0.9500000;
13.6820000;0.9499980;0.9500000;
13.6830000;0.9499980;0.9500000;
13.6840000;0.9499980;0.9500000;
13.6850000;0.9499980;0.9500000;
13.6860000;0.9499980;0.9500000;
13.6870000;0.9499980;0.9500000;
13.6880000;0.9499980;0.9500000;
13.6890000;0.9499980;0.9500000;
13.6900000;0.9499980;0.9500000;
13.6910000;0.9499980;0.9500000;
13.6920000;0.9499980;0.9500000;
13.6930000;0.9499980;0.9500000;
13.6940000;0.9499980;0.9500000;
13.6950000;0.9499980;0.9500000;
13.6960000;0.9499980;0.9500000;
13.6970000;0.9499980;0.9500000;
13.6980000;0.9499980;0.9500000;
13.6990000;0.9499980;0.9500000;
13.7000000;0.9499980;0.9500000;
13.7010000;0.9499980;0.9500000;
13.7020000;0.9499980;0.9500000;
13.7030000;0.9499980;0.9500000;
13.7040000;0.9499980;0.9500000;
13.7050000;0.9499980;0.9500000;
13.7060000;0.9499980;0.9500000;
13.7070000;0.9499980;0.9500000;
13.7080000;0.9499980;0.9500000;
13.7090000;0.9499980;0.9500000;
13.7100000;0.9499980;0.9500000;
13.7110000;0.9499980;0.9500000;
13.7120000;0.9499980;0.9500000;
13.7130000;0.9499980;0.9500000;
13.7140000;0.9499980;0.9500000;
13.7150000;0.9499980;0.9500000;
13.7160000;0.9499980;0.9500000;
13.7170000;0.9499980;0.9500000;
13.7180000;0.9499980;0.9500000;
13.7190000;0.9499980;0.9500000;
13.7200000;0.9499980;0.9500000;
13.7210000;0.9499980;0.9500000;
13.7220000;0.9499980;0.9500000;
13.7230000;0.9499980;0.9500000;
13.7240000;0.9499980;0.9500000;
13.7250000;0.9499980;0.9500000;
13.7260000;0.9499980;0.9500000;
13.7270000;0.9499980;0.9500000;
13.7280000;0.9499980;0.9500000;
13.7290000;0.9499980;0.9500000;
13.7300000;0.9499980;0.9500000;
13.7310000;0.9499980;0.9500000;
13.7320000;0.9499980;0.9500000;
13.7330000;0.9499980;0.9500000;
13.7340000;0.9499980;0.9500000;
13.7350000;0.9499980;0.9500000;
13.7360000;0.9499980;0.9500000;
13.7370000;0.9499980;0.9500000;
13.7380000;0.9499980;0.9500000;
13.7390000;0.9499980;0.9500000;
13.7400000;0.9499980;0.9500000;
13.7410000;0.9499980;0.9500000;
13.7420000;0.9499980;0.9500000;
13.7430000;0.9499980;0.9500000;
13.7440000;0.9499980;0.9500000;
13.7450000;0.9499980;0.9500000;
13.7460000;0.9499980;0.9500000;
13.7470000;0.9499980;0.9500000;
13.7480000;0.9499980;0.9500000;
13.7490000;0.9499980;0.9500000;
13.7500000;0.9499980;0.9500000;
13.7510000;0.9499980;0.9500000;
13.7520000;0.9499980;0.9500000;
13.7530000;0.9499980;0.9500000;
13.7540000;0.9499980;0.9500000;
13.7550000;0.9499980;0.9500000;
13.7560000;0.9499980;0.9500000;
13.7570000;0.9499980;0.9500000;
13.7580000;0.9499980;0.9500000;
13.7590000;0.9499980;0.9500000;
13.7600000;0.9499980;0.9500000;
13.7610000;0.9499980;0.9500000;
13.7620000;0.9499980;0.9500000;
13.7630000;0.9499980;0.9500000;
13.7640000;0.9499980;0.9500000;
13.7650000;0.9499980;0.9500000;
13.7660000;0.9499980;0.9500000;
13.7670000;0.9499980;0.9500000;
13.7680000;0.9499980;0.9500000;
13.7690000;0.9499980;0.9500000;
13.7700000;0.9499980;0.9500000;
13.7710000;0.9499980;0.9500000;
13.7720000;0.9499980;0.9500000;
13.7730000;0.9499980;0.9500000;
13.7740000;0.9499980;0.9500000;
13.7750000;0.9499980;0.9500000;
13.7760000;0.9499980;0.9500000;
13.7770000;0.9499980;0.9500000;
13.7780000;0.9499980;0.9500000;
13.7790000;0.9499980;0.9500000;
13.7800000;0.9499980;0.9500000;
13.7810000;0.9499980;0.9500000;
13.7820000;0.9499980;0.9500000;
13.7830000;0.9499980;0.9500000;
13.7840000;0.9499980;0.9500000;
13.7850000;0.9499980;0.9500000;
13.7860000;0.9499980;0.9500000;
13.7870000;0.9499980;0.9500000;
13.7880000;0.9499980;0.9500000;
13.7890000;0.9499980;0.9500000;
13.7900000;0.9499980;0.9500000;
13.7910000;0.9499980;0.9500000;
13.7920000;0.9499980;0.9500000;
13.7930000;0.9499980;0.9500000;
13.7940000;0.9499980;0.9500000;
13.7950000;0.9499980;0.9500000;
13.7960000;0.9499980;0.9500000;
13.7970000;0.9499980;0.9500000;
13.7980000;0.9499980;0.9500000;
13.7990000;0.9499980;0.9500000;
13.8000000;0.9499980;0.9500000;
13.8010000;0.9499980;0.9500000;
13.8020000;0.9499980;0.9500000;
13.8030000;0.9499980;0.9500000;
13.8040000;0.9499980;0.9500000;
13.8050000;0.9499980;0.9500000;
13.8060000;0.9499980;0.9500000;
13.8070000;0.9499980;0.9500000;
13.8080000;0.9499980;0.9500000;
13.8090000;0.9499980;0.9500000;
13.8100000;0.9499980;0.9500000;
13.8110000;0.9499980;0.9500000;
13.8120000;0.9499980;0.9500000;
13.8130000;0.9499980;0.9500000;
13.8140000;0.9499980;0.9500000;
13.8150000;0.9499980;0.9500000;
13.8160000;0.9499980;0.9500000;
13.8170000;0.9499980;0.9500000;
13.8180000;0.9499980;0.9500000;
13.8190000;0.9499980;0.9500000;
13.8200000;0.9499980;0.9500000;
13.8210000;0.9499980;0.9500000;
13.8220000;0.9499980;0.9500000;
13.8230000;0.9499980;0.9500000;
13.8240000;0.9499980;0.9500000;
13.8250000;0.9499980;0.9500000;
13.8260000;0.9499980;0.9500000;
13.8270000;0.9499980;0.9500000;
13.8280000;0.9499980;0.9500000;
13.8290000;0.9499980;0.9500000;
13.8300000;0.9499980;0.9500000;
13.8310000;0.9499980;0.9500000;
13.8320000;0.9499980;0.9500000;
13.8330000;0.9499980;0.9500000;
13.8340000;0.9499980;0.9500000;
13.8350000;0.9499980;0.9500000;
13.8360000;0.9499980;0.9500000;
13.8370000;0.9499980;0.9500000;
13.8380000;0.9499980;0.9500000;
13.8390000;0.9499980;0.9500000;
13.8400000;0.9499980;0.9500000;
13.8410000;0.9499980;0.9500000;
13.8420000;0.9499980;0.9500000;
13.8430000;0.9499980;0.9500000;
13.8440000;0.9499980;0.9500000;
13.8450000;0.9499980;0.9500000;
13.8460000;0.9499980;0.9500000;
13.8470000;0.9499980;0.9500000;
13.8480000;0.9499980;0.9500000;
13.8490000;0.9499980;0.9500000;
13.8500000;0.9499980;0.9500000;
13.8510000;0.9499980;0.9500000;
13.8520000;0.9499980;0.9500000;
13.8530000;0.9499980;0.9500000;
13.8540000;0.9499980;0.9500000;
13.8550000;0.9499980;0.9500000;
13.8560000;0.9499980;0.9500000;
13.8570000;0.9499980;0.9500000;
13.8580000;0.9499980;0.9500000;
13.8590000;0.9499980;0.9500000;
13.8600000;0.9499980;0.9500000;
13.8610000;0.9499980;0.9500000;
13.8620000;0.9499980;0.9500000;
13.8630000;0.9499980;0.9500000;
13.8640000;0.9499980;0.9500000;
13.8650000;0.9499980;0.9500000;
13.8660000;0.9499980;0.9500000;
13.8670000;0.9499980;0.9500000;
13.8680000;0.9499980;0.9500000;
13.8690000;0.9499980;0.9500000;
13.8700000;0.9499980;0.9500000;
13.8710000;0.9499980;0.9500000;
13.8720000;0.9499980;0.9500000;
13.8730000;0.9499980;0.9500000;
13.8740000;0.9499980;0.9500000;
13.8750000;0.9499980;0.9500000;
13.8760000;0.9499980;0.9500000;
13.8770000;0.9499980;0.9500000;
13.8780000;0.9499980;0.9500000;
13.8790000;0.9499980;0.9500000;
13.8800000;0.9499980;0.9500000;
13.8810000;0.9499980;0.9500000;
13.8820000;0.9499980;0.9500000;
13.8830000;0.9499980;0.9500000;
13.8840000;0.9499980;0.9500000;
13.8850000;0.9499980;0.9500000;
13.8860000;0.9499980;0.9500000;
13.8870000;0.9499980;0.9500000;
13.8880000;0.9499980;0.9500000;
13.8890000;0.9499980;0.9500000;
13.8900000;0.9499980;0.9500000;
13.8910000;0.9499980;0.9500000;
13.8920000;0.9499980;0.9500000;
13.8930000;0.9499980;0.9500000;
13.8940000;0.9499980;0.9500000;
13.8950000;0.9499980;0.9500000;
13.8960000;0.9499980;0.9500000;
13.8970000;0.9499980;0.9500000;
13.8980000;0.9499980;0.9500000;
13.8990000;0.9499980;0.9500000;
13.9000000;0.9499980;0.9500000;
13.9010000;0.9499980;0.9500000;
13.9020000;0.9499980;0.9500000;
13.9030000;0.9499980;0.9500000;
13.9040000;0.9499980;0.9500000;
13.9050000;0.9499980;0.9500000;
13.9060000;0.9499980;0.9500000;
13.9070000;0.9499980;0.9500000;
13.9080000;0.9499980;0.9500000;
13.9090000;0.9499980;0.9500000;
13.9100000;0.9499980;0.9500000;
13.9110000;0.9499980;0.9500000;
13.9120000;0.9499980;0.9500000;
13.9130000;0.9499980;0.9500000;
13.9140000;0.9499980;0.9500000;
13.9150000;0.9499980;0.9500000;
13.9160000;0.9499980;0.9500000;
13.9170000;0.9499980;0.9500000;
13.9180000;0.9499980;0.9500000;
13.9190000;0.9499980;0.9500000;
13.9200000;0.9499980;0.9500000;
13.9210000;0.9499980;0.9500000;
13.9220000;0.9499980;0.9500000;
13.9230000;0.9499980;0.9500000;
13.9240000;0.9499980;0.9500000;
13.9250000;0.9499980;0.9500000;
13.9260000;0.9499980;0.9500000;
13.9270000;0.9499980;0.9500000;
13.9280000;0.9499980;0.9500000;
13.9290000;0.9499980;0.9500000;
13.9300000;0.9499980;0.9500000;
13.9310000;0.9499980;0.9500000;
13.9320000;0.9499980;0.9500000;
13.9330000;0.9499980;0.9500000;
13.9340000;0.9499980;0.9500000;
13.9350000;0.9499980;0.9500000;
13.9360000;0.9499980;0.9500000;
13.9370000;0.9499980;0.9500000;
13.9380000;0.9499980;0.9500000;
13.9390000;0.9499980;0.9500000;
13.9400000;0.9499980;0.9500000;
13.9410000;0.9499980;0.9500000;
13.9420000;0.9499980;0.9500000;
13.9430000;0.9499980;0.9500000;
13.9440000;0.9499980;0.9500000;
13.9450000;0.9499980;0.9500000;
13.9460000;0.9499980;0.9500000;
13.9470000;0.9499980;0.9500000;
13.9480000;0.9499980;0.9500000;
13.9490000;0.9499980;0.9500000;
13.9500000;0.9499980;0.9500000;
13.9510000;0.9499980;0.9500000;
13.9520000;0.9499980;0.9500000;
13.9530000;0.9499980;0.9500000;
13.9540000;0.9499980;0.9500000;
13.9550000;0.9499980;0.9500000;
13.9560000;0.9499980;0.9500000;
13.9570000;0.9499980;0.9500000;
13.9580000;0.9499980;0.9500000;
13.9590000;0.9499980;0.9500000;
13.9600000;0.9499980;0.9500000;
13.9610000;0.9499980;0.9500000;
13.9620000;0.9499980;0.9500000;
13.9630000;0.9499980;0.9500000;
13.9640000;0.9499980;0.9500000;
13.9650000;0.9499980;0.9500000;
13.9660000;0.9499980;0.9500000;
13.9670000;0.9499980;0.9500000;
13.9680000;0.9499980;0.9500000;
13.9690000;0.9499980;0.9500000;
13.9700000;0.9499980;0.9500000;
13.9710000;0.9499980;0.9500000;
13.9720000;0.9499980;0.9500000;
13.9730000;0.9499980;0.9500000;
13.9740000;0.9499980;0.9500000;
13.9750000;0.9499980;0.9500000;
13.9760000;0.9499980;0.9500000;
13.9770000;0.9499980;0.9500000;
13.9780000;0.9499980;0.9500000;
13.9790000;0.9499980;0.9500000;
13.9800000;0.9499980;0.9500000;
13.9810000;0.9499980;0.9500000;
13.9820000;0.9499980;0.9500000;
13.9830000;0.9499980;0.9500000;
13.9840000;0.9499980;0.9500000;
13.9850000;0.9499980;0.9500000;
13.9860000;0.9499980;0.9500000;
13.9870000;0.9499980;0.9500000;
13.9880000;0.9499980;0.9500000;
13.9890000;0.9499980;0.9500000;
13.9900000;0.9499980;0.9500000;
13.9910000;0.9499980;0.9500000;
13.9920000;0.9499980;0.9500000;
13.9930000;0.9499980;0.9500000;
13.9940000;0.9499980;0.9500000;
13.9950000;0.9499980;0.9500000;
13.9960000;0.9499980;0.9500000;
13.9970000;0.9499980;0.9500000;
13.9980000;0.9499980;0.9500000;
13.9990000;0.9499980;0.9500000;
14.0000000;0.9499980;0.9500000;
14.0010000;0.9499980;0.9500000;
14.0020000;0.9499980;0.9500000;
14.0030000;0.9499980;0.9500000;
14.0040000;0.9499980;0.9500000;
14.0050000;0.9499980;0.9500000;
14.0060000;0.9499980;0.9500000;
14.0070000;0.9499980;0.9500000;
14.0080000;0.9499980;0.9500000;
14.0090000;0.9499980;0.9500000;
14.0100000;0.9499980;0.9500000;
14.0110000;0.9499980;0.9500000;
14.0120000;0.9499980;0.9500000;
14.0130000;0.9499980;0.9500000;
14.0140000;0.9499980;0.9500000;
14.0150000;0.9499980;0.9500000;
14.0160000;0.9499980;0.9500000;
14.0170000;0.9499980;0.9500000;
14.0180000;0.9499980;0.9500000;
14.0190000;0.9499980;0.9500000;
14.0200000;0.9499980;0.9500000;
14.0210000;0.9499980;0.9500000;
14.0220000;0.9499980;0.9500000;
14.0230000;0.9499980;0.9500000;
14.0240000;0.9499980;0.9500000;
14.0250000;0.9499980;0.9500000;
14.0260000;0.9499980;0.9500000;
14.0270000;0.9499980;0.9500000;
14.0280000;0.9499980;0.9500000;
14.0290000;0.9499980;0.9500000;
14.0300000;0.9499980;0.9500000;
14.0310000;0.9499980;0.9500000;
14.0320000;0.9499980;0.9500000;
14.0330000;0.9499980;0.9500000;
14.0340000;0.9499980;0.9500000;
14.0350000;0.9499980;0.9500000;
14.0360000;0.9499980;0.9500000;
14.0370000;0.9499980;0.9500000;
14.0380000;0.9499980;0.9500000;
14.0390000;0.9499980;0.9500000;
14.0400000;0.9499980;0.9500000;
14.0410000;0.9499980;0.9500000;
14.0420000;0.9499980;0.9500000;
14.0430000;0.9499980;0.9500000;
14.0440000;0.9499980;0.9500000;
14.0450000;0.9499980;0.9500000;
14.0460000;0.9499980;0.9500000;
14.0470000;0.9499980;0.9500000;
14.0480000;0.9499980;0.9500000;
14.0490000;0.9499980;0.9500000;
14.0500000;0.9499980;0.9500000;
14.0510000;0.9499980;0.9500000;
14.0520000;0.9499980;0.9500000;
14.0530000;0.9499980;0.9500000;
14.0540000;0.9499980;0.9500000;
14.0550000;0.9499980;0.9500000;
14.0560000;0.9499980;0.9500000;
14.0570000;0.9499980;0.9500000;
14.0580000;0.9499980;0.9500000;
14.0590000;0.9499980;0.9500000;
14.0600000;0.9499980;0.9500000;
14.0610000;0.9499980;0.9500000;
14.0620000;0.9499980;0.9500000;
14.0630000;0.9499980;0.9500000;
14.0640000;0.9499980;0.9500000;
14.0650000;0.9499980;0.9500000;
14.0660000;0.9499980;0.9500000;
14.0670000;0.9499980;0.9500000;
14.0680000;0.9499980;0.9500000;
14.0690000;0.9499980;0.9500000;
14.0700000;0.9499980;0.9500000;
14.0710000;0.9499980;0.9500000;
14.0720000;0.9499980;0.9500000;
14.0730000;0.9499980;0.9500000;
14.0740000;0.9499980;0.9500000;
14.0750000;0.9499980;0.9500000;
14.0760000;0.9499980;0.9500000;
14.0770000;0.9499980;0.9500000;
14.0780000;0.9499980;0.9500000;
14.0790000;0.9499980;0.9500000;
14.0800000;0.9499980;0.9500000;
14.0810000;0.9499980;0.9500000;
14.0820000;0.9499980;0.9500000;
14.0830000;0.9499980;0.9500000;
14.0840000;0.9499980;0.9500000;
14.0850000;0.9499980;0.9500000;
14.0860000;0.9499980;0.9500000;
14.0870000;0.9499980;0.9500000;
14.0880000;0.9499980;0.9500000;
14.0890000;0.9499980;0.9500000;
14.0900000;0.9499980;0.9500000;
14.0910000;0.9499980;0.9500000;
14.0920000;0.9499980;0.9500000;
14.0930000;0.9499980;0.9500000;
14.0940000;0.9499980;0.9500000;
14.0950000;0.9499980;0.9500000;
14.0960000;0.9499980;0.9500000;
14.0970000;0.9499980;0.9500000;
14.0980000;0.9499980;0.9500000;
14.0990000;0.9499980;0.9500000;
14.1000000;0.9499980;0.9500000;
14.1010000;0.9499980;0.9500000;
14.1020000;0.9499980;0.9500000;
14.1030000;0.9499980;0.9500000;
14.1040000;0.9499980;0.9500000;
14.1050000;0.9499980;0.9500000;
14.1060000;0.9499980;0.9500000;
14.1070000;0.9499980;0.9500000;
14.1080000;0.9499980;0.9500000;
14.1090000;0.9499980;0.9500000;
14.1100000;0.9499980;0.9500000;
14.1110000;0.9499980;0.9500000;
14.1120000;0.9499980;0.9500000;
14.1130000;0.9499980;0.9500000;
14.1140000;0.9499980;0.9500000;
14.1150000;0.9499980;0.9500000;
14.1160000;0.9499980;0.9500000;
14.1170000;0.9499980;0.9500000;
14.1180000;0.9499980;0.9500000;
14.1190000;0.9499980;0.9500000;
14.1200000;0.9499980;0.9500000;
14.1210000;0.9499980;0.9500000;
14.1220000;0.9499980;0.9500000;
14.1230000;0.9499980;0.9500000;
14.1240000;0.9499980;0.9500000;
14.1250000;0.9499980;0.9500000;
14.1260000;0.9499980;0.9500000;
14.1270000;0.9499980;0.9500000;
14.1280000;0.9499980;0.9500000;
14.1290000;0.9499980;0.9500000;
14.1300000;0.9499980;0.9500000;
14.1310000;0.9499980;0.9500000;
14.1320000;0.9499980;0.9500000;
14.1330000;0.9499980;0.9500000;
14.1340000;0.9499980;0.9500000;
14.1350000;0.9499980;0.9500000;
14.1360000;0.9499980;0.9500000;
14.1370000;0.9499980;0.9500000;
14.1380000;0.9499980;0.9500000;
14.1390000;0.9499980;0.9500000;
14.1400000;0.9499980;0.9500000;
14.1410000;0.9499980;0.9500000;
14.1420000;0.9499980;0.9500000;
14.1430000;0.9499980;0.9500000;
14.1440000;0.9499980;0.9500000;
14.1450000;0.9499980;0.9500000;
14.1460000;0.9499980;0.9500000;
14.1470000;0.9499980;0.9500000;
14.1480000;0.9499980;0.9500000;
14.1490000;0.9499980;0.9500000;
14.1500000;0.9499980;0.9500000;
14.1510000;0.9499980;0.9500000;
14.1520000;0.9499980;0.9500000;
14.1530000;0.9499980;0.9500000;
14.1540000;0.9499980;0.9500000;
14.1550000;0.9499980;0.9500000;
14.1560000;0.9499980;0.9500000;
14.1570000;0.9499980;0.9500000;
14.1580000;0.9499980;0.9500000;
14.1590000;0.9499980;0.9500000;
14.1600000;0.9499980;0.9500000;
14.1610000;0.9499980;0.9500000;
14.1620000;0.9499980;0.9500000;
14.1630000;0.9499980;0.9500000;
14.1640000;0.9499980;0.9500000;
14.1650000;0.9499980;0.9500000;
14.1660000;0.9499980;0.9500000;
14.1670000;0.9499980;0.9500000;
14.1680000;0.9499980;0.9500000;
14.1690000;0.9499980;0.9500000;
14.1700000;0.9499980;0.9500000;
14.1710000;0.9499980;0.9500000;
14.1720000;0.9499980;0.9500000;
14.1730000;0.9499980;0.9500000;
14.1740000;0.9499980;0.9500000;
14.1750000;0.9499980;0.9500000;
14.1760000;0.9499980;0.9500000;
14.1770000;0.9499980;0.9500000;
14.1780000;0.9499980;0.9500000;
14.1790000;0.9499980;0.9500000;
14.1800000;0.9499980;0.9500000;
14.1810000;0.9499980;0.9500000;
14.1820000;0.9499980;0.9500000;
14.1830000;0.9499980;0.9500000;
14.1840000;0.9499980;0.9500000;
14.1850000;0.9499980;0.9500000;
14.1860000;0.9499980;0.9500000;
14.1870000;0.9499980;0.9500000;
14.1880000;0.9499980;0.9500000;
14.1890000;0.9499980;0.9500000;
14.1900000;0.9499980;0.9500000;
14.1910000;0.9499980;0.9500000;
14.1920000;0.9499980;0.9500000;
14.1930000;0.9499980;0.9500000;
14.1940000;0.9499980;0.9500000;
14.1950000;0.9499980;0.9500000;
14.1960000;0.9499980;0.9500000;
14.1970000;0.9499980;0.9500000;
14.1980000;0.9499980;0.9500000;
14.1990000;0.9499980;0.9500000;
14.2000000;0.9499980;0.9500000;
14.2010000;0.9499980;0.9500000;
14.2020000;0.9499980;0.9500000;
14.2030000;0.9499980;0.9500000;
14.2040000;0.9499980;0.9500000;
14.2050000;0.9499980;0.9500000;
14.2060000;0.9499980;0.9500000;
14.2070000;0.9499980;0.9500000;
14.2080000;0.9499980;0.9500000;
14.2090000;0.9499980;0.9500000;
14.2100000;0.9499980;0.9500000;
14.2110000;0.9499980;0.9500000;
14.2120000;0.9499980;0.9500000;
14.2130000;0.9499980;0.9500000;
14.2140000;0.9499980;0.9500000;
14.2150000;0.9499980;0.9500000;
14.2160000;0.9499980;0.9500000;
14.2170000;0.9499980;0.9500000;
14.2180000;0.9499980;0.9500000;
14.2190000;0.9499980;0.9500000;
14.2200000;0.9499980;0.9500000;
14.2210000;0.9499980;0.9500000;
14.2220000;0.9499980;0.9500000;
14.2230000;0.9499980;0.9500000;
14.2240000;0.9499980;0.9500000;
14.2250000;0.9499980;0.9500000;
14.2260000;0.9499980;0.9500000;
14.2270000;0.9499980;0.9500000;
14.2280000;0.9499980;0.9500000;
14.2290000;0.9499980;0.9500000;
14.2300000;0.9499980;0.9500000;
14.2310000;0.9499980;0.9500000;
14.2320000;0.9499980;0.9500000;
14.2330000;0.9499980;0.9500000;
14.2340000;0.9499980;0.9500000;
14.2350000;0.9499980;0.9500000;
14.2360000;0.9499980;0.9500000;
14.2370000;0.9499980;0.9500000;
14.2380000;0.9499980;0.9500000;
14.2390000;0.9499980;0.9500000;
14.2400000;0.9499980;0.9500000;
14.2410000;0.9499980;0.9500000;
14.2420000;0.9499980;0.9500000;
14.2430000;0.9499980;0.9500000;
14.2440000;0.9499980;0.9500000;
14.2450000;0.9499980;0.9500000;
14.2460000;0.9499980;0.9500000;
14.2470000;0.9499980;0.9500000;
14.2480000;0.9499980;0.9500000;
14.2490000;0.9499980;0.9500000;
14.2500000;0.9499980;0.9500000;
14.2510000;0.9499980;0.9500000;
14.2520000;0.9499980;0.9500000;
14.2530000;0.9499980;0.9500000;
14.2540000;0.9499980;0.9500000;
14.2550000;0.9499980;0.9500000;
14.2560000;0.9499980;0.9500000;
14.2570000;0.9499980;0.9500000;
14.2580000;0.9499980;0.9500000;
14.2590000;0.9499980;0.9500000;
14.2600000;0.9499980;0.9500000;
14.2610000;0.9499980;0.9500000;
14.2620000;0.9499980;0.9500000;
14.2630000;0.9499980;0.9500000;
14.2640000;0.9499980;0.9500000;
14.2650000;0.9499980;0.9500000;
14.2660000;0.9499980;0.9500000;
14.2670000;0.9499980;0.9500000;
14.2680000;0.9499980;0.9500000;
14.2690000;0.9499980;0.9500000;
14.2700000;0.9499980;0.9500000;
14.2710000;0.9499980;0.9500000;
14.2720000;0.9499980;0.9500000;
14.2730000;0.9499980;0.9500000;
14.2740000;0.9499980;0.9500000;
14.2750000;0.9499980;0.9500000;
14.2760000;0.9499980;0.9500000;
14.2770000;0.9499980;0.9500000;
14.2780000;0.9499980;0.9500000;
14.2790000;0.9499980;0.9500000;
14.2800000;0.9499980;0.9500000;
14.2810000;0.9499980;0.9500000;
14.2820000;0.9499980;0.9500000;
14.2830000;0.9499980;0.9500000;
14.2840000;0.9499980;0.9500000;
14.2850000;0.9499980;0.9500000;
14.2860000;0.9499980;0.9500000;
14.2870000;0.9499980;0.9500000;
14.2880000;0.9499980;0.9500000;
14.2890000;0.9499980;0.9500000;
14.2900000;0.9499980;0.9500000;
14.2910000;0.9499980;0.9500000;
14.2920000;0.9499980;0.9500000;
14.2930000;0.9499980;0.9500000;
14.2940000;0.9499980;0.9500000;
14.2950000;0.9499980;0.9500000;
14.2960000;0.9499980;0.9500000;
14.2970000;0.9499980;0.9500000;
14.2980000;0.9499980;0.9500000;
14.2990000;0.9499980;0.9500000;
14.3000000;0.9499980;0.9500000;
14.3010000;0.9499980;0.9500000;
14.3020000;0.9499980;0.9500000;
14.3030000;0.9499980;0.9500000;
14.3040000;0.9499980;0.9500000;
14.3050000;0.9499980;0.9500000;
14.3060000;0.9499980;0.9500000;
14.3070000;0.9499980;0.9500000;
14.3080000;0.9499980;0.9500000;
14.3090000;0.9499980;0.9500000;
14.3100000;0.9499980;0.9500000;
14.3110000;0.9499980;0.9500000;
14.3120000;0.9499980;0.9500000;
14.3130000;0.9499980;0.9500000;
14.3140000;0.9499980;0.9500000;
14.3150000;0.9499980;0.9500000;
14.3160000;0.9499980;0.9500000;
14.3170000;0.9499980;0.9500000;
14.3180000;0.9499980;0.9500000;
14.3190000;0.9499980;0.9500000;
14.3200000;0.9499980;0.9500000;
14.3210000;0.9499980;0.9500000;
14.3220000;0.9499980;0.9500000;
14.3230000;0.9499980;0.9500000;
14.3240000;0.9499980;0.9500000;
14.3250000;0.9499980;0.9500000;
14.3260000;0.9499980;0.9500000;
14.3270000;0.9499980;0.9500000;
14.3280000;0.9499980;0.9500000;
14.3290000;0.9499980;0.9500000;
14.3300000;0.9499980;0.9500000;
14.3310000;0.9499980;0.9500000;
14.3320000;0.9499980;0.9500000;
14.3330000;0.9499980;0.9500000;
14.3340000;0.9499980;0.9500000;
14.3350000;0.9499980;0.9500000;
14.3360000;0.9499980;0.9500000;
14.3370000;0.9499980;0.9500000;
14.3380000;0.9499980;0.9500000;
14.3390000;0.9499980;0.9500000;
14.3400000;0.9499980;0.9500000;
14.3410000;0.9499980;0.9500000;
14.3420000;0.9499980;0.9500000;
14.3430000;0.9499980;0.9500000;
14.3440000;0.9499980;0.9500000;
14.3450000;0.9499980;0.9500000;
14.3460000;0.9499980;0.9500000;
14.3470000;0.9499980;0.9500000;
14.3480000;0.9499980;0.9500000;
14.3490000;0.9499980;0.9500000;
14.3500000;0.9499980;0.9500000;
14.3510000;0.9499980;0.9500000;
14.3520000;0.9499980;0.9500000;
14.3530000;0.9499980;0.9500000;
14.3540000;0.9499980;0.9500000;
14.3550000;0.9499980;0.9500000;
14.3560000;0.9499980;0.9500000;
14.3570000;0.9499980;0.9500000;
14.3580000;0.9499980;0.9500000;
14.3590000;0.9499980;0.9500000;
14.3600000;0.9499980;0.9500000;
14.3610000;0.9499980;0.9500000;
14.3620000;0.9499980;0.9500000;
14.3630000;0.9499980;0.9500000;
14.3640000;0.9499980;0.9500000;
14.3650000;0.9499980;0.9500000;
14.3660000;0.9499980;0.9500000;
14.3670000;0.9499980;0.9500000;
14.3680000;0.9499980;0.9500000;
14.3690000;0.9499980;0.9500000;
14.3700000;0.9499980;0.9500000;
14.3710000;0.9499980;0.9500000;
14.3720000;0.9499980;0.9500000;
14.3730000;0.9499980;0.9500000;
14.3740000;0.9499980;0.9500000;
14.3750000;0.9499980;0.9500000;
14.3760000;0.9499980;0.9500000;
14.3770000;0.9499980;0.9500000;
14.3780000;0.9499980;0.9500000;
14.3790000;0.9499980;0.9500000;
14.3800000;0.9499980;0.9500000;
14.3810000;0.9499980;0.9500000;
14.3820000;0.9499980;0.9500000;
14.3830000;0.9499980;0.9500000;
14.3840000;0.9499980;0.9500000;
14.3850000;0.9499980;0.9500000;
14.3860000;0.9499980;0.9500000;
14.3870000;0.9499980;0.9500000;
14.3880000;0.9499980;0.9500000;
14.3890000;0.9499980;0.9500000;
14.3900000;0.9499980;0.9500000;
14.3910000;0.9499980;0.9500000;
14.3920000;0.9499980;0.9500000;
14.3930000;0.9499980;0.9500000;
14.3940000;0.9499980;0.9500000;
14.3950000;0.9499980;0.9500000;
14.3960000;0.9499980;0.9500000;
14.3970000;0.9499980;0.9500000;
14.3980000;0.9499980;0.9500000;
14.3990000;0.9499980;0.9500000;
14.4000000;0.9499980;0.9500000;
14.4010000;0.9499980;0.9500000;
14.4020000;0.9499980;0.9500000;
14.4030000;0.9499980;0.9500000;
14.4040000;0.9499980;0.9500000;
14.4050000;0.9499980;0.9500000;
14.4060000;0.9499980;0.9500000;
14.4070000;0.9499980;0.9500000;
14.4080000;0.9499980;0.9500000;
14.4090000;0.9499980;0.9500000;
14.4100000;0.9499980;0.9500000;
14.4110000;0.9499980;0.9500000;
14.4120000;0.9499980;0.9500000;
14.4130000;0.9499980;0.9500000;
14.4140000;0.9499980;0.9500000;
14.4150000;0.9499980;0.9500000;
14.4160000;0.9499980;0.9500000;
14.4170000;0.9499980;0.9500000;
14.4180000;0.9499980;0.9500000;
14.4190000;0.9499980;0.9500000;
14.4200000;0.9499980;0.9500000;
14.4210000;0.9499980;0.9500000;
14.4220000;0.9499980;0.9500000;
14.4230000;0.9499980;0.9500000;
14.4240000;0.9499980;0.9500000;
14.4250000;0.9499980;0.9500000;
14.4260000;0.9499980;0.9500000;
14.4270000;0.9499980;0.9500000;
14.4280000;0.9499980;0.9500000;
14.4290000;0.9499980;0.9500000;
14.4300000;0.9499980;0.9500000;
14.4310000;0.9499980;0.9500000;
14.4320000;0.9499980;0.9500000;
14.4330000;0.9499980;0.9500000;
14.4340000;0.9499980;0.9500000;
14.4350000;0.9499980;0.9500000;
14.4360000;0.9499980;0.9500000;
14.4370000;0.9499980;0.9500000;
14.4380000;0.9499980;0.9500000;
14.4390000;0.9499980;0.9500000;
14.4400000;0.9499980;0.9500000;
14.4410000;0.9499980;0.9500000;
14.4420000;0.9499980;0.9500000;
14.4430000;0.9499980;0.9500000;
14.4440000;0.9499980;0.9500000;
14.4450000;0.9499980;0.9500000;
14.4460000;0.9499980;0.9500000;
14.4470000;0.9499980;0.9500000;
14.4480000;0.9499980;0.9500000;
14.4490000;0.9499980;0.9500000;
14.4500000;0.9499980;0.9500000;
14.4510000;0.9499980;0.9500000;
14.4520000;0.9499980;0.9500000;
14.4530000;0.9499980;0.9500000;
14.4540000;0.9499980;0.9500000;
14.4550000;0.9499980;0.9500000;
14.4560000;0.9499980;0.9500000;
14.4570000;0.9499980;0.9500000;
14.4580000;0.9499980;0.9500000;
14.4590000;0.9499980;0.9500000;
14.4600000;0.9499980;0.9500000;
14.4610000;0.9499980;0.9500000;
14.4620000;0.9499980;0.9500000;
14.4630000;0.9499980;0.9500000;
14.4640000;0.9499980;0.9500000;
14.4650000;0.9499980;0.9500000;
14.4660000;0.9499980;0.9500000;
14.4670000;0.9499980;0.9500000;
14.4680000;0.9499980;0.9500000;
14.4690000;0.9499980;0.9500000;
14.4700000;0.9499980;0.9500000;
14.4710000;0.9499980;0.9500000;
14.4720000;0.9499980;0.9500000;
14.4730000;0.9499980;0.9500000;
14.4740000;0.9499980;0.9500000;
14.4750000;0.9499980;0.9500000;
14.4760000;0.9499980;0.9500000;
14.4770000;0.9499980;0.9500000;
14.4780000;0.9499980;0.9500000;
14.4790000;0.9499980;0.9500000;
14.4800000;0.9499980;0.9500000;
14.4810000;0.9499980;0.9500000;
14.4820000;0.9499980;0.9500000;
14.4830000;0.9499980;0.9500000;
14.4840000;0.9499980;0.9500000;
14.4850000;0.9499980;0.9500000;
14.4860000;0.9499980;0.9500000;
14.4870000;0.9499980;0.9500000;
14.4880000;0.9499980;0.9500000;
14.4890000;0.9499980;0.9500000;
14.4900000;0.9499980;0.9500000;
14.4910000;0.9499980;0.9500000;
14.4920000;0.9499980;0.9500000;
14.4930000;0.9499980;0.9500000;
14.4940000;0.9499980;0.9500000;
14.4950000;0.9499980;0.9500000;
14.4960000;0.9499980;0.9500000;
14.4970000;0.9499980;0.9500000;
14.4980000;0.9499980;0.9500000;
14.4990000;0.9499980;0.9500000;
14.5000000;0.9499980;0.9500000;
14.5010000;0.9499980;0.9500000;
14.5020000;0.9499980;0.9500000;
14.5030000;0.9499980;0.9500000;
14.5040000;0.9499980;0.9500000;
14.5050000;0.9499980;0.9500000;
14.5060000;0.9499980;0.9500000;
14.5070000;0.9499980;0.9500000;
14.5080000;0.9499980;0.9500000;
14.5090000;0.9499980;0.9500000;
14.5100000;0.9499980;0.9500000;
14.5110000;0.9499980;0.9500000;
14.5120000;0.9499980;0.9500000;
14.5130000;0.9499980;0.9500000;
14.5140000;0.9499980;0.9500000;
14.5150000;0.9499980;0.9500000;
14.5160000;0.9499980;0.9500000;
14.5170000;0.9499980;0.9500000;
14.5180000;0.9499980;0.9500000;
14.5190000;0.9499980;0.9500000;
14.5200000;0.9499980;0.9500000;
14.5210000;0.9499980;0.9500000;
14.5220000;0.9499980;0.9500000;
14.5230000;0.9499980;0.9500000;
14.5240000;0.9499980;0.9500000;
14.5250000;0.9499980;0.9500000;
14.5260000;0.9499980;0.9500000;
14.5270000;0.9499980;0.9500000;
14.5280000;0.9499980;0.9500000;
14.5290000;0.9499980;0.9500000;
14.5300000;0.9499980;0.9500000;
14.5310000;0.9499980;0.9500000;
14.5320000;0.9499980;0.9500000;
14.5330000;0.9499980;0.9500000;
14.5340000;0.9499980;0.9500000;
14.5350000;0.9499980;0.9500000;
14.5360000;0.9499980;0.9500000;
14.5370000;0.9499980;0.9500000;
14.5380000;0.9499980;0.9500000;
14.5390000;0.9499980;0.9500000;
14.5400000;0.9499980;0.9500000;
14.5410000;0.9499980;0.9500000;
14.5420000;0.9499980;0.9500000;
14.5430000;0.9499980;0.9500000;
14.5440000;0.9499980;0.9500000;
14.5450000;0.9499980;0.9500000;
14.5460000;0.9499980;0.9500000;
14.5470000;0.9499980;0.9500000;
14.5480000;0.9499980;0.9500000;
14.5490000;0.9499980;0.9500000;
14.5500000;0.9499980;0.9500000;
14.5510000;0.9499980;0.9500000;
14.5520000;0.9499980;0.9500000;
14.5530000;0.9499980;0.9500000;
14.5540000;0.9499980;0.9500000;
14.5550000;0.9499980;0.9500000;
14.5560000;0.9499980;0.9500000;
14.5570000;0.9499980;0.9500000;
14.5580000;0.9499980;0.9500000;
14.5590000;0.9499980;0.9500000;
14.5600000;0.9499980;0.9500000;
14.5610000;0.9499980;0.9500000;
14.5620000;0.9499980;0.9500000;
14.5630000;0.9499980;0.9500000;
14.5640000;0.9499980;0.9500000;
14.5650000;0.9499980;0.9500000;
14.5660000;0.9499980;0.9500000;
14.5670000;0.9499980;0.9500000;
14.5680000;0.9499980;0.9500000;
14.5690000;0.9499980;0.9500000;
14.5700000;0.9499980;0.9500000;
14.5710000;0.9499980;0.9500000;
14.5720000;0.9499980;0.9500000;
14.5730000;0.9499980;0.9500000;
14.5740000;0.9499980;0.9500000;
14.5750000;0.9499980;0.9500000;
14.5760000;0.9499980;0.9500000;
14.5770000;0.9499980;0.9500000;
14.5780000;0.9499980;0.9500000;
14.5790000;0.9499980;0.9500000;
14.5800000;0.9499980;0.9500000;
14.5810000;0.9499980;0.9500000;
14.5820000;0.9499980;0.9500000;
14.5830000;0.9499980;0.9500000;
14.5840000;0.9499980;0.9500000;
14.5850000;0.9499980;0.9500000;
14.5860000;0.9499980;0.9500000;
14.5870000;0.9499980;0.9500000;
14.5880000;0.9499980;0.9500000;
14.5890000;0.9499980;0.9500000;
14.5900000;0.9499980;0.9500000;
14.5910000;0.9499980;0.9500000;
14.5920000;0.9499980;0.9500000;
14.5930000;0.9499980;0.9500000;
14.5940000;0.9499980;0.9500000;
14.5950000;0.9499980;0.9500000;
14.5960000;0.9499980;0.9500000;
14.5970000;0.9499980;0.9500000;
14.5980000;0.9499980;0.9500000;
14.5990000;0.9499980;0.9500000;
14.6000000;0.9499980;0.9500000;
14.6010000;0.9499980;0.9500000;
14.6020000;0.9499980;0.9500000;
14.6030000;0.9499980;0.9500000;
14.6040000;0.9499980;0.9500000;
14.6050000;0.9499980;0.9500000;
14.6060000;0.9499980;0.9500000;
14.6070000;0.9499980;0.9500000;
14.6080000;0.9499980;0.9500000;
14.6090000;0.9499980;0.9500000;
14.6100000;0.9499980;0.9500000;
14.6110000;0.9499980;0.9500000;
14.6120000;0.9499980;0.9500000;
14.6130000;0.9499980;0.9500000;
14.6140000;0.9499980;0.9500000;
14.6150000;0.9499980;0.9500000;
14.6160000;0.9499980;0.9500000;
14.6170000;0.9499980;0.9500000;
14.6180000;0.9499980;0.9500000;
14.6190000;0.9499980;0.9500000;
14.6200000;0.9499980;0.9500000;
14.6210000;0.9499980;0.9500000;
14.6220000;0.9499980;0.9500000;
14.6230000;0.9499980;0.9500000;
14.6240000;0.9499980;0.9500000;
14.6250000;0.9499980;0.9500000;
14.6260000;0.9499980;0.9500000;
14.6270000;0.9499980;0.9500000;
14.6280000;0.9499980;0.9500000;
14.6290000;0.9499980;0.9500000;
14.6300000;0.9499980;0.9500000;
14.6310000;0.9499980;0.9500000;
14.6320000;0.9499980;0.9500000;
14.6330000;0.9499980;0.9500000;
14.6340000;0.9499980;0.9500000;
14.6350000;0.9499980;0.9500000;
14.6360000;0.9499980;0.9500000;
14.6370000;0.9499980;0.9500000;
14.6380000;0.9499980;0.9500000;
14.6390000;0.9499980;0.9500000;
14.6400000;0.9499980;0.9500000;
14.6410000;0.9499980;0.9500000;
14.6420000;0.9499980;0.9500000;
14.6430000;0.9499980;0.9500000;
14.6440000;0.9499980;0.9500000;
14.6450000;0.9499980;0.9500000;
14.6460000;0.9499980;0.9500000;
14.6470000;0.9499980;0.9500000;
14.6480000;0.9499980;0.9500000;
14.6490000;0.9499980;0.9500000;
14.6500000;0.9499980;0.9500000;
14.6510000;0.9499980;0.9500000;
14.6520000;0.9499980;0.9500000;
14.6530000;0.9499980;0.9500000;
14.6540000;0.9499980;0.9500000;
14.6550000;0.9499980;0.9500000;
14.6560000;0.9499980;0.9500000;
14.6570000;0.9499980;0.9500000;
14.6580000;0.9499980;0.9500000;
14.6590000;0.9499980;0.9500000;
14.6600000;0.9499980;0.9500000;
14.6610000;0.9499980;0.9500000;
14.6620000;0.9499980;0.9500000;
14.6630000;0.9499980;0.9500000;
14.6640000;0.9499980;0.9500000;
14.6650000;0.9499980;0.9500000;
14.6660000;0.9499980;0.9500000;
14.6670000;0.9499980;0.9500000;
14.6680000;0.9499980;0.9500000;
14.6690000;0.9499980;0.9500000;
14.6700000;0.9499980;0.9500000;
14.6710000;0.9499980;0.9500000;
14.6720000;0.9499980;0.9500000;
14.6730000;0.9499980;0.9500000;
14.6740000;0.9499980;0.9500000;
14.6750000;0.9499980;0.9500000;
14.6760000;0.9499980;0.9500000;
14.6770000;0.9499980;0.9500000;
14.6780000;0.9499980;0.9500000;
14.6790000;0.9499980;0.9500000;
14.6800000;0.9499980;0.9500000;
14.6810000;0.9499980;0.9500000;
14.6820000;0.9499980;0.9500000;
14.6830000;0.9499980;0.9500000;
14.6840000;0.9499980;0.9500000;
14.6850000;0.9499980;0.9500000;
14.6860000;0.9499980;0.9500000;
14.6870000;0.9499980;0.9500000;
14.6880000;0.9499980;0.9500000;
14.6890000;0.9499980;0.9500000;
14.6900000;0.9499980;0.9500000;
14.6910000;0.9499980;0.9500000;
14.6920000;0.9499980;0.9500000;
14.6930000;0.9499980;0.9500000;
14.6940000;0.9499980;0.9500000;
14.6950000;0.9499980;0.9500000;
14.6960000;0.9499980;0.9500000;
14.6970000;0.9499980;0.9500000;
14.6980000;0.9499980;0.9500000;
14.6990000;0.9499980;0.9500000;
14.7000000;0.9499980;0.9500000;
14.7010000;0.9499980;0.9500000;
14.7020000;0.9499980;0.9500000;
14.7030000;0.9499980;0.9500000;
14.7040000;0.9499980;0.9500000;
14.7050000;0.9499980;0.9500000;
14.7060000;0.9499980;0.9500000;
14.7070000;0.9499980;0.9500000;
14.7080000;0.9499980;0.9500000;
14.7090000;0.9499980;0.9500000;
14.7100000;0.9499980;0.9500000;
14.7110000;0.9499980;0.9500000;
14.7120000;0.9499980;0.9500000;
14.7130000;0.9499980;0.9500000;
14.7140000;0.9499980;0.9500000;
14.7150000;0.9499980;0.9500000;
14.7160000;0.9499980;0.9500000;
14.7170000;0.9499980;0.9500000;
14.7180000;0.9499980;0.9500000;
14.7190000;0.9499980;0.9500000;
14.7200000;0.9499980;0.9500000;
14.7210000;0.9499980;0.9500000;
14.7220000;0.9499980;0.9500000;
14.7230000;0.9499980;0.9500000;
14.7240000;0.9499980;0.9500000;
14.7250000;0.9499980;0.9500000;
14.7260000;0.9499980;0.9500000;
14.7270000;0.9499980;0.9500000;
14.7280000;0.9499980;0.9500000;
14.7290000;0.9499980;0.9500000;
14.7300000;0.9499980;0.9500000;
14.7310000;0.9499980;0.9500000;
14.7320000;0.9499980;0.9500000;
14.7330000;0.9499980;0.9500000;
14.7340000;0.9499980;0.9500000;
14.7350000;0.9499980;0.9500000;
14.7360000;0.9499980;0.9500000;
14.7370000;0.9499980;0.9500000;
14.7380000;0.9499980;0.9500000;
14.7390000;0.9499980;0.9500000;
14.7400000;0.9499980;0.9500000;
14.7410000;0.9499980;0.9500000;
14.7420000;0.9499980;0.9500000;
14.7430000;0.9499980;0.9500000;
14.7440000;0.9499980;0.9500000;
14.7450000;0.9499980;0.9500000;
14.7460000;0.9499980;0.9500000;
14.7470000;0.9499980;0.9500000;
14.7480000;0.9499980;0.9500000;
14.7490000;0.9499980;0.9500000;
14.7500000;0.9499980;0.9500000;
14.7510000;0.9499980;0.9500000;
14.7520000;0.9499980;0.9500000;
14.7530000;0.9499980;0.9500000;
14.7540000;0.9499980;0.9500000;
14.7550000;0.9499980;0.9500000;
14.7560000;0.9499980;0.9500000;
14.7570000;0.9499980;0.9500000;
14.7580000;0.9499980;0.9500000;
14.7590000;0.9499980;0.9500000;
14.7600000;0.9499980;0.9500000;
14.7610000;0.9499980;0.9500000;
14.7620000;0.9499980;0.9500000;
14.7630000;0.9499980;0.9500000;
14.7640000;0.9499980;0.9500000;
14.7650000;0.9499980;0.9500000;
14.7660000;0.9499980;0.9500000;
14.7670000;0.9499980;0.9500000;
14.7680000;0.9499980;0.9500000;
14.7690000;0.9499980;0.9500000;
14.7700000;0.9499980;0.9500000;
14.7710000;0.9499980;0.9500000;
14.7720000;0.9499980;0.9500000;
14.7730000;0.9499980;0.9500000;
14.7740000;0.9499980;0.9500000;
14.7750000;0.9499980;0.9500000;
14.7760000;0.9499980;0.9500000;
14.7770000;0.9499980;0.9500000;
14.7780000;0.9499980;0.9500000;
14.7790000;0.9499980;0.9500000;
14.7800000;0.9499980;0.9500000;
14.7810000;0.9499980;0.9500000;
14.7820000;0.9499980;0.9500000;
14.7830000;0.9499980;0.9500000;
14.7840000;0.9499980;0.9500000;
14.7850000;0.9499980;0.9500000;
14.7860000;0.9499980;0.9500000;
14.7870000;0.9499980;0.9500000;
14.7880000;0.9499980;0.9500000;
14.7890000;0.9499980;0.9500000;
14.7900000;0.9499980;0.9500000;
14.7910000;0.9499980;0.9500000;
14.7920000;0.9499980;0.9500000;
14.7930000;0.9499980;0.9500000;
14.7940000;0.9499980;0.9500000;
14.7950000;0.9499980;0.9500000;
14.7960000;0.9499980;0.9500000;
14.7970000;0.9499980;0.9500000;
14.7980000;0.9499980;0.9500000;
14.7990000;0.9499980;0.9500000;
14.8000000;0.9499980;0.9500000;
14.8010000;0.9499980;0.9500000;
14.8020000;0.9499980;0.9500000;
14.8030000;0.9499980;0.9500000;
14.8040000;0.9499980;0.9500000;
14.8050000;0.9499980;0.9500000;
14.8060000;0.9499980;0.9500000;
14.8070000;0.9499980;0.9500000;
14.8080000;0.9499980;0.9500000;
14.8090000;0.9499980;0.9500000;
14.8100000;0.9499980;0.9500000;
14.8110000;0.9499980;0.9500000;
14.8120000;0.9499980;0.9500000;
14.8130000;0.9499980;0.9500000;
14.8140000;0.9499980;0.9500000;
14.8150000;0.9499980;0.9500000;
14.8160000;0.9499980;0.9500000;
14.8170000;0.9499980;0.9500000;
14.8180000;0.9499980;0.9500000;
14.8190000;0.9499980;0.9500000;
14.8200000;0.9499980;0.9500000;
14.8210000;0.9499980;0.9500000;
14.8220000;0.9499980;0.9500000;
14.8230000;0.9499980;0.9500000;
14.8240000;0.9499980;0.9500000;
14.8250000;0.9499980;0.9500000;
14.8260000;0.9499980;0.9500000;
14.8270000;0.9499980;0.9500000;
14.8280000;0.9499980;0.9500000;
14.8290000;0.9499980;0.9500000;
14.8300000;0.9499980;0.9500000;
14.8310000;0.9499980;0.9500000;
14.8320000;0.9499980;0.9500000;
14.8330000;0.9499980;0.9500000;
14.8340000;0.9499980;0.9500000;
14.8350000;0.9499980;0.9500000;
14.8360000;0.9499980;0.9500000;
14.8370000;0.9499980;0.9500000;
14.8380000;0.9499980;0.9500000;
14.8390000;0.9499980;0.9500000;
14.8400000;0.9499980;0.9500000;
14.8410000;0.9499980;0.9500000;
14.8420000;0.9499980;0.9500000;
14.8430000;0.9499980;0.9500000;
14.8440000;0.9499980;0.9500000;
14.8450000;0.9499980;0.9500000;
14.8460000;0.9499980;0.9500000;
14.8470000;0.9499980;0.9500000;
14.8480000;0.9499980;0.9500000;
14.8490000;0.9499980;0.9500000;
14.8500000;0.9499980;0.9500000;
14.8510000;0.9499980;0.9500000;
14.8520000;0.9499980;0.9500000;
14.8530000;0.9499980;0.9500000;
14.8540000;0.9499980;0.9500000;
14.8550000;0.9499980;0.9500000;
14.8560000;0.9499980;0.9500000;
14.8570000;0.9499980;0.9500000;
14.8580000;0.9499980;0.9500000;
14.8590000;0.9499980;0.9500000;
14.8600000;0.9499980;0.9500000;
14.8610000;0.9499980;0.9500000;
14.8620000;0.9499980;0.9500000;
14.8630000;0.9499980;0.9500000;
14.8640000;0.9499980;0.9500000;
14.8650000;0.9499980;0.9500000;
14.8660000;0.9499980;0.9500000;
14.8670000;0.9499980;0.9500000;
14.8680000;0.9499980;0.9500000;
14.8690000;0.9499980;0.9500000;
14.8700000;0.9499980;0.9500000;
14.8710000;0.9499980;0.9500000;
14.8720000;0.9499980;0.9500000;
14.8730000;0.9499980;0.9500000;
14.8740000;0.9499980;0.9500000;
14.8750000;0.9499980;0.9500000;
14.8760000;0.9499980;0.9500000;
14.8770000;0.9499980;0.9500000;
14.8780000;0.9499980;0.9500000;
14.8790000;0.9499980;0.9500000;
14.8800000;0.9499980;0.9500000;
14.8810000;0.9499980;0.9500000;
14.8820000;0.9499980;0.9500000;
14.8830000;0.9499980;0.9500000;
14.8840000;0.9499980;0.9500000;
14.8850000;0.9499980;0.9500000;
14.8860000;0.9499980;0.9500000;
14.8870000;0.9499980;0.9500000;
14.8880000;0.9499980;0.9500000;
14.8890000;0.9499980;0.9500000;
14.8900000;0.9499980;0.9500000;
14.8910000;0.9499980;0.9500000;
14.8920000;0.9499980;0.9500000;
14.8930000;0.9499980;0.9500000;
14.8940000;0.9499980;0.9500000;
14.8950000;0.9499980;0.9500000;
14.8960000;0.9499980;0.9500000;
14.8970000;0.9499980;0.9500000;
14.8980000;0.9499980;0.9500000;
14.8990000;0.9499980;0.9500000;
14.9000000;0.9499980;0.9500000;
14.9010000;0.9499980;0.9500000;
14.9020000;0.9499980;0.9500000;
14.9030000;0.9499980;0.9500000;
14.9040000;0.9499980;0.9500000;
14.9050000;0.9499980;0.9500000;
14.9060000;0.9499980;0.9500000;
14.9070000;0.9499980;0.9500000;
14.9080000;0.9499980;0.9500000;
14.9090000;0.9499980;0.9500000;
14.9100000;0.9499980;0.9500000;
14.9110000;0.9499980;0.9500000;
14.9120000;0.9499980;0.9500000;
14.9130000;0.9499980;0.9500000;
14.9140000;0.9499980;0.9500000;
14.9150000;0.9499980;0.9500000;
14.9160000;0.9499980;0.9500000;
14.9170000;0.9499980;0.9500000;
14.9180000;0.9499980;0.9500000;
14.9190000;0.9499980;0.9500000;
14.9200000;0.9499980;0.9500000;
14.9210000;0.9499980;0.9500000;
14.9220000;0.9499980;0.9500000;
14.9230000;0.9499980;0.9500000;
14.9240000;0.9499980;0.9500000;
14.9250000;0.9499980;0.9500000;
14.9260000;0.9499980;0.9500000;
14.9270000;0.9499980;0.9500000;
14.9280000;0.9499980;0.9500000;
14.9290000;0.9499980;0.9500000;
14.9300000;0.9499980;0.9500000;
14.9310000;0.9499980;0.9500000;
14.9320000;0.9499980;0.9500000;
14.9330000;0.9499980;0.9500000;
14.9340000;0.9499980;0.9500000;
14.9350000;0.9499980;0.9500000;
14.9360000;0.9499980;0.9500000;
14.9370000;0.9499980;0.9500000;
14.9380000;0.9499980;0.9500000;
14.9390000;0.9499980;0.9500000;
14.9400000;0.9499980;0.9500000;
14.9410000;0.9499980;0.9500000;
14.9420000;0.9499980;0.9500000;
14.9430000;0.9499980;0.9500000;
14.9440000;0.9499980;0.9500000;
14.9450000;0.9499980;0.9500000;
14.9460000;0.9499980;0.9500000;
14.9470000;0.9499980;0.9500000;
14.9480000;0.9499980;0.9500000;
14.9490000;0.9499980;0.9500000;
14.9500000;0.9499980;0.9500000;
14.9510000;0.9499980;0.9500000;
14.9520000;0.9499980;0.9500000;
14.9530000;0.9499980;0.9500000;
14.9540000;0.9499980;0.9500000;
14.9550000;0.9499980;0.9500000;
14.9560000;0.9499980;0.9500000;
14.9570000;0.9499980;0.9500000;
14.9580000;0.9499980;0.9500000;
14.9590000;0.9499980;0.9500000;
14.9600000;0.9499980;0.9500000;
14.9610000;0.9499980;0.9500000;
14.9620000;0.9499980;0.9500000;
14.9630000;0.9499980;0.9500000;
14.9640000;0.9499980;0.9500000;
14.9650000;0.9499980;0.9500000;
14.9660000;0.9499980;0.9500000;
14.9670000;0.9499980;0.9500000;
14.9680000;0.9499980;0.9500000;
14.9690000;0.9499980;0.9500000;
14.9700000;0.9499980;0.9500000;
14.9710000;0.9499980;0.9500000;
14.9720000;0.9499980;0.9500000;
14.9730000;0.9499980;0.9500000;
14.9740000;0.9499980;0.9500000;
14.9750000;0.9499980;0.9500000;
14.9760000;0.9499980;0.9500000;
14.9770000;0.9499980;0.9500000;
14.9780000;0.9499980;0.9500000;
14.9790000;0.9499980;0.9500000;
14.9800000;0.9499980;0.9500000;
14.9810000;0.9499980;0.9500000;
14.9820000;0.9499980;0.9500000;
14.9830000;0.9499980;0.9500000;
14.9840000;0.9499980;0.9500000;
14.9850000;0.9499980;0.9500000;
14.9860000;0.9499980;0.9500000;
14.9870000;0.9499980;0.9500000;
14.9880000;0.9499980;0.9500000;
14.9890000;0.9499980;0.9500000;
14.9900000;0.9499980;0.9500000;
14.9910000;0.9499980;0.9500000;
14.9920000;0.9499980;0.9500000;
14.9930000;0.9499980;0.9500000;
14.9940000;0.9499980;0.9500000;
14.9950000;0.9499980;0.9500000;
14.9960000;0.9499980;0.9500000;
14.9970000;0.9499980;0.9500000;
14.9980000;0.9499980;0.9500000;
14.9990000;0.9499980;0.9500000;
15.0000000;0.9499980;0.9500000;
15.0010000;0.9499980;0.9500000;
15.0020000;0.9499980;0.9500000;
15.0030000;0.9499980;0.9500000;
15.0040000;0.9499980;0.9500000;
15.0050000;0.9499980;0.9500000;
15.0060000;0.9499980;0.9500000;
15.0070000;0.9499980;0.9500000;
15.0080000;0.9499980;0.9500000;
15.0090000;0.9499980;0.9500000;
15.0100000;0.9499980;0.9500000;
15.0110000;0.9499980;0.9500000;
15.0120000;0.9499980;0.9500000;
15.0130000;0.9499980;0.9500000;
15.0140000;0.9499980;0.9500000;
15.0150000;0.9499980;0.9500000;
15.0160000;0.9499980;0.9500000;
15.0170000;0.9499980;0.9500000;
15.0180000;0.9499980;0.9500000;
15.0190000;0.9499980;0.9500000;
15.0200000;0.9499980;0.9500000;
15.0210000;0.9499980;0.9500000;
15.0220000;0.9499980;0.9500000;
15.0230000;0.9499980;0.9500000;
15.0240000;0.9499980;0.9500000;
15.0250000;0.9499980;0.9500000;
15.0260000;0.9499980;0.9500000;
15.0270000;0.9499980;0.9500000;
15.0280000;0.9499980;0.9500000;
15.0290000;0.9499980;0.9500000;
15.0300000;0.9499980;0.9500000;
15.0310000;0.9499980;0.9500000;
15.0320000;0.9499980;0.9500000;
15.0330000;0.9499980;0.9500000;
15.0340000;0.9499980;0.9500000;
15.0350000;0.9499980;0.9500000;
15.0360000;0.9499980;0.9500000;
15.0370000;0.9499980;0.9500000;
15.0380000;0.9499980;0.9500000;
15.0390000;0.9499980;0.9500000;
15.0400000;0.9499980;0.9500000;
15.0410000;0.9499980;0.9500000;
15.0420000;0.9499980;0.9500000;
15.0430000;0.9499980;0.9500000;
15.0440000;0.9499980;0.9500000;
15.0450000;0.9499980;0.9500000;
15.0460000;0.9499980;0.9500000;
15.0470000;0.9499980;0.9500000;
15.0480000;0.9499980;0.9500000;
15.0490000;0.9499980;0.9500000;
15.0500000;0.9499980;0.9500000;
15.0510000;0.9499980;0.9500000;
15.0520000;0.9499980;0.9500000;
15.0530000;0.9499980;0.9500000;
15.0540000;0.9499980;0.9500000;
15.0550000;0.9499980;0.9500000;
15.0560000;0.9499980;0.9500000;
15.0570000;0.9499980;0.9500000;
15.0580000;0.9499980;0.9500000;
15.0590000;0.9499980;0.9500000;
15.0600000;0.9499980;0.9500000;
15.0610000;0.9499980;0.9500000;
15.0620000;0.9499980;0.9500000;
15.0630000;0.9499980;0.9500000;
15.0640000;0.9499980;0.9500000;
15.0650000;0.9499980;0.9500000;
15.0660000;0.9499980;0.9500000;
15.0670000;0.9499980;0.9500000;
15.0680000;0.9499980;0.9500000;
15.0690000;0.9499980;0.9500000;
15.0700000;0.9499980;0.9500000;
15.0710000;0.9499980;0.9500000;
15.0720000;0.9499980;0.9500000;
15.0730000;0.9499980;0.9500000;
15.0740000;0.9499980;0.9500000;
15.0750000;0.9499980;0.9500000;
15.0760000;0.9499980;0.9500000;
15.0770000;0.9499980;0.9500000;
15.0780000;0.9499980;0.9500000;
15.0790000;0.9499980;0.9500000;
15.0800000;0.9499980;0.9500000;
15.0810000;0.9499980;0.9500000;
15.0820000;0.9499980;0.9500000;
15.0830000;0.9499980;0.9500000;
15.0840000;0.9499980;0.9500000;
15.0850000;0.9499980;0.9500000;
15.0860000;0.9499980;0.9500000;
15.0870000;0.9499980;0.9500000;
15.0880000;0.9499980;0.9500000;
15.0890000;0.9499980;0.9500000;
15.0900000;0.9499980;0.9500000;
15.0910000;0.9499980;0.9500000;
15.0920000;0.9499980;0.9500000;
15.0930000;0.9499980;0.9500000;
15.0940000;0.9499980;0.9500000;
15.0950000;0.9499980;0.9500000;
15.0960000;0.9499980;0.9500000;
15.0970000;0.9499980;0.9500000;
15.0980000;0.9499980;0.9500000;
15.0990000;0.9499980;0.9500000;
15.1000000;0.9499980;0.9500000;
15.1010000;0.9499980;0.9500000;
15.1020000;0.9499980;0.9500000;
15.1030000;0.9499980;0.9500000;
15.1040000;0.9499980;0.9500000;
15.1050000;0.9499980;0.9500000;
15.1060000;0.9499980;0.9500000;
15.1070000;0.9499980;0.9500000;
15.1080000;0.9499980;0.9500000;
15.1090000;0.9499980;0.9500000;
15.1100000;0.9499980;0.9500000;
15.1110000;0.9499980;0.9500000;
15.1120000;0.9499980;0.9500000;
15.1130000;0.9499980;0.9500000;
15.1140000;0.9499980;0.9500000;
15.1150000;0.9499980;0.9500000;
15.1160000;0.9499980;0.9500000;
15.1170000;0.9499980;0.9500000;
15.1180000;0.9499980;0.9500000;
15.1190000;0.9499980;0.9500000;
15.1200000;0.9499980;0.9500000;
15.1210000;0.9499980;0.9500000;
15.1220000;0.9499980;0.9500000;
15.1230000;0.9499980;0.9500000;
15.1240000;0.9499980;0.9500000;
15.1250000;0.9499980;0.9500000;
15.1260000;0.9499980;0.9500000;
15.1270000;0.9499980;0.9500000;
15.1280000;0.9499980;0.9500000;
15.1290000;0.9499980;0.9500000;
15.1300000;0.9499980;0.9500000;
15.1310000;0.9499980;0.9500000;
15.1320000;0.9499980;0.9500000;
15.1330000;0.9499980;0.9500000;
15.1340000;0.9499980;0.9500000;
15.1350000;0.9499980;0.9500000;
15.1360000;0.9499980;0.9500000;
15.1370000;0.9499980;0.9500000;
15.1380000;0.9499980;0.9500000;
15.1390000;0.9499980;0.9500000;
15.1400000;0.9499980;0.9500000;
15.1410000;0.9499980;0.9500000;
15.1420000;0.9499980;0.9500000;
15.1430000;0.9499980;0.9500000;
15.1440000;0.9499980;0.9500000;
15.1450000;0.9499980;0.9500000;
15.1460000;0.9499980;0.9500000;
15.1470000;0.9499980;0.9500000;
15.1480000;0.9499980;0.9500000;
15.1490000;0.9499980;0.9500000;
15.1500000;0.9499980;0.9500000;
15.1510000;0.9499980;0.9500000;
15.1520000;0.9499980;0.9500000;
15.1530000;0.9499980;0.9500000;
15.1540000;0.9499980;0.9500000;
15.1550000;0.9499980;0.9500000;
15.1560000;0.9499980;0.9500000;
15.1570000;0.9499980;0.9500000;
15.1580000;0.9499980;0.9500000;
15.1590000;0.9499980;0.9500000;
15.1600000;0.9499980;0.9500000;
15.1610000;0.9499980;0.9500000;
15.1620000;0.9499980;0.9500000;
15.1630000;0.9499980;0.9500000;
15.1640000;0.9499980;0.9500000;
15.1650000;0.9499980;0.9500000;
15.1660000;0.9499980;0.9500000;
15.1670000;0.9499980;0.9500000;
15.1680000;0.9499980;0.9500000;
15.1690000;0.9499980;0.9500000;
15.1700000;0.9499980;0.9500000;
15.1710000;0.9499980;0.9500000;
15.1720000;0.9499980;0.9500000;
15.1730000;0.9499980;0.9500000;
15.1740000;0.9499980;0.9500000;
15.1750000;0.9499980;0.9500000;
15.1760000;0.9499980;0.9500000;
15.1770000;0.9499980;0.9500000;
15.1780000;0.9499980;0.9500000;
15.1790000;0.9499980;0.9500000;
15.1800000;0.9499980;0.9500000;
15.1810000;0.9499980;0.9500000;
15.1820000;0.9499980;0.9500000;
15.1830000;0.9499980;0.9500000;
15.1840000;0.9499980;0.9500000;
15.1850000;0.9499980;0.9500000;
15.1860000;0.9499980;0.9500000;
15.1870000;0.9499980;0.9500000;
15.1880000;0.9499980;0.9500000;
15.1890000;0.9499980;0.9500000;
15.1900000;0.9499980;0.9500000;
15.1910000;0.9499980;0.9500000;
15.1920000;0.9499980;0.9500000;
15.1930000;0.9499980;0.9500000;
15.1940000;0.9499980;0.9500000;
15.1950000;0.9499980;0.9500000;
15.1960000;0.9499980;0.9500000;
15.1970000;0.9499980;0.9500000;
15.1980000;0.9499980;0.9500000;
15.1990000;0.9499980;0.9500000;
15.2000000;0.9499980;0.9500000;
15.2010000;0.9499980;0.9500000;
15.2020000;0.9499980;0.9500000;
15.2030000;0.9499980;0.9500000;
15.2040000;0.9499980;0.9500000;
15.2050000;0.9499980;0.9500000;
15.2060000;0.9499980;0.9500000;
15.2070000;0.9499980;0.9500000;
15.2080000;0.9499980;0.9500000;
15.2090000;0.9499980;0.9500000;
15.2100000;0.9499980;0.9500000;
15.2110000;0.9499980;0.9500000;
15.2120000;0.9499980;0.9500000;
15.2130000;0.9499980;0.9500000;
15.2140000;0.9499980;0.9500000;
15.2150000;0.9499980;0.9500000;
15.2160000;0.9499980;0.9500000;
15.2170000;0.9499980;0.9500000;
15.2180000;0.9499980;0.9500000;
15.2190000;0.9499980;0.9500000;
15.2200000;0.9499980;0.9500000;
15.2210000;0.9499980;0.9500000;
15.2220000;0.9499980;0.9500000;
15.2230000;0.9499980;0.9500000;
15.2240000;0.9499980;0.9500000;
15.2250000;0.9499980;0.9500000;
15.2260000;0.9499980;0.9500000;
15.2270000;0.9499980;0.9500000;
15.2280000;0.9499980;0.9500000;
15.2290000;0.9499980;0.9500000;
15.2300000;0.9499980;0.9500000;
15.2310000;0.9499980;0.9500000;
15.2320000;0.9499980;0.9500000;
15.2330000;0.9499980;0.9500000;
15.2340000;0.9499980;0.9500000;
15.2350000;0.9499980;0.9500000;
15.2360000;0.9499980;0.9500000;
15.2370000;0.9499980;0.9500000;
15.2380000;0.9499980;0.9500000;
15.2390000;0.9499980;0.9500000;
15.2400000;0.9499980;0.9500000;
15.2410000;0.9499980;0.9500000;
15.2420000;0.9499980;0.9500000;
15.2430000;0.9499980;0.9500000;
15.2440000;0.9499980;0.9500000;
15.2450000;0.9499980;0.9500000;
15.2460000;0.9499980;0.9500000;
15.2470000;0.9499980;0.9500000;
15.2480000;0.9499980;0.9500000;
15.2490000;0.9499980;0.9500000;
15.2500000;0.9499980;0.9500000;
15.2510000;0.9499980;0.9500000;
15.2520000;0.9499980;0.9500000;
15.2530000;0.9499980;0.9500000;
15.2540000;0.9499980;0.9500000;
15.2550000;0.9499980;0.9500000;
15.2560000;0.9499980;0.9500000;
15.2570000;0.9499980;0.9500000;
15.2580000;0.9499980;0.9500000;
15.2590000;0.9499980;0.9500000;
15.2600000;0.9499980;0.9500000;
15.2610000;0.9499980;0.9500000;
15.2620000;0.9499980;0.9500000;
15.2630000;0.9499980;0.9500000;
15.2640000;0.9499980;0.9500000;
15.2650000;0.9499980;0.9500000;
15.2660000;0.9499980;0.9500000;
15.2670000;0.9499980;0.9500000;
15.2680000;0.9499980;0.9500000;
15.2690000;0.9499980;0.9500000;
15.2700000;0.9499980;0.9500000;
15.2710000;0.9499980;0.9500000;
15.2720000;0.9499980;0.9500000;
15.2730000;0.9499980;0.9500000;
15.2740000;0.9499980;0.9500000;
15.2750000;0.9499980;0.9500000;
15.2760000;0.9499980;0.9500000;
15.2770000;0.9499980;0.9500000;
15.2780000;0.9499980;0.9500000;
15.2790000;0.9499980;0.9500000;
15.2800000;0.9499980;0.9500000;
15.2810000;0.9499980;0.9500000;
15.2820000;0.9499980;0.9500000;
15.2830000;0.9499980;0.9500000;
15.2840000;0.9499980;0.9500000;
15.2850000;0.9499980;0.9500000;
15.2860000;0.9499980;0.9500000;
15.2870000;0.9499980;0.9500000;
15.2880000;0.9499980;0.9500000;
15.2890000;0.9499980;0.9500000;
15.2900000;0.9499980;0.9500000;
15.2910000;0.9499980;0.9500000;
15.2920000;0.9499980;0.9500000;
15.2930000;0.9499980;0.9500000;
15.2940000;0.9499980;0.9500000;
15.2950000;0.9499980;0.9500000;
15.2960000;0.9499980;0.9500000;
15.2970000;0.9499980;0.9500000;
15.2980000;0.9499980;0.9500000;
15.2990000;0.9499980;0.9500000;
15.3000000;0.9499980;0.9500000;
15.3010000;0.9499980;0.9500000;
15.3020000;0.9499980;0.9500000;
15.3030000;0.9499980;0.9500000;
15.3040000;0.9499980;0.9500000;
15.3050000;0.9499980;0.9500000;
15.3060000;0.9499980;0.9500000;
15.3070000;0.9499980;0.9500000;
15.3080000;0.9499980;0.9500000;
15.3090000;0.9499980;0.9500000;
15.3100000;0.9499980;0.9500000;
15.3110000;0.9499980;0.9500000;
15.3120000;0.9499980;0.9500000;
15.3130000;0.9499980;0.9500000;
15.3140000;0.9499980;0.9500000;
15.3150000;0.9499980;0.9500000;
15.3160000;0.9499980;0.9500000;
15.3170000;0.9499980;0.9500000;
15.3180000;0.9499980;0.9500000;
15.3190000;0.9499980;0.9500000;
15.3200000;0.9499980;0.9500000;
15.3210000;0.9499980;0.9500000;
15.3220000;0.9499980;0.9500000;
15.3230000;0.9499980;0.9500000;
15.3240000;0.9499980;0.9500000;
15.3250000;0.9499980;0.9500000;
15.3260000;0.9499980;0.9500000;
15.3270000;0.9499980;0.9500000;
15.3280000;0.9499980;0.9500000;
15.3290000;0.9499980;0.9500000;
15.3300000;0.9499980;0.9500000;
15.3310000;0.9499980;0.9500000;
15.3320000;0.9499980;0.9500000;
15.3330000;0.9499980;0.9500000;
15.3340000;0.9499980;0.9500000;
15.3350000;0.9499980;0.9500000;
15.3360000;0.9499980;0.9500000;
15.3370000;0.9499980;0.9500000;
15.3380000;0.9499980;0.9500000;
15.3390000;0.9499980;0.9500000;
15.3400000;0.9499980;0.9500000;
15.3410000;0.9499980;0.9500000;
15.3420000;0.9499980;0.9500000;
15.3430000;0.9499980;0.9500000;
15.3440000;0.9499980;0.9500000;
15.3450000;0.9499980;0.9500000;
15.3460000;0.9499980;0.9500000;
15.3470000;0.9499980;0.9500000;
15.3480000;0.9499980;0.9500000;
15.3490000;0.9499980;0.9500000;
15.3500000;0.9499980;0.9500000;
15.3510000;0.9499980;0.9500000;
15.3520000;0.9499980;0.9500000;
15.3530000;0.9499980;0.9500000;
15.3540000;0.9499980;0.9500000;
15.3550000;0.9499980;0.9500000;
15.3560000;0.9499980;0.9500000;
15.3570000;0.9499980;0.9500000;
15.3580000;0.9499980;0.9500000;
15.3590000;0.9499980;0.9500000;
15.3600000;0.9499980;0.9500000;
15.3610000;0.9499980;0.9500000;
15.3620000;0.9499980;0.9500000;
15.3630000;0.9499980;0.9500000;
15.3640000;0.9499980;0.9500000;
15.3650000;0.9499980;0.9500000;
15.3660000;0.9499980;0.9500000;
15.3670000;0.9499980;0.9500000;
15.3680000;0.9499980;0.9500000;
15.3690000;0.9499980;0.9500000;
15.3700000;0.9499980;0.9500000;
15.3710000;0.9499980;0.9500000;
15.3720000;0.9499980;0.9500000;
15.3730000;0.9499980;0.9500000;
15.3740000;0.9499980;0.9500000;
15.3750000;0.9499980;0.9500000;
15.3760000;0.9499980;0.9500000;
15.3770000;0.9499980;0.9500000;
15.3780000;0.9499980;0.9500000;
15.3790000;0.9499980;0.9500000;
15.3800000;0.9499980;0.9500000;
15.3810000;0.9499980;0.9500000;
15.3820000;0.9499980;0.9500000;
15.3830000;0.9499980;0.9500000;
15.3840000;0.9499980;0.9500000;
15.3850000;0.9499980;0.9500000;
15.3860000;0.9499980;0.9500000;
15.3870000;0.9499980;0.9500000;
15.3880000;0.9499980;0.9500000;
15.3890000;0.9499980;0.9500000;
15.3900000;0.9499980;0.9500000;
15.3910000;0.9499980;0.9500000;
15.3920000;0.9499980;0.9500000;
15.3930000;0.9499980;0.9500000;
15.3940000;0.9499980;0.9500000;
15.3950000;0.9499980;0.9500000;
15.3960000;0.9499980;0.9500000;
15.3970000;0.9499980;0.9500000;
15.3980000;0.9499980;0.9500000;
15.3990000;0.9499980;0.9500000;
15.4000000;0.9499980;0.9500000;
15.4010000;0.9499980;0.9500000;
15.4020000;0.9499980;0.9500000;
15.4030000;0.9499980;0.9500000;
15.4040000;0.9499980;0.9500000;
15.4050000;0.9499980;0.9500000;
15.4060000;0.9499980;0.9500000;
15.4070000;0.9499980;0.9500000;
15.4080000;0.9499980;0.9500000;
15.4090000;0.9499980;0.9500000;
15.4100000;0.9499980;0.9500000;
15.4110000;0.9499980;0.9500000;
15.4120000;0.9499980;0.9500000;
15.4130000;0.9499980;0.9500000;
15.4140000;0.9499980;0.9500000;
15.4150000;0.9499980;0.9500000;
15.4160000;0.9499980;0.9500000;
15.4170000;0.9499980;0.9500000;
15.4180000;0.9499980;0.9500000;
15.4190000;0.9499980;0.9500000;
15.4200000;0.9499980;0.9500000;
15.4210000;0.9499980;0.9500000;
15.4220000;0.9499980;0.9500000;
15.4230000;0.9499980;0.9500000;
15.4240000;0.9499980;0.9500000;
15.4250000;0.9499980;0.9500000;
15.4260000;0.9499980;0.9500000;
15.4270000;0.9499980;0.9500000;
15.4280000;0.9499980;0.9500000;
15.4290000;0.9499980;0.9500000;
15.4300000;0.9499980;0.9500000;
15.4310000;0.9499980;0.9500000;
15.4320000;0.9499980;0.9500000;
15.4330000;0.9499980;0.9500000;
15.4340000;0.9499980;0.9500000;
15.4350000;0.9499980;0.9500000;
15.4360000;0.9499980;0.9500000;
15.4370000;0.9499980;0.9500000;
15.4380000;0.9499980;0.9500000;
15.4390000;0.9499980;0.9500000;
15.4400000;0.9499980;0.9500000;
15.4410000;0.9499980;0.9500000;
15.4420000;0.9499980;0.9500000;
15.4430000;0.9499980;0.9500000;
15.4440000;0.9499980;0.9500000;
15.4450000;0.9499980;0.9500000;
15.4460000;0.9499980;0.9500000;
15.4470000;0.9499980;0.9500000;
15.4480000;0.9499980;0.9500000;
15.4490000;0.9499980;0.9500000;
15.4500000;0.9499980;0.9500000;
15.4510000;0.9499980;0.9500000;
15.4520000;0.9499980;0.9500000;
15.4530000;0.9499980;0.9500000;
15.4540000;0.9499980;0.9500000;
15.4550000;0.9499980;0.9500000;
15.4560000;0.9499980;0.9500000;
15.4570000;0.9499980;0.9500000;
15.4580000;0.9499980;0.9500000;
15.4590000;0.9499980;0.9500000;
15.4600000;0.9499980;0.9500000;
15.4610000;0.9499980;0.9500000;
15.4620000;0.9499980;0.9500000;
15.4630000;0.9499980;0.9500000;
15.4640000;0.9499980;0.9500000;
15.4650000;0.9499980;0.9500000;
15.4660000;0.9499980;0.9500000;
15.4670000;0.9499980;0.9500000;
15.4680000;0.9499980;0.9500000;
15.4690000;0.9499980;0.9500000;
15.4700000;0.9499980;0.9500000;
15.4710000;0.9499980;0.9500000;
15.4720000;0.9499980;0.9500000;
15.4730000;0.9499980;0.9500000;
15.4740000;0.9499980;0.9500000;
15.4750000;0.9499980;0.9500000;
15.4760000;0.9499980;0.9500000;
15.4770000;0.9499980;0.9500000;
15.4780000;0.9499980;0.9500000;
15.4790000;0.9499980;0.9500000;
15.4800000;0.9499980;0.9500000;
15.4810000;0.9499980;0.9500000;
15.4820000;0.9499980;0.9500000;
15.4830000;0.9499980;0.9500000;
15.4840000;0.9499980;0.9500000;
15.4850000;0.9499980;0.9500000;
15.4860000;0.9499980;0.9500000;
15.4870000;0.9499980;0.9500000;
15.4880000;0.9499980;0.9500000;
15.4890000;0.9499980;0.9500000;
15.4900000;0.9499980;0.9500000;
15.4910000;0.9499980;0.9500000;
15.4920000;0.9499980;0.9500000;
15.4930000;0.9499980;0.9500000;
15.4940000;0.9499980;0.9500000;
15.4950000;0.9499980;0.9500000;
15.4960000;0.9499980;0.9500000;
15.4970000;0.9499980;0.9500000;
15.4980000;0.9499980;0.9500000;
15.4990000;0.9499980;0.9500000;
15.5000000;0.9499980;0.9500000;
15.5010000;0.9499980;0.9500000;
15.5020000;0.9499980;0.9500000;
15.5030000;0.9499980;0.9500000;
15.5040000;0.9499980;0.9500000;
15.5050000;0.9499980;0.9500000;
15.5060000;0.9499980;0.9500000;
15.5070000;0.9499980;0.9500000;
15.5080000;0.9499980;0.9500000;
15.5090000;0.9499980;0.9500000;
15.5100000;0.9499980;0.9500000;
15.5110000;0.9499980;0.9500000;
15.5120000;0.9499980;0.9500000;
15.5130000;0.9499980;0.9500000;
15.5140000;0.9499980;0.9500000;
15.5150000;0.9499980;0.9500000;
15.5160000;0.9499980;0.9500000;
15.5170000;0.9499980;0.9500000;
15.5180000;0.9499980;0.9500000;
15.5190000;0.9499980;0.9500000;
15.5200000;0.9499980;0.9500000;
15.5210000;0.9499980;0.9500000;
15.5220000;0.9499980;0.9500000;
15.5230000;0.9499980;0.9500000;
15.5240000;0.9499980;0.9500000;
15.5250000;0.9499980;0.9500000;
15.5260000;0.9499980;0.9500000;
15.5270000;0.9499980;0.9500000;
15.5280000;0.9499980;0.9500000;
15.5290000;0.9499980;0.9500000;
15.5300000;0.9499980;0.9500000;
15.5310000;0.9499980;0.9500000;
15.5320000;0.9499980;0.9500000;
15.5330000;0.9499980;0.9500000;
15.5340000;0.9499980;0.9500000;
15.5350000;0.9499980;0.9500000;
15.5360000;0.9499980;0.9500000;
15.5370000;0.9499980;0.9500000;
15.5380000;0.9499980;0.9500000;
15.5390000;0.9499980;0.9500000;
15.5400000;0.9499980;0.9500000;
15.5410000;0.9499980;0.9500000;
15.5420000;0.9499980;0.9500000;
15.5430000;0.9499980;0.9500000;
15.5440000;0.9499980;0.9500000;
15.5450000;0.9499980;0.9500000;
15.5460000;0.9499980;0.9500000;
15.5470000;0.9499980;0.9500000;
15.5480000;0.9499980;0.9500000;
15.5490000;0.9499980;0.9500000;
15.5500000;0.9499980;0.9500000;
15.5510000;0.9499980;0.9500000;
15.5520000;0.9499980;0.9500000;
15.5530000;0.9499980;0.9500000;
15.5540000;0.9499980;0.9500000;
15.5550000;0.9499980;0.9500000;
15.5560000;0.9499980;0.9500000;
15.5570000;0.9499980;0.9500000;
15.5580000;0.9499980;0.9500000;
15.5590000;0.9499980;0.9500000;
15.5600000;0.9499980;0.9500000;
15.5610000;0.9499980;0.9500000;
15.5620000;0.9499980;0.9500000;
15.5630000;0.9499980;0.9500000;
15.5640000;0.9499980;0.9500000;
15.5650000;0.9499980;0.9500000;
15.5660000;0.9499980;0.9500000;
15.5670000;0.9499980;0.9500000;
15.5680000;0.9499980;0.9500000;
15.5690000;0.9499980;0.9500000;
15.5700000;0.9499980;0.9500000;
15.5710000;0.9499980;0.9500000;
15.5720000;0.9499980;0.9500000;
15.5730000;0.9499980;0.9500000;
15.5740000;0.9499980;0.9500000;
15.5750000;0.9499980;0.9500000;
15.5760000;0.9499980;0.9500000;
15.5770000;0.9499980;0.9500000;
15.5780000;0.9499980;0.9500000;
15.5790000;0.9499980;0.9500000;
15.5800000;0.9499980;0.9500000;
15.5810000;0.9499980;0.9500000;
15.5820000;0.9499980;0.9500000;
15.5830000;0.9499980;0.9500000;
15.5840000;0.9499980;0.9500000;
15.5850000;0.9499980;0.9500000;
15.5860000;0.9499980;0.9500000;
15.5870000;0.9499980;0.9500000;
15.5880000;0.9499980;0.9500000;
15.5890000;0.9499980;0.9500000;
15.5900000;0.9499980;0.9500000;
15.5910000;0.9499980;0.9500000;
15.5920000;0.9499980;0.9500000;
15.5930000;0.9499980;0.9500000;
15.5940000;0.9499980;0.9500000;
15.5950000;0.9499980;0.9500000;
15.5960000;0.9499980;0.9500000;
15.5970000;0.9499980;0.9500000;
15.5980000;0.9499980;0.9500000;
15.5990000;0.9499980;0.9500000;
15.6000000;0.9499980;0.9500000;
15.6010000;0.9499980;0.9500000;
15.6020000;0.9499980;0.9500000;
15.6030000;0.9499980;0.9500000;
15.6040000;0.9499980;0.9500000;
15.6050000;0.9499980;0.9500000;
15.6060000;0.9499980;0.9500000;
15.6070000;0.9499980;0.9500000;
15.6080000;0.9499980;0.9500000;
15.6090000;0.9499980;0.9500000;
15.6100000;0.9499980;0.9500000;
15.6110000;0.9499980;0.9500000;
15.6120000;0.9499980;0.9500000;
15.6130000;0.9499980;0.9500000;
15.6140000;0.9499980;0.9500000;
15.6150000;0.9499980;0.9500000;
15.6160000;0.9499980;0.9500000;
15.6170000;0.9499980;0.9500000;
15.6180000;0.9499980;0.9500000;
15.6190000;0.9499980;0.9500000;
15.6200000;0.9499980;0.9500000;
15.6210000;0.9499980;0.9500000;
15.6220000;0.9499980;0.9500000;
15.6230000;0.9499980;0.9500000;
15.6240000;0.9499980;0.9500000;
15.6250000;0.9499980;0.9500000;
15.6260000;0.9499980;0.9500000;
15.6270000;0.9499980;0.9500000;
15.6280000;0.9499980;0.9500000;
15.6290000;0.9499980;0.9500000;
15.6300000;0.9499980;0.9500000;
15.6310000;0.9499980;0.9500000;
15.6320000;0.9499980;0.9500000;
15.6330000;0.9499980;0.9500000;
15.6340000;0.9499980;0.9500000;
15.6350000;0.9499980;0.9500000;
15.6360000;0.9499980;0.9500000;
15.6370000;0.9499980;0.9500000;
15.6380000;0.9499980;0.9500000;
15.6390000;0.9499980;0.9500000;
15.6400000;0.9499980;0.9500000;
15.6410000;0.9499980;0.9500000;
15.6420000;0.9499980;0.9500000;
15.6430000;0.9499980;0.9500000;
15.6440000;0.9499980;0.9500000;
15.6450000;0.9499980;0.9500000;
15.6460000;0.9499980;0.9500000;
15.6470000;0.9499980;0.9500000;
15.6480000;0.9499980;0.9500000;
15.6490000;0.9499980;0.9500000;
15.6500000;0.9499980;0.9500000;
15.6510000;0.9499980;0.9500000;
15.6520000;0.9499980;0.9500000;
15.6530000;0.9499980;0.9500000;
15.6540000;0.9499980;0.9500000;
15.6550000;0.9499980;0.9500000;
15.6560000;0.9499980;0.9500000;
15.6570000;0.9499980;0.9500000;
15.6580000;0.9499980;0.9500000;
15.6590000;0.9499980;0.9500000;
15.6600000;0.9499980;0.9500000;
15.6610000;0.9499980;0.9500000;
15.6620000;0.9499980;0.9500000;
15.6630000;0.9499980;0.9500000;
15.6640000;0.9499980;0.9500000;
15.6650000;0.9499980;0.9500000;
15.6660000;0.9499980;0.9500000;
15.6670000;0.9499980;0.9500000;
15.6680000;0.9499980;0.9500000;
15.6690000;0.9499980;0.9500000;
15.6700000;0.9499980;0.9500000;
15.6710000;0.9499980;0.9500000;
15.6720000;0.9499980;0.9500000;
15.6730000;0.9499980;0.9500000;
15.6740000;0.9499980;0.9500000;
15.6750000;0.9499980;0.9500000;
15.6760000;0.9499980;0.9500000;
15.6770000;0.9499980;0.9500000;
15.6780000;0.9499980;0.9500000;
15.6790000;0.9499980;0.9500000;
15.6800000;0.9499980;0.9500000;
15.6810000;0.9499980;0.9500000;
15.6820000;0.9499980;0.9500000;
15.6830000;0.9499980;0.9500000;
15.6840000;0.9499980;0.9500000;
15.6850000;0.9499980;0.9500000;
15.6860000;0.9499980;0.9500000;
15.6870000;0.9499980;0.9500000;
15.6880000;0.9499980;0.9500000;
15.6890000;0.9499980;0.9500000;
15.6900000;0.9499980;0.9500000;
15.6910000;0.9499980;0.9500000;
15.6920000;0.9499980;0.9500000;
15.6930000;0.9499980;0.9500000;
15.6940000;0.9499980;0.9500000;
15.6950000;0.9499980;0.9500000;
15.6960000;0.9499980;0.9500000;
15.6970000;0.9499980;0.9500000;
15.6980000;0.9499980;0.9500000;
15.6990000;0.9499980;0.9500000;
15.7000000;0.9499980;0.9500000;
15.7010000;0.9499980;0.9500000;
15.7020000;0.9499980;0.9500000;
15.7030000;0.9499980;0.9500000;
15.7040000;0.9499980;0.9500000;
15.7050000;0.9499980;0.9500000;
15.7060000;0.9499980;0.9500000;
15.7070000;0.9499980;0.9500000;
15.7080000;0.9499980;0.9500000;
15.7090000;0.9499980;0.9500000;
15.7100000;0.9499980;0.9500000;
15.7110000;0.9499980;0.9500000;
15.7120000;0.9499980;0.9500000;
15.7130000;0.9499980;0.9500000;
15.7140000;0.9499980;0.9500000;
15.7150000;0.9499980;0.9500000;
15.7160000;0.9499980;0.9500000;
15.7170000;0.9499980;0.9500000;
15.7180000;0.9499980;0.9500000;
15.7190000;0.9499980;0.9500000;
15.7200000;0.9499980;0.9500000;
15.7210000;0.9499980;0.9500000;
15.7220000;0.9499980;0.9500000;
15.7230000;0.9499980;0.9500000;
15.7240000;0.9499980;0.9500000;
15.7250000;0.9499980;0.9500000;
15.7260000;0.9499980;0.9500000;
15.7270000;0.9499980;0.9500000;
15.7280000;0.9499980;0.9500000;
15.7290000;0.9499980;0.9500000;
15.7300000;0.9499980;0.9500000;
15.7310000;0.9499980;0.9500000;
15.7320000;0.9499980;0.9500000;
15.7330000;0.9499980;0.9500000;
15.7340000;0.9499980;0.9500000;
15.7350000;0.9499980;0.9500000;
15.7360000;0.9499980;0.9500000;
15.7370000;0.9499980;0.9500000;
15.7380000;0.9499980;0.9500000;
15.7390000;0.9499980;0.9500000;
15.7400000;0.9499980;0.9500000;
15.7410000;0.9499980;0.9500000;
15.7420000;0.9499980;0.9500000;
15.7430000;0.9499980;0.9500000;
15.7440000;0.9499980;0.9500000;
15.7450000;0.9499980;0.9500000;
15.7460000;0.9499980;0.9500000;
15.7470000;0.9499980;0.9500000;
15.7480000;0.9499980;0.9500000;
15.7490000;0.9499980;0.9500000;
15.7500000;0.9499980;0.9500000;
15.7510000;0.9499980;0.9500000;
15.7520000;0.9499980;0.9500000;
15.7530000;0.9499980;0.9500000;
15.7540000;0.9499980;0.9500000;
15.7550000;0.9499980;0.9500000;
15.7560000;0.9499980;0.9500000;
15.7570000;0.9499980;0.9500000;
15.7580000;0.9499980;0.9500000;
15.7590000;0.9499980;0.9500000;
15.7600000;0.9499980;0.9500000;
15.7610000;0.9499980;0.9500000;
15.7620000;0.9499980;0.9500000;
15.7630000;0.9499980;0.9500000;
15.7640000;0.9499980;0.9500000;
15.7650000;0.9499980;0.9500000;
15.7660000;0.9499980;0.9500000;
15.7670000;0.9499980;0.9500000;
15.7680000;0.9499980;0.9500000;
15.7690000;0.9499980;0.9500000;
15.7700000;0.9499980;0.9500000;
15.7710000;0.9499980;0.9500000;
15.7720000;0.9499980;0.9500000;
15.7730000;0.9499980;0.9500000;
15.7740000;0.9499980;0.9500000;
15.7750000;0.9499980;0.9500000;
15.7760000;0.9499980;0.9500000;
15.7770000;0.9499980;0.9500000;
15.7780000;0.9499980;0.9500000;
15.7790000;0.9499980;0.9500000;
15.7800000;0.9499980;0.9500000;
15.7810000;0.9499980;0.9500000;
15.7820000;0.9499980;0.9500000;
15.7830000;0.9499980;0.9500000;
15.7840000;0.9499980;0.9500000;
15.7850000;0.9499980;0.9500000;
15.7860000;0.9499980;0.9500000;
15.7870000;0.9499980;0.9500000;
15.7880000;0.9499980;0.9500000;
15.7890000;0.9499980;0.9500000;
15.7900000;0.9499980;0.9500000;
15.7910000;0.9499980;0.9500000;
15.7920000;0.9499980;0.9500000;
15.7930000;0.9499980;0.9500000;
15.7940000;0.9499980;0.9500000;
15.7950000;0.9499980;0.9500000;
15.7960000;0.9499980;0.9500000;
15.7970000;0.9499980;0.9500000;
15.7980000;0.9499980;0.9500000;
15.7990000;0.9499980;0.9500000;
15.8000000;0.9499980;0.9500000;
15.8010000;0.9499980;0.9500000;
15.8020000;0.9499980;0.9500000;
15.8030000;0.9499980;0.9500000;
15.8040000;0.9499980;0.9500000;
15.8050000;0.9499980;0.9500000;
15.8060000;0.9499980;0.9500000;
15.8070000;0.9499980;0.9500000;
15.8080000;0.9499980;0.9500000;
15.8090000;0.9499980;0.9500000;
15.8100000;0.9499980;0.9500000;
15.8110000;0.9499980;0.9500000;
15.8120000;0.9499980;0.9500000;
15.8130000;0.9499980;0.9500000;
15.8140000;0.9499980;0.9500000;
15.8150000;0.9499980;0.9500000;
15.8160000;0.9499980;0.9500000;
15.8170000;0.9499980;0.9500000;
15.8180000;0.9499980;0.9500000;
15.8190000;0.9499980;0.9500000;
15.8200000;0.9499980;0.9500000;
15.8210000;0.9499980;0.9500000;
15.8220000;0.9499980;0.9500000;
15.8230000;0.9499980;0.9500000;
15.8240000;0.9499980;0.9500000;
15.8250000;0.9499980;0.9500000;
15.8260000;0.9499980;0.9500000;
15.8270000;0.9499980;0.9500000;
15.8280000;0.9499980;0.9500000;
15.8290000;0.9499980;0.9500000;
15.8300000;0.9499980;0.9500000;
15.8310000;0.9499980;0.9500000;
15.8320000;0.9499980;0.9500000;
15.8330000;0.9499980;0.9500000;
15.8340000;0.9499980;0.9500000;
15.8350000;0.9499980;0.9500000;
15.8360000;0.9499980;0.9500000;
15.8370000;0.9499980;0.9500000;
15.8380000;0.9499980;0.9500000;
15.8390000;0.9499980;0.9500000;
15.8400000;0.9499980;0.9500000;
15.8410000;0.9499980;0.9500000;
15.8420000;0.9499980;0.9500000;
15.8430000;0.9499980;0.9500000;
15.8440000;0.9499980;0.9500000;
15.8450000;0.9499980;0.9500000;
15.8460000;0.9499980;0.9500000;
15.8470000;0.9499980;0.9500000;
15.8480000;0.9499980;0.9500000;
15.8490000;0.9499980;0.9500000;
15.8500000;0.9499980;0.9500000;
15.8510000;0.9499980;0.9500000;
15.8520000;0.9499980;0.9500000;
15.8530000;0.9499980;0.9500000;
15.8540000;0.9499980;0.9500000;
15.8550000;0.9499980;0.9500000;
15.8560000;0.9499980;0.9500000;
15.8570000;0.9499980;0.9500000;
15.8580000;0.9499980;0.9500000;
15.8590000;0.9499980;0.9500000;
15.8600000;0.9499980;0.9500000;
15.8610000;0.9499980;0.9500000;
15.8620000;0.9499980;0.9500000;
15.8630000;0.9499980;0.9500000;
15.8640000;0.9499980;0.9500000;
15.8650000;0.9499980;0.9500000;
15.8660000;0.9499980;0.9500000;
15.8670000;0.9499980;0.9500000;
15.8680000;0.9499980;0.9500000;
15.8690000;0.9499980;0.9500000;
15.8700000;0.9499980;0.9500000;
15.8710000;0.9499980;0.9500000;
15.8720000;0.9499980;0.9500000;
15.8730000;0.9499980;0.9500000;
15.8740000;0.9499980;0.9500000;
15.8750000;0.9499980;0.9500000;
15.8760000;0.9499980;0.9500000;
15.8770000;0.9499980;0.9500000;
15.8780000;0.9499980;0.9500000;
15.8790000;0.9499980;0.9500000;
15.8800000;0.9499980;0.9500000;
15.8810000;0.9499980;0.9500000;
15.8820000;0.9499980;0.9500000;
15.8830000;0.9499980;0.9500000;
15.8840000;0.9499980;0.9500000;
15.8850000;0.9499980;0.9500000;
15.8860000;0.9499980;0.9500000;
15.8870000;0.9499980;0.9500000;
15.8880000;0.9499980;0.9500000;
15.8890000;0.9499980;0.9500000;
15.8900000;0.9499980;0.9500000;
15.8910000;0.9499980;0.9500000;
15.8920000;0.9499980;0.9500000;
15.8930000;0.9499980;0.9500000;
15.8940000;0.9499980;0.9500000;
15.8950000;0.9499980;0.9500000;
15.8960000;0.9499980;0.9500000;
15.8970000;0.9499980;0.9500000;
15.8980000;0.9499980;0.9500000;
15.8990000;0.9499980;0.9500000;
15.9000000;0.9499980;0.9500000;
15.9010000;0.9499980;0.9500000;
15.9020000;0.9499980;0.9500000;
15.9030000;0.9499980;0.9500000;
15.9040000;0.9499980;0.9500000;
15.9050000;0.9499980;0.9500000;
15.9060000;0.9499980;0.9500000;
15.9070000;0.9499980;0.9500000;
15.9080000;0.9499980;0.9500000;
15.9090000;0.9499980;0.9500000;
15.9100000;0.9499980;0.9500000;
15.9110000;0.9499980;0.9500000;
15.9120000;0.9499980;0.9500000;
15.9130000;0.9499980;0.9500000;
15.9140000;0.9499980;0.9500000;
15.9150000;0.9499980;0.9500000;
15.9160000;0.9499980;0.9500000;
15.9170000;0.9499980;0.9500000;
15.9180000;0.9499980;0.9500000;
15.9190000;0.9499980;0.9500000;
15.9200000;0.9499980;0.9500000;
15.9210000;0.9499980;0.9500000;
15.9220000;0.9499980;0.9500000;
15.9230000;0.9499980;0.9500000;
15.9240000;0.9499980;0.9500000;
15.9250000;0.9499980;0.9500000;
15.9260000;0.9499980;0.9500000;
15.9270000;0.9499980;0.9500000;
15.9280000;0.9499980;0.9500000;
15.9290000;0.9499980;0.9500000;
15.9300000;0.9499980;0.9500000;
15.9310000;0.9499980;0.9500000;
15.9320000;0.9499980;0.9500000;
15.9330000;0.9499980;0.9500000;
15.9340000;0.9499980;0.9500000;
15.9350000;0.9499980;0.9500000;
15.9360000;0.9499980;0.9500000;
15.9370000;0.9499980;0.9500000;
15.9380000;0.9499980;0.9500000;
15.9390000;0.9499980;0.9500000;
15.9400000;0.9499980;0.9500000;
15.9410000;0.9499980;0.9500000;
15.9420000;0.9499980;0.9500000;
15.9430000;0.9499980;0.9500000;
15.9440000;0.9499980;0.9500000;
15.9450000;0.9499980;0.9500000;
15.9460000;0.9499980;0.9500000;
15.9470000;0.9499980;0.9500000;
15.9480000;0.9499980;0.9500000;
15.9490000;0.9499980;0.9500000;
15.9500000;0.9499980;0.9500000;
15.9510000;0.9499980;0.9500000;
15.9520000;0.9499980;0.9500000;
15.9530000;0.9499980;0.9500000;
15.9540000;0.9499980;0.9500000;
15.9550000;0.9499980;0.9500000;
15.9560000;0.9499980;0.9500000;
15.9570000;0.9499980;0.9500000;
15.9580000;0.9499980;0.9500000;
15.9590000;0.9499980;0.9500000;
15.9600000;0.9499980;0.9500000;
15.9610000;0.9499980;0.9500000;
15.9620000;0.9499980;0.9500000;
15.9630000;0.9499980;0.9500000;
15.9640000;0.9499980;0.9500000;
15.9650000;0.9499980;0.9500000;
15.9660000;0.9499980;0.9500000;
15.9670000;0.9499980;0.9500000;
15.9680000;0.9499980;0.9500000;
15.9690000;0.9499980;0.9500000;
15.9700000;0.9499980;0.9500000;
15.9710000;0.9499980;0.9500000;
15.9720000;0.9499980;0.9500000;
15.9730000;0.9499980;0.9500000;
15.9740000;0.9499980;0.9500000;
15.9750000;0.9499980;0.9500000;
15.9760000;0.9499980;0.9500000;
15.9770000;0.9499980;0.9500000;
15.9780000;0.9499980;0.9500000;
15.9790000;0.9499980;0.9500000;
15.9800000;0.9499980;0.9500000;
15.9810000;0.9499980;0.9500000;
15.9820000;0.9499980;0.9500000;
15.9830000;0.9499980;0.9500000;
15.9840000;0.9499980;0.9500000;
15.9850000;0.9499980;0.9500000;
15.9860000;0.9499980;0.9500000;
15.9870000;0.9499980;0.9500000;
15.9880000;0.9499980;0.9500000;
15.9890000;0.9499980;0.9500000;
15.9900000;0.9499980;0.9500000;
15.9910000;0.9499980;0.9500000;
15.9920000;0.9499980;0.9500000;
15.9930000;0.9499980;0.9500000;
15.9940000;0.9499980;0.9500000;
15.9950000;0.9499980;0.9500000;
15.9960000;0.9499980;0.9500000;
15.9970000;0.9499980;0.9500000;
15.9980000;0.9499980;0.9500000;
15.9990000;0.9499980;0.9500000;
16.0000000;0.9499980;0.9500000;
16.0010000;0.9499980;0.9500000;
16.0020000;0.9499980;0.9500000;
16.0030000;0.9499980;0.9500000;
16.0040000;0.9499980;0.9500000;
16.0050000;0.9499980;0.9500000;
16.0060000;0.9499980;0.9500000;
16.0070000;0.9499980;0.9500000;
16.0080000;0.9499980;0.9500000;
16.0090000;0.9499980;0.9500000;
16.0100000;0.9499980;0.9500000;
16.0110000;0.9499980;0.9500000;
16.0120000;0.9499980;0.9500000;
16.0130000;0.9499980;0.9500000;
16.0140000;0.9499980;0.9500000;
16.0150000;0.9499980;0.9500000;
16.0160000;0.9499980;0.9500000;
16.0170000;0.9499980;0.9500000;
16.0180000;0.9499980;0.9500000;
16.0190000;0.9499980;0.9500000;
16.0200000;0.9499980;0.9500000;
16.0210000;0.9499980;0.9500000;
16.0220000;0.9499980;0.9500000;
16.0230000;0.9499980;0.9500000;
16.0240000;0.9499980;0.9500000;
16.0250000;0.9499980;0.9500000;
16.0260000;0.9499980;0.9500000;
16.0270000;0.9499980;0.9500000;
16.0280000;0.9499980;0.9500000;
16.0290000;0.9499980;0.9500000;
16.0300000;0.9499980;0.9500000;
16.0310000;0.9499980;0.9500000;
16.0320000;0.9499980;0.9500000;
16.0330000;0.9499980;0.9500000;
16.0340000;0.9499980;0.9500000;
16.0350000;0.9499980;0.9500000;
16.0360000;0.9499980;0.9500000;
16.0370000;0.9499980;0.9500000;
16.0380000;0.9499980;0.9500000;
16.0390000;0.9499980;0.9500000;
16.0400000;0.9499980;0.9500000;
16.0410000;0.9499980;0.9500000;
16.0420000;0.9499980;0.9500000;
16.0430000;0.9499980;0.9500000;
16.0440000;0.9499980;0.9500000;
16.0450000;0.9499980;0.9500000;
16.0460000;0.9499980;0.9500000;
16.0470000;0.9499980;0.9500000;
16.0480000;0.9499980;0.9500000;
16.0490000;0.9499980;0.9500000;
16.0500000;0.9499980;0.9500000;
16.0510000;0.9499980;0.9500000;
16.0520000;0.9499980;0.9500000;
16.0530000;0.9499980;0.9500000;
16.0540000;0.9499980;0.9500000;
16.0550000;0.9499980;0.9500000;
16.0560000;0.9499980;0.9500000;
16.0570000;0.9499980;0.9500000;
16.0580000;0.9499980;0.9500000;
16.0590000;0.9499980;0.9500000;
16.0600000;0.9499980;0.9500000;
16.0610000;0.9499980;0.9500000;
16.0620000;0.9499980;0.9500000;
16.0630000;0.9499980;0.9500000;
16.0640000;0.9499980;0.9500000;
16.0650000;0.9499980;0.9500000;
16.0660000;0.9499980;0.9500000;
16.0670000;0.9499980;0.9500000;
16.0680000;0.9499980;0.9500000;
16.0690000;0.9499980;0.9500000;
16.0700000;0.9499980;0.9500000;
16.0710000;0.9499980;0.9500000;
16.0720000;0.9499980;0.9500000;
16.0730000;0.9499980;0.9500000;
16.0740000;0.9499980;0.9500000;
16.0750000;0.9499980;0.9500000;
16.0760000;0.9499980;0.9500000;
16.0770000;0.9499980;0.9500000;
16.0780000;0.9499980;0.9500000;
16.0790000;0.9499980;0.9500000;
16.0800000;0.9499980;0.9500000;
16.0810000;0.9499980;0.9500000;
16.0820000;0.9499980;0.9500000;
16.0830000;0.9499980;0.9500000;
16.0840000;0.9499980;0.9500000;
16.0850000;0.9499980;0.9500000;
16.0860000;0.9499980;0.9500000;
16.0870000;0.9499980;0.9500000;
16.0880000;0.9499980;0.9500000;
16.0890000;0.9499980;0.9500000;
16.0900000;0.9499980;0.9500000;
16.0910000;0.9499980;0.9500000;
16.0920000;0.9499980;0.9500000;
16.0930000;0.9499980;0.9500000;
16.0940000;0.9499980;0.9500000;
16.0950000;0.9499980;0.9500000;
16.0960000;0.9499980;0.9500000;
16.0970000;0.9499980;0.9500000;
16.0980000;0.9499980;0.9500000;
16.0990000;0.9499980;0.9500000;
16.1000000;0.9499980;0.9500000;
16.1010000;0.9499980;0.9500000;
16.1020000;0.9499980;0.9500000;
16.1030000;0.9499980;0.9500000;
16.1040000;0.9499980;0.9500000;
16.1050000;0.9499980;0.9500000;
16.1060000;0.9499980;0.9500000;
16.1070000;0.9499980;0.9500000;
16.1080000;0.9499980;0.9500000;
16.1090000;0.9499980;0.9500000;
16.1100000;0.9499980;0.9500000;
16.1110000;0.9499980;0.9500000;
16.1120000;0.9499980;0.9500000;
16.1130000;0.9499980;0.9500000;
16.1140000;0.9499980;0.9500000;
16.1150000;0.9499980;0.9500000;
16.1160000;0.9499980;0.9500000;
16.1170000;0.9499980;0.9500000;
16.1180000;0.9499980;0.9500000;
16.1190000;0.9499980;0.9500000;
16.1200000;0.9499980;0.9500000;
16.1210000;0.9499980;0.9500000;
16.1220000;0.9499980;0.9500000;
16.1230000;0.9499980;0.9500000;
16.1240000;0.9499980;0.9500000;
16.1250000;0.9499980;0.9500000;
16.1260000;0.9499980;0.9500000;
16.1270000;0.9499980;0.9500000;
16.1280000;0.9499980;0.9500000;
16.1290000;0.9499980;0.9500000;
16.1300000;0.9499980;0.9500000;
16.1310000;0.9499980;0.9500000;
16.1320000;0.9499980;0.9500000;
16.1330000;0.9499980;0.9500000;
16.1340000;0.9499980;0.9500000;
16.1350000;0.9499980;0.9500000;
16.1360000;0.9499980;0.9500000;
16.1370000;0.9499980;0.9500000;
16.1380000;0.9499980;0.9500000;
16.1390000;0.9499980;0.9500000;
16.1400000;0.9499980;0.9500000;
16.1410000;0.9499980;0.9500000;
16.1420000;0.9499980;0.9500000;
16.1430000;0.9499980;0.9500000;
16.1440000;0.9499980;0.9500000;
16.1450000;0.9499980;0.9500000;
16.1460000;0.9499980;0.9500000;
16.1470000;0.9499980;0.9500000;
16.1480000;0.9499980;0.9500000;
16.1490000;0.9499980;0.9500000;
16.1500000;0.9499980;0.9500000;
16.1510000;0.9499980;0.9500000;
16.1520000;0.9499980;0.9500000;
16.1530000;0.9499980;0.9500000;
16.1540000;0.9499980;0.9500000;
16.1550000;0.9499980;0.9500000;
16.1560000;0.9499980;0.9500000;
16.1570000;0.9499980;0.9500000;
16.1580000;0.9499980;0.9500000;
16.1590000;0.9499980;0.9500000;
16.1600000;0.9499980;0.9500000;
16.1610000;0.9499980;0.9500000;
16.1620000;0.9499980;0.9500000;
16.1630000;0.9499980;0.9500000;
16.1640000;0.9499980;0.9500000;
16.1650000;0.9499980;0.9500000;
16.1660000;0.9499980;0.9500000;
16.1670000;0.9499980;0.9500000;
16.1680000;0.9499980;0.9500000;
16.1690000;0.9499980;0.9500000;
16.1700000;0.9499980;0.9500000;
16.1710000;0.9499980;0.9500000;
16.1720000;0.9499980;0.9500000;
16.1730000;0.9499980;0.9500000;
16.1740000;0.9499980;0.9500000;
16.1750000;0.9499980;0.9500000;
16.1760000;0.9499980;0.9500000;
16.1770000;0.9499980;0.9500000;
16.1780000;0.9499980;0.9500000;
16.1790000;0.9499980;0.9500000;
16.1800000;0.9499980;0.9500000;
16.1810000;0.9499980;0.9500000;
16.1820000;0.9499980;0.9500000;
16.1830000;0.9499980;0.9500000;
16.1840000;0.9499980;0.9500000;
16.1850000;0.9499980;0.9500000;
16.1860000;0.9499980;0.9500000;
16.1870000;0.9499980;0.9500000;
16.1880000;0.9499980;0.9500000;
16.1890000;0.9499980;0.9500000;
16.1900000;0.9499980;0.9500000;
16.1910000;0.9499980;0.9500000;
16.1920000;0.9499980;0.9500000;
16.1930000;0.9499980;0.9500000;
16.1940000;0.9499980;0.9500000;
16.1950000;0.9499980;0.9500000;
16.1960000;0.9499980;0.9500000;
16.1970000;0.9499980;0.9500000;
16.1980000;0.9499980;0.9500000;
16.1990000;0.9499980;0.9500000;
16.2000000;0.9499980;0.9500000;
16.2010000;0.9499980;0.9500000;
16.2020000;0.9499980;0.9500000;
16.2030000;0.9499980;0.9500000;
16.2040000;0.9499980;0.9500000;
16.2050000;0.9499980;0.9500000;
16.2060000;0.9499980;0.9500000;
16.2070000;0.9499980;0.9500000;
16.2080000;0.9499980;0.9500000;
16.2090000;0.9499980;0.9500000;
16.2100000;0.9499980;0.9500000;
16.2110000;0.9499980;0.9500000;
16.2120000;0.9499980;0.9500000;
16.2130000;0.9499980;0.9500000;
16.2140000;0.9499980;0.9500000;
16.2150000;0.9499980;0.9500000;
16.2160000;0.9499980;0.9500000;
16.2170000;0.9499980;0.9500000;
16.2180000;0.9499980;0.9500000;
16.2190000;0.9499980;0.9500000;
16.2200000;0.9499980;0.9500000;
16.2210000;0.9499980;0.9500000;
16.2220000;0.9499980;0.9500000;
16.2230000;0.9499980;0.9500000;
16.2240000;0.9499980;0.9500000;
16.2250000;0.9499980;0.9500000;
16.2260000;0.9499980;0.9500000;
16.2270000;0.9499980;0.9500000;
16.2280000;0.9499980;0.9500000;
16.2290000;0.9499980;0.9500000;
16.2300000;0.9499980;0.9500000;
16.2310000;0.9499980;0.9500000;
16.2320000;0.9499980;0.9500000;
16.2330000;0.9499980;0.9500000;
16.2340000;0.9499980;0.9500000;
16.2350000;0.9499980;0.9500000;
16.2360000;0.9499980;0.9500000;
16.2370000;0.9499980;0.9500000;
16.2380000;0.9499980;0.9500000;
16.2390000;0.9499980;0.9500000;
16.2400000;0.9499980;0.9500000;
16.2410000;0.9499980;0.9500000;
16.2420000;0.9499980;0.9500000;
16.2430000;0.9499980;0.9500000;
16.2440000;0.9499980;0.9500000;
16.2450000;0.9499980;0.9500000;
16.2460000;0.9499980;0.9500000;
16.2470000;0.9499980;0.9500000;
16.2480000;0.9499980;0.9500000;
16.2490000;0.9499980;0.9500000;
16.2500000;0.9499980;0.9500000;
16.2510000;0.9499980;0.9500000;
16.2520000;0.9499980;0.9500000;
16.2530000;0.9499980;0.9500000;
16.2540000;0.9499980;0.9500000;
16.2550000;0.9499980;0.9500000;
16.2560000;0.9499980;0.9500000;
16.2570000;0.9499980;0.9500000;
16.2580000;0.9499980;0.9500000;
16.2590000;0.9499980;0.9500000;
16.2600000;0.9499980;0.9500000;
16.2610000;0.9499980;0.9500000;
16.2620000;0.9499980;0.9500000;
16.2630000;0.9499980;0.9500000;
16.2640000;0.9499980;0.9500000;
16.2650000;0.9499980;0.9500000;
16.2660000;0.9499980;0.9500000;
16.2670000;0.9499980;0.9500000;
16.2680000;0.9499980;0.9500000;
16.2690000;0.9499980;0.9500000;
16.2700000;0.9499980;0.9500000;
16.2710000;0.9499980;0.9500000;
16.2720000;0.9499980;0.9500000;
16.2730000;0.9499980;0.9500000;
16.2740000;0.9499980;0.9500000;
16.2750000;0.9499980;0.9500000;
16.2760000;0.9499980;0.9500000;
16.2770000;0.9499980;0.9500000;
16.2780000;0.9499980;0.9500000;
16.2790000;0.9499980;0.9500000;
16.2800000;0.9499980;0.9500000;
16.2810000;0.9499980;0.9500000;
16.2820000;0.9499980;0.9500000;
16.2830000;0.9499980;0.9500000;
16.2840000;0.9499980;0.9500000;
16.2850000;0.9499980;0.9500000;
16.2860000;0.9499980;0.9500000;
16.2870000;0.9499980;0.9500000;
16.2880000;0.9499980;0.9500000;
16.2890000;0.9499980;0.9500000;
16.2900000;0.9499980;0.9500000;
16.2910000;0.9499980;0.9500000;
16.2920000;0.9499980;0.9500000;
16.2930000;0.9499980;0.9500000;
16.2940000;0.9499980;0.9500000;
16.2950000;0.9499980;0.9500000;
16.2960000;0.9499980;0.9500000;
16.2970000;0.9499980;0.9500000;
16.2980000;0.9499980;0.9500000;
16.2990000;0.9499980;0.9500000;
16.3000000;0.9499980;0.9500000;
16.3010000;0.9499980;0.9500000;
16.3020000;0.9499980;0.9500000;
16.3030000;0.9499980;0.9500000;
16.3040000;0.9499980;0.9500000;
16.3050000;0.9499980;0.9500000;
16.3060000;0.9499980;0.9500000;
16.3070000;0.9499980;0.9500000;
16.3080000;0.9499980;0.9500000;
16.3090000;0.9499980;0.9500000;
16.3100000;0.9499980;0.9500000;
16.3110000;0.9499980;0.9500000;
16.3120000;0.9499980;0.9500000;
16.3130000;0.9499980;0.9500000;
16.3140000;0.9499980;0.9500000;
16.3150000;0.9499980;0.9500000;
16.3160000;0.9499980;0.9500000;
16.3170000;0.9499980;0.9500000;
16.3180000;0.9499980;0.9500000;
16.3190000;0.9499980;0.9500000;
16.3200000;0.9499980;0.9500000;
16.3210000;0.9499980;0.9500000;
16.3220000;0.9499980;0.9500000;
16.3230000;0.9499980;0.9500000;
16.3240000;0.9499980;0.9500000;
16.3250000;0.9499980;0.9500000;
16.3260000;0.9499980;0.9500000;
16.3270000;0.9499980;0.9500000;
16.3280000;0.9499980;0.9500000;
16.3290000;0.9499980;0.9500000;
16.3300000;0.9499980;0.9500000;
16.3310000;0.9499980;0.9500000;
16.3320000;0.9499980;0.9500000;
16.3330000;0.9499980;0.9500000;
16.3340000;0.9499980;0.9500000;
16.3350000;0.9499980;0.9500000;
16.3360000;0.9499980;0.9500000;
16.3370000;0.9499980;0.9500000;
16.3380000;0.9499980;0.9500000;
16.3390000;0.9499980;0.9500000;
16.3400000;0.9499980;0.9500000;
16.3410000;0.9499980;0.9500000;
16.3420000;0.9499980;0.9500000;
16.3430000;0.9499980;0.9500000;
16.3440000;0.9499980;0.9500000;
16.3450000;0.9499980;0.9500000;
16.3460000;0.9499980;0.9500000;
16.3470000;0.9499980;0.9500000;
16.3480000;0.9499980;0.9500000;
16.3490000;0.9499980;0.9500000;
16.3500000;0.9499980;0.9500000;
16.3510000;0.9499980;0.9500000;
16.3520000;0.9499980;0.9500000;
16.3530000;0.9499980;0.9500000;
16.3540000;0.9499980;0.9500000;
16.3550000;0.9499980;0.9500000;
16.3560000;0.9499980;0.9500000;
16.3570000;0.9499980;0.9500000;
16.3580000;0.9499980;0.9500000;
16.3590000;0.9499980;0.9500000;
16.3600000;0.9499980;0.9500000;
16.3610000;0.9499980;0.9500000;
16.3620000;0.9499980;0.9500000;
16.3630000;0.9499980;0.9500000;
16.3640000;0.9499980;0.9500000;
16.3650000;0.9499980;0.9500000;
16.3660000;0.9499980;0.9500000;
16.3670000;0.9499980;0.9500000;
16.3680000;0.9499980;0.9500000;
16.3690000;0.9499980;0.9500000;
16.3700000;0.9499980;0.9500000;
16.3710000;0.9499980;0.9500000;
16.3720000;0.9499980;0.9500000;
16.3730000;0.9499980;0.9500000;
16.3740000;0.9499980;0.9500000;
16.3750000;0.9499980;0.9500000;
16.3760000;0.9499980;0.9500000;
16.3770000;0.9499980;0.9500000;
16.3780000;0.9499980;0.9500000;
16.3790000;0.9499980;0.9500000;
16.3800000;0.9499980;0.9500000;
16.3810000;0.9499980;0.9500000;
16.3820000;0.9499980;0.9500000;
16.3830000;0.9499980;0.9500000;
16.3840000;0.9499980;0.9500000;
16.3850000;0.9499980;0.9500000;
16.3860000;0.9499980;0.9500000;
16.3870000;0.9499980;0.9500000;
16.3880000;0.9499980;0.9500000;
16.3890000;0.9499980;0.9500000;
16.3900000;0.9499980;0.9500000;
16.3910000;0.9499980;0.9500000;
16.3920000;0.9499980;0.9500000;
16.3930000;0.9499980;0.9500000;
16.3940000;0.9499980;0.9500000;
16.3950000;0.9499980;0.9500000;
16.3960000;0.9499980;0.9500000;
16.3970000;0.9499980;0.9500000;
16.3980000;0.9499980;0.9500000;
16.3990000;0.9499980;0.9500000;
16.4000000;0.9499980;0.9500000;
16.4010000;0.9499980;0.9500000;
16.4020000;0.9499980;0.9500000;
16.4030000;0.9499980;0.9500000;
16.4040000;0.9499980;0.9500000;
16.4050000;0.9499980;0.9500000;
16.4060000;0.9499980;0.9500000;
16.4070000;0.9499980;0.9500000;
16.4080000;0.9499980;0.9500000;
16.4090000;0.9499980;0.9500000;
16.4100000;0.9499980;0.9500000;
16.4110000;0.9499980;0.9500000;
16.4120000;0.9499980;0.9500000;
16.4130000;0.9499980;0.9500000;
16.4140000;0.9499980;0.9500000;
16.4150000;0.9499980;0.9500000;
16.4160000;0.9499980;0.9500000;
16.4170000;0.9499980;0.9500000;
16.4180000;0.9499980;0.9500000;
16.4190000;0.9499980;0.9500000;
16.4200000;0.9499980;0.9500000;
16.4210000;0.9499980;0.9500000;
16.4220000;0.9499980;0.9500000;
16.4230000;0.9499980;0.9500000;
16.4240000;0.9499980;0.9500000;
16.4250000;0.9499980;0.9500000;
16.4260000;0.9499980;0.9500000;
16.4270000;0.9499980;0.9500000;
16.4280000;0.9499980;0.9500000;
16.4290000;0.9499980;0.9500000;
16.4300000;0.9499980;0.9500000;
16.4310000;0.9499980;0.9500000;
16.4320000;0.9499980;0.9500000;
16.4330000;0.9499980;0.9500000;
16.4340000;0.9499980;0.9500000;
16.4350000;0.9499980;0.9500000;
16.4360000;0.9499980;0.9500000;
16.4370000;0.9499980;0.9500000;
16.4380000;0.9499980;0.9500000;
16.4390000;0.9499980;0.9500000;
16.4400000;0.9499980;0.9500000;
16.4410000;0.9499980;0.9500000;
16.4420000;0.9499980;0.9500000;
16.4430000;0.9499980;0.9500000;
16.4440000;0.9499980;0.9500000;
16.4450000;0.9499980;0.9500000;
16.4460000;0.9499980;0.9500000;
16.4470000;0.9499980;0.9500000;
16.4480000;0.9499980;0.9500000;
16.4490000;0.9499980;0.9500000;
16.4500000;0.9499980;0.9500000;
16.4510000;0.9499980;0.9500000;
16.4520000;0.9499980;0.9500000;
16.4530000;0.9499980;0.9500000;
16.4540000;0.9499980;0.9500000;
16.4550000;0.9499980;0.9500000;
16.4560000;0.9499980;0.9500000;
16.4570000;0.9499980;0.9500000;
16.4580000;0.9499980;0.9500000;
16.4590000;0.9499980;0.9500000;
16.4600000;0.9499980;0.9500000;
16.4610000;0.9499980;0.9500000;
16.4620000;0.9499980;0.9500000;
16.4630000;0.9499980;0.9500000;
16.4640000;0.9499980;0.9500000;
16.4650000;0.9499980;0.9500000;
16.4660000;0.9499980;0.9500000;
16.4670000;0.9499980;0.9500000;
16.4680000;0.9499980;0.9500000;
16.4690000;0.9499980;0.9500000;
16.4700000;0.9499980;0.9500000;
16.4710000;0.9499980;0.9500000;
16.4720000;0.9499980;0.9500000;
16.4730000;0.9499980;0.9500000;
16.4740000;0.9499980;0.9500000;
16.4750000;0.9499980;0.9500000;
16.4760000;0.9499980;0.9500000;
16.4770000;0.9499980;0.9500000;
16.4780000;0.9499980;0.9500000;
16.4790000;0.9499980;0.9500000;
16.4800000;0.9499980;0.9500000;
16.4810000;0.9499980;0.9500000;
16.4820000;0.9499980;0.9500000;
16.4830000;0.9499980;0.9500000;
16.4840000;0.9499980;0.9500000;
16.4850000;0.9499980;0.9500000;
16.4860000;0.9499980;0.9500000;
16.4870000;0.9499980;0.9500000;
16.4880000;0.9499980;0.9500000;
16.4890000;0.9499980;0.9500000;
16.4900000;0.9499980;0.9500000;
16.4910000;0.9499980;0.9500000;
16.4920000;0.9499980;0.9500000;
16.4930000;0.9499980;0.9500000;
16.4940000;0.9499980;0.9500000;
16.4950000;0.9499980;0.9500000;
16.4960000;0.9499980;0.9500000;
16.4970000;0.9499980;0.9500000;
16.4980000;0.9499980;0.9500000;
16.4990000;0.9499980;0.9500000;
16.5000000;0.9499980;0.9500000;
16.5010000;0.9499980;0.9500000;
16.5020000;0.9499980;0.9500000;
16.5030000;0.9499980;0.9500000;
16.5040000;0.9499980;0.9500000;
16.5050000;0.9499980;0.9500000;
16.5060000;0.9499980;0.9500000;
16.5070000;0.9499980;0.9500000;
16.5080000;0.9499980;0.9500000;
16.5090000;0.9499980;0.9500000;
16.5100000;0.9499980;0.9500000;
16.5110000;0.9499980;0.9500000;
16.5120000;0.9499980;0.9500000;
16.5130000;0.9499980;0.9500000;
16.5140000;0.9499980;0.9500000;
16.5150000;0.9499980;0.9500000;
16.5160000;0.9499980;0.9500000;
16.5170000;0.9499980;0.9500000;
16.5180000;0.9499980;0.9500000;
16.5190000;0.9499980;0.9500000;
16.5200000;0.9499980;0.9500000;
16.5210000;0.9499980;0.9500000;
16.5220000;0.9499980;0.9500000;
16.5230000;0.9499980;0.9500000;
16.5240000;0.9499980;0.9500000;
16.5250000;0.9499980;0.9500000;
16.5260000;0.9499980;0.9500000;
16.5270000;0.9499980;0.9500000;
16.5280000;0.9499980;0.9500000;
16.5290000;0.9499980;0.9500000;
16.5300000;0.9499980;0.9500000;
16.5310000;0.9499980;0.9500000;
16.5320000;0.9499980;0.9500000;
16.5330000;0.9499980;0.9500000;
16.5340000;0.9499980;0.9500000;
16.5350000;0.9499980;0.9500000;
16.5360000;0.9499980;0.9500000;
16.5370000;0.9499980;0.9500000;
16.5380000;0.9499980;0.9500000;
16.5390000;0.9499980;0.9500000;
16.5400000;0.9499980;0.9500000;
16.5410000;0.9499980;0.9500000;
16.5420000;0.9499980;0.9500000;
16.5430000;0.9499980;0.9500000;
16.5440000;0.9499980;0.9500000;
16.5450000;0.9499980;0.9500000;
16.5460000;0.9499980;0.9500000;
16.5470000;0.9499980;0.9500000;
16.5480000;0.9499980;0.9500000;
16.5490000;0.9499980;0.9500000;
16.5500000;0.9499980;0.9500000;
16.5510000;0.9499980;0.9500000;
16.5520000;0.9499980;0.9500000;
16.5530000;0.9499980;0.9500000;
16.5540000;0.9499980;0.9500000;
16.5550000;0.9499980;0.9500000;
16.5560000;0.9499980;0.9500000;
16.5570000;0.9499980;0.9500000;
16.5580000;0.9499980;0.9500000;
16.5590000;0.9499980;0.9500000;
16.5600000;0.9499980;0.9500000;
16.5610000;0.9499980;0.9500000;
16.5620000;0.9499980;0.9500000;
16.5630000;0.9499980;0.9500000;
16.5640000;0.9499980;0.9500000;
16.5650000;0.9499980;0.9500000;
16.5660000;0.9499980;0.9500000;
16.5670000;0.9499980;0.9500000;
16.5680000;0.9499980;0.9500000;
16.5690000;0.9499980;0.9500000;
16.5700000;0.9499980;0.9500000;
16.5710000;0.9499980;0.9500000;
16.5720000;0.9499980;0.9500000;
16.5730000;0.9499980;0.9500000;
16.5740000;0.9499980;0.9500000;
16.5750000;0.9499980;0.9500000;
16.5760000;0.9499980;0.9500000;
16.5770000;0.9499980;0.9500000;
16.5780000;0.9499980;0.9500000;
16.5790000;0.9499980;0.9500000;
16.5800000;0.9499980;0.9500000;
16.5810000;0.9499980;0.9500000;
16.5820000;0.9499980;0.9500000;
16.5830000;0.9499980;0.9500000;
16.5840000;0.9499980;0.9500000;
16.5850000;0.9499980;0.9500000;
16.5860000;0.9499980;0.9500000;
16.5870000;0.9499980;0.9500000;
16.5880000;0.9499980;0.9500000;
16.5890000;0.9499980;0.9500000;
16.5900000;0.9499980;0.9500000;
16.5910000;0.9499980;0.9500000;
16.5920000;0.9499980;0.9500000;
16.5930000;0.9499980;0.9500000;
16.5940000;0.9499980;0.9500000;
16.5950000;0.9499980;0.9500000;
16.5960000;0.9499980;0.9500000;
16.5970000;0.9499980;0.9500000;
16.5980000;0.9499980;0.9500000;
16.5990000;0.9499980;0.9500000;
16.6000000;0.9499980;0.9500000;
16.6010000;0.9499980;0.9500000;
16.6020000;0.9499980;0.9500000;
16.6030000;0.9499980;0.9500000;
16.6040000;0.9499980;0.9500000;
16.6050000;0.9499980;0.9500000;
16.6060000;0.9499980;0.9500000;
16.6070000;0.9499980;0.9500000;
16.6080000;0.9499980;0.9500000;
16.6090000;0.9499980;0.9500000;
16.6100000;0.9499980;0.9500000;
16.6110000;0.9499980;0.9500000;
16.6120000;0.9499980;0.9500000;
16.6130000;0.9499980;0.9500000;
16.6140000;0.9499980;0.9500000;
16.6150000;0.9499980;0.9500000;
16.6160000;0.9499980;0.9500000;
16.6170000;0.9499980;0.9500000;
16.6180000;0.9499980;0.9500000;
16.6190000;0.9499980;0.9500000;
16.6200000;0.9499980;0.9500000;
16.6210000;0.9499980;0.9500000;
16.6220000;0.9499980;0.9500000;
16.6230000;0.9499980;0.9500000;
16.6240000;0.9499980;0.9500000;
16.6250000;0.9499980;0.9500000;
16.6260000;0.9499980;0.9500000;
16.6270000;0.9499980;0.9500000;
16.6280000;0.9499980;0.9500000;
16.6290000;0.9499980;0.9500000;
16.6300000;0.9499980;0.9500000;
16.6310000;0.9499980;0.9500000;
16.6320000;0.9499980;0.9500000;
16.6330000;0.9499980;0.9500000;
16.6340000;0.9499980;0.9500000;
16.6350000;0.9499980;0.9500000;
16.6360000;0.9499980;0.9500000;
16.6370000;0.9499980;0.9500000;
16.6380000;0.9499980;0.9500000;
16.6390000;0.9499980;0.9500000;
16.6400000;0.9499980;0.9500000;
16.6410000;0.9499980;0.9500000;
16.6420000;0.9499980;0.9500000;
16.6430000;0.9499980;0.9500000;
16.6440000;0.9499980;0.9500000;
16.6450000;0.9499980;0.9500000;
16.6460000;0.9499980;0.9500000;
16.6470000;0.9499980;0.9500000;
16.6480000;0.9499980;0.9500000;
16.6490000;0.9499980;0.9500000;
16.6500000;0.9499980;0.9500000;
16.6510000;0.9499980;0.9500000;
16.6520000;0.9499980;0.9500000;
16.6530000;0.9499980;0.9500000;
16.6540000;0.9499980;0.9500000;
16.6550000;0.9499980;0.9500000;
16.6560000;0.9499980;0.9500000;
16.6570000;0.9499980;0.9500000;
16.6580000;0.9499980;0.9500000;
16.6590000;0.9499980;0.9500000;
16.6600000;0.9499980;0.9500000;
16.6610000;0.9499980;0.9500000;
16.6620000;0.9499980;0.9500000;
16.6630000;0.9499980;0.9500000;
16.6640000;0.9499980;0.9500000;
16.6650000;0.9499980;0.9500000;
16.6660000;0.9499980;0.9500000;
16.6670000;0.9499980;0.9500000;
16.6680000;0.9499980;0.9500000;
16.6690000;0.9499980;0.9500000;
16.6700000;0.9499980;0.9500000;
16.6710000;0.9499980;0.9500000;
16.6720000;0.9499980;0.9500000;
16.6730000;0.9499980;0.9500000;
16.6740000;0.9499980;0.9500000;
16.6750000;0.9499980;0.9500000;
16.6760000;0.9499980;0.9500000;
16.6770000;0.9499980;0.9500000;
16.6780000;0.9499980;0.9500000;
16.6790000;0.9499980;0.9500000;
16.6800000;0.9499980;0.9500000;
16.6810000;0.9499980;0.9500000;
16.6820000;0.9499980;0.9500000;
16.6830000;0.9499980;0.9500000;
16.6840000;0.9499980;0.9500000;
16.6850000;0.9499980;0.9500000;
16.6860000;0.9499980;0.9500000;
16.6870000;0.9499980;0.9500000;
16.6880000;0.9499980;0.9500000;
16.6890000;0.9499980;0.9500000;
16.6900000;0.9499980;0.9500000;
16.6910000;0.9499980;0.9500000;
16.6920000;0.9499980;0.9500000;
16.6930000;0.9499980;0.9500000;
16.6940000;0.9499980;0.9500000;
16.6950000;0.9499980;0.9500000;
16.6960000;0.9499980;0.9500000;
16.6970000;0.9499980;0.9500000;
16.6980000;0.9499980;0.9500000;
16.6990000;0.9499980;0.9500000;
16.7000000;0.9499980;0.9500000;
16.7010000;0.9499980;0.9500000;
16.7020000;0.9499980;0.9500000;
16.7030000;0.9499980;0.9500000;
16.7040000;0.9499980;0.9500000;
16.7050000;0.9499980;0.9500000;
16.7060000;0.9499980;0.9500000;
16.7070000;0.9499980;0.9500000;
16.7080000;0.9499980;0.9500000;
16.7090000;0.9499980;0.9500000;
16.7100000;0.9499980;0.9500000;
16.7110000;0.9499980;0.9500000;
16.7120000;0.9499980;0.9500000;
16.7130000;0.9499980;0.9500000;
16.7140000;0.9499980;0.9500000;
16.7150000;0.9499980;0.9500000;
16.7160000;0.9499980;0.9500000;
16.7170000;0.9499980;0.9500000;
16.7180000;0.9499980;0.9500000;
16.7190000;0.9499980;0.9500000;
16.7200000;0.9499980;0.9500000;
16.7210000;0.9499980;0.9500000;
16.7220000;0.9499980;0.9500000;
16.7230000;0.9499980;0.9500000;
16.7240000;0.9499980;0.9500000;
16.7250000;0.9499980;0.9500000;
16.7260000;0.9499980;0.9500000;
16.7270000;0.9499980;0.9500000;
16.7280000;0.9499980;0.9500000;
16.7290000;0.9499980;0.9500000;
16.7300000;0.9499980;0.9500000;
16.7310000;0.9499980;0.9500000;
16.7320000;0.9499980;0.9500000;
16.7330000;0.9499980;0.9500000;
16.7340000;0.9499980;0.9500000;
16.7350000;0.9499980;0.9500000;
16.7360000;0.9499980;0.9500000;
16.7370000;0.9499980;0.9500000;
16.7380000;0.9499980;0.9500000;
16.7390000;0.9499980;0.9500000;
16.7400000;0.9499980;0.9500000;
16.7410000;0.9499980;0.9500000;
16.7420000;0.9499980;0.9500000;
16.7430000;0.9499980;0.9500000;
16.7440000;0.9499980;0.9500000;
16.7450000;0.9499980;0.9500000;
16.7460000;0.9499980;0.9500000;
16.7470000;0.9499980;0.9500000;
16.7480000;0.9499980;0.9500000;
16.7490000;0.9499980;0.9500000;
16.7500000;0.9499980;0.9500000;
16.7510000;0.9499980;0.9500000;
16.7520000;0.9499980;0.9500000;
16.7530000;0.9499980;0.9500000;
16.7540000;0.9499980;0.9500000;
16.7550000;0.9499980;0.9500000;
16.7560000;0.9499980;0.9500000;
16.7570000;0.9499980;0.9500000;
16.7580000;0.9499980;0.9500000;
16.7590000;0.9499980;0.9500000;
16.7600000;0.9499980;0.9500000;
16.7610000;0.9499980;0.9500000;
16.7620000;0.9499980;0.9500000;
16.7630000;0.9499980;0.9500000;
16.7640000;0.9499980;0.9500000;
16.7650000;0.9499980;0.9500000;
16.7660000;0.9499980;0.9500000;
16.7670000;0.9499980;0.9500000;
16.7680000;0.9499980;0.9500000;
16.7690000;0.9499980;0.9500000;
16.7700000;0.9499980;0.9500000;
16.7710000;0.9499980;0.9500000;
16.7720000;0.9499980;0.9500000;
16.7730000;0.9499980;0.9500000;
16.7740000;0.9499980;0.9500000;
16.7750000;0.9499980;0.9500000;
16.7760000;0.9499980;0.9500000;
16.7770000;0.9499980;0.9500000;
16.7780000;0.9499980;0.9500000;
16.7790000;0.9499980;0.9500000;
16.7800000;0.9499980;0.9500000;
16.7810000;0.9499980;0.9500000;
16.7820000;0.9499980;0.9500000;
16.7830000;0.9499980;0.9500000;
16.7840000;0.9499980;0.9500000;
16.7850000;0.9499980;0.9500000;
16.7860000;0.9499980;0.9500000;
16.7870000;0.9499980;0.9500000;
16.7880000;0.9499980;0.9500000;
16.7890000;0.9499980;0.9500000;
16.7900000;0.9499980;0.9500000;
16.7910000;0.9499980;0.9500000;
16.7920000;0.9499980;0.9500000;
16.7930000;0.9499980;0.9500000;
16.7940000;0.9499980;0.9500000;
16.7950000;0.9499980;0.9500000;
16.7960000;0.9499980;0.9500000;
16.7970000;0.9499980;0.9500000;
16.7980000;0.9499980;0.9500000;
16.7990000;0.9499980;0.9500000;
16.8000000;0.9499980;0.9500000;
16.8010000;0.9499980;0.9500000;
16.8020000;0.9499980;0.9500000;
16.8030000;0.9499980;0.9500000;
16.8040000;0.9499980;0.9500000;
16.8050000;0.9499980;0.9500000;
16.8060000;0.9499980;0.9500000;
16.8070000;0.9499980;0.9500000;
16.8080000;0.9499980;0.9500000;
16.8090000;0.9499980;0.9500000;
16.8100000;0.9499980;0.9500000;
16.8110000;0.9499980;0.9500000;
16.8120000;0.9499980;0.9500000;
16.8130000;0.9499980;0.9500000;
16.8140000;0.9499980;0.9500000;
16.8150000;0.9499980;0.9500000;
16.8160000;0.9499980;0.9500000;
16.8170000;0.9499980;0.9500000;
16.8180000;0.9499980;0.9500000;
16.8190000;0.9499980;0.9500000;
16.8200000;0.9499980;0.9500000;
16.8210000;0.9499980;0.9500000;
16.8220000;0.9499980;0.9500000;
16.8230000;0.9499980;0.9500000;
16.8240000;0.9499980;0.9500000;
16.8250000;0.9499980;0.9500000;
16.8260000;0.9499980;0.9500000;
16.8270000;0.9499980;0.9500000;
16.8280000;0.9499980;0.9500000;
16.8290000;0.9499980;0.9500000;
16.8300000;0.9499980;0.9500000;
16.8310000;0.9499980;0.9500000;
16.8320000;0.9499980;0.9500000;
16.8330000;0.9499980;0.9500000;
16.8340000;0.9499980;0.9500000;
16.8350000;0.9499980;0.9500000;
16.8360000;0.9499980;0.9500000;
16.8370000;0.9499980;0.9500000;
16.8380000;0.9499980;0.9500000;
16.8390000;0.9499980;0.9500000;
16.8400000;0.9499980;0.9500000;
16.8410000;0.9499980;0.9500000;
16.8420000;0.9499980;0.9500000;
16.8430000;0.9499980;0.9500000;
16.8440000;0.9499980;0.9500000;
16.8450000;0.9499980;0.9500000;
16.8460000;0.9499980;0.9500000;
16.8470000;0.9499980;0.9500000;
16.8480000;0.9499980;0.9500000;
16.8490000;0.9499980;0.9500000;
16.8500000;0.9499980;0.9500000;
16.8510000;0.9499980;0.9500000;
16.8520000;0.9499980;0.9500000;
16.8530000;0.9499980;0.9500000;
16.8540000;0.9499980;0.9500000;
16.8550000;0.9499980;0.9500000;
16.8560000;0.9499980;0.9500000;
16.8570000;0.9499980;0.9500000;
16.8580000;0.9499980;0.9500000;
16.8590000;0.9499980;0.9500000;
16.8600000;0.9499980;0.9500000;
16.8610000;0.9499980;0.9500000;
16.8620000;0.9499980;0.9500000;
16.8630000;0.9499980;0.9500000;
16.8640000;0.9499980;0.9500000;
16.8650000;0.9499980;0.9500000;
16.8660000;0.9499980;0.9500000;
16.8670000;0.9499980;0.9500000;
16.8680000;0.9499980;0.9500000;
16.8690000;0.9499980;0.9500000;
16.8700000;0.9499980;0.9500000;
16.8710000;0.9499980;0.9500000;
16.8720000;0.9499980;0.9500000;
16.8730000;0.9499980;0.9500000;
16.8740000;0.9499980;0.9500000;
16.8750000;0.9499980;0.9500000;
16.8760000;0.9499980;0.9500000;
16.8770000;0.9499980;0.9500000;
16.8780000;0.9499980;0.9500000;
16.8790000;0.9499980;0.9500000;
16.8800000;0.9499980;0.9500000;
16.8810000;0.9499980;0.9500000;
16.8820000;0.9499980;0.9500000;
16.8830000;0.9499980;0.9500000;
16.8840000;0.9499980;0.9500000;
16.8850000;0.9499980;0.9500000;
16.8860000;0.9499980;0.9500000;
16.8870000;0.9499980;0.9500000;
16.8880000;0.9499980;0.9500000;
16.8890000;0.9499980;0.9500000;
16.8900000;0.9499980;0.9500000;
16.8910000;0.9499980;0.9500000;
16.8920000;0.9499980;0.9500000;
16.8930000;0.9499980;0.9500000;
16.8940000;0.9499980;0.9500000;
16.8950000;0.9499980;0.9500000;
16.8960000;0.9499980;0.9500000;
16.8970000;0.9499980;0.9500000;
16.8980000;0.9499980;0.9500000;
16.8990000;0.9499980;0.9500000;
16.9000000;0.9499980;0.9500000;
16.9010000;0.9499980;0.9500000;
16.9020000;0.9499980;0.9500000;
16.9030000;0.9499980;0.9500000;
16.9040000;0.9499980;0.9500000;
16.9050000;0.9499980;0.9500000;
16.9060000;0.9499980;0.9500000;
16.9070000;0.9499980;0.9500000;
16.9080000;0.9499980;0.9500000;
16.9090000;0.9499980;0.9500000;
16.9100000;0.9499980;0.9500000;
16.9110000;0.9499980;0.9500000;
16.9120000;0.9499980;0.9500000;
16.9130000;0.9499980;0.9500000;
16.9140000;0.9499980;0.9500000;
16.9150000;0.9499980;0.9500000;
16.9160000;0.9499980;0.9500000;
16.9170000;0.9499980;0.9500000;
16.9180000;0.9499980;0.9500000;
16.9190000;0.9499980;0.9500000;
16.9200000;0.9499980;0.9500000;
16.9210000;0.9499980;0.9500000;
16.9220000;0.9499980;0.9500000;
16.9230000;0.9499980;0.9500000;
16.9240000;0.9499980;0.9500000;
16.9250000;0.9499980;0.9500000;
16.9260000;0.9499980;0.9500000;
16.9270000;0.9499980;0.9500000;
16.9280000;0.9499980;0.9500000;
16.9290000;0.9499980;0.9500000;
16.9300000;0.9499980;0.9500000;
16.9310000;0.9499980;0.9500000;
16.9320000;0.9499980;0.9500000;
16.9330000;0.9499980;0.9500000;
16.9340000;0.9499980;0.9500000;
16.9350000;0.9499980;0.9500000;
16.9360000;0.9499980;0.9500000;
16.9370000;0.9499980;0.9500000;
16.9380000;0.9499980;0.9500000;
16.9390000;0.9499980;0.9500000;
16.9400000;0.9499980;0.9500000;
16.9410000;0.9499980;0.9500000;
16.9420000;0.9499980;0.9500000;
16.9430000;0.9499980;0.9500000;
16.9440000;0.9499980;0.9500000;
16.9450000;0.9499980;0.9500000;
16.9460000;0.9499980;0.9500000;
16.9470000;0.9499980;0.9500000;
16.9480000;0.9499980;0.9500000;
16.9490000;0.9499980;0.9500000;
16.9500000;0.9499980;0.9500000;
16.9510000;0.9499980;0.9500000;
16.9520000;0.9499980;0.9500000;
16.9530000;0.9499980;0.9500000;
16.9540000;0.9499980;0.9500000;
16.9550000;0.9499980;0.9500000;
16.9560000;0.9499980;0.9500000;
16.9570000;0.9499980;0.9500000;
16.9580000;0.9499980;0.9500000;
16.9590000;0.9499980;0.9500000;
16.9600000;0.9499980;0.9500000;
16.9610000;0.9499980;0.9500000;
16.9620000;0.9499980;0.9500000;
16.9630000;0.9499980;0.9500000;
16.9640000;0.9499980;0.9500000;
16.9650000;0.9499980;0.9500000;
16.9660000;0.9499980;0.9500000;
16.9670000;0.9499980;0.9500000;
16.9680000;0.9499980;0.9500000;
16.9690000;0.9499980;0.9500000;
16.9700000;0.9499980;0.9500000;
16.9710000;0.9499980;0.9500000;
16.9720000;0.9499980;0.9500000;
16.9730000;0.9499980;0.9500000;
16.9740000;0.9499980;0.9500000;
16.9750000;0.9499980;0.9500000;
16.9760000;0.9499980;0.9500000;
16.9770000;0.9499980;0.9500000;
16.9780000;0.9499980;0.9500000;
16.9790000;0.9499980;0.9500000;
16.9800000;0.9499980;0.9500000;
16.9810000;0.9499980;0.9500000;
16.9820000;0.9499980;0.9500000;
16.9830000;0.9499980;0.9500000;
16.9840000;0.9499980;0.9500000;
16.9850000;0.9499980;0.9500000;
16.9860000;0.9499980;0.9500000;
16.9870000;0.9499980;0.9500000;
16.9880000;0.9499980;0.9500000;
16.9890000;0.9499980;0.9500000;
16.9900000;0.9499980;0.9500000;
16.9910000;0.9499980;0.9500000;
16.9920000;0.9499980;0.9500000;
16.9930000;0.9499980;0.9500000;
16.9940000;0.9499980;0.9500000;
16.9950000;0.9499980;0.9500000;
16.9960000;0.9499980;0.9500000;
16.9970000;0.9499980;0.9500000;
16.9980000;0.9499980;0.9500000;
16.9990000;0.9499980;0.9500000;
17.0000000;0.9499980;0.9500000;
17.0010000;0.9499980;0.9500000;
17.0020000;0.9499980;0.9500000;
17.0030000;0.9499980;0.9500000;
17.0040000;0.9499980;0.9500000;
17.0050000;0.9499980;0.9500000;
17.0060000;0.9499980;0.9500000;
17.0070000;0.9499980;0.9500000;
17.0080000;0.9499980;0.9500000;
17.0090000;0.9499980;0.9500000;
17.0100000;0.9499980;0.9500000;
17.0110000;0.9499980;0.9500000;
17.0120000;0.9499980;0.9500000;
17.0130000;0.9499980;0.9500000;
17.0140000;0.9499980;0.9500000;
17.0150000;0.9499980;0.9500000;
17.0160000;0.9499980;0.9500000;
17.0170000;0.9499980;0.9500000;
17.0180000;0.9499980;0.9500000;
17.0190000;0.9499980;0.9500000;
17.0200000;0.9499980;0.9500000;
17.0210000;0.9499980;0.9500000;
17.0220000;0.9499980;0.9500000;
17.0230000;0.9499980;0.9500000;
17.0240000;0.9499980;0.9500000;
17.0250000;0.9499980;0.9500000;
17.0260000;0.9499980;0.9500000;
17.0270000;0.9499980;0.9500000;
17.0280000;0.9499980;0.9500000;
17.0290000;0.9499980;0.9500000;
17.0300000;0.9499980;0.9500000;
17.0310000;0.9499980;0.9500000;
17.0320000;0.9499980;0.9500000;
17.0330000;0.9499980;0.9500000;
17.0340000;0.9499980;0.9500000;
17.0350000;0.9499980;0.9500000;
17.0360000;0.9499980;0.9500000;
17.0370000;0.9499980;0.9500000;
17.0380000;0.9499980;0.9500000;
17.0390000;0.9499980;0.9500000;
17.0400000;0.9499980;0.9500000;
17.0410000;0.9499980;0.9500000;
17.0420000;0.9499980;0.9500000;
17.0430000;0.9499980;0.9500000;
17.0440000;0.9499980;0.9500000;
17.0450000;0.9499980;0.9500000;
17.0460000;0.9499980;0.9500000;
17.0470000;0.9499980;0.9500000;
17.0480000;0.9499980;0.9500000;
17.0490000;0.9499980;0.9500000;
17.0500000;0.9499980;0.9500000;
17.0510000;0.9499980;0.9500000;
17.0520000;0.9499980;0.9500000;
17.0530000;0.9499980;0.9500000;
17.0540000;0.9499980;0.9500000;
17.0550000;0.9499980;0.9500000;
17.0560000;0.9499980;0.9500000;
17.0570000;0.9499980;0.9500000;
17.0580000;0.9499980;0.9500000;
17.0590000;0.9499980;0.9500000;
17.0600000;0.9499980;0.9500000;
17.0610000;0.9499980;0.9500000;
17.0620000;0.9499980;0.9500000;
17.0630000;0.9499980;0.9500000;
17.0640000;0.9499980;0.9500000;
17.0650000;0.9499980;0.9500000;
17.0660000;0.9499980;0.9500000;
17.0670000;0.9499980;0.9500000;
17.0680000;0.9499980;0.9500000;
17.0690000;0.9499980;0.9500000;
17.0700000;0.9499980;0.9500000;
17.0710000;0.9499980;0.9500000;
17.0720000;0.9499980;0.9500000;
17.0730000;0.9499980;0.9500000;
17.0740000;0.9499980;0.9500000;
17.0750000;0.9499980;0.9500000;
17.0760000;0.9499980;0.9500000;
17.0770000;0.9499980;0.9500000;
17.0780000;0.9499980;0.9500000;
17.0790000;0.9499980;0.9500000;
17.0800000;0.9499980;0.9500000;
17.0810000;0.9499980;0.9500000;
17.0820000;0.9499980;0.9500000;
17.0830000;0.9499980;0.9500000;
17.0840000;0.9499980;0.9500000;
17.0850000;0.9499980;0.9500000;
17.0860000;0.9499980;0.9500000;
17.0870000;0.9499980;0.9500000;
17.0880000;0.9499980;0.9500000;
17.0890000;0.9499980;0.9500000;
17.0900000;0.9499980;0.9500000;
17.0910000;0.9499980;0.9500000;
17.0920000;0.9499980;0.9500000;
17.0930000;0.9499980;0.9500000;
17.0940000;0.9499980;0.9500000;
17.0950000;0.9499980;0.9500000;
17.0960000;0.9499980;0.9500000;
17.0970000;0.9499980;0.9500000;
17.0980000;0.9499980;0.9500000;
17.0990000;0.9499980;0.9500000;
17.1000000;0.9499980;0.9500000;
17.1010000;0.9499980;0.9500000;
17.1020000;0.9499980;0.9500000;
17.1030000;0.9499980;0.9500000;
17.1040000;0.9499980;0.9500000;
17.1050000;0.9499980;0.9500000;
17.1060000;0.9499980;0.9500000;
17.1070000;0.9499980;0.9500000;
17.1080000;0.9499980;0.9500000;
17.1090000;0.9499980;0.9500000;
17.1100000;0.9499980;0.9500000;
17.1110000;0.9499980;0.9500000;
17.1120000;0.9499980;0.9500000;
17.1130000;0.9499980;0.9500000;
17.1140000;0.9499980;0.9500000;
17.1150000;0.9499980;0.9500000;
17.1160000;0.9499980;0.9500000;
17.1170000;0.9499980;0.9500000;
17.1180000;0.9499980;0.9500000;
17.1190000;0.9499980;0.9500000;
17.1200000;0.9499980;0.9500000;
17.1210000;0.9499980;0.9500000;
17.1220000;0.9499980;0.9500000;
17.1230000;0.9499980;0.9500000;
17.1240000;0.9499980;0.9500000;
17.1250000;0.9499980;0.9500000;
17.1260000;0.9499980;0.9500000;
17.1270000;0.9499980;0.9500000;
17.1280000;0.9499980;0.9500000;
17.1290000;0.9499980;0.9500000;
17.1300000;0.9499980;0.9500000;
17.1310000;0.9499980;0.9500000;
17.1320000;0.9499980;0.9500000;
17.1330000;0.9499980;0.9500000;
17.1340000;0.9499980;0.9500000;
17.1350000;0.9499980;0.9500000;
17.1360000;0.9499980;0.9500000;
17.1370000;0.9499980;0.9500000;
17.1380000;0.9499980;0.9500000;
17.1390000;0.9499980;0.9500000;
17.1400000;0.9499980;0.9500000;
17.1410000;0.9499980;0.9500000;
17.1420000;0.9499980;0.9500000;
17.1430000;0.9499980;0.9500000;
17.1440000;0.9499980;0.9500000;
17.1450000;0.9499980;0.9500000;
17.1460000;0.9499980;0.9500000;
17.1470000;0.9499980;0.9500000;
17.1480000;0.9499980;0.9500000;
17.1490000;0.9499980;0.9500000;
17.1500000;0.9499980;0.9500000;
17.1510000;0.9499980;0.9500000;
17.1520000;0.9499980;0.9500000;
17.1530000;0.9499980;0.9500000;
17.1540000;0.9499980;0.9500000;
17.1550000;0.9499980;0.9500000;
17.1560000;0.9499980;0.9500000;
17.1570000;0.9499980;0.9500000;
17.1580000;0.9499980;0.9500000;
17.1590000;0.9499980;0.9500000;
17.1600000;0.9499980;0.9500000;
17.1610000;0.9499980;0.9500000;
17.1620000;0.9499980;0.9500000;
17.1630000;0.9499980;0.9500000;
17.1640000;0.9499980;0.9500000;
17.1650000;0.9499980;0.9500000;
17.1660000;0.9499980;0.9500000;
17.1670000;0.9499980;0.9500000;
17.1680000;0.9499980;0.9500000;
17.1690000;0.9499980;0.9500000;
17.1700000;0.9499980;0.9500000;
17.1710000;0.9499980;0.9500000;
17.1720000;0.9499980;0.9500000;
17.1730000;0.9499980;0.9500000;
17.1740000;0.9499980;0.9500000;
17.1750000;0.9499980;0.9500000;
17.1760000;0.9499980;0.9500000;
17.1770000;0.9499980;0.9500000;
17.1780000;0.9499980;0.9500000;
17.1790000;0.9499980;0.9500000;
17.1800000;0.9499980;0.9500000;
17.1810000;0.9499980;0.9500000;
17.1820000;0.9499980;0.9500000;
17.1830000;0.9499980;0.9500000;
17.1840000;0.9499980;0.9500000;
17.1850000;0.9499980;0.9500000;
17.1860000;0.9499980;0.9500000;
17.1870000;0.9499980;0.9500000;
17.1880000;0.9499980;0.9500000;
17.1890000;0.9499980;0.9500000;
17.1900000;0.9499980;0.9500000;
17.1910000;0.9499980;0.9500000;
17.1920000;0.9499980;0.9500000;
17.1930000;0.9499980;0.9500000;
17.1940000;0.9499980;0.9500000;
17.1950000;0.9499980;0.9500000;
17.1960000;0.9499980;0.9500000;
17.1970000;0.9499980;0.9500000;
17.1980000;0.9499980;0.9500000;
17.1990000;0.9499980;0.9500000;
17.2000000;0.9499980;0.9500000;
17.2010000;0.9499980;0.9500000;
17.2020000;0.9499980;0.9500000;
17.2030000;0.9499980;0.9500000;
17.2040000;0.9499980;0.9500000;
17.2050000;0.9499980;0.9500000;
17.2060000;0.9499980;0.9500000;
17.2070000;0.9499980;0.9500000;
17.2080000;0.9499980;0.9500000;
17.2090000;0.9499980;0.9500000;
17.2100000;0.9499980;0.9500000;
17.2110000;0.9499980;0.9500000;
17.2120000;0.9499980;0.9500000;
17.2130000;0.9499980;0.9500000;
17.2140000;0.9499980;0.9500000;
17.2150000;0.9499980;0.9500000;
17.2160000;0.9499980;0.9500000;
17.2170000;0.9499980;0.9500000;
17.2180000;0.9499980;0.9500000;
17.2190000;0.9499980;0.9500000;
17.2200000;0.9499980;0.9500000;
17.2210000;0.9499980;0.9500000;
17.2220000;0.9499980;0.9500000;
17.2230000;0.9499980;0.9500000;
17.2240000;0.9499980;0.9500000;
17.2250000;0.9499980;0.9500000;
17.2260000;0.9499980;0.9500000;
17.2270000;0.9499980;0.9500000;
17.2280000;0.9499980;0.9500000;
17.2290000;0.9499980;0.9500000;
17.2300000;0.9499980;0.9500000;
17.2310000;0.9499980;0.9500000;
17.2320000;0.9499980;0.9500000;
17.2330000;0.9499980;0.9500000;
17.2340000;0.9499980;0.9500000;
17.2350000;0.9499980;0.9500000;
17.2360000;0.9499980;0.9500000;
17.2370000;0.9499980;0.9500000;
17.2380000;0.9499980;0.9500000;
17.2390000;0.9499980;0.9500000;
17.2400000;0.9499980;0.9500000;
17.2410000;0.9499980;0.9500000;
17.2420000;0.9499980;0.9500000;
17.2430000;0.9499980;0.9500000;
17.2440000;0.9499980;0.9500000;
17.2450000;0.9499980;0.9500000;
17.2460000;0.9499980;0.9500000;
17.2470000;0.9499980;0.9500000;
17.2480000;0.9499980;0.9500000;
17.2490000;0.9499980;0.9500000;
17.2500000;0.9499980;0.9500000;
17.2510000;0.9499980;0.9500000;
17.2520000;0.9499980;0.9500000;
17.2530000;0.9499980;0.9500000;
17.2540000;0.9499980;0.9500000;
17.2550000;0.9499980;0.9500000;
17.2560000;0.9499980;0.9500000;
17.2570000;0.9499980;0.9500000;
17.2580000;0.9499980;0.9500000;
17.2590000;0.9499980;0.9500000;
17.2600000;0.9499980;0.9500000;
17.2610000;0.9499980;0.9500000;
17.2620000;0.9499980;0.9500000;
17.2630000;0.9499980;0.9500000;
17.2640000;0.9499980;0.9500000;
17.2650000;0.9499980;0.9500000;
17.2660000;0.9499980;0.9500000;
17.2670000;0.9499980;0.9500000;
17.2680000;0.9499980;0.9500000;
17.2690000;0.9499980;0.9500000;
17.2700000;0.9499980;0.9500000;
17.2710000;0.9499980;0.9500000;
17.2720000;0.9499980;0.9500000;
17.2730000;0.9499980;0.9500000;
17.2740000;0.9499980;0.9500000;
17.2750000;0.9499980;0.9500000;
17.2760000;0.9499980;0.9500000;
17.2770000;0.9499980;0.9500000;
17.2780000;0.9499980;0.9500000;
17.2790000;0.9499980;0.9500000;
17.2800000;0.9499980;0.9500000;
17.2810000;0.9499980;0.9500000;
17.2820000;0.9499980;0.9500000;
17.2830000;0.9499980;0.9500000;
17.2840000;0.9499980;0.9500000;
17.2850000;0.9499980;0.9500000;
17.2860000;0.9499980;0.9500000;
17.2870000;0.9499980;0.9500000;
17.2880000;0.9499980;0.9500000;
17.2890000;0.9499980;0.9500000;
17.2900000;0.9499980;0.9500000;
17.2910000;0.9499980;0.9500000;
17.2920000;0.9499980;0.9500000;
17.2930000;0.9499980;0.9500000;
17.2940000;0.9499980;0.9500000;
17.2950000;0.9499980;0.9500000;
17.2960000;0.9499980;0.9500000;
17.2970000;0.9499980;0.9500000;
17.2980000;0.9499980;0.9500000;
17.2990000;0.9499980;0.9500000;
17.3000000;0.9499980;0.9500000;
17.3010000;0.9499980;0.9500000;
17.3020000;0.9499980;0.9500000;
17.3030000;0.9499980;0.9500000;
17.3040000;0.9499980;0.9500000;
17.3050000;0.9499980;0.9500000;
17.3060000;0.9499980;0.9500000;
17.3070000;0.9499980;0.9500000;
17.3080000;0.9499980;0.9500000;
17.3090000;0.9499980;0.9500000;
17.3100000;0.9499980;0.9500000;
17.3110000;0.9499980;0.9500000;
17.3120000;0.9499980;0.9500000;
17.3130000;0.9499980;0.9500000;
17.3140000;0.9499980;0.9500000;
17.3150000;0.9499980;0.9500000;
17.3160000;0.9499980;0.9500000;
17.3170000;0.9499980;0.9500000;
17.3180000;0.9499980;0.9500000;
17.3190000;0.9499980;0.9500000;
17.3200000;0.9499980;0.9500000;
17.3210000;0.9499980;0.9500000;
17.3220000;0.9499980;0.9500000;
17.3230000;0.9499980;0.9500000;
17.3240000;0.9499980;0.9500000;
17.3250000;0.9499980;0.9500000;
17.3260000;0.9499980;0.9500000;
17.3270000;0.9499980;0.9500000;
17.3280000;0.9499980;0.9500000;
17.3290000;0.9499980;0.9500000;
17.3300000;0.9499980;0.9500000;
17.3310000;0.9499980;0.9500000;
17.3320000;0.9499980;0.9500000;
17.3330000;0.9499980;0.9500000;
17.3340000;0.9499980;0.9500000;
17.3350000;0.9499980;0.9500000;
17.3360000;0.9499980;0.9500000;
17.3370000;0.9499980;0.9500000;
17.3380000;0.9499980;0.9500000;
17.3390000;0.9499980;0.9500000;
17.3400000;0.9499980;0.9500000;
17.3410000;0.9499980;0.9500000;
17.3420000;0.9499980;0.9500000;
17.3430000;0.9499980;0.9500000;
17.3440000;0.9499980;0.9500000;
17.3450000;0.9499980;0.9500000;
17.3460000;0.9499980;0.9500000;
17.3470000;0.9499980;0.9500000;
17.3480000;0.9499980;0.9500000;
17.3490000;0.9499980;0.9500000;
17.3500000;0.9499980;0.9500000;
17.3510000;0.9499980;0.9500000;
17.3520000;0.9499980;0.9500000;
17.3530000;0.9499980;0.9500000;
17.3540000;0.9499980;0.9500000;
17.3550000;0.9499980;0.9500000;
17.3560000;0.9499980;0.9500000;
17.3570000;0.9499980;0.9500000;
17.3580000;0.9499980;0.9500000;
17.3590000;0.9499980;0.9500000;
17.3600000;0.9499980;0.9500000;
17.3610000;0.9499980;0.9500000;
17.3620000;0.9499980;0.9500000;
17.3630000;0.9499980;0.9500000;
17.3640000;0.9499980;0.9500000;
17.3650000;0.9499980;0.9500000;
17.3660000;0.9499980;0.9500000;
17.3670000;0.9499980;0.9500000;
17.3680000;0.9499980;0.9500000;
17.3690000;0.9499980;0.9500000;
17.3700000;0.9499980;0.9500000;
17.3710000;0.9499980;0.9500000;
17.3720000;0.9499980;0.9500000;
17.3730000;0.9499980;0.9500000;
17.3740000;0.9499980;0.9500000;
17.3750000;0.9499980;0.9500000;
17.3760000;0.9499980;0.9500000;
17.3770000;0.9499980;0.9500000;
17.3780000;0.9499980;0.9500000;
17.3790000;0.9499980;0.9500000;
17.3800000;0.9499980;0.9500000;
17.3810000;0.9499980;0.9500000;
17.3820000;0.9499980;0.9500000;
17.3830000;0.9499980;0.9500000;
17.3840000;0.9499980;0.9500000;
17.3850000;0.9499980;0.9500000;
17.3860000;0.9499980;0.9500000;
17.3870000;0.9499980;0.9500000;
17.3880000;0.9499980;0.9500000;
17.3890000;0.9499980;0.9500000;
17.3900000;0.9499980;0.9500000;
17.3910000;0.9499980;0.9500000;
17.3920000;0.9499980;0.9500000;
17.3930000;0.9499980;0.9500000;
17.3940000;0.9499980;0.9500000;
17.3950000;0.9499980;0.9500000;
17.3960000;0.9499980;0.9500000;
17.3970000;0.9499980;0.9500000;
17.3980000;0.9499980;0.9500000;
17.3990000;0.9499980;0.9500000;
17.4000000;0.9499980;0.9500000;
17.4010000;0.9499980;0.9500000;
17.4020000;0.9499980;0.9500000;
17.4030000;0.9499980;0.9500000;
17.4040000;0.9499980;0.9500000;
17.4050000;0.9499980;0.9500000;
17.4060000;0.9499980;0.9500000;
17.4070000;0.9499980;0.9500000;
17.4080000;0.9499980;0.9500000;
17.4090000;0.9499980;0.9500000;
17.4100000;0.9499980;0.9500000;
17.4110000;0.9499980;0.9500000;
17.4120000;0.9499980;0.9500000;
17.4130000;0.9499980;0.9500000;
17.4140000;0.9499980;0.9500000;
17.4150000;0.9499980;0.9500000;
17.4160000;0.9499980;0.9500000;
17.4170000;0.9499980;0.9500000;
17.4180000;0.9499980;0.9500000;
17.4190000;0.9499980;0.9500000;
17.4200000;0.9499980;0.9500000;
17.4210000;0.9499980;0.9500000;
17.4220000;0.9499980;0.9500000;
17.4230000;0.9499980;0.9500000;
17.4240000;0.9499980;0.9500000;
17.4250000;0.9499980;0.9500000;
17.4260000;0.9499980;0.9500000;
17.4270000;0.9499980;0.9500000;
17.4280000;0.9499980;0.9500000;
17.4290000;0.9499980;0.9500000;
17.4300000;0.9499980;0.9500000;
17.4310000;0.9499980;0.9500000;
17.4320000;0.9499980;0.9500000;
17.4330000;0.9499980;0.9500000;
17.4340000;0.9499980;0.9500000;
17.4350000;0.9499980;0.9500000;
17.4360000;0.9499980;0.9500000;
17.4370000;0.9499980;0.9500000;
17.4380000;0.9499980;0.9500000;
17.4390000;0.9499980;0.9500000;
17.4400000;0.9499980;0.9500000;
17.4410000;0.9499980;0.9500000;
17.4420000;0.9499980;0.9500000;
17.4430000;0.9499980;0.9500000;
17.4440000;0.9499980;0.9500000;
17.4450000;0.9499980;0.9500000;
17.4460000;0.9499980;0.9500000;
17.4470000;0.9499980;0.9500000;
17.4480000;0.9499980;0.9500000;
17.4490000;0.9499980;0.9500000;
17.4500000;0.9499980;0.9500000;
17.4510000;0.9499980;0.9500000;
17.4520000;0.9499980;0.9500000;
17.4530000;0.9499980;0.9500000;
17.4540000;0.9499980;0.9500000;
17.4550000;0.9499980;0.9500000;
17.4560000;0.9499980;0.9500000;
17.4570000;0.9499980;0.9500000;
17.4580000;0.9499980;0.9500000;
17.4590000;0.9499980;0.9500000;
17.4600000;0.9499980;0.9500000;
17.4610000;0.9499980;0.9500000;
17.4620000;0.9499980;0.9500000;
17.4630000;0.9499980;0.9500000;
17.4640000;0.9499980;0.9500000;
17.4650000;0.9499980;0.9500000;
17.4660000;0.9499980;0.9500000;
17.4670000;0.9499980;0.9500000;
17.4680000;0.9499980;0.9500000;
17.4690000;0.9499980;0.9500000;
17.4700000;0.9499980;0.9500000;
17.4710000;0.9499980;0.9500000;
17.4720000;0.9499980;0.9500000;
17.4730000;0.9499980;0.9500000;
17.4740000;0.9499980;0.9500000;
17.4750000;0.9499980;0.9500000;
17.4760000;0.9499980;0.9500000;
17.4770000;0.9499980;0.9500000;
17.4780000;0.9499980;0.9500000;
17.4790000;0.9499980;0.9500000;
17.4800000;0.9499980;0.9500000;
17.4810000;0.9499980;0.9500000;
17.4820000;0.9499980;0.9500000;
17.4830000;0.9499980;0.9500000;
17.4840000;0.9499980;0.9500000;
17.4850000;0.9499980;0.9500000;
17.4860000;0.9499980;0.9500000;
17.4870000;0.9499980;0.9500000;
17.4880000;0.9499980;0.9500000;
17.4890000;0.9499980;0.9500000;
17.4900000;0.9499980;0.9500000;
17.4910000;0.9499980;0.9500000;
17.4920000;0.9499980;0.9500000;
17.4930000;0.9499980;0.9500000;
17.4940000;0.9499980;0.9500000;
17.4950000;0.9499980;0.9500000;
17.4960000;0.9499980;0.9500000;
17.4970000;0.9499980;0.9500000;
17.4980000;0.9499980;0.9500000;
17.4990000;0.9499980;0.9500000;
17.5000000;0.9499980;0.9500000;
17.5010000;0.9499980;0.9500000;
17.5020000;0.9499980;0.9500000;
17.5030000;0.9499980;0.9500000;
17.5040000;0.9499980;0.9500000;
17.5050000;0.9499980;0.9500000;
17.5060000;0.9499980;0.9500000;
17.5070000;0.9499980;0.9500000;
17.5080000;0.9499980;0.9500000;
17.5090000;0.9499980;0.9500000;
17.5100000;0.9499980;0.9500000;
17.5110000;0.9499980;0.9500000;
17.5120000;0.9499980;0.9500000;
17.5130000;0.9499980;0.9500000;
17.5140000;0.9499980;0.9500000;
17.5150000;0.9499980;0.9500000;
17.5160000;0.9499980;0.9500000;
17.5170000;0.9499980;0.9500000;
17.5180000;0.9499980;0.9500000;
17.5190000;0.9499980;0.9500000;
17.5200000;0.9499980;0.9500000;
17.5210000;0.9499980;0.9500000;
17.5220000;0.9499980;0.9500000;
17.5230000;0.9499980;0.9500000;
17.5240000;0.9499980;0.9500000;
17.5250000;0.9499980;0.9500000;
17.5260000;0.9499980;0.9500000;
17.5270000;0.9499980;0.9500000;
17.5280000;0.9499980;0.9500000;
17.5290000;0.9499980;0.9500000;
17.5300000;0.9499980;0.9500000;
17.5310000;0.9499980;0.9500000;
17.5320000;0.9499980;0.9500000;
17.5330000;0.9499980;0.9500000;
17.5340000;0.9499980;0.9500000;
17.5350000;0.9499980;0.9500000;
17.5360000;0.9499980;0.9500000;
17.5370000;0.9499980;0.9500000;
17.5380000;0.9499980;0.9500000;
17.5390000;0.9499980;0.9500000;
17.5400000;0.9499980;0.9500000;
17.5410000;0.9499980;0.9500000;
17.5420000;0.9499980;0.9500000;
17.5430000;0.9499980;0.9500000;
17.5440000;0.9499980;0.9500000;
17.5450000;0.9499980;0.9500000;
17.5460000;0.9499980;0.9500000;
17.5470000;0.9499980;0.9500000;
17.5480000;0.9499980;0.9500000;
17.5490000;0.9499980;0.9500000;
17.5500000;0.9499980;0.9500000;
17.5510000;0.9499980;0.9500000;
17.5520000;0.9499980;0.9500000;
17.5530000;0.9499980;0.9500000;
17.5540000;0.9499980;0.9500000;
17.5550000;0.9499980;0.9500000;
17.5560000;0.9499980;0.9500000;
17.5570000;0.9499980;0.9500000;
17.5580000;0.9499980;0.9500000;
17.5590000;0.9499980;0.9500000;
17.5600000;0.9499980;0.9500000;
17.5610000;0.9499980;0.9500000;
17.5620000;0.9499980;0.9500000;
17.5630000;0.9499980;0.9500000;
17.5640000;0.9499980;0.9500000;
17.5650000;0.9499980;0.9500000;
17.5660000;0.9499980;0.9500000;
17.5670000;0.9499980;0.9500000;
17.5680000;0.9499980;0.9500000;
17.5690000;0.9499980;0.9500000;
17.5700000;0.9499980;0.9500000;
17.5710000;0.9499980;0.9500000;
17.5720000;0.9499980;0.9500000;
17.5730000;0.9499980;0.9500000;
17.5740000;0.9499980;0.9500000;
17.5750000;0.9499980;0.9500000;
17.5760000;0.9499980;0.9500000;
17.5770000;0.9499980;0.9500000;
17.5780000;0.9499980;0.9500000;
17.5790000;0.9499980;0.9500000;
17.5800000;0.9499980;0.9500000;
17.5810000;0.9499980;0.9500000;
17.5820000;0.9499980;0.9500000;
17.5830000;0.9499980;0.9500000;
17.5840000;0.9499980;0.9500000;
17.5850000;0.9499980;0.9500000;
17.5860000;0.9499980;0.9500000;
17.5870000;0.9499980;0.9500000;
17.5880000;0.9499980;0.9500000;
17.5890000;0.9499980;0.9500000;
17.5900000;0.9499980;0.9500000;
17.5910000;0.9499980;0.9500000;
17.5920000;0.9499980;0.9500000;
17.5930000;0.9499980;0.9500000;
17.5940000;0.9499980;0.9500000;
17.5950000;0.9499980;0.9500000;
17.5960000;0.9499980;0.9500000;
17.5970000;0.9499980;0.9500000;
17.5980000;0.9499980;0.9500000;
17.5990000;0.9499980;0.9500000;
17.6000000;0.9499980;0.9500000;
17.6010000;0.9499980;0.9500000;
17.6020000;0.9499980;0.9500000;
17.6030000;0.9499980;0.9500000;
17.6040000;0.9499980;0.9500000;
17.6050000;0.9499980;0.9500000;
17.6060000;0.9499980;0.9500000;
17.6070000;0.9499980;0.9500000;
17.6080000;0.9499980;0.9500000;
17.6090000;0.9499980;0.9500000;
17.6100000;0.9499980;0.9500000;
17.6110000;0.9499980;0.9500000;
17.6120000;0.9499980;0.9500000;
17.6130000;0.9499980;0.9500000;
17.6140000;0.9499980;0.9500000;
17.6150000;0.9499980;0.9500000;
17.6160000;0.9499980;0.9500000;
17.6170000;0.9499980;0.9500000;
17.6180000;0.9499980;0.9500000;
17.6190000;0.9499980;0.9500000;
17.6200000;0.9499980;0.9500000;
17.6210000;0.9499980;0.9500000;
17.6220000;0.9499980;0.9500000;
17.6230000;0.9499980;0.9500000;
17.6240000;0.9499980;0.9500000;
17.6250000;0.9499980;0.9500000;
17.6260000;0.9499980;0.9500000;
17.6270000;0.9499980;0.9500000;
17.6280000;0.9499980;0.9500000;
17.6290000;0.9499980;0.9500000;
17.6300000;0.9499980;0.9500000;
17.6310000;0.9499980;0.9500000;
17.6320000;0.9499980;0.9500000;
17.6330000;0.9499980;0.9500000;
17.6340000;0.9499980;0.9500000;
17.6350000;0.9499980;0.9500000;
17.6360000;0.9499980;0.9500000;
17.6370000;0.9499980;0.9500000;
17.6380000;0.9499980;0.9500000;
17.6390000;0.9499980;0.9500000;
17.6400000;0.9499980;0.9500000;
17.6410000;0.9499980;0.9500000;
17.6420000;0.9499980;0.9500000;
17.6430000;0.9499980;0.9500000;
17.6440000;0.9499980;0.9500000;
17.6450000;0.9499980;0.9500000;
17.6460000;0.9499980;0.9500000;
17.6470000;0.9499980;0.9500000;
17.6480000;0.9499980;0.9500000;
17.6490000;0.9499980;0.9500000;
17.6500000;0.9499980;0.9500000;
17.6510000;0.9499980;0.9500000;
17.6520000;0.9499980;0.9500000;
17.6530000;0.9499980;0.9500000;
17.6540000;0.9499980;0.9500000;
17.6550000;0.9499980;0.9500000;
17.6560000;0.9499980;0.9500000;
17.6570000;0.9499980;0.9500000;
17.6580000;0.9499980;0.9500000;
17.6590000;0.9499980;0.9500000;
17.6600000;0.9499980;0.9500000;
17.6610000;0.9499980;0.9500000;
17.6620000;0.9499980;0.9500000;
17.6630000;0.9499980;0.9500000;
17.6640000;0.9499980;0.9500000;
17.6650000;0.9499980;0.9500000;
17.6660000;0.9499980;0.9500000;
17.6670000;0.9499980;0.9500000;
17.6680000;0.9499980;0.9500000;
17.6690000;0.9499980;0.9500000;
17.6700000;0.9499980;0.9500000;
17.6710000;0.9499980;0.9500000;
17.6720000;0.9499980;0.9500000;
17.6730000;0.9499980;0.9500000;
17.6740000;0.9499980;0.9500000;
17.6750000;0.9499980;0.9500000;
17.6760000;0.9499980;0.9500000;
17.6770000;0.9499980;0.9500000;
17.6780000;0.9499980;0.9500000;
17.6790000;0.9499980;0.9500000;
17.6800000;0.9499980;0.9500000;
17.6810000;0.9499980;0.9500000;
17.6820000;0.9499980;0.9500000;
17.6830000;0.9499980;0.9500000;
17.6840000;0.9499980;0.9500000;
17.6850000;0.9499980;0.9500000;
17.6860000;0.9499980;0.9500000;
17.6870000;0.9499980;0.9500000;
17.6880000;0.9499980;0.9500000;
17.6890000;0.9499980;0.9500000;
17.6900000;0.9499980;0.9500000;
17.6910000;0.9499980;0.9500000;
17.6920000;0.9499980;0.9500000;
17.6930000;0.9499980;0.9500000;
17.6940000;0.9499980;0.9500000;
17.6950000;0.9499980;0.9500000;
17.6960000;0.9499980;0.9500000;
17.6970000;0.9499980;0.9500000;
17.6980000;0.9499980;0.9500000;
17.6990000;0.9499980;0.9500000;
17.7000000;0.9499980;0.9500000;
17.7010000;0.9499980;0.9500000;
17.7020000;0.9499980;0.9500000;
17.7030000;0.9499980;0.9500000;
17.7040000;0.9499980;0.9500000;
17.7050000;0.9499980;0.9500000;
17.7060000;0.9499980;0.9500000;
17.7070000;0.9499980;0.9500000;
17.7080000;0.9499980;0.9500000;
17.7090000;0.9499980;0.9500000;
17.7100000;0.9499980;0.9500000;
17.7110000;0.9499980;0.9500000;
17.7120000;0.9499980;0.9500000;
17.7130000;0.9499980;0.9500000;
17.7140000;0.9499980;0.9500000;
17.7150000;0.9499980;0.9500000;
17.7160000;0.9499980;0.9500000;
17.7170000;0.9499980;0.9500000;
17.7180000;0.9499980;0.9500000;
17.7190000;0.9499980;0.9500000;
17.7200000;0.9499980;0.9500000;
17.7210000;0.9499980;0.9500000;
17.7220000;0.9499980;0.9500000;
17.7230000;0.9499980;0.9500000;
17.7240000;0.9499980;0.9500000;
17.7250000;0.9499980;0.9500000;
17.7260000;0.9499980;0.9500000;
17.7270000;0.9499980;0.9500000;
17.7280000;0.9499980;0.9500000;
17.7290000;0.9499980;0.9500000;
17.7300000;0.9499980;0.9500000;
17.7310000;0.9499980;0.9500000;
17.7320000;0.9499980;0.9500000;
17.7330000;0.9499980;0.9500000;
17.7340000;0.9499980;0.9500000;
17.7350000;0.9499980;0.9500000;
17.7360000;0.9499980;0.9500000;
17.7370000;0.9499980;0.9500000;
17.7380000;0.9499980;0.9500000;
17.7390000;0.9499980;0.9500000;
17.7400000;0.9499980;0.9500000;
17.7410000;0.9499980;0.9500000;
17.7420000;0.9499980;0.9500000;
17.7430000;0.9499980;0.9500000;
17.7440000;0.9499980;0.9500000;
17.7450000;0.9499980;0.9500000;
17.7460000;0.9499980;0.9500000;
17.7470000;0.9499980;0.9500000;
17.7480000;0.9499980;0.9500000;
17.7490000;0.9499980;0.9500000;
17.7500000;0.9499980;0.9500000;
17.7510000;0.9499980;0.9500000;
17.7520000;0.9499980;0.9500000;
17.7530000;0.9499980;0.9500000;
17.7540000;0.9499980;0.9500000;
17.7550000;0.9499980;0.9500000;
17.7560000;0.9499980;0.9500000;
17.7570000;0.9499980;0.9500000;
17.7580000;0.9499980;0.9500000;
17.7590000;0.9499980;0.9500000;
17.7600000;0.9499980;0.9500000;
17.7610000;0.9499980;0.9500000;
17.7620000;0.9499980;0.9500000;
17.7630000;0.9499980;0.9500000;
17.7640000;0.9499980;0.9500000;
17.7650000;0.9499980;0.9500000;
17.7660000;0.9499980;0.9500000;
17.7670000;0.9499980;0.9500000;
17.7680000;0.9499980;0.9500000;
17.7690000;0.9499980;0.9500000;
17.7700000;0.9499980;0.9500000;
17.7710000;0.9499980;0.9500000;
17.7720000;0.9499980;0.9500000;
17.7730000;0.9499980;0.9500000;
17.7740000;0.9499980;0.9500000;
17.7750000;0.9499980;0.9500000;
17.7760000;0.9499980;0.9500000;
17.7770000;0.9499980;0.9500000;
17.7780000;0.9499980;0.9500000;
17.7790000;0.9499980;0.9500000;
17.7800000;0.9499980;0.9500000;
17.7810000;0.9499980;0.9500000;
17.7820000;0.9499980;0.9500000;
17.7830000;0.9499980;0.9500000;
17.7840000;0.9499980;0.9500000;
17.7850000;0.9499980;0.9500000;
17.7860000;0.9499980;0.9500000;
17.7870000;0.9499980;0.9500000;
17.7880000;0.9499980;0.9500000;
17.7890000;0.9499980;0.9500000;
17.7900000;0.9499980;0.9500000;
17.7910000;0.9499980;0.9500000;
17.7920000;0.9499980;0.9500000;
17.7930000;0.9499980;0.9500000;
17.7940000;0.9499980;0.9500000;
17.7950000;0.9499980;0.9500000;
17.7960000;0.9499980;0.9500000;
17.7970000;0.9499980;0.9500000;
17.7980000;0.9499980;0.9500000;
17.7990000;0.9499980;0.9500000;
17.8000000;0.9499980;0.9500000;
17.8010000;0.9499980;0.9500000;
17.8020000;0.9499980;0.9500000;
17.8030000;0.9499980;0.9500000;
17.8040000;0.9499980;0.9500000;
17.8050000;0.9499980;0.9500000;
17.8060000;0.9499980;0.9500000;
17.8070000;0.9499980;0.9500000;
17.8080000;0.9499980;0.9500000;
17.8090000;0.9499980;0.9500000;
17.8100000;0.9499980;0.9500000;
17.8110000;0.9499980;0.9500000;
17.8120000;0.9499980;0.9500000;
17.8130000;0.9499980;0.9500000;
17.8140000;0.9499980;0.9500000;
17.8150000;0.9499980;0.9500000;
17.8160000;0.9499980;0.9500000;
17.8170000;0.9499980;0.9500000;
17.8180000;0.9499980;0.9500000;
17.8190000;0.9499980;0.9500000;
17.8200000;0.9499980;0.9500000;
17.8210000;0.9499980;0.9500000;
17.8220000;0.9499980;0.9500000;
17.8230000;0.9499980;0.9500000;
17.8240000;0.9499980;0.9500000;
17.8250000;0.9499980;0.9500000;
17.8260000;0.9499980;0.9500000;
17.8270000;0.9499980;0.9500000;
17.8280000;0.9499980;0.9500000;
17.8290000;0.9499980;0.9500000;
17.8300000;0.9499980;0.9500000;
17.8310000;0.9499980;0.9500000;
17.8320000;0.9499980;0.9500000;
17.8330000;0.9499980;0.9500000;
17.8340000;0.9499980;0.9500000;
17.8350000;0.9499980;0.9500000;
17.8360000;0.9499980;0.9500000;
17.8370000;0.9499980;0.9500000;
17.8380000;0.9499980;0.9500000;
17.8390000;0.9499980;0.9500000;
17.8400000;0.9499980;0.9500000;
17.8410000;0.9499980;0.9500000;
17.8420000;0.9499980;0.9500000;
17.8430000;0.9499980;0.9500000;
17.8440000;0.9499980;0.9500000;
17.8450000;0.9499980;0.9500000;
17.8460000;0.9499980;0.9500000;
17.8470000;0.9499980;0.9500000;
17.8480000;0.9499980;0.9500000;
17.8490000;0.9499980;0.9500000;
17.8500000;0.9499980;0.9500000;
17.8510000;0.9499980;0.9500000;
17.8520000;0.9499980;0.9500000;
17.8530000;0.9499980;0.9500000;
17.8540000;0.9499980;0.9500000;
17.8550000;0.9499980;0.9500000;
17.8560000;0.9499980;0.9500000;
17.8570000;0.9499980;0.9500000;
17.8580000;0.9499980;0.9500000;
17.8590000;0.9499980;0.9500000;
17.8600000;0.9499980;0.9500000;
17.8610000;0.9499980;0.9500000;
17.8620000;0.9499980;0.9500000;
17.8630000;0.9499980;0.9500000;
17.8640000;0.9499980;0.9500000;
17.8650000;0.9499980;0.9500000;
17.8660000;0.9499980;0.9500000;
17.8670000;0.9499980;0.9500000;
17.8680000;0.9499980;0.9500000;
17.8690000;0.9499980;0.9500000;
17.8700000;0.9499980;0.9500000;
17.8710000;0.9499980;0.9500000;
17.8720000;0.9499980;0.9500000;
17.8730000;0.9499980;0.9500000;
17.8740000;0.9499980;0.9500000;
17.8750000;0.9499980;0.9500000;
17.8760000;0.9499980;0.9500000;
17.8770000;0.9499980;0.9500000;
17.8780000;0.9499980;0.9500000;
17.8790000;0.9499980;0.9500000;
17.8800000;0.9499980;0.9500000;
17.8810000;0.9499980;0.9500000;
17.8820000;0.9499980;0.9500000;
17.8830000;0.9499980;0.9500000;
17.8840000;0.9499980;0.9500000;
17.8850000;0.9499980;0.9500000;
17.8860000;0.9499980;0.9500000;
17.8870000;0.9499980;0.9500000;
17.8880000;0.9499980;0.9500000;
17.8890000;0.9499980;0.9500000;
17.8900000;0.9499980;0.9500000;
17.8910000;0.9499980;0.9500000;
17.8920000;0.9499980;0.9500000;
17.8930000;0.9499980;0.9500000;
17.8940000;0.9499980;0.9500000;
17.8950000;0.9499980;0.9500000;
17.8960000;0.9499980;0.9500000;
17.8970000;0.9499980;0.9500000;
17.8980000;0.9499980;0.9500000;
17.8990000;0.9499980;0.9500000;
17.9000000;0.9499980;0.9500000;
17.9010000;0.9499980;0.9500000;
17.9020000;0.9499980;0.9500000;
17.9030000;0.9499980;0.9500000;
17.9040000;0.9499980;0.9500000;
17.9050000;0.9499980;0.9500000;
17.9060000;0.9499980;0.9500000;
17.9070000;0.9499980;0.9500000;
17.9080000;0.9499980;0.9500000;
17.9090000;0.9499980;0.9500000;
17.9100000;0.9499980;0.9500000;
17.9110000;0.9499980;0.9500000;
17.9120000;0.9499980;0.9500000;
17.9130000;0.9499980;0.9500000;
17.9140000;0.9499980;0.9500000;
17.9150000;0.9499980;0.9500000;
17.9160000;0.9499980;0.9500000;
17.9170000;0.9499980;0.9500000;
17.9180000;0.9499980;0.9500000;
17.9190000;0.9499980;0.9500000;
17.9200000;0.9499980;0.9500000;
17.9210000;0.9499980;0.9500000;
17.9220000;0.9499980;0.9500000;
17.9230000;0.9499980;0.9500000;
17.9240000;0.9499980;0.9500000;
17.9250000;0.9499980;0.9500000;
17.9260000;0.9499980;0.9500000;
17.9270000;0.9499980;0.9500000;
17.9280000;0.9499980;0.9500000;
17.9290000;0.9499980;0.9500000;
17.9300000;0.9499980;0.9500000;
17.9310000;0.9499980;0.9500000;
17.9320000;0.9499980;0.9500000;
17.9330000;0.9499980;0.9500000;
17.9340000;0.9499980;0.9500000;
17.9350000;0.9499980;0.9500000;
17.9360000;0.9499980;0.9500000;
17.9370000;0.9499980;0.9500000;
17.9380000;0.9499980;0.9500000;
17.9390000;0.9499980;0.9500000;
17.9400000;0.9499980;0.9500000;
17.9410000;0.9499980;0.9500000;
17.9420000;0.9499980;0.9500000;
17.9430000;0.9499980;0.9500000;
17.9440000;0.9499980;0.9500000;
17.9450000;0.9499980;0.9500000;
17.9460000;0.9499980;0.9500000;
17.9470000;0.9499980;0.9500000;
17.9480000;0.9499980;0.9500000;
17.9490000;0.9499980;0.9500000;
17.9500000;0.9499980;0.9500000;
17.9510000;0.9499980;0.9500000;
17.9520000;0.9499980;0.9500000;
17.9530000;0.9499980;0.9500000;
17.9540000;0.9499980;0.9500000;
17.9550000;0.9499980;0.9500000;
17.9560000;0.9499980;0.9500000;
17.9570000;0.9499980;0.9500000;
17.9580000;0.9499980;0.9500000;
17.9590000;0.9499980;0.9500000;
17.9600000;0.9499980;0.9500000;
17.9610000;0.9499980;0.9500000;
17.9620000;0.9499980;0.9500000;
17.9630000;0.9499980;0.9500000;
17.9640000;0.9499980;0.9500000;
17.9650000;0.9499980;0.9500000;
17.9660000;0.9499980;0.9500000;
17.9670000;0.9499980;0.9500000;
17.9680000;0.9499980;0.9500000;
17.9690000;0.9499980;0.9500000;
17.9700000;0.9499980;0.9500000;
17.9710000;0.9499980;0.9500000;
17.9720000;0.9499980;0.9500000;
17.9730000;0.9499980;0.9500000;
17.9740000;0.9499980;0.9500000;
17.9750000;0.9499980;0.9500000;
17.9760000;0.9499980;0.9500000;
17.9770000;0.9499980;0.9500000;
17.9780000;0.9499980;0.9500000;
17.9790000;0.9499980;0.9500000;
17.9800000;0.9499980;0.9500000;
17.9810000;0.9499980;0.9500000;
17.9820000;0.9499980;0.9500000;
17.9830000;0.9499980;0.9500000;
17.9840000;0.9499980;0.9500000;
17.9850000;0.9499980;0.9500000;
17.9860000;0.9499980;0.9500000;
17.9870000;0.9499980;0.9500000;
17.9880000;0.9499980;0.9500000;
17.9890000;0.9499980;0.9500000;
17.9900000;0.9499980;0.9500000;
17.9910000;0.9499980;0.9500000;
17.9920000;0.9499980;0.9500000;
17.9930000;0.9499980;0.9500000;
17.9940000;0.9499980;0.9500000;
17.9950000;0.9499980;0.9500000;
17.9960000;0.9499980;0.9500000;
17.9970000;0.9499980;0.9500000;
17.9980000;0.9499980;0.9500000;
17.9990000;0.9499980;0.9500000;
18.0000000;0.9499980;0.9500000;
18.0010000;0.9499980;0.9500000;
18.0020000;0.9499980;0.9500000;
18.0030000;0.9499980;0.9500000;
18.0040000;0.9499980;0.9500000;
18.0050000;0.9499980;0.9500000;
18.0060000;0.9499980;0.9500000;
18.0070000;0.9499980;0.9500000;
18.0080000;0.9499980;0.9500000;
18.0090000;0.9499980;0.9500000;
18.0100000;0.9499980;0.9500000;
18.0110000;0.9499980;0.9500000;
18.0120000;0.9499980;0.9500000;
18.0130000;0.9499980;0.9500000;
18.0140000;0.9499980;0.9500000;
18.0150000;0.9499980;0.9500000;
18.0160000;0.9499980;0.9500000;
18.0170000;0.9499980;0.9500000;
18.0180000;0.9499980;0.9500000;
18.0190000;0.9499980;0.9500000;
18.0200000;0.9499980;0.9500000;
18.0210000;0.9499980;0.9500000;
18.0220000;0.9499980;0.9500000;
18.0230000;0.9499980;0.9500000;
18.0240000;0.9499980;0.9500000;
18.0250000;0.9499980;0.9500000;
18.0260000;0.9499980;0.9500000;
18.0270000;0.9499980;0.9500000;
18.0280000;0.9499980;0.9500000;
18.0290000;0.9499980;0.9500000;
18.0300000;0.9499980;0.9500000;
18.0310000;0.9499980;0.9500000;
18.0320000;0.9499980;0.9500000;
18.0330000;0.9499980;0.9500000;
18.0340000;0.9499980;0.9500000;
18.0350000;0.9499980;0.9500000;
18.0360000;0.9499980;0.9500000;
18.0370000;0.9499980;0.9500000;
18.0380000;0.9499980;0.9500000;
18.0390000;0.9499980;0.9500000;
18.0400000;0.9499980;0.9500000;
18.0410000;0.9499980;0.9500000;
18.0420000;0.9499980;0.9500000;
18.0430000;0.9499980;0.9500000;
18.0440000;0.9499980;0.9500000;
18.0450000;0.9499980;0.9500000;
18.0460000;0.9499980;0.9500000;
18.0470000;0.9499980;0.9500000;
18.0480000;0.9499980;0.9500000;
18.0490000;0.9499980;0.9500000;
18.0500000;0.9499980;0.9500000;
18.0510000;0.9499980;0.9500000;
18.0520000;0.9499980;0.9500000;
18.0530000;0.9499980;0.9500000;
18.0540000;0.9499980;0.9500000;
18.0550000;0.9499980;0.9500000;
18.0560000;0.9499980;0.9500000;
18.0570000;0.9499980;0.9500000;
18.0580000;0.9499980;0.9500000;
18.0590000;0.9499980;0.9500000;
18.0600000;0.9499980;0.9500000;
18.0610000;0.9499980;0.9500000;
18.0620000;0.9499980;0.9500000;
18.0630000;0.9499980;0.9500000;
18.0640000;0.9499980;0.9500000;
18.0650000;0.9499980;0.9500000;
18.0660000;0.9499980;0.9500000;
18.0670000;0.9499980;0.9500000;
18.0680000;0.9499980;0.9500000;
18.0690000;0.9499980;0.9500000;
18.0700000;0.9499980;0.9500000;
18.0710000;0.9499980;0.9500000;
18.0720000;0.9499980;0.9500000;
18.0730000;0.9499980;0.9500000;
18.0740000;0.9499980;0.9500000;
18.0750000;0.9499980;0.9500000;
18.0760000;0.9499980;0.9500000;
18.0770000;0.9499980;0.9500000;
18.0780000;0.9499980;0.9500000;
18.0790000;0.9499980;0.9500000;
18.0800000;0.9499980;0.9500000;
18.0810000;0.9499980;0.9500000;
18.0820000;0.9499980;0.9500000;
18.0830000;0.9499980;0.9500000;
18.0840000;0.9499980;0.9500000;
18.0850000;0.9499980;0.9500000;
18.0860000;0.9499980;0.9500000;
18.0870000;0.9499980;0.9500000;
18.0880000;0.9499980;0.9500000;
18.0890000;0.9499980;0.9500000;
18.0900000;0.9499980;0.9500000;
18.0910000;0.9499980;0.9500000;
18.0920000;0.9499980;0.9500000;
18.0930000;0.9499980;0.9500000;
18.0940000;0.9499980;0.9500000;
18.0950000;0.9499980;0.9500000;
18.0960000;0.9499980;0.9500000;
18.0970000;0.9499980;0.9500000;
18.0980000;0.9499980;0.9500000;
18.0990000;0.9499980;0.9500000;
18.1000000;0.9499980;0.9500000;
18.1010000;0.9499980;0.9500000;
18.1020000;0.9499980;0.9500000;
18.1030000;0.9499980;0.9500000;
18.1040000;0.9499980;0.9500000;
18.1050000;0.9499980;0.9500000;
18.1060000;0.9499980;0.9500000;
18.1070000;0.9499980;0.9500000;
18.1080000;0.9499980;0.9500000;
18.1090000;0.9499980;0.9500000;
18.1100000;0.9499980;0.9500000;
18.1110000;0.9499980;0.9500000;
18.1120000;0.9499980;0.9500000;
18.1130000;0.9499980;0.9500000;
18.1140000;0.9499980;0.9500000;
18.1150000;0.9499980;0.9500000;
18.1160000;0.9499980;0.9500000;
18.1170000;0.9499980;0.9500000;
18.1180000;0.9499980;0.9500000;
18.1190000;0.9499980;0.9500000;
18.1200000;0.9499980;0.9500000;
18.1210000;0.9499980;0.9500000;
18.1220000;0.9499980;0.9500000;
18.1230000;0.9499980;0.9500000;
18.1240000;0.9499980;0.9500000;
18.1250000;0.9499980;0.9500000;
18.1260000;0.9499980;0.9500000;
18.1270000;0.9499980;0.9500000;
18.1280000;0.9499980;0.9500000;
18.1290000;0.9499980;0.9500000;
18.1300000;0.9499980;0.9500000;
18.1310000;0.9499980;0.9500000;
18.1320000;0.9499980;0.9500000;
18.1330000;0.9499980;0.9500000;
18.1340000;0.9499980;0.9500000;
18.1350000;0.9499980;0.9500000;
18.1360000;0.9499980;0.9500000;
18.1370000;0.9499980;0.9500000;
18.1380000;0.9499980;0.9500000;
18.1390000;0.9499980;0.9500000;
18.1400000;0.9499980;0.9500000;
18.1410000;0.9499980;0.9500000;
18.1420000;0.9499980;0.9500000;
18.1430000;0.9499980;0.9500000;
18.1440000;0.9499980;0.9500000;
18.1450000;0.9499980;0.9500000;
18.1460000;0.9499980;0.9500000;
18.1470000;0.9499980;0.9500000;
18.1480000;0.9499980;0.9500000;
18.1490000;0.9499980;0.9500000;
18.1500000;0.9499980;0.9500000;
18.1510000;0.9499980;0.9500000;
18.1520000;0.9499980;0.9500000;
18.1530000;0.9499980;0.9500000;
18.1540000;0.9499980;0.9500000;
18.1550000;0.9499980;0.9500000;
18.1560000;0.9499980;0.9500000;
18.1570000;0.9499980;0.9500000;
18.1580000;0.9499980;0.9500000;
18.1590000;0.9499980;0.9500000;
18.1600000;0.9499980;0.9500000;
18.1610000;0.9499980;0.9500000;
18.1620000;0.9499980;0.9500000;
18.1630000;0.9499980;0.9500000;
18.1640000;0.9499980;0.9500000;
18.1650000;0.9499980;0.9500000;
18.1660000;0.9499980;0.9500000;
18.1670000;0.9499980;0.9500000;
18.1680000;0.9499980;0.9500000;
18.1690000;0.9499980;0.9500000;
18.1700000;0.9499980;0.9500000;
18.1710000;0.9499980;0.9500000;
18.1720000;0.9499980;0.9500000;
18.1730000;0.9499980;0.9500000;
18.1740000;0.9499980;0.9500000;
18.1750000;0.9499980;0.9500000;
18.1760000;0.9499980;0.9500000;
18.1770000;0.9499980;0.9500000;
18.1780000;0.9499980;0.9500000;
18.1790000;0.9499980;0.9500000;
18.1800000;0.9499980;0.9500000;
18.1810000;0.9499980;0.9500000;
18.1820000;0.9499980;0.9500000;
18.1830000;0.9499980;0.9500000;
18.1840000;0.9499980;0.9500000;
18.1850000;0.9499980;0.9500000;
18.1860000;0.9499980;0.9500000;
18.1870000;0.9499980;0.9500000;
18.1880000;0.9499980;0.9500000;
18.1890000;0.9499980;0.9500000;
18.1900000;0.9499980;0.9500000;
18.1910000;0.9499980;0.9500000;
18.1920000;0.9499980;0.9500000;
18.1930000;0.9499980;0.9500000;
18.1940000;0.9499980;0.9500000;
18.1950000;0.9499980;0.9500000;
18.1960000;0.9499980;0.9500000;
18.1970000;0.9499980;0.9500000;
18.1980000;0.9499980;0.9500000;
18.1990000;0.9499980;0.9500000;
18.2000000;0.9499980;0.9500000;
18.2010000;0.9499980;0.9500000;
18.2020000;0.9499980;0.9500000;
18.2030000;0.9499980;0.9500000;
18.2040000;0.9499980;0.9500000;
18.2050000;0.9499980;0.9500000;
18.2060000;0.9499980;0.9500000;
18.2070000;0.9499980;0.9500000;
18.2080000;0.9499980;0.9500000;
18.2090000;0.9499980;0.9500000;
18.2100000;0.9499980;0.9500000;
18.2110000;0.9499980;0.9500000;
18.2120000;0.9499980;0.9500000;
18.2130000;0.9499980;0.9500000;
18.2140000;0.9499980;0.9500000;
18.2150000;0.9499980;0.9500000;
18.2160000;0.9499980;0.9500000;
18.2170000;0.9499980;0.9500000;
18.2180000;0.9499980;0.9500000;
18.2190000;0.9499980;0.9500000;
18.2200000;0.9499980;0.9500000;
18.2210000;0.9499980;0.9500000;
18.2220000;0.9499980;0.9500000;
18.2230000;0.9499980;0.9500000;
18.2240000;0.9499980;0.9500000;
18.2250000;0.9499980;0.9500000;
18.2260000;0.9499980;0.9500000;
18.2270000;0.9499980;0.9500000;
18.2280000;0.9499980;0.9500000;
18.2290000;0.9499980;0.9500000;
18.2300000;0.9499980;0.9500000;
18.2310000;0.9499980;0.9500000;
18.2320000;0.9499980;0.9500000;
18.2330000;0.9499980;0.9500000;
18.2340000;0.9499980;0.9500000;
18.2350000;0.9499980;0.9500000;
18.2360000;0.9499980;0.9500000;
18.2370000;0.9499980;0.9500000;
18.2380000;0.9499980;0.9500000;
18.2390000;0.9499980;0.9500000;
18.2400000;0.9499980;0.9500000;
18.2410000;0.9499980;0.9500000;
18.2420000;0.9499980;0.9500000;
18.2430000;0.9499980;0.9500000;
18.2440000;0.9499980;0.9500000;
18.2450000;0.9499980;0.9500000;
18.2460000;0.9499980;0.9500000;
18.2470000;0.9499980;0.9500000;
18.2480000;0.9499980;0.9500000;
18.2490000;0.9499980;0.9500000;
18.2500000;0.9499980;0.9500000;
18.2510000;0.9499980;0.9500000;
18.2520000;0.9499980;0.9500000;
18.2530000;0.9499980;0.9500000;
18.2540000;0.9499980;0.9500000;
18.2550000;0.9499980;0.9500000;
18.2560000;0.9499980;0.9500000;
18.2570000;0.9499980;0.9500000;
18.2580000;0.9499980;0.9500000;
18.2590000;0.9499980;0.9500000;
18.2600000;0.9499980;0.9500000;
18.2610000;0.9499980;0.9500000;
18.2620000;0.9499980;0.9500000;
18.2630000;0.9499980;0.9500000;
18.2640000;0.9499980;0.9500000;
18.2650000;0.9499980;0.9500000;
18.2660000;0.9499980;0.9500000;
18.2670000;0.9499980;0.9500000;
18.2680000;0.9499980;0.9500000;
18.2690000;0.9499980;0.9500000;
18.2700000;0.9499980;0.9500000;
18.2710000;0.9499980;0.9500000;
18.2720000;0.9499980;0.9500000;
18.2730000;0.9499980;0.9500000;
18.2740000;0.9499980;0.9500000;
18.2750000;0.9499980;0.9500000;
18.2760000;0.9499980;0.9500000;
18.2770000;0.9499980;0.9500000;
18.2780000;0.9499980;0.9500000;
18.2790000;0.9499980;0.9500000;
18.2800000;0.9499980;0.9500000;
18.2810000;0.9499980;0.9500000;
18.2820000;0.9499980;0.9500000;
18.2830000;0.9499980;0.9500000;
18.2840000;0.9499980;0.9500000;
18.2850000;0.9499980;0.9500000;
18.2860000;0.9499980;0.9500000;
18.2870000;0.9499980;0.9500000;
18.2880000;0.9499980;0.9500000;
18.2890000;0.9499980;0.9500000;
18.2900000;0.9499980;0.9500000;
18.2910000;0.9499980;0.9500000;
18.2920000;0.9499980;0.9500000;
18.2930000;0.9499980;0.9500000;
18.2940000;0.9499980;0.9500000;
18.2950000;0.9499980;0.9500000;
18.2960000;0.9499980;0.9500000;
18.2970000;0.9499980;0.9500000;
18.2980000;0.9499980;0.9500000;
18.2990000;0.9499980;0.9500000;
18.3000000;0.9499980;0.9500000;
18.3010000;0.9499980;0.9500000;
18.3020000;0.9499980;0.9500000;
18.3030000;0.9499980;0.9500000;
18.3040000;0.9499980;0.9500000;
18.3050000;0.9499980;0.9500000;
18.3060000;0.9499980;0.9500000;
18.3070000;0.9499980;0.9500000;
18.3080000;0.9499980;0.9500000;
18.3090000;0.9499980;0.9500000;
18.3100000;0.9499980;0.9500000;
18.3110000;0.9499980;0.9500000;
18.3120000;0.9499980;0.9500000;
18.3130000;0.9499980;0.9500000;
18.3140000;0.9499980;0.9500000;
18.3150000;0.9499980;0.9500000;
18.3160000;0.9499980;0.9500000;
18.3170000;0.9499980;0.9500000;
18.3180000;0.9499980;0.9500000;
18.3190000;0.9499980;0.9500000;
18.3200000;0.9499980;0.9500000;
18.3210000;0.9499980;0.9500000;
18.3220000;0.9499980;0.9500000;
18.3230000;0.9499980;0.9500000;
18.3240000;0.9499980;0.9500000;
18.3250000;0.9499980;0.9500000;
18.3260000;0.9499980;0.9500000;
18.3270000;0.9499980;0.9500000;
18.3280000;0.9499980;0.9500000;
18.3290000;0.9499980;0.9500000;
18.3300000;0.9499980;0.9500000;
18.3310000;0.9499980;0.9500000;
18.3320000;0.9499980;0.9500000;
18.3330000;0.9499980;0.9500000;
18.3340000;0.9499980;0.9500000;
18.3350000;0.9499980;0.9500000;
18.3360000;0.9499980;0.9500000;
18.3370000;0.9499980;0.9500000;
18.3380000;0.9499980;0.9500000;
18.3390000;0.9499980;0.9500000;
18.3400000;0.9499980;0.9500000;
18.3410000;0.9499980;0.9500000;
18.3420000;0.9499980;0.9500000;
18.3430000;0.9499980;0.9500000;
18.3440000;0.9499980;0.9500000;
18.3450000;0.9499980;0.9500000;
18.3460000;0.9499980;0.9500000;
18.3470000;0.9499980;0.9500000;
18.3480000;0.9499980;0.9500000;
18.3490000;0.9499980;0.9500000;
18.3500000;0.9499980;0.9500000;
18.3510000;0.9499980;0.9500000;
18.3520000;0.9499980;0.9500000;
18.3530000;0.9499980;0.9500000;
18.3540000;0.9499980;0.9500000;
18.3550000;0.9499980;0.9500000;
18.3560000;0.9499980;0.9500000;
18.3570000;0.9499980;0.9500000;
18.3580000;0.9499980;0.9500000;
18.3590000;0.9499980;0.9500000;
18.3600000;0.9499980;0.9500000;
18.3610000;0.9499980;0.9500000;
18.3620000;0.9499980;0.9500000;
18.3630000;0.9499980;0.9500000;
18.3640000;0.9499980;0.9500000;
18.3650000;0.9499980;0.9500000;
18.3660000;0.9499980;0.9500000;
18.3670000;0.9499980;0.9500000;
18.3680000;0.9499980;0.9500000;
18.3690000;0.9499980;0.9500000;
18.3700000;0.9499980;0.9500000;
18.3710000;0.9499980;0.9500000;
18.3720000;0.9499980;0.9500000;
18.3730000;0.9499980;0.9500000;
18.3740000;0.9499980;0.9500000;
18.3750000;0.9499980;0.9500000;
18.3760000;0.9499980;0.9500000;
18.3770000;0.9499980;0.9500000;
18.3780000;0.9499980;0.9500000;
18.3790000;0.9499980;0.9500000;
18.3800000;0.9499980;0.9500000;
18.3810000;0.9499980;0.9500000;
18.3820000;0.9499980;0.9500000;
18.3830000;0.9499980;0.9500000;
18.3840000;0.9499980;0.9500000;
18.3850000;0.9499980;0.9500000;
18.3860000;0.9499980;0.9500000;
18.3870000;0.9499980;0.9500000;
18.3880000;0.9499980;0.9500000;
18.3890000;0.9499980;0.9500000;
18.3900000;0.9499980;0.9500000;
18.3910000;0.9499980;0.9500000;
18.3920000;0.9499980;0.9500000;
18.3930000;0.9499980;0.9500000;
18.3940000;0.9499980;0.9500000;
18.3950000;0.9499980;0.9500000;
18.3960000;0.9499980;0.9500000;
18.3970000;0.9499980;0.9500000;
18.3980000;0.9499980;0.9500000;
18.3990000;0.9499980;0.9500000;
18.4000000;0.9499980;0.9500000;
18.4010000;0.9499980;0.9500000;
18.4020000;0.9499980;0.9500000;
18.4030000;0.9499980;0.9500000;
18.4040000;0.9499980;0.9500000;
18.4050000;0.9499980;0.9500000;
18.4060000;0.9499980;0.9500000;
18.4070000;0.9499980;0.9500000;
18.4080000;0.9499980;0.9500000;
18.4090000;0.9499980;0.9500000;
18.4100000;0.9499980;0.9500000;
18.4110000;0.9499980;0.9500000;
18.4120000;0.9499980;0.9500000;
18.4130000;0.9499980;0.9500000;
18.4140000;0.9499980;0.9500000;
18.4150000;0.9499980;0.9500000;
18.4160000;0.9499980;0.9500000;
18.4170000;0.9499980;0.9500000;
18.4180000;0.9499980;0.9500000;
18.4190000;0.9499980;0.9500000;
18.4200000;0.9499980;0.9500000;
18.4210000;0.9499980;0.9500000;
18.4220000;0.9499980;0.9500000;
18.4230000;0.9499980;0.9500000;
18.4240000;0.9499980;0.9500000;
18.4250000;0.9499980;0.9500000;
18.4260000;0.9499980;0.9500000;
18.4270000;0.9499980;0.9500000;
18.4280000;0.9499980;0.9500000;
18.4290000;0.9499980;0.9500000;
18.4300000;0.9499980;0.9500000;
18.4310000;0.9499980;0.9500000;
18.4320000;0.9499980;0.9500000;
18.4330000;0.9499980;0.9500000;
18.4340000;0.9499980;0.9500000;
18.4350000;0.9499980;0.9500000;
18.4360000;0.9499980;0.9500000;
18.4370000;0.9499980;0.9500000;
18.4380000;0.9499980;0.9500000;
18.4390000;0.9499980;0.9500000;
18.4400000;0.9499980;0.9500000;
18.4410000;0.9499980;0.9500000;
18.4420000;0.9499980;0.9500000;
18.4430000;0.9499980;0.9500000;
18.4440000;0.9499980;0.9500000;
18.4450000;0.9499980;0.9500000;
18.4460000;0.9499980;0.9500000;
18.4470000;0.9499980;0.9500000;
18.4480000;0.9499980;0.9500000;
18.4490000;0.9499980;0.9500000;
18.4500000;0.9499980;0.9500000;
18.4510000;0.9499980;0.9500000;
18.4520000;0.9499980;0.9500000;
18.4530000;0.9499980;0.9500000;
18.4540000;0.9499980;0.9500000;
18.4550000;0.9499980;0.9500000;
18.4560000;0.9499980;0.9500000;
18.4570000;0.9499980;0.9500000;
18.4580000;0.9499980;0.9500000;
18.4590000;0.9499980;0.9500000;
18.4600000;0.9499980;0.9500000;
18.4610000;0.9499980;0.9500000;
18.4620000;0.9499980;0.9500000;
18.4630000;0.9499980;0.9500000;
18.4640000;0.9499980;0.9500000;
18.4650000;0.9499980;0.9500000;
18.4660000;0.9499980;0.9500000;
18.4670000;0.9499980;0.9500000;
18.4680000;0.9499980;0.9500000;
18.4690000;0.9499980;0.9500000;
18.4700000;0.9499980;0.9500000;
18.4710000;0.9499980;0.9500000;
18.4720000;0.9499980;0.9500000;
18.4730000;0.9499980;0.9500000;
18.4740000;0.9499980;0.9500000;
18.4750000;0.9499980;0.9500000;
18.4760000;0.9499980;0.9500000;
18.4770000;0.9499980;0.9500000;
18.4780000;0.9499980;0.9500000;
18.4790000;0.9499980;0.9500000;
18.4800000;0.9499980;0.9500000;
18.4810000;0.9499980;0.9500000;
18.4820000;0.9499980;0.9500000;
18.4830000;0.9499980;0.9500000;
18.4840000;0.9499980;0.9500000;
18.4850000;0.9499980;0.9500000;
18.4860000;0.9499980;0.9500000;
18.4870000;0.9499980;0.9500000;
18.4880000;0.9499980;0.9500000;
18.4890000;0.9499980;0.9500000;
18.4900000;0.9499980;0.9500000;
18.4910000;0.9499980;0.9500000;
18.4920000;0.9499980;0.9500000;
18.4930000;0.9499980;0.9500000;
18.4940000;0.9499980;0.9500000;
18.4950000;0.9499980;0.9500000;
18.4960000;0.9499980;0.9500000;
18.4970000;0.9499980;0.9500000;
18.4980000;0.9499980;0.9500000;
18.4990000;0.9499980;0.9500000;
18.5000000;0.9499980;0.9500000;
18.5010000;0.9499980;0.9500000;
18.5020000;0.9499980;0.9500000;
18.5030000;0.9499980;0.9500000;
18.5040000;0.9499980;0.9500000;
18.5050000;0.9499980;0.9500000;
18.5060000;0.9499980;0.9500000;
18.5070000;0.9499980;0.9500000;
18.5080000;0.9499980;0.9500000;
18.5090000;0.9499980;0.9500000;
18.5100000;0.9499980;0.9500000;
18.5110000;0.9499980;0.9500000;
18.5120000;0.9499980;0.9500000;
18.5130000;0.9499980;0.9500000;
18.5140000;0.9499980;0.9500000;
18.5150000;0.9499980;0.9500000;
18.5160000;0.9499980;0.9500000;
18.5170000;0.9499980;0.9500000;
18.5180000;0.9499980;0.9500000;
18.5190000;0.9499980;0.9500000;
18.5200000;0.9499980;0.9500000;
18.5210000;0.9499980;0.9500000;
18.5220000;0.9499980;0.9500000;
18.5230000;0.9499980;0.9500000;
18.5240000;0.9499980;0.9500000;
18.5250000;0.9499980;0.9500000;
18.5260000;0.9499980;0.9500000;
18.5270000;0.9499980;0.9500000;
18.5280000;0.9499980;0.9500000;
18.5290000;0.9499980;0.9500000;
18.5300000;0.9499980;0.9500000;
18.5310000;0.9499980;0.9500000;
18.5320000;0.9499980;0.9500000;
18.5330000;0.9499980;0.9500000;
18.5340000;0.9499980;0.9500000;
18.5350000;0.9499980;0.9500000;
18.5360000;0.9499980;0.9500000;
18.5370000;0.9499980;0.9500000;
18.5380000;0.9499980;0.9500000;
18.5390000;0.9499980;0.9500000;
18.5400000;0.9499980;0.9500000;
18.5410000;0.9499980;0.9500000;
18.5420000;0.9499980;0.9500000;
18.5430000;0.9499980;0.9500000;
18.5440000;0.9499980;0.9500000;
18.5450000;0.9499980;0.9500000;
18.5460000;0.9499980;0.9500000;
18.5470000;0.9499980;0.9500000;
18.5480000;0.9499980;0.9500000;
18.5490000;0.9499980;0.9500000;
18.5500000;0.9499980;0.9500000;
18.5510000;0.9499980;0.9500000;
18.5520000;0.9499980;0.9500000;
18.5530000;0.9499980;0.9500000;
18.5540000;0.9499980;0.9500000;
18.5550000;0.9499980;0.9500000;
18.5560000;0.9499980;0.9500000;
18.5570000;0.9499980;0.9500000;
18.5580000;0.9499980;0.9500000;
18.5590000;0.9499980;0.9500000;
18.5600000;0.9499980;0.9500000;
18.5610000;0.9499980;0.9500000;
18.5620000;0.9499980;0.9500000;
18.5630000;0.9499980;0.9500000;
18.5640000;0.9499980;0.9500000;
18.5650000;0.9499980;0.9500000;
18.5660000;0.9499980;0.9500000;
18.5670000;0.9499980;0.9500000;
18.5680000;0.9499980;0.9500000;
18.5690000;0.9499980;0.9500000;
18.5700000;0.9499980;0.9500000;
18.5710000;0.9499980;0.9500000;
18.5720000;0.9499980;0.9500000;
18.5730000;0.9499980;0.9500000;
18.5740000;0.9499980;0.9500000;
18.5750000;0.9499980;0.9500000;
18.5760000;0.9499980;0.9500000;
18.5770000;0.9499980;0.9500000;
18.5780000;0.9499980;0.9500000;
18.5790000;0.9499980;0.9500000;
18.5800000;0.9499980;0.9500000;
18.5810000;0.9499980;0.9500000;
18.5820000;0.9499980;0.9500000;
18.5830000;0.9499980;0.9500000;
18.5840000;0.9499980;0.9500000;
18.5850000;0.9499980;0.9500000;
18.5860000;0.9499980;0.9500000;
18.5870000;0.9499980;0.9500000;
18.5880000;0.9499980;0.9500000;
18.5890000;0.9499980;0.9500000;
18.5900000;0.9499980;0.9500000;
18.5910000;0.9499980;0.9500000;
18.5920000;0.9499980;0.9500000;
18.5930000;0.9499980;0.9500000;
18.5940000;0.9499980;0.9500000;
18.5950000;0.9499980;0.9500000;
18.5960000;0.9499980;0.9500000;
18.5970000;0.9499980;0.9500000;
18.5980000;0.9499980;0.9500000;
18.5990000;0.9499980;0.9500000;
18.6000000;0.9499980;0.9500000;
18.6010000;0.9499980;0.9500000;
18.6020000;0.9499980;0.9500000;
18.6030000;0.9499980;0.9500000;
18.6040000;0.9499980;0.9500000;
18.6050000;0.9499980;0.9500000;
18.6060000;0.9499980;0.9500000;
18.6070000;0.9499980;0.9500000;
18.6080000;0.9499980;0.9500000;
18.6090000;0.9499980;0.9500000;
18.6100000;0.9499980;0.9500000;
18.6110000;0.9499980;0.9500000;
18.6120000;0.9499980;0.9500000;
18.6130000;0.9499980;0.9500000;
18.6140000;0.9499980;0.9500000;
18.6150000;0.9499980;0.9500000;
18.6160000;0.9499980;0.9500000;
18.6170000;0.9499980;0.9500000;
18.6180000;0.9499980;0.9500000;
18.6190000;0.9499980;0.9500000;
18.6200000;0.9499980;0.9500000;
18.6210000;0.9499980;0.9500000;
18.6220000;0.9499980;0.9500000;
18.6230000;0.9499980;0.9500000;
18.6240000;0.9499980;0.9500000;
18.6250000;0.9499980;0.9500000;
18.6260000;0.9499980;0.9500000;
18.6270000;0.9499980;0.9500000;
18.6280000;0.9499980;0.9500000;
18.6290000;0.9499980;0.9500000;
18.6300000;0.9499980;0.9500000;
18.6310000;0.9499980;0.9500000;
18.6320000;0.9499980;0.9500000;
18.6330000;0.9499980;0.9500000;
18.6340000;0.9499980;0.9500000;
18.6350000;0.9499980;0.9500000;
18.6360000;0.9499980;0.9500000;
18.6370000;0.9499980;0.9500000;
18.6380000;0.9499980;0.9500000;
18.6390000;0.9499980;0.9500000;
18.6400000;0.9499980;0.9500000;
18.6410000;0.9499980;0.9500000;
18.6420000;0.9499980;0.9500000;
18.6430000;0.9499980;0.9500000;
18.6440000;0.9499980;0.9500000;
18.6450000;0.9499980;0.9500000;
18.6460000;0.9499980;0.9500000;
18.6470000;0.9499980;0.9500000;
18.6480000;0.9499980;0.9500000;
18.6490000;0.9499980;0.9500000;
18.6500000;0.9499980;0.9500000;
18.6510000;0.9499980;0.9500000;
18.6520000;0.9499980;0.9500000;
18.6530000;0.9499980;0.9500000;
18.6540000;0.9499980;0.9500000;
18.6550000;0.9499980;0.9500000;
18.6560000;0.9499980;0.9500000;
18.6570000;0.9499980;0.9500000;
18.6580000;0.9499980;0.9500000;
18.6590000;0.9499980;0.9500000;
18.6600000;0.9499980;0.9500000;
18.6610000;0.9499980;0.9500000;
18.6620000;0.9499980;0.9500000;
18.6630000;0.9499980;0.9500000;
18.6640000;0.9499980;0.9500000;
18.6650000;0.9499980;0.9500000;
18.6660000;0.9499980;0.9500000;
18.6670000;0.9499980;0.9500000;
18.6680000;0.9499980;0.9500000;
18.6690000;0.9499980;0.9500000;
18.6700000;0.9499980;0.9500000;
18.6710000;0.9499980;0.9500000;
18.6720000;0.9499980;0.9500000;
18.6730000;0.9499980;0.9500000;
18.6740000;0.9499980;0.9500000;
18.6750000;0.9499980;0.9500000;
18.6760000;0.9499980;0.9500000;
18.6770000;0.9499980;0.9500000;
18.6780000;0.9499980;0.9500000;
18.6790000;0.9499980;0.9500000;
18.6800000;0.9499980;0.9500000;
18.6810000;0.9499980;0.9500000;
18.6820000;0.9499980;0.9500000;
18.6830000;0.9499980;0.9500000;
18.6840000;0.9499980;0.9500000;
18.6850000;0.9499980;0.9500000;
18.6860000;0.9499980;0.9500000;
18.6870000;0.9499980;0.9500000;
18.6880000;0.9499980;0.9500000;
18.6890000;0.9499980;0.9500000;
18.6900000;0.9499980;0.9500000;
18.6910000;0.9499980;0.9500000;
18.6920000;0.9499980;0.9500000;
18.6930000;0.9499980;0.9500000;
18.6940000;0.9499980;0.9500000;
18.6950000;0.9499980;0.9500000;
18.6960000;0.9499980;0.9500000;
18.6970000;0.9499980;0.9500000;
18.6980000;0.9499980;0.9500000;
18.6990000;0.9499980;0.9500000;
18.7000000;0.9499980;0.9500000;
18.7010000;0.9499980;0.9500000;
18.7020000;0.9499980;0.9500000;
18.7030000;0.9499980;0.9500000;
18.7040000;0.9499980;0.9500000;
18.7050000;0.9499980;0.9500000;
18.7060000;0.9499980;0.9500000;
18.7070000;0.9499980;0.9500000;
18.7080000;0.9499980;0.9500000;
18.7090000;0.9499980;0.9500000;
18.7100000;0.9499980;0.9500000;
18.7110000;0.9499980;0.9500000;
18.7120000;0.9499980;0.9500000;
18.7130000;0.9499980;0.9500000;
18.7140000;0.9499980;0.9500000;
18.7150000;0.9499980;0.9500000;
18.7160000;0.9499980;0.9500000;
18.7170000;0.9499980;0.9500000;
18.7180000;0.9499980;0.9500000;
18.7190000;0.9499980;0.9500000;
18.7200000;0.9499980;0.9500000;
18.7210000;0.9499980;0.9500000;
18.7220000;0.9499980;0.9500000;
18.7230000;0.9499980;0.9500000;
18.7240000;0.9499980;0.9500000;
18.7250000;0.9499980;0.9500000;
18.7260000;0.9499980;0.9500000;
18.7270000;0.9499980;0.9500000;
18.7280000;0.9499980;0.9500000;
18.7290000;0.9499980;0.9500000;
18.7300000;0.9499980;0.9500000;
18.7310000;0.9499980;0.9500000;
18.7320000;0.9499980;0.9500000;
18.7330000;0.9499980;0.9500000;
18.7340000;0.9499980;0.9500000;
18.7350000;0.9499980;0.9500000;
18.7360000;0.9499980;0.9500000;
18.7370000;0.9499980;0.9500000;
18.7380000;0.9499980;0.9500000;
18.7390000;0.9499980;0.9500000;
18.7400000;0.9499980;0.9500000;
18.7410000;0.9499980;0.9500000;
18.7420000;0.9499980;0.9500000;
18.7430000;0.9499980;0.9500000;
18.7440000;0.9499980;0.9500000;
18.7450000;0.9499980;0.9500000;
18.7460000;0.9499980;0.9500000;
18.7470000;0.9499980;0.9500000;
18.7480000;0.9499980;0.9500000;
18.7490000;0.9499980;0.9500000;
18.7500000;0.9499980;0.9500000;
18.7510000;0.9499980;0.9500000;
18.7520000;0.9499980;0.9500000;
18.7530000;0.9499980;0.9500000;
18.7540000;0.9499980;0.9500000;
18.7550000;0.9499980;0.9500000;
18.7560000;0.9499980;0.9500000;
18.7570000;0.9499980;0.9500000;
18.7580000;0.9499980;0.9500000;
18.7590000;0.9499980;0.9500000;
18.7600000;0.9499980;0.9500000;
18.7610000;0.9499980;0.9500000;
18.7620000;0.9499980;0.9500000;
18.7630000;0.9499980;0.9500000;
18.7640000;0.9499980;0.9500000;
18.7650000;0.9499980;0.9500000;
18.7660000;0.9499980;0.9500000;
18.7670000;0.9499980;0.9500000;
18.7680000;0.9499980;0.9500000;
18.7690000;0.9499980;0.9500000;
18.7700000;0.9499980;0.9500000;
18.7710000;0.9499980;0.9500000;
18.7720000;0.9499980;0.9500000;
18.7730000;0.9499980;0.9500000;
18.7740000;0.9499980;0.9500000;
18.7750000;0.9499980;0.9500000;
18.7760000;0.9499980;0.9500000;
18.7770000;0.9499980;0.9500000;
18.7780000;0.9499980;0.9500000;
18.7790000;0.9499980;0.9500000;
18.7800000;0.9499980;0.9500000;
18.7810000;0.9499980;0.9500000;
18.7820000;0.9499980;0.9500000;
18.7830000;0.9499980;0.9500000;
18.7840000;0.9499980;0.9500000;
18.7850000;0.9499980;0.9500000;
18.7860000;0.9499980;0.9500000;
18.7870000;0.9499980;0.9500000;
18.7880000;0.9499980;0.9500000;
18.7890000;0.9499980;0.9500000;
18.7900000;0.9499980;0.9500000;
18.7910000;0.9499980;0.9500000;
18.7920000;0.9499980;0.9500000;
18.7930000;0.9499980;0.9500000;
18.7940000;0.9499980;0.9500000;
18.7950000;0.9499980;0.9500000;
18.7960000;0.9499980;0.9500000;
18.7970000;0.9499980;0.9500000;
18.7980000;0.9499980;0.9500000;
18.7990000;0.9499980;0.9500000;
18.8000000;0.9499980;0.9500000;
18.8010000;0.9499980;0.9500000;
18.8020000;0.9499980;0.9500000;
18.8030000;0.9499980;0.9500000;
18.8040000;0.9499980;0.9500000;
18.8050000;0.9499980;0.9500000;
18.8060000;0.9499980;0.9500000;
18.8070000;0.9499980;0.9500000;
18.8080000;0.9499980;0.9500000;
18.8090000;0.9499980;0.9500000;
18.8100000;0.9499980;0.9500000;
18.8110000;0.9499980;0.9500000;
18.8120000;0.9499980;0.9500000;
18.8130000;0.9499980;0.9500000;
18.8140000;0.9499980;0.9500000;
18.8150000;0.9499980;0.9500000;
18.8160000;0.9499980;0.9500000;
18.8170000;0.9499980;0.9500000;
18.8180000;0.9499980;0.9500000;
18.8190000;0.9499980;0.9500000;
18.8200000;0.9499980;0.9500000;
18.8210000;0.9499980;0.9500000;
18.8220000;0.9499980;0.9500000;
18.8230000;0.9499980;0.9500000;
18.8240000;0.9499980;0.9500000;
18.8250000;0.9499980;0.9500000;
18.8260000;0.9499980;0.9500000;
18.8270000;0.9499980;0.9500000;
18.8280000;0.9499980;0.9500000;
18.8290000;0.9499980;0.9500000;
18.8300000;0.9499980;0.9500000;
18.8310000;0.9499980;0.9500000;
18.8320000;0.9499980;0.9500000;
18.8330000;0.9499980;0.9500000;
18.8340000;0.9499980;0.9500000;
18.8350000;0.9499980;0.9500000;
18.8360000;0.9499980;0.9500000;
18.8370000;0.9499980;0.9500000;
18.8380000;0.9499980;0.9500000;
18.8390000;0.9499980;0.9500000;
18.8400000;0.9499980;0.9500000;
18.8410000;0.9499980;0.9500000;
18.8420000;0.9499980;0.9500000;
18.8430000;0.9499980;0.9500000;
18.8440000;0.9499980;0.9500000;
18.8450000;0.9499980;0.9500000;
18.8460000;0.9499980;0.9500000;
18.8470000;0.9499980;0.9500000;
18.8480000;0.9499980;0.9500000;
18.8490000;0.9499980;0.9500000;
18.8500000;0.9499980;0.9500000;
18.8510000;0.9499980;0.9500000;
18.8520000;0.9499980;0.9500000;
18.8530000;0.9499980;0.9500000;
18.8540000;0.9499980;0.9500000;
18.8550000;0.9499980;0.9500000;
18.8560000;0.9499980;0.9500000;
18.8570000;0.9499980;0.9500000;
18.8580000;0.9499980;0.9500000;
18.8590000;0.9499980;0.9500000;
18.8600000;0.9499980;0.9500000;
18.8610000;0.9499980;0.9500000;
18.8620000;0.9499980;0.9500000;
18.8630000;0.9499980;0.9500000;
18.8640000;0.9499980;0.9500000;
18.8650000;0.9499980;0.9500000;
18.8660000;0.9499980;0.9500000;
18.8670000;0.9499980;0.9500000;
18.8680000;0.9499980;0.9500000;
18.8690000;0.9499980;0.9500000;
18.8700000;0.9499980;0.9500000;
18.8710000;0.9499980;0.9500000;
18.8720000;0.9499980;0.9500000;
18.8730000;0.9499980;0.9500000;
18.8740000;0.9499980;0.9500000;
18.8750000;0.9499980;0.9500000;
18.8760000;0.9499980;0.9500000;
18.8770000;0.9499980;0.9500000;
18.8780000;0.9499980;0.9500000;
18.8790000;0.9499980;0.9500000;
18.8800000;0.9499980;0.9500000;
18.8810000;0.9499980;0.9500000;
18.8820000;0.9499980;0.9500000;
18.8830000;0.9499980;0.9500000;
18.8840000;0.9499980;0.9500000;
18.8850000;0.9499980;0.9500000;
18.8860000;0.9499980;0.9500000;
18.8870000;0.9499980;0.9500000;
18.8880000;0.9499980;0.9500000;
18.8890000;0.9499980;0.9500000;
18.8900000;0.9499980;0.9500000;
18.8910000;0.9499980;0.9500000;
18.8920000;0.9499980;0.9500000;
18.8930000;0.9499980;0.9500000;
18.8940000;0.9499980;0.9500000;
18.8950000;0.9499980;0.9500000;
18.8960000;0.9499980;0.9500000;
18.8970000;0.9499980;0.9500000;
18.8980000;0.9499980;0.9500000;
18.8990000;0.9499980;0.9500000;
18.9000000;0.9499980;0.9500000;
18.9010000;0.9499980;0.9500000;
18.9020000;0.9499980;0.9500000;
18.9030000;0.9499980;0.9500000;
18.9040000;0.9499980;0.9500000;
18.9050000;0.9499980;0.9500000;
18.9060000;0.9499980;0.9500000;
18.9070000;0.9499980;0.9500000;
18.9080000;0.9499980;0.9500000;
18.9090000;0.9499980;0.9500000;
18.9100000;0.9499980;0.9500000;
18.9110000;0.9499980;0.9500000;
18.9120000;0.9499980;0.9500000;
18.9130000;0.9499980;0.9500000;
18.9140000;0.9499980;0.9500000;
18.9150000;0.9499980;0.9500000;
18.9160000;0.9499980;0.9500000;
18.9170000;0.9499980;0.9500000;
18.9180000;0.9499980;0.9500000;
18.9190000;0.9499980;0.9500000;
18.9200000;0.9499980;0.9500000;
18.9210000;0.9499980;0.9500000;
18.9220000;0.9499980;0.9500000;
18.9230000;0.9499980;0.9500000;
18.9240000;0.9499980;0.9500000;
18.9250000;0.9499980;0.9500000;
18.9260000;0.9499980;0.9500000;
18.9270000;0.9499980;0.9500000;
18.9280000;0.9499980;0.9500000;
18.9290000;0.9499980;0.9500000;
18.9300000;0.9499980;0.9500000;
18.9310000;0.9499980;0.9500000;
18.9320000;0.9499980;0.9500000;
18.9330000;0.9499980;0.9500000;
18.9340000;0.9499980;0.9500000;
18.9350000;0.9499980;0.9500000;
18.9360000;0.9499980;0.9500000;
18.9370000;0.9499980;0.9500000;
18.9380000;0.9499980;0.9500000;
18.9390000;0.9499980;0.9500000;
18.9400000;0.9499980;0.9500000;
18.9410000;0.9499980;0.9500000;
18.9420000;0.9499980;0.9500000;
18.9430000;0.9499980;0.9500000;
18.9440000;0.9499980;0.9500000;
18.9450000;0.9499980;0.9500000;
18.9460000;0.9499980;0.9500000;
18.9470000;0.9499980;0.9500000;
18.9480000;0.9499980;0.9500000;
18.9490000;0.9499980;0.9500000;
18.9500000;0.9499980;0.9500000;
18.9510000;0.9499980;0.9500000;
18.9520000;0.9499980;0.9500000;
18.9530000;0.9499980;0.9500000;
18.9540000;0.9499980;0.9500000;
18.9550000;0.9499980;0.9500000;
18.9560000;0.9499980;0.9500000;
18.9570000;0.9499980;0.9500000;
18.9580000;0.9499980;0.9500000;
18.9590000;0.9499980;0.9500000;
18.9600000;0.9499980;0.9500000;
18.9610000;0.9499980;0.9500000;
18.9620000;0.9499980;0.9500000;
18.9630000;0.9499980;0.9500000;
18.9640000;0.9499980;0.9500000;
18.9650000;0.9499980;0.9500000;
18.9660000;0.9499980;0.9500000;
18.9670000;0.9499980;0.9500000;
18.9680000;0.9499980;0.9500000;
18.9690000;0.9499980;0.9500000;
18.9700000;0.9499980;0.9500000;
18.9710000;0.9499980;0.9500000;
18.9720000;0.9499980;0.9500000;
18.9730000;0.9499980;0.9500000;
18.9740000;0.9499980;0.9500000;
18.9750000;0.9499980;0.9500000;
18.9760000;0.9499980;0.9500000;
18.9770000;0.9499980;0.9500000;
18.9780000;0.9499980;0.9500000;
18.9790000;0.9499980;0.9500000;
18.9800000;0.9499980;0.9500000;
18.9810000;0.9499980;0.9500000;
18.9820000;0.9499980;0.9500000;
18.9830000;0.9499980;0.9500000;
18.9840000;0.9499980;0.9500000;
18.9850000;0.9499980;0.9500000;
18.9860000;0.9499980;0.9500000;
18.9870000;0.9499980;0.9500000;
18.9880000;0.9499980;0.9500000;
18.9890000;0.9499980;0.9500000;
18.9900000;0.9499980;0.9500000;
18.9910000;0.9499980;0.9500000;
18.9920000;0.9499980;0.9500000;
18.9930000;0.9499980;0.9500000;
18.9940000;0.9499980;0.9500000;
18.9950000;0.9499980;0.9500000;
18.9960000;0.9499980;0.9500000;
18.9970000;0.9499980;0.9500000;
18.9980000;0.9499980;0.9500000;
18.9990000;0.9499980;0.9500000;
19.0000000;0.9499980;0.9500000;
19.0010000;0.9499980;0.9500000;
19.0020000;0.9499980;0.9500000;
19.0030000;0.9499980;0.9500000;
19.0040000;0.9499980;0.9500000;
19.0050000;0.9499980;0.9500000;
19.0060000;0.9499980;0.9500000;
19.0070000;0.9499980;0.9500000;
19.0080000;0.9499980;0.9500000;
19.0090000;0.9499980;0.9500000;
19.0100000;0.9499980;0.9500000;
19.0110000;0.9499980;0.9500000;
19.0120000;0.9499980;0.9500000;
19.0130000;0.9499980;0.9500000;
19.0140000;0.9499980;0.9500000;
19.0150000;0.9499980;0.9500000;
19.0160000;0.9499980;0.9500000;
19.0170000;0.9499980;0.9500000;
19.0180000;0.9499980;0.9500000;
19.0190000;0.9499980;0.9500000;
19.0200000;0.9499980;0.9500000;
19.0210000;0.9499980;0.9500000;
19.0220000;0.9499980;0.9500000;
19.0230000;0.9499980;0.9500000;
19.0240000;0.9499980;0.9500000;
19.0250000;0.9499980;0.9500000;
19.0260000;0.9499980;0.9500000;
19.0270000;0.9499980;0.9500000;
19.0280000;0.9499980;0.9500000;
19.0290000;0.9499980;0.9500000;
19.0300000;0.9499980;0.9500000;
19.0310000;0.9499980;0.9500000;
19.0320000;0.9499980;0.9500000;
19.0330000;0.9499980;0.9500000;
19.0340000;0.9499980;0.9500000;
19.0350000;0.9499980;0.9500000;
19.0360000;0.9499980;0.9500000;
19.0370000;0.9499980;0.9500000;
19.0380000;0.9499980;0.9500000;
19.0390000;0.9499980;0.9500000;
19.0400000;0.9499980;0.9500000;
19.0410000;0.9499980;0.9500000;
19.0420000;0.9499980;0.9500000;
19.0430000;0.9499980;0.9500000;
19.0440000;0.9499980;0.9500000;
19.0450000;0.9499980;0.9500000;
19.0460000;0.9499980;0.9500000;
19.0470000;0.9499980;0.9500000;
19.0480000;0.9499980;0.9500000;
19.0490000;0.9499980;0.9500000;
19.0500000;0.9499980;0.9500000;
19.0510000;0.9499980;0.9500000;
19.0520000;0.9499980;0.9500000;
19.0530000;0.9499980;0.9500000;
19.0540000;0.9499980;0.9500000;
19.0550000;0.9499980;0.9500000;
19.0560000;0.9499980;0.9500000;
19.0570000;0.9499980;0.9500000;
19.0580000;0.9499980;0.9500000;
19.0590000;0.9499980;0.9500000;
19.0600000;0.9499980;0.9500000;
19.0610000;0.9499980;0.9500000;
19.0620000;0.9499980;0.9500000;
19.0630000;0.9499980;0.9500000;
19.0640000;0.9499980;0.9500000;
19.0650000;0.9499980;0.9500000;
19.0660000;0.9499980;0.9500000;
19.0670000;0.9499980;0.9500000;
19.0680000;0.9499980;0.9500000;
19.0690000;0.9499980;0.9500000;
19.0700000;0.9499980;0.9500000;
19.0710000;0.9499980;0.9500000;
19.0720000;0.9499980;0.9500000;
19.0730000;0.9499980;0.9500000;
19.0740000;0.9499980;0.9500000;
19.0750000;0.9499980;0.9500000;
19.0760000;0.9499980;0.9500000;
19.0770000;0.9499980;0.9500000;
19.0780000;0.9499980;0.9500000;
19.0790000;0.9499980;0.9500000;
19.0800000;0.9499980;0.9500000;
19.0810000;0.9499980;0.9500000;
19.0820000;0.9499980;0.9500000;
19.0830000;0.9499980;0.9500000;
19.0840000;0.9499980;0.9500000;
19.0850000;0.9499980;0.9500000;
19.0860000;0.9499980;0.9500000;
19.0870000;0.9499980;0.9500000;
19.0880000;0.9499980;0.9500000;
19.0890000;0.9499980;0.9500000;
19.0900000;0.9499980;0.9500000;
19.0910000;0.9499980;0.9500000;
19.0920000;0.9499980;0.9500000;
19.0930000;0.9499980;0.9500000;
19.0940000;0.9499980;0.9500000;
19.0950000;0.9499980;0.9500000;
19.0960000;0.9499980;0.9500000;
19.0970000;0.9499980;0.9500000;
19.0980000;0.9499980;0.9500000;
19.0990000;0.9499980;0.9500000;
19.1000000;0.9499980;0.9500000;
19.1010000;0.9499980;0.9500000;
19.1020000;0.9499980;0.9500000;
19.1030000;0.9499980;0.9500000;
19.1040000;0.9499980;0.9500000;
19.1050000;0.9499980;0.9500000;
19.1060000;0.9499980;0.9500000;
19.1070000;0.9499980;0.9500000;
19.1080000;0.9499980;0.9500000;
19.1090000;0.9499980;0.9500000;
19.1100000;0.9499980;0.9500000;
19.1110000;0.9499980;0.9500000;
19.1120000;0.9499980;0.9500000;
19.1130000;0.9499980;0.9500000;
19.1140000;0.9499980;0.9500000;
19.1150000;0.9499980;0.9500000;
19.1160000;0.9499980;0.9500000;
19.1170000;0.9499980;0.9500000;
19.1180000;0.9499980;0.9500000;
19.1190000;0.9499980;0.9500000;
19.1200000;0.9499980;0.9500000;
19.1210000;0.9499980;0.9500000;
19.1220000;0.9499980;0.9500000;
19.1230000;0.9499980;0.9500000;
19.1240000;0.9499980;0.9500000;
19.1250000;0.9499980;0.9500000;
19.1260000;0.9499980;0.9500000;
19.1270000;0.9499980;0.9500000;
19.1280000;0.9499980;0.9500000;
19.1290000;0.9499980;0.9500000;
19.1300000;0.9499980;0.9500000;
19.1310000;0.9499980;0.9500000;
19.1320000;0.9499980;0.9500000;
19.1330000;0.9499980;0.9500000;
19.1340000;0.9499980;0.9500000;
19.1350000;0.9499980;0.9500000;
19.1360000;0.9499980;0.9500000;
19.1370000;0.9499980;0.9500000;
19.1380000;0.9499980;0.9500000;
19.1390000;0.9499980;0.9500000;
19.1400000;0.9499980;0.9500000;
19.1410000;0.9499980;0.9500000;
19.1420000;0.9499980;0.9500000;
19.1430000;0.9499980;0.9500000;
19.1440000;0.9499980;0.9500000;
19.1450000;0.9499980;0.9500000;
19.1460000;0.9499980;0.9500000;
19.1470000;0.9499980;0.9500000;
19.1480000;0.9499980;0.9500000;
19.1490000;0.9499980;0.9500000;
19.1500000;0.9499980;0.9500000;
19.1510000;0.9499980;0.9500000;
19.1520000;0.9499980;0.9500000;
19.1530000;0.9499980;0.9500000;
19.1540000;0.9499980;0.9500000;
19.1550000;0.9499980;0.9500000;
19.1560000;0.9499980;0.9500000;
19.1570000;0.9499980;0.9500000;
19.1580000;0.9499980;0.9500000;
19.1590000;0.9499980;0.9500000;
19.1600000;0.9499980;0.9500000;
19.1610000;0.9499980;0.9500000;
19.1620000;0.9499980;0.9500000;
19.1630000;0.9499980;0.9500000;
19.1640000;0.9499980;0.9500000;
19.1650000;0.9499980;0.9500000;
19.1660000;0.9499980;0.9500000;
19.1670000;0.9499980;0.9500000;
19.1680000;0.9499980;0.9500000;
19.1690000;0.9499980;0.9500000;
19.1700000;0.9499980;0.9500000;
19.1710000;0.9499980;0.9500000;
19.1720000;0.9499980;0.9500000;
19.1730000;0.9499980;0.9500000;
19.1740000;0.9499980;0.9500000;
19.1750000;0.9499980;0.9500000;
19.1760000;0.9499980;0.9500000;
19.1770000;0.9499980;0.9500000;
19.1780000;0.9499980;0.9500000;
19.1790000;0.9499980;0.9500000;
19.1800000;0.9499980;0.9500000;
19.1810000;0.9499980;0.9500000;
19.1820000;0.9499980;0.9500000;
19.1830000;0.9499980;0.9500000;
19.1840000;0.9499980;0.9500000;
19.1850000;0.9499980;0.9500000;
19.1860000;0.9499980;0.9500000;
19.1870000;0.9499980;0.9500000;
19.1880000;0.9499980;0.9500000;
19.1890000;0.9499980;0.9500000;
19.1900000;0.9499980;0.9500000;
19.1910000;0.9499980;0.9500000;
19.1920000;0.9499980;0.9500000;
19.1930000;0.9499980;0.9500000;
19.1940000;0.9499980;0.9500000;
19.1950000;0.9499980;0.9500000;
19.1960000;0.9499980;0.9500000;
19.1970000;0.9499980;0.9500000;
19.1980000;0.9499980;0.9500000;
19.1990000;0.9499980;0.9500000;
19.2000000;0.9499980;0.9500000;
19.2010000;0.9499980;0.9500000;
19.2020000;0.9499980;0.9500000;
19.2030000;0.9499980;0.9500000;
19.2040000;0.9499980;0.9500000;
19.2050000;0.9499980;0.9500000;
19.2060000;0.9499980;0.9500000;
19.2070000;0.9499980;0.9500000;
19.2080000;0.9499980;0.9500000;
19.2090000;0.9499980;0.9500000;
19.2100000;0.9499980;0.9500000;
19.2110000;0.9499980;0.9500000;
19.2120000;0.9499980;0.9500000;
19.2130000;0.9499980;0.9500000;
19.2140000;0.9499980;0.9500000;
19.2150000;0.9499980;0.9500000;
19.2160000;0.9499980;0.9500000;
19.2170000;0.9499980;0.9500000;
19.2180000;0.9499980;0.9500000;
19.2190000;0.9499980;0.9500000;
19.2200000;0.9499980;0.9500000;
19.2210000;0.9499980;0.9500000;
19.2220000;0.9499980;0.9500000;
19.2230000;0.9499980;0.9500000;
19.2240000;0.9499980;0.9500000;
19.2250000;0.9499980;0.9500000;
19.2260000;0.9499980;0.9500000;
19.2270000;0.9499980;0.9500000;
19.2280000;0.9499980;0.9500000;
19.2290000;0.9499980;0.9500000;
19.2300000;0.9499980;0.9500000;
19.2310000;0.9499980;0.9500000;
19.2320000;0.9499980;0.9500000;
19.2330000;0.9499980;0.9500000;
19.2340000;0.9499980;0.9500000;
19.2350000;0.9499980;0.9500000;
19.2360000;0.9499980;0.9500000;
19.2370000;0.9499980;0.9500000;
19.2380000;0.9499980;0.9500000;
19.2390000;0.9499980;0.9500000;
19.2400000;0.9499980;0.9500000;
19.2410000;0.9499980;0.9500000;
19.2420000;0.9499980;0.9500000;
19.2430000;0.9499980;0.9500000;
19.2440000;0.9499980;0.9500000;
19.2450000;0.9499980;0.9500000;
19.2460000;0.9499980;0.9500000;
19.2470000;0.9499980;0.9500000;
19.2480000;0.9499980;0.9500000;
19.2490000;0.9499980;0.9500000;
19.2500000;0.9499980;0.9500000;
19.2510000;0.9499980;0.9500000;
19.2520000;0.9499980;0.9500000;
19.2530000;0.9499980;0.9500000;
19.2540000;0.9499980;0.9500000;
19.2550000;0.9499980;0.9500000;
19.2560000;0.9499980;0.9500000;
19.2570000;0.9499980;0.9500000;
19.2580000;0.9499980;0.9500000;
19.2590000;0.9499980;0.9500000;
19.2600000;0.9499980;0.9500000;
19.2610000;0.9499980;0.9500000;
19.2620000;0.9499980;0.9500000;
19.2630000;0.9499980;0.9500000;
19.2640000;0.9499980;0.9500000;
19.2650000;0.9499980;0.9500000;
19.2660000;0.9499980;0.9500000;
19.2670000;0.9499980;0.9500000;
19.2680000;0.9499980;0.9500000;
19.2690000;0.9499980;0.9500000;
19.2700000;0.9499980;0.9500000;
19.2710000;0.9499980;0.9500000;
19.2720000;0.9499980;0.9500000;
19.2730000;0.9499980;0.9500000;
19.2740000;0.9499980;0.9500000;
19.2750000;0.9499980;0.9500000;
19.2760000;0.9499980;0.9500000;
19.2770000;0.9499980;0.9500000;
19.2780000;0.9499980;0.9500000;
19.2790000;0.9499980;0.9500000;
19.2800000;0.9499980;0.9500000;
19.2810000;0.9499980;0.9500000;
19.2820000;0.9499980;0.9500000;
19.2830000;0.9499980;0.9500000;
19.2840000;0.9499980;0.9500000;
19.2850000;0.9499980;0.9500000;
19.2860000;0.9499980;0.9500000;
19.2870000;0.9499980;0.9500000;
19.2880000;0.9499980;0.9500000;
19.2890000;0.9499980;0.9500000;
19.2900000;0.9499980;0.9500000;
19.2910000;0.9499980;0.9500000;
19.2920000;0.9499980;0.9500000;
19.2930000;0.9499980;0.9500000;
19.2940000;0.9499980;0.9500000;
19.2950000;0.9499980;0.9500000;
19.2960000;0.9499980;0.9500000;
19.2970000;0.9499980;0.9500000;
19.2980000;0.9499980;0.9500000;
19.2990000;0.9499980;0.9500000;
19.3000000;0.9499980;0.9500000;
19.3010000;0.9499980;0.9500000;
19.3020000;0.9499980;0.9500000;
19.3030000;0.9499980;0.9500000;
19.3040000;0.9499980;0.9500000;
19.3050000;0.9499980;0.9500000;
19.3060000;0.9499980;0.9500000;
19.3070000;0.9499980;0.9500000;
19.3080000;0.9499980;0.9500000;
19.3090000;0.9499980;0.9500000;
19.3100000;0.9499980;0.9500000;
19.3110000;0.9499980;0.9500000;
19.3120000;0.9499980;0.9500000;
19.3130000;0.9499980;0.9500000;
19.3140000;0.9499980;0.9500000;
19.3150000;0.9499980;0.9500000;
19.3160000;0.9499980;0.9500000;
19.3170000;0.9499980;0.9500000;
19.3180000;0.9499980;0.9500000;
19.3190000;0.9499980;0.9500000;
19.3200000;0.9499980;0.9500000;
19.3210000;0.9499980;0.9500000;
19.3220000;0.9499980;0.9500000;
19.3230000;0.9499980;0.9500000;
19.3240000;0.9499980;0.9500000;
19.3250000;0.9499980;0.9500000;
19.3260000;0.9499980;0.9500000;
19.3270000;0.9499980;0.9500000;
19.3280000;0.9499980;0.9500000;
19.3290000;0.9499980;0.9500000;
19.3300000;0.9499980;0.9500000;
19.3310000;0.9499980;0.9500000;
19.3320000;0.9499980;0.9500000;
19.3330000;0.9499980;0.9500000;
19.3340000;0.9499980;0.9500000;
19.3350000;0.9499980;0.9500000;
19.3360000;0.9499980;0.9500000;
19.3370000;0.9499980;0.9500000;
19.3380000;0.9499980;0.9500000;
19.3390000;0.9499980;0.9500000;
19.3400000;0.9499980;0.9500000;
19.3410000;0.9499980;0.9500000;
19.3420000;0.9499980;0.9500000;
19.3430000;0.9499980;0.9500000;
19.3440000;0.9499980;0.9500000;
19.3450000;0.9499980;0.9500000;
19.3460000;0.9499980;0.9500000;
19.3470000;0.9499980;0.9500000;
19.3480000;0.9499980;0.9500000;
19.3490000;0.9499980;0.9500000;
19.3500000;0.9499980;0.9500000;
19.3510000;0.9499980;0.9500000;
19.3520000;0.9499980;0.9500000;
19.3530000;0.9499980;0.9500000;
19.3540000;0.9499980;0.9500000;
19.3550000;0.9499980;0.9500000;
19.3560000;0.9499980;0.9500000;
19.3570000;0.9499980;0.9500000;
19.3580000;0.9499980;0.9500000;
19.3590000;0.9499980;0.9500000;
19.3600000;0.9499980;0.9500000;
19.3610000;0.9499980;0.9500000;
19.3620000;0.9499980;0.9500000;
19.3630000;0.9499980;0.9500000;
19.3640000;0.9499980;0.9500000;
19.3650000;0.9499980;0.9500000;
19.3660000;0.9499980;0.9500000;
19.3670000;0.9499980;0.9500000;
19.3680000;0.9499980;0.9500000;
19.3690000;0.9499980;0.9500000;
19.3700000;0.9499980;0.9500000;
19.3710000;0.9499980;0.9500000;
19.3720000;0.9499980;0.9500000;
19.3730000;0.9499980;0.9500000;
19.3740000;0.9499980;0.9500000;
19.3750000;0.9499980;0.9500000;
19.3760000;0.9499980;0.9500000;
19.3770000;0.9499980;0.9500000;
19.3780000;0.9499980;0.9500000;
19.3790000;0.9499980;0.9500000;
19.3800000;0.9499980;0.9500000;
19.3810000;0.9499980;0.9500000;
19.3820000;0.9499980;0.9500000;
19.3830000;0.9499980;0.9500000;
19.3840000;0.9499980;0.9500000;
19.3850000;0.9499980;0.9500000;
19.3860000;0.9499980;0.9500000;
19.3870000;0.9499980;0.9500000;
19.3880000;0.9499980;0.9500000;
19.3890000;0.9499980;0.9500000;
19.3900000;0.9499980;0.9500000;
19.3910000;0.9499980;0.9500000;
19.3920000;0.9499980;0.9500000;
19.3930000;0.9499980;0.9500000;
19.3940000;0.9499980;0.9500000;
19.3950000;0.9499980;0.9500000;
19.3960000;0.9499980;0.9500000;
19.3970000;0.9499980;0.9500000;
19.3980000;0.9499980;0.9500000;
19.3990000;0.9499980;0.9500000;
19.4000000;0.9499980;0.9500000;
19.4010000;0.9499980;0.9500000;
19.4020000;0.9499980;0.9500000;
19.4030000;0.9499980;0.9500000;
19.4040000;0.9499980;0.9500000;
19.4050000;0.9499980;0.9500000;
19.4060000;0.9499980;0.9500000;
19.4070000;0.9499980;0.9500000;
19.4080000;0.9499980;0.9500000;
19.4090000;0.9499980;0.9500000;
19.4100000;0.9499980;0.9500000;
19.4110000;0.9499980;0.9500000;
19.4120000;0.9499980;0.9500000;
19.4130000;0.9499980;0.9500000;
19.4140000;0.9499980;0.9500000;
19.4150000;0.9499980;0.9500000;
19.4160000;0.9499980;0.9500000;
19.4170000;0.9499980;0.9500000;
19.4180000;0.9499980;0.9500000;
19.4190000;0.9499980;0.9500000;
19.4200000;0.9499980;0.9500000;
19.4210000;0.9499980;0.9500000;
19.4220000;0.9499980;0.9500000;
19.4230000;0.9499980;0.9500000;
19.4240000;0.9499980;0.9500000;
19.4250000;0.9499980;0.9500000;
19.4260000;0.9499980;0.9500000;
19.4270000;0.9499980;0.9500000;
19.4280000;0.9499980;0.9500000;
19.4290000;0.9499980;0.9500000;
19.4300000;0.9499980;0.9500000;
19.4310000;0.9499980;0.9500000;
19.4320000;0.9499980;0.9500000;
19.4330000;0.9499980;0.9500000;
19.4340000;0.9499980;0.9500000;
19.4350000;0.9499980;0.9500000;
19.4360000;0.9499980;0.9500000;
19.4370000;0.9499980;0.9500000;
19.4380000;0.9499980;0.9500000;
19.4390000;0.9499980;0.9500000;
19.4400000;0.9499980;0.9500000;
19.4410000;0.9499980;0.9500000;
19.4420000;0.9499980;0.9500000;
19.4430000;0.9499980;0.9500000;
19.4440000;0.9499980;0.9500000;
19.4450000;0.9499980;0.9500000;
19.4460000;0.9499980;0.9500000;
19.4470000;0.9499980;0.9500000;
19.4480000;0.9499980;0.9500000;
19.4490000;0.9499980;0.9500000;
19.4500000;0.9499980;0.9500000;
19.4510000;0.9499980;0.9500000;
19.4520000;0.9499980;0.9500000;
19.4530000;0.9499980;0.9500000;
19.4540000;0.9499980;0.9500000;
19.4550000;0.9499980;0.9500000;
19.4560000;0.9499980;0.9500000;
19.4570000;0.9499980;0.9500000;
19.4580000;0.9499980;0.9500000;
19.4590000;0.9499980;0.9500000;
19.4600000;0.9499980;0.9500000;
19.4610000;0.9499980;0.9500000;
19.4620000;0.9499980;0.9500000;
19.4630000;0.9499980;0.9500000;
19.4640000;0.9499980;0.9500000;
19.4650000;0.9499980;0.9500000;
19.4660000;0.9499980;0.9500000;
19.4670000;0.9499980;0.9500000;
19.4680000;0.9499980;0.9500000;
19.4690000;0.9499980;0.9500000;
19.4700000;0.9499980;0.9500000;
19.4710000;0.9499980;0.9500000;
19.4720000;0.9499980;0.9500000;
19.4730000;0.9499980;0.9500000;
19.4740000;0.9499980;0.9500000;
19.4750000;0.9499980;0.9500000;
19.4760000;0.9499980;0.9500000;
19.4770000;0.9499980;0.9500000;
19.4780000;0.9499980;0.9500000;
19.4790000;0.9499980;0.9500000;
19.4800000;0.9499980;0.9500000;
19.4810000;0.9499980;0.9500000;
19.4820000;0.9499980;0.9500000;
19.4830000;0.9499980;0.9500000;
19.4840000;0.9499980;0.9500000;
19.4850000;0.9499980;0.9500000;
19.4860000;0.9499980;0.9500000;
19.4870000;0.9499980;0.9500000;
19.4880000;0.9499980;0.9500000;
19.4890000;0.9499980;0.9500000;
19.4900000;0.9499980;0.9500000;
19.4910000;0.9499980;0.9500000;
19.4920000;0.9499980;0.9500000;
19.4930000;0.9499980;0.9500000;
19.4940000;0.9499980;0.9500000;
19.4950000;0.9499980;0.9500000;
19.4960000;0.9499980;0.9500000;
19.4970000;0.9499980;0.9500000;
19.4980000;0.9499980;0.9500000;
19.4990000;0.9499980;0.9500000;
19.5000000;0.9499980;0.9500000;
19.5010000;0.9499980;0.9500000;
19.5020000;0.9499980;0.9500000;
19.5030000;0.9499980;0.9500000;
19.5040000;0.9499980;0.9500000;
19.5050000;0.9499980;0.9500000;
19.5060000;0.9499980;0.9500000;
19.5070000;0.9499980;0.9500000;
19.5080000;0.9499980;0.9500000;
19.5090000;0.9499980;0.9500000;
19.5100000;0.9499980;0.9500000;
19.5110000;0.9499980;0.9500000;
19.5120000;0.9499980;0.9500000;
19.5130000;0.9499980;0.9500000;
19.5140000;0.9499980;0.9500000;
19.5150000;0.9499980;0.9500000;
19.5160000;0.9499980;0.9500000;
19.5170000;0.9499980;0.9500000;
19.5180000;0.9499980;0.9500000;
19.5190000;0.9499980;0.9500000;
19.5200000;0.9499980;0.9500000;
19.5210000;0.9499980;0.9500000;
19.5220000;0.9499980;0.9500000;
19.5230000;0.9499980;0.9500000;
19.5240000;0.9499980;0.9500000;
19.5250000;0.9499980;0.9500000;
19.5260000;0.9499980;0.9500000;
19.5270000;0.9499980;0.9500000;
19.5280000;0.9499980;0.9500000;
19.5290000;0.9499980;0.9500000;
19.5300000;0.9499980;0.9500000;
19.5310000;0.9499980;0.9500000;
19.5320000;0.9499980;0.9500000;
19.5330000;0.9499980;0.9500000;
19.5340000;0.9499980;0.9500000;
19.5350000;0.9499980;0.9500000;
19.5360000;0.9499980;0.9500000;
19.5370000;0.9499980;0.9500000;
19.5380000;0.9499980;0.9500000;
19.5390000;0.9499980;0.9500000;
19.5400000;0.9499980;0.9500000;
19.5410000;0.9499980;0.9500000;
19.5420000;0.9499980;0.9500000;
19.5430000;0.9499980;0.9500000;
19.5440000;0.9499980;0.9500000;
19.5450000;0.9499980;0.9500000;
19.5460000;0.9499980;0.9500000;
19.5470000;0.9499980;0.9500000;
19.5480000;0.9499980;0.9500000;
19.5490000;0.9499980;0.9500000;
19.5500000;0.9499980;0.9500000;
19.5510000;0.9499980;0.9500000;
19.5520000;0.9499980;0.9500000;
19.5530000;0.9499980;0.9500000;
19.5540000;0.9499980;0.9500000;
19.5550000;0.9499980;0.9500000;
19.5560000;0.9499980;0.9500000;
19.5570000;0.9499980;0.9500000;
19.5580000;0.9499980;0.9500000;
19.5590000;0.9499980;0.9500000;
19.5600000;0.9499980;0.9500000;
19.5610000;0.9499980;0.9500000;
19.5620000;0.9499980;0.9500000;
19.5630000;0.9499980;0.9500000;
19.5640000;0.9499980;0.9500000;
19.5650000;0.9499980;0.9500000;
19.5660000;0.9499980;0.9500000;
19.5670000;0.9499980;0.9500000;
19.5680000;0.9499980;0.9500000;
19.5690000;0.9499980;0.9500000;
19.5700000;0.9499980;0.9500000;
19.5710000;0.9499980;0.9500000;
19.5720000;0.9499980;0.9500000;
19.5730000;0.9499980;0.9500000;
19.5740000;0.9499980;0.9500000;
19.5750000;0.9499980;0.9500000;
19.5760000;0.9499980;0.9500000;
19.5770000;0.9499980;0.9500000;
19.5780000;0.9499980;0.9500000;
19.5790000;0.9499980;0.9500000;
19.5800000;0.9499980;0.9500000;
19.5810000;0.9499980;0.9500000;
19.5820000;0.9499980;0.9500000;
19.5830000;0.9499980;0.9500000;
19.5840000;0.9499980;0.9500000;
19.5850000;0.9499980;0.9500000;
19.5860000;0.9499980;0.9500000;
19.5870000;0.9499980;0.9500000;
19.5880000;0.9499980;0.9500000;
19.5890000;0.9499980;0.9500000;
19.5900000;0.9499980;0.9500000;
19.5910000;0.9499980;0.9500000;
19.5920000;0.9499980;0.9500000;
19.5930000;0.9499980;0.9500000;
19.5940000;0.9499980;0.9500000;
19.5950000;0.9499980;0.9500000;
19.5960000;0.9499980;0.9500000;
19.5970000;0.9499980;0.9500000;
19.5980000;0.9499980;0.9500000;
19.5990000;0.9499980;0.9500000;
19.6000000;0.9499980;0.9500000;
19.6010000;0.9499980;0.9500000;
19.6020000;0.9499980;0.9500000;
19.6030000;0.9499980;0.9500000;
19.6040000;0.9499980;0.9500000;
19.6050000;0.9499980;0.9500000;
19.6060000;0.9499980;0.9500000;
19.6070000;0.9499980;0.9500000;
19.6080000;0.9499980;0.9500000;
19.6090000;0.9499980;0.9500000;
19.6100000;0.9499980;0.9500000;
19.6110000;0.9499980;0.9500000;
19.6120000;0.9499980;0.9500000;
19.6130000;0.9499980;0.9500000;
19.6140000;0.9499980;0.9500000;
19.6150000;0.9499980;0.9500000;
19.6160000;0.9499980;0.9500000;
19.6170000;0.9499980;0.9500000;
19.6180000;0.9499980;0.9500000;
19.6190000;0.9499980;0.9500000;
19.6200000;0.9499980;0.9500000;
19.6210000;0.9499980;0.9500000;
19.6220000;0.9499980;0.9500000;
19.6230000;0.9499980;0.9500000;
19.6240000;0.9499980;0.9500000;
19.6250000;0.9499980;0.9500000;
19.6260000;0.9499980;0.9500000;
19.6270000;0.9499980;0.9500000;
19.6280000;0.9499980;0.9500000;
19.6290000;0.9499980;0.9500000;
19.6300000;0.9499980;0.9500000;
19.6310000;0.9499980;0.9500000;
19.6320000;0.9499980;0.9500000;
19.6330000;0.9499980;0.9500000;
19.6340000;0.9499980;0.9500000;
19.6350000;0.9499980;0.9500000;
19.6360000;0.9499980;0.9500000;
19.6370000;0.9499980;0.9500000;
19.6380000;0.9499980;0.9500000;
19.6390000;0.9499980;0.9500000;
19.6400000;0.9499980;0.9500000;
19.6410000;0.9499980;0.9500000;
19.6420000;0.9499980;0.9500000;
19.6430000;0.9499980;0.9500000;
19.6440000;0.9499980;0.9500000;
19.6450000;0.9499980;0.9500000;
19.6460000;0.9499980;0.9500000;
19.6470000;0.9499980;0.9500000;
19.6480000;0.9499980;0.9500000;
19.6490000;0.9499980;0.9500000;
19.6500000;0.9499980;0.9500000;
19.6510000;0.9499980;0.9500000;
19.6520000;0.9499980;0.9500000;
19.6530000;0.9499980;0.9500000;
19.6540000;0.9499980;0.9500000;
19.6550000;0.9499980;0.9500000;
19.6560000;0.9499980;0.9500000;
19.6570000;0.9499980;0.9500000;
19.6580000;0.9499980;0.9500000;
19.6590000;0.9499980;0.9500000;
19.6600000;0.9499980;0.9500000;
19.6610000;0.9499980;0.9500000;
19.6620000;0.9499980;0.9500000;
19.6630000;0.9499980;0.9500000;
19.6640000;0.9499980;0.9500000;
19.6650000;0.9499980;0.9500000;
19.6660000;0.9499980;0.9500000;
19.6670000;0.9499980;0.9500000;
19.6680000;0.9499980;0.9500000;
19.6690000;0.9499980;0.9500000;
19.6700000;0.9499980;0.9500000;
19.6710000;0.9499980;0.9500000;
19.6720000;0.9499980;0.9500000;
19.6730000;0.9499980;0.9500000;
19.6740000;0.9499980;0.9500000;
19.6750000;0.9499980;0.9500000;
19.6760000;0.9499980;0.9500000;
19.6770000;0.9499980;0.9500000;
19.6780000;0.9499980;0.9500000;
19.6790000;0.9499980;0.9500000;
19.6800000;0.9499980;0.9500000;
19.6810000;0.9499980;0.9500000;
19.6820000;0.9499980;0.9500000;
19.6830000;0.9499980;0.9500000;
19.6840000;0.9499980;0.9500000;
19.6850000;0.9499980;0.9500000;
19.6860000;0.9499980;0.9500000;
19.6870000;0.9499980;0.9500000;
19.6880000;0.9499980;0.9500000;
19.6890000;0.9499980;0.9500000;
19.6900000;0.9499980;0.9500000;
19.6910000;0.9499980;0.9500000;
19.6920000;0.9499980;0.9500000;
19.6930000;0.9499980;0.9500000;
19.6940000;0.9499980;0.9500000;
19.6950000;0.9499980;0.9500000;
19.6960000;0.9499980;0.9500000;
19.6970000;0.9499980;0.9500000;
19.6980000;0.9499980;0.9500000;
19.6990000;0.9499980;0.9500000;
19.7000000;0.9499980;0.9500000;
19.7010000;0.9499980;0.9500000;
19.7020000;0.9499980;0.9500000;
19.7030000;0.9499980;0.9500000;
19.7040000;0.9499980;0.9500000;
19.7050000;0.9499980;0.9500000;
19.7060000;0.9499980;0.9500000;
19.7070000;0.9499980;0.9500000;
19.7080000;0.9499980;0.9500000;
19.7090000;0.9499980;0.9500000;
19.7100000;0.9499980;0.9500000;
19.7110000;0.9499980;0.9500000;
19.7120000;0.9499980;0.9500000;
19.7130000;0.9499980;0.9500000;
19.7140000;0.9499980;0.9500000;
19.7150000;0.9499980;0.9500000;
19.7160000;0.9499980;0.9500000;
19.7170000;0.9499980;0.9500000;
19.7180000;0.9499980;0.9500000;
19.7190000;0.9499980;0.9500000;
19.7200000;0.9499980;0.9500000;
19.7210000;0.9499980;0.9500000;
19.7220000;0.9499980;0.9500000;
19.7230000;0.9499980;0.9500000;
19.7240000;0.9499980;0.9500000;
19.7250000;0.9499980;0.9500000;
19.7260000;0.9499980;0.9500000;
19.7270000;0.9499980;0.9500000;
19.7280000;0.9499980;0.9500000;
19.7290000;0.9499980;0.9500000;
19.7300000;0.9499980;0.9500000;
19.7310000;0.9499980;0.9500000;
19.7320000;0.9499980;0.9500000;
19.7330000;0.9499980;0.9500000;
19.7340000;0.9499980;0.9500000;
19.7350000;0.9499980;0.9500000;
19.7360000;0.9499980;0.9500000;
19.7370000;0.9499980;0.9500000;
19.7380000;0.9499980;0.9500000;
19.7390000;0.9499980;0.9500000;
19.7400000;0.9499980;0.9500000;
19.7410000;0.9499980;0.9500000;
19.7420000;0.9499980;0.9500000;
19.7430000;0.9499980;0.9500000;
19.7440000;0.9499980;0.9500000;
19.7450000;0.9499980;0.9500000;
19.7460000;0.9499980;0.9500000;
19.7470000;0.9499980;0.9500000;
19.7480000;0.9499980;0.9500000;
19.7490000;0.9499980;0.9500000;
19.7500000;0.9499980;0.9500000;
19.7510000;0.9499980;0.9500000;
19.7520000;0.9499980;0.9500000;
19.7530000;0.9499980;0.9500000;
19.7540000;0.9499980;0.9500000;
19.7550000;0.9499980;0.9500000;
19.7560000;0.9499980;0.9500000;
19.7570000;0.9499980;0.9500000;
19.7580000;0.9499980;0.9500000;
19.7590000;0.9499980;0.9500000;
19.7600000;0.9499980;0.9500000;
19.7610000;0.9499980;0.9500000;
19.7620000;0.9499980;0.9500000;
19.7630000;0.9499980;0.9500000;
19.7640000;0.9499980;0.9500000;
19.7650000;0.9499980;0.9500000;
19.7660000;0.9499980;0.9500000;
19.7670000;0.9499980;0.9500000;
19.7680000;0.9499980;0.9500000;
19.7690000;0.9499980;0.9500000;
19.7700000;0.9499980;0.9500000;
19.7710000;0.9499980;0.9500000;
19.7720000;0.9499980;0.9500000;
19.7730000;0.9499980;0.9500000;
19.7740000;0.9499980;0.9500000;
19.7750000;0.9499980;0.9500000;
19.7760000;0.9499980;0.9500000;
19.7770000;0.9499980;0.9500000;
19.7780000;0.9499980;0.9500000;
19.7790000;0.9499980;0.9500000;
19.7800000;0.9499980;0.9500000;
19.7810000;0.9499980;0.9500000;
19.7820000;0.9499980;0.9500000;
19.7830000;0.9499980;0.9500000;
19.7840000;0.9499980;0.9500000;
19.7850000;0.9499980;0.9500000;
19.7860000;0.9499980;0.9500000;
19.7870000;0.9499980;0.9500000;
19.7880000;0.9499980;0.9500000;
19.7890000;0.9499980;0.9500000;
19.7900000;0.9499980;0.9500000;
19.7910000;0.9499980;0.9500000;
19.7920000;0.9499980;0.9500000;
19.7930000;0.9499980;0.9500000;
19.7940000;0.9499980;0.9500000;
19.7950000;0.9499980;0.9500000;
19.7960000;0.9499980;0.9500000;
19.7970000;0.9499980;0.9500000;
19.7980000;0.9499980;0.9500000;
19.7990000;0.9499980;0.9500000;
19.8000000;0.9499980;0.9500000;
19.8010000;0.9499980;0.9500000;
19.8020000;0.9499980;0.9500000;
19.8030000;0.9499980;0.9500000;
19.8040000;0.9499980;0.9500000;
19.8050000;0.9499980;0.9500000;
19.8060000;0.9499980;0.9500000;
19.8070000;0.9499980;0.9500000;
19.8080000;0.9499980;0.9500000;
19.8090000;0.9499980;0.9500000;
19.8100000;0.9499980;0.9500000;
19.8110000;0.9499980;0.9500000;
19.8120000;0.9499980;0.9500000;
19.8130000;0.9499980;0.9500000;
19.8140000;0.9499980;0.9500000;
19.8150000;0.9499980;0.9500000;
19.8160000;0.9499980;0.9500000;
19.8170000;0.9499980;0.9500000;
19.8180000;0.9499980;0.9500000;
19.8190000;0.9499980;0.9500000;
19.8200000;0.9499980;0.9500000;
19.8210000;0.9499980;0.9500000;
19.8220000;0.9499980;0.9500000;
19.8230000;0.9499980;0.9500000;
19.8240000;0.9499980;0.9500000;
19.8250000;0.9499980;0.9500000;
19.8260000;0.9499980;0.9500000;
19.8270000;0.9499980;0.9500000;
19.8280000;0.9499980;0.9500000;
19.8290000;0.9499980;0.9500000;
19.8300000;0.9499980;0.9500000;
19.8310000;0.9499980;0.9500000;
19.8320000;0.9499980;0.9500000;
19.8330000;0.9499980;0.9500000;
19.8340000;0.9499980;0.9500000;
19.8350000;0.9499980;0.9500000;
19.8360000;0.9499980;0.9500000;
19.8370000;0.9499980;0.9500000;
19.8380000;0.9499980;0.9500000;
19.8390000;0.9499980;0.9500000;
19.8400000;0.9499980;0.9500000;
19.8410000;0.9499980;0.9500000;
19.8420000;0.9499980;0.9500000;
19.8430000;0.9499980;0.9500000;
19.8440000;0.9499980;0.9500000;
19.8450000;0.9499980;0.9500000;
19.8460000;0.9499980;0.9500000;
19.8470000;0.9499980;0.9500000;
19.8480000;0.9499980;0.9500000;
19.8490000;0.9499980;0.9500000;
19.8500000;0.9499980;0.9500000;
19.8510000;0.9499980;0.9500000;
19.8520000;0.9499980;0.9500000;
19.8530000;0.9499980;0.9500000;
19.8540000;0.9499980;0.9500000;
19.8550000;0.9499980;0.9500000;
19.8560000;0.9499980;0.9500000;
19.8570000;0.9499980;0.9500000;
19.8580000;0.9499980;0.9500000;
19.8590000;0.9499980;0.9500000;
19.8600000;0.9499980;0.9500000;
19.8610000;0.9499980;0.9500000;
19.8620000;0.9499980;0.9500000;
19.8630000;0.9499980;0.9500000;
19.8640000;0.9499980;0.9500000;
19.8650000;0.9499980;0.9500000;
19.8660000;0.9499980;0.9500000;
19.8670000;0.9499980;0.9500000;
19.8680000;0.9499980;0.9500000;
19.8690000;0.9499980;0.9500000;
19.8700000;0.9499980;0.9500000;
19.8710000;0.9499980;0.9500000;
19.8720000;0.9499980;0.9500000;
19.8730000;0.9499980;0.9500000;
19.8740000;0.9499980;0.9500000;
19.8750000;0.9499980;0.9500000;
19.8760000;0.9499980;0.9500000;
19.8770000;0.9499980;0.9500000;
19.8780000;0.9499980;0.9500000;
19.8790000;0.9499980;0.9500000;
19.8800000;0.9499980;0.9500000;
19.8810000;0.9499980;0.9500000;
19.8820000;0.9499980;0.9500000;
19.8830000;0.9499980;0.9500000;
19.8840000;0.9499980;0.9500000;
19.8850000;0.9499980;0.9500000;
19.8860000;0.9499980;0.9500000;
19.8870000;0.9499980;0.9500000;
19.8880000;0.9499980;0.9500000;
19.8890000;0.9499980;0.9500000;
19.8900000;0.9499980;0.9500000;
19.8910000;0.9499980;0.9500000;
19.8920000;0.9499980;0.9500000;
19.8930000;0.9499980;0.9500000;
19.8940000;0.9499980;0.9500000;
19.8950000;0.9499980;0.9500000;
19.8960000;0.9499980;0.9500000;
19.8970000;0.9499980;0.9500000;
19.8980000;0.9499980;0.9500000;
19.8990000;0.9499980;0.9500000;
19.9000000;0.9499980;0.9500000;
19.9010000;0.9499980;0.9500000;
19.9020000;0.9499980;0.9500000;
19.9030000;0.9499980;0.9500000;
19.9040000;0.9499980;0.9500000;
19.9050000;0.9499980;0.9500000;
19.9060000;0.9499980;0.9500000;
19.9070000;0.9499980;0.9500000;
19.9080000;0.9499980;0.9500000;
19.9090000;0.9499980;0.9500000;
19.9100000;0.9499980;0.9500000;
19.9110000;0.9499980;0.9500000;
19.9120000;0.9499980;0.9500000;
19.9130000;0.9499980;0.9500000;
19.9140000;0.9499980;0.9500000;
19.9150000;0.9499980;0.9500000;
19.9160000;0.9499980;0.9500000;
19.9170000;0.9499980;0.9500000;
19.9180000;0.9499980;0.9500000;
19.9190000;0.9499980;0.9500000;
19.9200000;0.9499980;0.9500000;
19.9210000;0.9499980;0.9500000;
19.9220000;0.9499980;0.9500000;
19.9230000;0.9499980;0.9500000;
19.9240000;0.9499980;0.9500000;
19.9250000;0.9499980;0.9500000;
19.9260000;0.9499980;0.9500000;
19.9270000;0.9499980;0.9500000;
19.9280000;0.9499980;0.9500000;
19.9290000;0.9499980;0.9500000;
19.9300000;0.9499980;0.9500000;
19.9310000;0.9499980;0.9500000;
19.9320000;0.9499980;0.9500000;
19.9330000;0.9499980;0.9500000;
19.9340000;0.9499980;0.9500000;
19.9350000;0.9499980;0.9500000;
19.9360000;0.9499980;0.9500000;
19.9370000;0.9499980;0.9500000;
19.9380000;0.9499980;0.9500000;
19.9390000;0.9499980;0.9500000;
19.9400000;0.9499980;0.9500000;
19.9410000;0.9499980;0.9500000;
19.9420000;0.9499980;0.9500000;
19.9430000;0.9499980;0.9500000;
19.9440000;0.9499980;0.9500000;
19.9450000;0.9499980;0.9500000;
19.9460000;0.9499980;0.9500000;
19.9470000;0.9499980;0.9500000;
19.9480000;0.9499980;0.9500000;
19.9490000;0.9499980;0.9500000;
19.9500000;0.9499980;0.9500000;
19.9510000;0.9499980;0.9500000;
19.9520000;0.9499980;0.9500000;
19.9530000;0.9499980;0.9500000;
19.9540000;0.9499980;0.9500000;
19.9550000;0.9499980;0.9500000;
19.9560000;0.9499980;0.9500000;
19.9570000;0.9499980;0.9500000;
19.9580000;0.9499980;0.9500000;
19.9590000;0.9499980;0.9500000;
19.9600000;0.9499980;0.9500000;
19.9610000;0.9499980;0.9500000;
19.9620000;0.9499980;0.9500000;
19.9630000;0.9499980;0.9500000;
19.9640000;0.9499980;0.9500000;
19.9650000;0.9499980;0.9500000;
19.9660000;0.9499980;0.9500000;
19.9670000;0.9499980;0.9500000;
19.9680000;0.9499980;0.9500000;
19.9690000;0.9499980;0.9500000;
19.9700000;0.9499980;0.9500000;
19.9710000;0.9499980;0.9500000;
19.9720000;0.9499980;0.9500000;
19.9730000;0.9499980;0.9500000;
19.9740000;0.9499980;0.9500000;
19.9750000;0.9499980;0.9500000;
19.9760000;0.9499980;0.9500000;
19.9770000;0.9499980;0.9500000;
19.9780000;0.9499980;0.9500000;
19.9790000;0.9499980;0.9500000;
19.9800000;0.9499980;0.9500000;
19.9810000;0.9499980;0.9500000;
19.9820000;0.9499980;0.9500000;
19.9830000;0.9499980;0.9500000;
19.9840000;0.9499980;0.9500000;
19.9850000;0.9499980;0.9500000;
19.9860000;0.9499980;0.9500000;
19.9870000;0.9499980;0.9500000;
19.9880000;0.9499980;0.9500000;
19.9890000;0.9499980;0.9500000;
19.9900000;0.9499980;0.9500000;
19.9910000;0.9499980;0.9500000;
19.9920000;0.9499980;0.9500000;
19.9930000;0.9499980;0.9500000;
19.9940000;0.9499980;0.9500000;
19.9950000;0.9499980;0.9500000;
19.9960000;0.9499980;0.9500000;
19.9970000;0.9499980;0.9500000;
19.9980000;0.9499980;0.9500000;
19.9990000;0.9499980;0.9500000;
20.0000000;0.9499980;0.9500000;
20.0010000;0.9499980;0.9500000;
20.0020000;0.9499980;0.9500000;
20.0030000;0.9499980;0.9500000;
20.0040000;0.9499980;0.9500000;
20.0050000;0.9499980;0.9500000;
20.0060000;0.9499980;0.9500000;
20.0070000;0.9499980;0.9500000;
20.0080000;0.9499980;0.9500000;
20.0090000;0.9499980;0.9500000;
20.0100000;0.9499980;0.9500000;
20.0110000;0.9499980;0.9500000;
20.0120000;0.9499980;0.9500000;
20.0130000;0.9499980;0.9500000;
20.0140000;0.9499980;0.9500000;
20.0150000;0.9499980;0.9500000;
20.0160000;0.9499980;0.9500000;
20.0170000;0.9499980;0.9500000;
20.0180000;0.9499980;0.9500000;
20.0190000;0.9499980;0.9500000;
20.0200000;0.9499980;0.9500000;
20.0210000;0.9499980;0.9500000;
20.0220000;0.9499980;0.9500000;
20.0230000;0.9499980;0.9500000;
20.0240000;0.9499980;0.9500000;
20.0250000;0.9499980;0.9500000;
20.0260000;0.9499980;0.9500000;
20.0270000;0.9499980;0.9500000;
20.0280000;0.9499980;0.9500000;
20.0290000;0.9499980;0.9500000;
20.0300000;0.9499980;0.9500000;
20.0310000;0.9499980;0.9500000;
20.0320000;0.9499980;0.9500000;
20.0330000;0.9499980;0.9500000;
20.0340000;0.9499980;0.9500000;
20.0350000;0.9499980;0.9500000;
20.0360000;0.9499980;0.9500000;
20.0370000;0.9499980;0.9500000;
20.0380000;0.9499980;0.9500000;
20.0390000;0.9499980;0.9500000;
20.0400000;0.9499980;0.9500000;
20.0410000;0.9499980;0.9500000;
20.0420000;0.9499980;0.9500000;
20.0430000;0.9499980;0.9500000;
20.0440000;0.9499980;0.9500000;
20.0450000;0.9499980;0.9500000;
20.0460000;0.9499980;0.9500000;
20.0470000;0.9499980;0.9500000;
20.0480000;0.9499980;0.9500000;
20.0490000;0.9499980;0.9500000;
20.0500000;0.9499980;0.9500000;
20.0510000;0.9499980;0.9500000;
20.0520000;0.9499980;0.9500000;
20.0530000;0.9499980;0.9500000;
20.0540000;0.9499980;0.9500000;
20.0550000;0.9499980;0.9500000;
20.0560000;0.9499980;0.9500000;
20.0570000;0.9499980;0.9500000;
20.0580000;0.9499980;0.9500000;
20.0590000;0.9499980;0.9500000;
20.0600000;0.9499980;0.9500000;
20.0610000;0.9499980;0.9500000;
20.0620000;0.9499980;0.9500000;
20.0630000;0.9499980;0.9500000;
20.0640000;0.9499980;0.9500000;
20.0650000;0.9499980;0.9500000;
20.0660000;0.9499980;0.9500000;
20.0670000;0.9499980;0.9500000;
20.0680000;0.9499980;0.9500000;
20.0690000;0.9499980;0.9500000;
20.0700000;0.9499980;0.9500000;
20.0710000;0.9499980;0.9500000;
20.0720000;0.9499980;0.9500000;
20.0730000;0.9499980;0.9500000;
20.0740000;0.9499980;0.9500000;
20.0750000;0.9499980;0.9500000;
20.0760000;0.9499980;0.9500000;
20.0770000;0.9499980;0.9500000;
20.0780000;0.9499980;0.9500000;
20.0790000;0.9499980;0.9500000;
20.0800000;0.9499980;0.9500000;
20.0810000;0.9499980;0.9500000;
20.0820000;0.9499980;0.9500000;
20.0830000;0.9499980;0.9500000;
20.0840000;0.9499980;0.9500000;
20.0850000;0.9499980;0.9500000;
20.0860000;0.9499980;0.9500000;
20.0870000;0.9499980;0.9500000;
20.0880000;0.9499980;0.9500000;
20.0890000;0.9499980;0.9500000;
20.0900000;0.9499980;0.9500000;
20.0910000;0.9499980;0.9500000;
20.0920000;0.9499980;0.9500000;
20.0930000;0.9499980;0.9500000;
20.0940000;0.9499980;0.9500000;
20.0950000;0.9499980;0.9500000;
20.0960000;0.9499980;0.9500000;
20.0970000;0.9499980;0.9500000;
20.0980000;0.9499980;0.9500000;
20.0990000;0.9499980;0.9500000;
20.1000000;0.9499980;0.9500000;
20.1010000;0.9499980;0.9500000;
20.1020000;0.9499980;0.9500000;
20.1030000;0.9499980;0.9500000;
20.1040000;0.9499980;0.9500000;
20.1050000;0.9499980;0.9500000;
20.1060000;0.9499980;0.9500000;
20.1070000;0.9499980;0.9500000;
20.1080000;0.9499980;0.9500000;
20.1090000;0.9499980;0.9500000;
20.1100000;0.9499980;0.9500000;
20.1110000;0.9499980;0.9500000;
20.1120000;0.9499980;0.9500000;
20.1130000;0.9499980;0.9500000;
20.1140000;0.9499980;0.9500000;
20.1150000;0.9499980;0.9500000;
20.1160000;0.9499980;0.9500000;
20.1170000;0.9499980;0.9500000;
20.1180000;0.9499980;0.9500000;
20.1190000;0.9499980;0.9500000;
20.1200000;0.9499980;0.9500000;
20.1210000;0.9499980;0.9500000;
20.1220000;0.9499980;0.9500000;
20.1230000;0.9499980;0.9500000;
20.1240000;0.9499980;0.9500000;
20.1250000;0.9499980;0.9500000;
20.1260000;0.9499980;0.9500000;
20.1270000;0.9499980;0.9500000;
20.1280000;0.9499980;0.9500000;
20.1290000;0.9499980;0.9500000;
20.1300000;0.9499980;0.9500000;
20.1310000;0.9499980;0.9500000;
20.1320000;0.9499980;0.9500000;
20.1330000;0.9499980;0.9500000;
20.1340000;0.9499980;0.9500000;
20.1350000;0.9499980;0.9500000;
20.1360000;0.9499980;0.9500000;
20.1370000;0.9499980;0.9500000;
20.1380000;0.9499980;0.9500000;
20.1390000;0.9499980;0.9500000;
20.1400000;0.9499980;0.9500000;
20.1410000;0.9499980;0.9500000;
20.1420000;0.9499980;0.9500000;
20.1430000;0.9499980;0.9500000;
20.1440000;0.9499980;0.9500000;
20.1450000;0.9499980;0.9500000;
20.1460000;0.9499980;0.9500000;
20.1470000;0.9499980;0.9500000;
20.1480000;0.9499980;0.9500000;
20.1490000;0.9499980;0.9500000;
20.1500000;0.9499980;0.9500000;
20.1510000;0.9499980;0.9500000;
20.1520000;0.9499980;0.9500000;
20.1530000;0.9499980;0.9500000;
20.1540000;0.9499980;0.9500000;
20.1550000;0.9499980;0.9500000;
20.1560000;0.9499980;0.9500000;
20.1570000;0.9499980;0.9500000;
20.1580000;0.9499980;0.9500000;
20.1590000;0.9499980;0.9500000;
20.1600000;0.9499980;0.9500000;
20.1610000;0.9499980;0.9500000;
20.1620000;0.9499980;0.9500000;
20.1630000;0.9499980;0.9500000;
20.1640000;0.9499980;0.9500000;
20.1650000;0.9499980;0.9500000;
20.1660000;0.9499980;0.9500000;
20.1670000;0.9499980;0.9500000;
20.1680000;0.9499980;0.9500000;
20.1690000;0.9499980;0.9500000;
20.1700000;0.9499980;0.9500000;
20.1710000;0.9499980;0.9500000;
20.1720000;0.9499980;0.9500000;
20.1730000;0.9499980;0.9500000;
20.1740000;0.9499980;0.9500000;
20.1750000;0.9499980;0.9500000;
20.1760000;0.9499980;0.9500000;
20.1770000;0.9499980;0.9500000;
20.1780000;0.9499980;0.9500000;
20.1790000;0.9499980;0.9500000;
20.1800000;0.9499980;0.9500000;
20.1810000;0.9499980;0.9500000;
20.1820000;0.9499980;0.9500000;
20.1830000;0.9499980;0.9500000;
20.1840000;0.9499980;0.9500000;
20.1850000;0.9499980;0.9500000;
20.1860000;0.9499980;0.9500000;
20.1870000;0.9499980;0.9500000;
20.1880000;0.9499980;0.9500000;
20.1890000;0.9499980;0.9500000;
20.1900000;0.9499980;0.9500000;
20.1910000;0.9499980;0.9500000;
20.1920000;0.9499980;0.9500000;
20.1930000;0.9499980;0.9500000;
20.1940000;0.9499980;0.9500000;
20.1950000;0.9499980;0.9500000;
20.1960000;0.9499980;0.9500000;
20.1970000;0.9499980;0.9500000;
20.1980000;0.9499980;0.9500000;
20.1990000;0.9499980;0.9500000;
20.2000000;0.9499980;0.9500000;
20.2010000;0.9499980;0.9500000;
20.2020000;0.9499980;0.9500000;
20.2030000;0.9499980;0.9500000;
20.2040000;0.9499980;0.9500000;
20.2050000;0.9499980;0.9500000;
20.2060000;0.9499980;0.9500000;
20.2070000;0.9499980;0.9500000;
20.2080000;0.9499980;0.9500000;
20.2090000;0.9499980;0.9500000;
20.2100000;0.9499980;0.9500000;
20.2110000;0.9499980;0.9500000;
20.2120000;0.9499980;0.9500000;
20.2130000;0.9499980;0.9500000;
20.2140000;0.9499980;0.9500000;
20.2150000;0.9499980;0.9500000;
20.2160000;0.9499980;0.9500000;
20.2170000;0.9499980;0.9500000;
20.2180000;0.9499980;0.9500000;
20.2190000;0.9499980;0.9500000;
20.2200000;0.9499980;0.9500000;
20.2210000;0.9499980;0.9500000;
20.2220000;0.9499980;0.9500000;
20.2230000;0.9499980;0.9500000;
20.2240000;0.9499980;0.9500000;
20.2250000;0.9499980;0.9500000;
20.2260000;0.9499980;0.9500000;
20.2270000;0.9499980;0.9500000;
20.2280000;0.9499980;0.9500000;
20.2290000;0.9499980;0.9500000;
20.2300000;0.9499980;0.9500000;
20.2310000;0.9499980;0.9500000;
20.2320000;0.9499980;0.9500000;
20.2330000;0.9499980;0.9500000;
20.2340000;0.9499980;0.9500000;
20.2350000;0.9499980;0.9500000;
20.2360000;0.9499980;0.9500000;
20.2370000;0.9499980;0.9500000;
20.2380000;0.9499980;0.9500000;
20.2390000;0.9499980;0.9500000;
20.2400000;0.9499980;0.9500000;
20.2410000;0.9499980;0.9500000;
20.2420000;0.9499980;0.9500000;
20.2430000;0.9499980;0.9500000;
20.2440000;0.9499980;0.9500000;
20.2450000;0.9499980;0.9500000;
20.2460000;0.9499980;0.9500000;
20.2470000;0.9499980;0.9500000;
20.2480000;0.9499980;0.9500000;
20.2490000;0.9499980;0.9500000;
20.2500000;0.9499980;0.9500000;
20.2510000;0.9499980;0.9500000;
20.2520000;0.9499980;0.9500000;
20.2530000;0.9499980;0.9500000;
20.2540000;0.9499980;0.9500000;
20.2550000;0.9499980;0.9500000;
20.2560000;0.9499980;0.9500000;
20.2570000;0.9499980;0.9500000;
20.2580000;0.9499980;0.9500000;
20.2590000;0.9499980;0.9500000;
20.2600000;0.9499980;0.9500000;
20.2610000;0.9499980;0.9500000;
20.2620000;0.9499980;0.9500000;
20.2630000;0.9499980;0.9500000;
20.2640000;0.9499980;0.9500000;
20.2650000;0.9499980;0.9500000;
20.2660000;0.9499980;0.9500000;
20.2670000;0.9499980;0.9500000;
20.2680000;0.9499980;0.9500000;
20.2690000;0.9499980;0.9500000;
20.2700000;0.9499980;0.9500000;
20.2710000;0.9499980;0.9500000;
20.2720000;0.9499980;0.9500000;
20.2730000;0.9499980;0.9500000;
20.2740000;0.9499980;0.9500000;
20.2750000;0.9499980;0.9500000;
20.2760000;0.9499980;0.9500000;
20.2770000;0.9499980;0.9500000;
20.2780000;0.9499980;0.9500000;
20.2790000;0.9499980;0.9500000;
20.2800000;0.9499980;0.9500000;
20.2810000;0.9499980;0.9500000;
20.2820000;0.9499980;0.9500000;
20.2830000;0.9499980;0.9500000;
20.2840000;0.9499980;0.9500000;
20.2850000;0.9499980;0.9500000;
20.2860000;0.9499980;0.9500000;
20.2870000;0.9499980;0.9500000;
20.2880000;0.9499980;0.9500000;
20.2890000;0.9499980;0.9500000;
20.2900000;0.9499980;0.9500000;
20.2910000;0.9499980;0.9500000;
20.2920000;0.9499980;0.9500000;
20.2930000;0.9499980;0.9500000;
20.2940000;0.9499980;0.9500000;
20.2950000;0.9499980;0.9500000;
20.2960000;0.9499980;0.9500000;
20.2970000;0.9499980;0.9500000;
20.2980000;0.9499980;0.9500000;
20.2990000;0.9499980;0.9500000;
20.3000000;0.9499980;0.9500000;
20.3010000;0.9499980;0.9500000;
20.3020000;0.9499980;0.9500000;
20.3030000;0.9499980;0.9500000;
20.3040000;0.9499980;0.9500000;
20.3050000;0.9499980;0.9500000;
20.3060000;0.9499980;0.9500000;
20.3070000;0.9499980;0.9500000;
20.3080000;0.9499980;0.9500000;
20.3090000;0.9499980;0.9500000;
20.3100000;0.9499980;0.9500000;
20.3110000;0.9499980;0.9500000;
20.3120000;0.9499980;0.9500000;
20.3130000;0.9499980;0.9500000;
20.3140000;0.9499980;0.9500000;
20.3150000;0.9499980;0.9500000;
20.3160000;0.9499980;0.9500000;
20.3170000;0.9499980;0.9500000;
20.3180000;0.9499980;0.9500000;
20.3190000;0.9499980;0.9500000;
20.3200000;0.9499980;0.9500000;
20.3210000;0.9499980;0.9500000;
20.3220000;0.9499980;0.9500000;
20.3230000;0.9499980;0.9500000;
20.3240000;0.9499980;0.9500000;
20.3250000;0.9499980;0.9500000;
20.3260000;0.9499980;0.9500000;
20.3270000;0.9499980;0.9500000;
20.3280000;0.9499980;0.9500000;
20.3290000;0.9499980;0.9500000;
20.3300000;0.9499980;0.9500000;
20.3310000;0.9499980;0.9500000;
20.3320000;0.9499980;0.9500000;
20.3330000;0.9499980;0.9500000;
20.3340000;0.9499980;0.9500000;
20.3350000;0.9499980;0.9500000;
20.3360000;0.9499980;0.9500000;
20.3370000;0.9499980;0.9500000;
20.3380000;0.9499980;0.9500000;
20.3390000;0.9499980;0.9500000;
20.3400000;0.9499980;0.9500000;
20.3410000;0.9499980;0.9500000;
20.3420000;0.9499980;0.9500000;
20.3430000;0.9499980;0.9500000;
20.3440000;0.9499980;0.9500000;
20.3450000;0.9499980;0.9500000;
20.3460000;0.9499980;0.9500000;
20.3470000;0.9499980;0.9500000;
20.3480000;0.9499980;0.9500000;
20.3490000;0.9499980;0.9500000;
20.3500000;0.9499980;0.9500000;
20.3510000;0.9499980;0.9500000;
20.3520000;0.9499980;0.9500000;
20.3530000;0.9499980;0.9500000;
20.3540000;0.9499980;0.9500000;
20.3550000;0.9499980;0.9500000;
20.3560000;0.9499980;0.9500000;
20.3570000;0.9499980;0.9500000;
20.3580000;0.9499980;0.9500000;
20.3590000;0.9499980;0.9500000;
20.3600000;0.9499980;0.9500000;
20.3610000;0.9499980;0.9500000;
20.3620000;0.9499980;0.9500000;
20.3630000;0.9499980;0.9500000;
20.3640000;0.9499980;0.9500000;
20.3650000;0.9499980;0.9500000;
20.3660000;0.9499980;0.9500000;
20.3670000;0.9499980;0.9500000;
20.3680000;0.9499980;0.9500000;
20.3690000;0.9499980;0.9500000;
20.3700000;0.9499980;0.9500000;
20.3710000;0.9499980;0.9500000;
20.3720000;0.9499980;0.9500000;
20.3730000;0.9499980;0.9500000;
20.3740000;0.9499980;0.9500000;
20.3750000;0.9499980;0.9500000;
20.3760000;0.9499980;0.9500000;
20.3770000;0.9499980;0.9500000;
20.3780000;0.9499980;0.9500000;
20.3790000;0.9499980;0.9500000;
20.3800000;0.9499980;0.9500000;
20.3810000;0.9499980;0.9500000;
20.3820000;0.9499980;0.9500000;
20.3830000;0.9499980;0.9500000;
20.3840000;0.9499980;0.9500000;
20.3850000;0.9499980;0.9500000;
20.3860000;0.9499980;0.9500000;
20.3870000;0.9499980;0.9500000;
20.3880000;0.9499980;0.9500000;
20.3890000;0.9499980;0.9500000;
20.3900000;0.9499980;0.9500000;
20.3910000;0.9499980;0.9500000;
20.3920000;0.9499980;0.9500000;
20.3930000;0.9499980;0.9500000;
20.3940000;0.9499980;0.9500000;
20.3950000;0.9499980;0.9500000;
20.3960000;0.9499980;0.9500000;
20.3970000;0.9499980;0.9500000;
20.3980000;0.9499980;0.9500000;
20.3990000;0.9499980;0.9500000;
20.4000000;0.9499980;0.9500000;
20.4010000;0.9499980;0.9500000;
20.4020000;0.9499980;0.9500000;
20.4030000;0.9499980;0.9500000;
20.4040000;0.9499980;0.9500000;
20.4050000;0.9499980;0.9500000;
20.4060000;0.9499980;0.9500000;
20.4070000;0.9499980;0.9500000;
20.4080000;0.9499980;0.9500000;
20.4090000;0.9499980;0.9500000;
20.4100000;0.9499980;0.9500000;
20.4110000;0.9499980;0.9500000;
20.4120000;0.9499980;0.9500000;
20.4130000;0.9499980;0.9500000;
20.4140000;0.9499980;0.9500000;
20.4150000;0.9499980;0.9500000;
20.4160000;0.9499980;0.9500000;
20.4170000;0.9499980;0.9500000;
20.4180000;0.9499980;0.9500000;
20.4190000;0.9499980;0.9500000;
20.4200000;0.9499980;0.9500000;
20.4210000;0.9499980;0.9500000;
20.4220000;0.9499980;0.9500000;
20.4230000;0.9499980;0.9500000;
20.4240000;0.9499980;0.9500000;
20.4250000;0.9499980;0.9500000;
20.4260000;0.9499980;0.9500000;
20.4270000;0.9499980;0.9500000;
20.4280000;0.9499980;0.9500000;
20.4290000;0.9499980;0.9500000;
20.4300000;0.9499980;0.9500000;
20.4310000;0.9499980;0.9500000;
20.4320000;0.9499980;0.9500000;
20.4330000;0.9499980;0.9500000;
20.4340000;0.9499980;0.9500000;
20.4350000;0.9499980;0.9500000;
20.4360000;0.9499980;0.9500000;
20.4370000;0.9499980;0.9500000;
20.4380000;0.9499980;0.9500000;
20.4390000;0.9499980;0.9500000;
20.4400000;0.9499980;0.9500000;
20.4410000;0.9499980;0.9500000;
20.4420000;0.9499980;0.9500000;
20.4430000;0.9499980;0.9500000;
20.4440000;0.9499980;0.9500000;
20.4450000;0.9499980;0.9500000;
20.4460000;0.9499980;0.9500000;
20.4470000;0.9499980;0.9500000;
20.4480000;0.9499980;0.9500000;
20.4490000;0.9499980;0.9500000;
20.4500000;0.9499980;0.9500000;
20.4510000;0.9499980;0.9500000;
20.4520000;0.9499980;0.9500000;
20.4530000;0.9499980;0.9500000;
20.4540000;0.9499980;0.9500000;
20.4550000;0.9499980;0.9500000;
20.4560000;0.9499980;0.9500000;
20.4570000;0.9499980;0.9500000;
20.4580000;0.9499980;0.9500000;
20.4590000;0.9499980;0.9500000;
20.4600000;0.9499980;0.9500000;
20.4610000;0.9499980;0.9500000;
20.4620000;0.9499980;0.9500000;
20.4630000;0.9499980;0.9500000;
20.4640000;0.9499980;0.9500000;
20.4650000;0.9499980;0.9500000;
20.4660000;0.9499980;0.9500000;
20.4670000;0.9499980;0.9500000;
20.4680000;0.9499980;0.9500000;
20.4690000;0.9499980;0.9500000;
20.4700000;0.9499980;0.9500000;
20.4710000;0.9499980;0.9500000;
20.4720000;0.9499980;0.9500000;
20.4730000;0.9499980;0.9500000;
20.4740000;0.9499980;0.9500000;
20.4750000;0.9499980;0.9500000;
20.4760000;0.9499980;0.9500000;
20.4770000;0.9499980;0.9500000;
20.4780000;0.9499980;0.9500000;
20.4790000;0.9499980;0.9500000;
20.4800000;0.9499980;0.9500000;
20.4810000;0.9499980;0.9500000;
20.4820000;0.9499980;0.9500000;
20.4830000;0.9499980;0.9500000;
20.4840000;0.9499980;0.9500000;
20.4850000;0.9499980;0.9500000;
20.4860000;0.9499980;0.9500000;
20.4870000;0.9499980;0.9500000;
20.4880000;0.9499980;0.9500000;
20.4890000;0.9499980;0.9500000;
20.4900000;0.9499980;0.9500000;
20.4910000;0.9499980;0.9500000;
20.4920000;0.9499980;0.9500000;
20.4930000;0.9499980;0.9500000;
20.4940000;0.9499980;0.9500000;
20.4950000;0.9499980;0.9500000;
20.4960000;0.9499980;0.9500000;
20.4970000;0.9499980;0.9500000;
20.4980000;0.9499980;0.9500000;
20.4990000;0.9499980;0.9500000;
20.5000000;0.9499980;0.9500000;
20.5010000;0.9499980;0.9500000;
20.5020000;0.9499980;0.9500000;
20.5030000;0.9499980;0.9500000;
20.5040000;0.9499980;0.9500000;
20.5050000;0.9499980;0.9500000;
20.5060000;0.9499980;0.9500000;
20.5070000;0.9499980;0.9500000;
20.5080000;0.9499980;0.9500000;
20.5090000;0.9499980;0.9500000;
20.5100000;0.9499980;0.9500000;
20.5110000;0.9499980;0.9500000;
20.5120000;0.9499980;0.9500000;
20.5130000;0.9499980;0.9500000;
20.5140000;0.9499980;0.9500000;
20.5150000;0.9499980;0.9500000;
20.5160000;0.9499980;0.9500000;
20.5170000;0.9499980;0.9500000;
20.5180000;0.9499980;0.9500000;
20.5190000;0.9499980;0.9500000;
20.5200000;0.9499980;0.9500000;
20.5210000;0.9499980;0.9500000;
20.5220000;0.9499980;0.9500000;
20.5230000;0.9499980;0.9500000;
20.5240000;0.9499980;0.9500000;
20.5250000;0.9499980;0.9500000;
20.5260000;0.9499980;0.9500000;
20.5270000;0.9499980;0.9500000;
20.5280000;0.9499980;0.9500000;
20.5290000;0.9499980;0.9500000;
20.5300000;0.9499980;0.9500000;
20.5310000;0.9499980;0.9500000;
20.5320000;0.9499980;0.9500000;
20.5330000;0.9499980;0.9500000;
20.5340000;0.9499980;0.9500000;
20.5350000;0.9499980;0.9500000;
20.5360000;0.9499980;0.9500000;
20.5370000;0.9499980;0.9500000;
20.5380000;0.9499980;0.9500000;
20.5390000;0.9499980;0.9500000;
20.5400000;0.9499980;0.9500000;
20.5410000;0.9499980;0.9500000;
20.5420000;0.9499980;0.9500000;
20.5430000;0.9499980;0.9500000;
20.5440000;0.9499980;0.9500000;
20.5450000;0.9499980;0.9500000;
20.5460000;0.9499980;0.9500000;
20.5470000;0.9499980;0.9500000;
20.5480000;0.9499980;0.9500000;
20.5490000;0.9499980;0.9500000;
20.5500000;0.9499980;0.9500000;
20.5510000;0.9499980;0.9500000;
20.5520000;0.9499980;0.9500000;
20.5530000;0.9499980;0.9500000;
20.5540000;0.9499980;0.9500000;
20.5550000;0.9499980;0.9500000;
20.5560000;0.9499980;0.9500000;
20.5570000;0.9499980;0.9500000;
20.5580000;0.9499980;0.9500000;
20.5590000;0.9499980;0.9500000;
20.5600000;0.9499980;0.9500000;
20.5610000;0.9499980;0.9500000;
20.5620000;0.9499980;0.9500000;
20.5630000;0.9499980;0.9500000;
20.5640000;0.9499980;0.9500000;
20.5650000;0.9499980;0.9500000;
20.5660000;0.9499980;0.9500000;
20.5670000;0.9499980;0.9500000;
20.5680000;0.9499980;0.9500000;
20.5690000;0.9499980;0.9500000;
20.5700000;0.9499980;0.9500000;
20.5710000;0.9499980;0.9500000;
20.5720000;0.9499980;0.9500000;
20.5730000;0.9499980;0.9500000;
20.5740000;0.9499980;0.9500000;
20.5750000;0.9499980;0.9500000;
20.5760000;0.9499980;0.9500000;
20.5770000;0.9499980;0.9500000;
20.5780000;0.9499980;0.9500000;
20.5790000;0.9499980;0.9500000;
20.5800000;0.9499980;0.9500000;
20.5810000;0.9499980;0.9500000;
20.5820000;0.9499980;0.9500000;
20.5830000;0.9499980;0.9500000;
20.5840000;0.9499980;0.9500000;
20.5850000;0.9499980;0.9500000;
20.5860000;0.9499980;0.9500000;
20.5870000;0.9499980;0.9500000;
20.5880000;0.9499980;0.9500000;
20.5890000;0.9499980;0.9500000;
20.5900000;0.9499980;0.9500000;
20.5910000;0.9499980;0.9500000;
20.5920000;0.9499980;0.9500000;
20.5930000;0.9499980;0.9500000;
20.5940000;0.9499980;0.9500000;
20.5950000;0.9499980;0.9500000;
20.5960000;0.9499980;0.9500000;
20.5970000;0.9499980;0.9500000;
20.5980000;0.9499980;0.9500000;
20.5990000;0.9499980;0.9500000;
20.6000000;0.9499980;0.9500000;
20.6010000;0.9499980;0.9500000;
20.6020000;0.9499980;0.9500000;
20.6030000;0.9499980;0.9500000;
20.6040000;0.9499980;0.9500000;
20.6050000;0.9499980;0.9500000;
20.6060000;0.9499980;0.9500000;
20.6070000;0.9499980;0.9500000;
20.6080000;0.9499980;0.9500000;
20.6090000;0.9499980;0.9500000;
20.6100000;0.9499980;0.9500000;
20.6110000;0.9499980;0.9500000;
20.6120000;0.9499980;0.9500000;
20.6130000;0.9499980;0.9500000;
20.6140000;0.9499980;0.9500000;
20.6150000;0.9499980;0.9500000;
20.6160000;0.9499980;0.9500000;
20.6170000;0.9499980;0.9500000;
20.6180000;0.9499980;0.9500000;
20.6190000;0.9499980;0.9500000;
20.6200000;0.9499980;0.9500000;
20.6210000;0.9499980;0.9500000;
20.6220000;0.9499980;0.9500000;
20.6230000;0.9499980;0.9500000;
20.6240000;0.9499980;0.9500000;
20.6250000;0.9499980;0.9500000;
20.6260000;0.9499980;0.9500000;
20.6270000;0.9499980;0.9500000;
20.6280000;0.9499980;0.9500000;
20.6290000;0.9499980;0.9500000;
20.6300000;0.9499980;0.9500000;
20.6310000;0.9499980;0.9500000;
20.6320000;0.9499980;0.9500000;
20.6330000;0.9499980;0.9500000;
20.6340000;0.9499980;0.9500000;
20.6350000;0.9499980;0.9500000;
20.6360000;0.9499980;0.9500000;
20.6370000;0.9499980;0.9500000;
20.6380000;0.9499980;0.9500000;
20.6390000;0.9499980;0.9500000;
20.6400000;0.9499980;0.9500000;
20.6410000;0.9499980;0.9500000;
20.6420000;0.9499980;0.9500000;
20.6430000;0.9499980;0.9500000;
20.6440000;0.9499980;0.9500000;
20.6450000;0.9499980;0.9500000;
20.6460000;0.9499980;0.9500000;
20.6470000;0.9499980;0.9500000;
20.6480000;0.9499980;0.9500000;
20.6490000;0.9499980;0.9500000;
20.6500000;0.9499980;0.9500000;
20.6510000;0.9499980;0.9500000;
20.6520000;0.9499980;0.9500000;
20.6530000;0.9499980;0.9500000;
20.6540000;0.9499980;0.9500000;
20.6550000;0.9499980;0.9500000;
20.6560000;0.9499980;0.9500000;
20.6570000;0.9499980;0.9500000;
20.6580000;0.9499980;0.9500000;
20.6590000;0.9499980;0.9500000;
20.6600000;0.9499980;0.9500000;
20.6610000;0.9499980;0.9500000;
20.6620000;0.9499980;0.9500000;
20.6630000;0.9499980;0.9500000;
20.6640000;0.9499980;0.9500000;
20.6650000;0.9499980;0.9500000;
20.6660000;0.9499980;0.9500000;
20.6670000;0.9499980;0.9500000;
20.6680000;0.9499980;0.9500000;
20.6690000;0.9499980;0.9500000;
20.6700000;0.9499980;0.9500000;
20.6710000;0.9499980;0.9500000;
20.6720000;0.9499980;0.9500000;
20.6730000;0.9499980;0.9500000;
20.6740000;0.9499980;0.9500000;
20.6750000;0.9499980;0.9500000;
20.6760000;0.9499980;0.9500000;
20.6770000;0.9499980;0.9500000;
20.6780000;0.9499980;0.9500000;
20.6790000;0.9499980;0.9500000;
20.6800000;0.9499980;0.9500000;
20.6810000;0.9499980;0.9500000;
20.6820000;0.9499980;0.9500000;
20.6830000;0.9499980;0.9500000;
20.6840000;0.9499980;0.9500000;
20.6850000;0.9499980;0.9500000;
20.6860000;0.9499980;0.9500000;
20.6870000;0.9499980;0.9500000;
20.6880000;0.9499980;0.9500000;
20.6890000;0.9499980;0.9500000;
20.6900000;0.9499980;0.9500000;
20.6910000;0.9499980;0.9500000;
20.6920000;0.9499980;0.9500000;
20.6930000;0.9499980;0.9500000;
20.6940000;0.9499980;0.9500000;
20.6950000;0.9499980;0.9500000;
20.6960000;0.9499980;0.9500000;
20.6970000;0.9499980;0.9500000;
20.6980000;0.9499980;0.9500000;
20.6990000;0.9499980;0.9500000;
20.7000000;0.9499980;0.9500000;
20.7010000;0.9499980;0.9500000;
20.7020000;0.9499980;0.9500000;
20.7030000;0.9499980;0.9500000;
20.7040000;0.9499980;0.9500000;
20.7050000;0.9499980;0.9500000;
20.7060000;0.9499980;0.9500000;
20.7070000;0.9499980;0.9500000;
20.7080000;0.9499980;0.9500000;
20.7090000;0.9499980;0.9500000;
20.7100000;0.9499980;0.9500000;
20.7110000;0.9499980;0.9500000;
20.7120000;0.9499980;0.9500000;
20.7130000;0.9499980;0.9500000;
20.7140000;0.9499980;0.9500000;
20.7150000;0.9499980;0.9500000;
20.7160000;0.9499980;0.9500000;
20.7170000;0.9499980;0.9500000;
20.7180000;0.9499980;0.9500000;
20.7190000;0.9499980;0.9500000;
20.7200000;0.9499980;0.9500000;
20.7210000;0.9499980;0.9500000;
20.7220000;0.9499980;0.9500000;
20.7230000;0.9499980;0.9500000;
20.7240000;0.9499980;0.9500000;
20.7250000;0.9499980;0.9500000;
20.7260000;0.9499980;0.9500000;
20.7270000;0.9499980;0.9500000;
20.7280000;0.9499980;0.9500000;
20.7290000;0.9499980;0.9500000;
20.7300000;0.9499980;0.9500000;
20.7310000;0.9499980;0.9500000;
20.7320000;0.9499980;0.9500000;
20.7330000;0.9499980;0.9500000;
20.7340000;0.9499980;0.9500000;
20.7350000;0.9499980;0.9500000;
20.7360000;0.9499980;0.9500000;
20.7370000;0.9499980;0.9500000;
20.7380000;0.9499980;0.9500000;
20.7390000;0.9499980;0.9500000;
20.7400000;0.9499980;0.9500000;
20.7410000;0.9499980;0.9500000;
20.7420000;0.9499980;0.9500000;
20.7430000;0.9499980;0.9500000;
20.7440000;0.9499980;0.9500000;
20.7450000;0.9499980;0.9500000;
20.7460000;0.9499980;0.9500000;
20.7470000;0.9499980;0.9500000;
20.7480000;0.9499980;0.9500000;
20.7490000;0.9499980;0.9500000;
20.7500000;0.9499980;0.9500000;
20.7510000;0.9499980;0.9500000;
20.7520000;0.9499980;0.9500000;
20.7530000;0.9499980;0.9500000;
20.7540000;0.9499980;0.9500000;
20.7550000;0.9499980;0.9500000;
20.7560000;0.9499980;0.9500000;
20.7570000;0.9499980;0.9500000;
20.7580000;0.9499980;0.9500000;
20.7590000;0.9499980;0.9500000;
20.7600000;0.9499980;0.9500000;
20.7610000;0.9499980;0.9500000;
20.7620000;0.9499980;0.9500000;
20.7630000;0.9499980;0.9500000;
20.7640000;0.9499980;0.9500000;
20.7650000;0.9499980;0.9500000;
20.7660000;0.9499980;0.9500000;
20.7670000;0.9499980;0.9500000;
20.7680000;0.9499980;0.9500000;
20.7690000;0.9499980;0.9500000;
20.7700000;0.9499980;0.9500000;
20.7710000;0.9499980;0.9500000;
20.7720000;0.9499980;0.9500000;
20.7730000;0.9499980;0.9500000;
20.7740000;0.9499980;0.9500000;
20.7750000;0.9499980;0.9500000;
20.7760000;0.9499980;0.9500000;
20.7770000;0.9499980;0.9500000;
20.7780000;0.9499980;0.9500000;
20.7790000;0.9499980;0.9500000;
20.7800000;0.9499980;0.9500000;
20.7810000;0.9499980;0.9500000;
20.7820000;0.9499980;0.9500000;
20.7830000;0.9499980;0.9500000;
20.7840000;0.9499980;0.9500000;
20.7850000;0.9499980;0.9500000;
20.7860000;0.9499980;0.9500000;
20.7870000;0.9499980;0.9500000;
20.7880000;0.9499980;0.9500000;
20.7890000;0.9499980;0.9500000;
20.7900000;0.9499980;0.9500000;
20.7910000;0.9499980;0.9500000;
20.7920000;0.9499980;0.9500000;
20.7930000;0.9499980;0.9500000;
20.7940000;0.9499980;0.9500000;
20.7950000;0.9499980;0.9500000;
20.7960000;0.9499980;0.9500000;
20.7970000;0.9499980;0.9500000;
20.7980000;0.9499980;0.9500000;
20.7990000;0.9499980;0.9500000;
20.8000000;0.9499980;0.9500000;
20.8010000;0.9499980;0.9500000;
20.8020000;0.9499980;0.9500000;
20.8030000;0.9499980;0.9500000;
20.8040000;0.9499980;0.9500000;
20.8050000;0.9499980;0.9500000;
20.8060000;0.9499980;0.9500000;
20.8070000;0.9499980;0.9500000;
20.8080000;0.9499980;0.9500000;
20.8090000;0.9499980;0.9500000;
20.8100000;0.9499980;0.9500000;
20.8110000;0.9499980;0.9500000;
20.8120000;0.9499980;0.9500000;
20.8130000;0.9499980;0.9500000;
20.8140000;0.9499980;0.9500000;
20.8150000;0.9499980;0.9500000;
20.8160000;0.9499980;0.9500000;
20.8170000;0.9499980;0.9500000;
20.8180000;0.9499980;0.9500000;
20.8190000;0.9499980;0.9500000;
20.8200000;0.9499980;0.9500000;
20.8210000;0.9499980;0.9500000;
20.8220000;0.9499980;0.9500000;
20.8230000;0.9499980;0.9500000;
20.8240000;0.9499980;0.9500000;
20.8250000;0.9499980;0.9500000;
20.8260000;0.9499980;0.9500000;
20.8270000;0.9499980;0.9500000;
20.8280000;0.9499980;0.9500000;
20.8290000;0.9499980;0.9500000;
20.8300000;0.9499980;0.9500000;
20.8310000;0.9499980;0.9500000;
20.8320000;0.9499980;0.9500000;
20.8330000;0.9499980;0.9500000;
20.8340000;0.9499980;0.9500000;
20.8350000;0.9499980;0.9500000;
20.8360000;0.9499980;0.9500000;
20.8370000;0.9499980;0.9500000;
20.8380000;0.9499980;0.9500000;
20.8390000;0.9499980;0.9500000;
20.8400000;0.9499980;0.9500000;
20.8410000;0.9499980;0.9500000;
20.8420000;0.9499980;0.9500000;
20.8430000;0.9499980;0.9500000;
20.8440000;0.9499980;0.9500000;
20.8450000;0.9499980;0.9500000;
20.8460000;0.9499980;0.9500000;
20.8470000;0.9499980;0.9500000;
20.8480000;0.9499980;0.9500000;
20.8490000;0.9499980;0.9500000;
20.8500000;0.9499980;0.9500000;
20.8510000;0.9499980;0.9500000;
20.8520000;0.9499980;0.9500000;
20.8530000;0.9499980;0.9500000;
20.8540000;0.9499980;0.9500000;
20.8550000;0.9499980;0.9500000;
20.8560000;0.9499980;0.9500000;
20.8570000;0.9499980;0.9500000;
20.8580000;0.9499980;0.9500000;
20.8590000;0.9499980;0.9500000;
20.8600000;0.9499980;0.9500000;
20.8610000;0.9499980;0.9500000;
20.8620000;0.9499980;0.9500000;
20.8630000;0.9499980;0.9500000;
20.8640000;0.9499980;0.9500000;
20.8650000;0.9499980;0.9500000;
20.8660000;0.9499980;0.9500000;
20.8670000;0.9499980;0.9500000;
20.8680000;0.9499980;0.9500000;
20.8690000;0.9499980;0.9500000;
20.8700000;0.9499980;0.9500000;
20.8710000;0.9499980;0.9500000;
20.8720000;0.9499980;0.9500000;
20.8730000;0.9499980;0.9500000;
20.8740000;0.9499980;0.9500000;
20.8750000;0.9499980;0.9500000;
20.8760000;0.9499980;0.9500000;
20.8770000;0.9499980;0.9500000;
20.8780000;0.9499980;0.9500000;
20.8790000;0.9499980;0.9500000;
20.8800000;0.9499980;0.9500000;
20.8810000;0.9499980;0.9500000;
20.8820000;0.9499980;0.9500000;
20.8830000;0.9499980;0.9500000;
20.8840000;0.9499980;0.9500000;
20.8850000;0.9499980;0.9500000;
20.8860000;0.9499980;0.9500000;
20.8870000;0.9499980;0.9500000;
20.8880000;0.9499980;0.9500000;
20.8890000;0.9499980;0.9500000;
20.8900000;0.9499980;0.9500000;
20.8910000;0.9499980;0.9500000;
20.8920000;0.9499980;0.9500000;
20.8930000;0.9499980;0.9500000;
20.8940000;0.9499980;0.9500000;
20.8950000;0.9499980;0.9500000;
20.8960000;0.9499980;0.9500000;
20.8970000;0.9499980;0.9500000;
20.8980000;0.9499980;0.9500000;
20.8990000;0.9499980;0.9500000;
20.9000000;0.9499980;0.9500000;
20.9010000;0.9499980;0.9500000;
20.9020000;0.9499980;0.9500000;
20.9030000;0.9499980;0.9500000;
20.9040000;0.9499980;0.9500000;
20.9050000;0.9499980;0.9500000;
20.9060000;0.9499980;0.9500000;
20.9070000;0.9499980;0.9500000;
20.9080000;0.9499980;0.9500000;
20.9090000;0.9499980;0.9500000;
20.9100000;0.9499980;0.9500000;
20.9110000;0.9499980;0.9500000;
20.9120000;0.9499980;0.9500000;
20.9130000;0.9499980;0.9500000;
20.9140000;0.9499980;0.9500000;
20.9150000;0.9499980;0.9500000;
20.9160000;0.9499980;0.9500000;
20.9170000;0.9499980;0.9500000;
20.9180000;0.9499980;0.9500000;
20.9190000;0.9499980;0.9500000;
20.9200000;0.9499980;0.9500000;
20.9210000;0.9499980;0.9500000;
20.9220000;0.9499980;0.9500000;
20.9230000;0.9499980;0.9500000;
20.9240000;0.9499980;0.9500000;
20.9250000;0.9499980;0.9500000;
20.9260000;0.9499980;0.9500000;
20.9270000;0.9499980;0.9500000;
20.9280000;0.9499980;0.9500000;
20.9290000;0.9499980;0.9500000;
20.9300000;0.9499980;0.9500000;
20.9310000;0.9499980;0.9500000;
20.9320000;0.9499980;0.9500000;
20.9330000;0.9499980;0.9500000;
20.9340000;0.9499980;0.9500000;
20.9350000;0.9499980;0.9500000;
20.9360000;0.9499980;0.9500000;
20.9370000;0.9499980;0.9500000;
20.9380000;0.9499980;0.9500000;
20.9390000;0.9499980;0.9500000;
20.9400000;0.9499980;0.9500000;
20.9410000;0.9499980;0.9500000;
20.9420000;0.9499980;0.9500000;
20.9430000;0.9499980;0.9500000;
20.9440000;0.9499980;0.9500000;
20.9450000;0.9499980;0.9500000;
20.9460000;0.9499980;0.9500000;
20.9470000;0.9499980;0.9500000;
20.9480000;0.9499980;0.9500000;
20.9490000;0.9499980;0.9500000;
20.9500000;0.9499980;0.9500000;
20.9510000;0.9499980;0.9500000;
20.9520000;0.9499980;0.9500000;
20.9530000;0.9499980;0.9500000;
20.9540000;0.9499980;0.9500000;
20.9550000;0.9499980;0.9500000;
20.9560000;0.9499980;0.9500000;
20.9570000;0.9499980;0.9500000;
20.9580000;0.9499980;0.9500000;
20.9590000;0.9499980;0.9500000;
20.9600000;0.9499980;0.9500000;
20.9610000;0.9499980;0.9500000;
20.9620000;0.9499980;0.9500000;
20.9630000;0.9499980;0.9500000;
20.9640000;0.9499980;0.9500000;
20.9650000;0.9499980;0.9500000;
20.9660000;0.9499980;0.9500000;
20.9670000;0.9499980;0.9500000;
20.9680000;0.9499980;0.9500000;
20.9690000;0.9499980;0.9500000;
20.9700000;0.9499980;0.9500000;
20.9710000;0.9499980;0.9500000;
20.9720000;0.9499980;0.9500000;
20.9730000;0.9499980;0.9500000;
20.9740000;0.9499980;0.9500000;
20.9750000;0.9499980;0.9500000;
20.9760000;0.9499980;0.9500000;
20.9770000;0.9499980;0.9500000;
20.9780000;0.9499980;0.9500000;
20.9790000;0.9499980;0.9500000;
20.9800000;0.9499980;0.9500000;
20.9810000;0.9499980;0.9500000;
20.9820000;0.9499980;0.9500000;
20.9830000;0.9499980;0.9500000;
20.9840000;0.9499980;0.9500000;
20.9850000;0.9499980;0.9500000;
20.9860000;0.9499980;0.9500000;
20.9870000;0.9499980;0.9500000;
20.9880000;0.9499980;0.9500000;
20.9890000;0.9499980;0.9500000;
20.9900000;0.9499980;0.9500000;
20.9910000;0.9499980;0.9500000;
20.9920000;0.9499980;0.9500000;
20.9930000;0.9499980;0.9500000;
20.9940000;0.9499980;0.9500000;
20.9950000;0.9499980;0.9500000;
20.9960000;0.9499980;0.9500000;
20.9970000;0.9499980;0.9500000;
20.9980000;0.9499980;0.9500000;
20.9990000;0.9499980;0.9500000;
21.0000000;0.9499980;0.9500000;
21.0010000;0.9499980;0.9500000;
21.0020000;0.9499980;0.9500000;
21.0030000;0.9499980;0.9500000;
21.0040000;0.9499980;0.9500000;
21.0050000;0.9499980;0.9500000;
21.0060000;0.9499980;0.9500000;
21.0070000;0.9499980;0.9500000;
21.0080000;0.9499980;0.9500000;
21.0090000;0.9499980;0.9500000;
21.0100000;0.9499980;0.9500000;
21.0110000;0.9499980;0.9500000;
21.0120000;0.9499980;0.9500000;
21.0130000;0.9499980;0.9500000;
21.0140000;0.9499980;0.9500000;
21.0150000;0.9499980;0.9500000;
21.0160000;0.9499980;0.9500000;
21.0170000;0.9499980;0.9500000;
21.0180000;0.9499980;0.9500000;
21.0190000;0.9499980;0.9500000;
21.0200000;0.9499980;0.9500000;
21.0210000;0.9499980;0.9500000;
21.0220000;0.9499980;0.9500000;
21.0230000;0.9499980;0.9500000;
21.0240000;0.9499980;0.9500000;
21.0250000;0.9499980;0.9500000;
21.0260000;0.9499980;0.9500000;
21.0270000;0.9499980;0.9500000;
21.0280000;0.9499980;0.9500000;
21.0290000;0.9499980;0.9500000;
21.0300000;0.9499980;0.9500000;
21.0310000;0.9499980;0.9500000;
21.0320000;0.9499980;0.9500000;
21.0330000;0.9499980;0.9500000;
21.0340000;0.9499980;0.9500000;
21.0350000;0.9499980;0.9500000;
21.0360000;0.9499980;0.9500000;
21.0370000;0.9499980;0.9500000;
21.0380000;0.9499980;0.9500000;
21.0390000;0.9499980;0.9500000;
21.0400000;0.9499980;0.9500000;
21.0410000;0.9499980;0.9500000;
21.0420000;0.9499980;0.9500000;
21.0430000;0.9499980;0.9500000;
21.0440000;0.9499980;0.9500000;
21.0450000;0.9499980;0.9500000;
21.0460000;0.9499980;0.9500000;
21.0470000;0.9499980;0.9500000;
21.0480000;0.9499980;0.9500000;
21.0490000;0.9499980;0.9500000;
21.0500000;0.9499980;0.9500000;
21.0510000;0.9499980;0.9500000;
21.0520000;0.9499980;0.9500000;
21.0530000;0.9499980;0.9500000;
21.0540000;0.9499980;0.9500000;
21.0550000;0.9499980;0.9500000;
21.0560000;0.9499980;0.9500000;
21.0570000;0.9499980;0.9500000;
21.0580000;0.9499980;0.9500000;
21.0590000;0.9499980;0.9500000;
21.0600000;0.9499980;0.9500000;
21.0610000;0.9499980;0.9500000;
21.0620000;0.9499980;0.9500000;
21.0630000;0.9499980;0.9500000;
21.0640000;0.9499980;0.9500000;
21.0650000;0.9499980;0.9500000;
21.0660000;0.9499980;0.9500000;
21.0670000;0.9499980;0.9500000;
21.0680000;0.9499980;0.9500000;
21.0690000;0.9499980;0.9500000;
21.0700000;0.9499980;0.9500000;
21.0710000;0.9499980;0.9500000;
21.0720000;0.9499980;0.9500000;
21.0730000;0.9499980;0.9500000;
21.0740000;0.9499980;0.9500000;
21.0750000;0.9499980;0.9500000;
21.0760000;0.9499980;0.9500000;
21.0770000;0.9499980;0.9500000;
21.0780000;0.9499980;0.9500000;
21.0790000;0.9499980;0.9500000;
21.0800000;0.9499980;0.9500000;
21.0810000;0.9499980;0.9500000;
21.0820000;0.9499980;0.9500000;
21.0830000;0.9499980;0.9500000;
21.0840000;0.9499980;0.9500000;
21.0850000;0.9499980;0.9500000;
21.0860000;0.9499980;0.9500000;
21.0870000;0.9499980;0.9500000;
21.0880000;0.9499980;0.9500000;
21.0890000;0.9499980;0.9500000;
21.0900000;0.9499980;0.9500000;
21.0910000;0.9499980;0.9500000;
21.0920000;0.9499980;0.9500000;
21.0930000;0.9499980;0.9500000;
21.0940000;0.9499980;0.9500000;
21.0950000;0.9499980;0.9500000;
21.0960000;0.9499980;0.9500000;
21.0970000;0.9499980;0.9500000;
21.0980000;0.9499980;0.9500000;
21.0990000;0.9499980;0.9500000;
21.1000000;0.9499980;0.9500000;
21.1010000;0.9499980;0.9500000;
21.1020000;0.9499980;0.9500000;
21.1030000;0.9499980;0.9500000;
21.1040000;0.9499980;0.9500000;
21.1050000;0.9499980;0.9500000;
21.1060000;0.9499980;0.9500000;
21.1070000;0.9499980;0.9500000;
21.1080000;0.9499980;0.9500000;
21.1090000;0.9499980;0.9500000;
21.1100000;0.9499980;0.9500000;
21.1110000;0.9499980;0.9500000;
21.1120000;0.9499980;0.9500000;
21.1130000;0.9499980;0.9500000;
21.1140000;0.9499980;0.9500000;
21.1150000;0.9499980;0.9500000;
21.1160000;0.9499980;0.9500000;
21.1170000;0.9499980;0.9500000;
21.1180000;0.9499980;0.9500000;
21.1190000;0.9499980;0.9500000;
21.1200000;0.9499980;0.9500000;
21.1210000;0.9499980;0.9500000;
21.1220000;0.9499980;0.9500000;
21.1230000;0.9499980;0.9500000;
21.1240000;0.9499980;0.9500000;
21.1250000;0.9499980;0.9500000;
21.1260000;0.9499980;0.9500000;
21.1270000;0.9499980;0.9500000;
21.1280000;0.9499980;0.9500000;
21.1290000;0.9499980;0.9500000;
21.1300000;0.9499980;0.9500000;
21.1310000;0.9499980;0.9500000;
21.1320000;0.9499980;0.9500000;
21.1330000;0.9499980;0.9500000;
21.1340000;0.9499980;0.9500000;
21.1350000;0.9499980;0.9500000;
21.1360000;0.9499980;0.9500000;
21.1370000;0.9499980;0.9500000;
21.1380000;0.9499980;0.9500000;
21.1390000;0.9499980;0.9500000;
21.1400000;0.9499980;0.9500000;
21.1410000;0.9499980;0.9500000;
21.1420000;0.9499980;0.9500000;
21.1430000;0.9499980;0.9500000;
21.1440000;0.9499980;0.9500000;
21.1450000;0.9499980;0.9500000;
21.1460000;0.9499980;0.9500000;
21.1470000;0.9499980;0.9500000;
21.1480000;0.9499980;0.9500000;
21.1490000;0.9499980;0.9500000;
21.1500000;0.9499980;0.9500000;
21.1510000;0.9499980;0.9500000;
21.1520000;0.9499980;0.9500000;
21.1530000;0.9499980;0.9500000;
21.1540000;0.9499980;0.9500000;
21.1550000;0.9499980;0.9500000;
21.1560000;0.9499980;0.9500000;
21.1570000;0.9499980;0.9500000;
21.1580000;0.9499980;0.9500000;
21.1590000;0.9499980;0.9500000;
21.1600000;0.9499980;0.9500000;
21.1610000;0.9499980;0.9500000;
21.1620000;0.9499980;0.9500000;
21.1630000;0.9499980;0.9500000;
21.1640000;0.9499980;0.9500000;
21.1650000;0.9499980;0.9500000;
21.1660000;0.9499980;0.9500000;
21.1670000;0.9499980;0.9500000;
21.1680000;0.9499980;0.9500000;
21.1690000;0.9499980;0.9500000;
21.1700000;0.9499980;0.9500000;
21.1710000;0.9499980;0.9500000;
21.1720000;0.9499980;0.9500000;
21.1730000;0.9499980;0.9500000;
21.1740000;0.9499980;0.9500000;
21.1750000;0.9499980;0.9500000;
21.1760000;0.9499980;0.9500000;
21.1770000;0.9499980;0.9500000;
21.1780000;0.9499980;0.9500000;
21.1790000;0.9499980;0.9500000;
21.1800000;0.9499980;0.9500000;
21.1810000;0.9499980;0.9500000;
21.1820000;0.9499980;0.9500000;
21.1830000;0.9499980;0.9500000;
21.1840000;0.9499980;0.9500000;
21.1850000;0.9499980;0.9500000;
21.1860000;0.9499980;0.9500000;
21.1870000;0.9499980;0.9500000;
21.1880000;0.9499980;0.9500000;
21.1890000;0.9499980;0.9500000;
21.1900000;0.9499980;0.9500000;
21.1910000;0.9499980;0.9500000;
21.1920000;0.9499980;0.9500000;
21.1930000;0.9499980;0.9500000;
21.1940000;0.9499980;0.9500000;
21.1950000;0.9499980;0.9500000;
21.1960000;0.9499980;0.9500000;
21.1970000;0.9499980;0.9500000;
21.1980000;0.9499980;0.9500000;
21.1990000;0.9499980;0.9500000;
21.2000000;0.9499980;0.9500000;
21.2010000;0.9499980;0.9500000;
21.2020000;0.9499980;0.9500000;
21.2030000;0.9499980;0.9500000;
21.2040000;0.9499980;0.9500000;
21.2050000;0.9499980;0.9500000;
21.2060000;0.9499980;0.9500000;
21.2070000;0.9499980;0.9500000;
21.2080000;0.9499980;0.9500000;
21.2090000;0.9499980;0.9500000;
21.2100000;0.9499980;0.9500000;
21.2110000;0.9499980;0.9500000;
21.2120000;0.9499980;0.9500000;
21.2130000;0.9499980;0.9500000;
21.2140000;0.9499980;0.9500000;
21.2150000;0.9499980;0.9500000;
21.2160000;0.9499980;0.9500000;
21.2170000;0.9499980;0.9500000;
21.2180000;0.9499980;0.9500000;
21.2190000;0.9499980;0.9500000;
21.2200000;0.9499980;0.9500000;
21.2210000;0.9499980;0.9500000;
21.2220000;0.9499980;0.9500000;
21.2230000;0.9499980;0.9500000;
21.2240000;0.9499980;0.9500000;
21.2250000;0.9499980;0.9500000;
21.2260000;0.9499980;0.9500000;
21.2270000;0.9499980;0.9500000;
21.2280000;0.9499980;0.9500000;
21.2290000;0.9499980;0.9500000;
21.2300000;0.9499980;0.9500000;
21.2310000;0.9499980;0.9500000;
21.2320000;0.9499980;0.9500000;
21.2330000;0.9499980;0.9500000;
21.2340000;0.9499980;0.9500000;
21.2350000;0.9499980;0.9500000;
21.2360000;0.9499980;0.9500000;
21.2370000;0.9499980;0.9500000;
21.2380000;0.9499980;0.9500000;
21.2390000;0.9499980;0.9500000;
21.2400000;0.9499980;0.9500000;
21.2410000;0.9499980;0.9500000;
21.2420000;0.9499980;0.9500000;
21.2430000;0.9499980;0.9500000;
21.2440000;0.9499980;0.9500000;
21.2450000;0.9499980;0.9500000;
21.2460000;0.9499980;0.9500000;
21.2470000;0.9499980;0.9500000;
21.2480000;0.9499980;0.9500000;
21.2490000;0.9499980;0.9500000;
21.2500000;0.9499980;0.9500000;
21.2510000;0.9499980;0.9500000;
21.2520000;0.9499980;0.9500000;
21.2530000;0.9499980;0.9500000;
21.2540000;0.9499980;0.9500000;
21.2550000;0.9499980;0.9500000;
21.2560000;0.9499980;0.9500000;
21.2570000;0.9499980;0.9500000;
21.2580000;0.9499980;0.9500000;
21.2590000;0.9499980;0.9500000;
21.2600000;0.9499980;0.9500000;
21.2610000;0.9499980;0.9500000;
21.2620000;0.9499980;0.9500000;
21.2630000;0.9499980;0.9500000;
21.2640000;0.9499980;0.9500000;
21.2650000;0.9499980;0.9500000;
21.2660000;0.9499980;0.9500000;
21.2670000;0.9499980;0.9500000;
21.2680000;0.9499980;0.9500000;
21.2690000;0.9499980;0.9500000;
21.2700000;0.9499980;0.9500000;
21.2710000;0.9499980;0.9500000;
21.2720000;0.9499980;0.9500000;
21.2730000;0.9499980;0.9500000;
21.2740000;0.9499980;0.9500000;
21.2750000;0.9499980;0.9500000;
21.2760000;0.9499980;0.9500000;
21.2770000;0.9499980;0.9500000;
21.2780000;0.9499980;0.9500000;
21.2790000;0.9499980;0.9500000;
21.2800000;0.9499980;0.9500000;
21.2810000;0.9499980;0.9500000;
21.2820000;0.9499980;0.9500000;
21.2830000;0.9499980;0.9500000;
21.2840000;0.9499980;0.9500000;
21.2850000;0.9499980;0.9500000;
21.2860000;0.9499980;0.9500000;
21.2870000;0.9499980;0.9500000;
21.2880000;0.9499980;0.9500000;
21.2890000;0.9499980;0.9500000;
21.2900000;0.9499980;0.9500000;
21.2910000;0.9499980;0.9500000;
21.2920000;0.9499980;0.9500000;
21.2930000;0.9499980;0.9500000;
21.2940000;0.9499980;0.9500000;
21.2950000;0.9499980;0.9500000;
21.2960000;0.9499980;0.9500000;
21.2970000;0.9499980;0.9500000;
21.2980000;0.9499980;0.9500000;
21.2990000;0.9499980;0.9500000;
21.3000000;0.9499980;0.9500000;
21.3010000;0.9499980;0.9500000;
21.3020000;0.9499980;0.9500000;
21.3030000;0.9499980;0.9500000;
21.3040000;0.9499980;0.9500000;
21.3050000;0.9499980;0.9500000;
21.3060000;0.9499980;0.9500000;
21.3070000;0.9499980;0.9500000;
21.3080000;0.9499980;0.9500000;
21.3090000;0.9499980;0.9500000;
21.3100000;0.9499980;0.9500000;
21.3110000;0.9499980;0.9500000;
21.3120000;0.9499980;0.9500000;
21.3130000;0.9499980;0.9500000;
21.3140000;0.9499980;0.9500000;
21.3150000;0.9499980;0.9500000;
21.3160000;0.9499980;0.9500000;
21.3170000;0.9499980;0.9500000;
21.3180000;0.9499980;0.9500000;
21.3190000;0.9499980;0.9500000;
21.3200000;0.9499980;0.9500000;
21.3210000;0.9499980;0.9500000;
21.3220000;0.9499980;0.9500000;
21.3230000;0.9499980;0.9500000;
21.3240000;0.9499980;0.9500000;
21.3250000;0.9499980;0.9500000;
21.3260000;0.9499980;0.9500000;
21.3270000;0.9499980;0.9500000;
21.3280000;0.9499980;0.9500000;
21.3290000;0.9499980;0.9500000;
21.3300000;0.9499980;0.9500000;
21.3310000;0.9499980;0.9500000;
21.3320000;0.9499980;0.9500000;
21.3330000;0.9499980;0.9500000;
21.3340000;0.9499980;0.9500000;
21.3350000;0.9499980;0.9500000;
21.3360000;0.9499980;0.9500000;
21.3370000;0.9499980;0.9500000;
21.3380000;0.9499980;0.9500000;
21.3390000;0.9499980;0.9500000;
21.3400000;0.9499980;0.9500000;
21.3410000;0.9499980;0.9500000;
21.3420000;0.9499980;0.9500000;
21.3430000;0.9499980;0.9500000;
21.3440000;0.9499980;0.9500000;
21.3450000;0.9499980;0.9500000;
21.3460000;0.9499980;0.9500000;
21.3470000;0.9499980;0.9500000;
21.3480000;0.9499980;0.9500000;
21.3490000;0.9499980;0.9500000;
21.3500000;0.9499980;0.9500000;
21.3510000;0.9499980;0.9500000;
21.3520000;0.9499980;0.9500000;
21.3530000;0.9499980;0.9500000;
21.3540000;0.9499980;0.9500000;
21.3550000;0.9499980;0.9500000;
21.3560000;0.9499980;0.9500000;
21.3570000;0.9499980;0.9500000;
21.3580000;0.9499980;0.9500000;
21.3590000;0.9499980;0.9500000;
21.3600000;0.9499980;0.9500000;
21.3610000;0.9499980;0.9500000;
21.3620000;0.9499980;0.9500000;
21.3630000;0.9499980;0.9500000;
21.3640000;0.9499980;0.9500000;
21.3650000;0.9499980;0.9500000;
21.3660000;0.9499980;0.9500000;
21.3670000;0.9499980;0.9500000;
21.3680000;0.9499980;0.9500000;
21.3690000;0.9499980;0.9500000;
21.3700000;0.9499980;0.9500000;
21.3710000;0.9499980;0.9500000;
21.3720000;0.9499980;0.9500000;
21.3730000;0.9499980;0.9500000;
21.3740000;0.9499980;0.9500000;
21.3750000;0.9499980;0.9500000;
21.3760000;0.9499980;0.9500000;
21.3770000;0.9499980;0.9500000;
21.3780000;0.9499980;0.9500000;
21.3790000;0.9499980;0.9500000;
21.3800000;0.9499980;0.9500000;
21.3810000;0.9499980;0.9500000;
21.3820000;0.9499980;0.9500000;
21.3830000;0.9499980;0.9500000;
21.3840000;0.9499980;0.9500000;
21.3850000;0.9499980;0.9500000;
21.3860000;0.9499980;0.9500000;
21.3870000;0.9499980;0.9500000;
21.3880000;0.9499980;0.9500000;
21.3890000;0.9499980;0.9500000;
21.3900000;0.9499980;0.9500000;
21.3910000;0.9499980;0.9500000;
21.3920000;0.9499980;0.9500000;
21.3930000;0.9499980;0.9500000;
21.3940000;0.9499980;0.9500000;
21.3950000;0.9499980;0.9500000;
21.3960000;0.9499980;0.9500000;
21.3970000;0.9499980;0.9500000;
21.3980000;0.9499980;0.9500000;
21.3990000;0.9499980;0.9500000;
21.4000000;0.9499980;0.9500000;
21.4010000;0.9499980;0.9500000;
21.4020000;0.9499980;0.9500000;
21.4030000;0.9499980;0.9500000;
21.4040000;0.9499980;0.9500000;
21.4050000;0.9499980;0.9500000;
21.4060000;0.9499980;0.9500000;
21.4070000;0.9499980;0.9500000;
21.4080000;0.9499980;0.9500000;
21.4090000;0.9499980;0.9500000;
21.4100000;0.9499980;0.9500000;
21.4110000;0.9499980;0.9500000;
21.4120000;0.9499980;0.9500000;
21.4130000;0.9499980;0.9500000;
21.4140000;0.9499980;0.9500000;
21.4150000;0.9499980;0.9500000;
21.4160000;0.9499980;0.9500000;
21.4170000;0.9499980;0.9500000;
21.4180000;0.9499980;0.9500000;
21.4190000;0.9499980;0.9500000;
21.4200000;0.9499980;0.9500000;
21.4210000;0.9499980;0.9500000;
21.4220000;0.9499980;0.9500000;
21.4230000;0.9499980;0.9500000;
21.4240000;0.9499980;0.9500000;
21.4250000;0.9499980;0.9500000;
21.4260000;0.9499980;0.9500000;
21.4270000;0.9499980;0.9500000;
21.4280000;0.9499980;0.9500000;
21.4290000;0.9499980;0.9500000;
21.4300000;0.9499980;0.9500000;
21.4310000;0.9499980;0.9500000;
21.4320000;0.9499980;0.9500000;
21.4330000;0.9499980;0.9500000;
21.4340000;0.9499980;0.9500000;
21.4350000;0.9499980;0.9500000;
21.4360000;0.9499980;0.9500000;
21.4370000;0.9499980;0.9500000;
21.4380000;0.9499980;0.9500000;
21.4390000;0.9499980;0.9500000;
21.4400000;0.9499980;0.9500000;
21.4410000;0.9499980;0.9500000;
21.4420000;0.9499980;0.9500000;
21.4430000;0.9499980;0.9500000;
21.4440000;0.9499980;0.9500000;
21.4450000;0.9499980;0.9500000;
21.4460000;0.9499980;0.9500000;
21.4470000;0.9499980;0.9500000;
21.4480000;0.9499980;0.9500000;
21.4490000;0.9499980;0.9500000;
21.4500000;0.9499980;0.9500000;
21.4510000;0.9499980;0.9500000;
21.4520000;0.9499980;0.9500000;
21.4530000;0.9499980;0.9500000;
21.4540000;0.9499980;0.9500000;
21.4550000;0.9499980;0.9500000;
21.4560000;0.9499980;0.9500000;
21.4570000;0.9499980;0.9500000;
21.4580000;0.9499980;0.9500000;
21.4590000;0.9499980;0.9500000;
21.4600000;0.9499980;0.9500000;
21.4610000;0.9499980;0.9500000;
21.4620000;0.9499980;0.9500000;
21.4630000;0.9499980;0.9500000;
21.4640000;0.9499980;0.9500000;
21.4650000;0.9499980;0.9500000;
21.4660000;0.9499980;0.9500000;
21.4670000;0.9499980;0.9500000;
21.4680000;0.9499980;0.9500000;
21.4690000;0.9499980;0.9500000;
21.4700000;0.9499980;0.9500000;
21.4710000;0.9499980;0.9500000;
21.4720000;0.9499980;0.9500000;
21.4730000;0.9499980;0.9500000;
21.4740000;0.9499980;0.9500000;
21.4750000;0.9499980;0.9500000;
21.4760000;0.9499980;0.9500000;
21.4770000;0.9499980;0.9500000;
21.4780000;0.9499980;0.9500000;
21.4790000;0.9499980;0.9500000;
21.4800000;0.9499980;0.9500000;
21.4810000;0.9499980;0.9500000;
21.4820000;0.9499980;0.9500000;
21.4830000;0.9499980;0.9500000;
21.4840000;0.9499980;0.9500000;
21.4850000;0.9499980;0.9500000;
21.4860000;0.9499980;0.9500000;
21.4870000;0.9499980;0.9500000;
21.4880000;0.9499980;0.9500000;
21.4890000;0.9499980;0.9500000;
21.4900000;0.9499980;0.9500000;
21.4910000;0.9499980;0.9500000;
21.4920000;0.9499980;0.9500000;
21.4930000;0.9499980;0.9500000;
21.4940000;0.9499980;0.9500000;
21.4950000;0.9499980;0.9500000;
21.4960000;0.9499980;0.9500000;
21.4970000;0.9499980;0.9500000;
21.4980000;0.9499980;0.9500000;
21.4990000;0.9499980;0.9500000;
21.5000000;0.9499980;0.9500000;
21.5010000;0.9499980;0.9500000;
21.5020000;0.9499980;0.9500000;
21.5030000;0.9499980;0.9500000;
21.5040000;0.9499980;0.9500000;
21.5050000;0.9499980;0.9500000;
21.5060000;0.9499980;0.9500000;
21.5070000;0.9499980;0.9500000;
21.5080000;0.9499980;0.9500000;
21.5090000;0.9499980;0.9500000;
21.5100000;0.9499980;0.9500000;
21.5110000;0.9499980;0.9500000;
21.5120000;0.9499980;0.9500000;
21.5130000;0.9499980;0.9500000;
21.5140000;0.9499980;0.9500000;
21.5150000;0.9499980;0.9500000;
21.5160000;0.9499980;0.9500000;
21.5170000;0.9499980;0.9500000;
21.5180000;0.9499980;0.9500000;
21.5190000;0.9499980;0.9500000;
21.5200000;0.9499980;0.9500000;
21.5210000;0.9499980;0.9500000;
21.5220000;0.9499980;0.9500000;
21.5230000;0.9499980;0.9500000;
21.5240000;0.9499980;0.9500000;
21.5250000;0.9499980;0.9500000;
21.5260000;0.9499980;0.9500000;
21.5270000;0.9499980;0.9500000;
21.5280000;0.9499980;0.9500000;
21.5290000;0.9499980;0.9500000;
21.5300000;0.9499980;0.9500000;
21.5310000;0.9499980;0.9500000;
21.5320000;0.9499980;0.9500000;
21.5330000;0.9499980;0.9500000;
21.5340000;0.9499980;0.9500000;
21.5350000;0.9499980;0.9500000;
21.5360000;0.9499980;0.9500000;
21.5370000;0.9499980;0.9500000;
21.5380000;0.9499980;0.9500000;
21.5390000;0.9499980;0.9500000;
21.5400000;0.9499980;0.9500000;
21.5410000;0.9499980;0.9500000;
21.5420000;0.9499980;0.9500000;
21.5430000;0.9499980;0.9500000;
21.5440000;0.9499980;0.9500000;
21.5450000;0.9499980;0.9500000;
21.5460000;0.9499980;0.9500000;
21.5470000;0.9499980;0.9500000;
21.5480000;0.9499980;0.9500000;
21.5490000;0.9499980;0.9500000;
21.5500000;0.9499980;0.9500000;
21.5510000;0.9499980;0.9500000;
21.5520000;0.9499980;0.9500000;
21.5530000;0.9499980;0.9500000;
21.5540000;0.9499980;0.9500000;
21.5550000;0.9499980;0.9500000;
21.5560000;0.9499980;0.9500000;
21.5570000;0.9499980;0.9500000;
21.5580000;0.9499980;0.9500000;
21.5590000;0.9499980;0.9500000;
21.5600000;0.9499980;0.9500000;
21.5610000;0.9499980;0.9500000;
21.5620000;0.9499980;0.9500000;
21.5630000;0.9499980;0.9500000;
21.5640000;0.9499980;0.9500000;
21.5650000;0.9499980;0.9500000;
21.5660000;0.9499980;0.9500000;
21.5670000;0.9499980;0.9500000;
21.5680000;0.9499980;0.9500000;
21.5690000;0.9499980;0.9500000;
21.5700000;0.9499980;0.9500000;
21.5710000;0.9499980;0.9500000;
21.5720000;0.9499980;0.9500000;
21.5730000;0.9499980;0.9500000;
21.5740000;0.9499980;0.9500000;
21.5750000;0.9499980;0.9500000;
21.5760000;0.9499980;0.9500000;
21.5770000;0.9499980;0.9500000;
21.5780000;0.9499980;0.9500000;
21.5790000;0.9499980;0.9500000;
21.5800000;0.9499980;0.9500000;
21.5810000;0.9499980;0.9500000;
21.5820000;0.9499980;0.9500000;
21.5830000;0.9499980;0.9500000;
21.5840000;0.9499980;0.9500000;
21.5850000;0.9499980;0.9500000;
21.5860000;0.9499980;0.9500000;
21.5870000;0.9499980;0.9500000;
21.5880000;0.9499980;0.9500000;
21.5890000;0.9499980;0.9500000;
21.5900000;0.9499980;0.9500000;
21.5910000;0.9499980;0.9500000;
21.5920000;0.9499980;0.9500000;
21.5930000;0.9499980;0.9500000;
21.5940000;0.9499980;0.9500000;
21.5950000;0.9499980;0.9500000;
21.5960000;0.9499980;0.9500000;
21.5970000;0.9499980;0.9500000;
21.5980000;0.9499980;0.9500000;
21.5990000;0.9499980;0.9500000;
21.6000000;0.9499980;0.9500000;
21.6010000;0.9499980;0.9500000;
21.6020000;0.9499980;0.9500000;
21.6030000;0.9499980;0.9500000;
21.6040000;0.9499980;0.9500000;
21.6050000;0.9499980;0.9500000;
21.6060000;0.9499980;0.9500000;
21.6070000;0.9499980;0.9500000;
21.6080000;0.9499980;0.9500000;
21.6090000;0.9499980;0.9500000;
21.6100000;0.9499980;0.9500000;
21.6110000;0.9499980;0.9500000;
21.6120000;0.9499980;0.9500000;
21.6130000;0.9499980;0.9500000;
21.6140000;0.9499980;0.9500000;
21.6150000;0.9499980;0.9500000;
21.6160000;0.9499980;0.9500000;
21.6170000;0.9499980;0.9500000;
21.6180000;0.9499980;0.9500000;
21.6190000;0.9499980;0.9500000;
21.6200000;0.9499980;0.9500000;
21.6210000;0.9499980;0.9500000;
21.6220000;0.9499980;0.9500000;
21.6230000;0.9499980;0.9500000;
21.6240000;0.9499980;0.9500000;
21.6250000;0.9499980;0.9500000;
21.6260000;0.9499980;0.9500000;
21.6270000;0.9499980;0.9500000;
21.6280000;0.9499980;0.9500000;
21.6290000;0.9499980;0.9500000;
21.6300000;0.9499980;0.9500000;
21.6310000;0.9499980;0.9500000;
21.6320000;0.9499980;0.9500000;
21.6330000;0.9499980;0.9500000;
21.6340000;0.9499980;0.9500000;
21.6350000;0.9499980;0.9500000;
21.6360000;0.9499980;0.9500000;
21.6370000;0.9499980;0.9500000;
21.6380000;0.9499980;0.9500000;
21.6390000;0.9499980;0.9500000;
21.6400000;0.9499980;0.9500000;
21.6410000;0.9499980;0.9500000;
21.6420000;0.9499980;0.9500000;
21.6430000;0.9499980;0.9500000;
21.6440000;0.9499980;0.9500000;
21.6450000;0.9499980;0.9500000;
21.6460000;0.9499980;0.9500000;
21.6470000;0.9499980;0.9500000;
21.6480000;0.9499980;0.9500000;
21.6490000;0.9499980;0.9500000;
21.6500000;0.9499980;0.9500000;
21.6510000;0.9499980;0.9500000;
21.6520000;0.9499980;0.9500000;
21.6530000;0.9499980;0.9500000;
21.6540000;0.9499980;0.9500000;
21.6550000;0.9499980;0.9500000;
21.6560000;0.9499980;0.9500000;
21.6570000;0.9499980;0.9500000;
21.6580000;0.9499980;0.9500000;
21.6590000;0.9499980;0.9500000;
21.6600000;0.9499980;0.9500000;
21.6610000;0.9499980;0.9500000;
21.6620000;0.9499980;0.9500000;
21.6630000;0.9499980;0.9500000;
21.6640000;0.9499980;0.9500000;
21.6650000;0.9499980;0.9500000;
21.6660000;0.9499980;0.9500000;
21.6670000;0.9499980;0.9500000;
21.6680000;0.9499980;0.9500000;
21.6690000;0.9499980;0.9500000;
21.6700000;0.9499980;0.9500000;
21.6710000;0.9499980;0.9500000;
21.6720000;0.9499980;0.9500000;
21.6730000;0.9499980;0.9500000;
21.6740000;0.9499980;0.9500000;
21.6750000;0.9499980;0.9500000;
21.6760000;0.9499980;0.9500000;
21.6770000;0.9499980;0.9500000;
21.6780000;0.9499980;0.9500000;
21.6790000;0.9499980;0.9500000;
21.6800000;0.9499980;0.9500000;
21.6810000;0.9499980;0.9500000;
21.6820000;0.9499980;0.9500000;
21.6830000;0.9499980;0.9500000;
21.6840000;0.9499980;0.9500000;
21.6850000;0.9499980;0.9500000;
21.6860000;0.9499980;0.9500000;
21.6870000;0.9499980;0.9500000;
21.6880000;0.9499980;0.9500000;
21.6890000;0.9499980;0.9500000;
21.6900000;0.9499980;0.9500000;
21.6910000;0.9499980;0.9500000;
21.6920000;0.9499980;0.9500000;
21.6930000;0.9499980;0.9500000;
21.6940000;0.9499980;0.9500000;
21.6950000;0.9499980;0.9500000;
21.6960000;0.9499980;0.9500000;
21.6970000;0.9499980;0.9500000;
21.6980000;0.9499980;0.9500000;
21.6990000;0.9499980;0.9500000;
21.7000000;0.9499980;0.9500000;
21.7010000;0.9499980;0.9500000;
21.7020000;0.9499980;0.9500000;
21.7030000;0.9499980;0.9500000;
21.7040000;0.9499980;0.9500000;
21.7050000;0.9499980;0.9500000;
21.7060000;0.9499980;0.9500000;
21.7070000;0.9499980;0.9500000;
21.7080000;0.9499980;0.9500000;
21.7090000;0.9499980;0.9500000;
21.7100000;0.9499980;0.9500000;
21.7110000;0.9499980;0.9500000;
21.7120000;0.9499980;0.9500000;
21.7130000;0.9499980;0.9500000;
21.7140000;0.9499980;0.9500000;
21.7150000;0.9499980;0.9500000;
21.7160000;0.9499980;0.9500000;
21.7170000;0.9499980;0.9500000;
21.7180000;0.9499980;0.9500000;
21.7190000;0.9499980;0.9500000;
21.7200000;0.9499980;0.9500000;
21.7210000;0.9499980;0.9500000;
21.7220000;0.9499980;0.9500000;
21.7230000;0.9499980;0.9500000;
21.7240000;0.9499980;0.9500000;
21.7250000;0.9499980;0.9500000;
21.7260000;0.9499980;0.9500000;
21.7270000;0.9499980;0.9500000;
21.7280000;0.9499980;0.9500000;
21.7290000;0.9499980;0.9500000;
21.7300000;0.9499980;0.9500000;
21.7310000;0.9499980;0.9500000;
21.7320000;0.9499980;0.9500000;
21.7330000;0.9499980;0.9500000;
21.7340000;0.9499980;0.9500000;
21.7350000;0.9499980;0.9500000;
21.7360000;0.9499980;0.9500000;
21.7370000;0.9499980;0.9500000;
21.7380000;0.9499980;0.9500000;
21.7390000;0.9499980;0.9500000;
21.7400000;0.9499980;0.9500000;
21.7410000;0.9499980;0.9500000;
21.7420000;0.9499980;0.9500000;
21.7430000;0.9499980;0.9500000;
21.7440000;0.9499980;0.9500000;
21.7450000;0.9499980;0.9500000;
21.7460000;0.9499980;0.9500000;
21.7470000;0.9499980;0.9500000;
21.7480000;0.9499980;0.9500000;
21.7490000;0.9499980;0.9500000;
21.7500000;0.9499980;0.9500000;
21.7510000;0.9499980;0.9500000;
21.7520000;0.9499980;0.9500000;
21.7530000;0.9499980;0.9500000;
21.7540000;0.9499980;0.9500000;
21.7550000;0.9499980;0.9500000;
21.7560000;0.9499980;0.9500000;
21.7570000;0.9499980;0.9500000;
21.7580000;0.9499980;0.9500000;
21.7590000;0.9499980;0.9500000;
21.7600000;0.9499980;0.9500000;
21.7610000;0.9499980;0.9500000;
21.7620000;0.9499980;0.9500000;
21.7630000;0.9499980;0.9500000;
21.7640000;0.9499980;0.9500000;
21.7650000;0.9499980;0.9500000;
21.7660000;0.9499980;0.9500000;
21.7670000;0.9499980;0.9500000;
21.7680000;0.9499980;0.9500000;
21.7690000;0.9499980;0.9500000;
21.7700000;0.9499980;0.9500000;
21.7710000;0.9499980;0.9500000;
21.7720000;0.9499980;0.9500000;
21.7730000;0.9499980;0.9500000;
21.7740000;0.9499980;0.9500000;
21.7750000;0.9499980;0.9500000;
21.7760000;0.9499980;0.9500000;
21.7770000;0.9499980;0.9500000;
21.7780000;0.9499980;0.9500000;
21.7790000;0.9499980;0.9500000;
21.7800000;0.9499980;0.9500000;
21.7810000;0.9499980;0.9500000;
21.7820000;0.9499980;0.9500000;
21.7830000;0.9499980;0.9500000;
21.7840000;0.9499980;0.9500000;
21.7850000;0.9499980;0.9500000;
21.7860000;0.9499980;0.9500000;
21.7870000;0.9499980;0.9500000;
21.7880000;0.9499980;0.9500000;
21.7890000;0.9499980;0.9500000;
21.7900000;0.9499980;0.9500000;
21.7910000;0.9499980;0.9500000;
21.7920000;0.9499980;0.9500000;
21.7930000;0.9499980;0.9500000;
21.7940000;0.9499980;0.9500000;
21.7950000;0.9499980;0.9500000;
21.7960000;0.9499980;0.9500000;
21.7970000;0.9499980;0.9500000;
21.7980000;0.9499980;0.9500000;
21.7990000;0.9499980;0.9500000;
21.8000000;0.9499980;0.9500000;
21.8010000;0.9499980;0.9500000;
21.8020000;0.9499980;0.9500000;
21.8030000;0.9499980;0.9500000;
21.8040000;0.9499980;0.9500000;
21.8050000;0.9499980;0.9500000;
21.8060000;0.9499980;0.9500000;
21.8070000;0.9499980;0.9500000;
21.8080000;0.9499980;0.9500000;
21.8090000;0.9499980;0.9500000;
21.8100000;0.9499980;0.9500000;
21.8110000;0.9499980;0.9500000;
21.8120000;0.9499980;0.9500000;
21.8130000;0.9499980;0.9500000;
21.8140000;0.9499980;0.9500000;
21.8150000;0.9499980;0.9500000;
21.8160000;0.9499980;0.9500000;
21.8170000;0.9499980;0.9500000;
21.8180000;0.9499980;0.9500000;
21.8190000;0.9499980;0.9500000;
21.8200000;0.9499980;0.9500000;
21.8210000;0.9499980;0.9500000;
21.8220000;0.9499980;0.9500000;
21.8230000;0.9499980;0.9500000;
21.8240000;0.9499980;0.9500000;
21.8250000;0.9499980;0.9500000;
21.8260000;0.9499980;0.9500000;
21.8270000;0.9499980;0.9500000;
21.8280000;0.9499980;0.9500000;
21.8290000;0.9499980;0.9500000;
21.8300000;0.9499980;0.9500000;
21.8310000;0.9499980;0.9500000;
21.8320000;0.9499980;0.9500000;
21.8330000;0.9499980;0.9500000;
21.8340000;0.9499980;0.9500000;
21.8350000;0.9499980;0.9500000;
21.8360000;0.9499980;0.9500000;
21.8370000;0.9499980;0.9500000;
21.8380000;0.9499980;0.9500000;
21.8390000;0.9499980;0.9500000;
21.8400000;0.9499980;0.9500000;
21.8410000;0.9499980;0.9500000;
21.8420000;0.9499980;0.9500000;
21.8430000;0.9499980;0.9500000;
21.8440000;0.9499980;0.9500000;
21.8450000;0.9499980;0.9500000;
21.8460000;0.9499980;0.9500000;
21.8470000;0.9499980;0.9500000;
21.8480000;0.9499980;0.9500000;
21.8490000;0.9499980;0.9500000;
21.8500000;0.9499980;0.9500000;
21.8510000;0.9499980;0.9500000;
21.8520000;0.9499980;0.9500000;
21.8530000;0.9499980;0.9500000;
21.8540000;0.9499980;0.9500000;
21.8550000;0.9499980;0.9500000;
21.8560000;0.9499980;0.9500000;
21.8570000;0.9499980;0.9500000;
21.8580000;0.9499980;0.9500000;
21.8590000;0.9499980;0.9500000;
21.8600000;0.9499980;0.9500000;
21.8610000;0.9499980;0.9500000;
21.8620000;0.9499980;0.9500000;
21.8630000;0.9499980;0.9500000;
21.8640000;0.9499980;0.9500000;
21.8650000;0.9499980;0.9500000;
21.8660000;0.9499980;0.9500000;
21.8670000;0.9499980;0.9500000;
21.8680000;0.9499980;0.9500000;
21.8690000;0.9499980;0.9500000;
21.8700000;0.9499980;0.9500000;
21.8710000;0.9499980;0.9500000;
21.8720000;0.9499980;0.9500000;
21.8730000;0.9499980;0.9500000;
21.8740000;0.9499980;0.9500000;
21.8750000;0.9499980;0.9500000;
21.8760000;0.9499980;0.9500000;
21.8770000;0.9499980;0.9500000;
21.8780000;0.9499980;0.9500000;
21.8790000;0.9499980;0.9500000;
21.8800000;0.9499980;0.9500000;
21.8810000;0.9499980;0.9500000;
21.8820000;0.9499980;0.9500000;
21.8830000;0.9499980;0.9500000;
21.8840000;0.9499980;0.9500000;
21.8850000;0.9499980;0.9500000;
21.8860000;0.9499980;0.9500000;
21.8870000;0.9499980;0.9500000;
21.8880000;0.9499980;0.9500000;
21.8890000;0.9499980;0.9500000;
21.8900000;0.9499980;0.9500000;
21.8910000;0.9499980;0.9500000;
21.8920000;0.9499980;0.9500000;
21.8930000;0.9499980;0.9500000;
21.8940000;0.9499980;0.9500000;
21.8950000;0.9499980;0.9500000;
21.8960000;0.9499980;0.9500000;
21.8970000;0.9499980;0.9500000;
21.8980000;0.9499980;0.9500000;
21.8990000;0.9499980;0.9500000;
21.9000000;0.9499980;0.9500000;
21.9010000;0.9499980;0.9500000;
21.9020000;0.9499980;0.9500000;
21.9030000;0.9499980;0.9500000;
21.9040000;0.9499980;0.9500000;
21.9050000;0.9499980;0.9500000;
21.9060000;0.9499980;0.9500000;
21.9070000;0.9499980;0.9500000;
21.9080000;0.9499980;0.9500000;
21.9090000;0.9499980;0.9500000;
21.9100000;0.9499980;0.9500000;
21.9110000;0.9499980;0.9500000;
21.9120000;0.9499980;0.9500000;
21.9130000;0.9499980;0.9500000;
21.9140000;0.9499980;0.9500000;
21.9150000;0.9499980;0.9500000;
21.9160000;0.9499980;0.9500000;
21.9170000;0.9499980;0.9500000;
21.9180000;0.9499980;0.9500000;
21.9190000;0.9499980;0.9500000;
21.9200000;0.9499980;0.9500000;
21.9210000;0.9499980;0.9500000;
21.9220000;0.9499980;0.9500000;
21.9230000;0.9499980;0.9500000;
21.9240000;0.9499980;0.9500000;
21.9250000;0.9499980;0.9500000;
21.9260000;0.9499980;0.9500000;
21.9270000;0.9499980;0.9500000;
21.9280000;0.9499980;0.9500000;
21.9290000;0.9499980;0.9500000;
21.9300000;0.9499980;0.9500000;
21.9310000;0.9499980;0.9500000;
21.9320000;0.9499980;0.9500000;
21.9330000;0.9499980;0.9500000;
21.9340000;0.9499980;0.9500000;
21.9350000;0.9499980;0.9500000;
21.9360000;0.9499980;0.9500000;
21.9370000;0.9499980;0.9500000;
21.9380000;0.9499980;0.9500000;
21.9390000;0.9499980;0.9500000;
21.9400000;0.9499980;0.9500000;
21.9410000;0.9499980;0.9500000;
21.9420000;0.9499980;0.9500000;
21.9430000;0.9499980;0.9500000;
21.9440000;0.9499980;0.9500000;
21.9450000;0.9499980;0.9500000;
21.9460000;0.9499980;0.9500000;
21.9470000;0.9499980;0.9500000;
21.9480000;0.9499980;0.9500000;
21.9490000;0.9499980;0.9500000;
21.9500000;0.9499980;0.9500000;
21.9510000;0.9499980;0.9500000;
21.9520000;0.9499980;0.9500000;
21.9530000;0.9499980;0.9500000;
21.9540000;0.9499980;0.9500000;
21.9550000;0.9499980;0.9500000;
21.9560000;0.9499980;0.9500000;
21.9570000;0.9499980;0.9500000;
21.9580000;0.9499980;0.9500000;
21.9590000;0.9499980;0.9500000;
21.9600000;0.9499980;0.9500000;
21.9610000;0.9499980;0.9500000;
21.9620000;0.9499980;0.9500000;
21.9630000;0.9499980;0.9500000;
21.9640000;0.9499980;0.9500000;
21.9650000;0.9499980;0.9500000;
21.9660000;0.9499980;0.9500000;
21.9670000;0.9499980;0.9500000;
21.9680000;0.9499980;0.9500000;
21.9690000;0.9499980;0.9500000;
21.9700000;0.9499980;0.9500000;
21.9710000;0.9499980;0.9500000;
21.9720000;0.9499980;0.9500000;
21.9730000;0.9499980;0.9500000;
21.9740000;0.9499980;0.9500000;
21.9750000;0.9499980;0.9500000;
21.9760000;0.9499980;0.9500000;
21.9770000;0.9499980;0.9500000;
21.9780000;0.9499980;0.9500000;
21.9790000;0.9499980;0.9500000;
21.9800000;0.9499980;0.9500000;
21.9810000;0.9499980;0.9500000;
21.9820000;0.9499980;0.9500000;
21.9830000;0.9499980;0.9500000;
21.9840000;0.9499980;0.9500000;
21.9850000;0.9499980;0.9500000;
21.9860000;0.9499980;0.9500000;
21.9870000;0.9499980;0.9500000;
21.9880000;0.9499980;0.9500000;
21.9890000;0.9499980;0.9500000;
21.9900000;0.9499980;0.9500000;
21.9910000;0.9499980;0.9500000;
21.9920000;0.9499980;0.9500000;
21.9930000;0.9499980;0.9500000;
21.9940000;0.9499980;0.9500000;
21.9950000;0.9499980;0.9500000;
21.9960000;0.9499980;0.9500000;
21.9970000;0.9499980;0.9500000;
21.9980000;0.9499980;0.9500000;
21.9990000;0.9499980;0.9500000;
22.0000000;0.9499980;0.9500000;
22.0010000;0.9499980;0.9500000;
22.0020000;0.9499980;0.9500000;
22.0030000;0.9499980;0.9500000;
22.0040000;0.9499980;0.9500000;
22.0050000;0.9499980;0.9500000;
22.0060000;0.9499980;0.9500000;
22.0070000;0.9499980;0.9500000;
22.0080000;0.9499980;0.9500000;
22.0090000;0.9499980;0.9500000;
22.0100000;0.9499980;0.9500000;
22.0110000;0.9499980;0.9500000;
22.0120000;0.9499980;0.9500000;
22.0130000;0.9499980;0.9500000;
22.0140000;0.9499980;0.9500000;
22.0150000;0.9499980;0.9500000;
22.0160000;0.9499980;0.9500000;
22.0170000;0.9499980;0.9500000;
22.0180000;0.9499980;0.9500000;
22.0190000;0.9499980;0.9500000;
22.0200000;0.9499980;0.9500000;
22.0210000;0.9499980;0.9500000;
22.0220000;0.9499980;0.9500000;
22.0230000;0.9499980;0.9500000;
22.0240000;0.9499980;0.9500000;
22.0250000;0.9499980;0.9500000;
22.0260000;0.9499980;0.9500000;
22.0270000;0.9499980;0.9500000;
22.0280000;0.9499980;0.9500000;
22.0290000;0.9499980;0.9500000;
22.0300000;0.9499980;0.9500000;
22.0310000;0.9499980;0.9500000;
22.0320000;0.9499980;0.9500000;
22.0330000;0.9499980;0.9500000;
22.0340000;0.9499980;0.9500000;
22.0350000;0.9499980;0.9500000;
22.0360000;0.9499980;0.9500000;
22.0370000;0.9499980;0.9500000;
22.0380000;0.9499980;0.9500000;
22.0390000;0.9499980;0.9500000;
22.0400000;0.9499980;0.9500000;
22.0410000;0.9499980;0.9500000;
22.0420000;0.9499980;0.9500000;
22.0430000;0.9499980;0.9500000;
22.0440000;0.9499980;0.9500000;
22.0450000;0.9499980;0.9500000;
22.0460000;0.9499980;0.9500000;
22.0470000;0.9499980;0.9500000;
22.0480000;0.9499980;0.9500000;
22.0490000;0.9499980;0.9500000;
22.0500000;0.9499980;0.9500000;
22.0510000;0.9499980;0.9500000;
22.0520000;0.9499980;0.9500000;
22.0530000;0.9499980;0.9500000;
22.0540000;0.9499980;0.9500000;
22.0550000;0.9499980;0.9500000;
22.0560000;0.9499980;0.9500000;
22.0570000;0.9499980;0.9500000;
22.0580000;0.9499980;0.9500000;
22.0590000;0.9499980;0.9500000;
22.0600000;0.9499980;0.9500000;
22.0610000;0.9499980;0.9500000;
22.0620000;0.9499980;0.9500000;
22.0630000;0.9499980;0.9500000;
22.0640000;0.9499980;0.9500000;
22.0650000;0.9499980;0.9500000;
22.0660000;0.9499980;0.9500000;
22.0670000;0.9499980;0.9500000;
22.0680000;0.9499980;0.9500000;
22.0690000;0.9499980;0.9500000;
22.0700000;0.9499980;0.9500000;
22.0710000;0.9499980;0.9500000;
22.0720000;0.9499980;0.9500000;
22.0730000;0.9499980;0.9500000;
22.0740000;0.9499980;0.9500000;
22.0750000;0.9499980;0.9500000;
22.0760000;0.9499980;0.9500000;
22.0770000;0.9499980;0.9500000;
22.0780000;0.9499980;0.9500000;
22.0790000;0.9499980;0.9500000;
22.0800000;0.9499980;0.9500000;
22.0810000;0.9499980;0.9500000;
22.0820000;0.9499980;0.9500000;
22.0830000;0.9499980;0.9500000;
22.0840000;0.9499980;0.9500000;
22.0850000;0.9499980;0.9500000;
22.0860000;0.9499980;0.9500000;
22.0870000;0.9499980;0.9500000;
22.0880000;0.9499980;0.9500000;
22.0890000;0.9499980;0.9500000;
22.0900000;0.9499980;0.9500000;
22.0910000;0.9499980;0.9500000;
22.0920000;0.9499980;0.9500000;
22.0930000;0.9499980;0.9500000;
22.0940000;0.9499980;0.9500000;
22.0950000;0.9499980;0.9500000;
22.0960000;0.9499980;0.9500000;
22.0970000;0.9499980;0.9500000;
22.0980000;0.9499980;0.9500000;
22.0990000;0.9499980;0.9500000;
22.1000000;0.9499980;0.9500000;
22.1010000;0.9499980;0.9500000;
22.1020000;0.9499980;0.9500000;
22.1030000;0.9499980;0.9500000;
22.1040000;0.9499980;0.9500000;
22.1050000;0.9499980;0.9500000;
22.1060000;0.9499980;0.9500000;
22.1070000;0.9499980;0.9500000;
22.1080000;0.9499980;0.9500000;
22.1090000;0.9499980;0.9500000;
22.1100000;0.9499980;0.9500000;
22.1110000;0.9499980;0.9500000;
22.1120000;0.9499980;0.9500000;
22.1130000;0.9499980;0.9500000;
22.1140000;0.9499980;0.9500000;
22.1150000;0.9499980;0.9500000;
22.1160000;0.9499980;0.9500000;
22.1170000;0.9499980;0.9500000;
22.1180000;0.9499980;0.9500000;
22.1190000;0.9499980;0.9500000;
22.1200000;0.9499980;0.9500000;
22.1210000;0.9499980;0.9500000;
22.1220000;0.9499980;0.9500000;
22.1230000;0.9499980;0.9500000;
22.1240000;0.9499980;0.9500000;
22.1250000;0.9499980;0.9500000;
22.1260000;0.9499980;0.9500000;
22.1270000;0.9499980;0.9500000;
22.1280000;0.9499980;0.9500000;
22.1290000;0.9499980;0.9500000;
22.1300000;0.9499980;0.9500000;
22.1310000;0.9499980;0.9500000;
22.1320000;0.9499980;0.9500000;
22.1330000;0.9499980;0.9500000;
22.1340000;0.9499980;0.9500000;
22.1350000;0.9499980;0.9500000;
22.1360000;0.9499980;0.9500000;
22.1370000;0.9499980;0.9500000;
22.1380000;0.9499980;0.9500000;
22.1390000;0.9499980;0.9500000;
22.1400000;0.9499980;0.9500000;
22.1410000;0.9499980;0.9500000;
22.1420000;0.9499980;0.9500000;
22.1430000;0.9499980;0.9500000;
22.1440000;0.9499980;0.9500000;
22.1450000;0.9499980;0.9500000;
22.1460000;0.9499980;0.9500000;
22.1470000;0.9499980;0.9500000;
22.1480000;0.9499980;0.9500000;
22.1490000;0.9499980;0.9500000;
22.1500000;0.9499980;0.9500000;
22.1510000;0.9499980;0.9500000;
22.1520000;0.9499980;0.9500000;
22.1530000;0.9499980;0.9500000;
22.1540000;0.9499980;0.9500000;
22.1550000;0.9499980;0.9500000;
22.1560000;0.9499980;0.9500000;
22.1570000;0.9499980;0.9500000;
22.1580000;0.9499980;0.9500000;
22.1590000;0.9499980;0.9500000;
22.1600000;0.9499980;0.9500000;
22.1610000;0.9499980;0.9500000;
22.1620000;0.9499980;0.9500000;
22.1630000;0.9499980;0.9500000;
22.1640000;0.9499980;0.9500000;
22.1650000;0.9499980;0.9500000;
22.1660000;0.9499980;0.9500000;
22.1670000;0.9499980;0.9500000;
22.1680000;0.9499980;0.9500000;
22.1690000;0.9499980;0.9500000;
22.1700000;0.9499980;0.9500000;
22.1710000;0.9499980;0.9500000;
22.1720000;0.9499980;0.9500000;
22.1730000;0.9499980;0.9500000;
22.1740000;0.9499980;0.9500000;
22.1750000;0.9499980;0.9500000;
22.1760000;0.9499980;0.9500000;
22.1770000;0.9499980;0.9500000;
22.1780000;0.9499980;0.9500000;
22.1790000;0.9499980;0.9500000;
22.1800000;0.9499980;0.9500000;
22.1810000;0.9499980;0.9500000;
22.1820000;0.9499980;0.9500000;
22.1830000;0.9499980;0.9500000;
22.1840000;0.9499980;0.9500000;
22.1850000;0.9499980;0.9500000;
22.1860000;0.9499980;0.9500000;
22.1870000;0.9499980;0.9500000;
22.1880000;0.9499980;0.9500000;
22.1890000;0.9499980;0.9500000;
22.1900000;0.9499980;0.9500000;
22.1910000;0.9499980;0.9500000;
22.1920000;0.9499980;0.9500000;
22.1930000;0.9499980;0.9500000;
22.1940000;0.9499980;0.9500000;
22.1950000;0.9499980;0.9500000;
22.1960000;0.9499980;0.9500000;
22.1970000;0.9499980;0.9500000;
22.1980000;0.9499980;0.9500000;
22.1990000;0.9499980;0.9500000;
22.2000000;0.9499980;0.9500000;
22.2010000;0.9499980;0.9500000;
22.2020000;0.9499980;0.9500000;
22.2030000;0.9499980;0.9500000;
22.2040000;0.9499980;0.9500000;
22.2050000;0.9499980;0.9500000;
22.2060000;0.9499980;0.9500000;
22.2070000;0.9499980;0.9500000;
22.2080000;0.9499980;0.9500000;
22.2090000;0.9499980;0.9500000;
22.2100000;0.9499980;0.9500000;
22.2110000;0.9499980;0.9500000;
22.2120000;0.9499980;0.9500000;
22.2130000;0.9499980;0.9500000;
22.2140000;0.9499980;0.9500000;
22.2150000;0.9499980;0.9500000;
22.2160000;0.9499980;0.9500000;
22.2170000;0.9499980;0.9500000;
22.2180000;0.9499980;0.9500000;
22.2190000;0.9499980;0.9500000;
22.2200000;0.9499980;0.9500000;
22.2210000;0.9499980;0.9500000;
22.2220000;0.9499980;0.9500000;
22.2230000;0.9499980;0.9500000;
22.2240000;0.9499980;0.9500000;
22.2250000;0.9499980;0.9500000;
22.2260000;0.9499980;0.9500000;
22.2270000;0.9499980;0.9500000;
22.2280000;0.9499980;0.9500000;
22.2290000;0.9499980;0.9500000;
22.2300000;0.9499980;0.9500000;
22.2310000;0.9499980;0.9500000;
22.2320000;0.9499980;0.9500000;
22.2330000;0.9499980;0.9500000;
22.2340000;0.9499980;0.9500000;
22.2350000;0.9499980;0.9500000;
22.2360000;0.9499980;0.9500000;
22.2370000;0.9499980;0.9500000;
22.2380000;0.9499980;0.9500000;
22.2390000;0.9499980;0.9500000;
22.2400000;0.9499980;0.9500000;
22.2410000;0.9499980;0.9500000;
22.2420000;0.9499980;0.9500000;
22.2430000;0.9499980;0.9500000;
22.2440000;0.9499980;0.9500000;
22.2450000;0.9499980;0.9500000;
22.2460000;0.9499980;0.9500000;
22.2470000;0.9499980;0.9500000;
22.2480000;0.9499980;0.9500000;
22.2490000;0.9499980;0.9500000;
22.2500000;0.9499980;0.9500000;
22.2510000;0.9499980;0.9500000;
22.2520000;0.9499980;0.9500000;
22.2530000;0.9499980;0.9500000;
22.2540000;0.9499980;0.9500000;
22.2550000;0.9499980;0.9500000;
22.2560000;0.9499980;0.9500000;
22.2570000;0.9499980;0.9500000;
22.2580000;0.9499980;0.9500000;
22.2590000;0.9499980;0.9500000;
22.2600000;0.9499980;0.9500000;
22.2610000;0.9499980;0.9500000;
22.2620000;0.9499980;0.9500000;
22.2630000;0.9499980;0.9500000;
22.2640000;0.9499980;0.9500000;
22.2650000;0.9499980;0.9500000;
22.2660000;0.9499980;0.9500000;
22.2670000;0.9499980;0.9500000;
22.2680000;0.9499980;0.9500000;
22.2690000;0.9499980;0.9500000;
22.2700000;0.9499980;0.9500000;
22.2710000;0.9499980;0.9500000;
22.2720000;0.9499980;0.9500000;
22.2730000;0.9499980;0.9500000;
22.2740000;0.9499980;0.9500000;
22.2750000;0.9499980;0.9500000;
22.2760000;0.9499980;0.9500000;
22.2770000;0.9499980;0.9500000;
22.2780000;0.9499980;0.9500000;
22.2790000;0.9499980;0.9500000;
22.2800000;0.9499980;0.9500000;
22.2810000;0.9499980;0.9500000;
22.2820000;0.9499980;0.9500000;
22.2830000;0.9499980;0.9500000;
22.2840000;0.9499980;0.9500000;
22.2850000;0.9499980;0.9500000;
22.2860000;0.9499980;0.9500000;
22.2870000;0.9499980;0.9500000;
22.2880000;0.9499980;0.9500000;
22.2890000;0.9499980;0.9500000;
22.2900000;0.9499980;0.9500000;
22.2910000;0.9499980;0.9500000;
22.2920000;0.9499980;0.9500000;
22.2930000;0.9499980;0.9500000;
22.2940000;0.9499980;0.9500000;
22.2950000;0.9499980;0.9500000;
22.2960000;0.9499980;0.9500000;
22.2970000;0.9499980;0.9500000;
22.2980000;0.9499980;0.9500000;
22.2990000;0.9499980;0.9500000;
22.3000000;0.9499980;0.9500000;
22.3010000;0.9499980;0.9500000;
22.3020000;0.9499980;0.9500000;
22.3030000;0.9499980;0.9500000;
22.3040000;0.9499980;0.9500000;
22.3050000;0.9499980;0.9500000;
22.3060000;0.9499980;0.9500000;
22.3070000;0.9499980;0.9500000;
22.3080000;0.9499980;0.9500000;
22.3090000;0.9499980;0.9500000;
22.3100000;0.9499980;0.9500000;
22.3110000;0.9499980;0.9500000;
22.3120000;0.9499980;0.9500000;
22.3130000;0.9499980;0.9500000;
22.3140000;0.9499980;0.9500000;
22.3150000;0.9499980;0.9500000;
22.3160000;0.9499980;0.9500000;
22.3170000;0.9499980;0.9500000;
22.3180000;0.9499980;0.9500000;
22.3190000;0.9499980;0.9500000;
22.3200000;0.9499980;0.9500000;
22.3210000;0.9499980;0.9500000;
22.3220000;0.9499980;0.9500000;
22.3230000;0.9499980;0.9500000;
22.3240000;0.9499980;0.9500000;
22.3250000;0.9499980;0.9500000;
22.3260000;0.9499980;0.9500000;
22.3270000;0.9499980;0.9500000;
22.3280000;0.9499980;0.9500000;
22.3290000;0.9499980;0.9500000;
22.3300000;0.9499980;0.9500000;
22.3310000;0.9499980;0.9500000;
22.3320000;0.9499980;0.9500000;
22.3330000;0.9499980;0.9500000;
22.3340000;0.9499980;0.9500000;
22.3350000;0.9499980;0.9500000;
22.3360000;0.9499980;0.9500000;
22.3370000;0.9499980;0.9500000;
22.3380000;0.9499980;0.9500000;
22.3390000;0.9499980;0.9500000;
22.3400000;0.9499980;0.9500000;
22.3410000;0.9499980;0.9500000;
22.3420000;0.9499980;0.9500000;
22.3430000;0.9499980;0.9500000;
22.3440000;0.9499980;0.9500000;
22.3450000;0.9499980;0.9500000;
22.3460000;0.9499980;0.9500000;
22.3470000;0.9499980;0.9500000;
22.3480000;0.9499980;0.9500000;
22.3490000;0.9499980;0.9500000;
22.3500000;0.9499980;0.9500000;
22.3510000;0.9499980;0.9500000;
22.3520000;0.9499980;0.9500000;
22.3530000;0.9499980;0.9500000;
22.3540000;0.9499980;0.9500000;
22.3550000;0.9499980;0.9500000;
22.3560000;0.9499980;0.9500000;
22.3570000;0.9499980;0.9500000;
22.3580000;0.9499980;0.9500000;
22.3590000;0.9499980;0.9500000;
22.3600000;0.9499980;0.9500000;
22.3610000;0.9499980;0.9500000;
22.3620000;0.9499980;0.9500000;
22.3630000;0.9499980;0.9500000;
22.3640000;0.9499980;0.9500000;
22.3650000;0.9499980;0.9500000;
22.3660000;0.9499980;0.9500000;
22.3670000;0.9499980;0.9500000;
22.3680000;0.9499980;0.9500000;
22.3690000;0.9499980;0.9500000;
22.3700000;0.9499980;0.9500000;
22.3710000;0.9499980;0.9500000;
22.3720000;0.9499980;0.9500000;
22.3730000;0.9499980;0.9500000;
22.3740000;0.9499980;0.9500000;
22.3750000;0.9499980;0.9500000;
22.3760000;0.9499980;0.9500000;
22.3770000;0.9499980;0.9500000;
22.3780000;0.9499980;0.9500000;
22.3790000;0.9499980;0.9500000;
22.3800000;0.9499980;0.9500000;
22.3810000;0.9499980;0.9500000;
22.3820000;0.9499980;0.9500000;
22.3830000;0.9499980;0.9500000;
22.3840000;0.9499980;0.9500000;
22.3850000;0.9499980;0.9500000;
22.3860000;0.9499980;0.9500000;
22.3870000;0.9499980;0.9500000;
22.3880000;0.9499980;0.9500000;
22.3890000;0.9499980;0.9500000;
22.3900000;0.9499980;0.9500000;
22.3910000;0.9499980;0.9500000;
22.3920000;0.9499980;0.9500000;
22.3930000;0.9499980;0.9500000;
22.3940000;0.9499980;0.9500000;
22.3950000;0.9499980;0.9500000;
22.3960000;0.9499980;0.9500000;
22.3970000;0.9499980;0.9500000;
22.3980000;0.9499980;0.9500000;
22.3990000;0.9499980;0.9500000;
22.4000000;0.9499980;0.9500000;
22.4010000;0.9499980;0.9500000;
22.4020000;0.9499980;0.9500000;
22.4030000;0.9499980;0.9500000;
22.4040000;0.9499980;0.9500000;
22.4050000;0.9499980;0.9500000;
22.4060000;0.9499980;0.9500000;
22.4070000;0.9499980;0.9500000;
22.4080000;0.9499980;0.9500000;
22.4090000;0.9499980;0.9500000;
22.4100000;0.9499980;0.9500000;
22.4110000;0.9499980;0.9500000;
22.4120000;0.9499980;0.9500000;
22.4130000;0.9499980;0.9500000;
22.4140000;0.9499980;0.9500000;
22.4150000;0.9499980;0.9500000;
22.4160000;0.9499980;0.9500000;
22.4170000;0.9499980;0.9500000;
22.4180000;0.9499980;0.9500000;
22.4190000;0.9499980;0.9500000;
22.4200000;0.9499980;0.9500000;
22.4210000;0.9499980;0.9500000;
22.4220000;0.9499980;0.9500000;
22.4230000;0.9499980;0.9500000;
22.4240000;0.9499980;0.9500000;
22.4250000;0.9499980;0.9500000;
22.4260000;0.9499980;0.9500000;
22.4270000;0.9499980;0.9500000;
22.4280000;0.9499980;0.9500000;
22.4290000;0.9499980;0.9500000;
22.4300000;0.9499980;0.9500000;
22.4310000;0.9499980;0.9500000;
22.4320000;0.9499980;0.9500000;
22.4330000;0.9499980;0.9500000;
22.4340000;0.9499980;0.9500000;
22.4350000;0.9499980;0.9500000;
22.4360000;0.9499980;0.9500000;
22.4370000;0.9499980;0.9500000;
22.4380000;0.9499980;0.9500000;
22.4390000;0.9499980;0.9500000;
22.4400000;0.9499980;0.9500000;
22.4410000;0.9499980;0.9500000;
22.4420000;0.9499980;0.9500000;
22.4430000;0.9499980;0.9500000;
22.4440000;0.9499980;0.9500000;
22.4450000;0.9499980;0.9500000;
22.4460000;0.9499980;0.9500000;
22.4470000;0.9499980;0.9500000;
22.4480000;0.9499980;0.9500000;
22.4490000;0.9499980;0.9500000;
22.4500000;0.9499980;0.9500000;
22.4510000;0.9499980;0.9500000;
22.4520000;0.9499980;0.9500000;
22.4530000;0.9499980;0.9500000;
22.4540000;0.9499980;0.9500000;
22.4550000;0.9499980;0.9500000;
22.4560000;0.9499980;0.9500000;
22.4570000;0.9499980;0.9500000;
22.4580000;0.9499980;0.9500000;
22.4590000;0.9499980;0.9500000;
22.4600000;0.9499980;0.9500000;
22.4610000;0.9499980;0.9500000;
22.4620000;0.9499980;0.9500000;
22.4630000;0.9499980;0.9500000;
22.4640000;0.9499980;0.9500000;
22.4650000;0.9499980;0.9500000;
22.4660000;0.9499980;0.9500000;
22.4670000;0.9499980;0.9500000;
22.4680000;0.9499980;0.9500000;
22.4690000;0.9499980;0.9500000;
22.4700000;0.9499980;0.9500000;
22.4710000;0.9499980;0.9500000;
22.4720000;0.9499980;0.9500000;
22.4730000;0.9499980;0.9500000;
22.4740000;0.9499980;0.9500000;
22.4750000;0.9499980;0.9500000;
22.4760000;0.9499980;0.9500000;
22.4770000;0.9499980;0.9500000;
22.4780000;0.9499980;0.9500000;
22.4790000;0.9499980;0.9500000;
22.4800000;0.9499980;0.9500000;
22.4810000;0.9499980;0.9500000;
22.4820000;0.9499980;0.9500000;
22.4830000;0.9499980;0.9500000;
22.4840000;0.9499980;0.9500000;
22.4850000;0.9499980;0.9500000;
22.4860000;0.9499980;0.9500000;
22.4870000;0.9499980;0.9500000;
22.4880000;0.9499980;0.9500000;
22.4890000;0.9499980;0.9500000;
22.4900000;0.9499980;0.9500000;
22.4910000;0.9499980;0.9500000;
22.4920000;0.9499980;0.9500000;
22.4930000;0.9499980;0.9500000;
22.4940000;0.9499980;0.9500000;
22.4950000;0.9499980;0.9500000;
22.4960000;0.9499980;0.9500000;
22.4970000;0.9499980;0.9500000;
22.4980000;0.9499980;0.9500000;
22.4990000;0.9499980;0.9500000;
22.5000000;0.9499980;0.9500000;
22.5010000;0.9499980;0.9500000;
22.5020000;0.9499980;0.9500000;
22.5030000;0.9499980;0.9500000;
22.5040000;0.9499980;0.9500000;
22.5050000;0.9499980;0.9500000;
22.5060000;0.9499980;0.9500000;
22.5070000;0.9499980;0.9500000;
22.5080000;0.9499980;0.9500000;
22.5090000;0.9499980;0.9500000;
22.5100000;0.9499980;0.9500000;
22.5110000;0.9499980;0.9500000;
22.5120000;0.9499980;0.9500000;
22.5130000;0.9499980;0.9500000;
22.5140000;0.9499980;0.9500000;
22.5150000;0.9499980;0.9500000;
22.5160000;0.9499980;0.9500000;
22.5170000;0.9499980;0.9500000;
22.5180000;0.9499980;0.9500000;
22.5190000;0.9499980;0.9500000;
22.5200000;0.9499980;0.9500000;
22.5210000;0.9499980;0.9500000;
22.5220000;0.9499980;0.9500000;
22.5230000;0.9499980;0.9500000;
22.5240000;0.9499980;0.9500000;
22.5250000;0.9499980;0.9500000;
22.5260000;0.9499980;0.9500000;
22.5270000;0.9499980;0.9500000;
22.5280000;0.9499980;0.9500000;
22.5290000;0.9499980;0.9500000;
22.5300000;0.9499980;0.9500000;
22.5310000;0.9499980;0.9500000;
22.5320000;0.9499980;0.9500000;
22.5330000;0.9499980;0.9500000;
22.5340000;0.9499980;0.9500000;
22.5350000;0.9499980;0.9500000;
22.5360000;0.9499980;0.9500000;
22.5370000;0.9499980;0.9500000;
22.5380000;0.9499980;0.9500000;
22.5390000;0.9499980;0.9500000;
22.5400000;0.9499980;0.9500000;
22.5410000;0.9499980;0.9500000;
22.5420000;0.9499980;0.9500000;
22.5430000;0.9499980;0.9500000;
22.5440000;0.9499980;0.9500000;
22.5450000;0.9499980;0.9500000;
22.5460000;0.9499980;0.9500000;
22.5470000;0.9499980;0.9500000;
22.5480000;0.9499980;0.9500000;
22.5490000;0.9499980;0.9500000;
22.5500000;0.9499980;0.9500000;
22.5510000;0.9499980;0.9500000;
22.5520000;0.9499980;0.9500000;
22.5530000;0.9499980;0.9500000;
22.5540000;0.9499980;0.9500000;
22.5550000;0.9499980;0.9500000;
22.5560000;0.9499980;0.9500000;
22.5570000;0.9499980;0.9500000;
22.5580000;0.9499980;0.9500000;
22.5590000;0.9499980;0.9500000;
22.5600000;0.9499980;0.9500000;
22.5610000;0.9499980;0.9500000;
22.5620000;0.9499980;0.9500000;
22.5630000;0.9499980;0.9500000;
22.5640000;0.9499980;0.9500000;
22.5650000;0.9499980;0.9500000;
22.5660000;0.9499980;0.9500000;
22.5670000;0.9499980;0.9500000;
22.5680000;0.9499980;0.9500000;
22.5690000;0.9499980;0.9500000;
22.5700000;0.9499980;0.9500000;
22.5710000;0.9499980;0.9500000;
22.5720000;0.9499980;0.9500000;
22.5730000;0.9499980;0.9500000;
22.5740000;0.9499980;0.9500000;
22.5750000;0.9499980;0.9500000;
22.5760000;0.9499980;0.9500000;
22.5770000;0.9499980;0.9500000;
22.5780000;0.9499980;0.9500000;
22.5790000;0.9499980;0.9500000;
22.5800000;0.9499980;0.9500000;
22.5810000;0.9499980;0.9500000;
22.5820000;0.9499980;0.9500000;
22.5830000;0.9499980;0.9500000;
22.5840000;0.9499980;0.9500000;
22.5850000;0.9499980;0.9500000;
22.5860000;0.9499980;0.9500000;
22.5870000;0.9499980;0.9500000;
22.5880000;0.9499980;0.9500000;
22.5890000;0.9499980;0.9500000;
22.5900000;0.9499980;0.9500000;
22.5910000;0.9499980;0.9500000;
22.5920000;0.9499980;0.9500000;
22.5930000;0.9499980;0.9500000;
22.5940000;0.9499980;0.9500000;
22.5950000;0.9499980;0.9500000;
22.5960000;0.9499980;0.9500000;
22.5970000;0.9499980;0.9500000;
22.5980000;0.9499980;0.9500000;
22.5990000;0.9499980;0.9500000;
22.6000000;0.9499980;0.9500000;
22.6010000;0.9499980;0.9500000;
22.6020000;0.9499980;0.9500000;
22.6030000;0.9499980;0.9500000;
22.6040000;0.9499980;0.9500000;
22.6050000;0.9499980;0.9500000;
22.6060000;0.9499980;0.9500000;
22.6070000;0.9499980;0.9500000;
22.6080000;0.9499980;0.9500000;
22.6090000;0.9499980;0.9500000;
22.6100000;0.9499980;0.9500000;
22.6110000;0.9499980;0.9500000;
22.6120000;0.9499980;0.9500000;
22.6130000;0.9499980;0.9500000;
22.6140000;0.9499980;0.9500000;
22.6150000;0.9499980;0.9500000;
22.6160000;0.9499980;0.9500000;
22.6170000;0.9499980;0.9500000;
22.6180000;0.9499980;0.9500000;
22.6190000;0.9499980;0.9500000;
22.6200000;0.9499980;0.9500000;
22.6210000;0.9499980;0.9500000;
22.6220000;0.9499980;0.9500000;
22.6230000;0.9499980;0.9500000;
22.6240000;0.9499980;0.9500000;
22.6250000;0.9499980;0.9500000;
22.6260000;0.9499980;0.9500000;
22.6270000;0.9499980;0.9500000;
22.6280000;0.9499980;0.9500000;
22.6290000;0.9499980;0.9500000;
22.6300000;0.9499980;0.9500000;
22.6310000;0.9499980;0.9500000;
22.6320000;0.9499980;0.9500000;
22.6330000;0.9499980;0.9500000;
22.6340000;0.9499980;0.9500000;
22.6350000;0.9499980;0.9500000;
22.6360000;0.9499980;0.9500000;
22.6370000;0.9499980;0.9500000;
22.6380000;0.9499980;0.9500000;
22.6390000;0.9499980;0.9500000;
22.6400000;0.9499980;0.9500000;
22.6410000;0.9499980;0.9500000;
22.6420000;0.9499980;0.9500000;
22.6430000;0.9499980;0.9500000;
22.6440000;0.9499980;0.9500000;
22.6450000;0.9499980;0.9500000;
22.6460000;0.9499980;0.9500000;
22.6470000;0.9499980;0.9500000;
22.6480000;0.9499980;0.9500000;
22.6490000;0.9499980;0.9500000;
22.6500000;0.9499980;0.9500000;
22.6510000;0.9499980;0.9500000;
22.6520000;0.9499980;0.9500000;
22.6530000;0.9499980;0.9500000;
22.6540000;0.9499980;0.9500000;
22.6550000;0.9499980;0.9500000;
22.6560000;0.9499980;0.9500000;
22.6570000;0.9499980;0.9500000;
22.6580000;0.9499980;0.9500000;
22.6590000;0.9499980;0.9500000;
22.6600000;0.9499980;0.9500000;
22.6610000;0.9499980;0.9500000;
22.6620000;0.9499980;0.9500000;
22.6630000;0.9499980;0.9500000;
22.6640000;0.9499980;0.9500000;
22.6650000;0.9499980;0.9500000;
22.6660000;0.9499980;0.9500000;
22.6670000;0.9499980;0.9500000;
22.6680000;0.9499980;0.9500000;
22.6690000;0.9499980;0.9500000;
22.6700000;0.9499980;0.9500000;
22.6710000;0.9499980;0.9500000;
22.6720000;0.9499980;0.9500000;
22.6730000;0.9499980;0.9500000;
22.6740000;0.9499980;0.9500000;
22.6750000;0.9499980;0.9500000;
22.6760000;0.9499980;0.9500000;
22.6770000;0.9499980;0.9500000;
22.6780000;0.9499980;0.9500000;
22.6790000;0.9499980;0.9500000;
22.6800000;0.9499980;0.9500000;
22.6810000;0.9499980;0.9500000;
22.6820000;0.9499980;0.9500000;
22.6830000;0.9499980;0.9500000;
22.6840000;0.9499980;0.9500000;
22.6850000;0.9499980;0.9500000;
22.6860000;0.9499980;0.9500000;
22.6870000;0.9499980;0.9500000;
22.6880000;0.9499980;0.9500000;
22.6890000;0.9499980;0.9500000;
22.6900000;0.9499980;0.9500000;
22.6910000;0.9499980;0.9500000;
22.6920000;0.9499980;0.9500000;
22.6930000;0.9499980;0.9500000;
22.6940000;0.9499980;0.9500000;
22.6950000;0.9499980;0.9500000;
22.6960000;0.9499980;0.9500000;
22.6970000;0.9499980;0.9500000;
22.6980000;0.9499980;0.9500000;
22.6990000;0.9499980;0.9500000;
22.7000000;0.9499980;0.9500000;
22.7010000;0.9499980;0.9500000;
22.7020000;0.9499980;0.9500000;
22.7030000;0.9499980;0.9500000;
22.7040000;0.9499980;0.9500000;
22.7050000;0.9499980;0.9500000;
22.7060000;0.9499980;0.9500000;
22.7070000;0.9499980;0.9500000;
22.7080000;0.9499980;0.9500000;
22.7090000;0.9499980;0.9500000;
22.7100000;0.9499980;0.9500000;
22.7110000;0.9499980;0.9500000;
22.7120000;0.9499980;0.9500000;
22.7130000;0.9499980;0.9500000;
22.7140000;0.9499980;0.9500000;
22.7150000;0.9499980;0.9500000;
22.7160000;0.9499980;0.9500000;
22.7170000;0.9499980;0.9500000;
22.7180000;0.9499980;0.9500000;
22.7190000;0.9499980;0.9500000;
22.7200000;0.9499980;0.9500000;
22.7210000;0.9499980;0.9500000;
22.7220000;0.9499980;0.9500000;
22.7230000;0.9499980;0.9500000;
22.7240000;0.9499980;0.9500000;
22.7250000;0.9499980;0.9500000;
22.7260000;0.9499980;0.9500000;
22.7270000;0.9499980;0.9500000;
22.7280000;0.9499980;0.9500000;
22.7290000;0.9499980;0.9500000;
22.7300000;0.9499980;0.9500000;
22.7310000;0.9499980;0.9500000;
22.7320000;0.9499980;0.9500000;
22.7330000;0.9499980;0.9500000;
22.7340000;0.9499980;0.9500000;
22.7350000;0.9499980;0.9500000;
22.7360000;0.9499980;0.9500000;
22.7370000;0.9499980;0.9500000;
22.7380000;0.9499980;0.9500000;
22.7390000;0.9499980;0.9500000;
22.7400000;0.9499980;0.9500000;
22.7410000;0.9499980;0.9500000;
22.7420000;0.9499980;0.9500000;
22.7430000;0.9499980;0.9500000;
22.7440000;0.9499980;0.9500000;
22.7450000;0.9499980;0.9500000;
22.7460000;0.9499980;0.9500000;
22.7470000;0.9499980;0.9500000;
22.7480000;0.9499980;0.9500000;
22.7490000;0.9499980;0.9500000;
22.7500000;0.9499980;0.9500000;
22.7510000;0.9499980;0.9500000;
22.7520000;0.9499980;0.9500000;
22.7530000;0.9499980;0.9500000;
22.7540000;0.9499980;0.9500000;
22.7550000;0.9499980;0.9500000;
22.7560000;0.9499980;0.9500000;
22.7570000;0.9499980;0.9500000;
22.7580000;0.9499980;0.9500000;
22.7590000;0.9499980;0.9500000;
22.7600000;0.9499980;0.9500000;
22.7610000;0.9499980;0.9500000;
22.7620000;0.9499980;0.9500000;
22.7630000;0.9499980;0.9500000;
22.7640000;0.9499980;0.9500000;
22.7650000;0.9499980;0.9500000;
22.7660000;0.9499980;0.9500000;
22.7670000;0.9499980;0.9500000;
22.7680000;0.9499980;0.9500000;
22.7690000;0.9499980;0.9500000;
22.7700000;0.9499980;0.9500000;
22.7710000;0.9499980;0.9500000;
22.7720000;0.9499980;0.9500000;
22.7730000;0.9499980;0.9500000;
22.7740000;0.9499980;0.9500000;
22.7750000;0.9499980;0.9500000;
22.7760000;0.9499980;0.9500000;
22.7770000;0.9499980;0.9500000;
22.7780000;0.9499980;0.9500000;
22.7790000;0.9499980;0.9500000;
22.7800000;0.9499980;0.9500000;
22.7810000;0.9499980;0.9500000;
22.7820000;0.9499980;0.9500000;
22.7830000;0.9499980;0.9500000;
22.7840000;0.9499980;0.9500000;
22.7850000;0.9499980;0.9500000;
22.7860000;0.9499980;0.9500000;
22.7870000;0.9499980;0.9500000;
22.7880000;0.9499980;0.9500000;
22.7890000;0.9499980;0.9500000;
22.7900000;0.9499980;0.9500000;
22.7910000;0.9499980;0.9500000;
22.7920000;0.9499980;0.9500000;
22.7930000;0.9499980;0.9500000;
22.7940000;0.9499980;0.9500000;
22.7950000;0.9499980;0.9500000;
22.7960000;0.9499980;0.9500000;
22.7970000;0.9499980;0.9500000;
22.7980000;0.9499980;0.9500000;
22.7990000;0.9499980;0.9500000;
22.8000000;0.9499980;0.9500000;
22.8010000;0.9499980;0.9500000;
22.8020000;0.9499980;0.9500000;
22.8030000;0.9499980;0.9500000;
22.8040000;0.9499980;0.9500000;
22.8050000;0.9499980;0.9500000;
22.8060000;0.9499980;0.9500000;
22.8070000;0.9499980;0.9500000;
22.8080000;0.9499980;0.9500000;
22.8090000;0.9499980;0.9500000;
22.8100000;0.9499980;0.9500000;
22.8110000;0.9499980;0.9500000;
22.8120000;0.9499980;0.9500000;
22.8130000;0.9499980;0.9500000;
22.8140000;0.9499980;0.9500000;
22.8150000;0.9499980;0.9500000;
22.8160000;0.9499980;0.9500000;
22.8170000;0.9499980;0.9500000;
22.8180000;0.9499980;0.9500000;
22.8190000;0.9499980;0.9500000;
22.8200000;0.9499980;0.9500000;
22.8210000;0.9499980;0.9500000;
22.8220000;0.9499980;0.9500000;
22.8230000;0.9499980;0.9500000;
22.8240000;0.9499980;0.9500000;
22.8250000;0.9499980;0.9500000;
22.8260000;0.9499980;0.9500000;
22.8270000;0.9499980;0.9500000;
22.8280000;0.9499980;0.9500000;
22.8290000;0.9499980;0.9500000;
22.8300000;0.9499980;0.9500000;
22.8310000;0.9499980;0.9500000;
22.8320000;0.9499980;0.9500000;
22.8330000;0.9499980;0.9500000;
22.8340000;0.9499980;0.9500000;
22.8350000;0.9499980;0.9500000;
22.8360000;0.9499980;0.9500000;
22.8370000;0.9499980;0.9500000;
22.8380000;0.9499980;0.9500000;
22.8390000;0.9499980;0.9500000;
22.8400000;0.9499980;0.9500000;
22.8410000;0.9499980;0.9500000;
22.8420000;0.9499980;0.9500000;
22.8430000;0.9499980;0.9500000;
22.8440000;0.9499980;0.9500000;
22.8450000;0.9499980;0.9500000;
22.8460000;0.9499980;0.9500000;
22.8470000;0.9499980;0.9500000;
22.8480000;0.9499980;0.9500000;
22.8490000;0.9499980;0.9500000;
22.8500000;0.9499980;0.9500000;
22.8510000;0.9499980;0.9500000;
22.8520000;0.9499980;0.9500000;
22.8530000;0.9499980;0.9500000;
22.8540000;0.9499980;0.9500000;
22.8550000;0.9499980;0.9500000;
22.8560000;0.9499980;0.9500000;
22.8570000;0.9499980;0.9500000;
22.8580000;0.9499980;0.9500000;
22.8590000;0.9499980;0.9500000;
22.8600000;0.9499980;0.9500000;
22.8610000;0.9499980;0.9500000;
22.8620000;0.9499980;0.9500000;
22.8630000;0.9499980;0.9500000;
22.8640000;0.9499980;0.9500000;
22.8650000;0.9499980;0.9500000;
22.8660000;0.9499980;0.9500000;
22.8670000;0.9499980;0.9500000;
22.8680000;0.9499980;0.9500000;
22.8690000;0.9499980;0.9500000;
22.8700000;0.9499980;0.9500000;
22.8710000;0.9499980;0.9500000;
22.8720000;0.9499980;0.9500000;
22.8730000;0.9499980;0.9500000;
22.8740000;0.9499980;0.9500000;
22.8750000;0.9499980;0.9500000;
22.8760000;0.9499980;0.9500000;
22.8770000;0.9499980;0.9500000;
22.8780000;0.9499980;0.9500000;
22.8790000;0.9499980;0.9500000;
22.8800000;0.9499980;0.9500000;
22.8810000;0.9499980;0.9500000;
22.8820000;0.9499980;0.9500000;
22.8830000;0.9499980;0.9500000;
22.8840000;0.9499980;0.9500000;
22.8850000;0.9499980;0.9500000;
22.8860000;0.9499980;0.9500000;
22.8870000;0.9499980;0.9500000;
22.8880000;0.9499980;0.9500000;
22.8890000;0.9499980;0.9500000;
22.8900000;0.9499980;0.9500000;
22.8910000;0.9499980;0.9500000;
22.8920000;0.9499980;0.9500000;
22.8930000;0.9499980;0.9500000;
22.8940000;0.9499980;0.9500000;
22.8950000;0.9499980;0.9500000;
22.8960000;0.9499980;0.9500000;
22.8970000;0.9499980;0.9500000;
22.8980000;0.9499980;0.9500000;
22.8990000;0.9499980;0.9500000;
22.9000000;0.9499980;0.9500000;
22.9010000;0.9499980;0.9500000;
22.9020000;0.9499980;0.9500000;
22.9030000;0.9499980;0.9500000;
22.9040000;0.9499980;0.9500000;
22.9050000;0.9499980;0.9500000;
22.9060000;0.9499980;0.9500000;
22.9070000;0.9499980;0.9500000;
22.9080000;0.9499980;0.9500000;
22.9090000;0.9499980;0.9500000;
22.9100000;0.9499980;0.9500000;
22.9110000;0.9499980;0.9500000;
22.9120000;0.9499980;0.9500000;
22.9130000;0.9499980;0.9500000;
22.9140000;0.9499980;0.9500000;
22.9150000;0.9499980;0.9500000;
22.9160000;0.9499980;0.9500000;
22.9170000;0.9499980;0.9500000;
22.9180000;0.9499980;0.9500000;
22.9190000;0.9499980;0.9500000;
22.9200000;0.9499980;0.9500000;
22.9210000;0.9499980;0.9500000;
22.9220000;0.9499980;0.9500000;
22.9230000;0.9499980;0.9500000;
22.9240000;0.9499980;0.9500000;
22.9250000;0.9499980;0.9500000;
22.9260000;0.9499980;0.9500000;
22.9270000;0.9499980;0.9500000;
22.9280000;0.9499980;0.9500000;
22.9290000;0.9499980;0.9500000;
22.9300000;0.9499980;0.9500000;
22.9310000;0.9499980;0.9500000;
22.9320000;0.9499980;0.9500000;
22.9330000;0.9499980;0.9500000;
22.9340000;0.9499980;0.9500000;
22.9350000;0.9499980;0.9500000;
22.9360000;0.9499980;0.9500000;
22.9370000;0.9499980;0.9500000;
22.9380000;0.9499980;0.9500000;
22.9390000;0.9499980;0.9500000;
22.9400000;0.9499980;0.9500000;
22.9410000;0.9499980;0.9500000;
22.9420000;0.9499980;0.9500000;
22.9430000;0.9499980;0.9500000;
22.9440000;0.9499980;0.9500000;
22.9450000;0.9499980;0.9500000;
22.9460000;0.9499980;0.9500000;
22.9470000;0.9499980;0.9500000;
22.9480000;0.9499980;0.9500000;
22.9490000;0.9499980;0.9500000;
22.9500000;0.9499980;0.9500000;
22.9510000;0.9499980;0.9500000;
22.9520000;0.9499980;0.9500000;
22.9530000;0.9499980;0.9500000;
22.9540000;0.9499980;0.9500000;
22.9550000;0.9499980;0.9500000;
22.9560000;0.9499980;0.9500000;
22.9570000;0.9499980;0.9500000;
22.9580000;0.9499980;0.9500000;
22.9590000;0.9499980;0.9500000;
22.9600000;0.9499980;0.9500000;
22.9610000;0.9499980;0.9500000;
22.9620000;0.9499980;0.9500000;
22.9630000;0.9499980;0.9500000;
22.9640000;0.9499980;0.9500000;
22.9650000;0.9499980;0.9500000;
22.9660000;0.9499980;0.9500000;
22.9670000;0.9499980;0.9500000;
22.9680000;0.9499980;0.9500000;
22.9690000;0.9499980;0.9500000;
22.9700000;0.9499980;0.9500000;
22.9710000;0.9499980;0.9500000;
22.9720000;0.9499980;0.9500000;
22.9730000;0.9499980;0.9500000;
22.9740000;0.9499980;0.9500000;
22.9750000;0.9499980;0.9500000;
22.9760000;0.9499980;0.9500000;
22.9770000;0.9499980;0.9500000;
22.9780000;0.9499980;0.9500000;
22.9790000;0.9499980;0.9500000;
22.9800000;0.9499980;0.9500000;
22.9810000;0.9499980;0.9500000;
22.9820000;0.9499980;0.9500000;
22.9830000;0.9499980;0.9500000;
22.9840000;0.9499980;0.9500000;
22.9850000;0.9499980;0.9500000;
22.9860000;0.9499980;0.9500000;
22.9870000;0.9499980;0.9500000;
22.9880000;0.9499980;0.9500000;
22.9890000;0.9499980;0.9500000;
22.9900000;0.9499980;0.9500000;
22.9910000;0.9499980;0.9500000;
22.9920000;0.9499980;0.9500000;
22.9930000;0.9499980;0.9500000;
22.9940000;0.9499980;0.9500000;
22.9950000;0.9499980;0.9500000;
22.9960000;0.9499980;0.9500000;
22.9970000;0.9499980;0.9500000;
22.9980000;0.9499980;0.9500000;
22.9990000;0.9499980;0.9500000;
23.0000000;0.9499980;0.9500000;
23.0010000;0.9499980;0.9500000;
23.0020000;0.9499980;0.9500000;
23.0030000;0.9499980;0.9500000;
23.0040000;0.9499980;0.9500000;
23.0050000;0.9499980;0.9500000;
23.0060000;0.9499980;0.9500000;
23.0070000;0.9499980;0.9500000;
23.0080000;0.9499980;0.9500000;
23.0090000;0.9499980;0.9500000;
23.0100000;0.9499980;0.9500000;
23.0110000;0.9499980;0.9500000;
23.0120000;0.9499980;0.9500000;
23.0130000;0.9499980;0.9500000;
23.0140000;0.9499980;0.9500000;
23.0150000;0.9499980;0.9500000;
23.0160000;0.9499980;0.9500000;
23.0170000;0.9499980;0.9500000;
23.0180000;0.9499980;0.9500000;
23.0190000;0.9499980;0.9500000;
23.0200000;0.9499980;0.9500000;
23.0210000;0.9499980;0.9500000;
23.0220000;0.9499980;0.9500000;
23.0230000;0.9499980;0.9500000;
23.0240000;0.9499980;0.9500000;
23.0250000;0.9499980;0.9500000;
23.0260000;0.9499980;0.9500000;
23.0270000;0.9499980;0.9500000;
23.0280000;0.9499980;0.9500000;
23.0290000;0.9499980;0.9500000;
23.0300000;0.9499980;0.9500000;
23.0310000;0.9499980;0.9500000;
23.0320000;0.9499980;0.9500000;
23.0330000;0.9499980;0.9500000;
23.0340000;0.9499980;0.9500000;
23.0350000;0.9499980;0.9500000;
23.0360000;0.9499980;0.9500000;
23.0370000;0.9499980;0.9500000;
23.0380000;0.9499980;0.9500000;
23.0390000;0.9499980;0.9500000;
23.0400000;0.9499980;0.9500000;
23.0410000;0.9499980;0.9500000;
23.0420000;0.9499980;0.9500000;
23.0430000;0.9499980;0.9500000;
23.0440000;0.9499980;0.9500000;
23.0450000;0.9499980;0.9500000;
23.0460000;0.9499980;0.9500000;
23.0470000;0.9499980;0.9500000;
23.0480000;0.9499980;0.9500000;
23.0490000;0.9499980;0.9500000;
23.0500000;0.9499980;0.9500000;
23.0510000;0.9499980;0.9500000;
23.0520000;0.9499980;0.9500000;
23.0530000;0.9499980;0.9500000;
23.0540000;0.9499980;0.9500000;
23.0550000;0.9499980;0.9500000;
23.0560000;0.9499980;0.9500000;
23.0570000;0.9499980;0.9500000;
23.0580000;0.9499980;0.9500000;
23.0590000;0.9499980;0.9500000;
23.0600000;0.9499980;0.9500000;
23.0610000;0.9499980;0.9500000;
23.0620000;0.9499980;0.9500000;
23.0630000;0.9499980;0.9500000;
23.0640000;0.9499980;0.9500000;
23.0650000;0.9499980;0.9500000;
23.0660000;0.9499980;0.9500000;
23.0670000;0.9499980;0.9500000;
23.0680000;0.9499980;0.9500000;
23.0690000;0.9499980;0.9500000;
23.0700000;0.9499980;0.9500000;
23.0710000;0.9499980;0.9500000;
23.0720000;0.9499980;0.9500000;
23.0730000;0.9499980;0.9500000;
23.0740000;0.9499980;0.9500000;
23.0750000;0.9499980;0.9500000;
23.0760000;0.9499980;0.9500000;
23.0770000;0.9499980;0.9500000;
23.0780000;0.9499980;0.9500000;
23.0790000;0.9499980;0.9500000;
23.0800000;0.9499980;0.9500000;
23.0810000;0.9499980;0.9500000;
23.0820000;0.9499980;0.9500000;
23.0830000;0.9499980;0.9500000;
23.0840000;0.9499980;0.9500000;
23.0850000;0.9499980;0.9500000;
23.0860000;0.9499980;0.9500000;
23.0870000;0.9499980;0.9500000;
23.0880000;0.9499980;0.9500000;
23.0890000;0.9499980;0.9500000;
23.0900000;0.9499980;0.9500000;
23.0910000;0.9499980;0.9500000;
23.0920000;0.9499980;0.9500000;
23.0930000;0.9499980;0.9500000;
23.0940000;0.9499980;0.9500000;
23.0950000;0.9499980;0.9500000;
23.0960000;0.9499980;0.9500000;
23.0970000;0.9499980;0.9500000;
23.0980000;0.9499980;0.9500000;
23.0990000;0.9499980;0.9500000;
23.1000000;0.9499980;0.9500000;
23.1010000;0.9499980;0.9500000;
23.1020000;0.9499980;0.9500000;
23.1030000;0.9499980;0.9500000;
23.1040000;0.9499980;0.9500000;
23.1050000;0.9499980;0.9500000;
23.1060000;0.9499980;0.9500000;
23.1070000;0.9499980;0.9500000;
23.1080000;0.9499980;0.9500000;
23.1090000;0.9499980;0.9500000;
23.1100000;0.9499980;0.9500000;
23.1110000;0.9499980;0.9500000;
23.1120000;0.9499980;0.9500000;
23.1130000;0.9499980;0.9500000;
23.1140000;0.9499980;0.9500000;
23.1150000;0.9499980;0.9500000;
23.1160000;0.9499980;0.9500000;
23.1170000;0.9499980;0.9500000;
23.1180000;0.9499980;0.9500000;
23.1190000;0.9499980;0.9500000;
23.1200000;0.9499980;0.9500000;
23.1210000;0.9499980;0.9500000;
23.1220000;0.9499980;0.9500000;
23.1230000;0.9499980;0.9500000;
23.1240000;0.9499980;0.9500000;
23.1250000;0.9499980;0.9500000;
23.1260000;0.9499980;0.9500000;
23.1270000;0.9499980;0.9500000;
23.1280000;0.9499980;0.9500000;
23.1290000;0.9499980;0.9500000;
23.1300000;0.9499980;0.9500000;
23.1310000;0.9499980;0.9500000;
23.1320000;0.9499980;0.9500000;
23.1330000;0.9499980;0.9500000;
23.1340000;0.9499980;0.9500000;
23.1350000;0.9499980;0.9500000;
23.1360000;0.9499980;0.9500000;
23.1370000;0.9499980;0.9500000;
23.1380000;0.9499980;0.9500000;
23.1390000;0.9499980;0.9500000;
23.1400000;0.9499980;0.9500000;
23.1410000;0.9499980;0.9500000;
23.1420000;0.9499980;0.9500000;
23.1430000;0.9499980;0.9500000;
23.1440000;0.9499980;0.9500000;
23.1450000;0.9499980;0.9500000;
23.1460000;0.9499980;0.9500000;
23.1470000;0.9499980;0.9500000;
23.1480000;0.9499980;0.9500000;
23.1490000;0.9499980;0.9500000;
23.1500000;0.9499980;0.9500000;
23.1510000;0.9499980;0.9500000;
23.1520000;0.9499980;0.9500000;
23.1530000;0.9499980;0.9500000;
23.1540000;0.9499980;0.9500000;
23.1550000;0.9499980;0.9500000;
23.1560000;0.9499980;0.9500000;
23.1570000;0.9499980;0.9500000;
23.1580000;0.9499980;0.9500000;
23.1590000;0.9499980;0.9500000;
23.1600000;0.9499980;0.9500000;
23.1610000;0.9499980;0.9500000;
23.1620000;0.9499980;0.9500000;
23.1630000;0.9499980;0.9500000;
23.1640000;0.9499980;0.9500000;
23.1650000;0.9499980;0.9500000;
23.1660000;0.9499980;0.9500000;
23.1670000;0.9499980;0.9500000;
23.1680000;0.9499980;0.9500000;
23.1690000;0.9499980;0.9500000;
23.1700000;0.9499980;0.9500000;
23.1710000;0.9499980;0.9500000;
23.1720000;0.9499980;0.9500000;
23.1730000;0.9499980;0.9500000;
23.1740000;0.9499980;0.9500000;
23.1750000;0.9499980;0.9500000;
23.1760000;0.9499980;0.9500000;
23.1770000;0.9499980;0.9500000;
23.1780000;0.9499980;0.9500000;
23.1790000;0.9499980;0.9500000;
23.1800000;0.9499980;0.9500000;
23.1810000;0.9499980;0.9500000;
23.1820000;0.9499980;0.9500000;
23.1830000;0.9499980;0.9500000;
23.1840000;0.9499980;0.9500000;
23.1850000;0.9499980;0.9500000;
23.1860000;0.9499980;0.9500000;
23.1870000;0.9499980;0.9500000;
23.1880000;0.9499980;0.9500000;
23.1890000;0.9499980;0.9500000;
23.1900000;0.9499980;0.9500000;
23.1910000;0.9499980;0.9500000;
23.1920000;0.9499980;0.9500000;
23.1930000;0.9499980;0.9500000;
23.1940000;0.9499980;0.9500000;
23.1950000;0.9499980;0.9500000;
23.1960000;0.9499980;0.9500000;
23.1970000;0.9499980;0.9500000;
23.1980000;0.9499980;0.9500000;
23.1990000;0.9499980;0.9500000;
23.2000000;0.9499980;0.9500000;
23.2010000;0.9499980;0.9500000;
23.2020000;0.9499980;0.9500000;
23.2030000;0.9499980;0.9500000;
23.2040000;0.9499980;0.9500000;
23.2050000;0.9499980;0.9500000;
23.2060000;0.9499980;0.9500000;
23.2070000;0.9499980;0.9500000;
23.2080000;0.9499980;0.9500000;
23.2090000;0.9499980;0.9500000;
23.2100000;0.9499980;0.9500000;
23.2110000;0.9499980;0.9500000;
23.2120000;0.9499980;0.9500000;
23.2130000;0.9499980;0.9500000;
23.2140000;0.9499980;0.9500000;
23.2150000;0.9499980;0.9500000;
23.2160000;0.9499980;0.9500000;
23.2170000;0.9499980;0.9500000;
23.2180000;0.9499980;0.9500000;
23.2190000;0.9499980;0.9500000;
23.2200000;0.9499980;0.9500000;
23.2210000;0.9499980;0.9500000;
23.2220000;0.9499980;0.9500000;
23.2230000;0.9499980;0.9500000;
23.2240000;0.9499980;0.9500000;
23.2250000;0.9499980;0.9500000;
23.2260000;0.9499980;0.9500000;
23.2270000;0.9499980;0.9500000;
23.2280000;0.9499980;0.9500000;
23.2290000;0.9499980;0.9500000;
23.2300000;0.9499980;0.9500000;
23.2310000;0.9499980;0.9500000;
23.2320000;0.9499980;0.9500000;
23.2330000;0.9499980;0.9500000;
23.2340000;0.9499980;0.9500000;
23.2350000;0.9499980;0.9500000;
23.2360000;0.9499980;0.9500000;
23.2370000;0.9499980;0.9500000;
23.2380000;0.9499980;0.9500000;
23.2390000;0.9499980;0.9500000;
23.2400000;0.9499980;0.9500000;
23.2410000;0.9499980;0.9500000;
23.2420000;0.9499980;0.9500000;
23.2430000;0.9499980;0.9500000;
23.2440000;0.9499980;0.9500000;
23.2450000;0.9499980;0.9500000;
23.2460000;0.9499980;0.9500000;
23.2470000;0.9499980;0.9500000;
23.2480000;0.9499980;0.9500000;
23.2490000;0.9499980;0.9500000;
23.2500000;0.9499980;0.9500000;
23.2510000;0.9499980;0.9500000;
23.2520000;0.9499980;0.9500000;
23.2530000;0.9499980;0.9500000;
23.2540000;0.9499980;0.9500000;
23.2550000;0.9499980;0.9500000;
23.2560000;0.9499980;0.9500000;
23.2570000;0.9499980;0.9500000;
23.2580000;0.9499980;0.9500000;
23.2590000;0.9499980;0.9500000;
23.2600000;0.9499980;0.9500000;
23.2610000;0.9499980;0.9500000;
23.2620000;0.9499980;0.9500000;
23.2630000;0.9499980;0.9500000;
23.2640000;0.9499980;0.9500000;
23.2650000;0.9499980;0.9500000;
23.2660000;0.9499980;0.9500000;
23.2670000;0.9499980;0.9500000;
23.2680000;0.9499980;0.9500000;
23.2690000;0.9499980;0.9500000;
23.2700000;0.9499980;0.9500000;
23.2710000;0.9499980;0.9500000;
23.2720000;0.9499980;0.9500000;
23.2730000;0.9499980;0.9500000;
23.2740000;0.9499980;0.9500000;
23.2750000;0.9499980;0.9500000;
23.2760000;0.9499980;0.9500000;
23.2770000;0.9499980;0.9500000;
23.2780000;0.9499980;0.9500000;
23.2790000;0.9499980;0.9500000;
23.2800000;0.9499980;0.9500000;
23.2810000;0.9499980;0.9500000;
23.2820000;0.9499980;0.9500000;
23.2830000;0.9499980;0.9500000;
23.2840000;0.9499980;0.9500000;
23.2850000;0.9499980;0.9500000;
23.2860000;0.9499980;0.9500000;
23.2870000;0.9499980;0.9500000;
23.2880000;0.9499980;0.9500000;
23.2890000;0.9499980;0.9500000;
23.2900000;0.9499980;0.9500000;
23.2910000;0.9499980;0.9500000;
23.2920000;0.9499980;0.9500000;
23.2930000;0.9499980;0.9500000;
23.2940000;0.9499980;0.9500000;
23.2950000;0.9499980;0.9500000;
23.2960000;0.9499980;0.9500000;
23.2970000;0.9499980;0.9500000;
23.2980000;0.9499980;0.9500000;
23.2990000;0.9499980;0.9500000;
23.3000000;0.9499980;0.9500000;
23.3010000;0.9499980;0.9500000;
23.3020000;0.9499980;0.9500000;
23.3030000;0.9499980;0.9500000;
23.3040000;0.9499980;0.9500000;
23.3050000;0.9499980;0.9500000;
23.3060000;0.9499980;0.9500000;
23.3070000;0.9499980;0.9500000;
23.3080000;0.9499980;0.9500000;
23.3090000;0.9499980;0.9500000;
23.3100000;0.9499980;0.9500000;
23.3110000;0.9499980;0.9500000;
23.3120000;0.9499980;0.9500000;
23.3130000;0.9499980;0.9500000;
23.3140000;0.9499980;0.9500000;
23.3150000;0.9499980;0.9500000;
23.3160000;0.9499980;0.9500000;
23.3170000;0.9499980;0.9500000;
23.3180000;0.9499980;0.9500000;
23.3190000;0.9499980;0.9500000;
23.3200000;0.9499980;0.9500000;
23.3210000;0.9499980;0.9500000;
23.3220000;0.9499980;0.9500000;
23.3230000;0.9499980;0.9500000;
23.3240000;0.9499980;0.9500000;
23.3250000;0.9499980;0.9500000;
23.3260000;0.9499980;0.9500000;
23.3270000;0.9499980;0.9500000;
23.3280000;0.9499980;0.9500000;
23.3290000;0.9499980;0.9500000;
23.3300000;0.9499980;0.9500000;
23.3310000;0.9499980;0.9500000;
23.3320000;0.9499980;0.9500000;
23.3330000;0.9499980;0.9500000;
23.3340000;0.9499980;0.9500000;
23.3350000;0.9499980;0.9500000;
23.3360000;0.9499980;0.9500000;
23.3370000;0.9499980;0.9500000;
23.3380000;0.9499980;0.9500000;
23.3390000;0.9499980;0.9500000;
23.3400000;0.9499980;0.9500000;
23.3410000;0.9499980;0.9500000;
23.3420000;0.9499980;0.9500000;
23.3430000;0.9499980;0.9500000;
23.3440000;0.9499980;0.9500000;
23.3450000;0.9499980;0.9500000;
23.3460000;0.9499980;0.9500000;
23.3470000;0.9499980;0.9500000;
23.3480000;0.9499980;0.9500000;
23.3490000;0.9499980;0.9500000;
23.3500000;0.9499980;0.9500000;
23.3510000;0.9499980;0.9500000;
23.3520000;0.9499980;0.9500000;
23.3530000;0.9499980;0.9500000;
23.3540000;0.9499980;0.9500000;
23.3550000;0.9499980;0.9500000;
23.3560000;0.9499980;0.9500000;
23.3570000;0.9499980;0.9500000;
23.3580000;0.9499980;0.9500000;
23.3590000;0.9499980;0.9500000;
23.3600000;0.9499980;0.9500000;
23.3610000;0.9499980;0.9500000;
23.3620000;0.9499980;0.9500000;
23.3630000;0.9499980;0.9500000;
23.3640000;0.9499980;0.9500000;
23.3650000;0.9499980;0.9500000;
23.3660000;0.9499980;0.9500000;
23.3670000;0.9499980;0.9500000;
23.3680000;0.9499980;0.9500000;
23.3690000;0.9499980;0.9500000;
23.3700000;0.9499980;0.9500000;
23.3710000;0.9499980;0.9500000;
23.3720000;0.9499980;0.9500000;
23.3730000;0.9499980;0.9500000;
23.3740000;0.9499980;0.9500000;
23.3750000;0.9499980;0.9500000;
23.3760000;0.9499980;0.9500000;
23.3770000;0.9499980;0.9500000;
23.3780000;0.9499980;0.9500000;
23.3790000;0.9499980;0.9500000;
23.3800000;0.9499980;0.9500000;
23.3810000;0.9499980;0.9500000;
23.3820000;0.9499980;0.9500000;
23.3830000;0.9499980;0.9500000;
23.3840000;0.9499980;0.9500000;
23.3850000;0.9499980;0.9500000;
23.3860000;0.9499980;0.9500000;
23.3870000;0.9499980;0.9500000;
23.3880000;0.9499980;0.9500000;
23.3890000;0.9499980;0.9500000;
23.3900000;0.9499980;0.9500000;
23.3910000;0.9499980;0.9500000;
23.3920000;0.9499980;0.9500000;
23.3930000;0.9499980;0.9500000;
23.3940000;0.9499980;0.9500000;
23.3950000;0.9499980;0.9500000;
23.3960000;0.9499980;0.9500000;
23.3970000;0.9499980;0.9500000;
23.3980000;0.9499980;0.9500000;
23.3990000;0.9499980;0.9500000;
23.4000000;0.9499980;0.9500000;
23.4010000;0.9499980;0.9500000;
23.4020000;0.9499980;0.9500000;
23.4030000;0.9499980;0.9500000;
23.4040000;0.9499980;0.9500000;
23.4050000;0.9499980;0.9500000;
23.4060000;0.9499980;0.9500000;
23.4070000;0.9499980;0.9500000;
23.4080000;0.9499980;0.9500000;
23.4090000;0.9499980;0.9500000;
23.4100000;0.9499980;0.9500000;
23.4110000;0.9499980;0.9500000;
23.4120000;0.9499980;0.9500000;
23.4130000;0.9499980;0.9500000;
23.4140000;0.9499980;0.9500000;
23.4150000;0.9499980;0.9500000;
23.4160000;0.9499980;0.9500000;
23.4170000;0.9499980;0.9500000;
23.4180000;0.9499980;0.9500000;
23.4190000;0.9499980;0.9500000;
23.4200000;0.9499980;0.9500000;
23.4210000;0.9499980;0.9500000;
23.4220000;0.9499980;0.9500000;
23.4230000;0.9499980;0.9500000;
23.4240000;0.9499980;0.9500000;
23.4250000;0.9499980;0.9500000;
23.4260000;0.9499980;0.9500000;
23.4270000;0.9499980;0.9500000;
23.4280000;0.9499980;0.9500000;
23.4290000;0.9499980;0.9500000;
23.4300000;0.9499980;0.9500000;
23.4310000;0.9499980;0.9500000;
23.4320000;0.9499980;0.9500000;
23.4330000;0.9499980;0.9500000;
23.4340000;0.9499980;0.9500000;
23.4350000;0.9499980;0.9500000;
23.4360000;0.9499980;0.9500000;
23.4370000;0.9499980;0.9500000;
23.4380000;0.9499980;0.9500000;
23.4390000;0.9499980;0.9500000;
23.4400000;0.9499980;0.9500000;
23.4410000;0.9499980;0.9500000;
23.4420000;0.9499980;0.9500000;
23.4430000;0.9499980;0.9500000;
23.4440000;0.9499980;0.9500000;
23.4450000;0.9499980;0.9500000;
23.4460000;0.9499980;0.9500000;
23.4470000;0.9499980;0.9500000;
23.4480000;0.9499980;0.9500000;
23.4490000;0.9499980;0.9500000;
23.4500000;0.9499980;0.9500000;
23.4510000;0.9499980;0.9500000;
23.4520000;0.9499980;0.9500000;
23.4530000;0.9499980;0.9500000;
23.4540000;0.9499980;0.9500000;
23.4550000;0.9499980;0.9500000;
23.4560000;0.9499980;0.9500000;
23.4570000;0.9499980;0.9500000;
23.4580000;0.9499980;0.9500000;
23.4590000;0.9499980;0.9500000;
23.4600000;0.9499980;0.9500000;
23.4610000;0.9499980;0.9500000;
23.4620000;0.9499980;0.9500000;
23.4630000;0.9499980;0.9500000;
23.4640000;0.9499980;0.9500000;
23.4650000;0.9499980;0.9500000;
23.4660000;0.9499980;0.9500000;
23.4670000;0.9499980;0.9500000;
23.4680000;0.9499980;0.9500000;
23.4690000;0.9499980;0.9500000;
23.4700000;0.9499980;0.9500000;
23.4710000;0.9499980;0.9500000;
23.4720000;0.9499980;0.9500000;
23.4730000;0.9499980;0.9500000;
23.4740000;0.9499980;0.9500000;
23.4750000;0.9499980;0.9500000;
23.4760000;0.9499980;0.9500000;
23.4770000;0.9499980;0.9500000;
23.4780000;0.9499980;0.9500000;
23.4790000;0.9499980;0.9500000;
23.4800000;0.9499980;0.9500000;
23.4810000;0.9499980;0.9500000;
23.4820000;0.9499980;0.9500000;
23.4830000;0.9499980;0.9500000;
23.4840000;0.9499980;0.9500000;
23.4850000;0.9499980;0.9500000;
23.4860000;0.9499980;0.9500000;
23.4870000;0.9499980;0.9500000;
23.4880000;0.9499980;0.9500000;
23.4890000;0.9499980;0.9500000;
23.4900000;0.9499980;0.9500000;
23.4910000;0.9499980;0.9500000;
23.4920000;0.9499980;0.9500000;
23.4930000;0.9499980;0.9500000;
23.4940000;0.9499980;0.9500000;
23.4950000;0.9499980;0.9500000;
23.4960000;0.9499980;0.9500000;
23.4970000;0.9499980;0.9500000;
23.4980000;0.9499980;0.9500000;
23.4990000;0.9499980;0.9500000;
23.5000000;0.9499980;0.9500000;
23.5010000;0.9499980;0.9500000;
23.5020000;0.9499980;0.9500000;
23.5030000;0.9499980;0.9500000;
23.5040000;0.9499980;0.9500000;
23.5050000;0.9499980;0.9500000;
23.5060000;0.9499980;0.9500000;
23.5070000;0.9499980;0.9500000;
23.5080000;0.9499980;0.9500000;
23.5090000;0.9499980;0.9500000;
23.5100000;0.9499980;0.9500000;
23.5110000;0.9499980;0.9500000;
23.5120000;0.9499980;0.9500000;
23.5130000;0.9499980;0.9500000;
23.5140000;0.9499980;0.9500000;
23.5150000;0.9499980;0.9500000;
23.5160000;0.9499980;0.9500000;
23.5170000;0.9499980;0.9500000;
23.5180000;0.9499980;0.9500000;
23.5190000;0.9499980;0.9500000;
23.5200000;0.9499980;0.9500000;
23.5210000;0.9499980;0.9500000;
23.5220000;0.9499980;0.9500000;
23.5230000;0.9499980;0.9500000;
23.5240000;0.9499980;0.9500000;
23.5250000;0.9499980;0.9500000;
23.5260000;0.9499980;0.9500000;
23.5270000;0.9499980;0.9500000;
23.5280000;0.9499980;0.9500000;
23.5290000;0.9499980;0.9500000;
23.5300000;0.9499980;0.9500000;
23.5310000;0.9499980;0.9500000;
23.5320000;0.9499980;0.9500000;
23.5330000;0.9499980;0.9500000;
23.5340000;0.9499980;0.9500000;
23.5350000;0.9499980;0.9500000;
23.5360000;0.9499980;0.9500000;
23.5370000;0.9499980;0.9500000;
23.5380000;0.9499980;0.9500000;
23.5390000;0.9499980;0.9500000;
23.5400000;0.9499980;0.9500000;
23.5410000;0.9499980;0.9500000;
23.5420000;0.9499980;0.9500000;
23.5430000;0.9499980;0.9500000;
23.5440000;0.9499980;0.9500000;
23.5450000;0.9499980;0.9500000;
23.5460000;0.9499980;0.9500000;
23.5470000;0.9499980;0.9500000;
23.5480000;0.9499980;0.9500000;
23.5490000;0.9499980;0.9500000;
23.5500000;0.9499980;0.9500000;
23.5510000;0.9499980;0.9500000;
23.5520000;0.9499980;0.9500000;
23.5530000;0.9499980;0.9500000;
23.5540000;0.9499980;0.9500000;
23.5550000;0.9499980;0.9500000;
23.5560000;0.9499980;0.9500000;
23.5570000;0.9499980;0.9500000;
23.5580000;0.9499980;0.9500000;
23.5590000;0.9499980;0.9500000;
23.5600000;0.9499980;0.9500000;
23.5610000;0.9499980;0.9500000;
23.5620000;0.9499980;0.9500000;
23.5630000;0.9499980;0.9500000;
23.5640000;0.9499980;0.9500000;
23.5650000;0.9499980;0.9500000;
23.5660000;0.9499980;0.9500000;
23.5670000;0.9499980;0.9500000;
23.5680000;0.9499980;0.9500000;
23.5690000;0.9499980;0.9500000;
23.5700000;0.9499980;0.9500000;
23.5710000;0.9499980;0.9500000;
23.5720000;0.9499980;0.9500000;
23.5730000;0.9499980;0.9500000;
23.5740000;0.9499980;0.9500000;
23.5750000;0.9499980;0.9500000;
23.5760000;0.9499980;0.9500000;
23.5770000;0.9499980;0.9500000;
23.5780000;0.9499980;0.9500000;
23.5790000;0.9499980;0.9500000;
23.5800000;0.9499980;0.9500000;
23.5810000;0.9499980;0.9500000;
23.5820000;0.9499980;0.9500000;
23.5830000;0.9499980;0.9500000;
23.5840000;0.9499980;0.9500000;
23.5850000;0.9499980;0.9500000;
23.5860000;0.9499980;0.9500000;
23.5870000;0.9499980;0.9500000;
23.5880000;0.9499980;0.9500000;
23.5890000;0.9499980;0.9500000;
23.5900000;0.9499980;0.9500000;
23.5910000;0.9499980;0.9500000;
23.5920000;0.9499980;0.9500000;
23.5930000;0.9499980;0.9500000;
23.5940000;0.9499980;0.9500000;
23.5950000;0.9499980;0.9500000;
23.5960000;0.9499980;0.9500000;
23.5970000;0.9499980;0.9500000;
23.5980000;0.9499980;0.9500000;
23.5990000;0.9499980;0.9500000;
23.6000000;0.9499980;0.9500000;
23.6010000;0.9499980;0.9500000;
23.6020000;0.9499980;0.9500000;
23.6030000;0.9499980;0.9500000;
23.6040000;0.9499980;0.9500000;
23.6050000;0.9499980;0.9500000;
23.6060000;0.9499980;0.9500000;
23.6070000;0.9499980;0.9500000;
23.6080000;0.9499980;0.9500000;
23.6090000;0.9499980;0.9500000;
23.6100000;0.9499980;0.9500000;
23.6110000;0.9499980;0.9500000;
23.6120000;0.9499980;0.9500000;
23.6130000;0.9499980;0.9500000;
23.6140000;0.9499980;0.9500000;
23.6150000;0.9499980;0.9500000;
23.6160000;0.9499980;0.9500000;
23.6170000;0.9499980;0.9500000;
23.6180000;0.9499980;0.9500000;
23.6190000;0.9499980;0.9500000;
23.6200000;0.9499980;0.9500000;
23.6210000;0.9499980;0.9500000;
23.6220000;0.9499980;0.9500000;
23.6230000;0.9499980;0.9500000;
23.6240000;0.9499980;0.9500000;
23.6250000;0.9499980;0.9500000;
23.6260000;0.9499980;0.9500000;
23.6270000;0.9499980;0.9500000;
23.6280000;0.9499980;0.9500000;
23.6290000;0.9499980;0.9500000;
23.6300000;0.9499980;0.9500000;
23.6310000;0.9499980;0.9500000;
23.6320000;0.9499980;0.9500000;
23.6330000;0.9499980;0.9500000;
23.6340000;0.9499980;0.9500000;
23.6350000;0.9499980;0.9500000;
23.6360000;0.9499980;0.9500000;
23.6370000;0.9499980;0.9500000;
23.6380000;0.9499980;0.9500000;
23.6390000;0.9499980;0.9500000;
23.6400000;0.9499980;0.9500000;
23.6410000;0.9499980;0.9500000;
23.6420000;0.9499980;0.9500000;
23.6430000;0.9499980;0.9500000;
23.6440000;0.9499980;0.9500000;
23.6450000;0.9499980;0.9500000;
23.6460000;0.9499980;0.9500000;
23.6470000;0.9499980;0.9500000;
23.6480000;0.9499980;0.9500000;
23.6490000;0.9499980;0.9500000;
23.6500000;0.9499980;0.9500000;
23.6510000;0.9499980;0.9500000;
23.6520000;0.9499980;0.9500000;
23.6530000;0.9499980;0.9500000;
23.6540000;0.9499980;0.9500000;
23.6550000;0.9499980;0.9500000;
23.6560000;0.9499980;0.9500000;
23.6570000;0.9499980;0.9500000;
23.6580000;0.9499980;0.9500000;
23.6590000;0.9499980;0.9500000;
23.6600000;0.9499980;0.9500000;
23.6610000;0.9499980;0.9500000;
23.6620000;0.9499980;0.9500000;
23.6630000;0.9499980;0.9500000;
23.6640000;0.9499980;0.9500000;
23.6650000;0.9499980;0.9500000;
23.6660000;0.9499980;0.9500000;
23.6670000;0.9499980;0.9500000;
23.6680000;0.9499980;0.9500000;
23.6690000;0.9499980;0.9500000;
23.6700000;0.9499980;0.9500000;
23.6710000;0.9499980;0.9500000;
23.6720000;0.9499980;0.9500000;
23.6730000;0.9499980;0.9500000;
23.6740000;0.9499980;0.9500000;
23.6750000;0.9499980;0.9500000;
23.6760000;0.9499980;0.9500000;
23.6770000;0.9499980;0.9500000;
23.6780000;0.9499980;0.9500000;
23.6790000;0.9499980;0.9500000;
23.6800000;0.9499980;0.9500000;
23.6810000;0.9499980;0.9500000;
23.6820000;0.9499980;0.9500000;
23.6830000;0.9499980;0.9500000;
23.6840000;0.9499980;0.9500000;
23.6850000;0.9499980;0.9500000;
23.6860000;0.9499980;0.9500000;
23.6870000;0.9499980;0.9500000;
23.6880000;0.9499980;0.9500000;
23.6890000;0.9499980;0.9500000;
23.6900000;0.9499980;0.9500000;
23.6910000;0.9499980;0.9500000;
23.6920000;0.9499980;0.9500000;
23.6930000;0.9499980;0.9500000;
23.6940000;0.9499980;0.9500000;
23.6950000;0.9499980;0.9500000;
23.6960000;0.9499980;0.9500000;
23.6970000;0.9499980;0.9500000;
23.6980000;0.9499980;0.9500000;
23.6990000;0.9499980;0.9500000;
23.7000000;0.9499980;0.9500000;
23.7010000;0.9499980;0.9500000;
23.7020000;0.9499980;0.9500000;
23.7030000;0.9499980;0.9500000;
23.7040000;0.9499980;0.9500000;
23.7050000;0.9499980;0.9500000;
23.7060000;0.9499980;0.9500000;
23.7070000;0.9499980;0.9500000;
23.7080000;0.9499980;0.9500000;
23.7090000;0.9499980;0.9500000;
23.7100000;0.9499980;0.9500000;
23.7110000;0.9499980;0.9500000;
23.7120000;0.9499980;0.9500000;
23.7130000;0.9499980;0.9500000;
23.7140000;0.9499980;0.9500000;
23.7150000;0.9499980;0.9500000;
23.7160000;0.9499980;0.9500000;
23.7170000;0.9499980;0.9500000;
23.7180000;0.9499980;0.9500000;
23.7190000;0.9499980;0.9500000;
23.7200000;0.9499980;0.9500000;
23.7210000;0.9499980;0.9500000;
23.7220000;0.9499980;0.9500000;
23.7230000;0.9499980;0.9500000;
23.7240000;0.9499980;0.9500000;
23.7250000;0.9499980;0.9500000;
23.7260000;0.9499980;0.9500000;
23.7270000;0.9499980;0.9500000;
23.7280000;0.9499980;0.9500000;
23.7290000;0.9499980;0.9500000;
23.7300000;0.9499980;0.9500000;
23.7310000;0.9499980;0.9500000;
23.7320000;0.9499980;0.9500000;
23.7330000;0.9499980;0.9500000;
23.7340000;0.9499980;0.9500000;
23.7350000;0.9499980;0.9500000;
23.7360000;0.9499980;0.9500000;
23.7370000;0.9499980;0.9500000;
23.7380000;0.9499980;0.9500000;
23.7390000;0.9499980;0.9500000;
23.7400000;0.9499980;0.9500000;
23.7410000;0.9499980;0.9500000;
23.7420000;0.9499980;0.9500000;
23.7430000;0.9499980;0.9500000;
23.7440000;0.9499980;0.9500000;
23.7450000;0.9499980;0.9500000;
23.7460000;0.9499980;0.9500000;
23.7470000;0.9499980;0.9500000;
23.7480000;0.9499980;0.9500000;
23.7490000;0.9499980;0.9500000;
23.7500000;0.9499980;0.9500000;
23.7510000;0.9499980;0.9500000;
23.7520000;0.9499980;0.9500000;
23.7530000;0.9499980;0.9500000;
23.7540000;0.9499980;0.9500000;
23.7550000;0.9499980;0.9500000;
23.7560000;0.9499980;0.9500000;
23.7570000;0.9499980;0.9500000;
23.7580000;0.9499980;0.9500000;
23.7590000;0.9499980;0.9500000;
23.7600000;0.9499980;0.9500000;
23.7610000;0.9499980;0.9500000;
23.7620000;0.9499980;0.9500000;
23.7630000;0.9499980;0.9500000;
23.7640000;0.9499980;0.9500000;
23.7650000;0.9499980;0.9500000;
23.7660000;0.9499980;0.9500000;
23.7670000;0.9499980;0.9500000;
23.7680000;0.9499980;0.9500000;
23.7690000;0.9499980;0.9500000;
23.7700000;0.9499980;0.9500000;
23.7710000;0.9499980;0.9500000;
23.7720000;0.9499980;0.9500000;
23.7730000;0.9499980;0.9500000;
23.7740000;0.9499980;0.9500000;
23.7750000;0.9499980;0.9500000;
23.7760000;0.9499980;0.9500000;
23.7770000;0.9499980;0.9500000;
23.7780000;0.9499980;0.9500000;
23.7790000;0.9499980;0.9500000;
23.7800000;0.9499980;0.9500000;
23.7810000;0.9499980;0.9500000;
23.7820000;0.9499980;0.9500000;
23.7830000;0.9499980;0.9500000;
23.7840000;0.9499980;0.9500000;
23.7850000;0.9499980;0.9500000;
23.7860000;0.9499980;0.9500000;
23.7870000;0.9499980;0.9500000;
23.7880000;0.9499980;0.9500000;
23.7890000;0.9499980;0.9500000;
23.7900000;0.9499980;0.9500000;
23.7910000;0.9499980;0.9500000;
23.7920000;0.9499980;0.9500000;
23.7930000;0.9499980;0.9500000;
23.7940000;0.9499980;0.9500000;
23.7950000;0.9499980;0.9500000;
23.7960000;0.9499980;0.9500000;
23.7970000;0.9499980;0.9500000;
23.7980000;0.9499980;0.9500000;
23.7990000;0.9499980;0.9500000;
23.8000000;0.9499980;0.9500000;
23.8010000;0.9499980;0.9500000;
23.8020000;0.9499980;0.9500000;
23.8030000;0.9499980;0.9500000;
23.8040000;0.9499980;0.9500000;
23.8050000;0.9499980;0.9500000;
23.8060000;0.9499980;0.9500000;
23.8070000;0.9499980;0.9500000;
23.8080000;0.9499980;0.9500000;
23.8090000;0.9499980;0.9500000;
23.8100000;0.9499980;0.9500000;
23.8110000;0.9499980;0.9500000;
23.8120000;0.9499980;0.9500000;
23.8130000;0.9499980;0.9500000;
23.8140000;0.9499980;0.9500000;
23.8150000;0.9499980;0.9500000;
23.8160000;0.9499980;0.9500000;
23.8170000;0.9499980;0.9500000;
23.8180000;0.9499980;0.9500000;
23.8190000;0.9499980;0.9500000;
23.8200000;0.9499980;0.9500000;
23.8210000;0.9499980;0.9500000;
23.8220000;0.9499980;0.9500000;
23.8230000;0.9499980;0.9500000;
23.8240000;0.9499980;0.9500000;
23.8250000;0.9499980;0.9500000;
23.8260000;0.9499980;0.9500000;
23.8270000;0.9499980;0.9500000;
23.8280000;0.9499980;0.9500000;
23.8290000;0.9499980;0.9500000;
23.8300000;0.9499980;0.9500000;
23.8310000;0.9499980;0.9500000;
23.8320000;0.9499980;0.9500000;
23.8330000;0.9499980;0.9500000;
23.8340000;0.9499980;0.9500000;
23.8350000;0.9499980;0.9500000;
23.8360000;0.9499980;0.9500000;
23.8370000;0.9499980;0.9500000;
23.8380000;0.9499980;0.9500000;
23.8390000;0.9499980;0.9500000;
23.8400000;0.9499980;0.9500000;
23.8410000;0.9499980;0.9500000;
23.8420000;0.9499980;0.9500000;
23.8430000;0.9499980;0.9500000;
23.8440000;0.9499980;0.9500000;
23.8450000;0.9499980;0.9500000;
23.8460000;0.9499980;0.9500000;
23.8470000;0.9499980;0.9500000;
23.8480000;0.9499980;0.9500000;
23.8490000;0.9499980;0.9500000;
23.8500000;0.9499980;0.9500000;
23.8510000;0.9499980;0.9500000;
23.8520000;0.9499980;0.9500000;
23.8530000;0.9499980;0.9500000;
23.8540000;0.9499980;0.9500000;
23.8550000;0.9499980;0.9500000;
23.8560000;0.9499980;0.9500000;
23.8570000;0.9499980;0.9500000;
23.8580000;0.9499980;0.9500000;
23.8590000;0.9499980;0.9500000;
23.8600000;0.9499980;0.9500000;
23.8610000;0.9499980;0.9500000;
23.8620000;0.9499980;0.9500000;
23.8630000;0.9499980;0.9500000;
23.8640000;0.9499980;0.9500000;
23.8650000;0.9499980;0.9500000;
23.8660000;0.9499980;0.9500000;
23.8670000;0.9499980;0.9500000;
23.8680000;0.9499980;0.9500000;
23.8690000;0.9499980;0.9500000;
23.8700000;0.9499980;0.9500000;
23.8710000;0.9499980;0.9500000;
23.8720000;0.9499980;0.9500000;
23.8730000;0.9499980;0.9500000;
23.8740000;0.9499980;0.9500000;
23.8750000;0.9499980;0.9500000;
23.8760000;0.9499980;0.9500000;
23.8770000;0.9499980;0.9500000;
23.8780000;0.9499980;0.9500000;
23.8790000;0.9499980;0.9500000;
23.8800000;0.9499980;0.9500000;
23.8810000;0.9499980;0.9500000;
23.8820000;0.9499980;0.9500000;
23.8830000;0.9499980;0.9500000;
23.8840000;0.9499980;0.9500000;
23.8850000;0.9499980;0.9500000;
23.8860000;0.9499980;0.9500000;
23.8870000;0.9499980;0.9500000;
23.8880000;0.9499980;0.9500000;
23.8890000;0.9499980;0.9500000;
23.8900000;0.9499980;0.9500000;
23.8910000;0.9499980;0.9500000;
23.8920000;0.9499980;0.9500000;
23.8930000;0.9499980;0.9500000;
23.8940000;0.9499980;0.9500000;
23.8950000;0.9499980;0.9500000;
23.8960000;0.9499980;0.9500000;
23.8970000;0.9499980;0.9500000;
23.8980000;0.9499980;0.9500000;
23.8990000;0.9499980;0.9500000;
23.9000000;0.9499980;0.9500000;
23.9010000;0.9499980;0.9500000;
23.9020000;0.9499980;0.9500000;
23.9030000;0.9499980;0.9500000;
23.9040000;0.9499980;0.9500000;
23.9050000;0.9499980;0.9500000;
23.9060000;0.9499980;0.9500000;
23.9070000;0.9499980;0.9500000;
23.9080000;0.9499980;0.9500000;
23.9090000;0.9499980;0.9500000;
23.9100000;0.9499980;0.9500000;
23.9110000;0.9499980;0.9500000;
23.9120000;0.9499980;0.9500000;
23.9130000;0.9499980;0.9500000;
23.9140000;0.9499980;0.9500000;
23.9150000;0.9499980;0.9500000;
23.9160000;0.9499980;0.9500000;
23.9170000;0.9499980;0.9500000;
23.9180000;0.9499980;0.9500000;
23.9190000;0.9499980;0.9500000;
23.9200000;0.9499980;0.9500000;
23.9210000;0.9499980;0.9500000;
23.9220000;0.9499980;0.9500000;
23.9230000;0.9499980;0.9500000;
23.9240000;0.9499980;0.9500000;
23.9250000;0.9499980;0.9500000;
23.9260000;0.9499980;0.9500000;
23.9270000;0.9499980;0.9500000;
23.9280000;0.9499980;0.9500000;
23.9290000;0.9499980;0.9500000;
23.9300000;0.9499980;0.9500000;
23.9310000;0.9499980;0.9500000;
23.9320000;0.9499980;0.9500000;
23.9330000;0.9499980;0.9500000;
23.9340000;0.9499980;0.9500000;
23.9350000;0.9499980;0.9500000;
23.9360000;0.9499980;0.9500000;
23.9370000;0.9499980;0.9500000;
23.9380000;0.9499980;0.9500000;
23.9390000;0.9499980;0.9500000;
23.9400000;0.9499980;0.9500000;
23.9410000;0.9499980;0.9500000;
23.9420000;0.9499980;0.9500000;
23.9430000;0.9499980;0.9500000;
23.9440000;0.9499980;0.9500000;
23.9450000;0.9499980;0.9500000;
23.9460000;0.9499980;0.9500000;
23.9470000;0.9499980;0.9500000;
23.9480000;0.9499980;0.9500000;
23.9490000;0.9499980;0.9500000;
23.9500000;0.9499980;0.9500000;
23.9510000;0.9499980;0.9500000;
23.9520000;0.9499980;0.9500000;
23.9530000;0.9499980;0.9500000;
23.9540000;0.9499980;0.9500000;
23.9550000;0.9499980;0.9500000;
23.9560000;0.9499980;0.9500000;
23.9570000;0.9499980;0.9500000;
23.9580000;0.9499980;0.9500000;
23.9590000;0.9499980;0.9500000;
23.9600000;0.9499980;0.9500000;
23.9610000;0.9499980;0.9500000;
23.9620000;0.9499980;0.9500000;
23.9630000;0.9499980;0.9500000;
23.9640000;0.9499980;0.9500000;
23.9650000;0.9499980;0.9500000;
23.9660000;0.9499980;0.9500000;
23.9670000;0.9499980;0.9500000;
23.9680000;0.9499980;0.9500000;
23.9690000;0.9499980;0.9500000;
23.9700000;0.9499980;0.9500000;
23.9710000;0.9499980;0.9500000;
23.9720000;0.9499980;0.9500000;
23.9730000;0.9499980;0.9500000;
23.9740000;0.9499980;0.9500000;
23.9750000;0.9499980;0.9500000;
23.9760000;0.9499980;0.9500000;
23.9770000;0.9499980;0.9500000;
23.9780000;0.9499980;0.9500000;
23.9790000;0.9499980;0.9500000;
23.9800000;0.9499980;0.9500000;
23.9810000;0.9499980;0.9500000;
23.9820000;0.9499980;0.9500000;
23.9830000;0.9499980;0.9500000;
23.9840000;0.9499980;0.9500000;
23.9850000;0.9499980;0.9500000;
23.9860000;0.9499980;0.9500000;
23.9870000;0.9499980;0.9500000;
23.9880000;0.9499980;0.9500000;
23.9890000;0.9499980;0.9500000;
23.9900000;0.9499980;0.9500000;
23.9910000;0.9499980;0.9500000;
23.9920000;0.9499980;0.9500000;
23.9930000;0.9499980;0.9500000;
23.9940000;0.9499980;0.9500000;
23.9950000;0.9499980;0.9500000;
23.9960000;0.9499980;0.9500000;
23.9970000;0.9499980;0.9500000;
23.9980000;0.9499980;0.9500000;
23.9990000;0.9499980;0.9500000;
24.0000000;0.9499980;0.9500000;
24.0010000;0.9499980;0.9500000;
24.0020000;0.9499980;0.9500000;
24.0030000;0.9499980;0.9500000;
24.0040000;0.9499980;0.9500000;
24.0050000;0.9499980;0.9500000;
24.0060000;0.9499980;0.9500000;
24.0070000;0.9499980;0.9500000;
24.0080000;0.9499980;0.9500000;
24.0090000;0.9499980;0.9500000;
24.0100000;0.9499980;0.9500000;
24.0110000;0.9499980;0.9500000;
24.0120000;0.9499980;0.9500000;
24.0130000;0.9499980;0.9500000;
24.0140000;0.9499980;0.9500000;
24.0150000;0.9499980;0.9500000;
24.0160000;0.9499980;0.9500000;
24.0170000;0.9499980;0.9500000;
24.0180000;0.9499980;0.9500000;
24.0190000;0.9499980;0.9500000;
24.0200000;0.9499980;0.9500000;
24.0210000;0.9499980;0.9500000;
24.0220000;0.9499980;0.9500000;
24.0230000;0.9499980;0.9500000;
24.0240000;0.9499980;0.9500000;
24.0250000;0.9499980;0.9500000;
24.0260000;0.9499980;0.9500000;
24.0270000;0.9499980;0.9500000;
24.0280000;0.9499980;0.9500000;
24.0290000;0.9499980;0.9500000;
24.0300000;0.9499980;0.9500000;
24.0310000;0.9499980;0.9500000;
24.0320000;0.9499980;0.9500000;
24.0330000;0.9499980;0.9500000;
24.0340000;0.9499980;0.9500000;
24.0350000;0.9499980;0.9500000;
24.0360000;0.9499980;0.9500000;
24.0370000;0.9499980;0.9500000;
24.0380000;0.9499980;0.9500000;
24.0390000;0.9499980;0.9500000;
24.0400000;0.9499980;0.9500000;
24.0410000;0.9499980;0.9500000;
24.0420000;0.9499980;0.9500000;
24.0430000;0.9499980;0.9500000;
24.0440000;0.9499980;0.9500000;
24.0450000;0.9499980;0.9500000;
24.0460000;0.9499980;0.9500000;
24.0470000;0.9499980;0.9500000;
24.0480000;0.9499980;0.9500000;
24.0490000;0.9499980;0.9500000;
24.0500000;0.9499980;0.9500000;
24.0510000;0.9499980;0.9500000;
24.0520000;0.9499980;0.9500000;
24.0530000;0.9499980;0.9500000;
24.0540000;0.9499980;0.9500000;
24.0550000;0.9499980;0.9500000;
24.0560000;0.9499980;0.9500000;
24.0570000;0.9499980;0.9500000;
24.0580000;0.9499980;0.9500000;
24.0590000;0.9499980;0.9500000;
24.0600000;0.9499980;0.9500000;
24.0610000;0.9499980;0.9500000;
24.0620000;0.9499980;0.9500000;
24.0630000;0.9499980;0.9500000;
24.0640000;0.9499980;0.9500000;
24.0650000;0.9499980;0.9500000;
24.0660000;0.9499980;0.9500000;
24.0670000;0.9499980;0.9500000;
24.0680000;0.9499980;0.9500000;
24.0690000;0.9499980;0.9500000;
24.0700000;0.9499980;0.9500000;
24.0710000;0.9499980;0.9500000;
24.0720000;0.9499980;0.9500000;
24.0730000;0.9499980;0.9500000;
24.0740000;0.9499980;0.9500000;
24.0750000;0.9499980;0.9500000;
24.0760000;0.9499980;0.9500000;
24.0770000;0.9499980;0.9500000;
24.0780000;0.9499980;0.9500000;
24.0790000;0.9499980;0.9500000;
24.0800000;0.9499980;0.9500000;
24.0810000;0.9499980;0.9500000;
24.0820000;0.9499980;0.9500000;
24.0830000;0.9499980;0.9500000;
24.0840000;0.9499980;0.9500000;
24.0850000;0.9499980;0.9500000;
24.0860000;0.9499980;0.9500000;
24.0870000;0.9499980;0.9500000;
24.0880000;0.9499980;0.9500000;
24.0890000;0.9499980;0.9500000;
24.0900000;0.9499980;0.9500000;
24.0910000;0.9499980;0.9500000;
24.0920000;0.9499980;0.9500000;
24.0930000;0.9499980;0.9500000;
24.0940000;0.9499980;0.9500000;
24.0950000;0.9499980;0.9500000;
24.0960000;0.9499980;0.9500000;
24.0970000;0.9499980;0.9500000;
24.0980000;0.9499980;0.9500000;
24.0990000;0.9499980;0.9500000;
24.1000000;0.9499980;0.9500000;
24.1010000;0.9499980;0.9500000;
24.1020000;0.9499980;0.9500000;
24.1030000;0.9499980;0.9500000;
24.1040000;0.9499980;0.9500000;
24.1050000;0.9499980;0.9500000;
24.1060000;0.9499980;0.9500000;
24.1070000;0.9499980;0.9500000;
24.1080000;0.9499980;0.9500000;
24.1090000;0.9499980;0.9500000;
24.1100000;0.9499980;0.9500000;
24.1110000;0.9499980;0.9500000;
24.1120000;0.9499980;0.9500000;
24.1130000;0.9499980;0.9500000;
24.1140000;0.9499980;0.9500000;
24.1150000;0.9499980;0.9500000;
24.1160000;0.9499980;0.9500000;
24.1170000;0.9499980;0.9500000;
24.1180000;0.9499980;0.9500000;
24.1190000;0.9499980;0.9500000;
24.1200000;0.9499980;0.9500000;
24.1210000;0.9499980;0.9500000;
24.1220000;0.9499980;0.9500000;
24.1230000;0.9499980;0.9500000;
24.1240000;0.9499980;0.9500000;
24.1250000;0.9499980;0.9500000;
24.1260000;0.9499980;0.9500000;
24.1270000;0.9499980;0.9500000;
24.1280000;0.9499980;0.9500000;
24.1290000;0.9499980;0.9500000;
24.1300000;0.9499980;0.9500000;
24.1310000;0.9499980;0.9500000;
24.1320000;0.9499980;0.9500000;
24.1330000;0.9499980;0.9500000;
24.1340000;0.9499980;0.9500000;
24.1350000;0.9499980;0.9500000;
24.1360000;0.9499980;0.9500000;
24.1370000;0.9499980;0.9500000;
24.1380000;0.9499980;0.9500000;
24.1390000;0.9499980;0.9500000;
24.1400000;0.9499980;0.9500000;
24.1410000;0.9499980;0.9500000;
24.1420000;0.9499980;0.9500000;
24.1430000;0.9499980;0.9500000;
24.1440000;0.9499980;0.9500000;
24.1450000;0.9499980;0.9500000;
24.1460000;0.9499980;0.9500000;
24.1470000;0.9499980;0.9500000;
24.1480000;0.9499980;0.9500000;
24.1490000;0.9499980;0.9500000;
24.1500000;0.9499980;0.9500000;
24.1510000;0.9499980;0.9500000;
24.1520000;0.9499980;0.9500000;
24.1530000;0.9499980;0.9500000;
24.1540000;0.9499980;0.9500000;
24.1550000;0.9499980;0.9500000;
24.1560000;0.9499980;0.9500000;
24.1570000;0.9499980;0.9500000;
24.1580000;0.9499980;0.9500000;
24.1590000;0.9499980;0.9500000;
24.1600000;0.9499980;0.9500000;
24.1610000;0.9499980;0.9500000;
24.1620000;0.9499980;0.9500000;
24.1630000;0.9499980;0.9500000;
24.1640000;0.9499980;0.9500000;
24.1650000;0.9499980;0.9500000;
24.1660000;0.9499980;0.9500000;
24.1670000;0.9499980;0.9500000;
24.1680000;0.9499980;0.9500000;
24.1690000;0.9499980;0.9500000;
24.1700000;0.9499980;0.9500000;
24.1710000;0.9499980;0.9500000;
24.1720000;0.9499980;0.9500000;
24.1730000;0.9499980;0.9500000;
24.1740000;0.9499980;0.9500000;
24.1750000;0.9499980;0.9500000;
24.1760000;0.9499980;0.9500000;
24.1770000;0.9499980;0.9500000;
24.1780000;0.9499980;0.9500000;
24.1790000;0.9499980;0.9500000;
24.1800000;0.9499980;0.9500000;
24.1810000;0.9499980;0.9500000;
24.1820000;0.9499980;0.9500000;
24.1830000;0.9499980;0.9500000;
24.1840000;0.9499980;0.9500000;
24.1850000;0.9499980;0.9500000;
24.1860000;0.9499980;0.9500000;
24.1870000;0.9499980;0.9500000;
24.1880000;0.9499980;0.9500000;
24.1890000;0.9499980;0.9500000;
24.1900000;0.9499980;0.9500000;
24.1910000;0.9499980;0.9500000;
24.1920000;0.9499980;0.9500000;
24.1930000;0.9499980;0.9500000;
24.1940000;0.9499980;0.9500000;
24.1950000;0.9499980;0.9500000;
24.1960000;0.9499980;0.9500000;
24.1970000;0.9499980;0.9500000;
24.1980000;0.9499980;0.9500000;
24.1990000;0.9499980;0.9500000;
24.2000000;0.9499980;0.9500000;
24.2010000;0.9499980;0.9500000;
24.2020000;0.9499980;0.9500000;
24.2030000;0.9499980;0.9500000;
24.2040000;0.9499980;0.9500000;
24.2050000;0.9499980;0.9500000;
24.2060000;0.9499980;0.9500000;
24.2070000;0.9499980;0.9500000;
24.2080000;0.9499980;0.9500000;
24.2090000;0.9499980;0.9500000;
24.2100000;0.9499980;0.9500000;
24.2110000;0.9499980;0.9500000;
24.2120000;0.9499980;0.9500000;
24.2130000;0.9499980;0.9500000;
24.2140000;0.9499980;0.9500000;
24.2150000;0.9499980;0.9500000;
24.2160000;0.9499980;0.9500000;
24.2170000;0.9499980;0.9500000;
24.2180000;0.9499980;0.9500000;
24.2190000;0.9499980;0.9500000;
24.2200000;0.9499980;0.9500000;
24.2210000;0.9499980;0.9500000;
24.2220000;0.9499980;0.9500000;
24.2230000;0.9499980;0.9500000;
24.2240000;0.9499980;0.9500000;
24.2250000;0.9499980;0.9500000;
24.2260000;0.9499980;0.9500000;
24.2270000;0.9499980;0.9500000;
24.2280000;0.9499980;0.9500000;
24.2290000;0.9499980;0.9500000;
24.2300000;0.9499980;0.9500000;
24.2310000;0.9499980;0.9500000;
24.2320000;0.9499980;0.9500000;
24.2330000;0.9499980;0.9500000;
24.2340000;0.9499980;0.9500000;
24.2350000;0.9499980;0.9500000;
24.2360000;0.9499980;0.9500000;
24.2370000;0.9499980;0.9500000;
24.2380000;0.9499980;0.9500000;
24.2390000;0.9499980;0.9500000;
24.2400000;0.9499980;0.9500000;
24.2410000;0.9499980;0.9500000;
24.2420000;0.9499980;0.9500000;
24.2430000;0.9499980;0.9500000;
24.2440000;0.9499980;0.9500000;
24.2450000;0.9499980;0.9500000;
24.2460000;0.9499980;0.9500000;
24.2470000;0.9499980;0.9500000;
24.2480000;0.9499980;0.9500000;
24.2490000;0.9499980;0.9500000;
24.2500000;0.9499980;0.9500000;
24.2510000;0.9499980;0.9500000;
24.2520000;0.9499980;0.9500000;
24.2530000;0.9499980;0.9500000;
24.2540000;0.9499980;0.9500000;
24.2550000;0.9499980;0.9500000;
24.2560000;0.9499980;0.9500000;
24.2570000;0.9499980;0.9500000;
24.2580000;0.9499980;0.9500000;
24.2590000;0.9499980;0.9500000;
24.2600000;0.9499980;0.9500000;
24.2610000;0.9499980;0.9500000;
24.2620000;0.9499980;0.9500000;
24.2630000;0.9499980;0.9500000;
24.2640000;0.9499980;0.9500000;
24.2650000;0.9499980;0.9500000;
24.2660000;0.9499980;0.9500000;
24.2670000;0.9499980;0.9500000;
24.2680000;0.9499980;0.9500000;
24.2690000;0.9499980;0.9500000;
24.2700000;0.9499980;0.9500000;
24.2710000;0.9499980;0.9500000;
24.2720000;0.9499980;0.9500000;
24.2730000;0.9499980;0.9500000;
24.2740000;0.9499980;0.9500000;
24.2750000;0.9499980;0.9500000;
24.2760000;0.9499980;0.9500000;
24.2770000;0.9499980;0.9500000;
24.2780000;0.9499980;0.9500000;
24.2790000;0.9499980;0.9500000;
24.2800000;0.9499980;0.9500000;
24.2810000;0.9499980;0.9500000;
24.2820000;0.9499980;0.9500000;
24.2830000;0.9499980;0.9500000;
24.2840000;0.9499980;0.9500000;
24.2850000;0.9499980;0.9500000;
24.2860000;0.9499980;0.9500000;
24.2870000;0.9499980;0.9500000;
24.2880000;0.9499980;0.9500000;
24.2890000;0.9499980;0.9500000;
24.2900000;0.9499980;0.9500000;
24.2910000;0.9499980;0.9500000;
24.2920000;0.9499980;0.9500000;
24.2930000;0.9499980;0.9500000;
24.2940000;0.9499980;0.9500000;
24.2950000;0.9499980;0.9500000;
24.2960000;0.9499980;0.9500000;
24.2970000;0.9499980;0.9500000;
24.2980000;0.9499980;0.9500000;
24.2990000;0.9499980;0.9500000;
24.3000000;0.9499980;0.9500000;
24.3010000;0.9499980;0.9500000;
24.3020000;0.9499980;0.9500000;
24.3030000;0.9499980;0.9500000;
24.3040000;0.9499980;0.9500000;
24.3050000;0.9499980;0.9500000;
24.3060000;0.9499980;0.9500000;
24.3070000;0.9499980;0.9500000;
24.3080000;0.9499980;0.9500000;
24.3090000;0.9499980;0.9500000;
24.3100000;0.9499980;0.9500000;
24.3110000;0.9499980;0.9500000;
24.3120000;0.9499980;0.9500000;
24.3130000;0.9499980;0.9500000;
24.3140000;0.9499980;0.9500000;
24.3150000;0.9499980;0.9500000;
24.3160000;0.9499980;0.9500000;
24.3170000;0.9499980;0.9500000;
24.3180000;0.9499980;0.9500000;
24.3190000;0.9499980;0.9500000;
24.3200000;0.9499980;0.9500000;
24.3210000;0.9499980;0.9500000;
24.3220000;0.9499980;0.9500000;
24.3230000;0.9499980;0.9500000;
24.3240000;0.9499980;0.9500000;
24.3250000;0.9499980;0.9500000;
24.3260000;0.9499980;0.9500000;
24.3270000;0.9499980;0.9500000;
24.3280000;0.9499980;0.9500000;
24.3290000;0.9499980;0.9500000;
24.3300000;0.9499980;0.9500000;
24.3310000;0.9499980;0.9500000;
24.3320000;0.9499980;0.9500000;
24.3330000;0.9499980;0.9500000;
24.3340000;0.9499980;0.9500000;
24.3350000;0.9499980;0.9500000;
24.3360000;0.9499980;0.9500000;
24.3370000;0.9499980;0.9500000;
24.3380000;0.9499980;0.9500000;
24.3390000;0.9499980;0.9500000;
24.3400000;0.9499980;0.9500000;
24.3410000;0.9499980;0.9500000;
24.3420000;0.9499980;0.9500000;
24.3430000;0.9499980;0.9500000;
24.3440000;0.9499980;0.9500000;
24.3450000;0.9499980;0.9500000;
24.3460000;0.9499980;0.9500000;
24.3470000;0.9499980;0.9500000;
24.3480000;0.9499980;0.9500000;
24.3490000;0.9499980;0.9500000;
24.3500000;0.9499980;0.9500000;
24.3510000;0.9499980;0.9500000;
24.3520000;0.9499980;0.9500000;
24.3530000;0.9499980;0.9500000;
24.3540000;0.9499980;0.9500000;
24.3550000;0.9499980;0.9500000;
24.3560000;0.9499980;0.9500000;
24.3570000;0.9499980;0.9500000;
24.3580000;0.9499980;0.9500000;
24.3590000;0.9499980;0.9500000;
24.3600000;0.9499980;0.9500000;
24.3610000;0.9499980;0.9500000;
24.3620000;0.9499980;0.9500000;
24.3630000;0.9499980;0.9500000;
24.3640000;0.9499980;0.9500000;
24.3650000;0.9499980;0.9500000;
24.3660000;0.9499980;0.9500000;
24.3670000;0.9499980;0.9500000;
24.3680000;0.9499980;0.9500000;
24.3690000;0.9499980;0.9500000;
24.3700000;0.9499980;0.9500000;
24.3710000;0.9499980;0.9500000;
24.3720000;0.9499980;0.9500000;
24.3730000;0.9499980;0.9500000;
24.3740000;0.9499980;0.9500000;
24.3750000;0.9499980;0.9500000;
24.3760000;0.9499980;0.9500000;
24.3770000;0.9499980;0.9500000;
24.3780000;0.9499980;0.9500000;
24.3790000;0.9499980;0.9500000;
24.3800000;0.9499980;0.9500000;
24.3810000;0.9499980;0.9500000;
24.3820000;0.9499980;0.9500000;
24.3830000;0.9499980;0.9500000;
24.3840000;0.9499980;0.9500000;
24.3850000;0.9499980;0.9500000;
24.3860000;0.9499980;0.9500000;
24.3870000;0.9499980;0.9500000;
24.3880000;0.9499980;0.9500000;
24.3890000;0.9499980;0.9500000;
24.3900000;0.9499980;0.9500000;
24.3910000;0.9499980;0.9500000;
24.3920000;0.9499980;0.9500000;
24.3930000;0.9499980;0.9500000;
24.3940000;0.9499980;0.9500000;
24.3950000;0.9499980;0.9500000;
24.3960000;0.9499980;0.9500000;
24.3970000;0.9499980;0.9500000;
24.3980000;0.9499980;0.9500000;
24.3990000;0.9499980;0.9500000;
24.4000000;0.9499980;0.9500000;
24.4010000;0.9499980;0.9500000;
24.4020000;0.9499980;0.9500000;
24.4030000;0.9499980;0.9500000;
24.4040000;0.9499980;0.9500000;
24.4050000;0.9499980;0.9500000;
24.4060000;0.9499980;0.9500000;
24.4070000;0.9499980;0.9500000;
24.4080000;0.9499980;0.9500000;
24.4090000;0.9499980;0.9500000;
24.4100000;0.9499980;0.9500000;
24.4110000;0.9499980;0.9500000;
24.4120000;0.9499980;0.9500000;
24.4130000;0.9499980;0.9500000;
24.4140000;0.9499980;0.9500000;
24.4150000;0.9499980;0.9500000;
24.4160000;0.9499980;0.9500000;
24.4170000;0.9499980;0.9500000;
24.4180000;0.9499980;0.9500000;
24.4190000;0.9499980;0.9500000;
24.4200000;0.9499980;0.9500000;
24.4210000;0.9499980;0.9500000;
24.4220000;0.9499980;0.9500000;
24.4230000;0.9499980;0.9500000;
24.4240000;0.9499980;0.9500000;
24.4250000;0.9499980;0.9500000;
24.4260000;0.9499980;0.9500000;
24.4270000;0.9499980;0.9500000;
24.4280000;0.9499980;0.9500000;
24.4290000;0.9499980;0.9500000;
24.4300000;0.9499980;0.9500000;
24.4310000;0.9499980;0.9500000;
24.4320000;0.9499980;0.9500000;
24.4330000;0.9499980;0.9500000;
24.4340000;0.9499980;0.9500000;
24.4350000;0.9499980;0.9500000;
24.4360000;0.9499980;0.9500000;
24.4370000;0.9499980;0.9500000;
24.4380000;0.9499980;0.9500000;
24.4390000;0.9499980;0.9500000;
24.4400000;0.9499980;0.9500000;
24.4410000;0.9499980;0.9500000;
24.4420000;0.9499980;0.9500000;
24.4430000;0.9499980;0.9500000;
24.4440000;0.9499980;0.9500000;
24.4450000;0.9499980;0.9500000;
24.4460000;0.9499980;0.9500000;
24.4470000;0.9499980;0.9500000;
24.4480000;0.9499980;0.9500000;
24.4490000;0.9499980;0.9500000;
24.4500000;0.9499980;0.9500000;
24.4510000;0.9499980;0.9500000;
24.4520000;0.9499980;0.9500000;
24.4530000;0.9499980;0.9500000;
24.4540000;0.9499980;0.9500000;
24.4550000;0.9499980;0.9500000;
24.4560000;0.9499980;0.9500000;
24.4570000;0.9499980;0.9500000;
24.4580000;0.9499980;0.9500000;
24.4590000;0.9499980;0.9500000;
24.4600000;0.9499980;0.9500000;
24.4610000;0.9499980;0.9500000;
24.4620000;0.9499980;0.9500000;
24.4630000;0.9499980;0.9500000;
24.4640000;0.9499980;0.9500000;
24.4650000;0.9499980;0.9500000;
24.4660000;0.9499980;0.9500000;
24.4670000;0.9499980;0.9500000;
24.4680000;0.9499980;0.9500000;
24.4690000;0.9499980;0.9500000;
24.4700000;0.9499980;0.9500000;
24.4710000;0.9499980;0.9500000;
24.4720000;0.9499980;0.9500000;
24.4730000;0.9499980;0.9500000;
24.4740000;0.9499980;0.9500000;
24.4750000;0.9499980;0.9500000;
24.4760000;0.9499980;0.9500000;
24.4770000;0.9499980;0.9500000;
24.4780000;0.9499980;0.9500000;
24.4790000;0.9499980;0.9500000;
24.4800000;0.9499980;0.9500000;
24.4810000;0.9499980;0.9500000;
24.4820000;0.9499980;0.9500000;
24.4830000;0.9499980;0.9500000;
24.4840000;0.9499980;0.9500000;
24.4850000;0.9499980;0.9500000;
24.4860000;0.9499980;0.9500000;
24.4870000;0.9499980;0.9500000;
24.4880000;0.9499980;0.9500000;
24.4890000;0.9499980;0.9500000;
24.4900000;0.9499980;0.9500000;
24.4910000;0.9499980;0.9500000;
24.4920000;0.9499980;0.9500000;
24.4930000;0.9499980;0.9500000;
24.4940000;0.9499980;0.9500000;
24.4950000;0.9499980;0.9500000;
24.4960000;0.9499980;0.9500000;
24.4970000;0.9499980;0.9500000;
24.4980000;0.9499980;0.9500000;
24.4990000;0.9499980;0.9500000;
24.5000000;0.9499980;0.9500000;
24.5010000;0.9499980;0.9500000;
24.5020000;0.9499980;0.9500000;
24.5030000;0.9499980;0.9500000;
24.5040000;0.9499980;0.9500000;
24.5050000;0.9499980;0.9500000;
24.5060000;0.9499980;0.9500000;
24.5070000;0.9499980;0.9500000;
24.5080000;0.9499980;0.9500000;
24.5090000;0.9499980;0.9500000;
24.5100000;0.9499980;0.9500000;
24.5110000;0.9499980;0.9500000;
24.5120000;0.9499980;0.9500000;
24.5130000;0.9499980;0.9500000;
24.5140000;0.9499980;0.9500000;
24.5150000;0.9499980;0.9500000;
24.5160000;0.9499980;0.9500000;
24.5170000;0.9499980;0.9500000;
24.5180000;0.9499980;0.9500000;
24.5190000;0.9499980;0.9500000;
24.5200000;0.9499980;0.9500000;
24.5210000;0.9499980;0.9500000;
24.5220000;0.9499980;0.9500000;
24.5230000;0.9499980;0.9500000;
24.5240000;0.9499980;0.9500000;
24.5250000;0.9499980;0.9500000;
24.5260000;0.9499980;0.9500000;
24.5270000;0.9499980;0.9500000;
24.5280000;0.9499980;0.9500000;
24.5290000;0.9499980;0.9500000;
24.5300000;0.9499980;0.9500000;
24.5310000;0.9499980;0.9500000;
24.5320000;0.9499980;0.9500000;
24.5330000;0.9499980;0.9500000;
24.5340000;0.9499980;0.9500000;
24.5350000;0.9499980;0.9500000;
24.5360000;0.9499980;0.9500000;
24.5370000;0.9499980;0.9500000;
24.5380000;0.9499980;0.9500000;
24.5390000;0.9499980;0.9500000;
24.5400000;0.9499980;0.9500000;
24.5410000;0.9499980;0.9500000;
24.5420000;0.9499980;0.9500000;
24.5430000;0.9499980;0.9500000;
24.5440000;0.9499980;0.9500000;
24.5450000;0.9499980;0.9500000;
24.5460000;0.9499980;0.9500000;
24.5470000;0.9499980;0.9500000;
24.5480000;0.9499980;0.9500000;
24.5490000;0.9499980;0.9500000;
24.5500000;0.9499980;0.9500000;
24.5510000;0.9499980;0.9500000;
24.5520000;0.9499980;0.9500000;
24.5530000;0.9499980;0.9500000;
24.5540000;0.9499980;0.9500000;
24.5550000;0.9499980;0.9500000;
24.5560000;0.9499980;0.9500000;
24.5570000;0.9499980;0.9500000;
24.5580000;0.9499980;0.9500000;
24.5590000;0.9499980;0.9500000;
24.5600000;0.9499980;0.9500000;
24.5610000;0.9499980;0.9500000;
24.5620000;0.9499980;0.9500000;
24.5630000;0.9499980;0.9500000;
24.5640000;0.9499980;0.9500000;
24.5650000;0.9499980;0.9500000;
24.5660000;0.9499980;0.9500000;
24.5670000;0.9499980;0.9500000;
24.5680000;0.9499980;0.9500000;
24.5690000;0.9499980;0.9500000;
24.5700000;0.9499980;0.9500000;
24.5710000;0.9499980;0.9500000;
24.5720000;0.9499980;0.9500000;
24.5730000;0.9499980;0.9500000;
24.5740000;0.9499980;0.9500000;
24.5750000;0.9499980;0.9500000;
24.5760000;0.9499980;0.9500000;
24.5770000;0.9499980;0.9500000;
24.5780000;0.9499980;0.9500000;
24.5790000;0.9499980;0.9500000;
24.5800000;0.9499980;0.9500000;
24.5810000;0.9499980;0.9500000;
24.5820000;0.9499980;0.9500000;
24.5830000;0.9499980;0.9500000;
24.5840000;0.9499980;0.9500000;
24.5850000;0.9499980;0.9500000;
24.5860000;0.9499980;0.9500000;
24.5870000;0.9499980;0.9500000;
24.5880000;0.9499980;0.9500000;
24.5890000;0.9499980;0.9500000;
24.5900000;0.9499980;0.9500000;
24.5910000;0.9499980;0.9500000;
24.5920000;0.9499980;0.9500000;
24.5930000;0.9499980;0.9500000;
24.5940000;0.9499980;0.9500000;
24.5950000;0.9499980;0.9500000;
24.5960000;0.9499980;0.9500000;
24.5970000;0.9499980;0.9500000;
24.5980000;0.9499980;0.9500000;
24.5990000;0.9499980;0.9500000;
24.6000000;0.9499980;0.9500000;
24.6010000;0.9499980;0.9500000;
24.6020000;0.9499980;0.9500000;
24.6030000;0.9499980;0.9500000;
24.6040000;0.9499980;0.9500000;
24.6050000;0.9499980;0.9500000;
24.6060000;0.9499980;0.9500000;
24.6070000;0.9499980;0.9500000;
24.6080000;0.9499980;0.9500000;
24.6090000;0.9499980;0.9500000;
24.6100000;0.9499980;0.9500000;
24.6110000;0.9499980;0.9500000;
24.6120000;0.9499980;0.9500000;
24.6130000;0.9499980;0.9500000;
24.6140000;0.9499980;0.9500000;
24.6150000;0.9499980;0.9500000;
24.6160000;0.9499980;0.9500000;
24.6170000;0.9499980;0.9500000;
24.6180000;0.9499980;0.9500000;
24.6190000;0.9499980;0.9500000;
24.6200000;0.9499980;0.9500000;
24.6210000;0.9499980;0.9500000;
24.6220000;0.9499980;0.9500000;
24.6230000;0.9499980;0.9500000;
24.6240000;0.9499980;0.9500000;
24.6250000;0.9499980;0.9500000;
24.6260000;0.9499980;0.9500000;
24.6270000;0.9499980;0.9500000;
24.6280000;0.9499980;0.9500000;
24.6290000;0.9499980;0.9500000;
24.6300000;0.9499980;0.9500000;
24.6310000;0.9499980;0.9500000;
24.6320000;0.9499980;0.9500000;
24.6330000;0.9499980;0.9500000;
24.6340000;0.9499980;0.9500000;
24.6350000;0.9499980;0.9500000;
24.6360000;0.9499980;0.9500000;
24.6370000;0.9499980;0.9500000;
24.6380000;0.9499980;0.9500000;
24.6390000;0.9499980;0.9500000;
24.6400000;0.9499980;0.9500000;
24.6410000;0.9499980;0.9500000;
24.6420000;0.9499980;0.9500000;
24.6430000;0.9499980;0.9500000;
24.6440000;0.9499980;0.9500000;
24.6450000;0.9499980;0.9500000;
24.6460000;0.9499980;0.9500000;
24.6470000;0.9499980;0.9500000;
24.6480000;0.9499980;0.9500000;
24.6490000;0.9499980;0.9500000;
24.6500000;0.9499980;0.9500000;
24.6510000;0.9499980;0.9500000;
24.6520000;0.9499980;0.9500000;
24.6530000;0.9499980;0.9500000;
24.6540000;0.9499980;0.9500000;
24.6550000;0.9499980;0.9500000;
24.6560000;0.9499980;0.9500000;
24.6570000;0.9499980;0.9500000;
24.6580000;0.9499980;0.9500000;
24.6590000;0.9499980;0.9500000;
24.6600000;0.9499980;0.9500000;
24.6610000;0.9499980;0.9500000;
24.6620000;0.9499980;0.9500000;
24.6630000;0.9499980;0.9500000;
24.6640000;0.9499980;0.9500000;
24.6650000;0.9499980;0.9500000;
24.6660000;0.9499980;0.9500000;
24.6670000;0.9499980;0.9500000;
24.6680000;0.9499980;0.9500000;
24.6690000;0.9499980;0.9500000;
24.6700000;0.9499980;0.9500000;
24.6710000;0.9499980;0.9500000;
24.6720000;0.9499980;0.9500000;
24.6730000;0.9499980;0.9500000;
24.6740000;0.9499980;0.9500000;
24.6750000;0.9499980;0.9500000;
24.6760000;0.9499980;0.9500000;
24.6770000;0.9499980;0.9500000;
24.6780000;0.9499980;0.9500000;
24.6790000;0.9499980;0.9500000;
24.6800000;0.9499980;0.9500000;
24.6810000;0.9499980;0.9500000;
24.6820000;0.9499980;0.9500000;
24.6830000;0.9499980;0.9500000;
24.6840000;0.9499980;0.9500000;
24.6850000;0.9499980;0.9500000;
24.6860000;0.9499980;0.9500000;
24.6870000;0.9499980;0.9500000;
24.6880000;0.9499980;0.9500000;
24.6890000;0.9499980;0.9500000;
24.6900000;0.9499980;0.9500000;
24.6910000;0.9499980;0.9500000;
24.6920000;0.9499980;0.9500000;
24.6930000;0.9499980;0.9500000;
24.6940000;0.9499980;0.9500000;
24.6950000;0.9499980;0.9500000;
24.6960000;0.9499980;0.9500000;
24.6970000;0.9499980;0.9500000;
24.6980000;0.9499980;0.9500000;
24.6990000;0.9499980;0.9500000;
24.7000000;0.9499980;0.9500000;
24.7010000;0.9499980;0.9500000;
24.7020000;0.9499980;0.9500000;
24.7030000;0.9499980;0.9500000;
24.7040000;0.9499980;0.9500000;
24.7050000;0.9499980;0.9500000;
24.7060000;0.9499980;0.9500000;
24.7070000;0.9499980;0.9500000;
24.7080000;0.9499980;0.9500000;
24.7090000;0.9499980;0.9500000;
24.7100000;0.9499980;0.9500000;
24.7110000;0.9499980;0.9500000;
24.7120000;0.9499980;0.9500000;
24.7130000;0.9499980;0.9500000;
24.7140000;0.9499980;0.9500000;
24.7150000;0.9499980;0.9500000;
24.7160000;0.9499980;0.9500000;
24.7170000;0.9499980;0.9500000;
24.7180000;0.9499980;0.9500000;
24.7190000;0.9499980;0.9500000;
24.7200000;0.9499980;0.9500000;
24.7210000;0.9499980;0.9500000;
24.7220000;0.9499980;0.9500000;
24.7230000;0.9499980;0.9500000;
24.7240000;0.9499980;0.9500000;
24.7250000;0.9499980;0.9500000;
24.7260000;0.9499980;0.9500000;
24.7270000;0.9499980;0.9500000;
24.7280000;0.9499980;0.9500000;
24.7290000;0.9499980;0.9500000;
24.7300000;0.9499980;0.9500000;
24.7310000;0.9499980;0.9500000;
24.7320000;0.9499980;0.9500000;
24.7330000;0.9499980;0.9500000;
24.7340000;0.9499980;0.9500000;
24.7350000;0.9499980;0.9500000;
24.7360000;0.9499980;0.9500000;
24.7370000;0.9499980;0.9500000;
24.7380000;0.9499980;0.9500000;
24.7390000;0.9499980;0.9500000;
24.7400000;0.9499980;0.9500000;
24.7410000;0.9499980;0.9500000;
24.7420000;0.9499980;0.9500000;
24.7430000;0.9499980;0.9500000;
24.7440000;0.9499980;0.9500000;
24.7450000;0.9499980;0.9500000;
24.7460000;0.9499980;0.9500000;
24.7470000;0.9499980;0.9500000;
24.7480000;0.9499980;0.9500000;
24.7490000;0.9499980;0.9500000;
24.7500000;0.9499980;0.9500000;
24.7510000;0.9499980;0.9500000;
24.7520000;0.9499980;0.9500000;
24.7530000;0.9499980;0.9500000;
24.7540000;0.9499980;0.9500000;
24.7550000;0.9499980;0.9500000;
24.7560000;0.9499980;0.9500000;
24.7570000;0.9499980;0.9500000;
24.7580000;0.9499980;0.9500000;
24.7590000;0.9499980;0.9500000;
24.7600000;0.9499980;0.9500000;
24.7610000;0.9499980;0.9500000;
24.7620000;0.9499980;0.9500000;
24.7630000;0.9499980;0.9500000;
24.7640000;0.9499980;0.9500000;
24.7650000;0.9499980;0.9500000;
24.7660000;0.9499980;0.9500000;
24.7670000;0.9499980;0.9500000;
24.7680000;0.9499980;0.9500000;
24.7690000;0.9499980;0.9500000;
24.7700000;0.9499980;0.9500000;
24.7710000;0.9499980;0.9500000;
24.7720000;0.9499980;0.9500000;
24.7730000;0.9499980;0.9500000;
24.7740000;0.9499980;0.9500000;
24.7750000;0.9499980;0.9500000;
24.7760000;0.9499980;0.9500000;
24.7770000;0.9499980;0.9500000;
24.7780000;0.9499980;0.9500000;
24.7790000;0.9499980;0.9500000;
24.7800000;0.9499980;0.9500000;
24.7810000;0.9499980;0.9500000;
24.7820000;0.9499980;0.9500000;
24.7830000;0.9499980;0.9500000;
24.7840000;0.9499980;0.9500000;
24.7850000;0.9499980;0.9500000;
24.7860000;0.9499980;0.9500000;
24.7870000;0.9499980;0.9500000;
24.7880000;0.9499980;0.9500000;
24.7890000;0.9499980;0.9500000;
24.7900000;0.9499980;0.9500000;
24.7910000;0.9499980;0.9500000;
24.7920000;0.9499980;0.9500000;
24.7930000;0.9499980;0.9500000;
24.7940000;0.9499980;0.9500000;
24.7950000;0.9499980;0.9500000;
24.7960000;0.9499980;0.9500000;
24.7970000;0.9499980;0.9500000;
24.7980000;0.9499980;0.9500000;
24.7990000;0.9499980;0.9500000;
24.8000000;0.9499980;0.9500000;
24.8010000;0.9499980;0.9500000;
24.8020000;0.9499980;0.9500000;
24.8030000;0.9499980;0.9500000;
24.8040000;0.9499980;0.9500000;
24.8050000;0.9499980;0.9500000;
24.8060000;0.9499980;0.9500000;
24.8070000;0.9499980;0.9500000;
24.8080000;0.9499980;0.9500000;
24.8090000;0.9499980;0.9500000;
24.8100000;0.9499980;0.9500000;
24.8110000;0.9499980;0.9500000;
24.8120000;0.9499980;0.9500000;
24.8130000;0.9499980;0.9500000;
24.8140000;0.9499980;0.9500000;
24.8150000;0.9499980;0.9500000;
24.8160000;0.9499980;0.9500000;
24.8170000;0.9499980;0.9500000;
24.8180000;0.9499980;0.9500000;
24.8190000;0.9499980;0.9500000;
24.8200000;0.9499980;0.9500000;
24.8210000;0.9499980;0.9500000;
24.8220000;0.9499980;0.9500000;
24.8230000;0.9499980;0.9500000;
24.8240000;0.9499980;0.9500000;
24.8250000;0.9499980;0.9500000;
24.8260000;0.9499980;0.9500000;
24.8270000;0.9499980;0.9500000;
24.8280000;0.9499980;0.9500000;
24.8290000;0.9499980;0.9500000;
24.8300000;0.9499980;0.9500000;
24.8310000;0.9499980;0.9500000;
24.8320000;0.9499980;0.9500000;
24.8330000;0.9499980;0.9500000;
24.8340000;0.9499980;0.9500000;
24.8350000;0.9499980;0.9500000;
24.8360000;0.9499980;0.9500000;
24.8370000;0.9499980;0.9500000;
24.8380000;0.9499980;0.9500000;
24.8390000;0.9499980;0.9500000;
24.8400000;0.9499980;0.9500000;
24.8410000;0.9499980;0.9500000;
24.8420000;0.9499980;0.9500000;
24.8430000;0.9499980;0.9500000;
24.8440000;0.9499980;0.9500000;
24.8450000;0.9499980;0.9500000;
24.8460000;0.9499980;0.9500000;
24.8470000;0.9499980;0.9500000;
24.8480000;0.9499980;0.9500000;
24.8490000;0.9499980;0.9500000;
24.8500000;0.9499980;0.9500000;
24.8510000;0.9499980;0.9500000;
24.8520000;0.9499980;0.9500000;
24.8530000;0.9499980;0.9500000;
24.8540000;0.9499980;0.9500000;
24.8550000;0.9499980;0.9500000;
24.8560000;0.9499980;0.9500000;
24.8570000;0.9499980;0.9500000;
24.8580000;0.9499980;0.9500000;
24.8590000;0.9499980;0.9500000;
24.8600000;0.9499980;0.9500000;
24.8610000;0.9499980;0.9500000;
24.8620000;0.9499980;0.9500000;
24.8630000;0.9499980;0.9500000;
24.8640000;0.9499980;0.9500000;
24.8650000;0.9499980;0.9500000;
24.8660000;0.9499980;0.9500000;
24.8670000;0.9499980;0.9500000;
24.8680000;0.9499980;0.9500000;
24.8690000;0.9499980;0.9500000;
24.8700000;0.9499980;0.9500000;
24.8710000;0.9499980;0.9500000;
24.8720000;0.9499980;0.9500000;
24.8730000;0.9499980;0.9500000;
24.8740000;0.9499980;0.9500000;
24.8750000;0.9499980;0.9500000;
24.8760000;0.9499980;0.9500000;
24.8770000;0.9499980;0.9500000;
24.8780000;0.9499980;0.9500000;
24.8790000;0.9499980;0.9500000;
24.8800000;0.9499980;0.9500000;
24.8810000;0.9499980;0.9500000;
24.8820000;0.9499980;0.9500000;
24.8830000;0.9499980;0.9500000;
24.8840000;0.9499980;0.9500000;
24.8850000;0.9499980;0.9500000;
24.8860000;0.9499980;0.9500000;
24.8870000;0.9499980;0.9500000;
24.8880000;0.9499980;0.9500000;
24.8890000;0.9499980;0.9500000;
24.8900000;0.9499980;0.9500000;
24.8910000;0.9499980;0.9500000;
24.8920000;0.9499980;0.9500000;
24.8930000;0.9499980;0.9500000;
24.8940000;0.9499980;0.9500000;
24.8950000;0.9499980;0.9500000;
24.8960000;0.9499980;0.9500000;
24.8970000;0.9499980;0.9500000;
24.8980000;0.9499980;0.9500000;
24.8990000;0.9499980;0.9500000;
24.9000000;0.9499980;0.9500000;
24.9010000;0.9499980;0.9500000;
24.9020000;0.9499980;0.9500000;
24.9030000;0.9499980;0.9500000;
24.9040000;0.9499980;0.9500000;
24.9050000;0.9499980;0.9500000;
24.9060000;0.9499980;0.9500000;
24.9070000;0.9499980;0.9500000;
24.9080000;0.9499980;0.9500000;
24.9090000;0.9499980;0.9500000;
24.9100000;0.9499980;0.9500000;
24.9110000;0.9499980;0.9500000;
24.9120000;0.9499980;0.9500000;
24.9130000;0.9499980;0.9500000;
24.9140000;0.9499980;0.9500000;
24.9150000;0.9499980;0.9500000;
24.9160000;0.9499980;0.9500000;
24.9170000;0.9499980;0.9500000;
24.9180000;0.9499980;0.9500000;
24.9190000;0.9499980;0.9500000;
24.9200000;0.9499980;0.9500000;
24.9210000;0.9499980;0.9500000;
24.9220000;0.9499980;0.9500000;
24.9230000;0.9499980;0.9500000;
24.9240000;0.9499980;0.9500000;
24.9250000;0.9499980;0.9500000;
24.9260000;0.9499980;0.9500000;
24.9270000;0.9499980;0.9500000;
24.9280000;0.9499980;0.9500000;
24.9290000;0.9499980;0.9500000;
24.9300000;0.9499980;0.9500000;
24.9310000;0.9499980;0.9500000;
24.9320000;0.9499980;0.9500000;
24.9330000;0.9499980;0.9500000;
24.9340000;0.9499980;0.9500000;
24.9350000;0.9499980;0.9500000;
24.9360000;0.9499980;0.9500000;
24.9370000;0.9499980;0.9500000;
24.9380000;0.9499980;0.9500000;
24.9390000;0.9499980;0.9500000;
24.9400000;0.9499980;0.9500000;
24.9410000;0.9499980;0.9500000;
24.9420000;0.9499980;0.9500000;
24.9430000;0.9499980;0.9500000;
24.9440000;0.9499980;0.9500000;
24.9450000;0.9499980;0.9500000;
24.9460000;0.9499980;0.9500000;
24.9470000;0.9499980;0.9500000;
24.9480000;0.9499980;0.9500000;
24.9490000;0.9499980;0.9500000;
24.9500000;0.9499980;0.9500000;
24.9510000;0.9499980;0.9500000;
24.9520000;0.9499980;0.9500000;
24.9530000;0.9499980;0.9500000;
24.9540000;0.9499980;0.9500000;
24.9550000;0.9499980;0.9500000;
24.9560000;0.9499980;0.9500000;
24.9570000;0.9499980;0.9500000;
24.9580000;0.9499980;0.9500000;
24.9590000;0.9499980;0.9500000;
24.9600000;0.9499980;0.9500000;
24.9610000;0.9499980;0.9500000;
24.9620000;0.9499980;0.9500000;
24.9630000;0.9499980;0.9500000;
24.9640000;0.9499980;0.9500000;
24.9650000;0.9499980;0.9500000;
24.9660000;0.9499980;0.9500000;
24.9670000;0.9499980;0.9500000;
24.9680000;0.9499980;0.9500000;
24.9690000;0.9499980;0.9500000;
24.9700000;0.9499980;0.9500000;
24.9710000;0.9499980;0.9500000;
24.9720000;0.9499980;0.9500000;
24.9730000;0.9499980;0.9500000;
24.9740000;0.9499980;0.9500000;
24.9750000;0.9499980;0.9500000;
24.9760000;0.9499980;0.9500000;
24.9770000;0.9499980;0.9500000;
24.9780000;0.9499980;0.9500000;
24.9790000;0.9499980;0.9500000;
24.9800000;0.9499980;0.9500000;
24.9810000;0.9499980;0.9500000;
24.9820000;0.9499980;0.9500000;
24.9830000;0.9499980;0.9500000;
24.9840000;0.9499980;0.9500000;
24.9850000;0.9499980;0.9500000;
24.9860000;0.9499980;0.9500000;
24.9870000;0.9499980;0.9500000;
24.9880000;0.9499980;0.9500000;
24.9890000;0.9499980;0.9500000;
24.9900000;0.9499980;0.9500000;
24.9910000;0.9499980;0.9500000;
24.9920000;0.9499980;0.9500000;
24.9930000;0.9499980;0.9500000;
24.9940000;0.9499980;0.9500000;
24.9950000;0.9499980;0.9500000;
24.9960000;0.9499980;0.9500000;
24.9970000;0.9499980;0.9500000;
24.9980000;0.9499980;0.9500000;
24.9990000;0.9499980;0.9500000;
25.0000000;0.9499980;0.9500000;
