time;WECCPVVSource_photovoltaics_HvMeasurements_PPu;WECCPVVSource_photovoltaics_HvMeasurements_QPu;WECCPVVSource_photovoltaics_HvMeasurements_UPu;WECCPVVSource_photovoltaics_LvMeasurements_PPu;WECCPVVSource_photovoltaics_LvMeasurements_QPu;WECCPVVSource_photovoltaics_LvMeasurements_UPu;WECCPVVSource_photovoltaics_injector_PInjPu;WECCPVVSource_photovoltaics_injector_QInjPu;WECCPVVSource_photovoltaics_injector_terminal_V_re;WECCPVVSource_photovoltaics_injector_terminal_i_re;WECCPVVSource_photovoltaics_injector_terminal_V_im;WECCPVVSource_photovoltaics_injector_terminal_i_im;WECCPVVSource_photovoltaics_pll_omegaPLLPu;
0.000000;0.699993;0.199999;1.037138;0.699993;0.273906;1.070860;0.699998;0.323182;1.028709;-0.699993;0.385003;0.052184;0.999990;
0.000001;0.699993;0.199999;1.037138;0.699993;0.273906;1.070860;0.699998;0.323182;1.028709;-0.699993;0.385003;0.052184;0.999990;
0.000002;0.699993;0.199999;1.037138;0.699993;0.273906;1.070860;0.699998;0.323182;1.028709;-0.699993;0.385003;0.052184;0.999990;
0.000004;0.699993;0.199999;1.037138;0.699993;0.273906;1.070860;0.699998;0.323182;1.028709;-0.699993;0.385003;0.052184;0.999990;
0.000008;0.699993;0.199999;1.037138;0.699993;0.273906;1.070860;0.699998;0.323182;1.028709;-0.699993;0.385003;0.052184;0.999990;
0.000016;0.699993;0.199999;1.037138;0.699993;0.273906;1.070860;0.699998;0.323182;1.028709;-0.699993;0.385003;0.052184;0.999990;
0.000032;0.699993;0.199999;1.037138;0.699993;0.273906;1.070860;0.699998;0.323182;1.028709;-0.699993;0.385003;0.052184;0.999990;
0.000064;0.699993;0.199999;1.037138;0.699993;0.273905;1.070860;0.699998;0.323182;1.028709;-0.699993;0.385003;0.052185;0.999990;
0.000128;0.699993;0.199999;1.037138;0.699993;0.273905;1.070860;0.699997;0.323182;1.028709;-0.699993;0.385002;0.052185;0.999990;
0.000256;0.699992;0.199998;1.037138;0.699992;0.273905;1.070860;0.699997;0.323181;1.028709;-0.699992;0.385002;0.052185;0.999991;
0.000512;0.699991;0.199998;1.037138;0.699991;0.273905;1.070860;0.699996;0.323181;1.028710;-0.699991;0.385001;0.052185;0.999991;
0.001024;0.699988;0.199998;1.037138;0.699988;0.273904;1.070860;0.699993;0.323180;1.028710;-0.699988;0.385000;0.052186;0.999992;
0.002048;0.699985;0.199998;1.037138;0.699985;0.273904;1.070860;0.699989;0.323179;1.028711;-0.699985;0.384998;0.052188;0.999994;
0.004096;0.699980;0.199999;1.037139;0.699980;0.273903;1.070860;0.699985;0.323178;1.028712;-0.699980;0.384996;0.052190;0.999997;
0.008192;0.699980;0.200000;1.037139;0.699980;0.273904;1.070861;0.699985;0.323179;1.028712;-0.699980;0.384996;0.052191;1.000001;
0.016384;0.699991;0.200001;1.037139;0.699991;0.273908;1.070861;0.699996;0.323184;1.028711;-0.699991;0.385002;0.052188;1.000004;
0.032768;0.700001;0.200001;1.037138;0.700001;0.273910;1.070860;0.700006;0.323187;1.028709;-0.700001;0.385007;0.052184;1.000001;
0.065536;0.700001;0.200000;1.037138;0.700001;0.273909;1.070860;0.700006;0.323186;1.028708;-0.700001;0.385007;0.052183;1.000000;
0.131072;0.700000;0.200000;1.037138;0.700000;0.273909;1.070860;0.700005;0.323186;1.028708;-0.700000;0.385007;0.052183;1.000000;
0.262144;0.700000;0.200000;1.037138;0.700000;0.273908;1.070860;0.700005;0.323186;1.028708;-0.700000;0.385007;0.052183;1.000000;
0.524288;0.700000;0.200000;1.037138;0.700000;0.273908;1.070860;0.700005;0.323186;1.028708;-0.700000;0.385007;0.052183;1.000000;
1.048576;0.700000;0.200000;1.037138;0.700000;0.273908;1.070860;0.700005;0.323186;1.028708;-0.700000;0.385007;0.052183;1.000000;
2.097152;0.700000;0.200000;1.037138;0.700000;0.273908;1.070860;0.700005;0.323186;1.028708;-0.700000;0.385006;0.052183;1.000000;
3.999999;0.700000;0.200000;1.037138;0.700000;0.273908;1.070860;0.700005;0.323186;1.028708;-0.700000;0.385006;0.052183;1.000000;
3.999999;0.350008;0.904840;0.815868;0.350008;1.116946;0.984332;0.350022;1.258364;1.028708;-0.700017;0.385006;0.961257;1.080252;
4.000000;0.350032;0.904806;0.815857;0.350032;1.116907;0.984317;0.350046;1.258322;1.028680;-0.700064;0.385032;0.961207;1.080259;
4.000001;0.350055;0.904771;0.815846;0.350055;1.116867;0.984302;0.350070;1.258279;1.028652;-0.700111;0.385058;0.961156;1.080266;
4.000003;0.350103;0.904701;0.815824;0.350103;1.116788;0.984272;0.350117;1.258194;1.028597;-0.700205;0.385110;0.961055;1.080281;
4.000007;0.350197;0.904562;0.815780;0.350197;1.116630;0.984213;0.350211;1.258023;1.028485;-0.700394;0.385214;0.960852;1.080309;
4.000015;0.350386;0.904284;0.815691;0.350386;1.116314;0.984094;0.350400;1.257682;1.028262;-0.700771;0.385422;0.960446;1.080365;
4.000031;0.350763;0.903728;0.815514;0.350763;1.115683;0.983857;0.350777;1.257001;1.027815;-0.701526;0.385837;0.959634;1.080478;
4.000063;0.351518;0.902617;0.815160;0.351518;1.114423;0.983383;0.351533;1.255642;1.026922;-0.703037;0.386668;0.958009;1.080702;
4.000127;0.353031;0.900401;0.814453;0.353031;1.111912;0.982436;0.353045;1.252934;1.025131;-0.706062;0.388331;0.954754;1.081143;
4.000255;0.356061;0.895988;0.813038;0.356061;1.106926;0.980544;0.356075;1.247565;1.021541;-0.712123;0.391665;0.948226;1.082001;
4.000511;0.362140;0.887244;0.810208;0.362140;1.097092;0.976774;0.362154;1.237004;1.014319;-0.724279;0.398352;0.935096;1.083618;
4.001023;0.374318;0.870065;0.804552;0.374318;1.077957;0.969282;0.374332;1.216565;0.999727;-0.748637;0.411749;0.908564;1.086473;
4.001535;0.386464;0.853286;0.798898;0.386464;1.059506;0.961851;0.386478;1.196996;0.984946;-0.772928;0.425109;0.881690;1.088835;
4.001769;0.391949;0.845756;0.796322;0.391949;1.051297;0.958482;0.391963;1.188334;0.978159;-0.783898;0.431143;0.869349;1.089761;
4.001770;0.391975;0.845725;0.796312;0.391975;1.051264;0.958468;0.391988;1.188303;0.978130;-0.783949;0.431171;0.869298;1.089765;
4.001771;0.391998;0.845693;0.796301;0.391998;1.051229;0.958453;0.392012;1.188266;0.978101;-0.783996;0.431197;0.869245;1.089769;
4.001773;0.392045;0.845629;0.796278;0.392045;1.051159;0.958425;0.392059;1.188192;0.978043;-0.784090;0.431249;0.869138;1.089776;
4.001777;0.392140;0.845501;0.796234;0.392140;1.051020;0.958367;0.392153;1.188046;0.977926;-0.784279;0.431353;0.868926;1.089791;
4.001785;0.392328;0.845245;0.796146;0.392328;1.050742;0.958252;0.392342;1.187753;0.977692;-0.784656;0.431560;0.868501;1.089821;
4.001801;0.392705;0.844732;0.795970;0.392705;1.050186;0.958021;0.392719;1.187168;0.977225;-0.785410;0.431975;0.867652;1.089879;
4.001833;0.393458;0.843709;0.795616;0.393458;1.049075;0.957561;0.393472;1.186000;0.976290;-0.786917;0.432803;0.865951;1.089996;
4.001897;0.394963;0.841666;0.794910;0.394963;1.046862;0.956641;0.394977;1.183673;0.974418;-0.789927;0.434459;0.862548;1.090223;
4.002025;0.397965;0.837597;0.793498;0.397965;1.042464;0.954802;0.397979;1.179055;0.970667;-0.795930;0.437761;0.855729;1.090656;
4.002281;0.403932;0.829527;0.790674;0.403932;1.033779;0.951136;0.403945;1.169961;0.963141;-0.807863;0.444325;0.842044;1.091439;
4.002793;0.415684;0.813645;0.785030;0.415684;1.016837;0.943845;0.415697;1.152312;0.948003;-0.831367;0.457252;0.814520;1.092680;
4.003305;0.427151;0.798095;0.779392;0.427151;1.000435;0.936607;0.427165;1.135339;0.932772;-0.854302;0.469867;0.786827;1.093506;
4.004329;0.448971;0.767912;0.768152;0.448971;0.969062;0.922282;0.448984;1.103174;0.902192;-0.897942;0.493870;0.731228;1.094030;
4.005250;0.467174;0.741726;0.758090;0.467174;0.942286;0.909561;0.467187;1.076004;0.874685;-0.934348;0.513894;0.681215;1.093310;
4.005951;0.479954;0.722389;0.750486;0.479954;0.922719;0.900000;0.479967;1.056246;0.853918;-0.959908;0.527953;0.643458;1.092112;
4.005952;0.479980;0.722359;0.750480;0.479980;0.922685;0.899987;0.479993;1.056249;0.853894;-0.959959;0.527981;0.643415;1.092101;
4.005953;0.479997;0.722332;0.750469;0.479997;0.922657;0.899973;0.480011;1.056221;0.853865;-0.959995;0.528000;0.643361;1.092099;
4.005955;0.480032;0.722277;0.750447;0.480032;0.922603;0.899946;0.480046;1.056164;0.853805;-0.960064;0.528039;0.643253;1.092095;
4.005959;0.480103;0.722168;0.750404;0.480103;0.922493;0.899892;0.480117;1.056056;0.853687;-0.960207;0.528117;0.643039;1.092086;
4.005967;0.480245;0.721950;0.750318;0.480245;0.922273;0.899783;0.480258;1.055835;0.853451;-0.960489;0.528272;0.642609;1.092069;
4.005983;0.480527;0.721515;0.750144;0.480527;0.921834;0.899566;0.480540;1.055394;0.852978;-0.961054;0.528583;0.641749;1.092034;
4.006015;0.481090;0.720644;0.749798;0.481090;0.920958;0.899132;0.481103;1.054514;0.852033;-0.962179;0.529202;0.640031;1.091963;
4.006079;0.482209;0.718905;0.749107;0.482209;0.919209;0.898264;0.482222;1.052758;0.850144;-0.964418;0.530433;0.636596;1.091818;
4.006207;0.484423;0.715439;0.747725;0.484423;0.915724;0.896531;0.484436;1.049260;0.846372;-0.968845;0.532868;0.629739;1.091515;
4.006463;0.488750;0.708551;0.744967;0.488750;0.908809;0.893073;0.488763;1.042327;0.838856;-0.977500;0.537628;0.616072;1.090860;
4.006975;0.496995;0.694947;0.739478;0.496995;0.895181;0.886198;0.497008;1.028683;0.823944;-0.993990;0.546698;0.588960;1.089367;
4.007999;0.511806;0.668394;0.728625;0.511806;0.868631;0.872610;0.511820;1.002135;0.794729;-1.023613;0.562992;0.535842;1.085730;
4.009023;0.524387;0.642671;0.717966;0.524387;0.842878;0.859248;0.524400;0.976345;0.766498;-1.048773;0.576831;0.484514;1.081342;
4.010047;0.534768;0.617726;0.707541;0.534768;0.817752;0.846129;0.534782;0.951078;0.739457;-1.069536;0.588251;0.435349;1.076339;
4.011071;0.543021;0.593521;0.697388;0.543021;0.793115;0.833270;0.543034;0.926148;0.713781;-1.086042;0.597330;0.388667;1.070847;
4.012095;0.549242;0.570031;0.687540;0.549242;0.768866;0.820693;0.549255;0.901399;0.689611;-1.098484;0.604174;0.344721;1.064991;
4.013119;0.553554;0.547239;0.678028;0.553554;0.744934;0.808416;0.553568;0.876719;0.667048;-1.107109;0.608918;0.303698;1.058887;
4.014143;0.556098;0.525137;0.668877;0.556098;0.721277;0.796457;0.556111;0.852042;0.646157;-1.112196;0.611716;0.265714;1.052637;
4.015167;0.557024;0.503723;0.660108;0.557024;0.697877;0.784834;0.557037;0.827337;0.626969;-1.114047;0.612735;0.230827;1.046333;
4.016191;0.556486;0.482997;0.651736;0.556486;0.674737;0.773563;0.556498;0.802607;0.609483;-1.112971;0.612143;0.199036;1.040059;
4.017215;0.554639;0.462965;0.643771;0.554639;0.651876;0.762658;0.554651;0.777879;0.593671;-1.109277;0.610112;0.170288;1.033889;
4.018239;0.551635;0.443633;0.636219;0.551635;0.629327;0.752129;0.551647;0.753202;0.579482;-1.103270;0.606808;0.144490;1.027888;
4.019263;0.547620;0.425006;0.629080;0.547620;0.607130;0.741986;0.547632;0.728641;0.566844;-1.095239;0.602391;0.121512;1.022114;
4.020287;0.542733;0.407088;0.622351;0.542733;0.585334;0.732235;0.542745;0.704271;0.555669;-1.085465;0.597016;0.101195;1.016617;
4.021311;0.537105;0.389885;0.616025;0.537105;0.563988;0.722878;0.537116;0.680172;0.545859;-1.074209;0.590825;0.083359;1.011438;
4.022068;0.532544;0.377620;0.611596;0.532544;0.548521;0.716211;0.532556;0.662580;0.539412;-1.065089;0.585809;0.071637;1.007834;
4.022068;0.532516;0.377641;0.611585;0.532516;0.548554;0.716216;0.532528;0.662508;0.539406;-1.065033;0.585778;0.071627;1.007846;
4.022069;0.532510;0.377625;0.611579;0.532510;0.548534;0.716207;0.532521;0.662485;0.539398;-1.065020;0.585771;0.071612;1.007842;
4.022070;0.532504;0.377609;0.611574;0.532504;0.548514;0.716199;0.532515;0.662462;0.539390;-1.065008;0.585764;0.071597;1.007837;
4.022072;0.532491;0.377577;0.611562;0.532491;0.548473;0.716181;0.532503;0.662416;0.539374;-1.064982;0.585750;0.071568;1.007828;
4.022076;0.532466;0.377513;0.611539;0.532466;0.548392;0.716147;0.532478;0.662323;0.539342;-1.064932;0.585723;0.071510;1.007809;
4.022084;0.532416;0.377386;0.611494;0.532416;0.548230;0.716078;0.532427;0.662138;0.539277;-1.064832;0.585668;0.071393;1.007772;
4.022100;0.532316;0.377131;0.611403;0.532316;0.547907;0.715939;0.532327;0.661768;0.539149;-1.064632;0.585557;0.071160;1.007698;
4.022132;0.532115;0.376622;0.611221;0.532115;0.547259;0.715663;0.532126;0.661029;0.538893;-1.064230;0.585336;0.070695;1.007551;
4.022196;0.531711;0.375606;0.610858;0.531711;0.545966;0.715111;0.531723;0.659551;0.538385;-1.063423;0.584892;0.069771;1.007256;
4.022324;0.530898;0.373583;0.610137;0.530898;0.543387;0.714012;0.530910;0.656601;0.537383;-1.061797;0.583998;0.067948;1.006673;
4.022580;0.529249;0.369570;0.608712;0.529249;0.538254;0.711832;0.529260;0.650722;0.535431;-1.058498;0.582184;0.064399;1.005523;
4.022882;0.527268;0.364897;0.607063;0.527268;0.532250;0.709294;0.527280;0.643831;0.533219;-1.054537;0.580005;0.060377;1.004200;
4.022883;0.527262;0.364881;0.607058;0.527262;0.532231;0.709285;0.527273;0.643808;0.533212;-1.054523;0.579998;0.060364;1.004196;
4.022884;0.527255;0.364866;0.607052;0.527255;0.532211;0.709277;0.527266;0.643785;0.533204;-1.054510;0.579990;0.060351;1.004191;
4.022886;0.527242;0.364835;0.607041;0.527242;0.532171;0.709260;0.527253;0.643740;0.533190;-1.054484;0.579976;0.060325;1.004183;
4.022890;0.527215;0.364774;0.607020;0.527215;0.532092;0.709227;0.527226;0.643649;0.533161;-1.054430;0.579947;0.060273;1.004165;
4.022898;0.527162;0.364651;0.606977;0.527162;0.531934;0.709160;0.527173;0.643467;0.533104;-1.054324;0.579888;0.060169;1.004131;
4.022914;0.527056;0.364405;0.606890;0.527056;0.531617;0.709027;0.527067;0.643103;0.532990;-1.054112;0.579771;0.059961;1.004062;
4.022928;0.526961;0.364186;0.606813;0.526961;0.531335;0.708908;0.526972;0.642778;0.532888;-1.053922;0.579667;0.059777;1.004000;
4.022929;0.526954;0.364171;0.606808;0.526954;0.531315;0.708900;0.526966;0.642756;0.532881;-1.053909;0.579660;0.059764;1.003996;
4.022930;0.526948;0.364155;0.606802;0.526948;0.531295;0.708891;0.526959;0.642733;0.532874;-1.053895;0.579652;0.059751;1.003992;
4.022932;0.526934;0.364124;0.606792;0.526934;0.531255;0.708875;0.526946;0.642687;0.532860;-1.053869;0.579638;0.059725;1.003983;
4.022936;0.526908;0.364063;0.606770;0.526908;0.531176;0.708841;0.526919;0.642596;0.532831;-1.053816;0.579609;0.059673;1.003966;
4.022944;0.526855;0.363940;0.606727;0.526855;0.531018;0.708775;0.526866;0.642414;0.532775;-1.053709;0.579550;0.059570;1.003931;
4.022960;0.526748;0.363695;0.606641;0.526748;0.530702;0.708641;0.526759;0.642050;0.532661;-1.053496;0.579433;0.059364;1.003862;
4.022992;0.526534;0.363205;0.606469;0.526534;0.530069;0.708375;0.526545;0.641323;0.532435;-1.053069;0.579198;0.058952;1.003725;
4.023056;0.526106;0.362226;0.606126;0.526106;0.528806;0.707844;0.526117;0.639870;0.531985;-1.052212;0.578727;0.058135;1.003451;
4.023184;0.525244;0.360278;0.605444;0.525244;0.526286;0.706786;0.525255;0.636970;0.531099;-1.050489;0.577779;0.056524;1.002909;
4.023440;0.523502;0.356415;0.604097;0.523502;0.521275;0.704689;0.523513;0.631193;0.529375;-1.047004;0.575862;0.053390;1.001843;
4.023952;0.519949;0.348824;0.601470;0.519949;0.511370;0.700568;0.519959;0.619744;0.526116;-1.039897;0.571953;0.047464;0.999789;
4.024976;0.512616;0.334177;0.596477;0.512616;0.492046;0.692617;0.512626;0.597302;0.520294;-1.025231;0.563887;0.036879;0.995996;
4.026000;0.505048;0.320238;0.591816;0.505048;0.473399;0.685049;0.505059;0.575516;0.515319;-1.010097;0.555563;0.027833;0.992629;
4.027024;0.497331;0.306997;0.587468;0.497331;0.455461;0.677856;0.497341;0.554445;0.511085;-0.994663;0.547074;0.020136;0.989695;
4.028048;0.489544;0.294442;0.583414;0.489544;0.438262;0.671028;0.489553;0.534149;0.507491;-0.979087;0.538508;0.013602;0.987193;
4.029072;0.481760;0.282561;0.579634;0.481760;0.421828;0.664557;0.481770;0.514677;0.504440;-0.963521;0.529946;0.008055;0.985119;
4.030096;0.474050;0.271340;0.576108;0.474050;0.406177;0.658430;0.474059;0.496072;0.501842;-0.948100;0.521464;0.003332;0.983465;
4.031120;0.466475;0.260762;0.572817;0.466475;0.391323;0.652637;0.466484;0.478366;0.499613;-0.932950;0.513132;-0.000720;0.982218;
4.032144;0.459092;0.250809;0.569742;0.459092;0.377273;0.647163;0.459100;0.461583;0.497678;-0.918184;0.505010;-0.004238;0.981359;
4.033168;0.451951;0.241460;0.566864;0.451951;0.364026;0.641997;0.451959;0.445737;0.495970;-0.903902;0.497155;-0.007344;0.980868;
4.034192;0.445096;0.232694;0.564167;0.445096;0.351578;0.637125;0.445104;0.430834;0.494428;-0.890193;0.489615;-0.010148;0.980722;
4.035216;0.438566;0.224489;0.561635;0.438566;0.339919;0.632532;0.438574;0.416873;0.492999;-0.877133;0.482432;-0.012745;0.980893;
4.036240;0.432393;0.216820;0.559252;0.432393;0.329035;0.628206;0.432400;0.403846;0.491639;-0.864786;0.475641;-0.015218;0.981354;
4.037264;0.426602;0.209665;0.557003;0.426602;0.318907;0.624132;0.426610;0.391736;0.490308;-0.853205;0.469271;-0.017638;0.982073;
4.038267;0.421321;0.203129;0.554920;0.421321;0.309697;0.620372;0.421328;0.380745;0.489001;-0.842641;0.463461;-0.020014;0.982999;
4.038267;0.421317;0.203138;0.554923;0.421317;0.309704;0.620375;0.421326;0.380747;0.489008;-0.842637;0.463459;-0.020001;0.983004;
4.038268;0.421314;0.203125;0.554921;0.421314;0.309688;0.620370;0.421321;0.380737;0.489006;-0.842627;0.463454;-0.020003;0.983000;
4.038269;0.421309;0.203118;0.554919;0.421309;0.309679;0.620366;0.421316;0.380726;0.489005;-0.842617;0.463448;-0.020006;0.983001;
4.038270;0.421306;0.203115;0.554917;0.421306;0.309674;0.620364;0.421313;0.380721;0.489004;-0.842612;0.463445;-0.020007;0.983002;
4.038271;0.421301;0.203109;0.554915;0.421301;0.309665;0.620361;0.421308;0.380710;0.489003;-0.842601;0.463439;-0.020009;0.983003;
4.038272;0.421296;0.203102;0.554913;0.421296;0.309656;0.620357;0.421303;0.380699;0.489002;-0.842591;0.463434;-0.020012;0.983004;
4.038274;0.421286;0.203090;0.554909;0.421286;0.309639;0.620350;0.421293;0.380678;0.488999;-0.842571;0.463423;-0.020017;0.983006;
4.038278;0.421265;0.203065;0.554901;0.421265;0.309603;0.620335;0.421272;0.380636;0.488994;-0.842530;0.463400;-0.020026;0.983010;
4.038286;0.421225;0.203014;0.554885;0.421225;0.309533;0.620306;0.421232;0.380552;0.488983;-0.842449;0.463356;-0.020045;0.983018;
4.038302;0.421144;0.202914;0.554853;0.421144;0.309392;0.620248;0.421151;0.380384;0.488963;-0.842287;0.463267;-0.020083;0.983035;
4.038334;0.420982;0.202714;0.554789;0.420982;0.309110;0.620132;0.420989;0.380048;0.488921;-0.841964;0.463089;-0.020159;0.983068;
4.038398;0.420660;0.202314;0.554660;0.420660;0.308549;0.619901;0.420667;0.379379;0.488837;-0.841320;0.462735;-0.020310;0.983136;
4.038526;0.420021;0.201521;0.554404;0.420021;0.307435;0.619441;0.420028;0.378052;0.488670;-0.840041;0.462031;-0.020615;0.983272;
4.038782;0.418762;0.199956;0.553898;0.418762;0.305240;0.618532;0.418769;0.375437;0.488333;-0.837524;0.460647;-0.021227;0.983554;
4.039294;0.416325;0.196910;0.552904;0.416325;0.300981;0.616755;0.416332;0.370369;0.487651;-0.832650;0.457966;-0.022467;0.984150;
4.040318;0.411773;0.191142;0.550988;0.411773;0.292970;0.613355;0.411780;0.360862;0.486242;-0.823546;0.452959;-0.025030;0.985451;
4.041342;0.407649;0.185788;0.549163;0.407649;0.285610;0.610155;0.407656;0.352164;0.484767;-0.815298;0.448422;-0.027711;0.986870;
4.043390;0.400645;0.176210;0.545747;0.400645;0.272688;0.604296;0.400651;0.337013;0.481587;-0.801289;0.440718;-0.033492;0.989893;
4.045233;0.395693;0.168776;0.542919;0.395693;0.262949;0.599600;0.395699;0.325738;0.478479;-0.791385;0.435270;-0.039143;0.992698;
4.047076;0.391909;0.162336;0.540300;0.391909;0.254798;0.595395;0.391915;0.316445;0.475161;-0.783818;0.431108;-0.045175;0.995417;
4.048219;0.390081;0.158785;0.538773;0.390081;0.250444;0.593010;0.390087;0.311557;0.473023;-0.780162;0.429097;-0.049063;0.996991;
4.048219;0.390082;0.158786;0.538773;0.390082;0.250446;0.593010;0.390088;0.311558;0.473021;-0.780164;0.429098;-0.049065;0.996991;
4.048220;0.390081;0.158783;0.538772;0.390081;0.250442;0.593008;0.390087;0.311554;0.473020;-0.780161;0.429097;-0.049069;0.996992;
4.048221;0.390079;0.158781;0.538770;0.390079;0.250439;0.593006;0.390085;0.311550;0.473018;-0.780158;0.429095;-0.049072;0.996994;
4.048223;0.390076;0.158775;0.538768;0.390076;0.250432;0.593002;0.390082;0.311542;0.473014;-0.780153;0.429092;-0.049079;0.996996;
4.048227;0.390071;0.158763;0.538762;0.390071;0.250417;0.592994;0.390077;0.311527;0.473006;-0.780141;0.429086;-0.049093;0.997002;
4.048235;0.390060;0.158739;0.538752;0.390060;0.250389;0.592978;0.390066;0.311495;0.472991;-0.780119;0.429074;-0.049120;0.997013;
4.048251;0.390037;0.158692;0.538731;0.390037;0.250332;0.592946;0.390043;0.311432;0.472961;-0.780074;0.429049;-0.049176;0.997034;
4.048283;0.389993;0.158598;0.538690;0.389993;0.250219;0.592882;0.389999;0.311306;0.472900;-0.779985;0.429000;-0.049287;0.997078;
4.048347;0.389904;0.158412;0.538607;0.389904;0.249994;0.592755;0.389910;0.311056;0.472778;-0.779809;0.428903;-0.049509;0.997164;
4.048475;0.389731;0.158040;0.538441;0.389731;0.249549;0.592501;0.389737;0.310561;0.472533;-0.779462;0.428713;-0.049953;0.997336;
4.048731;0.389398;0.157310;0.538113;0.389398;0.248676;0.592000;0.389404;0.309593;0.472042;-0.778797;0.428346;-0.050846;0.997675;
4.049243;0.388784;0.155893;0.537468;0.388784;0.247000;0.591021;0.388790;0.307745;0.471053;-0.777568;0.427671;-0.052644;0.998333;
4.050267;0.387744;0.153227;0.536215;0.387744;0.243909;0.589150;0.387750;0.304370;0.469056;-0.775488;0.426527;-0.056275;0.999561;
4.051291;0.386936;0.150773;0.535015;0.386936;0.241143;0.587391;0.386942;0.301396;0.467042;-0.773871;0.425638;-0.059936;1.000663;
4.052315;0.386329;0.148513;0.533867;0.386329;0.238670;0.585740;0.386335;0.298781;0.465027;-0.772658;0.424971;-0.063601;1.001632;
4.053339;0.385896;0.146434;0.532770;0.385896;0.236462;0.584191;0.385902;0.296486;0.463024;-0.771791;0.424493;-0.067241;1.002461;
4.054363;0.385606;0.144521;0.531726;0.385606;0.234489;0.582738;0.385612;0.294473;0.461052;-0.771212;0.424175;-0.070828;1.003145;
4.055387;0.385433;0.142762;0.530734;0.385433;0.232725;0.581379;0.385439;0.292707;0.459124;-0.770865;0.423984;-0.074332;1.003684;
4.056175;0.385361;0.141505;0.530009;0.385361;0.231495;0.580396;0.385367;0.291494;0.457685;-0.770721;0.423905;-0.076950;1.004000;
4.056175;0.385361;0.141505;0.530009;0.385361;0.231495;0.580396;0.385367;0.291495;0.457685;-0.770722;0.423906;-0.076950;1.004000;
4.056175;0.385361;0.141505;0.530009;0.385361;0.231495;0.580396;0.385367;0.291495;0.457684;-0.770722;0.423906;-0.076950;1.004000;
4.056176;0.385361;0.141504;0.530008;0.385361;0.231494;0.580394;0.385367;0.291493;0.457683;-0.770722;0.423906;-0.076953;1.004001;
4.056177;0.385361;0.141502;0.530007;0.385361;0.231492;0.580393;0.385367;0.291492;0.457681;-0.770722;0.423906;-0.076957;1.004001;
4.056179;0.385361;0.141499;0.530005;0.385361;0.231489;0.580391;0.385367;0.291489;0.457677;-0.770722;0.423905;-0.076963;1.004002;
4.056183;0.385361;0.141493;0.530001;0.385361;0.231483;0.580386;0.385367;0.291483;0.457670;-0.770721;0.423905;-0.076976;1.004003;
4.056191;0.385360;0.141481;0.529994;0.385360;0.231471;0.580376;0.385366;0.291471;0.457655;-0.770720;0.423905;-0.077003;1.004006;
4.056207;0.385359;0.141456;0.529980;0.385359;0.231448;0.580357;0.385365;0.291448;0.457627;-0.770719;0.423904;-0.077055;1.004011;
4.056239;0.385358;0.141407;0.529951;0.385358;0.231400;0.580318;0.385364;0.291402;0.457569;-0.770716;0.423902;-0.077160;1.004022;
4.056303;0.385355;0.141309;0.529894;0.385355;0.231306;0.580241;0.385361;0.291310;0.457453;-0.770710;0.423899;-0.077370;1.004043;
4.056431;0.385350;0.141115;0.529779;0.385350;0.231119;0.580087;0.385356;0.291128;0.457224;-0.770700;0.423893;-0.077788;1.004085;
4.056687;0.385342;0.140732;0.529554;0.385342;0.230753;0.579784;0.385348;0.290772;0.456768;-0.770685;0.423885;-0.078617;1.004160;
4.056836;0.385340;0.140513;0.529424;0.385340;0.230543;0.579610;0.385346;0.290569;0.456504;-0.770679;0.423882;-0.079096;1.004200;
4.056837;0.385340;0.140511;0.529423;0.385340;0.230542;0.579609;0.385346;0.290568;0.456502;-0.770679;0.423882;-0.079099;1.004200;
4.056838;0.385340;0.140510;0.529422;0.385340;0.230540;0.579608;0.385346;0.290567;0.456500;-0.770679;0.423882;-0.079103;1.004201;
4.056840;0.385340;0.140507;0.529420;0.385340;0.230538;0.579605;0.385346;0.290564;0.456497;-0.770679;0.423882;-0.079109;1.004201;
4.056844;0.385340;0.140501;0.529417;0.385340;0.230532;0.579601;0.385346;0.290559;0.456490;-0.770679;0.423882;-0.079122;1.004202;
4.056852;0.385339;0.140489;0.529410;0.385339;0.230521;0.579591;0.385345;0.290548;0.456476;-0.770679;0.423882;-0.079147;1.004204;
4.056868;0.385339;0.140466;0.529396;0.385339;0.230499;0.579573;0.385345;0.290527;0.456448;-0.770678;0.423882;-0.079198;1.004208;
4.056900;0.385339;0.140420;0.529368;0.385339;0.230455;0.579536;0.385345;0.290484;0.456392;-0.770678;0.423881;-0.079301;1.004216;
4.056964;0.385338;0.140327;0.529313;0.385338;0.230366;0.579462;0.385344;0.290399;0.456280;-0.770677;0.423881;-0.079504;1.004232;
4.057092;0.385338;0.140143;0.529204;0.385338;0.230192;0.579316;0.385344;0.290231;0.456056;-0.770676;0.423880;-0.079910;1.004261;
4.057348;0.385339;0.139781;0.528987;0.385339;0.229850;0.579027;0.385345;0.289902;0.455614;-0.770678;0.423882;-0.080714;1.004314;
4.057860;0.385349;0.139080;0.528565;0.385349;0.229192;0.578465;0.385355;0.289273;0.454748;-0.770699;0.423893;-0.082289;1.004394;
4.058884;0.385388;0.137764;0.527764;0.385388;0.227970;0.577403;0.385394;0.288113;0.453094;-0.770777;0.423936;-0.085296;1.004454;
4.060932;0.385470;0.135451;0.526346;0.385470;0.225835;0.575528;0.385476;0.286098;0.450157;-0.770940;0.424026;-0.090637;1.004215;
4.060999;0.385472;0.135383;0.526304;0.385472;0.225772;0.575473;0.385478;0.286038;0.450071;-0.770943;0.424027;-0.090793;1.004200;
4.061000;0.385472;0.135382;0.526303;0.385472;0.225771;0.575472;0.385478;0.286037;0.450069;-0.770943;0.424027;-0.090795;1.004200;
4.061001;0.385472;0.135380;0.526303;0.385472;0.225770;0.575471;0.385478;0.286036;0.450068;-0.770943;0.424027;-0.090798;1.004200;
4.061003;0.385472;0.135378;0.526301;0.385472;0.225768;0.575470;0.385478;0.286034;0.450065;-0.770944;0.424028;-0.090803;1.004199;
4.061007;0.385472;0.135374;0.526299;0.385472;0.225765;0.575466;0.385478;0.286031;0.450060;-0.770944;0.424028;-0.090812;1.004198;
4.061015;0.385472;0.135366;0.526294;0.385472;0.225757;0.575460;0.385478;0.286024;0.450050;-0.770945;0.424028;-0.090831;1.004196;
4.061031;0.385473;0.135350;0.526284;0.385473;0.225742;0.575446;0.385479;0.286010;0.450029;-0.770946;0.424029;-0.090869;1.004192;
4.061063;0.385475;0.135318;0.526264;0.385475;0.225713;0.575420;0.385481;0.285982;0.449987;-0.770949;0.424031;-0.090945;1.004184;
4.061127;0.385477;0.135253;0.526224;0.385477;0.225653;0.575367;0.385483;0.285926;0.449904;-0.770955;0.424034;-0.091096;1.004168;
4.061255;0.385483;0.135125;0.526145;0.385483;0.225536;0.575263;0.385489;0.285816;0.449740;-0.770966;0.424040;-0.091394;1.004134;
4.061511;0.385492;0.134874;0.525990;0.385492;0.225305;0.575058;0.385498;0.285599;0.449418;-0.770985;0.424050;-0.091980;1.004062;
4.061712;0.385499;0.134680;0.525871;0.385499;0.225127;0.574901;0.385505;0.285431;0.449172;-0.770997;0.424057;-0.092427;1.004000;
4.061713;0.385499;0.134679;0.525870;0.385499;0.225126;0.574900;0.385505;0.285430;0.449171;-0.770997;0.424057;-0.092429;1.004000;
4.061714;0.385499;0.134678;0.525870;0.385499;0.225126;0.574899;0.385505;0.285430;0.449169;-0.770997;0.424057;-0.092431;1.004000;
4.061716;0.385499;0.134677;0.525868;0.385499;0.225124;0.574898;0.385505;0.285428;0.449167;-0.770998;0.424057;-0.092436;1.003999;
4.061720;0.385499;0.134673;0.525866;0.385499;0.225120;0.574895;0.385505;0.285425;0.449162;-0.770998;0.424057;-0.092445;1.003998;
4.061728;0.385499;0.134665;0.525861;0.385499;0.225113;0.574889;0.385505;0.285418;0.449153;-0.770998;0.424058;-0.092462;1.003995;
4.061744;0.385500;0.134650;0.525852;0.385500;0.225099;0.574876;0.385506;0.285405;0.449133;-0.770999;0.424058;-0.092497;1.003990;
4.061776;0.385500;0.134620;0.525833;0.385500;0.225071;0.574852;0.385506;0.285378;0.449095;-0.771001;0.424059;-0.092568;1.003980;
4.061840;0.385502;0.134559;0.525796;0.385502;0.225015;0.574803;0.385508;0.285326;0.449018;-0.771004;0.424061;-0.092707;1.003959;
4.061968;0.385505;0.134439;0.525723;0.385505;0.224905;0.574705;0.385511;0.285221;0.448866;-0.771010;0.424064;-0.092982;1.003916;
4.062224;0.385509;0.134204;0.525579;0.385509;0.224687;0.574515;0.385515;0.285014;0.448571;-0.771019;0.424069;-0.093520;1.003826;
4.062736;0.385510;0.133752;0.525304;0.385510;0.224263;0.574148;0.385517;0.284611;0.448008;-0.771021;0.424070;-0.094544;1.003627;
4.063760;0.385478;0.132913;0.524803;0.385478;0.223462;0.573476;0.385484;0.283835;0.447003;-0.770956;0.424035;-0.096370;1.003165;
4.065808;0.385242;0.131495;0.524009;0.385242;0.222015;0.572374;0.385248;0.282367;0.445508;-0.770484;0.423775;-0.099088;1.002027;
4.067856;0.384749;0.130411;0.523494;0.384749;0.220746;0.571594;0.384755;0.280975;0.444724;-0.769497;0.423232;-0.100515;1.000662;
4.069904;0.383972;0.129653;0.523263;0.383972;0.219632;0.571137;0.383978;0.279624;0.444672;-0.767944;0.422378;-0.100609;0.999153;
4.071952;0.382902;0.129216;0.523316;0.382902;0.218665;0.571001;0.382908;0.278304;0.445356;-0.765804;0.421201;-0.099365;0.997579;
4.074000;0.381546;0.129098;0.523648;0.381546;0.217851;0.571183;0.381552;0.277025;0.446760;-0.763091;0.419709;-0.096812;0.996011;
4.076048;0.379924;0.129302;0.524251;0.379924;0.217205;0.571677;0.379930;0.275812;0.448851;-0.759848;0.417925;-0.093010;0.994511;
4.078096;0.378068;0.129827;0.525111;0.378068;0.216752;0.572476;0.378074;0.274706;0.451582;-0.756137;0.415884;-0.088045;0.993131;
4.080144;0.376017;0.130675;0.526212;0.376017;0.216519;0.573566;0.376023;0.273750;0.454894;-0.752034;0.413627;-0.082023;0.991908;
4.082192;0.373814;0.131846;0.527535;0.373814;0.216534;0.574936;0.373819;0.272993;0.458722;-0.747627;0.411203;-0.075063;0.990869;
4.084240;0.371503;0.133334;0.529061;0.371503;0.216824;0.576568;0.371508;0.272482;0.462997;-0.743006;0.408661;-0.067291;0.990028;
4.086288;0.369130;0.135135;0.530768;0.369130;0.217411;0.578444;0.369135;0.272258;0.467649;-0.738260;0.406051;-0.058832;0.989388;
4.088336;0.366737;0.137240;0.532634;0.366737;0.218313;0.580546;0.366743;0.272357;0.472611;-0.733475;0.403419;-0.049810;0.988944;
4.090384;0.364364;0.139637;0.534639;0.364364;0.219541;0.582852;0.364369;0.272804;0.477820;-0.728727;0.400808;-0.040340;0.988681;
4.092432;0.362042;0.142313;0.536762;0.362042;0.221101;0.585343;0.362047;0.273620;0.483219;-0.724084;0.398254;-0.030524;0.988581;
4.094480;0.359800;0.145251;0.538986;0.359800;0.222991;0.587999;0.359805;0.274811;0.488757;-0.719599;0.395787;-0.020454;0.988619;
4.096528;0.357657;0.148435;0.541293;0.357657;0.225204;0.590800;0.357662;0.276379;0.494393;-0.715314;0.393430;-0.010208;0.988770;
4.098576;0.355628;0.151845;0.543668;0.355628;0.227730;0.593727;0.355633;0.278317;0.500090;-0.711255;0.391197;0.000151;0.989006;
4.100624;0.353718;0.155464;0.546099;0.353718;0.230552;0.596764;0.353723;0.280609;0.505823;-0.707436;0.389097;0.010573;0.989301;
4.102672;0.351929;0.159271;0.548574;0.351929;0.233651;0.599893;0.351934;0.283238;0.511569;-0.703858;0.387129;0.021021;0.989632;
4.104720;0.350256;0.163248;0.551085;0.350256;0.237005;0.603102;0.350261;0.286178;0.517315;-0.700511;0.385288;0.031469;0.989975;
4.106768;0.348689;0.167378;0.553623;0.348689;0.240591;0.606377;0.348694;0.289405;0.523052;-0.697377;0.383564;0.041900;0.990315;
4.108816;0.347215;0.171642;0.556182;0.347215;0.244387;0.609707;0.347220;0.292890;0.528775;-0.694430;0.381943;0.052304;0.990635;
4.110864;0.345819;0.176027;0.558758;0.345819;0.248370;0.613081;0.345824;0.296605;0.534482;-0.691637;0.380407;0.062681;0.990926;
4.112912;0.344483;0.180516;0.561347;0.344483;0.252516;0.616493;0.344488;0.300525;0.540175;-0.688967;0.378938;0.073031;0.991181;
4.114960;0.343191;0.185098;0.563945;0.343191;0.256807;0.619934;0.343196;0.304622;0.545855;-0.686382;0.377516;0.083358;0.991395;
4.117008;0.341925;0.189760;0.566550;0.341925;0.261223;0.623398;0.341930;0.308874;0.551526;-0.683851;0.376124;0.093670;0.991570;
4.119056;0.340670;0.194494;0.569161;0.340670;0.265748;0.626881;0.340675;0.313260;0.557192;-0.681340;0.374743;0.103972;0.991705;
4.121104;0.339411;0.199289;0.571776;0.339411;0.270367;0.630377;0.339416;0.317760;0.562856;-0.678822;0.373358;0.114269;0.991807;
4.123152;0.338136;0.204139;0.574393;0.338136;0.275067;0.633882;0.338141;0.322361;0.568519;-0.676272;0.371955;0.124566;0.991878;
4.125200;0.336835;0.209037;0.577011;0.336835;0.279840;0.637394;0.336840;0.327049;0.574184;-0.673671;0.370524;0.134864;0.991926;
4.127248;0.335502;0.213977;0.579628;0.335502;0.284675;0.640910;0.335507;0.331813;0.579849;-0.671004;0.369057;0.145165;0.991956;
4.129296;0.334130;0.218955;0.582243;0.334130;0.289566;0.644425;0.334135;0.336646;0.585514;-0.668261;0.367548;0.155466;0.991975;
4.131344;0.332718;0.223966;0.584854;0.332718;0.294509;0.647939;0.332723;0.341541;0.591178;-0.665436;0.365995;0.165762;0.991988;
4.133392;0.331264;0.229006;0.587460;0.331264;0.299497;0.651448;0.331269;0.346494;0.596835;-0.662528;0.364395;0.176049;0.992000;
4.135440;0.329769;0.234072;0.590059;0.329769;0.304529;0.654950;0.329774;0.351502;0.602484;-0.659538;0.362751;0.186319;0.992016;
4.137488;0.328236;0.239161;0.592648;0.328236;0.309601;0.658443;0.328240;0.356562;0.608118;-0.656471;0.361064;0.196563;0.992039;
4.139536;0.326667;0.244269;0.595228;0.326667;0.314710;0.661924;0.326672;0.361671;0.613734;-0.653334;0.359338;0.206773;0.992070;
4.141584;0.325066;0.249392;0.597794;0.325066;0.319854;0.665391;0.325071;0.366828;0.619325;-0.650133;0.357577;0.216939;0.992112;
4.143632;0.323438;0.254529;0.600346;0.323438;0.325030;0.668842;0.323443;0.372032;0.624887;-0.646877;0.355786;0.227052;0.992165;
4.145680;0.321787;0.259676;0.602883;0.321787;0.330238;0.672276;0.321792;0.377279;0.630416;-0.643574;0.353970;0.237103;0.992229;
4.147728;0.320116;0.264829;0.605401;0.320116;0.335473;0.675690;0.320121;0.382569;0.635905;-0.640233;0.352132;0.247084;0.992302;
4.149776;0.318430;0.269986;0.607901;0.318430;0.340733;0.679082;0.318435;0.387898;0.641352;-0.636861;0.350277;0.256988;0.992385;
4.151824;0.316732;0.275145;0.610380;0.316732;0.346015;0.682450;0.316736;0.393263;0.646753;-0.633463;0.348409;0.266808;0.992474;
4.153872;0.315023;0.280300;0.612838;0.315023;0.351316;0.685794;0.315028;0.398662;0.652105;-0.630047;0.346529;0.276538;0.992569;
4.155920;0.313307;0.285451;0.615273;0.313307;0.356633;0.689111;0.313312;0.404090;0.657405;-0.626615;0.344641;0.286175;0.992668;
4.157968;0.311585;0.290594;0.617685;0.311585;0.361963;0.692401;0.311590;0.409545;0.662652;-0.623170;0.342747;0.295714;0.992769;
4.160016;0.309857;0.295727;0.620073;0.309857;0.367302;0.695662;0.309862;0.415022;0.667844;-0.619714;0.340846;0.305153;0.992871;
4.162064;0.308124;0.300846;0.622437;0.308124;0.372646;0.698893;0.308129;0.420517;0.672979;-0.616248;0.338939;0.314491;0.992972;
4.164112;0.306386;0.305950;0.624775;0.306386;0.377993;0.702093;0.306391;0.426026;0.678058;-0.612772;0.337028;0.323726;0.993071;
4.166160;0.304643;0.311035;0.627088;0.304643;0.383339;0.705263;0.304648;0.431546;0.683081;-0.609286;0.335110;0.332857;0.993167;
4.168203;0.302898;0.316091;0.629370;0.302898;0.388670;0.708393;0.302903;0.437061;0.688035;-0.605796;0.333190;0.341865;0.993260;
4.168203;0.302898;0.316090;0.629370;0.302898;0.388669;0.708393;0.302902;0.437060;0.688035;-0.605795;0.333190;0.341864;0.993261;
4.168204;0.302897;0.316092;0.629371;0.302897;0.388671;0.708394;0.302902;0.437062;0.688037;-0.605793;0.333189;0.341869;0.993260;
4.168205;0.302896;0.316095;0.629372;0.302896;0.388674;0.708396;0.302901;0.437065;0.688040;-0.605792;0.333188;0.341873;0.993260;
4.168207;0.302894;0.316100;0.629374;0.302894;0.388679;0.708399;0.302899;0.437070;0.688045;-0.605788;0.333186;0.341882;0.993261;
4.168211;0.302891;0.316110;0.629379;0.302891;0.388690;0.708405;0.302896;0.437081;0.688054;-0.605782;0.333182;0.341900;0.993261;
4.168219;0.302884;0.316129;0.629388;0.302884;0.388711;0.708417;0.302889;0.437103;0.688073;-0.605768;0.333175;0.341935;0.993261;
4.168235;0.302870;0.316169;0.629406;0.302870;0.388752;0.708442;0.302875;0.437146;0.688112;-0.605740;0.333160;0.342005;0.993262;
4.168267;0.302843;0.316248;0.629441;0.302843;0.388836;0.708490;0.302848;0.437232;0.688189;-0.605686;0.333130;0.342145;0.993263;
4.168331;0.302788;0.316406;0.629512;0.302788;0.389003;0.708588;0.302793;0.437405;0.688343;-0.605576;0.333070;0.342425;0.993266;
4.168395;0.302733;0.316564;0.629583;0.302733;0.389169;0.708685;0.302738;0.437578;0.688498;-0.605467;0.333009;0.342706;0.993269;
4.168523;0.302624;0.316880;0.629725;0.302624;0.389503;0.708880;0.302629;0.437924;0.688806;-0.605248;0.332889;0.343266;0.993275;
4.168651;0.302514;0.317195;0.629867;0.302514;0.389837;0.709075;0.302519;0.438269;0.689113;-0.605029;0.332768;0.343825;0.993280;
4.168907;0.302295;0.317827;0.630150;0.302295;0.390504;0.709464;0.302300;0.438960;0.689729;-0.604590;0.332527;0.344944;0.993292;
4.169419;0.301857;0.319088;0.630716;0.301857;0.391838;0.710240;0.301862;0.440343;0.690956;-0.603714;0.332045;0.347175;0.993316;
4.169848;0.301490;0.320143;0.631188;0.301490;0.392955;0.710889;0.301495;0.441502;0.691981;-0.602981;0.331642;0.349038;0.993337;
4.170277;0.301124;0.321197;0.631659;0.301124;0.394072;0.711536;0.301129;0.442660;0.693002;-0.602248;0.331239;0.350896;0.993360;
4.170706;0.300759;0.322250;0.632129;0.300759;0.395189;0.712182;0.300764;0.443819;0.694021;-0.601518;0.330837;0.352748;0.993385;
4.171135;0.300395;0.323302;0.632598;0.300395;0.396305;0.712826;0.300399;0.444978;0.695036;-0.600789;0.330437;0.354593;0.993411;
4.171564;0.300032;0.324352;0.633064;0.300032;0.397420;0.713468;0.300037;0.446137;0.696047;-0.600064;0.330037;0.356432;0.993441;
4.171993;0.299671;0.325401;0.633530;0.299671;0.398535;0.714108;0.299676;0.447297;0.697055;-0.599342;0.329640;0.358264;0.993473;
4.172422;0.299312;0.326448;0.633993;0.299312;0.399650;0.714746;0.299317;0.448456;0.698058;-0.598624;0.329246;0.360088;0.993508;
4.172851;0.298956;0.327494;0.634455;0.298956;0.400765;0.715383;0.298961;0.449617;0.699057;-0.597912;0.328854;0.361904;0.993547;
4.173280;0.298603;0.328538;0.634916;0.298603;0.401879;0.716017;0.298608;0.450778;0.700051;-0.597205;0.328465;0.363711;0.993589;
4.173709;0.298253;0.329580;0.635374;0.298253;0.402992;0.716649;0.298258;0.451939;0.701040;-0.596506;0.328080;0.365510;0.993635;
4.174138;0.297907;0.330620;0.635831;0.297907;0.404106;0.717279;0.297912;0.453101;0.702024;-0.595814;0.327700;0.367299;0.993685;
4.174567;0.297565;0.331659;0.636286;0.297565;0.405219;0.717907;0.297570;0.454264;0.703003;-0.595130;0.327324;0.369078;0.993739;
4.174996;0.297228;0.332696;0.636738;0.297228;0.406331;0.718533;0.297233;0.455427;0.703976;-0.594456;0.326953;0.370847;0.993797;
4.175425;0.296896;0.333730;0.637189;0.296896;0.407444;0.719156;0.296901;0.456591;0.704943;-0.593793;0.326588;0.372606;0.993859;
4.176283;0.296250;0.335793;0.638084;0.296250;0.409668;0.720396;0.296255;0.458923;0.706858;-0.592500;0.325877;0.376087;0.993996;
4.177055;0.295691;0.337642;0.638881;0.295691;0.411669;0.721503;0.295696;0.461024;0.708558;-0.591382;0.325262;0.379179;0.994134;
4.177827;0.295155;0.339483;0.639671;0.295155;0.413668;0.722601;0.295160;0.463129;0.710235;-0.590310;0.324672;0.382228;0.994286;
4.178599;0.294645;0.341317;0.640453;0.294645;0.415667;0.723690;0.294650;0.465238;0.711888;-0.589290;0.324111;0.385233;0.994452;
4.179371;0.294163;0.343141;0.641226;0.294163;0.417664;0.724770;0.294168;0.467351;0.713515;-0.588326;0.323581;0.388191;0.994630;
4.180143;0.293711;0.344957;0.641990;0.293711;0.419660;0.725840;0.293716;0.469467;0.715114;-0.587423;0.323084;0.391099;0.994822;
4.180916;0.293292;0.346762;0.642746;0.293292;0.421654;0.726901;0.293297;0.471588;0.716685;-0.586584;0.322623;0.393955;0.995025;
4.181688;0.292907;0.348558;0.643491;0.292907;0.423647;0.727950;0.292912;0.473711;0.718227;-0.585815;0.322200;0.396758;0.995240;
4.182460;0.292559;0.350342;0.644227;0.292559;0.425637;0.728989;0.292564;0.475839;0.719737;-0.585118;0.321817;0.399504;0.995465;
4.184004;0.291977;0.353876;0.645667;0.291977;0.429609;0.731033;0.291982;0.480102;0.722662;-0.583954;0.321177;0.404822;0.995940;
4.185548;0.291556;0.357360;0.647065;0.291556;0.433565;0.733029;0.291561;0.484374;0.725454;-0.583112;0.320713;0.409898;0.996445;
4.187093;0.291301;0.360789;0.648418;0.291301;0.437502;0.734975;0.291307;0.488650;0.728108;-0.582603;0.320433;0.414724;0.996969;
4.188637;0.291218;0.364158;0.649724;0.291218;0.441414;0.736870;0.291223;0.492923;0.730621;-0.582436;0.320341;0.419294;0.997506;
4.190181;0.291307;0.367464;0.650984;0.291307;0.445296;0.738711;0.291312;0.497188;0.732991;-0.582613;0.320439;0.423602;0.998045;
4.191726;0.291566;0.370702;0.652194;0.291566;0.449140;0.740496;0.291571;0.501438;0.735217;-0.583131;0.320724;0.427648;0.998581;
4.193270;0.291991;0.373866;0.653356;0.291991;0.452942;0.742224;0.291996;0.505664;0.737298;-0.583982;0.321191;0.431432;0.999105;
4.194814;0.292576;0.376955;0.654469;0.292576;0.456693;0.743893;0.292581;0.509858;0.739236;-0.585152;0.321835;0.434956;0.999612;
4.197903;0.294176;0.382885;0.656547;0.294176;0.464015;0.747053;0.294182;0.518106;0.742699;-0.588353;0.323596;0.441253;1.000549;
4.200991;0.296296;0.388472;0.658429;0.296296;0.471062;0.749973;0.296302;0.526128;0.745631;-0.592592;0.325927;0.446583;1.001372;
4.204080;0.298850;0.393698;0.660121;0.298850;0.477796;0.752651;0.298856;0.533866;0.748063;-0.597700;0.328737;0.451004;1.002069;
4.207169;0.301751;0.398551;0.661629;0.301751;0.484181;0.755091;0.301757;0.541271;0.750031;-0.603502;0.331928;0.454583;1.002642;
4.210257;0.304917;0.403025;0.662959;0.304917;0.490190;0.757296;0.304923;0.548304;0.751573;-0.609835;0.335411;0.457386;1.003099;
4.213346;0.308277;0.407118;0.664121;0.308277;0.495808;0.759273;0.308283;0.554937;0.752723;-0.616554;0.339106;0.459478;1.003455;
4.216434;0.311771;0.410835;0.665122;0.311771;0.501023;0.761030;0.311777;0.561151;0.753515;-0.623543;0.342950;0.460916;1.003731;
4.219523;0.315356;0.414182;0.665971;0.315356;0.505835;0.762575;0.315362;0.566940;0.753975;-0.630711;0.346893;0.461753;1.003946;
4.220431;0.316420;0.415098;0.666193;0.316420;0.507174;0.762990;0.316426;0.568560;0.754052;-0.632840;0.348064;0.461893;1.004000;
4.220431;0.316420;0.415098;0.666194;0.316420;0.507173;0.762991;0.316426;0.568563;0.754054;-0.632839;0.348063;0.461896;1.004000;
4.220432;0.316421;0.415099;0.666194;0.316421;0.507174;0.762991;0.316427;0.568564;0.754054;-0.632841;0.348064;0.461896;1.004000;
4.220433;0.316422;0.415100;0.666194;0.316422;0.507176;0.762991;0.316428;0.568566;0.754054;-0.632843;0.348066;0.461896;1.004000;
4.220434;0.316423;0.415101;0.666194;0.316423;0.507177;0.762992;0.316429;0.568568;0.754054;-0.632846;0.348067;0.461897;1.004000;
4.220436;0.316425;0.415103;0.666195;0.316425;0.507180;0.762993;0.316431;0.568571;0.754054;-0.632851;0.348070;0.461897;1.004000;
4.220440;0.316430;0.415107;0.666196;0.316430;0.507186;0.762994;0.316436;0.568578;0.754054;-0.632860;0.348075;0.461897;1.004001;
4.220448;0.316439;0.415115;0.666198;0.316439;0.507198;0.762998;0.316446;0.568592;0.754055;-0.632879;0.348085;0.461898;1.004001;
4.220464;0.316458;0.415131;0.666201;0.316458;0.507221;0.763005;0.316464;0.568621;0.754056;-0.632917;0.348106;0.461900;1.004002;
4.220496;0.316496;0.415162;0.666209;0.316496;0.507267;0.763019;0.316502;0.568677;0.754058;-0.632992;0.348147;0.461904;1.004004;
4.220560;0.316572;0.415225;0.666224;0.316572;0.507360;0.763048;0.316578;0.568790;0.754062;-0.633143;0.348230;0.461911;1.004007;
4.220688;0.316723;0.415351;0.666254;0.316723;0.507545;0.763105;0.316729;0.569014;0.754070;-0.633445;0.348397;0.461925;1.004014;
4.220944;0.317025;0.415601;0.666313;0.317025;0.507914;0.763217;0.317031;0.569461;0.754084;-0.634050;0.348729;0.461951;1.004028;
4.221456;0.317631;0.416093;0.666428;0.317631;0.508642;0.763437;0.317637;0.570347;0.754106;-0.635261;0.349396;0.461990;1.004055;
4.222480;0.318845;0.417048;0.666647;0.318845;0.510066;0.763862;0.318851;0.572084;0.754126;-0.637689;0.350731;0.462027;1.004107;
4.224486;0.321233;0.418811;0.667033;0.321233;0.512733;0.764634;0.321239;0.575354;0.754075;-0.642465;0.353358;0.461935;1.004200;
4.224487;0.321234;0.418812;0.667034;0.321234;0.512734;0.764634;0.321240;0.575355;0.754075;-0.642467;0.353359;0.461935;1.004200;
4.224488;0.321235;0.418813;0.667034;0.321235;0.512735;0.764635;0.321241;0.575357;0.754075;-0.642470;0.353360;0.461935;1.004200;
4.224490;0.321237;0.418814;0.667034;0.321237;0.512738;0.764635;0.321244;0.575360;0.754075;-0.642475;0.353363;0.461935;1.004200;
4.224494;0.321242;0.418818;0.667035;0.321242;0.512743;0.764637;0.321248;0.575366;0.754075;-0.642484;0.353368;0.461934;1.004200;
4.224502;0.321252;0.418825;0.667036;0.321252;0.512753;0.764640;0.321258;0.575379;0.754074;-0.642503;0.353379;0.461933;1.004201;
4.224518;0.321271;0.418838;0.667039;0.321271;0.512774;0.764646;0.321277;0.575404;0.754074;-0.642541;0.353400;0.461932;1.004201;
4.224550;0.321309;0.418865;0.667045;0.321309;0.512815;0.764657;0.321315;0.575455;0.754072;-0.642618;0.353442;0.461928;1.004203;
4.224614;0.321385;0.418919;0.667056;0.321385;0.512897;0.764680;0.321392;0.575556;0.754068;-0.642770;0.353526;0.461922;1.004206;
4.224742;0.321538;0.419025;0.667079;0.321538;0.513061;0.764727;0.321544;0.575758;0.754060;-0.643076;0.353694;0.461908;1.004211;
4.224998;0.321844;0.419238;0.667123;0.321844;0.513387;0.764818;0.321850;0.576160;0.754043;-0.643687;0.354030;0.461877;1.004222;
4.225510;0.322455;0.419655;0.667209;0.322455;0.514031;0.764997;0.322462;0.576955;0.754004;-0.644911;0.354703;0.461805;1.004244;
4.226534;0.323680;0.420462;0.667369;0.323680;0.515288;0.765339;0.323686;0.578511;0.753903;-0.647360;0.356050;0.461622;1.004286;
4.228582;0.326136;0.421970;0.667649;0.326136;0.517680;0.765965;0.326142;0.581493;0.753615;-0.652271;0.358751;0.461098;1.004367;
4.232678;0.331065;0.424577;0.668050;0.331065;0.522004;0.766993;0.331072;0.586961;0.752708;-0.662131;0.364174;0.459448;1.004518;
4.236774;0.336015;0.426665;0.668247;0.336015;0.525740;0.767733;0.336021;0.591796;0.751378;-0.672029;0.369618;0.457030;1.004659;
4.240870;0.340975;0.428267;0.668254;0.340975;0.528928;0.768208;0.340982;0.596041;0.749651;-0.681950;0.375075;0.453890;1.004788;
4.244966;0.345936;0.429419;0.668085;0.345936;0.531608;0.768435;0.345943;0.599739;0.747556;-0.691871;0.380532;0.450081;1.004903;
4.249062;0.350881;0.430155;0.667753;0.350881;0.533817;0.768434;0.350888;0.602931;0.745123;-0.701762;0.385972;0.445658;1.004999;
4.253158;0.355793;0.430509;0.667274;0.355793;0.535594;0.768226;0.355800;0.605654;0.742387;-0.711586;0.391375;0.440682;1.005072;
4.257254;0.360651;0.430518;0.666661;0.360651;0.536972;0.767829;0.360658;0.607945;0.739381;-0.721302;0.396719;0.435217;1.005120;
4.261350;0.365434;0.430213;0.665929;0.365434;0.537987;0.767263;0.365441;0.609839;0.736141;-0.730868;0.401980;0.429326;1.005141;
4.265446;0.370123;0.429628;0.665093;0.370123;0.538673;0.766548;0.370130;0.611371;0.732703;-0.740245;0.407138;0.423076;1.005137;
4.269542;0.374701;0.428797;0.664167;0.374701;0.539063;0.765701;0.374708;0.612575;0.729102;-0.749401;0.412174;0.416528;1.005109;
4.277734;0.383469;0.426559;0.662113;0.383469;0.539130;0.763706;0.383476;0.614184;0.721572;-0.766938;0.421819;0.402836;1.005001;
4.285107;0.390890;0.424008;0.660081;0.390890;0.538504;0.761632;0.390898;0.614842;0.714529;-0.781781;0.429983;0.390032;1.004857;
4.292480;0.397850;0.421108;0.657942;0.397850;0.537403;0.759385;0.397858;0.614940;0.707383;-0.795700;0.437639;0.377039;1.004682;
4.299853;0.404347;0.418001;0.655753;0.404347;0.535981;0.757040;0.404355;0.614643;0.700255;-0.808694;0.444786;0.364078;1.004485;
4.307226;0.410391;0.414806;0.653561;0.410391;0.534375;0.754665;0.410399;0.614095;0.693248;-0.820783;0.451435;0.351338;1.004271;
4.309590;0.412237;0.413785;0.652867;0.412237;0.533844;0.753910;0.412245;0.613894;0.691045;-0.824474;0.453465;0.347334;1.004200;
4.309591;0.412237;0.413785;0.652867;0.412237;0.533844;0.753909;0.412245;0.613892;0.691044;-0.824475;0.453466;0.347331;1.004200;
4.309592;0.412238;0.413784;0.652866;0.412238;0.533844;0.753909;0.412246;0.613892;0.691043;-0.824476;0.453467;0.347329;1.004200;
4.309593;0.412239;0.413784;0.652866;0.412239;0.533844;0.753909;0.412247;0.613892;0.691042;-0.824478;0.453468;0.347327;1.004200;
4.309594;0.412240;0.413783;0.652866;0.412240;0.533843;0.753908;0.412248;0.613892;0.691041;-0.824479;0.453468;0.347325;1.004200;
4.309596;0.412241;0.413782;0.652865;0.412241;0.533843;0.753908;0.412249;0.613891;0.691039;-0.824483;0.453470;0.347322;1.004200;
4.309600;0.412244;0.413781;0.652864;0.412244;0.533842;0.753906;0.412252;0.613891;0.691035;-0.824489;0.453474;0.347315;1.004200;
4.309608;0.412251;0.413777;0.652862;0.412251;0.533840;0.753904;0.412259;0.613890;0.691028;-0.824501;0.453480;0.347302;1.004200;
4.309624;0.412263;0.413770;0.652857;0.412263;0.533836;0.753899;0.412271;0.613889;0.691013;-0.824526;0.453494;0.347275;1.004199;
4.309656;0.412287;0.413756;0.652848;0.412287;0.533829;0.753888;0.412295;0.613886;0.690983;-0.824575;0.453521;0.347220;1.004198;
4.309720;0.412337;0.413728;0.652829;0.412337;0.533814;0.753868;0.412345;0.613879;0.690923;-0.824674;0.453575;0.347112;1.004196;
4.309848;0.412435;0.413672;0.652791;0.412435;0.533784;0.753826;0.412443;0.613867;0.690804;-0.824870;0.453683;0.346895;1.004192;
4.310104;0.412632;0.413560;0.652715;0.412632;0.533724;0.753744;0.412640;0.613842;0.690566;-0.825263;0.453900;0.346463;1.004184;
4.310616;0.413023;0.413336;0.652565;0.413023;0.533605;0.753579;0.413031;0.613792;0.690091;-0.826046;0.454330;0.345599;1.004169;
4.311640;0.413800;0.412890;0.652264;0.413800;0.533366;0.753251;0.413808;0.613691;0.689144;-0.827599;0.455184;0.343877;1.004137;
4.313688;0.415328;0.412003;0.651667;0.415328;0.532888;0.752598;0.415336;0.613487;0.687266;-0.830656;0.456866;0.340463;1.004073;
4.315986;0.417004;0.411018;0.651005;0.417004;0.532356;0.751873;0.417013;0.613257;0.685186;-0.834009;0.458710;0.336681;1.004000;
4.315987;0.417005;0.411017;0.651005;0.417005;0.532356;0.751873;0.417013;0.613257;0.685185;-0.834010;0.458711;0.336679;1.004000;
4.315988;0.417006;0.411017;0.651004;0.417006;0.532356;0.751873;0.417014;0.613257;0.685184;-0.834012;0.458711;0.336678;1.004000;
4.315990;0.417007;0.411016;0.651004;0.417007;0.532356;0.751872;0.417015;0.613257;0.685183;-0.834015;0.458713;0.336674;1.004000;
4.315994;0.417010;0.411014;0.651003;0.417010;0.532355;0.751871;0.417018;0.613256;0.685179;-0.834020;0.458716;0.336668;1.004000;
4.316002;0.417016;0.411011;0.651000;0.417016;0.532353;0.751868;0.417024;0.613255;0.685172;-0.834032;0.458722;0.336655;1.004000;
4.316018;0.417027;0.411004;0.650996;0.417027;0.532349;0.751863;0.417036;0.613254;0.685157;-0.834055;0.458735;0.336629;1.003999;
4.316050;0.417050;0.410990;0.650987;0.417050;0.532342;0.751853;0.417059;0.613251;0.685129;-0.834101;0.458760;0.336576;1.003998;
4.316114;0.417097;0.410963;0.650968;0.417097;0.532327;0.751833;0.417105;0.613244;0.685071;-0.834193;0.458811;0.336472;1.003996;
4.316242;0.417189;0.410909;0.650932;0.417189;0.532297;0.751793;0.417197;0.613231;0.684956;-0.834377;0.458912;0.336263;1.003992;
4.316498;0.417372;0.410800;0.650858;0.417372;0.532238;0.751713;0.417380;0.613205;0.684726;-0.834745;0.459114;0.335845;1.003984;
4.317010;0.417738;0.410582;0.650712;0.417738;0.532120;0.751553;0.417746;0.613153;0.684268;-0.835476;0.459517;0.335012;1.003967;
4.318034;0.418464;0.410149;0.650421;0.418464;0.531885;0.751234;0.418472;0.613050;0.683356;-0.836928;0.460315;0.333354;1.003935;
4.320082;0.419892;0.409291;0.649845;0.419892;0.531419;0.750603;0.419900;0.612845;0.681551;-0.839783;0.461886;0.330072;1.003868;
4.324178;0.422654;0.407616;0.648716;0.422654;0.530511;0.749368;0.422662;0.612449;0.678021;-0.845308;0.464924;0.323654;1.003734;
4.332370;0.427821;0.404463;0.646573;0.427821;0.528831;0.747028;0.427829;0.611752;0.671310;-0.855641;0.470608;0.311452;1.003462;
4.340562;0.432537;0.401607;0.644596;0.432537;0.527374;0.744884;0.432545;0.611226;0.665094;-0.865074;0.475796;0.300149;1.003190;
4.348754;0.436839;0.399088;0.642803;0.436839;0.526182;0.742958;0.436847;0.610921;0.659401;-0.873678;0.480529;0.289799;1.002922;
4.356946;0.440765;0.396930;0.641204;0.440765;0.525289;0.741266;0.440773;0.610872;0.654244;-0.881529;0.484847;0.280423;1.002664;
4.365138;0.444353;0.395145;0.639802;0.444353;0.524713;0.739814;0.444362;0.611103;0.649621;-0.888706;0.488795;0.272018;1.002418;
4.373330;0.447643;0.393731;0.638594;0.447643;0.524458;0.738600;0.447652;0.611623;0.645515;-0.895286;0.492414;0.264552;1.002191;
4.381522;0.450672;0.392675;0.637573;0.450672;0.524518;0.737616;0.450681;0.612430;0.641897;-0.901344;0.495746;0.257974;1.001983;
4.389714;0.453476;0.391954;0.636726;0.453476;0.524878;0.736847;0.453485;0.613511;0.638729;-0.906953;0.498831;0.252213;1.001796;
4.397906;0.456090;0.391540;0.636036;0.456090;0.525513;0.736273;0.456099;0.614847;0.635965;-0.912179;0.501705;0.247187;1.001633;
4.406098;0.458542;0.391397;0.635486;0.458542;0.526394;0.735873;0.458551;0.616412;0.633556;-0.917084;0.504403;0.242807;1.001492;
4.422482;0.463089;0.391717;0.634694;0.463089;0.528705;0.735459;0.463098;0.620040;0.629526;-0.926177;0.509404;0.235480;1.001275;
4.437228;0.466858;0.392535;0.634262;0.466858;0.531257;0.735430;0.466867;0.623747;0.626612;-0.933716;0.513551;0.230183;1.001142;
4.451974;0.470407;0.393636;0.633985;0.470407;0.534044;0.735588;0.470417;0.627658;0.624116;-0.940815;0.517455;0.225644;1.001058;
4.466719;0.473794;0.394829;0.633776;0.473794;0.536874;0.735817;0.473803;0.631587;0.621826;-0.947588;0.521181;0.221481;1.001009;
4.481465;0.477038;0.395975;0.633568;0.477038;0.539604;0.736033;0.477047;0.635373;0.619601;-0.954076;0.524749;0.217434;1.000981;
4.496210;0.480150;0.396969;0.633317;0.480150;0.542120;0.736175;0.480159;0.638902;0.617344;-0.960299;0.528172;0.213331;1.000965;
4.510956;0.483124;0.397749;0.632999;0.483124;0.544351;0.736208;0.483134;0.642098;0.615010;-0.966247;0.531444;0.209088;1.000951;
4.525702;0.485947;0.398291;0.632607;0.485947;0.546263;0.736121;0.485957;0.644920;0.612593;-0.971895;0.534550;0.204693;1.000931;
4.538875;0.488331;0.398579;0.632198;0.488331;0.547701;0.735946;0.488341;0.647122;0.610382;-0.976662;0.537172;0.200673;1.000907;
4.538876;0.488332;0.398579;0.632198;0.488332;0.547700;0.735946;0.488342;0.647124;0.610382;-0.976663;0.537172;0.200674;1.000907;
4.538877;0.488332;0.398579;0.632198;0.488332;0.547700;0.735946;0.488342;0.647124;0.610382;-0.976664;0.537173;0.200673;1.000907;
4.538879;0.488332;0.398579;0.632198;0.488332;0.547701;0.735946;0.488342;0.647125;0.610382;-0.976664;0.537173;0.200673;1.000907;
4.538883;0.488333;0.398579;0.632198;0.488333;0.547701;0.735946;0.488343;0.647125;0.610381;-0.976666;0.537174;0.200671;1.000907;
4.538891;0.488334;0.398579;0.632198;0.488334;0.547702;0.735946;0.488344;0.647127;0.610380;-0.976668;0.537175;0.200669;1.000907;
4.538907;0.488337;0.398579;0.632197;0.488337;0.547703;0.735946;0.488347;0.647129;0.610377;-0.976674;0.537178;0.200664;1.000907;
4.538939;0.488343;0.398580;0.632196;0.488343;0.547706;0.735945;0.488353;0.647134;0.610372;-0.976685;0.537185;0.200654;1.000907;
4.539003;0.488354;0.398581;0.632194;0.488354;0.547713;0.735944;0.488364;0.647144;0.610361;-0.976708;0.537197;0.200634;1.000907;
4.539131;0.488376;0.398583;0.632190;0.488376;0.547725;0.735942;0.488386;0.647164;0.610339;-0.976753;0.537222;0.200595;1.000906;
4.539387;0.488421;0.398586;0.632181;0.488421;0.547751;0.735937;0.488431;0.647203;0.610295;-0.976843;0.537271;0.200516;1.000906;
4.539899;0.488511;0.398593;0.632164;0.488511;0.547801;0.735929;0.488521;0.647282;0.610208;-0.977023;0.537370;0.200357;1.000905;
4.540923;0.488690;0.398607;0.632130;0.488690;0.547900;0.735910;0.488700;0.647439;0.610034;-0.977381;0.537567;0.200040;1.000903;
4.542971;0.489046;0.398631;0.632060;0.489046;0.548094;0.735873;0.489056;0.647747;0.609685;-0.978091;0.537958;0.199406;1.000898;
4.547067;0.489746;0.398666;0.631918;0.489746;0.548465;0.735792;0.489756;0.648342;0.608986;-0.979492;0.538728;0.198135;1.000888;
4.555259;0.491104;0.398695;0.631623;0.491104;0.549144;0.735611;0.491114;0.649453;0.607590;-0.982208;0.540222;0.195596;1.000867;
4.563451;0.492404;0.398674;0.631319;0.492404;0.549743;0.735409;0.492414;0.650466;0.606202;-0.984809;0.541653;0.193073;1.000843;
4.571643;0.493647;0.398613;0.631008;0.493647;0.550273;0.735190;0.493657;0.651391;0.604832;-0.987294;0.543020;0.190582;1.000816;
4.579835;0.494832;0.398520;0.630696;0.494832;0.550745;0.734960;0.494842;0.652238;0.603489;-0.989664;0.544323;0.188140;1.000787;
4.596219;0.497034;0.398286;0.630084;0.497034;0.551561;0.734495;0.497045;0.653755;0.600921;-0.994069;0.546746;0.183471;1.000724;
4.612603;0.499023;0.398024;0.629506;0.499023;0.552252;0.734043;0.499033;0.655080;0.598537;-0.998046;0.548933;0.179136;1.000659;
4.628987;0.500815;0.397778;0.628976;0.500815;0.552870;0.733627;0.500825;0.656276;0.596363;-1.001630;0.550905;0.175184;1.000595;
4.645371;0.502430;0.397577;0.628505;0.502430;0.553457;0.733262;0.502441;0.657388;0.594410;-1.004861;0.552682;0.171632;1.000533;
4.661755;0.503891;0.397438;0.628094;0.503891;0.554039;0.732955;0.503901;0.658451;0.592672;-1.007782;0.554288;0.168473;1.000478;
4.678139;0.505217;0.397363;0.627742;0.505217;0.554627;0.732706;0.505227;0.659481;0.591132;-1.010434;0.555747;0.165674;1.000428;
4.710907;0.507554;0.397358;0.627172;0.507554;0.555809;0.732339;0.507564;0.661453;0.588515;-1.015107;0.558317;0.160915;1.000350;
4.743675;0.509535;0.397472;0.626736;0.509535;0.556947;0.732094;0.509546;0.663276;0.586386;-1.019071;0.560498;0.157044;1.000294;
4.776443;0.511231;0.397615;0.626381;0.511231;0.557976;0.731909;0.511242;0.664897;0.584595;-1.022462;0.562363;0.153787;1.000253;
4.809211;0.512685;0.397727;0.626068;0.512685;0.558852;0.731743;0.512696;0.666282;0.583037;-1.025370;0.563962;0.150954;1.000220;
4.841979;0.513928;0.397782;0.625782;0.513928;0.559561;0.731576;0.513939;0.667426;0.581660;-1.027857;0.565330;0.148451;1.000192;
4.874747;0.514984;0.397788;0.625519;0.514984;0.560121;0.731409;0.514995;0.668355;0.580447;-1.029967;0.566491;0.146245;1.000165;
4.907515;0.515873;0.397766;0.625284;0.515873;0.560565;0.731252;0.515884;0.669110;0.579394;-1.031747;0.567470;0.144332;1.000140;
4.973051;0.517272;0.397724;0.624910;0.517272;0.561262;0.731000;0.517283;0.670297;0.577727;-1.034544;0.569008;0.141300;1.000098;
5.038587;0.518265;0.397711;0.624651;0.518265;0.561775;0.730829;0.518276;0.671163;0.576554;-1.036530;0.570100;0.139167;1.000068;
5.104123;0.518971;0.397725;0.624476;0.518971;0.562166;0.730721;0.518982;0.671806;0.575738;-1.037942;0.570877;0.137684;1.000047;
5.169659;0.519475;0.397742;0.624354;0.519475;0.562454;0.730648;0.519486;0.672276;0.575160;-1.038950;0.571432;0.136634;1.000034;
5.235195;0.519836;0.397750;0.624265;0.519836;0.562657;0.730594;0.519847;0.672607;0.574743;-1.039671;0.571828;0.135875;1.000025;
5.300731;0.520092;0.397750;0.624199;0.520092;0.562794;0.730552;0.520103;0.672836;0.574441;-1.040183;0.572110;0.135326;1.000018;
5.366267;0.520272;0.397748;0.624151;0.520272;0.562889;0.730520;0.520283;0.672994;0.574225;-1.040544;0.572308;0.134933;1.000012;
5.431803;0.520399;0.397747;0.624118;0.520399;0.562956;0.730498;0.520410;0.673106;0.574073;-1.040798;0.572448;0.134658;1.000009;
5.562875;0.520564;0.397748;0.624075;0.520564;0.563045;0.730472;0.520575;0.673255;0.573879;-1.041127;0.572629;0.134305;1.000004;
5.693947;0.520646;0.397749;0.624055;0.520646;0.563091;0.730459;0.520657;0.673330;0.573784;-1.041291;0.572719;0.134131;1.000002;
5.825019;0.520683;0.397750;0.624045;0.520683;0.563112;0.730453;0.520694;0.673364;0.573740;-1.041367;0.572761;0.134050;1.000001;
5.956091;0.520699;0.397749;0.624041;0.520699;0.563120;0.730450;0.520711;0.673378;0.573720;-1.041399;0.572779;0.134016;1.000000;
6.218235;0.520713;0.397749;0.624038;0.520713;0.563127;0.730448;0.520724;0.673390;0.573705;-1.041425;0.572793;0.133987;1.000000;
6.742523;0.520709;0.397749;0.624039;0.520709;0.563125;0.730449;0.520720;0.673387;0.573709;-1.041418;0.572789;0.133996;1.000000;
7.266811;0.520708;0.397749;0.624039;0.520708;0.563125;0.730449;0.520719;0.673386;0.573711;-1.041415;0.572788;0.133998;1.000000;
7.999998;0.520707;0.397749;0.624039;0.520707;0.563124;0.730449;0.520718;0.673386;0.573711;-1.041415;0.572787;0.133998;1.000000;
7.999998;1.041398;-0.269500;0.828630;1.041398;-0.016712;0.802306;1.041415;0.151830;0.573711;-1.041398;0.572787;-0.775076;0.824994;
7.999999;1.041341;-0.269487;0.828648;1.041341;-0.016738;0.802324;1.041358;0.151778;0.573761;-1.041341;0.572756;-0.774986;0.824987;
8.000000;1.041284;-0.269475;0.828667;1.041284;-0.016765;0.802342;1.041301;0.151725;0.573810;-1.041284;0.572724;-0.774895;0.824980;
8.000002;1.041169;-0.269450;0.828704;1.041169;-0.016818;0.802378;1.041186;0.151621;0.573910;-1.041169;0.572661;-0.774715;0.824967;
8.000006;1.040939;-0.269400;0.828779;1.040939;-0.016923;0.802450;1.040956;0.151411;0.574108;-1.040939;0.572535;-0.774353;0.824940;
8.000014;1.040480;-0.269300;0.828927;1.040480;-0.017134;0.802593;1.040497;0.150993;0.574506;-1.040480;0.572282;-0.773631;0.824886;
8.000030;1.039561;-0.269099;0.829225;1.039561;-0.017555;0.802880;1.039577;0.150157;0.575300;-1.039561;0.571776;-0.772187;0.824780;
8.000062;1.037717;-0.268696;0.829820;1.037717;-0.018394;0.803453;1.037734;0.148491;0.576888;-1.037717;0.570763;-0.769300;0.824573;
8.000126;1.034015;-0.267883;0.831008;1.034015;-0.020057;0.804602;1.034032;0.145177;0.580059;-1.034015;0.568726;-0.763534;0.824179;
8.000254;1.026549;-0.266226;0.833380;1.026549;-0.023322;0.806902;1.026565;0.138629;0.586385;-1.026549;0.564620;-0.752033;0.823473;
8.000510;1.011390;-0.262794;0.838098;1.011390;-0.029602;0.811511;1.011406;0.125874;0.598956;-1.011390;0.556282;-0.729176;0.822378;
8.001022;0.980314;-0.255456;0.847410;0.980314;-0.041084;0.820745;0.980329;0.101845;0.623693;-0.980314;0.539190;-0.684200;0.821408;
8.001534;0.948429;-0.247494;0.856524;0.948429;-0.051048;0.829972;0.948442;0.079913;0.647791;-0.948429;0.521652;-0.640386;0.821986;
8.002046;0.916036;-0.238922;0.865410;0.916036;-0.059413;0.839160;0.916048;0.060231;0.671135;-0.916036;0.503835;-0.597942;0.823994;
8.002558;0.883464;-0.229763;0.874043;0.883464;-0.066128;0.848280;0.883475;0.042915;0.693635;-0.883464;0.485920;-0.557033;0.827303;
8.003070;0.851029;-0.220044;0.882405;0.851029;-0.071172;0.857304;0.851039;0.028017;0.715220;-0.851029;0.468080;-0.517787;0.831783;
8.003582;0.819043;-0.209796;0.890484;0.819043;-0.074550;0.866214;0.819052;0.015550;0.735844;-0.819043;0.450487;-0.480290;0.837294;
8.004094;0.787804;-0.199058;0.898273;0.787804;-0.076294;0.874991;0.787812;0.005483;0.755481;-0.787804;0.433304;-0.444586;0.843701;
8.004606;0.757587;-0.187867;0.905772;0.757587;-0.076458;0.883625;0.757594;-0.002248;0.774126;-0.757587;0.416684;-0.410686;0.850865;
8.005118;0.728643;-0.176266;0.912983;0.728643;-0.075113;0.892105;0.728650;-0.007734;0.791789;-0.728643;0.400765;-0.378572;0.858653;
8.005604;0.702576;-0.164923;0.919564;0.702576;-0.072522;0.900000;0.702583;-0.010963;0.807654;-0.702576;0.386428;-0.349726;0.866499;
8.005604;0.702607;-0.164929;0.919569;0.702607;-0.072535;0.899993;0.702613;-0.010933;0.807660;-0.702607;0.386444;-0.349716;0.866557;
8.005604;0.702584;-0.164918;0.919574;0.702584;-0.072532;0.900000;0.702591;-0.010935;0.807673;-0.702584;0.386432;-0.349691;0.866565;
8.005605;0.702532;-0.164895;0.919588;0.702532;-0.072525;0.900016;0.702538;-0.010940;0.807705;-0.702532;0.386403;-0.349633;0.866581;
8.005606;0.702480;-0.164871;0.919601;0.702480;-0.072519;0.900032;0.702486;-0.010945;0.807737;-0.702480;0.386375;-0.349575;0.866598;
8.005608;0.702376;-0.164824;0.919628;0.702376;-0.072505;0.900064;0.702382;-0.010954;0.807801;-0.702376;0.386317;-0.349460;0.866631;
8.005612;0.702167;-0.164729;0.919681;0.702167;-0.072479;0.900129;0.702173;-0.010973;0.807928;-0.702167;0.386202;-0.349228;0.866698;
8.005620;0.701750;-0.164539;0.919787;0.701750;-0.072425;0.900258;0.701756;-0.011010;0.808182;-0.701750;0.385973;-0.348766;0.866831;
8.005636;0.700917;-0.164159;0.920000;0.700917;-0.072317;0.900515;0.700924;-0.011083;0.808690;-0.700917;0.385515;-0.347843;0.867097;
8.005668;0.699257;-0.163399;0.920424;0.699257;-0.072097;0.901030;0.699263;-0.011223;0.809702;-0.699257;0.384602;-0.346003;0.867631;
8.005732;0.695957;-0.161875;0.921268;0.695957;-0.071642;0.902058;0.695963;-0.011481;0.811716;-0.695957;0.382787;-0.342341;0.868704;
8.005860;0.689438;-0.158811;0.922945;0.689438;-0.070669;0.904105;0.689444;-0.011902;0.815701;-0.689438;0.379201;-0.335095;0.870864;
8.006116;0.676737;-0.152628;0.926249;0.676737;-0.068484;0.908169;0.676742;-0.012382;0.823500;-0.676737;0.372215;-0.320915;0.875241;
8.006628;0.652741;-0.140055;0.932660;0.652741;-0.063200;0.916169;0.652746;-0.011958;0.838433;-0.652741;0.359017;-0.293765;0.884160;
8.007140;0.630718;-0.127236;0.938821;0.630718;-0.056780;0.924004;0.630722;-0.009804;0.852522;-0.630718;0.346904;-0.268149;0.893226;
8.007652;0.610762;-0.114209;0.944746;0.610762;-0.049326;0.931674;0.610766;-0.006066;0.865818;-0.610762;0.335928;-0.243974;0.902347;
8.008164;0.592941;-0.101008;0.950448;0.592941;-0.040936;0.939182;0.592945;-0.000881;0.878370;-0.592941;0.326126;-0.221153;0.911441;
8.008676;0.577294;-0.087668;0.955940;0.577294;-0.031704;0.946529;0.577298;0.005616;0.890225;-0.577294;0.317520;-0.199597;0.920427;
8.009188;0.563833;-0.074220;0.961233;0.563833;-0.021718;0.953719;0.563836;0.013296;0.901431;-0.563833;0.310115;-0.179223;0.929236;
8.009700;0.552545;-0.060693;0.966338;0.552545;-0.011062;0.960753;0.552549;0.022040;0.912030;-0.552545;0.303907;-0.159953;0.937808;
8.010212;0.543399;-0.047113;0.971264;0.543399;0.000187;0.967634;0.543402;0.031740;0.922061;-0.543399;0.298876;-0.141714;0.946089;
8.010724;0.536341;-0.033507;0.976022;0.536341;0.011960;0.974365;0.536344;0.042294;0.931562;-0.536341;0.294994;-0.124440;0.954036;
8.011236;0.531302;-0.019895;0.980619;0.531302;0.024193;0.980947;0.531305;0.053610;0.940565;-0.531302;0.292223;-0.108072;0.961611;
8.011748;0.528198;-0.006299;0.985062;0.528198;0.036828;0.987383;0.528201;0.065606;0.949100;-0.528198;0.290515;-0.092554;0.968786;
8.012260;0.526933;0.007262;0.989359;0.526933;0.049813;0.993674;0.526936;0.078207;0.957192;-0.526933;0.289819;-0.077840;0.975537;
8.012772;0.527400;0.020770;0.993514;0.527400;0.063098;0.999823;0.527403;0.091345;0.964868;-0.527400;0.290076;-0.063886;0.981848;
8.013284;0.529485;0.034210;0.997533;0.529485;0.076641;1.005830;0.529488;0.104957;0.972146;-0.529485;0.291223;-0.050652;0.987708;
8.013796;0.533068;0.047566;1.001420;0.533068;0.090401;1.011698;0.533071;0.118986;0.979048;-0.533068;0.293193;-0.038104;0.993111;
8.014308;0.538025;0.060824;1.005181;0.538025;0.104341;1.017427;0.538027;0.133380;0.985590;-0.538025;0.295919;-0.026209;0.998056;
8.014820;0.544228;0.073973;1.008819;0.544228;0.118427;1.023020;0.544231;0.148091;0.991791;-0.544228;0.299331;-0.014936;1.002546;
8.014998;0.546642;0.078508;1.010053;0.546642;0.123343;1.024929;0.546645;0.153259;0.993866;-0.546642;0.300659;-0.011162;1.004000;
8.014998;0.546620;0.078503;1.010049;0.546620;0.123341;1.024926;0.546623;0.153236;0.993861;-0.546620;0.300647;-0.011172;1.004002;
8.014999;0.546634;0.078529;1.010056;0.546634;0.123369;1.024938;0.546637;0.153265;0.993872;-0.546634;0.300654;-0.011151;1.004006;
8.015000;0.546648;0.078554;1.010063;0.546648;0.123397;1.024949;0.546651;0.153294;0.993884;-0.546648;0.300662;-0.011130;1.004014;
8.015002;0.546676;0.078605;1.010077;0.546676;0.123452;1.024970;0.546679;0.153353;0.993907;-0.546676;0.300678;-0.011088;1.004030;
8.015006;0.546733;0.078707;1.010104;0.546733;0.123563;1.025013;0.546736;0.153470;0.993953;-0.546733;0.300709;-0.011004;1.004062;
8.015014;0.546846;0.078911;1.010160;0.546846;0.123785;1.025098;0.546849;0.153704;0.994045;-0.546846;0.300771;-0.010836;1.004126;
8.015023;0.546977;0.079146;1.010223;0.546977;0.124041;1.025197;0.546980;0.153973;0.994152;-0.546977;0.300843;-0.010643;1.004200;
8.015024;0.546991;0.079172;1.010230;0.546991;0.124069;1.025208;0.546994;0.154003;0.994163;-0.546991;0.300851;-0.010622;1.004208;
8.015025;0.547005;0.079197;1.010237;0.547005;0.124096;1.025218;0.547008;0.154032;0.994175;-0.547005;0.300858;-0.010601;1.004216;
8.015027;0.547033;0.079248;1.010251;0.547033;0.124152;1.025240;0.547036;0.154090;0.994198;-0.547033;0.300874;-0.010559;1.004232;
8.015031;0.547090;0.079350;1.010278;0.547090;0.124263;1.025283;0.547093;0.154207;0.994244;-0.547090;0.300905;-0.010475;1.004264;
8.015039;0.547204;0.079554;1.010334;0.547204;0.124485;1.025368;0.547207;0.154441;0.994336;-0.547204;0.300968;-0.010308;1.004327;
8.015055;0.547433;0.079961;1.010444;0.547433;0.124929;1.025539;0.547436;0.154910;0.994520;-0.547433;0.301094;-0.009974;1.004454;
8.015087;0.547893;0.080776;1.010663;0.547893;0.125817;1.025880;0.547896;0.155847;0.994887;-0.547893;0.301347;-0.009307;1.004707;
8.015151;0.548826;0.082403;1.011102;0.548826;0.127594;1.026561;0.548829;0.157724;0.995617;-0.548826;0.301860;-0.007979;1.005207;
8.015279;0.550740;0.085651;1.011973;0.550740;0.131153;1.027916;0.550743;0.161490;0.997062;-0.550740;0.302913;-0.005352;1.006187;
8.015535;0.554750;0.092123;1.013694;0.554750;0.138285;1.030600;0.554753;0.169063;0.999895;-0.554750;0.305118;-0.000202;1.008064;
8.015807;0.559243;0.098944;1.015488;0.559243;0.145861;1.033411;0.559246;0.177142;1.002816;-0.559243;0.307589;0.005110;1.009937;
8.015808;0.559259;0.098970;1.015495;0.559259;0.145889;1.033421;0.559262;0.177172;1.002827;-0.559259;0.307598;0.005130;1.009943;
8.015809;0.559276;0.098995;1.015501;0.559276;0.145917;1.033431;0.559280;0.177202;1.002838;-0.559276;0.307608;0.005150;1.009950;
8.015811;0.559311;0.099045;1.015515;0.559311;0.145973;1.033452;0.559314;0.177262;1.002859;-0.559311;0.307626;0.005188;1.009963;
8.015815;0.559379;0.099145;1.015541;0.559379;0.146085;1.033493;0.559382;0.177381;1.002901;-0.559379;0.307664;0.005265;1.009990;
8.015823;0.559516;0.099345;1.015593;0.559516;0.146309;1.033575;0.559519;0.177620;1.002986;-0.559516;0.307739;0.005419;1.010043;
8.015839;0.559791;0.099746;1.015698;0.559791;0.146756;1.033739;0.559794;0.178099;1.003155;-0.559791;0.307890;0.005727;1.010149;
8.015871;0.560343;0.100548;1.015907;0.560343;0.147651;1.034068;0.560346;0.179057;1.003493;-0.560343;0.308194;0.006340;1.010360;
8.015935;0.561456;0.102149;1.016323;0.561456;0.149442;1.034723;0.561459;0.180974;1.004165;-0.561456;0.308806;0.007562;1.010777;
8.016063;0.563722;0.105344;1.017151;0.563722;0.153026;1.036027;0.563725;0.184817;1.005494;-0.563722;0.310053;0.009979;1.011592;
8.016319;0.568401;0.111706;1.018787;0.568401;0.160200;1.038611;0.568404;0.192533;1.008100;-0.568401;0.312626;0.014717;1.013142;
8.016831;0.578281;0.124313;1.021978;0.578281;0.174559;1.043681;0.578285;0.208060;1.013107;-0.578281;0.318060;0.023820;1.015938;
8.017343;0.588783;0.136758;1.025066;0.588783;0.188916;1.048623;0.588787;0.223690;1.017849;-0.588783;0.323836;0.032442;1.018340;
8.018367;0.611077;0.161127;1.030950;0.611077;0.217490;1.058135;0.611080;0.255070;1.026626;-0.611077;0.336098;0.048399;1.022068;
8.019288;0.632216;0.182431;1.035928;0.632216;0.242951;1.066281;0.632220;0.283302;1.033772;-0.632216;0.347725;0.061391;1.024279;
8.020210;0.653813;0.203106;1.040629;0.653813;0.268031;1.074048;0.653818;0.311319;1.040297;-0.653813;0.359603;0.073254;1.025538;
8.021132;0.675388;0.223122;1.045075;0.675388;0.292606;1.081453;0.675392;0.338933;1.046291;-0.675388;0.371469;0.084152;1.025970;
8.021475;0.683309;0.230401;1.046672;0.683309;0.301599;1.084123;0.683314;0.349071;1.048411;-0.683309;0.375826;0.088005;1.025953;
8.021476;0.683333;0.230423;1.046676;0.683333;0.301627;1.084131;0.683338;0.349101;1.048416;-0.683333;0.375839;0.088016;1.025953;
8.021477;0.683356;0.230444;1.046681;0.683356;0.301653;1.084138;0.683361;0.349130;1.048422;-0.683356;0.375852;0.088027;1.025952;
8.021479;0.683403;0.230486;1.046690;0.683403;0.301705;1.084154;0.683407;0.349189;1.048435;-0.683403;0.375877;0.088049;1.025952;
8.021483;0.683495;0.230571;1.046709;0.683495;0.301810;1.084185;0.683500;0.349307;1.048459;-0.683495;0.375928;0.088093;1.025951;
8.021491;0.683681;0.230739;1.046745;0.683681;0.302018;1.084246;0.683686;0.349543;1.048507;-0.683681;0.376030;0.088181;1.025949;
8.021507;0.684051;0.231076;1.046819;0.684051;0.302436;1.084369;0.684056;0.350014;1.048604;-0.684051;0.376234;0.088356;1.025944;
8.021539;0.684792;0.231749;1.046965;0.684792;0.303271;1.084615;0.684797;0.350956;1.048796;-0.684792;0.376642;0.088707;1.025935;
8.021603;0.686271;0.233093;1.047258;0.686271;0.304937;1.085105;0.686276;0.352838;1.049180;-0.686271;0.377455;0.089405;1.025915;
8.021731;0.689219;0.235771;1.047840;0.689219;0.308261;1.086082;0.689224;0.356592;1.049943;-0.689219;0.379076;0.090791;1.025864;
8.021987;0.695071;0.241086;1.048992;0.695071;0.314867;1.088015;0.695076;0.364059;1.051447;-0.695071;0.382295;0.093525;1.025729;
8.022499;0.706575;0.251557;1.051248;0.706575;0.327910;1.091807;0.706580;0.378817;1.054376;-0.706575;0.388622;0.098851;1.025330;
8.023523;0.728613;0.271858;1.055588;0.728613;0.353272;1.099107;0.728619;0.407554;1.059974;-0.728613;0.400743;0.109028;1.024102;
8.023652;0.731284;0.274353;1.056120;0.731284;0.356393;1.100000;0.731289;0.411094;1.060659;-0.731284;0.402212;0.110274;1.023914;
8.023652;0.731284;0.274354;1.056119;0.731284;0.356395;1.100000;0.731290;0.411094;1.060659;-0.731284;0.402213;0.110273;1.023914;
8.023653;0.731305;0.274373;1.056123;0.731305;0.356419;1.100007;0.731311;0.411121;1.060664;-0.731305;0.402224;0.110283;1.023912;
8.023654;0.731326;0.274393;1.056128;0.731326;0.356443;1.100014;0.731331;0.411149;1.060669;-0.731326;0.402235;0.110292;1.023911;
8.023656;0.731367;0.274431;1.056136;0.731367;0.356491;1.100028;0.731373;0.411203;1.060680;-0.731367;0.402258;0.110311;1.023908;
8.023660;0.731450;0.274508;1.056152;0.731450;0.356588;1.100055;0.731456;0.411313;1.060701;-0.731450;0.402304;0.110350;1.023901;
8.023668;0.731616;0.274663;1.056185;0.731616;0.356781;1.100111;0.731621;0.411532;1.060743;-0.731616;0.402395;0.110426;1.023889;
8.023684;0.731947;0.274971;1.056250;0.731947;0.357167;1.100221;0.731952;0.411970;1.060827;-0.731947;0.402577;0.110579;1.023864;
8.023716;0.732608;0.275587;1.056381;0.732608;0.357939;1.100441;0.732613;0.412845;1.060995;-0.732608;0.402941;0.110884;1.023814;
8.023780;0.733925;0.276817;1.056642;0.733925;0.359478;1.100880;0.733931;0.414592;1.061330;-0.733925;0.403665;0.111494;1.023712;
8.023908;0.736541;0.279266;1.057162;0.736541;0.362546;1.101755;0.736547;0.418071;1.061998;-0.736541;0.405104;0.112707;1.023503;
8.024164;0.741698;0.284125;1.058193;0.741698;0.368630;1.103488;0.741703;0.424972;1.063322;-0.741698;0.407940;0.115115;1.023066;
8.024676;0.751694;0.293682;1.060218;0.751694;0.380594;1.106889;0.751700;0.438540;1.065931;-0.751694;0.413438;0.119859;1.022126;
8.025188;0.761255;0.303027;1.062198;0.761255;0.392279;1.110207;0.761261;0.451786;1.068496;-0.761255;0.418697;0.124522;1.021107;
8.026212;0.779005;0.321092;1.066035;0.779005;0.414800;1.116609;0.779011;0.477278;1.073531;-0.779005;0.428459;0.133677;1.018911;
8.027236;0.794889;0.338335;1.069721;0.794889;0.436165;1.122710;0.794895;0.501392;1.078480;-0.794889;0.437195;0.142673;1.016578;
8.028260;0.808895;0.354775;1.073270;0.808895;0.456369;1.128531;0.808902;0.524105;1.083384;-0.808895;0.444899;0.151589;1.014199;
8.028691;0.814239;0.361463;1.074728;0.814239;0.464528;1.130902;0.814245;0.533251;1.085443;-0.814239;0.447838;0.155333;1.013208;
8.028691;0.814240;0.361465;1.074727;0.814240;0.464532;1.130901;0.814247;0.533250;1.085441;-0.814240;0.447839;0.155330;1.013208;
8.028692;0.814252;0.361480;1.074730;0.814252;0.464550;1.130907;0.814259;0.533271;1.085446;-0.814252;0.447845;0.155339;1.013205;
8.028693;0.814264;0.361495;1.074734;0.814264;0.464569;1.130912;0.814271;0.533292;1.085451;-0.814264;0.447852;0.155348;1.013203;
8.028695;0.814288;0.361526;1.074741;0.814288;0.464606;1.130923;0.814295;0.533334;1.085460;-0.814288;0.447865;0.155365;1.013198;
8.028699;0.814336;0.361587;1.074754;0.814336;0.464681;1.130945;0.814343;0.533417;1.085480;-0.814336;0.447891;0.155400;1.013189;
8.028707;0.814432;0.361710;1.074781;0.814432;0.464830;1.130988;0.814439;0.533584;1.085518;-0.814432;0.447944;0.155469;1.013171;
8.028723;0.814623;0.361955;1.074834;0.814623;0.465129;1.131075;0.814630;0.533918;1.085594;-0.814623;0.448049;0.155608;1.013133;
8.028755;0.815004;0.362445;1.074941;0.815004;0.465725;1.131249;0.815011;0.534585;1.085747;-0.815004;0.448259;0.155885;1.013059;
8.028819;0.815761;0.363422;1.075155;0.815761;0.466913;1.131596;0.815768;0.535914;1.086052;-0.815761;0.448675;0.156440;1.012911;
8.028947;0.817253;0.365368;1.075582;0.817253;0.469277;1.132286;0.817260;0.538557;1.086663;-0.817253;0.449496;0.157551;1.012615;
8.029203;0.820153;0.369225;1.076429;0.820153;0.473952;1.133656;0.820160;0.543777;1.087884;-0.820153;0.451091;0.159772;1.012029;
8.029715;0.825620;0.376801;1.078102;0.825620;0.483093;1.136349;0.825627;0.553961;1.090329;-0.825620;0.454098;0.164216;1.010877;
8.030739;0.835291;0.391417;1.081369;0.835291;0.500568;1.141559;0.835298;0.573344;1.095222;-0.835291;0.459417;0.173113;1.008682;
8.031763;0.843368;0.405340;1.084531;0.843368;0.517000;1.146542;0.843376;0.591448;1.100121;-0.843368;0.463859;0.182020;1.006656;
8.032787;0.849992;0.418602;1.087592;0.849992;0.532442;1.151310;0.850000;0.608345;1.105017;-0.849992;0.467502;0.190922;1.004825;
8.033166;0.852120;0.423363;1.088703;0.852120;0.537936;1.153026;0.852128;0.614330;1.106829;-0.852120;0.468673;0.194216;1.004200;
8.033167;0.852128;0.423376;1.088706;0.852128;0.537953;1.153031;0.852135;0.614345;1.106833;-0.852128;0.468677;0.194223;1.004198;
8.033168;0.852133;0.423389;1.088709;0.852133;0.537967;1.153035;0.852140;0.614361;1.106838;-0.852133;0.468680;0.194232;1.004197;
8.033170;0.852143;0.423414;1.088714;0.852143;0.537996;1.153044;0.852151;0.614392;1.106848;-0.852143;0.468685;0.194249;1.004194;
8.033174;0.852165;0.423463;1.088726;0.852165;0.538053;1.153062;0.852172;0.614454;1.106867;-0.852165;0.468697;0.194284;1.004187;
8.033182;0.852207;0.423562;1.088749;0.852207;0.538167;1.153098;0.852214;0.614577;1.106905;-0.852207;0.468720;0.194353;1.004174;
8.033198;0.852291;0.423761;1.088796;0.852291;0.538395;1.153169;0.852299;0.614825;1.106981;-0.852291;0.468767;0.194492;1.004148;
8.033230;0.852459;0.424156;1.088888;0.852459;0.538850;1.153312;0.852466;0.615319;1.107134;-0.852459;0.468859;0.194770;1.004097;
8.033291;0.852774;0.424908;1.089065;0.852774;0.539712;1.153583;0.852782;0.616256;1.107424;-0.852774;0.469032;0.195298;1.004000;
8.033292;0.852779;0.424920;1.089067;0.852779;0.539726;1.153588;0.852787;0.616272;1.107429;-0.852779;0.469035;0.195307;1.003999;
8.033293;0.852784;0.424932;1.089070;0.852784;0.539741;1.153592;0.852792;0.616287;1.107434;-0.852784;0.469038;0.195315;1.003997;
8.033295;0.852795;0.424957;1.089076;0.852795;0.539769;1.153601;0.852802;0.616318;1.107444;-0.852795;0.469044;0.195333;1.003994;
8.033299;0.852815;0.425006;1.089088;0.852815;0.539825;1.153619;0.852823;0.616379;1.107463;-0.852815;0.469055;0.195368;1.003988;
8.033307;0.852856;0.425105;1.089111;0.852856;0.539939;1.153655;0.852864;0.616502;1.107501;-0.852856;0.469077;0.195437;1.003975;
8.033323;0.852938;0.425302;1.089157;0.852938;0.540165;1.153726;0.852946;0.616748;1.107577;-0.852938;0.469122;0.195576;1.003950;
8.033355;0.853101;0.425695;1.089250;0.853101;0.540616;1.153868;0.853109;0.617238;1.107730;-0.853101;0.469212;0.195853;1.003899;
8.033419;0.853423;0.426480;1.089434;0.853423;0.541517;1.154152;0.853431;0.618215;1.108035;-0.853423;0.469389;0.196408;1.003799;
8.033547;0.854054;0.428044;1.089802;0.854054;0.543307;1.154717;0.854061;0.620157;1.108645;-0.854054;0.469736;0.197518;1.003601;
8.033803;0.855261;0.431143;1.090533;0.855261;0.546847;1.155838;0.855268;0.623991;1.109864;-0.855261;0.470400;0.199733;1.003216;
8.034315;0.857467;0.437230;1.091977;0.857467;0.553769;1.158043;0.857475;0.631469;1.112294;-0.857467;0.471614;0.204151;1.002489;
8.035339;0.861143;0.448978;1.094790;0.861143;0.567012;1.162310;0.861151;0.645710;1.117110;-0.861143;0.473635;0.212908;1.001206;
8.036069;0.863229;0.457018;1.096735;0.863229;0.575991;1.165237;0.863237;0.655315;1.120500;-0.863229;0.474782;0.219071;1.000427;
8.036070;0.863233;0.457029;1.096737;0.863233;0.576004;1.165241;0.863240;0.655328;1.120504;-0.863233;0.474784;0.219079;1.000426;
8.036071;0.863235;0.457040;1.096740;0.863235;0.576016;1.165245;0.863243;0.655341;1.120509;-0.863235;0.474786;0.219088;1.000425;
8.036073;0.863240;0.457061;1.096745;0.863240;0.576040;1.165253;0.863248;0.655367;1.120518;-0.863240;0.474788;0.219104;1.000423;
8.036077;0.863250;0.457105;1.096756;0.863250;0.576088;1.165269;0.863258;0.655418;1.120537;-0.863250;0.474794;0.219138;1.000419;
8.036085;0.863270;0.457191;1.096777;0.863270;0.576184;1.165300;0.863278;0.655521;1.120574;-0.863270;0.474805;0.219205;1.000411;
8.036101;0.863310;0.457364;1.096819;0.863310;0.576376;1.165363;0.863318;0.655725;1.120648;-0.863310;0.474827;0.219340;1.000395;
8.036133;0.863389;0.457709;1.096903;0.863389;0.576759;1.165489;0.863397;0.656134;1.120795;-0.863389;0.474871;0.219608;1.000364;
8.036197;0.863546;0.458398;1.097070;0.863546;0.577524;1.165741;0.863554;0.656950;1.121091;-0.863546;0.474957;0.220145;1.000302;
8.036325;0.863850;0.459770;1.097404;0.863850;0.579046;1.166241;0.863858;0.658571;1.121680;-0.863850;0.475124;0.221217;1.000181;
8.036581;0.864425;0.462489;1.098068;0.864425;0.582056;1.167234;0.864433;0.661776;1.122855;-0.864425;0.475440;0.223353;0.999948;
8.037093;0.865451;0.467831;1.099375;0.865451;0.587951;1.169185;0.865459;0.668039;1.125185;-0.865451;0.476005;0.227590;0.999523;
8.038117;0.867084;0.478144;1.101913;0.867084;0.599267;1.172956;0.867093;0.680024;1.129756;-0.867084;0.476903;0.235899;0.998822;
8.039141;0.868249;0.487980;1.104348;0.868249;0.609986;1.176554;0.868257;0.691332;1.134193;-0.868249;0.477543;0.243967;0.998309;
8.040165;0.869062;0.497356;1.106677;0.869062;0.620154;1.179984;0.869070;0.702027;1.138479;-0.869062;0.477990;0.251760;0.997965;
8.041189;0.869633;0.506293;1.108902;0.869633;0.629814;1.183249;0.869642;0.712169;1.142599;-0.869633;0.478304;0.259251;0.997769;
8.042213;0.870059;0.514807;1.111020;0.870059;0.639003;1.186355;0.870067;0.721809;1.146538;-0.870059;0.478538;0.266413;0.997701;
8.043237;0.870418;0.522912;1.113033;0.870418;0.647754;1.189303;0.870426;0.730990;1.150287;-0.870418;0.478736;0.273228;0.997739;
8.044261;0.870775;0.530623;1.114940;0.870775;0.656094;1.192099;0.870783;0.739749;1.153836;-0.870775;0.478932;0.279681;0.997861;
8.045285;0.871182;0.537951;1.116743;0.871182;0.664043;1.194744;0.871190;0.748114;1.157182;-0.871182;0.479156;0.285765;0.998049;
8.046309;0.871674;0.544905;1.118443;0.871674;0.671621;1.197244;0.871682;0.756107;1.160322;-0.871674;0.479426;0.291474;0.998284;
8.047333;0.872275;0.551496;1.120041;0.872275;0.678840;1.199601;0.872284;0.763745;1.163256;-0.872275;0.479757;0.296808;0.998549;
8.048357;0.873001;0.557732;1.121540;0.873001;0.685711;1.201819;0.873009;0.771040;1.165987;-0.873001;0.480156;0.301773;0.998831;
8.048857;0.873401;0.560649;1.122236;0.873401;0.688942;1.202852;0.873410;0.774479;1.167247;-0.873401;0.480376;0.304064;0.998970;
8.048858;0.873402;0.560655;1.122238;0.873402;0.688949;1.202854;0.873411;0.774486;1.167250;-0.873402;0.480377;0.304069;0.998970;
8.048859;0.873403;0.560661;1.122239;0.873403;0.688955;1.202856;0.873412;0.774493;1.167252;-0.873403;0.480377;0.304073;0.998970;
8.048861;0.873405;0.560673;1.122242;0.873405;0.688968;1.202860;0.873413;0.774507;1.167257;-0.873405;0.480378;0.304082;0.998971;
8.048865;0.873408;0.560696;1.122247;0.873408;0.688993;1.202868;0.873417;0.774534;1.167267;-0.873408;0.480380;0.304100;0.998972;
8.048873;0.873415;0.560742;1.122258;0.873415;0.689044;1.202885;0.873423;0.774588;1.167287;-0.873415;0.480384;0.304136;0.998974;
8.048889;0.873428;0.560833;1.122280;0.873428;0.689146;1.202917;0.873437;0.774697;1.167326;-0.873428;0.480391;0.304208;0.998979;
8.048921;0.873455;0.561017;1.122324;0.873455;0.689350;1.202982;0.873463;0.774914;1.167405;-0.873455;0.480406;0.304351;0.998988;
8.048985;0.873509;0.561383;1.122411;0.873509;0.689756;1.203111;0.873517;0.775347;1.167562;-0.873509;0.480435;0.304637;0.999006;
8.049113;0.873618;0.562111;1.122584;0.873618;0.690565;1.203369;0.873627;0.776209;1.167874;-0.873618;0.480496;0.305204;0.999042;
8.049369;0.873843;0.563551;1.122925;0.873843;0.692166;1.203877;0.873852;0.777918;1.168488;-0.873843;0.480619;0.306321;0.999114;
8.049881;0.874317;0.566368;1.123591;0.874317;0.695307;1.204869;0.874325;0.781275;1.169681;-0.874317;0.480880;0.308489;0.999256;
8.050905;0.875351;0.571749;1.124853;0.875351;0.701339;1.206755;0.875360;0.787742;1.171924;-0.875351;0.481449;0.312567;0.999530;
8.051929;0.876492;0.576796;1.126025;0.876492;0.707039;1.208514;0.876501;0.793877;1.173982;-0.876492;0.482076;0.316309;0.999784;
8.052953;0.877722;0.581514;1.127108;0.877722;0.712408;1.210149;0.877731;0.799679;1.175862;-0.877722;0.482753;0.319728;1.000015;
8.053977;0.879021;0.585908;1.128106;0.879021;0.717444;1.211663;0.879030;0.805143;1.177573;-0.879021;0.483467;0.322838;1.000218;
8.055001;0.880368;0.589984;1.129022;0.880368;0.722149;1.213059;0.880377;0.810268;1.179122;-0.880368;0.484208;0.325654;1.000392;
8.056025;0.881742;0.593746;1.129859;0.881742;0.726523;1.214340;0.881751;0.815050;1.180518;-0.881742;0.484963;0.328192;1.000536;
8.057049;0.883119;0.597201;1.130620;0.883119;0.730567;1.215510;0.883128;0.819487;1.181769;-0.883119;0.485721;0.330468;1.000650;
8.058073;0.884482;0.600354;1.131307;0.884482;0.734283;1.216573;0.884490;0.823578;1.182885;-0.884482;0.486470;0.332496;1.000734;
8.059097;0.885809;0.603213;1.131924;0.885809;0.737674;1.217532;0.885818;0.827323;1.183872;-0.885809;0.487200;0.334290;1.000792;
8.060121;0.887084;0.605783;1.132473;0.887084;0.740742;1.218390;0.887093;0.830724;1.184739;-0.887084;0.487902;0.335866;1.000825;
8.061145;0.888293;0.608073;1.132957;0.888293;0.743492;1.219150;0.888302;0.833781;1.185492;-0.888293;0.488567;0.337236;1.000836;
8.062169;0.889423;0.610090;1.133380;0.889423;0.745929;1.219817;0.889432;0.836498;1.186138;-0.889423;0.489188;0.338411;1.000827;
8.063193;0.890464;0.611840;1.133743;0.890464;0.748058;1.220393;0.890473;0.838880;1.186684;-0.890464;0.489761;0.339404;1.000803;
8.064217;0.891409;0.613332;1.134049;0.891409;0.749886;1.220881;0.891418;0.840932;1.187135;-0.891409;0.490280;0.340224;1.000766;
8.065241;0.892251;0.614573;1.134300;0.892251;0.751420;1.221284;0.892260;0.842660;1.187496;-0.892251;0.490743;0.340880;1.000718;
8.066265;0.892988;0.615572;1.134498;0.892988;0.752667;1.221606;0.892997;0.844074;1.187772;-0.892988;0.491149;0.341382;1.000663;
8.067289;0.893618;0.616336;1.134646;0.893618;0.753636;1.221850;0.893627;0.845179;1.187967;-0.893618;0.491495;0.341735;1.000604;
8.068313;0.894142;0.616873;1.134745;0.894142;0.754335;1.222018;0.894151;0.845987;1.188084;-0.894142;0.491783;0.341948;1.000541;
8.070361;0.894883;0.617307;1.134806;0.894883;0.754972;1.222140;0.894893;0.846758;1.188100;-0.894883;0.492191;0.341978;1.000417;
8.072409;0.895240;0.616928;1.134694;0.895240;0.754640;1.221992;0.895249;0.846457;1.187840;-0.895240;0.492388;0.341504;1.000301;
8.074457;0.895249;0.615793;1.134418;0.895249;0.753410;1.221591;0.895258;0.845164;1.187319;-0.895249;0.492392;0.340558;1.000201;
8.074901;0.895210;0.615454;1.134339;0.895210;0.753035;1.221474;0.895220;0.844764;1.187174;-0.895210;0.492371;0.340294;1.000181;
8.074902;0.895210;0.615453;1.134339;0.895210;0.753034;1.221473;0.895220;0.844763;1.187174;-0.895210;0.492371;0.340293;1.000181;
8.074903;0.895210;0.615453;1.134338;0.895210;0.753033;1.221473;0.895219;0.844762;1.187173;-0.895210;0.492371;0.340293;1.000181;
8.074905;0.895210;0.615451;1.134338;0.895210;0.753031;1.221472;0.895219;0.844760;1.187173;-0.895210;0.492371;0.340291;1.000181;
8.074909;0.895210;0.615448;1.134337;0.895210;0.753027;1.221471;0.895219;0.844756;1.187171;-0.895210;0.492371;0.340289;1.000181;
8.074917;0.895209;0.615441;1.134336;0.895209;0.753020;1.221469;0.895218;0.844748;1.187168;-0.895209;0.492370;0.340284;1.000181;
8.074933;0.895207;0.615428;1.134333;0.895207;0.753005;1.221465;0.895216;0.844733;1.187163;-0.895207;0.492369;0.340274;1.000180;
8.074965;0.895203;0.615402;1.134327;0.895203;0.752976;1.221455;0.895212;0.844701;1.187152;-0.895203;0.492367;0.340254;1.000179;
8.075029;0.895195;0.615349;1.134314;0.895195;0.752917;1.221437;0.895205;0.844638;1.187130;-0.895195;0.492363;0.340213;1.000176;
8.075157;0.895179;0.615241;1.134289;0.895179;0.752796;1.221400;0.895188;0.844509;1.187084;-0.895179;0.492354;0.340131;1.000170;
8.075413;0.895144;0.615017;1.134237;0.895144;0.752545;1.221322;0.895153;0.844240;1.186991;-0.895144;0.492334;0.339960;1.000160;
8.075925;0.895059;0.614538;1.134126;0.895059;0.752007;1.221156;0.895068;0.843662;1.186792;-0.895059;0.492288;0.339600;1.000140;
8.076949;0.894840;0.613457;1.133877;0.894840;0.750786;1.220784;0.894849;0.842347;1.186352;-0.894840;0.492167;0.338800;1.000103;
8.078997;0.894225;0.610835;1.133278;0.894225;0.747805;1.219883;0.894234;0.839128;1.185304;-0.894225;0.491829;0.336894;1.000046;
8.083093;0.892436;0.603935;1.131709;0.892436;0.739930;1.217516;0.892445;0.830602;1.182583;-0.892436;0.490845;0.331946;0.999979;
8.083259;0.892351;0.603614;1.131636;0.892351;0.739563;1.217405;0.892360;0.830205;1.182456;-0.892351;0.490799;0.331716;0.999978;
8.083260;0.892350;0.603612;1.131635;0.892350;0.739561;1.217405;0.892359;0.830202;1.182455;-0.892350;0.490798;0.331715;0.999978;
8.083261;0.892350;0.603610;1.131635;0.892350;0.739558;1.217404;0.892359;0.830200;1.182455;-0.892350;0.490798;0.331714;0.999978;
8.083263;0.892349;0.603606;1.131634;0.892349;0.739554;1.217403;0.892358;0.830195;1.182453;-0.892349;0.490797;0.331711;0.999978;
8.083267;0.892347;0.603598;1.131632;0.892347;0.739545;1.217400;0.892356;0.830185;1.182450;-0.892347;0.490796;0.331705;0.999978;
8.083275;0.892342;0.603582;1.131628;0.892342;0.739527;1.217394;0.892351;0.830165;1.182444;-0.892342;0.490794;0.331694;0.999978;
8.083291;0.892334;0.603551;1.131621;0.892334;0.739490;1.217384;0.892343;0.830126;1.182431;-0.892334;0.490789;0.331671;0.999977;
8.083323;0.892316;0.603487;1.131607;0.892316;0.739418;1.217362;0.892325;0.830047;1.182406;-0.892316;0.490780;0.331626;0.999977;
8.083387;0.892282;0.603360;1.131578;0.892282;0.739272;1.217318;0.892291;0.829889;1.182357;-0.892282;0.490760;0.331535;0.999977;
8.083515;0.892212;0.603103;1.131520;0.892212;0.738979;1.217230;0.892221;0.829572;1.182256;-0.892212;0.490722;0.331353;0.999976;
8.083771;0.892070;0.602585;1.131402;0.892070;0.738386;1.217052;0.892079;0.828929;1.182053;-0.892070;0.490644;0.330983;0.999974;
8.084283;0.891782;0.601526;1.131162;0.891782;0.737175;1.216689;0.891791;0.827617;1.181638;-0.891782;0.490486;0.330229;0.999972;
8.085307;0.891181;0.599323;1.130661;0.891181;0.734656;1.215932;0.891190;0.824886;1.180773;-0.891181;0.490155;0.328657;0.999968;
8.087355;0.889899;0.594589;1.129583;0.889899;0.729248;1.214304;0.889908;0.819029;1.178912;-0.889899;0.489450;0.325272;0.999967;
8.091451;0.887060;0.583970;1.127157;0.887060;0.717135;1.210640;0.887069;0.805921;1.174713;-0.887060;0.487889;0.317639;0.999975;
8.095547;0.883906;0.572001;1.124408;0.883906;0.703515;1.206491;0.883915;0.791198;1.169948;-0.883906;0.486154;0.308974;0.999988;
8.099643;0.880490;0.558925;1.121388;0.880490;0.688665;1.201935;0.880499;0.775164;1.164706;-0.880490;0.484275;0.299444;0.999999;
8.103739;0.876854;0.544966;1.118146;0.876854;0.672844;1.197047;0.876863;0.758100;1.159076;-0.876854;0.482276;0.289208;1.000005;
8.107835;0.873040;0.530331;1.114730;0.873040;0.656289;1.191895;0.873048;0.740263;1.153139;-0.873040;0.480178;0.278413;1.000008;
8.111931;0.869088;0.515205;1.111178;0.869088;0.639212;1.186540;0.869097;0.721885;1.146965;-0.869088;0.478005;0.267189;1.000010;
8.116027;0.865045;0.499752;1.107528;0.865045;0.621803;1.181038;0.865053;0.703170;1.140618;-0.865045;0.475781;0.255649;1.000015;
8.120123;0.860954;0.484116;1.103812;0.860954;0.604228;1.175437;0.860962;0.684301;1.134152;-0.860954;0.473531;0.243894;1.000023;
8.124219;0.856859;0.468424;1.100058;0.856859;0.586632;1.169780;0.856866;0.665435;1.127616;-0.856859;0.471278;0.232008;1.000035;
8.128315;0.852797;0.452783;1.096291;0.852797;0.569140;1.164105;0.852804;0.646709;1.121049;-0.852797;0.469044;0.220070;1.000050;
8.130263;0.850883;0.445378;1.094500;0.850883;0.560873;1.161408;0.850891;0.637877;1.117924;-0.850883;0.467992;0.214389;1.000059;
8.132211;0.848990;0.438027;1.092714;0.848990;0.552679;1.158719;0.848997;0.629122;1.114808;-0.848990;0.466951;0.208722;1.000068;
8.134159;0.847121;0.430738;1.090938;0.847121;0.544567;1.156046;0.847129;0.620460;1.111705;-0.847121;0.465923;0.203081;1.000077;
8.136107;0.845280;0.423525;1.089174;0.845280;0.536550;1.153391;0.845288;0.611906;1.108622;-0.845280;0.464911;0.197476;1.000087;
8.138055;0.843471;0.416399;1.087426;0.843471;0.528641;1.150761;0.843479;0.603475;1.105564;-0.843471;0.463916;0.191916;1.000097;
8.140003;0.841697;0.409371;1.085695;0.841697;0.520851;1.148158;0.841705;0.595179;1.102536;-0.841697;0.462940;0.186410;1.000107;
8.141951;0.839960;0.402449;1.083985;0.839960;0.513192;1.145587;0.839968;0.587027;1.099541;-0.839960;0.461985;0.180965;1.000117;
8.143899;0.838264;0.395643;1.082298;0.838264;0.505671;1.143051;0.838271;0.579030;1.096584;-0.838264;0.461052;0.175588;1.000127;
8.145847;0.836609;0.388961;1.080636;0.836609;0.498298;1.140554;0.836617;0.571196;1.093668;-0.836609;0.460142;0.170287;1.000137;
8.147795;0.834999;0.382408;1.079001;0.834999;0.491078;1.138097;0.835006;0.563532;1.090796;-0.834999;0.459256;0.165066;1.000147;
8.149743;0.833435;0.375990;1.077394;0.833435;0.484019;1.135684;0.833442;0.556045;1.087973;-0.833435;0.458396;0.159933;1.000157;
8.151691;0.831918;0.369714;1.075816;0.831918;0.477126;1.133317;0.831925;0.548741;1.085199;-0.831918;0.457562;0.154890;1.000167;
8.153640;0.830450;0.363582;1.074271;0.830450;0.470402;1.130997;0.830458;0.541622;1.082478;-0.830450;0.456755;0.149943;1.000177;
8.155588;0.829033;0.357600;1.072757;0.829033;0.463852;1.128728;0.829040;0.534694;1.079812;-0.829033;0.455975;0.145095;1.000187;
8.157536;0.827666;0.351769;1.071278;0.827666;0.457478;1.126509;0.827673;0.527958;1.077202;-0.827666;0.455223;0.140350;1.000197;
8.159484;0.826352;0.346092;1.069832;0.826352;0.451284;1.124343;0.826359;0.521418;1.074650;-0.826352;0.454500;0.135710;1.000207;
8.161432;0.825090;0.340572;1.068422;0.825090;0.445269;1.122230;0.825096;0.515074;1.072157;-0.825090;0.453806;0.131178;1.000217;
8.163380;0.823881;0.335209;1.067047;0.823881;0.439436;1.120172;0.823888;0.508928;1.069725;-0.823881;0.453141;0.126756;1.000227;
8.165328;0.822725;0.330005;1.065709;0.822725;0.433786;1.118170;0.822732;0.502980;1.067354;-0.822725;0.452506;0.122445;1.000236;
8.167276;0.821623;0.324960;1.064407;0.821623;0.428317;1.116223;0.821630;0.497229;1.065045;-0.821623;0.451900;0.118246;1.000246;
8.169029;0.820677;0.320556;1.063267;0.820677;0.423551;1.114519;0.820684;0.492222;1.063020;-0.820677;0.451380;0.114565;1.000254;
8.170782;0.819775;0.316280;1.062157;0.819775;0.418932;1.112861;0.819782;0.487374;1.061046;-0.819775;0.450883;0.110976;1.000263;
8.172536;0.818916;0.312133;1.061077;0.818916;0.414460;1.111248;0.818923;0.482684;1.059123;-0.818916;0.450411;0.107480;1.000271;
8.176042;0.817328;0.304220;1.059007;0.817328;0.405947;1.108161;0.817334;0.473772;1.055431;-0.817328;0.449537;0.100767;1.000287;
8.179549;0.815909;0.296810;1.057057;0.815909;0.398003;1.105256;0.815916;0.465472;1.051942;-0.815909;0.448757;0.094423;1.000302;
8.183055;0.814657;0.289892;1.055226;0.814657;0.390615;1.102532;0.814663;0.457771;1.048654;-0.814657;0.448068;0.088446;1.000316;
8.186541;0.813573;0.283491;1.053521;0.813573;0.383806;1.100000;0.813580;0.450690;1.045583;-0.813573;0.447472;0.082861;1.000329;
8.186542;0.813573;0.283490;1.053520;0.813573;0.383805;1.100000;0.813579;0.450688;1.045582;-0.813573;0.447472;0.082860;1.000329;
8.186543;0.813572;0.283488;1.053520;0.813572;0.383803;1.099999;0.813579;0.450686;1.045581;-0.813572;0.447472;0.082858;1.000329;
8.186545;0.813572;0.283484;1.053519;0.813572;0.383799;1.099997;0.813578;0.450682;1.045579;-0.813572;0.447472;0.082855;1.000329;
8.186549;0.813571;0.283477;1.053517;0.813571;0.383791;1.099995;0.813577;0.450674;1.045576;-0.813571;0.447471;0.082849;1.000330;
8.186557;0.813568;0.283463;1.053513;0.813568;0.383776;1.099989;0.813575;0.450659;1.045569;-0.813568;0.447470;0.082837;1.000330;
8.186573;0.813564;0.283435;1.053506;0.813564;0.383746;1.099978;0.813570;0.450627;1.045555;-0.813564;0.447467;0.082812;1.000330;
8.186605;0.813555;0.283378;1.053490;0.813555;0.383686;1.099955;0.813561;0.450565;1.045528;-0.813555;0.447462;0.082762;1.000330;
8.186669;0.813536;0.283265;1.053460;0.813536;0.383566;1.099911;0.813543;0.450441;1.045474;-0.813536;0.447452;0.082663;1.000330;
8.186797;0.813500;0.283040;1.053400;0.813500;0.383327;1.099821;0.813506;0.450192;1.045365;-0.813500;0.447432;0.082465;1.000330;
8.187053;0.813427;0.282591;1.053280;0.813427;0.382851;1.099643;0.813434;0.449698;1.045148;-0.813427;0.447392;0.082071;1.000331;
8.187565;0.813285;0.281700;1.053042;0.813285;0.381906;1.099290;0.813292;0.448717;1.044717;-0.813285;0.447314;0.081288;1.000333;
8.188589;0.813012;0.279949;1.052572;0.813012;0.380051;1.098594;0.813019;0.446793;1.043868;-0.813012;0.447164;0.079745;1.000338;
8.190637;0.812517;0.276564;1.051661;0.812517;0.376475;1.097245;0.812524;0.443089;1.042217;-0.812517;0.446892;0.076742;1.000354;
8.192685;0.812100;0.273333;1.050787;0.812100;0.373077;1.095954;0.812107;0.439579;1.040624;-0.812100;0.446662;0.073845;1.000378;
8.194733;0.811771;0.270254;1.049948;0.811771;0.369856;1.094718;0.811778;0.436265;1.039085;-0.811771;0.446481;0.071048;1.000411;
8.196781;0.811541;0.267322;1.049142;0.811541;0.366812;1.093535;0.811547;0.433146;1.037597;-0.811541;0.446355;0.068341;1.000452;
8.198827;0.811415;0.264537;1.048369;0.811415;0.363944;1.092406;0.811422;0.430222;1.036156;-0.811415;0.446286;0.065723;1.000499;
8.198828;0.811415;0.264535;1.048369;0.811415;0.363943;1.092405;0.811422;0.430221;1.036155;-0.811415;0.446286;0.065721;1.000499;
8.198829;0.811415;0.264534;1.048368;0.811415;0.363941;1.092404;0.811422;0.430219;1.036155;-0.811415;0.446286;0.065720;1.000499;
8.198831;0.811415;0.264532;1.048368;0.811415;0.363939;1.092403;0.811422;0.430216;1.036153;-0.811415;0.446286;0.065718;1.000499;
8.198835;0.811415;0.264526;1.048366;0.811415;0.363933;1.092401;0.811422;0.430211;1.036151;-0.811415;0.446286;0.065712;1.000499;
8.198843;0.811415;0.264516;1.048363;0.811415;0.363922;1.092397;0.811421;0.430200;1.036145;-0.811415;0.446286;0.065702;1.000499;
8.198859;0.811414;0.264494;1.048357;0.811414;0.363900;1.092388;0.811421;0.430178;1.036134;-0.811414;0.446285;0.065682;1.000500;
8.198891;0.811413;0.264452;1.048345;0.811413;0.363857;1.092371;0.811420;0.430134;1.036112;-0.811413;0.446285;0.065642;1.000501;
8.198955;0.811411;0.264367;1.048322;0.811411;0.363770;1.092337;0.811418;0.430045;1.036068;-0.811411;0.446283;0.065561;1.000502;
8.199083;0.811407;0.264198;1.048275;0.811407;0.363597;1.092268;0.811414;0.429870;1.035979;-0.811407;0.446281;0.065401;1.000505;
8.199339;0.811401;0.263862;1.048181;0.811401;0.363253;1.092131;0.811407;0.429520;1.035803;-0.811401;0.446278;0.065080;1.000512;
8.199851;0.811393;0.263196;1.047994;0.811393;0.362572;1.091859;0.811399;0.428830;1.035452;-0.811393;0.446274;0.064442;1.000524;
8.200875;0.811398;0.261888;1.047626;0.811398;0.361242;1.091325;0.811405;0.427484;1.034758;-0.811398;0.446276;0.063181;1.000550;
8.202923;0.811490;0.259370;1.046912;0.811490;0.358700;1.090291;0.811496;0.424927;1.033399;-0.811490;0.446327;0.060710;1.000602;
8.204971;0.811685;0.256977;1.046224;0.811685;0.356312;1.089302;0.811692;0.422542;1.032078;-0.811685;0.446435;0.058307;1.000652;
8.207019;0.811978;0.254702;1.045563;0.811978;0.354068;1.088355;0.811985;0.420319;1.030792;-0.811978;0.446596;0.055969;1.000698;
8.209067;0.812360;0.252539;1.044926;0.812360;0.351961;1.087449;0.812367;0.418249;1.029541;-0.812360;0.446806;0.053695;1.000740;
8.210244;0.812615;0.251344;1.044571;0.812615;0.350807;1.086946;0.812622;0.417123;1.028838;-0.812615;0.446946;0.052416;1.000761;
8.210245;0.812616;0.251343;1.044570;0.812616;0.350806;1.086945;0.812622;0.417122;1.028837;-0.812616;0.446946;0.052415;1.000761;
8.210246;0.812616;0.251342;1.044570;0.812616;0.350805;1.086945;0.812623;0.417121;1.028836;-0.812616;0.446946;0.052414;1.000761;
8.210248;0.812616;0.251340;1.044570;0.812616;0.350803;1.086944;0.812623;0.417119;1.028835;-0.812616;0.446947;0.052412;1.000761;
8.210252;0.812617;0.251336;1.044568;0.812617;0.350800;1.086942;0.812624;0.417116;1.028833;-0.812617;0.446947;0.052408;1.000761;
8.210260;0.812619;0.251328;1.044566;0.812619;0.350792;1.086939;0.812626;0.417108;1.028828;-0.812619;0.446948;0.052399;1.000761;
8.210276;0.812623;0.251312;1.044561;0.812623;0.350777;1.086932;0.812629;0.417093;1.028819;-0.812623;0.446950;0.052382;1.000762;
8.210308;0.812630;0.251280;1.044552;0.812630;0.350746;1.086919;0.812637;0.417063;1.028800;-0.812630;0.446954;0.052347;1.000762;
8.210372;0.812645;0.251216;1.044533;0.812645;0.350685;1.086892;0.812652;0.417004;1.028762;-0.812645;0.446962;0.052278;1.000763;
8.210500;0.812675;0.251089;1.044495;0.812675;0.350562;1.086838;0.812681;0.416885;1.028686;-0.812675;0.446979;0.052141;1.000765;
8.210756;0.812735;0.250835;1.044419;0.812735;0.350319;1.086731;0.812742;0.416649;1.028535;-0.812735;0.447012;0.051866;1.000770;
8.211268;0.812860;0.250333;1.044268;0.812860;0.349839;1.086518;0.812866;0.416183;1.028235;-0.812860;0.447080;0.051320;1.000778;
8.212292;0.813121;0.249347;1.043971;0.813121;0.348900;1.086100;0.813128;0.415276;1.027641;-0.813121;0.447224;0.050240;1.000794;
8.214340;0.813689;0.247444;1.043394;0.813689;0.347105;1.085289;0.813696;0.413552;1.026476;-0.813689;0.447537;0.048123;1.000821;
8.216388;0.814311;0.245630;1.042836;0.814311;0.345414;1.084511;0.814318;0.411943;1.025343;-0.814311;0.447879;0.046063;1.000843;
8.218436;0.814980;0.243899;1.042299;0.814980;0.343819;1.083764;0.814987;0.410439;1.024241;-0.814980;0.448247;0.044059;1.000860;
8.220484;0.815689;0.242245;1.041780;0.815689;0.342313;1.083046;0.815696;0.409032;1.023168;-0.815689;0.448637;0.042108;1.000874;
8.222532;0.816431;0.240663;1.041279;0.816431;0.340889;1.082356;0.816438;0.407714;1.022124;-0.816431;0.449045;0.040210;1.000883;
8.224580;0.817203;0.239149;1.040794;0.817203;0.339543;1.081692;0.817209;0.406478;1.021107;-0.817203;0.449469;0.038361;1.000891;
8.228676;0.818812;0.236303;1.039871;0.818812;0.337053;1.080433;0.818818;0.404226;1.019151;-0.818812;0.450354;0.034804;1.000900;
8.232772;0.820496;0.233682;1.039005;0.820496;0.334813;1.079262;0.820503;0.402240;1.017291;-0.820496;0.451281;0.031422;1.000904;
8.236543;0.822099;0.231448;1.038253;0.822099;0.332946;1.078253;0.822106;0.400619;1.015656;-0.822099;0.452163;0.028451;1.000904;
8.236544;0.822100;0.231447;1.038253;0.822100;0.332946;1.078252;0.822107;0.400618;1.015656;-0.822100;0.452163;0.028450;1.000904;
8.236545;0.822100;0.231447;1.038253;0.822100;0.332945;1.078252;0.822107;0.400618;1.015656;-0.822100;0.452163;0.028449;1.000904;
8.236547;0.822101;0.231445;1.038252;0.822101;0.332944;1.078252;0.822108;0.400617;1.015655;-0.822101;0.452164;0.028448;1.000904;
8.236551;0.822103;0.231443;1.038252;0.822103;0.332942;1.078250;0.822110;0.400615;1.015653;-0.822103;0.452164;0.028444;1.000904;
8.236559;0.822106;0.231439;1.038250;0.822106;0.332939;1.078248;0.822113;0.400612;1.015650;-0.822106;0.452166;0.028438;1.000904;
8.236575;0.822113;0.231429;1.038247;0.822113;0.332931;1.078244;0.822120;0.400606;1.015643;-0.822113;0.452170;0.028426;1.000904;
8.236607;0.822127;0.231411;1.038241;0.822127;0.332916;1.078236;0.822134;0.400593;1.015629;-0.822127;0.452178;0.028401;1.000904;
8.236671;0.822155;0.231375;1.038228;0.822155;0.332886;1.078219;0.822161;0.400567;1.015602;-0.822155;0.452193;0.028352;1.000904;
8.236799;0.822210;0.231302;1.038204;0.822210;0.332826;1.078186;0.822217;0.400516;1.015548;-0.822210;0.452223;0.028254;1.000904;
8.237055;0.822321;0.231157;1.038154;0.822321;0.332707;1.078121;0.822328;0.400414;1.015440;-0.822321;0.452284;0.028058;1.000904;
8.237567;0.822543;0.230870;1.038056;0.822543;0.332471;1.077990;0.822550;0.400212;1.015225;-0.822543;0.452407;0.027667;1.000904;
8.238591;0.822989;0.230303;1.037862;0.822989;0.332008;1.077731;0.822996;0.399818;1.014799;-0.822989;0.452652;0.026892;1.000904;
8.240639;0.823889;0.229200;1.037483;0.823889;0.331115;1.077227;0.823896;0.399065;1.013961;-0.823889;0.453147;0.025369;1.000902;
8.244735;0.825709;0.227109;1.036754;0.825709;0.329454;1.076263;0.825716;0.397690;1.012339;-0.825709;0.454148;0.022419;1.000898;
8.248831;0.827552;0.225162;1.036063;0.827552;0.327946;1.075357;0.827559;0.396475;1.010785;-0.827552;0.455162;0.019594;1.000892;
8.251498;0.828755;0.223960;1.035631;0.828755;0.327032;1.074793;0.828762;0.395755;1.009806;-0.828755;0.455823;0.017814;1.000886;
8.251499;0.828755;0.223959;1.035631;0.828755;0.327032;1.074793;0.828762;0.395754;1.009806;-0.828755;0.455823;0.017813;1.000886;
8.251500;0.828756;0.223959;1.035631;0.828756;0.327032;1.074793;0.828763;0.395754;1.009806;-0.828756;0.455824;0.017813;1.000886;
8.251502;0.828757;0.223958;1.035631;0.828757;0.327031;1.074793;0.828763;0.395753;1.009805;-0.828757;0.455824;0.017812;1.000886;
8.251506;0.828758;0.223956;1.035630;0.828758;0.327030;1.074792;0.828765;0.395752;1.009803;-0.828758;0.455825;0.017809;1.000886;
8.251514;0.828762;0.223953;1.035629;0.828762;0.327027;1.074790;0.828769;0.395750;1.009800;-0.828762;0.455827;0.017804;1.000886;
8.251530;0.828769;0.223946;1.035626;0.828769;0.327022;1.074787;0.828776;0.395746;1.009795;-0.828769;0.455831;0.017793;1.000886;
8.251562;0.828784;0.223932;1.035621;0.828784;0.327011;1.074780;0.828791;0.395738;1.009783;-0.828784;0.455839;0.017772;1.000886;
8.251626;0.828813;0.223904;1.035611;0.828813;0.326990;1.074767;0.828820;0.395722;1.009760;-0.828813;0.455855;0.017730;1.000886;
8.251754;0.828871;0.223848;1.035591;0.828871;0.326949;1.074741;0.828878;0.395689;1.009714;-0.828871;0.455887;0.017646;1.000886;
8.252010;0.828987;0.223737;1.035550;0.828987;0.326865;1.074688;0.828994;0.395625;1.009622;-0.828987;0.455951;0.017479;1.000885;
8.252522;0.829220;0.223515;1.035470;0.829220;0.326700;1.074584;0.829227;0.395497;1.009438;-0.829220;0.456079;0.017145;1.000884;
8.253546;0.829686;0.223078;1.035311;0.829686;0.326376;1.074377;0.829692;0.395247;1.009074;-0.829686;0.456335;0.016483;1.000882;
8.255594;0.830617;0.222225;1.034998;0.830617;0.325748;1.073973;0.830624;0.394771;1.008357;-0.830617;0.456847;0.015179;1.000876;
8.259690;0.832476;0.220598;1.034395;0.832476;0.324575;1.073196;0.832483;0.393899;1.006964;-0.832476;0.457870;0.012646;1.000865;
8.267882;0.836156;0.217628;1.033270;0.836156;0.322511;1.071759;0.836163;0.392440;1.004333;-0.836156;0.459894;0.007862;1.000837;
8.276074;0.839764;0.214994;1.032244;0.839764;0.320777;1.070464;0.839771;0.391305;1.001895;-0.839764;0.461879;0.003429;1.000806;
8.284266;0.843275;0.212651;1.031305;0.843275;0.319318;1.069292;0.843282;0.390436;0.999633;-0.843275;0.463809;-0.000683;1.000773;
8.292458;0.846669;0.210558;1.030445;0.846669;0.318088;1.068229;0.846676;0.389783;0.997532;-0.846669;0.465676;-0.004502;1.000738;
8.300650;0.849935;0.208685;1.029655;0.849935;0.317053;1.067263;0.849942;0.389306;0.995580;-0.849935;0.467473;-0.008051;1.000703;
8.308842;0.853064;0.207005;1.028930;0.853064;0.316182;1.066384;0.853071;0.388974;0.993766;-0.853064;0.469194;-0.011349;1.000668;
8.317034;0.856051;0.205497;1.028263;0.856051;0.315451;1.065583;0.856058;0.388762;0.992082;-0.856051;0.470837;-0.014412;1.000632;
8.325226;0.858892;0.204144;1.027651;0.858892;0.314843;1.064855;0.858900;0.388650;0.990519;-0.858892;0.472399;-0.017254;1.000597;
8.341610;0.864132;0.201837;1.026573;0.864132;0.313921;1.063586;0.864140;0.388651;0.987727;-0.864132;0.475282;-0.022330;1.000528;
8.356355;0.868348;0.200175;1.025758;0.868348;0.313382;1.062645;0.868356;0.388862;0.985576;-0.868348;0.477601;-0.026241;1.000468;
8.371101;0.872098;0.198854;1.025077;0.872098;0.313068;1.061872;0.872105;0.389218;0.983742;-0.872098;0.479663;-0.029575;1.000410;
8.384864;0.875184;0.197891;1.024552;0.875184;0.312938;1.061287;0.875192;0.389645;0.982296;-0.875184;0.481360;-0.032205;1.000357;
8.384865;0.875184;0.197891;1.024551;0.875184;0.312938;1.061287;0.875192;0.389645;0.982296;-0.875184;0.481360;-0.032205;1.000357;
8.384866;0.875185;0.197891;1.024551;0.875185;0.312938;1.061287;0.875192;0.389645;0.982296;-0.875185;0.481361;-0.032205;1.000357;
8.384868;0.875185;0.197890;1.024551;0.875185;0.312938;1.061287;0.875193;0.389645;0.982296;-0.875185;0.481361;-0.032205;1.000357;
8.384872;0.875186;0.197890;1.024551;0.875186;0.312938;1.061287;0.875193;0.389645;0.982295;-0.875186;0.481361;-0.032206;1.000357;
8.384880;0.875187;0.197890;1.024551;0.875187;0.312938;1.061286;0.875195;0.389645;0.982294;-0.875187;0.481362;-0.032207;1.000357;
8.384896;0.875191;0.197889;1.024550;0.875191;0.312938;1.061286;0.875199;0.389646;0.982293;-0.875191;0.481364;-0.032210;1.000357;
8.384928;0.875198;0.197887;1.024549;0.875198;0.312938;1.061285;0.875205;0.389647;0.982290;-0.875198;0.481368;-0.032216;1.000357;
8.384992;0.875211;0.197883;1.024547;0.875211;0.312938;1.061282;0.875219;0.389649;0.982284;-0.875211;0.481375;-0.032227;1.000356;
8.385120;0.875238;0.197875;1.024543;0.875238;0.312938;1.061277;0.875245;0.389653;0.982271;-0.875238;0.481390;-0.032249;1.000356;
8.385376;0.875291;0.197860;1.024534;0.875291;0.312937;1.061268;0.875299;0.389662;0.982247;-0.875291;0.481419;-0.032293;1.000355;
8.385888;0.875398;0.197830;1.024517;0.875398;0.312935;1.061249;0.875406;0.389680;0.982199;-0.875398;0.481478;-0.032381;1.000353;
8.386912;0.875609;0.197770;1.024482;0.875609;0.312933;1.061211;0.875617;0.389716;0.982103;-0.875609;0.481594;-0.032555;1.000349;
8.388960;0.876026;0.197654;1.024416;0.876026;0.312930;1.061139;0.876034;0.389788;0.981915;-0.876026;0.481823;-0.032897;1.000341;
8.393056;0.876834;0.197438;1.024288;0.876834;0.312933;1.061000;0.876841;0.389937;0.981556;-0.876834;0.482268;-0.033551;1.000326;
8.401248;0.878347;0.197062;1.024058;0.878347;0.312968;1.060754;0.878355;0.390245;0.980897;-0.878347;0.483100;-0.034748;1.000296;
8.417632;0.880976;0.196523;1.023690;0.880976;0.313143;1.060373;0.880984;0.390897;0.979814;-0.880976;0.484546;-0.036718;1.000238;
8.434016;0.883088;0.196245;1.023440;0.883088;0.313440;1.060133;0.883095;0.391578;0.979029;-0.883088;0.485707;-0.038144;1.000182;
8.450400;0.884698;0.196205;1.023300;0.884698;0.313837;1.060024;0.884706;0.392267;0.978526;-0.884698;0.486593;-0.039060;1.000128;
8.466784;0.885824;0.196378;1.023262;0.885824;0.314315;1.060033;0.885832;0.392947;0.978286;-0.885824;0.487213;-0.039495;1.000077;
8.483168;0.886484;0.196744;1.023318;0.886484;0.314856;1.060151;0.886492;0.393605;0.978295;-0.886484;0.487575;-0.039480;1.000028;
8.515936;0.886495;0.197954;1.023676;0.886495;0.316055;1.060667;0.886503;0.394796;0.978973;-0.886495;0.487582;-0.038247;0.999937;
8.548704;0.884854;0.199719;1.024329;0.884854;0.317354;1.061514;0.884862;0.395784;0.980456;-0.884854;0.486679;-0.035550;0.999854;
8.581472;0.881692;0.201928;1.025233;0.881692;0.318686;1.062636;0.881700;0.396530;0.982636;-0.881692;0.484940;-0.031586;0.999781;
8.614240;0.877147;0.204481;1.026343;0.877147;0.319996;1.063979;0.877155;0.397010;0.985407;-0.877147;0.482440;-0.026548;0.999716;
8.647008;0.871356;0.207290;1.027619;0.871356;0.321244;1.065496;0.871364;0.397216;0.988668;-0.871356;0.479255;-0.020619;0.999659;
8.672196;0.866153;0.209569;1.028687;0.866153;0.322141;1.066749;0.866160;0.397187;0.991442;-0.866153;0.476393;-0.015575;0.999621;
8.672197;0.866156;0.209568;1.028688;0.866156;0.322139;1.066750;0.866164;0.397193;0.991444;-0.866156;0.476395;-0.015572;0.999621;
8.672198;0.866156;0.209569;1.028688;0.866156;0.322139;1.066750;0.866164;0.397193;0.991444;-0.866156;0.476395;-0.015572;0.999621;
8.672200;0.866156;0.209569;1.028688;0.866156;0.322139;1.066750;0.866163;0.397193;0.991444;-0.866156;0.476394;-0.015572;0.999621;
8.672204;0.866155;0.209569;1.028688;0.866155;0.322139;1.066750;0.866162;0.397193;0.991444;-0.866155;0.476394;-0.015571;0.999621;
8.672212;0.866153;0.209570;1.028689;0.866153;0.322139;1.066750;0.866161;0.397193;0.991445;-0.866153;0.476393;-0.015569;0.999621;
8.672228;0.866150;0.209571;1.028689;0.866150;0.322140;1.066751;0.866157;0.397193;0.991447;-0.866150;0.476391;-0.015566;0.999621;
8.672260;0.866143;0.209574;1.028691;0.866143;0.322141;1.066753;0.866150;0.397193;0.991451;-0.866143;0.476387;-0.015559;0.999621;
8.672324;0.866128;0.209580;1.028694;0.866128;0.322143;1.066756;0.866136;0.397193;0.991458;-0.866128;0.476379;-0.015546;0.999621;
8.672452;0.866100;0.209592;1.028699;0.866100;0.322148;1.066763;0.866108;0.397192;0.991473;-0.866100;0.476364;-0.015519;0.999621;
8.672708;0.866043;0.209616;1.028710;0.866043;0.322157;1.066776;0.866051;0.397191;0.991503;-0.866043;0.476333;-0.015465;0.999620;
8.673220;0.865930;0.209664;1.028733;0.865930;0.322174;1.066803;0.865938;0.397189;0.991562;-0.865930;0.476270;-0.015357;0.999620;
8.674244;0.865703;0.209759;1.028779;0.865703;0.322210;1.066856;0.865710;0.397184;0.991681;-0.865703;0.476145;-0.015142;0.999618;
8.676292;0.865245;0.209951;1.028870;0.865245;0.322280;1.066962;0.865252;0.397174;0.991919;-0.865245;0.475893;-0.014709;0.999615;
8.680388;0.864318;0.210335;1.029053;0.864318;0.322420;1.067175;0.864325;0.397151;0.992399;-0.864318;0.475384;-0.013836;0.999610;
8.688580;0.862420;0.211107;1.029423;0.862420;0.322695;1.067606;0.862428;0.397093;0.993372;-0.862420;0.474340;-0.012067;0.999600;
8.704964;0.858458;0.212666;1.030178;0.858458;0.323219;1.068480;0.858466;0.396928;0.995366;-0.858458;0.472161;-0.008441;0.999580;
8.737732;0.849933;0.215809;1.031732;0.849933;0.324167;1.070265;0.849940;0.396413;0.999510;-0.849933;0.467471;-0.000907;0.999546;
8.770500;0.840698;0.218958;1.033325;0.840698;0.324982;1.072078;0.840705;0.395669;1.003809;-0.840698;0.462392;0.006911;0.999519;
8.803268;0.830885;0.222071;1.034934;0.830885;0.325661;1.073894;0.830891;0.394723;1.008199;-0.830885;0.456995;0.014891;0.999500;
8.836036;0.820624;0.225113;1.036538;0.820624;0.326207;1.075690;0.820631;0.393603;1.012617;-0.820624;0.451351;0.022925;0.999487;
8.868804;0.810044;0.228053;1.038117;0.810044;0.326625;1.077446;0.810050;0.392337;1.017009;-0.810044;0.445532;0.030911;0.999480;
8.901572;0.799267;0.230868;1.039657;0.799267;0.326920;1.079147;0.799274;0.390951;1.021328;-0.799267;0.439605;0.038763;0.999479;
8.934340;0.788411;0.233538;1.041144;0.788411;0.327103;1.080777;0.788418;0.389474;1.025533;-0.788411;0.433634;0.046408;0.999483;
8.967108;0.777585;0.236049;1.042568;0.777585;0.327182;1.082328;0.777591;0.387931;1.029589;-0.777585;0.427679;0.053783;0.999492;
8.999876;0.766890;0.238393;1.043919;0.766890;0.327170;1.083792;0.766896;0.386348;1.033470;-0.766890;0.421797;0.060840;0.999504;
9.032644;0.756419;0.240564;1.045193;0.756419;0.327077;1.085162;0.756424;0.384746;1.037154;-0.756419;0.416037;0.067538;0.999521;
9.065412;0.746254;0.242560;1.046385;0.746254;0.326915;1.086436;0.746260;0.383146;1.040625;-0.746254;0.410446;0.073849;0.999540;
9.129438;0.727622;0.245962;1.048465;0.727622;0.326460;1.088642;0.727627;0.380131;1.046740;-0.727622;0.400198;0.084966;0.999585;
9.129439;0.727621;0.245962;1.048465;0.727621;0.326460;1.088642;0.727627;0.380130;1.046740;-0.727621;0.400198;0.084966;0.999585;
9.129440;0.727621;0.245962;1.048465;0.727621;0.326460;1.088642;0.727626;0.380130;1.046740;-0.727621;0.400198;0.084966;0.999585;
9.129442;0.727620;0.245962;1.048465;0.727620;0.326460;1.088642;0.727626;0.380130;1.046740;-0.727620;0.400198;0.084967;0.999585;
9.129446;0.727619;0.245962;1.048465;0.727619;0.326460;1.088642;0.727625;0.380130;1.046740;-0.727619;0.400197;0.084967;0.999585;
9.129454;0.727617;0.245963;1.048465;0.727617;0.326460;1.088643;0.727622;0.380130;1.046741;-0.727617;0.400196;0.084969;0.999585;
9.129470;0.727613;0.245963;1.048466;0.727613;0.326459;1.088643;0.727618;0.380129;1.046742;-0.727613;0.400193;0.084971;0.999585;
9.129502;0.727604;0.245965;1.048467;0.727604;0.326459;1.088644;0.727609;0.380127;1.046745;-0.727604;0.400188;0.084976;0.999585;
9.129566;0.727586;0.245968;1.048469;0.727586;0.326459;1.088646;0.727591;0.380124;1.046751;-0.727586;0.400179;0.084987;0.999586;
9.129694;0.727550;0.245974;1.048472;0.727550;0.326457;1.088650;0.727555;0.380118;1.046762;-0.727550;0.400159;0.085007;0.999586;
9.129950;0.727479;0.245986;1.048480;0.727479;0.326455;1.088658;0.727484;0.380106;1.046785;-0.727479;0.400120;0.085049;0.999586;
9.130462;0.727336;0.246011;1.048495;0.727336;0.326451;1.088674;0.727341;0.380082;1.046830;-0.727336;0.400041;0.085131;0.999586;
9.131486;0.727051;0.246060;1.048526;0.727051;0.326441;1.088707;0.727056;0.380035;1.046921;-0.727051;0.399884;0.085296;0.999587;
9.133534;0.726482;0.246157;1.048587;0.726482;0.326423;1.088771;0.726487;0.379939;1.047102;-0.726482;0.399572;0.085624;0.999588;
9.137630;0.725350;0.246349;1.048708;0.725350;0.326386;1.088898;0.725356;0.379749;1.047460;-0.725350;0.398949;0.086276;0.999592;
9.145822;0.723111;0.246727;1.048945;0.723111;0.326310;1.089147;0.723117;0.379371;1.048166;-0.723111;0.397718;0.087560;0.999598;
9.162206;0.718733;0.247451;1.049404;0.718733;0.326154;1.089628;0.718739;0.378628;1.049533;-0.718733;0.395310;0.090045;0.999611;
9.194974;0.710400;0.248782;1.050258;0.710400;0.325827;1.090520;0.710405;0.377196;1.052088;-0.710400;0.390726;0.094692;0.999639;
9.260510;0.695525;0.250999;1.051719;0.695525;0.325145;1.092032;0.695530;0.374580;1.056498;-0.695525;0.382545;0.102708;0.999696;
9.326046;0.683129;0.252673;1.052869;0.683129;0.324458;1.093207;0.683133;0.372319;1.060014;-0.683129;0.375726;0.109102;0.999755;
9.391582;0.673261;0.253870;1.053735;0.673261;0.323811;1.094079;0.673265;0.370443;1.062701;-0.673261;0.370299;0.113988;0.999812;
9.457118;0.665880;0.254661;1.054348;0.665880;0.323240;1.094684;0.665885;0.368968;1.064634;-0.665880;0.366240;0.117502;0.999867;
9.522654;0.660864;0.255111;1.054737;0.660864;0.322772;1.095058;0.660868;0.367892;1.065891;-0.660864;0.363480;0.119788;0.999917;
9.588190;0.658019;0.255282;1.054934;0.658019;0.322424;1.095235;0.658024;0.367200;1.066557;-0.658019;0.361916;0.120999;0.999963;
9.653726;0.657107;0.255230;1.054968;0.657107;0.322202;1.095249;0.657112;0.366867;1.066716;-0.657107;0.361414;0.121287;1.000002;
9.719262;0.657855;0.255008;1.054868;0.657855;0.322109;1.095131;0.657860;0.366862;1.066451;-0.657855;0.361826;0.120806;1.000035;
9.784798;0.659974;0.254662;1.054662;0.659974;0.322142;1.094911;0.659979;0.367148;1.065844;-0.659974;0.362991;0.119701;1.000062;
9.850334;0.663172;0.254235;1.054376;0.663172;0.322294;1.094617;0.663177;0.367684;1.064973;-0.663172;0.364750;0.118118;1.000082;
9.915870;0.667165;0.253767;1.054035;0.667165;0.322556;1.094274;0.667170;0.368430;1.063913;-0.667165;0.366946;0.116190;1.000096;
9.981406;0.671687;0.253292;1.053662;0.671687;0.322915;1.093907;0.671691;0.369344;1.062733;-0.671687;0.369433;0.114046;1.000105;
10.046942;0.676494;0.252841;1.053277;0.676494;0.323360;1.093537;0.676499;0.370385;1.061498;-0.676494;0.372077;0.111801;1.000108;
10.112478;0.681373;0.252438;1.052900;0.681373;0.323877;1.093182;0.681378;0.371513;1.060265;-0.681373;0.374761;0.109558;1.000107;
10.178014;0.686141;0.252104;1.052546;0.686141;0.324452;1.092857;0.686146;0.372692;1.059082;-0.686141;0.377384;0.107407;1.000102;
10.243550;0.690649;0.251855;1.052228;0.690649;0.325072;1.092576;0.690654;0.373889;1.057991;-0.690649;0.379863;0.105423;1.000095;
10.309086;0.694780;0.251702;1.051955;0.694780;0.325722;1.092348;0.694785;0.375073;1.057022;-0.694780;0.382135;0.103663;1.000085;
10.374622;0.698448;0.251650;1.051735;0.698448;0.326390;1.092177;0.698453;0.376222;1.056201;-0.698448;0.384152;0.102169;1.000074;
10.440158;0.701597;0.251699;1.051570;0.701597;0.327064;1.092069;0.701602;0.377312;1.055541;-0.701597;0.385884;0.100969;1.000062;
10.505694;0.704199;0.251848;1.051464;0.704199;0.327734;1.092023;0.704204;0.378330;1.055049;-0.704199;0.387315;0.100074;1.000049;
10.636766;0.707795;0.252396;1.051411;0.707795;0.329017;1.092098;0.707800;0.380102;1.054543;-0.707795;0.389293;0.099155;1.000025;
10.754731;0.709339;0.253132;1.051527;0.709339;0.330083;1.092333;0.709344;0.381389;1.054584;-0.709339;0.390142;0.099229;1.000006;
10.872696;0.709539;0.254025;1.051763;0.709539;0.331042;1.092687;0.709544;0.382392;1.055004;-0.709539;0.390253;0.099992;0.999991;
10.990660;0.708714;0.255006;1.052082;0.708714;0.331885;1.093119;0.708720;0.383143;1.055694;-0.708714;0.389799;0.101247;0.999981;
11.108625;0.707205;0.256007;1.052445;0.707205;0.332613;1.093588;0.707210;0.383688;1.056546;-0.707205;0.388969;0.102796;0.999975;
11.226590;0.705334;0.256977;1.052820;0.705334;0.333238;1.094057;0.705339;0.384083;1.057458;-0.705334;0.387939;0.104455;0.999973;
11.344555;0.703382;0.257876;1.053179;0.703382;0.333776;1.094502;0.703387;0.384381;1.058350;-0.703382;0.386866;0.106077;0.999974;
11.462520;0.701569;0.258682;1.053504;0.701569;0.334247;1.094902;0.701574;0.384629;1.059162;-0.701569;0.385869;0.107552;0.999977;
11.580484;0.700044;0.259385;1.053784;0.700044;0.334671;1.095248;0.700049;0.384866;1.059856;-0.700044;0.385030;0.108815;0.999982;
11.698449;0.698892;0.259987;1.054014;0.698892;0.335064;1.095538;0.698897;0.385120;1.060416;-0.698892;0.384396;0.109833;0.999987;
11.816414;0.698134;0.260498;1.054197;0.698134;0.335441;1.095775;0.698139;0.385409;1.060843;-0.698134;0.383980;0.110610;0.999992;
11.934379;0.697748;0.260931;1.054339;0.697748;0.335813;1.095966;0.697753;0.385739;1.061151;-0.697748;0.383767;0.111168;0.999997;
12.052344;0.697681;0.261305;1.054445;0.697681;0.336185;1.096120;0.697686;0.386111;1.061358;-0.697681;0.383731;0.111545;1.000000;
12.170308;0.697861;0.261634;1.054526;0.697861;0.336560;1.096246;0.697866;0.386516;1.061489;-0.697861;0.383829;0.111784;1.000003;
12.288273;0.698208;0.261936;1.054590;0.698208;0.336939;1.096353;0.698213;0.386947;1.061569;-0.698208;0.384020;0.111930;1.000004;
12.406238;0.698647;0.262222;1.054644;0.698647;0.337320;1.096451;0.698652;0.387392;1.061622;-0.698647;0.384262;0.112025;1.000005;
12.524203;0.699112;0.262502;1.054695;0.699112;0.337700;1.096546;0.699117;0.387839;1.061666;-0.699112;0.384517;0.112105;1.000005;
12.760132;0.699892;0.263072;1.054808;0.699892;0.338442;1.096744;0.699897;0.388694;1.061790;-0.699892;0.384947;0.112331;1.000003;
12.996062;0.700388;0.263655;1.054941;0.700388;0.339141;1.096960;0.700393;0.389470;1.061984;-0.700388;0.385219;0.112683;1.000001;
13.231992;0.700568;0.264243;1.055093;0.700568;0.339783;1.097190;0.700573;0.390148;1.062247;-0.700568;0.385318;0.113162;0.999999;
13.467921;0.700504;0.264816;1.055254;0.700504;0.340362;1.097424;0.700509;0.390731;1.062556;-0.700504;0.385283;0.113724;0.999998;
13.703851;0.700310;0.265355;1.055414;0.700310;0.340880;1.097649;0.700315;0.391235;1.062876;-0.700310;0.385176;0.114305;0.999998;
13.939780;0.700095;0.265847;1.055561;0.700095;0.341345;1.097856;0.700100;0.391682;1.063175;-0.700095;0.385058;0.114850;0.999998;
14.068643;0.699937;0.265811;1.055560;0.699937;0.341278;1.097848;0.699942;0.391593;1.063191;-0.699937;0.384971;0.114879;0.999999;
14.197506;0.699762;0.265415;1.055461;0.699762;0.340834;1.097695;0.699767;0.391118;1.063025;-0.699762;0.384875;0.114576;1.000000;
14.326368;0.699625;0.264791;1.055297;0.699625;0.340163;1.097449;0.699630;0.390416;1.062734;-0.699625;0.384799;0.114046;1.000001;
14.455231;0.699555;0.264066;1.055101;0.699555;0.339401;1.097159;0.699560;0.389629;1.062375;-0.699555;0.384761;0.113395;1.000002;
14.584093;0.699551;0.263295;1.054889;0.699551;0.338605;1.096848;0.699556;0.388817;1.061979;-0.699551;0.384759;0.112675;1.000002;
14.712956;0.699598;0.262493;1.054666;0.699598;0.337788;1.096523;0.699603;0.387989;1.061556;-0.699598;0.384785;0.111905;1.000003;
14.970681;0.699749;0.260818;1.054195;0.699749;0.336090;1.095840;0.699754;0.386275;1.060660;-0.699749;0.384868;0.110276;1.000003;
15.228406;0.699914;0.259073;1.053705;0.699914;0.334323;1.095127;0.699919;0.384495;1.059723;-0.699914;0.384958;0.108573;1.000003;
15.486131;0.700035;0.257296;1.053207;0.700035;0.332516;1.094403;0.700040;0.382668;1.058779;-0.700035;0.385025;0.106856;1.000003;
15.743856;0.700095;0.255519;1.052713;0.700095;0.330698;1.093680;0.700100;0.380822;1.057847;-0.700095;0.385058;0.105162;1.000003;
15.999997;0.700116;0.253789;1.052233;0.700116;0.328921;1.092978;0.700121;0.379014;1.056947;-0.700116;0.385070;0.103525;1.000002;
15.999998;0.700129;0.253789;1.052232;0.700129;0.328924;1.092977;0.700134;0.379018;1.056947;-0.700128;0.385070;0.103525;0.999999;
15.999999;0.700123;0.253789;1.052233;0.700123;0.328922;1.092978;0.700128;0.379016;1.056947;-0.700123;0.385070;0.103525;1.000000;
16.000001;0.700110;0.253788;1.052233;0.700110;0.328919;1.092978;0.700115;0.379011;1.056947;-0.700110;0.385070;0.103525;1.000004;
16.000005;0.700087;0.253788;1.052234;0.700087;0.328914;1.092979;0.700092;0.379003;1.056947;-0.700088;0.385070;0.103525;1.000010;
16.000013;0.700039;0.253786;1.052237;0.700039;0.328903;1.092980;0.700044;0.378985;1.056947;-0.700043;0.385070;0.103525;1.000023;
16.000029;0.699942;0.253783;1.052241;0.699942;0.328880;1.092982;0.699947;0.378950;1.056947;-0.699952;0.385070;0.103525;1.000050;
16.000061;0.699751;0.253776;1.052250;0.699751;0.328836;1.092988;0.699756;0.378880;1.056946;-0.699771;0.385071;0.103524;1.000102;
16.000125;0.699372;0.253764;1.052268;0.699372;0.328748;1.092998;0.699377;0.378742;1.056945;-0.699412;0.385075;0.103521;1.000207;
16.000253;0.698628;0.253740;1.052303;0.698628;0.328577;1.093019;0.698633;0.378473;1.056939;-0.698710;0.385091;0.103512;1.000417;
16.000509;0.697197;0.253699;1.052372;0.697197;0.328252;1.093060;0.697202;0.377960;1.056919;-0.697364;0.385154;0.103477;1.000837;
16.001021;0.694565;0.253637;1.052503;0.694565;0.327672;1.093141;0.694570;0.377033;1.056840;-0.694900;0.385408;0.103340;1.001672;
16.002045;0.690173;0.253590;1.052734;0.690173;0.326765;1.093298;0.690178;0.375554;1.056529;-0.690848;0.386396;0.102802;1.003300;
16.002503;0.688567;0.253597;1.052825;0.688567;0.326460;1.093366;0.688571;0.375041;1.056325;-0.689393;0.387034;0.102451;1.004000;
16.002504;0.688563;0.253597;1.052825;0.688563;0.326460;1.093366;0.688568;0.375040;1.056325;-0.689390;0.387036;0.102451;1.004002;
16.002505;0.688560;0.253597;1.052825;0.688560;0.326459;1.093366;0.688565;0.375039;1.056324;-0.689387;0.387038;0.102450;1.004003;
16.002507;0.688553;0.253597;1.052825;0.688553;0.326458;1.093366;0.688558;0.375037;1.056323;-0.689382;0.387041;0.102448;1.004006;
16.002511;0.688541;0.253597;1.052826;0.688541;0.326456;1.093367;0.688545;0.375033;1.056322;-0.689370;0.387047;0.102445;1.004012;
16.002519;0.688515;0.253597;1.052828;0.688515;0.326451;1.093368;0.688520;0.375025;1.056318;-0.689347;0.387059;0.102438;1.004025;
16.002535;0.688463;0.253598;1.052831;0.688463;0.326442;1.093370;0.688468;0.375009;1.056310;-0.689301;0.387084;0.102424;1.004049;
16.002567;0.688361;0.253599;1.052837;0.688361;0.326424;1.093375;0.688366;0.374978;1.056294;-0.689209;0.387135;0.102397;1.004098;
16.002631;0.688161;0.253602;1.052849;0.688161;0.326388;1.093384;0.688165;0.374916;1.056261;-0.689030;0.387237;0.102341;1.004195;
16.002634;0.688150;0.253603;1.052849;0.688150;0.326386;1.093385;0.688155;0.374913;1.056259;-0.689020;0.387243;0.102338;1.004200;
16.002635;0.688147;0.253603;1.052849;0.688147;0.326385;1.093385;0.688151;0.374912;1.056259;-0.689017;0.387244;0.102337;1.004202;
16.002636;0.688143;0.253603;1.052850;0.688143;0.326385;1.093385;0.688148;0.374911;1.056258;-0.689015;0.387246;0.102336;1.004203;
16.002638;0.688137;0.253603;1.052850;0.688137;0.326384;1.093385;0.688142;0.374909;1.056257;-0.689009;0.387249;0.102334;1.004206;
16.002642;0.688125;0.253603;1.052851;0.688125;0.326382;1.093386;0.688130;0.374905;1.056255;-0.688998;0.387255;0.102330;1.004212;
16.002650;0.688100;0.253603;1.052852;0.688100;0.326377;1.093387;0.688105;0.374898;1.056251;-0.688976;0.387268;0.102323;1.004224;
16.002666;0.688051;0.253604;1.052855;0.688051;0.326368;1.093389;0.688056;0.374883;1.056243;-0.688932;0.387295;0.102309;1.004248;
16.002698;0.687953;0.253606;1.052861;0.687953;0.326351;1.093394;0.687958;0.374853;1.056226;-0.688845;0.387347;0.102280;1.004297;
16.002762;0.687761;0.253610;1.052873;0.687761;0.326318;1.093403;0.687766;0.374795;1.056192;-0.688674;0.387454;0.102221;1.004393;
16.002890;0.687389;0.253618;1.052896;0.687389;0.326254;1.093421;0.687394;0.374683;1.056121;-0.688344;0.387675;0.102100;1.004584;
16.003146;0.686693;0.253638;1.052939;0.686693;0.326140;1.093457;0.686698;0.374480;1.055971;-0.687733;0.388143;0.101841;1.004960;
16.003658;0.685487;0.253690;1.053020;0.685487;0.325961;1.093526;0.685492;0.374146;1.055637;-0.686696;0.389181;0.101263;1.005690;
16.004682;0.683758;0.253835;1.053155;0.683758;0.325777;1.093653;0.683763;0.373743;1.054834;-0.685302;0.391631;0.099881;1.007044;
16.005706;0.682859;0.254023;1.053256;0.682859;0.325798;1.093765;0.682864;0.373653;1.053865;-0.684730;0.394533;0.098214;1.008249;
16.007754;0.682930;0.254465;1.053374;0.682930;0.326268;1.093941;0.682935;0.374141;1.051517;-0.685428;0.401349;0.094192;1.010183;
16.009597;0.684667;0.254895;1.053398;0.684667;0.327045;1.094047;0.684672;0.375150;1.049001;-0.687690;0.408382;0.089905;1.011393;
16.011441;0.687364;0.255306;1.053363;0.687364;0.327989;1.094106;0.687369;0.376450;1.046205;-0.690870;0.415919;0.085169;1.012139;
16.013284;0.690505;0.255663;1.053288;0.690505;0.328967;1.094125;0.690510;0.377840;1.043221;-0.694454;0.423676;0.080153;1.012488;
16.015127;0.693683;0.255947;1.053190;0.693683;0.329878;1.094113;0.693688;0.379171;1.040133;-0.698034;0.431430;0.075007;1.012522;
16.016970;0.696603;0.256148;1.053083;0.696603;0.330658;1.094077;0.696608;0.380336;1.037007;-0.701321;0.439021;0.069855;1.012327;
16.018813;0.699076;0.256269;1.052977;0.699076;0.331269;1.094026;0.699081;0.381274;1.033895;-0.704133;0.446349;0.064789;1.011985;
16.020657;0.701009;0.256317;1.052882;0.701009;0.331700;1.093967;0.701013;0.381960;1.030830;-0.706378;0.453363;0.059868;1.011568;
16.022500;0.702379;0.256304;1.052801;0.702379;0.331958;1.093905;0.702384;0.382399;1.027830;-0.708041;0.460055;0.055127;1.011135;
16.024343;0.703224;0.256244;1.052736;0.703224;0.332064;1.093847;0.703229;0.382615;1.024899;-0.709161;0.466446;0.050571;1.010727;
16.028029;0.703764;0.256053;1.052653;0.703764;0.331974;1.093747;0.703769;0.382593;1.019186;-0.710202;0.478561;0.041915;1.010101;
16.031347;0.703308;0.255840;1.052620;0.703308;0.331664;1.093679;0.703313;0.382219;1.014157;-0.710144;0.488907;0.034536;1.009765;
16.034665;0.702443;0.255633;1.052612;0.702443;0.331280;1.093631;0.702448;0.381717;1.009139;-0.709623;0.498987;0.027374;1.009629;
16.037983;0.701527;0.255456;1.052615;0.701527;0.330917;1.093597;0.701532;0.381229;1.004051;-0.708983;0.508991;0.020281;1.009642;
16.041300;0.700777;0.255316;1.052618;0.700777;0.330623;1.093570;0.700782;0.380834;0.998834;-0.708434;0.519031;0.013150;1.009738;
16.044618;0.700282;0.255207;1.052616;0.700282;0.330413;1.093546;0.700288;0.380557;0.993459;-0.708055;0.529151;0.005927;1.009862;
16.047936;0.700037;0.255120;1.052606;0.700037;0.330275;1.093521;0.700042;0.380384;0.987918;-0.707838;0.539345;-0.001402;1.009973;
16.054572;0.699947;0.254963;1.052567;0.699947;0.330096;1.093461;0.699952;0.380190;0.976409;-0.707547;0.559761;-0.016251;1.010094;
16.061207;0.700070;0.254808;1.052515;0.700070;0.329961;1.093393;0.700073;0.380059;0.964407;-0.707136;0.580037;-0.031217;1.010107;
16.067843;0.700128;0.254643;1.052465;0.700128;0.329802;1.093324;0.700129;0.379897;0.952002;-0.706346;0.600022;-0.046141;1.010066;
16.074478;0.700029;0.254470;1.052425;0.700029;0.329605;1.093258;0.700030;0.379691;0.939238;-0.705108;0.619668;-0.060945;1.010019;
16.087749;0.699552;0.254150;1.052365;0.699552;0.329181;1.093147;0.699557;0.379206;0.912608;-0.701470;0.658010;-0.090256;1.009973;
16.101020;0.698949;0.253890;1.052330;0.698949;0.328794;1.093069;0.698951;0.378746;0.884495;-0.696525;0.695160;-0.119221;1.009967;
16.114291;0.698293;0.253699;1.052313;0.698293;0.328467;1.093021;0.698292;0.378324;0.854919;-0.690360;0.731098;-0.147846;1.009962;
16.127562;0.697593;0.253569;1.052314;0.697593;0.328196;1.093000;0.697584;0.377946;0.823931;-0.683004;0.765769;-0.176079;1.009954;
16.140833;0.696791;0.253494;1.052336;0.696791;0.327960;1.093005;0.696775;0.377590;0.791606;-0.674442;0.799098;-0.203833;1.009937;
16.167375;0.694760;0.253398;1.052426;0.694760;0.327464;1.093037;0.694765;0.376846;0.723194;-0.653741;0.861493;-0.257672;1.009903;
16.193917;0.692425;0.253657;1.052629;0.692425;0.327268;1.093273;0.692354;0.376323;0.650220;-0.628706;0.918017;-0.308879;1.009876;
16.220460;0.689775;0.254205;1.052933;0.689775;0.327310;1.093655;0.689648;0.376029;0.573119;-0.599720;0.968391;-0.357228;1.009854;
16.247002;0.686754;0.255009;1.053312;0.686754;0.327545;1.094146;0.686567;0.375829;0.492407;-0.567018;1.012284;-0.402420;1.009829;
16.273544;0.683453;0.255811;1.053732;0.683453;0.327731;1.094646;0.683233;0.375663;0.408524;-0.530938;1.049452;-0.444358;1.009817;
16.300086;0.679360;0.256777;1.054131;0.679360;0.327935;1.095243;0.679020;0.374966;0.322281;-0.491378;1.079443;-0.482339;1.009760;
16.326628;0.677757;0.256934;1.054858;0.677757;0.327810;1.095407;0.677508;0.376956;0.232756;-0.451080;1.103405;-0.518863;1.009980;
16.341227;0.672649;0.256418;1.054469;0.672649;0.326325;1.095133;0.672654;0.372935;0.184170;-0.424171;1.111461;-0.534912;1.009415;
16.354366;0.669300;0.256062;1.054550;0.669300;0.325329;1.095119;0.669303;0.371508;0.140025;-0.401087;1.117757;-0.548545;1.009671;
16.366191;0.667089;0.255943;1.054636;0.667089;0.324791;1.095156;0.667095;0.370697;0.099683;-0.380192;1.122052;-0.560755;1.009786;
16.378017;0.665133;0.255961;1.054745;0.665133;0.324445;1.095239;0.665134;0.370105;0.059093;-0.359062;1.124958;-0.572391;1.009790;
16.389842;0.663064;0.256075;1.054885;0.663064;0.324179;1.095365;0.663062;0.369579;0.018505;-0.337673;1.126442;-0.583087;1.009754;
16.413492;0.658594;0.256491;1.055235;0.658594;0.323782;1.095701;0.658598;0.368648;-0.062497;-0.294227;1.125130;-0.601696;1.009722;
16.434778;0.654514;0.257015;1.055591;0.654514;0.323576;1.096066;0.654518;0.367954;-0.135120;-0.254477;1.119052;-0.615613;1.009726;
16.456063;0.650440;0.257590;1.055960;0.650440;0.323429;1.096450;0.650444;0.367326;-0.207221;-0.214211;1.108313;-0.626928;1.009728;
16.477349;0.646365;0.258239;1.056346;0.646365;0.323362;1.096882;0.646343;0.366771;-0.278485;-0.173623;1.092970;-0.635603;1.009725;
16.499997;0.641966;0.258806;1.056723;0.641966;0.323161;1.097262;0.641960;0.366063;-0.353031;-0.130121;1.071573;-0.641950;1.009725;
16.499997;0.641934;0.258803;1.056727;0.641934;0.323154;1.097253;0.641938;0.366059;-0.353069;-0.130102;1.071564;-0.641934;1.009733;
16.499998;0.641940;0.258803;1.056727;0.641940;0.323155;1.097253;0.641944;0.366061;-0.353072;-0.130100;1.071563;-0.641940;1.009731;
16.499999;0.641946;0.258804;1.056726;0.641946;0.323157;1.097253;0.641950;0.366063;-0.353075;-0.130098;1.071561;-0.641946;1.009729;
16.500001;0.641957;0.258804;1.056726;0.641957;0.323159;1.097253;0.641962;0.366067;-0.353082;-0.130094;1.071559;-0.641957;1.009726;
16.500005;0.641981;0.258805;1.056725;0.641981;0.323164;1.097252;0.641985;0.366075;-0.353095;-0.130086;1.071555;-0.641981;1.009720;
16.500013;0.642028;0.258806;1.056723;0.642028;0.323174;1.097251;0.642033;0.366091;-0.353121;-0.130071;1.071547;-0.642028;1.009706;
16.500029;0.642123;0.258810;1.056719;0.642123;0.323195;1.097249;0.642127;0.366122;-0.353173;-0.130040;1.071530;-0.642123;1.009680;
16.500061;0.642311;0.258816;1.056711;0.642311;0.323235;1.097245;0.642315;0.366185;-0.353276;-0.129979;1.071496;-0.642311;1.009627;
16.500125;0.642683;0.258829;1.056696;0.642683;0.323314;1.097236;0.642687;0.366309;-0.353481;-0.129857;1.071429;-0.642683;1.009521;
16.500253;0.643412;0.258852;1.056665;0.643412;0.323469;1.097219;0.643416;0.366552;-0.353882;-0.129618;1.071298;-0.643412;1.009309;
16.500509;0.644811;0.258895;1.056605;0.644811;0.323764;1.097185;0.644815;0.367014;-0.354651;-0.129156;1.071043;-0.644811;1.008887;
16.501021;0.647375;0.258960;1.056492;0.647375;0.324293;1.097116;0.647380;0.367852;-0.356062;-0.128293;1.070569;-0.647375;1.008047;
16.502045;0.651612;0.259021;1.056291;0.651612;0.325123;1.096984;0.651617;0.369196;-0.358392;-0.126817;1.069757;-0.651612;1.006413;
16.503069;0.654726;0.259001;1.056125;0.654726;0.325670;1.096859;0.654730;0.370120;-0.360104;-0.125664;1.069123;-0.654726;1.004866;
16.503535;0.655804;0.258970;1.056060;0.655804;0.325834;1.096806;0.655808;0.370416;-0.360698;-0.125241;1.068891;-0.655804;1.004200;
16.503536;0.655806;0.258970;1.056060;0.655806;0.325835;1.096806;0.655810;0.370416;-0.360699;-0.125240;1.068890;-0.655806;1.004199;
16.503537;0.655808;0.258970;1.056060;0.655808;0.325835;1.096806;0.655812;0.370417;-0.360700;-0.125239;1.068889;-0.655808;1.004197;
16.503539;0.655812;0.258970;1.056060;0.655812;0.325836;1.096806;0.655817;0.370418;-0.360702;-0.125238;1.068889;-0.655812;1.004194;
16.503543;0.655820;0.258969;1.056059;0.655820;0.325837;1.096805;0.655825;0.370420;-0.360706;-0.125234;1.068887;-0.655820;1.004189;
16.503551;0.655837;0.258969;1.056058;0.655837;0.325839;1.096805;0.655841;0.370424;-0.360715;-0.125228;1.068883;-0.655837;1.004177;
16.503567;0.655869;0.258967;1.056056;0.655869;0.325844;1.096803;0.655873;0.370432;-0.360733;-0.125215;1.068876;-0.655869;1.004155;
16.503599;0.655933;0.258964;1.056052;0.655933;0.325852;1.096799;0.655937;0.370449;-0.360768;-0.125188;1.068861;-0.655933;1.004110;
16.503663;0.656058;0.258959;1.056044;0.656058;0.325869;1.096792;0.656063;0.370481;-0.360837;-0.125137;1.068833;-0.656058;1.004020;
16.503677;0.656085;0.258957;1.056042;0.656085;0.325873;1.096791;0.656090;0.370488;-0.360852;-0.125126;1.068827;-0.656085;1.004000;
16.503678;0.656087;0.258957;1.056042;0.656087;0.325873;1.096790;0.656092;0.370488;-0.360853;-0.125125;1.068827;-0.656087;1.003999;
16.503679;0.656089;0.258957;1.056042;0.656089;0.325873;1.096790;0.656094;0.370489;-0.360854;-0.125124;1.068826;-0.656089;1.003997;
16.503681;0.656093;0.258957;1.056042;0.656093;0.325874;1.096790;0.656097;0.370490;-0.360856;-0.125123;1.068825;-0.656093;1.003995;
16.503685;0.656101;0.258956;1.056041;0.656101;0.325875;1.096790;0.656105;0.370492;-0.360861;-0.125120;1.068824;-0.656101;1.003989;
16.503693;0.656116;0.258956;1.056040;0.656116;0.325877;1.096789;0.656120;0.370495;-0.360869;-0.125113;1.068820;-0.656116;1.003978;
16.503709;0.656146;0.258954;1.056038;0.656146;0.325881;1.096787;0.656151;0.370503;-0.360886;-0.125101;1.068813;-0.656146;1.003956;
16.503741;0.656206;0.258951;1.056034;0.656206;0.325889;1.096783;0.656210;0.370518;-0.360919;-0.125076;1.068800;-0.656206;1.003911;
16.503805;0.656323;0.258945;1.056026;0.656323;0.325903;1.096777;0.656327;0.370547;-0.360983;-0.125027;1.068773;-0.656323;1.003823;
16.503933;0.656545;0.258931;1.056011;0.656545;0.325930;1.096763;0.656550;0.370601;-0.361105;-0.124933;1.068721;-0.656545;1.003647;
16.504189;0.656947;0.258902;1.055982;0.656947;0.325973;1.096736;0.656951;0.370692;-0.361326;-0.124759;1.068625;-0.656947;1.003303;
16.504701;0.657584;0.258835;1.055930;0.657584;0.326021;1.096685;0.657589;0.370816;-0.361677;-0.124462;1.068462;-0.657584;1.002642;
16.505725;0.658263;0.258673;1.055851;0.658263;0.325978;1.096594;0.658267;0.370852;-0.362050;-0.124062;1.068242;-0.658263;1.001439;
16.506749;0.658231;0.258483;1.055800;0.658231;0.325776;1.096518;0.658236;0.370642;-0.362033;-0.123897;1.068151;-0.658231;1.000395;
16.508797;0.656650;0.258075;1.055771;0.656650;0.325064;1.096414;0.656655;0.369727;-0.361163;-0.124098;1.068262;-0.656650;0.998787;
16.510845;0.653609;0.257673;1.055818;0.653609;0.324092;1.096365;0.653614;0.368374;-0.359490;-0.124835;1.068667;-0.653609;0.997776;
16.512893;0.649827;0.257323;1.055917;0.649827;0.323043;1.096365;0.649831;0.366855;-0.357410;-0.125884;1.069244;-0.649827;0.997279;
16.514941;0.645888;0.257055;1.056045;0.645888;0.322054;1.096403;0.645893;0.365384;-0.355244;-0.127056;1.069889;-0.645888;0.997192;
16.516989;0.642221;0.256879;1.056184;0.642221;0.321214;1.096467;0.642226;0.364101;-0.353227;-0.128209;1.070523;-0.642221;0.997397;
16.519037;0.639093;0.256794;1.056320;0.639093;0.320567;1.096548;0.639098;0.363082;-0.351506;-0.129247;1.071094;-0.639093;0.997783;
16.521085;0.636633;0.256790;1.056443;0.636633;0.320125;1.096636;0.636638;0.362350;-0.350153;-0.130118;1.071573;-0.636633;0.998253;
16.523133;0.634860;0.256850;1.056549;0.634860;0.319874;1.096724;0.634864;0.361893;-0.349178;-0.130803;1.071949;-0.634860;0.998732;
16.525181;0.633713;0.256957;1.056636;0.633713;0.319782;1.096809;0.633717;0.361671;-0.348547;-0.131308;1.072227;-0.633713;0.999166;
16.527229;0.633083;0.257094;1.056705;0.633083;0.319813;1.096887;0.633087;0.361632;-0.348201;-0.131658;1.072419;-0.633083;0.999523;
16.529277;0.632840;0.257246;1.056759;0.632840;0.319927;1.096957;0.632844;0.361722;-0.348067;-0.131884;1.072544;-0.632840;0.999787;
16.531325;0.632850;0.257401;1.056801;0.632850;0.320090;1.097019;0.632855;0.361890;-0.348073;-0.132024;1.072621;-0.632850;0.999960;
16.535421;0.633090;0.257685;1.056866;0.633090;0.320426;1.097125;0.633094;0.362259;-0.348204;-0.132201;1.072718;-0.633090;1.000096;
16.539517;0.633303;0.257924;1.056921;0.633303;0.320712;1.097213;0.633307;0.362575;-0.348322;-0.132347;1.072799;-0.633303;1.000040;
16.543613;0.633216;0.258118;1.056978;0.633216;0.320898;1.097294;0.633221;0.362756;-0.348274;-0.132558;1.072914;-0.633216;0.999903;
16.547709;0.632773;0.258279;1.057044;0.632773;0.320987;1.097375;0.632777;0.362797;-0.348030;-0.132863;1.073082;-0.632773;0.999766;
16.551805;0.632052;0.258422;1.057119;0.632052;0.321009;1.097459;0.632056;0.362738;-0.347633;-0.133249;1.073295;-0.632052;0.999672;
16.555901;0.631182;0.258561;1.057201;0.631182;0.321001;1.097546;0.631186;0.362631;-0.347155;-0.133683;1.073533;-0.631182;0.999631;
16.564093;0.629475;0.258849;1.057364;0.629475;0.321000;1.097723;0.629479;0.362439;-0.346216;-0.134547;1.074008;-0.629475;0.999641;
16.572285;0.627943;0.259143;1.057520;0.627943;0.321038;1.097896;0.627947;0.362306;-0.345373;-0.135354;1.074452;-0.627943;0.999697;
16.580477;0.626608;0.259430;1.057664;0.626608;0.321103;1.098059;0.626612;0.362223;-0.344639;-0.136083;1.074853;-0.626608;0.999741;
16.588669;0.625381;0.259696;1.057797;0.625381;0.321166;1.098210;0.625385;0.362151;-0.343964;-0.136755;1.075223;-0.625381;0.999758;
16.605053;0.622997;0.260148;1.058038;0.622997;0.321223;1.098476;0.623001;0.361944;-0.342653;-0.137997;1.075906;-0.622997;0.999770;
16.621437;0.620739;0.260503;1.058245;0.620739;0.321203;1.098698;0.620743;0.361674;-0.341411;-0.139103;1.076514;-0.620739;0.999782;
16.637821;0.618665;0.260768;1.058418;0.618665;0.321123;1.098878;0.618670;0.361363;-0.340271;-0.140059;1.077040;-0.618665;0.999804;
16.654205;0.616815;0.260949;1.058557;0.616815;0.320995;1.099015;0.616819;0.361029;-0.339253;-0.140859;1.077480;-0.616815;0.999828;
16.670589;0.615193;0.261052;1.058663;0.615193;0.320825;1.099113;0.615197;0.360677;-0.338361;-0.141506;1.077836;-0.615193;0.999852;
16.686973;0.613797;0.261082;1.058738;0.613797;0.320618;1.099173;0.613801;0.360314;-0.337593;-0.142008;1.078112;-0.613797;0.999874;
16.703357;0.612628;0.261047;1.058785;0.612628;0.320384;1.099200;0.612632;0.359946;-0.336950;-0.142372;1.078312;-0.612628;0.999896;
16.719741;0.611688;0.260954;1.058805;0.611688;0.320129;1.099195;0.611692;0.359583;-0.336433;-0.142604;1.078440;-0.611688;0.999918;
16.736125;0.610976;0.260810;1.058800;0.610976;0.319859;1.099162;0.610980;0.359229;-0.336041;-0.142712;1.078499;-0.610976;0.999940;
16.752509;0.610488;0.260620;1.058771;0.610488;0.319579;1.099103;0.610492;0.358889;-0.335773;-0.142702;1.078494;-0.610488;0.999961;
16.768893;0.610221;0.260390;1.058721;0.610221;0.319295;1.099020;0.610225;0.358569;-0.335626;-0.142580;1.078427;-0.610221;0.999981;
16.801661;0.610313;0.259828;1.058564;0.610313;0.318726;1.098791;0.610317;0.357996;-0.335677;-0.142031;1.078125;-0.610313;1.000019;
16.831152;0.611081;0.259218;1.058361;0.611081;0.318222;1.098519;0.611085;0.357562;-0.336099;-0.141210;1.077673;-0.611081;1.000051;
16.860644;0.612446;0.258528;1.058108;0.612446;0.317736;1.098194;0.612450;0.357212;-0.336850;-0.140111;1.077069;-0.612446;1.000080;
16.890135;0.614361;0.257767;1.057808;0.614361;0.317271;1.097822;0.614365;0.356945;-0.337903;-0.138759;1.076325;-0.614361;1.000106;
16.919626;0.616772;0.256948;1.057468;0.616772;0.316832;1.097409;0.616776;0.356758;-0.339229;-0.137180;1.075457;-0.616772;1.000129;
16.949117;0.619626;0.256079;1.057092;0.619626;0.316419;1.096958;0.619630;0.356650;-0.340799;-0.135398;1.074476;-0.619626;1.000150;
16.978608;0.622868;0.255168;1.056684;0.622868;0.316034;1.096477;0.622872;0.356614;-0.342582;-0.133437;1.073398;-0.622868;1.000168;
17.008100;0.626445;0.254223;1.056249;0.626445;0.315675;1.095969;0.626449;0.356646;-0.344550;-0.131319;1.072233;-0.626445;1.000184;
17.037591;0.630305;0.253251;1.055791;0.630305;0.315342;1.095438;0.630309;0.356740;-0.346673;-0.129067;1.070995;-0.630305;1.000197;
17.067082;0.634396;0.252258;1.055314;0.634396;0.315035;1.094889;0.634400;0.356890;-0.348923;-0.126704;1.069695;-0.634396;1.000207;
17.096573;0.638671;0.251252;1.054822;0.638671;0.314754;1.094327;0.638675;0.357090;-0.351274;-0.124250;1.068345;-0.638671;1.000215;
17.126064;0.643082;0.250240;1.054319;0.643082;0.314496;1.093755;0.643087;0.357336;-0.353700;-0.121727;1.066957;-0.643082;1.000221;
17.185047;0.652097;0.248225;1.053300;0.652097;0.314048;1.092603;0.652101;0.357934;-0.358659;-0.116578;1.064126;-0.652097;1.000227;
17.244029;0.661166;0.246252;1.052279;0.661166;0.313685;1.091459;0.661170;0.358642;-0.363647;-0.111387;1.061270;-0.661166;1.000226;
17.303012;0.670035;0.244360;1.051281;0.670035;0.313398;1.090347;0.670039;0.359422;-0.368525;-0.106284;1.058464;-0.670035;1.000219;
17.361994;0.678484;0.242583;1.050329;0.678484;0.313179;1.089292;0.678489;0.360239;-0.373172;-0.101392;1.055774;-0.678484;1.000206;
17.420976;0.686337;0.240950;1.049442;0.686337;0.313017;1.088313;0.686342;0.361058;-0.377491;-0.096816;1.053256;-0.686337;1.000190;
17.479959;0.693458;0.239482;1.048635;0.693458;0.312904;1.087425;0.693462;0.361849;-0.381408;-0.092638;1.050959;-0.693458;1.000170;
17.538941;0.699750;0.238195;1.047919;0.699750;0.312830;1.086641;0.699755;0.362585;-0.384869;-0.088923;1.048916;-0.699750;1.000148;
17.597924;0.705156;0.237095;1.047302;0.705156;0.312786;1.085967;0.705161;0.363246;-0.387842;-0.085715;1.047151;-0.705156;1.000126;
17.656906;0.709650;0.236186;1.046788;0.709650;0.312761;1.085407;0.709655;0.363814;-0.390314;-0.083035;1.045677;-0.709650;1.000102;
17.658362;0.709749;0.236166;1.046777;0.709749;0.312761;1.085395;0.709754;0.363827;-0.390368;-0.082976;1.045645;-0.709749;1.000102;
17.658363;0.709750;0.236166;1.046777;0.709750;0.312760;1.085395;0.709755;0.363828;-0.390369;-0.082977;1.045645;-0.709750;1.000101;
17.658364;0.709750;0.236166;1.046777;0.709750;0.312760;1.085395;0.709755;0.363828;-0.390369;-0.082977;1.045645;-0.709750;1.000101;
17.658366;0.709750;0.236166;1.046777;0.709750;0.312760;1.085395;0.709755;0.363828;-0.390369;-0.082977;1.045645;-0.709750;1.000101;
17.658370;0.709750;0.236166;1.046777;0.709750;0.312760;1.085395;0.709755;0.363828;-0.390369;-0.082977;1.045645;-0.709750;1.000101;
17.658378;0.709751;0.236166;1.046777;0.709751;0.312760;1.085395;0.709756;0.363828;-0.390369;-0.082976;1.045645;-0.709751;1.000101;
17.658394;0.709752;0.236165;1.046777;0.709752;0.312760;1.085394;0.709757;0.363829;-0.390370;-0.082976;1.045644;-0.709752;1.000101;
17.658426;0.709754;0.236165;1.046777;0.709754;0.312760;1.085394;0.709759;0.363829;-0.390371;-0.082974;1.045644;-0.709754;1.000101;
17.658490;0.709758;0.236164;1.046776;0.709758;0.312760;1.085394;0.709763;0.363829;-0.390373;-0.082972;1.045642;-0.709758;1.000101;
17.658618;0.709767;0.236162;1.046775;0.709767;0.312760;1.085393;0.709772;0.363831;-0.390378;-0.082966;1.045639;-0.709767;1.000101;
17.658874;0.709784;0.236159;1.046773;0.709784;0.312760;1.085390;0.709789;0.363833;-0.390388;-0.082956;1.045634;-0.709784;1.000101;
17.659386;0.709819;0.236152;1.046769;0.709819;0.312760;1.085386;0.709824;0.363837;-0.390407;-0.082935;1.045622;-0.709819;1.000101;
17.660410;0.709888;0.236138;1.046761;0.709888;0.312760;1.085377;0.709893;0.363846;-0.390445;-0.082894;1.045600;-0.709888;1.000101;
17.662458;0.710025;0.236110;1.046746;0.710025;0.312759;1.085360;0.710030;0.363864;-0.390520;-0.082812;1.045555;-0.710025;1.000100;
17.666554;0.710297;0.236055;1.046715;0.710297;0.312758;1.085326;0.710302;0.363899;-0.390670;-0.082650;1.045465;-0.710297;1.000098;
17.674746;0.710827;0.235949;1.046654;0.710827;0.312757;1.085260;0.710833;0.363967;-0.390961;-0.082332;1.045291;-0.710827;1.000095;
17.691130;0.711836;0.235746;1.046538;0.711836;0.312754;1.085135;0.711842;0.364099;-0.391516;-0.081729;1.044959;-0.711836;1.000089;
17.723898;0.713645;0.235381;1.046330;0.713645;0.312749;1.084909;0.713650;0.364334;-0.392511;-0.080643;1.044362;-0.713645;1.000076;
17.789434;0.716458;0.234799;1.046002;0.716458;0.312730;1.084551;0.716463;0.364690;-0.394058;-0.078936;1.043423;-0.716458;1.000052;
17.854970;0.718262;0.234398;1.045783;0.718262;0.312691;1.084309;0.718267;0.364892;-0.395050;-0.077812;1.042804;-0.718262;1.000030;
17.920506;0.719152;0.234154;1.045662;0.719152;0.312625;1.084171;0.719157;0.364945;-0.395540;-0.077212;1.042474;-0.719152;1.000010;
17.986042;0.719240;0.234040;1.045625;0.719240;0.312527;1.084121;0.719245;0.364857;-0.395588;-0.077067;1.042395;-0.719240;0.999993;
18.051578;0.718646;0.234033;1.045658;0.718646;0.312397;1.084143;0.718651;0.364645;-0.395262;-0.077305;1.042526;-0.718646;0.999979;
18.117114;0.717498;0.234107;1.045747;0.717498;0.312236;1.084222;0.717503;0.364328;-0.394630;-0.077848;1.042824;-0.717498;0.999968;
18.182650;0.715920;0.234240;1.045877;0.715920;0.312048;1.084344;0.715925;0.363926;-0.393762;-0.078623;1.043250;-0.715920;0.999960;
18.248186;0.714035;0.234410;1.046036;0.714035;0.311837;1.084494;0.714040;0.363459;-0.392726;-0.079558;1.043765;-0.714035;0.999955;
18.313722;0.711955;0.234601;1.046210;0.711955;0.311607;1.084660;0.711960;0.362949;-0.391582;-0.080588;1.044331;-0.711955;0.999952;
18.379258;0.709784;0.234794;1.046391;0.709784;0.311363;1.084831;0.709789;0.362414;-0.390387;-0.081655;1.044918;-0.709784;0.999951;
18.444794;0.707610;0.234978;1.046569;0.707610;0.311111;1.084998;0.707615;0.361870;-0.389192;-0.082711;1.045499;-0.707610;0.999952;
18.510330;0.705511;0.235141;1.046736;0.705511;0.310854;1.085152;0.705516;0.361334;-0.388037;-0.083714;1.046051;-0.705511;0.999954;
18.641402;0.701812;0.235373;1.047014;0.701812;0.310349;1.085402;0.701817;0.360337;-0.386003;-0.085422;1.046990;-0.701812;0.999963;
18.763010;0.699106;0.235466;1.047195;0.699106;0.309903;1.085552;0.699111;0.359532;-0.384514;-0.086591;1.047633;-0.699106;0.999972;
18.763011;0.699106;0.235466;1.047195;0.699106;0.309903;1.085552;0.699111;0.359532;-0.384514;-0.086592;1.047633;-0.699106;0.999972;
18.763012;0.699106;0.235466;1.047195;0.699106;0.309903;1.085552;0.699111;0.359532;-0.384514;-0.086592;1.047633;-0.699106;0.999972;
18.763014;0.699106;0.235466;1.047195;0.699106;0.309903;1.085552;0.699111;0.359532;-0.384514;-0.086592;1.047633;-0.699106;0.999972;
18.763018;0.699106;0.235466;1.047195;0.699106;0.309903;1.085552;0.699111;0.359532;-0.384514;-0.086592;1.047633;-0.699106;0.999972;
18.763026;0.699105;0.235466;1.047195;0.699105;0.309903;1.085552;0.699110;0.359532;-0.384514;-0.086592;1.047633;-0.699105;0.999972;
18.763042;0.699105;0.235466;1.047195;0.699105;0.309903;1.085552;0.699110;0.359532;-0.384514;-0.086592;1.047633;-0.699105;0.999972;
18.763074;0.699104;0.235466;1.047195;0.699104;0.309902;1.085552;0.699109;0.359532;-0.384514;-0.086592;1.047633;-0.699104;0.999972;
18.763138;0.699103;0.235466;1.047195;0.699103;0.309902;1.085552;0.699108;0.359532;-0.384513;-0.086593;1.047634;-0.699103;0.999972;
18.763266;0.699101;0.235466;1.047195;0.699101;0.309902;1.085552;0.699106;0.359531;-0.384512;-0.086594;1.047634;-0.699101;0.999972;
18.763522;0.699096;0.235466;1.047196;0.699096;0.309901;1.085552;0.699101;0.359529;-0.384509;-0.086596;1.047635;-0.699096;0.999972;
18.764034;0.699086;0.235466;1.047196;0.699086;0.309899;1.085553;0.699091;0.359526;-0.384503;-0.086600;1.047638;-0.699086;0.999972;
18.765058;0.699066;0.235466;1.047197;0.699066;0.309895;1.085554;0.699071;0.359520;-0.384492;-0.086608;1.047642;-0.699066;0.999972;
18.767106;0.699026;0.235467;1.047200;0.699026;0.309888;1.085555;0.699031;0.359507;-0.384471;-0.086624;1.047651;-0.699026;0.999973;
18.771202;0.698948;0.235468;1.047204;0.698948;0.309873;1.085559;0.698953;0.359482;-0.384428;-0.086656;1.047669;-0.698948;0.999973;
18.779394;0.698794;0.235469;1.047214;0.698794;0.309844;1.085566;0.698799;0.359432;-0.384343;-0.086719;1.047703;-0.698794;0.999974;
18.795778;0.698499;0.235470;1.047231;0.698499;0.309786;1.085579;0.698504;0.359336;-0.384181;-0.086838;1.047768;-0.698499;0.999975;
18.828546;0.697958;0.235465;1.047260;0.697958;0.309673;1.085599;0.697962;0.359150;-0.383883;-0.087048;1.047884;-0.697958;0.999978;
18.894082;0.697064;0.235426;1.047300;0.697064;0.309456;1.085620;0.697069;0.358814;-0.383391;-0.087367;1.048060;-0.697064;0.999984;
19.025154;0.695966;0.235251;1.047314;0.695966;0.309058;1.085593;0.695971;0.358268;-0.382788;-0.087636;1.048208;-0.695966;0.999994;
19.156226;0.695669;0.234969;1.047252;0.695669;0.308711;1.085490;0.695674;0.357877;-0.382624;-0.087486;1.048125;-0.695669;1.000002;
19.287298;0.695984;0.234620;1.047137;0.695984;0.308416;1.085334;0.695989;0.357617;-0.382797;-0.087030;1.047874;-0.695984;1.000008;
19.327904;0.696164;0.234507;1.047095;0.696164;0.308335;1.085280;0.696169;0.357558;-0.382896;-0.086850;1.047775;-0.696164;1.000009;
19.327905;0.696164;0.234507;1.047095;0.696164;0.308335;1.085280;0.696169;0.357558;-0.382896;-0.086850;1.047776;-0.696164;1.000009;
19.327906;0.696164;0.234507;1.047095;0.696164;0.308335;1.085280;0.696169;0.357558;-0.382896;-0.086850;1.047776;-0.696164;1.000009;
19.327908;0.696164;0.234506;1.047095;0.696164;0.308335;1.085280;0.696169;0.357558;-0.382896;-0.086850;1.047776;-0.696164;1.000009;
19.327912;0.696164;0.234506;1.047095;0.696164;0.308335;1.085280;0.696169;0.357558;-0.382896;-0.086850;1.047775;-0.696164;1.000009;
19.327920;0.696164;0.234506;1.047095;0.696164;0.308335;1.085280;0.696169;0.357558;-0.382896;-0.086850;1.047775;-0.696164;1.000009;
19.327936;0.696164;0.234506;1.047095;0.696164;0.308335;1.085280;0.696169;0.357558;-0.382896;-0.086850;1.047775;-0.696164;1.000009;
19.327968;0.696164;0.234506;1.047095;0.696164;0.308334;1.085280;0.696169;0.357558;-0.382896;-0.086850;1.047775;-0.696164;1.000009;
19.328032;0.696165;0.234506;1.047094;0.696165;0.308334;1.085280;0.696170;0.357558;-0.382897;-0.086850;1.047775;-0.696165;1.000009;
19.328160;0.696165;0.234506;1.047094;0.696165;0.308334;1.085280;0.696170;0.357558;-0.382897;-0.086849;1.047775;-0.696165;1.000009;
19.328416;0.696167;0.234505;1.047094;0.696167;0.308334;1.085280;0.696172;0.357558;-0.382898;-0.086848;1.047774;-0.696167;1.000009;
19.328928;0.696170;0.234503;1.047093;0.696170;0.308333;1.085279;0.696175;0.357557;-0.382899;-0.086845;1.047773;-0.696170;1.000009;
19.329952;0.696176;0.234500;1.047092;0.696176;0.308331;1.085277;0.696180;0.357556;-0.382903;-0.086840;1.047770;-0.696176;1.000009;
19.332000;0.696187;0.234494;1.047090;0.696187;0.308327;1.085274;0.696192;0.357553;-0.382909;-0.086830;1.047764;-0.696187;1.000009;
19.336096;0.696211;0.234482;1.047085;0.696211;0.308319;1.085268;0.696216;0.357548;-0.382922;-0.086809;1.047753;-0.696211;1.000009;
19.344288;0.696259;0.234458;1.047076;0.696259;0.308303;1.085256;0.696264;0.357539;-0.382948;-0.086766;1.047729;-0.696259;1.000010;
19.360672;0.696358;0.234409;1.047056;0.696358;0.308273;1.085232;0.696363;0.357521;-0.383003;-0.086680;1.047682;-0.696358;1.000010;
19.393440;0.696570;0.234311;1.047017;0.696570;0.308215;1.085183;0.696575;0.357489;-0.383119;-0.086503;1.047585;-0.696570;1.000011;
19.458976;0.697028;0.234116;1.046936;0.697028;0.308106;1.085085;0.697033;0.357438;-0.383372;-0.086135;1.047382;-0.697028;1.000012;
19.590048;0.697997;0.233741;1.046776;0.697997;0.307915;1.084891;0.698002;0.357369;-0.383905;-0.085393;1.046974;-0.697997;1.000012;
19.721120;0.698940;0.233397;1.046626;0.698940;0.307750;1.084711;0.698945;0.357324;-0.384423;-0.084690;1.046587;-0.698940;1.000011;
19.852192;0.699755;0.233095;1.046495;0.699755;0.307604;1.084553;0.699760;0.357281;-0.384872;-0.084077;1.046250;-0.699755;1.000009;
19.983264;0.700381;0.232841;1.046388;0.700381;0.307469;1.084424;0.700386;0.357226;-0.385216;-0.083585;1.045980;-0.700381;1.000006;
20.000000;0.700447;0.232812;1.046376;0.700447;0.307453;1.084409;0.700452;0.357218;-0.385252;-0.083531;1.045950;-0.700447;1.000006;
