{"Un": 100000.0, "cos_phin": 0.9, "fn": 50.0, "Pn": 4000000000.0, "Sn": 4444444444.444445, "Lf_pu": 0.6, "Rf_pu": 0.0001221, "Lf_SI": 0.004297183463481174, "Rf_SI": 0.000274725, "Pref0": -44444444.44444444, "Qref0": 33333333.33333333, "Pref0_pu": -0.009999999999999998, "Qref0_pu": 0.007499999999999999, "V0": 103670.0, "wb": 314.1592653589793, "Tr_i": 0.01, "zeta_i": 0.7, "wn_i": 300.0, "Ti_i": 0.004665956317661105, "Kp_i": 0.8020188131831525, "Ki_i": 171.88733853924697, "vgd0": 1.0367, "vgq0": 0.0, "isdref": 0.009645992090286486, "isqref": 0.007234494067714863, "Ub": 100000.0, "Vb": 100000.0, "Ib": 44444.444444444445, "Zb": 2.25, "wn_pll": 314.1592653589793, "zeta_pll": 0.7, "Kp_pll": 0.0043982297150257105, "Ti_pll": 0.004456338406573069, "init_w": 314.1592653589793, "init_theta": -2.64, "init_theta_rad": -0.04607669225265031, "isd0": 0.009645992090286486, "isq0": 0.007234494067714863, "Vg0_1": 84556.36189321351, "Vg0_2": -45654.67284470617, "Vg0_3": -38901.68904850725, "Is0_1": 361.7616202024605, "Is0_2": 32.27315477834405, "Is0_3": -394.03477498080395}
