time;WECCPVVSource_photovoltaics_HvMeasurements_PPu;WECCPVVSource_photovoltaics_HvMeasurements_QPu;WECCPVVSource_photovoltaics_HvMeasurements_UPu;WECCPVVSource_photovoltaics_LvMeasurements_PPu;WECCPVVSource_photovoltaics_LvMeasurements_QPu;WECCPVVSource_photovoltaics_LvMeasurements_UPu;WECCPVVSource_photovoltaics_injector_PInjPu;WECCPVVSource_photovoltaics_injector_QInjPu;WECCPVVSource_photovoltaics_injector_terminal_V_re;WECCPVVSource_photovoltaics_injector_terminal_i_re;WECCPVVSource_photovoltaics_injector_terminal_V_im;WECCPVVSource_photovoltaics_injector_terminal_i_im;WECCPVVSource_photovoltaics_pll_omegaPLLPu;
0.00000000;0.69998413;0.20000008;1.00000041;0.69998413;0.27949668;1.03533827;0.69998943;0.33249972;1.05000916;-0.69998413;0.17500248;0.19999898;0.99999264;
0.00000001;0.69998413;0.20000008;1.00000041;0.69998413;0.27949668;1.03533827;0.69998943;0.33249972;1.05000916;-0.69998413;0.17500248;0.19999898;0.99999264;
0.00000002;0.69998413;0.20000008;1.00000041;0.69998413;0.27949668;1.03533827;0.69998943;0.33249972;1.05000916;-0.69998413;0.17500248;0.19999898;0.99999264;
0.00000004;0.69998413;0.20000008;1.00000041;0.69998413;0.27949668;1.03533827;0.69998943;0.33249972;1.05000916;-0.69998413;0.17500248;0.19999898;0.99999264;
0.00000008;0.69998413;0.20000008;1.00000041;0.69998413;0.27949668;1.03533827;0.69998943;0.33249972;1.05000916;-0.69998413;0.17500248;0.19999898;0.99999264;
0.00000016;0.69998413;0.20000008;1.00000041;0.69998413;0.27949668;1.03533827;0.69998943;0.33249972;1.05000916;-0.69998413;0.17500248;0.19999898;0.99999264;
0.00000032;0.69998412;0.20000008;1.00000041;0.69998412;0.27949668;1.03533827;0.69998942;0.33249972;1.05000916;-0.69998412;0.17500248;0.19999898;0.99999264;
0.00000064;0.69998412;0.20000008;1.00000041;0.69998412;0.27949668;1.03533827;0.69998942;0.33249972;1.05000916;-0.69998412;0.17500248;0.19999898;0.99999264;
0.00000128;0.69998412;0.20000008;1.00000041;0.69998412;0.27949668;1.03533827;0.69998942;0.33249972;1.05000916;-0.69998412;0.17500248;0.19999899;0.99999264;
0.00000256;0.69998411;0.20000008;1.00000041;0.69998411;0.27949668;1.03533827;0.69998941;0.33249972;1.05000916;-0.69998411;0.17500247;0.19999899;0.99999265;
0.00000512;0.69998408;0.20000009;1.00000041;0.69998408;0.27949668;1.03533827;0.69998938;0.33249971;1.05000916;-0.69998408;0.17500247;0.19999899;0.99999266;
0.00001024;0.69998404;0.20000009;1.00000041;0.69998404;0.27949668;1.03533827;0.69998934;0.33249971;1.05000916;-0.69998404;0.17500246;0.19999900;0.99999267;
0.00002048;0.69998396;0.20000011;1.00000041;0.69998396;0.27949668;1.03533828;0.69998926;0.33249970;1.05000917;-0.69998396;0.17500244;0.19999902;0.99999271;
0.00004096;0.69998379;0.20000014;1.00000041;0.69998379;0.27949668;1.03533828;0.69998909;0.33249967;1.05000918;-0.69998379;0.17500239;0.19999905;0.99999277;
0.00008192;0.69998345;0.20000021;1.00000041;0.69998345;0.27949668;1.03533828;0.69998875;0.33249963;1.05000919;-0.69998345;0.17500231;0.19999911;0.99999291;
0.00016384;0.69998281;0.20000033;1.00000041;0.69998281;0.27949668;1.03533829;0.69998811;0.33249954;1.05000922;-0.69998281;0.17500215;0.19999924;0.99999317;
0.00032768;0.69998163;0.20000057;1.00000041;0.69998163;0.27949668;1.03533831;0.69998693;0.33249939;1.05000928;-0.69998163;0.17500185;0.19999948;0.99999367;
0.00065536;0.69997959;0.20000100;1.00000041;0.69997959;0.27949671;1.03533834;0.69998489;0.33249915;1.05000939;-0.69997959;0.17500134;0.19999990;0.99999461;
0.00131072;0.69997672;0.20000167;1.00000041;0.69997672;0.27949682;1.03533840;0.69998202;0.33249888;1.05000956;-0.69997672;0.17500063;0.20000058;0.99999623;
0.00262144;0.69997448;0.20000249;1.00000041;0.69997448;0.27949721;1.03533849;0.69997978;0.33249899;1.05000976;-0.69997448;0.17500007;0.20000139;0.99999865;
0.00524288;0.69997736;0.20000286;1.00000041;0.69997736;0.27949821;1.03533859;0.69998266;0.33250042;1.05000985;-0.69997736;0.17500079;0.20000177;1.00000123;
0.01048576;0.69998948;0.20000202;1.00000041;0.69998948;0.27949987;1.03533865;0.69999478;0.33250373;1.05000964;-0.69998948;0.17500382;0.20000093;1.00000229;
0.02097152;0.69999872;0.20000067;1.00000041;0.69999872;0.27950037;1.03533858;0.70000402;0.33250548;1.05000931;-0.69999872;0.17500613;0.19999957;1.00000058;
0.04194304;0.70000023;0.20000015;1.00000041;0.70000023;0.27950014;1.03533853;0.70000553;0.33250544;1.05000918;-0.70000023;0.17500650;0.19999906;1.00000006;
0.08388608;0.70000018;0.19999995;1.00000041;0.70000018;0.27949992;1.03533850;0.70000548;0.33250520;1.05000913;-0.70000018;0.17500649;0.19999885;1.00000000;
0.16777216;0.70000024;0.19999988;1.00000041;0.70000024;0.27949985;1.03533849;0.70000554;0.33250514;1.05000911;-0.70000024;0.17500651;0.19999878;1.00000000;
0.33554432;0.70000029;0.19999986;1.00000041;0.70000029;0.27949984;1.03533849;0.70000559;0.33250513;1.05000910;-0.70000029;0.17500652;0.19999876;1.00000000;
0.67108864;0.70000020;0.19999986;1.00000041;0.70000020;0.27949983;1.03533849;0.70000550;0.33250511;1.05000911;-0.70000020;0.17500650;0.19999877;1.00000000;
1.34217728;0.70000007;0.19999989;1.00000041;0.70000007;0.27949983;1.03533849;0.70000537;0.33250509;1.05000911;-0.70000007;0.17500646;0.19999879;1.00000000;
2.68435456;0.70000001;0.19999992;1.00000041;0.70000001;0.27949986;1.03533849;0.70000531;0.33250511;1.05000912;-0.70000001;0.17500645;0.19999883;1.00000000;
3.99999999;0.70000001;0.19999995;1.00000041;0.70000001;0.27949989;1.03533850;0.70000531;0.33250514;1.05000913;-0.70000001;0.17500645;0.19999886;1.00000000;
3.99999999;0.35004000;1.09996218;0.50000455;0.35004000;1.89941452;0.83660687;0.35009330;2.43243604;1.05000913;-0.70008000;0.17500645;2.19990233;1.06088946;
4.00000000;0.35004040;1.09996131;0.50000455;0.35004040;1.89941268;0.83660662;0.35009370;2.43243355;1.05000869;-0.70008080;0.17500665;2.19990060;1.06088943;
4.00000001;0.35004080;1.09996044;0.50000455;0.35004080;1.89941083;0.83660638;0.35009410;2.43243106;1.05000826;-0.70008160;0.17500685;2.19989886;1.06088939;
4.00000003;0.35004161;1.09995871;0.50000455;0.35004161;1.89940715;0.83660590;0.35009490;2.43242607;1.05000739;-0.70008321;0.17500725;2.19989540;1.06088931;
4.00000007;0.35004321;1.09995524;0.50000455;0.35004321;1.89939978;0.83660492;0.35009651;2.43241610;1.05000566;-0.70008642;0.17500805;2.19988846;1.06088917;
4.00000015;0.35004642;1.09994831;0.50000455;0.35004642;1.89938504;0.83660298;0.35009972;2.43239616;1.05000219;-0.70009285;0.17500966;2.19987459;1.06088887;
4.00000031;0.35005285;1.09993444;0.50000455;0.35005285;1.89935556;0.83659909;0.35010615;2.43235627;1.04999526;-0.70010570;0.17501287;2.19984685;1.06088827;
4.00000063;0.35006570;1.09990670;0.50000454;0.35006570;1.89929661;0.83659132;0.35011899;2.43227650;1.04998139;-0.70013140;0.17501930;2.19979137;1.06088708;
4.00000127;0.35009140;1.09985122;0.50000454;0.35009140;1.89917870;0.83657578;0.35014469;2.43211698;1.04995365;-0.70018280;0.17503215;2.19968042;1.06088470;
4.00000255;0.35014279;1.09974027;0.50000454;0.35014279;1.89894292;0.83654469;0.35019607;2.43179797;1.04989817;-0.70028558;0.17505785;2.19945852;1.06087994;
4.00000511;0.35024554;1.09951840;0.50000454;0.35024554;1.89847147;0.83648253;0.35029880;2.43116011;1.04978724;-0.70049107;0.17510923;2.19901479;1.06087041;
4.00001023;0.35045089;1.09907477;0.50000454;0.35045089;1.89752897;0.83635824;0.35050412;2.42988500;1.04956542;-0.70090177;0.17521192;2.19812755;1.06085133;
4.00002047;0.35086102;1.09818797;0.50000454;0.35086102;1.89564566;0.83610979;0.35091418;2.42733728;1.04912201;-0.70172204;0.17541701;2.19635397;1.06081307;
4.00004095;0.35167902;1.09641618;0.50000453;0.35167902;1.89188571;0.83561344;0.35173205;2.42225177;1.04823611;-0.70335804;0.17582607;2.19281045;1.06073616;
4.00008191;0.35330596;1.09287986;0.50000452;0.35330596;1.88439246;0.83462289;0.35335873;2.41212030;1.04646792;-0.70661193;0.17663965;2.18573792;1.06058078;
4.00016383;0.35652361;1.08583622;0.50000449;0.35652361;1.86951179;0.83265040;0.35657585;2.39201441;1.04294605;-0.71304721;0.17824869;2.17165086;1.06026394;
4.00032767;0.36281396;1.07186475;0.50000443;0.36281396;1.84016793;0.82873960;0.36286518;2.35242128;1.03596020;-0.72562791;0.18139430;2.14370833;1.05960703;
4.00065535;0.37481668;1.04438341;0.50000432;0.37481668;1.78310520;0.82105274;0.37486592;2.27563564;1.02221932;-0.74963335;0.18739650;2.08874646;1.05820845;
4.00080813;0.38015305;1.03177958;0.50000426;0.38015305;1.75720270;0.81752858;0.38020141;2.24089276;1.01591730;-0.76030610;0.19006506;2.06353918;1.05752468;
4.00080813;0.38014899;1.03177776;0.50000426;0.38014899;1.75721256;0.81752849;0.38019735;2.24088412;1.01591639;-0.76029798;0.19006303;2.06353554;1.05752466;
4.00080814;0.38014934;1.03177694;0.50000426;0.38014934;1.75721088;0.81752825;0.38019770;2.24088186;1.01591598;-0.76029867;0.19006321;2.06353390;1.05752465;
4.00080815;0.38014968;1.03177612;0.50000426;0.38014968;1.75720920;0.81752802;0.38019804;2.24087961;1.01591557;-0.76029936;0.19006338;2.06353226;1.05752460;
4.00080817;0.38015037;1.03177448;0.50000426;0.38015037;1.75720584;0.81752755;0.38019873;2.24087511;1.01591475;-0.76030074;0.19006372;2.06352898;1.05752452;
4.00080821;0.38015174;1.03177120;0.50000426;0.38015174;1.75719912;0.81752664;0.38020011;2.24086610;1.01591311;-0.76030349;0.19006441;2.06352242;1.05752433;
4.00080829;0.38015450;1.03176464;0.50000426;0.38015450;1.75718569;0.81752481;0.38020286;2.24084809;1.01590982;-0.76030899;0.19006579;2.06350929;1.05752396;
4.00080845;0.38016000;1.03175151;0.50000426;0.38016000;1.75715883;0.81752114;0.38020836;2.24081206;1.01590326;-0.76032000;0.19006854;2.06348304;1.05752323;
4.00080877;0.38017101;1.03172526;0.50000426;0.38017101;1.75710509;0.81751380;0.38021936;2.24074001;1.01589014;-0.76034201;0.19007404;2.06343054;1.05752176;
4.00080941;0.38019302;1.03167276;0.50000426;0.38019302;1.75699764;0.81749913;0.38024137;2.24059591;1.01586388;-0.76038603;0.19008505;2.06332554;1.05751882;
4.00081069;0.38023703;1.03156776;0.50000426;0.38023703;1.75678275;0.81746978;0.38028538;2.24030775;1.01581139;-0.76047406;0.19010706;2.06311555;1.05751295;
4.00081325;0.38032502;1.03135780;0.50000426;0.38032502;1.75635307;0.81741109;0.38037336;2.23973157;1.01570640;-0.76065005;0.19015106;2.06269563;1.05750119;
4.00081837;0.38050087;1.03093799;0.50000426;0.38050087;1.75549407;0.81729375;0.38054918;2.23857977;1.01549649;-0.76100175;0.19023900;2.06185602;1.05747767;
4.00082861;0.38085202;1.03009882;0.50000426;0.38085202;1.75377759;0.81705919;0.38090026;2.23627836;1.01507690;-0.76170403;0.19041460;2.06017770;1.05743054;
4.00084909;0.38155209;1.02842228;0.50000425;0.38155209;1.75035062;0.81659059;0.38160021;2.23168432;1.01423861;-0.76310417;0.19076468;2.05682466;1.05733602;
4.00089005;0.38294337;1.02507640;0.50000424;0.38294337;1.74352059;0.81565543;0.38299127;2.22253128;1.01256565;-0.76588675;0.19146043;2.05013302;1.05714588;
4.00097197;0.38569061;1.01841349;0.50000421;0.38569061;1.72995547;0.81379331;0.38573805;2.20436424;1.00923413;-0.77138123;0.19283425;2.03680737;1.05676131;
4.00113581;0.39104438;1.00520268;0.50000415;0.39104438;1.70319997;0.81010157;0.39109092;2.16857803;1.00262861;-0.78208877;0.19551153;2.01038613;1.05597596;
4.00146349;0.40119512;0.97923907;0.50000405;0.40119512;1.65114821;0.80284627;0.40123991;2.09913243;0.98964656;-0.80239024;0.20058766;1.95845964;1.05434749;
4.00211885;0.41933156;0.92912456;0.50000384;0.41933156;1.55258182;0.78883445;0.41937312;1.96826156;0.96458879;-0.83866311;0.20965732;1.85823194;1.05091118;
4.00342957;0.44759886;0.83595462;0.50000345;0.44759886;1.37544608;0.76270149;0.44763483;1.73514302;0.91800272;-0.89519773;0.22379351;1.67189437;1.04366534;
4.00474029;0.46650912;0.75198770;0.50000311;0.46650912;1.22180065;0.73896616;0.46654045;1.53512555;0.87601809;-0.93301825;0.23325078;1.50396246;1.03629231;
4.00736173;0.48350832;0.60856667;0.50000251;0.48350832;0.97104325;0.69781373;0.48353248;1.21271843;0.80430519;-0.96701663;0.24175365;1.21712334;1.02292623;
4.00998317;0.48200823;0.49450591;0.50000204;0.48200823;0.78015137;0.66425009;0.48202730;0.97138912;0.74727256;-0.96401646;0.24100586;0.98900395;1.01229308;
4.01135862;0.47740702;0.44428426;0.50000184;0.47740702;0.69811885;0.64923313;0.47742403;0.86960414;0.72216065;-0.95481404;0.23870615;0.88856152;1.00802094;
4.01135862;0.47683908;0.44428664;0.50000184;0.47683908;0.69923292;0.64925921;0.47685607;0.86906663;0.72216182;-0.95367816;0.23842216;0.88856626;1.00799380;
4.01135863;0.47683903;0.44428630;0.50000184;0.47683903;0.69914390;0.64924292;0.47685602;0.86906596;0.72216166;-0.95367806;0.23842214;0.88856559;1.00800313;
4.01135864;0.47683898;0.44428597;0.50000184;0.47683898;0.69914336;0.64924282;0.47685597;0.86906528;0.72216149;-0.95367795;0.23842211;0.88856492;1.00800310;
4.01135866;0.47683887;0.44428530;0.50000184;0.47683887;0.69914769;0.64924361;0.47685586;0.86906392;0.72216115;-0.95367775;0.23842206;0.88856359;1.00800247;
4.01135870;0.47683867;0.44428397;0.50000184;0.47683867;0.69914011;0.64924221;0.47685566;0.86906120;0.72216049;-0.95367734;0.23842196;0.88856092;1.00800293;
4.01135878;0.47683826;0.44428130;0.50000184;0.47683826;0.69913579;0.64924140;0.47685525;0.86905577;0.72215915;-0.95367652;0.23842175;0.88855558;1.00800270;
4.01135894;0.47683744;0.44427596;0.50000184;0.47683744;0.69912713;0.64923979;0.47685443;0.86904490;0.72215648;-0.95367487;0.23842134;0.88854490;1.00800225;
4.01135926;0.47683579;0.44426529;0.50000184;0.47683579;0.69910982;0.64923655;0.47685278;0.86902317;0.72215115;-0.95367158;0.23842052;0.88852355;1.00800134;
4.01135990;0.47683250;0.44424393;0.50000184;0.47683250;0.69907521;0.64923009;0.47684949;0.86897971;0.72214047;-0.95366500;0.23841887;0.88848085;1.00799952;
4.01136118;0.47682592;0.44420124;0.50000184;0.47682592;0.69900599;0.64921716;0.47684291;0.86889280;0.72211912;-0.95365185;0.23841558;0.88839545;1.00799588;
4.01136374;0.47681276;0.44411585;0.50000184;0.47681276;0.69886757;0.64919130;0.47682975;0.86871902;0.72207643;-0.95362552;0.23840901;0.88822469;1.00798862;
4.01136886;0.47678642;0.44394515;0.50000183;0.47678642;0.69859084;0.64913961;0.47680340;0.86837160;0.72199107;-0.95357285;0.23839584;0.88788329;1.00797409;
4.01137910;0.47673368;0.44360398;0.50000183;0.47673368;0.69803782;0.64903629;0.47675065;0.86767734;0.72182048;-0.95346737;0.23836947;0.88720096;1.00794508;
4.01139958;0.47662796;0.44292261;0.50000183;0.47662796;0.69693354;0.64882991;0.47664490;0.86629109;0.72147978;-0.95325593;0.23831663;0.88583822;1.00788725;
4.01144054;0.47641556;0.44156368;0.50000182;0.47641556;0.69473199;0.64841821;0.47643244;0.86352775;0.72080028;-0.95283112;0.23821045;0.88312039;1.00777232;
4.01152246;0.47598702;0.43886106;0.50000181;0.47598702;0.69035683;0.64759902;0.47600379;0.85803745;0.71944891;-0.95197404;0.23799622;0.87771518;1.00754538;
4.01168630;0.47511591;0.43351618;0.50000179;0.47511591;0.68171724;0.64597740;0.47513246;0.84720117;0.71677634;-0.95023182;0.23756075;0.86702552;1.00710306;
4.01201398;0.47332446;0.42306358;0.50000175;0.47332446;0.66487319;0.64280033;0.47334058;0.82609572;0.71154980;-0.94664893;0.23666519;0.84612050;1.00626397;
4.01266934;0.46959587;0.40307335;0.50000167;0.46959587;0.63286487;0.63670433;0.46961119;0.78607453;0.70155421;-0.93919174;0.23480120;0.80614037;1.00476153;
4.01304259;0.46743758;0.39219617;0.50000162;0.46743758;0.61556785;0.63337876;0.46745248;0.76452438;0.69611536;-0.93487517;0.23372223;0.78438618;1.00400200;
4.01304259;0.46743392;0.39219695;0.50000162;0.46743392;0.61558444;0.63337887;0.46744882;0.76452236;0.69611575;-0.93486785;0.23372040;0.78438775;1.00400204;
4.01304260;0.46743387;0.39219667;0.50000162;0.46743387;0.61558281;0.63337867;0.46744876;0.76452179;0.69611561;-0.93486773;0.23372037;0.78438718;1.00400200;
4.01304260;0.46743386;0.39219666;0.50000162;0.46743386;0.61558280;0.63337867;0.46744876;0.76452178;0.69611561;-0.93486773;0.23372037;0.78438718;1.00400200;
4.01304261;0.46743381;0.39219638;0.50000162;0.46743381;0.61558235;0.63337858;0.46744870;0.76452122;0.69611546;-0.93486761;0.23372034;0.78438660;1.00400198;
4.01304262;0.46743375;0.39219609;0.50000162;0.46743375;0.61558189;0.63337850;0.46744864;0.76452065;0.69611532;-0.93486749;0.23372031;0.78438603;1.00400196;
4.01304264;0.46743363;0.39219552;0.50000162;0.46743363;0.61558099;0.63337832;0.46744852;0.76451952;0.69611504;-0.93486725;0.23372025;0.78438489;1.00400192;
4.01304268;0.46743339;0.39219438;0.50000162;0.46743339;0.61557918;0.63337797;0.46744828;0.76451726;0.69611446;-0.93486678;0.23372013;0.78438261;1.00400185;
4.01304276;0.46743291;0.39219210;0.50000162;0.46743291;0.61557555;0.63337727;0.46744781;0.76451274;0.69611332;-0.93486583;0.23371989;0.78437804;1.00400169;
4.01304292;0.46743197;0.39218753;0.50000162;0.46743197;0.61556830;0.63337587;0.46744686;0.76450370;0.69611104;-0.93486393;0.23371942;0.78436890;1.00400139;
4.01304324;0.46743007;0.39217839;0.50000162;0.46743007;0.61555380;0.63337307;0.46744496;0.76448563;0.69610647;-0.93486013;0.23371847;0.78435063;1.00400077;
4.01304364;0.46742769;0.39216694;0.50000162;0.46742769;0.61553562;0.63336956;0.46744258;0.76446296;0.69610074;-0.93485537;0.23371728;0.78432772;1.00400000;
4.01304365;0.46742763;0.39216665;0.50000162;0.46742763;0.61553516;0.63336948;0.46744252;0.76446240;0.69610060;-0.93485525;0.23371725;0.78432715;1.00399998;
4.01304366;0.46742757;0.39216636;0.50000162;0.46742757;0.61553471;0.63336939;0.46744246;0.76446183;0.69610046;-0.93485513;0.23371722;0.78432658;1.00399996;
4.01304366;0.46742754;0.39216623;0.50000162;0.46742754;0.61553449;0.63336935;0.46744243;0.76446156;0.69610039;-0.93485508;0.23371721;0.78432631;1.00399995;
4.01304367;0.46742748;0.39216594;0.50000162;0.46742748;0.61553404;0.63336926;0.46744237;0.76446100;0.69610025;-0.93485496;0.23371718;0.78432573;1.00399994;
4.01304368;0.46742742;0.39216566;0.50000162;0.46742742;0.61553359;0.63336917;0.46744231;0.76446043;0.69610010;-0.93485484;0.23371715;0.78432516;1.00399992;
4.01304370;0.46742730;0.39216509;0.50000162;0.46742730;0.61553268;0.63336900;0.46744219;0.76445930;0.69609982;-0.93485460;0.23371709;0.78432402;1.00399988;
4.01304374;0.46742706;0.39216395;0.50000162;0.46742706;0.61553087;0.63336865;0.46744195;0.76445704;0.69609925;-0.93485413;0.23371697;0.78432174;1.00399980;
4.01304382;0.46742659;0.39216166;0.50000162;0.46742659;0.61552724;0.63336795;0.46744148;0.76445252;0.69609810;-0.93485318;0.23371673;0.78431717;1.00399965;
4.01304398;0.46742564;0.39215709;0.50000162;0.46742564;0.61551999;0.63336655;0.46744053;0.76444348;0.69609582;-0.93485128;0.23371626;0.78430803;1.00399934;
4.01304430;0.46742374;0.39214796;0.50000162;0.46742374;0.61550549;0.63336375;0.46743863;0.76442541;0.69609125;-0.93484748;0.23371531;0.78428976;1.00399873;
4.01304494;0.46741994;0.39212969;0.50000162;0.46741994;0.61547649;0.63335815;0.46743483;0.76438926;0.69608212;-0.93483988;0.23371341;0.78425322;1.00399750;
4.01304622;0.46741234;0.39209315;0.50000162;0.46741234;0.61541850;0.63334696;0.46742723;0.76431696;0.69606385;-0.93482469;0.23370961;0.78418014;1.00399504;
4.01304878;0.46739715;0.39202008;0.50000162;0.46739715;0.61530254;0.63332457;0.46741203;0.76417240;0.69602731;-0.93479430;0.23370201;0.78403401;1.00399014;
4.01305390;0.46736676;0.39187400;0.50000162;0.46736676;0.61507071;0.63327982;0.46738164;0.76388339;0.69595427;-0.93473351;0.23368682;0.78374186;1.00398033;
4.01306414;0.46730595;0.39158206;0.50000162;0.46730595;0.61460743;0.63319037;0.46732082;0.76330588;0.69580829;-0.93461191;0.23365642;0.78315797;1.00396077;
4.01308462;0.46718430;0.39099900;0.50000162;0.46718430;0.61368240;0.63301171;0.46719914;0.76215284;0.69551675;-0.93436859;0.23359560;0.78199187;1.00392179;
4.01312558;0.46694077;0.38983623;0.50000161;0.46694077;0.61183838;0.63265536;0.46695557;0.75985461;0.69493533;-0.93388155;0.23347386;0.77966634;1.00384448;
4.01320750;0.46645298;0.38752396;0.50000160;0.46645298;0.60817446;0.63194649;0.46646769;0.75528951;0.69377914;-0.93290596;0.23323000;0.77504184;1.00369241;
4.01337134;0.46547504;0.38295206;0.50000158;0.46547504;0.60094226;0.63054400;0.46548957;0.74628359;0.69149308;-0.93095008;0.23274109;0.76589812;1.00339829;
4.01369902;0.46351466;0.37401504;0.50000155;0.46351466;0.58685357;0.62779920;0.46352885;0.72876012;0.68702435;-0.92702933;0.23176104;0.74802421;1.00284930;
4.01435438;0.45961167;0.35693868;0.50000147;0.45961167;0.56012635;0.62254416;0.45962521;0.69559834;0.67848575;-0.91922334;0.22980979;0.71387177;1.00190030;
4.01566510;0.45211241;0.32575891;0.50000135;0.45211241;0.51207261;0.61292420;0.45212483;0.63629416;0.66289508;-0.90422482;0.22606060;0.65151269;1.00053388;
4.01828654;0.43956399;0.27379394;0.50000113;0.43956399;0.43470099;0.59688807;0.43957472;0.54198308;0.63691126;-0.87912798;0.21978713;0.54758345;0.99943467;
4.01985678;0.43408698;0.24857891;0.50000103;0.43408698;0.39854665;0.58914728;0.43409699;0.49881087;0.62430310;-0.86817395;0.21704899;0.49715368;0.99954299;
4.01985678;0.43406708;0.24858284;0.50000103;0.43406708;0.39870683;0.58914725;0.43407709;0.49879949;0.62430507;-0.86813416;0.21703904;0.49716155;0.99954302;
4.01985679;0.43406705;0.24858270;0.50000103;0.43406705;0.39870662;0.58914720;0.43407706;0.49879924;0.62430500;-0.86813410;0.21703903;0.49716127;0.99954303;
4.01985680;0.43406702;0.24858256;0.50000103;0.43406702;0.39870642;0.58914716;0.43407703;0.49879900;0.62430492;-0.86813404;0.21703901;0.49716098;0.99954303;
4.01985682;0.43406696;0.24858227;0.50000103;0.43406696;0.39870601;0.58914707;0.43407696;0.49879852;0.62430478;-0.86813391;0.21703898;0.49716040;0.99954304;
4.01985686;0.43406683;0.24858169;0.50000103;0.43406683;0.39870520;0.58914689;0.43407684;0.49879754;0.62430449;-0.86813366;0.21703892;0.49715925;0.99954305;
4.01985694;0.43406658;0.24858054;0.50000103;0.43406658;0.39870357;0.58914654;0.43407659;0.49879560;0.62430392;-0.86813315;0.21703879;0.49715695;0.99954308;
4.01985710;0.43406607;0.24857824;0.50000103;0.43406607;0.39870032;0.58914583;0.43407608;0.49879171;0.62430276;-0.86813214;0.21703854;0.49715234;0.99954313;
4.01985742;0.43406506;0.24857363;0.50000103;0.43406506;0.39869381;0.58914442;0.43407507;0.49878394;0.62430046;-0.86813012;0.21703803;0.49714313;0.99954324;
4.01985806;0.43406304;0.24856442;0.50000103;0.43406304;0.39868080;0.58914159;0.43407305;0.49876839;0.62429585;-0.86812608;0.21703702;0.49712470;0.99954347;
4.01985934;0.43405900;0.24854599;0.50000103;0.43405900;0.39865477;0.58913593;0.43406901;0.49873730;0.62428664;-0.86811800;0.21703500;0.49708785;0.99954391;
4.01986190;0.43405092;0.24850915;0.50000103;0.43405092;0.39860274;0.58912461;0.43406092;0.49867513;0.62426822;-0.86810184;0.21703096;0.49701417;0.99954480;
4.01986702;0.43403477;0.24843550;0.50000103;0.43403477;0.39849872;0.58910199;0.43404478;0.49855086;0.62423139;-0.86806955;0.21702289;0.49686687;0.99954659;
4.01987726;0.43400255;0.24828833;0.50000103;0.43400255;0.39829090;0.58905680;0.43401255;0.49830261;0.62415780;-0.86800509;0.21700678;0.49657253;0.99955017;
4.01989774;0.43393833;0.24799448;0.50000102;0.43393833;0.39787611;0.58896656;0.43394832;0.49780718;0.62401087;-0.86787666;0.21697468;0.49598483;0.99955738;
4.01993870;0.43381085;0.24740878;0.50000102;0.43381085;0.39704994;0.58878674;0.43382082;0.49682069;0.62371801;-0.86762170;0.21691094;0.49481344;0.99957198;
4.02002062;0.43355969;0.24624535;0.50000102;0.43355969;0.39541121;0.58842969;0.43356963;0.49486506;0.62313626;-0.86711938;0.21678538;0.49248660;0.99960191;
4.02018446;0.43307240;0.24395026;0.50000101;0.43307240;0.39218773;0.58772588;0.43308228;0.49102259;0.62198866;-0.86614480;0.21654177;0.48789644;0.99966436;
4.02051214;0.43215639;0.23948616;0.50000099;0.43215639;0.38595324;0.58635902;0.43216616;0.48360773;0.61975649;-0.86431279;0.21608384;0.47896829;0.99979747;
4.02116750;0.43054389;0.23105481;0.50000095;0.43054389;0.37430689;0.58378524;0.43055344;0.46981782;0.61554061;-0.86108779;0.21527772;0.46210568;1.00008121;
4.02247822;0.42805335;0.21612588;0.50000089;0.42805335;0.35408943;0.57925227;0.42806255;0.44607433;0.60807577;-0.85610671;0.21403268;0.43224797;1.00061970;
4.02509966;0.42470161;0.19362249;0.50000080;0.42470161;0.32433875;0.57244649;0.42471033;0.41149163;0.59682351;-0.84940323;0.21235718;0.38724138;1.00109342;
4.02772110;0.42182918;0.18045185;0.50000075;0.42182918;0.30673878;0.56840251;0.42183760;0.39096237;0.59023785;-0.84365837;0.21092116;0.36090022;1.00043567;
4.03034254;0.41726713;0.17594955;0.50000073;0.41726713;0.29895719;0.56678091;0.41727533;0.38102725;0.58798652;-0.83453425;0.20864011;0.35189571;0.99847054;
4.03296398;0.40900423;0.17940829;0.50000074;0.40900423;0.29904031;0.56724915;0.40901221;0.37888748;0.58971583;-0.81800846;0.20450840;0.35881329;0.99525583;
4.03494132;0.39875334;0.18687284;0.50000077;0.39875334;0.30317760;0.56877929;0.39876110;0.38080568;0.59344810;-0.79750668;0.19938256;0.37374247;0.99194490;
4.03494132;0.39877707;0.18684655;0.50000077;0.39877707;0.30320706;0.56877835;0.39878482;0.38078849;0.59343496;-0.79755413;0.19939442;0.37368989;0.99194497;
4.03494133;0.39877701;0.18684660;0.50000077;0.39877701;0.30320709;0.56877836;0.39878477;0.38078851;0.59343498;-0.79755402;0.19939439;0.37368999;0.99194495;
4.03494134;0.39877695;0.18684665;0.50000077;0.39877695;0.30320712;0.56877837;0.39878471;0.38078853;0.59343501;-0.79755390;0.19939436;0.37369009;0.99194494;
4.03494136;0.39877683;0.18684674;0.50000077;0.39877683;0.30320719;0.56877839;0.39878459;0.38078857;0.59343506;-0.79755366;0.19939430;0.37369028;0.99194490;
4.03494140;0.39877660;0.18684694;0.50000077;0.39877660;0.30320731;0.56877844;0.39878435;0.38078865;0.59343515;-0.79755319;0.19939419;0.37369067;0.99194482;
4.03494148;0.39877613;0.18684733;0.50000077;0.39877613;0.30320756;0.56877852;0.39878388;0.38078881;0.59343535;-0.79755225;0.19939395;0.37369145;0.99194468;
4.03494164;0.39877519;0.18684810;0.50000077;0.39877519;0.30320806;0.56877869;0.39878294;0.38078913;0.59343574;-0.79755037;0.19939348;0.37369300;0.99194438;
4.03494196;0.39877331;0.18684966;0.50000077;0.39877331;0.30320907;0.56877903;0.39878106;0.38078976;0.59343651;-0.79754661;0.19939254;0.37369611;0.99194378;
4.03494260;0.39876955;0.18685277;0.50000077;0.39876955;0.30321107;0.56877970;0.39877730;0.38079104;0.59343807;-0.79753909;0.19939066;0.37370233;0.99194260;
4.03494346;0.39876445;0.18685698;0.50000077;0.39876445;0.30321379;0.56878062;0.39877221;0.38079276;0.59344017;-0.79752890;0.19938811;0.37371076;0.99194099;
4.03494347;0.39876439;0.18685703;0.50000077;0.39876439;0.30321383;0.56878063;0.39877215;0.38079278;0.59344020;-0.79752878;0.19938808;0.37371086;0.99194097;
4.03494348;0.39876433;0.18685708;0.50000077;0.39876433;0.30321386;0.56878064;0.39877209;0.38079280;0.59344022;-0.79752866;0.19938805;0.37371096;0.99194095;
4.03494350;0.39876421;0.18685718;0.50000077;0.39876421;0.30321392;0.56878066;0.39877197;0.38079284;0.59344027;-0.79752843;0.19938799;0.37371115;0.99194091;
4.03494354;0.39876398;0.18685737;0.50000077;0.39876398;0.30321405;0.56878070;0.39877174;0.38079292;0.59344037;-0.79752796;0.19938788;0.37371154;0.99194084;
4.03494362;0.39876351;0.18685776;0.50000077;0.39876351;0.30321430;0.56878078;0.39877127;0.38079308;0.59344056;-0.79752702;0.19938764;0.37371232;0.99194069;
4.03494378;0.39876257;0.18685854;0.50000077;0.39876257;0.30321480;0.56878095;0.39877033;0.38079340;0.59344095;-0.79752514;0.19938717;0.37371387;0.99194039;
4.03494410;0.39876069;0.18686009;0.50000077;0.39876069;0.30321580;0.56878129;0.39876844;0.38079403;0.59344173;-0.79752137;0.19938623;0.37371698;0.99193980;
4.03494474;0.39875692;0.18686320;0.50000077;0.39875692;0.30321781;0.56878197;0.39876468;0.38079530;0.59344329;-0.79751385;0.19938435;0.37372320;0.99193861;
4.03494602;0.39874940;0.18686943;0.50000077;0.39874940;0.30322183;0.56878332;0.39875715;0.38079785;0.59344640;-0.79749880;0.19938058;0.37373565;0.99193623;
4.03494858;0.39873434;0.18688188;0.50000077;0.39873434;0.30322986;0.56878602;0.39874209;0.38080295;0.59345262;-0.79746868;0.19937305;0.37376055;0.99193147;
4.03495370;0.39870419;0.18690680;0.50000077;0.39870419;0.30324595;0.56879143;0.39871195;0.38081314;0.59346508;-0.79740839;0.19935798;0.37381040;0.99192195;
4.03496394;0.39864380;0.18695672;0.50000077;0.39864380;0.30327818;0.56880226;0.39865156;0.38083358;0.59349005;-0.79728761;0.19932778;0.37391025;0.99190288;
4.03498442;0.39852262;0.18705689;0.50000077;0.39852262;0.30334287;0.56882399;0.39853037;0.38087460;0.59354013;-0.79704524;0.19926719;0.37411058;0.99186465;
4.03502538;0.39827864;0.18725849;0.50000077;0.39827864;0.30347310;0.56886775;0.39828639;0.38095726;0.59364093;-0.79655729;0.19914519;0.37451378;0.99178778;
4.03510730;0.39778426;0.18766673;0.50000078;0.39778426;0.30373704;0.56895636;0.39779200;0.38112499;0.59384505;-0.79556852;0.19889798;0.37533027;0.99163255;
4.03527114;0.39676982;0.18850318;0.50000078;0.39676982;0.30427866;0.56913799;0.39677754;0.38147003;0.59426328;-0.79353963;0.19839071;0.37700316;0.99131653;
4.03559882;0.39463892;0.19025409;0.50000079;0.39463892;0.30541563;0.56951843;0.39464660;0.38219767;0.59513874;-0.78927784;0.19732518;0.38050501;0.99066563;
4.03625418;0.38997801;0.19405275;0.50000080;0.38997801;0.30789598;0.57034473;0.38998560;0.38379905;0.59703807;-0.77995602;0.19499454;0.38810237;0.98931325;
4.03756490;0.37917187;0.20270680;0.50000084;0.37917187;0.31362324;0.57223277;0.37917926;0.38757492;0.60136511;-0.75834373;0.18959103;0.40541054;0.98656691;
4.04018634;0.35284609;0.22316750;0.50000092;0.35284609;0.32774956;0.57674820;0.35285306;0.39747792;0.61159547;-0.70569217;0.17642709;0.44633211;0.98171533;
4.04280778;0.32186199;0.24636807;0.50000102;0.32186199;0.34504290;0.58198722;0.32186856;0.41066634;0.62319574;-0.64372397;0.16093383;0.49273342;0.97830286;
4.04542922;0.28855255;0.27062351;0.50000112;0.28855255;0.36479821;0.58762777;0.28855881;0.42712873;0.63532341;-0.57710510;0.14427782;0.54124443;0.97666768;
4.04805066;0.25512824;0.29469398;0.50000122;0.25512824;0.38621914;0.59340551;0.25513432;0.44663427;0.64735857;-0.51025649;0.12756438;0.58938544;0.97669306;
4.05067210;0.22331862;0.31772208;0.50000131;0.22331862;0.40857742;0.59911537;0.22332465;0.46854584;0.65887255;-0.44663724;0.11165835;0.63544166;0.97801434;
4.05329354;0.19427743;0.33922736;0.50000140;0.19427743;0.43120327;0.60461695;0.19428354;0.49205153;0.66962512;-0.38855486;0.09713662;0.67845219;0.98015681;
4.05591498;0.16859086;0.35899068;0.50000148;0.16859086;0.45353284;0.60981791;0.16859715;0.51629321;0.67950672;-0.33718172;0.08429232;0.71797875;0.98268513;
4.05853642;0.14638018;0.37696850;0.50000156;0.14638018;0.47512519;0.61466669;0.14638672;0.54050643;0.68849560;-0.29276036;0.07318608;0.75393430;0.98525035;
4.06377930;0.11069914;0.40774760;0.50000168;0.11069914;0.51485433;0.62321102;0.11070628;0.58626595;0.70388512;-0.22139829;0.05534409;0.81549225;0.98961075;
4.06377935;0.11069885;0.40774787;0.50000168;0.11069885;0.51485468;0.62321109;0.11070599;0.58626636;0.70388525;-0.22139770;0.05534394;0.81549279;0.98961079;
4.06377936;0.11069879;0.40774792;0.50000168;0.11069879;0.51485475;0.62321111;0.11070593;0.58626645;0.70388528;-0.22139758;0.05534391;0.81549289;0.98961079;
4.06377937;0.11069874;0.40774797;0.50000168;0.11069874;0.51485482;0.62321112;0.11070588;0.58626653;0.70388530;-0.22139747;0.05534388;0.81549300;0.98961080;
4.06377939;0.11069862;0.40774808;0.50000168;0.11069862;0.51485497;0.62321115;0.11070576;0.58626670;0.70388536;-0.22139725;0.05534383;0.81549321;0.98961082;
4.06377943;0.11069840;0.40774829;0.50000168;0.11069840;0.51485525;0.62321121;0.11070554;0.58626703;0.70388546;-0.22139680;0.05534372;0.81549363;0.98961085;
4.06377951;0.11069796;0.40774871;0.50000168;0.11069796;0.51485582;0.62321133;0.11070510;0.58626770;0.70388567;-0.22139591;0.05534349;0.81549448;0.98961091;
4.06377967;0.11069706;0.40774956;0.50000168;0.11069706;0.51485696;0.62321157;0.11070420;0.58626904;0.70388610;-0.22139413;0.05534305;0.81549617;0.98961103;
4.06377999;0.11069528;0.40775125;0.50000168;0.11069528;0.51485924;0.62321205;0.11070242;0.58627171;0.70388694;-0.22139056;0.05534216;0.81549955;0.98961127;
4.06378063;0.11069171;0.40775463;0.50000168;0.11069171;0.51486381;0.62321301;0.11069885;0.58627706;0.70388863;-0.22138342;0.05534037;0.81550631;0.98961175;
4.06378191;0.11068457;0.40776140;0.50000168;0.11068457;0.51487293;0.62321492;0.11069171;0.58628776;0.70389201;-0.22136914;0.05533680;0.81551984;0.98961272;
4.06378447;0.11067029;0.40777492;0.50000169;0.11067029;0.51489118;0.62321874;0.11067743;0.58630916;0.70389878;-0.22134058;0.05532966;0.81554690;0.98961464;
4.06378959;0.11064174;0.40780198;0.50000169;0.11064174;0.51492768;0.62322639;0.11064888;0.58635196;0.70391230;-0.22128348;0.05531538;0.81560100;0.98961850;
4.06379983;0.11058467;0.40785606;0.50000169;0.11058467;0.51500066;0.62324168;0.11059181;0.58643754;0.70393935;-0.22116934;0.05528685;0.81570917;0.98962621;
4.06382031;0.11047065;0.40796416;0.50000169;0.11047065;0.51514655;0.62327225;0.11047779;0.58660862;0.70399340;-0.22094129;0.05522983;0.81592537;0.98964160;
4.06386127;0.11024306;0.40818008;0.50000169;0.11024306;0.51543806;0.62333330;0.11025021;0.58695054;0.70410136;-0.22048612;0.05511603;0.81635721;0.98967231;
4.06394319;0.10978972;0.40861081;0.50000169;0.10978972;0.51602003;0.62345514;0.10979688;0.58763334;0.70431672;-0.21957944;0.05488934;0.81721866;0.98973339;
4.06410703;0.10889029;0.40946783;0.50000169;0.10889029;0.51717969;0.62369770;0.10889747;0.58899479;0.70474523;-0.21778058;0.05443958;0.81893269;0.98985424;
4.06443471;0.10711982;0.41116426;0.50000170;0.10711982;0.51948195;0.62417836;0.10712704;0.59170096;0.70559345;-0.21423963;0.05355427;0.82232554;0.99009074;
4.06509007;0.10368755;0.41448791;0.50000171;0.10368755;0.52401797;0.62512206;0.10369486;0.59704531;0.70725528;-0.20737511;0.05183799;0.82897281;0.99054337;
4.06640079;0.09722172;0.42086761;0.50000174;0.09722172;0.53281580;0.62694039;0.09722918;0.60745538;0.71044514;-0.19444344;0.04860479;0.84173214;0.99137135;
4.06902223;0.08564116;0.43262673;0.50000179;0.08564116;0.54932607;0.63031318;0.08564894;0.62713341;0.71632471;-0.17128233;0.04281400;0.86525024;0.99275721;
4.07164367;0.07561512;0.44315044;0.50000183;0.07561512;0.56440527;0.63335247;0.07562320;0.64525699;0.72158659;-0.15123024;0.03780052;0.88629753;0.99383525;
4.07688655;0.05882150;0.46103270;0.50000191;0.05882150;0.59063838;0.63855506;0.05883014;0.67705081;0.73052776;-0.11764300;0.02940295;0.92206182;0.99540929;
4.08212943;0.04563556;0.47526093;0.50000196;0.04563556;0.61201078;0.64272397;0.04564468;0.70322382;0.73764191;-0.09127112;0.02280938;0.95051810;0.99644819;
4.08737231;0.03518785;0.48648191;0.50000201;0.03518785;0.62917687;0.64602913;0.03519737;0.72439235;0.74325242;-0.07037570;0.01758504;0.97295989;0.99720194;
4.09261519;0.02691690;0.49526067;0.50000205;0.02691690;0.64281842;0.64862720;0.02692674;0.74127615;0.74764181;-0.05383379;0.01344919;0.99051728;0.99780055;
4.09785807;0.02044495;0.50209587;0.50000207;0.02044495;0.65356287;0.65065694;0.02045505;0.75462213;0.75105942;-0.04088990;0.01021293;1.00418756;0.99829545;
4.09931141;0.01891266;0.50371873;0.50000208;0.01891266;0.65612700;0.65113953;0.01892282;0.75781702;0.75187085;-0.03782532;0.00944671;1.00743326;0.99841700;
4.09931141;0.01889303;0.50370727;0.50000208;0.01889303;0.65615278;0.65113830;0.01890320;0.75779329;0.75186512;-0.03778607;0.00943690;1.00741035;0.99841767;
4.09931142;0.01889302;0.50370728;0.50000208;0.01889302;0.65615280;0.65113831;0.01890319;0.75779331;0.75186513;-0.03778605;0.00943689;1.00741037;0.99841767;
4.09931143;0.01889301;0.50370730;0.50000208;0.01889301;0.65615282;0.65113831;0.01890318;0.75779333;0.75186513;-0.03778603;0.00943689;1.00741039;0.99841768;
4.09931145;0.01889299;0.50370732;0.50000208;0.01889299;0.65615285;0.65113832;0.01890316;0.75779337;0.75186514;-0.03778599;0.00943688;1.00741043;0.99841768;
4.09931149;0.01889295;0.50370736;0.50000208;0.01889295;0.65615292;0.65113833;0.01890312;0.75779345;0.75186516;-0.03778591;0.00943686;1.00741052;0.99841768;
4.09931157;0.01889288;0.50370744;0.50000208;0.01889288;0.65615305;0.65113835;0.01890304;0.75779362;0.75186520;-0.03778575;0.00943682;1.00741068;0.99841769;
4.09931173;0.01889272;0.50370761;0.50000208;0.01889272;0.65615331;0.65113840;0.01890288;0.75779394;0.75186529;-0.03778544;0.00943674;1.00741102;0.99841770;
4.09931205;0.01889240;0.50370794;0.50000208;0.01889240;0.65615384;0.65113850;0.01890257;0.75779460;0.75186545;-0.03778481;0.00943658;1.00741168;0.99841773;
4.09931269;0.01889177;0.50370861;0.50000208;0.01889177;0.65615490;0.65113870;0.01890194;0.75779592;0.75186579;-0.03778355;0.00943627;1.00741302;0.99841778;
4.09931397;0.01889051;0.50370994;0.50000208;0.01889051;0.65615701;0.65113910;0.01890068;0.75779855;0.75186645;-0.03778103;0.00943564;1.00741568;0.99841788;
4.09931653;0.01888799;0.50371261;0.50000208;0.01888799;0.65616123;0.65113989;0.01889816;0.75780381;0.75186779;-0.03777599;0.00943438;1.00742102;0.99841809;
4.09932165;0.01888296;0.50371794;0.50000208;0.01888296;0.65616967;0.65114148;0.01889312;0.75781432;0.75187046;-0.03776591;0.00943186;1.00743169;0.99841850;
4.09933189;0.01887289;0.50372860;0.50000208;0.01887289;0.65618655;0.65114465;0.01888305;0.75783535;0.75187579;-0.03774578;0.00942683;1.00745301;0.99841932;
4.09935237;0.01885279;0.50374991;0.50000208;0.01885279;0.65622028;0.65115099;0.01886295;0.75787735;0.75188644;-0.03770558;0.00941677;1.00749561;0.99842098;
4.09939333;0.01881273;0.50379243;0.50000208;0.01881273;0.65628760;0.65116364;0.01882289;0.75796121;0.75190770;-0.03762546;0.00939674;1.00758065;0.99842433;
4.09947525;0.01873327;0.50387713;0.50000208;0.01873327;0.65642172;0.65118884;0.01874344;0.75812828;0.75195005;-0.03746654;0.00935701;1.00775006;0.99843131;
4.09963909;0.01857762;0.50404516;0.50000208;0.01857762;0.65668788;0.65123885;0.01858779;0.75845987;0.75203406;-0.03715524;0.00927918;1.00808612;0.99844669;
4.09996677;0.01828304;0.50437568;0.50000208;0.01828304;0.65721187;0.65133725;0.01829323;0.75911285;0.75219933;-0.03656609;0.00913188;1.00874716;0.99848499;
4.10062213;0.01778343;0.50501421;0.50000209;0.01778343;0.65822629;0.65152756;0.01779364;0.76037789;0.75251859;-0.03556685;0.00888204;1.01002419;0.99859773;
4.10127749;0.01739106;0.50562991;0.50000209;0.01739106;0.65920712;0.65171132;0.01740130;0.76160206;0.75282645;-0.03478212;0.00868584;1.01125558;0.99874775;
4.10258821;0.01713394;0.50676953;0.50000209;0.01713394;0.66103359;0.65205258;0.01714422;0.76388658;0.75339627;-0.03426788;0.00855725;1.01353480;0.99917973;
4.10389893;0.01746008;0.50781754;0.50000210;0.01746008;0.66272606;0.65236770;0.01747041;0.76600920;0.75392031;-0.03492016;0.00872031;1.01563081;0.99971294;
4.10520965;0.01839241;0.50877468;0.50000210;0.01839241;0.66428647;0.65265706;0.01840278;0.76797282;0.75439891;-0.03678483;0.00918648;1.01754507;1.00031346;
4.10783109;0.02164719;0.51047687;0.50000211;0.02164719;0.66710857;0.65317679;0.02165763;0.77154035;0.75525011;-0.04329438;0.01081391;1.02094943;1.00157350;
4.11045253;0.02696271;0.51184789;0.50000212;0.02696271;0.66947557;0.65360585;0.02697321;0.77457143;0.75593575;-0.05392541;0.01347177;1.02369145;1.00283312;
4.11338876;0.03473432;0.51298070;0.50000212;0.03473432;0.67160547;0.65398018;0.03474489;0.77734471;0.75650233;-0.06946864;0.01735774;1.02595704;1.00400000;
4.11338876;0.03473468;0.51298706;0.50000212;0.03473468;0.67160297;0.65398061;0.03474525;0.77735761;0.75650551;-0.06946936;0.01735792;1.02596974;1.00400003;
4.11338877;0.03473471;0.51298706;0.50000212;0.03473471;0.67160305;0.65398061;0.03474528;0.77735762;0.75650551;-0.06946942;0.01735793;1.02596975;1.00400001;
4.11338878;0.03473474;0.51298706;0.50000212;0.03473474;0.67160306;0.65398061;0.03474532;0.77735762;0.75650551;-0.06946948;0.01735795;1.02596976;1.00400001;
4.11338880;0.03473480;0.51298707;0.50000212;0.03473480;0.67160310;0.65398061;0.03474538;0.77735764;0.75650552;-0.06946961;0.01735798;1.02596977;1.00400001;
4.11338884;0.03473493;0.51298708;0.50000212;0.03473493;0.67160309;0.65398062;0.03474550;0.77735767;0.75650552;-0.06946986;0.01735804;1.02596979;1.00400003;
4.11338892;0.03473518;0.51298711;0.50000212;0.03473518;0.67160314;0.65398062;0.03474575;0.77735774;0.75650553;-0.06947036;0.01735817;1.02596984;1.00400007;
4.11338908;0.03473568;0.51298715;0.50000212;0.03473568;0.67160324;0.65398064;0.03474626;0.77735787;0.75650556;-0.06947137;0.01735842;1.02596994;1.00400013;
4.11338940;0.03473669;0.51298725;0.50000212;0.03473669;0.67160344;0.65398068;0.03474726;0.77735814;0.75650561;-0.06947338;0.01735892;1.02597013;1.00400026;
4.11339004;0.03473870;0.51298745;0.50000212;0.03473870;0.67160384;0.65398074;0.03474927;0.77735868;0.75650570;-0.06947740;0.01735993;1.02597052;1.00400051;
4.11339132;0.03474272;0.51298784;0.50000212;0.03474272;0.67160464;0.65398088;0.03475329;0.77735974;0.75650590;-0.06948544;0.01736194;1.02597130;1.00400102;
4.11339381;0.03475053;0.51298859;0.50000212;0.03475053;0.67160618;0.65398114;0.03476110;0.77736182;0.75650628;-0.06950106;0.01736584;1.02597281;1.00400200;
4.11339382;0.03475056;0.51298859;0.50000212;0.03475056;0.67160619;0.65398114;0.03476114;0.77736183;0.75650628;-0.06950112;0.01736586;1.02597282;1.00400200;
4.11339383;0.03475059;0.51298860;0.50000212;0.03475059;0.67160620;0.65398115;0.03476117;0.77736184;0.75650628;-0.06950119;0.01736588;1.02597283;1.00400201;
4.11339385;0.03475066;0.51298860;0.50000212;0.03475066;0.67160621;0.65398115;0.03476123;0.77736185;0.75650628;-0.06950131;0.01736591;1.02597284;1.00400202;
4.11339389;0.03475078;0.51298862;0.50000212;0.03475078;0.67160623;0.65398115;0.03476136;0.77736189;0.75650629;-0.06950156;0.01736597;1.02597286;1.00400203;
4.11339397;0.03475103;0.51298864;0.50000212;0.03475103;0.67160628;0.65398116;0.03476161;0.77736195;0.75650630;-0.06950207;0.01736610;1.02597291;1.00400206;
4.11339413;0.03475154;0.51298869;0.50000212;0.03475154;0.67160638;0.65398118;0.03476211;0.77736209;0.75650633;-0.06950307;0.01736635;1.02597301;1.00400213;
4.11339445;0.03475254;0.51298879;0.50000212;0.03475254;0.67160658;0.65398121;0.03476312;0.77736235;0.75650638;-0.06950508;0.01736685;1.02597320;1.00400225;
4.11339509;0.03475455;0.51298898;0.50000212;0.03475455;0.67160698;0.65398128;0.03476513;0.77736289;0.75650647;-0.06950910;0.01736785;1.02597359;1.00400251;
4.11339637;0.03475857;0.51298937;0.50000212;0.03475857;0.67160778;0.65398142;0.03476915;0.77736395;0.75650667;-0.06951715;0.01736987;1.02597437;1.00400301;
4.11339893;0.03476662;0.51299015;0.50000212;0.03476662;0.67160937;0.65398169;0.03477719;0.77736609;0.75650706;-0.06953324;0.01737389;1.02597593;1.00400402;
4.11340405;0.03478271;0.51299170;0.50000212;0.03478271;0.67161255;0.65398223;0.03479329;0.77737036;0.75650783;-0.06956543;0.01738194;1.02597903;1.00400605;
4.11341429;0.03481492;0.51299481;0.50000212;0.03481492;0.67161891;0.65398332;0.03482549;0.77737889;0.75650939;-0.06962984;0.01739804;1.02598524;1.00401009;
4.11343477;0.03487940;0.51300100;0.50000212;0.03487940;0.67163162;0.65398548;0.03488997;0.77739593;0.75651249;-0.06975879;0.01743028;1.02599763;1.00401816;
4.11347573;0.03500863;0.51301332;0.50000212;0.03500863;0.67165694;0.65398980;0.03501920;0.77742993;0.75651865;-0.07001726;0.01749490;1.02602228;1.00403425;
4.11355765;0.03526817;0.51303771;0.50000212;0.03526817;0.67170729;0.65399837;0.03527875;0.77749758;0.75653085;-0.07053634;0.01762468;1.02607105;1.00406620;
4.11372149;0.03579149;0.51308545;0.50000212;0.03579149;0.67180673;0.65401525;0.03580207;0.77763150;0.75655473;-0.07158299;0.01788635;1.02616653;1.00412917;
4.11404917;0.03685448;0.51317682;0.50000212;0.03685448;0.67200069;0.65404797;0.03686507;0.77789386;0.75660044;-0.07370897;0.01841787;1.02634926;1.00425139;
4.11470453;0.03904093;0.51334325;0.50000212;0.03904093;0.67236919;0.65410931;0.03905153;0.77839709;0.75668370;-0.07808185;0.01951114;1.02668212;1.00448073;
4.11601525;0.04361761;0.51361235;0.50000212;0.04361761;0.67303108;0.65421605;0.04362824;0.77932086;0.75681834;-0.08723522;0.02179959;1.02722031;1.00487859;
4.11863669;0.05331231;0.51390899;0.50000212;0.05331231;0.67407442;0.65436965;0.05332299;0.78086205;0.75696686;-0.10662463;0.02664717;1.02781356;1.00544300;
4.12125813;0.06341854;0.51389931;0.50000212;0.06341854;0.67477031;0.65444829;0.06342927;0.78202217;0.75696222;-0.12683708;0.03170052;1.02779419;1.00572754;
4.12650101;0.08321793;0.51315586;0.50000212;0.08321793;0.67530698;0.65442459;0.08322874;0.78341853;0.75659086;-0.16643587;0.04160071;1.02630725;1.00572430;
4.13174389;0.10153981;0.51163027;0.50000211;0.10153981;0.67489379;0.65420234;0.10155070;0.78371472;0.75582839;-0.20307963;0.05076213;1.02325605;1.00521530;
4.13698677;0.11758484;0.50962734;0.50000211;0.11758484;0.67378674;0.65384564;0.11759578;0.78318220;0.75482719;-0.23516967;0.05878506;1.01925016;1.00449296;
4.14043512;0.12677330;0.50819816;0.50000210;0.12677330;0.67281536;0.65357018;0.12678428;0.78254366;0.75411274;-0.25354661;0.06337955;1.01639178;1.00400200;
4.14043512;0.12677836;0.50820690;0.50000210;0.12677836;0.67281301;0.65357104;0.12678933;0.78256257;0.75411711;-0.25355672;0.06338207;1.01640926;1.00400062;
4.14043513;0.12677838;0.50820689;0.50000210;0.12677838;0.67281371;0.65357111;0.12678936;0.78256256;0.75411711;-0.25355677;0.06338209;1.01640925;1.00400024;
4.14043514;0.12677841;0.50820689;0.50000210;0.12677841;0.67281371;0.65357110;0.12678938;0.78256256;0.75411711;-0.25355682;0.06338210;1.01640924;1.00400024;
4.14043516;0.12677846;0.50820688;0.50000210;0.12677846;0.67281366;0.65357110;0.12678943;0.78256256;0.75411711;-0.25355692;0.06338212;1.01640922;1.00400026;
4.14043520;0.12677856;0.50820686;0.50000210;0.12677856;0.67281369;0.65357110;0.12678953;0.78256255;0.75411710;-0.25355712;0.06338218;1.01640919;1.00400023;
4.14043528;0.12677876;0.50820683;0.50000210;0.12677876;0.67281366;0.65357109;0.12678973;0.78256253;0.75411708;-0.25355752;0.06338228;1.01640912;1.00400022;
4.14043544;0.12677916;0.50820676;0.50000210;0.12677916;0.67281361;0.65357108;0.12679014;0.78256249;0.75411704;-0.25355833;0.06338248;1.01640898;1.00400019;
4.14043576;0.12677997;0.50820662;0.50000210;0.12677997;0.67281351;0.65357105;0.12679094;0.78256241;0.75411697;-0.25355993;0.06338288;1.01640870;1.00400014;
4.14043640;0.12678157;0.50820634;0.50000210;0.12678157;0.67281330;0.65357099;0.12679255;0.78256225;0.75411683;-0.25356315;0.06338368;1.01640814;1.00400005;
4.14043668;0.12678230;0.50820621;0.50000210;0.12678230;0.67281321;0.65357097;0.12679327;0.78256218;0.75411677;-0.25356459;0.06338404;1.01640788;1.00400000;
4.14043669;0.12678232;0.50820620;0.50000210;0.12678232;0.67281320;0.65357097;0.12679329;0.78256218;0.75411677;-0.25356464;0.06338406;1.01640788;1.00400000;
4.14043670;0.12678235;0.50820620;0.50000210;0.12678235;0.67281320;0.65357097;0.12679332;0.78256218;0.75411677;-0.25356469;0.06338407;1.01640787;1.00400000;
4.14043671;0.12678236;0.50820620;0.50000210;0.12678236;0.67281320;0.65357097;0.12679333;0.78256217;0.75411677;-0.25356472;0.06338407;1.01640786;1.00400000;
4.14043672;0.12678238;0.50820619;0.50000210;0.12678238;0.67281320;0.65357097;0.12679336;0.78256217;0.75411676;-0.25356477;0.06338409;1.01640785;1.00400000;
4.14043673;0.12678241;0.50820619;0.50000210;0.12678241;0.67281319;0.65357097;0.12679338;0.78256217;0.75411676;-0.25356482;0.06338410;1.01640784;1.00400000;
4.14043675;0.12678246;0.50820618;0.50000210;0.12678246;0.67281319;0.65357096;0.12679343;0.78256216;0.75411676;-0.25356492;0.06338412;1.01640783;1.00399999;
4.14043679;0.12678256;0.50820616;0.50000210;0.12678256;0.67281317;0.65357096;0.12679353;0.78256215;0.75411675;-0.25356512;0.06338417;1.01640779;1.00399999;
4.14043687;0.12678276;0.50820613;0.50000210;0.12678276;0.67281315;0.65357095;0.12679373;0.78256213;0.75411673;-0.25356552;0.06338428;1.01640772;1.00399997;
4.14043703;0.12678316;0.50820606;0.50000210;0.12678316;0.67281310;0.65357094;0.12679414;0.78256210;0.75411670;-0.25356632;0.06338448;1.01640758;1.00399995;
4.14043735;0.12678397;0.50820592;0.50000210;0.12678397;0.67281299;0.65357091;0.12679494;0.78256202;0.75411663;-0.25356793;0.06338488;1.01640730;1.00399990;
4.14043799;0.12678557;0.50820564;0.50000210;0.12678557;0.67281279;0.65357086;0.12679655;0.78256186;0.75411648;-0.25357115;0.06338568;1.01640674;1.00399980;
4.14043927;0.12678879;0.50820508;0.50000210;0.12678879;0.67281237;0.65357074;0.12679976;0.78256154;0.75411620;-0.25357758;0.06338729;1.01640562;1.00399961;
4.14044183;0.12679522;0.50820395;0.50000210;0.12679522;0.67281154;0.65357052;0.12680619;0.78256091;0.75411564;-0.25359044;0.06339051;1.01640337;1.00399921;
4.14044695;0.12680808;0.50820171;0.50000210;0.12680808;0.67280989;0.65357007;0.12681905;0.78255965;0.75411452;-0.25361616;0.06339694;1.01639889;1.00399843;
4.14045719;0.12683379;0.50819722;0.50000210;0.12683379;0.67280657;0.65356918;0.12684477;0.78255712;0.75411228;-0.25366759;0.06340979;1.01638991;1.00399686;
4.14047767;0.12688519;0.50818824;0.50000210;0.12688519;0.67279995;0.65356739;0.12689616;0.78255206;0.75410779;-0.25377038;0.06343549;1.01637195;1.00399373;
4.14051863;0.12698785;0.50817029;0.50000210;0.12698785;0.67278668;0.65356380;0.12699883;0.78254191;0.75409881;-0.25397571;0.06348683;1.01633604;1.00398747;
4.14060055;0.12719268;0.50813437;0.50000210;0.12719268;0.67276009;0.65355663;0.12720366;0.78252155;0.75408086;-0.25438536;0.06358925;1.01626420;1.00397497;
4.14076439;0.12760035;0.50806250;0.50000210;0.12760035;0.67270673;0.65354226;0.12761133;0.78248053;0.75404493;-0.25520071;0.06379310;1.01612047;1.00395006;
4.14109207;0.12840781;0.50791870;0.50000210;0.12840781;0.67259930;0.65351343;0.12841879;0.78239735;0.75397304;-0.25681562;0.06419684;1.01583286;1.00390060;
4.14174743;0.12999165;0.50763097;0.50000210;0.12999165;0.67238181;0.65345544;0.13000264;0.78222668;0.75382920;-0.25998331;0.06498881;1.01525740;1.00380317;
4.14305815;0.13303888;0.50705622;0.50000210;0.13303888;0.67193805;0.65333853;0.13304987;0.78187027;0.75354187;-0.26607776;0.06651251;1.01410790;1.00361426;
4.14567959;0.13867934;0.50591821;0.50000209;0.13867934;0.67102795;0.65310337;0.13869034;0.78111211;0.75297295;-0.27735867;0.06933290;1.01183188;1.00325924;
4.15092247;0.14832920;0.50374313;0.50000208;0.14832920;0.66919696;0.65264316;0.14834023;0.77951055;0.75188555;-0.29665841;0.07415811;1.00748170;1.00262727;
4.15616535;0.15600984;0.50176769;0.50000207;0.15600984;0.66743049;0.65221299;0.15602088;0.77788633;0.75089793;-0.31201968;0.07799865;1.00353082;1.00208351;
4.16665111;0.16673504;0.49860836;0.50000206;0.16673504;0.66445352;0.65150698;0.16674610;0.77502801;0.74931841;-0.33347008;0.08336157;0.99721216;1.00119478;
4.17713687;0.17242908;0.49655709;0.50000205;0.17242908;0.66232747;0.65102588;0.17244014;0.77286661;0.74829284;-0.34485817;0.08620877;0.99310962;1.00054901;
4.18762263;0.17461952;0.49549236;0.50000205;0.17461952;0.66107800;0.65075925;0.17463056;0.77150579;0.74776049;-0.34923903;0.08730406;0.99098016;1.00011950;
4.19810839;0.17465657;0.49516482;0.50000205;0.17465657;0.66056460;0.65066237;0.17466759;0.77086671;0.74759671;-0.34931313;0.08732260;0.99032509;0.99987680;
4.20859415;0.17361929;0.49529908;0.50000205;0.17361929;0.66056578;0.65067800;0.17363031;0.77077268;0.74766383;-0.34723858;0.08680393;0.99059361;0.99977843;
4.21907991;0.17226688;0.49565397;0.50000205;0.17226688;0.66085523;0.65075226;0.17227789;0.77101145;0.74784125;-0.34453376;0.08612768;0.99130338;0.99977543;
4.22956567;0.17105184;0.49605539;0.50000205;0.17105184;0.66124846;0.65084382;0.17106285;0.77139383;0.74804195;-0.34210368;0.08552013;0.99210623;0.99982291;
4.25053719;0.16965026;0.49662282;0.50000205;0.16965026;0.66187073;0.65098086;0.16966127;0.77204702;0.74832565;-0.33930051;0.08481929;0.99324109;0.99992964;
4.27150871;0.16931485;0.49687203;0.50000205;0.16931485;0.66220043;0.65104756;0.16932588;0.77243013;0.74845025;-0.33862971;0.08465158;0.99373951;1.00000895;
4.27727530;0.16932424;0.49689824;0.50000205;0.16932424;0.66224424;0.65105563;0.16933526;0.77248556;0.74846336;-0.33864847;0.08465627;0.99379193;1.00002203;
4.27727531;0.16932425;0.49689836;0.50000205;0.16932425;0.66224421;0.65105563;0.16933527;0.77248580;0.74846342;-0.33864849;0.08465627;0.99379216;1.00002203;
4.27727532;0.16932425;0.49689836;0.50000205;0.16932425;0.66224421;0.65105563;0.16933527;0.77248580;0.74846342;-0.33864850;0.08465627;0.99379216;1.00002203;
4.27727534;0.16932425;0.49689841;0.50000205;0.16932425;0.66224419;0.65105564;0.16933528;0.77248590;0.74846344;-0.33864851;0.08465627;0.99379226;1.00002203;
4.27727538;0.16932425;0.49689836;0.50000205;0.16932425;0.66224421;0.65105563;0.16933527;0.77248580;0.74846342;-0.33864850;0.08465627;0.99379216;1.00002203;
4.27727546;0.16932425;0.49689836;0.50000205;0.16932425;0.66224421;0.65105563;0.16933527;0.77248580;0.74846342;-0.33864850;0.08465627;0.99379216;1.00002203;
4.27727562;0.16932425;0.49689836;0.50000205;0.16932425;0.66224421;0.65105563;0.16933528;0.77248580;0.74846342;-0.33864851;0.08465627;0.99379216;1.00002203;
4.27727594;0.16932426;0.49689836;0.50000205;0.16932426;0.66224421;0.65105563;0.16933528;0.77248580;0.74846342;-0.33864852;0.08465628;0.99379216;1.00002203;
4.27727658;0.16932427;0.49689836;0.50000205;0.16932427;0.66224421;0.65105563;0.16933529;0.77248581;0.74846342;-0.33864854;0.08465628;0.99379216;1.00002203;
4.27727786;0.16932429;0.49689836;0.50000205;0.16932429;0.66224422;0.65105564;0.16933531;0.77248581;0.74846342;-0.33864858;0.08465629;0.99379216;1.00002204;
4.27728042;0.16932433;0.49689836;0.50000205;0.16932433;0.66224423;0.65105564;0.16933536;0.77248583;0.74846342;-0.33864867;0.08465632;0.99379217;1.00002204;
4.27728554;0.16932442;0.49689837;0.50000205;0.16932442;0.66224425;0.65105564;0.16933544;0.77248587;0.74846342;-0.33864884;0.08465636;0.99379218;1.00002205;
4.27729578;0.16932460;0.49689837;0.50000205;0.16932460;0.66224430;0.65105565;0.16933562;0.77248595;0.74846343;-0.33864919;0.08465645;0.99379219;1.00002208;
4.27731626;0.16932495;0.49689839;0.50000205;0.16932495;0.66224440;0.65105566;0.16933597;0.77248609;0.74846343;-0.33864989;0.08465662;0.99379222;1.00002212;
4.27735722;0.16932565;0.49689842;0.50000205;0.16932565;0.66224459;0.65105568;0.16933667;0.77248639;0.74846345;-0.33865130;0.08465697;0.99379228;1.00002222;
4.27743914;0.16932706;0.49689847;0.50000205;0.16932706;0.66224496;0.65105573;0.16933808;0.77248698;0.74846348;-0.33865412;0.08465768;0.99379239;1.00002240;
4.27760298;0.16932990;0.49689857;0.50000205;0.16932990;0.66224569;0.65105583;0.16934092;0.77248813;0.74846352;-0.33865980;0.08465910;0.99379259;1.00002276;
4.27793066;0.16933568;0.49689871;0.50000205;0.16933568;0.66224709;0.65105601;0.16934671;0.77249037;0.74846359;-0.33867137;0.08466199;0.99379286;1.00002348;
4.27858602;0.16934761;0.49689876;0.50000205;0.16934761;0.66224960;0.65105630;0.16935863;0.77249451;0.74846362;-0.33869522;0.08466795;0.99379297;1.00002483;
4.27989674;0.16937277;0.49689804;0.50000205;0.16937277;0.66225357;0.65105668;0.16938379;0.77250161;0.74846326;-0.33874553;0.08468053;0.99379153;1.00002728;
4.28251818;0.16942722;0.49689372;0.50000205;0.16942722;0.66225773;0.65105666;0.16943824;0.77251142;0.74846110;-0.33885444;0.08470776;0.99378288;1.00003121;
4.28776106;0.16954545;0.49687631;0.50000205;0.16954545;0.66225399;0.65105422;0.16955648;0.77251680;0.74845240;-0.33909090;0.08476688;0.99374806;1.00003581;
4.29824682;0.16978026;0.49682371;0.50000205;0.16978026;0.66221784;0.65104400;0.16979129;0.77249162;0.74842610;-0.33956053;0.08488429;0.99364287;1.00003613;
4.31921834;0.17012289;0.49671835;0.50000205;0.17012289;0.66211955;0.65102054;0.17013391;0.77239804;0.74837343;-0.34024577;0.08505561;0.99343215;1.00002274;
4.34018986;0.17027509;0.49664918;0.50000205;0.17027509;0.66204023;0.65100343;0.17028611;0.77231195;0.74833884;-0.34055017;0.08513172;0.99329380;1.00000608;
4.36116138;0.17028379;0.49662666;0.50000205;0.17028379;0.66200606;0.65099690;0.17029481;0.77227002;0.74832758;-0.34056757;0.08513607;0.99324876;0.99999634;
4.38213290;0.17023053;0.49663370;0.50000205;0.17023053;0.66200642;0.65099775;0.17024155;0.77226592;0.74833110;-0.34046105;0.08510944;0.99326284;0.99999408;
4.42407594;0.17015652;0.49665534;0.50000205;0.17015652;0.66202584;0.65100248;0.17016755;0.77228386;0.74834192;-0.34031304;0.08507243;0.99330612;0.99999658;
4.46601898;0.17013539;0.49666755;0.50000205;0.17013539;0.66204102;0.65100564;0.17014642;0.77230102;0.74834803;-0.34027078;0.08506187;0.99333055;1.00000016;
4.54990506;0.17014593;0.49666750;0.50000205;0.17014593;0.66204308;0.65100587;0.17015695;0.77230450;0.74834800;-0.34029185;0.08506714;0.99333044;1.00000125;
4.63379114;0.17015993;0.49666252;0.50000205;0.17015993;0.66203799;0.65100471;0.17017095;0.77229934;0.74834551;-0.34031985;0.08507414;0.99332048;1.00000037;
4.68462014;0.17016232;0.49666132;0.50000205;0.17016232;0.66203657;0.65100440;0.17017335;0.77229776;0.74834491;-0.34032464;0.08507533;0.99331808;1.00000005;
4.68462015;0.17016232;0.49666132;0.50000205;0.17016232;0.66203657;0.65100440;0.17017335;0.77229776;0.74834491;-0.34032464;0.08507533;0.99331808;1.00000005;
4.68462016;0.17016232;0.49666132;0.50000205;0.17016232;0.66203657;0.65100440;0.17017335;0.77229776;0.74834491;-0.34032464;0.08507533;0.99331808;1.00000005;
4.68462018;0.17016232;0.49666132;0.50000205;0.17016232;0.66203657;0.65100440;0.17017335;0.77229776;0.74834491;-0.34032464;0.08507533;0.99331808;1.00000005;
4.68462022;0.17016232;0.49666132;0.50000205;0.17016232;0.66203657;0.65100440;0.17017335;0.77229776;0.74834491;-0.34032464;0.08507533;0.99331808;1.00000005;
4.68462030;0.17016232;0.49666132;0.50000205;0.17016232;0.66203657;0.65100440;0.17017335;0.77229776;0.74834491;-0.34032464;0.08507533;0.99331808;1.00000005;
4.68462046;0.17016232;0.49666132;0.50000205;0.17016232;0.66203657;0.65100440;0.17017335;0.77229776;0.74834491;-0.34032464;0.08507533;0.99331808;1.00000005;
4.68462078;0.17016232;0.49666132;0.50000205;0.17016232;0.66203657;0.65100440;0.17017335;0.77229776;0.74834491;-0.34032464;0.08507533;0.99331808;1.00000005;
4.68462142;0.17016232;0.49666132;0.50000205;0.17016232;0.66203657;0.65100440;0.17017335;0.77229776;0.74834491;-0.34032464;0.08507533;0.99331808;1.00000005;
4.68462270;0.17016232;0.49666132;0.50000205;0.17016232;0.66203657;0.65100440;0.17017335;0.77229776;0.74834491;-0.34032464;0.08507533;0.99331808;1.00000005;
4.68462526;0.17016232;0.49666132;0.50000205;0.17016232;0.66203657;0.65100440;0.17017335;0.77229776;0.74834491;-0.34032464;0.08507533;0.99331808;1.00000005;
4.68463038;0.17016232;0.49666132;0.50000205;0.17016232;0.66203657;0.65100440;0.17017335;0.77229776;0.74834491;-0.34032464;0.08507533;0.99331808;1.00000005;
4.68464062;0.17016232;0.49666132;0.50000205;0.17016232;0.66203657;0.65100440;0.17017335;0.77229776;0.74834491;-0.34032464;0.08507533;0.99331808;1.00000005;
4.68466110;0.17016232;0.49666132;0.50000205;0.17016232;0.66203657;0.65100440;0.17017335;0.77229776;0.74834491;-0.34032464;0.08507533;0.99331808;1.00000005;
4.68470206;0.17016232;0.49666131;0.50000205;0.17016232;0.66203656;0.65100440;0.17017335;0.77229775;0.74834491;-0.34032464;0.08507533;0.99331807;1.00000005;
4.68478398;0.17016232;0.49666131;0.50000205;0.17016232;0.66203656;0.65100440;0.17017335;0.77229775;0.74834491;-0.34032464;0.08507533;0.99331807;1.00000005;
4.68494782;0.17016232;0.49666131;0.50000205;0.17016232;0.66203655;0.65100440;0.17017335;0.77229774;0.74834490;-0.34032464;0.08507533;0.99331806;1.00000005;
4.68527550;0.17016232;0.49666130;0.50000205;0.17016232;0.66203654;0.65100440;0.17017335;0.77229772;0.74834490;-0.34032464;0.08507533;0.99331804;1.00000004;
4.68593086;0.17016232;0.49666128;0.50000205;0.17016232;0.66203651;0.65100439;0.17017334;0.77229769;0.74834489;-0.34032463;0.08507533;0.99331801;1.00000004;
4.68724158;0.17016230;0.49666125;0.50000205;0.17016230;0.66203646;0.65100439;0.17017332;0.77229763;0.74834488;-0.34032460;0.08507532;0.99331795;1.00000002;
4.68986302;0.17016224;0.49666121;0.50000205;0.17016224;0.66203638;0.65100437;0.17017326;0.77229752;0.74834486;-0.34032447;0.08507529;0.99331787;0.99999999;
4.69510590;0.17016202;0.49666117;0.50000205;0.17016202;0.66203628;0.65100435;0.17017304;0.77229737;0.74834484;-0.34032404;0.08507518;0.99331779;0.99999996;
4.70559166;0.17016141;0.49666123;0.50000205;0.17016141;0.66203624;0.65100436;0.17017244;0.77229727;0.74834486;-0.34032283;0.08507488;0.99331790;0.99999992;
4.72656318;0.17016026;0.49666150;0.50000205;0.17016026;0.66203643;0.65100441;0.17017128;0.77229741;0.74834500;-0.34032051;0.08507430;0.99331844;0.99999992;
4.76850622;0.17015920;0.49666188;0.50000205;0.17015920;0.66203682;0.65100450;0.17017022;0.77229781;0.74834519;-0.34031840;0.08507377;0.99331920;0.99999999;
4.85239230;0.17015922;0.49666197;0.50000205;0.17015922;0.66203698;0.65100453;0.17017025;0.77229800;0.74834523;-0.34031845;0.08507378;0.99331938;1.00000004;
5.02016446;0.17015977;0.49666180;0.50000205;0.17015977;0.66203682;0.65100449;0.17017080;0.77229786;0.74834515;-0.34031955;0.08507406;0.99331905;1.00000002;
5.35570878;0.17015991;0.49666173;0.50000205;0.17015991;0.66203673;0.65100447;0.17017093;0.77229775;0.74834511;-0.34031982;0.08507413;0.99331890;1.00000000;
6.02679742;0.17015991;0.49666172;0.50000205;0.17015991;0.66203672;0.65100447;0.17017093;0.77229775;0.74834511;-0.34031982;0.08507413;0.99331889;1.00000000;
7.36897470;0.17015991;0.49666172;0.50000205;0.17015991;0.66203672;0.65100447;0.17017093;0.77229775;0.74834511;-0.34031982;0.08507413;0.99331889;1.00000000;
7.99999998;0.17015991;0.49666172;0.50000205;0.17015991;0.66203672;0.65100447;0.17017093;0.77229775;0.74834511;-0.34031982;0.08507413;0.99331889;1.00000000;
7.99999998;0.34023982;-1.00658225;0.99999792;0.34023982;-0.83723590;0.85054284;0.34025111;-0.72432704;0.74834511;-0.34023982;0.08507413;-1.00658458;0.95291253;
7.99999999;0.34023938;-1.00658060;0.99999792;0.34023938;-0.83723479;0.85054308;0.34025067;-0.72432630;0.74834552;-0.34023938;0.08507402;-1.00658293;0.95291265;
8.00000000;0.34023894;-1.00657895;0.99999792;0.34023894;-0.83723369;0.85054332;0.34025023;-0.72432556;0.74834594;-0.34023894;0.08507391;-1.00658128;0.95291277;
8.00000002;0.34023805;-1.00657565;0.99999792;0.34023805;-0.83723147;0.85054381;0.34024934;-0.72432407;0.74834676;-0.34023805;0.08507368;-1.00657798;0.95291300;
8.00000006;0.34023628;-1.00656905;0.99999792;0.34023628;-0.83722705;0.85054478;0.34024757;-0.72432109;0.74834841;-0.34023628;0.08507324;-1.00657138;0.95291347;
8.00000014;0.34023274;-1.00655584;0.99999792;0.34023274;-0.83721819;0.85054673;0.34024403;-0.72431513;0.74835171;-0.34023274;0.08507236;-1.00655818;0.95291441;
8.00000030;0.34022566;-1.00652944;0.99999792;0.34022566;-0.83720049;0.85055062;0.34023695;-0.72430323;0.74835831;-0.34022566;0.08507059;-1.00653177;0.95291629;
8.00000062;0.34021150;-1.00647664;0.99999792;0.34021150;-0.83716507;0.85055840;0.34022278;-0.72427941;0.74837152;-0.34021150;0.08506704;-1.00647897;0.95292005;
8.00000126;0.34018317;-1.00637103;0.99999792;0.34018317;-0.83709424;0.85057395;0.34019446;-0.72423176;0.74839792;-0.34018317;0.08505996;-1.00637337;0.95292756;
8.00000254;0.34012654;-1.00615985;0.99999792;0.34012654;-0.83695259;0.85060507;0.34013782;-0.72413647;0.74845072;-0.34012654;0.08504580;-1.00616218;0.95294259;
8.00000510;0.34001331;-1.00573754;0.99999792;0.34001331;-0.83666928;0.85066728;0.34002459;-0.72394583;0.74855630;-0.34001331;0.08501749;-1.00573987;0.95297263;
8.00001022;0.33978706;-1.00489321;0.99999792;0.33978706;-0.83610267;0.85079167;0.33979832;-0.72356439;0.74876739;-0.33978706;0.08496091;-1.00489553;0.95303268;
8.00002046;0.33933534;-1.00320569;0.99999793;0.33933534;-0.83496947;0.85104029;0.33934656;-0.72280078;0.74918929;-0.33933534;0.08484796;-1.00320801;0.95315259;
8.00004094;0.33843501;-0.99983519;0.99999793;0.33843501;-0.83270320;0.85153691;0.33844615;-0.72127073;0.75003195;-0.33843501;0.08462283;-0.99983750;0.95339172;
8.00008190;0.33664674;-0.99311233;0.99999795;0.33664674;-0.82817118;0.85252764;0.33665774;-0.71819942;0.75171273;-0.33664674;0.08417568;-0.99311460;0.95386721;
8.00016382;0.33311935;-0.97973862;0.99999798;0.33311935;-0.81910953;0.85449911;0.33313006;-0.71201276;0.75505630;-0.33311935;0.08329366;-0.97974084;0.95480716;
8.00032766;0.32625771;-0.95327576;0.99999803;0.32625771;-0.80099835;0.85840255;0.32626786;-0.69946992;0.76167230;-0.32625771;0.08157790;-0.95327786;0.95664322;
8.00065534;0.31327916;-0.90146026;0.99999814;0.31327916;-0.76484358;0.86605467;0.31328827;-0.67375669;0.77462672;-0.31327916;0.07833259;-0.90146214;0.96014317;
8.00131070;0.29008011;-0.80206051;0.99999834;0.29008011;-0.69294302;0.88076453;0.29008739;-0.62019075;0.79947772;-0.29008011;0.07253155;-0.80206201;0.96648359;
8.00222193;0.26300323;-0.67240803;0.99999861;0.26300323;-0.59437772;0.90000000;0.26300844;-0.54207664;0.83189224;-0.26300323;0.06576070;-0.67240911;0.97398872;
8.00222193;0.26286835;-0.67243167;0.99999861;0.26286835;-0.59424184;0.89999789;0.26287356;-0.54211007;0.83188633;-0.26286835;0.06572698;-0.67243275;0.97398932;
8.00222194;0.26286809;-0.67243031;0.99999861;0.26286809;-0.59424077;0.89999809;0.26287331;-0.54210920;0.83188667;-0.26286809;0.06572692;-0.67243139;0.97398939;
8.00222195;0.26286784;-0.67242894;0.99999861;0.26286784;-0.59423970;0.89999829;0.26287306;-0.54210832;0.83188701;-0.26286784;0.06572686;-0.67243002;0.97398947;
8.00222197;0.26286734;-0.67242622;0.99999861;0.26286734;-0.59423756;0.89999870;0.26287255;-0.54210658;0.83188769;-0.26286734;0.06572673;-0.67242729;0.97398961;
8.00222201;0.26286633;-0.67242076;0.99999861;0.26286633;-0.59423328;0.89999951;0.26287154;-0.54210309;0.83188906;-0.26286633;0.06572648;-0.67242183;0.97398991;
8.00222203;0.26286572;-0.67241746;0.99999861;0.26286572;-0.59423070;0.90000000;0.26287094;-0.54210098;0.83188988;-0.26286572;0.06572633;-0.67241854;0.97399008;
8.00222204;0.26286547;-0.67241610;0.99999861;0.26286547;-0.59422963;0.90000020;0.26287068;-0.54210011;0.83189022;-0.26286547;0.06572626;-0.67241718;0.97399015;
8.00222205;0.26286522;-0.67241474;0.99999861;0.26286522;-0.59422856;0.90000040;0.26287043;-0.54209924;0.83189056;-0.26286522;0.06572620;-0.67241581;0.97399023;
8.00222207;0.26286472;-0.67241201;0.99999861;0.26286472;-0.59422642;0.90000081;0.26286993;-0.54209749;0.83189124;-0.26286472;0.06572608;-0.67241308;0.97399037;
8.00222211;0.26286371;-0.67240655;0.99999861;0.26286371;-0.59422215;0.90000162;0.26286892;-0.54209400;0.83189261;-0.26286371;0.06572582;-0.67240763;0.97399067;
8.00222219;0.26286169;-0.67239563;0.99999861;0.26286169;-0.59421359;0.90000324;0.26286691;-0.54208702;0.83189534;-0.26286169;0.06572532;-0.67239671;0.97399125;
8.00222235;0.26285767;-0.67237380;0.99999861;0.26285767;-0.59419648;0.90000649;0.26286288;-0.54207306;0.83190080;-0.26285767;0.06572431;-0.67237488;0.97399242;
8.00222267;0.26284961;-0.67233013;0.99999861;0.26284961;-0.59416226;0.90001298;0.26285482;-0.54204513;0.83191171;-0.26284961;0.06572230;-0.67233121;0.97399476;
8.00222331;0.26283350;-0.67224281;0.99999861;0.26283350;-0.59409382;0.90002596;0.26283871;-0.54198928;0.83193355;-0.26283350;0.06571827;-0.67224389;0.97399943;
8.00222459;0.26280128;-0.67206817;0.99999861;0.26280128;-0.59395694;0.90005192;0.26280649;-0.54187757;0.83197721;-0.26280128;0.06571021;-0.67206925;0.97400878;
8.00222715;0.26273688;-0.67171897;0.99999861;0.26273688;-0.59368320;0.90010383;0.26274208;-0.54165415;0.83206451;-0.26273688;0.06569411;-0.67172004;0.97402747;
8.00223227;0.26260821;-0.67102081;0.99999861;0.26260821;-0.59313579;0.90020761;0.26261340;-0.54120726;0.83223906;-0.26260821;0.06566193;-0.67102188;0.97406480;
8.00224251;0.26235142;-0.66962549;0.99999862;0.26235142;-0.59204129;0.90041502;0.26235659;-0.54031332;0.83258790;-0.26235142;0.06559772;-0.66962656;0.97413934;
8.00226299;0.26183998;-0.66683886;0.99999862;0.26183998;-0.58985351;0.90082928;0.26184511;-0.53852482;0.83328459;-0.26183998;0.06546982;-0.66683992;0.97428786;
8.00230395;0.26082563;-0.66128161;0.99999863;0.26082563;-0.58548289;0.90165547;0.26083068;-0.53494537;0.83467397;-0.26082563;0.06521617;-0.66128265;0.97458272;
8.00238587;0.25883063;-0.65023074;0.99999866;0.25883063;-0.57676155;0.90329866;0.25883553;-0.52777719;0.83743680;-0.25883063;0.06471728;-0.65023175;0.97516374;
8.00254971;0.25497181;-0.62838077;0.99999870;0.25497181;-0.55939964;0.90654859;0.25497640;-0.51340762;0.84289954;-0.25497181;0.06375231;-0.62838172;0.97629161;
8.00287739;0.24775099;-0.58566616;0.99999879;0.24775099;-0.52500820;0.91290549;0.24775504;-0.48456552;0.85357866;-0.24775099;0.06194659;-0.58566700;0.97841554;
8.00353275;0.23508713;-0.50401346;0.99999896;0.23508713;-0.45761904;0.92506921;0.23509022;-0.42668633;0.87399274;-0.23508713;0.05877966;-0.50401410;0.98217485;
8.00484347;0.21541104;-0.35462645;0.99999927;0.21541104;-0.32880214;0.94735645;0.21541276;-0.31158421;0.91134117;-0.21541104;0.05385890;-0.35462681;0.98803286;
8.00615419;0.20199784;-0.22235923;0.99999954;0.20199784;-0.20888491;0.96711982;0.20199874;-0.19979662;0.94440948;-0.20199784;0.05050412;-0.22235942;0.99202902;
8.00746491;0.19281619;-0.10544989;0.99999978;0.19281619;-0.09835114;0.98460567;0.19281667;-0.09337496;0.97363816;-0.19281619;0.04820743;-0.10544999;0.99461096;
8.00877563;0.18608925;-0.00229309;1.00000000;0.18608925;0.00271627;1.00004394;0.18608960;0.00636588;0.99942854;-0.18608925;0.04652458;-0.00229316;0.99616989;
8.01008635;0.18057597;0.08856001;1.00000018;0.18057597;0.09442148;1.01364469;0.18057637;0.09867305;1.02214286;-0.18057597;0.04514529;0.08855993;0.99702524;
8.01139707;0.17542179;0.16839660;1.00000035;0.17542179;0.17705343;1.02559628;0.17542238;0.18317974;1.04210291;-0.17542179;0.04385588;0.16839648;0.99742483;
8.01401851;0.16408084;0.30069924;1.00000062;0.16408084;0.31830060;1.04539524;0.16408201;0.33003601;1.07518002;-0.16408084;0.04101918;0.30069900;0.99765580;
8.01663995;0.15146921;0.40023582;1.00000083;0.15146921;0.42759040;1.06027962;0.15147104;0.44602049;1.10006521;-0.15146921;0.03786513;0.40023545;0.99751929;
8.01926139;0.13754793;0.47180069;1.00000097;0.13754793;0.50777677;1.07096967;0.13755035;0.53218182;1.11795712;-0.13754793;0.03438393;0.47180019;0.99737972;
8.02188283;0.12302491;0.51990668;1.00000107;0.12302491;0.56243013;1.07814556;0.12302776;0.59126891;1.12998403;-0.12302491;0.03075251;0.51990609;0.99737180;
8.02188283;0.12302491;0.51990668;1.00000107;0.12302491;0.56243014;1.07814556;0.12302776;0.59126891;1.12998403;-0.12302491;0.03075251;0.51990610;0.99737180;
8.02188283;0.12299882;0.51991107;1.00000107;0.12299882;0.56272375;1.07814542;0.12300168;0.59127283;1.12998512;-0.12299882;0.03074599;0.51991048;0.99737173;
8.02188284;0.12299877;0.51991121;1.00000107;0.12299877;0.56272657;1.07814554;0.12300162;0.59127300;1.12998516;-0.12299877;0.03074598;0.51991062;0.99737178;
8.02188285;0.12299871;0.51991135;1.00000107;0.12299871;0.56272673;1.07814556;0.12300157;0.59127317;1.12998519;-0.12299871;0.03074596;0.51991076;0.99737178;
8.02188287;0.12299860;0.51991162;1.00000107;0.12299860;0.56272688;1.07814560;0.12300145;0.59127351;1.12998526;-0.12299860;0.03074593;0.51991103;0.99737178;
8.02188291;0.12299837;0.51991218;1.00000107;0.12299837;0.56272768;1.07814569;0.12300123;0.59127420;1.12998540;-0.12299837;0.03074588;0.51991159;0.99737178;
8.02188299;0.12299792;0.51991329;1.00000107;0.12299792;0.56272894;1.07814585;0.12300078;0.59127557;1.12998568;-0.12299792;0.03074577;0.51991270;0.99737178;
8.02188315;0.12299703;0.51991551;1.00000107;0.12299703;0.56273148;1.07814619;0.12299988;0.59127831;1.12998623;-0.12299703;0.03074554;0.51991492;0.99737179;
8.02188347;0.12299523;0.51991995;1.00000107;0.12299523;0.56273654;1.07814685;0.12299808;0.59128380;1.12998734;-0.12299523;0.03074509;0.51991936;0.99737180;
8.02188411;0.12299163;0.51992883;1.00000107;0.12299163;0.56274668;1.07814817;0.12299448;0.59129476;1.12998956;-0.12299163;0.03074419;0.51992824;0.99737181;
8.02188539;0.12298444;0.51994659;1.00000107;0.12298444;0.56276694;1.07815081;0.12298729;0.59131670;1.12999400;-0.12298444;0.03074239;0.51994600;0.99737184;
8.02188795;0.12297005;0.51998209;1.00000107;0.12297005;0.56280745;1.07815610;0.12297290;0.59136055;1.13000288;-0.12297005;0.03073880;0.51998150;0.99737189;
8.02189307;0.12294127;0.52005305;1.00000107;0.12294127;0.56288841;1.07816667;0.12294413;0.59144818;1.13002062;-0.12294127;0.03073160;0.52005246;0.99737201;
8.02190331;0.12288372;0.52019474;1.00000107;0.12288372;0.56305009;1.07818777;0.12288658;0.59162318;1.13005604;-0.12288372;0.03071721;0.52019415;0.99737224;
8.02192379;0.12276864;0.52047725;1.00000108;0.12276864;0.56337246;1.07822985;0.12277150;0.59197213;1.13012667;-0.12276864;0.03068844;0.52047666;0.99737271;
8.02196475;0.12253854;0.52103881;1.00000108;0.12253854;0.56401329;1.07831348;0.12254140;0.59266581;1.13026707;-0.12253854;0.03063090;0.52103822;0.99737369;
8.02204667;0.12207859;0.52214817;1.00000108;0.12207859;0.56527937;1.07847869;0.12208147;0.59403637;1.13054442;-0.12207859;0.03051590;0.52214758;0.99737581;
8.02221051;0.12115991;0.52431242;1.00000108;0.12115991;0.56774981;1.07880096;0.12116281;0.59671097;1.13108549;-0.12115991;0.03028620;0.52431182;0.99738061;
8.02221392;0.12114081;0.52435670;1.00000108;0.12114081;0.56780036;1.07880755;0.12114371;0.59676570;1.13109656;-0.12114081;0.03028142;0.52435610;0.99738072;
8.02221393;0.12114076;0.52435683;1.00000108;0.12114076;0.56780051;1.07880757;0.12114365;0.59676586;1.13109660;-0.12114076;0.03028141;0.52435623;0.99738072;
8.02221394;0.12114070;0.52435696;1.00000108;0.12114070;0.56780066;1.07880759;0.12114360;0.59676602;1.13109663;-0.12114070;0.03028139;0.52435636;0.99738072;
8.02221396;0.12114059;0.52435722;1.00000108;0.12114059;0.56780095;1.07880763;0.12114349;0.59676634;1.13109669;-0.12114059;0.03028137;0.52435662;0.99738072;
8.02221400;0.12114037;0.52435774;1.00000108;0.12114037;0.56780155;1.07880770;0.12114326;0.59676698;1.13109682;-0.12114037;0.03028131;0.52435714;0.99738072;
8.02221408;0.12113992;0.52435878;1.00000108;0.12113992;0.56780273;1.07880786;0.12114281;0.59676827;1.13109708;-0.12113992;0.03028120;0.52435818;0.99738072;
8.02221424;0.12113902;0.52436085;1.00000108;0.12113902;0.56780510;1.07880817;0.12114192;0.59677083;1.13109760;-0.12113902;0.03028097;0.52436025;0.99738073;
8.02221456;0.12113723;0.52436500;1.00000108;0.12113723;0.56780984;1.07880878;0.12114012;0.59677596;1.13109864;-0.12113723;0.03028053;0.52436441;0.99738074;
8.02221520;0.12113364;0.52437331;1.00000108;0.12113364;0.56781932;1.07881002;0.12113654;0.59678623;1.13110072;-0.12113364;0.03027963;0.52437271;0.99738076;
8.02221648;0.12112647;0.52438991;1.00000108;0.12112647;0.56783828;1.07881249;0.12112937;0.59680675;1.13110487;-0.12112647;0.03027784;0.52438932;0.99738080;
8.02221904;0.12111213;0.52442311;1.00000108;0.12111213;0.56787618;1.07881744;0.12111503;0.59684779;1.13111317;-0.12111213;0.03027425;0.52442251;0.99738088;
8.02222416;0.12108345;0.52448945;1.00000108;0.12108345;0.56795192;1.07882731;0.12108635;0.59692979;1.13112975;-0.12108345;0.03026708;0.52448886;0.99738104;
8.02223440;0.12102609;0.52462193;1.00000108;0.12102609;0.56810316;1.07884704;0.12102899;0.59709354;1.13116287;-0.12102609;0.03025274;0.52462133;0.99738137;
8.02225488;0.12091140;0.52488604;1.00000108;0.12091140;0.56840468;1.07888636;0.12091431;0.59742001;1.13122890;-0.12091140;0.03022406;0.52488544;0.99738204;
8.02229584;0.12068211;0.52541091;1.00000109;0.12068211;0.56900393;1.07896450;0.12068502;0.59806885;1.13136012;-0.12068211;0.03016673;0.52541030;0.99738341;
8.02237776;0.12022388;0.52644730;1.00000109;0.12022388;0.57018729;1.07911879;0.12022680;0.59935020;1.13161923;-0.12022388;0.03005216;0.52644670;0.99738629;
8.02254160;0.11930901;0.52846734;1.00000109;0.11930901;0.57249410;1.07941947;0.11931195;0.60184821;1.13212425;-0.11930901;0.02982341;0.52846674;0.99739258;
8.02286928;0.11748651;0.53230098;1.00000110;0.11748651;0.57687300;1.07998995;0.11748948;0.60659065;1.13308269;-0.11748651;0.02936772;0.53230037;0.99740717;
8.02352464;0.11387704;0.53917786;1.00000111;0.11387704;0.58472987;1.08101267;0.11388007;0.61510092;1.13480195;-0.11387704;0.02846524;0.53917724;0.99744336;
8.02483536;0.10684057;0.55003364;1.00000114;0.10684057;0.59712632;1.08262471;0.10684371;0.62852458;1.13751595;-0.10684057;0.02670593;0.55003299;0.99753726;
8.02745680;0.09368094;0.56199024;1.00000116;0.09368094;0.61068150;1.08439065;0.09368419;0.64314559;1.14050511;-0.09368094;0.02341575;0.56198957;0.99777188;
8.03007824;0.08186951;0.56302626;1.00000116;0.08186951;0.61158064;1.08452456;0.08187275;0.64395461;1.14076401;-0.08186951;0.02046273;0.56302559;0.99803329;
8.03532112;0.06215293;0.54447069;1.00000112;0.06215293;0.58951729;1.08171181;0.06215593;0.61955136;1.13612471;-0.06215293;0.01553354;0.54447007;0.99850634;
8.04056400;0.04708922;0.50714482;1.00000105;0.04708922;0.54613169;1.07609568;0.04709182;0.57200060;1.12679266;-0.04708922;0.01176780;0.50714429;0.99888580;
8.04580688;0.03572108;0.46261920;1.00000096;0.03572108;0.49516760;1.06940664;0.03572324;0.51644437;1.11566063;-0.03572108;0.00892608;0.46261875;0.99916594;
8.05104976;0.02713152;0.41933235;1.00000087;0.02713152;0.44610588;1.06290776;0.02713328;0.46347797;1.10483833;-0.02713152;0.00677901;0.41933199;0.99936884;
8.05222205;0.02549630;0.41051023;1.00000085;0.02549630;0.43615808;1.06158349;0.02549799;0.45280402;1.10263268;-0.02549630;0.00637028;0.41050988;0.99940694;
8.05222205;0.02547395;0.41050400;1.00000085;0.02547395;0.43587833;1.06158327;0.02547564;0.45279624;1.10263112;-0.02547395;0.00636469;0.41050365;0.99940697;
8.05222206;0.02547394;0.41050392;1.00000085;0.02547394;0.43587824;1.06158326;0.02547563;0.45279614;1.10263110;-0.02547394;0.00636469;0.41050358;0.99940697;
8.05222207;0.02547393;0.41050385;1.00000085;0.02547393;0.43587815;1.06158325;0.02547562;0.45279605;1.10263108;-0.02547393;0.00636468;0.41050350;0.99940697;
8.05222209;0.02547390;0.41050369;1.00000085;0.02547390;0.43587798;1.06158323;0.02547559;0.45279586;1.10263104;-0.02547390;0.00636468;0.41050334;0.99940697;
8.05222213;0.02547385;0.41050338;1.00000085;0.02547385;0.43587763;1.06158318;0.02547554;0.45279548;1.10263096;-0.02547385;0.00636466;0.41050303;0.99940698;
8.05222221;0.02547375;0.41050275;1.00000085;0.02547375;0.43587692;1.06158309;0.02547544;0.45279473;1.10263081;-0.02547375;0.00636464;0.41050240;0.99940698;
8.05222237;0.02547354;0.41050150;1.00000085;0.02547354;0.43587552;1.06158290;0.02547523;0.45279322;1.10263050;-0.02547354;0.00636459;0.41050115;0.99940698;
8.05222269;0.02547313;0.41049900;1.00000085;0.02547313;0.43587270;1.06158252;0.02547482;0.45279020;1.10262987;-0.02547313;0.00636448;0.41049865;0.99940699;
8.05222333;0.02547230;0.41049400;1.00000085;0.02547230;0.43586708;1.06158177;0.02547399;0.45278416;1.10262862;-0.02547230;0.00636428;0.41049365;0.99940701;
8.05222461;0.02547065;0.41048399;1.00000085;0.02547065;0.43585583;1.06158027;0.02547234;0.45277207;1.10262612;-0.02547065;0.00636387;0.41048364;0.99940705;
8.05222717;0.02546735;0.41046398;1.00000085;0.02546735;0.43583333;1.06157727;0.02546904;0.45274791;1.10262111;-0.02546735;0.00636304;0.41046363;0.99940712;
8.05223229;0.02546075;0.41042396;1.00000085;0.02546075;0.43578833;1.06157126;0.02546244;0.45269960;1.10261111;-0.02546075;0.00636139;0.41042361;0.99940727;
8.05224253;0.02544756;0.41034395;1.00000085;0.02544756;0.43569837;1.06155925;0.02544925;0.45260301;1.10259111;-0.02544756;0.00635809;0.41034361;0.99940757;
8.05226301;0.02542119;0.41018404;1.00000085;0.02542119;0.43551857;1.06153525;0.02542288;0.45240995;1.10255113;-0.02542119;0.00635150;0.41018369;0.99940817;
8.05230397;0.02536853;0.40986460;1.00000085;0.02536853;0.43515944;1.06148731;0.02537022;0.45202435;1.10247126;-0.02536853;0.00633834;0.40986425;0.99940936;
8.05238589;0.02526355;0.40922731;1.00000085;0.02526355;0.43444306;1.06139166;0.02526523;0.45125523;1.10231193;-0.02526355;0.00631210;0.40922696;0.99941173;
8.05254973;0.02505487;0.40795914;1.00000084;0.02505487;0.43301785;1.06120132;0.02505654;0.44972534;1.10199487;-0.02505487;0.00625994;0.40795879;0.99941644;
8.05287741;0.02464264;0.40544872;1.00000084;0.02464264;0.43019806;1.06082453;0.02464429;0.44669928;1.10136723;-0.02464264;0.00615690;0.40544837;0.99942576;
8.05353277;0.02383823;0.40053399;1.00000083;0.02383823;0.42468332;1.06008691;0.02383984;0.44078447;1.10013849;-0.02383823;0.00595584;0.40053366;0.99944394;
8.05484349;0.02230617;0.39114385;1.00000081;0.02230617;0.41416747;1.05867762;0.02230771;0.42951809;1.09779082;-0.02230617;0.00557290;0.39114353;0.99947864;
8.05746493;0.01952435;0.37418130;1.00000077;0.01952435;0.39524020;1.05613199;0.01952576;0.40928086;1.09354996;-0.01952435;0.00487758;0.37418101;0.99954212;
8.06270781;0.01491733;0.34737282;1.00000072;0.01491733;0.36550635;1.05210898;0.01491854;0.37759659;1.08684748;-0.01491733;0.00372604;0.34737257;0.99964902;
8.06795069;0.01138261;0.32931521;1.00000068;0.01138261;0.34559773;1.04939930;0.01138369;0.35646078;1.08233283;-0.01138261;0.00284250;0.32931499;0.99973272;
8.07315704;0.00869993;0.31862814;1.00000066;0.00869993;0.33385537;1.04779563;0.00870095;0.34402901;1.07966091;-0.00869993;0.00217190;0.31862793;0.99979711;
8.07315704;0.00870218;0.31862786;1.00000066;0.00870218;0.33386776;1.04779562;0.00870319;0.34402870;1.07966084;-0.00870218;0.00217246;0.31862765;0.99979711;
8.07315705;0.00870217;0.31862785;1.00000066;0.00870217;0.33386774;1.04779562;0.00870319;0.34402869;1.07966084;-0.00870217;0.00217246;0.31862764;0.99979711;
8.07315706;0.00870217;0.31862783;1.00000066;0.00870217;0.33386773;1.04779562;0.00870318;0.34402867;1.07966084;-0.00870217;0.00217246;0.31862762;0.99979711;
8.07315708;0.00870216;0.31862781;1.00000066;0.00870216;0.33386770;1.04779561;0.00870317;0.34402864;1.07966083;-0.00870216;0.00217246;0.31862760;0.99979711;
8.07315712;0.00870214;0.31862775;1.00000066;0.00870214;0.33386764;1.04779560;0.00870316;0.34402858;1.07966082;-0.00870214;0.00217245;0.31862754;0.99979711;
8.07315720;0.00870211;0.31862764;1.00000066;0.00870211;0.33386752;1.04779559;0.00870312;0.34402845;1.07966079;-0.00870211;0.00217245;0.31862743;0.99979711;
8.07315736;0.00870204;0.31862743;1.00000066;0.00870204;0.33386728;1.04779555;0.00870305;0.34402820;1.07966074;-0.00870204;0.00217243;0.31862722;0.99979711;
8.07315768;0.00870190;0.31862699;1.00000066;0.00870190;0.33386681;1.04779549;0.00870291;0.34402770;1.07966063;-0.00870190;0.00217239;0.31862678;0.99979711;
8.07315832;0.00870162;0.31862612;1.00000066;0.00870162;0.33386585;1.04779536;0.00870263;0.34402669;1.07966041;-0.00870162;0.00217232;0.31862591;0.99979712;
8.07315960;0.00870106;0.31862439;1.00000066;0.00870106;0.33386395;1.04779510;0.00870207;0.34402467;1.07965998;-0.00870106;0.00217218;0.31862418;0.99979713;
8.07316216;0.00869994;0.31862092;1.00000066;0.00869994;0.33386014;1.04779458;0.00870096;0.34402064;1.07965911;-0.00869994;0.00217190;0.31862071;0.99979716;
8.07316728;0.00869771;0.31861397;1.00000066;0.00869771;0.33385253;1.04779354;0.00869872;0.34401259;1.07965737;-0.00869771;0.00217135;0.31861376;0.99979722;
8.07317752;0.00869324;0.31860011;1.00000066;0.00869324;0.33383733;1.04779145;0.00869426;0.34399649;1.07965391;-0.00869324;0.00217023;0.31859990;0.99979732;
8.07319800;0.00868432;0.31857245;1.00000066;0.00868432;0.33380700;1.04778730;0.00868534;0.34396438;1.07964699;-0.00868432;0.00216800;0.31857224;0.99979754;
8.07323896;0.00866650;0.31851738;1.00000066;0.00866650;0.33374662;1.04777904;0.00866752;0.34390047;1.07963322;-0.00866650;0.00216355;0.31851717;0.99979797;
8.07332088;0.00863098;0.31840828;1.00000066;0.00863098;0.33362701;1.04776267;0.00863199;0.34377385;1.07960595;-0.00863098;0.00215467;0.31840807;0.99979883;
8.07348472;0.00856038;0.31819420;1.00000066;0.00856038;0.33339231;1.04773054;0.00856139;0.34352539;1.07955242;-0.00856038;0.00213702;0.31819399;0.99980054;
8.07381240;0.00842092;0.31778210;1.00000066;0.00842092;0.33294054;1.04766870;0.00842193;0.34304717;1.07944939;-0.00842092;0.00210215;0.31778189;0.99980392;
8.07446776;0.00814886;0.31701919;1.00000065;0.00814886;0.33210431;1.04755422;0.00814987;0.34216206;1.07925865;-0.00814886;0.00203414;0.31701899;0.99981051;
8.07577848;0.00763086;0.31571686;1.00000065;0.00763086;0.33067715;1.04735878;0.00763186;0.34065167;1.07893305;-0.00763086;0.00190465;0.31571666;0.99982305;
8.07839992;0.00669011;0.31385763;1.00000065;0.00669011;0.32864032;1.04707974;0.00669109;0.33849643;1.07846821;-0.00669011;0.00166947;0.31385743;0.99984580;
8.08364280;0.00512814;0.31223633;1.00000065;0.00512814;0.32686398;1.04683635;0.00512911;0.33661673;1.07806285;-0.00512814;0.00127897;0.31223613;0.99988347;
8.09412856;0.00292912;0.31324573;1.00000065;0.00292912;0.32796543;1.04698757;0.00293010;0.33777954;1.07831519;-0.00292912;0.00072918;0.31324552;0.99993625;
8.10222191;0.00184729;0.31578078;1.00000065;0.00184729;0.33073969;1.04736776;0.00184828;0.34071197;1.07894897;-0.00184729;0.00045869;0.31578057;0.99996202;
8.10222191;0.00184771;0.31578067;1.00000065;0.00184771;0.33073877;1.04736776;0.00184871;0.34071184;1.07894894;-0.00184771;0.00045879;0.31578046;0.99996202;
8.10222192;0.00184771;0.31578067;1.00000065;0.00184771;0.33073878;1.04736776;0.00184871;0.34071185;1.07894894;-0.00184771;0.00045879;0.31578046;0.99996202;
8.10222193;0.00184771;0.31578068;1.00000065;0.00184771;0.33073878;1.04736776;0.00184871;0.34071185;1.07894895;-0.00184771;0.00045879;0.31578047;0.99996202;
8.10222195;0.00184771;0.31578069;1.00000065;0.00184771;0.33073879;1.04736776;0.00184871;0.34071186;1.07894895;-0.00184771;0.00045879;0.31578048;0.99996202;
8.10222199;0.00184771;0.31578070;1.00000065;0.00184771;0.33073882;1.04736776;0.00184870;0.34071189;1.07894895;-0.00184771;0.00045879;0.31578050;0.99996202;
8.10222207;0.00184770;0.31578074;1.00000065;0.00184770;0.33073886;1.04736777;0.00184870;0.34071193;1.07894896;-0.00184770;0.00045879;0.31578054;0.99996202;
8.10222223;0.00184768;0.31578082;1.00000065;0.00184768;0.33073894;1.04736778;0.00184868;0.34071202;1.07894898;-0.00184768;0.00045879;0.31578062;0.99996202;
8.10222255;0.00184765;0.31578098;1.00000065;0.00184765;0.33073912;1.04736781;0.00184865;0.34071221;1.07894902;-0.00184765;0.00045878;0.31578077;0.99996202;
8.10222319;0.00184760;0.31578130;1.00000065;0.00184760;0.33073946;1.04736785;0.00184859;0.34071257;1.07894910;-0.00184760;0.00045876;0.31578109;0.99996203;
8.10222447;0.00184748;0.31578193;1.00000065;0.00184748;0.33074015;1.04736795;0.00184848;0.34071330;1.07894926;-0.00184748;0.00045873;0.31578172;0.99996203;
8.10222703;0.00184725;0.31578319;1.00000065;0.00184725;0.33074154;1.04736814;0.00184825;0.34071476;1.07894957;-0.00184725;0.00045868;0.31578298;0.99996204;
8.10223215;0.00184682;0.31578571;1.00000065;0.00184682;0.33074430;1.04736852;0.00184781;0.34071769;1.07895021;-0.00184682;0.00045857;0.31578551;0.99996206;
8.10224239;0.00184600;0.31579076;1.00000065;0.00184600;0.33074982;1.04736927;0.00184700;0.34072353;1.07895147;-0.00184600;0.00045836;0.31579055;0.99996214;
8.10226287;0.00184462;0.31580085;1.00000065;0.00184462;0.33076087;1.04737079;0.00184562;0.34073521;1.07895399;-0.00184462;0.00045802;0.31580064;0.99996240;
8.10230383;0.00184287;0.31582101;1.00000065;0.00184287;0.33078294;1.04737381;0.00184387;0.34075855;1.07895903;-0.00184287;0.00045758;0.31582080;0.99996336;
8.10238575;0.00184355;0.31586125;1.00000065;0.00184355;0.33082699;1.04737985;0.00184454;0.34080515;1.07896909;-0.00184355;0.00045775;0.31586104;0.99996694;
8.10254959;0.00186238;0.31594142;1.00000065;0.00186238;0.33091477;1.04739187;0.00186338;0.34089800;1.07898914;-0.00186238;0.00046246;0.31594122;0.99998046;
8.10287727;0.00197574;0.31610054;1.00000065;0.00197574;0.33108904;1.04741575;0.00197674;0.34108237;1.07902892;-0.00197574;0.00049080;0.31610034;1.00003035;
8.10353263;0.00253933;0.31641385;1.00000065;0.00253933;0.33143246;1.04746277;0.00254033;0.34144586;1.07910725;-0.00253933;0.00063170;0.31641364;1.00020363;
8.10484335;0.00514426;0.31702034;1.00000065;0.00514426;0.33209957;1.04755396;0.00514527;0.34215340;1.07925891;-0.00514426;0.00128296;0.31702013;1.00073364;
8.10746479;0.01606336;0.31814305;1.00000066;0.01606336;0.33336398;1.04772485;0.01606438;0.34351228;1.07953971;-0.01606336;0.00401285;0.31814284;1.00200552;
8.11008623;0.03355502;0.31910785;1.00000066;0.03355502;0.33455676;1.04787929;0.03355605;0.34484778;1.07978109;-0.03355502;0.00838597;0.31910763;1.00319475;
8.11251478;0.05402861;0.31980738;1.00000066;0.05402861;0.33560889;1.04800466;0.05402966;0.34610736;1.07995619;-0.05402861;0.01350461;0.31980716;1.00400000;
8.11251478;0.05402831;0.31982036;1.00000066;0.05402831;0.33560131;1.04800502;0.05402936;0.34612241;1.07995944;-0.05402831;0.01350453;0.31982014;1.00400014;
8.11251479;0.05402840;0.31982036;1.00000066;0.05402840;0.33560096;1.04800502;0.05402945;0.34612241;1.07995944;-0.05402840;0.01350455;0.31982015;1.00400013;
8.11251480;0.05402850;0.31982037;1.00000066;0.05402850;0.33560097;1.04800502;0.05402955;0.34612242;1.07995944;-0.05402850;0.01350458;0.31982015;1.00400013;
8.11251482;0.05402868;0.31982037;1.00000066;0.05402868;0.33560100;1.04800502;0.05402973;0.34612243;1.07995944;-0.05402868;0.01350462;0.31982015;1.00400014;
8.11251486;0.05402906;0.31982038;1.00000066;0.05402906;0.33560099;1.04800502;0.05403011;0.34612245;1.07995944;-0.05402906;0.01350472;0.31982016;1.00400015;
8.11251494;0.05402980;0.31982040;1.00000066;0.05402980;0.33560103;1.04800503;0.05403085;0.34612250;1.07995945;-0.05402980;0.01350490;0.31982018;1.00400017;
8.11251510;0.05403129;0.31982044;1.00000066;0.05403129;0.33560109;1.04800503;0.05403235;0.34612258;1.07995946;-0.05403129;0.01350528;0.31982022;1.00400022;
8.11251542;0.05403428;0.31982052;1.00000066;0.05403428;0.33560123;1.04800505;0.05403533;0.34612275;1.07995948;-0.05403428;0.01350602;0.31982030;1.00400031;
8.11251606;0.05404025;0.31982068;1.00000066;0.05404025;0.33560150;1.04800508;0.05404130;0.34612310;1.07995951;-0.05404025;0.01350752;0.31982046;1.00400048;
8.11251734;0.05405219;0.31982100;1.00000066;0.05405219;0.33560204;1.04800514;0.05405324;0.34612379;1.07995959;-0.05405219;0.01351050;0.31982078;1.00400084;
8.11251990;0.05407608;0.31982163;1.00000066;0.05407608;0.33560313;1.04800527;0.05407713;0.34612518;1.07995975;-0.05407608;0.01351647;0.31982142;1.00400155;
8.11252152;0.05409124;0.31982204;1.00000066;0.05409124;0.33560382;1.04800534;0.05409229;0.34612605;1.07995985;-0.05409124;0.01352026;0.31982182;1.00400200;
8.11252153;0.05409133;0.31982204;1.00000066;0.05409133;0.33560382;1.04800534;0.05409238;0.34612606;1.07995986;-0.05409133;0.01352029;0.31982182;1.00400200;
8.11252154;0.05409143;0.31982204;1.00000066;0.05409143;0.33560382;1.04800534;0.05409248;0.34612606;1.07995986;-0.05409143;0.01352031;0.31982182;1.00400201;
8.11252156;0.05409161;0.31982205;1.00000066;0.05409161;0.33560383;1.04800535;0.05409266;0.34612607;1.07995986;-0.05409161;0.01352036;0.31982183;1.00400201;
8.11252160;0.05409199;0.31982206;1.00000066;0.05409199;0.33560385;1.04800535;0.05409304;0.34612610;1.07995986;-0.05409199;0.01352045;0.31982184;1.00400202;
8.11252168;0.05409273;0.31982208;1.00000066;0.05409273;0.33560388;1.04800535;0.05409378;0.34612614;1.07995986;-0.05409273;0.01352064;0.31982186;1.00400204;
8.11252184;0.05409422;0.31982212;1.00000066;0.05409422;0.33560395;1.04800536;0.05409528;0.34612623;1.07995987;-0.05409422;0.01352101;0.31982190;1.00400209;
8.11252216;0.05409721;0.31982220;1.00000066;0.05409721;0.33560409;1.04800537;0.05409826;0.34612640;1.07995989;-0.05409721;0.01352176;0.31982198;1.00400218;
8.11252280;0.05410318;0.31982235;1.00000066;0.05410318;0.33560436;1.04800540;0.05410424;0.34612674;1.07995993;-0.05410318;0.01352325;0.31982214;1.00400235;
8.11252408;0.05411513;0.31982267;1.00000066;0.05411513;0.33560490;1.04800547;0.05411618;0.34612744;1.07996001;-0.05411513;0.01352624;0.31982245;1.00400271;
8.11252664;0.05413902;0.31982331;1.00000066;0.05413902;0.33560598;1.04800559;0.05414007;0.34612882;1.07996017;-0.05413902;0.01353221;0.31982309;1.00400342;
8.11253176;0.05418682;0.31982458;1.00000066;0.05418682;0.33560815;1.04800584;0.05418787;0.34613159;1.07996049;-0.05418682;0.01354416;0.31982436;1.00400483;
8.11254200;0.05428244;0.31982711;1.00000066;0.05428244;0.33561249;1.04800633;0.05428349;0.34613712;1.07996113;-0.05428244;0.01356807;0.31982690;1.00400766;
8.11256248;0.05447383;0.31983217;1.00000066;0.05447383;0.33562115;1.04800731;0.05447488;0.34614820;1.07996239;-0.05447383;0.01361592;0.31983196;1.00401329;
8.11260344;0.05485713;0.31984225;1.00000066;0.05485713;0.33563848;1.04800927;0.05485819;0.34617036;1.07996491;-0.05485713;0.01371175;0.31984203;1.00402446;
8.11268536;0.05562586;0.31986220;1.00000066;0.05562586;0.33567309;1.04801317;0.05562692;0.34621473;1.07996991;-0.05562586;0.01390394;0.31986198;1.00404641;
8.11284920;0.05717148;0.31990133;1.00000066;0.05717148;0.33574213;1.04802092;0.05717253;0.34630372;1.07997971;-0.05717148;0.01429036;0.31990112;1.00408883;
8.11317688;0.06029306;0.31997647;1.00000066;0.06029306;0.33587948;1.04803612;0.06029412;0.34648255;1.07999853;-0.06029306;0.01507079;0.31997625;1.00416801;
8.11383224;0.06664113;0.32011397;1.00000066;0.06664113;0.33615105;1.04806540;0.06664220;0.34684350;1.08003297;-0.06664113;0.01665789;0.32011375;1.00430561;
8.11514296;0.07964889;0.32033618;1.00000066;0.07964889;0.33668004;1.04811915;0.07964998;0.34757704;1.08008865;-0.07964889;0.01990998;0.32033596;1.00451163;
8.11776440;0.10633698;0.32056191;1.00000066;0.10633698;0.33767201;1.04820628;0.10633813;0.34907988;1.08014535;-0.10633698;0.02658232;0.32056167;1.00473496;
8.12300728;0.16036283;0.32012945;1.00000066;0.16036283;0.33935929;1.04829606;0.16036411;0.35218047;1.08003776;-0.16036283;0.04008944;0.32012919;1.00483463;
8.12825016;0.21426374;0.31853008;1.00000066;0.21426374;0.34065118;1.04827406;0.21426522;0.35537409;1.07963843;-0.21426374;0.05356534;0.31852977;1.00474826;
8.13349304;0.26763284;0.31585968;1.00000065;0.26763284;0.34158185;1.04814957;0.26763455;0.35871001;1.07897132;-0.26763284;0.06690828;0.31585933;1.00466752;
8.13873592;0.32063399;0.31219818;1.00000065;0.32063399;0.34223164;1.04793404;0.32063599;0.36226858;1.07805641;-0.32063399;0.08015924;0.31219777;1.00463356;
8.14397880;0.37348843;0.30759171;1.00000064;0.37348843;0.34269377;1.04763738;0.37349077;0.36612054;1.07690525;-0.37348843;0.09337354;0.30759122;1.00463122;
8.14922168;0.42630917;0.30210325;1.00000062;0.42630917;0.34304548;1.04726956;0.42631190;0.37035737;1.07553358;-0.42630917;0.10657941;0.30210269;1.00463984;
8.15549726;0.48949521;0.29448823;1.00000061;0.48949521;0.34343544;1.04675198;0.48949847;0.37607361;1.07363034;-0.48949521;0.12237676;0.29448755;1.00464727;
8.15549727;0.48950049;0.29448530;1.00000061;0.48950049;0.34343509;1.04675177;0.48950376;0.37607154;1.07362960;-0.48950049;0.12237808;0.29448462;1.00464703;
8.15549728;0.48950059;0.29448529;1.00000061;0.48950059;0.34343509;1.04675177;0.48950386;0.37607155;1.07362960;-0.48950059;0.12237811;0.29448461;1.00464703;
8.15549730;0.48950048;0.29448544;1.00000061;0.48950048;0.34343511;1.04675178;0.48950374;0.37607170;1.07362964;-0.48950048;0.12237808;0.29448476;1.00464705;
8.15549734;0.48950120;0.29448521;1.00000061;0.48950120;0.34343509;1.04675177;0.48950446;0.37607161;1.07362958;-0.48950120;0.12237826;0.29448453;1.00464703;
8.15549742;0.48950200;0.29448510;1.00000061;0.48950200;0.34343510;1.04675176;0.48950527;0.37607169;1.07362956;-0.48950200;0.12237846;0.29448443;1.00464703;
8.15549758;0.48950361;0.29448489;1.00000061;0.48950361;0.34343510;1.04675175;0.48950688;0.37607184;1.07362950;-0.48950361;0.12237887;0.29448422;1.00464703;
8.15549790;0.48950684;0.29448447;1.00000061;0.48950684;0.34343512;1.04675172;0.48951010;0.37607215;1.07362940;-0.48950684;0.12237967;0.29448380;1.00464703;
8.15549854;0.48951328;0.29448363;1.00000061;0.48951328;0.34343515;1.04675166;0.48951654;0.37607276;1.07362919;-0.48951328;0.12238128;0.29448296;1.00464703;
8.15549982;0.48952616;0.29448195;1.00000061;0.48952616;0.34343521;1.04675154;0.48952943;0.37607399;1.07362877;-0.48952616;0.12238450;0.29448128;1.00464704;
8.15550238;0.48955193;0.29447859;1.00000061;0.48955193;0.34343534;1.04675131;0.48955519;0.37607644;1.07362793;-0.48955193;0.12239094;0.29447792;1.00464704;
8.15550750;0.48960347;0.29447187;1.00000061;0.48960347;0.34343560;1.04675085;0.48960673;0.37608134;1.07362625;-0.48960347;0.12240383;0.29447119;1.00464705;
8.15551774;0.48970654;0.29445842;1.00000061;0.48970654;0.34343610;1.04674992;0.48970981;0.37609115;1.07362289;-0.48970654;0.12242960;0.29445775;1.00464707;
8.15553822;0.48991269;0.29443152;1.00000061;0.48991269;0.34343712;1.04674807;0.48991596;0.37611078;1.07361616;-0.48991269;0.12248114;0.29443085;1.00464711;
8.15557918;0.49032498;0.29437769;1.00000061;0.49032498;0.34343915;1.04674435;0.49032826;0.37615006;1.07360271;-0.49032498;0.12258422;0.29437701;1.00464720;
8.15566110;0.49114957;0.29426988;1.00000061;0.49114957;0.34344322;1.04673692;0.49115285;0.37622872;1.07357576;-0.49114957;0.12279038;0.29426920;1.00464736;
8.15582494;0.49279875;0.29405370;1.00000061;0.49279875;0.34345137;1.04672201;0.49280204;0.37638644;1.07352173;-0.49279875;0.12320269;0.29405302;1.00464768;
8.15615262;0.49609704;0.29361913;1.00000061;0.49609704;0.34346774;1.04669205;0.49610037;0.37670347;1.07341311;-0.49609704;0.12402731;0.29361844;1.00464826;
8.15680798;0.50269333;0.29274112;1.00000060;0.50269333;0.34350075;1.04663150;0.50269671;0.37734388;1.07319366;-0.50269333;0.12567647;0.29274042;1.00464928;
8.15811870;0.51588387;0.29094992;1.00000060;0.51588387;0.34356807;1.04650796;0.51588738;0.37865033;1.07274597;-0.51588387;0.12897428;0.29094920;1.00465081;
8.16074014;0.54225293;0.28722844;1.00000059;0.54225293;0.34370914;1.04625132;0.54225670;0.38136670;1.07181580;-0.54225293;0.13556690;0.28722767;1.00465264;
8.16598302;0.59492939;0.27923615;1.00000058;0.59492939;0.34402315;1.04570074;0.59493371;0.38721880;1.06981813;-0.59492939;0.14873673;0.27923526;1.00465446;
8.17646878;0.70000237;0.26106485;1.00000054;0.70000237;0.34478849;1.04445157;0.70000795;0.40060983;1.06527608;-0.70000237;0.17500643;0.26106370;1.00465789;
8.18695454;0.79371151;0.24168265;1.00000050;0.79371151;0.34527814;1.04309389;0.79371840;0.41378647;1.06043116;-0.79371151;0.19843504;0.24168122;1.00402797;
8.18727946;0.79631573;0.24111356;1.00000050;0.79631573;0.34528104;1.04305318;0.79632265;0.41418393;1.06028890;-0.79631573;0.19908613;0.24111213;1.00400200;
8.18727946;0.79635404;0.24131964;1.00000050;0.79635404;0.34518339;1.04306055;0.79636096;0.41443013;1.06034043;-0.79635404;0.19909571;0.24131821;1.00400972;
8.18727947;0.79635410;0.24131963;1.00000050;0.79635410;0.34518216;1.04306088;0.79636103;0.41443014;1.06034043;-0.79635410;0.19909572;0.24131820;1.00400183;
8.18727948;0.79635416;0.24131962;1.00000050;0.79635416;0.34518188;1.04306095;0.79636109;0.41443015;1.06034042;-0.79635416;0.19909574;0.24131819;1.00400000;
8.18727949;0.79635425;0.24131960;1.00000050;0.79635425;0.34518178;1.04306098;0.79636117;0.41443016;1.06034042;-0.79635425;0.19909576;0.24131817;1.00399938;
8.18727950;0.79635433;0.24131958;1.00000050;0.79635433;0.34518178;1.04306098;0.79636125;0.41443017;1.06034041;-0.79635433;0.19909578;0.24131815;1.00399938;
8.18727951;0.79635441;0.24131956;1.00000050;0.79635441;0.34518178;1.04306098;0.79636134;0.41443018;1.06034041;-0.79635441;0.19909580;0.24131813;1.00399938;
8.18727953;0.79635458;0.24131952;1.00000050;0.79635458;0.34518178;1.04306097;0.79636150;0.41443021;1.06034040;-0.79635458;0.19909584;0.24131809;1.00399938;
8.18727957;0.79635491;0.24131945;1.00000050;0.79635491;0.34518178;1.04306097;0.79636184;0.41443026;1.06034038;-0.79635491;0.19909592;0.24131802;1.00399937;
8.18727965;0.79635558;0.24131930;1.00000050;0.79635558;0.34518178;1.04306096;0.79636251;0.41443036;1.06034034;-0.79635558;0.19909609;0.24131787;1.00399936;
8.18727981;0.79635692;0.24131901;1.00000050;0.79635692;0.34518178;1.04306094;0.79636384;0.41443056;1.06034027;-0.79635692;0.19909642;0.24131758;1.00399935;
8.18728013;0.79635958;0.24131842;1.00000050;0.79635958;0.34518179;1.04306089;0.79636651;0.41443096;1.06034012;-0.79635958;0.19909709;0.24131699;1.00399932;
8.18728077;0.79636492;0.24131724;1.00000050;0.79636492;0.34518180;1.04306081;0.79637184;0.41443176;1.06033983;-0.79636492;0.19909843;0.24131581;1.00399926;
8.18728205;0.79637559;0.24131488;1.00000050;0.79637559;0.34518182;1.04306064;0.79638252;0.41443337;1.06033924;-0.79637559;0.19910109;0.24131345;1.00399914;
8.18728461;0.79639694;0.24131016;1.00000050;0.79639694;0.34518185;1.04306030;0.79640386;0.41443658;1.06033806;-0.79639694;0.19910643;0.24130873;1.00399891;
8.18728973;0.79643962;0.24130072;1.00000050;0.79643962;0.34518193;1.04305963;0.79644655;0.41444299;1.06033570;-0.79643962;0.19911710;0.24129928;1.00399844;
8.18729997;0.79652498;0.24128183;1.00000050;0.79652498;0.34518207;1.04305828;0.79653190;0.41445583;1.06033098;-0.79652498;0.19913844;0.24128040;1.00399750;
8.18732045;0.79669564;0.24124407;1.00000050;0.79669564;0.34518237;1.04305559;0.79670257;0.41448149;1.06032154;-0.79669564;0.19918111;0.24124264;1.00399564;
8.18736141;0.79703678;0.24116857;1.00000050;0.79703678;0.34518295;1.04305020;0.79704371;0.41453281;1.06030266;-0.79703678;0.19926640;0.24116714;1.00399193;
8.18744333;0.79771828;0.24101762;1.00000050;0.79771828;0.34518411;1.04303943;0.79772523;0.41463538;1.06026493;-0.79771828;0.19943679;0.24101619;1.00398460;
8.18760717;0.79907821;0.24071597;1.00000050;0.79907821;0.34518639;1.04301790;0.79908518;0.41484030;1.06018953;-0.79907821;0.19977679;0.24071453;1.00397031;
8.18793485;0.80178581;0.24011359;1.00000050;0.80178581;0.34519074;1.04297490;0.80179282;0.41524918;1.06003895;-0.80178581;0.20045373;0.24011215;1.00394289;
8.18859021;0.80715127;0.23891276;1.00000049;0.80715127;0.34519853;1.04288910;0.80715835;0.41606279;1.05973878;-0.80715127;0.20179517;0.23891130;1.00389101;
8.18990093;0.81766927;0.23652971;1.00000049;0.81766927;0.34520900;1.04271846;0.81767651;0.41766911;1.05914308;-0.81766927;0.20442482;0.23652821;1.00378992;
8.19252237;0.83770499;0.23187278;1.00000048;0.83770499;0.34519987;1.04238278;0.83771254;0.42075881;1.05797898;-0.83770499;0.20943404;0.23187122;1.00356567;
8.19776525;0.87301469;0.22324631;1.00000046;0.87301469;0.34504524;1.04175076;0.87302281;0.42625264;1.05582258;-0.87301469;0.21826197;0.22324464;1.00301774;
8.20300813;0.90173278;0.21578297;1.00000045;0.90173278;0.34473809;1.04119115;0.90174138;0.43071245;1.05395692;-0.90173278;0.22544192;0.21578119;1.00241265;
8.21349389;0.94273655;0.20457517;1.00000042;0.94273655;0.34416554;1.04034223;0.94274585;0.43723508;1.05115521;-0.94273655;0.23569347;0.20457325;1.00142024;
8.21615377;0.95050589;0.20243435;1.00000042;0.95050589;0.34407353;1.04018127;0.95051534;0.43855387;1.05062005;-0.95050589;0.23763592;0.20243239;1.00122313;
8.21615377;0.95050095;0.20241691;1.00000042;0.95050095;0.34408077;1.04018056;0.95051040;0.43853232;1.05061569;-0.95050095;0.23763468;0.20241496;1.00122227;
8.21615378;0.95050098;0.20241690;1.00000042;0.95050098;0.34408049;1.04018049;0.95051042;0.43853233;1.05061569;-0.95050098;0.23763469;0.20241495;1.00122334;
8.21615379;0.95050100;0.20241690;1.00000042;0.95050100;0.34408049;1.04018049;0.95051045;0.43853233;1.05061568;-0.95050100;0.23763470;0.20241494;1.00122334;
8.21615381;0.95050105;0.20241688;1.00000042;0.95050105;0.34408051;1.04018049;0.95051049;0.43853234;1.05061568;-0.95050105;0.23763471;0.20241493;1.00122327;
8.21615385;0.95050115;0.20241685;1.00000042;0.95050115;0.34408049;1.04018048;0.95051059;0.43853235;1.05061567;-0.95050115;0.23763473;0.20241490;1.00122333;
8.21615393;0.95050134;0.20241680;1.00000042;0.95050134;0.34408048;1.04018048;0.95051079;0.43853238;1.05061566;-0.95050134;0.23763478;0.20241485;1.00122333;
8.21615409;0.95050173;0.20241668;1.00000042;0.95050173;0.34408047;1.04018047;0.95051117;0.43853244;1.05061563;-0.95050173;0.23763488;0.20241473;1.00122331;
8.21615441;0.95050250;0.20241646;1.00000042;0.95050250;0.34408045;1.04018045;0.95051195;0.43853256;1.05061557;-0.95050250;0.23763507;0.20241451;1.00122329;
8.21615505;0.95050406;0.20241600;1.00000042;0.95050406;0.34408042;1.04018042;0.95051350;0.43853280;1.05061546;-0.95050406;0.23763546;0.20241405;1.00122324;
8.21615633;0.95050716;0.20241510;1.00000042;0.95050716;0.34408034;1.04018035;0.95051660;0.43853328;1.05061523;-0.95050716;0.23763623;0.20241315;1.00122314;
8.21615889;0.95051336;0.20241329;1.00000042;0.95051336;0.34408019;1.04018020;0.95052281;0.43853423;1.05061478;-0.95051336;0.23763779;0.20241134;1.00122294;
8.21616401;0.95052576;0.20240967;1.00000042;0.95052576;0.34407989;1.04017992;0.95053521;0.43853614;1.05061388;-0.95052576;0.23764089;0.20240772;1.00122254;
8.21617425;0.95055056;0.20240243;1.00000042;0.95055056;0.34407928;1.04017936;0.95056000;0.43853996;1.05061207;-0.95055056;0.23764709;0.20240048;1.00122175;
8.21619473;0.95060010;0.20238797;1.00000042;0.95060010;0.34407807;1.04017823;0.95060955;0.43854758;1.05060845;-0.95060010;0.23765947;0.20238602;1.00122017;
8.21623569;0.95069900;0.20235911;1.00000042;0.95069900;0.34407566;1.04017597;0.95070845;0.43856281;1.05060124;-0.95069900;0.23768420;0.20235716;1.00121701;
8.21631761;0.95089606;0.20230161;1.00000042;0.95089606;0.34407089;1.04017148;0.95090551;0.43859318;1.05058687;-0.95089606;0.23773347;0.20229966;1.00121072;
8.21648145;0.95128725;0.20218751;1.00000042;0.95128725;0.34406147;1.04016258;0.95129670;0.43865357;1.05055834;-0.95128725;0.23783127;0.20218556;1.00119828;
8.21680913;0.95205813;0.20196282;1.00000042;0.95205813;0.34404325;1.04014506;0.95206760;0.43877301;1.05050217;-0.95205813;0.23802400;0.20196086;1.00117391;
8.21746449;0.95355581;0.20152715;1.00000042;0.95355581;0.34400931;1.04011120;0.95356531;0.43900692;1.05039326;-0.95355581;0.23839844;0.20152519;1.00112722;
8.21877521;0.95638840;0.20070776;1.00000041;0.95638840;0.34395200;1.04004798;0.95639795;0.43945770;1.05018843;-0.95638840;0.23910663;0.20070579;1.00104141;
8.22139665;0.96149198;0.19925592;1.00000041;0.96149198;0.34388127;1.03993817;0.96150162;0.44030780;1.04982550;-0.96149198;0.24038260;0.19925393;1.00089538;
8.22663953;0.96994515;0.19696435;1.00000041;0.96994515;0.34390251;1.03977442;0.96995495;0.44187109;1.04925266;-0.96994515;0.24249602;0.19696233;1.00067449;
8.23712529;0.98200975;0.19407798;1.00000040;0.98200975;0.34437927;1.03960059;0.98201977;0.44459015;1.04853114;-0.98200975;0.24551235;0.19407591;1.00038642;
8.24761105;0.98934247;0.19278039;1.00000040;0.98934247;0.34516988;1.03956402;0.98935263;0.44678105;1.04820679;-0.98934247;0.24734563;0.19277829;1.00022076;
8.25809681;0.99359399;0.19237568;1.00000040;0.99359399;0.34600433;1.03959502;0.99360423;0.44844508;1.04810565;-0.99359399;0.24840856;0.19237357;1.00011637;
8.26858257;0.99581028;0.19244107;1.00000040;0.99581028;0.34673658;1.03965256;0.99582057;0.44961907;1.04812202;-0.99581028;0.24896266;0.19243895;1.00004714;
8.28955409;0.99689380;0.19317142;1.00000040;0.99689380;0.34783816;1.03978471;0.99690411;0.45095964;1.04830462;-0.99689380;0.24923355;0.19316929;0.99995605;
8.31052561;0.99464013;0.19457125;1.00000040;0.99464013;0.34864621;1.03994395;0.99465040;0.45137305;1.04865457;-0.99464013;0.24867009;0.19456912;0.99990423;
8.33149713;0.99017974;0.19648740;1.00000041;0.99017974;0.34934841;1.04013277;0.99018993;0.45126319;1.04913360;-0.99017974;0.24755492;0.19648529;0.99986783;
8.35246865;0.98406723;0.19884909;1.00000041;0.98406723;0.35004019;1.04035293;0.98407731;0.45084128;1.04972399;-0.98406723;0.24602669;0.19884701;0.99983738;
8.37344017;0.97659459;0.20158444;1.00000042;0.97659459;0.35074203;1.04060069;0.97660454;0.45018750;1.05040780;-0.97659459;0.24415842;0.20158239;0.99981056;
8.39441169;0.96796819;0.20461816;1.00000042;0.96796819;0.35144456;1.04086994;0.96797798;0.44933550;1.05116618;-0.96796819;0.24200168;0.20461614;0.99978745;
8.43635473;0.94825673;0.21124548;1.00000044;0.94825673;0.35281768;1.04144628;0.94826616;0.44720858;1.05282291;-0.94825673;0.23707351;0.21124353;0.99975344;
8.47829777;0.92618646;0.21832187;1.00000045;0.92618646;0.35415117;1.04205174;0.92619551;0.44470217;1.05459190;-0.92618646;0.23155561;0.21832000;0.99973507;
8.52024081;0.90296605;0.22550147;1.00000047;0.90296605;0.35544888;1.04266170;0.90297472;0.44205959;1.05638667;-0.90296605;0.22575015;0.22549968;0.99972997;
8.56218385;0.87961095;0.23252647;1.00000048;0.87961095;0.35671633;1.04325803;0.87961922;0.43948054;1.05814279;-0.87961095;0.21991102;0.23252475;0.99973505;
8.60412689;0.85689903;0.23921104;1.00000049;0.85689903;0.35795833;1.04382773;0.85690695;0.43709323;1.05981381;-0.85689903;0.21423271;0.23920941;0.99974743;
8.68801297;0.81574636;0.25110378;1.00000052;0.81574636;0.36037795;1.04485563;0.81575364;0.43323468;1.06278676;-0.81574636;0.20394392;0.25110227;0.99978273;
8.77189905;0.78118326;0.26095771;1.00000054;0.78118326;0.36271850;1.04573062;0.78119004;0.43055087;1.06525004;-0.78118326;0.19530263;0.26095631;0.99982503;
8.85578513;0.75376462;0.26890280;1.00000056;0.75376462;0.36498247;1.04646261;0.75377103;0.42902648;1.06723615;-0.75376462;0.18844756;0.26890148;0.99986674;
8.93967121;0.73313972;0.27519860;1.00000057;0.73313972;0.36717246;1.04707065;0.73314585;0.42851159;1.06880999;-0.73313972;0.18329102;0.27519733;0.99990370;
9.10744337;0.70713181;0.28421032;1.00000059;0.70713181;0.37133185;1.04801360;0.70713762;0.42941868;1.07106278;-0.70713181;0.17678864;0.28420912;0.99995798;
9.24695397;0.69751531;0.28904260;1.00000060;0.69751531;0.37455590;1.04858999;0.69752101;0.43156644;1.07227082;-0.69751531;0.17438435;0.28904142;0.99998489;
9.38646457;0.69429523;0.29243304;1.00000060;0.69429523;0.37756754;1.04904780;0.69430091;0.43432928;1.07311844;-0.69429523;0.17357926;0.29243187;0.99999913;
9.52597518;0.69436800;0.29499295;1.00000061;0.69436800;0.38036731;1.04943092;0.69437370;0.43729041;1.07375845;-0.69436800;0.17359743;0.29499177;1.00000494;
9.66548578;0.69567711;0.29713301;1.00000061;0.69567711;0.38295991;1.04976915;0.69568283;0.44020223;1.07429350;-0.69567711;0.17392470;0.29713183;1.00000613;
9.80499638;0.69723425;0.29902782;1.00000062;0.69723425;0.38535260;1.05007541;0.69724000;0.44292171;1.07476724;-0.69723425;0.17431398;0.29902663;1.00000508;
10.08401758;0.69890173;0.30226773;1.00000062;0.69890173;0.38924203;1.05058446;0.69890753;0.44723070;1.07557727;-0.69890173;0.17473084;0.30226653;1.00000219;
10.36303879;0.69962169;0.30512927;1.00000063;0.69962169;0.39251553;1.05102233;0.69962751;0.45077851;1.07629270;-0.69962169;0.17491081;0.30512807;1.00000070;
10.64205999;0.69989718;0.30757460;1.00000064;0.69989718;0.39524381;1.05139143;0.69990302;0.45369481;1.07690406;-0.69989718;0.17497966;0.30757339;1.00000005;
11.20010239;0.69999519;0.31099129;1.00000064;0.69999519;0.39899750;1.05190285;0.70000106;0.45767418;1.07775827;-0.69999519;0.17500413;0.31099008;0.99999980;
11.75814480;0.70000217;0.31323065;1.00000065;0.70000217;0.40144847;1.05223718;0.70000805;0.46026546;1.07831814;-0.70000217;0.17500586;0.31322943;0.99999982;
12.31618721;0.69999866;0.31457827;1.00000065;0.69999866;0.40292248;1.05243827;0.70000455;0.46182338;1.07865506;-0.69999866;0.17500497;0.31457706;0.99999989;
13.43227202;0.69999512;0.31588322;1.00000065;0.69999512;0.40434953;1.05263298;0.70000102;0.46333277;1.07898131;-0.69999512;0.17500407;0.31588200;0.99999999;
14.54835683;0.69999795;0.31560575;1.00000065;0.69999795;0.40404605;1.05259161;0.70000385;0.46301249;1.07891194;-0.69999795;0.17500478;0.31560454;1.00000004;
15.99999997;0.69999990;0.31464793;1.00000065;0.69999990;0.40299817;1.05244868;0.70000579;0.46190442;1.07867247;-0.69999990;0.17500528;0.31464671;1.00000007;
15.99999997;0.69999971;0.31464793;1.00000065;0.69999971;0.40300007;1.05244869;0.70000560;0.46190436;1.07867248;-0.69999971;0.17500523;0.31464672;1.00000007;
15.99999998;0.70000019;0.31464788;1.00000065;0.70000019;0.40299830;1.05244868;0.70000608;0.46190447;1.07867247;-0.70000017;0.17500527;0.31464671;0.99999998;
15.99999999;0.70000006;0.31464790;1.00000065;0.70000006;0.40299830;1.05244868;0.70000595;0.46190445;1.07867247;-0.70000005;0.17500527;0.31464671;1.00000002;
16.00000001;0.69999975;0.31464795;1.00000065;0.69999975;0.40299840;1.05244869;0.70000564;0.46190440;1.07867247;-0.69999976;0.17500527;0.31464671;1.00000010;
16.00000005;0.69999924;0.31464804;1.00000065;0.69999924;0.40299827;1.05244869;0.70000513;0.46190432;1.07867247;-0.69999929;0.17500527;0.31464671;1.00000025;
16.00000013;0.69999816;0.31464821;1.00000065;0.69999816;0.40299823;1.05244870;0.70000405;0.46190414;1.07867247;-0.69999829;0.17500527;0.31464671;1.00000055;
16.00000029;0.69999599;0.31464856;1.00000065;0.69999599;0.40299816;1.05244872;0.70000188;0.46190379;1.07867247;-0.69999628;0.17500527;0.31464671;1.00000115;
16.00000061;0.69999165;0.31464927;1.00000065;0.69999165;0.40299802;1.05244876;0.69999754;0.46190308;1.07867247;-0.69999226;0.17500527;0.31464671;1.00000235;
16.00000125;0.69998298;0.31465067;1.00000065;0.69998298;0.40299774;1.05244884;0.69998887;0.46190168;1.07867247;-0.69998422;0.17500527;0.31464671;1.00000475;
16.00000253;0.69996565;0.31465348;1.00000065;0.69996565;0.40299718;1.05244900;0.69997154;0.46189886;1.07867247;-0.69996815;0.17500528;0.31464671;1.00000955;
16.00000509;0.69993101;0.31465910;1.00000065;0.69993101;0.40299605;1.05244932;0.69993690;0.46189324;1.07867247;-0.69993604;0.17500529;0.31464670;1.00001914;
16.00001021;0.69986185;0.31467032;1.00000065;0.69986185;0.40299381;1.05244996;0.69986774;0.46188203;1.07867246;-0.69987194;0.17500535;0.31464666;1.00003831;
16.00002045;0.69972401;0.31469270;1.00000065;0.69972401;0.40298936;1.05245124;0.69972989;0.46185969;1.07867242;-0.69974422;0.17500559;0.31464653;1.00007658;
16.00004093;0.69945022;0.31473717;1.00000065;0.69945022;0.40298057;1.05245378;0.69945610;0.46181539;1.07867229;-0.69949068;0.17500654;0.31464602;1.00015282;
16.00008189;0.69891017;0.31482505;1.00000065;0.69891017;0.40296347;1.05245882;0.69891605;0.46172829;1.07867176;-0.69899114;0.17501033;0.31464402;1.00030415;
16.00016381;0.69785973;0.31499657;1.00000065;0.69785973;0.40293111;1.05246874;0.69786559;0.46156000;1.07866969;-0.69802174;0.17502533;0.31463619;1.00060219;
16.00032765;0.69587366;0.31532327;1.00000065;0.69587366;0.40287349;1.05248792;0.69587950;0.46124614;1.07866163;-0.69619787;0.17508406;0.31460560;1.00118016;
16.00065533;0.69233187;0.31591540;1.00000065;0.69233187;0.40278418;1.05252375;0.69233766;0.46070249;1.07863065;-0.69298080;0.17530919;0.31448818;1.00226622;
16.00124390;0.68723351;0.31679901;1.00000065;0.68723351;0.40269639;1.05258046;0.68723920;0.45996711;1.07853043;-0.68846621;0.17602953;0.31410957;1.00400000;
16.00124391;0.68723342;0.31679885;1.00000065;0.68723342;0.40269643;1.05258045;0.68723914;0.45996721;1.07853045;-0.68846616;0.17602954;0.31410965;1.00400003;
16.00124392;0.68723334;0.31679886;1.00000065;0.68723334;0.40269643;1.05258045;0.68723907;0.45996720;1.07853045;-0.68846610;0.17602956;0.31410964;1.00400006;
16.00124394;0.68723319;0.31679881;1.00000065;0.68723319;0.40269644;1.05258045;0.68723893;0.45996722;1.07853045;-0.68846598;0.17602959;0.31410966;1.00400012;
16.00124398;0.68723291;0.31679894;1.00000065;0.68723291;0.40269642;1.05258045;0.68723864;0.45996714;1.07853044;-0.68846573;0.17602966;0.31410959;1.00400022;
16.00124406;0.68723234;0.31679904;1.00000065;0.68723234;0.40269642;1.05258046;0.68723806;0.45996706;1.07853042;-0.68846523;0.17602978;0.31410952;1.00400044;
16.00124422;0.68723119;0.31679925;1.00000065;0.68723119;0.40269641;1.05258048;0.68723691;0.45996691;1.07853038;-0.68846424;0.17603004;0.31410939;1.00400087;
16.00124454;0.68722888;0.31679966;1.00000065;0.68722888;0.40269639;1.05258050;0.68723461;0.45996659;1.07853031;-0.68846226;0.17603055;0.31410912;1.00400173;
16.00124463;0.68722818;0.31679979;1.00000065;0.68722818;0.40269638;1.05258051;0.68723390;0.45996650;1.07853029;-0.68846165;0.17603070;0.31410904;1.00400200;
16.00124464;0.68722810;0.31679980;1.00000065;0.68722810;0.40269638;1.05258051;0.68723383;0.45996649;1.07853029;-0.68846158;0.17603072;0.31410903;1.00400203;
16.00124465;0.68722803;0.31679982;1.00000065;0.68722803;0.40269638;1.05258051;0.68723376;0.45996648;1.07853029;-0.68846152;0.17603074;0.31410902;1.00400205;
16.00124467;0.68722789;0.31679984;1.00000065;0.68722789;0.40269638;1.05258052;0.68723362;0.45996646;1.07853028;-0.68846140;0.17603077;0.31410900;1.00400211;
16.00124471;0.68722760;0.31679990;1.00000065;0.68722760;0.40269638;1.05258052;0.68723333;0.45996642;1.07853027;-0.68846115;0.17603083;0.31410897;1.00400222;
16.00124479;0.68722703;0.31680000;1.00000065;0.68722703;0.40269637;1.05258053;0.68723275;0.45996634;1.07853025;-0.68846065;0.17603096;0.31410890;1.00400243;
16.00124495;0.68722588;0.31680021;1.00000065;0.68722588;0.40269636;1.05258054;0.68723160;0.45996619;1.07853022;-0.68845966;0.17603121;0.31410877;1.00400286;
16.00124527;0.68722358;0.31680062;1.00000065;0.68722358;0.40269634;1.05258057;0.68722930;0.45996588;1.07853015;-0.68845768;0.17603172;0.31410850;1.00400373;
16.00124591;0.68721898;0.31680145;1.00000065;0.68721898;0.40269630;1.05258062;0.68722470;0.45996526;1.07853001;-0.68845371;0.17603274;0.31410796;1.00400546;
16.00124719;0.68720978;0.31680311;1.00000065;0.68720978;0.40269622;1.05258074;0.68721551;0.45996402;1.07852972;-0.68844579;0.17603478;0.31410689;1.00400891;
16.00124975;0.68719142;0.31680642;1.00000065;0.68719142;0.40269606;1.05258096;0.68719714;0.45996154;1.07852915;-0.68842996;0.17603887;0.31410474;1.00401581;
16.00125487;0.68715476;0.31681303;1.00000065;0.68715476;0.40269574;1.05258141;0.68716049;0.45995661;1.07852801;-0.68839839;0.17604706;0.31410042;1.00402961;
16.00126511;0.68708179;0.31682621;1.00000065;0.68708179;0.40269513;1.05258231;0.68708751;0.45994680;1.07852571;-0.68833557;0.17606352;0.31409174;1.00405713;
16.00128559;0.68693714;0.31685238;1.00000065;0.68693714;0.40269398;1.05258409;0.68694287;0.45992743;1.07852107;-0.68821124;0.17609678;0.31407421;1.00411195;
16.00132655;0.68665302;0.31690398;1.00000065;0.68665302;0.40269195;1.05258762;0.68665874;0.45988964;1.07851159;-0.68796775;0.17616458;0.31403843;1.00422063;
16.00140847;0.68610510;0.31700430;1.00000065;0.68610510;0.40268898;1.05259456;0.68611081;0.45981781;1.07849190;-0.68750107;0.17630526;0.31396412;1.00443426;
16.00157231;0.68508757;0.31719379;1.00000066;0.68508757;0.40268721;1.05260793;0.68509327;0.45968853;1.07844963;-0.68664601;0.17660620;0.31380472;1.00484689;
16.00189999;0.68334351;0.31753113;1.00000066;0.68334351;0.40269868;1.05263279;0.68334919;0.45948272;1.07835418;-0.68522667;0.17728077;0.31344544;1.00561606;
16.00255535;0.68085772;0.31806074;1.00000066;0.68085772;0.40277011;1.05267561;0.68086337;0.45924867;1.07812427;-0.68338910;0.17888019;0.31258354;1.00694925;
16.00386607;0.67884116;0.31867896;1.00000066;0.67884116;0.40303609;1.05273861;0.67884679;0.45927980;1.07753920;-0.68266154;0.18281585;0.31040954;1.00893453;
16.00648751;0.68106177;0.31889155;1.00000066;0.68106177;0.40372198;1.05280262;0.68106742;0.46028126;1.07603894;-0.68741922;0.19223977;0.30494431;1.01105665;
16.00910895;0.68707652;0.31835360;1.00000066;0.68707652;0.40437070;1.05281051;0.68707876;0.46167008;1.07423248;-0.69589957;0.20259303;0.29852540;1.01156615;
16.01173039;0.69301735;0.31762270;1.00000066;0.69301735;0.40480600;1.05278945;0.69301417;0.46284041;1.07228383;-0.70423786;0.21290882;0.29180890;1.01133400;
16.01435183;0.69730437;0.31698398;1.00000065;0.69730437;0.40499625;1.05275751;0.69730166;0.46361967;1.07029253;-0.71087255;0.22279621;0.28519302;1.01088659;
16.01959471;0.70125681;0.31617401;1.00000065;0.70125681;0.40493296;1.05269528;0.70126273;0.46411151;1.06622454;-0.71937941;0.24137055;0.27243277;1.01025293;
16.02483759;0.70161810;0.31577200;1.00000065;0.70161810;0.40456931;1.05264078;0.70162334;0.46382142;1.06200779;-0.72410033;0.25898167;0.26016071;1.00995897;
16.03532335;0.70059143;0.31537079;1.00000065;0.70059143;0.40391374;1.05256543;0.70059733;0.46294827;1.05281999;-0.73120734;0.29355227;0.23584345;1.00986259;
16.05629487;0.69818144;0.31543306;1.00000065;0.69818144;0.40347625;1.05253869;0.69818733;0.46217758;1.03133073;-0.74278659;0.36163880;0.18767707;1.00998865;
16.07726639;0.69280008;0.31631752;1.00000065;0.69280008;0.40331980;1.05258136;0.69277876;0.46109381;1.00577625;-0.74844655;0.42748201;0.14033576;1.00988566;
16.09823791;0.68710293;0.31740835;1.00000066;0.68710293;0.40333620;1.05266900;0.68699477;0.46054115;0.97618613;-0.75092956;0.49148799;0.09369965;1.00986883;
16.14018095;0.68599419;0.31733652;1.00000066;0.68599419;0.40302896;1.05264256;0.68599588;0.46016515;0.90324859;-0.75581503;0.61525654;-0.00537502;1.01005432;
16.18212399;0.67803095;0.31860872;1.00000066;0.67803095;0.40279365;1.05271639;0.67804132;0.45892438;0.81592545;-0.74255682;0.72709795;-0.09925804;1.00993774;
16.22406703;0.66940939;0.32004320;1.00000066;0.66940939;0.40262359;1.05280647;0.66941560;0.45768323;0.71499037;-0.71743217;0.82658511;-0.18928300;1.00992286;
16.26601007;0.66067957;0.32149292;1.00000066;0.66067957;0.40247110;1.05289889;0.66068528;0.45646247;0.60205179;-0.68156396;0.91216496;-0.27445527;1.00991784;
16.34989615;0.64438166;0.32415316;1.00000067;0.64438166;0.40219908;1.05307105;0.64439388;0.45425160;0.34758261;-0.58151904;1.03624941;-0.42679684;1.00991942;
16.43378223;0.63006433;0.32642657;1.00000067;0.63006433;0.40195809;1.05321888;0.63008298;0.45235902;0.06926265;-0.44955221;1.09083881;-0.54906903;1.00992718;
16.49999997;0.62057506;0.32789937;0.99424393;0.62057506;0.40179892;1.05331268;0.61350826;0.44655527;-0.15458487;-0.32639518;1.07585212;-0.61715175;1.00993555;
16.49999997;0.62058672;0.32793810;1.00000068;0.62058672;0.40183869;1.05331281;0.62059165;0.45111068;-0.15515089;-0.32793708;1.08199443;-0.62058672;1.00993931;
16.49999998;0.62058686;0.32793808;1.00000068;0.62058686;0.40183870;1.05331281;0.62059178;0.45111070;-0.15515092;-0.32793707;1.08199443;-0.62058686;1.00993927;
16.49999999;0.62058699;0.32793806;1.00000068;0.62058699;0.40183870;1.05331281;0.62059192;0.45111072;-0.15515096;-0.32793705;1.08199442;-0.62058699;1.00993923;
16.50000001;0.62058726;0.32793803;1.00000068;0.62058726;0.40183871;1.05331281;0.62059219;0.45111076;-0.15515102;-0.32793701;1.08199441;-0.62058726;1.00993916;
16.50000005;0.62058780;0.32793795;1.00000068;0.62058780;0.40183873;1.05331280;0.62059272;0.45111084;-0.15515116;-0.32793693;1.08199440;-0.62058780;1.00993901;
16.50000013;0.62058887;0.32793779;1.00000068;0.62058887;0.40183876;1.05331279;0.62059380;0.45111099;-0.15515143;-0.32793678;1.08199436;-0.62058887;1.00993871;
16.50000029;0.62059103;0.32793749;1.00000068;0.62059103;0.40183882;1.05331277;0.62059595;0.45111130;-0.15515197;-0.32793647;1.08199428;-0.62059103;1.00993811;
16.50000061;0.62059533;0.32793687;1.00000068;0.62059533;0.40183894;1.05331274;0.62060026;0.45111192;-0.15515304;-0.32793585;1.08199413;-0.62059533;1.00993691;
16.50000125;0.62060394;0.32793564;1.00000068;0.62060394;0.40183919;1.05331267;0.62060886;0.45111315;-0.15515519;-0.32793462;1.08199382;-0.62060394;1.00993450;
16.50000253;0.62062114;0.32793317;1.00000068;0.62062114;0.40183969;1.05331253;0.62062607;0.45111562;-0.15515949;-0.32793215;1.08199320;-0.62062114;1.00992970;
16.50000509;0.62065552;0.32792824;1.00000068;0.62065552;0.40184067;1.05331225;0.62066045;0.45112056;-0.15516809;-0.32792723;1.08199197;-0.62065552;1.00992009;
16.50001021;0.62072416;0.32791840;1.00000068;0.62072416;0.40184265;1.05331169;0.62072909;0.45113040;-0.15518525;-0.32791738;1.08198951;-0.62072416;1.00990089;
16.50002045;0.62086096;0.32789877;1.00000068;0.62086096;0.40184656;1.05331057;0.62086589;0.45115002;-0.15521945;-0.32789775;1.08198460;-0.62086096;1.00986258;
16.50004093;0.62113265;0.32785973;1.00000068;0.62113265;0.40185430;1.05330834;0.62113758;0.45118894;-0.15528738;-0.32785871;1.08197485;-0.62113265;1.00978624;
16.50008189;0.62166845;0.32778251;1.00000068;0.62166845;0.40186936;1.05330391;0.62167339;0.45126554;-0.15542134;-0.32778149;1.08195554;-0.62166845;1.00963473;
16.50016381;0.62271025;0.32763146;1.00000068;0.62271025;0.40189792;1.05329519;0.62271520;0.45141385;-0.15568180;-0.32763044;1.08191779;-0.62271025;1.00933633;
16.50032765;0.62467841;0.32734262;1.00000068;0.62467841;0.40194897;1.05327826;0.62468338;0.45169151;-0.15617387;-0.32734160;1.08184560;-0.62467841;1.00875774;
16.50065533;0.62818226;0.32681550;1.00000068;0.62818226;0.40202860;1.05324639;0.62818727;0.45217568;-0.15704988;-0.32681447;1.08171384;-0.62818226;1.00767071;
16.50131069;0.63367442;0.32594401;1.00000067;0.63367442;0.40211132;1.05319022;0.63367950;0.45289461;-0.15842299;-0.32594296;1.08149601;-0.63367442;1.00575668;
16.50202678;0.63790942;0.32521654;1.00000067;0.63790942;0.40211865;1.05313894;0.63791455;0.45339506;-0.15948180;-0.32521549;1.08131417;-0.63790942;1.00400200;
16.50202678;0.63790942;0.32521654;1.00000067;0.63790942;0.40211866;1.05313894;0.63791455;0.45339506;-0.15948180;-0.32521549;1.08131417;-0.63790942;1.00400200;
16.50202679;0.63790925;0.32521506;1.00000067;0.63790925;0.40211891;1.05313885;0.63791437;0.45339327;-0.15948176;-0.32521400;1.08131380;-0.63790925;1.00400202;
16.50202680;0.63790928;0.32521505;1.00000067;0.63790928;0.40211891;1.05313885;0.63791440;0.45339328;-0.15948176;-0.32521399;1.08131380;-0.63790928;1.00400200;
16.50202681;0.63790932;0.32521504;1.00000067;0.63790932;0.40211891;1.05313885;0.63791445;0.45339328;-0.15948177;-0.32521399;1.08131380;-0.63790932;1.00400198;
16.50202682;0.63790936;0.32521504;1.00000067;0.63790936;0.40211891;1.05313885;0.63791449;0.45339328;-0.15948178;-0.32521398;1.08131380;-0.63790936;1.00400196;
16.50202684;0.63790944;0.32521502;1.00000067;0.63790944;0.40211891;1.05313885;0.63791457;0.45339329;-0.15948181;-0.32521396;1.08131379;-0.63790944;1.00400191;
16.50202688;0.63790960;0.32521499;1.00000067;0.63790960;0.40211890;1.05313885;0.63791473;0.45339331;-0.15948185;-0.32521393;1.08131379;-0.63790960;1.00400183;
16.50202696;0.63790993;0.32521493;1.00000067;0.63790993;0.40211890;1.05313884;0.63791506;0.45339334;-0.15948193;-0.32521387;1.08131377;-0.63790993;1.00400166;
16.50202712;0.63791058;0.32521480;1.00000067;0.63791058;0.40211888;1.05313883;0.63791571;0.45339340;-0.15948209;-0.32521374;1.08131374;-0.63791058;1.00400131;
16.50202744;0.63791189;0.32521455;1.00000067;0.63791189;0.40211886;1.05313881;0.63791702;0.45339352;-0.15948242;-0.32521349;1.08131368;-0.63791189;1.00400063;
16.50202773;0.63791308;0.32521432;1.00000067;0.63791308;0.40211883;1.05313879;0.63791821;0.45339363;-0.15948271;-0.32521326;1.08131362;-0.63791308;1.00400000;
16.50202774;0.63791312;0.32521431;1.00000067;0.63791312;0.40211883;1.05313879;0.63791825;0.45339364;-0.15948272;-0.32521325;1.08131362;-0.63791312;1.00399998;
16.50202775;0.63791316;0.32521430;1.00000067;0.63791316;0.40211883;1.05313879;0.63791829;0.45339364;-0.15948274;-0.32521324;1.08131361;-0.63791316;1.00399996;
16.50202776;0.63791318;0.32521430;1.00000067;0.63791318;0.40211883;1.05313879;0.63791831;0.45339364;-0.15948274;-0.32521324;1.08131361;-0.63791318;1.00399995;
16.50202777;0.63791322;0.32521429;1.00000067;0.63791322;0.40211883;1.05313879;0.63791835;0.45339365;-0.15948275;-0.32521323;1.08131361;-0.63791322;1.00399993;
16.50202778;0.63791326;0.32521428;1.00000067;0.63791326;0.40211883;1.05313879;0.63791839;0.45339365;-0.15948276;-0.32521322;1.08131361;-0.63791326;1.00399991;
16.50202780;0.63791334;0.32521427;1.00000067;0.63791334;0.40211883;1.05313879;0.63791847;0.45339366;-0.15948278;-0.32521321;1.08131360;-0.63791334;1.00399986;
16.50202784;0.63791351;0.32521423;1.00000067;0.63791351;0.40211882;1.05313879;0.63791863;0.45339367;-0.15948282;-0.32521318;1.08131360;-0.63791351;1.00399978;
16.50202792;0.63791383;0.32521417;1.00000067;0.63791383;0.40211882;1.05313878;0.63791896;0.45339370;-0.15948290;-0.32521311;1.08131358;-0.63791383;1.00399961;
16.50202808;0.63791449;0.32521404;1.00000067;0.63791449;0.40211880;1.05313877;0.63791961;0.45339377;-0.15948307;-0.32521299;1.08131355;-0.63791449;1.00399926;
16.50202840;0.63791579;0.32521379;1.00000067;0.63791579;0.40211877;1.05313875;0.63792092;0.45339389;-0.15948339;-0.32521273;1.08131349;-0.63791579;1.00399858;
16.50202904;0.63791840;0.32521329;1.00000067;0.63791840;0.40211872;1.05313871;0.63792353;0.45339413;-0.15948404;-0.32521223;1.08131336;-0.63791840;1.00399720;
16.50203032;0.63792361;0.32521228;1.00000067;0.63792361;0.40211861;1.05313863;0.63792874;0.45339462;-0.15948535;-0.32521122;1.08131311;-0.63792361;1.00399446;
16.50203288;0.63793403;0.32521026;1.00000067;0.63793403;0.40211839;1.05313847;0.63793915;0.45339560;-0.15948795;-0.32520920;1.08131260;-0.63793403;1.00398898;
16.50203800;0.63795479;0.32520624;1.00000067;0.63795479;0.40211794;1.05313815;0.63795991;0.45339754;-0.15949314;-0.32520518;1.08131160;-0.63795479;1.00397802;
16.50204824;0.63799606;0.32519822;1.00000067;0.63799606;0.40211704;1.05313752;0.63800118;0.45340139;-0.15950346;-0.32519716;1.08130959;-0.63799606;1.00395616;
16.50206872;0.63807759;0.32518232;1.00000067;0.63807759;0.40211520;1.05313625;0.63808272;0.45340891;-0.15952385;-0.32518126;1.08130562;-0.63807759;1.00391265;
16.50210968;0.63823670;0.32515104;1.00000067;0.63823670;0.40211133;1.05313375;0.63824183;0.45342332;-0.15956362;-0.32514998;1.08129780;-0.63823670;1.00382643;
16.50219160;0.63853933;0.32509055;1.00000067;0.63853933;0.40210290;1.05312884;0.63854446;0.45344960;-0.15963929;-0.32508949;1.08128268;-0.63853933;1.00365722;
16.50235544;0.63908478;0.32497759;1.00000067;0.63908478;0.40208345;1.05311941;0.63908992;0.45349250;-0.15977566;-0.32497653;1.08125444;-0.63908478;1.00333137;
16.50268312;0.63995507;0.32478161;1.00000067;0.63995507;0.40203534;1.05310203;0.63996022;0.45354298;-0.15999324;-0.32478054;1.08120545;-0.63995507;1.00272760;
16.50333848;0.64094715;0.32449402;1.00000067;0.64094715;0.40191035;1.05307265;0.64095231;0.45352641;-0.16024128;-0.32449295;1.08113356;-0.64094715;1.00169391;
16.50464920;0.64079681;0.32423346;1.00000067;0.64079681;0.40159555;1.05303167;0.64080197;0.45317542;-0.16020369;-0.32423240;1.08106842;-0.64079681;1.00019467;
16.50727064;0.63636035;0.32441060;1.00000067;0.63636035;0.40094001;1.05299759;0.63636545;0.45196472;-0.15909452;-0.32440955;1.08111267;-0.63636035;0.99869589;
16.51251352;0.62545789;0.32552006;1.00000067;0.62545789;0.40009408;1.05301637;0.62546287;0.44981508;-0.15636877;-0.32551903;1.08138994;-0.62545789;0.99828815;
16.51775640;0.61787887;0.32664024;1.00000067;0.61787887;0.39990314;1.05308255;0.61788376;0.44876199;-0.15447391;-0.32663923;1.08166993;-0.61787887;0.99913597;
16.52824216;0.61330263;0.32776810;1.00000068;0.61330263;0.40030381;1.05319141;0.61330747;0.44866579;-0.15332978;-0.32776710;1.08195186;-0.61330263;0.99995134;
16.53872792;0.61456099;0.32807462;1.00000068;0.61456099;0.40087223;1.05325371;0.61456584;0.44940885;-0.15364438;-0.32807361;1.08202851;-0.61456099;0.99999833;
16.55969944;0.61443896;0.32837428;1.00000068;0.61443896;0.40117891;1.05329689;0.61444382;0.44972019;-0.15361387;-0.32837327;1.08210342;-0.61443896;0.99995582;
16.58067096;0.61428840;0.32846762;1.00000068;0.61428840;0.40125367;1.05330886;0.61429325;0.44978261;-0.15357623;-0.32846662;1.08212676;-0.61428840;0.99995873;
16.62261400;0.61619528;0.32818313;1.00000068;0.61619528;0.40129315;1.05329141;0.61620015;0.45003803;-0.15405297;-0.32818212;1.08205565;-0.61619528;0.99999073;
16.66455704;0.61989435;0.32758736;1.00000068;0.61989435;0.40132185;1.05325103;0.61989927;0.45048773;-0.15497779;-0.32758634;1.08190674;-0.61989435;1.00001700;
16.70650008;0.62482190;0.32677005;1.00000068;0.62482190;0.40134322;1.05319435;0.62482687;0.45107012;-0.15620975;-0.32676902;1.08170245;-0.62482190;1.00003569;
16.79038616;0.63620510;0.32482751;1.00000067;0.63620510;0.40136621;1.05305764;0.63621020;0.45239990;-0.15905570;-0.32482646;1.08121690;-0.63620510;1.00005950;
16.87427224;0.64885617;0.32258875;1.00000067;0.64885617;0.40136038;1.05289776;0.64886142;0.45386329;-0.16221865;-0.32258767;1.08065730;-0.64885617;1.00006631;
16.95815832;0.66117738;0.32034199;1.00000066;0.66117738;0.40132947;1.05273549;0.66118278;0.45529084;-0.16529912;-0.32034088;1.08009570;-0.66117738;1.00006213;
17.04204440;0.67198960;0.31833245;1.00000066;0.67198960;0.40128453;1.05258911;0.67199513;0.45656419;-0.16800232;-0.31833131;1.07959339;-0.67198960;1.00005251;
17.12593048;0.68077313;0.31666023;1.00000065;0.68077313;0.40122837;1.05246595;0.68077877;0.45759713;-0.17019833;-0.31665907;1.07917540;-0.68077313;1.00004145;
17.29370264;0.69285021;0.31427914;1.00000065;0.69285021;0.40110094;1.05228718;0.69285600;0.45898794;-0.17321777;-0.31427794;1.07858021;-0.69285021;1.00002272;
17.46147480;0.69912604;0.31295214;1.00000065;0.69912604;0.40095660;1.05218231;0.69913191;0.45963689;-0.17478682;-0.31295093;1.07824850;-0.69912604;1.00000935;
17.62924696;0.70160514;0.31234056;1.00000065;0.70160514;0.40080620;1.05212799;0.70161103;0.45979786;-0.17540663;-0.31233934;1.07809562;-0.70160514;1.00000168;
17.79701912;0.70201711;0.31212396;1.00000064;0.70201711;0.40065643;1.05210188;0.70202301;0.45969201;-0.17550963;-0.31212274;1.07804147;-0.70201711;0.99999835;
17.96479128;0.70156523;0.31207680;1.00000064;0.70156523;0.40051125;1.05208816;0.70157113;0.45947893;-0.17539665;-0.31207558;1.07802968;-0.70156523;0.99999762;
18.13256344;0.70093404;0.31207038;1.00000064;0.70093404;0.40037294;1.05207784;0.70093993;0.45925019;-0.17523885;-0.31206916;1.07802807;-0.70093404;0.99999806;
18.46810776;0.70031999;0.31196918;1.00000064;0.70031999;0.40013500;1.05205367;0.70032587;0.45891809;-0.17508533;-0.31196797;1.07800276;-0.70031999;0.99999919;
19.13919640;0.70004802;0.31168335;1.00000064;0.70004802;0.39976530;1.05200693;0.70005389;0.45849247;-0.17501733;-0.31168214;1.07793130;-0.70004802;0.99999984;
19.81028504;0.70000183;0.31143477;1.00000064;0.70000183;0.39948373;1.05196914;0.70000770;0.45818899;-0.17500579;-0.31143356;1.07786915;-0.70000183;0.99999999;
20.00000000;0.69999743;0.31136885;1.00000064;0.69999743;0.39941078;1.05195923;0.70000330;0.45811127;-0.17500469;-0.31136764;1.07785267;-0.69999743;1.00000001;
