time;WT3B_WT_controlMeasurements_PPuSnRef;WT3B_WT_controlMeasurements_QPuSnRef;WT3B_WT_controlMeasurements_UPu;InfBus_infiniteBus_PPu;InfBus_infiniteBus_QPu;InfBus_infiniteBus_UPu;WT3B_WT_terminal_V_re;WT3B_WT_terminal_V_im;WT3B_WT_terminal_i_re;WT3B_WT_terminal_i_im;
0.000000;0.600000;0.000000;1.000000;0.600000;0.000000;1.000000;1.000000;0.000000;-0.600000;0.000000;
0.000000;0.600000;-0.000000;1.000000;0.600000;-0.000000;1.000000;1.000000;0.000000;-0.600000;-0.000000;
0.000001;0.600000;-0.000000;1.000000;0.600000;-0.000000;1.000000;1.000000;0.000000;-0.600000;-0.000000;
0.000001;0.600000;0.000000;1.000000;0.600000;0.000000;1.000000;1.000000;0.000000;-0.600000;0.000000;
0.000001;0.600000;-0.000000;1.000000;0.600000;-0.000000;1.000000;1.000000;0.000000;-0.600000;-0.000000;
0.000001;0.600000;0.000000;1.000000;0.600000;0.000000;1.000000;1.000000;0.000000;-0.600000;0.000000;
0.000001;0.600000;-0.000000;1.000000;0.600000;-0.000000;1.000000;1.000000;0.000000;-0.600000;-0.000000;
0.000002;0.600000;0.000000;1.000000;0.600000;0.000000;1.000000;1.000000;0.000000;-0.600000;0.000000;
0.000002;0.600000;-0.000000;1.000000;0.600000;-0.000000;1.000000;1.000000;0.000000;-0.600000;-0.000000;
0.000003;0.600000;-0.000000;1.000000;0.600000;-0.000000;1.000000;1.000000;0.000000;-0.600000;-0.000000;
0.000004;0.600000;-0.000000;1.000000;0.600000;-0.000000;1.000000;1.000000;0.000000;-0.600000;-0.000000;
0.000006;0.600000;-0.000000;1.000000;0.600000;-0.000000;1.000000;1.000000;0.000000;-0.600000;-0.000000;
0.000007;0.600000;-0.000000;1.000000;0.600000;-0.000000;1.000000;1.000000;0.000000;-0.600000;-0.000000;
0.000008;0.600000;-0.000000;1.000000;0.600000;-0.000000;1.000000;1.000000;0.000000;-0.600000;-0.000000;
0.000010;0.600000;-0.000000;1.000000;0.600000;-0.000000;1.000000;1.000000;0.000000;-0.600000;-0.000000;
0.000011;0.600000;-0.000000;1.000000;0.600000;-0.000000;1.000000;1.000000;0.000000;-0.600000;-0.000000;
0.000012;0.600000;-0.000000;1.000000;0.600000;-0.000000;1.000000;1.000000;0.000000;-0.600000;-0.000000;
0.000014;0.600000;0.000000;1.000000;0.600000;0.000000;1.000000;1.000000;0.000000;-0.600000;0.000000;
0.000015;0.600000;0.000000;1.000000;0.600000;0.000000;1.000000;1.000000;0.000000;-0.600000;0.000000;
0.000016;0.600000;0.000000;1.000000;0.600000;0.000000;1.000000;1.000000;0.000000;-0.600000;0.000000;
0.000017;0.600000;0.000000;1.000000;0.600000;0.000000;1.000000;1.000000;0.000000;-0.600000;0.000000;
0.000019;0.600000;0.000000;1.000000;0.600000;0.000000;1.000000;1.000000;0.000000;-0.600000;0.000000;
0.000020;0.600000;0.000000;1.000000;0.600000;0.000000;1.000000;1.000000;0.000000;-0.600000;0.000000;
0.000021;0.600000;0.000000;1.000000;0.600000;0.000000;1.000000;1.000000;0.000000;-0.600000;0.000000;
0.000022;0.600000;0.000000;1.000000;0.600000;0.000000;1.000000;1.000000;0.000000;-0.600000;0.000000;
0.000024;0.600000;0.000000;1.000000;0.600000;0.000000;1.000000;1.000000;0.000000;-0.600000;0.000000;
0.000025;0.600000;0.000000;1.000000;0.600000;0.000000;1.000000;1.000000;0.000000;-0.600000;0.000000;
0.000026;0.600000;0.000000;1.000000;0.600000;0.000000;1.000000;1.000000;0.000000;-0.600000;0.000000;
0.000027;0.600000;0.000000;1.000000;0.600000;0.000000;1.000000;1.000000;0.000000;-0.600000;0.000000;
0.000028;0.600000;0.000000;1.000000;0.600000;0.000000;1.000000;1.000000;0.000000;-0.600000;0.000000;
0.000030;0.600000;0.000000;1.000000;0.600000;0.000000;1.000000;1.000000;0.000000;-0.600000;0.000000;
0.000031;0.600000;0.000000;1.000000;0.600000;0.000000;1.000000;1.000000;0.000000;-0.600000;0.000000;
0.000032;0.600000;0.000000;1.000000;0.600000;0.000000;1.000000;1.000000;0.000000;-0.600000;0.000000;
0.000033;0.600000;0.000000;1.000000;0.600000;0.000000;1.000000;1.000000;0.000000;-0.600000;0.000000;
0.000035;0.600000;0.000000;1.000000;0.600000;0.000000;1.000000;1.000000;0.000000;-0.600000;0.000000;
0.000036;0.600000;0.000000;1.000000;0.600000;0.000000;1.000000;1.000000;0.000000;-0.600000;0.000000;
0.000037;0.600000;0.000000;1.000000;0.600000;0.000000;1.000000;1.000000;0.000000;-0.600000;0.000000;
0.000038;0.600000;0.000000;1.000000;0.600000;0.000000;1.000000;1.000000;0.000000;-0.600000;0.000000;
0.000040;0.600000;0.000000;1.000000;0.600000;0.000000;1.000000;1.000000;0.000000;-0.600000;0.000000;
0.000041;0.600000;0.000000;1.000000;0.600000;0.000000;1.000000;1.000000;0.000000;-0.600000;0.000000;
0.000042;0.600000;0.000000;1.000000;0.600000;0.000000;1.000000;1.000000;0.000000;-0.600000;0.000000;
0.000043;0.600000;0.000000;1.000000;0.600000;0.000000;1.000000;1.000000;0.000000;-0.600000;0.000000;
0.000046;0.600000;0.000000;1.000000;0.600000;0.000000;1.000000;1.000000;0.000000;-0.600000;0.000000;
0.000048;0.600000;-0.000000;1.000000;0.600000;-0.000000;1.000000;1.000000;0.000000;-0.600000;-0.000000;
0.000050;0.600000;-0.000000;1.000000;0.600000;-0.000000;1.000000;1.000000;0.000000;-0.600000;-0.000000;
0.000052;0.600000;0.000000;1.000000;0.600000;0.000000;1.000000;1.000000;0.000000;-0.600000;0.000000;
0.000054;0.600000;-0.000000;1.000000;0.600000;-0.000000;1.000000;1.000000;0.000000;-0.600000;-0.000000;
0.000057;0.600000;-0.000000;1.000000;0.600000;-0.000000;1.000000;1.000000;0.000000;-0.600000;-0.000000;
0.000059;0.600000;-0.000000;1.000000;0.600000;-0.000000;1.000000;1.000000;0.000000;-0.600000;-0.000000;
0.000061;0.600000;0.000000;1.000000;0.600000;0.000000;1.000000;1.000000;0.000000;-0.600000;0.000000;
0.000063;0.600000;0.000000;1.000000;0.600000;0.000000;1.000000;1.000000;0.000000;-0.600000;0.000000;
0.000065;0.600000;0.000000;1.000000;0.600000;0.000000;1.000000;1.000000;0.000000;-0.600000;0.000000;
0.000067;0.600000;0.000000;1.000000;0.600000;0.000000;1.000000;1.000000;0.000000;-0.600000;0.000000;
0.000070;0.600000;0.000000;1.000000;0.600000;0.000000;1.000000;1.000000;0.000000;-0.600000;0.000000;
0.000072;0.600000;0.000000;1.000000;0.600000;0.000000;1.000000;1.000000;0.000000;-0.600000;0.000000;
0.000074;0.600000;0.000000;1.000000;0.600000;0.000000;1.000000;1.000000;0.000000;-0.600000;0.000000;
0.000076;0.600000;0.000000;1.000000;0.600000;0.000000;1.000000;1.000000;0.000000;-0.600000;0.000000;
0.000078;0.600000;0.000000;1.000000;0.600000;0.000000;1.000000;1.000000;0.000000;-0.600000;0.000000;
0.000080;0.600000;0.000000;1.000000;0.600000;0.000000;1.000000;1.000000;0.000000;-0.600000;0.000000;
0.000083;0.600000;0.000000;1.000000;0.600000;0.000000;1.000000;1.000000;0.000000;-0.600000;0.000000;
0.000085;0.600000;0.000000;1.000000;0.600000;0.000000;1.000000;1.000000;0.000000;-0.600000;0.000000;
0.000087;0.600000;0.000000;1.000000;0.600000;0.000000;1.000000;1.000000;0.000000;-0.600000;0.000000;
0.000089;0.600000;0.000000;1.000000;0.600000;0.000000;1.000000;1.000000;0.000000;-0.600000;0.000000;
0.000091;0.600000;0.000000;1.000000;0.600000;0.000000;1.000000;1.000000;0.000000;-0.600000;0.000000;
0.000093;0.600000;0.000000;1.000000;0.600000;0.000000;1.000000;1.000000;0.000000;-0.600000;0.000000;
0.000096;0.600000;0.000000;1.000000;0.600000;0.000000;1.000000;1.000000;0.000000;-0.600000;0.000000;
0.000098;0.600000;0.000000;1.000000;0.600000;0.000000;1.000000;1.000000;0.000000;-0.600000;0.000000;
0.000100;0.600000;0.000000;1.000000;0.600000;0.000000;1.000000;1.000000;0.000000;-0.600000;0.000000;
0.000101;0.600000;0.000000;1.000000;0.600000;0.000000;1.000000;1.000000;0.000000;-0.600000;0.000000;
0.000102;0.600000;0.000000;1.000000;0.600000;0.000000;1.000000;1.000000;0.000000;-0.600000;0.000000;
0.000103;0.600000;-0.000000;1.000000;0.600000;-0.000000;1.000000;1.000000;0.000000;-0.600000;-0.000000;
0.000105;0.600000;0.000000;1.000000;0.600000;0.000000;1.000000;1.000000;0.000000;-0.600000;0.000000;
0.000106;0.600000;0.000000;1.000000;0.600000;0.000000;1.000000;1.000000;0.000000;-0.600000;0.000000;
0.000107;0.600000;0.000000;1.000000;0.600000;0.000000;1.000000;1.000000;0.000000;-0.600000;0.000000;
0.000108;0.600000;0.000000;1.000000;0.600000;0.000000;1.000000;1.000000;0.000000;-0.600000;0.000000;
0.000109;0.600000;0.000000;1.000000;0.600000;0.000000;1.000000;1.000000;0.000000;-0.600000;0.000000;
0.000110;0.600000;0.000000;1.000000;0.600000;0.000000;1.000000;1.000000;0.000000;-0.600000;0.000000;
0.000112;0.600000;0.000000;1.000000;0.600000;0.000000;1.000000;1.000000;0.000000;-0.600000;0.000000;
0.000113;0.600000;0.000000;1.000000;0.600000;0.000000;1.000000;1.000000;0.000000;-0.600000;0.000000;
0.000114;0.600000;0.000000;1.000000;0.600000;0.000000;1.000000;1.000000;0.000000;-0.600000;0.000000;
0.000115;0.600000;0.000000;1.000000;0.600000;0.000000;1.000000;1.000000;0.000000;-0.600000;0.000000;
0.000116;0.600000;0.000000;1.000000;0.600000;0.000000;1.000000;1.000000;0.000000;-0.600000;0.000000;
0.000117;0.600000;0.000000;1.000000;0.600000;0.000000;1.000000;1.000000;0.000000;-0.600000;0.000000;
0.000118;0.600000;0.000000;1.000000;0.600000;0.000000;1.000000;1.000000;0.000000;-0.600000;0.000000;
0.000120;0.600000;0.000000;1.000000;0.600000;0.000000;1.000000;1.000000;0.000000;-0.600000;0.000000;
0.000121;0.600000;0.000000;1.000000;0.600000;0.000000;1.000000;1.000000;0.000000;-0.600000;0.000000;
0.000122;0.600000;0.000000;1.000000;0.600000;0.000000;1.000000;1.000000;0.000000;-0.600000;0.000000;
0.000123;0.600000;0.000000;1.000000;0.600000;0.000000;1.000000;1.000000;0.000000;-0.600000;0.000000;
0.000124;0.600000;0.000000;1.000000;0.600000;0.000000;1.000000;1.000000;0.000000;-0.600000;0.000000;
0.000125;0.600000;0.000000;1.000000;0.600000;0.000000;1.000000;1.000000;0.000000;-0.600000;0.000000;
0.000127;0.600000;0.000000;1.000000;0.600000;0.000000;1.000000;1.000000;0.000000;-0.600000;0.000000;
0.000128;0.600000;0.000000;1.000000;0.600000;0.000000;1.000000;1.000000;0.000000;-0.600000;0.000000;
0.000129;0.600000;0.000000;1.000000;0.600000;0.000000;1.000000;1.000000;0.000000;-0.600000;0.000000;
0.000130;0.600000;0.000000;1.000000;0.600000;0.000000;1.000000;1.000000;0.000000;-0.600000;0.000000;
0.000131;0.600000;0.000000;1.000000;0.600000;0.000000;1.000000;1.000000;0.000000;-0.600000;0.000000;
0.000132;0.600000;0.000000;1.000000;0.600000;0.000000;1.000000;1.000000;0.000000;-0.600000;0.000000;
0.000134;0.600000;0.000000;1.000000;0.600000;0.000000;1.000000;1.000000;0.000000;-0.600000;0.000000;
0.000135;0.600000;0.000000;1.000000;0.600000;0.000000;1.000000;1.000000;0.000000;-0.600000;0.000000;
0.000136;0.600000;0.000000;1.000000;0.600000;0.000000;1.000000;1.000000;0.000000;-0.600000;0.000000;
0.000137;0.600000;0.000000;1.000000;0.600000;0.000000;1.000000;1.000000;0.000000;-0.600000;0.000000;
0.000138;0.600000;0.000000;1.000000;0.600000;0.000000;1.000000;1.000000;0.000000;-0.600000;0.000000;
0.000139;0.600000;0.000000;1.000000;0.600000;0.000000;1.000000;1.000000;0.000000;-0.600000;0.000000;
0.000140;0.600000;0.000000;1.000000;0.600000;0.000000;1.000000;1.000000;0.000000;-0.600000;0.000000;
0.000142;0.600000;0.000000;1.000000;0.600000;0.000000;1.000000;1.000000;0.000000;-0.600000;0.000000;
0.000143;0.600000;0.000000;1.000000;0.600000;0.000000;1.000000;1.000000;0.000000;-0.600000;0.000000;
0.000144;0.600000;0.000000;1.000000;0.600000;0.000000;1.000000;1.000000;0.000000;-0.600000;0.000000;
0.000145;0.600000;0.000000;1.000000;0.600000;0.000000;1.000000;1.000000;0.000000;-0.600000;0.000000;
0.000146;0.600000;0.000000;1.000000;0.600000;0.000000;1.000000;1.000000;0.000000;-0.600000;0.000000;
0.000147;0.600000;0.000000;1.000000;0.600000;0.000000;1.000000;1.000000;0.000000;-0.600000;0.000000;
0.000149;0.600000;0.000000;1.000000;0.600000;0.000000;1.000000;1.000000;0.000000;-0.600000;0.000000;
0.000150;0.600000;0.000000;1.000000;0.600000;0.000000;1.000000;1.000000;0.000000;-0.600000;0.000000;
0.000151;0.600000;0.000000;1.000000;0.600000;0.000000;1.000000;1.000000;0.000000;-0.600000;0.000000;
0.000152;0.600000;0.000000;1.000000;0.600000;0.000000;1.000000;1.000000;0.000000;-0.600000;0.000000;
0.000153;0.600000;0.000000;1.000000;0.600000;0.000000;1.000000;1.000000;0.000000;-0.600000;0.000000;
0.000154;0.600000;0.000000;1.000000;0.600000;0.000000;1.000000;1.000000;0.000000;-0.600000;0.000000;
0.000156;0.600000;0.000000;1.000000;0.600000;0.000000;1.000000;1.000000;0.000000;-0.600000;0.000000;
0.000157;0.600000;0.000000;1.000000;0.600000;0.000000;1.000000;1.000000;0.000000;-0.600000;0.000000;
0.000158;0.600000;0.000000;1.000000;0.600000;0.000000;1.000000;1.000000;0.000000;-0.600000;0.000000;
0.000159;0.600000;0.000000;1.000000;0.600000;0.000000;1.000000;1.000000;0.000000;-0.600000;0.000000;
0.000160;0.600000;0.000000;1.000000;0.600000;0.000000;1.000000;1.000000;0.000000;-0.600000;0.000000;
0.000161;0.600000;0.000000;1.000000;0.600000;0.000000;1.000000;1.000000;0.000000;-0.600000;0.000000;
0.000162;0.600000;0.000000;1.000000;0.600000;0.000000;1.000000;1.000000;0.000000;-0.600000;0.000000;
0.000164;0.600000;0.000000;1.000000;0.600000;0.000000;1.000000;1.000000;0.000000;-0.600000;0.000000;
0.000165;0.600000;0.000000;1.000000;0.600000;0.000000;1.000000;1.000000;0.000000;-0.600000;0.000000;
0.000166;0.600000;0.000000;1.000000;0.600000;0.000000;1.000000;1.000000;0.000000;-0.600000;0.000000;
0.000167;0.600000;0.000000;1.000000;0.600000;0.000000;1.000000;1.000000;0.000000;-0.600000;0.000000;
0.000168;0.600000;0.000000;1.000000;0.600000;0.000000;1.000000;1.000000;0.000000;-0.600000;0.000000;
0.000169;0.600000;0.000000;1.000000;0.600000;0.000000;1.000000;1.000000;0.000000;-0.600000;0.000000;
0.000171;0.600000;0.000000;1.000000;0.600000;0.000000;1.000000;1.000000;0.000000;-0.600000;0.000000;
0.000172;0.600000;0.000000;1.000000;0.600000;0.000000;1.000000;1.000000;0.000000;-0.600000;0.000000;
0.000173;0.600000;0.000000;1.000000;0.600000;0.000000;1.000000;1.000000;0.000000;-0.600000;0.000000;
0.000174;0.600000;0.000000;1.000000;0.600000;0.000000;1.000000;1.000000;0.000000;-0.600000;0.000000;
0.000175;0.600000;0.000000;1.000000;0.600000;0.000000;1.000000;1.000000;0.000000;-0.600000;0.000000;
0.000176;0.600000;0.000000;1.000000;0.600000;0.000000;1.000000;1.000000;0.000000;-0.600000;0.000000;
0.000178;0.600000;0.000000;1.000000;0.600000;0.000000;1.000000;1.000000;0.000000;-0.600000;0.000000;
0.000179;0.600000;0.000000;1.000000;0.600000;0.000000;1.000000;1.000000;0.000000;-0.600000;0.000000;
0.000180;0.600000;0.000000;1.000000;0.600000;0.000000;1.000000;1.000000;0.000000;-0.600000;0.000000;
0.000181;0.600000;0.000000;1.000000;0.600000;0.000000;1.000000;1.000000;0.000000;-0.600000;0.000000;
0.000182;0.600000;0.000000;1.000000;0.600000;0.000000;1.000000;1.000000;0.000000;-0.600000;0.000000;
0.000183;0.600000;0.000000;1.000000;0.600000;0.000000;1.000000;1.000000;0.000000;-0.600000;0.000000;
0.000184;0.600000;0.000000;1.000000;0.600000;0.000000;1.000000;1.000000;0.000000;-0.600000;0.000000;
0.000186;0.600000;0.000000;1.000000;0.600000;0.000000;1.000000;1.000000;0.000000;-0.600000;0.000000;
0.000187;0.600000;0.000000;1.000000;0.600000;0.000000;1.000000;1.000000;0.000000;-0.600000;0.000000;
0.000188;0.600000;0.000000;1.000000;0.600000;0.000000;1.000000;1.000000;0.000000;-0.600000;0.000000;
0.000189;0.600000;0.000000;1.000000;0.600000;0.000000;1.000000;1.000000;0.000000;-0.600000;0.000000;
0.000190;0.600000;0.000000;1.000000;0.600000;0.000000;1.000000;1.000000;0.000000;-0.600000;0.000000;
0.000191;0.600000;0.000000;1.000000;0.600000;0.000000;1.000000;1.000000;0.000000;-0.600000;0.000000;
0.000193;0.600000;0.000000;1.000000;0.600000;0.000000;1.000000;1.000000;0.000000;-0.600000;0.000000;
0.000194;0.600000;0.000000;1.000000;0.600000;0.000000;1.000000;1.000000;0.000000;-0.600000;0.000000;
0.000195;0.600000;0.000000;1.000000;0.600000;0.000000;1.000000;1.000000;0.000000;-0.600000;0.000000;
0.000196;0.600000;0.000000;1.000000;0.600000;0.000000;1.000000;1.000000;0.000000;-0.600000;0.000000;
0.000197;0.600000;0.000000;1.000000;0.600000;0.000000;1.000000;1.000000;0.000000;-0.600000;0.000000;
0.000198;0.600000;0.000000;1.000000;0.600000;0.000000;1.000000;1.000000;0.000000;-0.600000;0.000000;
0.000200;0.600000;0.000000;1.000000;0.600000;0.000000;1.000000;1.000000;0.000000;-0.600000;0.000000;
0.000201;0.600000;0.000000;1.000000;0.600000;0.000000;1.000000;1.000000;0.000000;-0.600000;0.000000;
0.000202;0.600000;0.000000;1.000000;0.600000;0.000000;1.000000;1.000000;0.000000;-0.600000;0.000000;
0.000203;0.600000;0.000000;1.000000;0.600000;0.000000;1.000000;1.000000;0.000000;-0.600000;0.000000;
0.000204;0.600000;0.000000;1.000000;0.600000;0.000000;1.000000;1.000000;0.000000;-0.600000;0.000000;
0.000205;0.600000;0.000000;1.000000;0.600000;0.000000;1.000000;1.000000;0.000000;-0.600000;0.000000;
0.000206;0.600000;0.000000;1.000000;0.600000;0.000000;1.000000;1.000000;0.000000;-0.600000;0.000000;
0.000208;0.600000;0.000000;1.000000;0.600000;0.000000;1.000000;1.000000;0.000000;-0.600000;0.000000;
0.000209;0.600000;0.000000;1.000000;0.600000;0.000000;1.000000;1.000000;0.000000;-0.600000;0.000000;
0.000210;0.600000;0.000000;1.000000;0.600000;0.000000;1.000000;1.000000;0.000000;-0.600000;0.000000;
0.000211;0.600000;0.000000;1.000000;0.600000;0.000000;1.000000;1.000000;0.000000;-0.600000;0.000000;
0.000212;0.600000;0.000000;1.000000;0.600000;0.000000;1.000000;1.000000;0.000000;-0.600000;0.000000;
0.000213;0.600000;0.000000;1.000000;0.600000;0.000000;1.000000;1.000000;0.000000;-0.600000;0.000000;
0.000215;0.600000;0.000000;1.000000;0.600000;0.000000;1.000000;1.000000;0.000000;-0.600000;0.000000;
0.000216;0.600000;0.000000;1.000000;0.600000;0.000000;1.000000;1.000000;0.000000;-0.600000;0.000000;
0.000217;0.600000;0.000000;1.000000;0.600000;0.000000;1.000000;1.000000;0.000000;-0.600000;0.000000;
0.000218;0.600000;0.000000;1.000000;0.600000;0.000000;1.000000;1.000000;0.000000;-0.600000;0.000000;
0.000219;0.600000;0.000000;1.000000;0.600000;0.000000;1.000000;1.000000;0.000000;-0.600000;0.000000;
0.000220;0.600000;0.000000;1.000000;0.600000;0.000000;1.000000;1.000000;0.000000;-0.600000;0.000000;
0.000222;0.600000;0.000000;1.000000;0.600000;0.000000;1.000000;1.000000;0.000000;-0.600000;0.000000;
0.000223;0.600000;0.000000;1.000000;0.600000;0.000000;1.000000;1.000000;0.000000;-0.600000;0.000000;
0.000224;0.600000;0.000000;1.000000;0.600000;0.000000;1.000000;1.000000;0.000000;-0.600000;0.000000;
0.000225;0.600000;0.000000;1.000000;0.600000;0.000000;1.000000;1.000000;0.000000;-0.600000;0.000000;
0.000226;0.600000;0.000000;1.000000;0.600000;0.000000;1.000000;1.000000;0.000000;-0.600000;0.000000;
0.000227;0.600000;0.000000;1.000000;0.600000;0.000000;1.000000;1.000000;0.000000;-0.600000;0.000000;
0.000228;0.600000;0.000000;1.000000;0.600000;0.000000;1.000000;1.000000;0.000000;-0.600000;0.000000;
0.000230;0.600000;0.000000;1.000000;0.600000;0.000000;1.000000;1.000000;0.000000;-0.600000;0.000000;
0.000231;0.600000;0.000000;1.000000;0.600000;0.000000;1.000000;1.000000;0.000000;-0.600000;0.000000;
0.000232;0.600000;0.000000;1.000000;0.600000;0.000000;1.000000;1.000000;0.000000;-0.600000;0.000000;
0.000233;0.600000;0.000000;1.000000;0.600000;0.000000;1.000000;1.000000;0.000000;-0.600000;0.000000;
0.000234;0.600000;0.000000;1.000000;0.600000;0.000000;1.000000;1.000000;0.000000;-0.600000;0.000000;
0.000235;0.600000;0.000000;1.000000;0.600000;0.000000;1.000000;1.000000;0.000000;-0.600000;0.000000;
0.000237;0.600000;0.000000;1.000000;0.600000;0.000000;1.000000;1.000000;0.000000;-0.600000;0.000000;
0.000238;0.600000;0.000000;1.000000;0.600000;0.000000;1.000000;1.000000;0.000000;-0.600000;0.000000;
0.000239;0.600000;0.000000;1.000000;0.600000;0.000000;1.000000;1.000000;0.000000;-0.600000;0.000000;
0.000240;0.600000;0.000000;1.000000;0.600000;0.000000;1.000000;1.000000;0.000000;-0.600000;0.000000;
0.000241;0.600000;0.000000;1.000000;0.600000;0.000000;1.000000;1.000000;0.000000;-0.600000;0.000000;
0.000242;0.600000;0.000000;1.000000;0.600000;0.000000;1.000000;1.000000;0.000000;-0.600000;0.000000;
0.000244;0.600000;0.000000;1.000000;0.600000;0.000000;1.000000;1.000000;0.000000;-0.600000;0.000000;
0.000245;0.600000;0.000000;1.000000;0.600000;0.000000;1.000000;1.000000;0.000000;-0.600000;0.000000;
0.000246;0.600000;0.000000;1.000000;0.600000;0.000000;1.000000;1.000000;0.000000;-0.600000;0.000000;
0.000247;0.600000;0.000000;1.000000;0.600000;0.000000;1.000000;1.000000;0.000000;-0.600000;0.000000;
0.000248;0.600000;0.000000;1.000000;0.600000;0.000000;1.000000;1.000000;0.000000;-0.600000;0.000000;
0.000249;0.600000;0.000000;1.000000;0.600000;0.000000;1.000000;1.000000;0.000000;-0.600000;0.000000;
0.000250;0.600000;0.000000;1.000000;0.600000;0.000000;1.000000;1.000000;0.000000;-0.600000;0.000000;
0.000252;0.600000;0.000000;1.000000;0.600000;0.000000;1.000000;1.000000;0.000000;-0.600000;0.000000;
0.000253;0.600000;0.000000;1.000000;0.600000;0.000000;1.000000;1.000000;0.000000;-0.600000;0.000000;
0.000254;0.600000;0.000000;1.000000;0.600000;0.000000;1.000000;1.000000;0.000000;-0.600000;0.000000;
0.000255;0.600000;0.000000;1.000000;0.600000;0.000000;1.000000;1.000000;0.000000;-0.600000;0.000000;
0.000256;0.600000;0.000000;1.000000;0.600000;0.000000;1.000000;1.000000;0.000000;-0.600000;0.000000;
0.000257;0.600000;0.000000;1.000000;0.600000;0.000000;1.000000;1.000000;0.000000;-0.600000;0.000000;
0.000259;0.600000;0.000000;1.000000;0.600000;0.000000;1.000000;1.000000;0.000000;-0.600000;0.000000;
0.000260;0.600000;0.000000;1.000000;0.600000;0.000000;1.000000;1.000000;0.000000;-0.600000;0.000000;
0.000261;0.600000;0.000000;1.000000;0.600000;0.000000;1.000000;1.000000;0.000000;-0.600000;0.000000;
0.000262;0.600000;0.000000;1.000000;0.600000;0.000000;1.000000;1.000000;0.000000;-0.600000;0.000000;
0.000263;0.600000;0.000000;1.000000;0.600000;0.000000;1.000000;1.000000;0.000000;-0.600000;0.000000;
0.000264;0.600000;0.000000;1.000000;0.600000;0.000000;1.000000;1.000000;0.000000;-0.600000;0.000000;
0.000266;0.600000;0.000000;1.000000;0.600000;0.000000;1.000000;1.000000;0.000000;-0.600000;0.000000;
0.000267;0.600000;0.000000;1.000000;0.600000;0.000000;1.000000;1.000000;0.000000;-0.600000;0.000000;
0.000268;0.600000;0.000000;1.000000;0.600000;0.000000;1.000000;1.000000;0.000000;-0.600000;0.000000;
0.000269;0.600000;0.000000;1.000000;0.600000;0.000000;1.000000;1.000000;0.000000;-0.600000;0.000000;
0.000270;0.600000;0.000000;1.000000;0.600000;0.000000;1.000000;1.000000;0.000000;-0.600000;0.000000;
0.000271;0.600000;0.000000;1.000000;0.600000;0.000000;1.000000;1.000000;0.000000;-0.600000;0.000000;
0.000272;0.600000;0.000000;1.000000;0.600000;0.000000;1.000000;1.000000;0.000000;-0.600000;0.000000;
0.000274;0.600000;0.000000;1.000000;0.600000;0.000000;1.000000;1.000000;0.000000;-0.600000;0.000000;
0.000275;0.600000;0.000000;1.000000;0.600000;0.000000;1.000000;1.000000;0.000000;-0.600000;0.000000;
0.000276;0.600000;0.000000;1.000000;0.600000;0.000000;1.000000;1.000000;0.000000;-0.600000;0.000000;
0.000277;0.600000;0.000000;1.000000;0.600000;0.000000;1.000000;1.000000;0.000000;-0.600000;0.000000;
0.000278;0.600000;0.000000;1.000000;0.600000;0.000000;1.000000;1.000000;0.000000;-0.600000;0.000000;
0.000279;0.600000;0.000000;1.000000;0.600000;0.000000;1.000000;1.000000;0.000000;-0.600000;0.000000;
0.000281;0.600000;0.000000;1.000000;0.600000;0.000000;1.000000;1.000000;0.000000;-0.600000;0.000000;
0.000282;0.600000;0.000000;1.000000;0.600000;0.000000;1.000000;1.000000;0.000000;-0.600000;0.000000;
0.000283;0.600000;0.000000;1.000000;0.600000;0.000000;1.000000;1.000000;0.000000;-0.600000;0.000000;
0.000284;0.600000;0.000000;1.000000;0.600000;0.000000;1.000000;1.000000;0.000000;-0.600000;0.000000;
0.000285;0.600000;0.000000;1.000000;0.600000;0.000000;1.000000;1.000000;0.000000;-0.600000;0.000000;
0.000286;0.600000;0.000000;1.000000;0.600000;0.000000;1.000000;1.000000;0.000000;-0.600000;0.000000;
0.000288;0.600000;0.000000;1.000000;0.600000;0.000000;1.000000;1.000000;0.000000;-0.600000;0.000000;
0.000289;0.600000;0.000000;1.000000;0.600000;0.000000;1.000000;1.000000;0.000000;-0.600000;0.000000;
0.000290;0.600000;0.000000;1.000000;0.600000;0.000000;1.000000;1.000000;0.000000;-0.600000;0.000000;
0.000291;0.600000;0.000000;1.000000;0.600000;0.000000;1.000000;1.000000;0.000000;-0.600000;0.000000;
0.000292;0.600000;0.000000;1.000000;0.600000;0.000000;1.000000;1.000000;0.000000;-0.600000;0.000000;
0.000293;0.600000;0.000000;1.000000;0.600000;0.000000;1.000000;1.000000;0.000000;-0.600000;0.000000;
0.000294;0.600000;0.000000;1.000000;0.600000;0.000000;1.000000;1.000000;0.000000;-0.600000;0.000000;
0.000296;0.600000;0.000000;1.000000;0.600000;0.000000;1.000000;1.000000;0.000000;-0.600000;0.000000;
0.000297;0.600000;0.000000;1.000000;0.600000;0.000000;1.000000;1.000000;0.000000;-0.600000;0.000000;
0.000298;0.600000;0.000000;1.000000;0.600000;0.000000;1.000000;1.000000;0.000000;-0.600000;0.000000;
0.000299;0.600000;0.000000;1.000000;0.600000;0.000000;1.000000;1.000000;0.000000;-0.600000;0.000000;
0.000300;0.600000;0.000000;1.000000;0.600000;0.000000;1.000000;1.000000;0.000000;-0.600000;0.000000;
0.000301;0.600000;0.000000;1.000000;0.600000;0.000000;1.000000;1.000000;0.000000;-0.600000;0.000000;
0.000303;0.600000;0.000000;1.000000;0.600000;0.000000;1.000000;1.000000;0.000000;-0.600000;0.000000;
0.000304;0.600000;0.000000;1.000000;0.600000;0.000000;1.000000;1.000000;0.000000;-0.600000;0.000000;
0.000305;0.600000;0.000000;1.000000;0.600000;0.000000;1.000000;1.000000;0.000000;-0.600000;0.000000;
0.000306;0.600000;0.000000;1.000000;0.600000;0.000000;1.000000;1.000000;0.000000;-0.600000;0.000000;
0.000307;0.600000;0.000000;1.000000;0.600000;0.000000;1.000000;1.000000;0.000000;-0.600000;0.000000;
0.000308;0.600000;0.000000;1.000000;0.600000;0.000000;1.000000;1.000000;0.000000;-0.600000;0.000000;
0.000310;0.600000;0.000000;1.000000;0.600000;0.000000;1.000000;1.000000;0.000000;-0.600000;0.000000;
0.000311;0.600000;0.000000;1.000000;0.600000;0.000000;1.000000;1.000000;0.000000;-0.600000;0.000000;
0.000312;0.600000;0.000000;1.000000;0.600000;0.000000;1.000000;1.000000;0.000000;-0.600000;0.000000;
0.000313;0.600000;0.000000;1.000000;0.600000;0.000000;1.000000;1.000000;0.000000;-0.600000;0.000000;
0.000314;0.600000;0.000000;1.000000;0.600000;0.000000;1.000000;1.000000;0.000000;-0.600000;0.000000;
0.000315;0.600000;0.000000;1.000000;0.600000;0.000000;1.000000;1.000000;0.000000;-0.600000;0.000000;
0.000316;0.600000;0.000000;1.000000;0.600000;0.000000;1.000000;1.000000;0.000000;-0.600000;0.000000;
0.000318;0.600000;0.000000;1.000000;0.600000;0.000000;1.000000;1.000000;0.000000;-0.600000;0.000000;
0.000319;0.600000;0.000000;1.000000;0.600000;0.000000;1.000000;1.000000;0.000000;-0.600000;0.000000;
0.000320;0.600000;0.000000;1.000000;0.600000;0.000000;1.000000;1.000000;0.000000;-0.600000;0.000000;
0.000321;0.600000;0.000000;1.000000;0.600000;0.000000;1.000000;1.000000;0.000000;-0.600000;0.000000;
0.000322;0.600000;0.000000;1.000000;0.600000;0.000000;1.000000;1.000000;0.000000;-0.600000;0.000000;
0.000323;0.600000;0.000000;1.000000;0.600000;0.000000;1.000000;1.000000;0.000000;-0.600000;0.000000;
0.000325;0.600000;0.000000;1.000000;0.600000;0.000000;1.000000;1.000000;0.000000;-0.600000;0.000000;
0.000326;0.600000;0.000000;1.000000;0.600000;0.000000;1.000000;1.000000;0.000000;-0.600000;0.000000;
0.000327;0.600000;0.000000;1.000000;0.600000;0.000000;1.000000;1.000000;0.000000;-0.600000;0.000000;
0.000328;0.600000;0.000000;1.000000;0.600000;0.000000;1.000000;1.000000;0.000000;-0.600000;0.000000;
0.000329;0.600000;0.000000;1.000000;0.600000;0.000000;1.000000;1.000000;0.000000;-0.600000;0.000000;
0.000330;0.600000;0.000000;1.000000;0.600000;0.000000;1.000000;1.000000;0.000000;-0.600000;0.000000;
0.000332;0.600000;0.000000;1.000000;0.600000;0.000000;1.000000;1.000000;0.000000;-0.600000;0.000000;
0.000333;0.600000;0.000000;1.000000;0.600000;0.000000;1.000000;1.000000;0.000000;-0.600000;0.000000;
0.000334;0.600000;0.000000;1.000000;0.600000;0.000000;1.000000;1.000000;0.000000;-0.600000;0.000000;
0.000335;0.600000;0.000000;1.000000;0.600000;0.000000;1.000000;1.000000;0.000000;-0.600000;0.000000;
0.000336;0.600000;0.000000;1.000000;0.600000;0.000000;1.000000;1.000000;0.000000;-0.600000;0.000000;
0.000337;0.600000;0.000000;1.000000;0.600000;0.000000;1.000000;1.000000;0.000000;-0.600000;0.000000;
0.000338;0.600000;0.000000;1.000000;0.600000;0.000000;1.000000;1.000000;0.000000;-0.600000;0.000000;
0.000340;0.600000;0.000000;1.000000;0.600000;0.000000;1.000000;1.000000;0.000000;-0.600000;0.000000;
0.000341;0.600000;0.000000;1.000000;0.600000;0.000000;1.000000;1.000000;0.000000;-0.600000;0.000000;
0.000342;0.600000;0.000000;1.000000;0.600000;0.000000;1.000000;1.000000;0.000000;-0.600000;0.000000;
0.000343;0.600000;0.000000;1.000000;0.600000;0.000000;1.000000;1.000000;0.000000;-0.600000;0.000000;
0.000344;0.600000;0.000000;1.000000;0.600000;0.000000;1.000000;1.000000;0.000000;-0.600000;0.000000;
0.000345;0.600000;0.000000;1.000000;0.600000;0.000000;1.000000;1.000000;0.000000;-0.600000;0.000000;
0.000347;0.600000;0.000000;1.000000;0.600000;0.000000;1.000000;1.000000;0.000000;-0.600000;0.000000;
0.000348;0.600000;0.000000;1.000000;0.600000;0.000000;1.000000;1.000000;0.000000;-0.600000;0.000000;
0.000349;0.600000;0.000000;1.000000;0.600000;0.000000;1.000000;1.000000;0.000000;-0.600000;0.000000;
0.000350;0.600000;0.000000;1.000000;0.600000;0.000000;1.000000;1.000000;0.000000;-0.600000;0.000000;
0.000351;0.600000;0.000000;1.000000;0.600000;0.000000;1.000000;1.000000;0.000000;-0.600000;0.000000;
0.000352;0.600000;0.000000;1.000000;0.600000;0.000000;1.000000;1.000000;0.000000;-0.600000;0.000000;
0.000354;0.600000;0.000000;1.000000;0.600000;0.000000;1.000000;1.000000;0.000000;-0.600000;0.000000;
0.000355;0.600000;0.000000;1.000000;0.600000;0.000000;1.000000;1.000000;0.000000;-0.600000;0.000000;
0.000356;0.600000;0.000000;1.000000;0.600000;0.000000;1.000000;1.000000;0.000000;-0.600000;0.000000;
0.000357;0.600000;0.000000;1.000000;0.600000;0.000000;1.000000;1.000000;0.000000;-0.600000;0.000000;
0.000358;0.600000;0.000000;1.000000;0.600000;0.000000;1.000000;1.000000;0.000000;-0.600000;0.000000;
0.000359;0.600000;0.000000;1.000000;0.600000;0.000000;1.000000;1.000000;0.000000;-0.600000;0.000000;
0.000360;0.600000;0.000000;1.000000;0.600000;0.000000;1.000000;1.000000;0.000000;-0.600000;0.000000;
0.000362;0.600000;0.000000;1.000000;0.600000;0.000000;1.000000;1.000000;0.000000;-0.600000;0.000000;
0.000363;0.600000;0.000000;1.000000;0.600000;0.000000;1.000000;1.000000;0.000000;-0.600000;0.000000;
0.000364;0.600000;0.000000;1.000000;0.600000;0.000000;1.000000;1.000000;0.000000;-0.600000;0.000000;
0.000365;0.600000;0.000000;1.000000;0.600000;0.000000;1.000000;1.000000;0.000000;-0.600000;0.000000;
0.000366;0.600000;0.000000;1.000000;0.600000;0.000000;1.000000;1.000000;0.000000;-0.600000;0.000000;
0.000367;0.600000;0.000000;1.000000;0.600000;0.000000;1.000000;1.000000;0.000000;-0.600000;0.000000;
0.000369;0.600000;0.000000;1.000000;0.600000;0.000000;1.000000;1.000000;0.000000;-0.600000;0.000000;
0.000370;0.600000;0.000000;1.000000;0.600000;0.000000;1.000000;1.000000;0.000000;-0.600000;0.000000;
0.000371;0.600000;0.000000;1.000000;0.600000;0.000000;1.000000;1.000000;0.000000;-0.600000;0.000000;
0.000372;0.600000;0.000000;1.000000;0.600000;0.000000;1.000000;1.000000;0.000000;-0.600000;0.000000;
0.000373;0.600000;0.000000;1.000000;0.600000;0.000000;1.000000;1.000000;0.000000;-0.600000;0.000000;
0.000374;0.600000;0.000000;1.000000;0.600000;0.000000;1.000000;1.000000;0.000000;-0.600000;0.000000;
0.000376;0.600000;0.000000;1.000000;0.600000;0.000000;1.000000;1.000000;0.000000;-0.600000;0.000000;
0.000377;0.600000;0.000000;1.000000;0.600000;0.000000;1.000000;1.000000;0.000000;-0.600000;0.000000;
0.000378;0.600000;0.000000;1.000000;0.600000;0.000000;1.000000;1.000000;0.000000;-0.600000;0.000000;
0.000379;0.600000;0.000000;1.000000;0.600000;0.000000;1.000000;1.000000;0.000000;-0.600000;0.000000;
0.000380;0.600000;0.000000;1.000000;0.600000;0.000000;1.000000;1.000000;0.000000;-0.600000;0.000000;
0.000381;0.600000;0.000000;1.000000;0.600000;0.000000;1.000000;1.000000;0.000000;-0.600000;0.000000;
0.000382;0.600000;0.000000;1.000000;0.600000;0.000000;1.000000;1.000000;0.000000;-0.600000;0.000000;
0.000384;0.600000;0.000000;1.000000;0.600000;0.000000;1.000000;1.000000;0.000000;-0.600000;0.000000;
0.000385;0.600000;0.000000;1.000000;0.600000;0.000000;1.000000;1.000000;0.000000;-0.600000;0.000000;
0.000386;0.600000;0.000000;1.000000;0.600000;0.000000;1.000000;1.000000;0.000000;-0.600000;0.000000;
0.000387;0.600000;0.000000;1.000000;0.600000;0.000000;1.000000;1.000000;0.000000;-0.600000;0.000000;
0.000388;0.600000;0.000000;1.000000;0.600000;0.000000;1.000000;1.000000;0.000000;-0.600000;0.000000;
0.000389;0.600000;0.000000;1.000000;0.600000;0.000000;1.000000;1.000000;0.000000;-0.600000;0.000000;
0.000391;0.600000;0.000000;1.000000;0.600000;0.000000;1.000000;1.000000;0.000000;-0.600000;0.000000;
0.000392;0.600000;0.000000;1.000000;0.600000;0.000000;1.000000;1.000000;0.000000;-0.600000;0.000000;
0.000393;0.600000;0.000000;1.000000;0.600000;0.000000;1.000000;1.000000;0.000000;-0.600000;0.000000;
0.000394;0.600000;0.000000;1.000000;0.600000;0.000000;1.000000;1.000000;0.000000;-0.600000;0.000000;
0.000395;0.600000;0.000000;1.000000;0.600000;0.000000;1.000000;1.000000;0.000000;-0.600000;0.000000;
0.000396;0.600000;0.000000;1.000000;0.600000;0.000000;1.000000;1.000000;0.000000;-0.600000;0.000000;
0.000397;0.600000;0.000000;1.000000;0.600000;0.000000;1.000000;1.000000;0.000000;-0.600000;0.000000;
0.000399;0.600000;0.000000;1.000000;0.600000;0.000000;1.000000;1.000000;0.000000;-0.600000;0.000000;
0.000400;0.600000;0.000000;1.000000;0.600000;0.000000;1.000000;1.000000;0.000000;-0.600000;0.000000;
0.000401;0.600000;0.000000;1.000000;0.600000;0.000000;1.000000;1.000000;0.000000;-0.600000;0.000000;
0.000402;0.600000;0.000000;1.000000;0.600000;0.000000;1.000000;1.000000;0.000000;-0.600000;0.000000;
0.000403;0.600000;0.000000;1.000000;0.600000;0.000000;1.000000;1.000000;0.000000;-0.600000;0.000000;
0.000404;0.600000;0.000000;1.000000;0.600000;0.000000;1.000000;1.000000;0.000000;-0.600000;0.000000;
0.000406;0.600000;0.000000;1.000000;0.600000;0.000000;1.000000;1.000000;0.000000;-0.600000;0.000000;
0.000407;0.600000;0.000000;1.000000;0.600000;0.000000;1.000000;1.000000;0.000000;-0.600000;0.000000;
0.000408;0.600000;0.000000;1.000000;0.600000;0.000000;1.000000;1.000000;0.000000;-0.600000;0.000000;
0.000409;0.600000;0.000000;1.000000;0.600000;0.000000;1.000000;1.000000;0.000000;-0.600000;0.000000;
0.000410;0.600000;0.000000;1.000000;0.600000;0.000000;1.000000;1.000000;0.000000;-0.600000;0.000000;
0.000411;0.600000;0.000000;1.000000;0.600000;0.000000;1.000000;1.000000;0.000000;-0.600000;0.000000;
0.000413;0.600000;0.000000;1.000000;0.600000;0.000000;1.000000;1.000000;0.000000;-0.600000;0.000000;
0.000414;0.600000;0.000000;1.000000;0.600000;0.000000;1.000000;1.000000;0.000000;-0.600000;0.000000;
0.000415;0.600000;0.000000;1.000000;0.600000;0.000000;1.000000;1.000000;0.000000;-0.600000;0.000000;
0.000416;0.600000;0.000000;1.000000;0.600000;0.000000;1.000000;1.000000;0.000000;-0.600000;0.000000;
0.000417;0.600000;0.000000;1.000000;0.600000;0.000000;1.000000;1.000000;0.000000;-0.600000;0.000000;
0.000418;0.600000;0.000000;1.000000;0.600000;0.000000;1.000000;1.000000;0.000000;-0.600000;0.000000;
0.000419;0.600000;0.000000;1.000000;0.600000;0.000000;1.000000;1.000000;0.000000;-0.600000;0.000000;
0.000421;0.600000;0.000000;1.000000;0.600000;0.000000;1.000000;1.000000;0.000000;-0.600000;0.000000;
0.000422;0.600000;0.000000;1.000000;0.600000;0.000000;1.000000;1.000000;0.000000;-0.600000;0.000000;
0.000423;0.600000;0.000000;1.000000;0.600000;0.000000;1.000000;1.000000;0.000000;-0.600000;0.000000;
0.000424;0.600000;0.000000;1.000000;0.600000;0.000000;1.000000;1.000000;0.000000;-0.600000;0.000000;
0.000425;0.600000;0.000000;1.000000;0.600000;0.000000;1.000000;1.000000;0.000000;-0.600000;0.000000;
0.000426;0.600000;0.000000;1.000000;0.600000;0.000000;1.000000;1.000000;0.000000;-0.600000;0.000000;
0.000428;0.600000;0.000000;1.000000;0.600000;0.000000;1.000000;1.000000;0.000000;-0.600000;0.000000;
0.000429;0.600000;0.000000;1.000000;0.600000;0.000000;1.000000;1.000000;0.000000;-0.600000;0.000000;
0.000430;0.600000;0.000000;1.000000;0.600000;0.000000;1.000000;1.000000;0.000000;-0.600000;0.000000;
0.000431;0.600000;0.000000;1.000000;0.600000;0.000000;1.000000;1.000000;0.000000;-0.600000;0.000000;
0.000432;0.600000;0.000000;1.000000;0.600000;0.000000;1.000000;1.000000;0.000000;-0.600000;0.000000;
0.000433;0.600000;0.000000;1.000000;0.600000;0.000000;1.000000;1.000000;0.000000;-0.600000;0.000000;
0.000435;0.600000;0.000000;1.000000;0.600000;0.000000;1.000000;1.000000;0.000000;-0.600000;0.000000;
0.000436;0.600000;0.000000;1.000000;0.600000;0.000000;1.000000;1.000000;0.000000;-0.600000;0.000000;
0.000437;0.600000;0.000000;1.000000;0.600000;0.000000;1.000000;1.000000;0.000000;-0.600000;0.000000;
0.000438;0.600000;0.000000;1.000000;0.600000;0.000000;1.000000;1.000000;0.000000;-0.600000;0.000000;
0.000439;0.600000;0.000000;1.000000;0.600000;0.000000;1.000000;1.000000;0.000000;-0.600000;0.000000;
0.000440;0.600000;0.000000;1.000000;0.600000;0.000000;1.000000;1.000000;0.000000;-0.600000;0.000000;
0.000441;0.600000;0.000000;1.000000;0.600000;0.000000;1.000000;1.000000;0.000000;-0.600000;0.000000;
0.000443;0.600000;0.000000;1.000000;0.600000;0.000000;1.000000;1.000000;0.000000;-0.600000;0.000000;
0.000444;0.600000;0.000000;1.000000;0.600000;0.000000;1.000000;1.000000;0.000000;-0.600000;0.000000;
0.000445;0.600000;0.000000;1.000000;0.600000;0.000000;1.000000;1.000000;0.000000;-0.600000;0.000000;
0.000446;0.600000;0.000000;1.000000;0.600000;0.000000;1.000000;1.000000;0.000000;-0.600000;0.000000;
0.000447;0.600000;0.000000;1.000000;0.600000;0.000000;1.000000;1.000000;0.000000;-0.600000;0.000000;
0.000448;0.600000;0.000000;1.000000;0.600000;0.000000;1.000000;1.000000;0.000000;-0.600000;0.000000;
0.000450;0.600000;0.000000;1.000000;0.600000;0.000000;1.000000;1.000000;0.000000;-0.600000;0.000000;
0.000451;0.600000;0.000000;1.000000;0.600000;0.000000;1.000000;1.000000;0.000000;-0.600000;0.000000;
0.000452;0.600000;0.000000;1.000000;0.600000;0.000000;1.000000;1.000000;0.000000;-0.600000;0.000000;
0.000453;0.600000;0.000000;1.000000;0.600000;0.000000;1.000000;1.000000;0.000000;-0.600000;0.000000;
0.000454;0.600000;0.000000;1.000000;0.600000;0.000000;1.000000;1.000000;0.000000;-0.600000;0.000000;
0.000455;0.600000;0.000000;1.000000;0.600000;0.000000;1.000000;1.000000;0.000000;-0.600000;0.000000;
0.000457;0.600000;0.000000;1.000000;0.600000;0.000000;1.000000;1.000000;0.000000;-0.600000;0.000000;
0.000458;0.600000;0.000000;1.000000;0.600000;0.000000;1.000000;1.000000;0.000000;-0.600000;0.000000;
0.000459;0.600000;0.000000;1.000000;0.600000;0.000000;1.000000;1.000000;0.000000;-0.600000;0.000000;
0.000460;0.600000;0.000000;1.000000;0.600000;0.000000;1.000000;1.000000;0.000000;-0.600000;0.000000;
0.000461;0.600000;0.000000;1.000000;0.600000;0.000000;1.000000;1.000000;0.000000;-0.600000;0.000000;
0.000462;0.600000;0.000000;1.000000;0.600000;0.000000;1.000000;1.000000;0.000000;-0.600000;0.000000;
0.000463;0.600000;0.000000;1.000000;0.600000;0.000000;1.000000;1.000000;0.000000;-0.600000;0.000000;
0.000465;0.600000;0.000000;1.000000;0.600000;0.000000;1.000000;1.000000;0.000000;-0.600000;0.000000;
0.000466;0.600000;0.000000;1.000000;0.600000;0.000000;1.000000;1.000000;0.000000;-0.600000;0.000000;
0.000467;0.600000;0.000000;1.000000;0.600000;0.000000;1.000000;1.000000;0.000000;-0.600000;0.000000;
0.000468;0.600000;0.000000;1.000000;0.600000;0.000000;1.000000;1.000000;0.000000;-0.600000;0.000000;
0.000469;0.600000;0.000000;1.000000;0.600000;0.000000;1.000000;1.000000;0.000000;-0.600000;0.000000;
0.000470;0.600000;0.000000;1.000000;0.600000;0.000000;1.000000;1.000000;0.000000;-0.600000;0.000000;
0.000472;0.600000;0.000000;1.000000;0.600000;0.000000;1.000000;1.000000;0.000000;-0.600000;0.000000;
0.000473;0.600000;0.000000;1.000000;0.600000;0.000000;1.000000;1.000000;0.000000;-0.600000;0.000000;
0.000474;0.600000;0.000000;1.000000;0.600000;0.000000;1.000000;1.000000;0.000000;-0.600000;0.000000;
0.000475;0.600000;0.000000;1.000000;0.600000;0.000000;1.000000;1.000000;0.000000;-0.600000;0.000000;
0.000476;0.600000;0.000000;1.000000;0.600000;0.000000;1.000000;1.000000;0.000000;-0.600000;0.000000;
0.000477;0.600000;0.000000;1.000000;0.600000;0.000000;1.000000;1.000000;0.000000;-0.600000;0.000000;
0.000479;0.600000;0.000000;1.000000;0.600000;0.000000;1.000000;1.000000;0.000000;-0.600000;0.000000;
0.000480;0.600000;0.000000;1.000000;0.600000;0.000000;1.000000;1.000000;0.000000;-0.600000;0.000000;
0.000481;0.600000;0.000000;1.000000;0.600000;0.000000;1.000000;1.000000;0.000000;-0.600000;0.000000;
0.000482;0.600000;0.000000;1.000000;0.600000;0.000000;1.000000;1.000000;0.000000;-0.600000;0.000000;
0.000483;0.600000;0.000000;1.000000;0.600000;0.000000;1.000000;1.000000;0.000000;-0.600000;0.000000;
0.000484;0.600000;0.000000;1.000000;0.600000;0.000000;1.000000;1.000000;0.000000;-0.600000;0.000000;
0.000485;0.600000;0.000000;1.000000;0.600000;0.000000;1.000000;1.000000;0.000000;-0.600000;0.000000;
0.000487;0.600000;0.000000;1.000000;0.600000;0.000000;1.000000;1.000000;0.000000;-0.600000;0.000000;
0.000488;0.600000;0.000000;1.000000;0.600000;0.000000;1.000000;1.000000;0.000000;-0.600000;0.000000;
0.000489;0.600000;0.000000;1.000000;0.600000;0.000000;1.000000;1.000000;0.000000;-0.600000;0.000000;
0.000490;0.600000;0.000000;1.000000;0.600000;0.000000;1.000000;1.000000;0.000000;-0.600000;0.000000;
0.000491;0.600000;0.000000;1.000000;0.600000;0.000000;1.000000;1.000000;0.000000;-0.600000;0.000000;
0.000492;0.600000;0.000000;1.000000;0.600000;0.000000;1.000000;1.000000;0.000000;-0.600000;0.000000;
0.000494;0.600000;0.000000;1.000000;0.600000;0.000000;1.000000;1.000000;0.000000;-0.600000;0.000000;
0.000495;0.600000;0.000000;1.000000;0.600000;0.000000;1.000000;1.000000;0.000000;-0.600000;0.000000;
0.000496;0.600000;0.000000;1.000000;0.600000;0.000000;1.000000;1.000000;0.000000;-0.600000;0.000000;
0.000497;0.600000;0.000000;1.000000;0.600000;0.000000;1.000000;1.000000;0.000000;-0.600000;0.000000;
0.000499;0.600000;0.000000;1.000000;0.600000;0.000000;1.000000;1.000000;0.000000;-0.600000;0.000000;
0.000501;0.600000;0.000000;1.000000;0.600000;0.000000;1.000000;1.000000;0.000000;-0.600000;0.000000;
0.000503;0.600000;0.000000;1.000000;0.600000;0.000000;1.000000;1.000000;0.000000;-0.600000;0.000000;
0.000506;0.600000;0.000000;1.000000;0.600000;0.000000;1.000000;1.000000;0.000000;-0.600000;0.000000;
0.000508;0.600000;0.000000;1.000000;0.600000;0.000000;1.000000;1.000000;0.000000;-0.600000;0.000000;
0.000510;0.600000;0.000000;1.000000;0.600000;0.000000;1.000000;1.000000;0.000000;-0.600000;0.000000;
0.000512;0.600000;0.000000;1.000000;0.600000;0.000000;1.000000;1.000000;0.000000;-0.600000;0.000000;
0.000514;0.600000;0.000000;1.000000;0.600000;0.000000;1.000000;1.000000;0.000000;-0.600000;0.000000;
0.000516;0.600000;0.000000;1.000000;0.600000;0.000000;1.000000;1.000000;0.000000;-0.600000;0.000000;
0.000518;0.600000;0.000000;1.000000;0.600000;0.000000;1.000000;1.000000;0.000000;-0.600000;0.000000;
0.000520;0.600000;0.000000;1.000000;0.600000;0.000000;1.000000;1.000000;0.000000;-0.600000;0.000000;
0.000522;0.600000;0.000000;1.000000;0.600000;0.000000;1.000000;1.000000;0.000000;-0.600000;0.000000;
0.000524;0.600000;0.000000;1.000000;0.600000;0.000000;1.000000;1.000000;0.000000;-0.600000;0.000000;
0.000526;0.600000;0.000000;1.000000;0.600000;0.000000;1.000000;1.000000;0.000000;-0.600000;0.000000;
0.000528;0.600000;0.000000;1.000000;0.600000;0.000000;1.000000;1.000000;0.000000;-0.600000;0.000000;
0.000530;0.600000;0.000000;1.000000;0.600000;0.000000;1.000000;1.000000;0.000000;-0.600000;0.000000;
0.000532;0.600000;0.000000;1.000000;0.600000;0.000000;1.000000;1.000000;0.000000;-0.600000;0.000000;
0.000534;0.600000;0.000000;1.000000;0.600000;0.000000;1.000000;1.000000;0.000000;-0.600000;0.000000;
0.000536;0.600000;0.000000;1.000000;0.600000;0.000000;1.000000;1.000000;0.000000;-0.600000;0.000000;
0.000538;0.600000;0.000000;1.000000;0.600000;0.000000;1.000000;1.000000;0.000000;-0.600000;0.000000;
0.000540;0.600000;0.000000;1.000000;0.600000;0.000000;1.000000;1.000000;0.000000;-0.600000;0.000000;
0.000542;0.600000;0.000000;1.000000;0.600000;0.000000;1.000000;1.000000;0.000000;-0.600000;0.000000;
0.000544;0.600000;0.000000;1.000000;0.600000;0.000000;1.000000;1.000000;0.000000;-0.600000;0.000000;
0.000546;0.600000;0.000000;1.000000;0.600000;0.000000;1.000000;1.000000;0.000000;-0.600000;0.000000;
0.000549;0.600000;0.000000;1.000000;0.600000;0.000000;1.000000;1.000000;0.000000;-0.600000;0.000000;
0.000551;0.600000;0.000000;1.000000;0.600000;0.000000;1.000000;1.000000;0.000000;-0.600000;0.000000;
0.000553;0.600000;0.000000;1.000000;0.600000;0.000000;1.000000;1.000000;0.000000;-0.600000;0.000000;
0.000555;0.600000;0.000000;1.000000;0.600000;0.000000;1.000000;1.000000;0.000000;-0.600000;0.000000;
0.000557;0.600000;0.000000;1.000000;0.600000;0.000000;1.000000;1.000000;0.000000;-0.600000;0.000000;
0.000559;0.600000;0.000000;1.000000;0.600000;0.000000;1.000000;1.000000;0.000000;-0.600000;0.000000;
0.000561;0.600000;0.000000;1.000000;0.600000;0.000000;1.000000;1.000000;0.000000;-0.600000;0.000000;
0.000563;0.600000;0.000000;1.000000;0.600000;0.000000;1.000000;1.000000;0.000000;-0.600000;0.000000;
0.000565;0.600000;0.000000;1.000000;0.600000;0.000000;1.000000;1.000000;0.000000;-0.600000;0.000000;
0.000567;0.600000;0.000000;1.000000;0.600000;0.000000;1.000000;1.000000;0.000000;-0.600000;0.000000;
0.000569;0.600000;0.000000;1.000000;0.600000;0.000000;1.000000;1.000000;0.000000;-0.600000;0.000000;
0.000571;0.600000;0.000000;1.000000;0.600000;0.000000;1.000000;1.000000;0.000000;-0.600000;0.000000;
0.000573;0.600000;0.000000;1.000000;0.600000;0.000000;1.000000;1.000000;0.000000;-0.600000;0.000000;
0.000575;0.600000;0.000000;1.000000;0.600000;0.000000;1.000000;1.000000;0.000000;-0.600000;0.000000;
0.000577;0.600000;0.000000;1.000000;0.600000;0.000000;1.000000;1.000000;0.000000;-0.600000;0.000000;
0.000579;0.600000;0.000000;1.000000;0.600000;0.000000;1.000000;1.000000;0.000000;-0.600000;0.000000;
0.000581;0.600000;0.000000;1.000000;0.600000;0.000000;1.000000;1.000000;0.000000;-0.600000;0.000000;
0.000583;0.600000;0.000000;1.000000;0.600000;0.000000;1.000000;1.000000;0.000000;-0.600000;0.000000;
0.000585;0.600000;0.000000;1.000000;0.600000;0.000000;1.000000;1.000000;0.000000;-0.600000;0.000000;
0.000587;0.600000;0.000000;1.000000;0.600000;0.000000;1.000000;1.000000;0.000000;-0.600000;0.000000;
0.000589;0.600000;0.000000;1.000000;0.600000;0.000000;1.000000;1.000000;0.000000;-0.600000;0.000000;
0.000592;0.600000;0.000000;1.000000;0.600000;0.000000;1.000000;1.000000;0.000000;-0.600000;0.000000;
0.000594;0.600000;0.000000;1.000000;0.600000;0.000000;1.000000;1.000000;0.000000;-0.600000;0.000000;
0.000596;0.600000;0.000000;1.000000;0.600000;0.000000;1.000000;1.000000;0.000000;-0.600000;0.000000;
0.000598;0.600000;0.000000;1.000000;0.600000;0.000000;1.000000;1.000000;0.000000;-0.600000;0.000000;
0.000600;0.600000;0.000000;1.000000;0.600000;0.000000;1.000000;1.000000;0.000000;-0.600000;0.000000;
0.000602;0.600000;0.000000;1.000000;0.600000;0.000000;1.000000;1.000000;0.000000;-0.600000;0.000000;
0.000604;0.600000;0.000000;1.000000;0.600000;0.000000;1.000000;1.000000;0.000000;-0.600000;0.000000;
0.000606;0.600000;0.000000;1.000000;0.600000;0.000000;1.000000;1.000000;0.000000;-0.600000;0.000000;
0.000608;0.600000;0.000000;1.000000;0.600000;0.000000;1.000000;1.000000;0.000000;-0.600000;0.000000;
0.000610;0.600000;0.000000;1.000000;0.600000;0.000000;1.000000;1.000000;0.000000;-0.600000;0.000000;
0.000612;0.600000;0.000000;1.000000;0.600000;0.000000;1.000000;1.000000;0.000000;-0.600000;0.000000;
0.000614;0.599999;0.000000;1.000000;0.599999;0.000000;1.000000;1.000000;0.000000;-0.599999;0.000000;
0.000616;0.599999;0.000000;1.000000;0.599999;0.000000;1.000000;1.000000;0.000000;-0.599999;0.000000;
0.000618;0.599999;0.000000;1.000000;0.599999;0.000000;1.000000;1.000000;0.000000;-0.599999;0.000000;
0.000620;0.599999;0.000000;1.000000;0.599999;0.000000;1.000000;1.000000;0.000000;-0.599999;0.000000;
0.000622;0.599999;0.000000;1.000000;0.599999;0.000000;1.000000;1.000000;0.000000;-0.599999;0.000000;
0.000624;0.599999;0.000000;1.000000;0.599999;0.000000;1.000000;1.000000;0.000000;-0.599999;0.000000;
0.000626;0.599999;0.000000;1.000000;0.599999;0.000000;1.000000;1.000000;0.000000;-0.599999;0.000000;
0.000628;0.599999;0.000000;1.000000;0.599999;0.000000;1.000000;1.000000;0.000000;-0.599999;0.000000;
0.000630;0.599999;0.000000;1.000000;0.599999;0.000000;1.000000;1.000000;0.000000;-0.599999;0.000000;
0.000632;0.599999;0.000000;1.000000;0.599999;0.000000;1.000000;1.000000;0.000000;-0.599999;0.000000;
0.000635;0.599999;0.000000;1.000000;0.599999;0.000000;1.000000;1.000000;0.000000;-0.599999;0.000000;
0.000637;0.599999;0.000000;1.000000;0.599999;0.000000;1.000000;1.000000;0.000000;-0.599999;0.000000;
0.000639;0.599999;0.000000;1.000000;0.599999;0.000000;1.000000;1.000000;0.000000;-0.599999;0.000000;
0.000641;0.599999;0.000000;1.000000;0.599999;0.000000;1.000000;1.000000;0.000000;-0.599999;0.000000;
0.000643;0.599999;0.000000;1.000000;0.599999;0.000000;1.000000;1.000000;0.000000;-0.599999;0.000000;
0.000645;0.599999;0.000000;1.000000;0.599999;0.000000;1.000000;1.000000;0.000000;-0.599999;0.000000;
0.000647;0.599999;0.000000;1.000000;0.599999;0.000000;1.000000;1.000000;0.000000;-0.599999;0.000000;
0.000649;0.599999;0.000000;1.000000;0.599999;0.000000;1.000000;1.000000;0.000000;-0.599999;0.000000;
0.000651;0.599999;0.000000;1.000000;0.599999;0.000000;1.000000;1.000000;0.000000;-0.599999;0.000000;
0.000653;0.599999;0.000000;1.000000;0.599999;0.000000;1.000000;1.000000;0.000000;-0.599999;0.000000;
0.000655;0.599999;0.000000;1.000000;0.599999;0.000000;1.000000;1.000000;0.000000;-0.599999;0.000000;
0.000657;0.599999;0.000000;1.000000;0.599999;0.000000;1.000000;1.000000;0.000000;-0.599999;0.000000;
0.000659;0.599999;0.000000;1.000000;0.599999;0.000000;1.000000;1.000000;0.000000;-0.599999;0.000000;
0.000661;0.599999;0.000000;1.000000;0.599999;0.000000;1.000000;1.000000;0.000000;-0.599999;0.000000;
0.000663;0.599999;0.000000;1.000000;0.599999;0.000000;1.000000;1.000000;0.000000;-0.599999;0.000000;
0.000665;0.599999;0.000000;1.000000;0.599999;0.000000;1.000000;1.000000;0.000000;-0.599999;0.000000;
0.000667;0.599999;0.000000;1.000000;0.599999;0.000000;1.000000;1.000000;0.000000;-0.599999;0.000000;
0.000669;0.599999;0.000000;1.000000;0.599999;0.000000;1.000000;1.000000;0.000000;-0.599999;0.000000;
0.000671;0.599999;0.000000;1.000000;0.599999;0.000000;1.000000;1.000000;0.000000;-0.599999;0.000000;
0.000673;0.599999;0.000000;1.000000;0.599999;0.000000;1.000000;1.000000;0.000000;-0.599999;0.000000;
0.000675;0.599999;0.000000;1.000000;0.599999;0.000000;1.000000;1.000000;0.000000;-0.599999;0.000000;
0.000678;0.599999;0.000000;1.000000;0.599999;0.000000;1.000000;1.000000;0.000000;-0.599999;0.000000;
0.000680;0.599999;0.000000;1.000000;0.599999;0.000000;1.000000;1.000000;0.000000;-0.599999;0.000000;
0.000682;0.599999;0.000000;1.000000;0.599999;0.000000;1.000000;1.000000;0.000000;-0.599999;0.000000;
0.000684;0.599999;0.000000;1.000000;0.599999;0.000000;1.000000;1.000000;0.000000;-0.599999;0.000000;
0.000686;0.599999;0.000000;1.000000;0.599999;0.000000;1.000000;1.000000;0.000000;-0.599999;0.000000;
0.000688;0.599999;0.000000;1.000000;0.599999;0.000000;1.000000;1.000000;0.000000;-0.599999;0.000000;
0.000690;0.599999;0.000000;1.000000;0.599999;0.000000;1.000000;1.000000;0.000000;-0.599999;0.000000;
0.000692;0.599999;0.000000;1.000000;0.599999;0.000000;1.000000;1.000000;0.000000;-0.599999;0.000000;
0.000694;0.599999;0.000000;1.000000;0.599999;0.000000;1.000000;1.000000;0.000000;-0.599999;0.000000;
0.000696;0.599999;0.000000;1.000000;0.599999;0.000000;1.000000;1.000000;0.000000;-0.599999;0.000000;
0.000698;0.599999;0.000000;1.000000;0.599999;0.000000;1.000000;1.000000;0.000000;-0.599999;0.000000;
0.000700;0.599999;0.000000;1.000000;0.599999;0.000000;1.000000;1.000000;0.000000;-0.599999;0.000000;
0.000702;0.599999;0.000000;1.000000;0.599999;0.000000;1.000000;1.000000;0.000000;-0.599999;0.000000;
0.000704;0.599999;0.000000;1.000000;0.599999;0.000000;1.000000;1.000000;0.000000;-0.599999;0.000000;
0.000706;0.599999;0.000000;1.000000;0.599999;0.000000;1.000000;1.000000;0.000000;-0.599999;0.000000;
0.000710;0.599999;0.000000;1.000000;0.599999;0.000000;1.000000;1.000000;0.000000;-0.599999;0.000000;
0.000714;0.599999;0.000000;1.000000;0.599999;0.000000;1.000000;1.000000;0.000000;-0.599999;0.000000;
0.000718;0.599999;0.000000;1.000000;0.599999;0.000000;1.000000;1.000000;0.000000;-0.599999;0.000000;
0.000721;0.599999;0.000000;1.000000;0.599999;0.000000;1.000000;1.000000;0.000000;-0.599999;0.000000;
0.000725;0.599999;0.000000;1.000000;0.599999;0.000000;1.000000;1.000000;0.000000;-0.599999;0.000000;
0.000729;0.599999;0.000000;1.000000;0.599999;0.000000;1.000000;1.000000;0.000000;-0.599999;0.000000;
0.000732;0.599999;0.000000;1.000000;0.599999;0.000000;1.000000;1.000000;0.000000;-0.599999;0.000000;
0.000736;0.599999;0.000000;1.000000;0.599999;0.000000;1.000000;1.000000;0.000000;-0.599999;0.000000;
0.000740;0.599999;0.000000;1.000000;0.599999;0.000000;1.000000;1.000000;0.000000;-0.599999;0.000000;
0.000743;0.599999;0.000000;1.000000;0.599999;0.000000;1.000000;1.000000;0.000000;-0.599999;0.000000;
0.000747;0.599999;0.000000;1.000000;0.599999;0.000000;1.000000;1.000000;0.000000;-0.599999;0.000000;
0.000751;0.599999;0.000000;1.000000;0.599999;0.000000;1.000000;1.000000;0.000000;-0.599999;0.000000;
0.000754;0.599999;0.000000;1.000000;0.599999;0.000000;1.000000;1.000000;0.000000;-0.599999;0.000000;
0.000758;0.599999;0.000000;1.000000;0.599999;0.000000;1.000000;1.000000;0.000000;-0.599999;0.000000;
0.000761;0.599999;0.000000;1.000000;0.599999;0.000000;1.000000;1.000000;0.000000;-0.599999;0.000000;
0.000765;0.599999;0.000000;1.000000;0.599999;0.000000;1.000000;1.000000;0.000000;-0.599999;0.000000;
0.000769;0.599999;0.000000;1.000000;0.599999;0.000000;1.000000;1.000000;0.000000;-0.599999;0.000000;
0.000772;0.599999;0.000000;1.000000;0.599999;0.000000;1.000000;1.000000;0.000000;-0.599999;0.000000;
0.000776;0.599999;0.000000;1.000000;0.599999;0.000000;1.000000;1.000000;0.000000;-0.599999;0.000000;
0.000780;0.599999;0.000000;1.000000;0.599999;0.000000;1.000000;1.000000;0.000000;-0.599999;0.000000;
0.000783;0.599999;0.000000;1.000000;0.599999;0.000000;1.000000;1.000000;0.000000;-0.599999;0.000000;
0.000787;0.599999;0.000000;1.000000;0.599999;0.000000;1.000000;1.000000;0.000000;-0.599999;0.000000;
0.000791;0.599999;0.000000;1.000000;0.599999;0.000000;1.000000;1.000000;0.000000;-0.599999;0.000000;
0.000794;0.599999;0.000000;1.000000;0.599999;0.000000;1.000000;1.000000;0.000000;-0.599999;0.000000;
0.000798;0.599999;0.000000;1.000000;0.599999;0.000000;1.000000;1.000000;0.000000;-0.599999;0.000000;
0.000802;0.599999;0.000000;1.000000;0.599999;0.000000;1.000000;1.000000;0.000000;-0.599999;0.000000;
0.000805;0.599999;0.000000;1.000000;0.599999;0.000000;1.000000;1.000000;0.000000;-0.599999;0.000000;
0.000809;0.599999;0.000000;1.000000;0.599999;0.000000;1.000000;1.000000;0.000000;-0.599999;0.000000;
0.000813;0.599999;0.000000;1.000000;0.599999;0.000000;1.000000;1.000000;0.000000;-0.599999;0.000000;
0.000816;0.599999;0.000000;1.000000;0.599999;0.000000;1.000000;1.000000;0.000000;-0.599999;0.000000;
0.000820;0.599999;0.000000;1.000000;0.599999;0.000000;1.000000;1.000000;0.000000;-0.599999;0.000000;
0.000824;0.599999;0.000000;1.000000;0.599999;0.000000;1.000000;1.000000;0.000000;-0.599999;0.000000;
0.000827;0.599999;0.000000;1.000000;0.599999;0.000000;1.000000;1.000000;0.000000;-0.599999;0.000000;
0.000831;0.599999;0.000000;1.000000;0.599999;0.000000;1.000000;1.000000;0.000000;-0.599999;0.000000;
0.000835;0.599999;0.000000;1.000000;0.599999;0.000000;1.000000;1.000000;0.000000;-0.599999;0.000000;
0.000838;0.599999;0.000000;1.000000;0.599999;0.000000;1.000000;1.000000;0.000000;-0.599999;0.000000;
0.000842;0.599999;0.000000;1.000000;0.599999;0.000000;1.000000;1.000000;0.000000;-0.599999;0.000000;
0.000846;0.599999;0.000000;1.000000;0.599999;0.000000;1.000000;1.000000;0.000000;-0.599999;0.000000;
0.000849;0.599999;0.000000;1.000000;0.599999;0.000000;1.000000;1.000000;0.000000;-0.599999;0.000000;
0.000853;0.599999;0.000000;1.000000;0.599999;0.000000;1.000000;1.000000;0.000000;-0.599999;0.000000;
0.000857;0.599999;0.000000;1.000000;0.599999;0.000000;1.000000;1.000000;0.000000;-0.599999;0.000000;
0.000860;0.599999;0.000000;1.000000;0.599999;0.000000;1.000000;1.000000;0.000000;-0.599999;0.000000;
0.000864;0.599999;0.000000;1.000000;0.599999;0.000000;1.000000;1.000000;0.000000;-0.599999;0.000000;
0.000871;0.599999;0.000000;1.000000;0.599999;0.000000;1.000000;1.000000;0.000000;-0.599999;0.000000;
0.000878;0.599999;0.000000;1.000000;0.599999;0.000000;1.000000;1.000000;0.000000;-0.599999;0.000000;
0.000884;0.599999;0.000000;1.000000;0.599999;0.000000;1.000000;1.000000;0.000000;-0.599999;0.000000;
0.000891;0.599999;0.000000;1.000000;0.599999;0.000000;1.000000;1.000000;0.000000;-0.599999;0.000000;
0.000898;0.599999;0.000000;1.000000;0.599999;0.000000;1.000000;1.000000;0.000000;-0.599999;0.000000;
0.000904;0.599999;0.000000;1.000000;0.599999;0.000000;1.000000;1.000000;0.000000;-0.599999;0.000000;
0.000911;0.599999;0.000000;1.000000;0.599999;0.000000;1.000000;1.000000;0.000000;-0.599999;0.000000;
0.000917;0.599998;0.000000;1.000000;0.599998;0.000000;1.000000;1.000000;0.000000;-0.599998;0.000000;
0.000924;0.599998;0.000000;1.000000;0.599998;0.000000;1.000000;1.000000;0.000000;-0.599998;0.000000;
0.000930;0.599998;0.000000;1.000000;0.599998;0.000000;1.000000;1.000000;0.000000;-0.599998;0.000000;
0.000937;0.599998;0.000000;1.000000;0.599998;0.000000;1.000000;1.000000;0.000000;-0.599998;0.000000;
0.000944;0.599998;0.000000;1.000000;0.599998;0.000000;1.000000;1.000000;0.000000;-0.599998;0.000000;
0.000950;0.599998;0.000000;1.000000;0.599998;0.000000;1.000000;1.000000;0.000000;-0.599998;0.000000;
0.000957;0.599998;0.000000;1.000000;0.599998;0.000000;1.000000;1.000000;0.000000;-0.599998;0.000000;
0.000963;0.599998;0.000000;1.000000;0.599998;0.000000;1.000000;1.000000;0.000000;-0.599998;0.000000;
0.000970;0.599998;0.000000;1.000000;0.599998;0.000000;1.000000;1.000000;0.000000;-0.599998;0.000000;
0.000977;0.599998;0.000000;1.000000;0.599998;0.000000;1.000000;1.000000;0.000000;-0.599998;0.000000;
0.000983;0.599998;0.000000;1.000000;0.599998;0.000000;1.000000;1.000000;0.000000;-0.599998;0.000000;
0.000990;0.599998;0.000000;1.000000;0.599998;0.000000;1.000000;1.000000;0.000000;-0.599998;0.000000;
0.000996;0.599998;0.000000;1.000000;0.599998;0.000000;1.000000;1.000000;0.000000;-0.599998;0.000000;
0.001003;0.599998;0.000000;1.000000;0.599998;0.000000;1.000000;1.000000;0.000000;-0.599998;0.000000;
0.001009;0.599998;0.000000;1.000000;0.599998;0.000000;1.000000;1.000000;0.000000;-0.599998;0.000000;
0.001016;0.599998;0.000000;1.000000;0.599998;0.000000;1.000000;1.000000;0.000000;-0.599998;0.000000;
0.001029;0.599998;0.000000;1.000000;0.599998;0.000000;1.000000;1.000000;0.000000;-0.599998;0.000000;
0.001041;0.599998;0.000000;1.000000;0.599998;0.000000;1.000000;1.000000;0.000000;-0.599998;0.000000;
0.001053;0.599998;0.000000;1.000000;0.599998;0.000000;1.000000;1.000000;0.000000;-0.599998;0.000000;
0.001065;0.599998;0.000000;1.000000;0.599998;0.000000;1.000000;1.000000;0.000000;-0.599998;0.000000;
0.001077;0.599998;0.000000;1.000000;0.599998;0.000000;1.000000;1.000000;0.000000;-0.599998;0.000000;
0.001088;0.599998;0.000000;1.000000;0.599998;0.000000;1.000000;1.000000;0.000000;-0.599998;0.000000;
0.001100;0.599998;0.000000;1.000000;0.599998;0.000000;1.000000;1.000000;0.000000;-0.599998;0.000000;
0.001112;0.599997;0.000000;1.000000;0.599997;0.000000;1.000000;1.000000;0.000000;-0.599997;0.000000;
0.001124;0.599997;0.000000;1.000000;0.599997;0.000000;1.000000;1.000000;0.000000;-0.599997;0.000000;
0.001136;0.599997;0.000000;1.000000;0.599997;0.000000;1.000000;1.000000;0.000000;-0.599997;0.000000;
0.001148;0.599997;0.000000;1.000000;0.599997;0.000000;1.000000;1.000000;0.000000;-0.599997;0.000000;
0.001159;0.599997;0.000000;1.000000;0.599997;0.000000;1.000000;1.000000;0.000000;-0.599997;0.000000;
0.001171;0.599997;0.000000;1.000000;0.599997;0.000000;1.000000;1.000000;0.000000;-0.599997;0.000000;
0.001183;0.599997;0.000000;1.000000;0.599997;0.000000;1.000000;1.000000;0.000000;-0.599997;0.000000;
0.001195;0.599997;0.000000;1.000000;0.599997;0.000000;1.000000;1.000000;0.000000;-0.599997;0.000000;
0.001207;0.599997;0.000000;1.000000;0.599997;0.000000;1.000000;1.000000;0.000000;-0.599997;0.000000;
0.001219;0.599997;0.000000;1.000000;0.599997;0.000000;1.000000;1.000000;0.000000;-0.599997;0.000000;
0.001231;0.599997;0.000000;1.000000;0.599997;0.000000;1.000000;1.000000;0.000000;-0.599997;0.000000;
0.001242;0.599997;0.000000;1.000000;0.599997;0.000000;1.000000;1.000000;0.000000;-0.599997;0.000000;
0.001254;0.599997;0.000000;1.000000;0.599997;0.000000;1.000000;1.000000;0.000000;-0.599997;0.000000;
0.001266;0.599996;0.000000;1.000000;0.599996;0.000000;1.000000;1.000000;0.000000;-0.599996;0.000000;
0.001290;0.599996;0.000000;1.000000;0.599996;0.000000;1.000000;1.000000;0.000000;-0.599996;0.000000;
0.001311;0.599996;0.000000;1.000000;0.599996;0.000000;1.000000;1.000000;0.000000;-0.599996;0.000000;
0.001332;0.599996;0.000000;1.000000;0.599996;0.000000;1.000000;1.000000;0.000000;-0.599996;0.000000;
0.001353;0.599996;0.000000;1.000000;0.599996;0.000000;1.000000;1.000000;0.000000;-0.599996;0.000000;
0.001374;0.599996;0.000000;1.000000;0.599996;0.000000;1.000000;1.000000;0.000000;-0.599996;0.000000;
0.001395;0.599995;0.000000;1.000000;0.599995;0.000000;1.000000;1.000000;0.000000;-0.599995;0.000000;
0.001416;0.599995;0.000000;1.000000;0.599995;0.000000;1.000000;1.000000;0.000000;-0.599995;0.000000;
0.001437;0.599995;0.000000;1.000000;0.599995;0.000000;1.000000;1.000000;0.000000;-0.599995;0.000000;
0.001458;0.599995;0.000000;1.000000;0.599995;0.000000;1.000000;1.000000;0.000000;-0.599995;0.000000;
0.001479;0.599995;0.000000;1.000000;0.599995;0.000000;1.000000;1.000000;0.000000;-0.599995;0.000000;
0.001500;0.599994;0.000000;1.000000;0.599994;0.000000;1.000000;1.000000;0.000000;-0.599994;0.000000;
0.001521;0.599994;0.000000;1.000000;0.599994;0.000000;1.000000;1.000000;0.000000;-0.599994;0.000000;
0.001542;0.599994;0.000000;1.000000;0.599994;0.000000;1.000000;1.000000;0.000000;-0.599994;0.000000;
0.001563;0.599994;0.000000;1.000000;0.599994;0.000000;1.000000;1.000000;0.000000;-0.599994;0.000000;
0.001584;0.599994;0.000000;1.000000;0.599994;0.000000;1.000000;1.000000;0.000000;-0.599994;0.000000;
0.001605;0.599993;0.000000;1.000000;0.599993;0.000000;1.000000;1.000000;0.000000;-0.599993;0.000000;
0.001626;0.599993;0.000000;1.000000;0.599993;0.000000;1.000000;1.000000;0.000000;-0.599993;0.000000;
0.001647;0.599993;0.000000;1.000000;0.599993;0.000000;1.000000;1.000000;0.000000;-0.599993;0.000000;
0.001668;0.599993;0.000000;1.000000;0.599993;0.000000;1.000000;1.000000;0.000000;-0.599993;0.000000;
0.001689;0.599993;0.000000;1.000000;0.599993;0.000000;1.000000;1.000000;0.000000;-0.599993;0.000000;
0.001710;0.599992;0.000000;1.000000;0.599992;0.000000;1.000000;1.000000;0.000000;-0.599992;0.000000;
0.001730;0.599992;0.000000;1.000000;0.599992;0.000000;1.000000;1.000000;0.000000;-0.599992;0.000000;
0.001751;0.599992;0.000000;1.000000;0.599992;0.000000;1.000000;1.000000;0.000000;-0.599992;0.000000;
0.001772;0.599992;0.000000;1.000000;0.599992;0.000000;1.000000;1.000000;0.000000;-0.599992;0.000000;
0.001793;0.599991;0.000000;1.000000;0.599991;0.000000;1.000000;1.000000;0.000000;-0.599991;0.000000;
0.001814;0.599991;0.000000;1.000000;0.599991;0.000000;1.000000;1.000000;0.000000;-0.599991;0.000000;
0.001835;0.599991;0.000000;1.000000;0.599991;0.000000;1.000000;1.000000;0.000000;-0.599991;0.000000;
0.001856;0.599991;0.000000;1.000000;0.599991;0.000000;1.000000;1.000000;0.000000;-0.599991;0.000000;
0.001877;0.599990;0.000000;1.000000;0.599990;0.000000;1.000000;1.000000;0.000000;-0.599990;0.000000;
0.001898;0.599990;0.000000;1.000000;0.599990;0.000000;1.000000;1.000000;0.000000;-0.599990;0.000000;
0.001919;0.599990;0.000000;1.000000;0.599990;0.000000;1.000000;1.000000;0.000000;-0.599990;0.000000;
0.001940;0.599990;0.000000;1.000000;0.599990;0.000000;1.000000;1.000000;0.000000;-0.599990;0.000000;
0.001961;0.599989;0.000000;1.000000;0.599989;0.000000;1.000000;1.000000;0.000000;-0.599989;0.000000;
0.001982;0.599989;0.000000;1.000000;0.599989;0.000000;1.000000;1.000000;0.000000;-0.599989;0.000000;
0.002003;0.599989;0.000000;1.000000;0.599989;0.000000;1.000000;1.000000;0.000000;-0.599989;0.000000;
0.002024;0.599988;0.000000;1.000000;0.599988;0.000000;1.000000;1.000000;0.000000;-0.599988;0.000000;
0.002045;0.599988;0.000000;1.000000;0.599988;0.000000;1.000000;1.000000;0.000000;-0.599988;0.000000;
0.002066;0.599988;0.000000;1.000000;0.599988;0.000000;1.000000;1.000000;0.000000;-0.599988;0.000000;
0.002087;0.599988;0.000000;1.000000;0.599988;0.000000;1.000000;1.000000;0.000000;-0.599988;0.000000;
0.002108;0.599987;0.000000;1.000000;0.599987;0.000000;1.000000;1.000000;0.000000;-0.599987;0.000000;
0.002129;0.599987;0.000000;1.000000;0.599987;0.000000;1.000000;1.000000;0.000000;-0.599987;0.000000;
0.002150;0.599987;0.000000;1.000000;0.599987;0.000000;1.000000;1.000000;0.000000;-0.599987;0.000000;
0.002171;0.599986;0.000000;1.000000;0.599986;0.000000;1.000000;1.000000;0.000000;-0.599986;0.000000;
0.002192;0.599986;0.000000;1.000000;0.599986;0.000000;1.000000;1.000000;0.000000;-0.599986;0.000000;
0.002213;0.599986;0.000000;1.000000;0.599986;0.000000;1.000000;1.000000;0.000000;-0.599986;0.000000;
0.002234;0.599985;0.000000;1.000000;0.599985;0.000000;1.000000;1.000000;0.000000;-0.599985;0.000000;
0.002255;0.599985;0.000000;1.000000;0.599985;0.000000;1.000000;1.000000;0.000000;-0.599985;0.000000;
0.002276;0.599985;0.000000;1.000000;0.599985;0.000000;1.000000;1.000000;0.000000;-0.599985;0.000000;
0.002297;0.599985;0.000000;1.000000;0.599985;0.000000;1.000000;1.000000;0.000000;-0.599985;0.000000;
0.002318;0.599984;0.000000;1.000000;0.599984;0.000000;1.000000;1.000000;0.000000;-0.599984;0.000000;
0.002339;0.599984;0.000000;1.000000;0.599984;0.000000;1.000000;1.000000;0.000000;-0.599984;0.000000;
0.002360;0.599984;0.000000;1.000000;0.599984;0.000000;1.000000;1.000000;0.000000;-0.599984;0.000000;
0.002381;0.599983;0.000000;1.000000;0.599983;0.000000;1.000000;1.000000;0.000000;-0.599983;0.000000;
0.002402;0.599983;0.000000;1.000000;0.599983;0.000000;1.000000;1.000000;0.000000;-0.599983;0.000000;
0.002423;0.599983;0.000000;1.000000;0.599983;0.000000;1.000000;1.000000;0.000000;-0.599983;0.000000;
0.002444;0.599982;0.000000;1.000000;0.599982;0.000000;1.000000;1.000000;0.000000;-0.599982;0.000000;
0.002465;0.599982;0.000000;1.000000;0.599982;0.000000;1.000000;1.000000;0.000000;-0.599982;0.000000;
0.002486;0.599981;0.000000;1.000000;0.599981;0.000000;1.000000;1.000000;0.000000;-0.599981;0.000000;
0.002507;0.599981;0.000000;1.000000;0.599981;0.000000;1.000000;1.000000;0.000000;-0.599981;0.000000;
0.002549;0.599980;0.000000;1.000000;0.599980;0.000000;1.000000;1.000000;0.000000;-0.599980;0.000000;
0.002587;0.599980;0.000000;1.000000;0.599980;0.000000;1.000000;1.000000;0.000000;-0.599980;0.000000;
0.002624;0.599979;0.000000;1.000000;0.599979;0.000000;1.000000;1.000000;0.000000;-0.599979;0.000000;
0.002662;0.599978;0.000000;1.000000;0.599978;0.000000;1.000000;1.000000;0.000000;-0.599978;0.000000;
0.002700;0.599978;0.000000;1.000000;0.599978;0.000000;1.000000;1.000000;0.000000;-0.599978;0.000000;
0.002738;0.599977;0.000000;1.000000;0.599977;0.000000;1.000000;1.000000;0.000000;-0.599977;0.000000;
0.002776;0.599976;0.000000;1.000000;0.599976;0.000000;1.000000;1.000000;0.000000;-0.599976;0.000000;
0.002813;0.599976;0.000000;1.000000;0.599976;0.000000;1.000000;1.000000;0.000000;-0.599976;0.000000;
0.002851;0.599975;0.000000;1.000000;0.599975;0.000000;1.000000;1.000000;0.000000;-0.599975;0.000000;
0.002889;0.599974;0.000000;1.000000;0.599974;0.000000;1.000000;1.000000;0.000000;-0.599974;0.000000;
0.002927;0.599974;0.000000;1.000000;0.599974;0.000000;1.000000;1.000000;0.000000;-0.599974;0.000000;
0.002964;0.599973;0.000000;1.000000;0.599973;0.000000;1.000000;1.000000;0.000000;-0.599973;0.000000;
0.003002;0.599972;0.000000;1.000000;0.599972;0.000000;1.000000;1.000000;0.000000;-0.599972;0.000000;
0.003040;0.599971;0.000000;1.000000;0.599971;0.000000;1.000000;1.000000;0.000000;-0.599971;0.000000;
0.003078;0.599971;0.000000;1.000000;0.599971;0.000000;1.000000;1.000000;0.000000;-0.599971;0.000000;
0.003115;0.599970;0.000000;1.000000;0.599970;0.000000;1.000000;1.000000;0.000000;-0.599970;0.000000;
0.003153;0.599969;0.000000;1.000000;0.599969;0.000000;1.000000;1.000000;0.000000;-0.599969;0.000000;
0.003191;0.599968;0.000000;1.000000;0.599968;0.000000;1.000000;1.000000;0.000000;-0.599968;0.000000;
0.003212;0.599968;0.000000;1.000000;0.599968;0.000000;1.000000;1.000000;0.000000;-0.599968;0.000000;
0.003213;0.599968;0.000000;1.000000;0.599968;0.000000;1.000000;1.000000;0.000000;-0.599968;0.000000;
0.003214;0.599968;0.000000;1.000000;0.599968;0.000000;1.000000;1.000000;0.000000;-0.599968;0.000000;
0.003217;0.599968;0.000000;1.000000;0.599968;0.000000;1.000000;1.000000;0.000000;-0.599968;0.000000;
0.003221;0.599968;0.000000;1.000000;0.599968;0.000000;1.000000;1.000000;0.000000;-0.599968;0.000000;
0.003231;0.599967;0.000000;1.000000;0.599967;0.000000;1.000000;1.000000;0.000000;-0.599967;0.000000;
0.003251;0.599967;0.000000;1.000000;0.599967;0.000000;1.000000;1.000000;0.000000;-0.599967;0.000000;
0.003289;0.599966;0.000000;1.000000;0.599966;0.000000;1.000000;1.000000;0.000000;-0.599966;0.000000;
0.003328;0.599965;0.000000;1.000000;0.599965;0.000000;1.000000;1.000000;0.000000;-0.599965;0.000000;
0.003367;0.599965;0.000000;1.000000;0.599965;0.000000;1.000000;1.000000;0.000000;-0.599965;0.000000;
0.003406;0.599964;0.000000;1.000000;0.599964;0.000000;1.000000;1.000000;0.000000;-0.599964;0.000000;
0.003445;0.599963;0.000000;1.000000;0.599963;0.000000;1.000000;1.000000;0.000000;-0.599963;0.000000;
0.003483;0.599962;0.000000;1.000000;0.599962;0.000000;1.000000;1.000000;0.000000;-0.599962;0.000000;
0.003522;0.599961;0.000000;1.000000;0.599961;0.000000;1.000000;1.000000;0.000000;-0.599961;0.000000;
0.003561;0.599960;0.000000;1.000000;0.599960;0.000000;1.000000;1.000000;0.000000;-0.599960;0.000000;
0.003600;0.599960;0.000000;1.000000;0.599960;0.000000;1.000000;1.000000;0.000000;-0.599960;0.000000;
0.003639;0.599959;0.000000;1.000000;0.599959;0.000000;1.000000;1.000000;0.000000;-0.599959;0.000000;
0.003677;0.599958;0.000000;1.000000;0.599958;0.000000;1.000000;1.000000;0.000000;-0.599958;0.000000;
0.003716;0.599957;0.000000;1.000000;0.599957;0.000000;1.000000;1.000000;0.000000;-0.599957;0.000000;
0.003755;0.599956;0.000000;1.000000;0.599956;0.000000;1.000000;1.000000;0.000000;-0.599956;0.000000;
0.003794;0.599955;0.000000;1.000000;0.599955;0.000000;1.000000;1.000000;0.000000;-0.599955;0.000000;
0.003871;0.599954;0.000000;1.000000;0.599954;0.000000;1.000000;1.000000;0.000000;-0.599954;0.000000;
0.003941;0.599952;0.000000;1.000000;0.599952;0.000000;1.000000;1.000000;0.000000;-0.599952;0.000000;
0.004011;0.599950;0.000000;1.000000;0.599950;0.000000;1.000000;1.000000;0.000000;-0.599950;0.000000;
0.004081;0.599949;0.000000;1.000000;0.599949;0.000000;1.000000;1.000000;0.000000;-0.599949;0.000000;
0.004151;0.599947;0.000000;1.000000;0.599947;0.000000;1.000000;1.000000;0.000000;-0.599947;0.000000;
0.004220;0.599945;0.000000;1.000000;0.599945;0.000000;1.000000;1.000000;0.000000;-0.599945;0.000000;
0.004290;0.599944;0.000000;1.000000;0.599944;0.000000;1.000000;1.000000;0.000000;-0.599944;0.000000;
0.004360;0.599942;0.000000;1.000000;0.599942;0.000000;1.000000;1.000000;0.000000;-0.599942;0.000000;
0.004430;0.599941;0.000000;1.000000;0.599941;0.000000;1.000000;1.000000;0.000000;-0.599941;0.000000;
0.004499;0.599939;0.000000;1.000000;0.599939;0.000000;1.000000;1.000000;0.000000;-0.599939;0.000000;
0.004569;0.599937;0.000000;1.000000;0.599937;0.000000;1.000000;1.000000;0.000000;-0.599937;0.000000;
0.004639;0.599936;0.000000;1.000000;0.599936;0.000000;1.000000;1.000000;0.000000;-0.599936;0.000000;
0.004709;0.599934;0.000000;1.000000;0.599934;0.000000;1.000000;1.000000;0.000000;-0.599934;0.000000;
0.004779;0.599932;0.000000;1.000000;0.599932;0.000000;1.000000;1.000000;0.000000;-0.599932;0.000000;
0.004848;0.599930;0.000000;1.000000;0.599930;0.000000;1.000000;1.000000;0.000000;-0.599930;0.000000;
0.004918;0.599929;0.000000;1.000000;0.599929;0.000000;1.000000;1.000000;0.000000;-0.599929;0.000000;
0.004988;0.599927;0.000000;1.000000;0.599927;0.000000;1.000000;1.000000;0.000000;-0.599927;0.000000;
0.005058;0.599925;0.000000;1.000000;0.599925;0.000000;1.000000;1.000000;0.000000;-0.599925;0.000000;
0.005197;0.599922;0.000000;1.000000;0.599922;0.000000;1.000000;1.000000;0.000000;-0.599922;0.000000;
0.005323;0.599919;0.000000;1.000000;0.599919;0.000000;1.000000;1.000000;0.000000;-0.599919;0.000000;
0.005449;0.599916;0.000000;1.000000;0.599916;0.000000;1.000000;1.000000;0.000000;-0.599916;0.000000;
0.005574;0.599913;0.000000;1.000000;0.599913;0.000000;1.000000;1.000000;0.000000;-0.599913;0.000000;
0.005700;0.599909;0.000000;1.000000;0.599909;0.000000;1.000000;1.000000;0.000000;-0.599909;0.000000;
0.005825;0.599906;0.000000;1.000000;0.599906;0.000000;1.000000;1.000000;0.000000;-0.599906;0.000000;
0.005951;0.599903;0.000000;1.000000;0.599903;0.000000;1.000000;1.000000;0.000000;-0.599903;0.000000;
0.006077;0.599900;0.000000;1.000000;0.599900;0.000000;1.000000;1.000000;0.000000;-0.599900;0.000000;
0.006097;0.599899;0.000000;1.000000;0.599899;0.000000;1.000000;1.000000;0.000000;-0.599899;0.000000;
0.006098;0.599899;0.000000;1.000000;0.599899;0.000000;1.000000;1.000000;0.000000;-0.599899;0.000000;
0.006099;0.599899;0.000000;1.000000;0.599899;0.000000;1.000000;1.000000;0.000000;-0.599899;0.000000;
0.006103;0.599899;0.000000;1.000000;0.599899;0.000000;1.000000;1.000000;0.000000;-0.599899;0.000000;
0.006111;0.599899;0.000000;1.000000;0.599899;0.000000;1.000000;1.000000;0.000000;-0.599899;0.000000;
0.006126;0.599899;0.000000;1.000000;0.599899;0.000000;1.000000;1.000000;0.000000;-0.599899;0.000000;
0.006155;0.599898;0.000000;1.000000;0.599898;0.000000;1.000000;1.000000;0.000000;-0.599898;0.000000;
0.006215;0.599896;0.000000;1.000000;0.599896;0.000000;1.000000;1.000000;0.000000;-0.599896;0.000000;
0.006334;0.599893;0.000000;1.000000;0.599893;0.000000;1.000000;1.000000;0.000000;-0.599893;0.000000;
0.006453;0.599890;0.000000;1.000000;0.599890;0.000000;1.000000;1.000000;0.000000;-0.599890;0.000000;
0.006691;0.599884;0.000000;1.000000;0.599884;0.000000;1.000000;1.000000;0.000000;-0.599884;0.000000;
0.006930;0.599878;0.000000;1.000000;0.599878;0.000000;1.000000;1.000000;0.000000;-0.599878;0.000000;
0.007168;0.599872;0.000000;1.000000;0.599872;0.000000;1.000000;1.000000;0.000000;-0.599872;0.000000;
0.007406;0.599866;0.000000;1.000000;0.599866;0.000000;1.000000;1.000000;0.000000;-0.599866;0.000000;
0.007645;0.599860;0.000000;1.000000;0.599860;0.000000;1.000000;1.000000;0.000000;-0.599860;0.000000;
0.007883;0.599854;0.000000;1.000000;0.599854;0.000000;1.000000;1.000000;0.000000;-0.599854;0.000000;
0.008076;0.599849;0.000000;1.000000;0.599849;0.000000;1.000000;1.000000;0.000000;-0.599849;0.000000;
0.008269;0.599844;0.000000;1.000000;0.599844;0.000000;1.000000;1.000000;0.000000;-0.599844;0.000000;
0.008656;0.599834;0.000000;1.000000;0.599834;0.000000;1.000000;1.000000;0.000000;-0.599834;0.000000;
0.009042;0.599825;0.000000;1.000000;0.599825;0.000000;1.000000;1.000000;0.000000;-0.599825;0.000000;
0.009815;0.599806;0.000000;1.000000;0.599806;0.000000;1.000000;1.000000;0.000000;-0.599806;0.000000;
0.010588;0.599787;0.000000;1.000000;0.599787;0.000000;1.000000;1.000000;0.000000;-0.599787;0.000000;
0.012134;0.599751;0.000000;1.000000;0.599751;0.000000;1.000000;1.000000;0.000000;-0.599751;0.000000;
0.013679;0.599718;0.000000;1.000000;0.599718;0.000000;1.000000;1.000000;0.000000;-0.599718;0.000000;
0.016771;0.599659;0.000000;1.000000;0.599659;0.000000;1.000000;1.000000;0.000000;-0.599659;0.000000;
0.022953;0.599571;0.000000;1.000000;0.599571;0.000000;1.000000;1.000000;0.000000;-0.599571;0.000000;
0.029136;0.599508;0.000000;1.000000;0.599508;0.000000;1.000000;1.000000;0.000000;-0.599508;0.000000;
0.035319;0.599464;0.000000;1.000000;0.599464;0.000000;1.000000;1.000000;0.000000;-0.599464;0.000000;
0.041502;0.599433;0.000000;1.000000;0.599433;0.000000;1.000000;1.000000;0.000000;-0.599433;0.000000;
0.047685;0.599413;0.000000;1.000000;0.599413;0.000000;1.000000;1.000000;0.000000;-0.599413;0.000000;
0.053867;0.599400;0.000000;1.000000;0.599400;0.000000;1.000000;1.000000;0.000000;-0.599400;0.000000;
0.066233;0.599388;0.000000;1.000000;0.599388;0.000000;1.000000;1.000000;0.000000;-0.599388;0.000000;
0.078599;0.599384;0.000000;1.000000;0.599384;0.000000;1.000000;1.000000;0.000000;-0.599384;0.000000;
0.103330;0.599388;0.000000;1.000000;0.599388;0.000000;1.000000;1.000000;0.000000;-0.599388;0.000000;
0.128061;0.599395;0.000000;1.000000;0.599395;0.000000;1.000000;1.000000;0.000000;-0.599395;0.000000;
0.177523;0.599413;0.000000;1.000000;0.599413;0.000000;1.000000;1.000000;0.000000;-0.599413;0.000000;
0.226985;0.599432;0.000000;1.000000;0.599432;0.000000;1.000000;1.000000;0.000000;-0.599432;0.000000;
0.276448;0.599451;0.000000;1.000000;0.599451;0.000000;1.000000;1.000000;0.000000;-0.599451;0.000000;
0.375372;0.599490;0.000000;1.000000;0.599490;0.000000;1.000000;1.000000;0.000000;-0.599490;0.000000;
0.474297;0.599530;-0.000000;1.000000;0.599530;-0.000000;1.000000;1.000000;0.000000;-0.599530;-0.000000;
0.573222;0.599571;-0.000000;1.000000;0.599571;-0.000000;1.000000;1.000000;0.000000;-0.599571;-0.000000;
0.672146;0.599611;-0.000000;1.000000;0.599611;-0.000000;1.000000;1.000000;0.000000;-0.599611;-0.000000;
0.771071;0.599651;-0.000000;1.000000;0.599651;-0.000000;1.000000;1.000000;0.000000;-0.599651;-0.000000;
0.869996;0.599691;-0.000000;1.000000;0.599691;-0.000000;1.000000;1.000000;0.000000;-0.599691;-0.000000;
0.968920;0.599730;-0.000000;1.000000;0.599730;-0.000000;1.000000;1.000000;0.000000;-0.599730;-0.000000;
1.000000;0.599742;-0.000000;1.000000;0.599742;-0.000000;1.000000;1.000000;0.000000;-0.599742;-0.000000;
1.000000;0.059974;0.008991;0.100000;0.059974;0.008991;0.100000;0.100000;0.000000;-0.599742;0.089910;
1.000000;0.059974;0.008991;0.100000;0.059974;0.008991;0.100000;0.100000;0.000000;-0.599742;0.089911;
1.000000;0.059974;0.008991;0.100000;0.059974;0.008991;0.100000;0.100000;0.000000;-0.599742;0.089912;
1.000000;0.059974;0.008991;0.100000;0.059974;0.008991;0.100000;0.100000;0.000000;-0.599742;0.089915;
1.000001;0.059974;0.008992;0.100000;0.059974;0.008992;0.100000;0.100000;0.000000;-0.599742;0.089920;
1.000001;0.059974;0.008992;0.100000;0.059974;0.008992;0.100000;0.100000;0.000000;-0.599742;0.089922;
1.000001;0.059974;0.008992;0.100000;0.059974;0.008992;0.100000;0.100000;0.000000;-0.599742;0.089924;
1.000002;0.059974;0.008993;0.100000;0.059974;0.008993;0.100000;0.100000;0.000000;-0.599742;0.089930;
1.000003;0.059974;0.008994;0.100000;0.059974;0.008994;0.100000;0.100000;0.000000;-0.599742;0.089940;
1.000005;0.059974;0.008996;0.100000;0.059974;0.008996;0.100000;0.100000;0.000000;-0.599741;0.089960;
1.000008;0.059974;0.008998;0.100000;0.059974;0.008998;0.100000;0.100000;0.000000;-0.599740;0.089981;
1.000010;0.059974;0.009000;0.100000;0.059974;0.009000;0.100000;0.100000;0.000000;-0.599739;0.090001;
1.000015;0.059974;0.009004;0.100000;0.059974;0.009004;0.100000;0.100000;0.000000;-0.599736;0.090042;
1.000019;0.059973;0.009008;0.100000;0.059973;0.009008;0.100000;0.100000;0.000000;-0.599731;0.090083;
1.000024;0.059973;0.009012;0.100000;0.059973;0.009012;0.100000;0.100000;0.000000;-0.599726;0.090123;
1.000029;0.059972;0.009016;0.100000;0.059972;0.009016;0.100000;0.100000;0.000000;-0.599720;0.090163;
1.000038;0.059970;0.009024;0.100000;0.059970;0.009024;0.100000;0.100000;0.000000;-0.599703;0.090242;
1.000046;0.059969;0.009031;0.100000;0.059969;0.009031;0.100000;0.100000;0.000000;-0.599686;0.090313;
1.000054;0.059966;0.009038;0.100000;0.059966;0.009038;0.100000;0.100000;0.000000;-0.599664;0.090383;
1.000063;0.059964;0.009045;0.100000;0.059964;0.009045;0.100000;0.100000;0.000000;-0.599640;0.090452;
1.000071;0.059961;0.009052;0.100000;0.059961;0.009052;0.100000;0.100000;0.000000;-0.599613;0.090520;
1.000079;0.059958;0.009059;0.100000;0.059958;0.009059;0.100000;0.100000;0.000000;-0.599583;0.090588;
1.000088;0.059955;0.009065;0.100000;0.059955;0.009065;0.100000;0.100000;0.000000;-0.599550;0.090655;
1.000096;0.059951;0.009072;0.100000;0.059951;0.009072;0.100000;0.100000;0.000000;-0.599513;0.090721;
1.000100;0.059949;0.009075;0.100000;0.059949;0.009075;0.100000;0.100000;0.000000;-0.599494;0.090753;
1.000100;0.059949;0.009075;0.100000;0.059949;0.009075;0.100000;0.100000;0.000000;-0.599493;0.090754;
1.000100;0.059949;0.009075;0.100000;0.059949;0.009075;0.100000;0.100000;0.000000;-0.599493;0.090755;
1.000101;0.059949;0.009076;0.100000;0.059949;0.009076;0.100000;0.100000;0.000000;-0.599491;0.090757;
1.000101;0.059949;0.009076;0.100000;0.059949;0.009076;0.100000;0.100000;0.000000;-0.599489;0.090762;
1.000102;0.059948;0.009077;0.100000;0.059948;0.009077;0.100000;0.100000;0.000000;-0.599483;0.090771;
1.000105;0.059947;0.009079;0.100000;0.059947;0.009079;0.100000;0.100000;0.000000;-0.599472;0.090789;
1.000109;0.059945;0.009083;0.100000;0.059945;0.009083;0.100000;0.100000;0.000000;-0.599450;0.090825;
1.000119;0.059940;0.009090;0.100000;0.059940;0.009090;0.100000;0.100000;0.000000;-0.599400;0.090897;
1.000128;0.059935;0.009097;0.100000;0.059935;0.009097;0.100000;0.100000;0.000000;-0.599348;0.090967;
1.000137;0.059929;0.009104;0.100000;0.059929;0.009104;0.100000;0.100000;0.000000;-0.599291;0.091036;
1.000146;0.059923;0.009110;0.100000;0.059923;0.009110;0.100000;0.100000;0.000000;-0.599232;0.091105;
1.000156;0.059917;0.009117;0.100000;0.059917;0.009117;0.100000;0.100000;0.000000;-0.599168;0.091172;
1.000165;0.059910;0.009124;0.100000;0.059910;0.009124;0.100000;0.100000;0.000000;-0.599102;0.091239;
1.000174;0.059903;0.009130;0.100000;0.059903;0.009130;0.100000;0.100000;0.000000;-0.599032;0.091305;
1.000184;0.059896;0.009137;0.100000;0.059896;0.009137;0.100000;0.100000;0.000000;-0.598958;0.091370;
1.000193;0.059888;0.009143;0.100000;0.059888;0.009143;0.100000;0.100000;0.000000;-0.598882;0.091434;
1.000202;0.059880;0.009150;0.100000;0.059880;0.009150;0.100000;0.100000;0.000000;-0.598802;0.091497;
1.000211;0.059872;0.009156;0.100000;0.059872;0.009156;0.100000;0.100000;0.000000;-0.598719;0.091559;
1.000221;0.059863;0.009162;0.100000;0.059863;0.009162;0.100000;0.100000;0.000000;-0.598633;0.091620;
1.000230;0.059854;0.009168;0.100000;0.059854;0.009168;0.100000;0.100000;0.000000;-0.598543;0.091680;
1.000239;0.059845;0.009174;0.100000;0.059845;0.009174;0.100000;0.100000;0.000000;-0.598451;0.091740;
1.000248;0.059835;0.009180;0.100000;0.059835;0.009180;0.100000;0.100000;0.000000;-0.598355;0.091798;
1.000258;0.059826;0.009186;0.100000;0.059826;0.009186;0.100000;0.100000;0.000000;-0.598256;0.091856;
1.000267;0.059815;0.009191;0.100000;0.059815;0.009191;0.100000;0.100000;0.000000;-0.598155;0.091912;
1.000276;0.059805;0.009197;0.100000;0.059805;0.009197;0.100000;0.100000;0.000000;-0.598050;0.091968;
1.000285;0.059794;0.009202;0.100000;0.059794;0.009202;0.100000;0.100000;0.000000;-0.597942;0.092023;
1.000295;0.059783;0.009208;0.100000;0.059783;0.009208;0.100000;0.100000;0.000000;-0.597832;0.092077;
1.000304;0.059772;0.009213;0.100000;0.059772;0.009213;0.100000;0.100000;0.000000;-0.597718;0.092130;
1.000313;0.059760;0.009218;0.100000;0.059760;0.009218;0.100000;0.100000;0.000000;-0.597602;0.092182;
1.000323;0.059748;0.009223;0.100000;0.059748;0.009223;0.100000;0.100000;0.000000;-0.597483;0.092233;
1.000332;0.059736;0.009228;0.100000;0.059736;0.009228;0.100000;0.100000;0.000000;-0.597361;0.092283;
1.000341;0.059724;0.009233;0.100000;0.059724;0.009233;0.100000;0.100000;0.000000;-0.597236;0.092333;
1.000350;0.059711;0.009238;0.100000;0.059711;0.009238;0.100000;0.100000;0.000000;-0.597108;0.092381;
1.000360;0.059698;0.009243;0.100000;0.059698;0.009243;0.100000;0.100000;0.000000;-0.596978;0.092429;
1.000369;0.059685;0.009248;0.100000;0.059685;0.009248;0.100000;0.100000;0.000000;-0.596846;0.092475;
1.000378;0.059671;0.009252;0.100000;0.059671;0.009252;0.100000;0.100000;0.000000;-0.596710;0.092521;
1.000387;0.059657;0.009257;0.100000;0.059657;0.009257;0.100000;0.100000;0.000000;-0.596572;0.092566;
1.000397;0.059643;0.009261;0.100000;0.059643;0.009261;0.100000;0.100000;0.000000;-0.596431;0.092610;
1.000406;0.059629;0.009265;0.100000;0.059629;0.009265;0.100000;0.100000;0.000000;-0.596288;0.092653;
1.000415;0.059614;0.009270;0.100000;0.059614;0.009270;0.100000;0.100000;0.000000;-0.596142;0.092695;
1.000424;0.059599;0.009274;0.100000;0.059599;0.009274;0.100000;0.100000;0.000000;-0.595994;0.092737;
1.000434;0.059584;0.009278;0.100000;0.059584;0.009278;0.100000;0.100000;0.000000;-0.595843;0.092777;
1.000443;0.059569;0.009282;0.100000;0.059569;0.009282;0.100000;0.100000;0.000000;-0.595690;0.092816;
1.000444;0.059567;0.009282;0.100000;0.059567;0.009282;0.100000;0.100000;0.000000;-0.595673;0.092821;
1.000444;0.059567;0.009282;0.100000;0.059567;0.009282;0.100000;0.100000;0.000000;-0.595672;0.092821;
1.000444;0.059567;0.009282;0.100000;0.059567;0.009282;0.100000;0.100000;0.000000;-0.595670;0.092822;
1.000445;0.059566;0.009282;0.100000;0.059566;0.009282;0.100000;0.100000;0.000000;-0.595665;0.092823;
1.000445;0.059566;0.009283;0.100000;0.059566;0.009283;0.100000;0.100000;0.000000;-0.595655;0.092825;
1.000446;0.059564;0.009283;0.100000;0.059564;0.009283;0.100000;0.100000;0.000000;-0.595636;0.092830;
1.000449;0.059560;0.009284;0.100000;0.059560;0.009284;0.100000;0.100000;0.000000;-0.595596;0.092840;
1.000453;0.059552;0.009286;0.100000;0.059552;0.009286;0.100000;0.100000;0.000000;-0.595517;0.092860;
1.000463;0.059536;0.009290;0.100000;0.059536;0.009290;0.100000;0.100000;0.000000;-0.595357;0.092898;
1.000472;0.059519;0.009294;0.100000;0.059519;0.009294;0.100000;0.100000;0.000000;-0.595194;0.092935;
1.000482;0.059503;0.009297;0.100000;0.059503;0.009297;0.100000;0.100000;0.000000;-0.595028;0.092971;
1.000491;0.059486;0.009301;0.100000;0.059486;0.009301;0.100000;0.100000;0.000000;-0.594861;0.093007;
1.000500;0.059469;0.009304;0.100000;0.059469;0.009304;0.100000;0.100000;0.000000;-0.594690;0.093041;
1.000510;0.059452;0.009307;0.100000;0.059452;0.009307;0.100000;0.100000;0.000000;-0.594518;0.093075;
1.000519;0.059434;0.009311;0.100000;0.059434;0.009311;0.100000;0.100000;0.000000;-0.594343;0.093107;
1.000529;0.059417;0.009314;0.100000;0.059417;0.009314;0.100000;0.100000;0.000000;-0.594166;0.093139;
1.000538;0.059399;0.009317;0.100000;0.059399;0.009317;0.100000;0.100000;0.000000;-0.593987;0.093170;
1.000547;0.059381;0.009320;0.100000;0.059381;0.009320;0.100000;0.100000;0.000000;-0.593806;0.093200;
1.000557;0.059362;0.009323;0.100000;0.059362;0.009323;0.100000;0.100000;0.000000;-0.593622;0.093229;
1.000566;0.059344;0.009326;0.100000;0.059344;0.009326;0.100000;0.100000;0.000000;-0.593436;0.093257;
1.000576;0.059325;0.009328;0.100000;0.059325;0.009328;0.100000;0.100000;0.000000;-0.593247;0.093284;
1.000585;0.059306;0.009331;0.100000;0.059306;0.009331;0.100000;0.100000;0.000000;-0.593057;0.093310;
1.000586;0.059304;0.009331;0.100000;0.059304;0.009331;0.100000;0.100000;0.000000;-0.593045;0.093312;
1.000586;0.059304;0.009331;0.100000;0.059304;0.009331;0.100000;0.100000;0.000000;-0.593044;0.093312;
1.000586;0.059304;0.009331;0.100000;0.059304;0.009331;0.100000;0.100000;0.000000;-0.593041;0.093313;
1.000586;0.059303;0.009331;0.100000;0.059303;0.009331;0.100000;0.100000;0.000000;-0.593035;0.093313;
1.000587;0.059302;0.009332;0.100000;0.059302;0.009332;0.100000;0.100000;0.000000;-0.593023;0.093315;
1.000588;0.059300;0.009332;0.100000;0.059300;0.009332;0.100000;0.100000;0.000000;-0.592999;0.093318;
1.000588;0.059300;0.009332;0.100000;0.059300;0.009332;0.100000;0.100000;0.000000;-0.592996;0.093319;
1.000588;0.059299;0.009332;0.100000;0.059299;0.009332;0.100000;0.100000;0.000000;-0.592995;0.093319;
1.000588;0.059299;0.009332;0.100000;0.059299;0.009332;0.100000;0.100000;0.000000;-0.592992;0.093319;
1.000588;0.059299;0.009332;0.100000;0.059299;0.009332;0.100000;0.100000;0.000000;-0.592986;0.093320;
1.000589;0.059297;0.009332;0.100000;0.059297;0.009332;0.100000;0.100000;0.000000;-0.592974;0.093322;
1.000589;0.059297;0.009332;0.100000;0.059297;0.009332;0.100000;0.100000;0.000000;-0.592973;0.093322;
1.000589;0.059297;0.009332;0.100000;0.059297;0.009332;0.100000;0.100000;0.000000;-0.592971;0.093322;
1.000589;0.059297;0.009332;0.100000;0.059297;0.009332;0.100000;0.100000;0.000000;-0.592969;0.093322;
1.000589;0.059297;0.009332;0.100000;0.059297;0.009332;0.100000;0.100000;0.000000;-0.592966;0.093323;
1.000590;0.059296;0.009332;0.100000;0.059296;0.009332;0.100000;0.100000;0.000000;-0.592961;0.093324;
1.000590;0.059295;0.009333;0.100000;0.059295;0.009333;0.100000;0.100000;0.000000;-0.592949;0.093325;
1.000591;0.059293;0.009333;0.100000;0.059293;0.009333;0.100000;0.100000;0.000000;-0.592925;0.093328;
1.000594;0.059288;0.009333;0.100000;0.059288;0.009333;0.100000;0.100000;0.000000;-0.592878;0.093335;
1.000598;0.059278;0.009335;0.100000;0.059278;0.009335;0.100000;0.100000;0.000000;-0.592782;0.093347;
1.000608;0.059259;0.009337;0.100000;0.059259;0.009337;0.100000;0.100000;0.000000;-0.592589;0.093371;
1.000617;0.059239;0.009339;0.100000;0.059239;0.009339;0.100000;0.100000;0.000000;-0.592394;0.093393;
1.000626;0.059220;0.009342;0.100000;0.059220;0.009342;0.100000;0.100000;0.000000;-0.592197;0.093415;
1.000635;0.059200;0.009344;0.100000;0.059200;0.009344;0.100000;0.100000;0.000000;-0.591997;0.093436;
1.000645;0.059180;0.009346;0.100000;0.059180;0.009346;0.100000;0.100000;0.000000;-0.591796;0.093457;
1.000654;0.059159;0.009348;0.100000;0.059159;0.009348;0.100000;0.100000;0.000000;-0.591593;0.093476;
1.000663;0.059139;0.009349;0.100000;0.059139;0.009349;0.100000;0.100000;0.000000;-0.591387;0.093494;
1.000672;0.059118;0.009351;0.100000;0.059118;0.009351;0.100000;0.100000;0.000000;-0.591180;0.093512;
1.000682;0.059097;0.009353;0.100000;0.059097;0.009353;0.100000;0.100000;0.000000;-0.590970;0.093529;
1.000691;0.059076;0.009354;0.100000;0.059076;0.009354;0.100000;0.100000;0.000000;-0.590759;0.093545;
1.000700;0.059055;0.009356;0.100000;0.059055;0.009356;0.100000;0.100000;0.000000;-0.590546;0.093560;
1.000710;0.059033;0.009357;0.100000;0.059033;0.009357;0.100000;0.100000;0.000000;-0.590331;0.093574;
1.000719;0.059011;0.009359;0.100000;0.059011;0.009359;0.100000;0.100000;0.000000;-0.590113;0.093587;
1.000728;0.058989;0.009360;0.100000;0.058989;0.009360;0.100000;0.100000;0.000000;-0.589895;0.093599;
1.000737;0.058967;0.009361;0.100000;0.058967;0.009361;0.100000;0.100000;0.000000;-0.589674;0.093611;
1.000747;0.058945;0.009362;0.100000;0.058945;0.009362;0.100000;0.100000;0.000000;-0.589451;0.093621;
1.000756;0.058923;0.009363;0.100000;0.058923;0.009363;0.100000;0.100000;0.000000;-0.589227;0.093631;
1.000765;0.058900;0.009364;0.100000;0.058900;0.009364;0.100000;0.100000;0.000000;-0.589001;0.093640;
1.000774;0.058877;0.009365;0.100000;0.058877;0.009365;0.100000;0.100000;0.000000;-0.588773;0.093648;
1.000784;0.058854;0.009366;0.100000;0.058854;0.009366;0.100000;0.100000;0.000000;-0.588544;0.093655;
1.000793;0.058831;0.009366;0.100000;0.058831;0.009366;0.100000;0.100000;0.000000;-0.588312;0.093662;
1.000802;0.058808;0.009367;0.100000;0.058808;0.009367;0.100000;0.100000;0.000000;-0.588079;0.093667;
1.000811;0.058784;0.009367;0.100000;0.058784;0.009367;0.100000;0.100000;0.000000;-0.587845;0.093672;
1.000821;0.058761;0.009368;0.100000;0.058761;0.009368;0.100000;0.100000;0.000000;-0.587609;0.093675;
1.000830;0.058737;0.009368;0.100000;0.058737;0.009368;0.100000;0.100000;0.000000;-0.587371;0.093678;
1.000839;0.058713;0.009368;0.100000;0.058713;0.009368;0.100000;0.100000;0.000000;-0.587131;0.093680;
1.000848;0.058689;0.009368;0.100000;0.058689;0.009368;0.100000;0.100000;0.000000;-0.586890;0.093681;
1.000858;0.058665;0.009368;0.100000;0.058665;0.009368;0.100000;0.100000;0.000000;-0.586648;0.093682;
1.000867;0.058640;0.009368;0.100000;0.058640;0.009368;0.100000;0.100000;0.000000;-0.586404;0.093681;
1.000876;0.058616;0.009368;0.100000;0.058616;0.009368;0.100000;0.100000;0.000000;-0.586158;0.093680;
1.000885;0.058591;0.009368;0.100000;0.058591;0.009368;0.100000;0.100000;0.000000;-0.585911;0.093678;
1.000895;0.058566;0.009367;0.100000;0.058566;0.009367;0.100000;0.100000;0.000000;-0.585662;0.093674;
1.000904;0.058541;0.009367;0.100000;0.058541;0.009367;0.100000;0.100000;0.000000;-0.585412;0.093670;
1.000912;0.058519;0.009367;0.100000;0.058519;0.009367;0.100000;0.100000;0.000000;-0.585188;0.093666;
1.000912;0.058519;0.009367;0.100000;0.058519;0.009367;0.100000;0.100000;0.000000;-0.585186;0.093666;
1.000912;0.058518;0.009367;0.100000;0.058518;0.009367;0.100000;0.100000;0.000000;-0.585182;0.093666;
1.000913;0.058517;0.009367;0.100000;0.058517;0.009367;0.100000;0.100000;0.000000;-0.585174;0.093666;
1.000913;0.058516;0.009367;0.100000;0.058516;0.009367;0.100000;0.100000;0.000000;-0.585159;0.093666;
1.000914;0.058513;0.009366;0.100000;0.058513;0.009366;0.100000;0.100000;0.000000;-0.585128;0.093665;
1.000917;0.058507;0.009366;0.100000;0.058507;0.009366;0.100000;0.100000;0.000000;-0.585066;0.093664;
1.000921;0.058494;0.009366;0.100000;0.058494;0.009366;0.100000;0.100000;0.000000;-0.584942;0.093661;
1.000930;0.058469;0.009365;0.100000;0.058469;0.009365;0.100000;0.100000;0.000000;-0.584691;0.093655;
1.000939;0.058444;0.009365;0.100000;0.058444;0.009365;0.100000;0.100000;0.000000;-0.584440;0.093648;
1.000949;0.058419;0.009364;0.100000;0.058419;0.009364;0.100000;0.100000;0.000000;-0.584187;0.093640;
1.000958;0.058393;0.009363;0.100000;0.058393;0.009363;0.100000;0.100000;0.000000;-0.583933;0.093631;
1.000967;0.058368;0.009362;0.100000;0.058368;0.009362;0.100000;0.100000;0.000000;-0.583678;0.093621;
1.000976;0.058342;0.009361;0.100000;0.058342;0.009361;0.100000;0.100000;0.000000;-0.583421;0.093611;
1.000985;0.058316;0.009360;0.100000;0.058316;0.009360;0.100000;0.100000;0.000000;-0.583163;0.093600;
1.000994;0.058290;0.009359;0.100000;0.058290;0.009359;0.100000;0.100000;0.000000;-0.582904;0.093588;
1.001000;0.058274;0.009358;0.100000;0.058274;0.009358;0.100000;0.100000;0.000000;-0.582741;0.093580;
1.001000;0.058274;0.009358;0.100000;0.058274;0.009358;0.100000;0.100000;0.000000;-0.582739;0.093580;
1.001000;0.058274;0.009358;0.100000;0.058274;0.009358;0.100000;0.100000;0.000000;-0.582735;0.093579;
1.001000;0.058273;0.009358;0.100000;0.058273;0.009358;0.100000;0.100000;0.000000;-0.582727;0.093579;
1.001001;0.058271;0.009358;0.100000;0.058271;0.009358;0.100000;0.100000;0.000000;-0.582711;0.093578;
1.001002;0.058268;0.009358;0.100000;0.058268;0.009358;0.100000;0.100000;0.000000;-0.582679;0.093577;
1.001004;0.058261;0.009357;0.100000;0.058261;0.009357;0.100000;0.100000;0.000000;-0.582615;0.093573;
1.001009;0.058249;0.009357;0.100000;0.058249;0.009357;0.100000;0.100000;0.000000;-0.582486;0.093567;
1.001018;0.058223;0.009355;0.100000;0.058223;0.009355;0.100000;0.100000;0.000000;-0.582227;0.093553;
1.001027;0.058197;0.009354;0.100000;0.058197;0.009354;0.100000;0.100000;0.000000;-0.581967;0.093538;
1.001036;0.058171;0.009352;0.100000;0.058171;0.009352;0.100000;0.100000;0.000000;-0.581706;0.093523;
1.001045;0.058144;0.009351;0.100000;0.058144;0.009351;0.100000;0.100000;0.000000;-0.581444;0.093507;
1.001054;0.058118;0.009349;0.100000;0.058118;0.009349;0.100000;0.100000;0.000000;-0.581181;0.093490;
1.001063;0.058092;0.009347;0.100000;0.058092;0.009347;0.100000;0.100000;0.000000;-0.580917;0.093472;
1.001072;0.058065;0.009345;0.100000;0.058065;0.009345;0.100000;0.100000;0.000000;-0.580651;0.093453;
1.001081;0.058038;0.009343;0.100000;0.058038;0.009343;0.100000;0.100000;0.000000;-0.580384;0.093434;
1.001090;0.058012;0.009341;0.100000;0.058012;0.009341;0.100000;0.100000;0.000000;-0.580117;0.093414;
1.001099;0.057985;0.009339;0.100000;0.057985;0.009339;0.100000;0.100000;0.000000;-0.579848;0.093394;
1.001108;0.057958;0.009337;0.100000;0.057958;0.009337;0.100000;0.100000;0.000000;-0.579578;0.093372;
1.001117;0.057931;0.009335;0.100000;0.057931;0.009335;0.100000;0.100000;0.000000;-0.579308;0.093350;
1.001126;0.057904;0.009333;0.100000;0.057904;0.009333;0.100000;0.100000;0.000000;-0.579036;0.093328;
1.001135;0.057876;0.009330;0.100000;0.057876;0.009330;0.100000;0.100000;0.000000;-0.578763;0.093304;
1.001143;0.057849;0.009328;0.100000;0.057849;0.009328;0.100000;0.100000;0.000000;-0.578490;0.093280;
1.001152;0.057821;0.009326;0.100000;0.057821;0.009326;0.100000;0.100000;0.000000;-0.578215;0.093255;
1.001161;0.057794;0.009323;0.100000;0.057794;0.009323;0.100000;0.100000;0.000000;-0.577939;0.093230;
1.001170;0.057766;0.009320;0.100000;0.057766;0.009320;0.100000;0.100000;0.000000;-0.577663;0.093204;
1.001179;0.057739;0.009318;0.100000;0.057739;0.009318;0.100000;0.100000;0.000000;-0.577385;0.093177;
1.001188;0.057711;0.009315;0.100000;0.057711;0.009315;0.100000;0.100000;0.000000;-0.577107;0.093150;
1.001197;0.057683;0.009312;0.100000;0.057683;0.009312;0.100000;0.100000;0.000000;-0.576828;0.093122;
1.001206;0.057655;0.009309;0.100000;0.057655;0.009309;0.100000;0.100000;0.000000;-0.576548;0.093093;
1.001215;0.057627;0.009306;0.100000;0.057627;0.009306;0.100000;0.100000;0.000000;-0.576267;0.093064;
1.001224;0.057598;0.009303;0.100000;0.057598;0.009303;0.100000;0.100000;0.000000;-0.575985;0.093034;
1.001233;0.057570;0.009300;0.100000;0.057570;0.009300;0.100000;0.100000;0.000000;-0.575702;0.093004;
1.001242;0.057542;0.009297;0.100000;0.057542;0.009297;0.100000;0.100000;0.000000;-0.575418;0.092973;
1.001251;0.057513;0.009294;0.100000;0.057513;0.009294;0.100000;0.100000;0.000000;-0.575134;0.092941;
1.001260;0.057485;0.009291;0.100000;0.057485;0.009291;0.100000;0.100000;0.000000;-0.574849;0.092909;
1.001269;0.057456;0.009288;0.100000;0.057456;0.009288;0.100000;0.100000;0.000000;-0.574563;0.092876;
1.001278;0.057428;0.009284;0.100000;0.057428;0.009284;0.100000;0.100000;0.000000;-0.574276;0.092842;
1.001287;0.057399;0.009281;0.100000;0.057399;0.009281;0.100000;0.100000;0.000000;-0.573988;0.092808;
1.001296;0.057370;0.009277;0.100000;0.057370;0.009277;0.100000;0.100000;0.000000;-0.573700;0.092774;
1.001305;0.057341;0.009274;0.100000;0.057341;0.009274;0.100000;0.100000;0.000000;-0.573411;0.092739;
1.001314;0.057312;0.009270;0.100000;0.057312;0.009270;0.100000;0.100000;0.000000;-0.573121;0.092703;
1.001318;0.057299;0.009269;0.100000;0.057299;0.009269;0.100000;0.100000;0.000000;-0.572989;0.092686;
1.001318;0.057299;0.009269;0.100000;0.057299;0.009269;0.100000;0.100000;0.000000;-0.572986;0.092686;
1.001319;0.057298;0.009269;0.100000;0.057298;0.009269;0.100000;0.100000;0.000000;-0.572981;0.092686;
1.001319;0.057297;0.009268;0.100000;0.057297;0.009268;0.100000;0.100000;0.000000;-0.572972;0.092684;
1.001319;0.057295;0.009268;0.100000;0.057295;0.009268;0.100000;0.100000;0.000000;-0.572952;0.092682;
1.001321;0.057291;0.009268;0.100000;0.057291;0.009268;0.100000;0.100000;0.000000;-0.572913;0.092677;
1.001323;0.057284;0.009267;0.100000;0.057284;0.009267;0.100000;0.100000;0.000000;-0.572836;0.092667;
1.001328;0.057268;0.009265;0.100000;0.057268;0.009265;0.100000;0.100000;0.000000;-0.572680;0.092648;
1.001337;0.057237;0.009261;0.100000;0.057237;0.009261;0.100000;0.100000;0.000000;-0.572368;0.092608;
1.001347;0.057206;0.009257;0.100000;0.057206;0.009257;0.100000;0.100000;0.000000;-0.572055;0.092568;
1.001357;0.057174;0.009253;0.100000;0.057174;0.009253;0.100000;0.100000;0.000000;-0.571741;0.092527;
1.001366;0.057143;0.009249;0.100000;0.057143;0.009249;0.100000;0.100000;0.000000;-0.571427;0.092485;
1.001376;0.057111;0.009244;0.100000;0.057111;0.009244;0.100000;0.100000;0.000000;-0.571112;0.092443;
1.001386;0.057080;0.009240;0.100000;0.057080;0.009240;0.100000;0.100000;0.000000;-0.570796;0.092401;
1.001395;0.057048;0.009236;0.100000;0.057048;0.009236;0.100000;0.100000;0.000000;-0.570479;0.092357;
1.001405;0.057016;0.009231;0.100000;0.057016;0.009231;0.100000;0.100000;0.000000;-0.570161;0.092313;
1.001414;0.056984;0.009227;0.100000;0.056984;0.009227;0.100000;0.100000;0.000000;-0.569843;0.092269;
1.001424;0.056952;0.009222;0.100000;0.056952;0.009222;0.100000;0.100000;0.000000;-0.569524;0.092224;
1.001434;0.056920;0.009218;0.100000;0.056920;0.009218;0.100000;0.100000;0.000000;-0.569205;0.092178;
1.001443;0.056888;0.009213;0.100000;0.056888;0.009213;0.100000;0.100000;0.000000;-0.568884;0.092132;
1.001453;0.056856;0.009209;0.100000;0.056856;0.009209;0.100000;0.100000;0.000000;-0.568564;0.092086;
1.001462;0.056824;0.009204;0.100000;0.056824;0.009204;0.100000;0.100000;0.000000;-0.568242;0.092038;
1.001472;0.056792;0.009199;0.100000;0.056792;0.009199;0.100000;0.100000;0.000000;-0.567920;0.091991;
1.001482;0.056760;0.009194;0.100000;0.056760;0.009194;0.100000;0.100000;0.000000;-0.567597;0.091942;
1.001491;0.056727;0.009189;0.100000;0.056727;0.009189;0.100000;0.100000;0.000000;-0.567273;0.091894;
1.001501;0.056695;0.009184;0.100000;0.056695;0.009184;0.100000;0.100000;0.000000;-0.566949;0.091844;
1.001510;0.056662;0.009179;0.100000;0.056662;0.009179;0.100000;0.100000;0.000000;-0.566625;0.091795;
1.001520;0.056630;0.009174;0.100000;0.056630;0.009174;0.100000;0.100000;0.000000;-0.566299;0.091744;
1.001530;0.056597;0.009169;0.100000;0.056597;0.009169;0.100000;0.100000;0.000000;-0.565974;0.091694;
1.001539;0.056565;0.009164;0.100000;0.056565;0.009164;0.100000;0.100000;0.000000;-0.565647;0.091642;
1.001549;0.056532;0.009159;0.100000;0.056532;0.009159;0.100000;0.100000;0.000000;-0.565320;0.091590;
1.001559;0.056499;0.009154;0.100000;0.056499;0.009154;0.100000;0.100000;0.000000;-0.564993;0.091538;
1.001568;0.056466;0.009149;0.100000;0.056466;0.009149;0.100000;0.100000;0.000000;-0.564665;0.091486;
1.001578;0.056434;0.009143;0.100000;0.056434;0.009143;0.100000;0.100000;0.000000;-0.564336;0.091432;
1.001587;0.056401;0.009138;0.100000;0.056401;0.009138;0.100000;0.100000;0.000000;-0.564007;0.091379;
1.001597;0.056368;0.009132;0.100000;0.056368;0.009132;0.100000;0.100000;0.000000;-0.563678;0.091325;
1.001607;0.056335;0.009127;0.100000;0.056335;0.009127;0.100000;0.100000;0.000000;-0.563347;0.091270;
1.001616;0.056302;0.009122;0.100000;0.056302;0.009122;0.100000;0.100000;0.000000;-0.563017;0.091215;
1.001626;0.056269;0.009116;0.100000;0.056269;0.009116;0.100000;0.100000;0.000000;-0.562686;0.091160;
1.001635;0.056235;0.009110;0.100000;0.056235;0.009110;0.100000;0.100000;0.000000;-0.562354;0.091104;
1.001645;0.056202;0.009105;0.100000;0.056202;0.009105;0.100000;0.100000;0.000000;-0.562023;0.091047;
1.001655;0.056169;0.009099;0.100000;0.056169;0.009099;0.100000;0.100000;0.000000;-0.561690;0.090991;
1.001664;0.056136;0.009093;0.100000;0.056136;0.009093;0.100000;0.100000;0.000000;-0.561357;0.090934;
1.001674;0.056102;0.009088;0.100000;0.056102;0.009088;0.100000;0.100000;0.000000;-0.561024;0.090876;
1.001683;0.056069;0.009082;0.100000;0.056069;0.009082;0.100000;0.100000;0.000000;-0.560691;0.090818;
1.001693;0.056036;0.009076;0.100000;0.056036;0.009076;0.100000;0.100000;0.000000;-0.560357;0.090760;
1.001703;0.056002;0.009070;0.100000;0.056002;0.009070;0.100000;0.100000;0.000000;-0.560022;0.090701;
1.001712;0.055969;0.009064;0.100000;0.055969;0.009064;0.100000;0.100000;0.000000;-0.559688;0.090642;
1.001722;0.055935;0.009058;0.100000;0.055935;0.009058;0.100000;0.100000;0.000000;-0.559352;0.090582;
1.001732;0.055902;0.009052;0.100000;0.055902;0.009052;0.100000;0.100000;0.000000;-0.559017;0.090522;
1.001741;0.055868;0.009046;0.100000;0.055868;0.009046;0.100000;0.100000;0.000000;-0.558681;0.090462;
1.001751;0.055834;0.009040;0.100000;0.055834;0.009040;0.100000;0.100000;0.000000;-0.558345;0.090401;
1.001760;0.055801;0.009034;0.100000;0.055801;0.009034;0.100000;0.100000;0.000000;-0.558008;0.090340;
1.001770;0.055767;0.009028;0.100000;0.055767;0.009028;0.100000;0.100000;0.000000;-0.557671;0.090278;
1.001780;0.055733;0.009022;0.100000;0.055733;0.009022;0.100000;0.100000;0.000000;-0.557334;0.090217;
1.001789;0.055700;0.009015;0.100000;0.055700;0.009015;0.100000;0.100000;0.000000;-0.556997;0.090154;
1.001799;0.055666;0.009009;0.100000;0.055666;0.009009;0.100000;0.100000;0.000000;-0.556659;0.090092;
1.001808;0.055632;0.009003;0.100000;0.055632;0.009003;0.100000;0.100000;0.000000;-0.556321;0.090029;
1.001818;0.055598;0.008997;0.100000;0.055598;0.008997;0.100000;0.100000;0.000000;-0.555982;0.089966;
1.001828;0.055564;0.008990;0.100000;0.055564;0.008990;0.100000;0.100000;0.000000;-0.555644;0.089902;
1.001837;0.055530;0.008984;0.100000;0.055530;0.008984;0.100000;0.100000;0.000000;-0.555305;0.089838;
1.001847;0.055497;0.008977;0.100000;0.055497;0.008977;0.100000;0.100000;0.000000;-0.554965;0.089774;
1.001857;0.055463;0.008971;0.100000;0.055463;0.008971;0.100000;0.100000;0.000000;-0.554626;0.089709;
1.001866;0.055429;0.008964;0.100000;0.055429;0.008964;0.100000;0.100000;0.000000;-0.554286;0.089644;
1.001876;0.055395;0.008958;0.100000;0.055395;0.008958;0.100000;0.100000;0.000000;-0.553946;0.089579;
1.001885;0.055361;0.008951;0.100000;0.055361;0.008951;0.100000;0.100000;0.000000;-0.553606;0.089513;
1.001895;0.055327;0.008945;0.100000;0.055327;0.008945;0.100000;0.100000;0.000000;-0.553266;0.089448;
1.001905;0.055293;0.008938;0.100000;0.055293;0.008938;0.100000;0.100000;0.000000;-0.552925;0.089381;
1.001914;0.055258;0.008931;0.100000;0.055258;0.008931;0.100000;0.100000;0.000000;-0.552584;0.089315;
1.001924;0.055224;0.008925;0.100000;0.055224;0.008925;0.100000;0.100000;0.000000;-0.552243;0.089248;
1.001933;0.055190;0.008918;0.100000;0.055190;0.008918;0.100000;0.100000;0.000000;-0.551902;0.089181;
1.001943;0.055156;0.008911;0.100000;0.055156;0.008911;0.100000;0.100000;0.000000;-0.551561;0.089114;
1.001953;0.055122;0.008905;0.100000;0.055122;0.008905;0.100000;0.100000;0.000000;-0.551219;0.089046;
1.001962;0.055088;0.008898;0.100000;0.055088;0.008898;0.100000;0.100000;0.000000;-0.550877;0.088978;
1.001972;0.055054;0.008891;0.100000;0.055054;0.008891;0.100000;0.100000;0.000000;-0.550535;0.088910;
1.001981;0.055019;0.008884;0.100000;0.055019;0.008884;0.100000;0.100000;0.000000;-0.550193;0.088841;
1.001991;0.054985;0.008877;0.100000;0.054985;0.008877;0.100000;0.100000;0.000000;-0.549851;0.088772;
1.002001;0.054951;0.008870;0.100000;0.054951;0.008870;0.100000;0.100000;0.000000;-0.549508;0.088703;
1.002010;0.054917;0.008863;0.100000;0.054917;0.008863;0.100000;0.100000;0.000000;-0.549166;0.088634;
1.002020;0.054882;0.008856;0.100000;0.054882;0.008856;0.100000;0.100000;0.000000;-0.548823;0.088564;
1.002030;0.054848;0.008849;0.100000;0.054848;0.008849;0.100000;0.100000;0.000000;-0.548481;0.088494;
1.002039;0.054814;0.008842;0.100000;0.054814;0.008842;0.100000;0.100000;0.000000;-0.548138;0.088424;
1.002049;0.054779;0.008835;0.100000;0.054779;0.008835;0.100000;0.100000;0.000000;-0.547795;0.088354;
1.002058;0.054745;0.008828;0.100000;0.054745;0.008828;0.100000;0.100000;0.000000;-0.547451;0.088283;
1.002068;0.054711;0.008821;0.100000;0.054711;0.008821;0.100000;0.100000;0.000000;-0.547108;0.088212;
1.002078;0.054676;0.008814;0.100000;0.054676;0.008814;0.100000;0.100000;0.000000;-0.546765;0.088141;
1.002087;0.054642;0.008807;0.100000;0.054642;0.008807;0.100000;0.100000;0.000000;-0.546422;0.088069;
1.002097;0.054608;0.008800;0.100000;0.054608;0.008800;0.100000;0.100000;0.000000;-0.546078;0.087998;
1.002106;0.054573;0.008793;0.100000;0.054573;0.008793;0.100000;0.100000;0.000000;-0.545735;0.087926;
1.002116;0.054539;0.008785;0.100000;0.054539;0.008785;0.100000;0.100000;0.000000;-0.545391;0.087854;
1.002126;0.054505;0.008778;0.100000;0.054505;0.008778;0.100000;0.100000;0.000000;-0.545047;0.087781;
1.002135;0.054470;0.008771;0.100000;0.054470;0.008771;0.100000;0.100000;0.000000;-0.544703;0.087709;
1.002145;0.054436;0.008764;0.100000;0.054436;0.008764;0.100000;0.100000;0.000000;-0.544360;0.087636;
1.002154;0.054402;0.008756;0.100000;0.054402;0.008756;0.100000;0.100000;0.000000;-0.544016;0.087563;
1.002164;0.054367;0.008749;0.100000;0.054367;0.008749;0.100000;0.100000;0.000000;-0.543672;0.087490;
1.002174;0.054333;0.008742;0.100000;0.054333;0.008742;0.100000;0.100000;0.000000;-0.543328;0.087416;
1.002183;0.054298;0.008734;0.100000;0.054298;0.008734;0.100000;0.100000;0.000000;-0.542984;0.087342;
1.002193;0.054264;0.008727;0.100000;0.054264;0.008727;0.100000;0.100000;0.000000;-0.542640;0.087268;
1.002203;0.054230;0.008719;0.100000;0.054230;0.008719;0.100000;0.100000;0.000000;-0.542296;0.087194;
1.002212;0.054195;0.008712;0.100000;0.054195;0.008712;0.100000;0.100000;0.000000;-0.541952;0.087120;
1.002222;0.054161;0.008705;0.100000;0.054161;0.008705;0.100000;0.100000;0.000000;-0.541608;0.087045;
1.002231;0.054126;0.008697;0.100000;0.054126;0.008697;0.100000;0.100000;0.000000;-0.541264;0.086971;
1.002241;0.054092;0.008690;0.100000;0.054092;0.008690;0.100000;0.100000;0.000000;-0.540920;0.086896;
1.002251;0.054058;0.008682;0.100000;0.054058;0.008682;0.100000;0.100000;0.000000;-0.540576;0.086821;
1.002260;0.054023;0.008675;0.100000;0.054023;0.008675;0.100000;0.100000;0.000000;-0.540233;0.086745;
1.002270;0.053989;0.008667;0.100000;0.053989;0.008667;0.100000;0.100000;0.000000;-0.539889;0.086670;
1.002279;0.053954;0.008659;0.100000;0.053954;0.008659;0.100000;0.100000;0.000000;-0.539545;0.086594;
1.002289;0.053920;0.008652;0.100000;0.053920;0.008652;0.100000;0.100000;0.000000;-0.539201;0.086518;
1.002299;0.053886;0.008644;0.100000;0.053886;0.008644;0.100000;0.100000;0.000000;-0.538857;0.086442;
1.002308;0.053851;0.008637;0.100000;0.053851;0.008637;0.100000;0.100000;0.000000;-0.538513;0.086366;
1.002318;0.053817;0.008629;0.100000;0.053817;0.008629;0.100000;0.100000;0.000000;-0.538170;0.086290;
1.002328;0.053783;0.008621;0.100000;0.053783;0.008621;0.100000;0.100000;0.000000;-0.537826;0.086213;
1.002337;0.053748;0.008614;0.100000;0.053748;0.008614;0.100000;0.100000;0.000000;-0.537482;0.086137;
1.002347;0.053714;0.008606;0.100000;0.053714;0.008606;0.100000;0.100000;0.000000;-0.537139;0.086060;
1.002356;0.053680;0.008598;0.100000;0.053680;0.008598;0.100000;0.100000;0.000000;-0.536795;0.085983;
1.002366;0.053645;0.008591;0.100000;0.053645;0.008591;0.100000;0.100000;0.000000;-0.536452;0.085905;
1.002376;0.053611;0.008583;0.100000;0.053611;0.008583;0.100000;0.100000;0.000000;-0.536108;0.085828;
1.002385;0.053577;0.008575;0.100000;0.053577;0.008575;0.100000;0.100000;0.000000;-0.535765;0.085750;
1.002395;0.053542;0.008567;0.100000;0.053542;0.008567;0.100000;0.100000;0.000000;-0.535422;0.085673;
1.002404;0.053508;0.008559;0.100000;0.053508;0.008559;0.100000;0.100000;0.000000;-0.535079;0.085595;
1.002414;0.053474;0.008552;0.100000;0.053474;0.008552;0.100000;0.100000;0.000000;-0.534736;0.085517;
1.002424;0.053439;0.008544;0.100000;0.053439;0.008544;0.100000;0.100000;0.000000;-0.534393;0.085439;
1.002433;0.053405;0.008536;0.100000;0.053405;0.008536;0.100000;0.100000;0.000000;-0.534050;0.085360;
1.002443;0.053371;0.008528;0.100000;0.053371;0.008528;0.100000;0.100000;0.000000;-0.533707;0.085282;
1.002452;0.053336;0.008520;0.100000;0.053336;0.008520;0.100000;0.100000;0.000000;-0.533365;0.085203;
1.002462;0.053302;0.008512;0.100000;0.053302;0.008512;0.100000;0.100000;0.000000;-0.533022;0.085125;
1.002472;0.053268;0.008505;0.100000;0.053268;0.008505;0.100000;0.100000;0.000000;-0.532680;0.085046;
1.002481;0.053234;0.008497;0.100000;0.053234;0.008497;0.100000;0.100000;0.000000;-0.532338;0.084967;
1.002491;0.053200;0.008489;0.100000;0.053200;0.008489;0.100000;0.100000;0.000000;-0.531996;0.084888;
1.002501;0.053165;0.008481;0.100000;0.053165;0.008481;0.100000;0.100000;0.000000;-0.531654;0.084808;
1.002510;0.053131;0.008473;0.100000;0.053131;0.008473;0.100000;0.100000;0.000000;-0.531312;0.084729;
1.002520;0.053097;0.008465;0.100000;0.053097;0.008465;0.100000;0.100000;0.000000;-0.530970;0.084650;
1.002529;0.053063;0.008457;0.100000;0.053063;0.008457;0.100000;0.100000;0.000000;-0.530629;0.084570;
1.002539;0.053029;0.008449;0.100000;0.053029;0.008449;0.100000;0.100000;0.000000;-0.530287;0.084490;
1.002549;0.052995;0.008441;0.100000;0.052995;0.008441;0.100000;0.100000;0.000000;-0.529946;0.084410;
1.002558;0.052961;0.008433;0.100000;0.052961;0.008433;0.100000;0.100000;0.000000;-0.529605;0.084330;
1.002568;0.052926;0.008425;0.100000;0.052926;0.008425;0.100000;0.100000;0.000000;-0.529264;0.084250;
1.002577;0.052892;0.008417;0.100000;0.052892;0.008417;0.100000;0.100000;0.000000;-0.528923;0.084170;
1.002587;0.052858;0.008409;0.100000;0.052858;0.008409;0.100000;0.100000;0.000000;-0.528583;0.084090;
1.002597;0.052824;0.008401;0.100000;0.052824;0.008401;0.100000;0.100000;0.000000;-0.528242;0.084009;
1.002606;0.052790;0.008393;0.100000;0.052790;0.008393;0.100000;0.100000;0.000000;-0.527902;0.083929;
1.002616;0.052756;0.008385;0.100000;0.052756;0.008385;0.100000;0.100000;0.000000;-0.527562;0.083848;
1.002625;0.052722;0.008377;0.100000;0.052722;0.008377;0.100000;0.100000;0.000000;-0.527222;0.083767;
1.002635;0.052688;0.008369;0.100000;0.052688;0.008369;0.100000;0.100000;0.000000;-0.526883;0.083686;
1.002645;0.052654;0.008361;0.100000;0.052654;0.008361;0.100000;0.100000;0.000000;-0.526543;0.083605;
1.002654;0.052620;0.008352;0.100000;0.052620;0.008352;0.100000;0.100000;0.000000;-0.526204;0.083524;
1.002664;0.052586;0.008344;0.100000;0.052586;0.008344;0.100000;0.100000;0.000000;-0.525865;0.083443;
1.002674;0.052553;0.008336;0.100000;0.052553;0.008336;0.100000;0.100000;0.000000;-0.525526;0.083362;
1.002683;0.052519;0.008328;0.100000;0.052519;0.008328;0.100000;0.100000;0.000000;-0.525187;0.083280;
1.002693;0.052485;0.008320;0.100000;0.052485;0.008320;0.100000;0.100000;0.000000;-0.524848;0.083199;
1.002702;0.052451;0.008312;0.100000;0.052451;0.008312;0.100000;0.100000;0.000000;-0.524510;0.083117;
1.002712;0.052417;0.008304;0.100000;0.052417;0.008304;0.100000;0.100000;0.000000;-0.524172;0.083036;
1.002722;0.052383;0.008295;0.100000;0.052383;0.008295;0.100000;0.100000;0.000000;-0.523834;0.082954;
1.002731;0.052350;0.008287;0.100000;0.052350;0.008287;0.100000;0.100000;0.000000;-0.523496;0.082872;
1.002741;0.052316;0.008279;0.100000;0.052316;0.008279;0.100000;0.100000;0.000000;-0.523159;0.082790;
1.002750;0.052282;0.008271;0.100000;0.052282;0.008271;0.100000;0.100000;0.000000;-0.522822;0.082708;
1.002760;0.052248;0.008263;0.100000;0.052248;0.008263;0.100000;0.100000;0.000000;-0.522485;0.082626;
1.002770;0.052215;0.008254;0.100000;0.052215;0.008254;0.100000;0.100000;0.000000;-0.522148;0.082544;
1.002779;0.052181;0.008246;0.100000;0.052181;0.008246;0.100000;0.100000;0.000000;-0.521812;0.082462;
1.002789;0.052148;0.008238;0.100000;0.052148;0.008238;0.100000;0.100000;0.000000;-0.521475;0.082379;
1.002799;0.052114;0.008230;0.100000;0.052114;0.008230;0.100000;0.100000;0.000000;-0.521139;0.082297;
1.002808;0.052080;0.008221;0.100000;0.052080;0.008221;0.100000;0.100000;0.000000;-0.520803;0.082215;
1.002818;0.052047;0.008213;0.100000;0.052047;0.008213;0.100000;0.100000;0.000000;-0.520468;0.082132;
1.002827;0.052013;0.008205;0.100000;0.052013;0.008205;0.100000;0.100000;0.000000;-0.520133;0.082050;
1.002837;0.051980;0.008197;0.100000;0.051980;0.008197;0.100000;0.100000;0.000000;-0.519798;0.081967;
1.002847;0.051946;0.008188;0.100000;0.051946;0.008188;0.100000;0.100000;0.000000;-0.519463;0.081884;
1.002856;0.051913;0.008180;0.100000;0.051913;0.008180;0.100000;0.100000;0.000000;-0.519128;0.081801;
1.002866;0.051879;0.008172;0.100000;0.051879;0.008172;0.100000;0.100000;0.000000;-0.518794;0.081719;
1.002875;0.051846;0.008164;0.100000;0.051846;0.008164;0.100000;0.100000;0.000000;-0.518460;0.081636;
1.002885;0.051813;0.008155;0.100000;0.051813;0.008155;0.100000;0.100000;0.000000;-0.518126;0.081553;
1.002895;0.051779;0.008147;0.100000;0.051779;0.008147;0.100000;0.100000;0.000000;-0.517793;0.081470;
1.002904;0.051746;0.008139;0.100000;0.051746;0.008139;0.100000;0.100000;0.000000;-0.517459;0.081386;
1.002914;0.051713;0.008130;0.100000;0.051713;0.008130;0.100000;0.100000;0.000000;-0.517127;0.081303;
1.002923;0.051679;0.008122;0.100000;0.051679;0.008122;0.100000;0.100000;0.000000;-0.516794;0.081220;
1.002933;0.051646;0.008114;0.100000;0.051646;0.008114;0.100000;0.100000;0.000000;-0.516461;0.081137;
1.002943;0.051613;0.008105;0.100000;0.051613;0.008105;0.100000;0.100000;0.000000;-0.516129;0.081054;
1.002952;0.051580;0.008097;0.100000;0.051580;0.008097;0.100000;0.100000;0.000000;-0.515798;0.080970;
1.002962;0.051547;0.008089;0.100000;0.051547;0.008089;0.100000;0.100000;0.000000;-0.515466;0.080887;
1.002972;0.051513;0.008080;0.100000;0.051513;0.008080;0.100000;0.100000;0.000000;-0.515135;0.080803;
1.002981;0.051480;0.008072;0.100000;0.051480;0.008072;0.100000;0.100000;0.000000;-0.514804;0.080720;
1.002991;0.051447;0.008064;0.100000;0.051447;0.008064;0.100000;0.100000;0.000000;-0.514473;0.080636;
1.003000;0.051414;0.008055;0.100000;0.051414;0.008055;0.100000;0.100000;0.000000;-0.514143;0.080553;
1.003010;0.051381;0.008047;0.100000;0.051381;0.008047;0.100000;0.100000;0.000000;-0.513813;0.080469;
1.003020;0.051348;0.008039;0.100000;0.051348;0.008039;0.100000;0.100000;0.000000;-0.513483;0.080385;
1.003029;0.051315;0.008030;0.100000;0.051315;0.008030;0.100000;0.100000;0.000000;-0.513154;0.080301;
1.003039;0.051282;0.008022;0.100000;0.051282;0.008022;0.100000;0.100000;0.000000;-0.512824;0.080218;
1.003048;0.051250;0.008013;0.100000;0.051250;0.008013;0.100000;0.100000;0.000000;-0.512496;0.080134;
1.003058;0.051217;0.008005;0.100000;0.051217;0.008005;0.100000;0.100000;0.000000;-0.512167;0.080050;
1.003068;0.051184;0.007997;0.100000;0.051184;0.007997;0.100000;0.100000;0.000000;-0.511839;0.079966;
1.003077;0.051151;0.007988;0.100000;0.051151;0.007988;0.100000;0.100000;0.000000;-0.511511;0.079882;
1.003087;0.051118;0.007980;0.100000;0.051118;0.007980;0.100000;0.100000;0.000000;-0.511183;0.079798;
1.003096;0.051086;0.007971;0.100000;0.051086;0.007971;0.100000;0.100000;0.000000;-0.510856;0.079714;
1.003097;0.051084;0.007971;0.100000;0.051084;0.007971;0.100000;0.100000;0.000000;-0.510838;0.079710;
1.003097;0.051083;0.007971;0.100000;0.051083;0.007971;0.100000;0.100000;0.000000;-0.510834;0.079709;
1.003097;0.051083;0.007971;0.100000;0.051083;0.007971;0.100000;0.100000;0.000000;-0.510826;0.079706;
1.003098;0.051081;0.007970;0.100000;0.051081;0.007970;0.100000;0.100000;0.000000;-0.510809;0.079702;
1.003099;0.051078;0.007969;0.100000;0.051078;0.007969;0.100000;0.100000;0.000000;-0.510777;0.079694;
1.003101;0.051071;0.007968;0.100000;0.051071;0.007968;0.100000;0.100000;0.000000;-0.510711;0.079677;
1.003105;0.051058;0.007964;0.100000;0.051058;0.007964;0.100000;0.100000;0.000000;-0.510580;0.079643;
1.003112;0.051032;0.007958;0.100000;0.051032;0.007958;0.100000;0.100000;0.000000;-0.510319;0.079576;
1.003128;0.050980;0.007944;0.100000;0.050980;0.007944;0.100000;0.100000;0.000000;-0.509797;0.079441;
1.003143;0.050928;0.007931;0.100000;0.050928;0.007931;0.100000;0.100000;0.000000;-0.509275;0.079307;
1.003158;0.050875;0.007917;0.100000;0.050875;0.007917;0.100000;0.100000;0.000000;-0.508754;0.079172;
1.003174;0.050823;0.007904;0.100000;0.050823;0.007904;0.100000;0.100000;0.000000;-0.508235;0.079037;
1.003189;0.050772;0.007890;0.100000;0.050772;0.007890;0.100000;0.100000;0.000000;-0.507716;0.078902;
1.003205;0.050720;0.007877;0.100000;0.050720;0.007877;0.100000;0.100000;0.000000;-0.507197;0.078767;
1.003220;0.050668;0.007863;0.100000;0.050668;0.007863;0.100000;0.100000;0.000000;-0.506680;0.078632;
1.003235;0.050616;0.007850;0.100000;0.050616;0.007850;0.100000;0.100000;0.000000;-0.506163;0.078497;
1.003251;0.050565;0.007836;0.100000;0.050565;0.007836;0.100000;0.100000;0.000000;-0.505647;0.078362;
1.003266;0.050513;0.007823;0.100000;0.050513;0.007823;0.100000;0.100000;0.000000;-0.505132;0.078227;
1.003282;0.050462;0.007809;0.100000;0.050462;0.007809;0.100000;0.100000;0.000000;-0.504618;0.078092;
1.003297;0.050410;0.007796;0.100000;0.050410;0.007796;0.100000;0.100000;0.000000;-0.504105;0.077956;
1.003312;0.050359;0.007782;0.100000;0.050359;0.007782;0.100000;0.100000;0.000000;-0.503592;0.077821;
1.003328;0.050308;0.007769;0.100000;0.050308;0.007769;0.100000;0.100000;0.000000;-0.503080;0.077686;
1.003343;0.050257;0.007755;0.100000;0.050257;0.007755;0.100000;0.100000;0.000000;-0.502569;0.077551;
1.003359;0.050206;0.007742;0.100000;0.050206;0.007742;0.100000;0.100000;0.000000;-0.502059;0.077415;
1.003374;0.050155;0.007728;0.100000;0.050155;0.007728;0.100000;0.100000;0.000000;-0.501550;0.077280;
1.003389;0.050104;0.007714;0.100000;0.050104;0.007714;0.100000;0.100000;0.000000;-0.501041;0.077145;
1.003405;0.050053;0.007701;0.100000;0.050053;0.007701;0.100000;0.100000;0.000000;-0.500533;0.077009;
1.003420;0.050003;0.007687;0.100000;0.050003;0.007687;0.100000;0.100000;0.000000;-0.500026;0.076874;
1.003435;0.049952;0.007674;0.100000;0.049952;0.007674;0.100000;0.100000;0.000000;-0.499520;0.076739;
1.003451;0.049901;0.007660;0.100000;0.049901;0.007660;0.100000;0.100000;0.000000;-0.499014;0.076603;
1.003466;0.049851;0.007647;0.100000;0.049851;0.007647;0.100000;0.100000;0.000000;-0.498509;0.076468;
1.003482;0.049801;0.007633;0.100000;0.049801;0.007633;0.100000;0.100000;0.000000;-0.498005;0.076333;
1.003497;0.049750;0.007620;0.100000;0.049750;0.007620;0.100000;0.100000;0.000000;-0.497502;0.076197;
1.003512;0.049700;0.007606;0.100000;0.049700;0.007606;0.100000;0.100000;0.000000;-0.497000;0.076062;
1.003528;0.049650;0.007593;0.100000;0.049650;0.007593;0.100000;0.100000;0.000000;-0.496498;0.075927;
1.003543;0.049600;0.007579;0.100000;0.049600;0.007579;0.100000;0.100000;0.000000;-0.495997;0.075791;
1.003559;0.049550;0.007566;0.100000;0.049550;0.007566;0.100000;0.100000;0.000000;-0.495497;0.075656;
1.003574;0.049500;0.007552;0.100000;0.049500;0.007552;0.100000;0.100000;0.000000;-0.494997;0.075521;
1.003589;0.049450;0.007539;0.100000;0.049450;0.007539;0.100000;0.100000;0.000000;-0.494499;0.075386;
1.003605;0.049400;0.007525;0.100000;0.049400;0.007525;0.100000;0.100000;0.000000;-0.494001;0.075251;
1.003620;0.049350;0.007512;0.100000;0.049350;0.007512;0.100000;0.100000;0.000000;-0.493504;0.075115;
1.003636;0.049301;0.007498;0.100000;0.049301;0.007498;0.100000;0.100000;0.000000;-0.493007;0.074980;
1.003651;0.049251;0.007485;0.100000;0.049251;0.007485;0.100000;0.100000;0.000000;-0.492511;0.074845;
1.003666;0.049202;0.007471;0.100000;0.049202;0.007471;0.100000;0.100000;0.000000;-0.492017;0.074710;
1.003682;0.049152;0.007458;0.100000;0.049152;0.007458;0.100000;0.100000;0.000000;-0.491522;0.074575;
1.003697;0.049103;0.007444;0.100000;0.049103;0.007444;0.100000;0.100000;0.000000;-0.491029;0.074440;
1.003712;0.049054;0.007431;0.100000;0.049054;0.007431;0.100000;0.100000;0.000000;-0.490536;0.074306;
1.003728;0.049004;0.007417;0.100000;0.049004;0.007417;0.100000;0.100000;0.000000;-0.490044;0.074171;
1.003743;0.048955;0.007404;0.100000;0.048955;0.007404;0.100000;0.100000;0.000000;-0.489553;0.074036;
1.003759;0.048906;0.007390;0.100000;0.048906;0.007390;0.100000;0.100000;0.000000;-0.489062;0.073901;
1.003774;0.048857;0.007377;0.100000;0.048857;0.007377;0.100000;0.100000;0.000000;-0.488572;0.073767;
1.003789;0.048808;0.007363;0.100000;0.048808;0.007363;0.100000;0.100000;0.000000;-0.488083;0.073632;
1.003805;0.048759;0.007350;0.100000;0.048759;0.007350;0.100000;0.100000;0.000000;-0.487595;0.073497;
1.003820;0.048711;0.007336;0.100000;0.048711;0.007336;0.100000;0.100000;0.000000;-0.487107;0.073363;
1.003836;0.048662;0.007323;0.100000;0.048662;0.007323;0.100000;0.100000;0.000000;-0.486620;0.073229;
1.003851;0.048613;0.007309;0.100000;0.048613;0.007309;0.100000;0.100000;0.000000;-0.486134;0.073094;
1.003866;0.048565;0.007296;0.100000;0.048565;0.007296;0.100000;0.100000;0.000000;-0.485648;0.072960;
1.003882;0.048516;0.007283;0.100000;0.048516;0.007283;0.100000;0.100000;0.000000;-0.485163;0.072826;
1.003897;0.048468;0.007269;0.100000;0.048468;0.007269;0.100000;0.100000;0.000000;-0.484679;0.072692;
1.003913;0.048420;0.007256;0.100000;0.048420;0.007256;0.100000;0.100000;0.000000;-0.484195;0.072558;
1.003928;0.048371;0.007242;0.100000;0.048371;0.007242;0.100000;0.100000;0.000000;-0.483713;0.072424;
1.003943;0.048323;0.007229;0.100000;0.048323;0.007229;0.100000;0.100000;0.000000;-0.483230;0.072290;
1.003959;0.048275;0.007216;0.100000;0.048275;0.007216;0.100000;0.100000;0.000000;-0.482749;0.072156;
1.003974;0.048227;0.007202;0.100000;0.048227;0.007202;0.100000;0.100000;0.000000;-0.482268;0.072022;
1.003989;0.048179;0.007189;0.100000;0.048179;0.007189;0.100000;0.100000;0.000000;-0.481788;0.071889;
1.004005;0.048131;0.007175;0.100000;0.048131;0.007175;0.100000;0.100000;0.000000;-0.481308;0.071755;
1.004020;0.048083;0.007162;0.100000;0.048083;0.007162;0.100000;0.100000;0.000000;-0.480829;0.071621;
1.004036;0.048035;0.007149;0.100000;0.048035;0.007149;0.100000;0.100000;0.000000;-0.480351;0.071488;
1.004051;0.047987;0.007135;0.100000;0.047987;0.007135;0.100000;0.100000;0.000000;-0.479874;0.071355;
1.004059;0.047964;0.007129;0.100000;0.047964;0.007129;0.100000;0.100000;0.000000;-0.479639;0.071289;
1.004059;0.047964;0.007129;0.100000;0.047964;0.007129;0.100000;0.100000;0.000000;-0.479635;0.071288;
1.004059;0.047963;0.007129;0.100000;0.047963;0.007129;0.100000;0.100000;0.000000;-0.479627;0.071286;
1.004060;0.047961;0.007128;0.100000;0.047961;0.007128;0.100000;0.100000;0.000000;-0.479610;0.071281;
1.004061;0.047958;0.007127;0.100000;0.047958;0.007127;0.100000;0.100000;0.000000;-0.479576;0.071272;
1.004063;0.047951;0.007125;0.100000;0.047951;0.007125;0.100000;0.100000;0.000000;-0.479508;0.071253;
1.004067;0.047937;0.007122;0.100000;0.047937;0.007122;0.100000;0.100000;0.000000;-0.479373;0.071215;
1.004076;0.047910;0.007114;0.100000;0.047910;0.007114;0.100000;0.100000;0.000000;-0.479103;0.071140;
1.004093;0.047856;0.007099;0.100000;0.047856;0.007099;0.100000;0.100000;0.000000;-0.478564;0.070989;
1.004111;0.047803;0.007084;0.100000;0.047803;0.007084;0.100000;0.100000;0.000000;-0.478026;0.070838;
1.004128;0.047749;0.007069;0.100000;0.047749;0.007069;0.100000;0.100000;0.000000;-0.477489;0.070688;
1.004146;0.047695;0.007054;0.100000;0.047695;0.007054;0.100000;0.100000;0.000000;-0.476952;0.070537;
1.004163;0.047642;0.007039;0.100000;0.047642;0.007039;0.100000;0.100000;0.000000;-0.476417;0.070387;
1.004181;0.047588;0.007024;0.100000;0.047588;0.007024;0.100000;0.100000;0.000000;-0.475882;0.070237;
1.004198;0.047535;0.007009;0.100000;0.047535;0.007009;0.100000;0.100000;0.000000;-0.475349;0.070087;
1.004215;0.047482;0.006994;0.100000;0.047482;0.006994;0.100000;0.100000;0.000000;-0.474816;0.069937;
1.004223;0.047459;0.006987;0.100000;0.047459;0.006987;0.100000;0.100000;0.000000;-0.474594;0.069875;
1.004223;0.047459;0.006987;0.100000;0.047459;0.006987;0.100000;0.100000;0.000000;-0.474589;0.069874;
1.004223;0.047458;0.006987;0.100000;0.047458;0.006987;0.100000;0.100000;0.000000;-0.474581;0.069871;
1.004224;0.047456;0.006987;0.100000;0.047456;0.006987;0.100000;0.100000;0.000000;-0.474565;0.069867;
1.004225;0.047453;0.006986;0.100000;0.047453;0.006986;0.100000;0.100000;0.000000;-0.474532;0.069857;
1.004227;0.047447;0.006984;0.100000;0.047447;0.006984;0.100000;0.100000;0.000000;-0.474466;0.069839;
1.004231;0.047433;0.006980;0.100000;0.047433;0.006980;0.100000;0.100000;0.000000;-0.474334;0.069802;
1.004240;0.047407;0.006973;0.100000;0.047407;0.006973;0.100000;0.100000;0.000000;-0.474071;0.069728;
1.004257;0.047355;0.006958;0.100000;0.047355;0.006958;0.100000;0.100000;0.000000;-0.473546;0.069580;
1.004274;0.047302;0.006943;0.100000;0.047302;0.006943;0.100000;0.100000;0.000000;-0.473021;0.069432;
1.004292;0.047250;0.006928;0.100000;0.047250;0.006928;0.100000;0.100000;0.000000;-0.472498;0.069284;
1.004309;0.047198;0.006914;0.100000;0.047198;0.006914;0.100000;0.100000;0.000000;-0.471975;0.069136;
1.004326;0.047145;0.006899;0.100000;0.047145;0.006899;0.100000;0.100000;0.000000;-0.471454;0.068989;
1.004343;0.047093;0.006884;0.100000;0.047093;0.006884;0.100000;0.100000;0.000000;-0.470933;0.068841;
1.004361;0.047041;0.006869;0.100000;0.047041;0.006869;0.100000;0.100000;0.000000;-0.470413;0.068694;
1.004378;0.046989;0.006855;0.100000;0.046989;0.006855;0.100000;0.100000;0.000000;-0.469894;0.068547;
1.004382;0.046978;0.006851;0.100000;0.046978;0.006851;0.100000;0.100000;0.000000;-0.469779;0.068514;
1.004382;0.046978;0.006851;0.100000;0.046978;0.006851;0.100000;0.100000;0.000000;-0.469775;0.068513;
1.004382;0.046977;0.006851;0.100000;0.046977;0.006851;0.100000;0.100000;0.000000;-0.469767;0.068511;
1.004383;0.046975;0.006851;0.100000;0.046975;0.006851;0.100000;0.100000;0.000000;-0.469752;0.068507;
1.004384;0.046972;0.006850;0.100000;0.046972;0.006850;0.100000;0.100000;0.000000;-0.469720;0.068498;
1.004386;0.046966;0.006848;0.100000;0.046966;0.006848;0.100000;0.100000;0.000000;-0.469657;0.068480;
1.004390;0.046953;0.006844;0.100000;0.046953;0.006844;0.100000;0.100000;0.000000;-0.469531;0.068444;
1.004399;0.046928;0.006837;0.100000;0.046928;0.006837;0.100000;0.100000;0.000000;-0.469279;0.068373;
1.004415;0.046878;0.006823;0.100000;0.046878;0.006823;0.100000;0.100000;0.000000;-0.468777;0.068230;
1.004432;0.046827;0.006809;0.100000;0.046827;0.006809;0.100000;0.100000;0.000000;-0.468275;0.068087;
1.004449;0.046777;0.006794;0.100000;0.046777;0.006794;0.100000;0.100000;0.000000;-0.467774;0.067945;
1.004466;0.046727;0.006780;0.100000;0.046727;0.006780;0.100000;0.100000;0.000000;-0.467273;0.067803;
1.004483;0.046677;0.006766;0.100000;0.046677;0.006766;0.100000;0.100000;0.000000;-0.466774;0.067661;
1.004499;0.046628;0.006752;0.100000;0.046628;0.006752;0.100000;0.100000;0.000000;-0.466276;0.067519;
1.004516;0.046578;0.006738;0.100000;0.046578;0.006738;0.100000;0.100000;0.000000;-0.465778;0.067377;
1.004533;0.046528;0.006724;0.100000;0.046528;0.006724;0.100000;0.100000;0.000000;-0.465281;0.067235;
1.004550;0.046479;0.006709;0.100000;0.046479;0.006709;0.100000;0.100000;0.000000;-0.464786;0.067094;
1.004567;0.046429;0.006695;0.100000;0.046429;0.006695;0.100000;0.100000;0.000000;-0.464291;0.066952;
1.004583;0.046380;0.006681;0.100000;0.046380;0.006681;0.100000;0.100000;0.000000;-0.463797;0.066811;
1.004600;0.046330;0.006667;0.100000;0.046330;0.006667;0.100000;0.100000;0.000000;-0.463303;0.066670;
1.004617;0.046281;0.006653;0.100000;0.046281;0.006653;0.100000;0.100000;0.000000;-0.462811;0.066529;
1.004634;0.046232;0.006639;0.100000;0.046232;0.006639;0.100000;0.100000;0.000000;-0.462319;0.066388;
1.004651;0.046183;0.006625;0.100000;0.046183;0.006625;0.100000;0.100000;0.000000;-0.461829;0.066248;
1.004667;0.046134;0.006611;0.100000;0.046134;0.006611;0.100000;0.100000;0.000000;-0.461339;0.066107;
1.004684;0.046085;0.006597;0.100000;0.046085;0.006597;0.100000;0.100000;0.000000;-0.460850;0.065967;
1.004701;0.046036;0.006583;0.100000;0.046036;0.006583;0.100000;0.100000;0.000000;-0.460362;0.065827;
1.004718;0.045987;0.006569;0.100000;0.045987;0.006569;0.100000;0.100000;0.000000;-0.459874;0.065687;
1.004735;0.045939;0.006555;0.100000;0.045939;0.006555;0.100000;0.100000;0.000000;-0.459388;0.065547;
1.004751;0.045890;0.006541;0.100000;0.045890;0.006541;0.100000;0.100000;0.000000;-0.458902;0.065408;
1.004768;0.045842;0.006527;0.100000;0.045842;0.006527;0.100000;0.100000;0.000000;-0.458417;0.065268;
1.004785;0.045793;0.006513;0.100000;0.045793;0.006513;0.100000;0.100000;0.000000;-0.457933;0.065129;
1.004802;0.045745;0.006499;0.100000;0.045745;0.006499;0.100000;0.100000;0.000000;-0.457450;0.064990;
1.004819;0.045697;0.006485;0.100000;0.045697;0.006485;0.100000;0.100000;0.000000;-0.456968;0.064851;
1.004835;0.045649;0.006471;0.100000;0.045649;0.006471;0.100000;0.100000;0.000000;-0.456487;0.064713;
1.004852;0.045601;0.006457;0.100000;0.045601;0.006457;0.100000;0.100000;0.000000;-0.456006;0.064574;
1.004869;0.045553;0.006444;0.100000;0.045553;0.006444;0.100000;0.100000;0.000000;-0.455526;0.064436;
1.004886;0.045505;0.006430;0.100000;0.045505;0.006430;0.100000;0.100000;0.000000;-0.455047;0.064297;
1.004903;0.045457;0.006416;0.100000;0.045457;0.006416;0.100000;0.100000;0.000000;-0.454569;0.064159;
1.004919;0.045409;0.006402;0.100000;0.045409;0.006402;0.100000;0.100000;0.000000;-0.454092;0.064022;
1.004936;0.045362;0.006388;0.100000;0.045362;0.006388;0.100000;0.100000;0.000000;-0.453616;0.063884;
1.004953;0.045314;0.006375;0.100000;0.045314;0.006375;0.100000;0.100000;0.000000;-0.453140;0.063746;
1.004957;0.045301;0.006371;0.100000;0.045301;0.006371;0.100000;0.100000;0.000000;-0.453014;0.063710;
1.004962;0.045289;0.006367;0.100000;0.045289;0.006367;0.100000;0.100000;0.000000;-0.452888;0.063673;
1.004966;0.045276;0.006364;0.100000;0.045276;0.006364;0.100000;0.100000;0.000000;-0.452762;0.063637;
1.004971;0.045264;0.006360;0.100000;0.045264;0.006360;0.100000;0.100000;0.000000;-0.452636;0.063601;
1.004975;0.045251;0.006356;0.100000;0.045251;0.006356;0.100000;0.100000;0.000000;-0.452510;0.063564;
1.004980;0.045238;0.006353;0.100000;0.045238;0.006353;0.100000;0.100000;0.000000;-0.452384;0.063528;
1.004984;0.045226;0.006349;0.100000;0.045226;0.006349;0.100000;0.100000;0.000000;-0.452259;0.063491;
1.004989;0.045213;0.006345;0.100000;0.045213;0.006345;0.100000;0.100000;0.000000;-0.452133;0.063455;
1.004993;0.045201;0.006342;0.100000;0.045201;0.006342;0.100000;0.100000;0.000000;-0.452007;0.063419;
1.004998;0.045188;0.006338;0.100000;0.045188;0.006338;0.100000;0.100000;0.000000;-0.451882;0.063382;
1.005002;0.045176;0.006335;0.100000;0.045176;0.006335;0.100000;0.100000;0.000000;-0.451756;0.063346;
1.005006;0.045163;0.006331;0.100000;0.045163;0.006331;0.100000;0.100000;0.000000;-0.451631;0.063310;
1.005011;0.045151;0.006327;0.100000;0.045151;0.006327;0.100000;0.100000;0.000000;-0.451505;0.063273;
1.005015;0.045138;0.006324;0.100000;0.045138;0.006324;0.100000;0.100000;0.000000;-0.451380;0.063237;
1.005020;0.045125;0.006320;0.100000;0.045125;0.006320;0.100000;0.100000;0.000000;-0.451255;0.063201;
1.005024;0.045113;0.006316;0.100000;0.045113;0.006316;0.100000;0.100000;0.000000;-0.451130;0.063164;
1.005029;0.045100;0.006313;0.100000;0.045100;0.006313;0.100000;0.100000;0.000000;-0.451004;0.063128;
1.005033;0.045088;0.006309;0.100000;0.045088;0.006309;0.100000;0.100000;0.000000;-0.450879;0.063092;
1.005038;0.045075;0.006306;0.100000;0.045075;0.006306;0.100000;0.100000;0.000000;-0.450754;0.063056;
1.005042;0.045063;0.006302;0.100000;0.045063;0.006302;0.100000;0.100000;0.000000;-0.450629;0.063019;
1.005047;0.045050;0.006298;0.100000;0.045050;0.006298;0.100000;0.100000;0.000000;-0.450504;0.062983;
1.005051;0.045038;0.006295;0.100000;0.045038;0.006295;0.100000;0.100000;0.000000;-0.450379;0.062947;
1.005056;0.045025;0.006291;0.100000;0.045025;0.006291;0.100000;0.100000;0.000000;-0.450255;0.062911;
1.005060;0.045013;0.006287;0.100000;0.045013;0.006287;0.100000;0.100000;0.000000;-0.450130;0.062875;
1.005064;0.045001;0.006284;0.100000;0.045001;0.006284;0.100000;0.100000;0.000000;-0.450005;0.062838;
1.005069;0.044988;0.006280;0.100000;0.044988;0.006280;0.100000;0.100000;0.000000;-0.449880;0.062802;
1.005073;0.044976;0.006277;0.100000;0.044976;0.006277;0.100000;0.100000;0.000000;-0.449756;0.062766;
1.005078;0.044963;0.006273;0.100000;0.044963;0.006273;0.100000;0.100000;0.000000;-0.449631;0.062730;
1.005082;0.044951;0.006269;0.100000;0.044951;0.006269;0.100000;0.100000;0.000000;-0.449507;0.062694;
1.005091;0.044926;0.006262;0.100000;0.044926;0.006262;0.100000;0.100000;0.000000;-0.449258;0.062622;
1.005099;0.044903;0.006256;0.100000;0.044903;0.006256;0.100000;0.100000;0.000000;-0.449034;0.062557;
1.005107;0.044881;0.006249;0.100000;0.044881;0.006249;0.100000;0.100000;0.000000;-0.448811;0.062492;
1.005115;0.044859;0.006243;0.100000;0.044859;0.006243;0.100000;0.100000;0.000000;-0.448588;0.062427;
1.005123;0.044836;0.006236;0.100000;0.044836;0.006236;0.100000;0.100000;0.000000;-0.448364;0.062362;
1.005131;0.044814;0.006230;0.100000;0.044814;0.006230;0.100000;0.100000;0.000000;-0.448142;0.062298;
1.005139;0.044792;0.006223;0.100000;0.044792;0.006223;0.100000;0.100000;0.000000;-0.447919;0.062233;
1.005147;0.044770;0.006217;0.100000;0.044770;0.006217;0.100000;0.100000;0.000000;-0.447696;0.062168;
1.005155;0.044747;0.006210;0.100000;0.044747;0.006210;0.100000;0.100000;0.000000;-0.447474;0.062104;
1.005163;0.044725;0.006204;0.100000;0.044725;0.006204;0.100000;0.100000;0.000000;-0.447252;0.062039;
1.005171;0.044703;0.006197;0.100000;0.044703;0.006197;0.100000;0.100000;0.000000;-0.447030;0.061975;
1.005179;0.044681;0.006191;0.100000;0.044681;0.006191;0.100000;0.100000;0.000000;-0.446808;0.061910;
1.005187;0.044659;0.006185;0.100000;0.044659;0.006185;0.100000;0.100000;0.000000;-0.446586;0.061846;
1.005195;0.044636;0.006178;0.100000;0.044636;0.006178;0.100000;0.100000;0.000000;-0.446365;0.061781;
1.005203;0.044614;0.006172;0.100000;0.044614;0.006172;0.100000;0.100000;0.000000;-0.446144;0.061717;
1.005212;0.044592;0.006165;0.100000;0.044592;0.006165;0.100000;0.100000;0.000000;-0.445923;0.061652;
1.005228;0.044548;0.006152;0.100000;0.044548;0.006152;0.100000;0.100000;0.000000;-0.445481;0.061524;
1.005242;0.044508;0.006141;0.100000;0.044508;0.006141;0.100000;0.100000;0.000000;-0.445084;0.061408;
1.005256;0.044469;0.006129;0.100000;0.044469;0.006129;0.100000;0.100000;0.000000;-0.444688;0.061293;
1.005271;0.044429;0.006118;0.100000;0.044429;0.006118;0.100000;0.100000;0.000000;-0.444293;0.061178;
1.005285;0.044390;0.006106;0.100000;0.044390;0.006106;0.100000;0.100000;0.000000;-0.443898;0.061063;
1.005300;0.044350;0.006095;0.100000;0.044350;0.006095;0.100000;0.100000;0.000000;-0.443504;0.060948;
1.005314;0.044311;0.006083;0.100000;0.044311;0.006083;0.100000;0.100000;0.000000;-0.443110;0.060833;
1.005329;0.044272;0.006072;0.100000;0.044272;0.006072;0.100000;0.100000;0.000000;-0.442717;0.060718;
1.005343;0.044232;0.006060;0.100000;0.044232;0.006060;0.100000;0.100000;0.000000;-0.442324;0.060604;
1.005358;0.044193;0.006049;0.100000;0.044193;0.006049;0.100000;0.100000;0.000000;-0.441932;0.060489;
1.005386;0.044115;0.006026;0.100000;0.044115;0.006026;0.100000;0.100000;0.000000;-0.441151;0.060261;
1.005412;0.044045;0.006006;0.100000;0.044045;0.006006;0.100000;0.100000;0.000000;-0.440449;0.060056;
1.005438;0.043975;0.005985;0.100000;0.043975;0.005985;0.100000;0.100000;0.000000;-0.439749;0.059852;
1.005464;0.043905;0.005965;0.100000;0.043905;0.005965;0.100000;0.100000;0.000000;-0.439052;0.059647;
1.005490;0.043836;0.005944;0.100000;0.043836;0.005944;0.100000;0.100000;0.000000;-0.438356;0.059444;
1.005516;0.043766;0.005924;0.100000;0.043766;0.005924;0.100000;0.100000;0.000000;-0.437662;0.059241;
1.005542;0.043697;0.005904;0.100000;0.043697;0.005904;0.100000;0.100000;0.000000;-0.436970;0.059038;
1.005568;0.043628;0.005884;0.100000;0.043628;0.005884;0.100000;0.100000;0.000000;-0.436279;0.058836;
1.005594;0.043559;0.005863;0.100000;0.043559;0.005863;0.100000;0.100000;0.000000;-0.435591;0.058634;
1.005620;0.043490;0.005843;0.100000;0.043490;0.005843;0.100000;0.100000;0.000000;-0.434904;0.058433;
1.005646;0.043422;0.005823;0.100000;0.043422;0.005823;0.100000;0.100000;0.000000;-0.434220;0.058232;
1.005672;0.043354;0.005803;0.100000;0.043354;0.005803;0.100000;0.100000;0.000000;-0.433537;0.058031;
1.005698;0.043286;0.005783;0.100000;0.043286;0.005783;0.100000;0.100000;0.000000;-0.432856;0.057831;
1.005724;0.043218;0.005763;0.100000;0.043218;0.005763;0.100000;0.100000;0.000000;-0.432177;0.057632;
1.005750;0.043150;0.005743;0.100000;0.043150;0.005743;0.100000;0.100000;0.000000;-0.431499;0.057433;
1.005776;0.043082;0.005723;0.100000;0.043082;0.005723;0.100000;0.100000;0.000000;-0.430824;0.057234;
1.005802;0.043015;0.005704;0.100000;0.043015;0.005704;0.100000;0.100000;0.000000;-0.430150;0.057036;
1.005828;0.042948;0.005684;0.100000;0.042948;0.005684;0.100000;0.100000;0.000000;-0.429478;0.056838;
1.005854;0.042881;0.005664;0.100000;0.042881;0.005664;0.100000;0.100000;0.000000;-0.428808;0.056641;
1.005880;0.042814;0.005644;0.100000;0.042814;0.005644;0.100000;0.100000;0.000000;-0.428140;0.056444;
1.005906;0.042747;0.005625;0.100000;0.042747;0.005625;0.100000;0.100000;0.000000;-0.427473;0.056248;
1.005932;0.042681;0.005605;0.100000;0.042681;0.005605;0.100000;0.100000;0.000000;-0.426809;0.056052;
1.005958;0.042615;0.005586;0.100000;0.042615;0.005586;0.100000;0.100000;0.000000;-0.426146;0.055857;
1.005984;0.042548;0.005566;0.100000;0.042548;0.005566;0.100000;0.100000;0.000000;-0.425485;0.055662;
1.006010;0.042483;0.005547;0.100000;0.042483;0.005547;0.100000;0.100000;0.000000;-0.424825;0.055467;
1.006036;0.042417;0.005527;0.100000;0.042417;0.005527;0.100000;0.100000;0.000000;-0.424168;0.055273;
1.006062;0.042351;0.005508;0.100000;0.042351;0.005508;0.100000;0.100000;0.000000;-0.423512;0.055080;
1.006088;0.042286;0.005489;0.100000;0.042286;0.005489;0.100000;0.100000;0.000000;-0.422858;0.054887;
1.006114;0.042221;0.005469;0.100000;0.042221;0.005469;0.100000;0.100000;0.000000;-0.422206;0.054694;
1.006140;0.042156;0.005450;0.100000;0.042156;0.005450;0.100000;0.100000;0.000000;-0.421555;0.054502;
1.006166;0.042091;0.005431;0.100000;0.042091;0.005431;0.100000;0.100000;0.000000;-0.420907;0.054310;
1.006192;0.042026;0.005412;0.100000;0.042026;0.005412;0.100000;0.100000;0.000000;-0.420260;0.054119;
1.006218;0.041961;0.005393;0.100000;0.041961;0.005393;0.100000;0.100000;0.000000;-0.419615;0.053928;
1.006244;0.041897;0.005374;0.100000;0.041897;0.005374;0.100000;0.100000;0.000000;-0.418971;0.053738;
1.006270;0.041833;0.005355;0.100000;0.041833;0.005355;0.100000;0.100000;0.000000;-0.418329;0.053548;
1.006296;0.041769;0.005336;0.100000;0.041769;0.005336;0.100000;0.100000;0.000000;-0.417689;0.053358;
1.006322;0.041705;0.005317;0.100000;0.041705;0.005317;0.100000;0.100000;0.000000;-0.417051;0.053169;
1.006348;0.041641;0.005298;0.100000;0.041641;0.005298;0.100000;0.100000;0.000000;-0.416414;0.052981;
1.006374;0.041578;0.005279;0.100000;0.041578;0.005279;0.100000;0.100000;0.000000;-0.415780;0.052793;
1.006400;0.041515;0.005261;0.100000;0.041515;0.005261;0.100000;0.100000;0.000000;-0.415146;0.052605;
1.006426;0.041451;0.005242;0.100000;0.041451;0.005242;0.100000;0.100000;0.000000;-0.414515;0.052418;
1.006452;0.041389;0.005223;0.100000;0.041389;0.005223;0.100000;0.100000;0.000000;-0.413885;0.052231;
1.006478;0.041326;0.005205;0.100000;0.041326;0.005205;0.100000;0.100000;0.000000;-0.413257;0.052045;
1.006504;0.041263;0.005186;0.100000;0.041263;0.005186;0.100000;0.100000;0.000000;-0.412631;0.051859;
1.006530;0.041201;0.005167;0.100000;0.041201;0.005167;0.100000;0.100000;0.000000;-0.412006;0.051674;
1.006556;0.041138;0.005149;0.100000;0.041138;0.005149;0.100000;0.100000;0.000000;-0.411383;0.051489;
1.006582;0.041076;0.005130;0.100000;0.041076;0.005130;0.100000;0.100000;0.000000;-0.410762;0.051305;
1.006608;0.041014;0.005112;0.100000;0.041014;0.005112;0.100000;0.100000;0.000000;-0.410142;0.051121;
1.006634;0.040952;0.005094;0.100000;0.040952;0.005094;0.100000;0.100000;0.000000;-0.409524;0.050937;
1.006660;0.040891;0.005075;0.100000;0.040891;0.005075;0.100000;0.100000;0.000000;-0.408908;0.050754;
1.006686;0.040829;0.005057;0.100000;0.040829;0.005057;0.100000;0.100000;0.000000;-0.408294;0.050572;
1.006712;0.040768;0.005039;0.100000;0.040768;0.005039;0.100000;0.100000;0.000000;-0.407681;0.050390;
1.006738;0.040707;0.005021;0.100000;0.040707;0.005021;0.100000;0.100000;0.000000;-0.407069;0.050208;
1.006764;0.040646;0.005003;0.100000;0.040646;0.005003;0.100000;0.100000;0.000000;-0.406460;0.050027;
1.006790;0.040585;0.004985;0.100000;0.040585;0.004985;0.100000;0.100000;0.000000;-0.405852;0.049846;
1.006816;0.040525;0.004967;0.100000;0.040525;0.004967;0.100000;0.100000;0.000000;-0.405245;0.049665;
1.006842;0.040464;0.004949;0.100000;0.040464;0.004949;0.100000;0.100000;0.000000;-0.404641;0.049486;
1.006868;0.040404;0.004931;0.100000;0.040404;0.004931;0.100000;0.100000;0.000000;-0.404038;0.049306;
1.006894;0.040344;0.004913;0.100000;0.040344;0.004913;0.100000;0.100000;0.000000;-0.403436;0.049127;
1.006920;0.040284;0.004895;0.100000;0.040284;0.004895;0.100000;0.100000;0.000000;-0.402836;0.048949;
1.006946;0.040224;0.004877;0.100000;0.040224;0.004877;0.100000;0.100000;0.000000;-0.402238;0.048770;
1.006972;0.040164;0.004859;0.100000;0.040164;0.004859;0.100000;0.100000;0.000000;-0.401642;0.048593;
1.006998;0.040105;0.004842;0.100000;0.040105;0.004842;0.100000;0.100000;0.000000;-0.401047;0.048415;
1.007024;0.040045;0.004824;0.100000;0.040045;0.004824;0.100000;0.100000;0.000000;-0.400453;0.048239;
1.007050;0.039986;0.004806;0.100000;0.039986;0.004806;0.100000;0.100000;0.000000;-0.399862;0.048062;
1.007102;0.039868;0.004771;0.100000;0.039868;0.004771;0.100000;0.100000;0.000000;-0.398684;0.047711;
1.007148;0.039765;0.004740;0.100000;0.039765;0.004740;0.100000;0.100000;0.000000;-0.397651;0.047403;
1.007194;0.039662;0.004710;0.100000;0.039662;0.004710;0.100000;0.100000;0.000000;-0.396622;0.047096;
1.007240;0.039560;0.004679;0.100000;0.039560;0.004679;0.100000;0.100000;0.000000;-0.395598;0.046790;
1.007286;0.039458;0.004649;0.100000;0.039458;0.004649;0.100000;0.100000;0.000000;-0.394579;0.046486;
1.007331;0.039356;0.004618;0.100000;0.039356;0.004618;0.100000;0.100000;0.000000;-0.393565;0.046183;
1.007377;0.039256;0.004588;0.100000;0.039256;0.004588;0.100000;0.100000;0.000000;-0.392555;0.045882;
1.007423;0.039155;0.004558;0.100000;0.039155;0.004558;0.100000;0.100000;0.000000;-0.391551;0.045582;
1.007469;0.039055;0.004528;0.100000;0.039055;0.004528;0.100000;0.100000;0.000000;-0.390551;0.045283;
1.007515;0.038956;0.004499;0.100000;0.038956;0.004499;0.100000;0.100000;0.000000;-0.389556;0.044985;
1.007561;0.038857;0.004469;0.100000;0.038857;0.004469;0.100000;0.100000;0.000000;-0.388566;0.044689;
1.007607;0.038758;0.004439;0.100000;0.038758;0.004439;0.100000;0.100000;0.000000;-0.387581;0.044394;
1.007652;0.038660;0.004410;0.100000;0.038660;0.004410;0.100000;0.100000;0.000000;-0.386600;0.044101;
1.007698;0.038562;0.004381;0.100000;0.038562;0.004381;0.100000;0.100000;0.000000;-0.385624;0.043808;
1.007744;0.038465;0.004352;0.100000;0.038465;0.004352;0.100000;0.100000;0.000000;-0.384652;0.043517;
1.007790;0.038369;0.004323;0.100000;0.038369;0.004323;0.100000;0.100000;0.000000;-0.383686;0.043228;
1.007836;0.038272;0.004294;0.100000;0.038272;0.004294;0.100000;0.100000;0.000000;-0.382723;0.042939;
1.007882;0.038177;0.004265;0.100000;0.038177;0.004265;0.100000;0.100000;0.000000;-0.381766;0.042652;
1.007928;0.038081;0.004237;0.100000;0.038081;0.004237;0.100000;0.100000;0.000000;-0.380813;0.042367;
1.007974;0.037986;0.004208;0.100000;0.037986;0.004208;0.100000;0.100000;0.000000;-0.379864;0.042082;
1.008019;0.037892;0.004180;0.100000;0.037892;0.004180;0.100000;0.100000;0.000000;-0.378921;0.041799;
1.008065;0.037798;0.004152;0.100000;0.037798;0.004152;0.100000;0.100000;0.000000;-0.377981;0.041517;
1.008111;0.037705;0.004124;0.100000;0.037705;0.004124;0.100000;0.100000;0.000000;-0.377046;0.041237;
1.008157;0.037612;0.004096;0.100000;0.037612;0.004096;0.100000;0.100000;0.000000;-0.376116;0.040957;
1.008203;0.037519;0.004068;0.100000;0.037519;0.004068;0.100000;0.100000;0.000000;-0.375190;0.040679;
1.008249;0.037427;0.004040;0.100000;0.037427;0.004040;0.100000;0.100000;0.000000;-0.374269;0.040402;
1.008295;0.037335;0.004013;0.100000;0.037335;0.004013;0.100000;0.100000;0.000000;-0.373352;0.040127;
1.008341;0.037244;0.003985;0.100000;0.037244;0.003985;0.100000;0.100000;0.000000;-0.372439;0.039852;
1.008386;0.037153;0.003958;0.100000;0.037153;0.003958;0.100000;0.100000;0.000000;-0.371531;0.039579;
1.008432;0.037063;0.003931;0.100000;0.037063;0.003931;0.100000;0.100000;0.000000;-0.370627;0.039307;
1.008478;0.036973;0.003904;0.100000;0.036973;0.003904;0.100000;0.100000;0.000000;-0.369727;0.039037;
1.008524;0.036883;0.003877;0.100000;0.036883;0.003877;0.100000;0.100000;0.000000;-0.368832;0.038767;
1.008570;0.036794;0.003850;0.100000;0.036794;0.003850;0.100000;0.100000;0.000000;-0.367941;0.038499;
1.008616;0.036705;0.003823;0.100000;0.036705;0.003823;0.100000;0.100000;0.000000;-0.367054;0.038232;
1.008662;0.036617;0.003797;0.100000;0.036617;0.003797;0.100000;0.100000;0.000000;-0.366172;0.037966;
1.008708;0.036529;0.003770;0.100000;0.036529;0.003770;0.100000;0.100000;0.000000;-0.365294;0.037702;
1.008753;0.036442;0.003744;0.100000;0.036442;0.003744;0.100000;0.100000;0.000000;-0.364420;0.037438;
1.008799;0.036355;0.003718;0.100000;0.036355;0.003718;0.100000;0.100000;0.000000;-0.363550;0.037176;
1.008845;0.036268;0.003692;0.100000;0.036268;0.003692;0.100000;0.100000;0.000000;-0.362684;0.036915;
1.008891;0.036182;0.003666;0.100000;0.036182;0.003666;0.100000;0.100000;0.000000;-0.361823;0.036655;
1.008937;0.036097;0.003640;0.100000;0.036097;0.003640;0.100000;0.100000;0.000000;-0.360966;0.036397;
1.008983;0.036011;0.003614;0.100000;0.036011;0.003614;0.100000;0.100000;0.000000;-0.360112;0.036139;
1.009029;0.035926;0.003588;0.100000;0.035926;0.003588;0.100000;0.100000;0.000000;-0.359263;0.035883;
1.009074;0.035842;0.003563;0.100000;0.035842;0.003563;0.100000;0.100000;0.000000;-0.358418;0.035628;
1.009120;0.035758;0.003537;0.100000;0.035758;0.003537;0.100000;0.100000;0.000000;-0.357578;0.035374;
1.009166;0.035674;0.003512;0.100000;0.035674;0.003512;0.100000;0.100000;0.000000;-0.356741;0.035121;
1.009212;0.035591;0.003487;0.100000;0.035591;0.003487;0.100000;0.100000;0.000000;-0.355908;0.034869;
1.009258;0.035508;0.003462;0.100000;0.035508;0.003462;0.100000;0.100000;0.000000;-0.355079;0.034619;
1.009304;0.035425;0.003437;0.100000;0.035425;0.003437;0.100000;0.100000;0.000000;-0.354254;0.034370;
1.009350;0.035343;0.003412;0.100000;0.035343;0.003412;0.100000;0.100000;0.000000;-0.353433;0.034121;
1.009396;0.035262;0.003387;0.100000;0.035262;0.003387;0.100000;0.100000;0.000000;-0.352616;0.033874;
1.009441;0.035180;0.003363;0.100000;0.035180;0.003363;0.100000;0.100000;0.000000;-0.351804;0.033628;
1.009487;0.035099;0.003338;0.100000;0.035099;0.003338;0.100000;0.100000;0.000000;-0.350995;0.033383;
1.009533;0.035019;0.003314;0.100000;0.035019;0.003314;0.100000;0.100000;0.000000;-0.350189;0.033140;
1.009579;0.034939;0.003290;0.100000;0.034939;0.003290;0.100000;0.100000;0.000000;-0.349388;0.032897;
1.009625;0.034859;0.003266;0.100000;0.034859;0.003266;0.100000;0.100000;0.000000;-0.348591;0.032655;
1.009671;0.034780;0.003242;0.100000;0.034780;0.003242;0.100000;0.100000;0.000000;-0.347797;0.032415;
1.009717;0.034701;0.003218;0.100000;0.034701;0.003218;0.100000;0.100000;0.000000;-0.347008;0.032176;
1.009763;0.034622;0.003194;0.100000;0.034622;0.003194;0.100000;0.100000;0.000000;-0.346222;0.031937;
1.009808;0.034544;0.003170;0.100000;0.034544;0.003170;0.100000;0.100000;0.000000;-0.345440;0.031700;
1.009854;0.034466;0.003146;0.100000;0.034466;0.003146;0.100000;0.100000;0.000000;-0.344661;0.031464;
1.009900;0.034389;0.003123;0.100000;0.034389;0.003123;0.100000;0.100000;0.000000;-0.343887;0.031229;
1.009946;0.034312;0.003100;0.100000;0.034312;0.003100;0.100000;0.100000;0.000000;-0.343116;0.030995;
1.009992;0.034235;0.003076;0.100000;0.034235;0.003076;0.100000;0.100000;0.000000;-0.342349;0.030762;
1.010038;0.034159;0.003053;0.100000;0.034159;0.003053;0.100000;0.100000;0.000000;-0.341586;0.030531;
1.010084;0.034083;0.003030;0.100000;0.034083;0.003030;0.100000;0.100000;0.000000;-0.340826;0.030300;
1.010130;0.034007;0.003007;0.100000;0.034007;0.003007;0.100000;0.100000;0.000000;-0.340070;0.030070;
1.010175;0.033932;0.002984;0.100000;0.033932;0.002984;0.100000;0.100000;0.000000;-0.339318;0.029842;
1.010221;0.033857;0.002961;0.100000;0.033857;0.002961;0.100000;0.100000;0.000000;-0.338569;0.029614;
1.010267;0.033782;0.002939;0.100000;0.033782;0.002939;0.100000;0.100000;0.000000;-0.337824;0.029387;
1.010313;0.033708;0.002916;0.100000;0.033708;0.002916;0.100000;0.100000;0.000000;-0.337083;0.029162;
1.010359;0.033634;0.002894;0.100000;0.033634;0.002894;0.100000;0.100000;0.000000;-0.336345;0.028937;
1.010405;0.033561;0.002871;0.100000;0.033561;0.002871;0.100000;0.100000;0.000000;-0.335610;0.028714;
1.010451;0.033488;0.002849;0.100000;0.033488;0.002849;0.100000;0.100000;0.000000;-0.334880;0.028491;
1.010496;0.033415;0.002827;0.100000;0.033415;0.002827;0.100000;0.100000;0.000000;-0.334153;0.028270;
1.010542;0.033343;0.002805;0.100000;0.033343;0.002805;0.100000;0.100000;0.000000;-0.333429;0.028049;
1.010588;0.033271;0.002783;0.100000;0.033271;0.002783;0.100000;0.100000;0.000000;-0.332709;0.027830;
1.010607;0.033241;0.002774;0.100000;0.033241;0.002774;0.100000;0.100000;0.000000;-0.332411;0.027739;
1.010608;0.033241;0.002774;0.100000;0.033241;0.002774;0.100000;0.100000;0.000000;-0.332406;0.027738;
1.010608;0.033240;0.002773;0.100000;0.033240;0.002773;0.100000;0.100000;0.000000;-0.332396;0.027735;
1.010609;0.033238;0.002773;0.100000;0.033238;0.002773;0.100000;0.100000;0.000000;-0.332376;0.027729;
1.010612;0.033234;0.002772;0.100000;0.033234;0.002772;0.100000;0.100000;0.000000;-0.332337;0.027717;
1.010617;0.033226;0.002769;0.100000;0.033226;0.002769;0.100000;0.100000;0.000000;-0.332259;0.027693;
1.010627;0.033210;0.002765;0.100000;0.033210;0.002765;0.100000;0.100000;0.000000;-0.332104;0.027646;
1.010647;0.033179;0.002755;0.100000;0.033179;0.002755;0.100000;0.100000;0.000000;-0.331793;0.027551;
1.010687;0.033117;0.002736;0.100000;0.033117;0.002736;0.100000;0.100000;0.000000;-0.331174;0.027362;
1.010727;0.033056;0.002717;0.100000;0.033056;0.002717;0.100000;0.100000;0.000000;-0.330557;0.027174;
1.010766;0.032994;0.002699;0.100000;0.032994;0.002699;0.100000;0.100000;0.000000;-0.329943;0.026987;
1.010806;0.032933;0.002680;0.100000;0.032933;0.002680;0.100000;0.100000;0.000000;-0.329332;0.026800;
1.010846;0.032872;0.002661;0.100000;0.032872;0.002661;0.100000;0.100000;0.000000;-0.328723;0.026614;
1.010886;0.032812;0.002643;0.100000;0.032812;0.002643;0.100000;0.100000;0.000000;-0.328117;0.026429;
1.010926;0.032751;0.002624;0.100000;0.032751;0.002624;0.100000;0.100000;0.000000;-0.327513;0.026245;
1.010966;0.032691;0.002606;0.100000;0.032691;0.002606;0.100000;0.100000;0.000000;-0.326912;0.026061;
1.011006;0.032631;0.002588;0.100000;0.032631;0.002588;0.100000;0.100000;0.000000;-0.326314;0.025878;
1.011045;0.032572;0.002570;0.100000;0.032572;0.002570;0.100000;0.100000;0.000000;-0.325718;0.025696;
1.011085;0.032512;0.002551;0.100000;0.032512;0.002551;0.100000;0.100000;0.000000;-0.325124;0.025515;
1.011125;0.032453;0.002533;0.100000;0.032453;0.002533;0.100000;0.100000;0.000000;-0.324533;0.025334;
1.011165;0.032394;0.002515;0.100000;0.032394;0.002515;0.100000;0.100000;0.000000;-0.323945;0.025154;
1.011205;0.032336;0.002497;0.100000;0.032336;0.002497;0.100000;0.100000;0.000000;-0.323359;0.024975;
1.011245;0.032278;0.002480;0.100000;0.032278;0.002480;0.100000;0.100000;0.000000;-0.322775;0.024796;
1.011285;0.032219;0.002462;0.100000;0.032219;0.002462;0.100000;0.100000;0.000000;-0.322194;0.024618;
1.011324;0.032162;0.002444;0.100000;0.032162;0.002444;0.100000;0.100000;0.000000;-0.321616;0.024441;
1.011364;0.032104;0.002426;0.100000;0.032104;0.002426;0.100000;0.100000;0.000000;-0.321040;0.024265;
1.011404;0.032047;0.002409;0.100000;0.032047;0.002409;0.100000;0.100000;0.000000;-0.320466;0.024089;
1.011444;0.031989;0.002391;0.100000;0.031989;0.002391;0.100000;0.100000;0.000000;-0.319895;0.023914;
1.011484;0.031933;0.002374;0.100000;0.031933;0.002374;0.100000;0.100000;0.000000;-0.319326;0.023740;
1.011524;0.031876;0.002357;0.100000;0.031876;0.002357;0.100000;0.100000;0.000000;-0.318760;0.023566;
1.011564;0.031820;0.002339;0.100000;0.031820;0.002339;0.100000;0.100000;0.000000;-0.318196;0.023393;
1.011603;0.031763;0.002322;0.100000;0.031763;0.002322;0.100000;0.100000;0.000000;-0.317634;0.023221;
1.011643;0.031708;0.002305;0.100000;0.031708;0.002305;0.100000;0.100000;0.000000;-0.317075;0.023049;
1.011683;0.031652;0.002288;0.100000;0.031652;0.002288;0.100000;0.100000;0.000000;-0.316518;0.022878;
1.011723;0.031596;0.002271;0.100000;0.031596;0.002271;0.100000;0.100000;0.000000;-0.315964;0.022708;
1.011763;0.031541;0.002254;0.100000;0.031541;0.002254;0.100000;0.100000;0.000000;-0.315412;0.022538;
1.011803;0.031486;0.002237;0.100000;0.031486;0.002237;0.100000;0.100000;0.000000;-0.314862;0.022370;
1.011843;0.031431;0.002220;0.100000;0.031431;0.002220;0.100000;0.100000;0.000000;-0.314315;0.022201;
1.011882;0.031377;0.002203;0.100000;0.031377;0.002203;0.100000;0.100000;0.000000;-0.313770;0.022034;
1.011922;0.031323;0.002187;0.100000;0.031323;0.002187;0.100000;0.100000;0.000000;-0.313227;0.021867;
1.011962;0.031269;0.002170;0.100000;0.031269;0.002170;0.100000;0.100000;0.000000;-0.312687;0.021701;
1.012002;0.031215;0.002154;0.100000;0.031215;0.002154;0.100000;0.100000;0.000000;-0.312148;0.021535;
1.012042;0.031161;0.002137;0.100000;0.031161;0.002137;0.100000;0.100000;0.000000;-0.311613;0.021370;
1.012082;0.031108;0.002121;0.100000;0.031108;0.002121;0.100000;0.100000;0.000000;-0.311079;0.021206;
1.012122;0.031055;0.002104;0.100000;0.031055;0.002104;0.100000;0.100000;0.000000;-0.310548;0.021042;
1.012161;0.031002;0.002088;0.100000;0.031002;0.002088;0.100000;0.100000;0.000000;-0.310019;0.020879;
1.012201;0.030949;0.002072;0.100000;0.030949;0.002072;0.100000;0.100000;0.000000;-0.309492;0.020717;
1.012241;0.030897;0.002056;0.100000;0.030897;0.002056;0.100000;0.100000;0.000000;-0.308968;0.020555;
1.012281;0.030845;0.002039;0.100000;0.030845;0.002039;0.100000;0.100000;0.000000;-0.308445;0.020394;
1.012321;0.030793;0.002023;0.100000;0.030793;0.002023;0.100000;0.100000;0.000000;-0.307925;0.020234;
1.012361;0.030741;0.002007;0.100000;0.030741;0.002007;0.100000;0.100000;0.000000;-0.307408;0.020074;
1.012401;0.030689;0.001992;0.100000;0.030689;0.001992;0.100000;0.100000;0.000000;-0.306892;0.019915;
1.012440;0.030638;0.001976;0.100000;0.030638;0.001976;0.100000;0.100000;0.000000;-0.306379;0.019757;
1.012480;0.030587;0.001960;0.100000;0.030587;0.001960;0.100000;0.100000;0.000000;-0.305868;0.019599;
1.012520;0.030536;0.001944;0.100000;0.030536;0.001944;0.100000;0.100000;0.000000;-0.305359;0.019442;
1.012560;0.030485;0.001929;0.100000;0.030485;0.001929;0.100000;0.100000;0.000000;-0.304852;0.019285;
1.012600;0.030435;0.001913;0.100000;0.030435;0.001913;0.100000;0.100000;0.000000;-0.304347;0.019129;
1.012640;0.030384;0.001897;0.100000;0.030384;0.001897;0.100000;0.100000;0.000000;-0.303845;0.018974;
1.012669;0.030348;0.001886;0.100000;0.030348;0.001886;0.100000;0.100000;0.000000;-0.303475;0.018860;
1.012669;0.030347;0.001886;0.100000;0.030347;0.001886;0.100000;0.100000;0.000000;-0.303471;0.018858;
1.012670;0.030346;0.001886;0.100000;0.030346;0.001886;0.100000;0.100000;0.000000;-0.303462;0.018855;
1.012672;0.030344;0.001885;0.100000;0.030344;0.001885;0.100000;0.100000;0.000000;-0.303444;0.018850;
1.012674;0.030341;0.001884;0.100000;0.030341;0.001884;0.100000;0.100000;0.000000;-0.303409;0.018839;
1.012680;0.030334;0.001882;0.100000;0.030334;0.001882;0.100000;0.100000;0.000000;-0.303337;0.018817;
1.012691;0.030320;0.001877;0.100000;0.030320;0.001877;0.100000;0.100000;0.000000;-0.303195;0.018773;
1.012714;0.030291;0.001869;0.100000;0.030291;0.001869;0.100000;0.100000;0.000000;-0.302911;0.018685;
1.012760;0.030235;0.001851;0.100000;0.030235;0.001851;0.100000;0.100000;0.000000;-0.302346;0.018510;
1.012805;0.030178;0.001834;0.100000;0.030178;0.001834;0.100000;0.100000;0.000000;-0.301784;0.018336;
1.012850;0.030122;0.001816;0.100000;0.030122;0.001816;0.100000;0.100000;0.000000;-0.301225;0.018163;
1.012896;0.030067;0.001799;0.100000;0.030067;0.001799;0.100000;0.100000;0.000000;-0.300668;0.017991;
1.012941;0.030011;0.001782;0.100000;0.030011;0.001782;0.100000;0.100000;0.000000;-0.300114;0.017819;
1.012986;0.029956;0.001765;0.100000;0.029956;0.001765;0.100000;0.100000;0.000000;-0.299563;0.017648;
1.013032;0.029901;0.001748;0.100000;0.029901;0.001748;0.100000;0.100000;0.000000;-0.299015;0.017478;
1.013077;0.029847;0.001731;0.100000;0.029847;0.001731;0.100000;0.100000;0.000000;-0.298469;0.017309;
1.013123;0.029793;0.001714;0.100000;0.029793;0.001714;0.100000;0.100000;0.000000;-0.297926;0.017140;
1.013168;0.029739;0.001697;0.100000;0.029739;0.001697;0.100000;0.100000;0.000000;-0.297385;0.016972;
1.013213;0.029685;0.001681;0.100000;0.029685;0.001681;0.100000;0.100000;0.000000;-0.296847;0.016805;
1.013259;0.029631;0.001664;0.100000;0.029631;0.001664;0.100000;0.100000;0.000000;-0.296312;0.016639;
1.013304;0.029578;0.001647;0.100000;0.029578;0.001647;0.100000;0.100000;0.000000;-0.295780;0.016473;
1.013350;0.029525;0.001631;0.100000;0.029525;0.001631;0.100000;0.100000;0.000000;-0.295250;0.016309;
1.013395;0.029472;0.001614;0.100000;0.029472;0.001614;0.100000;0.100000;0.000000;-0.294722;0.016144;
1.013440;0.029420;0.001598;0.100000;0.029420;0.001598;0.100000;0.100000;0.000000;-0.294197;0.015981;
1.013486;0.029368;0.001582;0.100000;0.029368;0.001582;0.100000;0.100000;0.000000;-0.293675;0.015819;
1.013531;0.029316;0.001566;0.100000;0.029316;0.001566;0.100000;0.100000;0.000000;-0.293155;0.015657;
1.013577;0.029264;0.001550;0.100000;0.029264;0.001550;0.100000;0.100000;0.000000;-0.292638;0.015496;
1.013622;0.029212;0.001534;0.100000;0.029212;0.001534;0.100000;0.100000;0.000000;-0.292124;0.015335;
1.013667;0.029161;0.001518;0.100000;0.029161;0.001518;0.100000;0.100000;0.000000;-0.291612;0.015176;
1.013713;0.029110;0.001502;0.100000;0.029110;0.001502;0.100000;0.100000;0.000000;-0.291102;0.015017;
1.013758;0.029060;0.001486;0.100000;0.029060;0.001486;0.100000;0.100000;0.000000;-0.290595;0.014858;
1.013803;0.029009;0.001470;0.100000;0.029009;0.001470;0.100000;0.100000;0.000000;-0.290091;0.014701;
1.013849;0.028959;0.001454;0.100000;0.028959;0.001454;0.100000;0.100000;0.000000;-0.289589;0.014544;
1.013894;0.028909;0.001439;0.100000;0.028909;0.001439;0.100000;0.100000;0.000000;-0.289089;0.014388;
1.013940;0.028859;0.001423;0.100000;0.028859;0.001423;0.100000;0.100000;0.000000;-0.288592;0.014233;
1.013985;0.028810;0.001408;0.100000;0.028810;0.001408;0.100000;0.100000;0.000000;-0.288097;0.014078;
1.014030;0.028761;0.001392;0.100000;0.028761;0.001392;0.100000;0.100000;0.000000;-0.287605;0.013924;
1.014076;0.028712;0.001377;0.100000;0.028712;0.001377;0.100000;0.100000;0.000000;-0.287115;0.013771;
1.014121;0.028663;0.001362;0.100000;0.028663;0.001362;0.100000;0.100000;0.000000;-0.286628;0.013618;
1.014167;0.028614;0.001347;0.100000;0.028614;0.001347;0.100000;0.100000;0.000000;-0.286143;0.013466;
1.014212;0.028566;0.001332;0.100000;0.028566;0.001332;0.100000;0.100000;0.000000;-0.285661;0.013315;
1.014257;0.028518;0.001316;0.100000;0.028518;0.001316;0.100000;0.100000;0.000000;-0.285180;0.013165;
1.014303;0.028470;0.001301;0.100000;0.028470;0.001301;0.100000;0.100000;0.000000;-0.284703;0.013015;
1.014348;0.028423;0.001287;0.100000;0.028423;0.001287;0.100000;0.100000;0.000000;-0.284227;0.012866;
1.014394;0.028375;0.001272;0.100000;0.028375;0.001272;0.100000;0.100000;0.000000;-0.283754;0.012717;
1.014439;0.028328;0.001257;0.100000;0.028328;0.001257;0.100000;0.100000;0.000000;-0.283283;0.012569;
1.014484;0.028282;0.001242;0.100000;0.028282;0.001242;0.100000;0.100000;0.000000;-0.282815;0.012422;
1.014530;0.028235;0.001228;0.100000;0.028235;0.001228;0.100000;0.100000;0.000000;-0.282349;0.012276;
1.014575;0.028189;0.001213;0.100000;0.028189;0.001213;0.100000;0.100000;0.000000;-0.281885;0.012130;
1.014620;0.028142;0.001198;0.100000;0.028142;0.001198;0.100000;0.100000;0.000000;-0.281424;0.011985;
1.014666;0.028096;0.001184;0.100000;0.028096;0.001184;0.100000;0.100000;0.000000;-0.280965;0.011840;
1.014711;0.028051;0.001170;0.100000;0.028051;0.001170;0.100000;0.100000;0.000000;-0.280508;0.011696;
1.014757;0.028005;0.001155;0.100000;0.028005;0.001155;0.100000;0.100000;0.000000;-0.280053;0.011553;
1.014802;0.027960;0.001141;0.100000;0.027960;0.001141;0.100000;0.100000;0.000000;-0.279601;0.011411;
1.014847;0.027915;0.001127;0.100000;0.027915;0.001127;0.100000;0.100000;0.000000;-0.279150;0.011269;
1.014893;0.027870;0.001113;0.100000;0.027870;0.001113;0.100000;0.100000;0.000000;-0.278703;0.011127;
1.014938;0.027826;0.001099;0.100000;0.027826;0.001099;0.100000;0.100000;0.000000;-0.278257;0.010987;
1.014984;0.027781;0.001085;0.100000;0.027781;0.001085;0.100000;0.100000;0.000000;-0.277814;0.010847;
1.015029;0.027737;0.001071;0.100000;0.027737;0.001071;0.100000;0.100000;0.000000;-0.277372;0.010707;
1.015074;0.027693;0.001057;0.100000;0.027693;0.001057;0.100000;0.100000;0.000000;-0.276933;0.010569;
1.015120;0.027650;0.001043;0.100000;0.027650;0.001043;0.100000;0.100000;0.000000;-0.276496;0.010431;
1.015165;0.027606;0.001029;0.100000;0.027606;0.001029;0.100000;0.100000;0.000000;-0.276062;0.010293;
1.015211;0.027563;0.001016;0.100000;0.027563;0.001016;0.100000;0.100000;0.000000;-0.275629;0.010156;
1.015256;0.027520;0.001002;0.100000;0.027520;0.001002;0.100000;0.100000;0.000000;-0.275199;0.010020;
1.015301;0.027477;0.000988;0.100000;0.027477;0.000988;0.100000;0.100000;0.000000;-0.274771;0.009885;
1.015347;0.027434;0.000975;0.100000;0.027434;0.000975;0.100000;0.100000;0.000000;-0.274345;0.009750;
1.015392;0.027392;0.000962;0.100000;0.027392;0.000962;0.100000;0.100000;0.000000;-0.273921;0.009615;
1.015437;0.027350;0.000948;0.100000;0.027350;0.000948;0.100000;0.100000;0.000000;-0.273499;0.009481;
1.015483;0.027308;0.000935;0.100000;0.027308;0.000935;0.100000;0.100000;0.000000;-0.273079;0.009348;
1.015528;0.027266;0.000922;0.100000;0.027266;0.000922;0.100000;0.100000;0.000000;-0.272662;0.009216;
1.015574;0.027225;0.000908;0.100000;0.027225;0.000908;0.100000;0.100000;0.000000;-0.272246;0.009084;
1.015619;0.027183;0.000895;0.100000;0.027183;0.000895;0.100000;0.100000;0.000000;-0.271833;0.008952;
1.015664;0.027142;0.000882;0.100000;0.027142;0.000882;0.100000;0.100000;0.000000;-0.271421;0.008821;
1.015710;0.027101;0.000869;0.100000;0.027101;0.000869;0.100000;0.100000;0.000000;-0.271012;0.008691;
1.015755;0.027060;0.000856;0.100000;0.027060;0.000856;0.100000;0.100000;0.000000;-0.270605;0.008562;
1.015801;0.027020;0.000843;0.100000;0.027020;0.000843;0.100000;0.100000;0.000000;-0.270200;0.008433;
1.015846;0.026980;0.000830;0.100000;0.026980;0.000830;0.100000;0.100000;0.000000;-0.269797;0.008304;
1.015891;0.026940;0.000818;0.100000;0.026940;0.000818;0.100000;0.100000;0.000000;-0.269396;0.008176;
1.015937;0.026900;0.000805;0.100000;0.026900;0.000805;0.100000;0.100000;0.000000;-0.268996;0.008049;
1.015982;0.026860;0.000792;0.100000;0.026860;0.000792;0.100000;0.100000;0.000000;-0.268599;0.007922;
1.016028;0.026820;0.000780;0.100000;0.026820;0.000780;0.100000;0.100000;0.000000;-0.268204;0.007796;
1.016073;0.026781;0.000767;0.100000;0.026781;0.000767;0.100000;0.100000;0.000000;-0.267811;0.007671;
1.016118;0.026742;0.000755;0.100000;0.026742;0.000755;0.100000;0.100000;0.000000;-0.267420;0.007546;
1.016164;0.026703;0.000742;0.100000;0.026703;0.000742;0.100000;0.100000;0.000000;-0.267031;0.007421;
1.016209;0.026664;0.000730;0.100000;0.026664;0.000730;0.100000;0.100000;0.000000;-0.266644;0.007297;
1.016254;0.026626;0.000717;0.100000;0.026626;0.000717;0.100000;0.100000;0.000000;-0.266259;0.007174;
1.016300;0.026588;0.000705;0.100000;0.026588;0.000705;0.100000;0.100000;0.000000;-0.265875;0.007051;
1.016345;0.026549;0.000693;0.100000;0.026549;0.000693;0.100000;0.100000;0.000000;-0.265494;0.006929;
1.016391;0.026511;0.000681;0.100000;0.026511;0.000681;0.100000;0.100000;0.000000;-0.265115;0.006808;
1.016436;0.026474;0.000669;0.100000;0.026474;0.000669;0.100000;0.100000;0.000000;-0.264737;0.006686;
1.016481;0.026436;0.000657;0.100000;0.026436;0.000657;0.100000;0.100000;0.000000;-0.264361;0.006566;
1.016527;0.026399;0.000645;0.100000;0.026399;0.000645;0.100000;0.100000;0.000000;-0.263988;0.006446;
1.016572;0.026362;0.000633;0.100000;0.026362;0.000633;0.100000;0.100000;0.000000;-0.263616;0.006327;
1.016618;0.026325;0.000621;0.100000;0.026325;0.000621;0.100000;0.100000;0.000000;-0.263246;0.006208;
1.016663;0.026288;0.000609;0.100000;0.026288;0.000609;0.100000;0.100000;0.000000;-0.262878;0.006089;
1.016708;0.026251;0.000597;0.100000;0.026251;0.000597;0.100000;0.100000;0.000000;-0.262512;0.005971;
1.016754;0.026215;0.000585;0.100000;0.026215;0.000585;0.100000;0.100000;0.000000;-0.262148;0.005854;
1.016799;0.026179;0.000574;0.100000;0.026179;0.000574;0.100000;0.100000;0.000000;-0.261785;0.005737;
1.016845;0.026142;0.000562;0.100000;0.026142;0.000562;0.100000;0.100000;0.000000;-0.261424;0.005621;
1.016890;0.026107;0.000551;0.100000;0.026107;0.000551;0.100000;0.100000;0.000000;-0.261066;0.005505;
1.016935;0.026071;0.000539;0.100000;0.026071;0.000539;0.100000;0.100000;0.000000;-0.260709;0.005390;
1.016981;0.026035;0.000528;0.100000;0.026035;0.000528;0.100000;0.100000;0.000000;-0.260354;0.005275;
1.017026;0.026000;0.000516;0.100000;0.026000;0.000516;0.100000;0.100000;0.000000;-0.260000;0.005161;
1.017071;0.025965;0.000505;0.100000;0.025965;0.000505;0.100000;0.100000;0.000000;-0.259649;0.005048;
1.017117;0.025930;0.000493;0.100000;0.025930;0.000493;0.100000;0.100000;0.000000;-0.259299;0.004935;
1.017162;0.025895;0.000482;0.100000;0.025895;0.000482;0.100000;0.100000;0.000000;-0.258951;0.004822;
1.017208;0.025860;0.000471;0.100000;0.025860;0.000471;0.100000;0.100000;0.000000;-0.258605;0.004710;
1.017253;0.025826;0.000460;0.100000;0.025826;0.000460;0.100000;0.100000;0.000000;-0.258261;0.004598;
1.017298;0.025792;0.000449;0.100000;0.025792;0.000449;0.100000;0.100000;0.000000;-0.257918;0.004487;
1.017344;0.025758;0.000438;0.100000;0.025758;0.000438;0.100000;0.100000;0.000000;-0.257577;0.004377;
1.017389;0.025724;0.000427;0.100000;0.025724;0.000427;0.100000;0.100000;0.000000;-0.257238;0.004267;
1.017435;0.025690;0.000416;0.100000;0.025690;0.000416;0.100000;0.100000;0.000000;-0.256901;0.004157;
1.017480;0.025656;0.000405;0.100000;0.025656;0.000405;0.100000;0.100000;0.000000;-0.256565;0.004048;
1.017525;0.025623;0.000394;0.100000;0.025623;0.000394;0.100000;0.100000;0.000000;-0.256231;0.003939;
1.017571;0.025590;0.000383;0.100000;0.025590;0.000383;0.100000;0.100000;0.000000;-0.255899;0.003831;
1.017616;0.025557;0.000372;0.100000;0.025557;0.000372;0.100000;0.100000;0.000000;-0.255568;0.003723;
1.017662;0.025524;0.000362;0.100000;0.025524;0.000362;0.100000;0.100000;0.000000;-0.255239;0.003616;
1.017707;0.025491;0.000351;0.100000;0.025491;0.000351;0.100000;0.100000;0.000000;-0.254912;0.003510;
1.017752;0.025459;0.000340;0.100000;0.025459;0.000340;0.100000;0.100000;0.000000;-0.254587;0.003404;
1.017798;0.025426;0.000330;0.100000;0.025426;0.000330;0.100000;0.100000;0.000000;-0.254263;0.003298;
1.017843;0.025394;0.000319;0.100000;0.025394;0.000319;0.100000;0.100000;0.000000;-0.253941;0.003193;
1.017888;0.025362;0.000309;0.100000;0.025362;0.000309;0.100000;0.100000;0.000000;-0.253620;0.003088;
1.017934;0.025330;0.000298;0.100000;0.025330;0.000298;0.100000;0.100000;0.000000;-0.253302;0.002984;
1.017979;0.025298;0.000288;0.100000;0.025298;0.000288;0.100000;0.100000;0.000000;-0.252984;0.002880;
1.018025;0.025267;0.000278;0.100000;0.025267;0.000278;0.100000;0.100000;0.000000;-0.252669;0.002777;
1.018070;0.025235;0.000267;0.100000;0.025235;0.000267;0.100000;0.100000;0.000000;-0.252355;0.002674;
1.018115;0.025204;0.000257;0.100000;0.025204;0.000257;0.100000;0.100000;0.000000;-0.252043;0.002571;
1.018161;0.025173;0.000247;0.100000;0.025173;0.000247;0.100000;0.100000;0.000000;-0.251732;0.002469;
1.018206;0.025142;0.000237;0.100000;0.025142;0.000237;0.100000;0.100000;0.000000;-0.251423;0.002368;
1.018252;0.025112;0.000227;0.100000;0.025112;0.000227;0.100000;0.100000;0.000000;-0.251116;0.002267;
1.018297;0.025081;0.000217;0.100000;0.025081;0.000217;0.100000;0.100000;0.000000;-0.250810;0.002166;
1.018342;0.025051;0.000207;0.100000;0.025051;0.000207;0.100000;0.100000;0.000000;-0.250506;0.002066;
1.018388;0.025020;0.000197;0.100000;0.025020;0.000197;0.100000;0.100000;0.000000;-0.250203;0.001967;
1.018433;0.024990;0.000187;0.100000;0.024990;0.000187;0.100000;0.100000;0.000000;-0.249902;0.001867;
1.018479;0.024960;0.000177;0.100000;0.024960;0.000177;0.100000;0.100000;0.000000;-0.249602;0.001769;
1.018524;0.024930;0.000167;0.100000;0.024930;0.000167;0.100000;0.100000;0.000000;-0.249304;0.001670;
1.018569;0.024901;0.000157;0.100000;0.024901;0.000157;0.100000;0.100000;0.000000;-0.249008;0.001573;
1.018615;0.024871;0.000148;0.100000;0.024871;0.000148;0.100000;0.100000;0.000000;-0.248713;0.001475;
1.018660;0.024842;0.000138;0.100000;0.024842;0.000138;0.100000;0.100000;0.000000;-0.248420;0.001378;
1.018706;0.024813;0.000128;0.100000;0.024813;0.000128;0.100000;0.100000;0.000000;-0.248128;0.001282;
1.018751;0.024784;0.000119;0.100000;0.024784;0.000119;0.100000;0.100000;0.000000;-0.247837;0.001186;
1.018796;0.024755;0.000109;0.100000;0.024755;0.000109;0.100000;0.100000;0.000000;-0.247549;0.001090;
1.018842;0.024726;0.000099;0.100000;0.024726;0.000099;0.100000;0.100000;0.000000;-0.247261;0.000995;
1.018887;0.024698;0.000090;0.100000;0.024698;0.000090;0.100000;0.100000;0.000000;-0.246976;0.000900;
1.018932;0.024669;0.000081;0.100000;0.024669;0.000081;0.100000;0.100000;0.000000;-0.246691;0.000806;
1.018978;0.024641;0.000071;0.100000;0.024641;0.000071;0.100000;0.100000;0.000000;-0.246409;0.000712;
1.019023;0.024613;0.000062;0.100000;0.024613;0.000062;0.100000;0.100000;0.000000;-0.246127;0.000618;
1.019069;0.024585;0.000053;0.100000;0.024585;0.000053;0.100000;0.100000;0.000000;-0.245847;0.000525;
1.019114;0.024557;0.000043;0.100000;0.024557;0.000043;0.100000;0.100000;0.000000;-0.245569;0.000432;
1.019159;0.024529;0.000034;0.100000;0.024529;0.000034;0.100000;0.100000;0.000000;-0.245292;0.000340;
1.019205;0.024502;0.000025;0.100000;0.024502;0.000025;0.100000;0.100000;0.000000;-0.245017;0.000248;
1.019250;0.024474;0.000016;0.100000;0.024474;0.000016;0.100000;0.100000;0.000000;-0.244743;0.000157;
1.019296;0.024447;0.000007;0.100000;0.024447;0.000007;0.100000;0.100000;0.000000;-0.244470;0.000066;
1.019341;0.024420;-0.000002;0.100000;0.024420;-0.000002;0.100000;0.100000;0.000000;-0.244199;-0.000025;
1.019386;0.024393;-0.000011;0.100000;0.024393;-0.000011;0.100000;0.100000;0.000000;-0.243929;-0.000115;
1.019432;0.024366;-0.000020;0.100000;0.024366;-0.000020;0.100000;0.100000;0.000000;-0.243661;-0.000205;
1.019477;0.024339;-0.000029;0.100000;0.024339;-0.000029;0.100000;0.100000;0.000000;-0.243394;-0.000294;
1.019523;0.024313;-0.000038;0.100000;0.024313;-0.000038;0.100000;0.100000;0.000000;-0.243129;-0.000383;
1.019568;0.024286;-0.000047;0.100000;0.024286;-0.000047;0.100000;0.100000;0.000000;-0.242865;-0.000472;
1.019659;0.024234;-0.000065;0.100000;0.024234;-0.000065;0.100000;0.100000;0.000000;-0.242342;-0.000647;
1.019738;0.024189;-0.000080;0.100000;0.024189;-0.000080;0.100000;0.100000;0.000000;-0.241891;-0.000799;
1.019817;0.024144;-0.000095;0.100000;0.024144;-0.000095;0.100000;0.100000;0.000000;-0.241443;-0.000950;
1.019896;0.024100;-0.000110;0.100000;0.024100;-0.000110;0.100000;0.100000;0.000000;-0.241000;-0.001099;
1.019975;0.024056;-0.000125;0.100000;0.024056;-0.000125;0.100000;0.100000;0.000000;-0.240561;-0.001248;
1.020055;0.024013;-0.000139;0.100000;0.024013;-0.000139;0.100000;0.100000;0.000000;-0.240125;-0.001395;
1.020134;0.023969;-0.000154;0.100000;0.023969;-0.000154;0.100000;0.100000;0.000000;-0.239694;-0.001541;
1.020213;0.023927;-0.000169;0.100000;0.023927;-0.000169;0.100000;0.100000;0.000000;-0.239267;-0.001686;
1.020292;0.023884;-0.000183;0.100000;0.023884;-0.000183;0.100000;0.100000;0.000000;-0.238844;-0.001830;
1.020372;0.023842;-0.000197;0.100000;0.023842;-0.000197;0.100000;0.100000;0.000000;-0.238425;-0.001972;
1.020451;0.023801;-0.000211;0.100000;0.023801;-0.000211;0.100000;0.100000;0.000000;-0.238010;-0.002114;
1.020530;0.023760;-0.000225;0.100000;0.023760;-0.000225;0.100000;0.100000;0.000000;-0.237598;-0.002254;
1.020609;0.023719;-0.000239;0.100000;0.023719;-0.000239;0.100000;0.100000;0.000000;-0.237191;-0.002394;
1.020688;0.023679;-0.000253;0.100000;0.023679;-0.000253;0.100000;0.100000;0.000000;-0.236787;-0.002532;
1.020768;0.023639;-0.000267;0.100000;0.023639;-0.000267;0.100000;0.100000;0.000000;-0.236387;-0.002669;
1.020847;0.023599;-0.000280;0.100000;0.023599;-0.000280;0.100000;0.100000;0.000000;-0.235991;-0.002805;
1.020926;0.023560;-0.000294;0.100000;0.023560;-0.000294;0.100000;0.100000;0.000000;-0.235598;-0.002940;
1.021005;0.023521;-0.000307;0.100000;0.023521;-0.000307;0.100000;0.100000;0.000000;-0.235210;-0.003074;
1.021084;0.023482;-0.000321;0.100000;0.023482;-0.000321;0.100000;0.100000;0.000000;-0.234825;-0.003207;
1.021164;0.023444;-0.000334;0.100000;0.023444;-0.000334;0.100000;0.100000;0.000000;-0.234443;-0.003338;
1.021243;0.023407;-0.000347;0.100000;0.023407;-0.000347;0.100000;0.100000;0.000000;-0.234065;-0.003469;
1.021322;0.023369;-0.000360;0.100000;0.023369;-0.000360;0.100000;0.100000;0.000000;-0.233691;-0.003599;
1.021401;0.023332;-0.000373;0.100000;0.023332;-0.000373;0.100000;0.100000;0.000000;-0.233321;-0.003728;
1.021480;0.023295;-0.000386;0.100000;0.023295;-0.000386;0.100000;0.100000;0.000000;-0.232953;-0.003855;
1.021560;0.023259;-0.000398;0.100000;0.023259;-0.000398;0.100000;0.100000;0.000000;-0.232590;-0.003982;
1.021639;0.023223;-0.000411;0.100000;0.023223;-0.000411;0.100000;0.100000;0.000000;-0.232230;-0.004108;
1.021718;0.023187;-0.000423;0.100000;0.023187;-0.000423;0.100000;0.100000;0.000000;-0.231873;-0.004232;
1.021797;0.023152;-0.000436;0.100000;0.023152;-0.000436;0.100000;0.100000;0.000000;-0.231520;-0.004356;
1.021876;0.023117;-0.000448;0.100000;0.023117;-0.000448;0.100000;0.100000;0.000000;-0.231170;-0.004479;
1.021956;0.023082;-0.000460;0.100000;0.023082;-0.000460;0.100000;0.100000;0.000000;-0.230824;-0.004601;
1.022035;0.023048;-0.000472;0.100000;0.023048;-0.000472;0.100000;0.100000;0.000000;-0.230480;-0.004722;
1.022114;0.023014;-0.000484;0.100000;0.023014;-0.000484;0.100000;0.100000;0.000000;-0.230141;-0.004842;
1.022193;0.022980;-0.000496;0.100000;0.022980;-0.000496;0.100000;0.100000;0.000000;-0.229804;-0.004960;
1.022272;0.022947;-0.000508;0.100000;0.022947;-0.000508;0.100000;0.100000;0.000000;-0.229471;-0.005078;
1.022352;0.022914;-0.000520;0.100000;0.022914;-0.000520;0.100000;0.100000;0.000000;-0.229141;-0.005196;
1.022385;0.022900;-0.000524;0.100000;0.022900;-0.000524;0.100000;0.100000;0.000000;-0.229004;-0.005244;
1.022385;0.022900;-0.000525;0.100000;0.022900;-0.000525;0.100000;0.100000;0.000000;-0.229001;-0.005245;
1.022387;0.022900;-0.000525;0.100000;0.022900;-0.000525;0.100000;0.100000;0.000000;-0.228996;-0.005247;
1.022389;0.022899;-0.000525;0.100000;0.022899;-0.000525;0.100000;0.100000;0.000000;-0.228986;-0.005251;
1.022394;0.022897;-0.000526;0.100000;0.022897;-0.000526;0.100000;0.100000;0.000000;-0.228966;-0.005258;
1.022404;0.022893;-0.000527;0.100000;0.022893;-0.000527;0.100000;0.100000;0.000000;-0.228926;-0.005272;
1.022423;0.022885;-0.000530;0.100000;0.022885;-0.000530;0.100000;0.100000;0.000000;-0.228845;-0.005301;
1.022443;0.022876;-0.000533;0.100000;0.022876;-0.000533;0.100000;0.100000;0.000000;-0.228765;-0.005329;
1.022462;0.022868;-0.000536;0.100000;0.022868;-0.000536;0.100000;0.100000;0.000000;-0.228685;-0.005358;
1.022482;0.022860;-0.000539;0.100000;0.022860;-0.000539;0.100000;0.100000;0.000000;-0.228605;-0.005386;
1.022501;0.022852;-0.000541;0.100000;0.022852;-0.000541;0.100000;0.100000;0.000000;-0.228524;-0.005414;
1.022521;0.022844;-0.000544;0.100000;0.022844;-0.000544;0.100000;0.100000;0.000000;-0.228444;-0.005443;
1.022540;0.022836;-0.000547;0.100000;0.022836;-0.000547;0.100000;0.100000;0.000000;-0.228364;-0.005471;
1.022559;0.022828;-0.000550;0.100000;0.022828;-0.000550;0.100000;0.100000;0.000000;-0.228284;-0.005499;
1.022579;0.022820;-0.000553;0.100000;0.022820;-0.000553;0.100000;0.100000;0.000000;-0.228204;-0.005527;
1.022598;0.022812;-0.000556;0.100000;0.022812;-0.000556;0.100000;0.100000;0.000000;-0.228124;-0.005555;
1.022618;0.022804;-0.000558;0.100000;0.022804;-0.000558;0.100000;0.100000;0.000000;-0.228044;-0.005583;
1.022637;0.022796;-0.000561;0.100000;0.022796;-0.000561;0.100000;0.100000;0.000000;-0.227963;-0.005611;
1.022657;0.022788;-0.000564;0.100000;0.022788;-0.000564;0.100000;0.100000;0.000000;-0.227883;-0.005639;
1.022676;0.022780;-0.000567;0.100000;0.022780;-0.000567;0.100000;0.100000;0.000000;-0.227802;-0.005667;
1.022715;0.022764;-0.000572;0.100000;0.022764;-0.000572;0.100000;0.100000;0.000000;-0.227641;-0.005722;
1.022750;0.022750;-0.000577;0.100000;0.022750;-0.000577;0.100000;0.100000;0.000000;-0.227495;-0.005772;
1.022785;0.022735;-0.000582;0.100000;0.022735;-0.000582;0.100000;0.100000;0.000000;-0.227350;-0.005821;
1.022819;0.022720;-0.000587;0.100000;0.022720;-0.000587;0.100000;0.100000;0.000000;-0.227203;-0.005870;
1.022854;0.022706;-0.000592;0.100000;0.022706;-0.000592;0.100000;0.100000;0.000000;-0.227055;-0.005919;
1.022889;0.022691;-0.000597;0.100000;0.022691;-0.000597;0.100000;0.100000;0.000000;-0.226907;-0.005968;
1.022924;0.022676;-0.000602;0.100000;0.022676;-0.000602;0.100000;0.100000;0.000000;-0.226758;-0.006016;
1.022958;0.022661;-0.000606;0.100000;0.022661;-0.000606;0.100000;0.100000;0.000000;-0.226607;-0.006064;
1.022993;0.022646;-0.000611;0.100000;0.022646;-0.000611;0.100000;0.100000;0.000000;-0.226455;-0.006113;
1.023028;0.022630;-0.000616;0.100000;0.022630;-0.000616;0.100000;0.100000;0.000000;-0.226302;-0.006161;
1.023063;0.022615;-0.000621;0.100000;0.022615;-0.000621;0.100000;0.100000;0.000000;-0.226148;-0.006209;
1.023097;0.022599;-0.000626;0.100000;0.022599;-0.000626;0.100000;0.100000;0.000000;-0.225993;-0.006256;
1.023132;0.022584;-0.000630;0.100000;0.022584;-0.000630;0.100000;0.100000;0.000000;-0.225836;-0.006304;
1.023167;0.022568;-0.000635;0.100000;0.022568;-0.000635;0.100000;0.100000;0.000000;-0.225677;-0.006351;
1.023202;0.022552;-0.000640;0.100000;0.022552;-0.000640;0.100000;0.100000;0.000000;-0.225517;-0.006398;
1.023237;0.022536;-0.000645;0.100000;0.022536;-0.000645;0.100000;0.100000;0.000000;-0.225356;-0.006445;
1.023271;0.022519;-0.000649;0.100000;0.022519;-0.000649;0.100000;0.100000;0.000000;-0.225193;-0.006492;
1.023306;0.022503;-0.000654;0.100000;0.022503;-0.000654;0.100000;0.100000;0.000000;-0.225028;-0.006539;
1.023341;0.022486;-0.000659;0.100000;0.022486;-0.000659;0.100000;0.100000;0.000000;-0.224861;-0.006585;
1.023376;0.022469;-0.000663;0.100000;0.022469;-0.000663;0.100000;0.100000;0.000000;-0.224693;-0.006632;
1.023410;0.022452;-0.000668;0.100000;0.022452;-0.000668;0.100000;0.100000;0.000000;-0.224523;-0.006678;
1.023445;0.022435;-0.000672;0.100000;0.022435;-0.000672;0.100000;0.100000;0.000000;-0.224352;-0.006724;
1.023480;0.022418;-0.000677;0.100000;0.022418;-0.000677;0.100000;0.100000;0.000000;-0.224178;-0.006770;
1.023515;0.022400;-0.000682;0.100000;0.022400;-0.000682;0.100000;0.100000;0.000000;-0.224003;-0.006816;
1.023549;0.022383;-0.000686;0.100000;0.022383;-0.000686;0.100000;0.100000;0.000000;-0.223826;-0.006861;
1.023584;0.022365;-0.000691;0.100000;0.022365;-0.000691;0.100000;0.100000;0.000000;-0.223647;-0.006907;
1.023619;0.022347;-0.000695;0.100000;0.022347;-0.000695;0.100000;0.100000;0.000000;-0.223466;-0.006952;
1.023654;0.022328;-0.000700;0.100000;0.022328;-0.000700;0.100000;0.100000;0.000000;-0.223283;-0.006997;
1.023723;0.022291;-0.000709;0.100000;0.022291;-0.000709;0.100000;0.100000;0.000000;-0.222909;-0.007087;
1.023786;0.022257;-0.000717;0.100000;0.022257;-0.000717;0.100000;0.100000;0.000000;-0.222567;-0.007167;
1.023848;0.022222;-0.000725;0.100000;0.022222;-0.000725;0.100000;0.100000;0.000000;-0.222218;-0.007246;
1.023911;0.022186;-0.000733;0.100000;0.022186;-0.000733;0.100000;0.100000;0.000000;-0.221863;-0.007326;
1.023973;0.022150;-0.000740;0.100000;0.022150;-0.000740;0.100000;0.100000;0.000000;-0.221501;-0.007404;
1.024036;0.022113;-0.000748;0.100000;0.022113;-0.000748;0.100000;0.100000;0.000000;-0.221132;-0.007482;
1.024099;0.022076;-0.000756;0.100000;0.022076;-0.000756;0.100000;0.100000;0.000000;-0.220757;-0.007560;
1.024161;0.022037;-0.000764;0.100000;0.022037;-0.000764;0.100000;0.100000;0.000000;-0.220375;-0.007637;
1.024224;0.021999;-0.000771;0.100000;0.021999;-0.000771;0.100000;0.100000;0.000000;-0.219986;-0.007714;
1.024286;0.021959;-0.000779;0.100000;0.021959;-0.000779;0.100000;0.100000;0.000000;-0.219590;-0.007790;
1.024349;0.021919;-0.000787;0.100000;0.021919;-0.000787;0.100000;0.100000;0.000000;-0.219188;-0.007866;
1.024411;0.021878;-0.000794;0.100000;0.021878;-0.000794;0.100000;0.100000;0.000000;-0.218779;-0.007941;
1.024474;0.021836;-0.000802;0.100000;0.021836;-0.000802;0.100000;0.100000;0.000000;-0.218364;-0.008016;
1.024536;0.021794;-0.000809;0.100000;0.021794;-0.000809;0.100000;0.100000;0.000000;-0.217942;-0.008090;
1.024599;0.021751;-0.000816;0.100000;0.021751;-0.000816;0.100000;0.100000;0.000000;-0.217513;-0.008164;
1.024662;0.021708;-0.000824;0.100000;0.021708;-0.000824;0.100000;0.100000;0.000000;-0.217078;-0.008238;
1.024724;0.021664;-0.000831;0.100000;0.021664;-0.000831;0.100000;0.100000;0.000000;-0.216637;-0.008311;
1.024787;0.021619;-0.000838;0.100000;0.021619;-0.000838;0.100000;0.100000;0.000000;-0.216189;-0.008383;
1.024849;0.021573;-0.000846;0.100000;0.021573;-0.000846;0.100000;0.100000;0.000000;-0.215735;-0.008455;
1.024912;0.021527;-0.000853;0.100000;0.021527;-0.000853;0.100000;0.100000;0.000000;-0.215274;-0.008527;
1.024974;0.021481;-0.000860;0.100000;0.021481;-0.000860;0.100000;0.100000;0.000000;-0.214808;-0.008598;
1.025037;0.021434;-0.000867;0.100000;0.021434;-0.000867;0.100000;0.100000;0.000000;-0.214335;-0.008669;
1.025100;0.021386;-0.000874;0.100000;0.021386;-0.000874;0.100000;0.100000;0.000000;-0.213857;-0.008739;
1.025162;0.021337;-0.000881;0.100000;0.021337;-0.000881;0.100000;0.100000;0.000000;-0.213372;-0.008809;
1.025225;0.021288;-0.000888;0.100000;0.021288;-0.000888;0.100000;0.100000;0.000000;-0.212882;-0.008878;
1.025287;0.021239;-0.000895;0.100000;0.021239;-0.000895;0.100000;0.100000;0.000000;-0.212386;-0.008947;
1.025350;0.021188;-0.000902;0.100000;0.021188;-0.000902;0.100000;0.100000;0.000000;-0.211884;-0.009016;
1.025412;0.021138;-0.000908;0.100000;0.021138;-0.000908;0.100000;0.100000;0.000000;-0.211376;-0.009084;
1.025475;0.021086;-0.000915;0.100000;0.021086;-0.000915;0.100000;0.100000;0.000000;-0.210863;-0.009151;
1.025495;0.021070;-0.000917;0.100000;0.021070;-0.000917;0.100000;0.100000;0.000000;-0.210700;-0.009173;
1.025495;0.021070;-0.000917;0.100000;0.021070;-0.000917;0.100000;0.100000;0.000000;-0.210698;-0.009173;
1.025495;0.021069;-0.000917;0.100000;0.021069;-0.000917;0.100000;0.100000;0.000000;-0.210694;-0.009173;
1.025496;0.021069;-0.000917;0.100000;0.021069;-0.000917;0.100000;0.100000;0.000000;-0.210687;-0.009174;
1.025498;0.021067;-0.000918;0.100000;0.021067;-0.000918;0.100000;0.100000;0.000000;-0.210672;-0.009176;
1.025502;0.021064;-0.000918;0.100000;0.021064;-0.000918;0.100000;0.100000;0.000000;-0.210643;-0.009180;
1.025509;0.021058;-0.000919;0.100000;0.021058;-0.000919;0.100000;0.100000;0.000000;-0.210585;-0.009188;
1.025523;0.021047;-0.000920;0.100000;0.021047;-0.000920;0.100000;0.100000;0.000000;-0.210468;-0.009203;
1.025551;0.021023;-0.000923;0.100000;0.021023;-0.000923;0.100000;0.100000;0.000000;-0.210234;-0.009233;
1.025607;0.020976;-0.000929;0.100000;0.020976;-0.000929;0.100000;0.100000;0.000000;-0.209761;-0.009293;
1.025664;0.020928;-0.000935;0.100000;0.020928;-0.000935;0.100000;0.100000;0.000000;-0.209283;-0.009353;
1.025720;0.020880;-0.000941;0.100000;0.020880;-0.000941;0.100000;0.100000;0.000000;-0.208802;-0.009413;
1.025777;0.020832;-0.000947;0.100000;0.020832;-0.000947;0.100000;0.100000;0.000000;-0.208316;-0.009472;
1.025833;0.020783;-0.000953;0.100000;0.020783;-0.000953;0.100000;0.100000;0.000000;-0.207826;-0.009531;
1.025890;0.020733;-0.000959;0.100000;0.020733;-0.000959;0.100000;0.100000;0.000000;-0.207333;-0.009590;
1.025946;0.020683;-0.000965;0.100000;0.020683;-0.000965;0.100000;0.100000;0.000000;-0.206835;-0.009648;
1.026003;0.020633;-0.000971;0.100000;0.020633;-0.000971;0.100000;0.100000;0.000000;-0.206333;-0.009706;
1.026059;0.020583;-0.000976;0.100000;0.020583;-0.000976;0.100000;0.100000;0.000000;-0.205828;-0.009764;
1.026116;0.020532;-0.000982;0.100000;0.020532;-0.000982;0.100000;0.100000;0.000000;-0.205319;-0.009821;
1.026172;0.020481;-0.000988;0.100000;0.020481;-0.000988;0.100000;0.100000;0.000000;-0.204806;-0.009878;
1.026229;0.020429;-0.000993;0.100000;0.020429;-0.000993;0.100000;0.100000;0.000000;-0.204290;-0.009935;
1.026285;0.020377;-0.000999;0.100000;0.020377;-0.000999;0.100000;0.100000;0.000000;-0.203770;-0.009991;
1.026342;0.020325;-0.001005;0.100000;0.020325;-0.001005;0.100000;0.100000;0.000000;-0.203246;-0.010047;
1.026398;0.020272;-0.001010;0.100000;0.020272;-0.001010;0.100000;0.100000;0.000000;-0.202720;-0.010103;
1.026455;0.020219;-0.001016;0.100000;0.020219;-0.001016;0.100000;0.100000;0.000000;-0.202190;-0.010158;
1.026511;0.020166;-0.001021;0.100000;0.020166;-0.001021;0.100000;0.100000;0.000000;-0.201656;-0.010214;
1.026567;0.020112;-0.001027;0.100000;0.020112;-0.001027;0.100000;0.100000;0.000000;-0.201120;-0.010268;
1.026624;0.020058;-0.001032;0.100000;0.020058;-0.001032;0.100000;0.100000;0.000000;-0.200580;-0.010323;
1.026680;0.020004;-0.001038;0.100000;0.020004;-0.001038;0.100000;0.100000;0.000000;-0.200038;-0.010377;
1.026737;0.019949;-0.001043;0.100000;0.019949;-0.001043;0.100000;0.100000;0.000000;-0.199492;-0.010431;
1.026793;0.019894;-0.001048;0.100000;0.019894;-0.001048;0.100000;0.100000;0.000000;-0.198944;-0.010484;
1.026850;0.019839;-0.001054;0.100000;0.019839;-0.001054;0.100000;0.100000;0.000000;-0.198393;-0.010538;
1.026906;0.019784;-0.001059;0.100000;0.019784;-0.001059;0.100000;0.100000;0.000000;-0.197839;-0.010591;
1.026963;0.019728;-0.001064;0.100000;0.019728;-0.001064;0.100000;0.100000;0.000000;-0.197282;-0.010643;
1.027019;0.019672;-0.001070;0.100000;0.019672;-0.001070;0.100000;0.100000;0.000000;-0.196723;-0.010696;
1.027076;0.019616;-0.001075;0.100000;0.019616;-0.001075;0.100000;0.100000;0.000000;-0.196161;-0.010748;
1.027132;0.019560;-0.001080;0.100000;0.019560;-0.001080;0.100000;0.100000;0.000000;-0.195597;-0.010800;
1.027189;0.019503;-0.001085;0.100000;0.019503;-0.001085;0.100000;0.100000;0.000000;-0.195030;-0.010851;
1.027245;0.019446;-0.001090;0.100000;0.019446;-0.001090;0.100000;0.100000;0.000000;-0.194461;-0.010902;
1.027302;0.019389;-0.001095;0.100000;0.019389;-0.001095;0.100000;0.100000;0.000000;-0.193890;-0.010953;
1.027358;0.019332;-0.001100;0.100000;0.019332;-0.001100;0.100000;0.100000;0.000000;-0.193316;-0.011004;
1.027415;0.019274;-0.001105;0.100000;0.019274;-0.001105;0.100000;0.100000;0.000000;-0.192740;-0.011054;
1.027471;0.019216;-0.001110;0.100000;0.019216;-0.001110;0.100000;0.100000;0.000000;-0.192163;-0.011104;
1.027527;0.019158;-0.001115;0.100000;0.019158;-0.001115;0.100000;0.100000;0.000000;-0.191583;-0.011154;
1.027584;0.019100;-0.001120;0.100000;0.019100;-0.001120;0.100000;0.100000;0.000000;-0.191001;-0.011204;
1.027640;0.019042;-0.001125;0.100000;0.019042;-0.001125;0.100000;0.100000;0.000000;-0.190417;-0.011253;
1.027697;0.018983;-0.001130;0.100000;0.018983;-0.001130;0.100000;0.100000;0.000000;-0.189831;-0.011302;
1.027753;0.018924;-0.001135;0.100000;0.018924;-0.001135;0.100000;0.100000;0.000000;-0.189244;-0.011350;
1.027810;0.018865;-0.001140;0.100000;0.018865;-0.001140;0.100000;0.100000;0.000000;-0.188654;-0.011399;
1.027866;0.018806;-0.001145;0.100000;0.018806;-0.001145;0.100000;0.100000;0.000000;-0.188063;-0.011447;
1.027923;0.018747;-0.001149;0.100000;0.018747;-0.001149;0.100000;0.100000;0.000000;-0.187471;-0.011495;
1.027979;0.018688;-0.001154;0.100000;0.018688;-0.001154;0.100000;0.100000;0.000000;-0.186877;-0.011542;
1.028036;0.018628;-0.001159;0.100000;0.018628;-0.001159;0.100000;0.100000;0.000000;-0.186281;-0.011590;
1.028092;0.018568;-0.001164;0.100000;0.018568;-0.001164;0.100000;0.100000;0.000000;-0.185684;-0.011637;
1.028149;0.018509;-0.001168;0.100000;0.018509;-0.001168;0.100000;0.100000;0.000000;-0.185085;-0.011684;
1.028205;0.018449;-0.001173;0.100000;0.018449;-0.001173;0.100000;0.100000;0.000000;-0.184486;-0.011730;
1.028262;0.018388;-0.001178;0.100000;0.018388;-0.001178;0.100000;0.100000;0.000000;-0.183884;-0.011776;
1.028318;0.018328;-0.001182;0.100000;0.018328;-0.001182;0.100000;0.100000;0.000000;-0.183282;-0.011822;
1.028375;0.018268;-0.001187;0.100000;0.018268;-0.001187;0.100000;0.100000;0.000000;-0.182678;-0.011868;
1.028431;0.018207;-0.001191;0.100000;0.018207;-0.001191;0.100000;0.100000;0.000000;-0.182074;-0.011914;
1.028487;0.018147;-0.001196;0.100000;0.018147;-0.001196;0.100000;0.100000;0.000000;-0.181468;-0.011959;
1.028544;0.018086;-0.001200;0.100000;0.018086;-0.001200;0.100000;0.100000;0.000000;-0.180861;-0.012004;
1.028600;0.018025;-0.001205;0.100000;0.018025;-0.001205;0.100000;0.100000;0.000000;-0.180253;-0.012049;
1.028657;0.017964;-0.001209;0.100000;0.017964;-0.001209;0.100000;0.100000;0.000000;-0.179644;-0.012093;
1.028713;0.017903;-0.001214;0.100000;0.017903;-0.001214;0.100000;0.100000;0.000000;-0.179035;-0.012137;
1.028770;0.017842;-0.001218;0.100000;0.017842;-0.001218;0.100000;0.100000;0.000000;-0.178424;-0.012181;
1.028826;0.017781;-0.001223;0.100000;0.017781;-0.001223;0.100000;0.100000;0.000000;-0.177813;-0.012225;
1.028883;0.017720;-0.001227;0.100000;0.017720;-0.001227;0.100000;0.100000;0.000000;-0.177201;-0.012269;
1.028939;0.017659;-0.001231;0.100000;0.017659;-0.001231;0.100000;0.100000;0.000000;-0.176588;-0.012312;
1.028996;0.017597;-0.001235;0.100000;0.017597;-0.001235;0.100000;0.100000;0.000000;-0.175975;-0.012355;
1.029052;0.017536;-0.001240;0.100000;0.017536;-0.001240;0.100000;0.100000;0.000000;-0.175361;-0.012398;
1.029109;0.017475;-0.001244;0.100000;0.017475;-0.001244;0.100000;0.100000;0.000000;-0.174746;-0.012440;
1.029165;0.017413;-0.001248;0.100000;0.017413;-0.001248;0.100000;0.100000;0.000000;-0.174131;-0.012482;
1.029222;0.017352;-0.001252;0.100000;0.017352;-0.001252;0.100000;0.100000;0.000000;-0.173516;-0.012524;
1.029278;0.017290;-0.001257;0.100000;0.017290;-0.001257;0.100000;0.100000;0.000000;-0.172900;-0.012566;
1.029335;0.017228;-0.001261;0.100000;0.017228;-0.001261;0.100000;0.100000;0.000000;-0.172283;-0.012608;
1.029391;0.017167;-0.001265;0.100000;0.017167;-0.001265;0.100000;0.100000;0.000000;-0.171667;-0.012649;
1.029448;0.017105;-0.001269;0.100000;0.017105;-0.001269;0.100000;0.100000;0.000000;-0.171050;-0.012690;
1.029504;0.017043;-0.001273;0.100000;0.017043;-0.001273;0.100000;0.100000;0.000000;-0.170433;-0.012731;
1.029560;0.016982;-0.001277;0.100000;0.016982;-0.001277;0.100000;0.100000;0.000000;-0.169815;-0.012772;
1.029617;0.016920;-0.001281;0.100000;0.016920;-0.001281;0.100000;0.100000;0.000000;-0.169197;-0.012812;
1.029673;0.016858;-0.001285;0.100000;0.016858;-0.001285;0.100000;0.100000;0.000000;-0.168579;-0.012852;
1.029730;0.016796;-0.001289;0.100000;0.016796;-0.001289;0.100000;0.100000;0.000000;-0.167962;-0.012892;
1.029786;0.016734;-0.001293;0.100000;0.016734;-0.001293;0.100000;0.100000;0.000000;-0.167344;-0.012932;
1.029843;0.016673;-0.001297;0.100000;0.016673;-0.001297;0.100000;0.100000;0.000000;-0.166726;-0.012972;
1.029899;0.016611;-0.001301;0.100000;0.016611;-0.001301;0.100000;0.100000;0.000000;-0.166107;-0.013011;
1.029956;0.016549;-0.001305;0.100000;0.016549;-0.001305;0.100000;0.100000;0.000000;-0.165489;-0.013050;
1.030012;0.016487;-0.001309;0.100000;0.016487;-0.001309;0.100000;0.100000;0.000000;-0.164872;-0.013089;
1.030069;0.016425;-0.001313;0.100000;0.016425;-0.001313;0.100000;0.100000;0.000000;-0.164254;-0.013127;
1.030125;0.016364;-0.001317;0.100000;0.016364;-0.001317;0.100000;0.100000;0.000000;-0.163636;-0.013166;
1.030182;0.016302;-0.001320;0.100000;0.016302;-0.001320;0.100000;0.100000;0.000000;-0.163019;-0.013204;
1.030238;0.016240;-0.001324;0.100000;0.016240;-0.001324;0.100000;0.100000;0.000000;-0.162401;-0.013242;
1.030295;0.016178;-0.001328;0.100000;0.016178;-0.001328;0.100000;0.100000;0.000000;-0.161784;-0.013280;
1.030351;0.016117;-0.001332;0.100000;0.016117;-0.001332;0.100000;0.100000;0.000000;-0.161167;-0.013317;
1.030408;0.016055;-0.001335;0.100000;0.016055;-0.001335;0.100000;0.100000;0.000000;-0.160551;-0.013355;
1.030464;0.015993;-0.001339;0.100000;0.015993;-0.001339;0.100000;0.100000;0.000000;-0.159935;-0.013392;
1.030520;0.015932;-0.001343;0.100000;0.015932;-0.001343;0.100000;0.100000;0.000000;-0.159319;-0.013429;
1.030577;0.015870;-0.001347;0.100000;0.015870;-0.001347;0.100000;0.100000;0.000000;-0.158704;-0.013465;
1.030633;0.015809;-0.001350;0.100000;0.015809;-0.001350;0.100000;0.100000;0.000000;-0.158089;-0.013502;
1.030690;0.015747;-0.001354;0.100000;0.015747;-0.001354;0.100000;0.100000;0.000000;-0.157474;-0.013538;
1.030746;0.015686;-0.001357;0.100000;0.015686;-0.001357;0.100000;0.100000;0.000000;-0.156860;-0.013574;
1.030803;0.015625;-0.001361;0.100000;0.015625;-0.001361;0.100000;0.100000;0.000000;-0.156247;-0.013610;
1.030859;0.015563;-0.001365;0.100000;0.015563;-0.001365;0.100000;0.100000;0.000000;-0.155634;-0.013646;
1.030916;0.015502;-0.001368;0.100000;0.015502;-0.001368;0.100000;0.100000;0.000000;-0.155022;-0.013681;
1.030972;0.015441;-0.001372;0.100000;0.015441;-0.001372;0.100000;0.100000;0.000000;-0.154410;-0.013717;
1.031029;0.015380;-0.001375;0.100000;0.015380;-0.001375;0.100000;0.100000;0.000000;-0.153799;-0.013752;
1.031085;0.015319;-0.001379;0.100000;0.015319;-0.001379;0.100000;0.100000;0.000000;-0.153188;-0.013787;
1.031142;0.015258;-0.001382;0.100000;0.015258;-0.001382;0.100000;0.100000;0.000000;-0.152579;-0.013821;
1.031198;0.015197;-0.001386;0.100000;0.015197;-0.001386;0.100000;0.100000;0.000000;-0.151970;-0.013856;
1.031255;0.015136;-0.001389;0.100000;0.015136;-0.001389;0.100000;0.100000;0.000000;-0.151361;-0.013890;
1.031311;0.015075;-0.001392;0.100000;0.015075;-0.001392;0.100000;0.100000;0.000000;-0.150754;-0.013924;
1.031368;0.015015;-0.001396;0.100000;0.015015;-0.001396;0.100000;0.100000;0.000000;-0.150147;-0.013958;
1.031424;0.014954;-0.001399;0.100000;0.014954;-0.001399;0.100000;0.100000;0.000000;-0.149541;-0.013992;
1.031480;0.014894;-0.001403;0.100000;0.014894;-0.001403;0.100000;0.100000;0.000000;-0.148936;-0.014026;
1.031537;0.014833;-0.001406;0.100000;0.014833;-0.001406;0.100000;0.100000;0.000000;-0.148331;-0.014059;
1.031593;0.014773;-0.001409;0.100000;0.014773;-0.001409;0.100000;0.100000;0.000000;-0.147728;-0.014092;
1.031650;0.014713;-0.001413;0.100000;0.014713;-0.001413;0.100000;0.100000;0.000000;-0.147125;-0.014125;
1.031706;0.014652;-0.001416;0.100000;0.014652;-0.001416;0.100000;0.100000;0.000000;-0.146524;-0.014158;
1.031763;0.014592;-0.001419;0.100000;0.014592;-0.001419;0.100000;0.100000;0.000000;-0.145923;-0.014191;
1.031819;0.014532;-0.001422;0.100000;0.014532;-0.001422;0.100000;0.100000;0.000000;-0.145323;-0.014223;
1.031876;0.014472;-0.001426;0.100000;0.014472;-0.001426;0.100000;0.100000;0.000000;-0.144724;-0.014255;
1.031932;0.014413;-0.001429;0.100000;0.014413;-0.001429;0.100000;0.100000;0.000000;-0.144127;-0.014287;
1.031989;0.014353;-0.001432;0.100000;0.014353;-0.001432;0.100000;0.100000;0.000000;-0.143530;-0.014319;
1.032045;0.014293;-0.001435;0.100000;0.014293;-0.001435;0.100000;0.100000;0.000000;-0.142934;-0.014351;
1.032102;0.014234;-0.001438;0.100000;0.014234;-0.001438;0.100000;0.100000;0.000000;-0.142339;-0.014383;
1.032158;0.014175;-0.001441;0.100000;0.014175;-0.001441;0.100000;0.100000;0.000000;-0.141746;-0.014414;
1.032215;0.014115;-0.001445;0.100000;0.014115;-0.001445;0.100000;0.100000;0.000000;-0.141153;-0.014445;
1.032271;0.014056;-0.001448;0.100000;0.014056;-0.001448;0.100000;0.100000;0.000000;-0.140562;-0.014476;
1.032328;0.013997;-0.001451;0.100000;0.013997;-0.001451;0.100000;0.100000;0.000000;-0.139972;-0.014507;
1.032384;0.013938;-0.001454;0.100000;0.013938;-0.001454;0.100000;0.100000;0.000000;-0.139382;-0.014538;
1.032440;0.013879;-0.001457;0.100000;0.013879;-0.001457;0.100000;0.100000;0.000000;-0.138795;-0.014568;
1.032497;0.013821;-0.001460;0.100000;0.013821;-0.001460;0.100000;0.100000;0.000000;-0.138208;-0.014598;
1.032553;0.013762;-0.001463;0.100000;0.013762;-0.001463;0.100000;0.100000;0.000000;-0.137622;-0.014628;
1.032610;0.013704;-0.001466;0.100000;0.013704;-0.001466;0.100000;0.100000;0.000000;-0.137038;-0.014658;
1.032666;0.013645;-0.001469;0.100000;0.013645;-0.001469;0.100000;0.100000;0.000000;-0.136455;-0.014688;
1.032723;0.013587;-0.001472;0.100000;0.013587;-0.001472;0.100000;0.100000;0.000000;-0.135873;-0.014718;
1.032779;0.013529;-0.001475;0.100000;0.013529;-0.001475;0.100000;0.100000;0.000000;-0.135292;-0.014747;
1.032836;0.013471;-0.001478;0.100000;0.013471;-0.001478;0.100000;0.100000;0.000000;-0.134713;-0.014777;
1.032892;0.013413;-0.001481;0.100000;0.013413;-0.001481;0.100000;0.100000;0.000000;-0.134134;-0.014806;
1.032949;0.013356;-0.001483;0.100000;0.013356;-0.001483;0.100000;0.100000;0.000000;-0.133558;-0.014835;
1.033005;0.013298;-0.001486;0.100000;0.013298;-0.001486;0.100000;0.100000;0.000000;-0.132982;-0.014864;
1.033062;0.013241;-0.001489;0.100000;0.013241;-0.001489;0.100000;0.100000;0.000000;-0.132408;-0.014892;
1.033118;0.013184;-0.001492;0.100000;0.013184;-0.001492;0.100000;0.100000;0.000000;-0.131835;-0.014921;
1.033175;0.013126;-0.001495;0.100000;0.013126;-0.001495;0.100000;0.100000;0.000000;-0.131264;-0.014949;
1.033231;0.013069;-0.001498;0.100000;0.013069;-0.001498;0.100000;0.100000;0.000000;-0.130694;-0.014977;
1.033288;0.013012;-0.001501;0.100000;0.013012;-0.001501;0.100000;0.100000;0.000000;-0.130125;-0.015005;
1.033344;0.012956;-0.001503;0.100000;0.012956;-0.001503;0.100000;0.100000;0.000000;-0.129557;-0.015033;
1.033401;0.012899;-0.001506;0.100000;0.012899;-0.001506;0.100000;0.100000;0.000000;-0.128992;-0.015061;
1.033457;0.012843;-0.001509;0.100000;0.012843;-0.001509;0.100000;0.100000;0.000000;-0.128427;-0.015088;
1.033513;0.012786;-0.001512;0.100000;0.012786;-0.001512;0.100000;0.100000;0.000000;-0.127864;-0.015116;
1.033570;0.012730;-0.001514;0.100000;0.012730;-0.001514;0.100000;0.100000;0.000000;-0.127302;-0.015143;
1.033626;0.012674;-0.001517;0.100000;0.012674;-0.001517;0.100000;0.100000;0.000000;-0.126742;-0.015170;
1.033683;0.012618;-0.001520;0.100000;0.012618;-0.001520;0.100000;0.100000;0.000000;-0.126183;-0.015197;
1.033739;0.012563;-0.001522;0.100000;0.012563;-0.001522;0.100000;0.100000;0.000000;-0.125626;-0.015224;
1.033796;0.012507;-0.001525;0.100000;0.012507;-0.001525;0.100000;0.100000;0.000000;-0.125070;-0.015250;
1.033852;0.012452;-0.001528;0.100000;0.012452;-0.001528;0.100000;0.100000;0.000000;-0.124516;-0.015277;
1.033909;0.012396;-0.001530;0.100000;0.012396;-0.001530;0.100000;0.100000;0.000000;-0.123963;-0.015303;
1.033965;0.012341;-0.001533;0.100000;0.012341;-0.001533;0.100000;0.100000;0.000000;-0.123411;-0.015329;
1.034022;0.012286;-0.001536;0.100000;0.012286;-0.001536;0.100000;0.100000;0.000000;-0.122862;-0.015355;
1.034078;0.012231;-0.001538;0.100000;0.012231;-0.001538;0.100000;0.100000;0.000000;-0.122313;-0.015381;
1.034135;0.012177;-0.001541;0.100000;0.012177;-0.001541;0.100000;0.100000;0.000000;-0.121767;-0.015407;
1.034191;0.012122;-0.001543;0.100000;0.012122;-0.001543;0.100000;0.100000;0.000000;-0.121221;-0.015433;
1.034248;0.012068;-0.001546;0.100000;0.012068;-0.001546;0.100000;0.100000;0.000000;-0.120678;-0.015458;
1.034304;0.012014;-0.001548;0.100000;0.012014;-0.001548;0.100000;0.100000;0.000000;-0.120135;-0.015483;
1.034361;0.011959;-0.001551;0.100000;0.011959;-0.001551;0.100000;0.100000;0.000000;-0.119595;-0.015509;
1.034417;0.011906;-0.001553;0.100000;0.011906;-0.001553;0.100000;0.100000;0.000000;-0.119056;-0.015534;
1.034473;0.011852;-0.001556;0.100000;0.011852;-0.001556;0.100000;0.100000;0.000000;-0.118518;-0.015558;
1.034530;0.011798;-0.001558;0.100000;0.011798;-0.001558;0.100000;0.100000;0.000000;-0.117983;-0.015583;
1.034586;0.011745;-0.001561;0.100000;0.011745;-0.001561;0.100000;0.100000;0.000000;-0.117448;-0.015608;
1.034643;0.011692;-0.001563;0.100000;0.011692;-0.001563;0.100000;0.100000;0.000000;-0.116916;-0.015632;
1.034661;0.011675;-0.001564;0.100000;0.011675;-0.001564;0.100000;0.100000;0.000000;-0.116748;-0.015640;
1.034661;0.011674;-0.001564;0.100000;0.011674;-0.001564;0.100000;0.100000;0.000000;-0.116744;-0.015640;
1.034662;0.011673;-0.001564;0.100000;0.011673;-0.001564;0.100000;0.100000;0.000000;-0.116735;-0.015641;
1.034663;0.011672;-0.001564;0.100000;0.011672;-0.001564;0.100000;0.100000;0.000000;-0.116722;-0.015641;
1.034664;0.011672;-0.001564;0.100000;0.011672;-0.001564;0.100000;0.100000;0.000000;-0.116718;-0.015641;
1.034665;0.011671;-0.001564;0.100000;0.011671;-0.001564;0.100000;0.100000;0.000000;-0.116709;-0.015642;
1.034667;0.011669;-0.001564;0.100000;0.011669;-0.001564;0.100000;0.100000;0.000000;-0.116690;-0.015643;
1.034671;0.011665;-0.001564;0.100000;0.011665;-0.001564;0.100000;0.100000;0.000000;-0.116654;-0.015644;
1.034678;0.011658;-0.001565;0.100000;0.011658;-0.001565;0.100000;0.100000;0.000000;-0.116581;-0.015648;
1.034694;0.011643;-0.001565;0.100000;0.011643;-0.001565;0.100000;0.100000;0.000000;-0.116435;-0.015654;
1.034725;0.011614;-0.001567;0.100000;0.011614;-0.001567;0.100000;0.100000;0.000000;-0.116143;-0.015668;
1.034787;0.011556;-0.001569;0.100000;0.011556;-0.001569;0.100000;0.100000;0.000000;-0.115562;-0.015694;
1.034849;0.011498;-0.001572;0.100000;0.011498;-0.001572;0.100000;0.100000;0.000000;-0.114983;-0.015721;
1.034911;0.011441;-0.001575;0.100000;0.011441;-0.001575;0.100000;0.100000;0.000000;-0.114406;-0.015747;
1.034973;0.011383;-0.001577;0.100000;0.011383;-0.001577;0.100000;0.100000;0.000000;-0.113831;-0.015773;
1.035035;0.011326;-0.001580;0.100000;0.011326;-0.001580;0.100000;0.100000;0.000000;-0.113258;-0.015799;
1.035097;0.011269;-0.001582;0.100000;0.011269;-0.001582;0.100000;0.100000;0.000000;-0.112687;-0.015824;
1.035160;0.011212;-0.001585;0.100000;0.011212;-0.001585;0.100000;0.100000;0.000000;-0.112118;-0.015850;
1.035222;0.011155;-0.001588;0.100000;0.011155;-0.001588;0.100000;0.100000;0.000000;-0.111551;-0.015875;
1.035284;0.011099;-0.001590;0.100000;0.011099;-0.001590;0.100000;0.100000;0.000000;-0.110985;-0.015900;
1.035346;0.011042;-0.001593;0.100000;0.011042;-0.001593;0.100000;0.100000;0.000000;-0.110422;-0.015926;
1.035408;0.010986;-0.001595;0.100000;0.010986;-0.001595;0.100000;0.100000;0.000000;-0.109861;-0.015950;
1.035470;0.010930;-0.001598;0.100000;0.010930;-0.001598;0.100000;0.100000;0.000000;-0.109302;-0.015975;
1.035532;0.010874;-0.001600;0.100000;0.010874;-0.001600;0.100000;0.100000;0.000000;-0.108745;-0.016000;
1.035594;0.010819;-0.001602;0.100000;0.010819;-0.001602;0.100000;0.100000;0.000000;-0.108189;-0.016024;
1.035656;0.010764;-0.001605;0.100000;0.010764;-0.001605;0.100000;0.100000;0.000000;-0.107636;-0.016049;
1.035718;0.010709;-0.001607;0.100000;0.010709;-0.001607;0.100000;0.100000;0.000000;-0.107085;-0.016073;
1.035780;0.010654;-0.001610;0.100000;0.010654;-0.001610;0.100000;0.100000;0.000000;-0.106536;-0.016097;
1.035842;0.010599;-0.001612;0.100000;0.010599;-0.001612;0.100000;0.100000;0.000000;-0.105989;-0.016121;
1.035904;0.010544;-0.001614;0.100000;0.010544;-0.001614;0.100000;0.100000;0.000000;-0.105444;-0.016144;
1.035966;0.010490;-0.001617;0.100000;0.010490;-0.001617;0.100000;0.100000;0.000000;-0.104901;-0.016168;
1.036029;0.010436;-0.001619;0.100000;0.010436;-0.001619;0.100000;0.100000;0.000000;-0.104360;-0.016191;
1.036091;0.010382;-0.001621;0.100000;0.010382;-0.001621;0.100000;0.100000;0.000000;-0.103821;-0.016215;
1.036153;0.010328;-0.001624;0.100000;0.010328;-0.001624;0.100000;0.100000;0.000000;-0.103284;-0.016238;
1.036215;0.010275;-0.001626;0.100000;0.010275;-0.001626;0.100000;0.100000;0.000000;-0.102749;-0.016261;
1.036277;0.010222;-0.001628;0.100000;0.010222;-0.001628;0.100000;0.100000;0.000000;-0.102217;-0.016284;
1.036339;0.010169;-0.001631;0.100000;0.010169;-0.001631;0.100000;0.100000;0.000000;-0.101686;-0.016306;
1.036401;0.010116;-0.001633;0.100000;0.010116;-0.001633;0.100000;0.100000;0.000000;-0.101157;-0.016329;
1.036463;0.010063;-0.001635;0.100000;0.010063;-0.001635;0.100000;0.100000;0.000000;-0.100631;-0.016351;
1.036525;0.010011;-0.001637;0.100000;0.010011;-0.001637;0.100000;0.100000;0.000000;-0.100106;-0.016374;
1.036587;0.009958;-0.001640;0.100000;0.009958;-0.001640;0.100000;0.100000;0.000000;-0.099584;-0.016396;
1.036649;0.009906;-0.001642;0.100000;0.009906;-0.001642;0.100000;0.100000;0.000000;-0.099063;-0.016418;
1.036711;0.009855;-0.001644;0.100000;0.009855;-0.001644;0.100000;0.100000;0.000000;-0.098545;-0.016440;
1.036773;0.009803;-0.001646;0.100000;0.009803;-0.001646;0.100000;0.100000;0.000000;-0.098029;-0.016461;
1.036835;0.009751;-0.001648;0.100000;0.009751;-0.001648;0.100000;0.100000;0.000000;-0.097515;-0.016483;
1.036898;0.009700;-0.001650;0.100000;0.009700;-0.001650;0.100000;0.100000;0.000000;-0.097002;-0.016504;
1.036960;0.009649;-0.001653;0.100000;0.009649;-0.001653;0.100000;0.100000;0.000000;-0.096492;-0.016526;
1.037022;0.009598;-0.001655;0.100000;0.009598;-0.001655;0.100000;0.100000;0.000000;-0.095984;-0.016547;
1.037084;0.009548;-0.001657;0.100000;0.009548;-0.001657;0.100000;0.100000;0.000000;-0.095478;-0.016568;
1.037146;0.009497;-0.001659;0.100000;0.009497;-0.001659;0.100000;0.100000;0.000000;-0.094975;-0.016589;
1.037208;0.009447;-0.001661;0.100000;0.009447;-0.001661;0.100000;0.100000;0.000000;-0.094473;-0.016610;
1.037270;0.009397;-0.001663;0.100000;0.009397;-0.001663;0.100000;0.100000;0.000000;-0.093973;-0.016630;
1.037332;0.009348;-0.001665;0.100000;0.009348;-0.001665;0.100000;0.100000;0.000000;-0.093475;-0.016651;
1.037394;0.009298;-0.001667;0.100000;0.009298;-0.001667;0.100000;0.100000;0.000000;-0.092980;-0.016671;
1.037456;0.009249;-0.001669;0.100000;0.009249;-0.001669;0.100000;0.100000;0.000000;-0.092486;-0.016692;
1.037518;0.009199;-0.001671;0.100000;0.009199;-0.001671;0.100000;0.100000;0.000000;-0.091995;-0.016712;
1.037580;0.009151;-0.001673;0.100000;0.009151;-0.001673;0.100000;0.100000;0.000000;-0.091505;-0.016732;
1.037642;0.009102;-0.001675;0.100000;0.009102;-0.001675;0.100000;0.100000;0.000000;-0.091018;-0.016752;
1.037704;0.009053;-0.001677;0.100000;0.009053;-0.001677;0.100000;0.100000;0.000000;-0.090533;-0.016772;
1.037767;0.009005;-0.001679;0.100000;0.009005;-0.001679;0.100000;0.100000;0.000000;-0.090049;-0.016791;
1.037829;0.008957;-0.001681;0.100000;0.008957;-0.001681;0.100000;0.100000;0.000000;-0.089568;-0.016811;
1.037891;0.008909;-0.001683;0.100000;0.008909;-0.001683;0.100000;0.100000;0.000000;-0.089089;-0.016831;
1.037953;0.008861;-0.001685;0.100000;0.008861;-0.001685;0.100000;0.100000;0.000000;-0.088612;-0.016850;
1.038015;0.008814;-0.001687;0.100000;0.008814;-0.001687;0.100000;0.100000;0.000000;-0.088137;-0.016869;
1.038077;0.008766;-0.001689;0.100000;0.008766;-0.001689;0.100000;0.100000;0.000000;-0.087664;-0.016888;
1.038139;0.008719;-0.001691;0.100000;0.008719;-0.001691;0.100000;0.100000;0.000000;-0.087193;-0.016907;
1.038201;0.008672;-0.001693;0.100000;0.008672;-0.001693;0.100000;0.100000;0.000000;-0.086724;-0.016926;
1.038263;0.008626;-0.001694;0.100000;0.008626;-0.001694;0.100000;0.100000;0.000000;-0.086258;-0.016945;
1.038325;0.008579;-0.001696;0.100000;0.008579;-0.001696;0.100000;0.100000;0.000000;-0.085793;-0.016963;
1.038387;0.008533;-0.001698;0.100000;0.008533;-0.001698;0.100000;0.100000;0.000000;-0.085330;-0.016982;
1.038449;0.008487;-0.001700;0.100000;0.008487;-0.001700;0.100000;0.100000;0.000000;-0.084870;-0.017000;
1.038511;0.008441;-0.001702;0.100000;0.008441;-0.001702;0.100000;0.100000;0.000000;-0.084411;-0.017018;
1.038573;0.008395;-0.001704;0.100000;0.008395;-0.001704;0.100000;0.100000;0.000000;-0.083954;-0.017037;
1.038636;0.008350;-0.001705;0.100000;0.008350;-0.001705;0.100000;0.100000;0.000000;-0.083500;-0.017055;
1.038698;0.008305;-0.001707;0.100000;0.008305;-0.001707;0.100000;0.100000;0.000000;-0.083047;-0.017073;
1.038760;0.008260;-0.001709;0.100000;0.008260;-0.001709;0.100000;0.100000;0.000000;-0.082597;-0.017090;
1.038822;0.008215;-0.001711;0.100000;0.008215;-0.001711;0.100000;0.100000;0.000000;-0.082148;-0.017108;
1.038884;0.008170;-0.001713;0.100000;0.008170;-0.001713;0.100000;0.100000;0.000000;-0.081702;-0.017126;
1.038946;0.008126;-0.001714;0.100000;0.008126;-0.001714;0.100000;0.100000;0.000000;-0.081257;-0.017143;
1.039008;0.008081;-0.001716;0.100000;0.008081;-0.001716;0.100000;0.100000;0.000000;-0.080815;-0.017161;
1.039070;0.008037;-0.001718;0.100000;0.008037;-0.001718;0.100000;0.100000;0.000000;-0.080374;-0.017178;
1.039132;0.007994;-0.001720;0.100000;0.007994;-0.001720;0.100000;0.100000;0.000000;-0.079936;-0.017195;
1.039194;0.007950;-0.001721;0.100000;0.007950;-0.001721;0.100000;0.100000;0.000000;-0.079499;-0.017212;
1.039256;0.007907;-0.001723;0.100000;0.007907;-0.001723;0.100000;0.100000;0.000000;-0.079065;-0.017229;
1.039318;0.007863;-0.001725;0.100000;0.007863;-0.001725;0.100000;0.100000;0.000000;-0.078633;-0.017246;
1.039380;0.007820;-0.001726;0.100000;0.007820;-0.001726;0.100000;0.100000;0.000000;-0.078202;-0.017263;
1.039442;0.007777;-0.001728;0.100000;0.007777;-0.001728;0.100000;0.100000;0.000000;-0.077774;-0.017280;
1.039505;0.007735;-0.001730;0.100000;0.007735;-0.001730;0.100000;0.100000;0.000000;-0.077347;-0.017296;
1.039567;0.007692;-0.001731;0.100000;0.007692;-0.001731;0.100000;0.100000;0.000000;-0.076923;-0.017313;
1.039629;0.007650;-0.001733;0.100000;0.007650;-0.001733;0.100000;0.100000;0.000000;-0.076500;-0.017329;
1.039691;0.007608;-0.001735;0.100000;0.007608;-0.001735;0.100000;0.100000;0.000000;-0.076080;-0.017345;
1.039753;0.007566;-0.001736;0.100000;0.007566;-0.001736;0.100000;0.100000;0.000000;-0.075661;-0.017361;
1.039815;0.007524;-0.001738;0.100000;0.007524;-0.001738;0.100000;0.100000;0.000000;-0.075244;-0.017377;
1.039877;0.007483;-0.001739;0.100000;0.007483;-0.001739;0.100000;0.100000;0.000000;-0.074830;-0.017393;
1.039939;0.007442;-0.001741;0.100000;0.007442;-0.001741;0.100000;0.100000;0.000000;-0.074417;-0.017409;
1.040001;0.007401;-0.001742;0.100000;0.007401;-0.001742;0.100000;0.100000;0.000000;-0.074006;-0.017425;
1.040063;0.007360;-0.001744;0.100000;0.007360;-0.001744;0.100000;0.100000;0.000000;-0.073597;-0.017441;
1.040125;0.007319;-0.001746;0.100000;0.007319;-0.001746;0.100000;0.100000;0.000000;-0.073190;-0.017456;
1.040187;0.007279;-0.001747;0.100000;0.007279;-0.001747;0.100000;0.100000;0.000000;-0.072786;-0.017472;
1.040249;0.007238;-0.001749;0.100000;0.007238;-0.001749;0.100000;0.100000;0.000000;-0.072382;-0.017487;
1.040311;0.007198;-0.001750;0.100000;0.007198;-0.001750;0.100000;0.100000;0.000000;-0.071981;-0.017502;
1.040374;0.007158;-0.001752;0.100000;0.007158;-0.001752;0.100000;0.100000;0.000000;-0.071582;-0.017517;
1.040436;0.007118;-0.001753;0.100000;0.007118;-0.001753;0.100000;0.100000;0.000000;-0.071185;-0.017532;
1.040498;0.007079;-0.001755;0.100000;0.007079;-0.001755;0.100000;0.100000;0.000000;-0.070789;-0.017547;
1.040560;0.007040;-0.001756;0.100000;0.007040;-0.001756;0.100000;0.100000;0.000000;-0.070396;-0.017562;
1.040622;0.007000;-0.001758;0.100000;0.007000;-0.001758;0.100000;0.100000;0.000000;-0.070004;-0.017577;
1.040684;0.006961;-0.001759;0.100000;0.006961;-0.001759;0.100000;0.100000;0.000000;-0.069615;-0.017592;
1.040746;0.006923;-0.001761;0.100000;0.006923;-0.001761;0.100000;0.100000;0.000000;-0.069227;-0.017607;
1.040808;0.006884;-0.001762;0.100000;0.006884;-0.001762;0.100000;0.100000;0.000000;-0.068841;-0.017621;
1.040870;0.006846;-0.001764;0.100000;0.006846;-0.001764;0.100000;0.100000;0.000000;-0.068457;-0.017635;
1.040932;0.006807;-0.001765;0.100000;0.006807;-0.001765;0.100000;0.100000;0.000000;-0.068075;-0.017650;
1.040994;0.006769;-0.001766;0.100000;0.006769;-0.001766;0.100000;0.100000;0.000000;-0.067695;-0.017664;
1.041056;0.006732;-0.001768;0.100000;0.006732;-0.001768;0.100000;0.100000;0.000000;-0.067316;-0.017678;
1.041118;0.006694;-0.001769;0.100000;0.006694;-0.001769;0.100000;0.100000;0.000000;-0.066939;-0.017692;
1.041180;0.006656;-0.001771;0.100000;0.006656;-0.001771;0.100000;0.100000;0.000000;-0.066565;-0.017706;
1.041243;0.006619;-0.001772;0.100000;0.006619;-0.001772;0.100000;0.100000;0.000000;-0.066192;-0.017720;
1.041305;0.006582;-0.001773;0.100000;0.006582;-0.001773;0.100000;0.100000;0.000000;-0.065821;-0.017734;
1.041367;0.006545;-0.001775;0.100000;0.006545;-0.001775;0.100000;0.100000;0.000000;-0.065452;-0.017748;
1.041429;0.006508;-0.001776;0.100000;0.006508;-0.001776;0.100000;0.100000;0.000000;-0.065084;-0.017762;
1.041491;0.006472;-0.001778;0.100000;0.006472;-0.001778;0.100000;0.100000;0.000000;-0.064719;-0.017775;
1.041553;0.006435;-0.001779;0.100000;0.006435;-0.001779;0.100000;0.100000;0.000000;-0.064355;-0.017789;
1.041615;0.006399;-0.001780;0.100000;0.006399;-0.001780;0.100000;0.100000;0.000000;-0.063993;-0.017802;
1.041677;0.006363;-0.001782;0.100000;0.006363;-0.001782;0.100000;0.100000;0.000000;-0.063633;-0.017815;
1.041739;0.006327;-0.001783;0.100000;0.006327;-0.001783;0.100000;0.100000;0.000000;-0.063274;-0.017829;
1.041801;0.006292;-0.001784;0.100000;0.006292;-0.001784;0.100000;0.100000;0.000000;-0.062918;-0.017842;
1.041863;0.006256;-0.001785;0.100000;0.006256;-0.001785;0.100000;0.100000;0.000000;-0.062563;-0.017855;
1.041925;0.006221;-0.001787;0.100000;0.006221;-0.001787;0.100000;0.100000;0.000000;-0.062210;-0.017868;
1.041987;0.006186;-0.001788;0.100000;0.006186;-0.001788;0.100000;0.100000;0.000000;-0.061859;-0.017881;
1.042049;0.006151;-0.001789;0.100000;0.006151;-0.001789;0.100000;0.100000;0.000000;-0.061509;-0.017894;
1.042112;0.006116;-0.001791;0.100000;0.006116;-0.001791;0.100000;0.100000;0.000000;-0.061162;-0.017906;
1.042174;0.006082;-0.001792;0.100000;0.006082;-0.001792;0.100000;0.100000;0.000000;-0.060816;-0.017919;
1.042236;0.006047;-0.001793;0.100000;0.006047;-0.001793;0.100000;0.100000;0.000000;-0.060471;-0.017932;
1.042298;0.006013;-0.001794;0.100000;0.006013;-0.001794;0.100000;0.100000;0.000000;-0.060129;-0.017944;
1.042360;0.005979;-0.001796;0.100000;0.005979;-0.001796;0.100000;0.100000;0.000000;-0.059788;-0.017957;
1.042422;0.005945;-0.001797;0.100000;0.005945;-0.001797;0.100000;0.100000;0.000000;-0.059449;-0.017969;
1.042484;0.005911;-0.001798;0.100000;0.005911;-0.001798;0.100000;0.100000;0.000000;-0.059112;-0.017981;
1.042546;0.005878;-0.001799;0.100000;0.005878;-0.001799;0.100000;0.100000;0.000000;-0.058777;-0.017994;
1.042608;0.005844;-0.001801;0.100000;0.005844;-0.001801;0.100000;0.100000;0.000000;-0.058443;-0.018006;
1.042670;0.005811;-0.001802;0.100000;0.005811;-0.001802;0.100000;0.100000;0.000000;-0.058111;-0.018018;
1.042732;0.005778;-0.001803;0.100000;0.005778;-0.001803;0.100000;0.100000;0.000000;-0.057780;-0.018030;
1.042794;0.005745;-0.001804;0.100000;0.005745;-0.001804;0.100000;0.100000;0.000000;-0.057451;-0.018042;
1.042856;0.005712;-0.001805;0.100000;0.005712;-0.001805;0.100000;0.100000;0.000000;-0.057124;-0.018053;
1.042918;0.005680;-0.001807;0.100000;0.005680;-0.001807;0.100000;0.100000;0.000000;-0.056799;-0.018065;
1.042981;0.005648;-0.001808;0.100000;0.005648;-0.001808;0.100000;0.100000;0.000000;-0.056475;-0.018077;
1.043043;0.005615;-0.001809;0.100000;0.005615;-0.001809;0.100000;0.100000;0.000000;-0.056153;-0.018089;
1.043105;0.005583;-0.001810;0.100000;0.005583;-0.001810;0.100000;0.100000;0.000000;-0.055833;-0.018100;
1.043167;0.005551;-0.001811;0.100000;0.005551;-0.001811;0.100000;0.100000;0.000000;-0.055514;-0.018112;
1.043229;0.005520;-0.001812;0.100000;0.005520;-0.001812;0.100000;0.100000;0.000000;-0.055197;-0.018123;
1.043291;0.005488;-0.001813;0.100000;0.005488;-0.001813;0.100000;0.100000;0.000000;-0.054882;-0.018134;
1.043353;0.005457;-0.001815;0.100000;0.005457;-0.001815;0.100000;0.100000;0.000000;-0.054568;-0.018146;
1.043415;0.005426;-0.001816;0.100000;0.005426;-0.001816;0.100000;0.100000;0.000000;-0.054256;-0.018157;
1.043477;0.005395;-0.001817;0.100000;0.005395;-0.001817;0.100000;0.100000;0.000000;-0.053946;-0.018168;
1.043539;0.005364;-0.001818;0.100000;0.005364;-0.001818;0.100000;0.100000;0.000000;-0.053637;-0.018179;
1.043601;0.005333;-0.001819;0.100000;0.005333;-0.001819;0.100000;0.100000;0.000000;-0.053329;-0.018190;
1.043663;0.005302;-0.001820;0.100000;0.005302;-0.001820;0.100000;0.100000;0.000000;-0.053024;-0.018201;
1.043725;0.005272;-0.001821;0.100000;0.005272;-0.001821;0.100000;0.100000;0.000000;-0.052720;-0.018212;
1.043787;0.005242;-0.001822;0.100000;0.005242;-0.001822;0.100000;0.100000;0.000000;-0.052417;-0.018223;
1.043850;0.005212;-0.001823;0.100000;0.005212;-0.001823;0.100000;0.100000;0.000000;-0.052116;-0.018233;
1.043912;0.005182;-0.001824;0.100000;0.005182;-0.001824;0.100000;0.100000;0.000000;-0.051817;-0.018244;
1.043974;0.005152;-0.001825;0.100000;0.005152;-0.001825;0.100000;0.100000;0.000000;-0.051519;-0.018255;
1.044036;0.005122;-0.001827;0.100000;0.005122;-0.001827;0.100000;0.100000;0.000000;-0.051223;-0.018265;
1.044098;0.005093;-0.001828;0.100000;0.005093;-0.001828;0.100000;0.100000;0.000000;-0.050929;-0.018276;
1.044160;0.005064;-0.001829;0.100000;0.005064;-0.001829;0.100000;0.100000;0.000000;-0.050636;-0.018286;
1.044222;0.005034;-0.001830;0.100000;0.005034;-0.001830;0.100000;0.100000;0.000000;-0.050344;-0.018296;
1.044284;0.005005;-0.001831;0.100000;0.005005;-0.001831;0.100000;0.100000;0.000000;-0.050054;-0.018307;
1.044346;0.004977;-0.001832;0.100000;0.004977;-0.001832;0.100000;0.100000;0.000000;-0.049766;-0.018317;
1.044408;0.004948;-0.001833;0.100000;0.004948;-0.001833;0.100000;0.100000;0.000000;-0.049479;-0.018327;
1.044470;0.004919;-0.001834;0.100000;0.004919;-0.001834;0.100000;0.100000;0.000000;-0.049193;-0.018337;
1.044532;0.004891;-0.001835;0.100000;0.004891;-0.001835;0.100000;0.100000;0.000000;-0.048910;-0.018347;
1.044594;0.004863;-0.001836;0.100000;0.004863;-0.001836;0.100000;0.100000;0.000000;-0.048627;-0.018357;
1.044656;0.004835;-0.001837;0.100000;0.004835;-0.001837;0.100000;0.100000;0.000000;-0.048346;-0.018367;
1.044719;0.004807;-0.001838;0.100000;0.004807;-0.001838;0.100000;0.100000;0.000000;-0.048067;-0.018377;
1.044781;0.004779;-0.001839;0.100000;0.004779;-0.001839;0.100000;0.100000;0.000000;-0.047789;-0.018387;
1.044843;0.004751;-0.001840;0.100000;0.004751;-0.001840;0.100000;0.100000;0.000000;-0.047513;-0.018396;
1.044905;0.004724;-0.001841;0.100000;0.004724;-0.001841;0.100000;0.100000;0.000000;-0.047238;-0.018406;
1.044967;0.004696;-0.001842;0.100000;0.004696;-0.001842;0.100000;0.100000;0.000000;-0.046965;-0.018416;
1.045029;0.004669;-0.001843;0.100000;0.004669;-0.001843;0.100000;0.100000;0.000000;-0.046693;-0.018425;
1.045091;0.004642;-0.001843;0.100000;0.004642;-0.001843;0.100000;0.100000;0.000000;-0.046422;-0.018435;
1.045153;0.004615;-0.001844;0.100000;0.004615;-0.001844;0.100000;0.100000;0.000000;-0.046153;-0.018444;
1.045215;0.004589;-0.001845;0.100000;0.004589;-0.001845;0.100000;0.100000;0.000000;-0.045886;-0.018453;
1.045277;0.004562;-0.001846;0.100000;0.004562;-0.001846;0.100000;0.100000;0.000000;-0.045619;-0.018463;
1.045339;0.004535;-0.001847;0.100000;0.004535;-0.001847;0.100000;0.100000;0.000000;-0.045355;-0.018472;
1.045401;0.004509;-0.001848;0.100000;0.004509;-0.001848;0.100000;0.100000;0.000000;-0.045091;-0.018481;
1.045463;0.004483;-0.001849;0.100000;0.004483;-0.001849;0.100000;0.100000;0.000000;-0.044830;-0.018490;
1.045525;0.004457;-0.001850;0.100000;0.004457;-0.001850;0.100000;0.100000;0.000000;-0.044569;-0.018499;
1.045588;0.004431;-0.001851;0.100000;0.004431;-0.001851;0.100000;0.100000;0.000000;-0.044310;-0.018508;
1.045650;0.004405;-0.001852;0.100000;0.004405;-0.001852;0.100000;0.100000;0.000000;-0.044052;-0.018517;
1.045712;0.004380;-0.001853;0.100000;0.004380;-0.001853;0.100000;0.100000;0.000000;-0.043796;-0.018526;
1.045774;0.004354;-0.001854;0.100000;0.004354;-0.001854;0.100000;0.100000;0.000000;-0.043541;-0.018535;
1.045836;0.004329;-0.001854;0.100000;0.004329;-0.001854;0.100000;0.100000;0.000000;-0.043288;-0.018544;
1.045898;0.004304;-0.001855;0.100000;0.004304;-0.001855;0.100000;0.100000;0.000000;-0.043036;-0.018553;
1.045960;0.004279;-0.001856;0.100000;0.004279;-0.001856;0.100000;0.100000;0.000000;-0.042785;-0.018561;
1.046022;0.004254;-0.001857;0.100000;0.004254;-0.001857;0.100000;0.100000;0.000000;-0.042536;-0.018570;
1.046084;0.004229;-0.001858;0.100000;0.004229;-0.001858;0.100000;0.100000;0.000000;-0.042288;-0.018579;
1.046146;0.004204;-0.001859;0.100000;0.004204;-0.001859;0.100000;0.100000;0.000000;-0.042041;-0.018587;
1.046208;0.004180;-0.001860;0.100000;0.004180;-0.001860;0.100000;0.100000;0.000000;-0.041796;-0.018596;
1.046270;0.004155;-0.001860;0.100000;0.004155;-0.001860;0.100000;0.100000;0.000000;-0.041552;-0.018604;
1.046332;0.004131;-0.001861;0.100000;0.004131;-0.001861;0.100000;0.100000;0.000000;-0.041309;-0.018612;
1.046394;0.004107;-0.001862;0.100000;0.004107;-0.001862;0.100000;0.100000;0.000000;-0.041068;-0.018621;
1.046457;0.004083;-0.001863;0.100000;0.004083;-0.001863;0.100000;0.100000;0.000000;-0.040828;-0.018629;
1.046519;0.004059;-0.001864;0.100000;0.004059;-0.001864;0.100000;0.100000;0.000000;-0.040589;-0.018637;
1.046581;0.004035;-0.001865;0.100000;0.004035;-0.001865;0.100000;0.100000;0.000000;-0.040352;-0.018645;
1.046643;0.004012;-0.001865;0.100000;0.004012;-0.001865;0.100000;0.100000;0.000000;-0.040116;-0.018653;
1.046705;0.003988;-0.001866;0.100000;0.003988;-0.001866;0.100000;0.100000;0.000000;-0.039881;-0.018662;
1.046767;0.003965;-0.001867;0.100000;0.003965;-0.001867;0.100000;0.100000;0.000000;-0.039648;-0.018670;
1.046829;0.003942;-0.001868;0.100000;0.003942;-0.001868;0.100000;0.100000;0.000000;-0.039416;-0.018678;
1.046891;0.003918;-0.001869;0.100000;0.003918;-0.001869;0.100000;0.100000;0.000000;-0.039185;-0.018685;
1.046953;0.003896;-0.001869;0.100000;0.003896;-0.001869;0.100000;0.100000;0.000000;-0.038955;-0.018693;
1.047015;0.003873;-0.001870;0.100000;0.003873;-0.001870;0.100000;0.100000;0.000000;-0.038727;-0.018701;
1.047077;0.003850;-0.001871;0.100000;0.003850;-0.001871;0.100000;0.100000;0.000000;-0.038500;-0.018709;
1.047139;0.003827;-0.001872;0.100000;0.003827;-0.001872;0.100000;0.100000;0.000000;-0.038274;-0.018717;
1.047201;0.003805;-0.001872;0.100000;0.003805;-0.001872;0.100000;0.100000;0.000000;-0.038050;-0.018724;
1.047263;0.003783;-0.001873;0.100000;0.003783;-0.001873;0.100000;0.100000;0.000000;-0.037826;-0.018732;
1.047326;0.003760;-0.001874;0.100000;0.003760;-0.001874;0.100000;0.100000;0.000000;-0.037604;-0.018740;
1.047388;0.003738;-0.001875;0.100000;0.003738;-0.001875;0.100000;0.100000;0.000000;-0.037383;-0.018747;
1.047450;0.003716;-0.001875;0.100000;0.003716;-0.001875;0.100000;0.100000;0.000000;-0.037164;-0.018755;
1.047512;0.003695;-0.001876;0.100000;0.003695;-0.001876;0.100000;0.100000;0.000000;-0.036945;-0.018762;
1.047574;0.003673;-0.001877;0.100000;0.003673;-0.001877;0.100000;0.100000;0.000000;-0.036728;-0.018769;
1.047636;0.003651;-0.001878;0.100000;0.003651;-0.001878;0.100000;0.100000;0.000000;-0.036512;-0.018777;
1.047698;0.003630;-0.001878;0.100000;0.003630;-0.001878;0.100000;0.100000;0.000000;-0.036297;-0.018784;
1.047760;0.003608;-0.001879;0.100000;0.003608;-0.001879;0.100000;0.100000;0.000000;-0.036084;-0.018791;
1.047822;0.003587;-0.001880;0.100000;0.003587;-0.001880;0.100000;0.100000;0.000000;-0.035871;-0.018799;
1.047884;0.003566;-0.001881;0.100000;0.003566;-0.001881;0.100000;0.100000;0.000000;-0.035660;-0.018806;
1.047946;0.003545;-0.001881;0.100000;0.003545;-0.001881;0.100000;0.100000;0.000000;-0.035450;-0.018813;
1.048008;0.003524;-0.001882;0.100000;0.003524;-0.001882;0.100000;0.100000;0.000000;-0.035241;-0.018820;
1.048070;0.003503;-0.001883;0.100000;0.003503;-0.001883;0.100000;0.100000;0.000000;-0.035034;-0.018827;
1.048132;0.003483;-0.001883;0.100000;0.003483;-0.001883;0.100000;0.100000;0.000000;-0.034827;-0.018834;
1.048195;0.003462;-0.001884;0.100000;0.003462;-0.001884;0.100000;0.100000;0.000000;-0.034622;-0.018841;
1.048257;0.003442;-0.001885;0.100000;0.003442;-0.001885;0.100000;0.100000;0.000000;-0.034417;-0.018848;
1.048319;0.003421;-0.001885;0.100000;0.003421;-0.001885;0.100000;0.100000;0.000000;-0.034214;-0.018855;
1.048381;0.003401;-0.001886;0.100000;0.003401;-0.001886;0.100000;0.100000;0.000000;-0.034012;-0.018862;
1.048443;0.003381;-0.001887;0.100000;0.003381;-0.001887;0.100000;0.100000;0.000000;-0.033812;-0.018868;
1.048505;0.003361;-0.001888;0.100000;0.003361;-0.001888;0.100000;0.100000;0.000000;-0.033612;-0.018875;
1.048567;0.003341;-0.001888;0.100000;0.003341;-0.001888;0.100000;0.100000;0.000000;-0.033413;-0.018882;
1.048629;0.003322;-0.001889;0.100000;0.003322;-0.001889;0.100000;0.100000;0.000000;-0.033216;-0.018888;
1.048691;0.003302;-0.001890;0.100000;0.003302;-0.001890;0.100000;0.100000;0.000000;-0.033020;-0.018895;
1.048753;0.003282;-0.001890;0.100000;0.003282;-0.001890;0.100000;0.100000;0.000000;-0.032824;-0.018902;
1.048815;0.003263;-0.001891;0.100000;0.003263;-0.001891;0.100000;0.100000;0.000000;-0.032630;-0.018908;
1.048877;0.003244;-0.001891;0.100000;0.003244;-0.001891;0.100000;0.100000;0.000000;-0.032437;-0.018915;
1.048939;0.003225;-0.001892;0.100000;0.003225;-0.001892;0.100000;0.100000;0.000000;-0.032245;-0.018921;
1.049001;0.003205;-0.001893;0.100000;0.003205;-0.001893;0.100000;0.100000;0.000000;-0.032055;-0.018928;
1.049064;0.003186;-0.001893;0.100000;0.003186;-0.001893;0.100000;0.100000;0.000000;-0.031865;-0.018934;
1.049126;0.003168;-0.001894;0.100000;0.003168;-0.001894;0.100000;0.100000;0.000000;-0.031676;-0.018940;
1.049188;0.003149;-0.001895;0.100000;0.003149;-0.001895;0.100000;0.100000;0.000000;-0.031488;-0.018947;
1.049250;0.003130;-0.001895;0.100000;0.003130;-0.001895;0.100000;0.100000;0.000000;-0.031302;-0.018953;
1.049312;0.003112;-0.001896;0.100000;0.003112;-0.001896;0.100000;0.100000;0.000000;-0.031116;-0.018959;
1.049374;0.003093;-0.001897;0.100000;0.003093;-0.001897;0.100000;0.100000;0.000000;-0.030932;-0.018965;
1.049436;0.003075;-0.001897;0.100000;0.003075;-0.001897;0.100000;0.100000;0.000000;-0.030749;-0.018971;
1.049560;0.003039;-0.001898;0.100000;0.003039;-0.001898;0.100000;0.100000;0.000000;-0.030386;-0.018983;
1.049668;0.003007;-0.001899;0.100000;0.003007;-0.001899;0.100000;0.100000;0.000000;-0.030074;-0.018994;
1.049776;0.002976;-0.001900;0.100000;0.002976;-0.001900;0.100000;0.100000;0.000000;-0.029765;-0.019004;
1.049884;0.002946;-0.001901;0.100000;0.002946;-0.001901;0.100000;0.100000;0.000000;-0.029459;-0.019014;
1.049992;0.002916;-0.001902;0.100000;0.002916;-0.001902;0.100000;0.100000;0.000000;-0.029156;-0.019025;
1.050100;0.002886;-0.001903;0.100000;0.002886;-0.001903;0.100000;0.100000;0.000000;-0.028856;-0.019035;
1.050208;0.002856;-0.001904;0.100000;0.002856;-0.001904;0.100000;0.100000;0.000000;-0.028559;-0.019044;
1.050316;0.002827;-0.001905;0.100000;0.002827;-0.001905;0.100000;0.100000;0.000000;-0.028265;-0.019054;
1.050424;0.002797;-0.001906;0.100000;0.002797;-0.001906;0.100000;0.100000;0.000000;-0.027974;-0.019064;
1.050531;0.002769;-0.001907;0.100000;0.002769;-0.001907;0.100000;0.100000;0.000000;-0.027686;-0.019073;
1.050639;0.002740;-0.001908;0.100000;0.002740;-0.001908;0.100000;0.100000;0.000000;-0.027400;-0.019083;
1.050747;0.002712;-0.001909;0.100000;0.002712;-0.001909;0.100000;0.100000;0.000000;-0.027118;-0.019092;
1.050855;0.002684;-0.001910;0.100000;0.002684;-0.001910;0.100000;0.100000;0.000000;-0.026838;-0.019102;
1.050963;0.002656;-0.001911;0.100000;0.002656;-0.001911;0.100000;0.100000;0.000000;-0.026561;-0.019111;
1.051071;0.002629;-0.001912;0.100000;0.002629;-0.001912;0.100000;0.100000;0.000000;-0.026287;-0.019120;
1.051179;0.002602;-0.001913;0.100000;0.002602;-0.001913;0.100000;0.100000;0.000000;-0.026016;-0.019129;
1.051287;0.002575;-0.001914;0.100000;0.002575;-0.001914;0.100000;0.100000;0.000000;-0.025747;-0.019138;
1.051395;0.002548;-0.001915;0.100000;0.002548;-0.001915;0.100000;0.100000;0.000000;-0.025481;-0.019146;
1.051503;0.002522;-0.001916;0.100000;0.002522;-0.001916;0.100000;0.100000;0.000000;-0.025217;-0.019155;
1.051611;0.002496;-0.001916;0.100000;0.002496;-0.001916;0.100000;0.100000;0.000000;-0.024957;-0.019164;
1.051719;0.002470;-0.001917;0.100000;0.002470;-0.001917;0.100000;0.100000;0.000000;-0.024698;-0.019172;
1.051827;0.002444;-0.001918;0.100000;0.002444;-0.001918;0.100000;0.100000;0.000000;-0.024443;-0.019181;
1.051935;0.002419;-0.001919;0.100000;0.002419;-0.001919;0.100000;0.100000;0.000000;-0.024190;-0.019189;
1.052043;0.002394;-0.001920;0.100000;0.002394;-0.001920;0.100000;0.100000;0.000000;-0.023939;-0.019197;
1.052151;0.002369;-0.001921;0.100000;0.002369;-0.001921;0.100000;0.100000;0.000000;-0.023691;-0.019205;
1.052258;0.002345;-0.001921;0.100000;0.002345;-0.001921;0.100000;0.100000;0.000000;-0.023446;-0.019213;
1.052366;0.002320;-0.001922;0.100000;0.002320;-0.001922;0.100000;0.100000;0.000000;-0.023203;-0.019221;
1.052474;0.002296;-0.001923;0.100000;0.002296;-0.001923;0.100000;0.100000;0.000000;-0.022962;-0.019229;
1.052582;0.002272;-0.001924;0.100000;0.002272;-0.001924;0.100000;0.100000;0.000000;-0.022724;-0.019237;
1.052690;0.002249;-0.001924;0.100000;0.002249;-0.001924;0.100000;0.100000;0.000000;-0.022488;-0.019245;
1.052798;0.002226;-0.001925;0.100000;0.002226;-0.001925;0.100000;0.100000;0.000000;-0.022255;-0.019252;
1.052906;0.002202;-0.001926;0.100000;0.002202;-0.001926;0.100000;0.100000;0.000000;-0.022024;-0.019260;
1.053014;0.002180;-0.001927;0.100000;0.002180;-0.001927;0.100000;0.100000;0.000000;-0.021795;-0.019267;
1.053122;0.002157;-0.001927;0.100000;0.002157;-0.001927;0.100000;0.100000;0.000000;-0.021569;-0.019275;
1.053230;0.002134;-0.001928;0.100000;0.002134;-0.001928;0.100000;0.100000;0.000000;-0.021345;-0.019282;
1.053338;0.002112;-0.001929;0.100000;0.002112;-0.001929;0.100000;0.100000;0.000000;-0.021123;-0.019289;
1.053446;0.002090;-0.001930;0.100000;0.002090;-0.001930;0.100000;0.100000;0.000000;-0.020903;-0.019297;
1.053554;0.002069;-0.001930;0.100000;0.002069;-0.001930;0.100000;0.100000;0.000000;-0.020686;-0.019304;
1.053662;0.002047;-0.001931;0.100000;0.002047;-0.001931;0.100000;0.100000;0.000000;-0.020471;-0.019311;
1.053770;0.002026;-0.001932;0.100000;0.002026;-0.001932;0.100000;0.100000;0.000000;-0.020258;-0.019318;
1.053877;0.002005;-0.001932;0.100000;0.002005;-0.001932;0.100000;0.100000;0.000000;-0.020047;-0.019325;
1.053985;0.001984;-0.001933;0.100000;0.001984;-0.001933;0.100000;0.100000;0.000000;-0.019838;-0.019331;
1.054093;0.001963;-0.001934;0.100000;0.001963;-0.001934;0.100000;0.100000;0.000000;-0.019632;-0.019338;
1.054201;0.001943;-0.001934;0.100000;0.001943;-0.001934;0.100000;0.100000;0.000000;-0.019427;-0.019345;
1.054309;0.001922;-0.001935;0.100000;0.001922;-0.001935;0.100000;0.100000;0.000000;-0.019225;-0.019351;
1.054417;0.001902;-0.001936;0.100000;0.001902;-0.001936;0.100000;0.100000;0.000000;-0.019024;-0.019358;
1.054525;0.001883;-0.001936;0.100000;0.001883;-0.001936;0.100000;0.100000;0.000000;-0.018826;-0.019364;
1.054633;0.001863;-0.001937;0.100000;0.001863;-0.001937;0.100000;0.100000;0.000000;-0.018630;-0.019371;
1.054741;0.001844;-0.001938;0.100000;0.001844;-0.001938;0.100000;0.100000;0.000000;-0.018435;-0.019377;
1.054849;0.001824;-0.001938;0.100000;0.001824;-0.001938;0.100000;0.100000;0.000000;-0.018243;-0.019383;
1.054957;0.001805;-0.001939;0.100000;0.001805;-0.001939;0.100000;0.100000;0.000000;-0.018053;-0.019389;
1.055065;0.001786;-0.001940;0.100000;0.001786;-0.001940;0.100000;0.100000;0.000000;-0.017864;-0.019395;
1.055173;0.001768;-0.001940;0.100000;0.001768;-0.001940;0.100000;0.100000;0.000000;-0.017678;-0.019401;
1.055281;0.001749;-0.001941;0.100000;0.001749;-0.001941;0.100000;0.100000;0.000000;-0.017493;-0.019407;
1.055389;0.001731;-0.001941;0.100000;0.001731;-0.001941;0.100000;0.100000;0.000000;-0.017310;-0.019413;
1.055496;0.001713;-0.001942;0.100000;0.001713;-0.001942;0.100000;0.100000;0.000000;-0.017130;-0.019419;
1.055604;0.001695;-0.001942;0.100000;0.001695;-0.001942;0.100000;0.100000;0.000000;-0.016951;-0.019425;
1.055712;0.001677;-0.001943;0.100000;0.001677;-0.001943;0.100000;0.100000;0.000000;-0.016773;-0.019431;
1.055820;0.001660;-0.001944;0.100000;0.001660;-0.001944;0.100000;0.100000;0.000000;-0.016598;-0.019436;
1.055928;0.001642;-0.001944;0.100000;0.001642;-0.001944;0.100000;0.100000;0.000000;-0.016424;-0.019442;
1.056036;0.001625;-0.001945;0.100000;0.001625;-0.001945;0.100000;0.100000;0.000000;-0.016253;-0.019447;
1.056144;0.001608;-0.001945;0.100000;0.001608;-0.001945;0.100000;0.100000;0.000000;-0.016083;-0.019453;
1.056252;0.001591;-0.001946;0.100000;0.001591;-0.001946;0.100000;0.100000;0.000000;-0.015914;-0.019458;
1.056360;0.001575;-0.001946;0.100000;0.001575;-0.001946;0.100000;0.100000;0.000000;-0.015748;-0.019464;
1.056468;0.001558;-0.001947;0.100000;0.001558;-0.001947;0.100000;0.100000;0.000000;-0.015583;-0.019469;
1.056576;0.001542;-0.001947;0.100000;0.001542;-0.001947;0.100000;0.100000;0.000000;-0.015420;-0.019474;
1.056684;0.001526;-0.001948;0.100000;0.001526;-0.001948;0.100000;0.100000;0.000000;-0.015258;-0.019479;
1.056792;0.001510;-0.001948;0.100000;0.001510;-0.001948;0.100000;0.100000;0.000000;-0.015098;-0.019484;
1.056900;0.001494;-0.001949;0.100000;0.001494;-0.001949;0.100000;0.100000;0.000000;-0.014940;-0.019490;
1.057008;0.001478;-0.001949;0.100000;0.001478;-0.001949;0.100000;0.100000;0.000000;-0.014784;-0.019495;
1.057115;0.001463;-0.001950;0.100000;0.001463;-0.001950;0.100000;0.100000;0.000000;-0.014629;-0.019500;
1.057223;0.001448;-0.001950;0.100000;0.001448;-0.001950;0.100000;0.100000;0.000000;-0.014475;-0.019504;
1.057331;0.001432;-0.001951;0.100000;0.001432;-0.001951;0.100000;0.100000;0.000000;-0.014324;-0.019509;
1.057439;0.001417;-0.001951;0.100000;0.001417;-0.001951;0.100000;0.100000;0.000000;-0.014173;-0.019514;
1.057547;0.001402;-0.001952;0.100000;0.001402;-0.001952;0.100000;0.100000;0.000000;-0.014025;-0.019519;
1.057655;0.001388;-0.001952;0.100000;0.001388;-0.001952;0.100000;0.100000;0.000000;-0.013878;-0.019524;
1.057763;0.001373;-0.001953;0.100000;0.001373;-0.001953;0.100000;0.100000;0.000000;-0.013732;-0.019528;
1.057871;0.001359;-0.001953;0.100000;0.001359;-0.001953;0.100000;0.100000;0.000000;-0.013588;-0.019533;
1.057979;0.001345;-0.001954;0.100000;0.001345;-0.001954;0.100000;0.100000;0.000000;-0.013445;-0.019537;
1.058087;0.001330;-0.001954;0.100000;0.001330;-0.001954;0.100000;0.100000;0.000000;-0.013304;-0.019542;
1.058195;0.001316;-0.001955;0.100000;0.001316;-0.001955;0.100000;0.100000;0.000000;-0.013164;-0.019546;
1.058303;0.001303;-0.001955;0.100000;0.001303;-0.001955;0.100000;0.100000;0.000000;-0.013026;-0.019551;
1.058411;0.001289;-0.001956;0.100000;0.001289;-0.001956;0.100000;0.100000;0.000000;-0.012889;-0.019555;
1.058519;0.001275;-0.001956;0.100000;0.001275;-0.001956;0.100000;0.100000;0.000000;-0.012754;-0.019560;
1.058627;0.001262;-0.001956;0.100000;0.001262;-0.001956;0.100000;0.100000;0.000000;-0.012620;-0.019564;
1.058734;0.001249;-0.001957;0.100000;0.001249;-0.001957;0.100000;0.100000;0.000000;-0.012487;-0.019568;
1.058842;0.001236;-0.001957;0.100000;0.001236;-0.001957;0.100000;0.100000;0.000000;-0.012356;-0.019572;
1.058950;0.001223;-0.001958;0.100000;0.001223;-0.001958;0.100000;0.100000;0.000000;-0.012226;-0.019576;
1.059058;0.001210;-0.001958;0.100000;0.001210;-0.001958;0.100000;0.100000;0.000000;-0.012098;-0.019581;
1.059166;0.001197;-0.001958;0.100000;0.001197;-0.001958;0.100000;0.100000;0.000000;-0.011970;-0.019585;
1.059274;0.001184;-0.001959;0.100000;0.001184;-0.001959;0.100000;0.100000;0.000000;-0.011844;-0.019589;
1.059382;0.001172;-0.001959;0.100000;0.001172;-0.001959;0.100000;0.100000;0.000000;-0.011720;-0.019593;
1.059490;0.001160;-0.001960;0.100000;0.001160;-0.001960;0.100000;0.100000;0.000000;-0.011596;-0.019596;
1.059598;0.001147;-0.001960;0.100000;0.001147;-0.001960;0.100000;0.100000;0.000000;-0.011474;-0.019600;
1.059706;0.001135;-0.001960;0.100000;0.001135;-0.001960;0.100000;0.100000;0.000000;-0.011354;-0.019604;
1.059814;0.001123;-0.001961;0.100000;0.001123;-0.001961;0.100000;0.100000;0.000000;-0.011234;-0.019608;
1.059922;0.001112;-0.001961;0.100000;0.001112;-0.001961;0.100000;0.100000;0.000000;-0.011116;-0.019612;
1.060030;0.001100;-0.001962;0.100000;0.001100;-0.001962;0.100000;0.100000;0.000000;-0.010999;-0.019615;
1.060138;0.001088;-0.001962;0.100000;0.001088;-0.001962;0.100000;0.100000;0.000000;-0.010883;-0.019619;
1.060246;0.001077;-0.001962;0.100000;0.001077;-0.001962;0.100000;0.100000;0.000000;-0.010768;-0.019623;
1.060353;0.001066;-0.001963;0.100000;0.001066;-0.001963;0.100000;0.100000;0.000000;-0.010655;-0.019626;
1.060461;0.001054;-0.001963;0.100000;0.001054;-0.001963;0.100000;0.100000;0.000000;-0.010543;-0.019630;
1.060569;0.001043;-0.001963;0.100000;0.001043;-0.001963;0.100000;0.100000;0.000000;-0.010432;-0.019633;
1.060677;0.001032;-0.001964;0.100000;0.001032;-0.001964;0.100000;0.100000;0.000000;-0.010322;-0.019637;
1.060785;0.001021;-0.001964;0.100000;0.001021;-0.001964;0.100000;0.100000;0.000000;-0.010213;-0.019640;
1.060893;0.001011;-0.001964;0.100000;0.001011;-0.001964;0.100000;0.100000;0.000000;-0.010105;-0.019644;
1.061001;0.001000;-0.001965;0.100000;0.001000;-0.001965;0.100000;0.100000;0.000000;-0.009999;-0.019647;
1.061109;0.000989;-0.001965;0.100000;0.000989;-0.001965;0.100000;0.100000;0.000000;-0.009893;-0.019651;
1.061217;0.000979;-0.001965;0.100000;0.000979;-0.001965;0.100000;0.100000;0.000000;-0.009789;-0.019654;
1.061325;0.000969;-0.001966;0.100000;0.000969;-0.001966;0.100000;0.100000;0.000000;-0.009686;-0.019657;
1.061433;0.000958;-0.001966;0.100000;0.000958;-0.001966;0.100000;0.100000;0.000000;-0.009584;-0.019660;
1.061541;0.000948;-0.001966;0.100000;0.000948;-0.001966;0.100000;0.100000;0.000000;-0.009483;-0.019664;
1.061649;0.000938;-0.001967;0.100000;0.000938;-0.001967;0.100000;0.100000;0.000000;-0.009383;-0.019667;
1.061757;0.000928;-0.001967;0.100000;0.000928;-0.001967;0.100000;0.100000;0.000000;-0.009284;-0.019670;
1.061865;0.000919;-0.001967;0.100000;0.000919;-0.001967;0.100000;0.100000;0.000000;-0.009186;-0.019673;
1.061972;0.000909;-0.001968;0.100000;0.000909;-0.001968;0.100000;0.100000;0.000000;-0.009089;-0.019676;
1.062080;0.000899;-0.001968;0.100000;0.000899;-0.001968;0.100000;0.100000;0.000000;-0.008993;-0.019679;
1.062188;0.000890;-0.001968;0.100000;0.000890;-0.001968;0.100000;0.100000;0.000000;-0.008898;-0.019682;
1.062296;0.000880;-0.001969;0.100000;0.000880;-0.001969;0.100000;0.100000;0.000000;-0.008804;-0.019685;
1.062404;0.000871;-0.001969;0.100000;0.000871;-0.001969;0.100000;0.100000;0.000000;-0.008711;-0.019688;
1.062512;0.000862;-0.001969;0.100000;0.000862;-0.001969;0.100000;0.100000;0.000000;-0.008619;-0.019691;
1.062620;0.000853;-0.001969;0.100000;0.000853;-0.001969;0.100000;0.100000;0.000000;-0.008528;-0.019694;
1.062728;0.000844;-0.001970;0.100000;0.000844;-0.001970;0.100000;0.100000;0.000000;-0.008438;-0.019697;
1.062836;0.000835;-0.001970;0.100000;0.000835;-0.001970;0.100000;0.100000;0.000000;-0.008349;-0.019699;
1.062944;0.000826;-0.001970;0.100000;0.000826;-0.001970;0.100000;0.100000;0.000000;-0.008260;-0.019702;
1.063052;0.000817;-0.001970;0.100000;0.000817;-0.001970;0.100000;0.100000;0.000000;-0.008173;-0.019705;
1.063160;0.000809;-0.001971;0.100000;0.000809;-0.001971;0.100000;0.100000;0.000000;-0.008087;-0.019708;
1.063268;0.000800;-0.001971;0.100000;0.000800;-0.001971;0.100000;0.100000;0.000000;-0.008001;-0.019710;
1.063376;0.000792;-0.001971;0.100000;0.000792;-0.001971;0.100000;0.100000;0.000000;-0.007917;-0.019713;
1.063484;0.000783;-0.001972;0.100000;0.000783;-0.001972;0.100000;0.100000;0.000000;-0.007833;-0.019716;
1.063591;0.000775;-0.001972;0.100000;0.000775;-0.001972;0.100000;0.100000;0.000000;-0.007750;-0.019718;
1.063699;0.000767;-0.001972;0.100000;0.000767;-0.001972;0.100000;0.100000;0.000000;-0.007668;-0.019721;
1.063807;0.000759;-0.001972;0.100000;0.000759;-0.001972;0.100000;0.100000;0.000000;-0.007587;-0.019723;
1.063915;0.000751;-0.001973;0.100000;0.000751;-0.001973;0.100000;0.100000;0.000000;-0.007507;-0.019726;
1.064023;0.000743;-0.001973;0.100000;0.000743;-0.001973;0.100000;0.100000;0.000000;-0.007428;-0.019728;
1.064131;0.000735;-0.001973;0.100000;0.000735;-0.001973;0.100000;0.100000;0.000000;-0.007349;-0.019731;
1.064239;0.000727;-0.001973;0.100000;0.000727;-0.001973;0.100000;0.100000;0.000000;-0.007271;-0.019733;
1.064347;0.000719;-0.001974;0.100000;0.000719;-0.001974;0.100000;0.100000;0.000000;-0.007194;-0.019736;
1.064455;0.000712;-0.001974;0.100000;0.000712;-0.001974;0.100000;0.100000;0.000000;-0.007118;-0.019738;
1.064563;0.000704;-0.001974;0.100000;0.000704;-0.001974;0.100000;0.100000;0.000000;-0.007043;-0.019741;
1.064671;0.000697;-0.001974;0.100000;0.000697;-0.001974;0.100000;0.100000;0.000000;-0.006968;-0.019743;
1.064779;0.000689;-0.001975;0.100000;0.000689;-0.001975;0.100000;0.100000;0.000000;-0.006895;-0.019745;
1.064887;0.000682;-0.001975;0.100000;0.000682;-0.001975;0.100000;0.100000;0.000000;-0.006822;-0.019748;
1.064995;0.000675;-0.001975;0.100000;0.000675;-0.001975;0.100000;0.100000;0.000000;-0.006750;-0.019750;
1.065103;0.000668;-0.001975;0.100000;0.000668;-0.001975;0.100000;0.100000;0.000000;-0.006678;-0.019752;
1.065211;0.000661;-0.001975;0.100000;0.000661;-0.001975;0.100000;0.100000;0.000000;-0.006607;-0.019754;
1.065318;0.000654;-0.001976;0.100000;0.000654;-0.001976;0.100000;0.100000;0.000000;-0.006537;-0.019756;
1.065426;0.000647;-0.001976;0.100000;0.000647;-0.001976;0.100000;0.100000;0.000000;-0.006468;-0.019759;
1.065534;0.000640;-0.001976;0.100000;0.000640;-0.001976;0.100000;0.100000;0.000000;-0.006400;-0.019761;
1.065642;0.000633;-0.001976;0.100000;0.000633;-0.001976;0.100000;0.100000;0.000000;-0.006332;-0.019763;
1.065750;0.000626;-0.001977;0.100000;0.000626;-0.001977;0.100000;0.100000;0.000000;-0.006265;-0.019765;
1.065858;0.000620;-0.001977;0.100000;0.000620;-0.001977;0.100000;0.100000;0.000000;-0.006199;-0.019767;
1.065966;0.000613;-0.001977;0.100000;0.000613;-0.001977;0.100000;0.100000;0.000000;-0.006133;-0.019769;
1.066074;0.000607;-0.001977;0.100000;0.000607;-0.001977;0.100000;0.100000;0.000000;-0.006068;-0.019771;
1.066182;0.000600;-0.001977;0.100000;0.000600;-0.001977;0.100000;0.100000;0.000000;-0.006004;-0.019773;
1.066290;0.000594;-0.001978;0.100000;0.000594;-0.001978;0.100000;0.100000;0.000000;-0.005940;-0.019775;
1.066398;0.000588;-0.001978;0.100000;0.000588;-0.001978;0.100000;0.100000;0.000000;-0.005877;-0.019777;
1.066506;0.000581;-0.001978;0.100000;0.000581;-0.001978;0.100000;0.100000;0.000000;-0.005815;-0.019779;
1.066614;0.000575;-0.001978;0.100000;0.000575;-0.001978;0.100000;0.100000;0.000000;-0.005753;-0.019781;
1.066722;0.000569;-0.001978;0.100000;0.000569;-0.001978;0.100000;0.100000;0.000000;-0.005692;-0.019783;
1.066830;0.000563;-0.001978;0.100000;0.000563;-0.001978;0.100000;0.100000;0.000000;-0.005632;-0.019785;
1.066937;0.000557;-0.001979;0.100000;0.000557;-0.001979;0.100000;0.100000;0.000000;-0.005572;-0.019787;
1.067045;0.000551;-0.001979;0.100000;0.000551;-0.001979;0.100000;0.100000;0.000000;-0.005513;-0.019789;
1.067153;0.000545;-0.001979;0.100000;0.000545;-0.001979;0.100000;0.100000;0.000000;-0.005455;-0.019790;
1.067261;0.000540;-0.001979;0.100000;0.000540;-0.001979;0.100000;0.100000;0.000000;-0.005397;-0.019792;
1.067369;0.000534;-0.001979;0.100000;0.000534;-0.001979;0.100000;0.100000;0.000000;-0.005340;-0.019794;
1.067477;0.000528;-0.001980;0.100000;0.000528;-0.001980;0.100000;0.100000;0.000000;-0.005283;-0.019796;
1.067585;0.000523;-0.001980;0.100000;0.000523;-0.001980;0.100000;0.100000;0.000000;-0.005227;-0.019798;
1.067693;0.000517;-0.001980;0.100000;0.000517;-0.001980;0.100000;0.100000;0.000000;-0.005172;-0.019799;
1.067801;0.000512;-0.001980;0.100000;0.000512;-0.001980;0.100000;0.100000;0.000000;-0.005117;-0.019801;
1.067909;0.000506;-0.001980;0.100000;0.000506;-0.001980;0.100000;0.100000;0.000000;-0.005062;-0.019803;
1.068017;0.000501;-0.001980;0.100000;0.000501;-0.001980;0.100000;0.100000;0.000000;-0.005009;-0.019804;
1.068125;0.000496;-0.001981;0.100000;0.000496;-0.001981;0.100000;0.100000;0.000000;-0.004956;-0.019806;
1.068233;0.000490;-0.001981;0.100000;0.000490;-0.001981;0.100000;0.100000;0.000000;-0.004903;-0.019808;
1.068341;0.000485;-0.001981;0.100000;0.000485;-0.001981;0.100000;0.100000;0.000000;-0.004851;-0.019809;
1.068449;0.000480;-0.001981;0.100000;0.000480;-0.001981;0.100000;0.100000;0.000000;-0.004800;-0.019811;
1.068556;0.000475;-0.001981;0.100000;0.000475;-0.001981;0.100000;0.100000;0.000000;-0.004749;-0.019813;
1.068664;0.000470;-0.001981;0.100000;0.000470;-0.001981;0.100000;0.100000;0.000000;-0.004698;-0.019814;
1.068772;0.000465;-0.001982;0.100000;0.000465;-0.001982;0.100000;0.100000;0.000000;-0.004648;-0.019816;
1.068880;0.000460;-0.001982;0.100000;0.000460;-0.001982;0.100000;0.100000;0.000000;-0.004599;-0.019817;
1.068988;0.000455;-0.001982;0.100000;0.000455;-0.001982;0.100000;0.100000;0.000000;-0.004550;-0.019819;
1.069096;0.000450;-0.001982;0.100000;0.000450;-0.001982;0.100000;0.100000;0.000000;-0.004502;-0.019820;
1.069204;0.000445;-0.001982;0.100000;0.000445;-0.001982;0.100000;0.100000;0.000000;-0.004454;-0.019822;
1.069312;0.000441;-0.001982;0.100000;0.000441;-0.001982;0.100000;0.100000;0.000000;-0.004407;-0.019823;
1.069420;0.000436;-0.001982;0.100000;0.000436;-0.001982;0.100000;0.100000;0.000000;-0.004360;-0.019825;
1.069528;0.000431;-0.001983;0.100000;0.000431;-0.001983;0.100000;0.100000;0.000000;-0.004314;-0.019826;
1.069744;0.000422;-0.001983;0.100000;0.000422;-0.001983;0.100000;0.100000;0.000000;-0.004223;-0.019829;
1.069936;0.000414;-0.001983;0.100000;0.000414;-0.001983;0.100000;0.100000;0.000000;-0.004144;-0.019831;
1.070129;0.000407;-0.001983;0.100000;0.000407;-0.001983;0.100000;0.100000;0.000000;-0.004066;-0.019834;
1.070322;0.000399;-0.001984;0.100000;0.000399;-0.001984;0.100000;0.100000;0.000000;-0.003990;-0.019836;
1.070514;0.000391;-0.001984;0.100000;0.000391;-0.001984;0.100000;0.100000;0.000000;-0.003915;-0.019839;
1.070707;0.000384;-0.001984;0.100000;0.000384;-0.001984;0.100000;0.100000;0.000000;-0.003841;-0.019841;
1.070900;0.000377;-0.001984;0.100000;0.000377;-0.001984;0.100000;0.100000;0.000000;-0.003769;-0.019843;
1.071092;0.000370;-0.001985;0.100000;0.000370;-0.001985;0.100000;0.100000;0.000000;-0.003698;-0.019845;
1.071285;0.000363;-0.001985;0.100000;0.000363;-0.001985;0.100000;0.100000;0.000000;-0.003628;-0.019848;
1.071478;0.000356;-0.001985;0.100000;0.000356;-0.001985;0.100000;0.100000;0.000000;-0.003560;-0.019850;
1.071670;0.000349;-0.001985;0.100000;0.000349;-0.001985;0.100000;0.100000;0.000000;-0.003493;-0.019852;
1.071863;0.000343;-0.001985;0.100000;0.000343;-0.001985;0.100000;0.100000;0.000000;-0.003428;-0.019854;
1.072056;0.000336;-0.001986;0.100000;0.000336;-0.001986;0.100000;0.100000;0.000000;-0.003363;-0.019856;
1.072248;0.000330;-0.001986;0.100000;0.000330;-0.001986;0.100000;0.100000;0.000000;-0.003300;-0.019858;
1.072441;0.000324;-0.001986;0.100000;0.000324;-0.001986;0.100000;0.100000;0.000000;-0.003238;-0.019860;
1.072633;0.000318;-0.001986;0.100000;0.000318;-0.001986;0.100000;0.100000;0.000000;-0.003177;-0.019862;
1.072826;0.000312;-0.001986;0.100000;0.000312;-0.001986;0.100000;0.100000;0.000000;-0.003117;-0.019863;
1.073019;0.000306;-0.001987;0.100000;0.000306;-0.001987;0.100000;0.100000;0.000000;-0.003058;-0.019865;
1.073211;0.000300;-0.001987;0.100000;0.000300;-0.001987;0.100000;0.100000;0.000000;-0.003001;-0.019867;
1.073404;0.000294;-0.001987;0.100000;0.000294;-0.001987;0.100000;0.100000;0.000000;-0.002944;-0.019869;
1.073597;0.000289;-0.001987;0.100000;0.000289;-0.001987;0.100000;0.100000;0.000000;-0.002889;-0.019871;
1.073789;0.000283;-0.001987;0.100000;0.000283;-0.001987;0.100000;0.100000;0.000000;-0.002835;-0.019872;
1.073982;0.000278;-0.001987;0.100000;0.000278;-0.001987;0.100000;0.100000;0.000000;-0.002781;-0.019874;
1.074175;0.000273;-0.001988;0.100000;0.000273;-0.001988;0.100000;0.100000;0.000000;-0.002729;-0.019876;
1.074367;0.000268;-0.001988;0.100000;0.000268;-0.001988;0.100000;0.100000;0.000000;-0.002678;-0.019877;
1.074560;0.000263;-0.001988;0.100000;0.000263;-0.001988;0.100000;0.100000;0.000000;-0.002627;-0.019879;
1.074753;0.000258;-0.001988;0.100000;0.000258;-0.001988;0.100000;0.100000;0.000000;-0.002578;-0.019880;
1.074945;0.000253;-0.001988;0.100000;0.000253;-0.001988;0.100000;0.100000;0.000000;-0.002529;-0.019882;
1.075138;0.000248;-0.001988;0.100000;0.000248;-0.001988;0.100000;0.100000;0.000000;-0.002482;-0.019883;
1.075331;0.000243;-0.001988;0.100000;0.000243;-0.001988;0.100000;0.100000;0.000000;-0.002435;-0.019885;
1.075523;0.000239;-0.001989;0.100000;0.000239;-0.001989;0.100000;0.100000;0.000000;-0.002389;-0.019886;
1.075716;0.000234;-0.001989;0.100000;0.000234;-0.001989;0.100000;0.100000;0.000000;-0.002344;-0.019888;
1.075908;0.000230;-0.001989;0.100000;0.000230;-0.001989;0.100000;0.100000;0.000000;-0.002300;-0.019889;
1.076101;0.000226;-0.001989;0.100000;0.000226;-0.001989;0.100000;0.100000;0.000000;-0.002257;-0.019890;
1.076294;0.000221;-0.001989;0.100000;0.000221;-0.001989;0.100000;0.100000;0.000000;-0.002214;-0.019892;
1.076486;0.000217;-0.001989;0.100000;0.000217;-0.001989;0.100000;0.100000;0.000000;-0.002172;-0.019893;
1.076679;0.000213;-0.001989;0.100000;0.000213;-0.001989;0.100000;0.100000;0.000000;-0.002132;-0.019894;
1.076872;0.000209;-0.001990;0.100000;0.000209;-0.001990;0.100000;0.100000;0.000000;-0.002091;-0.019895;
1.077064;0.000205;-0.001990;0.100000;0.000205;-0.001990;0.100000;0.100000;0.000000;-0.002052;-0.019897;
1.077257;0.000201;-0.001990;0.100000;0.000201;-0.001990;0.100000;0.100000;0.000000;-0.002013;-0.019898;
1.077450;0.000198;-0.001990;0.100000;0.000198;-0.001990;0.100000;0.100000;0.000000;-0.001975;-0.019899;
1.077642;0.000194;-0.001990;0.100000;0.000194;-0.001990;0.100000;0.100000;0.000000;-0.001938;-0.019900;
1.077835;0.000190;-0.001990;0.100000;0.000190;-0.001990;0.100000;0.100000;0.000000;-0.001902;-0.019901;
1.078028;0.000187;-0.001990;0.100000;0.000187;-0.001990;0.100000;0.100000;0.000000;-0.001866;-0.019902;
1.078220;0.000183;-0.001990;0.100000;0.000183;-0.001990;0.100000;0.100000;0.000000;-0.001831;-0.019903;
1.078413;0.000180;-0.001990;0.100000;0.000180;-0.001990;0.100000;0.100000;0.000000;-0.001796;-0.019905;
1.078606;0.000176;-0.001991;0.100000;0.000176;-0.001991;0.100000;0.100000;0.000000;-0.001762;-0.019906;
1.078798;0.000173;-0.001991;0.100000;0.000173;-0.001991;0.100000;0.100000;0.000000;-0.001729;-0.019907;
1.078991;0.000170;-0.001991;0.100000;0.000170;-0.001991;0.100000;0.100000;0.000000;-0.001697;-0.019908;
1.079184;0.000166;-0.001991;0.100000;0.000166;-0.001991;0.100000;0.100000;0.000000;-0.001665;-0.019909;
1.079376;0.000163;-0.001991;0.100000;0.000163;-0.001991;0.100000;0.100000;0.000000;-0.001633;-0.019910;
1.079569;0.000160;-0.001991;0.100000;0.000160;-0.001991;0.100000;0.100000;0.000000;-0.001602;-0.019911;
1.079761;0.000157;-0.001991;0.100000;0.000157;-0.001991;0.100000;0.100000;0.000000;-0.001572;-0.019911;
1.079954;0.000154;-0.001991;0.100000;0.000154;-0.001991;0.100000;0.100000;0.000000;-0.001543;-0.019912;
1.080147;0.000151;-0.001991;0.100000;0.000151;-0.001991;0.100000;0.100000;0.000000;-0.001514;-0.019913;
1.080339;0.000149;-0.001991;0.100000;0.000149;-0.001991;0.100000;0.100000;0.000000;-0.001485;-0.019914;
1.080532;0.000146;-0.001992;0.100000;0.000146;-0.001992;0.100000;0.100000;0.000000;-0.001457;-0.019915;
1.080725;0.000143;-0.001992;0.100000;0.000143;-0.001992;0.100000;0.100000;0.000000;-0.001430;-0.019916;
1.080917;0.000140;-0.001992;0.100000;0.000140;-0.001992;0.100000;0.100000;0.000000;-0.001403;-0.019917;
1.081110;0.000138;-0.001992;0.100000;0.000138;-0.001992;0.100000;0.100000;0.000000;-0.001376;-0.019918;
1.081303;0.000135;-0.001992;0.100000;0.000135;-0.001992;0.100000;0.100000;0.000000;-0.001350;-0.019918;
1.081495;0.000132;-0.001992;0.100000;0.000132;-0.001992;0.100000;0.100000;0.000000;-0.001325;-0.019919;
1.081688;0.000130;-0.001992;0.100000;0.000130;-0.001992;0.100000;0.100000;0.000000;-0.001300;-0.019920;
1.081881;0.000128;-0.001992;0.100000;0.000128;-0.001992;0.100000;0.100000;0.000000;-0.001275;-0.019921;
1.082266;0.000123;-0.001992;0.100000;0.000123;-0.001992;0.100000;0.100000;0.000000;-0.001228;-0.019922;
1.082613;0.000119;-0.001992;0.100000;0.000119;-0.001992;0.100000;0.100000;0.000000;-0.001187;-0.019923;
1.082959;0.000115;-0.001992;0.100000;0.000115;-0.001992;0.100000;0.100000;0.000000;-0.001147;-0.019925;
1.083306;0.000111;-0.001993;0.100000;0.000111;-0.001993;0.100000;0.100000;0.000000;-0.001109;-0.019926;
1.083653;0.000107;-0.001993;0.100000;0.000107;-0.001993;0.100000;0.100000;0.000000;-0.001072;-0.019927;
1.084000;0.000104;-0.001993;0.100000;0.000104;-0.001993;0.100000;0.100000;0.000000;-0.001036;-0.019928;
1.084346;0.000100;-0.001993;0.100000;0.000100;-0.001993;0.100000;0.100000;0.000000;-0.001001;-0.019929;
1.084693;0.000097;-0.001993;0.100000;0.000097;-0.001993;0.100000;0.100000;0.000000;-0.000968;-0.019930;
1.085040;0.000094;-0.001993;0.100000;0.000094;-0.001993;0.100000;0.100000;0.000000;-0.000935;-0.019931;
1.085387;0.000090;-0.001993;0.100000;0.000090;-0.001993;0.100000;0.100000;0.000000;-0.000904;-0.019932;
1.085734;0.000087;-0.001993;0.100000;0.000087;-0.001993;0.100000;0.100000;0.000000;-0.000874;-0.019933;
1.086080;0.000084;-0.001993;0.100000;0.000084;-0.001993;0.100000;0.100000;0.000000;-0.000844;-0.019934;
1.086427;0.000082;-0.001993;0.100000;0.000082;-0.001993;0.100000;0.100000;0.000000;-0.000816;-0.019935;
1.086774;0.000079;-0.001994;0.100000;0.000079;-0.001994;0.100000;0.100000;0.000000;-0.000789;-0.019936;
1.087121;0.000076;-0.001994;0.100000;0.000076;-0.001994;0.100000;0.100000;0.000000;-0.000762;-0.019937;
1.087467;0.000074;-0.001994;0.100000;0.000074;-0.001994;0.100000;0.100000;0.000000;-0.000737;-0.019937;
1.087814;0.000071;-0.001994;0.100000;0.000071;-0.001994;0.100000;0.100000;0.000000;-0.000712;-0.019938;
1.088161;0.000069;-0.001994;0.100000;0.000069;-0.001994;0.100000;0.100000;0.000000;-0.000688;-0.019939;
1.088508;0.000067;-0.001994;0.100000;0.000067;-0.001994;0.100000;0.100000;0.000000;-0.000665;-0.019940;
1.088750;0.000065;-0.001994;0.100000;0.000065;-0.001994;0.100000;0.100000;0.000000;-0.000650;-0.019940;
1.088751;0.000065;-0.001994;0.100000;0.000065;-0.001994;0.100000;0.100000;0.000000;-0.000650;-0.019940;
1.088752;0.000065;-0.001994;0.100000;0.000065;-0.001994;0.100000;0.100000;0.000000;-0.000650;-0.019940;
1.088755;0.000065;-0.001994;0.100000;0.000065;-0.001994;0.100000;0.100000;0.000000;-0.000649;-0.019940;
1.088760;0.000065;-0.001994;0.100000;0.000065;-0.001994;0.100000;0.100000;0.000000;-0.000649;-0.019939;
1.088770;0.000065;-0.001994;0.100000;0.000065;-0.001994;0.100000;0.100000;0.000000;-0.000648;-0.019937;
1.088780;0.000065;-0.001993;0.100000;0.000065;-0.001993;0.100000;0.100000;0.000000;-0.000648;-0.019934;
1.088790;0.000065;-0.001993;0.100000;0.000065;-0.001993;0.100000;0.100000;0.000000;-0.000647;-0.019930;
1.088800;0.000065;-0.001993;0.100000;0.000065;-0.001993;0.100000;0.100000;0.000000;-0.000646;-0.019925;
1.088810;0.000065;-0.001992;0.100000;0.000065;-0.001992;0.100000;0.100000;0.000000;-0.000646;-0.019919;
1.088820;0.000065;-0.001991;0.100000;0.000065;-0.001991;0.100000;0.100000;0.000000;-0.000645;-0.019912;
1.088831;0.000064;-0.001990;0.100000;0.000064;-0.001990;0.100000;0.100000;0.000000;-0.000645;-0.019904;
1.088841;0.000064;-0.001989;0.100000;0.000064;-0.001989;0.100000;0.100000;0.000000;-0.000644;-0.019895;
1.088851;0.000064;-0.001988;0.100000;0.000064;-0.001988;0.100000;0.100000;0.000000;-0.000643;-0.019885;
1.088861;0.000064;-0.001987;0.100000;0.000064;-0.001987;0.100000;0.100000;0.000000;-0.000643;-0.019873;
1.088871;0.000064;-0.001986;0.100000;0.000064;-0.001986;0.100000;0.100000;0.000000;-0.000642;-0.019861;
1.088881;0.000064;-0.001985;0.100000;0.000064;-0.001985;0.100000;0.100000;0.000000;-0.000641;-0.019848;
1.088891;0.000064;-0.001983;0.100000;0.000064;-0.001983;0.100000;0.100000;0.000000;-0.000641;-0.019834;
1.088901;0.000064;-0.001982;0.100000;0.000064;-0.001982;0.100000;0.100000;0.000000;-0.000640;-0.019819;
1.088911;0.000064;-0.001980;0.100000;0.000064;-0.001980;0.100000;0.100000;0.000000;-0.000639;-0.019803;
1.088922;0.000064;-0.001979;0.100000;0.000064;-0.001979;0.100000;0.100000;0.000000;-0.000639;-0.019785;
1.088932;0.000064;-0.001977;0.100000;0.000064;-0.001977;0.100000;0.100000;0.000000;-0.000638;-0.019767;
1.088942;0.000064;-0.001975;0.100000;0.000064;-0.001975;0.100000;0.100000;0.000000;-0.000637;-0.019748;
1.088952;0.000064;-0.001973;0.100000;0.000064;-0.001973;0.100000;0.100000;0.000000;-0.000637;-0.019728;
1.088962;0.000064;-0.001971;0.100000;0.000064;-0.001971;0.100000;0.100000;0.000000;-0.000636;-0.019707;
1.088972;0.000064;-0.001968;0.100000;0.000064;-0.001968;0.100000;0.100000;0.000000;-0.000635;-0.019685;
1.088982;0.000063;-0.001966;0.100000;0.000063;-0.001966;0.100000;0.100000;0.000000;-0.000635;-0.019661;
1.088992;0.000063;-0.001964;0.100000;0.000063;-0.001964;0.100000;0.100000;0.000000;-0.000634;-0.019637;
1.089002;0.000063;-0.001961;0.100000;0.000063;-0.001961;0.100000;0.100000;0.000000;-0.000634;-0.019612;
1.089013;0.000063;-0.001959;0.100000;0.000063;-0.001959;0.100000;0.100000;0.000000;-0.000633;-0.019586;
1.089023;0.000063;-0.001956;0.100000;0.000063;-0.001956;0.100000;0.100000;0.000000;-0.000632;-0.019559;
1.089033;0.000063;-0.001953;0.100000;0.000063;-0.001953;0.100000;0.100000;0.000000;-0.000632;-0.019530;
1.089043;0.000063;-0.001950;0.100000;0.000063;-0.001950;0.100000;0.100000;0.000000;-0.000631;-0.019501;
1.089053;0.000063;-0.001947;0.100000;0.000063;-0.001947;0.100000;0.100000;0.000000;-0.000630;-0.019471;
1.089063;0.000063;-0.001944;0.100000;0.000063;-0.001944;0.100000;0.100000;0.000000;-0.000630;-0.019440;
1.089073;0.000063;-0.001941;0.100000;0.000063;-0.001941;0.100000;0.100000;0.000000;-0.000629;-0.019408;
1.089083;0.000063;-0.001937;0.100000;0.000063;-0.001937;0.100000;0.100000;0.000000;-0.000628;-0.019375;
1.089093;0.000063;-0.001934;0.100000;0.000063;-0.001934;0.100000;0.100000;0.000000;-0.000628;-0.019341;
1.089104;0.000063;-0.001931;0.100000;0.000063;-0.001931;0.100000;0.100000;0.000000;-0.000627;-0.019306;
1.089114;0.000063;-0.001927;0.100000;0.000063;-0.001927;0.100000;0.100000;0.000000;-0.000627;-0.019270;
1.089124;0.000063;-0.001923;0.100000;0.000063;-0.001923;0.100000;0.100000;0.000000;-0.000626;-0.019232;
1.089134;0.000063;-0.001919;0.100000;0.000063;-0.001919;0.100000;0.100000;0.000000;-0.000625;-0.019194;
1.089144;0.000062;-0.001916;0.100000;0.000062;-0.001916;0.100000;0.100000;0.000000;-0.000625;-0.019155;
1.089154;0.000062;-0.001912;0.100000;0.000062;-0.001912;0.100000;0.100000;0.000000;-0.000624;-0.019115;
1.089164;0.000062;-0.001907;0.100000;0.000062;-0.001907;0.100000;0.100000;0.000000;-0.000623;-0.019074;
1.089174;0.000062;-0.001903;0.100000;0.000062;-0.001903;0.100000;0.100000;0.000000;-0.000623;-0.019033;
1.089184;0.000062;-0.001899;0.100000;0.000062;-0.001899;0.100000;0.100000;0.000000;-0.000622;-0.018990;
1.089195;0.000062;-0.001895;0.100000;0.000062;-0.001895;0.100000;0.100000;0.000000;-0.000622;-0.018946;
1.089205;0.000062;-0.001890;0.100000;0.000062;-0.001890;0.100000;0.100000;0.000000;-0.000621;-0.018901;
1.089215;0.000062;-0.001885;0.100000;0.000062;-0.001885;0.100000;0.100000;0.000000;-0.000620;-0.018855;
1.089225;0.000062;-0.001881;0.100000;0.000062;-0.001881;0.100000;0.100000;0.000000;-0.000620;-0.018808;
1.089235;0.000062;-0.001876;0.100000;0.000062;-0.001876;0.100000;0.100000;0.000000;-0.000619;-0.018760;
1.089245;0.000062;-0.001871;0.100000;0.000062;-0.001871;0.100000;0.100000;0.000000;-0.000618;-0.018711;
1.089255;0.000062;-0.001866;0.100000;0.000062;-0.001866;0.100000;0.100000;0.000000;-0.000618;-0.018662;
1.089265;0.000062;-0.001861;0.100000;0.000062;-0.001861;0.100000;0.100000;0.000000;-0.000617;-0.018611;
1.089275;0.000062;-0.001856;0.100000;0.000062;-0.001856;0.100000;0.100000;0.000000;-0.000617;-0.018559;
1.089286;0.000062;-0.001851;0.100000;0.000062;-0.001851;0.100000;0.100000;0.000000;-0.000616;-0.018507;
1.089296;0.000062;-0.001845;0.100000;0.000062;-0.001845;0.100000;0.100000;0.000000;-0.000615;-0.018453;
1.089306;0.000061;-0.001840;0.100000;0.000061;-0.001840;0.100000;0.100000;0.000000;-0.000615;-0.018398;
1.089316;0.000061;-0.001834;0.100000;0.000061;-0.001834;0.100000;0.100000;0.000000;-0.000614;-0.018343;
1.089326;0.000061;-0.001829;0.100000;0.000061;-0.001829;0.100000;0.100000;0.000000;-0.000613;-0.018286;
1.089336;0.000061;-0.001823;0.100000;0.000061;-0.001823;0.100000;0.100000;0.000000;-0.000613;-0.018229;
1.089346;0.000061;-0.001817;0.100000;0.000061;-0.001817;0.100000;0.100000;0.000000;-0.000612;-0.018170;
1.089356;0.000061;-0.001811;0.100000;0.000061;-0.001811;0.100000;0.100000;0.000000;-0.000612;-0.018111;
1.089366;0.000061;-0.001805;0.100000;0.000061;-0.001805;0.100000;0.100000;0.000000;-0.000611;-0.018051;
1.089377;0.000061;-0.001799;0.100000;0.000061;-0.001799;0.100000;0.100000;0.000000;-0.000610;-0.017989;
1.089387;0.000061;-0.001793;0.100000;0.000061;-0.001793;0.100000;0.100000;0.000000;-0.000610;-0.017927;
1.089397;0.000061;-0.001786;0.100000;0.000061;-0.001786;0.100000;0.100000;0.000000;-0.000609;-0.017864;
1.089407;0.000061;-0.001780;0.100000;0.000061;-0.001780;0.100000;0.100000;0.000000;-0.000608;-0.017800;
1.089417;0.000061;-0.001773;0.100000;0.000061;-0.001773;0.100000;0.100000;0.000000;-0.000608;-0.017734;
1.089427;0.000061;-0.001767;0.100000;0.000061;-0.001767;0.100000;0.100000;0.000000;-0.000607;-0.017668;
1.089437;0.000061;-0.001760;0.100000;0.000061;-0.001760;0.100000;0.100000;0.000000;-0.000607;-0.017601;
1.089447;0.000061;-0.001753;0.100000;0.000061;-0.001753;0.100000;0.100000;0.000000;-0.000606;-0.017533;
1.089457;0.000061;-0.001746;0.100000;0.000061;-0.001746;0.100000;0.100000;0.000000;-0.000605;-0.017464;
1.089468;0.000060;-0.001739;0.100000;0.000060;-0.001739;0.100000;0.100000;0.000000;-0.000605;-0.017394;
1.089478;0.000060;-0.001732;0.100000;0.000060;-0.001732;0.100000;0.100000;0.000000;-0.000604;-0.017324;
1.089488;0.000060;-0.001725;0.100000;0.000060;-0.001725;0.100000;0.100000;0.000000;-0.000604;-0.017252;
1.089498;0.000060;-0.001718;0.100000;0.000060;-0.001718;0.100000;0.100000;0.000000;-0.000603;-0.017179;
1.089508;0.000060;-0.001711;0.100000;0.000060;-0.001711;0.100000;0.100000;0.000000;-0.000602;-0.017105;
1.089518;0.000060;-0.001703;0.100000;0.000060;-0.001703;0.100000;0.100000;0.000000;-0.000602;-0.017031;
1.089528;0.000060;-0.001695;0.100000;0.000060;-0.001695;0.100000;0.100000;0.000000;-0.000601;-0.016955;
1.089538;0.000060;-0.001688;0.100000;0.000060;-0.001688;0.100000;0.100000;0.000000;-0.000601;-0.016878;
1.089548;0.000060;-0.001680;0.100000;0.000060;-0.001680;0.100000;0.100000;0.000000;-0.000600;-0.016801;
1.089559;0.000060;-0.001672;0.100000;0.000060;-0.001672;0.100000;0.100000;0.000000;-0.000599;-0.016722;
1.089569;0.000060;-0.001664;0.100000;0.000060;-0.001664;0.100000;0.100000;0.000000;-0.000599;-0.016643;
1.089579;0.000060;-0.001656;0.100000;0.000060;-0.001656;0.100000;0.100000;0.000000;-0.000598;-0.016563;
1.089589;0.000060;-0.001648;0.100000;0.000060;-0.001648;0.100000;0.100000;0.000000;-0.000598;-0.016482;
1.089599;0.000060;-0.001640;0.100000;0.000060;-0.001640;0.100000;0.100000;0.000000;-0.000597;-0.016399;
1.089609;0.000060;-0.001632;0.100000;0.000060;-0.001632;0.100000;0.100000;0.000000;-0.000596;-0.016316;
1.089619;0.000060;-0.001623;0.100000;0.000060;-0.001623;0.100000;0.100000;0.000000;-0.000596;-0.016232;
1.089629;0.000060;-0.001615;0.100000;0.000060;-0.001615;0.100000;0.100000;0.000000;-0.000595;-0.016147;
1.089639;0.000059;-0.001606;0.100000;0.000059;-0.001606;0.100000;0.100000;0.000000;-0.000594;-0.016061;
1.089650;0.000059;-0.001597;0.100000;0.000059;-0.001597;0.100000;0.100000;0.000000;-0.000594;-0.015974;
1.089660;0.000059;-0.001589;0.100000;0.000059;-0.001589;0.100000;0.100000;0.000000;-0.000593;-0.015887;
1.089670;0.000059;-0.001580;0.100000;0.000059;-0.001580;0.100000;0.100000;0.000000;-0.000593;-0.015798;
1.089680;0.000059;-0.001571;0.100000;0.000059;-0.001571;0.100000;0.100000;0.000000;-0.000592;-0.015708;
1.089690;0.000059;-0.001562;0.100000;0.000059;-0.001562;0.100000;0.100000;0.000000;-0.000591;-0.015618;
1.089700;0.000059;-0.001553;0.100000;0.000059;-0.001553;0.100000;0.100000;0.000000;-0.000591;-0.015526;
1.089710;0.000059;-0.001543;0.100000;0.000059;-0.001543;0.100000;0.100000;0.000000;-0.000590;-0.015434;
1.089720;0.000059;-0.001534;0.100000;0.000059;-0.001534;0.100000;0.100000;0.000000;-0.000590;-0.015340;
1.089730;0.000059;-0.001525;0.100000;0.000059;-0.001525;0.100000;0.100000;0.000000;-0.000589;-0.015246;
1.089741;0.000059;-0.001515;0.100000;0.000059;-0.001515;0.100000;0.100000;0.000000;-0.000589;-0.015151;
1.089751;0.000059;-0.001505;0.100000;0.000059;-0.001505;0.100000;0.100000;0.000000;-0.000588;-0.015055;
1.089761;0.000059;-0.001496;0.100000;0.000059;-0.001496;0.100000;0.100000;0.000000;-0.000587;-0.014958;
1.089771;0.000059;-0.001486;0.100000;0.000059;-0.001486;0.100000;0.100000;0.000000;-0.000587;-0.014860;
1.089781;0.000059;-0.001476;0.100000;0.000059;-0.001476;0.100000;0.100000;0.000000;-0.000586;-0.014761;
1.089791;0.000059;-0.001466;0.100000;0.000059;-0.001466;0.100000;0.100000;0.000000;-0.000586;-0.014661;
1.089801;0.000058;-0.001456;0.100000;0.000058;-0.001456;0.100000;0.100000;0.000000;-0.000585;-0.014560;
1.089811;0.000058;-0.001446;0.100000;0.000058;-0.001446;0.100000;0.100000;0.000000;-0.000584;-0.014458;
1.089821;0.000058;-0.001436;0.100000;0.000058;-0.001436;0.100000;0.100000;0.000000;-0.000584;-0.014356;
1.089832;0.000058;-0.001425;0.100000;0.000058;-0.001425;0.100000;0.100000;0.000000;-0.000583;-0.014252;
1.089842;0.000058;-0.001415;0.100000;0.000058;-0.001415;0.100000;0.100000;0.000000;-0.000583;-0.014148;
1.089852;0.000058;-0.001404;0.100000;0.000058;-0.001404;0.100000;0.100000;0.000000;-0.000582;-0.014043;
1.089862;0.000058;-0.001394;0.100000;0.000058;-0.001394;0.100000;0.100000;0.000000;-0.000581;-0.013936;
1.089872;0.000058;-0.001383;0.100000;0.000058;-0.001383;0.100000;0.100000;0.000000;-0.000581;-0.013829;
1.089882;0.000058;-0.001372;0.100000;0.000058;-0.001372;0.100000;0.100000;0.000000;-0.000580;-0.013721;
1.089892;0.000058;-0.001361;0.100000;0.000058;-0.001361;0.100000;0.100000;0.000000;-0.000580;-0.013612;
1.089902;0.000058;-0.001350;0.100000;0.000058;-0.001350;0.100000;0.100000;0.000000;-0.000579;-0.013502;
1.089912;0.000058;-0.001339;0.100000;0.000058;-0.001339;0.100000;0.100000;0.000000;-0.000579;-0.013391;
1.089923;0.000058;-0.001328;0.100000;0.000058;-0.001328;0.100000;0.100000;0.000000;-0.000578;-0.013280;
1.089933;0.000058;-0.001317;0.100000;0.000058;-0.001317;0.100000;0.100000;0.000000;-0.000577;-0.013167;
1.089943;0.000058;-0.001305;0.100000;0.000058;-0.001305;0.100000;0.100000;0.000000;-0.000577;-0.013054;
1.089953;0.000058;-0.001294;0.100000;0.000058;-0.001294;0.100000;0.100000;0.000000;-0.000576;-0.012939;
1.089963;0.000058;-0.001282;0.100000;0.000058;-0.001282;0.100000;0.100000;0.000000;-0.000576;-0.012824;
1.089973;0.000058;-0.001271;0.100000;0.000058;-0.001271;0.100000;0.100000;0.000000;-0.000575;-0.012708;
1.089983;0.000057;-0.001259;0.100000;0.000057;-0.001259;0.100000;0.100000;0.000000;-0.000574;-0.012590;
1.089993;0.000057;-0.001247;0.100000;0.000057;-0.001247;0.100000;0.100000;0.000000;-0.000574;-0.012472;
1.090003;0.000057;-0.001235;0.100000;0.000057;-0.001235;0.100000;0.100000;0.000000;-0.000573;-0.012353;
1.090014;0.000057;-0.001223;0.100000;0.000057;-0.001223;0.100000;0.100000;0.000000;-0.000573;-0.012234;
1.090024;0.000057;-0.001211;0.100000;0.000057;-0.001211;0.100000;0.100000;0.000000;-0.000572;-0.012113;
1.090034;0.000057;-0.001199;0.100000;0.000057;-0.001199;0.100000;0.100000;0.000000;-0.000572;-0.011991;
1.090044;0.000057;-0.001187;0.100000;0.000057;-0.001187;0.100000;0.100000;0.000000;-0.000571;-0.011869;
1.090054;0.000057;-0.001175;0.100000;0.000057;-0.001175;0.100000;0.100000;0.000000;-0.000570;-0.011745;
1.090064;0.000057;-0.001162;0.100000;0.000057;-0.001162;0.100000;0.100000;0.000000;-0.000570;-0.011621;
1.090074;0.000057;-0.001150;0.100000;0.000057;-0.001150;0.100000;0.100000;0.000000;-0.000569;-0.011496;
1.090084;0.000057;-0.001137;0.100000;0.000057;-0.001137;0.100000;0.100000;0.000000;-0.000569;-0.011369;
1.090094;0.000057;-0.001124;0.100000;0.000057;-0.001124;0.100000;0.100000;0.000000;-0.000568;-0.011242;
1.090105;0.000057;-0.001111;0.100000;0.000057;-0.001111;0.100000;0.100000;0.000000;-0.000568;-0.011115;
1.090115;0.000057;-0.001099;0.100000;0.000057;-0.001099;0.100000;0.100000;0.000000;-0.000567;-0.010986;
1.090125;0.000057;-0.001086;0.100000;0.000057;-0.001086;0.100000;0.100000;0.000000;-0.000566;-0.010856;
1.090135;0.000057;-0.001073;0.100000;0.000057;-0.001073;0.100000;0.100000;0.000000;-0.000566;-0.010725;
1.090145;0.000057;-0.001059;0.100000;0.000057;-0.001059;0.100000;0.100000;0.000000;-0.000565;-0.010594;
1.090155;0.000056;-0.001046;0.100000;0.000056;-0.001046;0.100000;0.100000;0.000000;-0.000565;-0.010462;
1.090165;0.000056;-0.001033;0.100000;0.000056;-0.001033;0.100000;0.100000;0.000000;-0.000564;-0.010328;
1.090175;0.000056;-0.001019;0.100000;0.000056;-0.001019;0.100000;0.100000;0.000000;-0.000564;-0.010194;
1.090185;0.000056;-0.001006;0.100000;0.000056;-0.001006;0.100000;0.100000;0.000000;-0.000563;-0.010059;
1.090196;0.000056;-0.000992;0.100000;0.000056;-0.000992;0.100000;0.100000;0.000000;-0.000562;-0.009923;
1.090206;0.000056;-0.000979;0.100000;0.000056;-0.000979;0.100000;0.100000;0.000000;-0.000562;-0.009787;
1.090216;0.000056;-0.000965;0.100000;0.000056;-0.000965;0.100000;0.100000;0.000000;-0.000561;-0.009649;
1.090226;0.000056;-0.000951;0.100000;0.000056;-0.000951;0.100000;0.100000;0.000000;-0.000561;-0.009510;
1.090236;0.000056;-0.000937;0.100000;0.000056;-0.000937;0.100000;0.100000;0.000000;-0.000560;-0.009371;
1.090246;0.000056;-0.000923;0.100000;0.000056;-0.000923;0.100000;0.100000;0.000000;-0.000560;-0.009231;
1.090256;0.000056;-0.000909;0.100000;0.000056;-0.000909;0.100000;0.100000;0.000000;-0.000559;-0.009090;
1.090266;0.000056;-0.000895;0.100000;0.000056;-0.000895;0.100000;0.100000;0.000000;-0.000558;-0.008948;
1.090276;0.000056;-0.000880;0.100000;0.000056;-0.000880;0.100000;0.100000;0.000000;-0.000558;-0.008805;
1.090287;0.000056;-0.000866;0.100000;0.000056;-0.000866;0.100000;0.100000;0.000000;-0.000557;-0.008661;
1.090297;0.000056;-0.000852;0.100000;0.000056;-0.000852;0.100000;0.100000;0.000000;-0.000557;-0.008516;
1.090307;0.000056;-0.000837;0.100000;0.000056;-0.000837;0.100000;0.100000;0.000000;-0.000556;-0.008371;
1.090317;0.000056;-0.000822;0.100000;0.000056;-0.000822;0.100000;0.100000;0.000000;-0.000556;-0.008224;
1.090327;0.000056;-0.000808;0.100000;0.000056;-0.000808;0.100000;0.100000;0.000000;-0.000555;-0.008077;
1.090337;0.000055;-0.000793;0.100000;0.000055;-0.000793;0.100000;0.100000;0.000000;-0.000554;-0.007929;
1.090347;0.000055;-0.000778;0.100000;0.000055;-0.000778;0.100000;0.100000;0.000000;-0.000554;-0.007780;
1.090357;0.000055;-0.000763;0.100000;0.000055;-0.000763;0.100000;0.100000;0.000000;-0.000553;-0.007630;
1.090367;0.000055;-0.000748;0.100000;0.000055;-0.000748;0.100000;0.100000;0.000000;-0.000553;-0.007479;
1.090378;0.000055;-0.000733;0.100000;0.000055;-0.000733;0.100000;0.100000;0.000000;-0.000552;-0.007327;
1.090388;0.000055;-0.000717;0.100000;0.000055;-0.000717;0.100000;0.100000;0.000000;-0.000552;-0.007175;
1.090398;0.000055;-0.000702;0.100000;0.000055;-0.000702;0.100000;0.100000;0.000000;-0.000551;-0.007021;
1.090408;0.000055;-0.000687;0.100000;0.000055;-0.000687;0.100000;0.100000;0.000000;-0.000551;-0.006867;
1.090418;0.000055;-0.000671;0.100000;0.000055;-0.000671;0.100000;0.100000;0.000000;-0.000550;-0.006712;
1.090428;0.000055;-0.000656;0.100000;0.000055;-0.000656;0.100000;0.100000;0.000000;-0.000549;-0.006556;
1.090438;0.000055;-0.000640;0.100000;0.000055;-0.000640;0.100000;0.100000;0.000000;-0.000549;-0.006399;
1.090448;0.000055;-0.000624;0.100000;0.000055;-0.000624;0.100000;0.100000;0.000000;-0.000548;-0.006241;
1.090458;0.000055;-0.000608;0.100000;0.000055;-0.000608;0.100000;0.100000;0.000000;-0.000548;-0.006083;
1.090469;0.000055;-0.000592;0.100000;0.000055;-0.000592;0.100000;0.100000;0.000000;-0.000547;-0.005923;
1.090479;0.000055;-0.000576;0.100000;0.000055;-0.000576;0.100000;0.100000;0.000000;-0.000547;-0.005763;
1.090489;0.000055;-0.000560;0.100000;0.000055;-0.000560;0.100000;0.100000;0.000000;-0.000546;-0.005602;
1.090499;0.000055;-0.000544;0.100000;0.000055;-0.000544;0.100000;0.100000;0.000000;-0.000546;-0.005440;
1.090509;0.000055;-0.000528;0.100000;0.000055;-0.000528;0.100000;0.100000;0.000000;-0.000545;-0.005277;
1.090519;0.000054;-0.000511;0.100000;0.000054;-0.000511;0.100000;0.100000;0.000000;-0.000544;-0.005114;
1.090529;0.000054;-0.000495;0.100000;0.000054;-0.000495;0.100000;0.100000;0.000000;-0.000544;-0.004949;
1.090539;0.000054;-0.000478;0.100000;0.000054;-0.000478;0.100000;0.100000;0.000000;-0.000543;-0.004784;
1.090549;0.000054;-0.000462;0.100000;0.000054;-0.000462;0.100000;0.100000;0.000000;-0.000543;-0.004617;
1.090560;0.000054;-0.000445;0.100000;0.000054;-0.000445;0.100000;0.100000;0.000000;-0.000542;-0.004450;
1.090570;0.000054;-0.000428;0.100000;0.000054;-0.000428;0.100000;0.100000;0.000000;-0.000542;-0.004282;
1.090580;0.000054;-0.000411;0.100000;0.000054;-0.000411;0.100000;0.100000;0.000000;-0.000541;-0.004113;
1.090590;0.000054;-0.000394;0.100000;0.000054;-0.000394;0.100000;0.100000;0.000000;-0.000541;-0.003944;
1.090600;0.000054;-0.000377;0.100000;0.000054;-0.000377;0.100000;0.100000;0.000000;-0.000540;-0.003773;
1.090610;0.000054;-0.000360;0.100000;0.000054;-0.000360;0.100000;0.100000;0.000000;-0.000540;-0.003602;
1.090620;0.000054;-0.000343;0.100000;0.000054;-0.000343;0.100000;0.100000;0.000000;-0.000539;-0.003430;
1.090630;0.000054;-0.000326;0.100000;0.000054;-0.000326;0.100000;0.100000;0.000000;-0.000538;-0.003257;
1.090640;0.000054;-0.000308;0.100000;0.000054;-0.000308;0.100000;0.100000;0.000000;-0.000538;-0.003083;
1.090651;0.000054;-0.000291;0.100000;0.000054;-0.000291;0.100000;0.100000;0.000000;-0.000537;-0.002908;
1.090661;0.000054;-0.000273;0.100000;0.000054;-0.000273;0.100000;0.100000;0.000000;-0.000537;-0.002732;
1.090671;0.000054;-0.000256;0.100000;0.000054;-0.000256;0.100000;0.100000;0.000000;-0.000536;-0.002556;
1.090681;0.000054;-0.000238;0.100000;0.000054;-0.000238;0.100000;0.100000;0.000000;-0.000536;-0.002379;
1.090691;0.000054;-0.000220;0.100000;0.000054;-0.000220;0.100000;0.100000;0.000000;-0.000535;-0.002200;
1.090701;0.000053;-0.000202;0.100000;0.000053;-0.000202;0.100000;0.100000;0.000000;-0.000535;-0.002021;
1.090711;0.000053;-0.000184;0.100000;0.000053;-0.000184;0.100000;0.100000;0.000000;-0.000534;-0.001842;
1.090731;0.000053;-0.000148;0.100000;0.000053;-0.000148;0.100000;0.100000;0.000000;-0.000533;-0.001479;
1.090749;0.000053;-0.000116;0.100000;0.000053;-0.000116;0.100000;0.100000;0.000000;-0.000532;-0.001159;
1.090767;0.000053;-0.000084;0.100000;0.000053;-0.000084;0.100000;0.100000;0.000000;-0.000531;-0.000837;
1.090784;0.000053;-0.000051;0.100000;0.000053;-0.000051;0.100000;0.100000;0.000000;-0.000530;-0.000512;
1.090802;0.000053;-0.000018;0.100000;0.000053;-0.000018;0.100000;0.100000;0.000000;-0.000529;-0.000185;
1.090820;0.000053;0.000014;0.100000;0.000053;0.000014;0.100000;0.100000;0.000000;-0.000528;0.000145;
1.090837;0.000053;0.000048;0.100000;0.000053;0.000048;0.100000;0.100000;0.000000;-0.000527;0.000477;
1.090855;0.000053;0.000081;0.100000;0.000053;0.000081;0.100000;0.100000;0.000000;-0.000527;0.000812;
1.090873;0.000053;0.000115;0.100000;0.000053;0.000115;0.100000;0.100000;0.000000;-0.000526;0.001149;
1.090890;0.000052;0.000149;0.100000;0.000052;0.000149;0.100000;0.100000;0.000000;-0.000525;0.001489;
1.090908;0.000052;0.000183;0.100000;0.000052;0.000183;0.100000;0.100000;0.000000;-0.000524;0.001832;
1.090926;0.000052;0.000218;0.100000;0.000052;0.000218;0.100000;0.100000;0.000000;-0.000523;0.002177;
1.090943;0.000052;0.000252;0.100000;0.000052;0.000252;0.100000;0.100000;0.000000;-0.000522;0.002524;
1.090961;0.000052;0.000287;0.100000;0.000052;0.000287;0.100000;0.100000;0.000000;-0.000521;0.002874;
1.090979;0.000052;0.000323;0.100000;0.000052;0.000323;0.100000;0.100000;0.000000;-0.000520;0.003227;
1.090996;0.000052;0.000358;0.100000;0.000052;0.000358;0.100000;0.100000;0.000000;-0.000519;0.003581;
1.091014;0.000052;0.000394;0.100000;0.000052;0.000394;0.100000;0.100000;0.000000;-0.000518;0.003939;
1.091032;0.000052;0.000430;0.100000;0.000052;0.000430;0.100000;0.100000;0.000000;-0.000517;0.004299;
1.091049;0.000052;0.000466;0.100000;0.000052;0.000466;0.100000;0.100000;0.000000;-0.000516;0.004661;
1.091067;0.000052;0.000503;0.100000;0.000052;0.000503;0.100000;0.100000;0.000000;-0.000515;0.005026;
1.091085;0.000051;0.000539;0.100000;0.000051;0.000539;0.100000;0.100000;0.000000;-0.000515;0.005394;
1.091102;0.000051;0.000576;0.100000;0.000051;0.000576;0.100000;0.100000;0.000000;-0.000514;0.005763;
1.091120;0.000051;0.000614;0.100000;0.000051;0.000614;0.100000;0.100000;0.000000;-0.000513;0.006136;
1.091138;0.000051;0.000651;0.100000;0.000051;0.000651;0.100000;0.100000;0.000000;-0.000512;0.006511;
1.091155;0.000051;0.000689;0.100000;0.000051;0.000689;0.100000;0.100000;0.000000;-0.000511;0.006888;
1.091173;0.000051;0.000727;0.100000;0.000051;0.000727;0.100000;0.100000;0.000000;-0.000510;0.007268;
1.091191;0.000051;0.000765;0.100000;0.000051;0.000765;0.100000;0.100000;0.000000;-0.000509;0.007650;
1.091208;0.000051;0.000803;0.100000;0.000051;0.000803;0.100000;0.100000;0.000000;-0.000508;0.008034;
1.091226;0.000051;0.000842;0.100000;0.000051;0.000842;0.100000;0.100000;0.000000;-0.000507;0.008421;
1.091244;0.000051;0.000881;0.100000;0.000051;0.000881;0.100000;0.100000;0.000000;-0.000506;0.008811;
1.091261;0.000051;0.000920;0.100000;0.000051;0.000920;0.100000;0.100000;0.000000;-0.000506;0.009203;
1.091279;0.000050;0.000960;0.100000;0.000050;0.000960;0.100000;0.100000;0.000000;-0.000505;0.009597;
1.091297;0.000050;0.000999;0.100000;0.000050;0.000999;0.100000;0.100000;0.000000;-0.000504;0.009994;
1.091314;0.000050;0.001039;0.100000;0.000050;0.001039;0.100000;0.100000;0.000000;-0.000503;0.010393;
1.091332;0.000050;0.001079;0.100000;0.000050;0.001079;0.100000;0.100000;0.000000;-0.000502;0.010794;
1.091350;0.000050;0.001120;0.100000;0.000050;0.001120;0.100000;0.100000;0.000000;-0.000501;0.011198;
1.091367;0.000050;0.001160;0.100000;0.000050;0.001160;0.100000;0.100000;0.000000;-0.000500;0.011605;
1.091385;0.000050;0.001201;0.100000;0.000050;0.001201;0.100000;0.100000;0.000000;-0.000499;0.012013;
1.091403;0.000050;0.001242;0.100000;0.000050;0.001242;0.100000;0.100000;0.000000;-0.000499;0.012424;
1.091420;0.000050;0.001284;0.100000;0.000050;0.001284;0.100000;0.100000;0.000000;-0.000498;0.012838;
1.091438;0.000050;0.001325;0.100000;0.000050;0.001325;0.100000;0.100000;0.000000;-0.000497;0.013254;
1.091456;0.000050;0.001367;0.100000;0.000050;0.001367;0.100000;0.100000;0.000000;-0.000496;0.013672;
1.091473;0.000050;0.001409;0.100000;0.000050;0.001409;0.100000;0.100000;0.000000;-0.000495;0.014093;
1.091491;0.000049;0.001452;0.100000;0.000049;0.001452;0.100000;0.100000;0.000000;-0.000494;0.014516;
1.091509;0.000049;0.001494;0.100000;0.000049;0.001494;0.100000;0.100000;0.000000;-0.000493;0.014941;
1.091526;0.000049;0.001537;0.100000;0.000049;0.001537;0.100000;0.100000;0.000000;-0.000492;0.015369;
1.091544;0.000049;0.001580;0.100000;0.000049;0.001580;0.100000;0.100000;0.000000;-0.000492;0.015799;
1.091562;0.000049;0.001623;0.100000;0.000049;0.001623;0.100000;0.100000;0.000000;-0.000491;0.016231;
1.091579;0.000049;0.001667;0.100000;0.000049;0.001667;0.100000;0.100000;0.000000;-0.000490;0.016666;
1.091597;0.000049;0.001710;0.100000;0.000049;0.001710;0.100000;0.100000;0.000000;-0.000489;0.017103;
1.091615;0.000049;0.001754;0.100000;0.000049;0.001754;0.100000;0.100000;0.000000;-0.000488;0.017543;
1.091632;0.000049;0.001798;0.100000;0.000049;0.001798;0.100000;0.100000;0.000000;-0.000487;0.017984;
1.091650;0.000049;0.001843;0.100000;0.000049;0.001843;0.100000;0.100000;0.000000;-0.000486;0.018429;
1.091668;0.000049;0.001888;0.100000;0.000049;0.001888;0.100000;0.100000;0.000000;-0.000485;0.018875;
1.091685;0.000048;0.001932;0.100000;0.000048;0.001932;0.100000;0.100000;0.000000;-0.000485;0.019324;
1.091703;0.000048;0.001977;0.100000;0.000048;0.001977;0.100000;0.100000;0.000000;-0.000484;0.019775;
1.091721;0.000048;0.002023;0.100000;0.000048;0.002023;0.100000;0.100000;0.000000;-0.000483;0.020228;
1.091738;0.000048;0.002068;0.100000;0.000048;0.002068;0.100000;0.100000;0.000000;-0.000482;0.020684;
1.091756;0.000048;0.002114;0.100000;0.000048;0.002114;0.100000;0.100000;0.000000;-0.000481;0.021142;
1.091774;0.000048;0.002160;0.100000;0.000048;0.002160;0.100000;0.100000;0.000000;-0.000480;0.021602;
1.091791;0.000048;0.002207;0.100000;0.000048;0.002207;0.100000;0.100000;0.000000;-0.000480;0.022065;
1.091809;0.000048;0.002253;0.100000;0.000048;0.002253;0.100000;0.100000;0.000000;-0.000479;0.022530;
1.091827;0.000048;0.002300;0.100000;0.000048;0.002300;0.100000;0.100000;0.000000;-0.000478;0.022997;
1.091844;0.000048;0.002347;0.100000;0.000048;0.002347;0.100000;0.100000;0.000000;-0.000477;0.023467;
1.091862;0.000048;0.002394;0.100000;0.000048;0.002394;0.100000;0.100000;0.000000;-0.000476;0.023939;
1.091880;0.000048;0.002441;0.100000;0.000048;0.002441;0.100000;0.100000;0.000000;-0.000475;0.024413;
1.091897;0.000047;0.002489;0.100000;0.000047;0.002489;0.100000;0.100000;0.000000;-0.000474;0.024889;
1.091915;0.000047;0.002537;0.100000;0.000047;0.002537;0.100000;0.100000;0.000000;-0.000474;0.025368;
1.091933;0.000047;0.002585;0.100000;0.000047;0.002585;0.100000;0.100000;0.000000;-0.000473;0.025849;
1.091950;0.000047;0.002633;0.100000;0.000047;0.002633;0.100000;0.100000;0.000000;-0.000472;0.026332;
1.091968;0.000047;0.002682;0.100000;0.000047;0.002682;0.100000;0.100000;0.000000;-0.000471;0.026817;
1.091986;0.000047;0.002730;0.100000;0.000047;0.002730;0.100000;0.100000;0.000000;-0.000470;0.027305;
1.092003;0.000047;0.002779;0.100000;0.000047;0.002779;0.100000;0.100000;0.000000;-0.000469;0.027795;
1.092021;0.000047;0.002829;0.100000;0.000047;0.002829;0.100000;0.100000;0.000000;-0.000469;0.028287;
1.092039;0.000047;0.002878;0.100000;0.000047;0.002878;0.100000;0.100000;0.000000;-0.000468;0.028781;
1.092056;0.000047;0.002928;0.100000;0.000047;0.002928;0.100000;0.100000;0.000000;-0.000467;0.029278;
1.092074;0.000047;0.002978;0.100000;0.000047;0.002978;0.100000;0.100000;0.000000;-0.000466;0.029777;
1.092092;0.000047;0.003028;0.100000;0.000047;0.003028;0.100000;0.100000;0.000000;-0.000465;0.030278;
1.092109;0.000046;0.003078;0.100000;0.000046;0.003078;0.100000;0.100000;0.000000;-0.000465;0.030781;
1.092127;0.000046;0.003129;0.100000;0.000046;0.003129;0.100000;0.100000;0.000000;-0.000464;0.031287;
1.092145;0.000046;0.003179;0.100000;0.000046;0.003179;0.100000;0.100000;0.000000;-0.000463;0.031795;
1.092162;0.000046;0.003230;0.100000;0.000046;0.003230;0.100000;0.100000;0.000000;-0.000462;0.032305;
1.092180;0.000046;0.003282;0.100000;0.000046;0.003282;0.100000;0.100000;0.000000;-0.000461;0.032817;
1.092198;0.000046;0.003333;0.100000;0.000046;0.003333;0.100000;0.100000;0.000000;-0.000460;0.033331;
1.092215;0.000046;0.003385;0.100000;0.000046;0.003385;0.100000;0.100000;0.000000;-0.000460;0.033848;
1.092233;0.000046;0.003437;0.100000;0.000046;0.003437;0.100000;0.100000;0.000000;-0.000459;0.034367;
1.092251;0.000046;0.003489;0.100000;0.000046;0.003489;0.100000;0.100000;0.000000;-0.000458;0.034888;
1.092268;0.000046;0.003541;0.100000;0.000046;0.003541;0.100000;0.100000;0.000000;-0.000457;0.035411;
1.092286;0.000046;0.003594;0.100000;0.000046;0.003594;0.100000;0.100000;0.000000;-0.000456;0.035937;
1.092304;0.000046;0.003646;0.100000;0.000046;0.003646;0.100000;0.100000;0.000000;-0.000456;0.036464;
1.092321;0.000045;0.003699;0.100000;0.000045;0.003699;0.100000;0.100000;0.000000;-0.000455;0.036994;
1.092339;0.000045;0.003753;0.100000;0.000045;0.003753;0.100000;0.100000;0.000000;-0.000454;0.037526;
1.092357;0.000045;0.003806;0.100000;0.000045;0.003806;0.100000;0.100000;0.000000;-0.000453;0.038060;
1.092374;0.000045;0.003860;0.100000;0.000045;0.003860;0.100000;0.100000;0.000000;-0.000452;0.038596;
1.092392;0.000045;0.003913;0.100000;0.000045;0.003913;0.100000;0.100000;0.000000;-0.000452;0.039135;
1.092410;0.000045;0.003968;0.100000;0.000045;0.003968;0.100000;0.100000;0.000000;-0.000451;0.039675;
1.092427;0.000045;0.004022;0.100000;0.000045;0.004022;0.100000;0.100000;0.000000;-0.000450;0.040218;
1.092445;0.000045;0.004076;0.100000;0.000045;0.004076;0.100000;0.100000;0.000000;-0.000449;0.040763;
1.092463;0.000045;0.004131;0.100000;0.000045;0.004131;0.100000;0.100000;0.000000;-0.000448;0.041310;
1.092480;0.000045;0.004186;0.100000;0.000045;0.004186;0.100000;0.100000;0.000000;-0.000448;0.041859;
1.092498;0.000045;0.004241;0.100000;0.000045;0.004241;0.100000;0.100000;0.000000;-0.000447;0.042411;
1.092516;0.000045;0.004296;0.100000;0.000045;0.004296;0.100000;0.100000;0.000000;-0.000446;0.042964;
1.092533;0.000045;0.004352;0.100000;0.000045;0.004352;0.100000;0.100000;0.000000;-0.000445;0.043520;
1.092551;0.000044;0.004408;0.100000;0.000044;0.004408;0.100000;0.100000;0.000000;-0.000445;0.044078;
1.092569;0.000044;0.004464;0.100000;0.000044;0.004464;0.100000;0.100000;0.000000;-0.000444;0.044638;
1.092586;0.000044;0.004520;0.100000;0.000044;0.004520;0.100000;0.100000;0.000000;-0.000443;0.045200;
1.092604;0.000044;0.004576;0.100000;0.000044;0.004576;0.100000;0.100000;0.000000;-0.000442;0.045764;
1.092622;0.000044;0.004633;0.100000;0.000044;0.004633;0.100000;0.100000;0.000000;-0.000441;0.046330;
1.092639;0.000044;0.004690;0.100000;0.000044;0.004690;0.100000;0.100000;0.000000;-0.000441;0.046898;
1.092657;0.000044;0.004747;0.100000;0.000044;0.004747;0.100000;0.100000;0.000000;-0.000440;0.047469;
1.092675;0.000044;0.004804;0.100000;0.000044;0.004804;0.100000;0.100000;0.000000;-0.000439;0.048041;
1.092692;0.000044;0.004862;0.100000;0.000044;0.004862;0.100000;0.100000;0.000000;-0.000438;0.048616;
1.092710;0.000044;0.004919;0.100000;0.000044;0.004919;0.100000;0.100000;0.000000;-0.000438;0.049193;
1.092728;0.000044;0.004977;0.100000;0.000044;0.004977;0.100000;0.100000;0.000000;-0.000437;0.049772;
1.092745;0.000044;0.005035;0.100000;0.000044;0.005035;0.100000;0.100000;0.000000;-0.000436;0.050353;
1.092763;0.000044;0.005094;0.100000;0.000044;0.005094;0.100000;0.100000;0.000000;-0.000435;0.050936;
1.092781;0.000043;0.005152;0.100000;0.000043;0.005152;0.100000;0.100000;0.000000;-0.000434;0.051521;
1.092798;0.000043;0.005211;0.100000;0.000043;0.005211;0.100000;0.100000;0.000000;-0.000434;0.052108;
1.092816;0.000043;0.005270;0.100000;0.000043;0.005270;0.100000;0.100000;0.000000;-0.000433;0.052697;
1.092834;0.000043;0.005329;0.100000;0.000043;0.005329;0.100000;0.100000;0.000000;-0.000432;0.053289;
1.092851;0.000043;0.005388;0.100000;0.000043;0.005388;0.100000;0.100000;0.000000;-0.000431;0.053882;
1.092869;0.000043;0.005448;0.100000;0.000043;0.005448;0.100000;0.100000;0.000000;-0.000431;0.054478;
1.092887;0.000043;0.005508;0.100000;0.000043;0.005508;0.100000;0.100000;0.000000;-0.000430;0.055075;
1.092904;0.000043;0.005567;0.100000;0.000043;0.005567;0.100000;0.100000;0.000000;-0.000429;0.055675;
1.092922;0.000043;0.005628;0.100000;0.000043;0.005628;0.100000;0.100000;0.000000;-0.000428;0.056277;
1.092940;0.000043;0.005688;0.100000;0.000043;0.005688;0.100000;0.100000;0.000000;-0.000428;0.056880;
1.092957;0.000043;0.005749;0.100000;0.000043;0.005749;0.100000;0.100000;0.000000;-0.000427;0.057486;
1.092975;0.000043;0.005809;0.100000;0.000043;0.005809;0.100000;0.100000;0.000000;-0.000426;0.058094;
1.092993;0.000043;0.005870;0.100000;0.000043;0.005870;0.100000;0.100000;0.000000;-0.000425;0.058704;
1.093000;0.000043;0.005895;0.100000;0.000043;0.005895;0.100000;0.100000;0.000000;-0.000425;0.058945;
1.093000;0.000043;0.005895;0.100000;0.000043;0.005895;0.100000;0.100000;0.000000;-0.000425;0.058951;
1.093000;0.000043;0.005896;0.100000;0.000043;0.005896;0.100000;0.100000;0.000000;-0.000425;0.058961;
1.093001;0.000042;0.005898;0.100000;0.000042;0.005898;0.100000;0.100000;0.000000;-0.000425;0.058983;
1.093002;0.000042;0.005903;0.100000;0.000042;0.005903;0.100000;0.100000;0.000000;-0.000425;0.059027;
1.093005;0.000042;0.005911;0.100000;0.000042;0.005911;0.100000;0.100000;0.000000;-0.000425;0.059115;
1.093010;0.000042;0.005929;0.100000;0.000042;0.005929;0.100000;0.100000;0.000000;-0.000425;0.059290;
1.093020;0.000042;0.005964;0.100000;0.000042;0.005964;0.100000;0.100000;0.000000;-0.000424;0.059642;
1.093040;0.000042;0.006035;0.100000;0.000042;0.006035;0.100000;0.100000;0.000000;-0.000423;0.060348;
1.093060;0.000042;0.006106;0.100000;0.000042;0.006106;0.100000;0.100000;0.000000;-0.000422;0.061057;
1.093080;0.000042;0.006173;0.100000;0.000042;0.006173;0.100000;0.100000;0.000000;-0.000422;0.061730;
1.093080;0.000042;0.006174;0.100000;0.000042;0.006174;0.100000;0.100000;0.000000;-0.000422;0.061735;
1.093080;0.000042;0.006175;0.100000;0.000042;0.006175;0.100000;0.100000;0.000000;-0.000422;0.061747;
1.093081;0.000042;0.006177;0.100000;0.000042;0.006177;0.100000;0.100000;0.000000;-0.000422;0.061769;
1.093082;0.000042;0.006181;0.100000;0.000042;0.006181;0.100000;0.100000;0.000000;-0.000422;0.061814;
1.093085;0.000042;0.006190;0.100000;0.000042;0.006190;0.100000;0.100000;0.000000;-0.000421;0.061904;
1.093090;0.000042;0.006208;0.100000;0.000042;0.006208;0.100000;0.100000;0.000000;-0.000421;0.062084;
1.093100;0.000042;0.006244;0.100000;0.000042;0.006244;0.100000;0.100000;0.000000;-0.000421;0.062445;
1.093120;0.000042;0.006317;0.100000;0.000042;0.006317;0.100000;0.100000;0.000000;-0.000420;0.063169;
1.093141;0.000042;0.006389;0.100000;0.000042;0.006389;0.100000;0.100000;0.000000;-0.000419;0.063895;
1.093162;0.000042;0.006462;0.100000;0.000042;0.006462;0.100000;0.100000;0.000000;-0.000418;0.064623;
1.093182;0.000042;0.006535;0.100000;0.000042;0.006535;0.100000;0.100000;0.000000;-0.000417;0.065353;
1.093203;0.000042;0.006609;0.100000;0.000042;0.006609;0.100000;0.100000;0.000000;-0.000417;0.066085;
1.093223;0.000042;0.006682;0.100000;0.000042;0.006682;0.100000;0.100000;0.000000;-0.000416;0.066819;
1.093244;0.000041;0.006756;0.100000;0.000041;0.006756;0.100000;0.100000;0.000000;-0.000415;0.067555;
1.093264;0.000041;0.006829;0.100000;0.000041;0.006829;0.100000;0.100000;0.000000;-0.000414;0.068293;
1.093285;0.000041;0.006903;0.100000;0.000041;0.006903;0.100000;0.100000;0.000000;-0.000413;0.069032;
1.093305;0.000041;0.006977;0.100000;0.000041;0.006977;0.100000;0.100000;0.000000;-0.000412;0.069772;
1.093326;0.000041;0.007051;0.100000;0.000041;0.007051;0.100000;0.100000;0.000000;-0.000411;0.070515;
1.093346;0.000041;0.007126;0.100000;0.000041;0.007126;0.100000;0.100000;0.000000;-0.000411;0.071258;
1.093367;0.000041;0.007200;0.100000;0.000041;0.007200;0.100000;0.100000;0.000000;-0.000410;0.072003;
1.093387;0.000041;0.007275;0.100000;0.000041;0.007275;0.100000;0.100000;0.000000;-0.000409;0.072750;
1.093408;0.000041;0.007350;0.100000;0.000041;0.007350;0.100000;0.100000;0.000000;-0.000408;0.073498;
1.093428;0.000041;0.007425;0.100000;0.000041;0.007425;0.100000;0.100000;0.000000;-0.000407;0.074246;
1.093449;0.000041;0.007500;0.100000;0.000041;0.007500;0.100000;0.100000;0.000000;-0.000406;0.074997;
1.093469;0.000041;0.007575;0.100000;0.000041;0.007575;0.100000;0.100000;0.000000;-0.000406;0.075748;
1.093490;0.000040;0.007650;0.100000;0.000040;0.007650;0.100000;0.100000;0.000000;-0.000405;0.076500;
1.093510;0.000040;0.007725;0.100000;0.000040;0.007725;0.100000;0.100000;0.000000;-0.000404;0.077253;
1.093531;0.000040;0.007801;0.100000;0.000040;0.007801;0.100000;0.100000;0.000000;-0.000403;0.078007;
1.093552;0.000040;0.007876;0.100000;0.000040;0.007876;0.100000;0.100000;0.000000;-0.000402;0.078762;
1.093572;0.000040;0.007952;0.100000;0.000040;0.007952;0.100000;0.100000;0.000000;-0.000401;0.079518;
1.093593;0.000040;0.008027;0.100000;0.000040;0.008027;0.100000;0.100000;0.000000;-0.000401;0.080275;
1.093613;0.000040;0.008103;0.100000;0.000040;0.008103;0.100000;0.100000;0.000000;-0.000400;0.081032;
1.093634;0.000040;0.008179;0.100000;0.000040;0.008179;0.100000;0.100000;0.000000;-0.000399;0.081790;
1.093654;0.000040;0.008255;0.100000;0.000040;0.008255;0.100000;0.100000;0.000000;-0.000398;0.082549;
1.093675;0.000040;0.008331;0.100000;0.000040;0.008331;0.100000;0.100000;0.000000;-0.000397;0.083308;
1.093695;0.000040;0.008407;0.100000;0.000040;0.008407;0.100000;0.100000;0.000000;-0.000397;0.084068;
1.093716;0.000040;0.008483;0.100000;0.000040;0.008483;0.100000;0.100000;0.000000;-0.000396;0.084829;
1.093736;0.000039;0.008559;0.100000;0.000039;0.008559;0.100000;0.100000;0.000000;-0.000395;0.085590;
1.093757;0.000039;0.008635;0.100000;0.000039;0.008635;0.100000;0.100000;0.000000;-0.000394;0.086351;
1.093777;0.000039;0.008711;0.100000;0.000039;0.008711;0.100000;0.100000;0.000000;-0.000393;0.087112;
1.093798;0.000039;0.008787;0.100000;0.000039;0.008787;0.100000;0.100000;0.000000;-0.000392;0.087874;
1.093818;0.000039;0.008864;0.100000;0.000039;0.008864;0.100000;0.100000;0.000000;-0.000392;0.088637;
1.093839;0.000039;0.008940;0.100000;0.000039;0.008940;0.100000;0.100000;0.000000;-0.000391;0.089399;
1.093859;0.000039;0.009016;0.100000;0.000039;0.009016;0.100000;0.100000;0.000000;-0.000390;0.090162;
1.093880;0.000039;0.009093;0.100000;0.000039;0.009093;0.100000;0.100000;0.000000;-0.000389;0.090925;
1.093901;0.000039;0.009169;0.100000;0.000039;0.009169;0.100000;0.100000;0.000000;-0.000388;0.091688;
1.093921;0.000039;0.009245;0.100000;0.000039;0.009245;0.100000;0.100000;0.000000;-0.000388;0.092452;
1.093942;0.000039;0.009321;0.100000;0.000039;0.009321;0.100000;0.100000;0.000000;-0.000387;0.093215;
1.093962;0.000039;0.009398;0.100000;0.000039;0.009398;0.100000;0.100000;0.000000;-0.000386;0.093978;
1.093983;0.000039;0.009474;0.100000;0.000039;0.009474;0.100000;0.100000;0.000000;-0.000385;0.094742;
1.094003;0.000038;0.009551;0.100000;0.000038;0.009551;0.100000;0.100000;0.000000;-0.000385;0.095505;
1.094024;0.000038;0.009627;0.100000;0.000038;0.009627;0.100000;0.100000;0.000000;-0.000384;0.096269;
1.094044;0.000038;0.009703;0.100000;0.000038;0.009703;0.100000;0.100000;0.000000;-0.000383;0.097032;
1.094065;0.000038;0.009780;0.100000;0.000038;0.009780;0.100000;0.100000;0.000000;-0.000382;0.097795;
1.094085;0.000038;0.009856;0.100000;0.000038;0.009856;0.100000;0.100000;0.000000;-0.000381;0.098558;
1.094106;0.000038;0.009932;0.100000;0.000038;0.009932;0.100000;0.100000;0.000000;-0.000381;0.099321;
1.094126;0.000038;0.010008;0.100000;0.000038;0.010008;0.100000;0.100000;0.000000;-0.000380;0.100084;
1.094147;0.000038;0.010085;0.100000;0.000038;0.010085;0.100000;0.100000;0.000000;-0.000379;0.100846;
1.094167;0.000038;0.010161;0.100000;0.000038;0.010161;0.100000;0.100000;0.000000;-0.000378;0.101609;
1.094188;0.000038;0.010237;0.100000;0.000038;0.010237;0.100000;0.100000;0.000000;-0.000377;0.102371;
1.094208;0.000038;0.010313;0.100000;0.000038;0.010313;0.100000;0.100000;0.000000;-0.000377;0.103132;
1.094229;0.000038;0.010389;0.100000;0.000038;0.010389;0.100000;0.100000;0.000000;-0.000376;0.103894;
1.094249;0.000038;0.010465;0.100000;0.000038;0.010465;0.100000;0.100000;0.000000;-0.000375;0.104655;
1.094270;0.000037;0.010542;0.100000;0.000037;0.010542;0.100000;0.100000;0.000000;-0.000374;0.105416;
1.094291;0.000037;0.010618;0.100000;0.000037;0.010618;0.100000;0.100000;0.000000;-0.000374;0.106176;
1.094311;0.000037;0.010694;0.100000;0.000037;0.010694;0.100000;0.100000;0.000000;-0.000373;0.106936;
1.094332;0.000037;0.010770;0.100000;0.000037;0.010770;0.100000;0.100000;0.000000;-0.000372;0.107695;
1.094352;0.000037;0.010845;0.100000;0.000037;0.010845;0.100000;0.100000;0.000000;-0.000371;0.108454;
1.094373;0.000037;0.010921;0.100000;0.000037;0.010921;0.100000;0.100000;0.000000;-0.000371;0.109213;
1.094393;0.000037;0.010997;0.100000;0.000037;0.010997;0.100000;0.100000;0.000000;-0.000370;0.109971;
1.094414;0.000037;0.011073;0.100000;0.000037;0.011073;0.100000;0.100000;0.000000;-0.000369;0.110728;
1.094434;0.000037;0.011149;0.100000;0.000037;0.011149;0.100000;0.100000;0.000000;-0.000368;0.111485;
1.094455;0.000037;0.011224;0.100000;0.000037;0.011224;0.100000;0.100000;0.000000;-0.000368;0.112242;
1.094475;0.000037;0.011300;0.100000;0.000037;0.011300;0.100000;0.100000;0.000000;-0.000367;0.112997;
1.094496;0.000037;0.011375;0.100000;0.000037;0.011375;0.100000;0.100000;0.000000;-0.000366;0.113753;
1.094516;0.000037;0.011451;0.100000;0.000037;0.011451;0.100000;0.100000;0.000000;-0.000365;0.114507;
1.094537;0.000036;0.011526;0.100000;0.000036;0.011526;0.100000;0.100000;0.000000;-0.000365;0.115261;
1.094557;0.000036;0.011601;0.100000;0.000036;0.011601;0.100000;0.100000;0.000000;-0.000364;0.116015;
1.094578;0.000036;0.011677;0.100000;0.000036;0.011677;0.100000;0.100000;0.000000;-0.000363;0.116767;
1.094598;0.000036;0.011752;0.100000;0.000036;0.011752;0.100000;0.100000;0.000000;-0.000362;0.117519;
1.094619;0.000036;0.011827;0.100000;0.000036;0.011827;0.100000;0.100000;0.000000;-0.000362;0.118271;
1.094639;0.000036;0.011902;0.100000;0.000036;0.011902;0.100000;0.100000;0.000000;-0.000361;0.119021;
1.094660;0.000036;0.011977;0.100000;0.000036;0.011977;0.100000;0.100000;0.000000;-0.000360;0.119771;
1.094681;0.000036;0.012052;0.100000;0.000036;0.012052;0.100000;0.100000;0.000000;-0.000359;0.120520;
1.094701;0.000036;0.012127;0.100000;0.000036;0.012127;0.100000;0.100000;0.000000;-0.000359;0.121269;
1.094722;0.000036;0.012202;0.100000;0.000036;0.012202;0.100000;0.100000;0.000000;-0.000358;0.122016;
1.094742;0.000036;0.012276;0.100000;0.000036;0.012276;0.100000;0.100000;0.000000;-0.000357;0.122763;
1.094763;0.000036;0.012351;0.100000;0.000036;0.012351;0.100000;0.100000;0.000000;-0.000356;0.123509;
1.094783;0.000036;0.012425;0.100000;0.000036;0.012425;0.100000;0.100000;0.000000;-0.000356;0.124254;
1.094804;0.000035;0.012500;0.100000;0.000035;0.012500;0.100000;0.100000;0.000000;-0.000355;0.124999;
1.094824;0.000035;0.012574;0.100000;0.000035;0.012574;0.100000;0.100000;0.000000;-0.000354;0.125742;
1.094865;0.000035;0.012723;0.100000;0.000035;0.012723;0.100000;0.100000;0.000000;-0.000353;0.127226;
1.094901;0.000035;0.012852;0.100000;0.000035;0.012852;0.100000;0.100000;0.000000;-0.000352;0.128524;
1.094937;0.000035;0.012982;0.100000;0.000035;0.012982;0.100000;0.100000;0.000000;-0.000350;0.129820;
1.094973;0.000035;0.013111;0.100000;0.000035;0.013111;0.100000;0.100000;0.000000;-0.000349;0.131113;
1.095009;0.000035;0.013240;0.100000;0.000035;0.013240;0.100000;0.100000;0.000000;-0.000348;0.132403;
1.095045;0.000035;0.013369;0.100000;0.000035;0.013369;0.100000;0.100000;0.000000;-0.000347;0.133691;
1.095081;0.000035;0.013497;0.100000;0.000035;0.013497;0.100000;0.100000;0.000000;-0.000345;0.134975;
1.095117;0.000034;0.013626;0.100000;0.000034;0.013626;0.100000;0.100000;0.000000;-0.000344;0.136256;
1.095153;0.000034;0.013753;0.100000;0.000034;0.013753;0.100000;0.100000;0.000000;-0.000343;0.137534;
1.095189;0.000034;0.013881;0.100000;0.000034;0.013881;0.100000;0.100000;0.000000;-0.000342;0.138809;
1.095225;0.000034;0.014008;0.100000;0.000034;0.014008;0.100000;0.100000;0.000000;-0.000340;0.140081;
1.095261;0.000034;0.014135;0.100000;0.000034;0.014135;0.100000;0.100000;0.000000;-0.000339;0.141350;
1.095297;0.000034;0.014262;0.100000;0.000034;0.014262;0.100000;0.100000;0.000000;-0.000338;0.142616;
1.095333;0.000034;0.014388;0.100000;0.000034;0.014388;0.100000;0.100000;0.000000;-0.000337;0.143878;
1.095369;0.000034;0.014514;0.100000;0.000034;0.014514;0.100000;0.100000;0.000000;-0.000335;0.145137;
1.095405;0.000033;0.014639;0.100000;0.000033;0.014639;0.100000;0.100000;0.000000;-0.000334;0.146392;
1.095441;0.000033;0.014764;0.100000;0.000033;0.014764;0.100000;0.100000;0.000000;-0.000333;0.147645;
1.095477;0.000033;0.014889;0.100000;0.000033;0.014889;0.100000;0.100000;0.000000;-0.000332;0.148893;
1.095513;0.000033;0.015014;0.100000;0.000033;0.015014;0.100000;0.100000;0.000000;-0.000331;0.150139;
1.095549;0.000033;0.015138;0.100000;0.000033;0.015138;0.100000;0.100000;0.000000;-0.000330;0.151381;
1.095585;0.000033;0.015262;0.100000;0.000033;0.015262;0.100000;0.100000;0.000000;-0.000328;0.152620;
1.095621;0.000033;0.015385;0.100000;0.000033;0.015385;0.100000;0.100000;0.000000;-0.000327;0.153855;
1.095658;0.000033;0.015509;0.100000;0.000033;0.015509;0.100000;0.100000;0.000000;-0.000326;0.155086;
1.095694;0.000032;0.015631;0.100000;0.000032;0.015631;0.100000;0.100000;0.000000;-0.000325;0.156314;
1.095730;0.000032;0.015754;0.100000;0.000032;0.015754;0.100000;0.100000;0.000000;-0.000324;0.157539;
1.095766;0.000032;0.015876;0.100000;0.000032;0.015876;0.100000;0.100000;0.000000;-0.000322;0.158760;
1.095802;0.000032;0.015998;0.100000;0.000032;0.015998;0.100000;0.100000;0.000000;-0.000321;0.159977;
1.095838;0.000032;0.016119;0.100000;0.000032;0.016119;0.100000;0.100000;0.000000;-0.000320;0.161191;
1.095874;0.000032;0.016240;0.100000;0.000032;0.016240;0.100000;0.100000;0.000000;-0.000319;0.162401;
1.095910;0.000032;0.016361;0.100000;0.000032;0.016361;0.100000;0.100000;0.000000;-0.000318;0.163608;
1.095946;0.000032;0.016481;0.100000;0.000032;0.016481;0.100000;0.100000;0.000000;-0.000317;0.164811;
1.095982;0.000032;0.016601;0.100000;0.000032;0.016601;0.100000;0.100000;0.000000;-0.000316;0.166010;
1.096018;0.000031;0.016721;0.100000;0.000031;0.016721;0.100000;0.100000;0.000000;-0.000314;0.167206;
1.096054;0.000031;0.016840;0.100000;0.000031;0.016840;0.100000;0.100000;0.000000;-0.000313;0.168398;
1.096090;0.000031;0.016959;0.100000;0.000031;0.016959;0.100000;0.100000;0.000000;-0.000312;0.169586;
1.096126;0.000031;0.017077;0.100000;0.000031;0.017077;0.100000;0.100000;0.000000;-0.000311;0.170771;
1.096162;0.000031;0.017195;0.100000;0.000031;0.017195;0.100000;0.100000;0.000000;-0.000310;0.171952;
1.096198;0.000031;0.017313;0.100000;0.000031;0.017313;0.100000;0.100000;0.000000;-0.000309;0.173129;
1.096234;0.000031;0.017430;0.100000;0.000031;0.017430;0.100000;0.100000;0.000000;-0.000308;0.174303;
1.096270;0.000031;0.017547;0.100000;0.000031;0.017547;0.100000;0.100000;0.000000;-0.000307;0.175473;
1.096306;0.000031;0.017664;0.100000;0.000031;0.017664;0.100000;0.100000;0.000000;-0.000306;0.176639;
1.096342;0.000030;0.017780;0.100000;0.000030;0.017780;0.100000;0.100000;0.000000;-0.000304;0.177802;
1.096378;0.000030;0.017896;0.100000;0.000030;0.017896;0.100000;0.100000;0.000000;-0.000303;0.178960;
1.096414;0.000030;0.018012;0.100000;0.000030;0.018012;0.100000;0.100000;0.000000;-0.000302;0.180115;
1.096450;0.000030;0.018127;0.100000;0.000030;0.018127;0.100000;0.100000;0.000000;-0.000301;0.181267;
1.096486;0.000030;0.018241;0.100000;0.000030;0.018241;0.100000;0.100000;0.000000;-0.000300;0.182414;
1.096522;0.000030;0.018356;0.100000;0.000030;0.018356;0.100000;0.100000;0.000000;-0.000299;0.183558;
1.096558;0.000030;0.018470;0.100000;0.000030;0.018470;0.100000;0.100000;0.000000;-0.000298;0.184698;
1.096594;0.000030;0.018583;0.100000;0.000030;0.018583;0.100000;0.100000;0.000000;-0.000297;0.185835;
1.096630;0.000030;0.018697;0.100000;0.000030;0.018697;0.100000;0.100000;0.000000;-0.000296;0.186967;
1.096702;0.000029;0.018922;0.100000;0.000029;0.018922;0.100000;0.100000;0.000000;-0.000294;0.189218;
1.096766;0.000029;0.019121;0.100000;0.000029;0.019121;0.100000;0.100000;0.000000;-0.000292;0.191215;
1.096830;0.000029;0.019320;0.100000;0.000029;0.019320;0.100000;0.100000;0.000000;-0.000290;0.193200;
1.096895;0.000029;0.019517;0.100000;0.000029;0.019517;0.100000;0.100000;0.000000;-0.000288;0.195173;
1.096959;0.000029;0.019713;0.100000;0.000029;0.019713;0.100000;0.100000;0.000000;-0.000286;0.197134;
1.097023;0.000028;0.019908;0.100000;0.000028;0.019908;0.100000;0.100000;0.000000;-0.000284;0.199083;
1.097087;0.000028;0.020102;0.100000;0.000028;0.020102;0.100000;0.100000;0.000000;-0.000283;0.201021;
1.097152;0.000028;0.020295;0.100000;0.000028;0.020295;0.100000;0.100000;0.000000;-0.000281;0.202947;
1.097216;0.000028;0.020486;0.100000;0.000028;0.020486;0.100000;0.100000;0.000000;-0.000279;0.204862;
1.097280;0.000028;0.020676;0.100000;0.000028;0.020676;0.100000;0.100000;0.000000;-0.000277;0.206764;
1.097345;0.000028;0.020866;0.100000;0.000028;0.020866;0.100000;0.100000;0.000000;-0.000276;0.208656;
1.097409;0.000027;0.021054;0.100000;0.000027;0.021054;0.100000;0.100000;0.000000;-0.000274;0.210535;
1.097473;0.000027;0.021240;0.100000;0.000027;0.021240;0.100000;0.100000;0.000000;-0.000272;0.212403;
1.097537;0.000027;0.021426;0.100000;0.000027;0.021426;0.100000;0.100000;0.000000;-0.000270;0.214260;
1.097602;0.000027;0.021611;0.100000;0.000027;0.021611;0.100000;0.100000;0.000000;-0.000269;0.216105;
1.097666;0.000027;0.021794;0.100000;0.000027;0.021794;0.100000;0.100000;0.000000;-0.000267;0.217939;
1.097730;0.000027;0.021976;0.100000;0.000027;0.021976;0.100000;0.100000;0.000000;-0.000265;0.219762;
1.097794;0.000026;0.022157;0.100000;0.000026;0.022157;0.100000;0.100000;0.000000;-0.000263;0.221573;
1.097859;0.000026;0.022337;0.100000;0.000026;0.022337;0.100000;0.100000;0.000000;-0.000262;0.223373;
1.097923;0.000026;0.022516;0.100000;0.000026;0.022516;0.100000;0.100000;0.000000;-0.000260;0.225162;
1.097987;0.000026;0.022694;0.100000;0.000026;0.022694;0.100000;0.100000;0.000000;-0.000258;0.226940;
1.098052;0.000026;0.022871;0.100000;0.000026;0.022871;0.100000;0.100000;0.000000;-0.000257;0.228706;
1.098116;0.000026;0.023046;0.100000;0.000026;0.023046;0.100000;0.100000;0.000000;-0.000255;0.230462;
1.098180;0.000025;0.023221;0.100000;0.000025;0.023221;0.100000;0.100000;0.000000;-0.000253;0.232206;
1.098244;0.000025;0.023394;0.100000;0.000025;0.023394;0.100000;0.100000;0.000000;-0.000252;0.233940;
1.098309;0.000025;0.023566;0.100000;0.000025;0.023566;0.100000;0.100000;0.000000;-0.000250;0.235663;
1.098373;0.000025;0.023738;0.100000;0.000025;0.023738;0.100000;0.100000;0.000000;-0.000249;0.237375;
1.098437;0.000025;0.023908;0.100000;0.000025;0.023908;0.100000;0.100000;0.000000;-0.000247;0.239076;
1.098566;0.000024;0.024244;0.100000;0.000024;0.024244;0.100000;0.100000;0.000000;-0.000244;0.242436;
1.098680;0.000024;0.024540;0.100000;0.000024;0.024540;0.100000;0.100000;0.000000;-0.000241;0.245403;
1.098795;0.000024;0.024834;0.100000;0.000024;0.024834;0.100000;0.100000;0.000000;-0.000238;0.248336;
1.098910;0.000024;0.025124;0.100000;0.000024;0.025124;0.100000;0.100000;0.000000;-0.000236;0.251236;
1.099025;0.000023;0.025410;0.100000;0.000023;0.025410;0.100000;0.100000;0.000000;-0.000233;0.254104;
1.099140;0.000023;0.025694;0.100000;0.000023;0.025694;0.100000;0.100000;0.000000;-0.000230;0.256940;
1.099254;0.000023;0.025974;0.100000;0.000023;0.025974;0.100000;0.100000;0.000000;-0.000228;0.259743;
1.099369;0.000023;0.026252;0.100000;0.000023;0.026252;0.100000;0.100000;0.000000;-0.000225;0.262515;
1.099484;0.000022;0.026526;0.100000;0.000022;0.026526;0.100000;0.100000;0.000000;-0.000223;0.265256;
1.099599;0.000022;0.026797;0.100000;0.000022;0.026797;0.100000;0.100000;0.000000;-0.000220;0.267966;
1.099713;0.000022;0.027064;0.100000;0.000022;0.027064;0.100000;0.100000;0.000000;-0.000218;0.270645;
1.099828;0.000022;0.027329;0.100000;0.000022;0.027329;0.100000;0.100000;0.000000;-0.000215;0.273294;
1.099943;0.000021;0.027591;0.100000;0.000021;0.027591;0.100000;0.100000;0.000000;-0.000213;0.275913;
1.100000;0.000021;0.027720;0.100000;0.000021;0.027720;0.100000;0.100000;0.000000;-0.000212;0.277196;
1.100000;0.000212;0.187286;1.000000;0.000212;0.187286;1.000000;1.000000;0.000000;-0.000212;0.187286;
1.100000;0.000212;0.187287;1.000000;0.000212;0.187287;1.000000;1.000000;0.000000;-0.000212;0.187287;
1.100000;0.000212;0.187288;1.000000;0.000212;0.187288;1.000000;1.000000;0.000000;-0.000212;0.187288;
1.100000;0.000212;0.187289;1.000000;0.000212;0.187289;1.000000;1.000000;0.000000;-0.000212;0.187289;
1.100000;0.000212;0.187290;1.000000;0.000212;0.187290;1.000000;1.000000;0.000000;-0.000212;0.187290;
1.100000;0.000212;0.187291;1.000000;0.000212;0.187291;1.000000;1.000000;0.000000;-0.000212;0.187291;
1.100000;0.000212;0.187292;1.000000;0.000212;0.187292;1.000000;1.000000;0.000000;-0.000212;0.187292;
1.100000;0.000212;0.187294;1.000000;0.000212;0.187294;1.000000;1.000000;0.000000;-0.000212;0.187294;
1.100001;0.000212;0.187296;1.000000;0.000212;0.187296;1.000000;1.000000;0.000000;-0.000212;0.187296;
1.100001;0.000212;0.187297;1.000000;0.000212;0.187297;1.000000;1.000000;0.000000;-0.000212;0.187297;
1.100001;0.000212;0.187299;1.000000;0.000212;0.187299;1.000000;1.000000;0.000000;-0.000212;0.187299;
1.100001;0.000212;0.187301;1.000000;0.000212;0.187301;1.000000;1.000000;0.000000;-0.000212;0.187301;
1.100001;0.000212;0.187306;1.000000;0.000212;0.187306;1.000000;1.000000;0.000000;-0.000212;0.187306;
1.100002;0.000211;0.187316;1.000000;0.000211;0.187316;1.000000;1.000000;0.000000;-0.000211;0.187316;
1.100004;0.000211;0.187337;1.000000;0.000211;0.187337;1.000000;1.000000;0.000000;-0.000211;0.187337;
1.100005;0.000211;0.187357;1.000000;0.000211;0.187357;1.000000;1.000000;0.000000;-0.000211;0.187357;
1.100006;0.000211;0.187378;1.000000;0.000211;0.187378;1.000000;1.000000;0.000000;-0.000211;0.187378;
1.100008;0.000211;0.187398;1.000000;0.000211;0.187398;1.000000;1.000000;0.000000;-0.000211;0.187398;
1.100009;0.000211;0.187418;1.000000;0.000211;0.187418;1.000000;1.000000;0.000000;-0.000211;0.187418;
1.100011;0.000211;0.187439;1.000000;0.000211;0.187439;1.000000;1.000000;0.000000;-0.000211;0.187439;
1.100012;0.000211;0.187459;1.000000;0.000211;0.187459;1.000000;1.000000;0.000000;-0.000211;0.187459;
1.100014;0.000211;0.187480;1.000000;0.000211;0.187480;1.000000;1.000000;0.000000;-0.000211;0.187480;
1.100015;0.000211;0.187500;1.000000;0.000211;0.187500;1.000000;1.000000;0.000000;-0.000211;0.187500;
1.100017;0.000211;0.187520;1.000000;0.000211;0.187520;1.000000;1.000000;0.000000;-0.000211;0.187520;
1.100018;0.000211;0.187541;1.000000;0.000211;0.187541;1.000000;1.000000;0.000000;-0.000211;0.187541;
1.100020;0.000211;0.187561;1.000000;0.000211;0.187561;1.000000;1.000000;0.000000;-0.000211;0.187561;
1.100021;0.000211;0.187581;1.000000;0.000211;0.187581;1.000000;1.000000;0.000000;-0.000211;0.187581;
1.100023;0.000211;0.187602;1.000000;0.000211;0.187602;1.000000;1.000000;0.000000;-0.000211;0.187602;
1.100024;0.000211;0.187622;1.000000;0.000211;0.187622;1.000000;1.000000;0.000000;-0.000211;0.187622;
1.100026;0.000211;0.187643;1.000000;0.000211;0.187643;1.000000;1.000000;0.000000;-0.000211;0.187643;
1.100027;0.000211;0.187663;1.000000;0.000211;0.187663;1.000000;1.000000;0.000000;-0.000211;0.187663;
1.100028;0.000211;0.187671;1.000000;0.000211;0.187671;1.000000;1.000000;0.000000;-0.000211;0.187671;
1.100028;0.000211;0.187672;1.000000;0.000211;0.187672;1.000000;1.000000;0.000000;-0.000211;0.187672;
1.100028;0.000211;0.187673;1.000000;0.000211;0.187673;1.000000;1.000000;0.000000;-0.000211;0.187673;
1.100028;0.000211;0.187677;1.000000;0.000211;0.187677;1.000000;1.000000;0.000000;-0.000211;0.187677;
1.100029;0.000211;0.187683;1.000000;0.000211;0.187683;1.000000;1.000000;0.000000;-0.000211;0.187683;
1.100030;0.000211;0.187695;1.000000;0.000211;0.187695;1.000000;1.000000;0.000000;-0.000211;0.187695;
1.100031;0.000211;0.187719;1.000000;0.000211;0.187719;1.000000;1.000000;0.000000;-0.000211;0.187719;
1.100033;0.000211;0.187744;1.000000;0.000211;0.187744;1.000000;1.000000;0.000000;-0.000211;0.187744;
1.100037;0.000211;0.187793;1.000000;0.000211;0.187793;1.000000;1.000000;0.000000;-0.000211;0.187793;
1.100040;0.000211;0.187837;1.000000;0.000211;0.187837;1.000000;1.000000;0.000000;-0.000211;0.187837;
1.100043;0.000211;0.187881;1.000000;0.000211;0.187881;1.000000;1.000000;0.000000;-0.000211;0.187881;
1.100046;0.000211;0.187926;1.000000;0.000211;0.187926;1.000000;1.000000;0.000000;-0.000211;0.187926;
1.100050;0.000211;0.187970;1.000000;0.000211;0.187970;1.000000;1.000000;0.000000;-0.000211;0.187970;
1.100053;0.000211;0.188014;1.000000;0.000211;0.188014;1.000000;1.000000;0.000000;-0.000211;0.188014;
1.100056;0.000211;0.188058;1.000000;0.000211;0.188058;1.000000;1.000000;0.000000;-0.000211;0.188058;
1.100059;0.000210;0.188103;1.000000;0.000210;0.188103;1.000000;1.000000;0.000000;-0.000210;0.188103;
1.100063;0.000210;0.188147;1.000000;0.000210;0.188147;1.000000;1.000000;0.000000;-0.000210;0.188147;
1.100066;0.000210;0.188191;1.000000;0.000210;0.188191;1.000000;1.000000;0.000000;-0.000210;0.188191;
1.100069;0.000210;0.188236;1.000000;0.000210;0.188236;1.000000;1.000000;0.000000;-0.000210;0.188236;
1.100072;0.000210;0.188280;1.000000;0.000210;0.188280;1.000000;1.000000;0.000000;-0.000210;0.188280;
1.100075;0.000210;0.188325;1.000000;0.000210;0.188325;1.000000;1.000000;0.000000;-0.000210;0.188325;
1.100079;0.000210;0.188369;1.000000;0.000210;0.188369;1.000000;1.000000;0.000000;-0.000210;0.188369;
1.100082;0.000210;0.188414;1.000000;0.000210;0.188414;1.000000;1.000000;0.000000;-0.000210;0.188414;
1.100085;0.000210;0.188459;1.000000;0.000210;0.188459;1.000000;1.000000;0.000000;-0.000210;0.188459;
1.100088;0.000210;0.188503;1.000000;0.000210;0.188503;1.000000;1.000000;0.000000;-0.000210;0.188503;
1.100092;0.000210;0.188548;1.000000;0.000210;0.188548;1.000000;1.000000;0.000000;-0.000210;0.188548;
1.100095;0.000210;0.188593;1.000000;0.000210;0.188593;1.000000;1.000000;0.000000;-0.000210;0.188593;
1.100098;0.000210;0.188638;1.000000;0.000210;0.188638;1.000000;1.000000;0.000000;-0.000210;0.188638;
1.100100;0.000210;0.188660;1.000000;0.000210;0.188660;1.000000;1.000000;0.000000;-0.000210;0.188660;
1.100100;0.000210;0.188661;1.000000;0.000210;0.188661;1.000000;1.000000;0.000000;-0.000210;0.188661;
1.100100;0.000210;0.188662;1.000000;0.000210;0.188662;1.000000;1.000000;0.000000;-0.000210;0.188662;
1.100100;0.000210;0.188663;1.000000;0.000210;0.188663;1.000000;1.000000;0.000000;-0.000210;0.188663;
1.100100;0.000210;0.188664;1.000000;0.000210;0.188664;1.000000;1.000000;0.000000;-0.000210;0.188664;
1.100100;0.000210;0.188665;1.000000;0.000210;0.188665;1.000000;1.000000;0.000000;-0.000210;0.188665;
1.100100;0.000210;0.188666;1.000000;0.000210;0.188666;1.000000;1.000000;0.000000;-0.000210;0.188666;
1.100100;0.000210;0.188668;1.000000;0.000210;0.188668;1.000000;1.000000;0.000000;-0.000210;0.188668;
1.100100;0.000210;0.188672;1.000000;0.000210;0.188672;1.000000;1.000000;0.000000;-0.000210;0.188672;
1.100101;0.000210;0.188681;1.000000;0.000210;0.188681;1.000000;1.000000;0.000000;-0.000210;0.188681;
1.100102;0.000210;0.188699;1.000000;0.000210;0.188699;1.000000;1.000000;0.000000;-0.000210;0.188699;
1.100105;0.000210;0.188734;1.000000;0.000210;0.188734;1.000000;1.000000;0.000000;-0.000210;0.188734;
1.100107;0.000210;0.188769;1.000000;0.000210;0.188769;1.000000;1.000000;0.000000;-0.000210;0.188769;
1.100112;0.000210;0.188839;1.000000;0.000210;0.188839;1.000000;1.000000;0.000000;-0.000210;0.188839;
1.100117;0.000210;0.188903;1.000000;0.000210;0.188903;1.000000;1.000000;0.000000;-0.000210;0.188903;
1.100121;0.000210;0.188967;1.000000;0.000210;0.188967;1.000000;1.000000;0.000000;-0.000210;0.188967;
1.100126;0.000210;0.189031;1.000000;0.000210;0.189031;1.000000;1.000000;0.000000;-0.000210;0.189031;
1.100130;0.000210;0.189095;1.000000;0.000210;0.189095;1.000000;1.000000;0.000000;-0.000210;0.189095;
1.100135;0.000210;0.189159;1.000000;0.000210;0.189159;1.000000;1.000000;0.000000;-0.000210;0.189159;
1.100140;0.000210;0.189223;1.000000;0.000210;0.189223;1.000000;1.000000;0.000000;-0.000210;0.189223;
1.100142;0.000210;0.189261;1.000000;0.000210;0.189261;1.000000;1.000000;0.000000;-0.000210;0.189261;
1.100142;0.000210;0.189262;1.000000;0.000210;0.189262;1.000000;1.000000;0.000000;-0.000210;0.189262;
1.100142;0.000210;0.189264;1.000000;0.000210;0.189264;1.000000;1.000000;0.000000;-0.000210;0.189264;
1.100143;0.000210;0.189266;1.000000;0.000210;0.189266;1.000000;1.000000;0.000000;-0.000210;0.189266;
1.100143;0.000210;0.189271;1.000000;0.000210;0.189271;1.000000;1.000000;0.000000;-0.000210;0.189271;
1.100144;0.000210;0.189282;1.000000;0.000210;0.189282;1.000000;1.000000;0.000000;-0.000210;0.189282;
1.100145;0.000210;0.189302;1.000000;0.000210;0.189302;1.000000;1.000000;0.000000;-0.000210;0.189302;
1.100148;0.000210;0.189343;1.000000;0.000210;0.189343;1.000000;1.000000;0.000000;-0.000210;0.189343;
1.100151;0.000210;0.189385;1.000000;0.000210;0.189385;1.000000;1.000000;0.000000;-0.000210;0.189385;
1.100157;0.000209;0.189468;1.000000;0.000209;0.189468;1.000000;1.000000;0.000000;-0.000209;0.189468;
1.100162;0.000209;0.189551;1.000000;0.000209;0.189551;1.000000;1.000000;0.000000;-0.000209;0.189551;
1.100168;0.000209;0.189635;1.000000;0.000209;0.189635;1.000000;1.000000;0.000000;-0.000209;0.189635;
1.100174;0.000209;0.189718;1.000000;0.000209;0.189718;1.000000;1.000000;0.000000;-0.000209;0.189718;
1.100180;0.000209;0.189803;1.000000;0.000209;0.189803;1.000000;1.000000;0.000000;-0.000209;0.189803;
1.100185;0.000209;0.189887;1.000000;0.000209;0.189887;1.000000;1.000000;0.000000;-0.000209;0.189887;
1.100191;0.000209;0.189972;1.000000;0.000209;0.189972;1.000000;1.000000;0.000000;-0.000209;0.189972;
1.100197;0.000209;0.190057;1.000000;0.000209;0.190057;1.000000;1.000000;0.000000;-0.000209;0.190057;
1.100203;0.000209;0.190142;1.000000;0.000209;0.190142;1.000000;1.000000;0.000000;-0.000209;0.190142;
1.100209;0.000209;0.190227;1.000000;0.000209;0.190227;1.000000;1.000000;0.000000;-0.000209;0.190227;
1.100214;0.000209;0.190313;1.000000;0.000209;0.190313;1.000000;1.000000;0.000000;-0.000209;0.190313;
1.100220;0.000209;0.190399;1.000000;0.000209;0.190399;1.000000;1.000000;0.000000;-0.000209;0.190399;
1.100226;0.000209;0.190486;1.000000;0.000209;0.190486;1.000000;1.000000;0.000000;-0.000209;0.190486;
1.100232;0.000209;0.190572;1.000000;0.000209;0.190572;1.000000;1.000000;0.000000;-0.000209;0.190572;
1.100237;0.000209;0.190659;1.000000;0.000209;0.190659;1.000000;1.000000;0.000000;-0.000209;0.190659;
1.100243;0.000209;0.190747;1.000000;0.000209;0.190747;1.000000;1.000000;0.000000;-0.000209;0.190747;
1.100249;0.000209;0.190834;1.000000;0.000209;0.190834;1.000000;1.000000;0.000000;-0.000209;0.190834;
1.100255;0.000209;0.190922;1.000000;0.000209;0.190922;1.000000;1.000000;0.000000;-0.000209;0.190922;
1.100260;0.000210;0.191010;1.000000;0.000210;0.191010;1.000000;1.000000;0.000000;-0.000210;0.191010;
1.100266;0.000210;0.191098;1.000000;0.000210;0.191098;1.000000;1.000000;0.000000;-0.000210;0.191098;
1.100272;0.000210;0.191187;1.000000;0.000210;0.191187;1.000000;1.000000;0.000000;-0.000210;0.191187;
1.100278;0.000210;0.191276;1.000000;0.000210;0.191276;1.000000;1.000000;0.000000;-0.000210;0.191276;
1.100284;0.000210;0.191365;1.000000;0.000210;0.191365;1.000000;1.000000;0.000000;-0.000210;0.191365;
1.100289;0.000210;0.191455;1.000000;0.000210;0.191455;1.000000;1.000000;0.000000;-0.000210;0.191455;
1.100295;0.000210;0.191544;1.000000;0.000210;0.191544;1.000000;1.000000;0.000000;-0.000210;0.191544;
1.100301;0.000210;0.191634;1.000000;0.000210;0.191634;1.000000;1.000000;0.000000;-0.000210;0.191634;
1.100307;0.000210;0.191725;1.000000;0.000210;0.191725;1.000000;1.000000;0.000000;-0.000210;0.191725;
1.100312;0.000210;0.191815;1.000000;0.000210;0.191815;1.000000;1.000000;0.000000;-0.000210;0.191815;
1.100318;0.000210;0.191906;1.000000;0.000210;0.191906;1.000000;1.000000;0.000000;-0.000210;0.191906;
1.100324;0.000210;0.191997;1.000000;0.000210;0.191997;1.000000;1.000000;0.000000;-0.000210;0.191997;
1.100330;0.000210;0.192089;1.000000;0.000210;0.192089;1.000000;1.000000;0.000000;-0.000210;0.192089;
1.100335;0.000210;0.192181;1.000000;0.000210;0.192181;1.000000;1.000000;0.000000;-0.000210;0.192181;
1.100341;0.000210;0.192273;1.000000;0.000210;0.192273;1.000000;1.000000;0.000000;-0.000210;0.192273;
1.100347;0.000210;0.192365;1.000000;0.000210;0.192365;1.000000;1.000000;0.000000;-0.000210;0.192365;
1.100353;0.000210;0.192457;1.000000;0.000210;0.192457;1.000000;1.000000;0.000000;-0.000210;0.192457;
1.100359;0.000211;0.192550;1.000000;0.000211;0.192550;1.000000;1.000000;0.000000;-0.000211;0.192550;
1.100364;0.000211;0.192643;1.000000;0.000211;0.192643;1.000000;1.000000;0.000000;-0.000211;0.192643;
1.100370;0.000211;0.192737;1.000000;0.000211;0.192737;1.000000;1.000000;0.000000;-0.000211;0.192737;
1.100376;0.000211;0.192830;1.000000;0.000211;0.192830;1.000000;1.000000;0.000000;-0.000211;0.192830;
1.100382;0.000211;0.192924;1.000000;0.000211;0.192924;1.000000;1.000000;0.000000;-0.000211;0.192924;
1.100387;0.000211;0.193019;1.000000;0.000211;0.193019;1.000000;1.000000;0.000000;-0.000211;0.193019;
1.100393;0.000211;0.193113;1.000000;0.000211;0.193113;1.000000;1.000000;0.000000;-0.000211;0.193113;
1.100399;0.000211;0.193208;1.000000;0.000211;0.193208;1.000000;1.000000;0.000000;-0.000211;0.193208;
1.100405;0.000211;0.193303;1.000000;0.000211;0.193303;1.000000;1.000000;0.000000;-0.000211;0.193303;
1.100410;0.000211;0.193398;1.000000;0.000211;0.193398;1.000000;1.000000;0.000000;-0.000211;0.193398;
1.100416;0.000212;0.193497;1.000000;0.000212;0.193497;1.000000;1.000000;0.000000;-0.000212;0.193497;
1.100416;0.000212;0.193498;1.000000;0.000212;0.193498;1.000000;1.000000;0.000000;-0.000212;0.193498;
1.100417;0.000212;0.193499;1.000000;0.000212;0.193499;1.000000;1.000000;0.000000;-0.000212;0.193499;
1.100417;0.000212;0.193502;1.000000;0.000212;0.193502;1.000000;1.000000;0.000000;-0.000212;0.193502;
1.100417;0.000212;0.193507;1.000000;0.000212;0.193507;1.000000;1.000000;0.000000;-0.000212;0.193507;
1.100418;0.000212;0.193517;1.000000;0.000212;0.193517;1.000000;1.000000;0.000000;-0.000212;0.193517;
1.100419;0.000212;0.193537;1.000000;0.000212;0.193537;1.000000;1.000000;0.000000;-0.000212;0.193537;
1.100421;0.000212;0.193578;1.000000;0.000212;0.193578;1.000000;1.000000;0.000000;-0.000212;0.193578;
1.100426;0.000212;0.193660;1.000000;0.000212;0.193660;1.000000;1.000000;0.000000;-0.000212;0.193660;
1.100436;0.000212;0.193825;1.000000;0.000212;0.193825;1.000000;1.000000;0.000000;-0.000212;0.193825;
1.100446;0.000212;0.193990;1.000000;0.000212;0.193990;1.000000;1.000000;0.000000;-0.000212;0.193990;
1.100456;0.000212;0.194157;1.000000;0.000212;0.194157;1.000000;1.000000;0.000000;-0.000212;0.194157;
1.100466;0.000213;0.194324;1.000000;0.000213;0.194324;1.000000;1.000000;0.000000;-0.000213;0.194324;
1.100475;0.000213;0.194492;1.000000;0.000213;0.194492;1.000000;1.000000;0.000000;-0.000213;0.194492;
1.100485;0.000213;0.194660;1.000000;0.000213;0.194660;1.000000;1.000000;0.000000;-0.000213;0.194660;
1.100495;0.000214;0.194830;1.000000;0.000214;0.194830;1.000000;1.000000;0.000000;-0.000214;0.194830;
1.100505;0.000214;0.195000;1.000000;0.000214;0.195000;1.000000;1.000000;0.000000;-0.000214;0.195000;
1.100515;0.000214;0.195171;1.000000;0.000214;0.195171;1.000000;1.000000;0.000000;-0.000214;0.195171;
1.100525;0.000214;0.195343;1.000000;0.000214;0.195343;1.000000;1.000000;0.000000;-0.000214;0.195343;
1.100534;0.000215;0.195516;1.000000;0.000215;0.195516;1.000000;1.000000;0.000000;-0.000215;0.195516;
1.100544;0.000215;0.195689;1.000000;0.000215;0.195689;1.000000;1.000000;0.000000;-0.000215;0.195689;
1.100554;0.000215;0.195863;1.000000;0.000215;0.195863;1.000000;1.000000;0.000000;-0.000215;0.195863;
1.100564;0.000216;0.196038;1.000000;0.000216;0.196038;1.000000;1.000000;0.000000;-0.000216;0.196038;
1.100574;0.000216;0.196214;1.000000;0.000216;0.196214;1.000000;1.000000;0.000000;-0.000216;0.196214;
1.100584;0.000216;0.196391;1.000000;0.000216;0.196391;1.000000;1.000000;0.000000;-0.000216;0.196391;
1.100593;0.000217;0.196568;1.000000;0.000217;0.196568;1.000000;1.000000;0.000000;-0.000217;0.196568;
1.100603;0.000217;0.196746;1.000000;0.000217;0.196746;1.000000;1.000000;0.000000;-0.000217;0.196746;
1.100613;0.000218;0.196925;1.000000;0.000218;0.196925;1.000000;1.000000;0.000000;-0.000218;0.196925;
1.100623;0.000218;0.197105;1.000000;0.000218;0.197105;1.000000;1.000000;0.000000;-0.000218;0.197105;
1.100633;0.000218;0.197286;1.000000;0.000218;0.197286;1.000000;1.000000;0.000000;-0.000218;0.197286;
1.100642;0.000219;0.197460;1.000000;0.000219;0.197460;1.000000;1.000000;0.000000;-0.000219;0.197460;
1.100642;0.000219;0.197461;1.000000;0.000219;0.197461;1.000000;1.000000;0.000000;-0.000219;0.197461;
1.100642;0.000219;0.197463;1.000000;0.000219;0.197463;1.000000;1.000000;0.000000;-0.000219;0.197463;
1.100643;0.000219;0.197467;1.000000;0.000219;0.197467;1.000000;1.000000;0.000000;-0.000219;0.197467;
1.100643;0.000219;0.197474;1.000000;0.000219;0.197474;1.000000;1.000000;0.000000;-0.000219;0.197474;
1.100644;0.000219;0.197489;1.000000;0.000219;0.197489;1.000000;1.000000;0.000000;-0.000219;0.197489;
1.100645;0.000219;0.197519;1.000000;0.000219;0.197519;1.000000;1.000000;0.000000;-0.000219;0.197519;
1.100649;0.000219;0.197579;1.000000;0.000219;0.197579;1.000000;1.000000;0.000000;-0.000219;0.197579;
1.100655;0.000219;0.197699;1.000000;0.000219;0.197699;1.000000;1.000000;0.000000;-0.000219;0.197699;
1.100662;0.000220;0.197819;1.000000;0.000220;0.197819;1.000000;1.000000;0.000000;-0.000220;0.197819;
1.100675;0.000220;0.198062;1.000000;0.000220;0.198062;1.000000;1.000000;0.000000;-0.000220;0.198062;
1.100688;0.000221;0.198305;1.000000;0.000221;0.198305;1.000000;1.000000;0.000000;-0.000221;0.198305;
1.100701;0.000221;0.198551;1.000000;0.000221;0.198551;1.000000;1.000000;0.000000;-0.000221;0.198551;
1.100713;0.000222;0.198797;1.000000;0.000222;0.198797;1.000000;1.000000;0.000000;-0.000222;0.198797;
1.100726;0.000223;0.199045;1.000000;0.000223;0.199045;1.000000;1.000000;0.000000;-0.000223;0.199045;
1.100739;0.000223;0.199294;1.000000;0.000223;0.199294;1.000000;1.000000;0.000000;-0.000223;0.199294;
1.100752;0.000224;0.199544;1.000000;0.000224;0.199544;1.000000;1.000000;0.000000;-0.000224;0.199544;
1.100765;0.000225;0.199796;1.000000;0.000225;0.199796;1.000000;1.000000;0.000000;-0.000225;0.199796;
1.100778;0.000225;0.200049;1.000000;0.000225;0.200049;1.000000;1.000000;0.000000;-0.000225;0.200049;
1.100791;0.000226;0.200304;1.000000;0.000226;0.200304;1.000000;1.000000;0.000000;-0.000226;0.200304;
1.100804;0.000227;0.200560;1.000000;0.000227;0.200560;1.000000;1.000000;0.000000;-0.000227;0.200560;
1.100817;0.000228;0.200817;1.000000;0.000228;0.200817;1.000000;1.000000;0.000000;-0.000228;0.200817;
1.100830;0.000228;0.201076;1.000000;0.000228;0.201076;1.000000;1.000000;0.000000;-0.000228;0.201076;
1.100843;0.000229;0.201335;1.000000;0.000229;0.201335;1.000000;1.000000;0.000000;-0.000229;0.201335;
1.100856;0.000230;0.201597;1.000000;0.000230;0.201597;1.000000;1.000000;0.000000;-0.000230;0.201597;
1.100869;0.000231;0.201859;1.000000;0.000231;0.201859;1.000000;1.000000;0.000000;-0.000231;0.201859;
1.100882;0.000232;0.202123;1.000000;0.000232;0.202123;1.000000;1.000000;0.000000;-0.000232;0.202123;
1.100895;0.000233;0.202388;1.000000;0.000233;0.202388;1.000000;1.000000;0.000000;-0.000233;0.202388;
1.100908;0.000234;0.202655;1.000000;0.000234;0.202655;1.000000;1.000000;0.000000;-0.000234;0.202655;
1.100921;0.000234;0.202923;1.000000;0.000234;0.202923;1.000000;1.000000;0.000000;-0.000234;0.202923;
1.100934;0.000235;0.203192;1.000000;0.000235;0.203192;1.000000;1.000000;0.000000;-0.000235;0.203192;
1.100947;0.000236;0.203463;1.000000;0.000236;0.203463;1.000000;1.000000;0.000000;-0.000236;0.203463;
1.100960;0.000237;0.203735;1.000000;0.000237;0.203735;1.000000;1.000000;0.000000;-0.000237;0.203735;
1.100973;0.000238;0.204008;1.000000;0.000238;0.204008;1.000000;1.000000;0.000000;-0.000238;0.204008;
1.100986;0.000239;0.204282;1.000000;0.000239;0.204282;1.000000;1.000000;0.000000;-0.000239;0.204282;
1.100999;0.000240;0.204558;1.000000;0.000240;0.204558;1.000000;1.000000;0.000000;-0.000240;0.204558;
1.101012;0.000241;0.204835;1.000000;0.000241;0.204835;1.000000;1.000000;0.000000;-0.000241;0.204835;
1.101025;0.000242;0.205114;1.000000;0.000242;0.205114;1.000000;1.000000;0.000000;-0.000242;0.205114;
1.101038;0.000243;0.205394;1.000000;0.000243;0.205394;1.000000;1.000000;0.000000;-0.000243;0.205394;
1.101050;0.000244;0.205675;1.000000;0.000244;0.205675;1.000000;1.000000;0.000000;-0.000244;0.205675;
1.101063;0.000245;0.205957;1.000000;0.000245;0.205957;1.000000;1.000000;0.000000;-0.000245;0.205957;
1.101076;0.000246;0.206241;1.000000;0.000246;0.206241;1.000000;1.000000;0.000000;-0.000246;0.206241;
1.101089;0.000247;0.206526;1.000000;0.000247;0.206526;1.000000;1.000000;0.000000;-0.000247;0.206526;
1.101102;0.000248;0.206813;1.000000;0.000248;0.206813;1.000000;1.000000;0.000000;-0.000248;0.206813;
1.101115;0.000250;0.207100;1.000000;0.000250;0.207100;1.000000;1.000000;0.000000;-0.000250;0.207100;
1.101128;0.000251;0.207389;1.000000;0.000251;0.207389;1.000000;1.000000;0.000000;-0.000251;0.207389;
1.101141;0.000252;0.207679;1.000000;0.000252;0.207679;1.000000;1.000000;0.000000;-0.000252;0.207679;
1.101154;0.000253;0.207971;1.000000;0.000253;0.207971;1.000000;1.000000;0.000000;-0.000253;0.207971;
1.101167;0.000254;0.208264;1.000000;0.000254;0.208264;1.000000;1.000000;0.000000;-0.000254;0.208264;
1.101180;0.000255;0.208558;1.000000;0.000255;0.208558;1.000000;1.000000;0.000000;-0.000255;0.208558;
1.101193;0.000257;0.208854;1.000000;0.000257;0.208854;1.000000;1.000000;0.000000;-0.000257;0.208854;
1.101206;0.000258;0.209150;1.000000;0.000258;0.209150;1.000000;1.000000;0.000000;-0.000258;0.209150;
1.101219;0.000259;0.209448;1.000000;0.000259;0.209448;1.000000;1.000000;0.000000;-0.000259;0.209448;
1.101232;0.000260;0.209748;1.000000;0.000260;0.209748;1.000000;1.000000;0.000000;-0.000260;0.209748;
1.101245;0.000262;0.210048;1.000000;0.000262;0.210048;1.000000;1.000000;0.000000;-0.000262;0.210048;
1.101258;0.000263;0.210350;1.000000;0.000263;0.210350;1.000000;1.000000;0.000000;-0.000263;0.210350;
1.101271;0.000264;0.210653;1.000000;0.000264;0.210653;1.000000;1.000000;0.000000;-0.000264;0.210653;
1.101284;0.000266;0.210958;1.000000;0.000266;0.210958;1.000000;1.000000;0.000000;-0.000266;0.210958;
1.101297;0.000267;0.211264;1.000000;0.000267;0.211264;1.000000;1.000000;0.000000;-0.000267;0.211264;
1.101310;0.000268;0.211571;1.000000;0.000268;0.211571;1.000000;1.000000;0.000000;-0.000268;0.211571;
1.101323;0.000270;0.211879;1.000000;0.000270;0.211879;1.000000;1.000000;0.000000;-0.000270;0.211879;
1.101336;0.000271;0.212189;1.000000;0.000271;0.212189;1.000000;1.000000;0.000000;-0.000271;0.212189;
1.101349;0.000272;0.212499;1.000000;0.000272;0.212499;1.000000;1.000000;0.000000;-0.000272;0.212499;
1.101362;0.000274;0.212812;1.000000;0.000274;0.212812;1.000000;1.000000;0.000000;-0.000274;0.212812;
1.101374;0.000275;0.213125;1.000000;0.000275;0.213125;1.000000;1.000000;0.000000;-0.000275;0.213125;
1.101387;0.000277;0.213440;1.000000;0.000277;0.213440;1.000000;1.000000;0.000000;-0.000277;0.213440;
1.101400;0.000278;0.213756;1.000000;0.000278;0.213756;1.000000;1.000000;0.000000;-0.000278;0.213756;
1.101413;0.000280;0.214073;1.000000;0.000280;0.214073;1.000000;1.000000;0.000000;-0.000280;0.214073;
1.101426;0.000281;0.214391;1.000000;0.000281;0.214391;1.000000;1.000000;0.000000;-0.000281;0.214391;
1.101439;0.000283;0.214711;1.000000;0.000283;0.214711;1.000000;1.000000;0.000000;-0.000283;0.214711;
1.101452;0.000284;0.215032;1.000000;0.000284;0.215032;1.000000;1.000000;0.000000;-0.000284;0.215032;
1.101465;0.000286;0.215354;1.000000;0.000286;0.215354;1.000000;1.000000;0.000000;-0.000286;0.215354;
1.101478;0.000287;0.215678;1.000000;0.000287;0.215678;1.000000;1.000000;0.000000;-0.000287;0.215678;
1.101491;0.000289;0.216003;1.000000;0.000289;0.216003;1.000000;1.000000;0.000000;-0.000289;0.216003;
1.101504;0.000290;0.216329;1.000000;0.000290;0.216329;1.000000;1.000000;0.000000;-0.000290;0.216329;
1.101530;0.000293;0.216986;1.000000;0.000293;0.216986;1.000000;1.000000;0.000000;-0.000293;0.216986;
1.101553;0.000296;0.217570;1.000000;0.000296;0.217570;1.000000;1.000000;0.000000;-0.000296;0.217570;
1.101576;0.000299;0.218158;1.000000;0.000299;0.218158;1.000000;1.000000;0.000000;-0.000299;0.218158;
1.101599;0.000302;0.218749;1.000000;0.000302;0.218749;1.000000;1.000000;0.000000;-0.000302;0.218749;
1.101622;0.000305;0.219345;1.000000;0.000305;0.219345;1.000000;1.000000;0.000000;-0.000305;0.219345;
1.101644;0.000308;0.219944;1.000000;0.000308;0.219944;1.000000;1.000000;0.000000;-0.000308;0.219944;
1.101667;0.000311;0.220548;1.000000;0.000311;0.220548;1.000000;1.000000;0.000000;-0.000311;0.220548;
1.101690;0.000315;0.221155;1.000000;0.000315;0.221155;1.000000;1.000000;0.000000;-0.000315;0.221155;
1.101713;0.000318;0.221766;1.000000;0.000318;0.221766;1.000000;1.000000;0.000000;-0.000318;0.221766;
1.101736;0.000321;0.222381;1.000000;0.000321;0.222381;1.000000;1.000000;0.000000;-0.000321;0.222381;
1.101759;0.000324;0.222999;1.000000;0.000324;0.222999;1.000000;1.000000;0.000000;-0.000324;0.222999;
1.101782;0.000328;0.223622;1.000000;0.000328;0.223622;1.000000;1.000000;0.000000;-0.000328;0.223622;
1.101805;0.000331;0.224248;1.000000;0.000331;0.224248;1.000000;1.000000;0.000000;-0.000331;0.224248;
1.101827;0.000334;0.224878;1.000000;0.000334;0.224878;1.000000;1.000000;0.000000;-0.000334;0.224878;
1.101850;0.000338;0.225512;1.000000;0.000338;0.225512;1.000000;1.000000;0.000000;-0.000338;0.225512;
1.101873;0.000341;0.226149;1.000000;0.000341;0.226149;1.000000;1.000000;0.000000;-0.000341;0.226149;
1.101896;0.000345;0.226790;1.000000;0.000345;0.226790;1.000000;1.000000;0.000000;-0.000345;0.226790;
1.101919;0.000348;0.227435;1.000000;0.000348;0.227435;1.000000;1.000000;0.000000;-0.000348;0.227435;
1.101942;0.000352;0.228084;1.000000;0.000352;0.228084;1.000000;1.000000;0.000000;-0.000352;0.228084;
1.101965;0.000356;0.228737;1.000000;0.000356;0.228737;1.000000;1.000000;0.000000;-0.000356;0.228737;
1.101988;0.000359;0.229393;1.000000;0.000359;0.229393;1.000000;1.000000;0.000000;-0.000359;0.229393;
1.102010;0.000363;0.230053;1.000000;0.000363;0.230053;1.000000;1.000000;0.000000;-0.000363;0.230053;
1.102033;0.000367;0.230717;1.000000;0.000367;0.230717;1.000000;1.000000;0.000000;-0.000367;0.230717;
1.102056;0.000371;0.231384;1.000000;0.000371;0.231384;1.000000;1.000000;0.000000;-0.000371;0.231384;
1.102079;0.000375;0.232055;1.000000;0.000375;0.232055;1.000000;1.000000;0.000000;-0.000375;0.232055;
1.102102;0.000379;0.232730;1.000000;0.000379;0.232730;1.000000;1.000000;0.000000;-0.000379;0.232730;
1.102125;0.000383;0.233408;1.000000;0.000383;0.233408;1.000000;1.000000;0.000000;-0.000383;0.233408;
1.102148;0.000387;0.234090;1.000000;0.000387;0.234090;1.000000;1.000000;0.000000;-0.000387;0.234090;
1.102171;0.000391;0.234776;1.000000;0.000391;0.234776;1.000000;1.000000;0.000000;-0.000391;0.234776;
1.102193;0.000395;0.235465;1.000000;0.000395;0.235465;1.000000;1.000000;0.000000;-0.000395;0.235465;
1.102216;0.000399;0.236158;1.000000;0.000399;0.236158;1.000000;1.000000;0.000000;-0.000399;0.236158;
1.102239;0.000403;0.236855;1.000000;0.000403;0.236855;1.000000;1.000000;0.000000;-0.000403;0.236855;
1.102262;0.000408;0.237555;1.000000;0.000408;0.237555;1.000000;1.000000;0.000000;-0.000408;0.237555;
1.102285;0.000412;0.238259;1.000000;0.000412;0.238259;1.000000;1.000000;0.000000;-0.000412;0.238259;
1.102308;0.000416;0.238967;1.000000;0.000416;0.238967;1.000000;1.000000;0.000000;-0.000416;0.238967;
1.102331;0.000420;0.239678;1.000000;0.000420;0.239678;1.000000;1.000000;0.000000;-0.000420;0.239678;
1.102354;0.000425;0.240392;1.000000;0.000425;0.240392;1.000000;1.000000;0.000000;-0.000425;0.240392;
1.102376;0.000429;0.241111;1.000000;0.000429;0.241111;1.000000;1.000000;0.000000;-0.000429;0.241111;
1.102399;0.000434;0.241833;1.000000;0.000434;0.241833;1.000000;1.000000;0.000000;-0.000434;0.241833;
1.102422;0.000438;0.242558;1.000000;0.000438;0.242558;1.000000;1.000000;0.000000;-0.000438;0.242558;
1.102445;0.000443;0.243287;1.000000;0.000443;0.243287;1.000000;1.000000;0.000000;-0.000443;0.243287;
1.102468;0.000448;0.244019;1.000000;0.000448;0.244019;1.000000;1.000000;0.000000;-0.000448;0.244019;
1.102491;0.000452;0.244755;1.000000;0.000452;0.244755;1.000000;1.000000;0.000000;-0.000452;0.244755;
1.102514;0.000457;0.245495;1.000000;0.000457;0.245495;1.000000;1.000000;0.000000;-0.000457;0.245495;
1.102537;0.000462;0.246238;1.000000;0.000462;0.246238;1.000000;1.000000;0.000000;-0.000462;0.246238;
1.102559;0.000466;0.246985;1.000000;0.000466;0.246985;1.000000;1.000000;0.000000;-0.000466;0.246985;
1.102582;0.000471;0.247735;1.000000;0.000471;0.247735;1.000000;1.000000;0.000000;-0.000471;0.247735;
1.102605;0.000476;0.248489;1.000000;0.000476;0.248489;1.000000;1.000000;0.000000;-0.000476;0.248489;
1.102628;0.000481;0.249246;1.000000;0.000481;0.249246;1.000000;1.000000;0.000000;-0.000481;0.249246;
1.102651;0.000486;0.250006;1.000000;0.000486;0.250006;1.000000;1.000000;0.000000;-0.000486;0.250006;
1.102672;0.000491;0.250716;1.000000;0.000491;0.250716;1.000000;1.000000;0.000000;-0.000491;0.250716;
1.102672;0.000491;0.250721;1.000000;0.000491;0.250721;1.000000;1.000000;0.000000;-0.000491;0.250721;
1.102673;0.000491;0.250732;1.000000;0.000491;0.250732;1.000000;1.000000;0.000000;-0.000491;0.250732;
1.102673;0.000491;0.250753;1.000000;0.000491;0.250753;1.000000;1.000000;0.000000;-0.000491;0.250753;
1.102675;0.000491;0.250794;1.000000;0.000491;0.250794;1.000000;1.000000;0.000000;-0.000491;0.250794;
1.102677;0.000492;0.250877;1.000000;0.000492;0.250877;1.000000;1.000000;0.000000;-0.000492;0.250877;
1.102682;0.000493;0.251044;1.000000;0.000493;0.251044;1.000000;1.000000;0.000000;-0.000493;0.251044;
1.102692;0.000495;0.251378;1.000000;0.000495;0.251378;1.000000;1.000000;0.000000;-0.000495;0.251378;
1.102712;0.000499;0.252048;1.000000;0.000499;0.252048;1.000000;1.000000;0.000000;-0.000499;0.252048;
1.102732;0.000504;0.252721;1.000000;0.000504;0.252721;1.000000;1.000000;0.000000;-0.000504;0.252721;
1.102772;0.000513;0.254077;1.000000;0.000513;0.254077;1.000000;1.000000;0.000000;-0.000513;0.254077;
1.102808;0.000521;0.255307;1.000000;0.000521;0.255307;1.000000;1.000000;0.000000;-0.000521;0.255307;
1.102843;0.000529;0.256544;1.000000;0.000529;0.256544;1.000000;1.000000;0.000000;-0.000529;0.256544;
1.102879;0.000538;0.257790;1.000000;0.000538;0.257790;1.000000;1.000000;0.000000;-0.000538;0.257790;
1.102915;0.000546;0.259044;1.000000;0.000546;0.259044;1.000000;1.000000;0.000000;-0.000546;0.259044;
1.102916;0.000546;0.259059;1.000000;0.000546;0.259059;1.000000;1.000000;0.000000;-0.000546;0.259059;
1.102916;0.000546;0.259064;1.000000;0.000546;0.259064;1.000000;1.000000;0.000000;-0.000546;0.259064;
1.102916;0.000546;0.259076;1.000000;0.000546;0.259076;1.000000;1.000000;0.000000;-0.000546;0.259076;
1.102917;0.000547;0.259100;1.000000;0.000547;0.259100;1.000000;1.000000;0.000000;-0.000547;0.259100;
1.102918;0.000547;0.259146;1.000000;0.000547;0.259146;1.000000;1.000000;0.000000;-0.000547;0.259146;
1.102921;0.000547;0.259240;1.000000;0.000547;0.259240;1.000000;1.000000;0.000000;-0.000547;0.259240;
1.102926;0.000549;0.259427;1.000000;0.000549;0.259427;1.000000;1.000000;0.000000;-0.000549;0.259427;
1.102937;0.000551;0.259803;1.000000;0.000551;0.259803;1.000000;1.000000;0.000000;-0.000551;0.259803;
1.102958;0.000556;0.260557;1.000000;0.000556;0.260557;1.000000;1.000000;0.000000;-0.000556;0.260557;
1.102980;0.000562;0.261314;1.000000;0.000562;0.261314;1.000000;1.000000;0.000000;-0.000562;0.261314;
1.103022;0.000572;0.262840;1.000000;0.000572;0.262840;1.000000;1.000000;0.000000;-0.000572;0.262840;
1.103061;0.000582;0.264222;1.000000;0.000582;0.264222;1.000000;1.000000;0.000000;-0.000582;0.264222;
1.103099;0.000591;0.265615;1.000000;0.000591;0.265615;1.000000;1.000000;0.000000;-0.000591;0.265615;
1.103138;0.000601;0.267016;1.000000;0.000601;0.267016;1.000000;1.000000;0.000000;-0.000601;0.267016;
1.103176;0.000611;0.268427;1.000000;0.000611;0.268427;1.000000;1.000000;0.000000;-0.000611;0.268427;
1.103215;0.000621;0.269847;1.000000;0.000621;0.269847;1.000000;1.000000;0.000000;-0.000621;0.269847;
1.103222;0.000623;0.270119;1.000000;0.000623;0.270119;1.000000;1.000000;0.000000;-0.000623;0.270119;
1.103222;0.000623;0.270126;1.000000;0.000623;0.270126;1.000000;1.000000;0.000000;-0.000623;0.270126;
1.103223;0.000623;0.270139;1.000000;0.000623;0.270139;1.000000;1.000000;0.000000;-0.000623;0.270139;
1.103223;0.000623;0.270166;1.000000;0.000623;0.270166;1.000000;1.000000;0.000000;-0.000623;0.270166;
1.103225;0.000623;0.270220;1.000000;0.000623;0.270220;1.000000;1.000000;0.000000;-0.000623;0.270220;
1.103228;0.000624;0.270327;1.000000;0.000624;0.270327;1.000000;1.000000;0.000000;-0.000624;0.270327;
1.103234;0.000626;0.270541;1.000000;0.000626;0.270541;1.000000;1.000000;0.000000;-0.000626;0.270541;
1.103245;0.000629;0.270971;1.000000;0.000629;0.270971;1.000000;1.000000;0.000000;-0.000629;0.270971;
1.103257;0.000632;0.271402;1.000000;0.000632;0.271402;1.000000;1.000000;0.000000;-0.000632;0.271402;
1.103280;0.000638;0.272266;1.000000;0.000638;0.272266;1.000000;1.000000;0.000000;-0.000638;0.272266;
1.103301;0.000643;0.273045;1.000000;0.000643;0.273045;1.000000;1.000000;0.000000;-0.000643;0.273045;
1.103322;0.000649;0.273825;1.000000;0.000649;0.273825;1.000000;1.000000;0.000000;-0.000649;0.273825;
1.103343;0.000655;0.274607;1.000000;0.000655;0.274607;1.000000;1.000000;0.000000;-0.000655;0.274607;
1.103363;0.000660;0.275390;1.000000;0.000660;0.275390;1.000000;1.000000;0.000000;-0.000660;0.275390;
1.103384;0.000666;0.276174;1.000000;0.000666;0.276174;1.000000;1.000000;0.000000;-0.000666;0.276174;
1.103405;0.000672;0.276959;1.000000;0.000672;0.276959;1.000000;1.000000;0.000000;-0.000672;0.276959;
1.103426;0.000677;0.277744;1.000000;0.000677;0.277744;1.000000;1.000000;0.000000;-0.000677;0.277744;
1.103447;0.000683;0.278529;1.000000;0.000683;0.278529;1.000000;1.000000;0.000000;-0.000683;0.278529;
1.103468;0.000689;0.279315;1.000000;0.000689;0.279315;1.000000;1.000000;0.000000;-0.000689;0.279315;
1.103489;0.000695;0.280100;1.000000;0.000695;0.280100;1.000000;1.000000;0.000000;-0.000695;0.280100;
1.103510;0.000701;0.280884;1.000000;0.000701;0.280884;1.000000;1.000000;0.000000;-0.000701;0.280884;
1.103530;0.000707;0.281669;1.000000;0.000707;0.281669;1.000000;1.000000;0.000000;-0.000707;0.281669;
1.103551;0.000712;0.282452;1.000000;0.000712;0.282452;1.000000;1.000000;0.000000;-0.000712;0.282452;
1.103572;0.000718;0.283235;1.000000;0.000718;0.283235;1.000000;1.000000;0.000000;-0.000718;0.283235;
1.103593;0.000724;0.284017;1.000000;0.000724;0.284017;1.000000;1.000000;0.000000;-0.000724;0.284017;
1.103614;0.000730;0.284797;1.000000;0.000730;0.284797;1.000000;1.000000;0.000000;-0.000730;0.284797;
1.103635;0.000736;0.285576;1.000000;0.000736;0.285576;1.000000;1.000000;0.000000;-0.000736;0.285576;
1.103656;0.000742;0.286354;1.000000;0.000742;0.286354;1.000000;1.000000;0.000000;-0.000742;0.286354;
1.103677;0.000749;0.287130;1.000000;0.000749;0.287130;1.000000;1.000000;0.000000;-0.000749;0.287130;
1.103697;0.000755;0.287904;1.000000;0.000755;0.287904;1.000000;1.000000;0.000000;-0.000755;0.287904;
1.103718;0.000761;0.288676;1.000000;0.000761;0.288676;1.000000;1.000000;0.000000;-0.000761;0.288676;
1.103739;0.000767;0.289446;1.000000;0.000767;0.289446;1.000000;1.000000;0.000000;-0.000767;0.289446;
1.103760;0.000773;0.290213;1.000000;0.000773;0.290213;1.000000;1.000000;0.000000;-0.000773;0.290213;
1.103781;0.000780;0.290979;1.000000;0.000780;0.290979;1.000000;1.000000;0.000000;-0.000780;0.290979;
1.103802;0.000786;0.291742;1.000000;0.000786;0.291742;1.000000;1.000000;0.000000;-0.000786;0.291742;
1.103823;0.000792;0.292502;1.000000;0.000792;0.292502;1.000000;1.000000;0.000000;-0.000792;0.292502;
1.103839;0.000797;0.293113;1.000000;0.000797;0.293113;1.000000;1.000000;0.000000;-0.000797;0.293113;
1.103840;0.000797;0.293120;1.000000;0.000797;0.293120;1.000000;1.000000;0.000000;-0.000797;0.293120;
1.103840;0.000797;0.293136;1.000000;0.000797;0.293136;1.000000;1.000000;0.000000;-0.000797;0.293136;
1.103841;0.000798;0.293167;1.000000;0.000798;0.293167;1.000000;1.000000;0.000000;-0.000798;0.293167;
1.103843;0.000798;0.293229;1.000000;0.000798;0.293229;1.000000;1.000000;0.000000;-0.000798;0.293229;
1.103846;0.000799;0.293353;1.000000;0.000799;0.293353;1.000000;1.000000;0.000000;-0.000799;0.293353;
1.103853;0.000801;0.293600;1.000000;0.000801;0.293600;1.000000;1.000000;0.000000;-0.000801;0.293600;
1.103867;0.000806;0.294093;1.000000;0.000806;0.294093;1.000000;1.000000;0.000000;-0.000806;0.294093;
1.103894;0.000814;0.295075;1.000000;0.000814;0.295075;1.000000;1.000000;0.000000;-0.000814;0.295075;
1.103921;0.000822;0.296051;1.000000;0.000822;0.296051;1.000000;1.000000;0.000000;-0.000822;0.296051;
1.103949;0.000831;0.297022;1.000000;0.000831;0.297022;1.000000;1.000000;0.000000;-0.000831;0.297022;
1.103976;0.000839;0.297986;1.000000;0.000839;0.297986;1.000000;1.000000;0.000000;-0.000839;0.297986;
1.104003;0.000848;0.298945;1.000000;0.000848;0.298945;1.000000;1.000000;0.000000;-0.000848;0.298945;
1.104030;0.000857;0.299897;1.000000;0.000857;0.299897;1.000000;1.000000;0.000000;-0.000857;0.299897;
1.104058;0.000865;0.300843;1.000000;0.000865;0.300843;1.000000;1.000000;0.000000;-0.000865;0.300843;
1.104085;0.000874;0.301782;1.000000;0.000874;0.301782;1.000000;1.000000;0.000000;-0.000874;0.301782;
1.104112;0.000883;0.302714;1.000000;0.000883;0.302714;1.000000;1.000000;0.000000;-0.000883;0.302714;
1.104140;0.000892;0.303639;1.000000;0.000892;0.303639;1.000000;1.000000;0.000000;-0.000892;0.303639;
1.104167;0.000901;0.304556;1.000000;0.000901;0.304556;1.000000;1.000000;0.000000;-0.000901;0.304556;
1.104194;0.000910;0.305466;1.000000;0.000910;0.305466;1.000000;1.000000;0.000000;-0.000910;0.305466;
1.104222;0.000919;0.306369;1.000000;0.000919;0.306369;1.000000;1.000000;0.000000;-0.000919;0.306369;
1.104249;0.000928;0.307264;1.000000;0.000928;0.307264;1.000000;1.000000;0.000000;-0.000928;0.307264;
1.104276;0.000937;0.308151;1.000000;0.000937;0.308151;1.000000;1.000000;0.000000;-0.000937;0.308151;
1.104304;0.000946;0.309030;1.000000;0.000946;0.309030;1.000000;1.000000;0.000000;-0.000946;0.309030;
1.104331;0.000955;0.309901;1.000000;0.000955;0.309901;1.000000;1.000000;0.000000;-0.000955;0.309901;
1.104358;0.000965;0.310764;1.000000;0.000965;0.310764;1.000000;1.000000;0.000000;-0.000965;0.310764;
1.104386;0.000974;0.311618;1.000000;0.000974;0.311618;1.000000;1.000000;0.000000;-0.000974;0.311618;
1.104413;0.000983;0.312464;1.000000;0.000983;0.312464;1.000000;1.000000;0.000000;-0.000983;0.312464;
1.104440;0.000993;0.313301;1.000000;0.000993;0.313301;1.000000;1.000000;0.000000;-0.000993;0.313301;
1.104467;0.001002;0.314130;1.000000;0.001002;0.314130;1.000000;1.000000;0.000000;-0.001002;0.314130;
1.104495;0.001012;0.314949;1.000000;0.001012;0.314949;1.000000;1.000000;0.000000;-0.001012;0.314949;
1.104522;0.001021;0.315760;1.000000;0.001021;0.315760;1.000000;1.000000;0.000000;-0.001021;0.315760;
1.104549;0.001031;0.316562;1.000000;0.001031;0.316562;1.000000;1.000000;0.000000;-0.001031;0.316562;
1.104577;0.001040;0.317355;1.000000;0.001040;0.317355;1.000000;1.000000;0.000000;-0.001040;0.317355;
1.104604;0.001050;0.318139;1.000000;0.001050;0.318139;1.000000;1.000000;0.000000;-0.001050;0.318139;
1.104631;0.001060;0.318913;1.000000;0.001060;0.318913;1.000000;1.000000;0.000000;-0.001060;0.318913;
1.104659;0.001070;0.319678;1.000000;0.001070;0.319678;1.000000;1.000000;0.000000;-0.001070;0.319678;
1.104686;0.001079;0.320434;1.000000;0.001079;0.320434;1.000000;1.000000;0.000000;-0.001079;0.320434;
1.104713;0.001089;0.321181;1.000000;0.001089;0.321181;1.000000;1.000000;0.000000;-0.001089;0.321181;
1.104741;0.001099;0.321918;1.000000;0.001099;0.321918;1.000000;1.000000;0.000000;-0.001099;0.321918;
1.104749;0.001102;0.322145;1.000000;0.001102;0.322145;1.000000;1.000000;0.000000;-0.001102;0.322145;
1.104749;0.001102;0.322151;1.000000;0.001102;0.322151;1.000000;1.000000;0.000000;-0.001102;0.322151;
1.104750;0.001103;0.322165;1.000000;0.001103;0.322165;1.000000;1.000000;0.000000;-0.001103;0.322165;
1.104751;0.001103;0.322191;1.000000;0.001103;0.322191;1.000000;1.000000;0.000000;-0.001103;0.322191;
1.104753;0.001104;0.322244;1.000000;0.001104;0.322244;1.000000;1.000000;0.000000;-0.001104;0.322244;
1.104757;0.001105;0.322350;1.000000;0.001105;0.322350;1.000000;1.000000;0.000000;-0.001105;0.322350;
1.104765;0.001108;0.322562;1.000000;0.001108;0.322562;1.000000;1.000000;0.000000;-0.001108;0.322562;
1.104781;0.001114;0.322981;1.000000;0.001114;0.322981;1.000000;1.000000;0.000000;-0.001114;0.322981;
1.104812;0.001126;0.323808;1.000000;0.001126;0.323808;1.000000;1.000000;0.000000;-0.001126;0.323808;
1.104844;0.001137;0.324621;1.000000;0.001137;0.324621;1.000000;1.000000;0.000000;-0.001137;0.324621;
1.104876;0.001149;0.325422;1.000000;0.001149;0.325422;1.000000;1.000000;0.000000;-0.001149;0.325422;
1.104907;0.001161;0.326211;1.000000;0.001161;0.326211;1.000000;1.000000;0.000000;-0.001161;0.326211;
1.104939;0.001173;0.326987;1.000000;0.001173;0.326987;1.000000;1.000000;0.000000;-0.001173;0.326987;
1.104971;0.001185;0.327751;1.000000;0.001185;0.327751;1.000000;1.000000;0.000000;-0.001185;0.327751;
1.105002;0.001197;0.328502;1.000000;0.001197;0.328502;1.000000;1.000000;0.000000;-0.001197;0.328502;
1.105066;0.001221;0.329955;1.000000;0.001221;0.329955;1.000000;1.000000;0.000000;-0.001221;0.329955;
1.105121;0.001243;0.331183;1.000000;0.001243;0.331183;1.000000;1.000000;0.000000;-0.001243;0.331183;
1.105176;0.001264;0.332374;1.000000;0.001264;0.332374;1.000000;1.000000;0.000000;-0.001264;0.332374;
1.105231;0.001286;0.333528;1.000000;0.001286;0.333528;1.000000;1.000000;0.000000;-0.001286;0.333528;
1.105286;0.001308;0.334646;1.000000;0.001308;0.334646;1.000000;1.000000;0.000000;-0.001308;0.334646;
1.105341;0.001330;0.335727;1.000000;0.001330;0.335727;1.000000;1.000000;0.000000;-0.001330;0.335727;
1.105397;0.001352;0.336772;1.000000;0.001352;0.336772;1.000000;1.000000;0.000000;-0.001352;0.336772;
1.105452;0.001375;0.337781;1.000000;0.001375;0.337781;1.000000;1.000000;0.000000;-0.001375;0.337781;
1.105507;0.001397;0.338754;1.000000;0.001397;0.338754;1.000000;1.000000;0.000000;-0.001397;0.338754;
1.105562;0.001420;0.339692;1.000000;0.001420;0.339692;1.000000;1.000000;0.000000;-0.001420;0.339692;
1.105617;0.001443;0.340595;1.000000;0.001443;0.340595;1.000000;1.000000;0.000000;-0.001443;0.340595;
1.105672;0.001466;0.341462;1.000000;0.001466;0.341462;1.000000;1.000000;0.000000;-0.001466;0.341462;
1.105727;0.001489;0.342294;1.000000;0.001489;0.342294;1.000000;1.000000;0.000000;-0.001489;0.342294;
1.105783;0.001513;0.343091;1.000000;0.001513;0.343091;1.000000;1.000000;0.000000;-0.001513;0.343091;
1.105838;0.001537;0.343854;1.000000;0.001537;0.343854;1.000000;1.000000;0.000000;-0.001537;0.343854;
1.105893;0.001561;0.344583;1.000000;0.001561;0.344583;1.000000;1.000000;0.000000;-0.001561;0.344583;
1.105948;0.001585;0.345277;1.000000;0.001585;0.345277;1.000000;1.000000;0.000000;-0.001585;0.345277;
1.106003;0.001609;0.345937;1.000000;0.001609;0.345937;1.000000;1.000000;0.000000;-0.001609;0.345937;
1.106058;0.001633;0.346564;1.000000;0.001633;0.346564;1.000000;1.000000;0.000000;-0.001633;0.346564;
1.106114;0.001658;0.347156;1.000000;0.001658;0.347156;1.000000;1.000000;0.000000;-0.001658;0.347156;
1.106169;0.001682;0.347716;1.000000;0.001682;0.347716;1.000000;1.000000;0.000000;-0.001682;0.347716;
1.106224;0.001707;0.348242;1.000000;0.001707;0.348242;1.000000;1.000000;0.000000;-0.001707;0.348242;
1.106279;0.001732;0.348734;1.000000;0.001732;0.348734;1.000000;1.000000;0.000000;-0.001732;0.348734;
1.106334;0.001758;0.349194;1.000000;0.001758;0.349194;1.000000;1.000000;0.000000;-0.001758;0.349194;
1.106389;0.001783;0.349622;1.000000;0.001783;0.349622;1.000000;1.000000;0.000000;-0.001783;0.349622;
1.106444;0.001808;0.350016;1.000000;0.001808;0.350016;1.000000;1.000000;0.000000;-0.001808;0.350016;
1.106500;0.001834;0.350378;1.000000;0.001834;0.350378;1.000000;1.000000;0.000000;-0.001834;0.350378;
1.106555;0.001860;0.350708;1.000000;0.001860;0.350708;1.000000;1.000000;0.000000;-0.001860;0.350708;
1.106610;0.001886;0.351006;1.000000;0.001886;0.351006;1.000000;1.000000;0.000000;-0.001886;0.351006;
1.106665;0.001912;0.351273;1.000000;0.001912;0.351273;1.000000;1.000000;0.000000;-0.001912;0.351273;
1.106720;0.001939;0.351507;1.000000;0.001939;0.351507;1.000000;1.000000;0.000000;-0.001939;0.351507;
1.106775;0.001965;0.351710;1.000000;0.001965;0.351710;1.000000;1.000000;0.000000;-0.001965;0.351710;
1.106830;0.001992;0.351882;1.000000;0.001992;0.351882;1.000000;1.000000;0.000000;-0.001992;0.351882;
1.106886;0.002018;0.352022;1.000000;0.002018;0.352022;1.000000;1.000000;0.000000;-0.002018;0.352022;
1.106941;0.002045;0.352132;1.000000;0.002045;0.352132;1.000000;1.000000;0.000000;-0.002045;0.352132;
1.106996;0.002073;0.352210;1.000000;0.002073;0.352210;1.000000;1.000000;0.000000;-0.002073;0.352210;
1.107051;0.002100;0.352258;1.000000;0.002100;0.352258;1.000000;1.000000;0.000000;-0.002100;0.352258;
1.107106;0.002127;0.352276;1.000000;0.002127;0.352276;1.000000;1.000000;0.000000;-0.002127;0.352276;
1.107161;0.002155;0.352263;1.000000;0.002155;0.352263;1.000000;1.000000;0.000000;-0.002155;0.352263;
1.107216;0.002182;0.352220;1.000000;0.002182;0.352220;1.000000;1.000000;0.000000;-0.002182;0.352220;
1.107272;0.002210;0.352147;1.000000;0.002210;0.352147;1.000000;1.000000;0.000000;-0.002210;0.352147;
1.107327;0.002238;0.352045;1.000000;0.002238;0.352045;1.000000;1.000000;0.000000;-0.002238;0.352045;
1.107337;0.002243;0.352021;1.000000;0.002243;0.352021;1.000000;1.000000;0.000000;-0.002243;0.352021;
1.107337;0.002244;0.352020;1.000000;0.002244;0.352020;1.000000;1.000000;0.000000;-0.002244;0.352020;
1.107338;0.002244;0.352019;1.000000;0.002244;0.352019;1.000000;1.000000;0.000000;-0.002244;0.352019;
1.107339;0.002245;0.352016;1.000000;0.002245;0.352016;1.000000;1.000000;0.000000;-0.002245;0.352016;
1.107342;0.002246;0.352010;1.000000;0.002246;0.352010;1.000000;1.000000;0.000000;-0.002246;0.352010;
1.107348;0.002249;0.351999;1.000000;0.002249;0.351999;1.000000;1.000000;0.000000;-0.002249;0.351999;
1.107359;0.002255;0.351974;1.000000;0.002255;0.351974;1.000000;1.000000;0.000000;-0.002255;0.351974;
1.107381;0.002266;0.351921;1.000000;0.002266;0.351921;1.000000;1.000000;0.000000;-0.002266;0.351921;
1.107426;0.002289;0.351794;1.000000;0.002289;0.351794;1.000000;1.000000;0.000000;-0.002289;0.351794;
1.107471;0.002312;0.351648;1.000000;0.002312;0.351648;1.000000;1.000000;0.000000;-0.002312;0.351648;
1.107516;0.002335;0.351482;1.000000;0.002335;0.351482;1.000000;1.000000;0.000000;-0.002335;0.351482;
1.107560;0.002359;0.351297;1.000000;0.002359;0.351297;1.000000;1.000000;0.000000;-0.002359;0.351297;
1.107605;0.002382;0.351093;1.000000;0.002382;0.351093;1.000000;1.000000;0.000000;-0.002382;0.351093;
1.107650;0.002406;0.350870;1.000000;0.002406;0.350870;1.000000;1.000000;0.000000;-0.002406;0.350870;
1.107695;0.002429;0.350628;1.000000;0.002429;0.350628;1.000000;1.000000;0.000000;-0.002429;0.350628;
1.107740;0.002453;0.350367;1.000000;0.002453;0.350367;1.000000;1.000000;0.000000;-0.002453;0.350367;
1.107785;0.002477;0.350087;1.000000;0.002477;0.350087;1.000000;1.000000;0.000000;-0.002477;0.350087;
1.107829;0.002500;0.349789;1.000000;0.002500;0.349789;1.000000;1.000000;0.000000;-0.002500;0.349789;
1.107874;0.002524;0.349471;1.000000;0.002524;0.349471;1.000000;1.000000;0.000000;-0.002524;0.349471;
1.107919;0.002548;0.349136;1.000000;0.002548;0.349136;1.000000;1.000000;0.000000;-0.002548;0.349136;
1.107964;0.002572;0.348781;1.000000;0.002572;0.348781;1.000000;1.000000;0.000000;-0.002572;0.348781;
1.108009;0.002597;0.348409;1.000000;0.002597;0.348409;1.000000;1.000000;0.000000;-0.002597;0.348409;
1.108053;0.002621;0.348018;1.000000;0.002621;0.348018;1.000000;1.000000;0.000000;-0.002621;0.348018;
1.108098;0.002645;0.347609;1.000000;0.002645;0.347609;1.000000;1.000000;0.000000;-0.002645;0.347609;
1.108143;0.002670;0.347181;1.000000;0.002670;0.347181;1.000000;1.000000;0.000000;-0.002670;0.347181;
1.108188;0.002695;0.346736;1.000000;0.002695;0.346736;1.000000;1.000000;0.000000;-0.002695;0.346736;
1.108233;0.002719;0.346273;1.000000;0.002719;0.346273;1.000000;1.000000;0.000000;-0.002719;0.346273;
1.108251;0.002729;0.346078;1.000000;0.002729;0.346078;1.000000;1.000000;0.000000;-0.002729;0.346078;
1.108251;0.002729;0.346074;1.000000;0.002729;0.346074;1.000000;1.000000;0.000000;-0.002729;0.346074;
1.108252;0.002730;0.346067;1.000000;0.002730;0.346067;1.000000;1.000000;0.000000;-0.002730;0.346067;
1.108253;0.002731;0.346052;1.000000;0.002731;0.346052;1.000000;1.000000;0.000000;-0.002731;0.346052;
1.108256;0.002732;0.346022;1.000000;0.002732;0.346022;1.000000;1.000000;0.000000;-0.002732;0.346022;
1.108262;0.002735;0.345963;1.000000;0.002735;0.345963;1.000000;1.000000;0.000000;-0.002735;0.345963;
1.108273;0.002741;0.345843;1.000000;0.002741;0.345843;1.000000;1.000000;0.000000;-0.002741;0.345843;
1.108295;0.002754;0.345598;1.000000;0.002754;0.345598;1.000000;1.000000;0.000000;-0.002754;0.345598;
1.108318;0.002766;0.345349;1.000000;0.002766;0.345349;1.000000;1.000000;0.000000;-0.002766;0.345349;
1.108363;0.002791;0.344834;1.000000;0.002791;0.344834;1.000000;1.000000;0.000000;-0.002791;0.344834;
1.108403;0.002814;0.344357;1.000000;0.002814;0.344357;1.000000;1.000000;0.000000;-0.002814;0.344357;
1.108444;0.002836;0.343866;1.000000;0.002836;0.343866;1.000000;1.000000;0.000000;-0.002836;0.343866;
1.108484;0.002859;0.343361;1.000000;0.002859;0.343361;1.000000;1.000000;0.000000;-0.002859;0.343361;
1.108524;0.002882;0.342844;1.000000;0.002882;0.342844;1.000000;1.000000;0.000000;-0.002882;0.342844;
1.108565;0.002905;0.342314;1.000000;0.002905;0.342314;1.000000;1.000000;0.000000;-0.002905;0.342314;
1.108605;0.002928;0.341771;1.000000;0.002928;0.341771;1.000000;1.000000;0.000000;-0.002928;0.341771;
1.108646;0.002951;0.341216;1.000000;0.002951;0.341216;1.000000;1.000000;0.000000;-0.002951;0.341216;
1.108686;0.002974;0.340649;1.000000;0.002974;0.340649;1.000000;1.000000;0.000000;-0.002974;0.340649;
1.108727;0.002997;0.340071;1.000000;0.002997;0.340071;1.000000;1.000000;0.000000;-0.002997;0.340071;
1.108767;0.003020;0.339480;1.000000;0.003020;0.339480;1.000000;1.000000;0.000000;-0.003020;0.339480;
1.108807;0.003043;0.338878;1.000000;0.003043;0.338878;1.000000;1.000000;0.000000;-0.003043;0.338878;
1.108848;0.003067;0.338265;1.000000;0.003067;0.338265;1.000000;1.000000;0.000000;-0.003067;0.338265;
1.108888;0.003090;0.337640;1.000000;0.003090;0.337640;1.000000;1.000000;0.000000;-0.003090;0.337640;
1.108929;0.003113;0.337005;1.000000;0.003113;0.337005;1.000000;1.000000;0.000000;-0.003113;0.337005;
1.108969;0.003137;0.336359;1.000000;0.003137;0.336359;1.000000;1.000000;0.000000;-0.003137;0.336359;
1.108989;0.003149;0.336031;1.000000;0.003149;0.336031;1.000000;1.000000;0.000000;-0.003149;0.336031;
1.108990;0.003149;0.336025;1.000000;0.003149;0.336025;1.000000;1.000000;0.000000;-0.003149;0.336025;
1.108990;0.003149;0.336013;1.000000;0.003149;0.336013;1.000000;1.000000;0.000000;-0.003149;0.336013;
1.108992;0.003150;0.335988;1.000000;0.003150;0.335988;1.000000;1.000000;0.000000;-0.003150;0.335988;
1.108995;0.003152;0.335939;1.000000;0.003152;0.335939;1.000000;1.000000;0.000000;-0.003152;0.335939;
1.109001;0.003156;0.335840;1.000000;0.003156;0.335840;1.000000;1.000000;0.000000;-0.003156;0.335840;
1.109013;0.003163;0.335642;1.000000;0.003163;0.335642;1.000000;1.000000;0.000000;-0.003163;0.335642;
1.109038;0.003177;0.335242;1.000000;0.003177;0.335242;1.000000;1.000000;0.000000;-0.003177;0.335242;
1.109062;0.003191;0.334839;1.000000;0.003191;0.334839;1.000000;1.000000;0.000000;-0.003191;0.334839;
1.109111;0.003220;0.334017;1.000000;0.003220;0.334017;1.000000;1.000000;0.000000;-0.003220;0.334017;
1.109154;0.003246;0.333266;1.000000;0.003246;0.333266;1.000000;1.000000;0.000000;-0.003246;0.333266;
1.109198;0.003272;0.332502;1.000000;0.003272;0.332502;1.000000;1.000000;0.000000;-0.003272;0.332502;
1.109242;0.003298;0.331728;1.000000;0.003298;0.331728;1.000000;1.000000;0.000000;-0.003298;0.331728;
1.109286;0.003324;0.330942;1.000000;0.003324;0.330942;1.000000;1.000000;0.000000;-0.003324;0.330942;
1.109330;0.003350;0.330146;1.000000;0.003350;0.330146;1.000000;1.000000;0.000000;-0.003350;0.330146;
1.109374;0.003376;0.329339;1.000000;0.003376;0.329339;1.000000;1.000000;0.000000;-0.003376;0.329339;
1.109418;0.003403;0.328521;1.000000;0.003403;0.328521;1.000000;1.000000;0.000000;-0.003403;0.328521;
1.109461;0.003429;0.327693;1.000000;0.003429;0.327693;1.000000;1.000000;0.000000;-0.003429;0.327693;
1.109505;0.003456;0.326855;1.000000;0.003456;0.326855;1.000000;1.000000;0.000000;-0.003456;0.326855;
1.109549;0.003482;0.326008;1.000000;0.003482;0.326008;1.000000;1.000000;0.000000;-0.003482;0.326008;
1.109593;0.003509;0.325150;1.000000;0.003509;0.325150;1.000000;1.000000;0.000000;-0.003509;0.325150;
1.109637;0.003536;0.324284;1.000000;0.003536;0.324284;1.000000;1.000000;0.000000;-0.003536;0.324284;
1.109681;0.003562;0.323408;1.000000;0.003562;0.323408;1.000000;1.000000;0.000000;-0.003562;0.323408;
1.109724;0.003589;0.322522;1.000000;0.003589;0.322522;1.000000;1.000000;0.000000;-0.003589;0.322522;
1.109768;0.003616;0.321628;1.000000;0.003616;0.321628;1.000000;1.000000;0.000000;-0.003616;0.321628;
1.109812;0.003643;0.320725;1.000000;0.003643;0.320725;1.000000;1.000000;0.000000;-0.003643;0.320725;
1.109856;0.003670;0.319813;1.000000;0.003670;0.319813;1.000000;1.000000;0.000000;-0.003670;0.319813;
1.109900;0.003697;0.318893;1.000000;0.003697;0.318893;1.000000;1.000000;0.000000;-0.003697;0.318893;
1.109944;0.003725;0.317965;1.000000;0.003725;0.317965;1.000000;1.000000;0.000000;-0.003725;0.317965;
1.109988;0.003752;0.317028;1.000000;0.003752;0.317028;1.000000;1.000000;0.000000;-0.003752;0.317028;
1.110031;0.003779;0.316084;1.000000;0.003779;0.316084;1.000000;1.000000;0.000000;-0.003779;0.316084;
1.110075;0.003807;0.315131;1.000000;0.003807;0.315131;1.000000;1.000000;0.000000;-0.003807;0.315131;
1.110119;0.003834;0.314171;1.000000;0.003834;0.314171;1.000000;1.000000;0.000000;-0.003834;0.314171;
1.110163;0.003862;0.313203;1.000000;0.003862;0.313203;1.000000;1.000000;0.000000;-0.003862;0.313203;
1.110207;0.003890;0.312228;1.000000;0.003890;0.312228;1.000000;1.000000;0.000000;-0.003890;0.312228;
1.110251;0.003917;0.311246;1.000000;0.003917;0.311246;1.000000;1.000000;0.000000;-0.003917;0.311246;
1.110295;0.003945;0.310257;1.000000;0.003945;0.310257;1.000000;1.000000;0.000000;-0.003945;0.310257;
1.110338;0.003973;0.309260;1.000000;0.003973;0.309260;1.000000;1.000000;0.000000;-0.003973;0.309260;
1.110382;0.004001;0.308257;1.000000;0.004001;0.308257;1.000000;1.000000;0.000000;-0.004001;0.308257;
1.110426;0.004029;0.307248;1.000000;0.004029;0.307248;1.000000;1.000000;0.000000;-0.004029;0.307248;
1.110470;0.004057;0.306231;1.000000;0.004057;0.306231;1.000000;1.000000;0.000000;-0.004057;0.306231;
1.110514;0.004085;0.305208;1.000000;0.004085;0.305208;1.000000;1.000000;0.000000;-0.004085;0.305208;
1.110558;0.004113;0.304179;1.000000;0.004113;0.304179;1.000000;1.000000;0.000000;-0.004113;0.304179;
1.110601;0.004142;0.303144;1.000000;0.004142;0.303144;1.000000;1.000000;0.000000;-0.004142;0.303144;
1.110645;0.004170;0.302103;1.000000;0.004170;0.302103;1.000000;1.000000;0.000000;-0.004170;0.302103;
1.110689;0.004198;0.301056;1.000000;0.004198;0.301056;1.000000;1.000000;0.000000;-0.004198;0.301056;
1.110733;0.004227;0.300003;1.000000;0.004227;0.300003;1.000000;1.000000;0.000000;-0.004227;0.300003;
1.110777;0.004255;0.298944;1.000000;0.004255;0.298944;1.000000;1.000000;0.000000;-0.004255;0.298944;
1.110821;0.004284;0.297881;1.000000;0.004284;0.297881;1.000000;1.000000;0.000000;-0.004284;0.297881;
1.110865;0.004313;0.296811;1.000000;0.004313;0.296811;1.000000;1.000000;0.000000;-0.004313;0.296811;
1.110879;0.004322;0.296466;1.000000;0.004322;0.296466;1.000000;1.000000;0.000000;-0.004322;0.296466;
1.110879;0.004322;0.296455;1.000000;0.004322;0.296455;1.000000;1.000000;0.000000;-0.004322;0.296455;
1.110880;0.004323;0.296435;1.000000;0.004323;0.296435;1.000000;1.000000;0.000000;-0.004323;0.296435;
1.110882;0.004324;0.296394;1.000000;0.004324;0.296394;1.000000;1.000000;0.000000;-0.004324;0.296394;
1.110885;0.004326;0.296312;1.000000;0.004326;0.296312;1.000000;1.000000;0.000000;-0.004326;0.296312;
1.110892;0.004330;0.296148;1.000000;0.004330;0.296148;1.000000;1.000000;0.000000;-0.004330;0.296148;
1.110905;0.004339;0.295820;1.000000;0.004339;0.295820;1.000000;1.000000;0.000000;-0.004339;0.295820;
1.110932;0.004357;0.295161;1.000000;0.004357;0.295161;1.000000;1.000000;0.000000;-0.004357;0.295161;
1.110959;0.004374;0.294500;1.000000;0.004374;0.294500;1.000000;1.000000;0.000000;-0.004374;0.294500;
1.110985;0.004392;0.293838;1.000000;0.004392;0.293838;1.000000;1.000000;0.000000;-0.004392;0.293838;
1.111012;0.004410;0.293175;1.000000;0.004410;0.293175;1.000000;1.000000;0.000000;-0.004410;0.293175;
1.111026;0.004419;0.292843;1.000000;0.004419;0.292843;1.000000;1.000000;0.000000;-0.004419;0.292843;
1.111026;0.004419;0.292831;1.000000;0.004419;0.292831;1.000000;1.000000;0.000000;-0.004419;0.292831;
1.111027;0.004420;0.292808;1.000000;0.004420;0.292808;1.000000;1.000000;0.000000;-0.004420;0.292808;
1.111029;0.004421;0.292761;1.000000;0.004421;0.292761;1.000000;1.000000;0.000000;-0.004421;0.292761;
1.111033;0.004423;0.292667;1.000000;0.004423;0.292667;1.000000;1.000000;0.000000;-0.004423;0.292667;
1.111040;0.004428;0.292479;1.000000;0.004428;0.292479;1.000000;1.000000;0.000000;-0.004428;0.292479;
1.111056;0.004438;0.292103;1.000000;0.004438;0.292103;1.000000;1.000000;0.000000;-0.004438;0.292103;
1.111071;0.004448;0.291727;1.000000;0.004448;0.291727;1.000000;1.000000;0.000000;-0.004448;0.291727;
1.111101;0.004468;0.290973;1.000000;0.004468;0.290973;1.000000;1.000000;0.000000;-0.004468;0.290973;
1.111128;0.004486;0.290293;1.000000;0.004486;0.290293;1.000000;1.000000;0.000000;-0.004486;0.290293;
1.111155;0.004505;0.289613;1.000000;0.004505;0.289613;1.000000;1.000000;0.000000;-0.004505;0.289613;
1.111183;0.004523;0.288932;1.000000;0.004523;0.288932;1.000000;1.000000;0.000000;-0.004523;0.288932;
1.111210;0.004541;0.288249;1.000000;0.004541;0.288249;1.000000;1.000000;0.000000;-0.004541;0.288249;
1.111237;0.004559;0.287567;1.000000;0.004559;0.287567;1.000000;1.000000;0.000000;-0.004559;0.287567;
1.111265;0.004577;0.286883;1.000000;0.004577;0.286883;1.000000;1.000000;0.000000;-0.004577;0.286883;
1.111292;0.004595;0.286199;1.000000;0.004595;0.286199;1.000000;1.000000;0.000000;-0.004595;0.286199;
1.111319;0.004614;0.285514;1.000000;0.004614;0.285514;1.000000;1.000000;0.000000;-0.004614;0.285514;
1.111346;0.004632;0.284829;1.000000;0.004632;0.284829;1.000000;1.000000;0.000000;-0.004632;0.284829;
1.111374;0.004650;0.284144;1.000000;0.004650;0.284144;1.000000;1.000000;0.000000;-0.004650;0.284144;
1.111401;0.004669;0.283458;1.000000;0.004669;0.283458;1.000000;1.000000;0.000000;-0.004669;0.283458;
1.111428;0.004687;0.282773;1.000000;0.004687;0.282773;1.000000;1.000000;0.000000;-0.004687;0.282773;
1.111455;0.004705;0.282086;1.000000;0.004705;0.282086;1.000000;1.000000;0.000000;-0.004705;0.282086;
1.111483;0.004724;0.281400;1.000000;0.004724;0.281400;1.000000;1.000000;0.000000;-0.004724;0.281400;
1.111510;0.004742;0.280714;1.000000;0.004742;0.280714;1.000000;1.000000;0.000000;-0.004742;0.280714;
1.111537;0.004761;0.280028;1.000000;0.004761;0.280028;1.000000;1.000000;0.000000;-0.004761;0.280028;
1.111564;0.004779;0.279341;1.000000;0.004779;0.279341;1.000000;1.000000;0.000000;-0.004779;0.279341;
1.111592;0.004798;0.278655;1.000000;0.004798;0.278655;1.000000;1.000000;0.000000;-0.004798;0.278655;
1.111619;0.004816;0.277969;1.000000;0.004816;0.277969;1.000000;1.000000;0.000000;-0.004816;0.277969;
1.111646;0.004835;0.277283;1.000000;0.004835;0.277283;1.000000;1.000000;0.000000;-0.004835;0.277283;
1.111673;0.004853;0.276598;1.000000;0.004853;0.276598;1.000000;1.000000;0.000000;-0.004853;0.276598;
1.111701;0.004872;0.275912;1.000000;0.004872;0.275912;1.000000;1.000000;0.000000;-0.004872;0.275912;
1.111728;0.004890;0.275227;1.000000;0.004890;0.275227;1.000000;1.000000;0.000000;-0.004890;0.275227;
1.111755;0.004909;0.274542;1.000000;0.004909;0.274542;1.000000;1.000000;0.000000;-0.004909;0.274542;
1.111783;0.004928;0.273858;1.000000;0.004928;0.273858;1.000000;1.000000;0.000000;-0.004928;0.273858;
1.111810;0.004946;0.273174;1.000000;0.004946;0.273174;1.000000;1.000000;0.000000;-0.004946;0.273174;
1.111837;0.004965;0.272490;1.000000;0.004965;0.272490;1.000000;1.000000;0.000000;-0.004965;0.272490;
1.111864;0.004984;0.271807;1.000000;0.004984;0.271807;1.000000;1.000000;0.000000;-0.004984;0.271807;
1.111892;0.005003;0.271125;1.000000;0.005003;0.271125;1.000000;1.000000;0.000000;-0.005003;0.271125;
1.111919;0.005021;0.270443;1.000000;0.005021;0.270443;1.000000;1.000000;0.000000;-0.005021;0.270443;
1.111946;0.005040;0.269762;1.000000;0.005040;0.269762;1.000000;1.000000;0.000000;-0.005040;0.269762;
1.111973;0.005059;0.269081;1.000000;0.005059;0.269081;1.000000;1.000000;0.000000;-0.005059;0.269081;
1.112001;0.005078;0.268401;1.000000;0.005078;0.268401;1.000000;1.000000;0.000000;-0.005078;0.268401;
1.112028;0.005097;0.267722;1.000000;0.005097;0.267722;1.000000;1.000000;0.000000;-0.005097;0.267722;
1.112055;0.005116;0.267044;1.000000;0.005116;0.267044;1.000000;1.000000;0.000000;-0.005116;0.267044;
1.112082;0.005134;0.266366;1.000000;0.005134;0.266366;1.000000;1.000000;0.000000;-0.005134;0.266366;
1.112110;0.005153;0.265689;1.000000;0.005153;0.265689;1.000000;1.000000;0.000000;-0.005153;0.265689;
1.112137;0.005172;0.265013;1.000000;0.005172;0.265013;1.000000;1.000000;0.000000;-0.005172;0.265013;
1.112164;0.005191;0.264338;1.000000;0.005191;0.264338;1.000000;1.000000;0.000000;-0.005191;0.264338;
1.112191;0.005210;0.263663;1.000000;0.005210;0.263663;1.000000;1.000000;0.000000;-0.005210;0.263663;
1.112219;0.005229;0.262990;1.000000;0.005229;0.262990;1.000000;1.000000;0.000000;-0.005229;0.262990;
1.112273;0.005267;0.261646;1.000000;0.005267;0.261646;1.000000;1.000000;0.000000;-0.005267;0.261646;
1.112322;0.005302;0.260452;1.000000;0.005302;0.260452;1.000000;1.000000;0.000000;-0.005302;0.260452;
1.112370;0.005336;0.259262;1.000000;0.005336;0.259262;1.000000;1.000000;0.000000;-0.005336;0.259262;
1.112419;0.005370;0.258074;1.000000;0.005370;0.258074;1.000000;1.000000;0.000000;-0.005370;0.258074;
1.112468;0.005404;0.256890;1.000000;0.005404;0.256890;1.000000;1.000000;0.000000;-0.005404;0.256890;
1.112516;0.005438;0.255710;1.000000;0.005438;0.255710;1.000000;1.000000;0.000000;-0.005438;0.255710;
1.112565;0.005473;0.254533;1.000000;0.005473;0.254533;1.000000;1.000000;0.000000;-0.005473;0.254533;
1.112613;0.005507;0.253360;1.000000;0.005507;0.253360;1.000000;1.000000;0.000000;-0.005507;0.253360;
1.112662;0.005542;0.252191;1.000000;0.005542;0.252191;1.000000;1.000000;0.000000;-0.005542;0.252191;
1.112711;0.005576;0.251025;1.000000;0.005576;0.251025;1.000000;1.000000;0.000000;-0.005576;0.251025;
1.112759;0.005611;0.249864;1.000000;0.005611;0.249864;1.000000;1.000000;0.000000;-0.005611;0.249864;
1.112808;0.005646;0.248706;1.000000;0.005646;0.248706;1.000000;1.000000;0.000000;-0.005646;0.248706;
1.112856;0.005681;0.247553;1.000000;0.005681;0.247553;1.000000;1.000000;0.000000;-0.005681;0.247553;
1.112905;0.005716;0.246404;1.000000;0.005716;0.246404;1.000000;1.000000;0.000000;-0.005716;0.246404;
1.112954;0.005751;0.245258;1.000000;0.005751;0.245258;1.000000;1.000000;0.000000;-0.005751;0.245258;
1.113002;0.005786;0.244118;1.000000;0.005786;0.244118;1.000000;1.000000;0.000000;-0.005786;0.244118;
1.113051;0.005821;0.242981;1.000000;0.005821;0.242981;1.000000;1.000000;0.000000;-0.005821;0.242981;
1.113099;0.005856;0.241849;1.000000;0.005856;0.241849;1.000000;1.000000;0.000000;-0.005856;0.241849;
1.113148;0.005891;0.240721;1.000000;0.005891;0.240721;1.000000;1.000000;0.000000;-0.005891;0.240721;
1.113197;0.005926;0.239598;1.000000;0.005926;0.239598;1.000000;1.000000;0.000000;-0.005926;0.239598;
1.113245;0.005962;0.238479;1.000000;0.005962;0.238479;1.000000;1.000000;0.000000;-0.005962;0.238479;
1.113294;0.005997;0.237364;1.000000;0.005997;0.237364;1.000000;1.000000;0.000000;-0.005997;0.237364;
1.113342;0.006032;0.236254;1.000000;0.006032;0.236254;1.000000;1.000000;0.000000;-0.006032;0.236254;
1.113391;0.006068;0.235149;1.000000;0.006068;0.235149;1.000000;1.000000;0.000000;-0.006068;0.235149;
1.113440;0.006103;0.234048;1.000000;0.006103;0.234048;1.000000;1.000000;0.000000;-0.006103;0.234048;
1.113488;0.006139;0.232952;1.000000;0.006139;0.232952;1.000000;1.000000;0.000000;-0.006139;0.232952;
1.113537;0.006175;0.231860;1.000000;0.006175;0.231860;1.000000;1.000000;0.000000;-0.006175;0.231860;
1.113585;0.006211;0.230773;1.000000;0.006211;0.230773;1.000000;1.000000;0.000000;-0.006211;0.230773;
1.113634;0.006246;0.229690;1.000000;0.006246;0.229690;1.000000;1.000000;0.000000;-0.006246;0.229690;
1.113683;0.006282;0.228613;1.000000;0.006282;0.228613;1.000000;1.000000;0.000000;-0.006282;0.228613;
1.113731;0.006318;0.227539;1.000000;0.006318;0.227539;1.000000;1.000000;0.000000;-0.006318;0.227539;
1.113780;0.006354;0.226471;1.000000;0.006354;0.226471;1.000000;1.000000;0.000000;-0.006354;0.226471;
1.113828;0.006390;0.225407;1.000000;0.006390;0.225407;1.000000;1.000000;0.000000;-0.006390;0.225407;
1.113877;0.006427;0.224348;1.000000;0.006427;0.224348;1.000000;1.000000;0.000000;-0.006427;0.224348;
1.113926;0.006463;0.223294;1.000000;0.006463;0.223294;1.000000;1.000000;0.000000;-0.006463;0.223294;
1.113974;0.006499;0.222244;1.000000;0.006499;0.222244;1.000000;1.000000;0.000000;-0.006499;0.222244;
1.114023;0.006535;0.221199;1.000000;0.006535;0.221199;1.000000;1.000000;0.000000;-0.006535;0.221199;
1.114071;0.006572;0.220159;1.000000;0.006572;0.220159;1.000000;1.000000;0.000000;-0.006572;0.220159;
1.114168;0.006645;0.218097;1.000000;0.006645;0.218097;1.000000;1.000000;0.000000;-0.006645;0.218097;
1.114255;0.006710;0.216279;1.000000;0.006710;0.216279;1.000000;1.000000;0.000000;-0.006710;0.216279;
1.114341;0.006775;0.214476;1.000000;0.006775;0.214476;1.000000;1.000000;0.000000;-0.006775;0.214476;
1.114428;0.006840;0.212688;1.000000;0.006840;0.212688;1.000000;1.000000;0.000000;-0.006840;0.212688;
1.114514;0.006906;0.210914;1.000000;0.006906;0.210914;1.000000;1.000000;0.000000;-0.006906;0.210914;
1.114600;0.006972;0.209156;1.000000;0.006972;0.209156;1.000000;1.000000;0.000000;-0.006972;0.209156;
1.114687;0.007038;0.207412;1.000000;0.007038;0.207412;1.000000;1.000000;0.000000;-0.007038;0.207412;
1.114773;0.007104;0.205682;1.000000;0.007104;0.205682;1.000000;1.000000;0.000000;-0.007104;0.205682;
1.114860;0.007170;0.203967;1.000000;0.007170;0.203967;1.000000;1.000000;0.000000;-0.007170;0.203967;
1.114946;0.007237;0.202267;1.000000;0.007237;0.202267;1.000000;1.000000;0.000000;-0.007237;0.202267;
1.115032;0.007303;0.200581;1.000000;0.007303;0.200581;1.000000;1.000000;0.000000;-0.007303;0.200581;
1.115119;0.007370;0.198910;1.000000;0.007370;0.198910;1.000000;1.000000;0.000000;-0.007370;0.198910;
1.115205;0.007437;0.197253;1.000000;0.007437;0.197253;1.000000;1.000000;0.000000;-0.007437;0.197253;
1.115292;0.007504;0.195610;1.000000;0.007504;0.195610;1.000000;1.000000;0.000000;-0.007504;0.195610;
1.115378;0.007572;0.193982;1.000000;0.007572;0.193982;1.000000;1.000000;0.000000;-0.007572;0.193982;
1.115464;0.007639;0.192367;1.000000;0.007639;0.192367;1.000000;1.000000;0.000000;-0.007639;0.192367;
1.115551;0.007707;0.190766;1.000000;0.007707;0.190766;1.000000;1.000000;0.000000;-0.007707;0.190766;
1.115637;0.007774;0.189180;1.000000;0.007774;0.189180;1.000000;1.000000;0.000000;-0.007774;0.189180;
1.115724;0.007842;0.187607;1.000000;0.007842;0.187607;1.000000;1.000000;0.000000;-0.007842;0.187607;
1.115810;0.007911;0.186048;1.000000;0.007911;0.186048;1.000000;1.000000;0.000000;-0.007911;0.186048;
1.115896;0.007979;0.184502;1.000000;0.007979;0.184502;1.000000;1.000000;0.000000;-0.007979;0.184502;
1.115983;0.008047;0.182970;1.000000;0.008047;0.182970;1.000000;1.000000;0.000000;-0.008047;0.182970;
1.116069;0.008116;0.181451;1.000000;0.008116;0.181451;1.000000;1.000000;0.000000;-0.008116;0.181451;
1.116156;0.008185;0.179946;1.000000;0.008185;0.179946;1.000000;1.000000;0.000000;-0.008185;0.179946;
1.116242;0.008253;0.178454;1.000000;0.008253;0.178454;1.000000;1.000000;0.000000;-0.008253;0.178454;
1.116328;0.008322;0.176975;1.000000;0.008322;0.176975;1.000000;1.000000;0.000000;-0.008322;0.176975;
1.116415;0.008392;0.175509;1.000000;0.008392;0.175509;1.000000;1.000000;0.000000;-0.008392;0.175509;
1.116501;0.008461;0.174056;1.000000;0.008461;0.174056;1.000000;1.000000;0.000000;-0.008461;0.174056;
1.116588;0.008530;0.172616;1.000000;0.008530;0.172616;1.000000;1.000000;0.000000;-0.008530;0.172616;
1.116674;0.008600;0.171189;1.000000;0.008600;0.171189;1.000000;1.000000;0.000000;-0.008600;0.171189;
1.116760;0.008670;0.169774;1.000000;0.008670;0.169774;1.000000;1.000000;0.000000;-0.008670;0.169774;
1.116847;0.008740;0.168372;1.000000;0.008740;0.168372;1.000000;1.000000;0.000000;-0.008740;0.168372;
1.116933;0.008810;0.166982;1.000000;0.008810;0.166982;1.000000;1.000000;0.000000;-0.008810;0.166982;
1.117020;0.008880;0.165605;1.000000;0.008880;0.165605;1.000000;1.000000;0.000000;-0.008880;0.165605;
1.117106;0.008950;0.164240;1.000000;0.008950;0.164240;1.000000;1.000000;0.000000;-0.008950;0.164240;
1.117192;0.009021;0.162887;1.000000;0.009021;0.162887;1.000000;1.000000;0.000000;-0.009021;0.162887;
1.117279;0.009091;0.161547;1.000000;0.009091;0.161547;1.000000;1.000000;0.000000;-0.009091;0.161547;
1.117365;0.009162;0.160218;1.000000;0.009162;0.160218;1.000000;1.000000;0.000000;-0.009162;0.160218;
1.117451;0.009233;0.158901;1.000000;0.009233;0.158901;1.000000;1.000000;0.000000;-0.009233;0.158901;
1.117538;0.009304;0.157596;1.000000;0.009304;0.157596;1.000000;1.000000;0.000000;-0.009304;0.157596;
1.117624;0.009375;0.156303;1.000000;0.009375;0.156303;1.000000;1.000000;0.000000;-0.009375;0.156303;
1.117711;0.009446;0.155021;1.000000;0.009446;0.155021;1.000000;1.000000;0.000000;-0.009446;0.155021;
1.117797;0.009518;0.153751;1.000000;0.009518;0.153751;1.000000;1.000000;0.000000;-0.009518;0.153751;
1.117883;0.009589;0.152492;1.000000;0.009589;0.152492;1.000000;1.000000;0.000000;-0.009589;0.152492;
1.117970;0.009661;0.151244;1.000000;0.009661;0.151244;1.000000;1.000000;0.000000;-0.009661;0.151244;
1.118056;0.009732;0.150008;1.000000;0.009732;0.150008;1.000000;1.000000;0.000000;-0.009732;0.150008;
1.118143;0.009804;0.148783;1.000000;0.009804;0.148783;1.000000;1.000000;0.000000;-0.009804;0.148783;
1.118229;0.009876;0.147569;1.000000;0.009876;0.147569;1.000000;1.000000;0.000000;-0.009876;0.147569;
1.118315;0.009948;0.146366;1.000000;0.009948;0.146366;1.000000;1.000000;0.000000;-0.009948;0.146366;
1.118402;0.010021;0.145173;1.000000;0.010021;0.145173;1.000000;1.000000;0.000000;-0.010021;0.145173;
1.118488;0.010093;0.143992;1.000000;0.010093;0.143992;1.000000;1.000000;0.000000;-0.010093;0.143992;
1.118575;0.010166;0.142822;1.000000;0.010166;0.142822;1.000000;1.000000;0.000000;-0.010166;0.142822;
1.118661;0.010238;0.141662;1.000000;0.010238;0.141662;1.000000;1.000000;0.000000;-0.010238;0.141662;
1.118747;0.010311;0.140513;1.000000;0.010311;0.140513;1.000000;1.000000;0.000000;-0.010311;0.140513;
1.118834;0.010384;0.139374;1.000000;0.010384;0.139374;1.000000;1.000000;0.000000;-0.010384;0.139374;
1.118920;0.010457;0.138246;1.000000;0.010457;0.138246;1.000000;1.000000;0.000000;-0.010457;0.138246;
1.119007;0.010530;0.137127;1.000000;0.010530;0.137127;1.000000;1.000000;0.000000;-0.010530;0.137127;
1.119093;0.010603;0.136019;1.000000;0.010603;0.136019;1.000000;1.000000;0.000000;-0.010603;0.136019;
1.119179;0.010676;0.134921;1.000000;0.010676;0.134921;1.000000;1.000000;0.000000;-0.010676;0.134921;
1.119266;0.010750;0.133833;1.000000;0.010750;0.133833;1.000000;1.000000;0.000000;-0.010750;0.133833;
1.119352;0.010823;0.132755;1.000000;0.010823;0.132755;1.000000;1.000000;0.000000;-0.010823;0.132755;
1.119439;0.010897;0.131687;1.000000;0.010897;0.131687;1.000000;1.000000;0.000000;-0.010897;0.131687;
1.119525;0.010971;0.130628;1.000000;0.010971;0.130628;1.000000;1.000000;0.000000;-0.010971;0.130628;
1.119611;0.011045;0.129579;1.000000;0.011045;0.129579;1.000000;1.000000;0.000000;-0.011045;0.129579;
1.119698;0.011118;0.128540;1.000000;0.011118;0.128540;1.000000;1.000000;0.000000;-0.011118;0.128540;
1.119784;0.011193;0.127510;1.000000;0.011193;0.127510;1.000000;1.000000;0.000000;-0.011193;0.127510;
1.119871;0.011267;0.126490;1.000000;0.011267;0.126490;1.000000;1.000000;0.000000;-0.011267;0.126490;
1.119957;0.011341;0.125479;1.000000;0.011341;0.125479;1.000000;1.000000;0.000000;-0.011341;0.125479;
1.120043;0.011415;0.124477;1.000000;0.011415;0.124477;1.000000;1.000000;0.000000;-0.011415;0.124477;
1.120130;0.011490;0.123484;1.000000;0.011490;0.123484;1.000000;1.000000;0.000000;-0.011490;0.123484;
1.120216;0.011564;0.122501;1.000000;0.011564;0.122501;1.000000;1.000000;0.000000;-0.011564;0.122501;
1.120303;0.011639;0.121526;1.000000;0.011639;0.121526;1.000000;1.000000;0.000000;-0.011639;0.121526;
1.120389;0.011714;0.120561;1.000000;0.011714;0.120561;1.000000;1.000000;0.000000;-0.011714;0.120561;
1.120475;0.011789;0.119604;1.000000;0.011789;0.119604;1.000000;1.000000;0.000000;-0.011789;0.119604;
1.120562;0.011864;0.118656;1.000000;0.011864;0.118656;1.000000;1.000000;0.000000;-0.011864;0.118656;
1.120648;0.011939;0.117717;1.000000;0.011939;0.117717;1.000000;1.000000;0.000000;-0.011939;0.117717;
1.120734;0.012014;0.116786;1.000000;0.012014;0.116786;1.000000;1.000000;0.000000;-0.012014;0.116786;
1.120821;0.012089;0.115864;1.000000;0.012089;0.115864;1.000000;1.000000;0.000000;-0.012089;0.115864;
1.120907;0.012165;0.114951;1.000000;0.012165;0.114951;1.000000;1.000000;0.000000;-0.012165;0.114951;
1.120994;0.012240;0.114046;1.000000;0.012240;0.114046;1.000000;1.000000;0.000000;-0.012240;0.114046;
1.121080;0.012316;0.113149;1.000000;0.012316;0.113149;1.000000;1.000000;0.000000;-0.012316;0.113149;
1.121166;0.012391;0.112261;1.000000;0.012391;0.112261;1.000000;1.000000;0.000000;-0.012391;0.112261;
1.121253;0.012467;0.111380;1.000000;0.012467;0.111380;1.000000;1.000000;0.000000;-0.012467;0.111380;
1.121339;0.012543;0.110508;1.000000;0.012543;0.110508;1.000000;1.000000;0.000000;-0.012543;0.110508;
1.121426;0.012619;0.109645;1.000000;0.012619;0.109645;1.000000;1.000000;0.000000;-0.012619;0.109645;
1.121512;0.012695;0.108789;1.000000;0.012695;0.108789;1.000000;1.000000;0.000000;-0.012695;0.108789;
1.121598;0.012771;0.107941;1.000000;0.012771;0.107941;1.000000;1.000000;0.000000;-0.012771;0.107941;
1.121685;0.012847;0.107101;1.000000;0.012847;0.107101;1.000000;1.000000;0.000000;-0.012847;0.107101;
1.121771;0.012923;0.106268;1.000000;0.012923;0.106268;1.000000;1.000000;0.000000;-0.012923;0.106268;
1.121858;0.013000;0.105444;1.000000;0.013000;0.105444;1.000000;1.000000;0.000000;-0.013000;0.105444;
1.121944;0.013076;0.104627;1.000000;0.013076;0.104627;1.000000;1.000000;0.000000;-0.013076;0.104627;
1.122030;0.013152;0.103818;1.000000;0.013152;0.103818;1.000000;1.000000;0.000000;-0.013152;0.103818;
1.122117;0.013229;0.103016;1.000000;0.013229;0.103016;1.000000;1.000000;0.000000;-0.013229;0.103016;
1.122203;0.013306;0.102222;1.000000;0.013306;0.102222;1.000000;1.000000;0.000000;-0.013306;0.102222;
1.122290;0.013383;0.101435;1.000000;0.013383;0.101435;1.000000;1.000000;0.000000;-0.013383;0.101435;
1.122376;0.013459;0.100660;1.000000;0.013459;0.100660;1.000000;1.000000;0.000000;-0.013459;0.100660;
1.122376;0.013460;0.100654;1.000000;0.013460;0.100654;1.000000;1.000000;0.000000;-0.013460;0.100654;
1.122377;0.013461;0.100644;1.000000;0.013461;0.100644;1.000000;1.000000;0.000000;-0.013461;0.100644;
1.122380;0.013463;0.100623;1.000000;0.013463;0.100623;1.000000;1.000000;0.000000;-0.013463;0.100623;
1.122384;0.013467;0.100582;1.000000;0.013467;0.100582;1.000000;1.000000;0.000000;-0.013467;0.100582;
1.122393;0.013475;0.100499;1.000000;0.013475;0.100499;1.000000;1.000000;0.000000;-0.013475;0.100499;
1.122412;0.013491;0.100335;1.000000;0.013491;0.100335;1.000000;1.000000;0.000000;-0.013491;0.100335;
1.122448;0.013524;0.100006;1.000000;0.013524;0.100006;1.000000;1.000000;0.000000;-0.013524;0.100006;
1.122522;0.013589;0.099354;1.000000;0.013589;0.099354;1.000000;1.000000;0.000000;-0.013589;0.099354;
1.122595;0.013655;0.098707;1.000000;0.013655;0.098707;1.000000;1.000000;0.000000;-0.013655;0.098707;
1.122668;0.013720;0.098064;1.000000;0.013720;0.098064;1.000000;1.000000;0.000000;-0.013720;0.098064;
1.122742;0.013785;0.097426;1.000000;0.013785;0.097426;1.000000;1.000000;0.000000;-0.013785;0.097426;
1.122815;0.013851;0.096791;1.000000;0.013851;0.096791;1.000000;1.000000;0.000000;-0.013851;0.096791;
1.122888;0.013917;0.096161;1.000000;0.013917;0.096161;1.000000;1.000000;0.000000;-0.013917;0.096161;
1.122962;0.013982;0.095534;1.000000;0.013982;0.095534;1.000000;1.000000;0.000000;-0.013982;0.095534;
1.123035;0.014048;0.094911;1.000000;0.014048;0.094911;1.000000;1.000000;0.000000;-0.014048;0.094911;
1.123108;0.014114;0.094292;1.000000;0.014114;0.094292;1.000000;1.000000;0.000000;-0.014114;0.094292;
1.123182;0.014180;0.093676;1.000000;0.014180;0.093676;1.000000;1.000000;0.000000;-0.014180;0.093676;
1.123255;0.014246;0.093063;1.000000;0.014246;0.093063;1.000000;1.000000;0.000000;-0.014246;0.093063;
1.123328;0.014312;0.092453;1.000000;0.014312;0.092453;1.000000;1.000000;0.000000;-0.014312;0.092453;
1.123402;0.014378;0.091847;1.000000;0.014378;0.091847;1.000000;1.000000;0.000000;-0.014378;0.091847;
1.123475;0.014444;0.091244;1.000000;0.014444;0.091244;1.000000;1.000000;0.000000;-0.014444;0.091244;
1.123548;0.014510;0.090644;1.000000;0.014510;0.090644;1.000000;1.000000;0.000000;-0.014510;0.090644;
1.123622;0.014576;0.090046;1.000000;0.014576;0.090046;1.000000;1.000000;0.000000;-0.014576;0.090046;
1.123695;0.014642;0.089452;1.000000;0.014642;0.089452;1.000000;1.000000;0.000000;-0.014642;0.089452;
1.123768;0.014708;0.088860;1.000000;0.014708;0.088860;1.000000;1.000000;0.000000;-0.014708;0.088860;
1.123842;0.014775;0.088272;1.000000;0.014775;0.088272;1.000000;1.000000;0.000000;-0.014775;0.088272;
1.123915;0.014841;0.087685;1.000000;0.014841;0.087685;1.000000;1.000000;0.000000;-0.014841;0.087685;
1.123988;0.014907;0.087102;1.000000;0.014907;0.087102;1.000000;1.000000;0.000000;-0.014907;0.087102;
1.124062;0.014974;0.086521;1.000000;0.014974;0.086521;1.000000;1.000000;0.000000;-0.014974;0.086521;
1.124135;0.015040;0.085943;1.000000;0.015040;0.085943;1.000000;1.000000;0.000000;-0.015040;0.085943;
1.124208;0.015107;0.085367;1.000000;0.015107;0.085367;1.000000;1.000000;0.000000;-0.015107;0.085367;
1.124282;0.015174;0.084794;1.000000;0.015174;0.084794;1.000000;1.000000;0.000000;-0.015174;0.084794;
1.124355;0.015240;0.084224;1.000000;0.015240;0.084224;1.000000;1.000000;0.000000;-0.015240;0.084224;
1.124428;0.015307;0.083655;1.000000;0.015307;0.083655;1.000000;1.000000;0.000000;-0.015307;0.083655;
1.124502;0.015374;0.083090;1.000000;0.015374;0.083090;1.000000;1.000000;0.000000;-0.015374;0.083090;
1.124575;0.015440;0.082527;1.000000;0.015440;0.082527;1.000000;1.000000;0.000000;-0.015440;0.082527;
1.124648;0.015507;0.081966;1.000000;0.015507;0.081966;1.000000;1.000000;0.000000;-0.015507;0.081966;
1.124721;0.015574;0.081407;1.000000;0.015574;0.081407;1.000000;1.000000;0.000000;-0.015574;0.081407;
1.124795;0.015641;0.080851;1.000000;0.015641;0.080851;1.000000;1.000000;0.000000;-0.015641;0.080851;
1.124868;0.015708;0.080297;1.000000;0.015708;0.080297;1.000000;1.000000;0.000000;-0.015708;0.080297;
1.124941;0.015775;0.079746;1.000000;0.015775;0.079746;1.000000;1.000000;0.000000;-0.015775;0.079746;
1.125015;0.015842;0.079197;1.000000;0.015842;0.079197;1.000000;1.000000;0.000000;-0.015842;0.079197;
1.125088;0.015909;0.078650;1.000000;0.015909;0.078650;1.000000;1.000000;0.000000;-0.015909;0.078650;
1.125134;0.015952;0.078309;1.000000;0.015952;0.078309;1.000000;1.000000;0.000000;-0.015952;0.078309;
1.125135;0.015952;0.078305;1.000000;0.015952;0.078305;1.000000;1.000000;0.000000;-0.015952;0.078305;
1.125136;0.015953;0.078296;1.000000;0.015953;0.078296;1.000000;1.000000;0.000000;-0.015953;0.078296;
1.125138;0.015955;0.078279;1.000000;0.015955;0.078279;1.000000;1.000000;0.000000;-0.015955;0.078279;
1.125143;0.015959;0.078246;1.000000;0.015959;0.078246;1.000000;1.000000;0.000000;-0.015959;0.078246;
1.125152;0.015968;0.078178;1.000000;0.015968;0.078178;1.000000;1.000000;0.000000;-0.015968;0.078178;
1.125170;0.015984;0.078043;1.000000;0.015984;0.078043;1.000000;1.000000;0.000000;-0.015984;0.078043;
1.125206;0.016018;0.077774;1.000000;0.016018;0.077774;1.000000;1.000000;0.000000;-0.016018;0.077774;
1.125279;0.016084;0.077239;1.000000;0.016084;0.077239;1.000000;1.000000;0.000000;-0.016084;0.077239;
1.125351;0.016151;0.076705;1.000000;0.016151;0.076705;1.000000;1.000000;0.000000;-0.016151;0.076705;
1.125424;0.016218;0.076174;1.000000;0.016218;0.076174;1.000000;1.000000;0.000000;-0.016218;0.076174;
1.125497;0.016284;0.075645;1.000000;0.016284;0.075645;1.000000;1.000000;0.000000;-0.016284;0.075645;
1.125569;0.016351;0.075119;1.000000;0.016351;0.075119;1.000000;1.000000;0.000000;-0.016351;0.075119;
1.125642;0.016418;0.074594;1.000000;0.016418;0.074594;1.000000;1.000000;0.000000;-0.016418;0.074594;
1.125715;0.016485;0.074072;1.000000;0.016485;0.074072;1.000000;1.000000;0.000000;-0.016485;0.074072;
1.125787;0.016552;0.073552;1.000000;0.016552;0.073552;1.000000;1.000000;0.000000;-0.016552;0.073552;
1.125860;0.016619;0.073035;1.000000;0.016619;0.073035;1.000000;1.000000;0.000000;-0.016619;0.073035;
1.125933;0.016686;0.072519;1.000000;0.016686;0.072519;1.000000;1.000000;0.000000;-0.016686;0.072519;
1.126005;0.016753;0.072006;1.000000;0.016753;0.072006;1.000000;1.000000;0.000000;-0.016753;0.072006;
1.126078;0.016820;0.071495;1.000000;0.016820;0.071495;1.000000;1.000000;0.000000;-0.016820;0.071495;
1.126150;0.016887;0.070986;1.000000;0.016887;0.070986;1.000000;1.000000;0.000000;-0.016887;0.070986;
1.126223;0.016954;0.070479;1.000000;0.016954;0.070479;1.000000;1.000000;0.000000;-0.016954;0.070479;
1.126296;0.017021;0.069975;1.000000;0.017021;0.069975;1.000000;1.000000;0.000000;-0.017021;0.069975;
1.126368;0.017088;0.069472;1.000000;0.017088;0.069472;1.000000;1.000000;0.000000;-0.017088;0.069472;
1.126441;0.017156;0.068972;1.000000;0.017156;0.068972;1.000000;1.000000;0.000000;-0.017156;0.068972;
1.126514;0.017223;0.068475;1.000000;0.017223;0.068475;1.000000;1.000000;0.000000;-0.017223;0.068475;
1.126586;0.017290;0.067979;1.000000;0.017290;0.067979;1.000000;1.000000;0.000000;-0.017290;0.067979;
1.126659;0.017358;0.067485;1.000000;0.017358;0.067485;1.000000;1.000000;0.000000;-0.017358;0.067485;
1.126732;0.017425;0.066994;1.000000;0.017425;0.066994;1.000000;1.000000;0.000000;-0.017425;0.066994;
1.126804;0.017492;0.066505;1.000000;0.017492;0.066505;1.000000;1.000000;0.000000;-0.017492;0.066505;
1.126877;0.017560;0.066018;1.000000;0.017560;0.066018;1.000000;1.000000;0.000000;-0.017560;0.066018;
1.126950;0.017627;0.065533;1.000000;0.017627;0.065533;1.000000;1.000000;0.000000;-0.017627;0.065533;
1.127022;0.017695;0.065051;1.000000;0.017695;0.065051;1.000000;1.000000;0.000000;-0.017695;0.065051;
1.127095;0.017763;0.064571;1.000000;0.017763;0.064571;1.000000;1.000000;0.000000;-0.017763;0.064571;
1.127167;0.017830;0.064093;1.000000;0.017830;0.064093;1.000000;1.000000;0.000000;-0.017830;0.064093;
1.127240;0.017898;0.063617;1.000000;0.017898;0.063617;1.000000;1.000000;0.000000;-0.017898;0.063617;
1.127313;0.017966;0.063143;1.000000;0.017966;0.063143;1.000000;1.000000;0.000000;-0.017966;0.063143;
1.127385;0.018033;0.062671;1.000000;0.018033;0.062671;1.000000;1.000000;0.000000;-0.018033;0.062671;
1.127458;0.018101;0.062202;1.000000;0.018101;0.062202;1.000000;1.000000;0.000000;-0.018101;0.062202;
1.127531;0.018169;0.061735;1.000000;0.018169;0.061735;1.000000;1.000000;0.000000;-0.018169;0.061735;
1.127603;0.018237;0.061270;1.000000;0.018237;0.061270;1.000000;1.000000;0.000000;-0.018237;0.061270;
1.127676;0.018305;0.060807;1.000000;0.018305;0.060807;1.000000;1.000000;0.000000;-0.018305;0.060807;
1.127749;0.018372;0.060346;1.000000;0.018372;0.060346;1.000000;1.000000;0.000000;-0.018372;0.060346;
1.127821;0.018440;0.059887;1.000000;0.018440;0.059887;1.000000;1.000000;0.000000;-0.018440;0.059887;
1.127894;0.018508;0.059431;1.000000;0.018508;0.059431;1.000000;1.000000;0.000000;-0.018508;0.059431;
1.127966;0.018576;0.058977;1.000000;0.018576;0.058977;1.000000;1.000000;0.000000;-0.018576;0.058977;
1.128039;0.018644;0.058525;1.000000;0.018644;0.058525;1.000000;1.000000;0.000000;-0.018644;0.058525;
1.128112;0.018712;0.058075;1.000000;0.018712;0.058075;1.000000;1.000000;0.000000;-0.018712;0.058075;
1.128184;0.018781;0.057627;1.000000;0.018781;0.057627;1.000000;1.000000;0.000000;-0.018781;0.057627;
1.128257;0.018849;0.057182;1.000000;0.018849;0.057182;1.000000;1.000000;0.000000;-0.018849;0.057182;
1.128330;0.018917;0.056738;1.000000;0.018917;0.056738;1.000000;1.000000;0.000000;-0.018917;0.056738;
1.128402;0.018985;0.056297;1.000000;0.018985;0.056297;1.000000;1.000000;0.000000;-0.018985;0.056297;
1.128475;0.019053;0.055858;1.000000;0.019053;0.055858;1.000000;1.000000;0.000000;-0.019053;0.055858;
1.128548;0.019122;0.055421;1.000000;0.019122;0.055421;1.000000;1.000000;0.000000;-0.019122;0.055421;
1.128620;0.019190;0.054986;1.000000;0.019190;0.054986;1.000000;1.000000;0.000000;-0.019190;0.054986;
1.128693;0.019258;0.054554;1.000000;0.019258;0.054554;1.000000;1.000000;0.000000;-0.019258;0.054554;
1.128765;0.019327;0.054123;1.000000;0.019327;0.054123;1.000000;1.000000;0.000000;-0.019327;0.054123;
1.128838;0.019395;0.053695;1.000000;0.019395;0.053695;1.000000;1.000000;0.000000;-0.019395;0.053695;
1.128911;0.019463;0.053268;1.000000;0.019463;0.053268;1.000000;1.000000;0.000000;-0.019463;0.053268;
1.128983;0.019532;0.052844;1.000000;0.019532;0.052844;1.000000;1.000000;0.000000;-0.019532;0.052844;
1.129056;0.019600;0.052422;1.000000;0.019600;0.052422;1.000000;1.000000;0.000000;-0.019600;0.052422;
1.129129;0.019669;0.052002;1.000000;0.019669;0.052002;1.000000;1.000000;0.000000;-0.019669;0.052002;
1.129201;0.019737;0.051584;1.000000;0.019737;0.051584;1.000000;1.000000;0.000000;-0.019737;0.051584;
1.129274;0.019806;0.051169;1.000000;0.019806;0.051169;1.000000;1.000000;0.000000;-0.019806;0.051169;
1.129347;0.019874;0.050755;1.000000;0.019874;0.050755;1.000000;1.000000;0.000000;-0.019874;0.050755;
1.129419;0.019943;0.050343;1.000000;0.019943;0.050343;1.000000;1.000000;0.000000;-0.019943;0.050343;
1.129492;0.020012;0.049934;1.000000;0.020012;0.049934;1.000000;1.000000;0.000000;-0.020012;0.049934;
1.129564;0.020080;0.049527;1.000000;0.020080;0.049527;1.000000;1.000000;0.000000;-0.020080;0.049527;
1.129637;0.020149;0.049121;1.000000;0.020149;0.049121;1.000000;1.000000;0.000000;-0.020149;0.049121;
1.129710;0.020218;0.048718;1.000000;0.020218;0.048718;1.000000;1.000000;0.000000;-0.020218;0.048718;
1.129782;0.020287;0.048317;1.000000;0.020287;0.048317;1.000000;1.000000;0.000000;-0.020287;0.048317;
1.129855;0.020355;0.047918;1.000000;0.020355;0.047918;1.000000;1.000000;0.000000;-0.020355;0.047918;
1.129928;0.020424;0.047521;1.000000;0.020424;0.047521;1.000000;1.000000;0.000000;-0.020424;0.047521;
1.130000;0.020493;0.047126;1.000000;0.020493;0.047126;1.000000;1.000000;0.000000;-0.020493;0.047126;
1.130073;0.020562;0.046734;1.000000;0.020562;0.046734;1.000000;1.000000;0.000000;-0.020562;0.046734;
1.130146;0.020631;0.046343;1.000000;0.020631;0.046343;1.000000;1.000000;0.000000;-0.020631;0.046343;
1.130218;0.020700;0.045954;1.000000;0.020700;0.045954;1.000000;1.000000;0.000000;-0.020700;0.045954;
1.130291;0.020769;0.045567;1.000000;0.020769;0.045567;1.000000;1.000000;0.000000;-0.020769;0.045567;
1.130364;0.020838;0.045183;1.000000;0.020838;0.045183;1.000000;1.000000;0.000000;-0.020838;0.045183;
1.130436;0.020907;0.044800;1.000000;0.020907;0.044800;1.000000;1.000000;0.000000;-0.020907;0.044800;
1.130509;0.020976;0.044419;1.000000;0.020976;0.044419;1.000000;1.000000;0.000000;-0.020976;0.044419;
1.130581;0.021045;0.044041;1.000000;0.021045;0.044041;1.000000;1.000000;0.000000;-0.021045;0.044041;
1.130654;0.021114;0.043664;1.000000;0.021114;0.043664;1.000000;1.000000;0.000000;-0.021114;0.043664;
1.130727;0.021183;0.043290;1.000000;0.021183;0.043290;1.000000;1.000000;0.000000;-0.021183;0.043290;
1.130799;0.021252;0.042917;1.000000;0.021252;0.042917;1.000000;1.000000;0.000000;-0.021252;0.042917;
1.130872;0.021321;0.042546;1.000000;0.021321;0.042546;1.000000;1.000000;0.000000;-0.021321;0.042546;
1.130945;0.021390;0.042178;1.000000;0.021390;0.042178;1.000000;1.000000;0.000000;-0.021390;0.042178;
1.131017;0.021460;0.041811;1.000000;0.021460;0.041811;1.000000;1.000000;0.000000;-0.021460;0.041811;
1.131090;0.021529;0.041446;1.000000;0.021529;0.041446;1.000000;1.000000;0.000000;-0.021529;0.041446;
1.131163;0.021598;0.041084;1.000000;0.021598;0.041084;1.000000;1.000000;0.000000;-0.021598;0.041084;
1.131235;0.021667;0.040723;1.000000;0.021667;0.040723;1.000000;1.000000;0.000000;-0.021667;0.040723;
1.131308;0.021737;0.040364;1.000000;0.021737;0.040364;1.000000;1.000000;0.000000;-0.021737;0.040364;
1.131380;0.021806;0.040007;1.000000;0.021806;0.040007;1.000000;1.000000;0.000000;-0.021806;0.040007;
1.131453;0.021875;0.039653;1.000000;0.021875;0.039653;1.000000;1.000000;0.000000;-0.021875;0.039653;
1.131526;0.021945;0.039300;1.000000;0.021945;0.039300;1.000000;1.000000;0.000000;-0.021945;0.039300;
1.131598;0.022014;0.038949;1.000000;0.022014;0.038949;1.000000;1.000000;0.000000;-0.022014;0.038949;
1.131671;0.022083;0.038600;1.000000;0.022083;0.038600;1.000000;1.000000;0.000000;-0.022083;0.038600;
1.131744;0.022153;0.038252;1.000000;0.022153;0.038252;1.000000;1.000000;0.000000;-0.022153;0.038252;
1.131816;0.022222;0.037907;1.000000;0.022222;0.037907;1.000000;1.000000;0.000000;-0.022222;0.037907;
1.131889;0.022292;0.037564;1.000000;0.022292;0.037564;1.000000;1.000000;0.000000;-0.022292;0.037564;
1.131962;0.022361;0.037222;1.000000;0.022361;0.037222;1.000000;1.000000;0.000000;-0.022361;0.037222;
1.132034;0.022431;0.036883;1.000000;0.022431;0.036883;1.000000;1.000000;0.000000;-0.022431;0.036883;
1.132107;0.022500;0.036545;1.000000;0.022500;0.036545;1.000000;1.000000;0.000000;-0.022500;0.036545;
1.132179;0.022570;0.036209;1.000000;0.022570;0.036209;1.000000;1.000000;0.000000;-0.022570;0.036209;
1.132252;0.022640;0.035875;1.000000;0.022640;0.035875;1.000000;1.000000;0.000000;-0.022640;0.035875;
1.132325;0.022709;0.035543;1.000000;0.022709;0.035543;1.000000;1.000000;0.000000;-0.022709;0.035543;
1.132397;0.022779;0.035213;1.000000;0.022779;0.035213;1.000000;1.000000;0.000000;-0.022779;0.035213;
1.132470;0.022848;0.034885;1.000000;0.022848;0.034885;1.000000;1.000000;0.000000;-0.022848;0.034885;
1.132543;0.022918;0.034558;1.000000;0.022918;0.034558;1.000000;1.000000;0.000000;-0.022918;0.034558;
1.132615;0.022988;0.034233;1.000000;0.022988;0.034233;1.000000;1.000000;0.000000;-0.022988;0.034233;
1.132688;0.023058;0.033911;1.000000;0.023058;0.033911;1.000000;1.000000;0.000000;-0.023058;0.033911;
1.132761;0.023127;0.033590;1.000000;0.023127;0.033590;1.000000;1.000000;0.000000;-0.023127;0.033590;
1.132833;0.023197;0.033270;1.000000;0.023197;0.033270;1.000000;1.000000;0.000000;-0.023197;0.033270;
1.132906;0.023267;0.032953;1.000000;0.023267;0.032953;1.000000;1.000000;0.000000;-0.023267;0.032953;
1.132978;0.023337;0.032637;1.000000;0.023337;0.032637;1.000000;1.000000;0.000000;-0.023337;0.032637;
1.133051;0.023406;0.032323;1.000000;0.023406;0.032323;1.000000;1.000000;0.000000;-0.023406;0.032323;
1.133124;0.023476;0.032011;1.000000;0.023476;0.032011;1.000000;1.000000;0.000000;-0.023476;0.032011;
1.133196;0.023546;0.031701;1.000000;0.023546;0.031701;1.000000;1.000000;0.000000;-0.023546;0.031701;
1.133269;0.023616;0.031393;1.000000;0.023616;0.031393;1.000000;1.000000;0.000000;-0.023616;0.031393;
1.133342;0.023686;0.031086;1.000000;0.023686;0.031086;1.000000;1.000000;0.000000;-0.023686;0.031086;
1.133414;0.023756;0.030781;1.000000;0.023756;0.030781;1.000000;1.000000;0.000000;-0.023756;0.030781;
1.133487;0.023826;0.030478;1.000000;0.023826;0.030478;1.000000;1.000000;0.000000;-0.023826;0.030478;
1.133560;0.023896;0.030176;1.000000;0.023896;0.030176;1.000000;1.000000;0.000000;-0.023896;0.030176;
1.133632;0.023966;0.029877;1.000000;0.023966;0.029877;1.000000;1.000000;0.000000;-0.023966;0.029877;
1.133705;0.024036;0.029579;1.000000;0.024036;0.029579;1.000000;1.000000;0.000000;-0.024036;0.029579;
1.133778;0.024106;0.029282;1.000000;0.024106;0.029282;1.000000;1.000000;0.000000;-0.024106;0.029282;
1.133850;0.024176;0.028988;1.000000;0.024176;0.028988;1.000000;1.000000;0.000000;-0.024176;0.028988;
1.133923;0.024246;0.028695;1.000000;0.024246;0.028695;1.000000;1.000000;0.000000;-0.024246;0.028695;
1.133995;0.024316;0.028404;1.000000;0.024316;0.028404;1.000000;1.000000;0.000000;-0.024316;0.028404;
1.134068;0.024386;0.028114;1.000000;0.024386;0.028114;1.000000;1.000000;0.000000;-0.024386;0.028114;
1.134141;0.024456;0.027826;1.000000;0.024456;0.027826;1.000000;1.000000;0.000000;-0.024456;0.027826;
1.134213;0.024526;0.027540;1.000000;0.024526;0.027540;1.000000;1.000000;0.000000;-0.024526;0.027540;
1.134286;0.024596;0.027256;1.000000;0.024596;0.027256;1.000000;1.000000;0.000000;-0.024596;0.027256;
1.134359;0.024666;0.026973;1.000000;0.024666;0.026973;1.000000;1.000000;0.000000;-0.024666;0.026973;
1.134431;0.024737;0.026692;1.000000;0.024737;0.026692;1.000000;1.000000;0.000000;-0.024737;0.026692;
1.134504;0.024807;0.026412;1.000000;0.024807;0.026412;1.000000;1.000000;0.000000;-0.024807;0.026412;
1.134577;0.024877;0.026134;1.000000;0.024877;0.026134;1.000000;1.000000;0.000000;-0.024877;0.026134;
1.134649;0.024947;0.025858;1.000000;0.024947;0.025858;1.000000;1.000000;0.000000;-0.024947;0.025858;
1.134722;0.025017;0.025583;1.000000;0.025017;0.025583;1.000000;1.000000;0.000000;-0.025017;0.025583;
1.134794;0.025088;0.025310;1.000000;0.025088;0.025310;1.000000;1.000000;0.000000;-0.025088;0.025310;
1.134867;0.025158;0.025039;1.000000;0.025158;0.025039;1.000000;1.000000;0.000000;-0.025158;0.025039;
1.134940;0.025228;0.024769;1.000000;0.025228;0.024769;1.000000;1.000000;0.000000;-0.025228;0.024769;
1.135012;0.025299;0.024501;1.000000;0.025299;0.024501;1.000000;1.000000;0.000000;-0.025299;0.024501;
1.135085;0.025369;0.024234;1.000000;0.025369;0.024234;1.000000;1.000000;0.000000;-0.025369;0.024234;
1.135158;0.025439;0.023969;1.000000;0.025439;0.023969;1.000000;1.000000;0.000000;-0.025439;0.023969;
1.135230;0.025510;0.023706;1.000000;0.025510;0.023706;1.000000;1.000000;0.000000;-0.025510;0.023706;
1.135303;0.025580;0.023444;1.000000;0.025580;0.023444;1.000000;1.000000;0.000000;-0.025580;0.023444;
1.135376;0.025650;0.023184;1.000000;0.025650;0.023184;1.000000;1.000000;0.000000;-0.025650;0.023184;
1.135448;0.025721;0.022925;1.000000;0.025721;0.022925;1.000000;1.000000;0.000000;-0.025721;0.022925;
1.135521;0.025791;0.022668;1.000000;0.025791;0.022668;1.000000;1.000000;0.000000;-0.025791;0.022668;
1.135593;0.025862;0.022412;1.000000;0.025862;0.022412;1.000000;1.000000;0.000000;-0.025862;0.022412;
1.135666;0.025932;0.022158;1.000000;0.025932;0.022158;1.000000;1.000000;0.000000;-0.025932;0.022158;
1.135739;0.026003;0.021905;1.000000;0.026003;0.021905;1.000000;1.000000;0.000000;-0.026003;0.021905;
1.135811;0.026073;0.021654;1.000000;0.026073;0.021654;1.000000;1.000000;0.000000;-0.026073;0.021654;
1.135884;0.026144;0.021404;1.000000;0.026144;0.021404;1.000000;1.000000;0.000000;-0.026144;0.021404;
1.135957;0.026214;0.021156;1.000000;0.026214;0.021156;1.000000;1.000000;0.000000;-0.026214;0.021156;
1.136029;0.026285;0.020909;1.000000;0.026285;0.020909;1.000000;1.000000;0.000000;-0.026285;0.020909;
1.136102;0.026355;0.020664;1.000000;0.026355;0.020664;1.000000;1.000000;0.000000;-0.026355;0.020664;
1.136175;0.026426;0.020421;1.000000;0.026426;0.020421;1.000000;1.000000;0.000000;-0.026426;0.020421;
1.136247;0.026496;0.020178;1.000000;0.026496;0.020178;1.000000;1.000000;0.000000;-0.026496;0.020178;
1.136320;0.026567;0.019938;1.000000;0.026567;0.019938;1.000000;1.000000;0.000000;-0.026567;0.019938;
1.136392;0.026637;0.019698;1.000000;0.026637;0.019698;1.000000;1.000000;0.000000;-0.026637;0.019698;
1.136465;0.026708;0.019460;1.000000;0.026708;0.019460;1.000000;1.000000;0.000000;-0.026708;0.019460;
1.136538;0.026779;0.019224;1.000000;0.026779;0.019224;1.000000;1.000000;0.000000;-0.026779;0.019224;
1.136610;0.026849;0.018989;1.000000;0.026849;0.018989;1.000000;1.000000;0.000000;-0.026849;0.018989;
1.136683;0.026920;0.018755;1.000000;0.026920;0.018755;1.000000;1.000000;0.000000;-0.026920;0.018755;
1.136756;0.026991;0.018523;1.000000;0.026991;0.018523;1.000000;1.000000;0.000000;-0.026991;0.018523;
1.136828;0.027061;0.018292;1.000000;0.027061;0.018292;1.000000;1.000000;0.000000;-0.027061;0.018292;
1.136901;0.027132;0.018063;1.000000;0.027132;0.018063;1.000000;1.000000;0.000000;-0.027132;0.018063;
1.136974;0.027203;0.017835;1.000000;0.027203;0.017835;1.000000;1.000000;0.000000;-0.027203;0.017835;
1.137046;0.027273;0.017609;1.000000;0.027273;0.017609;1.000000;1.000000;0.000000;-0.027273;0.017609;
1.137119;0.027344;0.017383;1.000000;0.027344;0.017383;1.000000;1.000000;0.000000;-0.027344;0.017383;
1.137192;0.027415;0.017160;1.000000;0.027415;0.017160;1.000000;1.000000;0.000000;-0.027415;0.017160;
1.137264;0.027486;0.016937;1.000000;0.027486;0.016937;1.000000;1.000000;0.000000;-0.027486;0.016937;
1.137337;0.027556;0.016716;1.000000;0.027556;0.016716;1.000000;1.000000;0.000000;-0.027556;0.016716;
1.137409;0.027627;0.016496;1.000000;0.027627;0.016496;1.000000;1.000000;0.000000;-0.027627;0.016496;
1.137482;0.027698;0.016278;1.000000;0.027698;0.016278;1.000000;1.000000;0.000000;-0.027698;0.016278;
1.137555;0.027769;0.016061;1.000000;0.027769;0.016061;1.000000;1.000000;0.000000;-0.027769;0.016061;
1.137627;0.027840;0.015845;1.000000;0.027840;0.015845;1.000000;1.000000;0.000000;-0.027840;0.015845;
1.137700;0.027910;0.015631;1.000000;0.027910;0.015631;1.000000;1.000000;0.000000;-0.027910;0.015631;
1.137773;0.027981;0.015418;1.000000;0.027981;0.015418;1.000000;1.000000;0.000000;-0.027981;0.015418;
1.137845;0.028052;0.015206;1.000000;0.028052;0.015206;1.000000;1.000000;0.000000;-0.028052;0.015206;
1.137918;0.028123;0.014996;1.000000;0.028123;0.014996;1.000000;1.000000;0.000000;-0.028123;0.014996;
1.137991;0.028194;0.014787;1.000000;0.028194;0.014787;1.000000;1.000000;0.000000;-0.028194;0.014787;
1.138063;0.028265;0.014579;1.000000;0.028265;0.014579;1.000000;1.000000;0.000000;-0.028265;0.014579;
1.138136;0.028336;0.014372;1.000000;0.028336;0.014372;1.000000;1.000000;0.000000;-0.028336;0.014372;
1.138208;0.028407;0.014167;1.000000;0.028407;0.014167;1.000000;1.000000;0.000000;-0.028407;0.014167;
1.138281;0.028478;0.013963;1.000000;0.028478;0.013963;1.000000;1.000000;0.000000;-0.028478;0.013963;
1.138354;0.028549;0.013760;1.000000;0.028549;0.013760;1.000000;1.000000;0.000000;-0.028549;0.013760;
1.138426;0.028620;0.013559;1.000000;0.028620;0.013559;1.000000;1.000000;0.000000;-0.028620;0.013559;
1.138499;0.028690;0.013358;1.000000;0.028690;0.013358;1.000000;1.000000;0.000000;-0.028690;0.013358;
1.138572;0.028761;0.013159;1.000000;0.028761;0.013159;1.000000;1.000000;0.000000;-0.028761;0.013159;
1.138644;0.028832;0.012962;1.000000;0.028832;0.012962;1.000000;1.000000;0.000000;-0.028832;0.012962;
1.138717;0.028903;0.012765;1.000000;0.028903;0.012765;1.000000;1.000000;0.000000;-0.028903;0.012765;
1.138790;0.028974;0.012570;1.000000;0.028974;0.012570;1.000000;1.000000;0.000000;-0.028974;0.012570;
1.138862;0.029046;0.012376;1.000000;0.029046;0.012376;1.000000;1.000000;0.000000;-0.029046;0.012376;
1.138935;0.029117;0.012183;1.000000;0.029117;0.012183;1.000000;1.000000;0.000000;-0.029117;0.012183;
1.139007;0.029188;0.011991;1.000000;0.029188;0.011991;1.000000;1.000000;0.000000;-0.029188;0.011991;
1.139080;0.029259;0.011801;1.000000;0.029259;0.011801;1.000000;1.000000;0.000000;-0.029259;0.011801;
1.139153;0.029330;0.011612;1.000000;0.029330;0.011612;1.000000;1.000000;0.000000;-0.029330;0.011612;
1.139225;0.029401;0.011423;1.000000;0.029401;0.011423;1.000000;1.000000;0.000000;-0.029401;0.011423;
1.139298;0.029472;0.011237;1.000000;0.029472;0.011237;1.000000;1.000000;0.000000;-0.029472;0.011237;
1.139371;0.029543;0.011051;1.000000;0.029543;0.011051;1.000000;1.000000;0.000000;-0.029543;0.011051;
1.139443;0.029614;0.010866;1.000000;0.029614;0.010866;1.000000;1.000000;0.000000;-0.029614;0.010866;
1.139516;0.029685;0.010683;1.000000;0.029685;0.010683;1.000000;1.000000;0.000000;-0.029685;0.010683;
1.139589;0.029756;0.010500;1.000000;0.029756;0.010500;1.000000;1.000000;0.000000;-0.029756;0.010500;
1.139661;0.029828;0.010319;1.000000;0.029828;0.010319;1.000000;1.000000;0.000000;-0.029828;0.010319;
1.139734;0.029899;0.010139;1.000000;0.029899;0.010139;1.000000;1.000000;0.000000;-0.029899;0.010139;
1.139806;0.029970;0.009961;1.000000;0.029970;0.009961;1.000000;1.000000;0.000000;-0.029970;0.009961;
1.139879;0.030041;0.009783;1.000000;0.030041;0.009783;1.000000;1.000000;0.000000;-0.030041;0.009783;
1.139952;0.030112;0.009606;1.000000;0.030112;0.009606;1.000000;1.000000;0.000000;-0.030112;0.009606;
1.140024;0.030183;0.009431;1.000000;0.030183;0.009431;1.000000;1.000000;0.000000;-0.030183;0.009431;
1.140097;0.030255;0.009256;1.000000;0.030255;0.009256;1.000000;1.000000;0.000000;-0.030255;0.009256;
1.140170;0.030326;0.009083;1.000000;0.030326;0.009083;1.000000;1.000000;0.000000;-0.030326;0.009083;
1.140242;0.030397;0.008911;1.000000;0.030397;0.008911;1.000000;1.000000;0.000000;-0.030397;0.008911;
1.140315;0.030468;0.008740;1.000000;0.030468;0.008740;1.000000;1.000000;0.000000;-0.030468;0.008740;
1.140388;0.030540;0.008570;1.000000;0.030540;0.008570;1.000000;1.000000;0.000000;-0.030540;0.008570;
1.140460;0.030611;0.008401;1.000000;0.030611;0.008401;1.000000;1.000000;0.000000;-0.030611;0.008401;
1.140533;0.030682;0.008233;1.000000;0.030682;0.008233;1.000000;1.000000;0.000000;-0.030682;0.008233;
1.140606;0.030753;0.008066;1.000000;0.030753;0.008066;1.000000;1.000000;0.000000;-0.030753;0.008066;
1.140678;0.030825;0.007900;1.000000;0.030825;0.007900;1.000000;1.000000;0.000000;-0.030825;0.007900;
1.140751;0.030896;0.007736;1.000000;0.030896;0.007736;1.000000;1.000000;0.000000;-0.030896;0.007736;
1.140823;0.030967;0.007572;1.000000;0.030967;0.007572;1.000000;1.000000;0.000000;-0.030967;0.007572;
1.140896;0.031038;0.007410;1.000000;0.031038;0.007410;1.000000;1.000000;0.000000;-0.031038;0.007410;
1.140969;0.031110;0.007248;1.000000;0.031110;0.007248;1.000000;1.000000;0.000000;-0.031110;0.007248;
1.141041;0.031181;0.007087;1.000000;0.031181;0.007087;1.000000;1.000000;0.000000;-0.031181;0.007087;
1.141114;0.031252;0.006928;1.000000;0.031252;0.006928;1.000000;1.000000;0.000000;-0.031252;0.006928;
1.141187;0.031324;0.006769;1.000000;0.031324;0.006769;1.000000;1.000000;0.000000;-0.031324;0.006769;
1.141259;0.031395;0.006612;1.000000;0.031395;0.006612;1.000000;1.000000;0.000000;-0.031395;0.006612;
1.141332;0.031467;0.006455;1.000000;0.031467;0.006455;1.000000;1.000000;0.000000;-0.031467;0.006455;
1.141405;0.031538;0.006300;1.000000;0.031538;0.006300;1.000000;1.000000;0.000000;-0.031538;0.006300;
1.141477;0.031609;0.006146;1.000000;0.031609;0.006146;1.000000;1.000000;0.000000;-0.031609;0.006146;
1.141550;0.031681;0.005992;1.000000;0.031681;0.005992;1.000000;1.000000;0.000000;-0.031681;0.005992;
1.141622;0.031752;0.005840;1.000000;0.031752;0.005840;1.000000;1.000000;0.000000;-0.031752;0.005840;
1.141695;0.031823;0.005688;1.000000;0.031823;0.005688;1.000000;1.000000;0.000000;-0.031823;0.005688;
1.141768;0.031895;0.005537;1.000000;0.031895;0.005537;1.000000;1.000000;0.000000;-0.031895;0.005537;
1.141840;0.031966;0.005388;1.000000;0.031966;0.005388;1.000000;1.000000;0.000000;-0.031966;0.005388;
1.141913;0.032038;0.005239;1.000000;0.032038;0.005239;1.000000;1.000000;0.000000;-0.032038;0.005239;
1.141986;0.032109;0.005092;1.000000;0.032109;0.005092;1.000000;1.000000;0.000000;-0.032109;0.005092;
1.142058;0.032181;0.004945;1.000000;0.032181;0.004945;1.000000;1.000000;0.000000;-0.032181;0.004945;
1.142131;0.032252;0.004799;1.000000;0.032252;0.004799;1.000000;1.000000;0.000000;-0.032252;0.004799;
1.142204;0.032324;0.004654;1.000000;0.032324;0.004654;1.000000;1.000000;0.000000;-0.032324;0.004654;
1.142276;0.032395;0.004510;1.000000;0.032395;0.004510;1.000000;1.000000;0.000000;-0.032395;0.004510;
1.142349;0.032466;0.004367;1.000000;0.032466;0.004367;1.000000;1.000000;0.000000;-0.032466;0.004367;
1.142421;0.032538;0.004225;1.000000;0.032538;0.004225;1.000000;1.000000;0.000000;-0.032538;0.004225;
1.142494;0.032609;0.004084;1.000000;0.032609;0.004084;1.000000;1.000000;0.000000;-0.032609;0.004084;
1.142567;0.032681;0.003944;1.000000;0.032681;0.003944;1.000000;1.000000;0.000000;-0.032681;0.003944;
1.142639;0.032752;0.003805;1.000000;0.032752;0.003805;1.000000;1.000000;0.000000;-0.032752;0.003805;
1.142712;0.032824;0.003666;1.000000;0.032824;0.003666;1.000000;1.000000;0.000000;-0.032824;0.003666;
1.142785;0.032895;0.003529;1.000000;0.032895;0.003529;1.000000;1.000000;0.000000;-0.032895;0.003529;
1.142857;0.032967;0.003392;1.000000;0.032967;0.003392;1.000000;1.000000;0.000000;-0.032967;0.003392;
1.142930;0.033039;0.003256;1.000000;0.033039;0.003256;1.000000;1.000000;0.000000;-0.033039;0.003256;
1.143003;0.033110;0.003121;1.000000;0.033110;0.003121;1.000000;1.000000;0.000000;-0.033110;0.003121;
1.143075;0.033182;0.002987;1.000000;0.033182;0.002987;1.000000;1.000000;0.000000;-0.033182;0.002987;
1.143148;0.033253;0.002854;1.000000;0.033253;0.002854;1.000000;1.000000;0.000000;-0.033253;0.002854;
1.143220;0.033325;0.002722;1.000000;0.033325;0.002722;1.000000;1.000000;0.000000;-0.033325;0.002722;
1.143293;0.033396;0.002591;1.000000;0.033396;0.002591;1.000000;1.000000;0.000000;-0.033396;0.002591;
1.143366;0.033468;0.002460;1.000000;0.033468;0.002460;1.000000;1.000000;0.000000;-0.033468;0.002460;
1.143438;0.033540;0.002330;1.000000;0.033540;0.002330;1.000000;1.000000;0.000000;-0.033540;0.002330;
1.143511;0.033611;0.002201;1.000000;0.033611;0.002201;1.000000;1.000000;0.000000;-0.033611;0.002201;
1.143584;0.033683;0.002073;1.000000;0.033683;0.002073;1.000000;1.000000;0.000000;-0.033683;0.002073;
1.143656;0.033754;0.001946;1.000000;0.033754;0.001946;1.000000;1.000000;0.000000;-0.033754;0.001946;
1.143729;0.033826;0.001820;1.000000;0.033826;0.001820;1.000000;1.000000;0.000000;-0.033826;0.001820;
1.143802;0.033898;0.001694;1.000000;0.033898;0.001694;1.000000;1.000000;0.000000;-0.033898;0.001694;
1.143874;0.033969;0.001570;1.000000;0.033969;0.001570;1.000000;1.000000;0.000000;-0.033969;0.001570;
1.143947;0.034041;0.001446;1.000000;0.034041;0.001446;1.000000;1.000000;0.000000;-0.034041;0.001446;
1.144020;0.034113;0.001323;1.000000;0.034113;0.001323;1.000000;1.000000;0.000000;-0.034113;0.001323;
1.144092;0.034184;0.001200;1.000000;0.034184;0.001200;1.000000;1.000000;0.000000;-0.034184;0.001200;
1.144165;0.034256;0.001079;1.000000;0.034256;0.001079;1.000000;1.000000;0.000000;-0.034256;0.001079;
1.144237;0.034327;0.000958;1.000000;0.034327;0.000958;1.000000;1.000000;0.000000;-0.034327;0.000958;
1.144310;0.034399;0.000838;1.000000;0.034399;0.000838;1.000000;1.000000;0.000000;-0.034399;0.000838;
1.144383;0.034471;0.000719;1.000000;0.034471;0.000719;1.000000;1.000000;0.000000;-0.034471;0.000719;
1.144455;0.034543;0.000601;1.000000;0.034543;0.000601;1.000000;1.000000;0.000000;-0.034543;0.000601;
1.144528;0.034614;0.000483;1.000000;0.034614;0.000483;1.000000;1.000000;0.000000;-0.034614;0.000483;
1.144601;0.034686;0.000366;1.000000;0.034686;0.000366;1.000000;1.000000;0.000000;-0.034686;0.000366;
1.144673;0.034758;0.000250;1.000000;0.034758;0.000250;1.000000;1.000000;0.000000;-0.034758;0.000250;
1.144746;0.034829;0.000135;1.000000;0.034829;0.000135;1.000000;1.000000;0.000000;-0.034829;0.000135;
1.144819;0.034901;0.000021;1.000000;0.034901;0.000021;1.000000;1.000000;0.000000;-0.034901;0.000021;
1.144891;0.034973;-0.000093;1.000000;0.034973;-0.000093;1.000000;1.000000;0.000000;-0.034973;-0.000093;
1.144964;0.035044;-0.000206;1.000000;0.035044;-0.000206;1.000000;1.000000;0.000000;-0.035044;-0.000206;
1.145036;0.035116;-0.000318;1.000000;0.035116;-0.000318;1.000000;1.000000;0.000000;-0.035116;-0.000318;
1.145109;0.035188;-0.000430;1.000000;0.035188;-0.000430;1.000000;1.000000;0.000000;-0.035188;-0.000430;
1.145182;0.035260;-0.000541;1.000000;0.035260;-0.000541;1.000000;1.000000;0.000000;-0.035260;-0.000541;
1.145254;0.035331;-0.000651;1.000000;0.035331;-0.000651;1.000000;1.000000;0.000000;-0.035331;-0.000651;
1.145327;0.035403;-0.000760;1.000000;0.035403;-0.000760;1.000000;1.000000;0.000000;-0.035403;-0.000760;
1.145400;0.035475;-0.000869;1.000000;0.035475;-0.000869;1.000000;1.000000;0.000000;-0.035475;-0.000869;
1.145472;0.035547;-0.000977;1.000000;0.035547;-0.000977;1.000000;1.000000;0.000000;-0.035547;-0.000977;
1.145545;0.035619;-0.001084;1.000000;0.035619;-0.001084;1.000000;1.000000;0.000000;-0.035619;-0.001084;
1.145618;0.035690;-0.001190;1.000000;0.035690;-0.001190;1.000000;1.000000;0.000000;-0.035690;-0.001190;
1.145690;0.035762;-0.001296;1.000000;0.035762;-0.001296;1.000000;1.000000;0.000000;-0.035762;-0.001296;
1.145763;0.035834;-0.001401;1.000000;0.035834;-0.001401;1.000000;1.000000;0.000000;-0.035834;-0.001401;
1.145835;0.035906;-0.001505;1.000000;0.035906;-0.001505;1.000000;1.000000;0.000000;-0.035906;-0.001505;
1.145908;0.035977;-0.001609;1.000000;0.035977;-0.001609;1.000000;1.000000;0.000000;-0.035977;-0.001609;
1.145981;0.036049;-0.001712;1.000000;0.036049;-0.001712;1.000000;1.000000;0.000000;-0.036049;-0.001712;
1.146053;0.036121;-0.001814;1.000000;0.036121;-0.001814;1.000000;1.000000;0.000000;-0.036121;-0.001814;
1.146126;0.036193;-0.001916;1.000000;0.036193;-0.001916;1.000000;1.000000;0.000000;-0.036193;-0.001916;
1.146199;0.036265;-0.002017;1.000000;0.036265;-0.002017;1.000000;1.000000;0.000000;-0.036265;-0.002017;
1.146271;0.036337;-0.002117;1.000000;0.036337;-0.002117;1.000000;1.000000;0.000000;-0.036337;-0.002117;
1.146344;0.036408;-0.002217;1.000000;0.036408;-0.002217;1.000000;1.000000;0.000000;-0.036408;-0.002217;
1.146417;0.036480;-0.002316;1.000000;0.036480;-0.002316;1.000000;1.000000;0.000000;-0.036480;-0.002316;
1.146489;0.036552;-0.002414;1.000000;0.036552;-0.002414;1.000000;1.000000;0.000000;-0.036552;-0.002414;
1.146562;0.036624;-0.002512;1.000000;0.036624;-0.002512;1.000000;1.000000;0.000000;-0.036624;-0.002512;
1.146634;0.036696;-0.002609;1.000000;0.036696;-0.002609;1.000000;1.000000;0.000000;-0.036696;-0.002609;
1.146707;0.036768;-0.002705;1.000000;0.036768;-0.002705;1.000000;1.000000;0.000000;-0.036768;-0.002705;
1.146780;0.036840;-0.002801;1.000000;0.036840;-0.002801;1.000000;1.000000;0.000000;-0.036840;-0.002801;
1.146852;0.036911;-0.002896;1.000000;0.036911;-0.002896;1.000000;1.000000;0.000000;-0.036911;-0.002896;
1.146925;0.036983;-0.002990;1.000000;0.036983;-0.002990;1.000000;1.000000;0.000000;-0.036983;-0.002990;
1.146998;0.037055;-0.003084;1.000000;0.037055;-0.003084;1.000000;1.000000;0.000000;-0.037055;-0.003084;
1.147070;0.037127;-0.003177;1.000000;0.037127;-0.003177;1.000000;1.000000;0.000000;-0.037127;-0.003177;
1.147143;0.037199;-0.003270;1.000000;0.037199;-0.003270;1.000000;1.000000;0.000000;-0.037199;-0.003270;
1.147216;0.037271;-0.003362;1.000000;0.037271;-0.003362;1.000000;1.000000;0.000000;-0.037271;-0.003362;
1.147288;0.037343;-0.003453;1.000000;0.037343;-0.003453;1.000000;1.000000;0.000000;-0.037343;-0.003453;
1.147361;0.037415;-0.003544;1.000000;0.037415;-0.003544;1.000000;1.000000;0.000000;-0.037415;-0.003544;
1.147434;0.037487;-0.003634;1.000000;0.037487;-0.003634;1.000000;1.000000;0.000000;-0.037487;-0.003634;
1.147506;0.037558;-0.003724;1.000000;0.037558;-0.003724;1.000000;1.000000;0.000000;-0.037558;-0.003724;
1.147579;0.037630;-0.003813;1.000000;0.037630;-0.003813;1.000000;1.000000;0.000000;-0.037630;-0.003813;
1.147651;0.037702;-0.003901;1.000000;0.037702;-0.003901;1.000000;1.000000;0.000000;-0.037702;-0.003901;
1.147724;0.037774;-0.003989;1.000000;0.037774;-0.003989;1.000000;1.000000;0.000000;-0.037774;-0.003989;
1.147797;0.037846;-0.004076;1.000000;0.037846;-0.004076;1.000000;1.000000;0.000000;-0.037846;-0.004076;
1.147869;0.037918;-0.004162;1.000000;0.037918;-0.004162;1.000000;1.000000;0.000000;-0.037918;-0.004162;
1.147942;0.037990;-0.004248;1.000000;0.037990;-0.004248;1.000000;1.000000;0.000000;-0.037990;-0.004248;
1.148015;0.038062;-0.004334;1.000000;0.038062;-0.004334;1.000000;1.000000;0.000000;-0.038062;-0.004334;
1.148087;0.038134;-0.004418;1.000000;0.038134;-0.004418;1.000000;1.000000;0.000000;-0.038134;-0.004418;
1.148160;0.038206;-0.004503;1.000000;0.038206;-0.004503;1.000000;1.000000;0.000000;-0.038206;-0.004503;
1.148233;0.038278;-0.004586;1.000000;0.038278;-0.004586;1.000000;1.000000;0.000000;-0.038278;-0.004586;
1.148305;0.038350;-0.004669;1.000000;0.038350;-0.004669;1.000000;1.000000;0.000000;-0.038350;-0.004669;
1.148378;0.038422;-0.004752;1.000000;0.038422;-0.004752;1.000000;1.000000;0.000000;-0.038422;-0.004752;
1.148450;0.038494;-0.004834;1.000000;0.038494;-0.004834;1.000000;1.000000;0.000000;-0.038494;-0.004834;
1.148523;0.038566;-0.004915;1.000000;0.038566;-0.004915;1.000000;1.000000;0.000000;-0.038566;-0.004915;
1.148596;0.038638;-0.004996;1.000000;0.038638;-0.004996;1.000000;1.000000;0.000000;-0.038638;-0.004996;
1.148668;0.038710;-0.005077;1.000000;0.038710;-0.005077;1.000000;1.000000;0.000000;-0.038710;-0.005077;
1.148741;0.038782;-0.005156;1.000000;0.038782;-0.005156;1.000000;1.000000;0.000000;-0.038782;-0.005156;
1.148814;0.038854;-0.005236;1.000000;0.038854;-0.005236;1.000000;1.000000;0.000000;-0.038854;-0.005236;
1.148886;0.038926;-0.005314;1.000000;0.038926;-0.005314;1.000000;1.000000;0.000000;-0.038926;-0.005314;
1.148959;0.038998;-0.005393;1.000000;0.038998;-0.005393;1.000000;1.000000;0.000000;-0.038998;-0.005393;
1.149032;0.039070;-0.005470;1.000000;0.039070;-0.005470;1.000000;1.000000;0.000000;-0.039070;-0.005470;
1.149104;0.039142;-0.005547;1.000000;0.039142;-0.005547;1.000000;1.000000;0.000000;-0.039142;-0.005547;
1.149177;0.039214;-0.005624;1.000000;0.039214;-0.005624;1.000000;1.000000;0.000000;-0.039214;-0.005624;
1.149249;0.039286;-0.005700;1.000000;0.039286;-0.005700;1.000000;1.000000;0.000000;-0.039286;-0.005700;
1.149322;0.039358;-0.005776;1.000000;0.039358;-0.005776;1.000000;1.000000;0.000000;-0.039358;-0.005776;
1.149395;0.039430;-0.005851;1.000000;0.039430;-0.005851;1.000000;1.000000;0.000000;-0.039430;-0.005851;
1.149467;0.039502;-0.005925;1.000000;0.039502;-0.005925;1.000000;1.000000;0.000000;-0.039502;-0.005925;
1.149540;0.039574;-0.005999;1.000000;0.039574;-0.005999;1.000000;1.000000;0.000000;-0.039574;-0.005999;
1.149613;0.039646;-0.006073;1.000000;0.039646;-0.006073;1.000000;1.000000;0.000000;-0.039646;-0.006073;
1.149685;0.039718;-0.006146;1.000000;0.039718;-0.006146;1.000000;1.000000;0.000000;-0.039718;-0.006146;
1.149758;0.039790;-0.006218;1.000000;0.039790;-0.006218;1.000000;1.000000;0.000000;-0.039790;-0.006218;
1.149831;0.039862;-0.006290;1.000000;0.039862;-0.006290;1.000000;1.000000;0.000000;-0.039862;-0.006290;
1.149903;0.039934;-0.006362;1.000000;0.039934;-0.006362;1.000000;1.000000;0.000000;-0.039934;-0.006362;
1.149976;0.040006;-0.006433;1.000000;0.040006;-0.006433;1.000000;1.000000;0.000000;-0.040006;-0.006433;
1.150000;0.040030;-0.006456;1.000000;0.040030;-0.006456;1.000000;1.000000;0.000000;-0.040030;-0.006456;
1.150000;0.040030;-0.006457;1.000000;0.040030;-0.006457;1.000000;1.000000;0.000000;-0.040030;-0.006457;
1.150001;0.040031;-0.006457;1.000000;0.040031;-0.006457;1.000000;1.000000;0.000000;-0.040031;-0.006457;
1.150002;0.040032;-0.006458;1.000000;0.040032;-0.006458;1.000000;1.000000;0.000000;-0.040032;-0.006458;
1.150004;0.040034;-0.006461;1.000000;0.040034;-0.006461;1.000000;1.000000;0.000000;-0.040034;-0.006461;
1.150009;0.040039;-0.006465;1.000000;0.040039;-0.006465;1.000000;1.000000;0.000000;-0.040039;-0.006465;
1.150013;0.040043;-0.006470;1.000000;0.040043;-0.006470;1.000000;1.000000;0.000000;-0.040043;-0.006470;
1.150014;0.040044;-0.006470;1.000000;0.040044;-0.006470;1.000000;1.000000;0.000000;-0.040044;-0.006470;
1.150015;0.040045;-0.006471;1.000000;0.040045;-0.006471;1.000000;1.000000;0.000000;-0.040045;-0.006471;
1.150016;0.040046;-0.006472;1.000000;0.040046;-0.006472;1.000000;1.000000;0.000000;-0.040046;-0.006472;
1.150018;0.040048;-0.006474;1.000000;0.040048;-0.006474;1.000000;1.000000;0.000000;-0.040048;-0.006474;
1.150023;0.040053;-0.006479;1.000000;0.040053;-0.006479;1.000000;1.000000;0.000000;-0.040053;-0.006479;
1.150032;0.040062;-0.006488;1.000000;0.040062;-0.006488;1.000000;1.000000;0.000000;-0.040062;-0.006488;
1.150051;0.040081;-0.006506;1.000000;0.040081;-0.006506;1.000000;1.000000;0.000000;-0.040081;-0.006506;
1.150089;0.040118;-0.006543;1.000000;0.040118;-0.006543;1.000000;1.000000;0.000000;-0.040118;-0.006543;
1.150127;0.040156;-0.006579;1.000000;0.040156;-0.006579;1.000000;1.000000;0.000000;-0.040156;-0.006579;
1.150164;0.040193;-0.006616;1.000000;0.040193;-0.006616;1.000000;1.000000;0.000000;-0.040193;-0.006616;
1.150202;0.040231;-0.006652;1.000000;0.040231;-0.006652;1.000000;1.000000;0.000000;-0.040231;-0.006652;
1.150240;0.040268;-0.006688;1.000000;0.040268;-0.006688;1.000000;1.000000;0.000000;-0.040268;-0.006688;
1.150278;0.040306;-0.006724;1.000000;0.040306;-0.006724;1.000000;1.000000;0.000000;-0.040306;-0.006724;
1.150315;0.040343;-0.006760;1.000000;0.040343;-0.006760;1.000000;1.000000;0.000000;-0.040343;-0.006760;
1.150353;0.040380;-0.006795;1.000000;0.040380;-0.006795;1.000000;1.000000;0.000000;-0.040380;-0.006795;
1.150391;0.040418;-0.006831;1.000000;0.040418;-0.006831;1.000000;1.000000;0.000000;-0.040418;-0.006831;
1.150429;0.040455;-0.006866;1.000000;0.040455;-0.006866;1.000000;1.000000;0.000000;-0.040455;-0.006866;
1.150466;0.040493;-0.006901;1.000000;0.040493;-0.006901;1.000000;1.000000;0.000000;-0.040493;-0.006901;
1.150504;0.040530;-0.006936;1.000000;0.040530;-0.006936;1.000000;1.000000;0.000000;-0.040530;-0.006936;
1.150542;0.040568;-0.006971;1.000000;0.040568;-0.006971;1.000000;1.000000;0.000000;-0.040568;-0.006971;
1.150580;0.040605;-0.007006;1.000000;0.040605;-0.007006;1.000000;1.000000;0.000000;-0.040605;-0.007006;
1.150617;0.040643;-0.007041;1.000000;0.040643;-0.007041;1.000000;1.000000;0.000000;-0.040643;-0.007041;
1.150655;0.040680;-0.007076;1.000000;0.040680;-0.007076;1.000000;1.000000;0.000000;-0.040680;-0.007076;
1.150693;0.040718;-0.007110;1.000000;0.040718;-0.007110;1.000000;1.000000;0.000000;-0.040718;-0.007110;
1.150731;0.040755;-0.007145;1.000000;0.040755;-0.007145;1.000000;1.000000;0.000000;-0.040755;-0.007145;
1.150768;0.040793;-0.007179;1.000000;0.040793;-0.007179;1.000000;1.000000;0.000000;-0.040793;-0.007179;
1.150806;0.040830;-0.007213;1.000000;0.040830;-0.007213;1.000000;1.000000;0.000000;-0.040830;-0.007213;
1.150844;0.040868;-0.007247;1.000000;0.040868;-0.007247;1.000000;1.000000;0.000000;-0.040868;-0.007247;
1.150882;0.040905;-0.007281;1.000000;0.040905;-0.007281;1.000000;1.000000;0.000000;-0.040905;-0.007281;
1.150919;0.040942;-0.007315;1.000000;0.040942;-0.007315;1.000000;1.000000;0.000000;-0.040942;-0.007315;
1.150957;0.040980;-0.007348;1.000000;0.040980;-0.007348;1.000000;1.000000;0.000000;-0.040980;-0.007348;
1.150995;0.041017;-0.007382;1.000000;0.041017;-0.007382;1.000000;1.000000;0.000000;-0.041017;-0.007382;
1.151033;0.041055;-0.007415;1.000000;0.041055;-0.007415;1.000000;1.000000;0.000000;-0.041055;-0.007415;
1.151070;0.041092;-0.007449;1.000000;0.041092;-0.007449;1.000000;1.000000;0.000000;-0.041092;-0.007449;
1.151108;0.041130;-0.007482;1.000000;0.041130;-0.007482;1.000000;1.000000;0.000000;-0.041130;-0.007482;
1.151146;0.041167;-0.007515;1.000000;0.041167;-0.007515;1.000000;1.000000;0.000000;-0.041167;-0.007515;
1.151184;0.041205;-0.007548;1.000000;0.041205;-0.007548;1.000000;1.000000;0.000000;-0.041205;-0.007548;
1.151221;0.041242;-0.007581;1.000000;0.041242;-0.007581;1.000000;1.000000;0.000000;-0.041242;-0.007581;
1.151259;0.041280;-0.007613;1.000000;0.041280;-0.007613;1.000000;1.000000;0.000000;-0.041280;-0.007613;
1.151297;0.041317;-0.007646;1.000000;0.041317;-0.007646;1.000000;1.000000;0.000000;-0.041317;-0.007646;
1.151335;0.041355;-0.007679;1.000000;0.041355;-0.007679;1.000000;1.000000;0.000000;-0.041355;-0.007679;
1.151343;0.041363;-0.007686;1.000000;0.041363;-0.007686;1.000000;1.000000;0.000000;-0.041363;-0.007686;
1.151344;0.041364;-0.007687;1.000000;0.041364;-0.007687;1.000000;1.000000;0.000000;-0.041364;-0.007687;
1.151345;0.041365;-0.007688;1.000000;0.041365;-0.007688;1.000000;1.000000;0.000000;-0.041365;-0.007688;
1.151348;0.041368;-0.007690;1.000000;0.041368;-0.007690;1.000000;1.000000;0.000000;-0.041368;-0.007690;
1.151353;0.041373;-0.007695;1.000000;0.041373;-0.007695;1.000000;1.000000;0.000000;-0.041373;-0.007695;
1.151364;0.041384;-0.007703;1.000000;0.041384;-0.007703;1.000000;1.000000;0.000000;-0.041384;-0.007703;
1.151385;0.041404;-0.007721;1.000000;0.041404;-0.007721;1.000000;1.000000;0.000000;-0.041404;-0.007721;
1.151426;0.041446;-0.007757;1.000000;0.041446;-0.007757;1.000000;1.000000;0.000000;-0.041446;-0.007757;
1.151468;0.041487;-0.007793;1.000000;0.041487;-0.007793;1.000000;1.000000;0.000000;-0.041487;-0.007793;
1.151510;0.041529;-0.007828;1.000000;0.041529;-0.007828;1.000000;1.000000;0.000000;-0.041529;-0.007828;
1.151552;0.041570;-0.007863;1.000000;0.041570;-0.007863;1.000000;1.000000;0.000000;-0.041570;-0.007863;
1.151594;0.041612;-0.007898;1.000000;0.041612;-0.007898;1.000000;1.000000;0.000000;-0.041612;-0.007898;
1.151635;0.041653;-0.007933;1.000000;0.041653;-0.007933;1.000000;1.000000;0.000000;-0.041653;-0.007933;
1.151677;0.041695;-0.007968;1.000000;0.041695;-0.007968;1.000000;1.000000;0.000000;-0.041695;-0.007968;
1.151719;0.041736;-0.008003;1.000000;0.041736;-0.008003;1.000000;1.000000;0.000000;-0.041736;-0.008003;
1.151761;0.041778;-0.008037;1.000000;0.041778;-0.008037;1.000000;1.000000;0.000000;-0.041778;-0.008037;
1.151803;0.041820;-0.008072;1.000000;0.041820;-0.008072;1.000000;1.000000;0.000000;-0.041820;-0.008072;
1.151845;0.041861;-0.008106;1.000000;0.041861;-0.008106;1.000000;1.000000;0.000000;-0.041861;-0.008106;
1.151886;0.041903;-0.008140;1.000000;0.041903;-0.008140;1.000000;1.000000;0.000000;-0.041903;-0.008140;
1.151928;0.041944;-0.008174;1.000000;0.041944;-0.008174;1.000000;1.000000;0.000000;-0.041944;-0.008174;
1.151970;0.041986;-0.008208;1.000000;0.041986;-0.008208;1.000000;1.000000;0.000000;-0.041986;-0.008208;
1.152012;0.042027;-0.008242;1.000000;0.042027;-0.008242;1.000000;1.000000;0.000000;-0.042027;-0.008242;
1.152054;0.042069;-0.008275;1.000000;0.042069;-0.008275;1.000000;1.000000;0.000000;-0.042069;-0.008275;
1.152095;0.042110;-0.008309;1.000000;0.042110;-0.008309;1.000000;1.000000;0.000000;-0.042110;-0.008309;
1.152137;0.042152;-0.008342;1.000000;0.042152;-0.008342;1.000000;1.000000;0.000000;-0.042152;-0.008342;
1.152179;0.042193;-0.008375;1.000000;0.042193;-0.008375;1.000000;1.000000;0.000000;-0.042193;-0.008375;
1.152221;0.042235;-0.008408;1.000000;0.042235;-0.008408;1.000000;1.000000;0.000000;-0.042235;-0.008408;
1.152263;0.042276;-0.008441;1.000000;0.042276;-0.008441;1.000000;1.000000;0.000000;-0.042276;-0.008441;
1.152304;0.042318;-0.008474;1.000000;0.042318;-0.008474;1.000000;1.000000;0.000000;-0.042318;-0.008474;
1.152346;0.042359;-0.008506;1.000000;0.042359;-0.008506;1.000000;1.000000;0.000000;-0.042359;-0.008506;
1.152388;0.042401;-0.008539;1.000000;0.042401;-0.008539;1.000000;1.000000;0.000000;-0.042401;-0.008539;
1.152430;0.042443;-0.008571;1.000000;0.042443;-0.008571;1.000000;1.000000;0.000000;-0.042443;-0.008571;
1.152472;0.042484;-0.008604;1.000000;0.042484;-0.008604;1.000000;1.000000;0.000000;-0.042484;-0.008604;
1.152514;0.042526;-0.008636;1.000000;0.042526;-0.008636;1.000000;1.000000;0.000000;-0.042526;-0.008636;
1.152555;0.042567;-0.008668;1.000000;0.042567;-0.008668;1.000000;1.000000;0.000000;-0.042567;-0.008668;
1.152597;0.042609;-0.008700;1.000000;0.042609;-0.008700;1.000000;1.000000;0.000000;-0.042609;-0.008700;
1.152681;0.042692;-0.008763;1.000000;0.042692;-0.008763;1.000000;1.000000;0.000000;-0.042692;-0.008763;
1.152754;0.042765;-0.008818;1.000000;0.042765;-0.008818;1.000000;1.000000;0.000000;-0.042765;-0.008818;
1.152827;0.042838;-0.008873;1.000000;0.042838;-0.008873;1.000000;1.000000;0.000000;-0.042838;-0.008873;
1.152901;0.042910;-0.008927;1.000000;0.042910;-0.008927;1.000000;1.000000;0.000000;-0.042910;-0.008927;
1.152974;0.042983;-0.008981;1.000000;0.042983;-0.008981;1.000000;1.000000;0.000000;-0.042983;-0.008981;
1.153048;0.043056;-0.009034;1.000000;0.043056;-0.009034;1.000000;1.000000;0.000000;-0.043056;-0.009034;
1.153121;0.043129;-0.009088;1.000000;0.043129;-0.009088;1.000000;1.000000;0.000000;-0.043129;-0.009088;
1.153194;0.043202;-0.009140;1.000000;0.043202;-0.009140;1.000000;1.000000;0.000000;-0.043202;-0.009140;
1.153268;0.043275;-0.009193;1.000000;0.043275;-0.009193;1.000000;1.000000;0.000000;-0.043275;-0.009193;
1.153341;0.043348;-0.009245;1.000000;0.043348;-0.009245;1.000000;1.000000;0.000000;-0.043348;-0.009245;
1.153414;0.043421;-0.009296;1.000000;0.043421;-0.009296;1.000000;1.000000;0.000000;-0.043421;-0.009296;
1.153488;0.043494;-0.009348;1.000000;0.043494;-0.009348;1.000000;1.000000;0.000000;-0.043494;-0.009348;
1.153561;0.043567;-0.009399;1.000000;0.043567;-0.009399;1.000000;1.000000;0.000000;-0.043567;-0.009399;
1.153634;0.043640;-0.009449;1.000000;0.043640;-0.009449;1.000000;1.000000;0.000000;-0.043640;-0.009449;
1.153708;0.043713;-0.009499;1.000000;0.043713;-0.009499;1.000000;1.000000;0.000000;-0.043713;-0.009499;
1.153781;0.043785;-0.009549;1.000000;0.043785;-0.009549;1.000000;1.000000;0.000000;-0.043785;-0.009549;
1.153854;0.043858;-0.009599;1.000000;0.043858;-0.009599;1.000000;1.000000;0.000000;-0.043858;-0.009599;
1.153928;0.043931;-0.009648;1.000000;0.043931;-0.009648;1.000000;1.000000;0.000000;-0.043931;-0.009648;
1.154001;0.044004;-0.009697;1.000000;0.044004;-0.009697;1.000000;1.000000;0.000000;-0.044004;-0.009697;
1.154074;0.044077;-0.009745;1.000000;0.044077;-0.009745;1.000000;1.000000;0.000000;-0.044077;-0.009745;
1.154148;0.044150;-0.009793;1.000000;0.044150;-0.009793;1.000000;1.000000;0.000000;-0.044150;-0.009793;
1.154221;0.044223;-0.009841;1.000000;0.044223;-0.009841;1.000000;1.000000;0.000000;-0.044223;-0.009841;
1.154295;0.044296;-0.009889;1.000000;0.044296;-0.009889;1.000000;1.000000;0.000000;-0.044296;-0.009889;
1.154368;0.044369;-0.009936;1.000000;0.044369;-0.009936;1.000000;1.000000;0.000000;-0.044369;-0.009936;
1.154441;0.044442;-0.009982;1.000000;0.044442;-0.009982;1.000000;1.000000;0.000000;-0.044442;-0.009982;
1.154515;0.044515;-0.010029;1.000000;0.044515;-0.010029;1.000000;1.000000;0.000000;-0.044515;-0.010029;
1.154588;0.044588;-0.010075;1.000000;0.044588;-0.010075;1.000000;1.000000;0.000000;-0.044588;-0.010075;
1.154661;0.044661;-0.010121;1.000000;0.044661;-0.010121;1.000000;1.000000;0.000000;-0.044661;-0.010121;
1.154735;0.044734;-0.010166;1.000000;0.044734;-0.010166;1.000000;1.000000;0.000000;-0.044734;-0.010166;
1.154808;0.044807;-0.010211;1.000000;0.044807;-0.010211;1.000000;1.000000;0.000000;-0.044807;-0.010211;
1.154881;0.044880;-0.010256;1.000000;0.044880;-0.010256;1.000000;1.000000;0.000000;-0.044880;-0.010256;
1.154926;0.044924;-0.010283;1.000000;0.044924;-0.010283;1.000000;1.000000;0.000000;-0.044924;-0.010283;
1.154948;0.044946;-0.010297;1.000000;0.044946;-0.010297;1.000000;1.000000;0.000000;-0.044946;-0.010297;
1.154960;0.044958;-0.010304;1.000000;0.044958;-0.010304;1.000000;1.000000;0.000000;-0.044958;-0.010304;
1.154971;0.044969;-0.010310;1.000000;0.044969;-0.010310;1.000000;1.000000;0.000000;-0.044969;-0.010310;
1.154982;0.044980;-0.010317;1.000000;0.044980;-0.010317;1.000000;1.000000;0.000000;-0.044980;-0.010317;
1.154993;0.044991;-0.010324;1.000000;0.044991;-0.010324;1.000000;1.000000;0.000000;-0.044991;-0.010324;
1.155004;0.045002;-0.010331;1.000000;0.045002;-0.010331;1.000000;1.000000;0.000000;-0.045002;-0.010331;
1.155016;0.045013;-0.010338;1.000000;0.045013;-0.010338;1.000000;1.000000;0.000000;-0.045013;-0.010338;
1.155027;0.045024;-0.010344;1.000000;0.045024;-0.010344;1.000000;1.000000;0.000000;-0.045024;-0.010344;
1.155038;0.045035;-0.010351;1.000000;0.045035;-0.010351;1.000000;1.000000;0.000000;-0.045035;-0.010351;
1.155049;0.045047;-0.010358;1.000000;0.045047;-0.010358;1.000000;1.000000;0.000000;-0.045047;-0.010358;
1.155060;0.045058;-0.010364;1.000000;0.045058;-0.010364;1.000000;1.000000;0.000000;-0.045058;-0.010364;
1.155072;0.045069;-0.010371;1.000000;0.045069;-0.010371;1.000000;1.000000;0.000000;-0.045069;-0.010371;
1.155083;0.045080;-0.010378;1.000000;0.045080;-0.010378;1.000000;1.000000;0.000000;-0.045080;-0.010378;
1.155094;0.045091;-0.010385;1.000000;0.045091;-0.010385;1.000000;1.000000;0.000000;-0.045091;-0.010385;
1.155105;0.045102;-0.010391;1.000000;0.045102;-0.010391;1.000000;1.000000;0.000000;-0.045102;-0.010391;
1.155127;0.045125;-0.010405;1.000000;0.045125;-0.010405;1.000000;1.000000;0.000000;-0.045125;-0.010405;
1.155148;0.045145;-0.010417;1.000000;0.045145;-0.010417;1.000000;1.000000;0.000000;-0.045145;-0.010417;
1.155168;0.045165;-0.010429;1.000000;0.045165;-0.010429;1.000000;1.000000;0.000000;-0.045165;-0.010429;
1.155188;0.045185;-0.010440;1.000000;0.045185;-0.010440;1.000000;1.000000;0.000000;-0.045185;-0.010440;
1.155208;0.045205;-0.010452;1.000000;0.045205;-0.010452;1.000000;1.000000;0.000000;-0.045205;-0.010452;
1.155228;0.045225;-0.010464;1.000000;0.045225;-0.010464;1.000000;1.000000;0.000000;-0.045225;-0.010464;
1.155248;0.045245;-0.010476;1.000000;0.045245;-0.010476;1.000000;1.000000;0.000000;-0.045245;-0.010476;
1.155289;0.045285;-0.010500;1.000000;0.045285;-0.010500;1.000000;1.000000;0.000000;-0.045285;-0.010500;
1.155329;0.045325;-0.010523;1.000000;0.045325;-0.010523;1.000000;1.000000;0.000000;-0.045325;-0.010523;
1.155369;0.045365;-0.010547;1.000000;0.045365;-0.010547;1.000000;1.000000;0.000000;-0.045365;-0.010547;
1.155409;0.045405;-0.010570;1.000000;0.045405;-0.010570;1.000000;1.000000;0.000000;-0.045405;-0.010570;
1.155450;0.045445;-0.010593;1.000000;0.045445;-0.010593;1.000000;1.000000;0.000000;-0.045445;-0.010593;
1.155530;0.045525;-0.010640;1.000000;0.045525;-0.010640;1.000000;1.000000;0.000000;-0.045525;-0.010640;
1.155611;0.045605;-0.010685;1.000000;0.045605;-0.010685;1.000000;1.000000;0.000000;-0.045605;-0.010685;
1.155691;0.045686;-0.010731;1.000000;0.045686;-0.010731;1.000000;1.000000;0.000000;-0.045686;-0.010731;
1.155772;0.045766;-0.010776;1.000000;0.045766;-0.010776;1.000000;1.000000;0.000000;-0.045766;-0.010776;
1.155852;0.045846;-0.010821;1.000000;0.045846;-0.010821;1.000000;1.000000;0.000000;-0.045846;-0.010821;
1.155933;0.045926;-0.010865;1.000000;0.045926;-0.010865;1.000000;1.000000;0.000000;-0.045926;-0.010865;
1.156014;0.046006;-0.010909;1.000000;0.046006;-0.010909;1.000000;1.000000;0.000000;-0.046006;-0.010909;
1.156094;0.046086;-0.010953;1.000000;0.046086;-0.010953;1.000000;1.000000;0.000000;-0.046086;-0.010953;
1.156175;0.046166;-0.010996;1.000000;0.046166;-0.010996;1.000000;1.000000;0.000000;-0.046166;-0.010996;
1.156255;0.046247;-0.011039;1.000000;0.046247;-0.011039;1.000000;1.000000;0.000000;-0.046247;-0.011039;
1.156336;0.046327;-0.011082;1.000000;0.046327;-0.011082;1.000000;1.000000;0.000000;-0.046327;-0.011082;
1.156416;0.046407;-0.011124;1.000000;0.046407;-0.011124;1.000000;1.000000;0.000000;-0.046407;-0.011124;
1.156497;0.046487;-0.011166;1.000000;0.046487;-0.011166;1.000000;1.000000;0.000000;-0.046487;-0.011166;
1.156577;0.046567;-0.011208;1.000000;0.046567;-0.011208;1.000000;1.000000;0.000000;-0.046567;-0.011208;
1.156658;0.046648;-0.011249;1.000000;0.046648;-0.011249;1.000000;1.000000;0.000000;-0.046648;-0.011249;
1.156738;0.046728;-0.011290;1.000000;0.046728;-0.011290;1.000000;1.000000;0.000000;-0.046728;-0.011290;
1.156819;0.046808;-0.011330;1.000000;0.046808;-0.011330;1.000000;1.000000;0.000000;-0.046808;-0.011330;
1.156900;0.046888;-0.011371;1.000000;0.046888;-0.011371;1.000000;1.000000;0.000000;-0.046888;-0.011371;
1.156980;0.046968;-0.011411;1.000000;0.046968;-0.011411;1.000000;1.000000;0.000000;-0.046968;-0.011411;
1.157061;0.047048;-0.011450;1.000000;0.047048;-0.011450;1.000000;1.000000;0.000000;-0.047048;-0.011450;
1.157096;0.047084;-0.011468;1.000000;0.047084;-0.011468;1.000000;1.000000;0.000000;-0.047084;-0.011468;
1.157097;0.047085;-0.011468;1.000000;0.047085;-0.011468;1.000000;1.000000;0.000000;-0.047085;-0.011468;
1.157099;0.047086;-0.011469;1.000000;0.047086;-0.011469;1.000000;1.000000;0.000000;-0.047086;-0.011469;
1.157102;0.047090;-0.011471;1.000000;0.047090;-0.011471;1.000000;1.000000;0.000000;-0.047090;-0.011471;
1.157108;0.047096;-0.011474;1.000000;0.047096;-0.011474;1.000000;1.000000;0.000000;-0.047096;-0.011474;
1.157121;0.047109;-0.011480;1.000000;0.047109;-0.011480;1.000000;1.000000;0.000000;-0.047109;-0.011480;
1.157147;0.047135;-0.011493;1.000000;0.047135;-0.011493;1.000000;1.000000;0.000000;-0.047135;-0.011493;
1.157199;0.047187;-0.011518;1.000000;0.047187;-0.011518;1.000000;1.000000;0.000000;-0.047187;-0.011518;
1.157303;0.047290;-0.011568;1.000000;0.047290;-0.011568;1.000000;1.000000;0.000000;-0.047290;-0.011568;
1.157407;0.047394;-0.011617;1.000000;0.047394;-0.011617;1.000000;1.000000;0.000000;-0.047394;-0.011617;
1.157511;0.047497;-0.011666;1.000000;0.047497;-0.011666;1.000000;1.000000;0.000000;-0.047497;-0.011666;
1.157615;0.047601;-0.011715;1.000000;0.047601;-0.011715;1.000000;1.000000;0.000000;-0.047601;-0.011715;
1.157719;0.047704;-0.011763;1.000000;0.047704;-0.011763;1.000000;1.000000;0.000000;-0.047704;-0.011763;
1.157823;0.047808;-0.011810;1.000000;0.047808;-0.011810;1.000000;1.000000;0.000000;-0.047808;-0.011810;
1.157927;0.047911;-0.011857;1.000000;0.047911;-0.011857;1.000000;1.000000;0.000000;-0.047911;-0.011857;
1.158031;0.048015;-0.011904;1.000000;0.048015;-0.011904;1.000000;1.000000;0.000000;-0.048015;-0.011904;
1.158135;0.048118;-0.011949;1.000000;0.048118;-0.011949;1.000000;1.000000;0.000000;-0.048118;-0.011949;
1.158239;0.048222;-0.011995;1.000000;0.048222;-0.011995;1.000000;1.000000;0.000000;-0.048222;-0.011995;
1.158343;0.048325;-0.012040;1.000000;0.048325;-0.012040;1.000000;1.000000;0.000000;-0.048325;-0.012040;
1.158447;0.048429;-0.012084;1.000000;0.048429;-0.012084;1.000000;1.000000;0.000000;-0.048429;-0.012084;
1.158551;0.048532;-0.012129;1.000000;0.048532;-0.012129;1.000000;1.000000;0.000000;-0.048532;-0.012129;
1.158655;0.048636;-0.012172;1.000000;0.048636;-0.012172;1.000000;1.000000;0.000000;-0.048636;-0.012172;
1.158759;0.048739;-0.012215;1.000000;0.048739;-0.012215;1.000000;1.000000;0.000000;-0.048739;-0.012215;
1.158863;0.048843;-0.012258;1.000000;0.048843;-0.012258;1.000000;1.000000;0.000000;-0.048843;-0.012258;
1.158967;0.048947;-0.012300;1.000000;0.048947;-0.012300;1.000000;1.000000;0.000000;-0.048947;-0.012300;
1.159071;0.049050;-0.012342;1.000000;0.049050;-0.012342;1.000000;1.000000;0.000000;-0.049050;-0.012342;
1.159175;0.049154;-0.012383;1.000000;0.049154;-0.012383;1.000000;1.000000;0.000000;-0.049154;-0.012383;
1.159279;0.049257;-0.012424;1.000000;0.049257;-0.012424;1.000000;1.000000;0.000000;-0.049257;-0.012424;
1.159383;0.049361;-0.012465;1.000000;0.049361;-0.012465;1.000000;1.000000;0.000000;-0.049361;-0.012465;
1.159487;0.049464;-0.012505;1.000000;0.049464;-0.012505;1.000000;1.000000;0.000000;-0.049464;-0.012505;
1.159590;0.049568;-0.012544;1.000000;0.049568;-0.012544;1.000000;1.000000;0.000000;-0.049568;-0.012544;
1.159694;0.049672;-0.012584;1.000000;0.049672;-0.012584;1.000000;1.000000;0.000000;-0.049672;-0.012584;
1.159798;0.049775;-0.012622;1.000000;0.049775;-0.012622;1.000000;1.000000;0.000000;-0.049775;-0.012622;
1.159902;0.049879;-0.012661;1.000000;0.049879;-0.012661;1.000000;1.000000;0.000000;-0.049879;-0.012661;
1.160006;0.049982;-0.012699;1.000000;0.049982;-0.012699;1.000000;1.000000;0.000000;-0.049982;-0.012699;
1.160110;0.050086;-0.012736;1.000000;0.050086;-0.012736;1.000000;1.000000;0.000000;-0.050086;-0.012736;
1.160214;0.050190;-0.012773;1.000000;0.050190;-0.012773;1.000000;1.000000;0.000000;-0.050190;-0.012773;
1.160318;0.050293;-0.012810;1.000000;0.050293;-0.012810;1.000000;1.000000;0.000000;-0.050293;-0.012810;
1.160422;0.050397;-0.012846;1.000000;0.050397;-0.012846;1.000000;1.000000;0.000000;-0.050397;-0.012846;
1.160526;0.050500;-0.012882;1.000000;0.050500;-0.012882;1.000000;1.000000;0.000000;-0.050500;-0.012882;
1.160630;0.050604;-0.012918;1.000000;0.050604;-0.012918;1.000000;1.000000;0.000000;-0.050604;-0.012918;
1.160734;0.050708;-0.012953;1.000000;0.050708;-0.012953;1.000000;1.000000;0.000000;-0.050708;-0.012953;
1.160838;0.050811;-0.012988;1.000000;0.050811;-0.012988;1.000000;1.000000;0.000000;-0.050811;-0.012988;
1.160942;0.050915;-0.013022;1.000000;0.050915;-0.013022;1.000000;1.000000;0.000000;-0.050915;-0.013022;
1.161046;0.051018;-0.013056;1.000000;0.051018;-0.013056;1.000000;1.000000;0.000000;-0.051018;-0.013056;
1.161150;0.051122;-0.013090;1.000000;0.051122;-0.013090;1.000000;1.000000;0.000000;-0.051122;-0.013090;
1.161254;0.051226;-0.013123;1.000000;0.051226;-0.013123;1.000000;1.000000;0.000000;-0.051226;-0.013123;
1.161358;0.051329;-0.013156;1.000000;0.051329;-0.013156;1.000000;1.000000;0.000000;-0.051329;-0.013156;
1.161462;0.051433;-0.013189;1.000000;0.051433;-0.013189;1.000000;1.000000;0.000000;-0.051433;-0.013189;
1.161566;0.051536;-0.013221;1.000000;0.051536;-0.013221;1.000000;1.000000;0.000000;-0.051536;-0.013221;
1.161670;0.051640;-0.013253;1.000000;0.051640;-0.013253;1.000000;1.000000;0.000000;-0.051640;-0.013253;
1.161722;0.051692;-0.013269;1.000000;0.051692;-0.013269;1.000000;1.000000;0.000000;-0.051692;-0.013269;
1.161723;0.051694;-0.013269;1.000000;0.051694;-0.013269;1.000000;1.000000;0.000000;-0.051694;-0.013269;
1.161725;0.051695;-0.013270;1.000000;0.051695;-0.013270;1.000000;1.000000;0.000000;-0.051695;-0.013270;
1.161726;0.051696;-0.013270;1.000000;0.051696;-0.013270;1.000000;1.000000;0.000000;-0.051696;-0.013270;
1.161727;0.051698;-0.013271;1.000000;0.051698;-0.013271;1.000000;1.000000;0.000000;-0.051698;-0.013271;
1.161729;0.051699;-0.013271;1.000000;0.051699;-0.013271;1.000000;1.000000;0.000000;-0.051699;-0.013271;
1.161730;0.051700;-0.013272;1.000000;0.051700;-0.013272;1.000000;1.000000;0.000000;-0.051700;-0.013272;
1.161731;0.051702;-0.013272;1.000000;0.051702;-0.013272;1.000000;1.000000;0.000000;-0.051702;-0.013272;
1.161733;0.051703;-0.013272;1.000000;0.051703;-0.013272;1.000000;1.000000;0.000000;-0.051703;-0.013272;
1.161734;0.051704;-0.013273;1.000000;0.051704;-0.013273;1.000000;1.000000;0.000000;-0.051704;-0.013273;
1.161735;0.051705;-0.013273;1.000000;0.051705;-0.013273;1.000000;1.000000;0.000000;-0.051705;-0.013273;
1.161736;0.051706;-0.013273;1.000000;0.051706;-0.013273;1.000000;1.000000;0.000000;-0.051706;-0.013273;
1.161739;0.051709;-0.013274;1.000000;0.051709;-0.013274;1.000000;1.000000;0.000000;-0.051709;-0.013274;
1.161744;0.051714;-0.013276;1.000000;0.051714;-0.013276;1.000000;1.000000;0.000000;-0.051714;-0.013276;
1.161754;0.051724;-0.013279;1.000000;0.051724;-0.013279;1.000000;1.000000;0.000000;-0.051724;-0.013279;
1.161774;0.051744;-0.013285;1.000000;0.051744;-0.013285;1.000000;1.000000;0.000000;-0.051744;-0.013285;
1.161814;0.051784;-0.013297;1.000000;0.051784;-0.013297;1.000000;1.000000;0.000000;-0.051784;-0.013297;
1.161895;0.051865;-0.013321;1.000000;0.051865;-0.013321;1.000000;1.000000;0.000000;-0.051865;-0.013321;
1.161976;0.051946;-0.013345;1.000000;0.051946;-0.013345;1.000000;1.000000;0.000000;-0.051946;-0.013345;
1.162138;0.052107;-0.013393;1.000000;0.052107;-0.013393;1.000000;1.000000;0.000000;-0.052107;-0.013393;
1.162284;0.052252;-0.013434;1.000000;0.052252;-0.013434;1.000000;1.000000;0.000000;-0.052252;-0.013434;
1.162429;0.052398;-0.013476;1.000000;0.052398;-0.013476;1.000000;1.000000;0.000000;-0.052398;-0.013476;
1.162575;0.052543;-0.013516;1.000000;0.052543;-0.013516;1.000000;1.000000;0.000000;-0.052543;-0.013516;
1.162721;0.052688;-0.013556;1.000000;0.052688;-0.013556;1.000000;1.000000;0.000000;-0.052688;-0.013556;
1.162866;0.052833;-0.013595;1.000000;0.052833;-0.013595;1.000000;1.000000;0.000000;-0.052833;-0.013595;
1.163012;0.052978;-0.013634;1.000000;0.052978;-0.013634;1.000000;1.000000;0.000000;-0.052978;-0.013634;
1.163158;0.053124;-0.013672;1.000000;0.053124;-0.013672;1.000000;1.000000;0.000000;-0.053124;-0.013672;
1.163303;0.053269;-0.013710;1.000000;0.053269;-0.013710;1.000000;1.000000;0.000000;-0.053269;-0.013710;
1.163449;0.053414;-0.013747;1.000000;0.053414;-0.013747;1.000000;1.000000;0.000000;-0.053414;-0.013747;
1.163595;0.053559;-0.013783;1.000000;0.053559;-0.013783;1.000000;1.000000;0.000000;-0.053559;-0.013783;
1.163740;0.053705;-0.013819;1.000000;0.053705;-0.013819;1.000000;1.000000;0.000000;-0.053705;-0.013819;
1.163886;0.053850;-0.013854;1.000000;0.053850;-0.013854;1.000000;1.000000;0.000000;-0.053850;-0.013854;
1.164032;0.053995;-0.013889;1.000000;0.053995;-0.013889;1.000000;1.000000;0.000000;-0.053995;-0.013889;
1.164177;0.054140;-0.013923;1.000000;0.054140;-0.013923;1.000000;1.000000;0.000000;-0.054140;-0.013923;
1.164323;0.054286;-0.013956;1.000000;0.054286;-0.013956;1.000000;1.000000;0.000000;-0.054286;-0.013956;
1.164469;0.054431;-0.013989;1.000000;0.054431;-0.013989;1.000000;1.000000;0.000000;-0.054431;-0.013989;
1.164614;0.054576;-0.014022;1.000000;0.054576;-0.014022;1.000000;1.000000;0.000000;-0.054576;-0.014022;
1.164760;0.054721;-0.014054;1.000000;0.054721;-0.014054;1.000000;1.000000;0.000000;-0.054721;-0.014054;
1.164906;0.054867;-0.014085;1.000000;0.054867;-0.014085;1.000000;1.000000;0.000000;-0.054867;-0.014085;
1.165051;0.055012;-0.014116;1.000000;0.055012;-0.014116;1.000000;1.000000;0.000000;-0.055012;-0.014116;
1.165197;0.055157;-0.014146;1.000000;0.055157;-0.014146;1.000000;1.000000;0.000000;-0.055157;-0.014146;
1.165342;0.055303;-0.014176;1.000000;0.055303;-0.014176;1.000000;1.000000;0.000000;-0.055303;-0.014176;
1.165488;0.055448;-0.014206;1.000000;0.055448;-0.014206;1.000000;1.000000;0.000000;-0.055448;-0.014206;
1.165634;0.055593;-0.014234;1.000000;0.055593;-0.014234;1.000000;1.000000;0.000000;-0.055593;-0.014234;
1.165779;0.055738;-0.014263;1.000000;0.055738;-0.014263;1.000000;1.000000;0.000000;-0.055738;-0.014263;
1.165925;0.055884;-0.014291;1.000000;0.055884;-0.014291;1.000000;1.000000;0.000000;-0.055884;-0.014291;
1.166071;0.056029;-0.014318;1.000000;0.056029;-0.014318;1.000000;1.000000;0.000000;-0.056029;-0.014318;
1.166216;0.056174;-0.014345;1.000000;0.056174;-0.014345;1.000000;1.000000;0.000000;-0.056174;-0.014345;
1.166362;0.056320;-0.014372;1.000000;0.056320;-0.014372;1.000000;1.000000;0.000000;-0.056320;-0.014372;
1.166508;0.056465;-0.014398;1.000000;0.056465;-0.014398;1.000000;1.000000;0.000000;-0.056465;-0.014398;
1.166653;0.056610;-0.014424;1.000000;0.056610;-0.014424;1.000000;1.000000;0.000000;-0.056610;-0.014424;
1.166799;0.056756;-0.014449;1.000000;0.056756;-0.014449;1.000000;1.000000;0.000000;-0.056756;-0.014449;
1.166945;0.056901;-0.014474;1.000000;0.056901;-0.014474;1.000000;1.000000;0.000000;-0.056901;-0.014474;
1.167090;0.057046;-0.014498;1.000000;0.057046;-0.014498;1.000000;1.000000;0.000000;-0.057046;-0.014498;
1.167236;0.057192;-0.014522;1.000000;0.057192;-0.014522;1.000000;1.000000;0.000000;-0.057192;-0.014522;
1.167382;0.057337;-0.014546;1.000000;0.057337;-0.014546;1.000000;1.000000;0.000000;-0.057337;-0.014546;
1.167527;0.057482;-0.014569;1.000000;0.057482;-0.014569;1.000000;1.000000;0.000000;-0.057482;-0.014569;
1.167673;0.057628;-0.014592;1.000000;0.057628;-0.014592;1.000000;1.000000;0.000000;-0.057628;-0.014592;
1.167819;0.057773;-0.014614;1.000000;0.057773;-0.014614;1.000000;1.000000;0.000000;-0.057773;-0.014614;
1.167964;0.057918;-0.014636;1.000000;0.057918;-0.014636;1.000000;1.000000;0.000000;-0.057918;-0.014636;
1.168110;0.058064;-0.014658;1.000000;0.058064;-0.014658;1.000000;1.000000;0.000000;-0.058064;-0.014658;
1.168256;0.058209;-0.014679;1.000000;0.058209;-0.014679;1.000000;1.000000;0.000000;-0.058209;-0.014679;
1.168401;0.058354;-0.014700;1.000000;0.058354;-0.014700;1.000000;1.000000;0.000000;-0.058354;-0.014700;
1.168547;0.058500;-0.014720;1.000000;0.058500;-0.014720;1.000000;1.000000;0.000000;-0.058500;-0.014720;
1.168693;0.058645;-0.014741;1.000000;0.058645;-0.014741;1.000000;1.000000;0.000000;-0.058645;-0.014741;
1.168838;0.058790;-0.014760;1.000000;0.058790;-0.014760;1.000000;1.000000;0.000000;-0.058790;-0.014760;
1.168984;0.058936;-0.014780;1.000000;0.058936;-0.014780;1.000000;1.000000;0.000000;-0.058936;-0.014780;
1.169129;0.059081;-0.014799;1.000000;0.059081;-0.014799;1.000000;1.000000;0.000000;-0.059081;-0.014799;
1.169275;0.059226;-0.014817;1.000000;0.059226;-0.014817;1.000000;1.000000;0.000000;-0.059226;-0.014817;
1.169421;0.059372;-0.014836;1.000000;0.059372;-0.014836;1.000000;1.000000;0.000000;-0.059372;-0.014836;
1.169566;0.059517;-0.014854;1.000000;0.059517;-0.014854;1.000000;1.000000;0.000000;-0.059517;-0.014854;
1.169712;0.059662;-0.014871;1.000000;0.059662;-0.014871;1.000000;1.000000;0.000000;-0.059662;-0.014871;
1.169858;0.059808;-0.014889;1.000000;0.059808;-0.014889;1.000000;1.000000;0.000000;-0.059808;-0.014889;
1.170003;0.059953;-0.014906;1.000000;0.059953;-0.014906;1.000000;1.000000;0.000000;-0.059953;-0.014906;
1.170149;0.060099;-0.014922;1.000000;0.060099;-0.014922;1.000000;1.000000;0.000000;-0.060099;-0.014922;
1.170295;0.060244;-0.014939;1.000000;0.060244;-0.014939;1.000000;1.000000;0.000000;-0.060244;-0.014939;
1.170440;0.060389;-0.014955;1.000000;0.060389;-0.014955;1.000000;1.000000;0.000000;-0.060389;-0.014955;
1.170586;0.060535;-0.014970;1.000000;0.060535;-0.014970;1.000000;1.000000;0.000000;-0.060535;-0.014970;
1.170732;0.060680;-0.014986;1.000000;0.060680;-0.014986;1.000000;1.000000;0.000000;-0.060680;-0.014986;
1.170877;0.060825;-0.015001;1.000000;0.060825;-0.015001;1.000000;1.000000;0.000000;-0.060825;-0.015001;
1.171023;0.060971;-0.015016;1.000000;0.060971;-0.015016;1.000000;1.000000;0.000000;-0.060971;-0.015016;
1.171169;0.061116;-0.015030;1.000000;0.061116;-0.015030;1.000000;1.000000;0.000000;-0.061116;-0.015030;
1.171314;0.061262;-0.015045;1.000000;0.061262;-0.015045;1.000000;1.000000;0.000000;-0.061262;-0.015045;
1.171460;0.061407;-0.015059;1.000000;0.061407;-0.015059;1.000000;1.000000;0.000000;-0.061407;-0.015059;
1.171606;0.061552;-0.015072;1.000000;0.061552;-0.015072;1.000000;1.000000;0.000000;-0.061552;-0.015072;
1.171751;0.061698;-0.015086;1.000000;0.061698;-0.015086;1.000000;1.000000;0.000000;-0.061698;-0.015086;
1.171897;0.061843;-0.015099;1.000000;0.061843;-0.015099;1.000000;1.000000;0.000000;-0.061843;-0.015099;
1.172043;0.061989;-0.015112;1.000000;0.061989;-0.015112;1.000000;1.000000;0.000000;-0.061989;-0.015112;
1.172188;0.062134;-0.015124;1.000000;0.062134;-0.015124;1.000000;1.000000;0.000000;-0.062134;-0.015124;
1.172334;0.062279;-0.015137;1.000000;0.062279;-0.015137;1.000000;1.000000;0.000000;-0.062279;-0.015137;
1.172480;0.062425;-0.015149;1.000000;0.062425;-0.015149;1.000000;1.000000;0.000000;-0.062425;-0.015149;
1.172625;0.062570;-0.015161;1.000000;0.062570;-0.015161;1.000000;1.000000;0.000000;-0.062570;-0.015161;
1.172771;0.062716;-0.015172;1.000000;0.062716;-0.015172;1.000000;1.000000;0.000000;-0.062716;-0.015172;
1.172916;0.062861;-0.015184;1.000000;0.062861;-0.015184;1.000000;1.000000;0.000000;-0.062861;-0.015184;
1.173062;0.063006;-0.015195;1.000000;0.063006;-0.015195;1.000000;1.000000;0.000000;-0.063006;-0.015195;
1.173208;0.063152;-0.015206;1.000000;0.063152;-0.015206;1.000000;1.000000;0.000000;-0.063152;-0.015206;
1.173353;0.063297;-0.015216;1.000000;0.063297;-0.015216;1.000000;1.000000;0.000000;-0.063297;-0.015216;
1.173499;0.063443;-0.015227;1.000000;0.063443;-0.015227;1.000000;1.000000;0.000000;-0.063443;-0.015227;
1.173645;0.063588;-0.015237;1.000000;0.063588;-0.015237;1.000000;1.000000;0.000000;-0.063588;-0.015237;
1.173790;0.063733;-0.015247;1.000000;0.063733;-0.015247;1.000000;1.000000;0.000000;-0.063733;-0.015247;
1.173936;0.063879;-0.015256;1.000000;0.063879;-0.015256;1.000000;1.000000;0.000000;-0.063879;-0.015256;
1.174082;0.064024;-0.015266;1.000000;0.064024;-0.015266;1.000000;1.000000;0.000000;-0.064024;-0.015266;
1.174227;0.064170;-0.015275;1.000000;0.064170;-0.015275;1.000000;1.000000;0.000000;-0.064170;-0.015275;
1.174373;0.064315;-0.015284;1.000000;0.064315;-0.015284;1.000000;1.000000;0.000000;-0.064315;-0.015284;
1.174519;0.064461;-0.015293;1.000000;0.064461;-0.015293;1.000000;1.000000;0.000000;-0.064461;-0.015293;
1.174664;0.064606;-0.015301;1.000000;0.064606;-0.015301;1.000000;1.000000;0.000000;-0.064606;-0.015301;
1.174810;0.064751;-0.015310;1.000000;0.064751;-0.015310;1.000000;1.000000;0.000000;-0.064751;-0.015310;
1.175101;0.065042;-0.015326;1.000000;0.065042;-0.015326;1.000000;1.000000;0.000000;-0.065042;-0.015326;
1.175355;0.065296;-0.015339;1.000000;0.065296;-0.015339;1.000000;1.000000;0.000000;-0.065296;-0.015339;
1.175609;0.065549;-0.015352;1.000000;0.065549;-0.015352;1.000000;1.000000;0.000000;-0.065549;-0.015352;
1.175863;0.065802;-0.015364;1.000000;0.065802;-0.015364;1.000000;1.000000;0.000000;-0.065802;-0.015364;
1.176117;0.066056;-0.015375;1.000000;0.066056;-0.015375;1.000000;1.000000;0.000000;-0.066056;-0.015375;
1.176370;0.066309;-0.015386;1.000000;0.066309;-0.015386;1.000000;1.000000;0.000000;-0.066309;-0.015386;
1.176624;0.066563;-0.015397;1.000000;0.066563;-0.015397;1.000000;1.000000;0.000000;-0.066563;-0.015397;
1.176878;0.066816;-0.015407;1.000000;0.066816;-0.015407;1.000000;1.000000;0.000000;-0.066816;-0.015407;
1.177132;0.067070;-0.015416;1.000000;0.067070;-0.015416;1.000000;1.000000;0.000000;-0.067070;-0.015416;
1.177386;0.067323;-0.015425;1.000000;0.067323;-0.015425;1.000000;1.000000;0.000000;-0.067323;-0.015425;
1.177640;0.067577;-0.015433;1.000000;0.067577;-0.015433;1.000000;1.000000;0.000000;-0.067577;-0.015433;
1.177893;0.067830;-0.015441;1.000000;0.067830;-0.015441;1.000000;1.000000;0.000000;-0.067830;-0.015441;
1.178147;0.068084;-0.015449;1.000000;0.068084;-0.015449;1.000000;1.000000;0.000000;-0.068084;-0.015449;
1.178401;0.068337;-0.015456;1.000000;0.068337;-0.015456;1.000000;1.000000;0.000000;-0.068337;-0.015456;
1.178655;0.068590;-0.015462;1.000000;0.068590;-0.015462;1.000000;1.000000;0.000000;-0.068590;-0.015462;
1.178909;0.068844;-0.015468;1.000000;0.068844;-0.015468;1.000000;1.000000;0.000000;-0.068844;-0.015468;
1.179162;0.069097;-0.015474;1.000000;0.069097;-0.015474;1.000000;1.000000;0.000000;-0.069097;-0.015474;
1.179416;0.069351;-0.015479;1.000000;0.069351;-0.015479;1.000000;1.000000;0.000000;-0.069351;-0.015479;
1.179670;0.069604;-0.015484;1.000000;0.069604;-0.015484;1.000000;1.000000;0.000000;-0.069604;-0.015484;
1.179924;0.069858;-0.015489;1.000000;0.069858;-0.015489;1.000000;1.000000;0.000000;-0.069858;-0.015489;
1.180178;0.070111;-0.015493;1.000000;0.070111;-0.015493;1.000000;1.000000;0.000000;-0.070111;-0.015493;
1.180432;0.070365;-0.015497;1.000000;0.070365;-0.015497;1.000000;1.000000;0.000000;-0.070365;-0.015497;
1.180685;0.070618;-0.015500;1.000000;0.070618;-0.015500;1.000000;1.000000;0.000000;-0.070618;-0.015500;
1.180939;0.070872;-0.015503;1.000000;0.070872;-0.015503;1.000000;1.000000;0.000000;-0.070872;-0.015503;
1.181193;0.071125;-0.015506;1.000000;0.071125;-0.015506;1.000000;1.000000;0.000000;-0.071125;-0.015506;
1.181447;0.071379;-0.015508;1.000000;0.071379;-0.015508;1.000000;1.000000;0.000000;-0.071379;-0.015508;
1.181701;0.071632;-0.015510;1.000000;0.071632;-0.015510;1.000000;1.000000;0.000000;-0.071632;-0.015510;
1.181955;0.071886;-0.015511;1.000000;0.071886;-0.015511;1.000000;1.000000;0.000000;-0.071886;-0.015511;
1.182208;0.072139;-0.015513;1.000000;0.072139;-0.015513;1.000000;1.000000;0.000000;-0.072139;-0.015513;
1.182462;0.072393;-0.015514;1.000000;0.072393;-0.015514;1.000000;1.000000;0.000000;-0.072393;-0.015514;
1.182716;0.072646;-0.015514;1.000000;0.072646;-0.015514;1.000000;1.000000;0.000000;-0.072646;-0.015514;
1.182970;0.072900;-0.015515;1.000000;0.072900;-0.015515;1.000000;1.000000;0.000000;-0.072900;-0.015515;
1.183224;0.073153;-0.015515;1.000000;0.073153;-0.015515;1.000000;1.000000;0.000000;-0.073153;-0.015515;
1.183477;0.073407;-0.015514;1.000000;0.073407;-0.015514;1.000000;1.000000;0.000000;-0.073407;-0.015514;
1.183731;0.073660;-0.015514;1.000000;0.073660;-0.015514;1.000000;1.000000;0.000000;-0.073660;-0.015514;
1.183985;0.073914;-0.015513;1.000000;0.073914;-0.015513;1.000000;1.000000;0.000000;-0.073914;-0.015513;
1.184239;0.074167;-0.015512;1.000000;0.074167;-0.015512;1.000000;1.000000;0.000000;-0.074167;-0.015512;
1.184493;0.074421;-0.015511;1.000000;0.074421;-0.015511;1.000000;1.000000;0.000000;-0.074421;-0.015511;
1.184747;0.074674;-0.015509;1.000000;0.074674;-0.015509;1.000000;1.000000;0.000000;-0.074674;-0.015509;
1.185000;0.074928;-0.015507;1.000000;0.074928;-0.015507;1.000000;1.000000;0.000000;-0.074928;-0.015507;
1.185254;0.075181;-0.015505;1.000000;0.075181;-0.015505;1.000000;1.000000;0.000000;-0.075181;-0.015505;
1.185508;0.075435;-0.015503;1.000000;0.075435;-0.015503;1.000000;1.000000;0.000000;-0.075435;-0.015503;
1.185762;0.075688;-0.015500;1.000000;0.075688;-0.015500;1.000000;1.000000;0.000000;-0.075688;-0.015500;
1.186016;0.075942;-0.015498;1.000000;0.075942;-0.015498;1.000000;1.000000;0.000000;-0.075942;-0.015498;
1.186270;0.076195;-0.015495;1.000000;0.076195;-0.015495;1.000000;1.000000;0.000000;-0.076195;-0.015495;
1.186523;0.076449;-0.015492;1.000000;0.076449;-0.015492;1.000000;1.000000;0.000000;-0.076449;-0.015492;
1.186777;0.076703;-0.015488;1.000000;0.076703;-0.015488;1.000000;1.000000;0.000000;-0.076703;-0.015488;
1.187031;0.076956;-0.015485;1.000000;0.076956;-0.015485;1.000000;1.000000;0.000000;-0.076956;-0.015485;
1.187285;0.077210;-0.015481;1.000000;0.077210;-0.015481;1.000000;1.000000;0.000000;-0.077210;-0.015481;
1.187539;0.077463;-0.015477;1.000000;0.077463;-0.015477;1.000000;1.000000;0.000000;-0.077463;-0.015477;
1.187792;0.077717;-0.015473;1.000000;0.077717;-0.015473;1.000000;1.000000;0.000000;-0.077717;-0.015473;
1.188046;0.077970;-0.015468;1.000000;0.077970;-0.015468;1.000000;1.000000;0.000000;-0.077970;-0.015468;
1.188300;0.078224;-0.015464;1.000000;0.078224;-0.015464;1.000000;1.000000;0.000000;-0.078224;-0.015464;
1.188554;0.078477;-0.015459;1.000000;0.078477;-0.015459;1.000000;1.000000;0.000000;-0.078477;-0.015459;
1.188808;0.078731;-0.015454;1.000000;0.078731;-0.015454;1.000000;1.000000;0.000000;-0.078731;-0.015454;
1.189062;0.078984;-0.015449;1.000000;0.078984;-0.015449;1.000000;1.000000;0.000000;-0.078984;-0.015449;
1.189315;0.079238;-0.015444;1.000000;0.079238;-0.015444;1.000000;1.000000;0.000000;-0.079238;-0.015444;
1.189569;0.079491;-0.015438;1.000000;0.079491;-0.015438;1.000000;1.000000;0.000000;-0.079491;-0.015438;
1.189823;0.079745;-0.015433;1.000000;0.079745;-0.015433;1.000000;1.000000;0.000000;-0.079745;-0.015433;
1.190077;0.079998;-0.015427;1.000000;0.079998;-0.015427;1.000000;1.000000;0.000000;-0.079998;-0.015427;
1.190331;0.080252;-0.015421;1.000000;0.080252;-0.015421;1.000000;1.000000;0.000000;-0.080252;-0.015421;
1.190585;0.080506;-0.015415;1.000000;0.080506;-0.015415;1.000000;1.000000;0.000000;-0.080506;-0.015415;
1.190838;0.080759;-0.015409;1.000000;0.080759;-0.015409;1.000000;1.000000;0.000000;-0.080759;-0.015409;
1.191092;0.081013;-0.015403;1.000000;0.081013;-0.015403;1.000000;1.000000;0.000000;-0.081013;-0.015403;
1.191346;0.081266;-0.015396;1.000000;0.081266;-0.015396;1.000000;1.000000;0.000000;-0.081266;-0.015396;
1.191600;0.081520;-0.015390;1.000000;0.081520;-0.015390;1.000000;1.000000;0.000000;-0.081520;-0.015390;
1.191854;0.081773;-0.015383;1.000000;0.081773;-0.015383;1.000000;1.000000;0.000000;-0.081773;-0.015383;
1.192107;0.082027;-0.015376;1.000000;0.082027;-0.015376;1.000000;1.000000;0.000000;-0.082027;-0.015376;
1.192361;0.082280;-0.015369;1.000000;0.082280;-0.015369;1.000000;1.000000;0.000000;-0.082280;-0.015369;
1.192615;0.082534;-0.015362;1.000000;0.082534;-0.015362;1.000000;1.000000;0.000000;-0.082534;-0.015362;
1.192869;0.082787;-0.015355;1.000000;0.082787;-0.015355;1.000000;1.000000;0.000000;-0.082787;-0.015355;
1.193123;0.083041;-0.015348;1.000000;0.083041;-0.015348;1.000000;1.000000;0.000000;-0.083041;-0.015348;
1.193377;0.083294;-0.015340;1.000000;0.083294;-0.015340;1.000000;1.000000;0.000000;-0.083294;-0.015340;
1.193630;0.083548;-0.015333;1.000000;0.083548;-0.015333;1.000000;1.000000;0.000000;-0.083548;-0.015333;
1.193884;0.083802;-0.015325;1.000000;0.083802;-0.015325;1.000000;1.000000;0.000000;-0.083802;-0.015325;
1.194138;0.084055;-0.015317;1.000000;0.084055;-0.015317;1.000000;1.000000;0.000000;-0.084055;-0.015317;
1.194392;0.084309;-0.015309;1.000000;0.084309;-0.015309;1.000000;1.000000;0.000000;-0.084309;-0.015309;
1.194646;0.084562;-0.015302;1.000000;0.084562;-0.015302;1.000000;1.000000;0.000000;-0.084562;-0.015302;
1.194900;0.084816;-0.015293;1.000000;0.084816;-0.015293;1.000000;1.000000;0.000000;-0.084816;-0.015293;
1.195153;0.085069;-0.015285;1.000000;0.085069;-0.015285;1.000000;1.000000;0.000000;-0.085069;-0.015285;
1.195407;0.085323;-0.015277;1.000000;0.085323;-0.015277;1.000000;1.000000;0.000000;-0.085323;-0.015277;
1.195661;0.085576;-0.015269;1.000000;0.085576;-0.015269;1.000000;1.000000;0.000000;-0.085576;-0.015269;
1.195915;0.085830;-0.015260;1.000000;0.085830;-0.015260;1.000000;1.000000;0.000000;-0.085830;-0.015260;
1.196169;0.086084;-0.015252;1.000000;0.086084;-0.015252;1.000000;1.000000;0.000000;-0.086084;-0.015252;
1.196423;0.086337;-0.015243;1.000000;0.086337;-0.015243;1.000000;1.000000;0.000000;-0.086337;-0.015243;
1.196676;0.086591;-0.015235;1.000000;0.086591;-0.015235;1.000000;1.000000;0.000000;-0.086591;-0.015235;
1.196930;0.086844;-0.015226;1.000000;0.086844;-0.015226;1.000000;1.000000;0.000000;-0.086844;-0.015226;
1.197184;0.087098;-0.015217;1.000000;0.087098;-0.015217;1.000000;1.000000;0.000000;-0.087098;-0.015217;
1.197438;0.087351;-0.015208;1.000000;0.087351;-0.015208;1.000000;1.000000;0.000000;-0.087351;-0.015208;
1.197692;0.087605;-0.015199;1.000000;0.087605;-0.015199;1.000000;1.000000;0.000000;-0.087605;-0.015199;
1.197945;0.087858;-0.015190;1.000000;0.087858;-0.015190;1.000000;1.000000;0.000000;-0.087858;-0.015190;
1.198199;0.088112;-0.015181;1.000000;0.088112;-0.015181;1.000000;1.000000;0.000000;-0.088112;-0.015181;
1.198453;0.088366;-0.015172;1.000000;0.088366;-0.015172;1.000000;1.000000;0.000000;-0.088366;-0.015172;
1.198707;0.088619;-0.015163;1.000000;0.088619;-0.015163;1.000000;1.000000;0.000000;-0.088619;-0.015163;
1.198961;0.088873;-0.015154;1.000000;0.088873;-0.015154;1.000000;1.000000;0.000000;-0.088873;-0.015154;
1.199215;0.089126;-0.015144;1.000000;0.089126;-0.015144;1.000000;1.000000;0.000000;-0.089126;-0.015144;
1.199468;0.089380;-0.015135;1.000000;0.089380;-0.015135;1.000000;1.000000;0.000000;-0.089380;-0.015135;
1.199722;0.089633;-0.015125;1.000000;0.089633;-0.015125;1.000000;1.000000;0.000000;-0.089633;-0.015125;
1.199976;0.089887;-0.015116;1.000000;0.089887;-0.015116;1.000000;1.000000;0.000000;-0.089887;-0.015116;
1.200230;0.090140;-0.015106;1.000000;0.090140;-0.015106;1.000000;1.000000;0.000000;-0.090140;-0.015106;
1.200484;0.090394;-0.015097;1.000000;0.090394;-0.015097;1.000000;1.000000;0.000000;-0.090394;-0.015097;
1.200738;0.090648;-0.015087;1.000000;0.090648;-0.015087;1.000000;1.000000;0.000000;-0.090648;-0.015087;
1.201245;0.091155;-0.015067;1.000000;0.091155;-0.015067;1.000000;1.000000;0.000000;-0.091155;-0.015067;
1.201688;0.091597;-0.015050;1.000000;0.091597;-0.015050;1.000000;1.000000;0.000000;-0.091597;-0.015050;
1.202130;0.092039;-0.015033;1.000000;0.092039;-0.015033;1.000000;1.000000;0.000000;-0.092039;-0.015033;
1.202573;0.092481;-0.015015;1.000000;0.092481;-0.015015;1.000000;1.000000;0.000000;-0.092481;-0.015015;
1.203015;0.092923;-0.014998;1.000000;0.092923;-0.014998;1.000000;1.000000;0.000000;-0.092923;-0.014998;
1.203458;0.093365;-0.014980;1.000000;0.093365;-0.014980;1.000000;1.000000;0.000000;-0.093365;-0.014980;
1.203901;0.093807;-0.014962;1.000000;0.093807;-0.014962;1.000000;1.000000;0.000000;-0.093807;-0.014962;
1.204343;0.094249;-0.014944;1.000000;0.094249;-0.014944;1.000000;1.000000;0.000000;-0.094249;-0.014944;
1.204786;0.094692;-0.014926;1.000000;0.094692;-0.014926;1.000000;1.000000;0.000000;-0.094692;-0.014926;
1.205228;0.095134;-0.014908;1.000000;0.095134;-0.014908;1.000000;1.000000;0.000000;-0.095134;-0.014908;
1.205671;0.095576;-0.014890;1.000000;0.095576;-0.014890;1.000000;1.000000;0.000000;-0.095576;-0.014890;
1.206113;0.096018;-0.014871;1.000000;0.096018;-0.014871;1.000000;1.000000;0.000000;-0.096018;-0.014871;
1.206556;0.096460;-0.014853;1.000000;0.096460;-0.014853;1.000000;1.000000;0.000000;-0.096460;-0.014853;
1.206999;0.096902;-0.014834;1.000000;0.096902;-0.014834;1.000000;1.000000;0.000000;-0.096902;-0.014834;
1.207441;0.097344;-0.014816;1.000000;0.097344;-0.014816;1.000000;1.000000;0.000000;-0.097344;-0.014816;
1.207884;0.097786;-0.014797;1.000000;0.097786;-0.014797;1.000000;1.000000;0.000000;-0.097786;-0.014797;
1.208326;0.098228;-0.014778;1.000000;0.098228;-0.014778;1.000000;1.000000;0.000000;-0.098228;-0.014778;
1.208769;0.098671;-0.014759;1.000000;0.098671;-0.014759;1.000000;1.000000;0.000000;-0.098671;-0.014759;
1.209211;0.099113;-0.014741;1.000000;0.099113;-0.014741;1.000000;1.000000;0.000000;-0.099113;-0.014741;
1.209654;0.099555;-0.014722;1.000000;0.099555;-0.014722;1.000000;1.000000;0.000000;-0.099555;-0.014722;
1.210096;0.099997;-0.014703;1.000000;0.099997;-0.014703;1.000000;1.000000;0.000000;-0.099997;-0.014703;
1.210539;0.100439;-0.014684;1.000000;0.100439;-0.014684;1.000000;1.000000;0.000000;-0.100439;-0.014684;
1.210982;0.100881;-0.014665;1.000000;0.100881;-0.014665;1.000000;1.000000;0.000000;-0.100881;-0.014665;
1.211424;0.101323;-0.014645;1.000000;0.101323;-0.014645;1.000000;1.000000;0.000000;-0.101323;-0.014645;
1.211867;0.101765;-0.014626;1.000000;0.101765;-0.014626;1.000000;1.000000;0.000000;-0.101765;-0.014626;
1.212309;0.102207;-0.014607;1.000000;0.102207;-0.014607;1.000000;1.000000;0.000000;-0.102207;-0.014607;
1.212752;0.102650;-0.014588;1.000000;0.102650;-0.014588;1.000000;1.000000;0.000000;-0.102650;-0.014588;
1.213194;0.103092;-0.014569;1.000000;0.103092;-0.014569;1.000000;1.000000;0.000000;-0.103092;-0.014569;
1.213637;0.103534;-0.014549;1.000000;0.103534;-0.014549;1.000000;1.000000;0.000000;-0.103534;-0.014549;
1.214080;0.103976;-0.014530;1.000000;0.103976;-0.014530;1.000000;1.000000;0.000000;-0.103976;-0.014530;
1.214522;0.104418;-0.014510;1.000000;0.104418;-0.014510;1.000000;1.000000;0.000000;-0.104418;-0.014510;
1.214965;0.104860;-0.014491;1.000000;0.104860;-0.014491;1.000000;1.000000;0.000000;-0.104860;-0.014491;
1.215407;0.105302;-0.014472;1.000000;0.105302;-0.014472;1.000000;1.000000;0.000000;-0.105302;-0.014472;
1.215850;0.105744;-0.014452;1.000000;0.105744;-0.014452;1.000000;1.000000;0.000000;-0.105744;-0.014452;
1.216292;0.106187;-0.014433;1.000000;0.106187;-0.014433;1.000000;1.000000;0.000000;-0.106187;-0.014433;
1.216735;0.106629;-0.014413;1.000000;0.106629;-0.014413;1.000000;1.000000;0.000000;-0.106629;-0.014413;
1.217178;0.107071;-0.014394;1.000000;0.107071;-0.014394;1.000000;1.000000;0.000000;-0.107071;-0.014394;
1.217620;0.107513;-0.014374;1.000000;0.107513;-0.014374;1.000000;1.000000;0.000000;-0.107513;-0.014374;
1.217907;0.107799;-0.014361;1.000000;0.107799;-0.014361;1.000000;1.000000;0.000000;-0.107799;-0.014361;
1.217909;0.107802;-0.014361;1.000000;0.107802;-0.014361;1.000000;1.000000;0.000000;-0.107802;-0.014361;
1.217910;0.107803;-0.014361;1.000000;0.107803;-0.014361;1.000000;1.000000;0.000000;-0.107803;-0.014361;
1.217913;0.107805;-0.014361;1.000000;0.107805;-0.014361;1.000000;1.000000;0.000000;-0.107805;-0.014361;
1.217918;0.107810;-0.014361;1.000000;0.107810;-0.014361;1.000000;1.000000;0.000000;-0.107810;-0.014361;
1.217928;0.107820;-0.014361;1.000000;0.107820;-0.014361;1.000000;1.000000;0.000000;-0.107820;-0.014361;
1.217948;0.107840;-0.014360;1.000000;0.107840;-0.014360;1.000000;1.000000;0.000000;-0.107840;-0.014360;
1.217988;0.107880;-0.014358;1.000000;0.107880;-0.014358;1.000000;1.000000;0.000000;-0.107880;-0.014358;
1.218068;0.107960;-0.014354;1.000000;0.107960;-0.014354;1.000000;1.000000;0.000000;-0.107960;-0.014354;
1.218228;0.108120;-0.014347;1.000000;0.108120;-0.014347;1.000000;1.000000;0.000000;-0.108120;-0.014347;
1.218549;0.108441;-0.014333;1.000000;0.108441;-0.014333;1.000000;1.000000;0.000000;-0.108441;-0.014333;
1.218869;0.108761;-0.014319;1.000000;0.108761;-0.014319;1.000000;1.000000;0.000000;-0.108761;-0.014319;
1.219510;0.109401;-0.014291;1.000000;0.109401;-0.014291;1.000000;1.000000;0.000000;-0.109401;-0.014291;
1.220087;0.109977;-0.014265;1.000000;0.109977;-0.014265;1.000000;1.000000;0.000000;-0.109977;-0.014265;
1.220664;0.110554;-0.014240;1.000000;0.110554;-0.014240;1.000000;1.000000;0.000000;-0.110554;-0.014240;
1.221241;0.111130;-0.014214;1.000000;0.111130;-0.014214;1.000000;1.000000;0.000000;-0.111130;-0.014214;
1.221818;0.111706;-0.014188;1.000000;0.111706;-0.014188;1.000000;1.000000;0.000000;-0.111706;-0.014188;
1.222394;0.112282;-0.014163;1.000000;0.112282;-0.014163;1.000000;1.000000;0.000000;-0.112282;-0.014163;
1.222971;0.112859;-0.014137;1.000000;0.112859;-0.014137;1.000000;1.000000;0.000000;-0.112859;-0.014137;
1.223548;0.113435;-0.014112;1.000000;0.113435;-0.014112;1.000000;1.000000;0.000000;-0.113435;-0.014112;
1.224125;0.114011;-0.014086;1.000000;0.114011;-0.014086;1.000000;1.000000;0.000000;-0.114011;-0.014086;
1.224702;0.114587;-0.014061;1.000000;0.114587;-0.014061;1.000000;1.000000;0.000000;-0.114587;-0.014061;
1.225279;0.115164;-0.014035;1.000000;0.115164;-0.014035;1.000000;1.000000;0.000000;-0.115164;-0.014035;
1.225856;0.115740;-0.014010;1.000000;0.115740;-0.014010;1.000000;1.000000;0.000000;-0.115740;-0.014010;
1.226432;0.116316;-0.013984;1.000000;0.116316;-0.013984;1.000000;1.000000;0.000000;-0.116316;-0.013984;
1.227009;0.116893;-0.013959;1.000000;0.116893;-0.013959;1.000000;1.000000;0.000000;-0.116893;-0.013959;
1.227586;0.117469;-0.013933;1.000000;0.117469;-0.013933;1.000000;1.000000;0.000000;-0.117469;-0.013933;
1.228163;0.118045;-0.013908;1.000000;0.118045;-0.013908;1.000000;1.000000;0.000000;-0.118045;-0.013908;
1.228740;0.118621;-0.013882;1.000000;0.118621;-0.013882;1.000000;1.000000;0.000000;-0.118621;-0.013882;
1.229317;0.119198;-0.013857;1.000000;0.119198;-0.013857;1.000000;1.000000;0.000000;-0.119198;-0.013857;
1.229893;0.119774;-0.013831;1.000000;0.119774;-0.013831;1.000000;1.000000;0.000000;-0.119774;-0.013831;
1.230470;0.120350;-0.013806;1.000000;0.120350;-0.013806;1.000000;1.000000;0.000000;-0.120350;-0.013806;
1.231047;0.120926;-0.013781;1.000000;0.120926;-0.013781;1.000000;1.000000;0.000000;-0.120926;-0.013781;
1.231624;0.121503;-0.013755;1.000000;0.121503;-0.013755;1.000000;1.000000;0.000000;-0.121503;-0.013755;
1.232201;0.122079;-0.013730;1.000000;0.122079;-0.013730;1.000000;1.000000;0.000000;-0.122079;-0.013730;
1.232778;0.122655;-0.013705;1.000000;0.122655;-0.013705;1.000000;1.000000;0.000000;-0.122655;-0.013705;
1.233355;0.123232;-0.013679;1.000000;0.123232;-0.013679;1.000000;1.000000;0.000000;-0.123232;-0.013679;
1.233931;0.123808;-0.013654;1.000000;0.123808;-0.013654;1.000000;1.000000;0.000000;-0.123808;-0.013654;
1.234508;0.124384;-0.013629;1.000000;0.124384;-0.013629;1.000000;1.000000;0.000000;-0.124384;-0.013629;
1.235085;0.124960;-0.013604;1.000000;0.124960;-0.013604;1.000000;1.000000;0.000000;-0.124960;-0.013604;
1.235662;0.125537;-0.013578;1.000000;0.125537;-0.013578;1.000000;1.000000;0.000000;-0.125537;-0.013578;
1.236239;0.126113;-0.013553;1.000000;0.126113;-0.013553;1.000000;1.000000;0.000000;-0.126113;-0.013553;
1.236816;0.126689;-0.013528;1.000000;0.126689;-0.013528;1.000000;1.000000;0.000000;-0.126689;-0.013528;
1.237393;0.127266;-0.013503;1.000000;0.127266;-0.013503;1.000000;1.000000;0.000000;-0.127266;-0.013503;
1.237969;0.127842;-0.013478;1.000000;0.127842;-0.013478;1.000000;1.000000;0.000000;-0.127842;-0.013478;
1.238546;0.128418;-0.013453;1.000000;0.128418;-0.013453;1.000000;1.000000;0.000000;-0.128418;-0.013453;
1.239123;0.128994;-0.013428;1.000000;0.128994;-0.013428;1.000000;1.000000;0.000000;-0.128994;-0.013428;
1.239700;0.129571;-0.013403;1.000000;0.129571;-0.013403;1.000000;1.000000;0.000000;-0.129571;-0.013403;
1.240277;0.130147;-0.013378;1.000000;0.130147;-0.013378;1.000000;1.000000;0.000000;-0.130147;-0.013378;
1.240854;0.130723;-0.013353;1.000000;0.130723;-0.013353;1.000000;1.000000;0.000000;-0.130723;-0.013353;
1.241431;0.131299;-0.013328;1.000000;0.131299;-0.013328;1.000000;1.000000;0.000000;-0.131299;-0.013328;
1.242007;0.131876;-0.013303;1.000000;0.131876;-0.013303;1.000000;1.000000;0.000000;-0.131876;-0.013303;
1.242584;0.132452;-0.013279;1.000000;0.132452;-0.013279;1.000000;1.000000;0.000000;-0.132452;-0.013279;
1.243161;0.133028;-0.013254;1.000000;0.133028;-0.013254;1.000000;1.000000;0.000000;-0.133028;-0.013254;
1.243738;0.133605;-0.013229;1.000000;0.133605;-0.013229;1.000000;1.000000;0.000000;-0.133605;-0.013229;
1.244315;0.134181;-0.013204;1.000000;0.134181;-0.013204;1.000000;1.000000;0.000000;-0.134181;-0.013204;
1.244892;0.134757;-0.013180;1.000000;0.134757;-0.013180;1.000000;1.000000;0.000000;-0.134757;-0.013180;
1.245469;0.135333;-0.013155;1.000000;0.135333;-0.013155;1.000000;1.000000;0.000000;-0.135333;-0.013155;
1.246045;0.135910;-0.013131;1.000000;0.135910;-0.013131;1.000000;1.000000;0.000000;-0.135910;-0.013131;
1.246622;0.136486;-0.013106;1.000000;0.136486;-0.013106;1.000000;1.000000;0.000000;-0.136486;-0.013106;
1.247199;0.137062;-0.013082;1.000000;0.137062;-0.013082;1.000000;1.000000;0.000000;-0.137062;-0.013082;
1.247776;0.137639;-0.013057;1.000000;0.137639;-0.013057;1.000000;1.000000;0.000000;-0.137639;-0.013057;
1.248353;0.138215;-0.013033;1.000000;0.138215;-0.013033;1.000000;1.000000;0.000000;-0.138215;-0.013033;
1.248930;0.138791;-0.013008;1.000000;0.138791;-0.013008;1.000000;1.000000;0.000000;-0.138791;-0.013008;
1.249507;0.139367;-0.012984;1.000000;0.139367;-0.012984;1.000000;1.000000;0.000000;-0.139367;-0.012984;
1.250083;0.139944;-0.012960;1.000000;0.139944;-0.012960;1.000000;1.000000;0.000000;-0.139944;-0.012960;
1.250660;0.140520;-0.012935;1.000000;0.140520;-0.012935;1.000000;1.000000;0.000000;-0.140520;-0.012935;
1.251237;0.141096;-0.012911;1.000000;0.141096;-0.012911;1.000000;1.000000;0.000000;-0.141096;-0.012911;
1.251814;0.141672;-0.012887;1.000000;0.141672;-0.012887;1.000000;1.000000;0.000000;-0.141672;-0.012887;
1.252391;0.142249;-0.012863;1.000000;0.142249;-0.012863;1.000000;1.000000;0.000000;-0.142249;-0.012863;
1.252968;0.142825;-0.012838;1.000000;0.142825;-0.012838;1.000000;1.000000;0.000000;-0.142825;-0.012838;
1.253544;0.143401;-0.012814;1.000000;0.143401;-0.012814;1.000000;1.000000;0.000000;-0.143401;-0.012814;
1.254121;0.143978;-0.012790;1.000000;0.143978;-0.012790;1.000000;1.000000;0.000000;-0.143978;-0.012790;
1.254698;0.144554;-0.012766;1.000000;0.144554;-0.012766;1.000000;1.000000;0.000000;-0.144554;-0.012766;
1.255275;0.145130;-0.012742;1.000000;0.145130;-0.012742;1.000000;1.000000;0.000000;-0.145130;-0.012742;
1.255852;0.145706;-0.012718;1.000000;0.145706;-0.012718;1.000000;1.000000;0.000000;-0.145706;-0.012718;
1.256429;0.146283;-0.012694;1.000000;0.146283;-0.012694;1.000000;1.000000;0.000000;-0.146283;-0.012694;
1.257006;0.146859;-0.012670;1.000000;0.146859;-0.012670;1.000000;1.000000;0.000000;-0.146859;-0.012670;
1.257582;0.147435;-0.012647;1.000000;0.147435;-0.012647;1.000000;1.000000;0.000000;-0.147435;-0.012647;
1.258159;0.148012;-0.012623;1.000000;0.148012;-0.012623;1.000000;1.000000;0.000000;-0.148012;-0.012623;
1.258736;0.148588;-0.012599;1.000000;0.148588;-0.012599;1.000000;1.000000;0.000000;-0.148588;-0.012599;
1.259313;0.149164;-0.012575;1.000000;0.149164;-0.012575;1.000000;1.000000;0.000000;-0.149164;-0.012575;
1.260467;0.150317;-0.012528;1.000000;0.150317;-0.012528;1.000000;1.000000;0.000000;-0.150317;-0.012528;
1.261487;0.151336;-0.012486;1.000000;0.151336;-0.012486;1.000000;1.000000;0.000000;-0.151336;-0.012486;
1.262507;0.152355;-0.012445;1.000000;0.152355;-0.012445;1.000000;1.000000;0.000000;-0.152355;-0.012445;
1.263527;0.153374;-0.012403;1.000000;0.153374;-0.012403;1.000000;1.000000;0.000000;-0.153374;-0.012403;
1.264547;0.154393;-0.012362;1.000000;0.154393;-0.012362;1.000000;1.000000;0.000000;-0.154393;-0.012362;
1.265568;0.155412;-0.012321;1.000000;0.155412;-0.012321;1.000000;1.000000;0.000000;-0.155412;-0.012321;
1.266588;0.156432;-0.012279;1.000000;0.156432;-0.012279;1.000000;1.000000;0.000000;-0.156432;-0.012279;
1.267608;0.157451;-0.012238;1.000000;0.157451;-0.012238;1.000000;1.000000;0.000000;-0.157451;-0.012238;
1.268628;0.158470;-0.012198;1.000000;0.158470;-0.012198;1.000000;1.000000;0.000000;-0.158470;-0.012198;
1.269648;0.159489;-0.012157;1.000000;0.159489;-0.012157;1.000000;1.000000;0.000000;-0.159489;-0.012157;
1.270668;0.160508;-0.012116;1.000000;0.160508;-0.012116;1.000000;1.000000;0.000000;-0.160508;-0.012116;
1.271689;0.161527;-0.012076;1.000000;0.161527;-0.012076;1.000000;1.000000;0.000000;-0.161527;-0.012076;
1.272709;0.162546;-0.012035;1.000000;0.162546;-0.012035;1.000000;1.000000;0.000000;-0.162546;-0.012035;
1.273729;0.163566;-0.011995;1.000000;0.163566;-0.011995;1.000000;1.000000;0.000000;-0.163566;-0.011995;
1.274749;0.164585;-0.011955;1.000000;0.164585;-0.011955;1.000000;1.000000;0.000000;-0.164585;-0.011955;
1.275769;0.165604;-0.011915;1.000000;0.165604;-0.011915;1.000000;1.000000;0.000000;-0.165604;-0.011915;
1.276789;0.166623;-0.011875;1.000000;0.166623;-0.011875;1.000000;1.000000;0.000000;-0.166623;-0.011875;
1.277810;0.167642;-0.011835;1.000000;0.167642;-0.011835;1.000000;1.000000;0.000000;-0.167642;-0.011835;
1.278830;0.168661;-0.011795;1.000000;0.168661;-0.011795;1.000000;1.000000;0.000000;-0.168661;-0.011795;
1.279850;0.169681;-0.011756;1.000000;0.169681;-0.011756;1.000000;1.000000;0.000000;-0.169681;-0.011756;
1.280870;0.170700;-0.011716;1.000000;0.170700;-0.011716;1.000000;1.000000;0.000000;-0.170700;-0.011716;
1.281890;0.171719;-0.011677;1.000000;0.171719;-0.011677;1.000000;1.000000;0.000000;-0.171719;-0.011677;
1.282911;0.172738;-0.011638;1.000000;0.172738;-0.011638;1.000000;1.000000;0.000000;-0.172738;-0.011638;
1.283931;0.173757;-0.011599;1.000000;0.173757;-0.011599;1.000000;1.000000;0.000000;-0.173757;-0.011599;
1.284951;0.174776;-0.011560;1.000000;0.174776;-0.011560;1.000000;1.000000;0.000000;-0.174776;-0.011560;
1.285971;0.175795;-0.011521;1.000000;0.175795;-0.011521;1.000000;1.000000;0.000000;-0.175795;-0.011521;
1.286991;0.176815;-0.011482;1.000000;0.176815;-0.011482;1.000000;1.000000;0.000000;-0.176815;-0.011482;
1.288011;0.177834;-0.011443;1.000000;0.177834;-0.011443;1.000000;1.000000;0.000000;-0.177834;-0.011443;
1.289032;0.178853;-0.011405;1.000000;0.178853;-0.011405;1.000000;1.000000;0.000000;-0.178853;-0.011405;
1.290052;0.179872;-0.011366;1.000000;0.179872;-0.011366;1.000000;1.000000;0.000000;-0.179872;-0.011366;
1.291072;0.180891;-0.011328;1.000000;0.180891;-0.011328;1.000000;1.000000;0.000000;-0.180891;-0.011328;
1.292092;0.181910;-0.011290;1.000000;0.181910;-0.011290;1.000000;1.000000;0.000000;-0.181910;-0.011290;
1.293112;0.182930;-0.011252;1.000000;0.182930;-0.011252;1.000000;1.000000;0.000000;-0.182930;-0.011252;
1.294132;0.183949;-0.011214;1.000000;0.183949;-0.011214;1.000000;1.000000;0.000000;-0.183949;-0.011214;
1.295153;0.184968;-0.011176;1.000000;0.184968;-0.011176;1.000000;1.000000;0.000000;-0.184968;-0.011176;
1.296173;0.185987;-0.011138;1.000000;0.185987;-0.011138;1.000000;1.000000;0.000000;-0.185987;-0.011138;
1.297193;0.187006;-0.011100;1.000000;0.187006;-0.011100;1.000000;1.000000;0.000000;-0.187006;-0.011100;
1.298213;0.188025;-0.011063;1.000000;0.188025;-0.011063;1.000000;1.000000;0.000000;-0.188025;-0.011063;
1.299233;0.189044;-0.011025;1.000000;0.189044;-0.011025;1.000000;1.000000;0.000000;-0.189044;-0.011025;
1.300253;0.190064;-0.010988;1.000000;0.190064;-0.010988;1.000000;1.000000;0.000000;-0.190064;-0.010988;
1.301274;0.191083;-0.010951;1.000000;0.191083;-0.010951;1.000000;1.000000;0.000000;-0.191083;-0.010951;
1.302294;0.192102;-0.010914;1.000000;0.192102;-0.010914;1.000000;1.000000;0.000000;-0.192102;-0.010914;
1.303314;0.193121;-0.010877;1.000000;0.193121;-0.010877;1.000000;1.000000;0.000000;-0.193121;-0.010877;
1.304334;0.194140;-0.010840;1.000000;0.194140;-0.010840;1.000000;1.000000;0.000000;-0.194140;-0.010840;
1.305354;0.195159;-0.010803;1.000000;0.195159;-0.010803;1.000000;1.000000;0.000000;-0.195159;-0.010803;
1.306374;0.196178;-0.010767;1.000000;0.196178;-0.010767;1.000000;1.000000;0.000000;-0.196178;-0.010767;
1.307395;0.197198;-0.010730;1.000000;0.197198;-0.010730;1.000000;1.000000;0.000000;-0.197198;-0.010730;
1.308415;0.198217;-0.010694;1.000000;0.198217;-0.010694;1.000000;1.000000;0.000000;-0.198217;-0.010694;
1.309435;0.199236;-0.010657;1.000000;0.199236;-0.010657;1.000000;1.000000;0.000000;-0.199236;-0.010657;
1.310455;0.200255;-0.010621;1.000000;0.200255;-0.010621;1.000000;1.000000;0.000000;-0.200255;-0.010621;
1.311475;0.201274;-0.010585;1.000000;0.201274;-0.010585;1.000000;1.000000;0.000000;-0.201274;-0.010585;
1.312495;0.202293;-0.010549;1.000000;0.202293;-0.010549;1.000000;1.000000;0.000000;-0.202293;-0.010549;
1.313516;0.203313;-0.010513;1.000000;0.203313;-0.010513;1.000000;1.000000;0.000000;-0.203313;-0.010513;
1.314536;0.204332;-0.010477;1.000000;0.204332;-0.010477;1.000000;1.000000;0.000000;-0.204332;-0.010477;
1.315556;0.205351;-0.010442;1.000000;0.205351;-0.010442;1.000000;1.000000;0.000000;-0.205351;-0.010442;
1.316576;0.206370;-0.010406;1.000000;0.206370;-0.010406;1.000000;1.000000;0.000000;-0.206370;-0.010406;
1.317596;0.207389;-0.010371;1.000000;0.207389;-0.010371;1.000000;1.000000;0.000000;-0.207389;-0.010371;
1.318617;0.208408;-0.010335;1.000000;0.208408;-0.010335;1.000000;1.000000;0.000000;-0.208408;-0.010335;
1.319637;0.209427;-0.010300;1.000000;0.209427;-0.010300;1.000000;1.000000;0.000000;-0.209427;-0.010300;
1.320657;0.210447;-0.010265;1.000000;0.210447;-0.010265;1.000000;1.000000;0.000000;-0.210447;-0.010265;
1.321677;0.211466;-0.010230;1.000000;0.211466;-0.010230;1.000000;1.000000;0.000000;-0.211466;-0.010230;
1.322697;0.212485;-0.010195;1.000000;0.212485;-0.010195;1.000000;1.000000;0.000000;-0.212485;-0.010195;
1.323717;0.213504;-0.010160;1.000000;0.213504;-0.010160;1.000000;1.000000;0.000000;-0.213504;-0.010160;
1.324738;0.214523;-0.010125;1.000000;0.214523;-0.010125;1.000000;1.000000;0.000000;-0.214523;-0.010125;
1.325758;0.215542;-0.010091;1.000000;0.215542;-0.010091;1.000000;1.000000;0.000000;-0.215542;-0.010091;
1.326778;0.216562;-0.010056;1.000000;0.216562;-0.010056;1.000000;1.000000;0.000000;-0.216562;-0.010056;
1.327798;0.217581;-0.010022;1.000000;0.217581;-0.010022;1.000000;1.000000;0.000000;-0.217581;-0.010022;
1.328818;0.218600;-0.009987;1.000000;0.218600;-0.009987;1.000000;1.000000;0.000000;-0.218600;-0.009987;
1.329838;0.219619;-0.009953;1.000000;0.219619;-0.009953;1.000000;1.000000;0.000000;-0.219619;-0.009953;
1.331879;0.221657;-0.009885;1.000000;0.221657;-0.009885;1.000000;1.000000;0.000000;-0.221657;-0.009885;
1.333692;0.223469;-0.009825;1.000000;0.223469;-0.009825;1.000000;1.000000;0.000000;-0.223469;-0.009825;
1.335506;0.225281;-0.009765;1.000000;0.225281;-0.009765;1.000000;1.000000;0.000000;-0.225281;-0.009765;
1.337320;0.227093;-0.009706;1.000000;0.227093;-0.009706;1.000000;1.000000;0.000000;-0.227093;-0.009706;
1.339133;0.228905;-0.009646;1.000000;0.228905;-0.009646;1.000000;1.000000;0.000000;-0.228905;-0.009646;
1.340947;0.230717;-0.009588;1.000000;0.230717;-0.009588;1.000000;1.000000;0.000000;-0.230717;-0.009588;
1.342761;0.232528;-0.009529;1.000000;0.232528;-0.009529;1.000000;1.000000;0.000000;-0.232528;-0.009529;
1.344574;0.234340;-0.009471;1.000000;0.234340;-0.009471;1.000000;1.000000;0.000000;-0.234340;-0.009471;
1.346388;0.236152;-0.009413;1.000000;0.236152;-0.009413;1.000000;1.000000;0.000000;-0.236152;-0.009413;
1.348202;0.237964;-0.009355;1.000000;0.237964;-0.009355;1.000000;1.000000;0.000000;-0.237964;-0.009355;
1.350015;0.239776;-0.009298;1.000000;0.239776;-0.009298;1.000000;1.000000;0.000000;-0.239776;-0.009298;
1.351829;0.241588;-0.009241;1.000000;0.241588;-0.009241;1.000000;1.000000;0.000000;-0.241588;-0.009241;
1.353643;0.243399;-0.009184;1.000000;0.243399;-0.009184;1.000000;1.000000;0.000000;-0.243399;-0.009184;
1.355456;0.245211;-0.009128;1.000000;0.245211;-0.009128;1.000000;1.000000;0.000000;-0.245211;-0.009128;
1.357270;0.247023;-0.009072;1.000000;0.247023;-0.009072;1.000000;1.000000;0.000000;-0.247023;-0.009072;
1.359084;0.248835;-0.009016;1.000000;0.248835;-0.009016;1.000000;1.000000;0.000000;-0.248835;-0.009016;
1.360897;0.250647;-0.008960;1.000000;0.250647;-0.008960;1.000000;1.000000;0.000000;-0.250647;-0.008960;
1.362711;0.252459;-0.008905;1.000000;0.252459;-0.008905;1.000000;1.000000;0.000000;-0.252459;-0.008905;
1.364525;0.254271;-0.008850;1.000000;0.254271;-0.008850;1.000000;1.000000;0.000000;-0.254271;-0.008850;
1.366338;0.256082;-0.008795;1.000000;0.256082;-0.008795;1.000000;1.000000;0.000000;-0.256082;-0.008795;
1.368152;0.257894;-0.008741;1.000000;0.257894;-0.008741;1.000000;1.000000;0.000000;-0.257894;-0.008741;
1.369966;0.259706;-0.008687;1.000000;0.259706;-0.008687;1.000000;1.000000;0.000000;-0.259706;-0.008687;
1.371779;0.261518;-0.008633;1.000000;0.261518;-0.008633;1.000000;1.000000;0.000000;-0.261518;-0.008633;
1.373593;0.263330;-0.008580;1.000000;0.263330;-0.008580;1.000000;1.000000;0.000000;-0.263330;-0.008580;
1.375407;0.265142;-0.008527;1.000000;0.265142;-0.008527;1.000000;1.000000;0.000000;-0.265142;-0.008527;
1.377220;0.266953;-0.008474;1.000000;0.266953;-0.008474;1.000000;1.000000;0.000000;-0.266953;-0.008474;
1.379034;0.268765;-0.008421;1.000000;0.268765;-0.008421;1.000000;1.000000;0.000000;-0.268765;-0.008421;
1.380848;0.270577;-0.008369;1.000000;0.270577;-0.008369;1.000000;1.000000;0.000000;-0.270577;-0.008369;
1.382661;0.272389;-0.008317;1.000000;0.272389;-0.008317;1.000000;1.000000;0.000000;-0.272389;-0.008317;
1.384475;0.274201;-0.008265;1.000000;0.274201;-0.008265;1.000000;1.000000;0.000000;-0.274201;-0.008265;
1.386289;0.276013;-0.008213;1.000000;0.276013;-0.008213;1.000000;1.000000;0.000000;-0.276013;-0.008213;
1.388102;0.277825;-0.008162;1.000000;0.277825;-0.008162;1.000000;1.000000;0.000000;-0.277825;-0.008162;
1.389916;0.279636;-0.008111;1.000000;0.279636;-0.008111;1.000000;1.000000;0.000000;-0.279636;-0.008111;
1.391730;0.281448;-0.008060;1.000000;0.281448;-0.008060;1.000000;1.000000;0.000000;-0.281448;-0.008060;
1.393543;0.283260;-0.008010;1.000000;0.283260;-0.008010;1.000000;1.000000;0.000000;-0.283260;-0.008010;
1.395357;0.285072;-0.007960;1.000000;0.285072;-0.007960;1.000000;1.000000;0.000000;-0.285072;-0.007960;
1.397170;0.286884;-0.007910;1.000000;0.286884;-0.007910;1.000000;1.000000;0.000000;-0.286884;-0.007910;
1.398984;0.288696;-0.007860;1.000000;0.288696;-0.007860;1.000000;1.000000;0.000000;-0.288696;-0.007860;
1.400798;0.290508;-0.007811;1.000000;0.290508;-0.007811;1.000000;1.000000;0.000000;-0.290508;-0.007811;
1.402611;0.292319;-0.007762;1.000000;0.292319;-0.007762;1.000000;1.000000;0.000000;-0.292319;-0.007762;
1.404425;0.294131;-0.007713;1.000000;0.294131;-0.007713;1.000000;1.000000;0.000000;-0.294131;-0.007713;
1.406239;0.295943;-0.007665;1.000000;0.295943;-0.007665;1.000000;1.000000;0.000000;-0.295943;-0.007665;
1.408052;0.297755;-0.007616;1.000000;0.297755;-0.007616;1.000000;1.000000;0.000000;-0.297755;-0.007616;
1.409866;0.299567;-0.007568;1.000000;0.299567;-0.007568;1.000000;1.000000;0.000000;-0.299567;-0.007568;
1.411680;0.301379;-0.007520;1.000000;0.301379;-0.007520;1.000000;1.000000;0.000000;-0.301379;-0.007520;
1.413493;0.303190;-0.007473;1.000000;0.303190;-0.007473;1.000000;1.000000;0.000000;-0.303190;-0.007473;
1.415307;0.305002;-0.007426;1.000000;0.305002;-0.007426;1.000000;1.000000;0.000000;-0.305002;-0.007426;
1.415761;0.305455;-0.007414;1.000000;0.305455;-0.007414;1.000000;1.000000;0.000000;-0.305455;-0.007414;
1.416008;0.305703;-0.007407;1.000000;0.305703;-0.007407;1.000000;1.000000;0.000000;-0.305703;-0.007407;
1.416256;0.305950;-0.007401;1.000000;0.305950;-0.007401;1.000000;1.000000;0.000000;-0.305950;-0.007401;
1.416504;0.306198;-0.007395;1.000000;0.306198;-0.007395;1.000000;1.000000;0.000000;-0.306198;-0.007395;
1.416752;0.306445;-0.007388;1.000000;0.306445;-0.007388;1.000000;1.000000;0.000000;-0.306445;-0.007388;
1.416999;0.306693;-0.007382;1.000000;0.306693;-0.007382;1.000000;1.000000;0.000000;-0.306693;-0.007382;
1.417247;0.306940;-0.007375;1.000000;0.306940;-0.007375;1.000000;1.000000;0.000000;-0.306940;-0.007375;
1.417495;0.307188;-0.007369;1.000000;0.307188;-0.007369;1.000000;1.000000;0.000000;-0.307188;-0.007369;
1.417743;0.307435;-0.007362;1.000000;0.307435;-0.007362;1.000000;1.000000;0.000000;-0.307435;-0.007362;
1.417990;0.307683;-0.007356;1.000000;0.307683;-0.007356;1.000000;1.000000;0.000000;-0.307683;-0.007356;
1.418238;0.307930;-0.007350;1.000000;0.307930;-0.007350;1.000000;1.000000;0.000000;-0.307930;-0.007350;
1.418486;0.308178;-0.007343;1.000000;0.308178;-0.007343;1.000000;1.000000;0.000000;-0.308178;-0.007343;
1.418734;0.308425;-0.007337;1.000000;0.308425;-0.007337;1.000000;1.000000;0.000000;-0.308425;-0.007337;
1.418981;0.308673;-0.007330;1.000000;0.308673;-0.007330;1.000000;1.000000;0.000000;-0.308673;-0.007330;
1.419229;0.308920;-0.007324;1.000000;0.308920;-0.007324;1.000000;1.000000;0.000000;-0.308920;-0.007324;
1.419477;0.309168;-0.007318;1.000000;0.309168;-0.007318;1.000000;1.000000;0.000000;-0.309168;-0.007318;
1.419725;0.309415;-0.007311;1.000000;0.309415;-0.007311;1.000000;1.000000;0.000000;-0.309415;-0.007311;
1.419972;0.309663;-0.007305;1.000000;0.309663;-0.007305;1.000000;1.000000;0.000000;-0.309663;-0.007305;
1.420220;0.309910;-0.007299;1.000000;0.309910;-0.007299;1.000000;1.000000;0.000000;-0.309910;-0.007299;
1.420468;0.310158;-0.007292;1.000000;0.310158;-0.007292;1.000000;1.000000;0.000000;-0.310158;-0.007292;
1.420716;0.310405;-0.007286;1.000000;0.310405;-0.007286;1.000000;1.000000;0.000000;-0.310405;-0.007286;
1.420963;0.310653;-0.007280;1.000000;0.310653;-0.007280;1.000000;1.000000;0.000000;-0.310653;-0.007280;
1.421211;0.310900;-0.007273;1.000000;0.310900;-0.007273;1.000000;1.000000;0.000000;-0.310900;-0.007273;
1.421459;0.311148;-0.007267;1.000000;0.311148;-0.007267;1.000000;1.000000;0.000000;-0.311148;-0.007267;
1.421707;0.311395;-0.007261;1.000000;0.311395;-0.007261;1.000000;1.000000;0.000000;-0.311395;-0.007261;
1.421954;0.311643;-0.007254;1.000000;0.311643;-0.007254;1.000000;1.000000;0.000000;-0.311643;-0.007254;
1.422202;0.311890;-0.007248;1.000000;0.311890;-0.007248;1.000000;1.000000;0.000000;-0.311890;-0.007248;
1.422450;0.312138;-0.007242;1.000000;0.312138;-0.007242;1.000000;1.000000;0.000000;-0.312138;-0.007242;
1.422698;0.312385;-0.007235;1.000000;0.312385;-0.007235;1.000000;1.000000;0.000000;-0.312385;-0.007235;
1.422945;0.312633;-0.007229;1.000000;0.312633;-0.007229;1.000000;1.000000;0.000000;-0.312633;-0.007229;
1.423193;0.312880;-0.007223;1.000000;0.312880;-0.007223;1.000000;1.000000;0.000000;-0.312880;-0.007223;
1.423332;0.313020;-0.007219;1.000000;0.313020;-0.007219;1.000000;1.000000;0.000000;-0.313020;-0.007219;
1.423337;0.313025;-0.007219;1.000000;0.313025;-0.007219;1.000000;1.000000;0.000000;-0.313025;-0.007219;
1.423347;0.313035;-0.007219;1.000000;0.313035;-0.007219;1.000000;1.000000;0.000000;-0.313035;-0.007219;
1.423367;0.313054;-0.007218;1.000000;0.313054;-0.007218;1.000000;1.000000;0.000000;-0.313054;-0.007218;
1.423407;0.313094;-0.007217;1.000000;0.313094;-0.007217;1.000000;1.000000;0.000000;-0.313094;-0.007217;
1.423487;0.313174;-0.007215;1.000000;0.313174;-0.007215;1.000000;1.000000;0.000000;-0.313174;-0.007215;
1.423567;0.313254;-0.007213;1.000000;0.313254;-0.007213;1.000000;1.000000;0.000000;-0.313254;-0.007213;
1.423727;0.313414;-0.007209;1.000000;0.313414;-0.007209;1.000000;1.000000;0.000000;-0.313414;-0.007209;
1.423886;0.313573;-0.007205;1.000000;0.313573;-0.007205;1.000000;1.000000;0.000000;-0.313573;-0.007205;
1.424206;0.313892;-0.007197;1.000000;0.313892;-0.007197;1.000000;1.000000;0.000000;-0.313892;-0.007197;
1.424525;0.314211;-0.007189;1.000000;0.314211;-0.007189;1.000000;1.000000;0.000000;-0.314211;-0.007189;
1.424845;0.314531;-0.007181;1.000000;0.314531;-0.007181;1.000000;1.000000;0.000000;-0.314531;-0.007181;
1.425164;0.314850;-0.007173;1.000000;0.314850;-0.007173;1.000000;1.000000;0.000000;-0.314850;-0.007173;
1.425484;0.315169;-0.007164;1.000000;0.315169;-0.007164;1.000000;1.000000;0.000000;-0.315169;-0.007164;
1.425803;0.315488;-0.007156;1.000000;0.315488;-0.007156;1.000000;1.000000;0.000000;-0.315488;-0.007156;
1.426123;0.315807;-0.007148;1.000000;0.315807;-0.007148;1.000000;1.000000;0.000000;-0.315807;-0.007148;
1.426411;0.316095;-0.007141;1.000000;0.316095;-0.007141;1.000000;1.000000;0.000000;-0.316095;-0.007141;
1.426698;0.316382;-0.007134;1.000000;0.316382;-0.007134;1.000000;1.000000;0.000000;-0.316382;-0.007134;
1.426986;0.316669;-0.007127;1.000000;0.316669;-0.007127;1.000000;1.000000;0.000000;-0.316669;-0.007127;
1.427273;0.316956;-0.007119;1.000000;0.316956;-0.007119;1.000000;1.000000;0.000000;-0.316956;-0.007119;
1.427561;0.317244;-0.007112;1.000000;0.317244;-0.007112;1.000000;1.000000;0.000000;-0.317244;-0.007112;
1.427848;0.317531;-0.007105;1.000000;0.317531;-0.007105;1.000000;1.000000;0.000000;-0.317531;-0.007105;
1.428136;0.317818;-0.007098;1.000000;0.317818;-0.007098;1.000000;1.000000;0.000000;-0.317818;-0.007098;
1.428423;0.318105;-0.007091;1.000000;0.318105;-0.007091;1.000000;1.000000;0.000000;-0.318105;-0.007091;
1.428711;0.318393;-0.007083;1.000000;0.318393;-0.007083;1.000000;1.000000;0.000000;-0.318393;-0.007083;
1.428998;0.318680;-0.007076;1.000000;0.318680;-0.007076;1.000000;1.000000;0.000000;-0.318680;-0.007076;
1.429238;0.318919;-0.007070;1.000000;0.318919;-0.007070;1.000000;1.000000;0.000000;-0.318919;-0.007070;
1.429244;0.318926;-0.007070;1.000000;0.318926;-0.007070;1.000000;1.000000;0.000000;-0.318926;-0.007070;
1.429257;0.318939;-0.007070;1.000000;0.318939;-0.007070;1.000000;1.000000;0.000000;-0.318939;-0.007070;
1.429283;0.318964;-0.007069;1.000000;0.318964;-0.007069;1.000000;1.000000;0.000000;-0.318964;-0.007069;
1.429335;0.319016;-0.007068;1.000000;0.319016;-0.007068;1.000000;1.000000;0.000000;-0.319016;-0.007068;
1.429438;0.319119;-0.007065;1.000000;0.319119;-0.007065;1.000000;1.000000;0.000000;-0.319119;-0.007065;
1.429645;0.319326;-0.007060;1.000000;0.319326;-0.007060;1.000000;1.000000;0.000000;-0.319326;-0.007060;
1.429852;0.319532;-0.007055;1.000000;0.319532;-0.007055;1.000000;1.000000;0.000000;-0.319532;-0.007055;
1.430059;0.319739;-0.007050;1.000000;0.319739;-0.007050;1.000000;1.000000;0.000000;-0.319739;-0.007050;
1.430265;0.319946;-0.007044;1.000000;0.319946;-0.007044;1.000000;1.000000;0.000000;-0.319946;-0.007044;
1.430472;0.320152;-0.007039;1.000000;0.320152;-0.007039;1.000000;1.000000;0.000000;-0.320152;-0.007039;
1.430679;0.320359;-0.007034;1.000000;0.320359;-0.007034;1.000000;1.000000;0.000000;-0.320359;-0.007034;
1.430886;0.320565;-0.007029;1.000000;0.320565;-0.007029;1.000000;1.000000;0.000000;-0.320565;-0.007029;
1.431092;0.320772;-0.007024;1.000000;0.320772;-0.007024;1.000000;1.000000;0.000000;-0.320772;-0.007024;
1.431299;0.320978;-0.007019;1.000000;0.320978;-0.007019;1.000000;1.000000;0.000000;-0.320978;-0.007019;
1.431506;0.321185;-0.007014;1.000000;0.321185;-0.007014;1.000000;1.000000;0.000000;-0.321185;-0.007014;
1.431657;0.321336;-0.007010;1.000000;0.321336;-0.007010;1.000000;1.000000;0.000000;-0.321336;-0.007010;
1.431664;0.321343;-0.007010;1.000000;0.321343;-0.007010;1.000000;1.000000;0.000000;-0.321343;-0.007010;
1.431679;0.321358;-0.007009;1.000000;0.321358;-0.007009;1.000000;1.000000;0.000000;-0.321358;-0.007009;
1.431709;0.321387;-0.007009;1.000000;0.321387;-0.007009;1.000000;1.000000;0.000000;-0.321387;-0.007009;
1.431768;0.321446;-0.007007;1.000000;0.321446;-0.007007;1.000000;1.000000;0.000000;-0.321446;-0.007007;
1.431886;0.321564;-0.007004;1.000000;0.321564;-0.007004;1.000000;1.000000;0.000000;-0.321564;-0.007004;
1.432122;0.321800;-0.006998;1.000000;0.321800;-0.006998;1.000000;1.000000;0.000000;-0.321800;-0.006998;
1.432358;0.322036;-0.006993;1.000000;0.322036;-0.006993;1.000000;1.000000;0.000000;-0.322036;-0.006993;
1.432594;0.322272;-0.006987;1.000000;0.322272;-0.006987;1.000000;1.000000;0.000000;-0.322272;-0.006987;
1.432830;0.322508;-0.006981;1.000000;0.322508;-0.006981;1.000000;1.000000;0.000000;-0.322508;-0.006981;
1.433066;0.322744;-0.006975;1.000000;0.322744;-0.006975;1.000000;1.000000;0.000000;-0.322744;-0.006975;
1.433302;0.322980;-0.006969;1.000000;0.322980;-0.006969;1.000000;1.000000;0.000000;-0.322980;-0.006969;
1.433775;0.323451;-0.006958;1.000000;0.323451;-0.006958;1.000000;1.000000;0.000000;-0.323451;-0.006958;
1.434200;0.323876;-0.006947;1.000000;0.323876;-0.006947;1.000000;1.000000;0.000000;-0.323876;-0.006947;
1.434625;0.324301;-0.006937;1.000000;0.324301;-0.006937;1.000000;1.000000;0.000000;-0.324301;-0.006937;
1.435050;0.324725;-0.006926;1.000000;0.324725;-0.006926;1.000000;1.000000;0.000000;-0.324725;-0.006926;
1.435475;0.325150;-0.006916;1.000000;0.325150;-0.006916;1.000000;1.000000;0.000000;-0.325150;-0.006916;
1.435900;0.325574;-0.006905;1.000000;0.325574;-0.006905;1.000000;1.000000;0.000000;-0.325574;-0.006905;
1.436325;0.325999;-0.006895;1.000000;0.325999;-0.006895;1.000000;1.000000;0.000000;-0.325999;-0.006895;
1.436750;0.326424;-0.006884;1.000000;0.326424;-0.006884;1.000000;1.000000;0.000000;-0.326424;-0.006884;
1.437175;0.326848;-0.006874;1.000000;0.326848;-0.006874;1.000000;1.000000;0.000000;-0.326848;-0.006874;
1.437600;0.327273;-0.006864;1.000000;0.327273;-0.006864;1.000000;1.000000;0.000000;-0.327273;-0.006864;
1.438025;0.327697;-0.006853;1.000000;0.327697;-0.006853;1.000000;1.000000;0.000000;-0.327697;-0.006853;
1.438450;0.328122;-0.006843;1.000000;0.328122;-0.006843;1.000000;1.000000;0.000000;-0.328122;-0.006843;
1.438875;0.328546;-0.006833;1.000000;0.328546;-0.006833;1.000000;1.000000;0.000000;-0.328546;-0.006833;
1.439725;0.329396;-0.006812;1.000000;0.329396;-0.006812;1.000000;1.000000;0.000000;-0.329396;-0.006812;
1.440490;0.330160;-0.006794;1.000000;0.330160;-0.006794;1.000000;1.000000;0.000000;-0.330160;-0.006794;
1.441255;0.330924;-0.006775;1.000000;0.330924;-0.006775;1.000000;1.000000;0.000000;-0.330924;-0.006775;
1.442020;0.331688;-0.006757;1.000000;0.331688;-0.006757;1.000000;1.000000;0.000000;-0.331688;-0.006757;
1.442785;0.332453;-0.006738;1.000000;0.332453;-0.006738;1.000000;1.000000;0.000000;-0.332453;-0.006738;
1.443550;0.333217;-0.006720;1.000000;0.333217;-0.006720;1.000000;1.000000;0.000000;-0.333217;-0.006720;
1.444315;0.333981;-0.006702;1.000000;0.333981;-0.006702;1.000000;1.000000;0.000000;-0.333981;-0.006702;
1.445080;0.334745;-0.006684;1.000000;0.334745;-0.006684;1.000000;1.000000;0.000000;-0.334745;-0.006684;
1.445845;0.335510;-0.006665;1.000000;0.335510;-0.006665;1.000000;1.000000;0.000000;-0.335510;-0.006665;
1.446610;0.336274;-0.006647;1.000000;0.336274;-0.006647;1.000000;1.000000;0.000000;-0.336274;-0.006647;
1.447375;0.337038;-0.006629;1.000000;0.337038;-0.006629;1.000000;1.000000;0.000000;-0.337038;-0.006629;
1.448140;0.337802;-0.006611;1.000000;0.337802;-0.006611;1.000000;1.000000;0.000000;-0.337802;-0.006611;
1.448905;0.338567;-0.006593;1.000000;0.338567;-0.006593;1.000000;1.000000;0.000000;-0.338567;-0.006593;
1.449670;0.339331;-0.006575;1.000000;0.339331;-0.006575;1.000000;1.000000;0.000000;-0.339331;-0.006575;
1.451200;0.340860;-0.006539;1.000000;0.340860;-0.006539;1.000000;1.000000;0.000000;-0.340860;-0.006539;
1.452577;0.342235;-0.006507;1.000000;0.342235;-0.006507;1.000000;1.000000;0.000000;-0.342235;-0.006507;
1.453954;0.343611;-0.006475;1.000000;0.343611;-0.006475;1.000000;1.000000;0.000000;-0.343611;-0.006475;
1.455331;0.344987;-0.006443;1.000000;0.344987;-0.006443;1.000000;1.000000;0.000000;-0.344987;-0.006443;
1.456708;0.346362;-0.006412;1.000000;0.346362;-0.006412;1.000000;1.000000;0.000000;-0.346362;-0.006412;
1.458085;0.347738;-0.006380;1.000000;0.347738;-0.006380;1.000000;1.000000;0.000000;-0.347738;-0.006380;
1.459462;0.349114;-0.006349;1.000000;0.349114;-0.006349;1.000000;1.000000;0.000000;-0.349114;-0.006349;
1.460839;0.350489;-0.006317;1.000000;0.350489;-0.006317;1.000000;1.000000;0.000000;-0.350489;-0.006317;
1.462217;0.351865;-0.006286;1.000000;0.351865;-0.006286;1.000000;1.000000;0.000000;-0.351865;-0.006286;
1.463594;0.353241;-0.006255;1.000000;0.353241;-0.006255;1.000000;1.000000;0.000000;-0.353241;-0.006255;
1.464947;0.354593;-0.006225;1.000000;0.354593;-0.006225;1.000000;1.000000;0.000000;-0.354593;-0.006225;
1.464957;0.354602;-0.006224;1.000000;0.354602;-0.006224;1.000000;1.000000;0.000000;-0.354602;-0.006224;
1.464976;0.354621;-0.006224;1.000000;0.354621;-0.006224;1.000000;1.000000;0.000000;-0.354621;-0.006224;
1.465014;0.354659;-0.006223;1.000000;0.354659;-0.006223;1.000000;1.000000;0.000000;-0.354659;-0.006223;
1.465052;0.354698;-0.006222;1.000000;0.354698;-0.006222;1.000000;1.000000;0.000000;-0.354698;-0.006222;
1.465128;0.354774;-0.006221;1.000000;0.354774;-0.006221;1.000000;1.000000;0.000000;-0.354774;-0.006221;
1.465146;0.354791;-0.006220;1.000000;0.354791;-0.006220;1.000000;1.000000;0.000000;-0.354791;-0.006220;
1.465155;0.354801;-0.006220;1.000000;0.354801;-0.006220;1.000000;1.000000;0.000000;-0.354801;-0.006220;
1.465175;0.354820;-0.006219;1.000000;0.354820;-0.006219;1.000000;1.000000;0.000000;-0.354820;-0.006219;
1.465213;0.354859;-0.006219;1.000000;0.354859;-0.006219;1.000000;1.000000;0.000000;-0.354859;-0.006219;
1.465290;0.354936;-0.006217;1.000000;0.354936;-0.006217;1.000000;1.000000;0.000000;-0.354936;-0.006217;
1.465444;0.355090;-0.006213;1.000000;0.355090;-0.006213;1.000000;1.000000;0.000000;-0.355090;-0.006213;
1.465753;0.355398;-0.006207;1.000000;0.355398;-0.006207;1.000000;1.000000;0.000000;-0.355398;-0.006207;
1.466369;0.356014;-0.006193;1.000000;0.356014;-0.006193;1.000000;1.000000;0.000000;-0.356014;-0.006193;
1.467603;0.357246;-0.006165;1.000000;0.357246;-0.006165;1.000000;1.000000;0.000000;-0.357246;-0.006165;
1.468836;0.358478;-0.006138;1.000000;0.358478;-0.006138;1.000000;1.000000;0.000000;-0.358478;-0.006138;
1.470069;0.359710;-0.006111;1.000000;0.359710;-0.006111;1.000000;1.000000;0.000000;-0.359710;-0.006111;
1.471303;0.360942;-0.006083;1.000000;0.360942;-0.006083;1.000000;1.000000;0.000000;-0.360942;-0.006083;
1.472536;0.362174;-0.006056;1.000000;0.362174;-0.006056;1.000000;1.000000;0.000000;-0.362174;-0.006056;
1.473769;0.363406;-0.006029;1.000000;0.363406;-0.006029;1.000000;1.000000;0.000000;-0.363406;-0.006029;
1.475003;0.364638;-0.006003;1.000000;0.364638;-0.006003;1.000000;1.000000;0.000000;-0.364638;-0.006003;
1.476236;0.365870;-0.005976;1.000000;0.365870;-0.005976;1.000000;1.000000;0.000000;-0.365870;-0.005976;
1.477469;0.367102;-0.005949;1.000000;0.367102;-0.005949;1.000000;1.000000;0.000000;-0.367102;-0.005949;
1.478703;0.368334;-0.005922;1.000000;0.368334;-0.005922;1.000000;1.000000;0.000000;-0.368334;-0.005922;
1.479936;0.369567;-0.005896;1.000000;0.369567;-0.005896;1.000000;1.000000;0.000000;-0.369567;-0.005896;
1.481169;0.370799;-0.005870;1.000000;0.370799;-0.005870;1.000000;1.000000;0.000000;-0.370799;-0.005870;
1.482403;0.372031;-0.005843;1.000000;0.372031;-0.005843;1.000000;1.000000;0.000000;-0.372031;-0.005843;
1.483636;0.373263;-0.005817;1.000000;0.373263;-0.005817;1.000000;1.000000;0.000000;-0.373263;-0.005817;
1.484869;0.374495;-0.005791;1.000000;0.374495;-0.005791;1.000000;1.000000;0.000000;-0.374495;-0.005791;
1.486102;0.375727;-0.005765;1.000000;0.375727;-0.005765;1.000000;1.000000;0.000000;-0.375727;-0.005765;
1.487336;0.376959;-0.005739;1.000000;0.376959;-0.005739;1.000000;1.000000;0.000000;-0.376959;-0.005739;
1.488569;0.378191;-0.005713;1.000000;0.378191;-0.005713;1.000000;1.000000;0.000000;-0.378191;-0.005713;
1.489802;0.379423;-0.005688;1.000000;0.379423;-0.005688;1.000000;1.000000;0.000000;-0.379423;-0.005688;
1.491036;0.380655;-0.005662;1.000000;0.380655;-0.005662;1.000000;1.000000;0.000000;-0.380655;-0.005662;
1.492269;0.381887;-0.005637;1.000000;0.381887;-0.005637;1.000000;1.000000;0.000000;-0.381887;-0.005637;
1.493502;0.383119;-0.005611;1.000000;0.383119;-0.005611;1.000000;1.000000;0.000000;-0.383119;-0.005611;
1.494736;0.384352;-0.005586;1.000000;0.384352;-0.005586;1.000000;1.000000;0.000000;-0.384352;-0.005586;
1.495969;0.385584;-0.005561;1.000000;0.385584;-0.005561;1.000000;1.000000;0.000000;-0.385584;-0.005561;
1.497202;0.386816;-0.005536;1.000000;0.386816;-0.005536;1.000000;1.000000;0.000000;-0.386816;-0.005536;
1.498436;0.388048;-0.005511;1.000000;0.388048;-0.005511;1.000000;1.000000;0.000000;-0.388048;-0.005511;
1.499669;0.389280;-0.005486;1.000000;0.389280;-0.005486;1.000000;1.000000;0.000000;-0.389280;-0.005486;
1.500902;0.390512;-0.005461;1.000000;0.390512;-0.005461;1.000000;1.000000;0.000000;-0.390512;-0.005461;
1.502136;0.391744;-0.005436;1.000000;0.391744;-0.005436;1.000000;1.000000;0.000000;-0.391744;-0.005436;
1.503369;0.392976;-0.005411;1.000000;0.392976;-0.005411;1.000000;1.000000;0.000000;-0.392976;-0.005411;
1.504602;0.394208;-0.005387;1.000000;0.394208;-0.005387;1.000000;1.000000;0.000000;-0.394208;-0.005387;
1.505835;0.395440;-0.005362;1.000000;0.395440;-0.005362;1.000000;1.000000;0.000000;-0.395440;-0.005362;
1.506766;0.396370;-0.005344;1.000000;0.396370;-0.005344;1.000000;1.000000;0.000000;-0.396370;-0.005344;
1.506778;0.396382;-0.005344;1.000000;0.396382;-0.005344;1.000000;1.000000;0.000000;-0.396382;-0.005344;
1.506802;0.396406;-0.005343;1.000000;0.396406;-0.005343;1.000000;1.000000;0.000000;-0.396406;-0.005343;
1.506850;0.396453;-0.005342;1.000000;0.396453;-0.005342;1.000000;1.000000;0.000000;-0.396453;-0.005342;
1.506945;0.396548;-0.005340;1.000000;0.396548;-0.005340;1.000000;1.000000;0.000000;-0.396548;-0.005340;
1.507135;0.396738;-0.005337;1.000000;0.396738;-0.005337;1.000000;1.000000;0.000000;-0.396738;-0.005337;
1.507516;0.397119;-0.005329;1.000000;0.397119;-0.005329;1.000000;1.000000;0.000000;-0.397119;-0.005329;
1.508277;0.397879;-0.005314;1.000000;0.397879;-0.005314;1.000000;1.000000;0.000000;-0.397879;-0.005314;
1.509799;0.399400;-0.005284;1.000000;0.399400;-0.005284;1.000000;1.000000;0.000000;-0.399400;-0.005284;
1.511321;0.400920;-0.005255;1.000000;0.400920;-0.005255;1.000000;1.000000;0.000000;-0.400920;-0.005255;
1.512843;0.402441;-0.005225;1.000000;0.402441;-0.005225;1.000000;1.000000;0.000000;-0.402441;-0.005225;
1.514365;0.403962;-0.005196;1.000000;0.403962;-0.005196;1.000000;1.000000;0.000000;-0.403962;-0.005196;
1.515888;0.405482;-0.005166;1.000000;0.405482;-0.005166;1.000000;1.000000;0.000000;-0.405482;-0.005166;
1.517410;0.407003;-0.005137;1.000000;0.407003;-0.005137;1.000000;1.000000;0.000000;-0.407003;-0.005137;
1.518932;0.408524;-0.005108;1.000000;0.408524;-0.005108;1.000000;1.000000;0.000000;-0.408524;-0.005108;
1.520454;0.410044;-0.005079;1.000000;0.410044;-0.005079;1.000000;1.000000;0.000000;-0.410044;-0.005079;
1.521976;0.411565;-0.005050;1.000000;0.411565;-0.005050;1.000000;1.000000;0.000000;-0.411565;-0.005050;
1.523499;0.413086;-0.005022;1.000000;0.413086;-0.005022;1.000000;1.000000;0.000000;-0.413086;-0.005022;
1.525021;0.414606;-0.004993;1.000000;0.414606;-0.004993;1.000000;1.000000;0.000000;-0.414606;-0.004993;
1.526543;0.416127;-0.004965;1.000000;0.416127;-0.004965;1.000000;1.000000;0.000000;-0.416127;-0.004965;
1.528065;0.417648;-0.004937;1.000000;0.417648;-0.004937;1.000000;1.000000;0.000000;-0.417648;-0.004937;
1.529587;0.419168;-0.004909;1.000000;0.419168;-0.004909;1.000000;1.000000;0.000000;-0.419168;-0.004909;
1.531109;0.420689;-0.004881;1.000000;0.420689;-0.004881;1.000000;1.000000;0.000000;-0.420689;-0.004881;
1.532632;0.422210;-0.004853;1.000000;0.422210;-0.004853;1.000000;1.000000;0.000000;-0.422210;-0.004853;
1.534154;0.423730;-0.004825;1.000000;0.423730;-0.004825;1.000000;1.000000;0.000000;-0.423730;-0.004825;
1.535676;0.425251;-0.004798;1.000000;0.425251;-0.004798;1.000000;1.000000;0.000000;-0.425251;-0.004798;
1.537198;0.426772;-0.004770;1.000000;0.426772;-0.004770;1.000000;1.000000;0.000000;-0.426772;-0.004770;
1.538720;0.428292;-0.004743;1.000000;0.428292;-0.004743;1.000000;1.000000;0.000000;-0.428292;-0.004743;
1.540243;0.429813;-0.004716;1.000000;0.429813;-0.004716;1.000000;1.000000;0.000000;-0.429813;-0.004716;
1.541765;0.431334;-0.004689;1.000000;0.431334;-0.004689;1.000000;1.000000;0.000000;-0.431334;-0.004689;
1.543287;0.432854;-0.004662;1.000000;0.432854;-0.004662;1.000000;1.000000;0.000000;-0.432854;-0.004662;
1.544809;0.434375;-0.004635;1.000000;0.434375;-0.004635;1.000000;1.000000;0.000000;-0.434375;-0.004635;
1.546331;0.435896;-0.004608;1.000000;0.435896;-0.004608;1.000000;1.000000;0.000000;-0.435896;-0.004608;
1.547853;0.437416;-0.004582;1.000000;0.437416;-0.004582;1.000000;1.000000;0.000000;-0.437416;-0.004582;
1.549376;0.438937;-0.004555;1.000000;0.438937;-0.004555;1.000000;1.000000;0.000000;-0.438937;-0.004555;
1.550898;0.440458;-0.004529;1.000000;0.440458;-0.004529;1.000000;1.000000;0.000000;-0.440458;-0.004529;
1.552420;0.441978;-0.004503;1.000000;0.441978;-0.004503;1.000000;1.000000;0.000000;-0.441978;-0.004503;
1.553942;0.443499;-0.004477;1.000000;0.443499;-0.004477;1.000000;1.000000;0.000000;-0.443499;-0.004477;
1.555464;0.445020;-0.004451;1.000000;0.445020;-0.004451;1.000000;1.000000;0.000000;-0.445020;-0.004451;
1.556987;0.446540;-0.004425;1.000000;0.446540;-0.004425;1.000000;1.000000;0.000000;-0.446540;-0.004425;
1.558509;0.448061;-0.004399;1.000000;0.448061;-0.004399;1.000000;1.000000;0.000000;-0.448061;-0.004399;
1.560031;0.449582;-0.004373;1.000000;0.449582;-0.004373;1.000000;1.000000;0.000000;-0.449582;-0.004373;
1.561553;0.451102;-0.004348;1.000000;0.451102;-0.004348;1.000000;1.000000;0.000000;-0.451102;-0.004348;
1.563075;0.452623;-0.004323;1.000000;0.452623;-0.004323;1.000000;1.000000;0.000000;-0.452623;-0.004323;
1.564598;0.454144;-0.004297;1.000000;0.454144;-0.004297;1.000000;1.000000;0.000000;-0.454144;-0.004297;
1.566120;0.455664;-0.004272;1.000000;0.455664;-0.004272;1.000000;1.000000;0.000000;-0.455664;-0.004272;
1.567642;0.457185;-0.004247;1.000000;0.457185;-0.004247;1.000000;1.000000;0.000000;-0.457185;-0.004247;
1.569164;0.458706;-0.004222;1.000000;0.458706;-0.004222;1.000000;1.000000;0.000000;-0.458706;-0.004222;
1.570686;0.460226;-0.004198;1.000000;0.460226;-0.004198;1.000000;1.000000;0.000000;-0.460226;-0.004198;
1.572208;0.461747;-0.004173;1.000000;0.461747;-0.004173;1.000000;1.000000;0.000000;-0.461747;-0.004173;
1.573731;0.463268;-0.004149;1.000000;0.463268;-0.004149;1.000000;1.000000;0.000000;-0.463268;-0.004149;
1.575253;0.464788;-0.004124;1.000000;0.464788;-0.004124;1.000000;1.000000;0.000000;-0.464788;-0.004124;
1.576775;0.466309;-0.004100;1.000000;0.466309;-0.004100;1.000000;1.000000;0.000000;-0.466309;-0.004100;
1.578297;0.467830;-0.004076;1.000000;0.467830;-0.004076;1.000000;1.000000;0.000000;-0.467830;-0.004076;
1.579819;0.469350;-0.004052;1.000000;0.469350;-0.004052;1.000000;1.000000;0.000000;-0.469350;-0.004052;
1.581342;0.470871;-0.004028;1.000000;0.470871;-0.004028;1.000000;1.000000;0.000000;-0.470871;-0.004028;
1.582864;0.472392;-0.004004;1.000000;0.472392;-0.004004;1.000000;1.000000;0.000000;-0.472392;-0.004004;
1.584386;0.473912;-0.003980;1.000000;0.473912;-0.003980;1.000000;1.000000;0.000000;-0.473912;-0.003980;
1.585908;0.475433;-0.003956;1.000000;0.475433;-0.003956;1.000000;1.000000;0.000000;-0.475433;-0.003956;
1.587430;0.476954;-0.003933;1.000000;0.476954;-0.003933;1.000000;1.000000;0.000000;-0.476954;-0.003933;
1.588952;0.478474;-0.003910;1.000000;0.478474;-0.003910;1.000000;1.000000;0.000000;-0.478474;-0.003910;
1.590475;0.479995;-0.003886;1.000000;0.479995;-0.003886;1.000000;1.000000;0.000000;-0.479995;-0.003886;
1.591997;0.481516;-0.003863;1.000000;0.481516;-0.003863;1.000000;1.000000;0.000000;-0.481516;-0.003863;
1.593519;0.483036;-0.003840;1.000000;0.483036;-0.003840;1.000000;1.000000;0.000000;-0.483036;-0.003840;
1.595041;0.484557;-0.003817;1.000000;0.484557;-0.003817;1.000000;1.000000;0.000000;-0.484557;-0.003817;
1.595914;0.485428;-0.003804;1.000000;0.485428;-0.003804;1.000000;1.000000;0.000000;-0.485428;-0.003804;
1.595928;0.485443;-0.003804;1.000000;0.485443;-0.003804;1.000000;1.000000;0.000000;-0.485443;-0.003804;
1.595958;0.485472;-0.003803;1.000000;0.485472;-0.003803;1.000000;1.000000;0.000000;-0.485472;-0.003803;
1.596017;0.485531;-0.003802;1.000000;0.485531;-0.003802;1.000000;1.000000;0.000000;-0.485531;-0.003802;
1.596135;0.485649;-0.003801;1.000000;0.485649;-0.003801;1.000000;1.000000;0.000000;-0.485649;-0.003801;
1.596370;0.485885;-0.003797;1.000000;0.485885;-0.003797;1.000000;1.000000;0.000000;-0.485885;-0.003797;
1.596842;0.486356;-0.003790;1.000000;0.486356;-0.003790;1.000000;1.000000;0.000000;-0.486356;-0.003790;
1.597785;0.487298;-0.003776;1.000000;0.487298;-0.003776;1.000000;1.000000;0.000000;-0.487298;-0.003776;
1.599671;0.489182;-0.003748;1.000000;0.489182;-0.003748;1.000000;1.000000;0.000000;-0.489182;-0.003748;
1.601557;0.491066;-0.003720;1.000000;0.491066;-0.003720;1.000000;1.000000;0.000000;-0.491066;-0.003720;
1.603443;0.492950;-0.003692;1.000000;0.492950;-0.003692;1.000000;1.000000;0.000000;-0.492950;-0.003692;
1.605329;0.494834;-0.003665;1.000000;0.494834;-0.003665;1.000000;1.000000;0.000000;-0.494834;-0.003665;
1.607215;0.496718;-0.003637;1.000000;0.496718;-0.003637;1.000000;1.000000;0.000000;-0.496718;-0.003637;
1.609101;0.498603;-0.003610;1.000000;0.498603;-0.003610;1.000000;1.000000;0.000000;-0.498603;-0.003610;
1.610987;0.500487;-0.003583;1.000000;0.500487;-0.003583;1.000000;1.000000;0.000000;-0.500487;-0.003583;
1.612873;0.502371;-0.003556;1.000000;0.502371;-0.003556;1.000000;1.000000;0.000000;-0.502371;-0.003556;
1.614759;0.504255;-0.003529;1.000000;0.504255;-0.003529;1.000000;1.000000;0.000000;-0.504255;-0.003529;
1.616645;0.506139;-0.003503;1.000000;0.506139;-0.003503;1.000000;1.000000;0.000000;-0.506139;-0.003503;
1.618232;0.507724;-0.003481;1.000000;0.507724;-0.003481;1.000000;1.000000;0.000000;-0.507724;-0.003481;
1.619525;0.509017;-0.003463;1.000000;0.509017;-0.003463;1.000000;1.000000;0.000000;-0.509017;-0.003463;
1.620819;0.510309;-0.003445;1.000000;0.510309;-0.003445;1.000000;1.000000;0.000000;-0.510309;-0.003445;
1.621984;0.511473;-0.003428;1.000000;0.511473;-0.003428;1.000000;1.000000;0.000000;-0.511473;-0.003428;
1.623148;0.512636;-0.003412;1.000000;0.512636;-0.003412;1.000000;1.000000;0.000000;-0.512636;-0.003412;
1.624313;0.513799;-0.003396;1.000000;0.513799;-0.003396;1.000000;1.000000;0.000000;-0.513799;-0.003396;
1.625477;0.514962;-0.003380;1.000000;0.514962;-0.003380;1.000000;1.000000;0.000000;-0.514962;-0.003380;
1.626642;0.516126;-0.003364;1.000000;0.516126;-0.003364;1.000000;1.000000;0.000000;-0.516126;-0.003364;
1.627806;0.517289;-0.003349;1.000000;0.517289;-0.003349;1.000000;1.000000;0.000000;-0.517289;-0.003349;
1.628971;0.518452;-0.003333;1.000000;0.518452;-0.003333;1.000000;1.000000;0.000000;-0.518452;-0.003333;
1.630135;0.519616;-0.003317;1.000000;0.519616;-0.003317;1.000000;1.000000;0.000000;-0.519616;-0.003317;
1.631300;0.520779;-0.003301;1.000000;0.520779;-0.003301;1.000000;1.000000;0.000000;-0.520779;-0.003301;
1.632464;0.521942;-0.003286;1.000000;0.521942;-0.003286;1.000000;1.000000;0.000000;-0.521942;-0.003286;
1.633629;0.523106;-0.003270;1.000000;0.523106;-0.003270;1.000000;1.000000;0.000000;-0.523106;-0.003270;
1.634793;0.524269;-0.003255;1.000000;0.524269;-0.003255;1.000000;1.000000;0.000000;-0.524269;-0.003255;
1.635958;0.525432;-0.003239;1.000000;0.525432;-0.003239;1.000000;1.000000;0.000000;-0.525432;-0.003239;
1.637122;0.526596;-0.003224;1.000000;0.526596;-0.003224;1.000000;1.000000;0.000000;-0.526596;-0.003224;
1.638287;0.527759;-0.003209;1.000000;0.527759;-0.003209;1.000000;1.000000;0.000000;-0.527759;-0.003209;
1.639451;0.528922;-0.003193;1.000000;0.528922;-0.003193;1.000000;1.000000;0.000000;-0.528922;-0.003193;
1.640616;0.530086;-0.003178;1.000000;0.530086;-0.003178;1.000000;1.000000;0.000000;-0.530086;-0.003178;
1.641780;0.531249;-0.003163;1.000000;0.531249;-0.003163;1.000000;1.000000;0.000000;-0.531249;-0.003163;
1.644109;0.533576;-0.003133;1.000000;0.533576;-0.003133;1.000000;1.000000;0.000000;-0.533576;-0.003133;
1.646205;0.535670;-0.003106;1.000000;0.535670;-0.003106;1.000000;1.000000;0.000000;-0.535670;-0.003106;
1.648301;0.537764;-0.003079;1.000000;0.537764;-0.003079;1.000000;1.000000;0.000000;-0.537764;-0.003079;
1.650397;0.539858;-0.003053;1.000000;0.539858;-0.003053;1.000000;1.000000;0.000000;-0.539858;-0.003053;
1.652493;0.541951;-0.003026;1.000000;0.541951;-0.003026;1.000000;1.000000;0.000000;-0.541951;-0.003026;
1.654589;0.544045;-0.003000;1.000000;0.544045;-0.003000;1.000000;1.000000;0.000000;-0.544045;-0.003000;
1.656685;0.546139;-0.002974;1.000000;0.546139;-0.002974;1.000000;1.000000;0.000000;-0.546139;-0.002974;
1.658781;0.548233;-0.002948;1.000000;0.548233;-0.002948;1.000000;1.000000;0.000000;-0.548233;-0.002948;
1.660878;0.550327;-0.002922;1.000000;0.550327;-0.002922;1.000000;1.000000;0.000000;-0.550327;-0.002922;
1.662974;0.552421;-0.002897;1.000000;0.552421;-0.002897;1.000000;1.000000;0.000000;-0.552421;-0.002897;
1.665070;0.554515;-0.002871;1.000000;0.554515;-0.002871;1.000000;1.000000;0.000000;-0.554515;-0.002871;
1.665667;0.555112;-0.002864;1.000000;0.555112;-0.002864;1.000000;1.000000;0.000000;-0.555112;-0.002864;
1.665684;0.555129;-0.002864;1.000000;0.555129;-0.002864;1.000000;1.000000;0.000000;-0.555129;-0.002864;
1.665718;0.555163;-0.002864;1.000000;0.555163;-0.002864;1.000000;1.000000;0.000000;-0.555163;-0.002864;
1.665786;0.555231;-0.002863;1.000000;0.555231;-0.002863;1.000000;1.000000;0.000000;-0.555231;-0.002863;
1.665922;0.555367;-0.002861;1.000000;0.555367;-0.002861;1.000000;1.000000;0.000000;-0.555367;-0.002861;
1.666195;0.555640;-0.002858;1.000000;0.555640;-0.002858;1.000000;1.000000;0.000000;-0.555640;-0.002858;
1.666741;0.556185;-0.002851;1.000000;0.556185;-0.002851;1.000000;1.000000;0.000000;-0.556185;-0.002851;
1.667286;0.556730;-0.002845;1.000000;0.556730;-0.002845;1.000000;1.000000;0.000000;-0.556730;-0.002845;
1.667586;0.557029;-0.002841;1.000000;0.557029;-0.002841;1.000000;1.000000;0.000000;-0.557029;-0.002841;
1.667603;0.557046;-0.002841;1.000000;0.557046;-0.002841;1.000000;1.000000;0.000000;-0.557046;-0.002841;
1.667637;0.557080;-0.002841;1.000000;0.557080;-0.002841;1.000000;1.000000;0.000000;-0.557080;-0.002841;
1.667705;0.557148;-0.002840;1.000000;0.557148;-0.002840;1.000000;1.000000;0.000000;-0.557148;-0.002840;
1.667842;0.557285;-0.002838;1.000000;0.557285;-0.002838;1.000000;1.000000;0.000000;-0.557285;-0.002838;
1.668116;0.557559;-0.002835;1.000000;0.557559;-0.002835;1.000000;1.000000;0.000000;-0.557559;-0.002835;
1.668664;0.558106;-0.002828;1.000000;0.558106;-0.002828;1.000000;1.000000;0.000000;-0.558106;-0.002828;
1.669760;0.559201;-0.002815;1.000000;0.559201;-0.002815;1.000000;1.000000;0.000000;-0.559201;-0.002815;
1.670855;0.560295;-0.002802;1.000000;0.560295;-0.002802;1.000000;1.000000;0.000000;-0.560295;-0.002802;
1.673046;0.562484;-0.002776;1.000000;0.562484;-0.002776;1.000000;1.000000;0.000000;-0.562484;-0.002776;
1.675237;0.564673;-0.002751;1.000000;0.564673;-0.002751;1.000000;1.000000;0.000000;-0.564673;-0.002751;
1.677428;0.566862;-0.002725;1.000000;0.566862;-0.002725;1.000000;1.000000;0.000000;-0.566862;-0.002725;
1.679619;0.569050;-0.002700;1.000000;0.569050;-0.002700;1.000000;1.000000;0.000000;-0.569050;-0.002700;
1.681810;0.571239;-0.002675;1.000000;0.571239;-0.002675;1.000000;1.000000;0.000000;-0.571239;-0.002675;
1.684001;0.573428;-0.002650;1.000000;0.573428;-0.002650;1.000000;1.000000;0.000000;-0.573428;-0.002650;
1.686193;0.575617;-0.002625;1.000000;0.575617;-0.002625;1.000000;1.000000;0.000000;-0.575617;-0.002625;
1.688384;0.577806;-0.002601;1.000000;0.577806;-0.002601;1.000000;1.000000;0.000000;-0.577806;-0.002601;
1.690575;0.579995;-0.002576;1.000000;0.579995;-0.002576;1.000000;1.000000;0.000000;-0.579995;-0.002576;
1.692766;0.582184;-0.002552;1.000000;0.582184;-0.002552;1.000000;1.000000;0.000000;-0.582184;-0.002552;
1.694957;0.584373;-0.002528;1.000000;0.584373;-0.002528;1.000000;1.000000;0.000000;-0.584373;-0.002528;
1.697148;0.586561;-0.002504;1.000000;0.586561;-0.002504;1.000000;1.000000;0.000000;-0.586561;-0.002504;
1.699339;0.588750;-0.002480;1.000000;0.588750;-0.002480;1.000000;1.000000;0.000000;-0.588750;-0.002480;
1.701530;0.590939;-0.002456;1.000000;0.590939;-0.002456;1.000000;1.000000;0.000000;-0.590939;-0.002456;
1.703721;0.593128;-0.002433;1.000000;0.593128;-0.002433;1.000000;1.000000;0.000000;-0.593128;-0.002433;
1.705912;0.595317;-0.002410;1.000000;0.595317;-0.002410;1.000000;1.000000;0.000000;-0.595317;-0.002410;
1.708103;0.597506;-0.002387;1.000000;0.597506;-0.002387;1.000000;1.000000;0.000000;-0.597506;-0.002387;
1.710294;0.599695;-0.002364;1.000000;0.599695;-0.002364;1.000000;1.000000;0.000000;-0.599695;-0.002364;
1.712485;0.601884;-0.002341;1.000000;0.601884;-0.002341;1.000000;1.000000;0.000000;-0.601884;-0.002341;
1.714676;0.604072;-0.002318;1.000000;0.604072;-0.002318;1.000000;1.000000;0.000000;-0.604072;-0.002318;
1.716867;0.606261;-0.002296;1.000000;0.606261;-0.002296;1.000000;1.000000;0.000000;-0.606261;-0.002296;
1.719058;0.608450;-0.002274;1.000000;0.608450;-0.002274;1.000000;1.000000;0.000000;-0.608450;-0.002274;
1.721250;0.610639;-0.002252;1.000000;0.610639;-0.002252;1.000000;1.000000;0.000000;-0.610639;-0.002252;
1.723441;0.612828;-0.002230;1.000000;0.612828;-0.002230;1.000000;1.000000;0.000000;-0.612828;-0.002230;
1.725632;0.615017;-0.002208;1.000000;0.615017;-0.002208;1.000000;1.000000;0.000000;-0.615017;-0.002208;
1.727823;0.617206;-0.002186;1.000000;0.617206;-0.002186;1.000000;1.000000;0.000000;-0.617206;-0.002186;
1.730014;0.619395;-0.002165;1.000000;0.619395;-0.002165;1.000000;1.000000;0.000000;-0.619395;-0.002165;
1.732205;0.621583;-0.002143;1.000000;0.621583;-0.002143;1.000000;1.000000;0.000000;-0.621583;-0.002143;
1.734396;0.623772;-0.002122;1.000000;0.623772;-0.002122;1.000000;1.000000;0.000000;-0.623772;-0.002122;
1.736587;0.625961;-0.002101;1.000000;0.625961;-0.002101;1.000000;1.000000;0.000000;-0.625961;-0.002101;
1.738778;0.628150;-0.002080;1.000000;0.628150;-0.002080;1.000000;1.000000;0.000000;-0.628150;-0.002080;
1.740969;0.630339;-0.002059;1.000000;0.630339;-0.002059;1.000000;1.000000;0.000000;-0.630339;-0.002059;
1.743160;0.632528;-0.002039;1.000000;0.632528;-0.002039;1.000000;1.000000;0.000000;-0.632528;-0.002039;
1.745351;0.634717;-0.002018;1.000000;0.634717;-0.002018;1.000000;1.000000;0.000000;-0.634717;-0.002018;
1.747542;0.636906;-0.001998;1.000000;0.636906;-0.001998;1.000000;1.000000;0.000000;-0.636906;-0.001998;
1.749733;0.639095;-0.001978;1.000000;0.639095;-0.001978;1.000000;1.000000;0.000000;-0.639095;-0.001978;
1.751924;0.641283;-0.001958;1.000000;0.641283;-0.001958;1.000000;1.000000;0.000000;-0.641283;-0.001958;
1.754116;0.643472;-0.001938;1.000000;0.643472;-0.001938;1.000000;1.000000;0.000000;-0.643472;-0.001938;
1.756307;0.645661;-0.001918;1.000000;0.645661;-0.001918;1.000000;1.000000;0.000000;-0.645661;-0.001918;
1.758498;0.647850;-0.001898;1.000000;0.647850;-0.001898;1.000000;1.000000;0.000000;-0.647850;-0.001898;
1.760689;0.650039;-0.001879;1.000000;0.650039;-0.001879;1.000000;1.000000;0.000000;-0.650039;-0.001879;
1.762880;0.652228;-0.001860;1.000000;0.652228;-0.001860;1.000000;1.000000;0.000000;-0.652228;-0.001860;
1.765071;0.654417;-0.001841;1.000000;0.654417;-0.001841;1.000000;1.000000;0.000000;-0.654417;-0.001841;
1.767262;0.656606;-0.001822;1.000000;0.656606;-0.001822;1.000000;1.000000;0.000000;-0.656606;-0.001822;
1.769453;0.658794;-0.001803;1.000000;0.658794;-0.001803;1.000000;1.000000;0.000000;-0.658794;-0.001803;
1.771644;0.660983;-0.001784;1.000000;0.660983;-0.001784;1.000000;1.000000;0.000000;-0.660983;-0.001784;
1.773835;0.663172;-0.001765;1.000000;0.663172;-0.001765;1.000000;1.000000;0.000000;-0.663172;-0.001765;
1.776026;0.665361;-0.001747;1.000000;0.665361;-0.001747;1.000000;1.000000;0.000000;-0.665361;-0.001747;
1.778217;0.667550;-0.001728;1.000000;0.667550;-0.001728;1.000000;1.000000;0.000000;-0.667550;-0.001728;
1.782599;0.671928;-0.001692;1.000000;0.671928;-0.001692;1.000000;1.000000;0.000000;-0.671928;-0.001692;
1.786441;0.675765;-0.001661;1.000000;0.675765;-0.001661;1.000000;1.000000;0.000000;-0.675765;-0.001661;
1.790282;0.679603;-0.001630;1.000000;0.679603;-0.001630;1.000000;1.000000;0.000000;-0.679603;-0.001630;
1.794123;0.683440;-0.001599;1.000000;0.683440;-0.001599;1.000000;1.000000;0.000000;-0.683440;-0.001599;
1.797965;0.687278;-0.001569;1.000000;0.687278;-0.001569;1.000000;1.000000;0.000000;-0.687278;-0.001569;
1.801806;0.691115;-0.001539;1.000000;0.691115;-0.001539;1.000000;1.000000;0.000000;-0.691115;-0.001539;
1.805647;0.694953;-0.001510;1.000000;0.694953;-0.001510;1.000000;1.000000;0.000000;-0.694953;-0.001510;
1.809489;0.698790;-0.001481;1.000000;0.698790;-0.001481;1.000000;1.000000;0.000000;-0.698790;-0.001481;
1.813330;0.702628;-0.001452;1.000000;0.702628;-0.001452;1.000000;1.000000;0.000000;-0.702628;-0.001452;
1.817171;0.706465;-0.001424;1.000000;0.706465;-0.001424;1.000000;1.000000;0.000000;-0.706465;-0.001424;
1.821013;0.710302;-0.001396;1.000000;0.710302;-0.001396;1.000000;1.000000;0.000000;-0.710302;-0.001396;
1.824854;0.714140;-0.001369;1.000000;0.714140;-0.001369;1.000000;1.000000;0.000000;-0.714140;-0.001369;
1.828695;0.717977;-0.001342;1.000000;0.717977;-0.001342;1.000000;1.000000;0.000000;-0.717977;-0.001342;
1.832537;0.721815;-0.001315;1.000000;0.721815;-0.001315;1.000000;1.000000;0.000000;-0.721815;-0.001315;
1.836378;0.725652;-0.001288;1.000000;0.725652;-0.001288;1.000000;1.000000;0.000000;-0.725652;-0.001288;
1.840219;0.729490;-0.001262;1.000000;0.729490;-0.001262;1.000000;1.000000;0.000000;-0.729490;-0.001262;
1.844061;0.733327;-0.001236;1.000000;0.733327;-0.001236;1.000000;1.000000;0.000000;-0.733327;-0.001236;
1.847902;0.737165;-0.001211;1.000000;0.737165;-0.001211;1.000000;1.000000;0.000000;-0.737165;-0.001211;
1.851743;0.741002;-0.001186;1.000000;0.741002;-0.001186;1.000000;1.000000;0.000000;-0.741002;-0.001186;
1.855584;0.744840;-0.001161;1.000000;0.744840;-0.001161;1.000000;1.000000;0.000000;-0.744840;-0.001161;
1.859426;0.748677;-0.001136;1.000000;0.748677;-0.001136;1.000000;1.000000;0.000000;-0.748677;-0.001136;
1.863267;0.752515;-0.001112;1.000000;0.752515;-0.001112;1.000000;1.000000;0.000000;-0.752515;-0.001112;
1.867108;0.756352;-0.001088;1.000000;0.756352;-0.001088;1.000000;1.000000;0.000000;-0.756352;-0.001088;
1.870950;0.760190;-0.001065;1.000000;0.760190;-0.001065;1.000000;1.000000;0.000000;-0.760190;-0.001065;
1.874791;0.764027;-0.001042;1.000000;0.764027;-0.001042;1.000000;1.000000;0.000000;-0.764027;-0.001042;
1.878632;0.767865;-0.001019;1.000000;0.767865;-0.001019;1.000000;1.000000;0.000000;-0.767865;-0.001019;
1.882474;0.771702;-0.000996;1.000000;0.771702;-0.000996;1.000000;1.000000;0.000000;-0.771702;-0.000996;
1.886315;0.775540;-0.000974;1.000000;0.775540;-0.000974;1.000000;1.000000;0.000000;-0.775540;-0.000974;
1.890156;0.779377;-0.000952;1.000000;0.779377;-0.000952;1.000000;1.000000;0.000000;-0.779377;-0.000952;
1.893998;0.783215;-0.000930;1.000000;0.783215;-0.000930;1.000000;1.000000;0.000000;-0.783215;-0.000930;
1.897839;0.787052;-0.000909;1.000000;0.787052;-0.000909;1.000000;1.000000;0.000000;-0.787052;-0.000909;
1.901680;0.790890;-0.000887;1.000000;0.790890;-0.000887;1.000000;1.000000;0.000000;-0.790890;-0.000887;
1.905522;0.794727;-0.000867;1.000000;0.794727;-0.000867;1.000000;1.000000;0.000000;-0.794727;-0.000867;
1.909363;0.798565;-0.000846;1.000000;0.798565;-0.000846;1.000000;1.000000;0.000000;-0.798565;-0.000846;
1.913204;0.802402;-0.000826;1.000000;0.802402;-0.000826;1.000000;1.000000;0.000000;-0.802402;-0.000826;
1.917046;0.806240;-0.000806;1.000000;0.806240;-0.000806;1.000000;1.000000;0.000000;-0.806240;-0.000806;
1.920887;0.810077;-0.000786;1.000000;0.810077;-0.000786;1.000000;1.000000;0.000000;-0.810077;-0.000786;
1.924728;0.813915;-0.000766;1.000000;0.813915;-0.000766;1.000000;1.000000;0.000000;-0.813915;-0.000766;
1.928570;0.817752;-0.000747;1.000000;0.817752;-0.000747;1.000000;1.000000;0.000000;-0.817752;-0.000747;
1.932411;0.821590;-0.000728;1.000000;0.821590;-0.000728;1.000000;1.000000;0.000000;-0.821590;-0.000728;
1.936252;0.825427;-0.000709;1.000000;0.825427;-0.000709;1.000000;1.000000;0.000000;-0.825427;-0.000709;
1.940094;0.829264;-0.000691;1.000000;0.829264;-0.000691;1.000000;1.000000;0.000000;-0.829264;-0.000691;
1.943935;0.833102;-0.000673;1.000000;0.833102;-0.000673;1.000000;1.000000;0.000000;-0.833102;-0.000673;
1.947776;0.836939;-0.000655;1.000000;0.836939;-0.000655;1.000000;1.000000;0.000000;-0.836939;-0.000655;
1.948847;0.838010;-0.000650;1.000000;0.838010;-0.000650;1.000000;1.000000;0.000000;-0.838010;-0.000650;
1.948858;0.838021;-0.000650;1.000000;0.838021;-0.000650;1.000000;1.000000;0.000000;-0.838021;-0.000650;
1.948881;0.838043;-0.000650;1.000000;0.838043;-0.000650;1.000000;1.000000;0.000000;-0.838043;-0.000650;
1.948925;0.838087;-0.000649;1.000000;0.838087;-0.000649;1.000000;1.000000;0.000000;-0.838087;-0.000649;
1.949014;0.838175;-0.000649;1.000000;0.838175;-0.000649;1.000000;1.000000;0.000000;-0.838175;-0.000649;
1.949191;0.838351;-0.000648;1.000000;0.838351;-0.000648;1.000000;1.000000;0.000000;-0.838351;-0.000648;
1.949546;0.838698;-0.000646;1.000000;0.838698;-0.000646;1.000000;1.000000;0.000000;-0.838698;-0.000646;
1.949900;0.839037;-0.000645;1.000000;0.839037;-0.000645;1.000000;1.000000;0.000000;-0.839037;-0.000645;
1.950255;0.839368;-0.000643;1.000000;0.839368;-0.000643;1.000000;1.000000;0.000000;-0.839368;-0.000643;
1.950964;0.839994;-0.000640;1.000000;0.839994;-0.000640;1.000000;1.000000;0.000000;-0.839994;-0.000640;
1.951674;0.840582;-0.000637;1.000000;0.840582;-0.000637;1.000000;1.000000;0.000000;-0.840582;-0.000637;
1.952383;0.841134;-0.000633;1.000000;0.841134;-0.000633;1.000000;1.000000;0.000000;-0.841134;-0.000633;
1.953092;0.841651;-0.000630;1.000000;0.841651;-0.000630;1.000000;1.000000;0.000000;-0.841651;-0.000630;
1.953801;0.842134;-0.000627;1.000000;0.842134;-0.000627;1.000000;1.000000;0.000000;-0.842134;-0.000627;
1.954511;0.842584;-0.000624;1.000000;0.842584;-0.000624;1.000000;1.000000;0.000000;-0.842584;-0.000624;
1.955220;0.843005;-0.000620;1.000000;0.843005;-0.000620;1.000000;1.000000;0.000000;-0.843005;-0.000620;
1.955929;0.843397;-0.000617;1.000000;0.843397;-0.000617;1.000000;1.000000;0.000000;-0.843397;-0.000617;
1.956639;0.843763;-0.000614;1.000000;0.843763;-0.000614;1.000000;1.000000;0.000000;-0.843763;-0.000614;
1.957348;0.844104;-0.000611;1.000000;0.844104;-0.000611;1.000000;1.000000;0.000000;-0.844104;-0.000611;
1.958057;0.844422;-0.000608;1.000000;0.844422;-0.000608;1.000000;1.000000;0.000000;-0.844422;-0.000608;
1.958767;0.844718;-0.000604;1.000000;0.844718;-0.000604;1.000000;1.000000;0.000000;-0.844718;-0.000604;
1.959476;0.844994;-0.000601;1.000000;0.844994;-0.000601;1.000000;1.000000;0.000000;-0.844994;-0.000601;
1.960185;0.845251;-0.000598;1.000000;0.845251;-0.000598;1.000000;1.000000;0.000000;-0.845251;-0.000598;
1.960894;0.845490;-0.000595;1.000000;0.845490;-0.000595;1.000000;1.000000;0.000000;-0.845490;-0.000595;
1.961604;0.845712;-0.000592;1.000000;0.845712;-0.000592;1.000000;1.000000;0.000000;-0.845712;-0.000592;
1.962313;0.845919;-0.000588;1.000000;0.845919;-0.000588;1.000000;1.000000;0.000000;-0.845919;-0.000588;
1.963022;0.846112;-0.000585;1.000000;0.846112;-0.000585;1.000000;1.000000;0.000000;-0.846112;-0.000585;
1.963732;0.846291;-0.000582;1.000000;0.846291;-0.000582;1.000000;1.000000;0.000000;-0.846291;-0.000582;
1.964441;0.846457;-0.000579;1.000000;0.846457;-0.000579;1.000000;1.000000;0.000000;-0.846457;-0.000579;
1.965150;0.846611;-0.000576;1.000000;0.846611;-0.000576;1.000000;1.000000;0.000000;-0.846611;-0.000576;
1.966569;0.846878;-0.000570;1.000000;0.846878;-0.000570;1.000000;1.000000;0.000000;-0.846878;-0.000570;
1.967846;0.847088;-0.000564;1.000000;0.847088;-0.000564;1.000000;1.000000;0.000000;-0.847088;-0.000564;
1.969122;0.847272;-0.000559;1.000000;0.847272;-0.000559;1.000000;1.000000;0.000000;-0.847272;-0.000559;
1.970399;0.847431;-0.000553;1.000000;0.847431;-0.000553;1.000000;1.000000;0.000000;-0.847431;-0.000553;
1.971676;0.847569;-0.000548;1.000000;0.847569;-0.000548;1.000000;1.000000;0.000000;-0.847569;-0.000548;
1.972953;0.847689;-0.000542;1.000000;0.847689;-0.000542;1.000000;1.000000;0.000000;-0.847689;-0.000542;
1.974229;0.847792;-0.000537;1.000000;0.847792;-0.000537;1.000000;1.000000;0.000000;-0.847792;-0.000537;
1.975506;0.847879;-0.000531;1.000000;0.847879;-0.000531;1.000000;1.000000;0.000000;-0.847879;-0.000531;
1.976783;0.847953;-0.000526;1.000000;0.847953;-0.000526;1.000000;1.000000;0.000000;-0.847953;-0.000526;
1.978060;0.848016;-0.000521;1.000000;0.848016;-0.000521;1.000000;1.000000;0.000000;-0.848016;-0.000521;
1.979336;0.848068;-0.000515;1.000000;0.848068;-0.000515;1.000000;1.000000;0.000000;-0.848068;-0.000515;
1.980613;0.848110;-0.000510;1.000000;0.848110;-0.000510;1.000000;1.000000;0.000000;-0.848110;-0.000510;
1.983167;0.848163;-0.000499;1.000000;0.848163;-0.000499;1.000000;1.000000;0.000000;-0.848163;-0.000499;
1.985465;0.848191;-0.000490;1.000000;0.848191;-0.000490;1.000000;1.000000;0.000000;-0.848191;-0.000490;
1.987763;0.848202;-0.000481;1.000000;0.848202;-0.000481;1.000000;1.000000;0.000000;-0.848202;-0.000481;
1.990061;0.848199;-0.000471;1.000000;0.848199;-0.000471;1.000000;1.000000;0.000000;-0.848199;-0.000471;
1.992359;0.848184;-0.000462;1.000000;0.848184;-0.000462;1.000000;1.000000;0.000000;-0.848184;-0.000462;
1.994657;0.848160;-0.000453;1.000000;0.848160;-0.000453;1.000000;1.000000;0.000000;-0.848160;-0.000453;
1.996956;0.848127;-0.000444;1.000000;0.848127;-0.000444;1.000000;1.000000;0.000000;-0.848127;-0.000444;
1.999254;0.848088;-0.000435;1.000000;0.848088;-0.000435;1.000000;1.000000;0.000000;-0.848088;-0.000435;
2.003850;0.847990;-0.000418;1.000000;0.847990;-0.000418;1.000000;1.000000;0.000000;-0.847990;-0.000418;
2.007987;0.847888;-0.000402;1.000000;0.847888;-0.000402;1.000000;1.000000;0.000000;-0.847888;-0.000402;
2.012123;0.847778;-0.000387;1.000000;0.847778;-0.000387;1.000000;1.000000;0.000000;-0.847778;-0.000387;
2.016260;0.847659;-0.000372;1.000000;0.847659;-0.000372;1.000000;1.000000;0.000000;-0.847659;-0.000372;
2.020397;0.847534;-0.000357;1.000000;0.847534;-0.000357;1.000000;1.000000;0.000000;-0.847534;-0.000357;
2.024533;0.847404;-0.000342;1.000000;0.847404;-0.000342;1.000000;1.000000;0.000000;-0.847404;-0.000342;
2.028670;0.847269;-0.000328;1.000000;0.847269;-0.000328;1.000000;1.000000;0.000000;-0.847269;-0.000328;
2.032807;0.847130;-0.000314;1.000000;0.847130;-0.000314;1.000000;1.000000;0.000000;-0.847130;-0.000314;
2.036943;0.846988;-0.000300;1.000000;0.846988;-0.000300;1.000000;1.000000;0.000000;-0.846988;-0.000300;
2.041080;0.846842;-0.000286;1.000000;0.846842;-0.000286;1.000000;1.000000;0.000000;-0.846842;-0.000286;
2.045217;0.846693;-0.000272;1.000000;0.846693;-0.000272;1.000000;1.000000;0.000000;-0.846693;-0.000272;
2.049353;0.846541;-0.000259;1.000000;0.846541;-0.000259;1.000000;1.000000;0.000000;-0.846541;-0.000259;
2.053490;0.846386;-0.000246;1.000000;0.846386;-0.000246;1.000000;1.000000;0.000000;-0.846386;-0.000246;
2.057627;0.846228;-0.000233;1.000000;0.846228;-0.000233;1.000000;1.000000;0.000000;-0.846228;-0.000233;
2.061763;0.846068;-0.000220;1.000000;0.846068;-0.000220;1.000000;1.000000;0.000000;-0.846068;-0.000220;
2.065900;0.845905;-0.000208;1.000000;0.845905;-0.000208;1.000000;1.000000;0.000000;-0.845905;-0.000208;
2.070037;0.845739;-0.000196;1.000000;0.845739;-0.000196;1.000000;1.000000;0.000000;-0.845739;-0.000196;
2.070590;0.845717;-0.000194;1.000000;0.845717;-0.000194;1.000000;1.000000;0.000000;-0.845717;-0.000194;
2.070591;0.845717;-0.000194;1.000000;0.845717;-0.000194;1.000000;1.000000;0.000000;-0.845717;-0.000194;
2.070593;0.845717;-0.000194;1.000000;0.845717;-0.000194;1.000000;1.000000;0.000000;-0.845717;-0.000194;
2.070597;0.845716;-0.000194;1.000000;0.845716;-0.000194;1.000000;1.000000;0.000000;-0.845716;-0.000194;
2.070603;0.845716;-0.000194;1.000000;0.845716;-0.000194;1.000000;1.000000;0.000000;-0.845716;-0.000194;
2.070617;0.845716;-0.000194;1.000000;0.845716;-0.000194;1.000000;1.000000;0.000000;-0.845716;-0.000194;
2.070631;0.845715;-0.000194;1.000000;0.845715;-0.000194;1.000000;1.000000;0.000000;-0.845715;-0.000194;
2.070658;0.845714;-0.000194;1.000000;0.845714;-0.000194;1.000000;1.000000;0.000000;-0.845714;-0.000194;
2.070683;0.845713;-0.000194;1.000000;0.845713;-0.000194;1.000000;1.000000;0.000000;-0.845713;-0.000194;
2.070707;0.845712;-0.000194;1.000000;0.845712;-0.000194;1.000000;1.000000;0.000000;-0.845712;-0.000194;
2.070732;0.845711;-0.000194;1.000000;0.845711;-0.000194;1.000000;1.000000;0.000000;-0.845711;-0.000194;
2.070757;0.845710;-0.000194;1.000000;0.845710;-0.000194;1.000000;1.000000;0.000000;-0.845710;-0.000194;
2.070781;0.845709;-0.000193;1.000000;0.845709;-0.000193;1.000000;1.000000;0.000000;-0.845709;-0.000193;
2.070806;0.845708;-0.000193;1.000000;0.845708;-0.000193;1.000000;1.000000;0.000000;-0.845708;-0.000193;
2.070831;0.845707;-0.000193;1.000000;0.845707;-0.000193;1.000000;1.000000;0.000000;-0.845707;-0.000193;
2.070855;0.845706;-0.000193;1.000000;0.845706;-0.000193;1.000000;1.000000;0.000000;-0.845706;-0.000193;
2.070880;0.845705;-0.000193;1.000000;0.845705;-0.000193;1.000000;1.000000;0.000000;-0.845705;-0.000193;
2.070905;0.845704;-0.000193;1.000000;0.845704;-0.000193;1.000000;1.000000;0.000000;-0.845704;-0.000193;
2.070929;0.845703;-0.000193;1.000000;0.845703;-0.000193;1.000000;1.000000;0.000000;-0.845703;-0.000193;
2.070954;0.845702;-0.000193;1.000000;0.845702;-0.000193;1.000000;1.000000;0.000000;-0.845702;-0.000193;
2.070978;0.845701;-0.000193;1.000000;0.845701;-0.000193;1.000000;1.000000;0.000000;-0.845701;-0.000193;
2.071003;0.845700;-0.000193;1.000000;0.845700;-0.000193;1.000000;1.000000;0.000000;-0.845700;-0.000193;
2.071028;0.845699;-0.000193;1.000000;0.845699;-0.000193;1.000000;1.000000;0.000000;-0.845699;-0.000193;
2.071052;0.845698;-0.000193;1.000000;0.845698;-0.000193;1.000000;1.000000;0.000000;-0.845698;-0.000193;
2.071077;0.845697;-0.000193;1.000000;0.845697;-0.000193;1.000000;1.000000;0.000000;-0.845697;-0.000193;
2.071102;0.845696;-0.000192;1.000000;0.845696;-0.000192;1.000000;1.000000;0.000000;-0.845696;-0.000192;
2.071126;0.845695;-0.000192;1.000000;0.845695;-0.000192;1.000000;1.000000;0.000000;-0.845695;-0.000192;
2.071151;0.845694;-0.000192;1.000000;0.845694;-0.000192;1.000000;1.000000;0.000000;-0.845694;-0.000192;
2.071176;0.845693;-0.000192;1.000000;0.845693;-0.000192;1.000000;1.000000;0.000000;-0.845693;-0.000192;
2.071200;0.845692;-0.000192;1.000000;0.845692;-0.000192;1.000000;1.000000;0.000000;-0.845692;-0.000192;
2.071225;0.845691;-0.000192;1.000000;0.845691;-0.000192;1.000000;1.000000;0.000000;-0.845691;-0.000192;
2.071250;0.845690;-0.000192;1.000000;0.845690;-0.000192;1.000000;1.000000;0.000000;-0.845690;-0.000192;
2.071274;0.845689;-0.000192;1.000000;0.845689;-0.000192;1.000000;1.000000;0.000000;-0.845689;-0.000192;
2.071299;0.845688;-0.000192;1.000000;0.845688;-0.000192;1.000000;1.000000;0.000000;-0.845688;-0.000192;
2.071323;0.845687;-0.000192;1.000000;0.845687;-0.000192;1.000000;1.000000;0.000000;-0.845687;-0.000192;
2.071348;0.845686;-0.000192;1.000000;0.845686;-0.000192;1.000000;1.000000;0.000000;-0.845686;-0.000192;
2.071373;0.845685;-0.000192;1.000000;0.845685;-0.000192;1.000000;1.000000;0.000000;-0.845685;-0.000192;
2.071397;0.845684;-0.000192;1.000000;0.845684;-0.000192;1.000000;1.000000;0.000000;-0.845684;-0.000192;
2.071422;0.845683;-0.000192;1.000000;0.845683;-0.000192;1.000000;1.000000;0.000000;-0.845683;-0.000192;
2.071447;0.845682;-0.000191;1.000000;0.845682;-0.000191;1.000000;1.000000;0.000000;-0.845682;-0.000191;
2.071471;0.845681;-0.000191;1.000000;0.845681;-0.000191;1.000000;1.000000;0.000000;-0.845681;-0.000191;
2.071496;0.845680;-0.000191;1.000000;0.845680;-0.000191;1.000000;1.000000;0.000000;-0.845680;-0.000191;
2.071521;0.845679;-0.000191;1.000000;0.845679;-0.000191;1.000000;1.000000;0.000000;-0.845679;-0.000191;
2.071545;0.845678;-0.000191;1.000000;0.845678;-0.000191;1.000000;1.000000;0.000000;-0.845678;-0.000191;
2.071570;0.845677;-0.000191;1.000000;0.845677;-0.000191;1.000000;1.000000;0.000000;-0.845677;-0.000191;
2.071595;0.845676;-0.000191;1.000000;0.845676;-0.000191;1.000000;1.000000;0.000000;-0.845676;-0.000191;
2.071619;0.845675;-0.000191;1.000000;0.845675;-0.000191;1.000000;1.000000;0.000000;-0.845675;-0.000191;
2.071644;0.845674;-0.000191;1.000000;0.845674;-0.000191;1.000000;1.000000;0.000000;-0.845674;-0.000191;
2.071668;0.845673;-0.000191;1.000000;0.845673;-0.000191;1.000000;1.000000;0.000000;-0.845673;-0.000191;
2.071693;0.845672;-0.000191;1.000000;0.845672;-0.000191;1.000000;1.000000;0.000000;-0.845672;-0.000191;
2.071718;0.845671;-0.000191;1.000000;0.845671;-0.000191;1.000000;1.000000;0.000000;-0.845671;-0.000191;
2.071742;0.845670;-0.000191;1.000000;0.845670;-0.000191;1.000000;1.000000;0.000000;-0.845670;-0.000191;
2.071767;0.845669;-0.000191;1.000000;0.845669;-0.000191;1.000000;1.000000;0.000000;-0.845669;-0.000191;
2.071792;0.845668;-0.000190;1.000000;0.845668;-0.000190;1.000000;1.000000;0.000000;-0.845668;-0.000190;
2.071816;0.845667;-0.000190;1.000000;0.845667;-0.000190;1.000000;1.000000;0.000000;-0.845667;-0.000190;
2.071841;0.845666;-0.000190;1.000000;0.845666;-0.000190;1.000000;1.000000;0.000000;-0.845666;-0.000190;
2.071890;0.845664;-0.000190;1.000000;0.845664;-0.000190;1.000000;1.000000;0.000000;-0.845664;-0.000190;
2.071935;0.845663;-0.000190;1.000000;0.845663;-0.000190;1.000000;1.000000;0.000000;-0.845663;-0.000190;
2.071979;0.845661;-0.000190;1.000000;0.845661;-0.000190;1.000000;1.000000;0.000000;-0.845661;-0.000190;
2.072023;0.845659;-0.000190;1.000000;0.845659;-0.000190;1.000000;1.000000;0.000000;-0.845659;-0.000190;
2.072068;0.845657;-0.000190;1.000000;0.845657;-0.000190;1.000000;1.000000;0.000000;-0.845657;-0.000190;
2.072112;0.845655;-0.000190;1.000000;0.845655;-0.000190;1.000000;1.000000;0.000000;-0.845655;-0.000190;
2.072156;0.845654;-0.000189;1.000000;0.845654;-0.000189;1.000000;1.000000;0.000000;-0.845654;-0.000189;
2.072201;0.845652;-0.000189;1.000000;0.845652;-0.000189;1.000000;1.000000;0.000000;-0.845652;-0.000189;
2.072245;0.845650;-0.000189;1.000000;0.845650;-0.000189;1.000000;1.000000;0.000000;-0.845650;-0.000189;
2.072289;0.845648;-0.000189;1.000000;0.845648;-0.000189;1.000000;1.000000;0.000000;-0.845648;-0.000189;
2.072334;0.845647;-0.000189;1.000000;0.845647;-0.000189;1.000000;1.000000;0.000000;-0.845647;-0.000189;
2.072378;0.845645;-0.000189;1.000000;0.845645;-0.000189;1.000000;1.000000;0.000000;-0.845645;-0.000189;
2.072422;0.845643;-0.000189;1.000000;0.845643;-0.000189;1.000000;1.000000;0.000000;-0.845643;-0.000189;
2.072467;0.845641;-0.000188;1.000000;0.845641;-0.000188;1.000000;1.000000;0.000000;-0.845641;-0.000188;
2.072511;0.845639;-0.000188;1.000000;0.845639;-0.000188;1.000000;1.000000;0.000000;-0.845639;-0.000188;
2.072556;0.845638;-0.000188;1.000000;0.845638;-0.000188;1.000000;1.000000;0.000000;-0.845638;-0.000188;
2.072600;0.845636;-0.000188;1.000000;0.845636;-0.000188;1.000000;1.000000;0.000000;-0.845636;-0.000188;
2.072644;0.845634;-0.000188;1.000000;0.845634;-0.000188;1.000000;1.000000;0.000000;-0.845634;-0.000188;
2.072689;0.845632;-0.000188;1.000000;0.845632;-0.000188;1.000000;1.000000;0.000000;-0.845632;-0.000188;
2.072733;0.845630;-0.000188;1.000000;0.845630;-0.000188;1.000000;1.000000;0.000000;-0.845630;-0.000188;
2.072777;0.845629;-0.000188;1.000000;0.845629;-0.000188;1.000000;1.000000;0.000000;-0.845629;-0.000188;
2.072822;0.845627;-0.000187;1.000000;0.845627;-0.000187;1.000000;1.000000;0.000000;-0.845627;-0.000187;
2.072866;0.845625;-0.000187;1.000000;0.845625;-0.000187;1.000000;1.000000;0.000000;-0.845625;-0.000187;
2.072910;0.845623;-0.000187;1.000000;0.845623;-0.000187;1.000000;1.000000;0.000000;-0.845623;-0.000187;
2.072955;0.845621;-0.000187;1.000000;0.845621;-0.000187;1.000000;1.000000;0.000000;-0.845621;-0.000187;
2.072999;0.845620;-0.000187;1.000000;0.845620;-0.000187;1.000000;1.000000;0.000000;-0.845620;-0.000187;
2.073043;0.845618;-0.000187;1.000000;0.845618;-0.000187;1.000000;1.000000;0.000000;-0.845618;-0.000187;
2.073088;0.845616;-0.000187;1.000000;0.845616;-0.000187;1.000000;1.000000;0.000000;-0.845616;-0.000187;
2.073132;0.845614;-0.000187;1.000000;0.845614;-0.000187;1.000000;1.000000;0.000000;-0.845614;-0.000187;
2.073221;0.845611;-0.000186;1.000000;0.845611;-0.000186;1.000000;1.000000;0.000000;-0.845611;-0.000186;
2.073301;0.845607;-0.000186;1.000000;0.845607;-0.000186;1.000000;1.000000;0.000000;-0.845607;-0.000186;
2.073381;0.845604;-0.000186;1.000000;0.845604;-0.000186;1.000000;1.000000;0.000000;-0.845604;-0.000186;
2.073460;0.845601;-0.000186;1.000000;0.845601;-0.000186;1.000000;1.000000;0.000000;-0.845601;-0.000186;
2.073540;0.845598;-0.000185;1.000000;0.845598;-0.000185;1.000000;1.000000;0.000000;-0.845598;-0.000185;
2.073620;0.845594;-0.000185;1.000000;0.845594;-0.000185;1.000000;1.000000;0.000000;-0.845594;-0.000185;
2.073700;0.845591;-0.000185;1.000000;0.845591;-0.000185;1.000000;1.000000;0.000000;-0.845591;-0.000185;
2.073780;0.845588;-0.000185;1.000000;0.845588;-0.000185;1.000000;1.000000;0.000000;-0.845588;-0.000185;
2.073860;0.845585;-0.000184;1.000000;0.845585;-0.000184;1.000000;1.000000;0.000000;-0.845585;-0.000184;
2.073939;0.845582;-0.000184;1.000000;0.845582;-0.000184;1.000000;1.000000;0.000000;-0.845582;-0.000184;
2.074019;0.845578;-0.000184;1.000000;0.845578;-0.000184;1.000000;1.000000;0.000000;-0.845578;-0.000184;
2.074099;0.845575;-0.000184;1.000000;0.845575;-0.000184;1.000000;1.000000;0.000000;-0.845575;-0.000184;
2.074179;0.845572;-0.000183;1.000000;0.845572;-0.000183;1.000000;1.000000;0.000000;-0.845572;-0.000183;
2.074259;0.845569;-0.000183;1.000000;0.845569;-0.000183;1.000000;1.000000;0.000000;-0.845569;-0.000183;
2.074339;0.845565;-0.000183;1.000000;0.845565;-0.000183;1.000000;1.000000;0.000000;-0.845565;-0.000183;
2.074498;0.845559;-0.000183;1.000000;0.845559;-0.000183;1.000000;1.000000;0.000000;-0.845559;-0.000183;
2.074642;0.845553;-0.000182;1.000000;0.845553;-0.000182;1.000000;1.000000;0.000000;-0.845553;-0.000182;
2.074786;0.845547;-0.000182;1.000000;0.845547;-0.000182;1.000000;1.000000;0.000000;-0.845547;-0.000182;
2.074929;0.845541;-0.000181;1.000000;0.845541;-0.000181;1.000000;1.000000;0.000000;-0.845541;-0.000181;
2.075073;0.845535;-0.000181;1.000000;0.845535;-0.000181;1.000000;1.000000;0.000000;-0.845535;-0.000181;
2.075217;0.845529;-0.000180;1.000000;0.845529;-0.000180;1.000000;1.000000;0.000000;-0.845529;-0.000180;
2.075361;0.845524;-0.000180;1.000000;0.845524;-0.000180;1.000000;1.000000;0.000000;-0.845524;-0.000180;
2.075504;0.845518;-0.000180;1.000000;0.845518;-0.000180;1.000000;1.000000;0.000000;-0.845518;-0.000180;
2.075648;0.845512;-0.000179;1.000000;0.845512;-0.000179;1.000000;1.000000;0.000000;-0.845512;-0.000179;
2.075935;0.845500;-0.000178;1.000000;0.845500;-0.000178;1.000000;1.000000;0.000000;-0.845500;-0.000178;
2.076223;0.845488;-0.000177;1.000000;0.845488;-0.000177;1.000000;1.000000;0.000000;-0.845488;-0.000177;
2.076510;0.845477;-0.000177;1.000000;0.845477;-0.000177;1.000000;1.000000;0.000000;-0.845477;-0.000177;
2.076798;0.845465;-0.000176;1.000000;0.845465;-0.000176;1.000000;1.000000;0.000000;-0.845465;-0.000176;
2.077085;0.845453;-0.000175;1.000000;0.845453;-0.000175;1.000000;1.000000;0.000000;-0.845453;-0.000175;
2.077373;0.845441;-0.000174;1.000000;0.845441;-0.000174;1.000000;1.000000;0.000000;-0.845441;-0.000174;
2.077947;0.845417;-0.000173;1.000000;0.845417;-0.000173;1.000000;1.000000;0.000000;-0.845417;-0.000173;
2.078522;0.845394;-0.000171;1.000000;0.845394;-0.000171;1.000000;1.000000;0.000000;-0.845394;-0.000171;
2.079097;0.845370;-0.000169;1.000000;0.845370;-0.000169;1.000000;1.000000;0.000000;-0.845370;-0.000169;
2.080247;0.845322;-0.000166;1.000000;0.845322;-0.000166;1.000000;1.000000;0.000000;-0.845322;-0.000166;
2.081397;0.845274;-0.000163;1.000000;0.845274;-0.000163;1.000000;1.000000;0.000000;-0.845274;-0.000163;
2.083696;0.845178;-0.000156;1.000000;0.845178;-0.000156;1.000000;1.000000;0.000000;-0.845178;-0.000156;
2.085995;0.845080;-0.000150;1.000000;0.845080;-0.000150;1.000000;1.000000;0.000000;-0.845080;-0.000150;
2.088295;0.844982;-0.000143;1.000000;0.844982;-0.000143;1.000000;1.000000;0.000000;-0.844982;-0.000143;
2.090594;0.844883;-0.000137;1.000000;0.844883;-0.000137;1.000000;1.000000;0.000000;-0.844883;-0.000137;
2.092893;0.844783;-0.000131;1.000000;0.844783;-0.000131;1.000000;1.000000;0.000000;-0.844783;-0.000131;
2.095193;0.844683;-0.000125;1.000000;0.844683;-0.000125;1.000000;1.000000;0.000000;-0.844683;-0.000125;
2.097492;0.844582;-0.000119;1.000000;0.844582;-0.000119;1.000000;1.000000;0.000000;-0.844582;-0.000119;
2.099792;0.844480;-0.000112;1.000000;0.844480;-0.000112;1.000000;1.000000;0.000000;-0.844480;-0.000112;
2.102091;0.844377;-0.000106;1.000000;0.844377;-0.000106;1.000000;1.000000;0.000000;-0.844377;-0.000106;
2.104390;0.844274;-0.000101;1.000000;0.844274;-0.000101;1.000000;1.000000;0.000000;-0.844274;-0.000101;
2.106690;0.844170;-0.000095;1.000000;0.844170;-0.000095;1.000000;1.000000;0.000000;-0.844170;-0.000095;
2.108989;0.844065;-0.000089;1.000000;0.844065;-0.000089;1.000000;1.000000;0.000000;-0.844065;-0.000089;
2.111289;0.843959;-0.000083;1.000000;0.843959;-0.000083;1.000000;1.000000;0.000000;-0.843959;-0.000083;
2.113588;0.843853;-0.000077;1.000000;0.843853;-0.000077;1.000000;1.000000;0.000000;-0.843853;-0.000077;
2.115887;0.843746;-0.000072;1.000000;0.843746;-0.000072;1.000000;1.000000;0.000000;-0.843746;-0.000072;
2.118187;0.843638;-0.000066;1.000000;0.843638;-0.000066;1.000000;1.000000;0.000000;-0.843638;-0.000066;
2.120486;0.843530;-0.000060;1.000000;0.843530;-0.000060;1.000000;1.000000;0.000000;-0.843530;-0.000060;
2.122786;0.843421;-0.000055;1.000000;0.843421;-0.000055;1.000000;1.000000;0.000000;-0.843421;-0.000055;
2.125085;0.843311;-0.000049;1.000000;0.843311;-0.000049;1.000000;1.000000;0.000000;-0.843311;-0.000049;
2.127384;0.843200;-0.000044;1.000000;0.843200;-0.000044;1.000000;1.000000;0.000000;-0.843200;-0.000044;
2.129684;0.843089;-0.000038;1.000000;0.843089;-0.000038;1.000000;1.000000;0.000000;-0.843089;-0.000038;
2.131983;0.842977;-0.000033;1.000000;0.842977;-0.000033;1.000000;1.000000;0.000000;-0.842977;-0.000033;
2.134283;0.842864;-0.000028;1.000000;0.842864;-0.000028;1.000000;1.000000;0.000000;-0.842864;-0.000028;
2.136582;0.842751;-0.000023;1.000000;0.842751;-0.000023;1.000000;1.000000;0.000000;-0.842751;-0.000023;
2.138881;0.842637;-0.000017;1.000000;0.842637;-0.000017;1.000000;1.000000;0.000000;-0.842637;-0.000017;
2.141181;0.842522;-0.000012;1.000000;0.842522;-0.000012;1.000000;1.000000;0.000000;-0.842522;-0.000012;
2.143480;0.842407;-0.000007;1.000000;0.842407;-0.000007;1.000000;1.000000;0.000000;-0.842407;-0.000007;
2.145780;0.842291;-0.000002;1.000000;0.842291;-0.000002;1.000000;1.000000;0.000000;-0.842291;-0.000002;
2.148079;0.842174;0.000003;1.000000;0.842174;0.000003;1.000000;1.000000;0.000000;-0.842174;0.000003;
2.148223;0.842167;0.000003;1.000000;0.842167;0.000003;1.000000;1.000000;0.000000;-0.842167;0.000003;
2.148510;0.842152;0.000004;1.000000;0.842152;0.000004;1.000000;1.000000;0.000000;-0.842152;0.000004;
2.148654;0.842145;0.000004;1.000000;0.842145;0.000004;1.000000;1.000000;0.000000;-0.842145;0.000004;
2.148672;0.842144;0.000004;1.000000;0.842144;0.000004;1.000000;1.000000;0.000000;-0.842144;0.000004;
2.148708;0.842142;0.000004;1.000000;0.842142;0.000004;1.000000;1.000000;0.000000;-0.842142;0.000004;
2.148726;0.842141;0.000004;1.000000;0.842141;0.000004;1.000000;1.000000;0.000000;-0.842141;0.000004;
2.148735;0.842141;0.000004;1.000000;0.842141;0.000004;1.000000;1.000000;0.000000;-0.842141;0.000004;
2.148753;0.842140;0.000004;1.000000;0.842140;0.000004;1.000000;1.000000;0.000000;-0.842140;0.000004;
2.148789;0.842138;0.000004;1.000000;0.842138;0.000004;1.000000;1.000000;0.000000;-0.842138;0.000004;
2.148860;0.842134;0.000004;1.000000;0.842134;0.000004;1.000000;1.000000;0.000000;-0.842134;0.000004;
2.148896;0.842132;0.000005;1.000000;0.842132;0.000005;1.000000;1.000000;0.000000;-0.842132;0.000005;
2.148968;0.842129;0.000005;1.000000;0.842129;0.000005;1.000000;1.000000;0.000000;-0.842129;0.000005;
2.149112;0.842121;0.000005;1.000000;0.842121;0.000005;1.000000;1.000000;0.000000;-0.842121;0.000005;
2.149399;0.842107;0.000006;1.000000;0.842107;0.000006;1.000000;1.000000;0.000000;-0.842107;0.000006;
2.149974;0.842077;0.000007;1.000000;0.842077;0.000007;1.000000;1.000000;0.000000;-0.842077;0.000007;
2.151124;0.842018;0.000009;1.000000;0.842018;0.000009;1.000000;1.000000;0.000000;-0.842018;0.000009;
2.151816;0.841983;0.000011;1.000000;0.841983;0.000011;1.000000;1.000000;0.000000;-0.841983;0.000011;
2.151839;0.841982;0.000011;1.000000;0.841982;0.000011;1.000000;1.000000;0.000000;-0.841982;0.000011;
2.151887;0.841979;0.000011;1.000000;0.841979;0.000011;1.000000;1.000000;0.000000;-0.841979;0.000011;
2.151981;0.841974;0.000011;1.000000;0.841974;0.000011;1.000000;1.000000;0.000000;-0.841974;0.000011;
2.152170;0.841965;0.000012;1.000000;0.841965;0.000012;1.000000;1.000000;0.000000;-0.841965;0.000012;
2.152548;0.841945;0.000012;1.000000;0.841945;0.000012;1.000000;1.000000;0.000000;-0.841945;0.000012;
2.153303;0.841906;0.000014;1.000000;0.841906;0.000014;1.000000;1.000000;0.000000;-0.841906;0.000014;
2.154814;0.841828;0.000017;1.000000;0.841828;0.000017;1.000000;1.000000;0.000000;-0.841828;0.000017;
2.157836;0.841671;0.000023;1.000000;0.841671;0.000023;1.000000;1.000000;0.000000;-0.841671;0.000023;
2.160859;0.841513;0.000030;1.000000;0.841513;0.000030;1.000000;1.000000;0.000000;-0.841513;0.000030;
2.163881;0.841353;0.000036;1.000000;0.841353;0.000036;1.000000;1.000000;0.000000;-0.841353;0.000036;
2.166903;0.841192;0.000042;1.000000;0.841192;0.000042;1.000000;1.000000;0.000000;-0.841192;0.000042;
2.169925;0.841030;0.000048;1.000000;0.841030;0.000048;1.000000;1.000000;0.000000;-0.841030;0.000048;
2.172947;0.840867;0.000054;1.000000;0.840867;0.000054;1.000000;1.000000;0.000000;-0.840867;0.000054;
2.175969;0.840703;0.000059;1.000000;0.840703;0.000059;1.000000;1.000000;0.000000;-0.840703;0.000059;
2.178991;0.840538;0.000065;1.000000;0.840538;0.000065;1.000000;1.000000;0.000000;-0.840538;0.000065;
2.182013;0.840371;0.000071;1.000000;0.840371;0.000071;1.000000;1.000000;0.000000;-0.840371;0.000071;
2.185036;0.840204;0.000076;1.000000;0.840204;0.000076;1.000000;1.000000;0.000000;-0.840204;0.000076;
2.188058;0.840035;0.000082;1.000000;0.840035;0.000082;1.000000;1.000000;0.000000;-0.840035;0.000082;
2.191080;0.839865;0.000087;1.000000;0.839865;0.000087;1.000000;1.000000;0.000000;-0.839865;0.000087;
2.194102;0.839694;0.000093;1.000000;0.839694;0.000093;1.000000;1.000000;0.000000;-0.839694;0.000093;
2.197124;0.839522;0.000098;1.000000;0.839522;0.000098;1.000000;1.000000;0.000000;-0.839522;0.000098;
2.200146;0.839349;0.000103;1.000000;0.839349;0.000103;1.000000;1.000000;0.000000;-0.839349;0.000103;
2.203168;0.839175;0.000109;1.000000;0.839175;0.000109;1.000000;1.000000;0.000000;-0.839175;0.000109;
2.206190;0.838999;0.000114;1.000000;0.838999;0.000114;1.000000;1.000000;0.000000;-0.838999;0.000114;
2.209213;0.838823;0.000119;1.000000;0.838823;0.000119;1.000000;1.000000;0.000000;-0.838823;0.000119;
2.212235;0.838645;0.000124;1.000000;0.838645;0.000124;1.000000;1.000000;0.000000;-0.838645;0.000124;
2.215257;0.838466;0.000128;1.000000;0.838466;0.000128;1.000000;1.000000;0.000000;-0.838466;0.000128;
2.218279;0.838287;0.000133;1.000000;0.838287;0.000133;1.000000;1.000000;0.000000;-0.838287;0.000133;
2.221301;0.838106;0.000138;1.000000;0.838106;0.000138;1.000000;1.000000;0.000000;-0.838106;0.000138;
2.224323;0.837924;0.000143;1.000000;0.837924;0.000143;1.000000;1.000000;0.000000;-0.837924;0.000143;
2.227345;0.837741;0.000147;1.000000;0.837741;0.000147;1.000000;1.000000;0.000000;-0.837741;0.000147;
2.230367;0.837557;0.000152;1.000000;0.837557;0.000152;1.000000;1.000000;0.000000;-0.837557;0.000152;
2.233390;0.837371;0.000156;1.000000;0.837371;0.000156;1.000000;1.000000;0.000000;-0.837371;0.000156;
2.236412;0.837185;0.000161;1.000000;0.837185;0.000161;1.000000;1.000000;0.000000;-0.837185;0.000161;
2.239434;0.836998;0.000165;1.000000;0.836998;0.000165;1.000000;1.000000;0.000000;-0.836998;0.000165;
2.242456;0.836809;0.000170;1.000000;0.836809;0.000170;1.000000;1.000000;0.000000;-0.836809;0.000170;
2.245478;0.836620;0.000174;1.000000;0.836620;0.000174;1.000000;1.000000;0.000000;-0.836620;0.000174;
2.248500;0.836430;0.000178;1.000000;0.836430;0.000178;1.000000;1.000000;0.000000;-0.836430;0.000178;
2.251522;0.836238;0.000182;1.000000;0.836238;0.000182;1.000000;1.000000;0.000000;-0.836238;0.000182;
2.254544;0.836045;0.000186;1.000000;0.836045;0.000186;1.000000;1.000000;0.000000;-0.836045;0.000186;
2.257567;0.835852;0.000190;1.000000;0.835852;0.000190;1.000000;1.000000;0.000000;-0.835852;0.000190;
2.260589;0.835657;0.000194;1.000000;0.835657;0.000194;1.000000;1.000000;0.000000;-0.835657;0.000194;
2.263611;0.835461;0.000198;1.000000;0.835461;0.000198;1.000000;1.000000;0.000000;-0.835461;0.000198;
2.266633;0.835265;0.000202;1.000000;0.835265;0.000202;1.000000;1.000000;0.000000;-0.835265;0.000202;
2.269655;0.835067;0.000206;1.000000;0.835067;0.000206;1.000000;1.000000;0.000000;-0.835067;0.000206;
2.272677;0.834868;0.000210;1.000000;0.834868;0.000210;1.000000;1.000000;0.000000;-0.834868;0.000210;
2.275699;0.834668;0.000213;1.000000;0.834668;0.000213;1.000000;1.000000;0.000000;-0.834668;0.000213;
2.278721;0.834468;0.000217;1.000000;0.834468;0.000217;1.000000;1.000000;0.000000;-0.834468;0.000217;
2.281744;0.834266;0.000220;1.000000;0.834266;0.000220;1.000000;1.000000;0.000000;-0.834266;0.000220;
2.284766;0.834063;0.000224;1.000000;0.834063;0.000224;1.000000;1.000000;0.000000;-0.834063;0.000224;
2.287788;0.833859;0.000227;1.000000;0.833859;0.000227;1.000000;1.000000;0.000000;-0.833859;0.000227;
2.290810;0.833654;0.000231;1.000000;0.833654;0.000231;1.000000;1.000000;0.000000;-0.833654;0.000231;
2.293832;0.833448;0.000234;1.000000;0.833448;0.000234;1.000000;1.000000;0.000000;-0.833448;0.000234;
2.296854;0.833242;0.000237;1.000000;0.833242;0.000237;1.000000;1.000000;0.000000;-0.833242;0.000237;
2.299876;0.833034;0.000241;1.000000;0.833034;0.000241;1.000000;1.000000;0.000000;-0.833034;0.000241;
2.302898;0.832825;0.000244;1.000000;0.832825;0.000244;1.000000;1.000000;0.000000;-0.832825;0.000244;
2.305921;0.832615;0.000247;1.000000;0.832615;0.000247;1.000000;1.000000;0.000000;-0.832615;0.000247;
2.308943;0.832404;0.000250;1.000000;0.832404;0.000250;1.000000;1.000000;0.000000;-0.832404;0.000250;
2.311965;0.832193;0.000253;1.000000;0.832193;0.000253;1.000000;1.000000;0.000000;-0.832193;0.000253;
2.314987;0.831980;0.000256;1.000000;0.831980;0.000256;1.000000;1.000000;0.000000;-0.831980;0.000256;
2.318009;0.831766;0.000259;1.000000;0.831766;0.000259;1.000000;1.000000;0.000000;-0.831766;0.000259;
2.321031;0.831552;0.000262;1.000000;0.831552;0.000262;1.000000;1.000000;0.000000;-0.831552;0.000262;
2.324053;0.831336;0.000265;1.000000;0.831336;0.000265;1.000000;1.000000;0.000000;-0.831336;0.000265;
2.327075;0.831120;0.000268;1.000000;0.831120;0.000268;1.000000;1.000000;0.000000;-0.831120;0.000268;
2.330098;0.830902;0.000271;1.000000;0.830902;0.000271;1.000000;1.000000;0.000000;-0.830902;0.000271;
2.333120;0.830684;0.000273;1.000000;0.830684;0.000273;1.000000;1.000000;0.000000;-0.830684;0.000273;
2.336142;0.830464;0.000276;1.000000;0.830464;0.000276;1.000000;1.000000;0.000000;-0.830464;0.000276;
2.339164;0.830244;0.000279;1.000000;0.830244;0.000279;1.000000;1.000000;0.000000;-0.830244;0.000279;
2.342186;0.830023;0.000281;1.000000;0.830023;0.000281;1.000000;1.000000;0.000000;-0.830023;0.000281;
2.345208;0.829801;0.000284;1.000000;0.829801;0.000284;1.000000;1.000000;0.000000;-0.829801;0.000284;
2.348230;0.829578;0.000286;1.000000;0.829578;0.000286;1.000000;1.000000;0.000000;-0.829578;0.000286;
2.351252;0.829354;0.000289;1.000000;0.829354;0.000289;1.000000;1.000000;0.000000;-0.829354;0.000289;
2.354275;0.829129;0.000291;1.000000;0.829129;0.000291;1.000000;1.000000;0.000000;-0.829129;0.000291;
2.357297;0.828903;0.000294;1.000000;0.828903;0.000294;1.000000;1.000000;0.000000;-0.828903;0.000294;
2.360319;0.828676;0.000296;1.000000;0.828676;0.000296;1.000000;1.000000;0.000000;-0.828676;0.000296;
2.363341;0.828449;0.000298;1.000000;0.828449;0.000298;1.000000;1.000000;0.000000;-0.828449;0.000298;
2.366363;0.828220;0.000301;1.000000;0.828220;0.000301;1.000000;1.000000;0.000000;-0.828220;0.000301;
2.369385;0.827991;0.000303;1.000000;0.827991;0.000303;1.000000;1.000000;0.000000;-0.827991;0.000303;
2.372407;0.827760;0.000305;1.000000;0.827760;0.000305;1.000000;1.000000;0.000000;-0.827760;0.000305;
2.375429;0.827529;0.000307;1.000000;0.827529;0.000307;1.000000;1.000000;0.000000;-0.827529;0.000307;
2.378452;0.827297;0.000309;1.000000;0.827297;0.000309;1.000000;1.000000;0.000000;-0.827297;0.000309;
2.381474;0.827064;0.000311;1.000000;0.827064;0.000311;1.000000;1.000000;0.000000;-0.827064;0.000311;
2.384496;0.826831;0.000313;1.000000;0.826831;0.000313;1.000000;1.000000;0.000000;-0.826831;0.000313;
2.387518;0.826596;0.000315;1.000000;0.826596;0.000315;1.000000;1.000000;0.000000;-0.826596;0.000315;
2.390540;0.826360;0.000317;1.000000;0.826360;0.000317;1.000000;1.000000;0.000000;-0.826360;0.000317;
2.393562;0.826124;0.000319;1.000000;0.826124;0.000319;1.000000;1.000000;0.000000;-0.826124;0.000319;
2.396584;0.825887;0.000321;1.000000;0.825887;0.000321;1.000000;1.000000;0.000000;-0.825887;0.000321;
2.399606;0.825649;0.000323;1.000000;0.825649;0.000323;1.000000;1.000000;0.000000;-0.825649;0.000323;
2.402629;0.825410;0.000325;1.000000;0.825410;0.000325;1.000000;1.000000;0.000000;-0.825410;0.000325;
2.405651;0.825170;0.000326;1.000000;0.825170;0.000326;1.000000;1.000000;0.000000;-0.825170;0.000326;
2.408673;0.824930;0.000328;1.000000;0.824930;0.000328;1.000000;1.000000;0.000000;-0.824930;0.000328;
2.411695;0.824688;0.000330;1.000000;0.824688;0.000330;1.000000;1.000000;0.000000;-0.824688;0.000330;
2.414717;0.824446;0.000332;1.000000;0.824446;0.000332;1.000000;1.000000;0.000000;-0.824446;0.000332;
2.417739;0.824203;0.000333;1.000000;0.824203;0.000333;1.000000;1.000000;0.000000;-0.824203;0.000333;
2.420761;0.823959;0.000335;1.000000;0.823959;0.000335;1.000000;1.000000;0.000000;-0.823959;0.000335;
2.423783;0.823715;0.000336;1.000000;0.823715;0.000336;1.000000;1.000000;0.000000;-0.823715;0.000336;
2.426806;0.823469;0.000338;1.000000;0.823469;0.000338;1.000000;1.000000;0.000000;-0.823469;0.000338;
2.429828;0.823223;0.000339;1.000000;0.823223;0.000339;1.000000;1.000000;0.000000;-0.823223;0.000339;
2.432850;0.822976;0.000341;1.000000;0.822976;0.000341;1.000000;1.000000;0.000000;-0.822976;0.000341;
2.435872;0.822728;0.000342;1.000000;0.822728;0.000342;1.000000;1.000000;0.000000;-0.822728;0.000342;
2.438894;0.822479;0.000344;1.000000;0.822479;0.000344;1.000000;1.000000;0.000000;-0.822479;0.000344;
2.441916;0.822230;0.000345;1.000000;0.822230;0.000345;1.000000;1.000000;0.000000;-0.822230;0.000345;
2.444938;0.821980;0.000346;1.000000;0.821980;0.000346;1.000000;1.000000;0.000000;-0.821980;0.000346;
2.447960;0.821729;0.000348;1.000000;0.821729;0.000348;1.000000;1.000000;0.000000;-0.821729;0.000348;
2.450983;0.821477;0.000349;1.000000;0.821477;0.000349;1.000000;1.000000;0.000000;-0.821477;0.000349;
2.454005;0.821225;0.000350;1.000000;0.821225;0.000350;1.000000;1.000000;0.000000;-0.821225;0.000350;
2.457027;0.820971;0.000352;1.000000;0.820971;0.000352;1.000000;1.000000;0.000000;-0.820971;0.000352;
2.460049;0.820717;0.000353;1.000000;0.820717;0.000353;1.000000;1.000000;0.000000;-0.820717;0.000353;
2.463071;0.820463;0.000354;1.000000;0.820463;0.000354;1.000000;1.000000;0.000000;-0.820463;0.000354;
2.466093;0.820207;0.000355;1.000000;0.820207;0.000355;1.000000;1.000000;0.000000;-0.820207;0.000355;
2.469115;0.819951;0.000356;1.000000;0.819951;0.000356;1.000000;1.000000;0.000000;-0.819951;0.000356;
2.472137;0.819694;0.000357;1.000000;0.819694;0.000357;1.000000;1.000000;0.000000;-0.819694;0.000357;
2.475160;0.819436;0.000358;1.000000;0.819436;0.000358;1.000000;1.000000;0.000000;-0.819436;0.000358;
2.478182;0.819178;0.000359;1.000000;0.819178;0.000359;1.000000;1.000000;0.000000;-0.819178;0.000359;
2.481204;0.818919;0.000360;1.000000;0.818919;0.000360;1.000000;1.000000;0.000000;-0.818919;0.000360;
2.484226;0.818659;0.000361;1.000000;0.818659;0.000361;1.000000;1.000000;0.000000;-0.818659;0.000361;
2.487248;0.818398;0.000362;1.000000;0.818398;0.000362;1.000000;1.000000;0.000000;-0.818398;0.000362;
2.490270;0.818137;0.000363;1.000000;0.818137;0.000363;1.000000;1.000000;0.000000;-0.818137;0.000363;
2.493292;0.817875;0.000364;1.000000;0.817875;0.000364;1.000000;1.000000;0.000000;-0.817875;0.000364;
2.496314;0.817612;0.000365;1.000000;0.817612;0.000365;1.000000;1.000000;0.000000;-0.817612;0.000365;
2.499337;0.817349;0.000366;1.000000;0.817349;0.000366;1.000000;1.000000;0.000000;-0.817349;0.000366;
2.502359;0.817085;0.000367;1.000000;0.817085;0.000367;1.000000;1.000000;0.000000;-0.817085;0.000367;
2.505381;0.816820;0.000367;1.000000;0.816820;0.000367;1.000000;1.000000;0.000000;-0.816820;0.000367;
2.508403;0.816554;0.000368;1.000000;0.816554;0.000368;1.000000;1.000000;0.000000;-0.816554;0.000368;
2.511425;0.816288;0.000369;1.000000;0.816288;0.000369;1.000000;1.000000;0.000000;-0.816288;0.000369;
2.514447;0.816021;0.000370;1.000000;0.816021;0.000370;1.000000;1.000000;0.000000;-0.816021;0.000370;
2.517469;0.815754;0.000370;1.000000;0.815754;0.000370;1.000000;1.000000;0.000000;-0.815754;0.000370;
2.520491;0.815486;0.000371;1.000000;0.815486;0.000371;1.000000;1.000000;0.000000;-0.815486;0.000371;
2.523514;0.815217;0.000372;1.000000;0.815217;0.000372;1.000000;1.000000;0.000000;-0.815217;0.000372;
2.526536;0.814947;0.000372;1.000000;0.814947;0.000372;1.000000;1.000000;0.000000;-0.814947;0.000372;
2.529558;0.814677;0.000373;1.000000;0.814677;0.000373;1.000000;1.000000;0.000000;-0.814677;0.000373;
2.532580;0.814406;0.000374;1.000000;0.814406;0.000374;1.000000;1.000000;0.000000;-0.814406;0.000374;
2.535602;0.814135;0.000374;1.000000;0.814135;0.000374;1.000000;1.000000;0.000000;-0.814135;0.000374;
2.538624;0.813863;0.000375;1.000000;0.813863;0.000375;1.000000;1.000000;0.000000;-0.813863;0.000375;
2.541646;0.813590;0.000375;1.000000;0.813590;0.000375;1.000000;1.000000;0.000000;-0.813590;0.000375;
2.544668;0.813317;0.000376;1.000000;0.813317;0.000376;1.000000;1.000000;0.000000;-0.813317;0.000376;
2.547691;0.813043;0.000376;1.000000;0.813043;0.000376;1.000000;1.000000;0.000000;-0.813043;0.000376;
2.550713;0.812768;0.000377;1.000000;0.812768;0.000377;1.000000;1.000000;0.000000;-0.812768;0.000377;
2.553735;0.812493;0.000377;1.000000;0.812493;0.000377;1.000000;1.000000;0.000000;-0.812493;0.000377;
2.556757;0.812217;0.000378;1.000000;0.812217;0.000378;1.000000;1.000000;0.000000;-0.812217;0.000378;
2.559779;0.811940;0.000378;1.000000;0.811940;0.000378;1.000000;1.000000;0.000000;-0.811940;0.000378;
2.562801;0.811663;0.000378;1.000000;0.811663;0.000378;1.000000;1.000000;0.000000;-0.811663;0.000378;
2.565823;0.811386;0.000379;1.000000;0.811386;0.000379;1.000000;1.000000;0.000000;-0.811386;0.000379;
2.568845;0.811107;0.000379;1.000000;0.811107;0.000379;1.000000;1.000000;0.000000;-0.811107;0.000379;
2.571868;0.810828;0.000379;1.000000;0.810828;0.000379;1.000000;1.000000;0.000000;-0.810828;0.000379;
2.574890;0.810549;0.000380;1.000000;0.810549;0.000380;1.000000;1.000000;0.000000;-0.810549;0.000380;
2.577912;0.810269;0.000380;1.000000;0.810269;0.000380;1.000000;1.000000;0.000000;-0.810269;0.000380;
2.580934;0.809988;0.000380;1.000000;0.809988;0.000380;1.000000;1.000000;0.000000;-0.809988;0.000380;
2.583956;0.809707;0.000381;1.000000;0.809707;0.000381;1.000000;1.000000;0.000000;-0.809707;0.000381;
2.586978;0.809425;0.000381;1.000000;0.809425;0.000381;1.000000;1.000000;0.000000;-0.809425;0.000381;
2.590000;0.809142;0.000381;1.000000;0.809142;0.000381;1.000000;1.000000;0.000000;-0.809142;0.000381;
2.593022;0.808859;0.000381;1.000000;0.808859;0.000381;1.000000;1.000000;0.000000;-0.808859;0.000381;
2.596045;0.808576;0.000381;1.000000;0.808576;0.000381;1.000000;1.000000;0.000000;-0.808576;0.000381;
2.599067;0.808292;0.000382;1.000000;0.808292;0.000382;1.000000;1.000000;0.000000;-0.808292;0.000382;
2.602089;0.808007;0.000382;1.000000;0.808007;0.000382;1.000000;1.000000;0.000000;-0.808007;0.000382;
2.605111;0.807722;0.000382;1.000000;0.807722;0.000382;1.000000;1.000000;0.000000;-0.807722;0.000382;
2.608133;0.807436;0.000382;1.000000;0.807436;0.000382;1.000000;1.000000;0.000000;-0.807436;0.000382;
2.611155;0.807149;0.000382;1.000000;0.807149;0.000382;1.000000;1.000000;0.000000;-0.807149;0.000382;
2.614177;0.806862;0.000382;1.000000;0.806862;0.000382;1.000000;1.000000;0.000000;-0.806862;0.000382;
2.617199;0.806575;0.000382;1.000000;0.806575;0.000382;1.000000;1.000000;0.000000;-0.806575;0.000382;
2.620222;0.806287;0.000382;1.000000;0.806287;0.000382;1.000000;1.000000;0.000000;-0.806287;0.000382;
2.623244;0.805998;0.000382;1.000000;0.805998;0.000382;1.000000;1.000000;0.000000;-0.805998;0.000382;
2.626266;0.805709;0.000382;1.000000;0.805709;0.000382;1.000000;1.000000;0.000000;-0.805709;0.000382;
2.629288;0.805419;0.000382;1.000000;0.805419;0.000382;1.000000;1.000000;0.000000;-0.805419;0.000382;
2.632310;0.805129;0.000382;1.000000;0.805129;0.000382;1.000000;1.000000;0.000000;-0.805129;0.000382;
2.635332;0.804839;0.000382;1.000000;0.804839;0.000382;1.000000;1.000000;0.000000;-0.804839;0.000382;
2.638354;0.804547;0.000382;1.000000;0.804547;0.000382;1.000000;1.000000;0.000000;-0.804547;0.000382;
2.641376;0.804256;0.000382;1.000000;0.804256;0.000382;1.000000;1.000000;0.000000;-0.804256;0.000382;
2.644399;0.803963;0.000382;1.000000;0.803963;0.000382;1.000000;1.000000;0.000000;-0.803963;0.000382;
2.647421;0.803671;0.000382;1.000000;0.803671;0.000382;1.000000;1.000000;0.000000;-0.803671;0.000382;
2.650443;0.803377;0.000382;1.000000;0.803377;0.000382;1.000000;1.000000;0.000000;-0.803377;0.000382;
2.653465;0.803083;0.000382;1.000000;0.803083;0.000382;1.000000;1.000000;0.000000;-0.803083;0.000382;
2.656487;0.802789;0.000382;1.000000;0.802789;0.000382;1.000000;1.000000;0.000000;-0.802789;0.000382;
2.659509;0.802494;0.000382;1.000000;0.802494;0.000382;1.000000;1.000000;0.000000;-0.802494;0.000382;
2.662531;0.802199;0.000381;1.000000;0.802199;0.000381;1.000000;1.000000;0.000000;-0.802199;0.000381;
2.665553;0.801903;0.000381;1.000000;0.801903;0.000381;1.000000;1.000000;0.000000;-0.801903;0.000381;
2.668576;0.801607;0.000381;1.000000;0.801607;0.000381;1.000000;1.000000;0.000000;-0.801607;0.000381;
2.671598;0.801310;0.000381;1.000000;0.801310;0.000381;1.000000;1.000000;0.000000;-0.801310;0.000381;
2.674620;0.801013;0.000381;1.000000;0.801013;0.000381;1.000000;1.000000;0.000000;-0.801013;0.000381;
2.677642;0.800715;0.000381;1.000000;0.800715;0.000381;1.000000;1.000000;0.000000;-0.800715;0.000381;
2.680664;0.800417;0.000380;1.000000;0.800417;0.000380;1.000000;1.000000;0.000000;-0.800417;0.000380;
2.683686;0.800118;0.000380;1.000000;0.800118;0.000380;1.000000;1.000000;0.000000;-0.800118;0.000380;
2.686708;0.799819;0.000380;1.000000;0.799819;0.000380;1.000000;1.000000;0.000000;-0.799819;0.000380;
2.689730;0.799519;0.000380;1.000000;0.799519;0.000380;1.000000;1.000000;0.000000;-0.799519;0.000380;
2.692753;0.799219;0.000379;1.000000;0.799219;0.000379;1.000000;1.000000;0.000000;-0.799219;0.000379;
2.695775;0.798919;0.000379;1.000000;0.798919;0.000379;1.000000;1.000000;0.000000;-0.798919;0.000379;
2.698797;0.798617;0.000379;1.000000;0.798617;0.000379;1.000000;1.000000;0.000000;-0.798617;0.000379;
2.701819;0.798316;0.000378;1.000000;0.798316;0.000378;1.000000;1.000000;0.000000;-0.798316;0.000378;
2.704841;0.798014;0.000378;1.000000;0.798014;0.000378;1.000000;1.000000;0.000000;-0.798014;0.000378;
2.707863;0.797712;0.000378;1.000000;0.797712;0.000378;1.000000;1.000000;0.000000;-0.797712;0.000378;
2.710885;0.797409;0.000378;1.000000;0.797409;0.000378;1.000000;1.000000;0.000000;-0.797409;0.000378;
2.713907;0.797105;0.000377;1.000000;0.797105;0.000377;1.000000;1.000000;0.000000;-0.797105;0.000377;
2.716930;0.796802;0.000377;1.000000;0.796802;0.000377;1.000000;1.000000;0.000000;-0.796802;0.000377;
2.719952;0.796497;0.000376;1.000000;0.796497;0.000376;1.000000;1.000000;0.000000;-0.796497;0.000376;
2.722974;0.796193;0.000376;1.000000;0.796193;0.000376;1.000000;1.000000;0.000000;-0.796193;0.000376;
2.725996;0.795888;0.000376;1.000000;0.795888;0.000376;1.000000;1.000000;0.000000;-0.795888;0.000376;
2.729018;0.795582;0.000375;1.000000;0.795582;0.000375;1.000000;1.000000;0.000000;-0.795582;0.000375;
2.732040;0.795276;0.000375;1.000000;0.795276;0.000375;1.000000;1.000000;0.000000;-0.795276;0.000375;
2.735062;0.794970;0.000374;1.000000;0.794970;0.000374;1.000000;1.000000;0.000000;-0.794970;0.000374;
2.738084;0.794663;0.000374;1.000000;0.794663;0.000374;1.000000;1.000000;0.000000;-0.794663;0.000374;
2.741107;0.794356;0.000374;1.000000;0.794356;0.000374;1.000000;1.000000;0.000000;-0.794356;0.000374;
2.744129;0.794048;0.000373;1.000000;0.794048;0.000373;1.000000;1.000000;0.000000;-0.794048;0.000373;
2.747151;0.793740;0.000373;1.000000;0.793740;0.000373;1.000000;1.000000;0.000000;-0.793740;0.000373;
2.750173;0.793431;0.000372;1.000000;0.793431;0.000372;1.000000;1.000000;0.000000;-0.793431;0.000372;
2.753195;0.793122;0.000372;1.000000;0.793122;0.000372;1.000000;1.000000;0.000000;-0.793122;0.000372;
2.756217;0.792813;0.000371;1.000000;0.792813;0.000371;1.000000;1.000000;0.000000;-0.792813;0.000371;
2.759239;0.792503;0.000371;1.000000;0.792503;0.000371;1.000000;1.000000;0.000000;-0.792503;0.000371;
2.762261;0.792193;0.000370;1.000000;0.792193;0.000370;1.000000;1.000000;0.000000;-0.792193;0.000370;
2.765284;0.791883;0.000370;1.000000;0.791883;0.000370;1.000000;1.000000;0.000000;-0.791883;0.000370;
2.768306;0.791572;0.000369;1.000000;0.791572;0.000369;1.000000;1.000000;0.000000;-0.791572;0.000369;
2.771328;0.791260;0.000369;1.000000;0.791260;0.000369;1.000000;1.000000;0.000000;-0.791260;0.000369;
2.774350;0.790949;0.000368;1.000000;0.790949;0.000368;1.000000;1.000000;0.000000;-0.790949;0.000368;
2.777372;0.790637;0.000368;1.000000;0.790637;0.000368;1.000000;1.000000;0.000000;-0.790637;0.000368;
2.780394;0.790324;0.000367;1.000000;0.790324;0.000367;1.000000;1.000000;0.000000;-0.790324;0.000367;
2.783416;0.790011;0.000367;1.000000;0.790011;0.000367;1.000000;1.000000;0.000000;-0.790011;0.000367;
2.786438;0.789698;0.000366;1.000000;0.789698;0.000366;1.000000;1.000000;0.000000;-0.789698;0.000366;
2.789461;0.789384;0.000366;1.000000;0.789384;0.000366;1.000000;1.000000;0.000000;-0.789384;0.000366;
2.792483;0.789070;0.000365;1.000000;0.789070;0.000365;1.000000;1.000000;0.000000;-0.789070;0.000365;
2.795505;0.788756;0.000364;1.000000;0.788756;0.000364;1.000000;1.000000;0.000000;-0.788756;0.000364;
2.798527;0.788441;0.000364;1.000000;0.788441;0.000364;1.000000;1.000000;0.000000;-0.788441;0.000364;
2.801549;0.788126;0.000363;1.000000;0.788126;0.000363;1.000000;1.000000;0.000000;-0.788126;0.000363;
2.804571;0.787810;0.000363;1.000000;0.787810;0.000363;1.000000;1.000000;0.000000;-0.787810;0.000363;
2.807593;0.787494;0.000362;1.000000;0.787494;0.000362;1.000000;1.000000;0.000000;-0.787494;0.000362;
2.810615;0.787178;0.000362;1.000000;0.787178;0.000362;1.000000;1.000000;0.000000;-0.787178;0.000362;
2.813638;0.786861;0.000361;1.000000;0.786861;0.000361;1.000000;1.000000;0.000000;-0.786861;0.000361;
2.816660;0.786544;0.000360;1.000000;0.786544;0.000360;1.000000;1.000000;0.000000;-0.786544;0.000360;
2.819682;0.786227;0.000360;1.000000;0.786227;0.000360;1.000000;1.000000;0.000000;-0.786227;0.000360;
2.822704;0.785909;0.000359;1.000000;0.785909;0.000359;1.000000;1.000000;0.000000;-0.785909;0.000359;
2.825726;0.785591;0.000358;1.000000;0.785591;0.000358;1.000000;1.000000;0.000000;-0.785591;0.000358;
2.828748;0.785273;0.000358;1.000000;0.785273;0.000358;1.000000;1.000000;0.000000;-0.785273;0.000358;
2.831770;0.784954;0.000357;1.000000;0.784954;0.000357;1.000000;1.000000;0.000000;-0.784954;0.000357;
2.834792;0.784635;0.000356;1.000000;0.784635;0.000356;1.000000;1.000000;0.000000;-0.784635;0.000356;
2.837815;0.784315;0.000356;1.000000;0.784315;0.000356;1.000000;1.000000;0.000000;-0.784315;0.000356;
2.840837;0.783995;0.000355;1.000000;0.783995;0.000355;1.000000;1.000000;0.000000;-0.783995;0.000355;
2.843859;0.783675;0.000354;1.000000;0.783675;0.000354;1.000000;1.000000;0.000000;-0.783675;0.000354;
2.846881;0.783355;0.000354;1.000000;0.783355;0.000354;1.000000;1.000000;0.000000;-0.783355;0.000354;
2.849903;0.783034;0.000353;1.000000;0.783034;0.000353;1.000000;1.000000;0.000000;-0.783034;0.000353;
2.852925;0.782713;0.000352;1.000000;0.782713;0.000352;1.000000;1.000000;0.000000;-0.782713;0.000352;
2.855947;0.782391;0.000352;1.000000;0.782391;0.000352;1.000000;1.000000;0.000000;-0.782391;0.000352;
2.858969;0.782069;0.000351;1.000000;0.782069;0.000351;1.000000;1.000000;0.000000;-0.782069;0.000351;
2.861992;0.781747;0.000350;1.000000;0.781747;0.000350;1.000000;1.000000;0.000000;-0.781747;0.000350;
2.865014;0.781425;0.000350;1.000000;0.781425;0.000350;1.000000;1.000000;0.000000;-0.781425;0.000350;
2.868036;0.781102;0.000349;1.000000;0.781102;0.000349;1.000000;1.000000;0.000000;-0.781102;0.000349;
2.871058;0.780779;0.000348;1.000000;0.780779;0.000348;1.000000;1.000000;0.000000;-0.780779;0.000348;
2.874080;0.780455;0.000347;1.000000;0.780455;0.000347;1.000000;1.000000;0.000000;-0.780455;0.000347;
2.877102;0.780132;0.000347;1.000000;0.780132;0.000347;1.000000;1.000000;0.000000;-0.780132;0.000347;
2.880124;0.779808;0.000346;1.000000;0.779808;0.000346;1.000000;1.000000;0.000000;-0.779808;0.000346;
2.883146;0.779483;0.000345;1.000000;0.779483;0.000345;1.000000;1.000000;0.000000;-0.779483;0.000345;
2.886169;0.779159;0.000345;1.000000;0.779159;0.000345;1.000000;1.000000;0.000000;-0.779159;0.000345;
2.889191;0.778834;0.000344;1.000000;0.778834;0.000344;1.000000;1.000000;0.000000;-0.778834;0.000344;
2.892213;0.778508;0.000343;1.000000;0.778508;0.000343;1.000000;1.000000;0.000000;-0.778508;0.000343;
2.895235;0.778183;0.000342;1.000000;0.778183;0.000342;1.000000;1.000000;0.000000;-0.778183;0.000342;
2.898257;0.777857;0.000342;1.000000;0.777857;0.000342;1.000000;1.000000;0.000000;-0.777857;0.000342;
2.901279;0.777531;0.000341;1.000000;0.777531;0.000341;1.000000;1.000000;0.000000;-0.777531;0.000341;
2.904301;0.777204;0.000340;1.000000;0.777204;0.000340;1.000000;1.000000;0.000000;-0.777204;0.000340;
2.907323;0.776877;0.000339;1.000000;0.776877;0.000339;1.000000;1.000000;0.000000;-0.776877;0.000339;
2.910346;0.776550;0.000339;1.000000;0.776550;0.000339;1.000000;1.000000;0.000000;-0.776550;0.000339;
2.913368;0.776223;0.000338;1.000000;0.776223;0.000338;1.000000;1.000000;0.000000;-0.776223;0.000338;
2.916390;0.775895;0.000337;1.000000;0.775895;0.000337;1.000000;1.000000;0.000000;-0.775895;0.000337;
2.919412;0.775567;0.000336;1.000000;0.775567;0.000336;1.000000;1.000000;0.000000;-0.775567;0.000336;
2.922434;0.775239;0.000335;1.000000;0.775239;0.000335;1.000000;1.000000;0.000000;-0.775239;0.000335;
2.925456;0.774911;0.000335;1.000000;0.774911;0.000335;1.000000;1.000000;0.000000;-0.774911;0.000335;
2.928478;0.774582;0.000334;1.000000;0.774582;0.000334;1.000000;1.000000;0.000000;-0.774582;0.000334;
2.931500;0.774253;0.000333;1.000000;0.774253;0.000333;1.000000;1.000000;0.000000;-0.774253;0.000333;
2.934523;0.773924;0.000332;1.000000;0.773924;0.000332;1.000000;1.000000;0.000000;-0.773924;0.000332;
2.937545;0.773594;0.000332;1.000000;0.773594;0.000332;1.000000;1.000000;0.000000;-0.773594;0.000332;
2.940567;0.773264;0.000331;1.000000;0.773264;0.000331;1.000000;1.000000;0.000000;-0.773264;0.000331;
2.943589;0.772934;0.000330;1.000000;0.772934;0.000330;1.000000;1.000000;0.000000;-0.772934;0.000330;
2.946611;0.772604;0.000329;1.000000;0.772604;0.000329;1.000000;1.000000;0.000000;-0.772604;0.000329;
2.949633;0.772273;0.000328;1.000000;0.772273;0.000328;1.000000;1.000000;0.000000;-0.772273;0.000328;
2.952655;0.771942;0.000328;1.000000;0.771942;0.000328;1.000000;1.000000;0.000000;-0.771942;0.000328;
2.955677;0.771611;0.000327;1.000000;0.771611;0.000327;1.000000;1.000000;0.000000;-0.771611;0.000327;
2.958700;0.771280;0.000326;1.000000;0.771280;0.000326;1.000000;1.000000;0.000000;-0.771280;0.000326;
2.961722;0.770948;0.000325;1.000000;0.770948;0.000325;1.000000;1.000000;0.000000;-0.770948;0.000325;
2.964744;0.770616;0.000324;1.000000;0.770616;0.000324;1.000000;1.000000;0.000000;-0.770616;0.000324;
2.967766;0.770284;0.000323;1.000000;0.770284;0.000323;1.000000;1.000000;0.000000;-0.770284;0.000323;
2.970788;0.769951;0.000323;1.000000;0.769951;0.000323;1.000000;1.000000;0.000000;-0.769951;0.000323;
2.973810;0.769619;0.000322;1.000000;0.769619;0.000322;1.000000;1.000000;0.000000;-0.769619;0.000322;
2.976832;0.769286;0.000321;1.000000;0.769286;0.000321;1.000000;1.000000;0.000000;-0.769286;0.000321;
2.979854;0.768953;0.000320;1.000000;0.768953;0.000320;1.000000;1.000000;0.000000;-0.768953;0.000320;
2.982877;0.768619;0.000319;1.000000;0.768619;0.000319;1.000000;1.000000;0.000000;-0.768619;0.000319;
2.985899;0.768286;0.000318;1.000000;0.768286;0.000318;1.000000;1.000000;0.000000;-0.768286;0.000318;
2.988921;0.767952;0.000318;1.000000;0.767952;0.000318;1.000000;1.000000;0.000000;-0.767952;0.000318;
2.991943;0.767618;0.000317;1.000000;0.767618;0.000317;1.000000;1.000000;0.000000;-0.767618;0.000317;
2.994965;0.767283;0.000316;1.000000;0.767283;0.000316;1.000000;1.000000;0.000000;-0.767283;0.000316;
2.997987;0.766949;0.000315;1.000000;0.766949;0.000315;1.000000;1.000000;0.000000;-0.766949;0.000315;
3.001009;0.766614;0.000314;1.000000;0.766614;0.000314;1.000000;1.000000;0.000000;-0.766614;0.000314;
3.004031;0.766279;0.000313;1.000000;0.766279;0.000313;1.000000;1.000000;0.000000;-0.766279;0.000313;
3.007054;0.765944;0.000313;1.000000;0.765944;0.000313;1.000000;1.000000;0.000000;-0.765944;0.000313;
3.010076;0.765608;0.000312;1.000000;0.765608;0.000312;1.000000;1.000000;0.000000;-0.765608;0.000312;
3.013098;0.765273;0.000311;1.000000;0.765273;0.000311;1.000000;1.000000;0.000000;-0.765273;0.000311;
3.016120;0.764937;0.000310;1.000000;0.764937;0.000310;1.000000;1.000000;0.000000;-0.764937;0.000310;
3.019142;0.764601;0.000309;1.000000;0.764601;0.000309;1.000000;1.000000;0.000000;-0.764601;0.000309;
3.022164;0.764264;0.000308;1.000000;0.764264;0.000308;1.000000;1.000000;0.000000;-0.764264;0.000308;
3.025186;0.763928;0.000308;1.000000;0.763928;0.000308;1.000000;1.000000;0.000000;-0.763928;0.000308;
3.028208;0.763591;0.000307;1.000000;0.763591;0.000307;1.000000;1.000000;0.000000;-0.763591;0.000307;
3.031231;0.763254;0.000306;1.000000;0.763254;0.000306;1.000000;1.000000;0.000000;-0.763254;0.000306;
3.034253;0.762917;0.000305;1.000000;0.762917;0.000305;1.000000;1.000000;0.000000;-0.762917;0.000305;
3.037275;0.762580;0.000304;1.000000;0.762580;0.000304;1.000000;1.000000;0.000000;-0.762580;0.000304;
3.040297;0.762242;0.000303;1.000000;0.762242;0.000303;1.000000;1.000000;0.000000;-0.762242;0.000303;
3.043319;0.761904;0.000302;1.000000;0.761904;0.000302;1.000000;1.000000;0.000000;-0.761904;0.000302;
3.046341;0.761567;0.000302;1.000000;0.761567;0.000302;1.000000;1.000000;0.000000;-0.761567;0.000302;
3.049363;0.761228;0.000301;1.000000;0.761228;0.000301;1.000000;1.000000;0.000000;-0.761228;0.000301;
3.052385;0.760890;0.000300;1.000000;0.760890;0.000300;1.000000;1.000000;0.000000;-0.760890;0.000300;
3.055408;0.760552;0.000299;1.000000;0.760552;0.000299;1.000000;1.000000;0.000000;-0.760552;0.000299;
3.058430;0.760213;0.000298;1.000000;0.760213;0.000298;1.000000;1.000000;0.000000;-0.760213;0.000298;
3.061452;0.759874;0.000297;1.000000;0.759874;0.000297;1.000000;1.000000;0.000000;-0.759874;0.000297;
3.064474;0.759535;0.000296;1.000000;0.759535;0.000296;1.000000;1.000000;0.000000;-0.759535;0.000296;
3.067496;0.759196;0.000296;1.000000;0.759196;0.000296;1.000000;1.000000;0.000000;-0.759196;0.000296;
3.070518;0.758856;0.000295;1.000000;0.758856;0.000295;1.000000;1.000000;0.000000;-0.758856;0.000295;
3.073540;0.758517;0.000294;1.000000;0.758517;0.000294;1.000000;1.000000;0.000000;-0.758517;0.000294;
3.076562;0.758177;0.000293;1.000000;0.758177;0.000293;1.000000;1.000000;0.000000;-0.758177;0.000293;
3.079585;0.757837;0.000292;1.000000;0.757837;0.000292;1.000000;1.000000;0.000000;-0.757837;0.000292;
3.082607;0.757497;0.000291;1.000000;0.757497;0.000291;1.000000;1.000000;0.000000;-0.757497;0.000291;
3.085629;0.757156;0.000290;1.000000;0.757156;0.000290;1.000000;1.000000;0.000000;-0.757156;0.000290;
3.088651;0.756816;0.000289;1.000000;0.756816;0.000289;1.000000;1.000000;0.000000;-0.756816;0.000289;
3.091673;0.756475;0.000289;1.000000;0.756475;0.000289;1.000000;1.000000;0.000000;-0.756475;0.000289;
3.094695;0.756134;0.000288;1.000000;0.756134;0.000288;1.000000;1.000000;0.000000;-0.756134;0.000288;
3.097717;0.755793;0.000287;1.000000;0.755793;0.000287;1.000000;1.000000;0.000000;-0.755793;0.000287;
3.100739;0.755452;0.000286;1.000000;0.755452;0.000286;1.000000;1.000000;0.000000;-0.755452;0.000286;
3.103762;0.755111;0.000285;1.000000;0.755111;0.000285;1.000000;1.000000;0.000000;-0.755111;0.000285;
3.106784;0.754769;0.000284;1.000000;0.754769;0.000284;1.000000;1.000000;0.000000;-0.754769;0.000284;
3.109806;0.754428;0.000283;1.000000;0.754428;0.000283;1.000000;1.000000;0.000000;-0.754428;0.000283;
3.112828;0.754086;0.000283;1.000000;0.754086;0.000283;1.000000;1.000000;0.000000;-0.754086;0.000283;
3.115850;0.753744;0.000282;1.000000;0.753744;0.000282;1.000000;1.000000;0.000000;-0.753744;0.000282;
3.118872;0.753402;0.000281;1.000000;0.753402;0.000281;1.000000;1.000000;0.000000;-0.753402;0.000281;
3.121894;0.753060;0.000280;1.000000;0.753060;0.000280;1.000000;1.000000;0.000000;-0.753060;0.000280;
3.124916;0.752717;0.000279;1.000000;0.752717;0.000279;1.000000;1.000000;0.000000;-0.752717;0.000279;
3.127939;0.752375;0.000278;1.000000;0.752375;0.000278;1.000000;1.000000;0.000000;-0.752375;0.000278;
3.130961;0.752032;0.000277;1.000000;0.752032;0.000277;1.000000;1.000000;0.000000;-0.752032;0.000277;
3.133983;0.751689;0.000276;1.000000;0.751689;0.000276;1.000000;1.000000;0.000000;-0.751689;0.000276;
3.137005;0.751346;0.000276;1.000000;0.751346;0.000276;1.000000;1.000000;0.000000;-0.751346;0.000276;
3.140027;0.751003;0.000275;1.000000;0.751003;0.000275;1.000000;1.000000;0.000000;-0.751003;0.000275;
3.143049;0.750660;0.000274;1.000000;0.750660;0.000274;1.000000;1.000000;0.000000;-0.750660;0.000274;
3.146071;0.750317;0.000273;1.000000;0.750317;0.000273;1.000000;1.000000;0.000000;-0.750317;0.000273;
3.149093;0.749973;0.000272;1.000000;0.749973;0.000272;1.000000;1.000000;0.000000;-0.749973;0.000272;
3.152116;0.749630;0.000271;1.000000;0.749630;0.000271;1.000000;1.000000;0.000000;-0.749630;0.000271;
3.155138;0.749286;0.000270;1.000000;0.749286;0.000270;1.000000;1.000000;0.000000;-0.749286;0.000270;
3.158160;0.748942;0.000270;1.000000;0.748942;0.000270;1.000000;1.000000;0.000000;-0.748942;0.000270;
3.161182;0.748598;0.000269;1.000000;0.748598;0.000269;1.000000;1.000000;0.000000;-0.748598;0.000269;
3.164204;0.748254;0.000268;1.000000;0.748254;0.000268;1.000000;1.000000;0.000000;-0.748254;0.000268;
3.167226;0.747910;0.000267;1.000000;0.747910;0.000267;1.000000;1.000000;0.000000;-0.747910;0.000267;
3.170248;0.747565;0.000266;1.000000;0.747565;0.000266;1.000000;1.000000;0.000000;-0.747565;0.000266;
3.173270;0.747221;0.000265;1.000000;0.747221;0.000265;1.000000;1.000000;0.000000;-0.747221;0.000265;
3.176293;0.746876;0.000264;1.000000;0.746876;0.000264;1.000000;1.000000;0.000000;-0.746876;0.000264;
3.179315;0.746532;0.000264;1.000000;0.746532;0.000264;1.000000;1.000000;0.000000;-0.746532;0.000264;
3.182337;0.746187;0.000263;1.000000;0.746187;0.000263;1.000000;1.000000;0.000000;-0.746187;0.000263;
3.185359;0.745842;0.000262;1.000000;0.745842;0.000262;1.000000;1.000000;0.000000;-0.745842;0.000262;
3.188381;0.745497;0.000261;1.000000;0.745497;0.000261;1.000000;1.000000;0.000000;-0.745497;0.000261;
3.191403;0.745152;0.000260;1.000000;0.745152;0.000260;1.000000;1.000000;0.000000;-0.745152;0.000260;
3.194425;0.744807;0.000259;1.000000;0.744807;0.000259;1.000000;1.000000;0.000000;-0.744807;0.000259;
3.197447;0.744461;0.000258;1.000000;0.744461;0.000258;1.000000;1.000000;0.000000;-0.744461;0.000258;
3.200470;0.744116;0.000258;1.000000;0.744116;0.000258;1.000000;1.000000;0.000000;-0.744116;0.000258;
3.203492;0.743770;0.000257;1.000000;0.743770;0.000257;1.000000;1.000000;0.000000;-0.743770;0.000257;
3.206514;0.743425;0.000256;1.000000;0.743425;0.000256;1.000000;1.000000;0.000000;-0.743425;0.000256;
3.209536;0.743079;0.000255;1.000000;0.743079;0.000255;1.000000;1.000000;0.000000;-0.743079;0.000255;
3.212558;0.742733;0.000254;1.000000;0.742733;0.000254;1.000000;1.000000;0.000000;-0.742733;0.000254;
3.215580;0.742387;0.000253;1.000000;0.742387;0.000253;1.000000;1.000000;0.000000;-0.742387;0.000253;
3.218602;0.742041;0.000252;1.000000;0.742041;0.000252;1.000000;1.000000;0.000000;-0.742041;0.000252;
3.221624;0.741695;0.000252;1.000000;0.741695;0.000252;1.000000;1.000000;0.000000;-0.741695;0.000252;
3.224647;0.741349;0.000251;1.000000;0.741349;0.000251;1.000000;1.000000;0.000000;-0.741349;0.000251;
3.227669;0.741002;0.000250;1.000000;0.741002;0.000250;1.000000;1.000000;0.000000;-0.741002;0.000250;
3.230691;0.740656;0.000249;1.000000;0.740656;0.000249;1.000000;1.000000;0.000000;-0.740656;0.000249;
3.233713;0.740310;0.000248;1.000000;0.740310;0.000248;1.000000;1.000000;0.000000;-0.740310;0.000248;
3.236735;0.739963;0.000247;1.000000;0.739963;0.000247;1.000000;1.000000;0.000000;-0.739963;0.000247;
3.239757;0.739616;0.000247;1.000000;0.739616;0.000247;1.000000;1.000000;0.000000;-0.739616;0.000247;
3.242779;0.739270;0.000246;1.000000;0.739270;0.000246;1.000000;1.000000;0.000000;-0.739270;0.000246;
3.245801;0.738923;0.000245;1.000000;0.738923;0.000245;1.000000;1.000000;0.000000;-0.738923;0.000245;
3.248824;0.738576;0.000244;1.000000;0.738576;0.000244;1.000000;1.000000;0.000000;-0.738576;0.000244;
3.251846;0.738229;0.000243;1.000000;0.738229;0.000243;1.000000;1.000000;0.000000;-0.738229;0.000243;
3.254868;0.737882;0.000242;1.000000;0.737882;0.000242;1.000000;1.000000;0.000000;-0.737882;0.000242;
3.257890;0.737535;0.000241;1.000000;0.737535;0.000241;1.000000;1.000000;0.000000;-0.737535;0.000241;
3.260912;0.737188;0.000241;1.000000;0.737188;0.000241;1.000000;1.000000;0.000000;-0.737188;0.000241;
3.263934;0.736841;0.000240;1.000000;0.736841;0.000240;1.000000;1.000000;0.000000;-0.736841;0.000240;
3.266956;0.736494;0.000239;1.000000;0.736494;0.000239;1.000000;1.000000;0.000000;-0.736494;0.000239;
3.269978;0.736146;0.000238;1.000000;0.736146;0.000238;1.000000;1.000000;0.000000;-0.736146;0.000238;
3.273001;0.735799;0.000237;1.000000;0.735799;0.000237;1.000000;1.000000;0.000000;-0.735799;0.000237;
3.276023;0.735452;0.000237;1.000000;0.735452;0.000237;1.000000;1.000000;0.000000;-0.735452;0.000237;
3.282067;0.734757;0.000235;1.000000;0.734757;0.000235;1.000000;1.000000;0.000000;-0.734757;0.000235;
3.287372;0.734146;0.000233;1.000000;0.734146;0.000233;1.000000;1.000000;0.000000;-0.734146;0.000233;
3.292676;0.733536;0.000232;1.000000;0.733536;0.000232;1.000000;1.000000;0.000000;-0.733536;0.000232;
3.297981;0.732926;0.000231;1.000000;0.732926;0.000231;1.000000;1.000000;0.000000;-0.732926;0.000231;
3.303286;0.732315;0.000229;1.000000;0.732315;0.000229;1.000000;1.000000;0.000000;-0.732315;0.000229;
3.308590;0.731704;0.000228;1.000000;0.731704;0.000228;1.000000;1.000000;0.000000;-0.731704;0.000228;
3.313895;0.731093;0.000226;1.000000;0.731093;0.000226;1.000000;1.000000;0.000000;-0.731093;0.000226;
3.319199;0.730482;0.000225;1.000000;0.730482;0.000225;1.000000;1.000000;0.000000;-0.730482;0.000225;
3.324504;0.729871;0.000223;1.000000;0.729871;0.000223;1.000000;1.000000;0.000000;-0.729871;0.000223;
3.329809;0.729260;0.000222;1.000000;0.729260;0.000222;1.000000;1.000000;0.000000;-0.729260;0.000222;
3.335113;0.728649;0.000221;1.000000;0.728649;0.000221;1.000000;1.000000;0.000000;-0.728649;0.000221;
3.340418;0.728037;0.000219;1.000000;0.728037;0.000219;1.000000;1.000000;0.000000;-0.728037;0.000219;
3.345723;0.727426;0.000218;1.000000;0.727426;0.000218;1.000000;1.000000;0.000000;-0.727426;0.000218;
3.351027;0.726815;0.000216;1.000000;0.726815;0.000216;1.000000;1.000000;0.000000;-0.726815;0.000216;
3.356332;0.726203;0.000215;1.000000;0.726203;0.000215;1.000000;1.000000;0.000000;-0.726203;0.000215;
3.361636;0.725591;0.000214;1.000000;0.725591;0.000214;1.000000;1.000000;0.000000;-0.725591;0.000214;
3.366941;0.724980;0.000212;1.000000;0.724980;0.000212;1.000000;1.000000;0.000000;-0.724980;0.000212;
3.372246;0.724368;0.000211;1.000000;0.724368;0.000211;1.000000;1.000000;0.000000;-0.724368;0.000211;
3.377550;0.723757;0.000210;1.000000;0.723757;0.000210;1.000000;1.000000;0.000000;-0.723757;0.000210;
3.382855;0.723145;0.000208;1.000000;0.723145;0.000208;1.000000;1.000000;0.000000;-0.723145;0.000208;
3.388160;0.722533;0.000207;1.000000;0.722533;0.000207;1.000000;1.000000;0.000000;-0.722533;0.000207;
3.393464;0.721922;0.000206;1.000000;0.721922;0.000206;1.000000;1.000000;0.000000;-0.721922;0.000206;
3.398769;0.721310;0.000204;1.000000;0.721310;0.000204;1.000000;1.000000;0.000000;-0.721310;0.000204;
3.404074;0.720699;0.000203;1.000000;0.720699;0.000203;1.000000;1.000000;0.000000;-0.720699;0.000203;
3.409378;0.720087;0.000202;1.000000;0.720087;0.000202;1.000000;1.000000;0.000000;-0.720087;0.000202;
3.414683;0.719475;0.000200;1.000000;0.719475;0.000200;1.000000;1.000000;0.000000;-0.719475;0.000200;
3.419987;0.718864;0.000199;1.000000;0.718864;0.000199;1.000000;1.000000;0.000000;-0.718864;0.000199;
3.425292;0.718253;0.000198;1.000000;0.718253;0.000198;1.000000;1.000000;0.000000;-0.718253;0.000198;
3.430597;0.717641;0.000196;1.000000;0.717641;0.000196;1.000000;1.000000;0.000000;-0.717641;0.000196;
3.435901;0.717030;0.000195;1.000000;0.717030;0.000195;1.000000;1.000000;0.000000;-0.717030;0.000195;
3.441206;0.716419;0.000194;1.000000;0.716419;0.000194;1.000000;1.000000;0.000000;-0.716419;0.000194;
3.446511;0.715808;0.000192;1.000000;0.715808;0.000192;1.000000;1.000000;0.000000;-0.715808;0.000192;
3.451815;0.715197;0.000191;1.000000;0.715197;0.000191;1.000000;1.000000;0.000000;-0.715197;0.000191;
3.457120;0.714586;0.000190;1.000000;0.714586;0.000190;1.000000;1.000000;0.000000;-0.714586;0.000190;
3.462424;0.713975;0.000188;1.000000;0.713975;0.000188;1.000000;1.000000;0.000000;-0.713975;0.000188;
3.467729;0.713364;0.000187;1.000000;0.713364;0.000187;1.000000;1.000000;0.000000;-0.713364;0.000187;
3.473034;0.712754;0.000186;1.000000;0.712754;0.000186;1.000000;1.000000;0.000000;-0.712754;0.000186;
3.478338;0.712143;0.000185;1.000000;0.712143;0.000185;1.000000;1.000000;0.000000;-0.712143;0.000185;
3.483643;0.711533;0.000183;1.000000;0.711533;0.000183;1.000000;1.000000;0.000000;-0.711533;0.000183;
3.488948;0.710923;0.000182;1.000000;0.710923;0.000182;1.000000;1.000000;0.000000;-0.710923;0.000182;
3.494252;0.710313;0.000181;1.000000;0.710313;0.000181;1.000000;1.000000;0.000000;-0.710313;0.000181;
3.499557;0.709703;0.000180;1.000000;0.709703;0.000180;1.000000;1.000000;0.000000;-0.709703;0.000180;
3.504862;0.709094;0.000179;1.000000;0.709094;0.000179;1.000000;1.000000;0.000000;-0.709094;0.000179;
3.510166;0.708484;0.000177;1.000000;0.708484;0.000177;1.000000;1.000000;0.000000;-0.708484;0.000177;
3.515471;0.707875;0.000176;1.000000;0.707875;0.000176;1.000000;1.000000;0.000000;-0.707875;0.000176;
3.520775;0.707266;0.000175;1.000000;0.707266;0.000175;1.000000;1.000000;0.000000;-0.707266;0.000175;
3.526080;0.706657;0.000174;1.000000;0.706657;0.000174;1.000000;1.000000;0.000000;-0.706657;0.000174;
3.531385;0.706048;0.000172;1.000000;0.706048;0.000172;1.000000;1.000000;0.000000;-0.706048;0.000172;
3.536689;0.705440;0.000171;1.000000;0.705440;0.000171;1.000000;1.000000;0.000000;-0.705440;0.000171;
3.541994;0.704832;0.000170;1.000000;0.704832;0.000170;1.000000;1.000000;0.000000;-0.704832;0.000170;
3.547299;0.704224;0.000169;1.000000;0.704224;0.000169;1.000000;1.000000;0.000000;-0.704224;0.000169;
3.552603;0.703616;0.000168;1.000000;0.703616;0.000168;1.000000;1.000000;0.000000;-0.703616;0.000168;
3.557908;0.703009;0.000167;1.000000;0.703009;0.000167;1.000000;1.000000;0.000000;-0.703009;0.000167;
3.563212;0.702401;0.000165;1.000000;0.702401;0.000165;1.000000;1.000000;0.000000;-0.702401;0.000165;
3.568517;0.701794;0.000164;1.000000;0.701794;0.000164;1.000000;1.000000;0.000000;-0.701794;0.000164;
3.573822;0.701188;0.000163;1.000000;0.701188;0.000163;1.000000;1.000000;0.000000;-0.701188;0.000163;
3.579126;0.700581;0.000162;1.000000;0.700581;0.000162;1.000000;1.000000;0.000000;-0.700581;0.000162;
3.584431;0.699975;0.000161;1.000000;0.699975;0.000161;1.000000;1.000000;0.000000;-0.699975;0.000161;
3.589736;0.699369;0.000160;1.000000;0.699369;0.000160;1.000000;1.000000;0.000000;-0.699369;0.000160;
3.595040;0.698764;0.000159;1.000000;0.698764;0.000159;1.000000;1.000000;0.000000;-0.698764;0.000159;
3.600345;0.698158;0.000157;1.000000;0.698158;0.000157;1.000000;1.000000;0.000000;-0.698158;0.000157;
3.605650;0.697553;0.000156;1.000000;0.697553;0.000156;1.000000;1.000000;0.000000;-0.697553;0.000156;
3.610954;0.696949;0.000155;1.000000;0.696949;0.000155;1.000000;1.000000;0.000000;-0.696949;0.000155;
3.616259;0.696344;0.000154;1.000000;0.696344;0.000154;1.000000;1.000000;0.000000;-0.696344;0.000154;
3.621563;0.695740;0.000153;1.000000;0.695740;0.000153;1.000000;1.000000;0.000000;-0.695740;0.000153;
3.626868;0.695137;0.000152;1.000000;0.695137;0.000152;1.000000;1.000000;0.000000;-0.695137;0.000152;
3.632173;0.694534;0.000151;1.000000;0.694534;0.000151;1.000000;1.000000;0.000000;-0.694534;0.000151;
3.637477;0.693931;0.000150;1.000000;0.693931;0.000150;1.000000;1.000000;0.000000;-0.693931;0.000150;
3.642782;0.693328;0.000149;1.000000;0.693328;0.000149;1.000000;1.000000;0.000000;-0.693328;0.000149;
3.648087;0.692726;0.000148;1.000000;0.692726;0.000148;1.000000;1.000000;0.000000;-0.692726;0.000148;
3.653391;0.692124;0.000147;1.000000;0.692124;0.000147;1.000000;1.000000;0.000000;-0.692124;0.000147;
3.658696;0.691522;0.000146;1.000000;0.691522;0.000146;1.000000;1.000000;0.000000;-0.691522;0.000146;
3.669305;0.690321;0.000143;1.000000;0.690321;0.000143;1.000000;1.000000;0.000000;-0.690321;0.000143;
3.678832;0.689243;0.000142;1.000000;0.689243;0.000142;1.000000;1.000000;0.000000;-0.689243;0.000142;
3.688359;0.688167;0.000140;1.000000;0.688167;0.000140;1.000000;1.000000;0.000000;-0.688167;0.000140;
3.697886;0.687092;0.000138;1.000000;0.687092;0.000138;1.000000;1.000000;0.000000;-0.687092;0.000138;
3.707413;0.686019;0.000136;1.000000;0.686019;0.000136;1.000000;1.000000;0.000000;-0.686019;0.000136;
3.716940;0.684947;0.000134;1.000000;0.684947;0.000134;1.000000;1.000000;0.000000;-0.684947;0.000134;
3.726468;0.683876;0.000133;1.000000;0.683876;0.000133;1.000000;1.000000;0.000000;-0.683876;0.000133;
3.735995;0.682807;0.000131;1.000000;0.682807;0.000131;1.000000;1.000000;0.000000;-0.682807;0.000131;
3.745522;0.681740;0.000129;1.000000;0.681740;0.000129;1.000000;1.000000;0.000000;-0.681740;0.000129;
3.755049;0.680674;0.000127;1.000000;0.680674;0.000127;1.000000;1.000000;0.000000;-0.680674;0.000127;
3.764576;0.679610;0.000126;1.000000;0.679610;0.000126;1.000000;1.000000;0.000000;-0.679610;0.000126;
3.774103;0.678547;0.000124;1.000000;0.678547;0.000124;1.000000;1.000000;0.000000;-0.678547;0.000124;
3.783630;0.677486;0.000122;1.000000;0.677486;0.000122;1.000000;1.000000;0.000000;-0.677486;0.000122;
3.793157;0.676427;0.000121;1.000000;0.676427;0.000121;1.000000;1.000000;0.000000;-0.676427;0.000121;
3.802684;0.675370;0.000119;1.000000;0.675370;0.000119;1.000000;1.000000;0.000000;-0.675370;0.000119;
3.812211;0.674315;0.000118;1.000000;0.674315;0.000118;1.000000;1.000000;0.000000;-0.674315;0.000118;
3.821738;0.673261;0.000116;1.000000;0.673261;0.000116;1.000000;1.000000;0.000000;-0.673261;0.000116;
3.831265;0.672209;0.000114;1.000000;0.672209;0.000114;1.000000;1.000000;0.000000;-0.672209;0.000114;
3.840792;0.671159;0.000113;1.000000;0.671159;0.000113;1.000000;1.000000;0.000000;-0.671159;0.000113;
3.850319;0.670111;0.000111;1.000000;0.670111;0.000111;1.000000;1.000000;0.000000;-0.670111;0.000111;
3.859846;0.669065;0.000110;1.000000;0.669065;0.000110;1.000000;1.000000;0.000000;-0.669065;0.000110;
3.869373;0.668022;0.000108;1.000000;0.668022;0.000108;1.000000;1.000000;0.000000;-0.668022;0.000108;
3.878900;0.666980;0.000107;1.000000;0.666980;0.000107;1.000000;1.000000;0.000000;-0.666980;0.000107;
3.888428;0.665940;0.000106;1.000000;0.665940;0.000106;1.000000;1.000000;0.000000;-0.665940;0.000106;
3.897955;0.664902;0.000104;1.000000;0.664902;0.000104;1.000000;1.000000;0.000000;-0.664902;0.000104;
3.907482;0.663867;0.000103;1.000000;0.663867;0.000103;1.000000;1.000000;0.000000;-0.663867;0.000103;
3.917009;0.662833;0.000101;1.000000;0.662833;0.000101;1.000000;1.000000;0.000000;-0.662833;0.000101;
3.926536;0.661802;0.000100;1.000000;0.661802;0.000100;1.000000;1.000000;0.000000;-0.661802;0.000100;
3.936063;0.660773;0.000099;1.000000;0.660773;0.000099;1.000000;1.000000;0.000000;-0.660773;0.000099;
3.945590;0.659746;0.000097;1.000000;0.659746;0.000097;1.000000;1.000000;0.000000;-0.659746;0.000097;
3.955117;0.658722;0.000096;1.000000;0.658722;0.000096;1.000000;1.000000;0.000000;-0.658722;0.000096;
3.964644;0.657700;0.000095;1.000000;0.657700;0.000095;1.000000;1.000000;0.000000;-0.657700;0.000095;
3.974171;0.656680;0.000093;1.000000;0.656680;0.000093;1.000000;1.000000;0.000000;-0.656680;0.000093;
3.983698;0.655663;0.000092;1.000000;0.655663;0.000092;1.000000;1.000000;0.000000;-0.655663;0.000092;
3.993225;0.654648;0.000091;1.000000;0.654648;0.000091;1.000000;1.000000;0.000000;-0.654648;0.000091;
4.002752;0.653635;0.000089;1.000000;0.653635;0.000089;1.000000;1.000000;0.000000;-0.653635;0.000089;
4.012279;0.652625;0.000088;1.000000;0.652625;0.000088;1.000000;1.000000;0.000000;-0.652625;0.000088;
4.021806;0.651618;0.000087;1.000000;0.651618;0.000087;1.000000;1.000000;0.000000;-0.651618;0.000087;
4.031333;0.650613;0.000086;1.000000;0.650613;0.000086;1.000000;1.000000;0.000000;-0.650613;0.000086;
4.040861;0.649611;0.000085;1.000000;0.649611;0.000085;1.000000;1.000000;0.000000;-0.649611;0.000085;
4.050388;0.648611;0.000083;1.000000;0.648611;0.000083;1.000000;1.000000;0.000000;-0.648611;0.000083;
4.059915;0.647614;0.000082;1.000000;0.647614;0.000082;1.000000;1.000000;0.000000;-0.647614;0.000082;
4.069442;0.646619;0.000081;1.000000;0.646619;0.000081;1.000000;1.000000;0.000000;-0.646619;0.000081;
4.078969;0.645627;0.000080;1.000000;0.645627;0.000080;1.000000;1.000000;0.000000;-0.645627;0.000080;
4.088496;0.644638;0.000079;1.000000;0.644638;0.000079;1.000000;1.000000;0.000000;-0.644638;0.000079;
4.098023;0.643652;0.000078;1.000000;0.643652;0.000078;1.000000;1.000000;0.000000;-0.643652;0.000078;
4.107550;0.642668;0.000077;1.000000;0.642668;0.000077;1.000000;1.000000;0.000000;-0.642668;0.000077;
4.117077;0.641687;0.000076;1.000000;0.641687;0.000076;1.000000;1.000000;0.000000;-0.641687;0.000076;
4.126604;0.640709;0.000074;1.000000;0.640709;0.000074;1.000000;1.000000;0.000000;-0.640709;0.000074;
4.145658;0.638764;0.000072;1.000000;0.638764;0.000072;1.000000;1.000000;0.000000;-0.638764;0.000072;
4.162711;0.637033;0.000071;1.000000;0.637033;0.000071;1.000000;1.000000;0.000000;-0.637033;0.000071;
4.179764;0.635311;0.000069;1.000000;0.635311;0.000069;1.000000;1.000000;0.000000;-0.635311;0.000069;
4.196817;0.633599;0.000067;1.000000;0.633599;0.000067;1.000000;1.000000;0.000000;-0.633599;0.000067;
4.213870;0.631897;0.000065;1.000000;0.631897;0.000065;1.000000;1.000000;0.000000;-0.631897;0.000065;
4.230923;0.630205;0.000064;1.000000;0.630205;0.000064;1.000000;1.000000;0.000000;-0.630205;0.000064;
4.247976;0.628523;0.000062;1.000000;0.628523;0.000062;1.000000;1.000000;0.000000;-0.628523;0.000062;
4.265028;0.626851;0.000061;1.000000;0.626851;0.000061;1.000000;1.000000;0.000000;-0.626851;0.000061;
4.282081;0.625189;0.000059;1.000000;0.625189;0.000059;1.000000;1.000000;0.000000;-0.625189;0.000059;
4.299134;0.623538;0.000057;1.000000;0.623538;0.000057;1.000000;1.000000;0.000000;-0.623538;0.000057;
4.316187;0.621897;0.000056;1.000000;0.621897;0.000056;1.000000;1.000000;0.000000;-0.621897;0.000056;
4.333240;0.620267;0.000055;1.000000;0.620267;0.000055;1.000000;1.000000;0.000000;-0.620267;0.000055;
4.350293;0.618648;0.000053;1.000000;0.618648;0.000053;1.000000;1.000000;0.000000;-0.618648;0.000053;
4.367346;0.617040;0.000052;1.000000;0.617040;0.000052;1.000000;1.000000;0.000000;-0.617040;0.000052;
4.384399;0.615442;0.000050;1.000000;0.615442;0.000050;1.000000;1.000000;0.000000;-0.615442;0.000050;
4.401452;0.613855;0.000049;1.000000;0.613855;0.000049;1.000000;1.000000;0.000000;-0.613855;0.000049;
4.418505;0.612279;0.000048;1.000000;0.612279;0.000048;1.000000;1.000000;0.000000;-0.612279;0.000048;
4.435557;0.610715;0.000047;1.000000;0.610715;0.000047;1.000000;1.000000;0.000000;-0.610715;0.000047;
4.452610;0.609163;0.000045;1.000000;0.609163;0.000045;1.000000;1.000000;0.000000;-0.609163;0.000045;
4.469663;0.607622;0.000044;1.000000;0.607622;0.000044;1.000000;1.000000;0.000000;-0.607622;0.000044;
4.486716;0.606092;0.000043;1.000000;0.606092;0.000043;1.000000;1.000000;0.000000;-0.606092;0.000043;
4.503769;0.604575;0.000042;1.000000;0.604575;0.000042;1.000000;1.000000;0.000000;-0.604575;0.000042;
4.520822;0.603069;0.000041;1.000000;0.603069;0.000041;1.000000;1.000000;0.000000;-0.603069;0.000041;
4.537875;0.601575;0.000040;1.000000;0.601575;0.000040;1.000000;1.000000;0.000000;-0.601575;0.000040;
4.554928;0.600094;0.000039;1.000000;0.600094;0.000039;1.000000;1.000000;0.000000;-0.600094;0.000039;
4.571981;0.598624;0.000038;1.000000;0.598624;0.000038;1.000000;1.000000;0.000000;-0.598624;0.000038;
4.589033;0.597167;0.000037;1.000000;0.597167;0.000037;1.000000;1.000000;0.000000;-0.597167;0.000037;
4.606086;0.595722;0.000036;1.000000;0.595722;0.000036;1.000000;1.000000;0.000000;-0.595722;0.000036;
4.623139;0.594290;0.000035;1.000000;0.594290;0.000035;1.000000;1.000000;0.000000;-0.594290;0.000035;
4.640192;0.592870;0.000034;1.000000;0.592870;0.000034;1.000000;1.000000;0.000000;-0.592870;0.000034;
4.657245;0.591463;0.000033;1.000000;0.591463;0.000033;1.000000;1.000000;0.000000;-0.591463;0.000033;
4.674298;0.590069;0.000032;1.000000;0.590069;0.000032;1.000000;1.000000;0.000000;-0.590069;0.000032;
4.691351;0.588687;0.000031;1.000000;0.588687;0.000031;1.000000;1.000000;0.000000;-0.588687;0.000031;
4.708404;0.587318;0.000030;1.000000;0.587318;0.000030;1.000000;1.000000;0.000000;-0.587318;0.000030;
4.725457;0.585963;0.000030;1.000000;0.585963;0.000030;1.000000;1.000000;0.000000;-0.585963;0.000030;
4.742510;0.584620;0.000029;1.000000;0.584620;0.000029;1.000000;1.000000;0.000000;-0.584620;0.000029;
4.759562;0.583290;0.000028;1.000000;0.583290;0.000028;1.000000;1.000000;0.000000;-0.583290;0.000028;
4.776615;0.581974;0.000027;1.000000;0.581974;0.000027;1.000000;1.000000;0.000000;-0.581974;0.000027;
4.793668;0.580670;0.000027;1.000000;0.580670;0.000027;1.000000;1.000000;0.000000;-0.580670;0.000027;
4.810721;0.579380;0.000026;1.000000;0.579380;0.000026;1.000000;1.000000;0.000000;-0.579380;0.000026;
4.827774;0.578104;0.000025;1.000000;0.578104;0.000025;1.000000;1.000000;0.000000;-0.578104;0.000025;
4.844827;0.576841;0.000025;1.000000;0.576841;0.000025;1.000000;1.000000;0.000000;-0.576841;0.000025;
4.861880;0.575591;0.000024;1.000000;0.575591;0.000024;1.000000;1.000000;0.000000;-0.575591;0.000024;
4.878933;0.574355;0.000023;1.000000;0.574355;0.000023;1.000000;1.000000;0.000000;-0.574355;0.000023;
4.895986;0.573132;0.000023;1.000000;0.573132;0.000023;1.000000;1.000000;0.000000;-0.573132;0.000023;
4.913039;0.571923;0.000022;1.000000;0.571923;0.000022;1.000000;1.000000;0.000000;-0.571923;0.000022;
4.930091;0.570728;0.000021;1.000000;0.570728;0.000021;1.000000;1.000000;0.000000;-0.570728;0.000021;
4.947144;0.569547;0.000021;1.000000;0.569547;0.000021;1.000000;1.000000;0.000000;-0.569547;0.000021;
4.964197;0.568379;0.000020;1.000000;0.568379;0.000020;1.000000;1.000000;0.000000;-0.568379;0.000020;
4.981250;0.567225;0.000020;1.000000;0.567225;0.000020;1.000000;1.000000;0.000000;-0.567225;0.000020;
4.998303;0.566086;0.000019;1.000000;0.566086;0.000019;1.000000;1.000000;0.000000;-0.566086;0.000019;
5.015356;0.564960;0.000019;1.000000;0.564960;0.000019;1.000000;1.000000;0.000000;-0.564960;0.000019;
5.032409;0.563848;0.000018;1.000000;0.563848;0.000018;1.000000;1.000000;0.000000;-0.563848;0.000018;
5.049462;0.562750;0.000018;1.000000;0.562750;0.000018;1.000000;1.000000;0.000000;-0.562750;0.000018;
5.066515;0.561666;0.000017;1.000000;0.561666;0.000017;1.000000;1.000000;0.000000;-0.561666;0.000017;
5.083567;0.560596;0.000017;1.000000;0.560596;0.000017;1.000000;1.000000;0.000000;-0.560596;0.000017;
5.100620;0.559541;0.000016;1.000000;0.559541;0.000016;1.000000;1.000000;0.000000;-0.559541;0.000016;
5.117673;0.558499;0.000016;1.000000;0.558499;0.000016;1.000000;1.000000;0.000000;-0.558499;0.000016;
5.134726;0.557472;0.000015;1.000000;0.557472;0.000015;1.000000;1.000000;0.000000;-0.557472;0.000015;
5.151779;0.556459;0.000015;1.000000;0.556459;0.000015;1.000000;1.000000;0.000000;-0.556459;0.000015;
5.168832;0.555460;0.000015;1.000000;0.555460;0.000015;1.000000;1.000000;0.000000;-0.555460;0.000015;
5.185885;0.554476;0.000014;1.000000;0.554476;0.000014;1.000000;1.000000;0.000000;-0.554476;0.000014;
5.202938;0.553506;0.000014;1.000000;0.553506;0.000014;1.000000;1.000000;0.000000;-0.553506;0.000014;
5.219991;0.552550;0.000013;1.000000;0.552550;0.000013;1.000000;1.000000;0.000000;-0.552550;0.000013;
5.237044;0.551608;0.000013;1.000000;0.551608;0.000013;1.000000;1.000000;0.000000;-0.551608;0.000013;
5.254096;0.550681;0.000013;1.000000;0.550681;0.000013;1.000000;1.000000;0.000000;-0.550681;0.000013;
5.271149;0.549768;0.000012;1.000000;0.549768;0.000012;1.000000;1.000000;0.000000;-0.549768;0.000012;
5.288202;0.548870;0.000012;1.000000;0.548870;0.000012;1.000000;1.000000;0.000000;-0.548870;0.000012;
5.305255;0.547986;0.000012;1.000000;0.547986;0.000012;1.000000;1.000000;0.000000;-0.547986;0.000012;
5.322308;0.547116;0.000011;1.000000;0.547116;0.000011;1.000000;1.000000;0.000000;-0.547116;0.000011;
5.339361;0.546261;0.000011;1.000000;0.546261;0.000011;1.000000;1.000000;0.000000;-0.546261;0.000011;
5.356414;0.545420;0.000011;1.000000;0.545420;0.000011;1.000000;1.000000;0.000000;-0.545420;0.000011;
5.373467;0.544593;0.000010;1.000000;0.544593;0.000010;1.000000;1.000000;0.000000;-0.544593;0.000010;
5.390520;0.543781;0.000010;1.000000;0.543781;0.000010;1.000000;1.000000;0.000000;-0.543781;0.000010;
5.407572;0.542984;0.000010;1.000000;0.542984;0.000010;1.000000;1.000000;0.000000;-0.542984;0.000010;
5.424625;0.542200;0.000010;1.000000;0.542200;0.000010;1.000000;1.000000;0.000000;-0.542200;0.000010;
5.441678;0.541432;0.000009;1.000000;0.541432;0.000009;1.000000;1.000000;0.000000;-0.541432;0.000009;
5.458731;0.540677;0.000009;1.000000;0.540677;0.000009;1.000000;1.000000;0.000000;-0.540677;0.000009;
5.475784;0.539937;0.000009;1.000000;0.539937;0.000009;1.000000;1.000000;0.000000;-0.539937;0.000009;
5.492837;0.539212;0.000009;1.000000;0.539212;0.000009;1.000000;1.000000;0.000000;-0.539212;0.000009;
5.509890;0.538501;0.000008;1.000000;0.538501;0.000008;1.000000;1.000000;0.000000;-0.538501;0.000008;
5.526943;0.537804;0.000008;1.000000;0.537804;0.000008;1.000000;1.000000;0.000000;-0.537804;0.000008;
5.543996;0.537121;0.000008;1.000000;0.537121;0.000008;1.000000;1.000000;0.000000;-0.537121;0.000008;
5.561049;0.536453;0.000008;1.000000;0.536453;0.000008;1.000000;1.000000;0.000000;-0.536453;0.000008;
5.578101;0.535799;0.000007;1.000000;0.535799;0.000007;1.000000;1.000000;0.000000;-0.535799;0.000007;
5.595154;0.535160;0.000007;1.000000;0.535160;0.000007;1.000000;1.000000;0.000000;-0.535160;0.000007;
5.612207;0.534535;0.000007;1.000000;0.534535;0.000007;1.000000;1.000000;0.000000;-0.534535;0.000007;
5.629260;0.533924;0.000007;1.000000;0.533924;0.000007;1.000000;1.000000;0.000000;-0.533924;0.000007;
5.646313;0.533327;0.000007;1.000000;0.533327;0.000007;1.000000;1.000000;0.000000;-0.533327;0.000007;
5.663366;0.532746;0.000006;1.000000;0.532746;0.000006;1.000000;1.000000;0.000000;-0.532746;0.000006;
5.680419;0.532178;0.000006;1.000000;0.532178;0.000006;1.000000;1.000000;0.000000;-0.532178;0.000006;
5.697472;0.531625;0.000006;1.000000;0.531625;0.000006;1.000000;1.000000;0.000000;-0.531625;0.000006;
5.714525;0.531086;0.000006;1.000000;0.531086;0.000006;1.000000;1.000000;0.000000;-0.531086;0.000006;
5.731578;0.530561;0.000006;1.000000;0.530561;0.000006;1.000000;1.000000;0.000000;-0.530561;0.000006;
5.748630;0.530050;0.000006;1.000000;0.530050;0.000006;1.000000;1.000000;0.000000;-0.530050;0.000006;
5.765683;0.529553;0.000005;1.000000;0.529553;0.000005;1.000000;1.000000;0.000000;-0.529553;0.000005;
5.782736;0.529070;0.000005;1.000000;0.529070;0.000005;1.000000;1.000000;0.000000;-0.529070;0.000005;
5.799789;0.528601;0.000005;1.000000;0.528601;0.000005;1.000000;1.000000;0.000000;-0.528601;0.000005;
5.816842;0.528146;0.000005;1.000000;0.528146;0.000005;1.000000;1.000000;0.000000;-0.528146;0.000005;
5.833895;0.527705;0.000005;1.000000;0.527705;0.000005;1.000000;1.000000;0.000000;-0.527705;0.000005;
5.850948;0.527278;0.000005;1.000000;0.527278;0.000005;1.000000;1.000000;0.000000;-0.527278;0.000005;
5.868001;0.526865;0.000005;1.000000;0.526865;0.000005;1.000000;1.000000;0.000000;-0.526865;0.000005;
5.885054;0.526465;0.000004;1.000000;0.526465;0.000004;1.000000;1.000000;0.000000;-0.526465;0.000004;
5.902106;0.526079;0.000004;1.000000;0.526079;0.000004;1.000000;1.000000;0.000000;-0.526079;0.000004;
5.919159;0.525707;0.000004;1.000000;0.525707;0.000004;1.000000;1.000000;0.000000;-0.525707;0.000004;
5.936212;0.525348;0.000004;1.000000;0.525348;0.000004;1.000000;1.000000;0.000000;-0.525348;0.000004;
5.953265;0.525003;0.000004;1.000000;0.525003;0.000004;1.000000;1.000000;0.000000;-0.525003;0.000004;
5.970318;0.524672;0.000004;1.000000;0.524672;0.000004;1.000000;1.000000;0.000000;-0.524672;0.000004;
5.987371;0.524354;0.000004;1.000000;0.524354;0.000004;1.000000;1.000000;0.000000;-0.524354;0.000004;
6.004424;0.524049;0.000004;1.000000;0.524049;0.000004;1.000000;1.000000;0.000000;-0.524049;0.000004;
6.021477;0.523758;0.000004;1.000000;0.523758;0.000004;1.000000;1.000000;0.000000;-0.523758;0.000004;
6.038530;0.523480;0.000003;1.000000;0.523480;0.000003;1.000000;1.000000;0.000000;-0.523480;0.000003;
6.055583;0.523214;0.000003;1.000000;0.523214;0.000003;1.000000;1.000000;0.000000;-0.523214;0.000003;
6.072635;0.522962;0.000003;1.000000;0.522962;0.000003;1.000000;1.000000;0.000000;-0.522962;0.000003;
6.089688;0.522723;0.000003;1.000000;0.522723;0.000003;1.000000;1.000000;0.000000;-0.522723;0.000003;
6.106741;0.522497;0.000003;1.000000;0.522497;0.000003;1.000000;1.000000;0.000000;-0.522497;0.000003;
6.123794;0.522284;0.000003;1.000000;0.522284;0.000003;1.000000;1.000000;0.000000;-0.522284;0.000003;
6.140847;0.522083;0.000003;1.000000;0.522083;0.000003;1.000000;1.000000;0.000000;-0.522083;0.000003;
6.157900;0.521896;0.000003;1.000000;0.521896;0.000003;1.000000;1.000000;0.000000;-0.521896;0.000003;
6.174953;0.521722;0.000003;1.000000;0.521722;0.000003;1.000000;1.000000;0.000000;-0.521722;0.000003;
6.192006;0.521560;0.000003;1.000000;0.521560;0.000003;1.000000;1.000000;0.000000;-0.521560;0.000003;
6.209059;0.521411;0.000003;1.000000;0.521411;0.000003;1.000000;1.000000;0.000000;-0.521411;0.000003;
6.226111;0.521274;0.000003;1.000000;0.521274;0.000003;1.000000;1.000000;0.000000;-0.521274;0.000003;
6.243164;0.521151;0.000002;1.000000;0.521151;0.000002;1.000000;1.000000;0.000000;-0.521151;0.000002;
6.260217;0.521039;0.000002;1.000000;0.521039;0.000002;1.000000;1.000000;0.000000;-0.521039;0.000002;
6.277270;0.520940;0.000002;1.000000;0.520940;0.000002;1.000000;1.000000;0.000000;-0.520940;0.000002;
6.294323;0.520853;0.000002;1.000000;0.520853;0.000002;1.000000;1.000000;0.000000;-0.520853;0.000002;
6.311376;0.520779;0.000002;1.000000;0.520779;0.000002;1.000000;1.000000;0.000000;-0.520779;0.000002;
6.328429;0.520716;0.000002;1.000000;0.520716;0.000002;1.000000;1.000000;0.000000;-0.520716;0.000002;
6.345482;0.520666;0.000002;1.000000;0.520666;0.000002;1.000000;1.000000;0.000000;-0.520666;0.000002;
6.362535;0.520627;0.000002;1.000000;0.520627;0.000002;1.000000;1.000000;0.000000;-0.520627;0.000002;
6.379588;0.520601;0.000002;1.000000;0.520601;0.000002;1.000000;1.000000;0.000000;-0.520601;0.000002;
6.396640;0.520586;0.000002;1.000000;0.520586;0.000002;1.000000;1.000000;0.000000;-0.520586;0.000002;
6.413693;0.520583;0.000002;1.000000;0.520583;0.000002;1.000000;1.000000;0.000000;-0.520583;0.000002;
6.430746;0.520592;0.000002;1.000000;0.520592;0.000002;1.000000;1.000000;0.000000;-0.520592;0.000002;
6.447799;0.520612;0.000002;1.000000;0.520612;0.000002;1.000000;1.000000;0.000000;-0.520612;0.000002;
6.464852;0.520644;0.000002;1.000000;0.520644;0.000002;1.000000;1.000000;0.000000;-0.520644;0.000002;
6.481905;0.520687;0.000002;1.000000;0.520687;0.000002;1.000000;1.000000;0.000000;-0.520687;0.000002;
6.498958;0.520742;0.000002;1.000000;0.520742;0.000002;1.000000;1.000000;0.000000;-0.520742;0.000002;
6.516011;0.520808;0.000002;1.000000;0.520808;0.000002;1.000000;1.000000;0.000000;-0.520808;0.000002;
6.533064;0.520885;0.000001;1.000000;0.520885;0.000001;1.000000;1.000000;0.000000;-0.520885;0.000001;
6.550117;0.520973;0.000001;1.000000;0.520973;0.000001;1.000000;1.000000;0.000000;-0.520973;0.000001;
6.567169;0.521071;0.000001;1.000000;0.521071;0.000001;1.000000;1.000000;0.000000;-0.521071;0.000001;
6.584222;0.521181;0.000001;1.000000;0.521181;0.000001;1.000000;1.000000;0.000000;-0.521181;0.000001;
6.601275;0.521302;0.000001;1.000000;0.521302;0.000001;1.000000;1.000000;0.000000;-0.521302;0.000001;
6.618328;0.521433;0.000001;1.000000;0.521433;0.000001;1.000000;1.000000;0.000000;-0.521433;0.000001;
6.635381;0.521575;0.000001;1.000000;0.521575;0.000001;1.000000;1.000000;0.000000;-0.521575;0.000001;
6.652434;0.521727;0.000001;1.000000;0.521727;0.000001;1.000000;1.000000;0.000000;-0.521727;0.000001;
6.669487;0.521890;0.000001;1.000000;0.521890;0.000001;1.000000;1.000000;0.000000;-0.521890;0.000001;
6.686540;0.522062;0.000001;1.000000;0.522062;0.000001;1.000000;1.000000;0.000000;-0.522062;0.000001;
6.703593;0.522246;0.000001;1.000000;0.522246;0.000001;1.000000;1.000000;0.000000;-0.522246;0.000001;
6.720645;0.522439;0.000001;1.000000;0.522439;0.000001;1.000000;1.000000;0.000000;-0.522439;0.000001;
6.737698;0.522642;0.000001;1.000000;0.522642;0.000001;1.000000;1.000000;0.000000;-0.522642;0.000001;
6.754751;0.522855;0.000001;1.000000;0.522855;0.000001;1.000000;1.000000;0.000000;-0.522855;0.000001;
6.771804;0.523078;0.000001;1.000000;0.523078;0.000001;1.000000;1.000000;0.000000;-0.523078;0.000001;
6.788857;0.523310;0.000001;1.000000;0.523310;0.000001;1.000000;1.000000;0.000000;-0.523310;0.000001;
6.805910;0.523553;0.000001;1.000000;0.523553;0.000001;1.000000;1.000000;0.000000;-0.523553;0.000001;
6.822963;0.523804;0.000001;1.000000;0.523804;0.000001;1.000000;1.000000;0.000000;-0.523804;0.000001;
6.840016;0.524065;0.000001;1.000000;0.524065;0.000001;1.000000;1.000000;0.000000;-0.524065;0.000001;
6.857069;0.524335;0.000001;1.000000;0.524335;0.000001;1.000000;1.000000;0.000000;-0.524335;0.000001;
6.874122;0.524615;0.000001;1.000000;0.524615;0.000001;1.000000;1.000000;0.000000;-0.524615;0.000001;
6.891174;0.524903;0.000001;1.000000;0.524903;0.000001;1.000000;1.000000;0.000000;-0.524903;0.000001;
6.908227;0.525201;0.000001;1.000000;0.525201;0.000001;1.000000;1.000000;0.000000;-0.525201;0.000001;
6.925280;0.525507;0.000001;1.000000;0.525507;0.000001;1.000000;1.000000;0.000000;-0.525507;0.000001;
6.942333;0.525822;0.000001;1.000000;0.525822;0.000001;1.000000;1.000000;0.000000;-0.525822;0.000001;
6.959386;0.526146;0.000001;1.000000;0.526146;0.000001;1.000000;1.000000;0.000000;-0.526146;0.000001;
6.976439;0.526478;0.000001;1.000000;0.526478;0.000001;1.000000;1.000000;0.000000;-0.526478;0.000001;
6.993492;0.526819;0.000001;1.000000;0.526819;0.000001;1.000000;1.000000;0.000000;-0.526819;0.000001;
7.010545;0.527168;0.000001;1.000000;0.527168;0.000001;1.000000;1.000000;0.000000;-0.527168;0.000001;
7.027598;0.527525;0.000001;1.000000;0.527525;0.000001;1.000000;1.000000;0.000000;-0.527525;0.000001;
7.044650;0.527890;0.000001;1.000000;0.527890;0.000001;1.000000;1.000000;0.000000;-0.527890;0.000001;
7.061703;0.528263;0.000001;1.000000;0.528263;0.000001;1.000000;1.000000;0.000000;-0.528263;0.000001;
7.078756;0.528644;0.000001;1.000000;0.528644;0.000001;1.000000;1.000000;0.000000;-0.528644;0.000001;
7.095809;0.529033;0.000001;1.000000;0.529033;0.000001;1.000000;1.000000;0.000000;-0.529033;0.000001;
7.112862;0.529430;0.000001;1.000000;0.529430;0.000001;1.000000;1.000000;0.000000;-0.529430;0.000001;
7.129915;0.529834;0.000001;1.000000;0.529834;0.000001;1.000000;1.000000;0.000000;-0.529834;0.000001;
7.146968;0.530245;0.000000;1.000000;0.530245;0.000000;1.000000;1.000000;0.000000;-0.530245;0.000000;
7.164021;0.530664;0.000000;1.000000;0.530664;0.000000;1.000000;1.000000;0.000000;-0.530664;0.000000;
7.181074;0.531090;0.000000;1.000000;0.531090;0.000000;1.000000;1.000000;0.000000;-0.531090;0.000000;
7.198127;0.531523;0.000000;1.000000;0.531523;0.000000;1.000000;1.000000;0.000000;-0.531523;0.000000;
7.215179;0.531963;0.000000;1.000000;0.531963;0.000000;1.000000;1.000000;0.000000;-0.531963;0.000000;
7.232232;0.532410;0.000000;1.000000;0.532410;0.000000;1.000000;1.000000;0.000000;-0.532410;0.000000;
7.249285;0.532864;0.000000;1.000000;0.532864;0.000000;1.000000;1.000000;0.000000;-0.532864;0.000000;
7.266338;0.533324;0.000000;1.000000;0.533324;0.000000;1.000000;1.000000;0.000000;-0.533324;0.000000;
7.283391;0.533791;0.000000;1.000000;0.533791;0.000000;1.000000;1.000000;0.000000;-0.533791;0.000000;
7.300444;0.534264;0.000000;1.000000;0.534264;0.000000;1.000000;1.000000;0.000000;-0.534264;0.000000;
7.317497;0.534743;0.000000;1.000000;0.534743;0.000000;1.000000;1.000000;0.000000;-0.534743;0.000000;
7.334550;0.535229;0.000000;1.000000;0.535229;0.000000;1.000000;1.000000;0.000000;-0.535229;0.000000;
7.351603;0.535721;0.000000;1.000000;0.535721;0.000000;1.000000;1.000000;0.000000;-0.535721;0.000000;
7.368656;0.536219;0.000000;1.000000;0.536219;0.000000;1.000000;1.000000;0.000000;-0.536219;0.000000;
7.385708;0.536722;0.000000;1.000000;0.536722;0.000000;1.000000;1.000000;0.000000;-0.536722;0.000000;
7.402761;0.537231;0.000000;1.000000;0.537231;0.000000;1.000000;1.000000;0.000000;-0.537231;0.000000;
7.419814;0.537746;0.000000;1.000000;0.537746;0.000000;1.000000;1.000000;0.000000;-0.537746;0.000000;
7.436867;0.538266;0.000000;1.000000;0.538266;0.000000;1.000000;1.000000;0.000000;-0.538266;0.000000;
7.453920;0.538792;0.000000;1.000000;0.538792;0.000000;1.000000;1.000000;0.000000;-0.538792;0.000000;
7.470973;0.539323;0.000000;1.000000;0.539323;0.000000;1.000000;1.000000;0.000000;-0.539323;0.000000;
7.488026;0.539859;0.000000;1.000000;0.539859;0.000000;1.000000;1.000000;0.000000;-0.539859;0.000000;
7.505079;0.540400;0.000000;1.000000;0.540400;0.000000;1.000000;1.000000;0.000000;-0.540400;0.000000;
7.522132;0.540946;0.000000;1.000000;0.540946;0.000000;1.000000;1.000000;0.000000;-0.540946;0.000000;
7.539184;0.541497;0.000000;1.000000;0.541497;0.000000;1.000000;1.000000;0.000000;-0.541497;0.000000;
7.556237;0.542053;0.000000;1.000000;0.542053;0.000000;1.000000;1.000000;0.000000;-0.542053;0.000000;
7.573290;0.542613;0.000000;1.000000;0.542613;0.000000;1.000000;1.000000;0.000000;-0.542613;0.000000;
7.590343;0.543177;0.000000;1.000000;0.543177;0.000000;1.000000;1.000000;0.000000;-0.543177;0.000000;
7.607396;0.543746;0.000000;1.000000;0.543746;0.000000;1.000000;1.000000;0.000000;-0.543746;0.000000;
7.624449;0.544319;0.000000;1.000000;0.544319;0.000000;1.000000;1.000000;0.000000;-0.544319;0.000000;
7.641502;0.544897;0.000000;1.000000;0.544897;0.000000;1.000000;1.000000;0.000000;-0.544897;0.000000;
7.658555;0.545478;0.000000;1.000000;0.545478;0.000000;1.000000;1.000000;0.000000;-0.545478;0.000000;
7.675608;0.546063;0.000000;1.000000;0.546063;0.000000;1.000000;1.000000;0.000000;-0.546063;0.000000;
7.692661;0.546652;0.000000;1.000000;0.546652;0.000000;1.000000;1.000000;0.000000;-0.546652;0.000000;
7.709713;0.547244;0.000000;1.000000;0.547244;0.000000;1.000000;1.000000;0.000000;-0.547244;0.000000;
7.726766;0.547840;0.000000;1.000000;0.547840;0.000000;1.000000;1.000000;0.000000;-0.547840;0.000000;
7.743819;0.548440;0.000000;1.000000;0.548440;0.000000;1.000000;1.000000;0.000000;-0.548440;0.000000;
7.760872;0.549043;0.000000;1.000000;0.549043;0.000000;1.000000;1.000000;0.000000;-0.549043;0.000000;
7.777925;0.549649;0.000000;1.000000;0.549649;0.000000;1.000000;1.000000;0.000000;-0.549649;0.000000;
7.794978;0.550258;0.000000;1.000000;0.550258;0.000000;1.000000;1.000000;0.000000;-0.550258;0.000000;
7.812031;0.550870;0.000000;1.000000;0.550870;0.000000;1.000000;1.000000;0.000000;-0.550870;0.000000;
7.829084;0.551485;0.000000;1.000000;0.551485;0.000000;1.000000;1.000000;0.000000;-0.551485;0.000000;
7.846137;0.552103;0.000000;1.000000;0.552103;0.000000;1.000000;1.000000;0.000000;-0.552103;0.000000;
7.863189;0.552724;0.000000;1.000000;0.552724;0.000000;1.000000;1.000000;0.000000;-0.552724;0.000000;
7.880242;0.553347;0.000000;1.000000;0.553347;0.000000;1.000000;1.000000;0.000000;-0.553347;0.000000;
7.897295;0.553972;0.000000;1.000000;0.553972;0.000000;1.000000;1.000000;0.000000;-0.553972;0.000000;
7.914348;0.554600;0.000000;1.000000;0.554600;0.000000;1.000000;1.000000;0.000000;-0.554600;0.000000;
7.931401;0.555230;0.000000;1.000000;0.555230;0.000000;1.000000;1.000000;0.000000;-0.555230;0.000000;
7.948454;0.555862;0.000000;1.000000;0.555862;0.000000;1.000000;1.000000;0.000000;-0.555862;0.000000;
7.965507;0.556496;0.000000;1.000000;0.556496;0.000000;1.000000;1.000000;0.000000;-0.556496;0.000000;
7.982560;0.557132;0.000000;1.000000;0.557132;0.000000;1.000000;1.000000;0.000000;-0.557132;0.000000;
7.999613;0.557770;0.000000;1.000000;0.557770;0.000000;1.000000;1.000000;0.000000;-0.557770;0.000000;
8.016666;0.558409;0.000000;1.000000;0.558409;0.000000;1.000000;1.000000;0.000000;-0.558409;0.000000;
8.033718;0.559050;0.000000;1.000000;0.559050;0.000000;1.000000;1.000000;0.000000;-0.559050;0.000000;
8.050771;0.559693;0.000000;1.000000;0.559693;0.000000;1.000000;1.000000;0.000000;-0.559693;0.000000;
8.067824;0.560336;0.000000;1.000000;0.560336;0.000000;1.000000;1.000000;0.000000;-0.560336;0.000000;
8.084877;0.560982;0.000000;1.000000;0.560982;0.000000;1.000000;1.000000;0.000000;-0.560982;0.000000;
8.101930;0.561628;0.000000;1.000000;0.561628;0.000000;1.000000;1.000000;0.000000;-0.561628;0.000000;
8.118983;0.562275;0.000000;1.000000;0.562275;0.000000;1.000000;1.000000;0.000000;-0.562275;0.000000;
8.136036;0.562923;0.000000;1.000000;0.562923;0.000000;1.000000;1.000000;0.000000;-0.562923;0.000000;
8.170142;0.564223;0.000000;1.000000;0.564223;0.000000;1.000000;1.000000;0.000000;-0.564223;0.000000;
8.200381;0.565377;0.000000;1.000000;0.565377;0.000000;1.000000;1.000000;0.000000;-0.565377;0.000000;
8.230620;0.566532;0.000000;1.000000;0.566532;0.000000;1.000000;1.000000;0.000000;-0.566532;0.000000;
8.260859;0.567688;0.000000;1.000000;0.567688;0.000000;1.000000;1.000000;0.000000;-0.567688;0.000000;
8.291098;0.568844;0.000000;1.000000;0.568844;0.000000;1.000000;1.000000;0.000000;-0.568844;0.000000;
8.321337;0.569999;0.000000;1.000000;0.569999;0.000000;1.000000;1.000000;0.000000;-0.569999;0.000000;
8.351577;0.571154;0.000000;1.000000;0.571154;0.000000;1.000000;1.000000;0.000000;-0.571154;0.000000;
8.381816;0.572307;0.000000;1.000000;0.572307;0.000000;1.000000;1.000000;0.000000;-0.572307;0.000000;
8.412055;0.573458;0.000000;1.000000;0.573458;0.000000;1.000000;1.000000;0.000000;-0.573458;0.000000;
8.442294;0.574607;0.000000;1.000000;0.574607;0.000000;1.000000;1.000000;0.000000;-0.574607;0.000000;
8.472533;0.575753;0.000000;1.000000;0.575753;0.000000;1.000000;1.000000;0.000000;-0.575753;0.000000;
8.502772;0.576895;0.000000;1.000000;0.576895;0.000000;1.000000;1.000000;0.000000;-0.576895;0.000000;
8.533012;0.578034;0.000000;1.000000;0.578034;0.000000;1.000000;1.000000;0.000000;-0.578034;0.000000;
8.563251;0.579168;0.000000;1.000000;0.579168;0.000000;1.000000;1.000000;0.000000;-0.579168;0.000000;
8.593490;0.580297;0.000000;1.000000;0.580297;0.000000;1.000000;1.000000;0.000000;-0.580297;0.000000;
8.623729;0.581421;0.000000;1.000000;0.581421;0.000000;1.000000;1.000000;0.000000;-0.581421;0.000000;
8.653968;0.582539;0.000000;1.000000;0.582539;0.000000;1.000000;1.000000;0.000000;-0.582539;0.000000;
8.684207;0.583651;0.000000;1.000000;0.583651;0.000000;1.000000;1.000000;0.000000;-0.583651;0.000000;
8.714446;0.584756;0.000000;1.000000;0.584756;0.000000;1.000000;1.000000;0.000000;-0.584756;0.000000;
8.744686;0.585854;0.000000;1.000000;0.585854;0.000000;1.000000;1.000000;0.000000;-0.585854;0.000000;
8.774925;0.586944;0.000000;1.000000;0.586944;0.000000;1.000000;1.000000;0.000000;-0.586944;0.000000;
8.805164;0.588027;0.000000;1.000000;0.588027;0.000000;1.000000;1.000000;0.000000;-0.588027;0.000000;
8.835403;0.589101;0.000000;1.000000;0.589101;0.000000;1.000000;1.000000;0.000000;-0.589101;0.000000;
8.865642;0.590167;0.000000;1.000000;0.590167;0.000000;1.000000;1.000000;0.000000;-0.590167;0.000000;
8.895881;0.591223;0.000000;1.000000;0.591223;0.000000;1.000000;1.000000;0.000000;-0.591223;0.000000;
8.926121;0.592270;0.000000;1.000000;0.592270;0.000000;1.000000;1.000000;0.000000;-0.592270;0.000000;
8.986599;0.594324;0.000000;1.000000;0.594324;0.000000;1.000000;1.000000;0.000000;-0.594324;0.000000;
9.038981;0.596070;0.000000;1.000000;0.596070;0.000000;1.000000;1.000000;0.000000;-0.596070;0.000000;
9.091363;0.597782;0.000000;1.000000;0.597782;0.000000;1.000000;1.000000;0.000000;-0.597782;0.000000;
9.143744;0.599459;0.000000;1.000000;0.599459;0.000000;1.000000;1.000000;0.000000;-0.599459;0.000000;
9.196126;0.601099;0.000000;1.000000;0.601099;0.000000;1.000000;1.000000;0.000000;-0.601099;0.000000;
9.243270;0.602545;0.000000;1.000000;0.602545;0.000000;1.000000;1.000000;0.000000;-0.602545;0.000000;
9.290414;0.603958;0.000000;1.000000;0.603958;0.000000;1.000000;1.000000;0.000000;-0.603958;0.000000;
9.332843;0.605203;0.000000;1.000000;0.605203;0.000000;1.000000;1.000000;0.000000;-0.605203;0.000000;
9.375272;0.606420;0.000000;1.000000;0.606420;0.000000;1.000000;1.000000;0.000000;-0.606420;0.000000;
9.417702;0.607610;0.000000;1.000000;0.607610;0.000000;1.000000;1.000000;0.000000;-0.607610;0.000000;
9.455888;0.608658;0.000000;1.000000;0.608658;0.000000;1.000000;1.000000;0.000000;-0.608658;0.000000;
9.494074;0.609682;0.000000;1.000000;0.609682;0.000000;1.000000;1.000000;0.000000;-0.609682;0.000000;
9.532261;0.610683;0.000000;1.000000;0.610683;0.000000;1.000000;1.000000;0.000000;-0.610683;0.000000;
9.566628;0.611564;0.000000;1.000000;0.611564;0.000000;1.000000;1.000000;0.000000;-0.611564;0.000000;
9.600996;0.612426;0.000000;1.000000;0.612426;0.000000;1.000000;1.000000;0.000000;-0.612426;0.000000;
9.635364;0.613267;0.000000;1.000000;0.613267;0.000000;1.000000;1.000000;0.000000;-0.613267;0.000000;
9.669732;0.614089;0.000000;1.000000;0.614089;0.000000;1.000000;1.000000;0.000000;-0.614089;0.000000;
9.700663;0.614812;0.000000;1.000000;0.614812;0.000000;1.000000;1.000000;0.000000;-0.614812;0.000000;
9.731594;0.615517;0.000000;1.000000;0.615517;0.000000;1.000000;1.000000;0.000000;-0.615517;0.000000;
9.762525;0.616206;0.000000;1.000000;0.616206;0.000000;1.000000;1.000000;0.000000;-0.616206;0.000000;
9.790798;0.616820;0.000000;1.000000;0.616820;0.000000;1.000000;1.000000;0.000000;-0.616820;0.000000;
9.790994;0.616825;0.000000;1.000000;0.616825;0.000000;1.000000;1.000000;0.000000;-0.616825;0.000000;
9.791385;0.616833;0.000000;1.000000;0.616833;0.000000;1.000000;1.000000;0.000000;-0.616833;0.000000;
9.792169;0.616850;0.000000;1.000000;0.616850;0.000000;1.000000;1.000000;0.000000;-0.616850;0.000000;
9.793736;0.616884;0.000000;1.000000;0.616884;0.000000;1.000000;1.000000;0.000000;-0.616884;0.000000;
9.796870;0.616952;0.000000;1.000000;0.616952;0.000000;1.000000;1.000000;0.000000;-0.616952;0.000000;
9.803138;0.617088;0.000000;1.000000;0.617088;0.000000;1.000000;1.000000;0.000000;-0.617088;0.000000;
9.815673;0.617355;0.000000;1.000000;0.617355;0.000000;1.000000;1.000000;0.000000;-0.617355;0.000000;
9.840745;0.617880;0.000000;1.000000;0.617880;0.000000;1.000000;1.000000;0.000000;-0.617880;0.000000;
9.865817;0.618393;0.000000;1.000000;0.618393;0.000000;1.000000;1.000000;0.000000;-0.618393;0.000000;
9.890889;0.618895;0.000000;1.000000;0.618895;0.000000;1.000000;1.000000;0.000000;-0.618895;0.000000;
9.915960;0.619386;0.000000;1.000000;0.619386;0.000000;1.000000;1.000000;0.000000;-0.619386;0.000000;
9.941032;0.619865;0.000000;1.000000;0.619865;0.000000;1.000000;1.000000;0.000000;-0.619865;0.000000;
9.966104;0.620333;0.000000;1.000000;0.620333;0.000000;1.000000;1.000000;0.000000;-0.620333;0.000000;
9.991176;0.620790;0.000000;1.000000;0.620790;0.000000;1.000000;1.000000;0.000000;-0.620790;0.000000;
10.016247;0.621236;0.000000;1.000000;0.621236;0.000000;1.000000;1.000000;0.000000;-0.621236;0.000000;
10.041319;0.621670;0.000000;1.000000;0.621670;0.000000;1.000000;1.000000;0.000000;-0.621670;0.000000;
10.066391;0.622092;0.000000;1.000000;0.622092;0.000000;1.000000;1.000000;0.000000;-0.622092;0.000000;
10.091462;0.622503;0.000000;1.000000;0.622503;0.000000;1.000000;1.000000;0.000000;-0.622503;0.000000;
10.116534;0.622903;0.000000;1.000000;0.622903;0.000000;1.000000;1.000000;0.000000;-0.622903;0.000000;
10.141606;0.623291;0.000000;1.000000;0.623291;0.000000;1.000000;1.000000;0.000000;-0.623291;0.000000;
10.166678;0.623668;0.000000;1.000000;0.623668;0.000000;1.000000;1.000000;0.000000;-0.623668;0.000000;
10.191749;0.624033;0.000000;1.000000;0.624033;0.000000;1.000000;1.000000;0.000000;-0.624033;0.000000;
10.216821;0.624387;0.000000;1.000000;0.624387;0.000000;1.000000;1.000000;0.000000;-0.624387;0.000000;
10.241893;0.624730;0.000000;1.000000;0.624730;0.000000;1.000000;1.000000;0.000000;-0.624730;0.000000;
10.266964;0.625061;0.000000;1.000000;0.625061;0.000000;1.000000;1.000000;0.000000;-0.625061;0.000000;
10.292036;0.625381;0.000000;1.000000;0.625381;0.000000;1.000000;1.000000;0.000000;-0.625381;0.000000;
10.317108;0.625689;0.000000;1.000000;0.625689;0.000000;1.000000;1.000000;0.000000;-0.625689;0.000000;
10.342180;0.625986;0.000000;1.000000;0.625986;0.000000;1.000000;1.000000;0.000000;-0.625986;0.000000;
10.367251;0.626272;0.000000;1.000000;0.626272;0.000000;1.000000;1.000000;0.000000;-0.626272;0.000000;
10.392323;0.626546;0.000000;1.000000;0.626546;0.000000;1.000000;1.000000;0.000000;-0.626546;0.000000;
10.417395;0.626809;0.000000;1.000000;0.626809;0.000000;1.000000;1.000000;0.000000;-0.626809;0.000000;
10.442466;0.627061;0.000000;1.000000;0.627061;0.000000;1.000000;1.000000;0.000000;-0.627061;0.000000;
10.467538;0.627302;0.000000;1.000000;0.627302;0.000000;1.000000;1.000000;0.000000;-0.627302;0.000000;
10.492610;0.627532;0.000000;1.000000;0.627532;0.000000;1.000000;1.000000;0.000000;-0.627532;0.000000;
10.517682;0.627750;0.000000;1.000000;0.627750;0.000000;1.000000;1.000000;0.000000;-0.627750;0.000000;
10.542753;0.627958;0.000000;1.000000;0.627958;0.000000;1.000000;1.000000;0.000000;-0.627958;0.000000;
10.567825;0.628155;0.000000;1.000000;0.628155;0.000000;1.000000;1.000000;0.000000;-0.628155;0.000000;
10.592897;0.628340;0.000000;1.000000;0.628340;0.000000;1.000000;1.000000;0.000000;-0.628340;0.000000;
10.617968;0.628515;0.000000;1.000000;0.628515;0.000000;1.000000;1.000000;0.000000;-0.628515;0.000000;
10.643040;0.628679;0.000000;1.000000;0.628679;0.000000;1.000000;1.000000;0.000000;-0.628679;0.000000;
10.668112;0.628832;0.000000;1.000000;0.628832;0.000000;1.000000;1.000000;0.000000;-0.628832;0.000000;
10.693184;0.628975;0.000000;1.000000;0.628975;0.000000;1.000000;1.000000;0.000000;-0.628975;0.000000;
10.718255;0.629107;0.000000;1.000000;0.629107;0.000000;1.000000;1.000000;0.000000;-0.629107;0.000000;
10.743327;0.629229;0.000000;1.000000;0.629229;0.000000;1.000000;1.000000;0.000000;-0.629229;0.000000;
10.768399;0.629340;0.000000;1.000000;0.629340;0.000000;1.000000;1.000000;0.000000;-0.629340;0.000000;
10.793471;0.629440;0.000000;1.000000;0.629440;0.000000;1.000000;1.000000;0.000000;-0.629440;0.000000;
10.818542;0.629531;0.000000;1.000000;0.629531;0.000000;1.000000;1.000000;0.000000;-0.629531;0.000000;
10.843614;0.629611;0.000000;1.000000;0.629611;0.000000;1.000000;1.000000;0.000000;-0.629611;0.000000;
10.868686;0.629681;0.000000;1.000000;0.629681;0.000000;1.000000;1.000000;0.000000;-0.629681;0.000000;
10.893757;0.629741;0.000000;1.000000;0.629741;0.000000;1.000000;1.000000;0.000000;-0.629741;0.000000;
10.918829;0.629791;0.000000;1.000000;0.629791;0.000000;1.000000;1.000000;0.000000;-0.629791;0.000000;
10.943901;0.629832;0.000000;1.000000;0.629832;0.000000;1.000000;1.000000;0.000000;-0.629832;0.000000;
10.968973;0.629862;0.000000;1.000000;0.629862;0.000000;1.000000;1.000000;0.000000;-0.629862;0.000000;
10.994044;0.629883;0.000000;1.000000;0.629883;0.000000;1.000000;1.000000;0.000000;-0.629883;0.000000;
11.019116;0.629894;0.000000;1.000000;0.629894;0.000000;1.000000;1.000000;0.000000;-0.629894;0.000000;
11.044188;0.629896;0.000000;1.000000;0.629896;0.000000;1.000000;1.000000;0.000000;-0.629896;0.000000;
11.069259;0.629889;0.000000;1.000000;0.629889;0.000000;1.000000;1.000000;0.000000;-0.629889;0.000000;
11.094331;0.629872;0.000000;1.000000;0.629872;0.000000;1.000000;1.000000;0.000000;-0.629872;0.000000;
11.119403;0.629846;0.000000;1.000000;0.629846;0.000000;1.000000;1.000000;0.000000;-0.629846;0.000000;
11.144475;0.629811;0.000000;1.000000;0.629811;0.000000;1.000000;1.000000;0.000000;-0.629811;0.000000;
11.169546;0.629767;0.000000;1.000000;0.629767;0.000000;1.000000;1.000000;0.000000;-0.629767;0.000000;
11.194618;0.629714;0.000000;1.000000;0.629714;0.000000;1.000000;1.000000;0.000000;-0.629714;0.000000;
11.219690;0.629652;0.000000;1.000000;0.629652;0.000000;1.000000;1.000000;0.000000;-0.629652;0.000000;
11.244761;0.629582;0.000000;1.000000;0.629582;0.000000;1.000000;1.000000;0.000000;-0.629582;0.000000;
11.269833;0.629503;0.000000;1.000000;0.629503;0.000000;1.000000;1.000000;0.000000;-0.629503;0.000000;
11.294905;0.629416;0.000000;1.000000;0.629416;0.000000;1.000000;1.000000;0.000000;-0.629416;0.000000;
11.319977;0.629321;0.000000;1.000000;0.629321;0.000000;1.000000;1.000000;0.000000;-0.629321;0.000000;
11.345048;0.629218;0.000000;1.000000;0.629218;0.000000;1.000000;1.000000;0.000000;-0.629218;0.000000;
11.370120;0.629106;0.000000;1.000000;0.629106;0.000000;1.000000;1.000000;0.000000;-0.629106;0.000000;
11.395192;0.628987;0.000000;1.000000;0.628987;0.000000;1.000000;1.000000;0.000000;-0.628987;0.000000;
11.420264;0.628860;0.000000;1.000000;0.628860;0.000000;1.000000;1.000000;0.000000;-0.628860;0.000000;
11.445335;0.628725;0.000000;1.000000;0.628725;0.000000;1.000000;1.000000;0.000000;-0.628725;0.000000;
11.470407;0.628582;0.000000;1.000000;0.628582;0.000000;1.000000;1.000000;0.000000;-0.628582;0.000000;
11.495479;0.628433;0.000000;1.000000;0.628433;0.000000;1.000000;1.000000;0.000000;-0.628433;0.000000;
11.520550;0.628276;0.000000;1.000000;0.628276;0.000000;1.000000;1.000000;0.000000;-0.628276;0.000000;
11.545622;0.628111;0.000000;1.000000;0.628111;0.000000;1.000000;1.000000;0.000000;-0.628111;0.000000;
11.570694;0.627940;0.000000;1.000000;0.627940;0.000000;1.000000;1.000000;0.000000;-0.627940;0.000000;
11.595766;0.627762;0.000000;1.000000;0.627762;0.000000;1.000000;1.000000;0.000000;-0.627762;0.000000;
11.620837;0.627577;0.000000;1.000000;0.627577;0.000000;1.000000;1.000000;0.000000;-0.627577;0.000000;
11.645909;0.627386;0.000000;1.000000;0.627386;0.000000;1.000000;1.000000;0.000000;-0.627386;0.000000;
11.670981;0.627188;0.000000;1.000000;0.627188;0.000000;1.000000;1.000000;0.000000;-0.627188;0.000000;
11.696052;0.626983;0.000000;1.000000;0.626983;0.000000;1.000000;1.000000;0.000000;-0.626983;0.000000;
11.721124;0.626773;0.000000;1.000000;0.626773;0.000000;1.000000;1.000000;0.000000;-0.626773;0.000000;
11.746196;0.626556;0.000000;1.000000;0.626556;0.000000;1.000000;1.000000;0.000000;-0.626556;0.000000;
11.771268;0.626333;0.000000;1.000000;0.626333;0.000000;1.000000;1.000000;0.000000;-0.626333;0.000000;
11.796339;0.626104;0.000000;1.000000;0.626104;0.000000;1.000000;1.000000;0.000000;-0.626104;0.000000;
11.821411;0.625870;0.000000;1.000000;0.625870;0.000000;1.000000;1.000000;0.000000;-0.625870;0.000000;
11.846483;0.625630;0.000000;1.000000;0.625630;0.000000;1.000000;1.000000;0.000000;-0.625630;0.000000;
11.871554;0.625385;0.000000;1.000000;0.625385;0.000000;1.000000;1.000000;0.000000;-0.625385;0.000000;
11.896626;0.625134;0.000000;1.000000;0.625134;0.000000;1.000000;1.000000;0.000000;-0.625134;0.000000;
11.921698;0.624878;0.000000;1.000000;0.624878;0.000000;1.000000;1.000000;0.000000;-0.624878;0.000000;
11.946770;0.624618;0.000000;1.000000;0.624618;0.000000;1.000000;1.000000;0.000000;-0.624618;0.000000;
11.971841;0.624352;0.000000;1.000000;0.624352;0.000000;1.000000;1.000000;0.000000;-0.624352;0.000000;
11.996913;0.624081;0.000000;1.000000;0.624081;0.000000;1.000000;1.000000;0.000000;-0.624081;0.000000;
12.021985;0.623806;0.000000;1.000000;0.623806;0.000000;1.000000;1.000000;0.000000;-0.623806;0.000000;
12.047056;0.623526;0.000000;1.000000;0.623526;0.000000;1.000000;1.000000;0.000000;-0.623526;0.000000;
12.072128;0.623242;0.000000;1.000000;0.623242;0.000000;1.000000;1.000000;0.000000;-0.623242;0.000000;
12.097200;0.622954;0.000000;1.000000;0.622954;0.000000;1.000000;1.000000;0.000000;-0.622954;0.000000;
12.122272;0.622662;0.000000;1.000000;0.622662;0.000000;1.000000;1.000000;0.000000;-0.622662;0.000000;
12.147343;0.622365;0.000000;1.000000;0.622365;0.000000;1.000000;1.000000;0.000000;-0.622365;0.000000;
12.172415;0.622065;0.000000;1.000000;0.622065;0.000000;1.000000;1.000000;0.000000;-0.622065;0.000000;
12.197487;0.621762;0.000000;1.000000;0.621762;0.000000;1.000000;1.000000;0.000000;-0.621762;0.000000;
12.222559;0.621454;0.000000;1.000000;0.621454;0.000000;1.000000;1.000000;0.000000;-0.621454;0.000000;
12.247630;0.621143;0.000000;1.000000;0.621143;0.000000;1.000000;1.000000;0.000000;-0.621143;0.000000;
12.272702;0.620829;0.000000;1.000000;0.620829;0.000000;1.000000;1.000000;0.000000;-0.620829;0.000000;
12.297774;0.620512;0.000000;1.000000;0.620512;0.000000;1.000000;1.000000;0.000000;-0.620512;0.000000;
12.322845;0.620192;0.000000;1.000000;0.620192;0.000000;1.000000;1.000000;0.000000;-0.620192;0.000000;
12.347917;0.619868;0.000000;1.000000;0.619868;0.000000;1.000000;1.000000;0.000000;-0.619868;0.000000;
12.372989;0.619543;0.000000;1.000000;0.619543;0.000000;1.000000;1.000000;0.000000;-0.619543;0.000000;
12.398061;0.619214;0.000000;1.000000;0.619214;0.000000;1.000000;1.000000;0.000000;-0.619214;0.000000;
12.423132;0.618883;0.000000;1.000000;0.618883;0.000000;1.000000;1.000000;0.000000;-0.618883;0.000000;
12.448204;0.618549;0.000000;1.000000;0.618549;0.000000;1.000000;1.000000;0.000000;-0.618549;0.000000;
12.473276;0.618214;0.000000;1.000000;0.618214;0.000000;1.000000;1.000000;0.000000;-0.618214;0.000000;
12.498347;0.617876;0.000000;1.000000;0.617876;0.000000;1.000000;1.000000;0.000000;-0.617876;0.000000;
12.523419;0.617536;0.000000;1.000000;0.617536;0.000000;1.000000;1.000000;0.000000;-0.617536;0.000000;
12.548491;0.617194;0.000000;1.000000;0.617194;0.000000;1.000000;1.000000;0.000000;-0.617194;0.000000;
12.573563;0.616851;0.000000;1.000000;0.616851;0.000000;1.000000;1.000000;0.000000;-0.616851;0.000000;
12.598634;0.616506;0.000000;1.000000;0.616506;0.000000;1.000000;1.000000;0.000000;-0.616506;0.000000;
12.623706;0.616159;0.000000;1.000000;0.616159;0.000000;1.000000;1.000000;0.000000;-0.616159;0.000000;
12.648778;0.615812;0.000000;1.000000;0.615812;0.000000;1.000000;1.000000;0.000000;-0.615812;0.000000;
12.673849;0.615462;0.000000;1.000000;0.615462;0.000000;1.000000;1.000000;0.000000;-0.615462;0.000000;
12.698921;0.615112;0.000000;1.000000;0.615112;0.000000;1.000000;1.000000;0.000000;-0.615112;0.000000;
12.723993;0.614761;0.000000;1.000000;0.614761;0.000000;1.000000;1.000000;0.000000;-0.614761;0.000000;
12.749065;0.614409;0.000000;1.000000;0.614409;0.000000;1.000000;1.000000;0.000000;-0.614409;0.000000;
12.799208;0.613702;0.000000;1.000000;0.613702;0.000000;1.000000;1.000000;0.000000;-0.613702;0.000000;
12.844138;0.613067;0.000000;1.000000;0.613067;0.000000;1.000000;1.000000;0.000000;-0.613067;0.000000;
12.889068;0.612431;0.000000;1.000000;0.612431;0.000000;1.000000;1.000000;0.000000;-0.612431;0.000000;
12.933999;0.611796;0.000000;1.000000;0.611796;0.000000;1.000000;1.000000;0.000000;-0.611796;0.000000;
12.978929;0.611161;0.000000;1.000000;0.611161;0.000000;1.000000;1.000000;0.000000;-0.611161;0.000000;
13.023859;0.610526;0.000000;1.000000;0.610526;0.000000;1.000000;1.000000;0.000000;-0.610526;0.000000;
13.068789;0.609894;0.000000;1.000000;0.609894;0.000000;1.000000;1.000000;0.000000;-0.609894;0.000000;
13.113719;0.609264;0.000000;1.000000;0.609264;0.000000;1.000000;1.000000;0.000000;-0.609264;0.000000;
13.158649;0.608637;0.000000;1.000000;0.608637;0.000000;1.000000;1.000000;0.000000;-0.608637;0.000000;
13.203579;0.608013;0.000000;1.000000;0.608013;0.000000;1.000000;1.000000;0.000000;-0.608013;0.000000;
13.248510;0.607393;0.000000;1.000000;0.607393;0.000000;1.000000;1.000000;0.000000;-0.607393;0.000000;
13.293440;0.606778;0.000000;1.000000;0.606778;0.000000;1.000000;1.000000;0.000000;-0.606778;0.000000;
13.338370;0.606168;0.000000;1.000000;0.606168;0.000000;1.000000;1.000000;0.000000;-0.606168;0.000000;
13.383300;0.605563;0.000000;1.000000;0.605563;0.000000;1.000000;1.000000;0.000000;-0.605563;0.000000;
13.473160;0.604380;0.000000;1.000000;0.604380;0.000000;1.000000;1.000000;0.000000;-0.604380;0.000000;
13.554035;0.603339;0.000000;1.000000;0.603339;0.000000;1.000000;1.000000;0.000000;-0.603339;0.000000;
13.634909;0.602324;0.000000;1.000000;0.602324;0.000000;1.000000;1.000000;0.000000;-0.602324;0.000000;
13.715783;0.601337;0.000000;1.000000;0.601337;0.000000;1.000000;1.000000;0.000000;-0.601337;0.000000;
13.796657;0.600380;0.000000;1.000000;0.600380;0.000000;1.000000;1.000000;0.000000;-0.600380;0.000000;
13.877532;0.599456;0.000000;1.000000;0.599456;0.000000;1.000000;1.000000;0.000000;-0.599456;0.000000;
13.950319;0.598652;0.000000;1.000000;0.598652;0.000000;1.000000;1.000000;0.000000;-0.598652;0.000000;
14.023105;0.597876;-0.000000;1.000000;0.597876;-0.000000;1.000000;1.000000;0.000000;-0.597876;-0.000000;
14.088614;0.597203;-0.000000;1.000000;0.597203;-0.000000;1.000000;1.000000;0.000000;-0.597203;-0.000000;
14.147571;0.596617;-0.000000;1.000000;0.596617;-0.000000;1.000000;1.000000;0.000000;-0.596617;-0.000000;
14.206528;0.596051;-0.000000;1.000000;0.596051;-0.000000;1.000000;1.000000;0.000000;-0.596051;-0.000000;
14.259590;0.595559;-0.000000;1.000000;0.595559;-0.000000;1.000000;1.000000;0.000000;-0.595559;-0.000000;
14.312651;0.595084;-0.000000;1.000000;0.595084;-0.000000;1.000000;1.000000;0.000000;-0.595084;-0.000000;
14.365713;0.594626;-0.000000;1.000000;0.594626;-0.000000;1.000000;1.000000;0.000000;-0.594626;-0.000000;
14.418775;0.594186;-0.000000;1.000000;0.594186;-0.000000;1.000000;1.000000;0.000000;-0.594186;-0.000000;
14.466530;0.593805;-0.000000;1.000000;0.593805;-0.000000;1.000000;1.000000;0.000000;-0.593805;-0.000000;
14.514286;0.593438;-0.000000;1.000000;0.593438;-0.000000;1.000000;1.000000;0.000000;-0.593438;-0.000000;
14.562041;0.593086;-0.000000;1.000000;0.593086;-0.000000;1.000000;1.000000;0.000000;-0.593086;-0.000000;
14.609796;0.592748;-0.000000;1.000000;0.592748;-0.000000;1.000000;1.000000;0.000000;-0.592748;-0.000000;
14.657552;0.592426;-0.000000;1.000000;0.592426;-0.000000;1.000000;1.000000;0.000000;-0.592426;-0.000000;
14.705307;0.592119;-0.000000;1.000000;0.592119;-0.000000;1.000000;1.000000;0.000000;-0.592119;-0.000000;
14.753063;0.591826;-0.000000;1.000000;0.591826;-0.000000;1.000000;1.000000;0.000000;-0.591826;-0.000000;
14.796043;0.591575;-0.000000;1.000000;0.591575;-0.000000;1.000000;1.000000;0.000000;-0.591575;-0.000000;
14.839023;0.591336;-0.000000;1.000000;0.591336;-0.000000;1.000000;1.000000;0.000000;-0.591336;-0.000000;
14.882003;0.591110;-0.000000;1.000000;0.591110;-0.000000;1.000000;1.000000;0.000000;-0.591110;-0.000000;
14.924982;0.590895;-0.000000;1.000000;0.590895;-0.000000;1.000000;1.000000;0.000000;-0.590895;-0.000000;
14.967962;0.590693;-0.000000;1.000000;0.590693;-0.000000;1.000000;1.000000;0.000000;-0.590693;-0.000000;
15.010942;0.590502;-0.000000;1.000000;0.590502;-0.000000;1.000000;1.000000;0.000000;-0.590502;-0.000000;
15.053922;0.590324;-0.000000;1.000000;0.590324;-0.000000;1.000000;1.000000;0.000000;-0.590324;-0.000000;
15.096902;0.590158;-0.000000;1.000000;0.590158;-0.000000;1.000000;1.000000;0.000000;-0.590158;-0.000000;
15.139882;0.590003;-0.000000;1.000000;0.590003;-0.000000;1.000000;1.000000;0.000000;-0.590003;-0.000000;
15.182862;0.589861;-0.000000;1.000000;0.589861;-0.000000;1.000000;1.000000;0.000000;-0.589861;-0.000000;
15.225842;0.589730;-0.000000;1.000000;0.589730;-0.000000;1.000000;1.000000;0.000000;-0.589730;-0.000000;
15.268822;0.589611;-0.000000;1.000000;0.589611;-0.000000;1.000000;1.000000;0.000000;-0.589611;-0.000000;
15.311802;0.589503;-0.000000;1.000000;0.589503;-0.000000;1.000000;1.000000;0.000000;-0.589503;-0.000000;
15.354781;0.589407;-0.000000;1.000000;0.589407;-0.000000;1.000000;1.000000;0.000000;-0.589407;-0.000000;
15.397761;0.589323;-0.000000;1.000000;0.589323;-0.000000;1.000000;1.000000;0.000000;-0.589323;-0.000000;
15.440741;0.589249;-0.000000;1.000000;0.589249;-0.000000;1.000000;1.000000;0.000000;-0.589249;-0.000000;
15.483721;0.589187;-0.000000;1.000000;0.589187;-0.000000;1.000000;1.000000;0.000000;-0.589187;-0.000000;
15.526701;0.589135;-0.000000;1.000000;0.589135;-0.000000;1.000000;1.000000;0.000000;-0.589135;-0.000000;
15.569681;0.589095;-0.000000;1.000000;0.589095;-0.000000;1.000000;1.000000;0.000000;-0.589095;-0.000000;
15.612661;0.589064;-0.000000;1.000000;0.589064;-0.000000;1.000000;1.000000;0.000000;-0.589064;-0.000000;
15.655641;0.589045;-0.000000;1.000000;0.589045;-0.000000;1.000000;1.000000;0.000000;-0.589045;-0.000000;
15.698621;0.589036;-0.000000;1.000000;0.589036;-0.000000;1.000000;1.000000;0.000000;-0.589036;-0.000000;
15.741601;0.589036;-0.000000;1.000000;0.589036;-0.000000;1.000000;1.000000;0.000000;-0.589036;-0.000000;
15.784581;0.589047;-0.000000;1.000000;0.589047;-0.000000;1.000000;1.000000;0.000000;-0.589047;-0.000000;
15.827560;0.589067;-0.000000;1.000000;0.589067;-0.000000;1.000000;1.000000;0.000000;-0.589067;-0.000000;
15.870540;0.589097;-0.000000;1.000000;0.589097;-0.000000;1.000000;1.000000;0.000000;-0.589097;-0.000000;
15.913520;0.589137;-0.000000;1.000000;0.589137;-0.000000;1.000000;1.000000;0.000000;-0.589137;-0.000000;
15.956500;0.589185;-0.000000;1.000000;0.589185;-0.000000;1.000000;1.000000;0.000000;-0.589185;-0.000000;
15.999480;0.589243;-0.000000;1.000000;0.589243;-0.000000;1.000000;1.000000;0.000000;-0.589243;-0.000000;
16.042460;0.589309;-0.000000;1.000000;0.589309;-0.000000;1.000000;1.000000;0.000000;-0.589309;-0.000000;
16.085440;0.589384;-0.000000;1.000000;0.589384;-0.000000;1.000000;1.000000;0.000000;-0.589384;-0.000000;
16.128420;0.589466;-0.000000;1.000000;0.589466;-0.000000;1.000000;1.000000;0.000000;-0.589466;-0.000000;
16.171400;0.589557;-0.000000;1.000000;0.589557;-0.000000;1.000000;1.000000;0.000000;-0.589557;-0.000000;
16.214380;0.589656;-0.000000;1.000000;0.589656;-0.000000;1.000000;1.000000;0.000000;-0.589656;-0.000000;
16.257359;0.589763;-0.000000;1.000000;0.589763;-0.000000;1.000000;1.000000;0.000000;-0.589763;-0.000000;
16.300339;0.589876;-0.000000;1.000000;0.589876;-0.000000;1.000000;1.000000;0.000000;-0.589876;-0.000000;
16.343319;0.589997;-0.000000;1.000000;0.589997;-0.000000;1.000000;1.000000;0.000000;-0.589997;-0.000000;
16.386299;0.590125;-0.000000;1.000000;0.590125;-0.000000;1.000000;1.000000;0.000000;-0.590125;-0.000000;
16.429279;0.590260;-0.000000;1.000000;0.590260;-0.000000;1.000000;1.000000;0.000000;-0.590260;-0.000000;
16.472259;0.590400;-0.000000;1.000000;0.590400;-0.000000;1.000000;1.000000;0.000000;-0.590400;-0.000000;
16.515239;0.590547;-0.000000;1.000000;0.590547;-0.000000;1.000000;1.000000;0.000000;-0.590547;-0.000000;
16.558219;0.590700;-0.000000;1.000000;0.590700;-0.000000;1.000000;1.000000;0.000000;-0.590700;-0.000000;
16.601199;0.590859;-0.000000;1.000000;0.590859;-0.000000;1.000000;1.000000;0.000000;-0.590859;-0.000000;
16.644179;0.591023;-0.000000;1.000000;0.591023;-0.000000;1.000000;1.000000;0.000000;-0.591023;-0.000000;
16.687159;0.591192;-0.000000;1.000000;0.591192;-0.000000;1.000000;1.000000;0.000000;-0.591192;-0.000000;
16.730138;0.591366;-0.000000;1.000000;0.591366;-0.000000;1.000000;1.000000;0.000000;-0.591366;-0.000000;
16.773118;0.591545;-0.000000;1.000000;0.591545;-0.000000;1.000000;1.000000;0.000000;-0.591545;-0.000000;
16.816098;0.591729;-0.000000;1.000000;0.591729;-0.000000;1.000000;1.000000;0.000000;-0.591729;-0.000000;
16.859078;0.591916;-0.000000;1.000000;0.591916;-0.000000;1.000000;1.000000;0.000000;-0.591916;-0.000000;
16.902058;0.592107;-0.000000;1.000000;0.592107;-0.000000;1.000000;1.000000;0.000000;-0.592107;-0.000000;
16.945038;0.592303;-0.000000;1.000000;0.592303;-0.000000;1.000000;1.000000;0.000000;-0.592303;-0.000000;
16.988018;0.592501;-0.000000;1.000000;0.592501;-0.000000;1.000000;1.000000;0.000000;-0.592501;-0.000000;
17.030998;0.592703;-0.000000;1.000000;0.592703;-0.000000;1.000000;1.000000;0.000000;-0.592703;-0.000000;
17.073978;0.592908;-0.000000;1.000000;0.592908;-0.000000;1.000000;1.000000;0.000000;-0.592908;-0.000000;
17.116958;0.593115;-0.000000;1.000000;0.593115;-0.000000;1.000000;1.000000;0.000000;-0.593115;-0.000000;
17.159937;0.593325;-0.000000;1.000000;0.593325;-0.000000;1.000000;1.000000;0.000000;-0.593325;-0.000000;
17.202917;0.593537;-0.000000;1.000000;0.593537;-0.000000;1.000000;1.000000;0.000000;-0.593537;-0.000000;
17.245897;0.593752;-0.000000;1.000000;0.593752;-0.000000;1.000000;1.000000;0.000000;-0.593752;-0.000000;
17.288877;0.593968;-0.000000;1.000000;0.593968;-0.000000;1.000000;1.000000;0.000000;-0.593968;-0.000000;
17.331857;0.594185;-0.000000;1.000000;0.594185;-0.000000;1.000000;1.000000;0.000000;-0.594185;-0.000000;
17.374837;0.594404;-0.000000;1.000000;0.594404;-0.000000;1.000000;1.000000;0.000000;-0.594404;-0.000000;
17.417817;0.594624;-0.000000;1.000000;0.594624;-0.000000;1.000000;1.000000;0.000000;-0.594624;-0.000000;
17.460797;0.594845;-0.000000;1.000000;0.594845;-0.000000;1.000000;1.000000;0.000000;-0.594845;-0.000000;
17.503777;0.595067;-0.000000;1.000000;0.595067;-0.000000;1.000000;1.000000;0.000000;-0.595067;-0.000000;
17.546757;0.595289;-0.000000;1.000000;0.595289;-0.000000;1.000000;1.000000;0.000000;-0.595289;-0.000000;
17.589737;0.595511;-0.000000;1.000000;0.595511;-0.000000;1.000000;1.000000;0.000000;-0.595511;-0.000000;
17.632716;0.595734;-0.000000;1.000000;0.595734;-0.000000;1.000000;1.000000;0.000000;-0.595734;-0.000000;
17.718676;0.596177;-0.000000;1.000000;0.596177;-0.000000;1.000000;1.000000;0.000000;-0.596177;-0.000000;
17.796040;0.596574;-0.000000;1.000000;0.596574;-0.000000;1.000000;1.000000;0.000000;-0.596574;-0.000000;
17.873404;0.596967;-0.000000;1.000000;0.596967;-0.000000;1.000000;1.000000;0.000000;-0.596967;-0.000000;
17.950768;0.597356;-0.000000;1.000000;0.597356;-0.000000;1.000000;1.000000;0.000000;-0.597356;-0.000000;
18.028132;0.597740;-0.000000;1.000000;0.597740;-0.000000;1.000000;1.000000;0.000000;-0.597740;-0.000000;
18.105495;0.598117;-0.000000;1.000000;0.598117;-0.000000;1.000000;1.000000;0.000000;-0.598117;-0.000000;
18.182859;0.598488;-0.000000;1.000000;0.598488;-0.000000;1.000000;1.000000;0.000000;-0.598488;-0.000000;
18.337587;0.599193;-0.000000;1.000000;0.599193;-0.000000;1.000000;1.000000;0.000000;-0.599193;-0.000000;
18.476842;0.599796;-0.000000;1.000000;0.599796;-0.000000;1.000000;1.000000;0.000000;-0.599796;-0.000000;
18.616097;0.600362;-0.000000;1.000000;0.600362;-0.000000;1.000000;1.000000;0.000000;-0.600362;-0.000000;
18.736548;0.600824;0.000000;1.000000;0.600824;0.000000;1.000000;1.000000;0.000000;-0.600824;0.000000;
18.844954;0.601215;0.000000;1.000000;0.601215;0.000000;1.000000;1.000000;0.000000;-0.601215;0.000000;
18.942520;0.601545;0.000000;1.000000;0.601545;0.000000;1.000000;1.000000;0.000000;-0.601545;0.000000;
19.030329;0.601826;0.000000;1.000000;0.601826;0.000000;1.000000;1.000000;0.000000;-0.601826;0.000000;
19.118138;0.602089;0.000000;1.000000;0.602089;0.000000;1.000000;1.000000;0.000000;-0.602089;0.000000;
19.197166;0.602312;0.000000;1.000000;0.602312;0.000000;1.000000;1.000000;0.000000;-0.602312;0.000000;
19.276194;0.602520;0.000000;1.000000;0.602520;0.000000;1.000000;1.000000;0.000000;-0.602520;0.000000;
19.355222;0.602713;0.000000;1.000000;0.602713;0.000000;1.000000;1.000000;0.000000;-0.602713;0.000000;
19.434250;0.602891;0.000000;1.000000;0.602891;0.000000;1.000000;1.000000;0.000000;-0.602891;0.000000;
19.505376;0.603040;0.000000;1.000000;0.603040;0.000000;1.000000;1.000000;0.000000;-0.603040;0.000000;
19.576501;0.603176;0.000000;1.000000;0.603176;0.000000;1.000000;1.000000;0.000000;-0.603176;0.000000;
19.647626;0.603301;0.000000;1.000000;0.603301;0.000000;1.000000;1.000000;0.000000;-0.603301;0.000000;
19.718752;0.603414;0.000000;1.000000;0.603414;0.000000;1.000000;1.000000;0.000000;-0.603414;0.000000;
19.789877;0.603514;0.000000;1.000000;0.603514;0.000000;1.000000;1.000000;0.000000;-0.603514;0.000000;
19.861002;0.603603;0.000000;1.000000;0.603603;0.000000;1.000000;1.000000;0.000000;-0.603603;0.000000;
19.932128;0.603681;0.000000;1.000000;0.603681;0.000000;1.000000;1.000000;0.000000;-0.603681;0.000000;
20.003253;0.603747;0.000000;1.000000;0.603747;0.000000;1.000000;1.000000;0.000000;-0.603747;0.000000;
20.074378;0.603802;0.000000;1.000000;0.603802;0.000000;1.000000;1.000000;0.000000;-0.603802;0.000000;
20.145504;0.603845;0.000000;1.000000;0.603845;0.000000;1.000000;1.000000;0.000000;-0.603845;0.000000;
20.216629;0.603878;0.000000;1.000000;0.603878;0.000000;1.000000;1.000000;0.000000;-0.603878;0.000000;
20.287754;0.603901;0.000000;1.000000;0.603901;0.000000;1.000000;1.000000;0.000000;-0.603901;0.000000;
20.358880;0.603913;0.000000;1.000000;0.603913;0.000000;1.000000;1.000000;0.000000;-0.603913;0.000000;
20.430005;0.603915;0.000000;1.000000;0.603915;0.000000;1.000000;1.000000;0.000000;-0.603915;0.000000;
20.501130;0.603908;0.000000;1.000000;0.603908;0.000000;1.000000;1.000000;0.000000;-0.603908;0.000000;
20.572255;0.603891;0.000000;1.000000;0.603891;0.000000;1.000000;1.000000;0.000000;-0.603891;0.000000;
20.643381;0.603865;0.000000;1.000000;0.603865;0.000000;1.000000;1.000000;0.000000;-0.603865;0.000000;
20.714506;0.603830;0.000000;1.000000;0.603830;0.000000;1.000000;1.000000;0.000000;-0.603830;0.000000;
20.785631;0.603787;0.000000;1.000000;0.603787;0.000000;1.000000;1.000000;0.000000;-0.603787;0.000000;
20.856757;0.603736;0.000000;1.000000;0.603736;0.000000;1.000000;1.000000;0.000000;-0.603736;0.000000;
20.927882;0.603678;0.000000;1.000000;0.603678;0.000000;1.000000;1.000000;0.000000;-0.603678;0.000000;
20.999007;0.603612;0.000000;1.000000;0.603612;0.000000;1.000000;1.000000;0.000000;-0.603612;0.000000;
21.070133;0.603539;0.000000;1.000000;0.603539;0.000000;1.000000;1.000000;0.000000;-0.603539;0.000000;
21.141258;0.603460;0.000000;1.000000;0.603460;0.000000;1.000000;1.000000;0.000000;-0.603460;0.000000;
21.212383;0.603375;0.000000;1.000000;0.603375;0.000000;1.000000;1.000000;0.000000;-0.603375;0.000000;
21.283509;0.603284;0.000000;1.000000;0.603284;0.000000;1.000000;1.000000;0.000000;-0.603284;0.000000;
21.354634;0.603188;0.000000;1.000000;0.603188;0.000000;1.000000;1.000000;0.000000;-0.603188;0.000000;
21.425759;0.603087;0.000000;1.000000;0.603087;0.000000;1.000000;1.000000;0.000000;-0.603087;0.000000;
21.496885;0.602982;0.000000;1.000000;0.602982;0.000000;1.000000;1.000000;0.000000;-0.602982;0.000000;
21.568010;0.602872;0.000000;1.000000;0.602872;0.000000;1.000000;1.000000;0.000000;-0.602872;0.000000;
21.639135;0.602759;0.000000;1.000000;0.602759;0.000000;1.000000;1.000000;0.000000;-0.602759;0.000000;
21.710261;0.602643;0.000000;1.000000;0.602643;0.000000;1.000000;1.000000;0.000000;-0.602643;0.000000;
21.781386;0.602523;0.000000;1.000000;0.602523;0.000000;1.000000;1.000000;0.000000;-0.602523;0.000000;
21.852511;0.602401;0.000000;1.000000;0.602401;0.000000;1.000000;1.000000;0.000000;-0.602401;0.000000;
21.923637;0.602277;0.000000;1.000000;0.602277;0.000000;1.000000;1.000000;0.000000;-0.602277;0.000000;
21.994762;0.602151;0.000000;1.000000;0.602151;0.000000;1.000000;1.000000;0.000000;-0.602151;0.000000;
22.065887;0.602024;0.000000;1.000000;0.602024;0.000000;1.000000;1.000000;0.000000;-0.602024;0.000000;
22.137012;0.601896;0.000000;1.000000;0.601896;0.000000;1.000000;1.000000;0.000000;-0.601896;0.000000;
22.208138;0.601767;0.000000;1.000000;0.601767;0.000000;1.000000;1.000000;0.000000;-0.601767;0.000000;
22.279263;0.601637;0.000000;1.000000;0.601637;0.000000;1.000000;1.000000;0.000000;-0.601637;0.000000;
22.350388;0.601508;0.000000;1.000000;0.601508;0.000000;1.000000;1.000000;0.000000;-0.601508;0.000000;
22.492639;0.601251;0.000000;1.000000;0.601251;0.000000;1.000000;1.000000;0.000000;-0.601251;0.000000;
22.620665;0.601023;0.000000;1.000000;0.601023;0.000000;1.000000;1.000000;0.000000;-0.601023;0.000000;
22.748690;0.600801;0.000000;1.000000;0.600801;0.000000;1.000000;1.000000;0.000000;-0.600801;0.000000;
22.876716;0.600585;0.000000;1.000000;0.600585;0.000000;1.000000;1.000000;0.000000;-0.600585;0.000000;
23.132767;0.600188;0.000000;1.000000;0.600188;0.000000;1.000000;1.000000;0.000000;-0.600188;0.000000;
23.359719;0.599870;0.000000;1.000000;0.599870;0.000000;1.000000;1.000000;0.000000;-0.599870;0.000000;
23.563977;0.599613;-0.000000;1.000000;0.599613;-0.000000;1.000000;1.000000;0.000000;-0.599613;-0.000000;
23.742332;0.599412;-0.000000;1.000000;0.599412;-0.000000;1.000000;1.000000;0.000000;-0.599412;-0.000000;
23.901445;0.599254;-0.000000;1.000000;0.599254;-0.000000;1.000000;1.000000;0.000000;-0.599254;-0.000000;
24.044647;0.599127;-0.000000;1.000000;0.599127;-0.000000;1.000000;1.000000;0.000000;-0.599127;-0.000000;
24.187848;0.599017;-0.000000;1.000000;0.599017;-0.000000;1.000000;1.000000;0.000000;-0.599017;-0.000000;
24.316730;0.598931;-0.000000;1.000000;0.598931;-0.000000;1.000000;1.000000;0.000000;-0.598931;-0.000000;
24.445611;0.598859;-0.000000;1.000000;0.598859;-0.000000;1.000000;1.000000;0.000000;-0.598859;-0.000000;
24.574493;0.598799;-0.000000;1.000000;0.598799;-0.000000;1.000000;1.000000;0.000000;-0.598799;-0.000000;
24.690486;0.598756;-0.000000;1.000000;0.598756;-0.000000;1.000000;1.000000;0.000000;-0.598756;-0.000000;
24.806479;0.598723;-0.000000;1.000000;0.598723;-0.000000;1.000000;1.000000;0.000000;-0.598723;-0.000000;
24.922473;0.598700;-0.000000;1.000000;0.598700;-0.000000;1.000000;1.000000;0.000000;-0.598700;-0.000000;
25.038466;0.598687;-0.000000;1.000000;0.598687;-0.000000;1.000000;1.000000;0.000000;-0.598687;-0.000000;
25.154459;0.598682;-0.000000;1.000000;0.598682;-0.000000;1.000000;1.000000;0.000000;-0.598682;-0.000000;
25.270452;0.598686;-0.000000;1.000000;0.598686;-0.000000;1.000000;1.000000;0.000000;-0.598686;-0.000000;
25.386446;0.598699;-0.000000;1.000000;0.598699;-0.000000;1.000000;1.000000;0.000000;-0.598699;-0.000000;
25.502439;0.598719;-0.000000;1.000000;0.598719;-0.000000;1.000000;1.000000;0.000000;-0.598719;-0.000000;
25.618432;0.598746;-0.000000;1.000000;0.598746;-0.000000;1.000000;1.000000;0.000000;-0.598746;-0.000000;
25.734426;0.598780;-0.000000;1.000000;0.598780;-0.000000;1.000000;1.000000;0.000000;-0.598780;-0.000000;
25.850419;0.598820;-0.000000;1.000000;0.598820;-0.000000;1.000000;1.000000;0.000000;-0.598820;-0.000000;
25.966412;0.598865;-0.000000;1.000000;0.598865;-0.000000;1.000000;1.000000;0.000000;-0.598865;-0.000000;
26.082405;0.598915;-0.000000;1.000000;0.598915;-0.000000;1.000000;1.000000;0.000000;-0.598915;-0.000000;
26.198399;0.598970;-0.000000;1.000000;0.598970;-0.000000;1.000000;1.000000;0.000000;-0.598970;-0.000000;
26.314392;0.599028;-0.000000;1.000000;0.599028;-0.000000;1.000000;1.000000;0.000000;-0.599028;-0.000000;
26.430385;0.599090;-0.000000;1.000000;0.599090;-0.000000;1.000000;1.000000;0.000000;-0.599090;-0.000000;
26.546379;0.599154;-0.000000;1.000000;0.599154;-0.000000;1.000000;1.000000;0.000000;-0.599154;-0.000000;
26.662372;0.599221;-0.000000;1.000000;0.599221;-0.000000;1.000000;1.000000;0.000000;-0.599221;-0.000000;
26.778365;0.599289;-0.000000;1.000000;0.599289;-0.000000;1.000000;1.000000;0.000000;-0.599289;-0.000000;
26.894358;0.599358;-0.000000;1.000000;0.599358;-0.000000;1.000000;1.000000;0.000000;-0.599358;-0.000000;
27.010352;0.599427;-0.000000;1.000000;0.599427;-0.000000;1.000000;1.000000;0.000000;-0.599427;-0.000000;
27.126345;0.599497;-0.000000;1.000000;0.599497;-0.000000;1.000000;1.000000;0.000000;-0.599497;-0.000000;
27.358332;0.599634;-0.000000;1.000000;0.599634;-0.000000;1.000000;1.000000;0.000000;-0.599634;-0.000000;
27.590318;0.599764;-0.000000;1.000000;0.599764;-0.000000;1.000000;1.000000;0.000000;-0.599764;-0.000000;
27.822305;0.599886;-0.000000;1.000000;0.599886;-0.000000;1.000000;1.000000;0.000000;-0.599886;-0.000000;
28.076134;0.600006;-0.000000;1.000000;0.600006;-0.000000;1.000000;1.000000;0.000000;-0.600006;-0.000000;
28.329964;0.600112;0.000000;1.000000;0.600112;0.000000;1.000000;1.000000;0.000000;-0.600112;0.000000;
28.583794;0.600202;0.000000;1.000000;0.600202;0.000000;1.000000;1.000000;0.000000;-0.600202;0.000000;
28.837624;0.600276;0.000000;1.000000;0.600276;0.000000;1.000000;1.000000;0.000000;-0.600276;0.000000;
29.066071;0.600328;0.000000;1.000000;0.600328;0.000000;1.000000;1.000000;0.000000;-0.600328;0.000000;
29.294517;0.600368;0.000000;1.000000;0.600368;0.000000;1.000000;1.000000;0.000000;-0.600368;0.000000;
29.522964;0.600394;0.000000;1.000000;0.600394;0.000000;1.000000;1.000000;0.000000;-0.600394;0.000000;
29.728566;0.600409;0.000000;1.000000;0.600409;0.000000;1.000000;1.000000;0.000000;-0.600409;0.000000;
29.934168;0.600413;0.000000;1.000000;0.600413;0.000000;1.000000;1.000000;0.000000;-0.600413;0.000000;
30.000000;0.600414;0.000000;1.000000;0.600414;0.000000;1.000000;1.000000;0.000000;-0.600414;0.000000;
