time;WTG3_WTG3_injector_PInjPu;WTG3_WTG3_injector_QInjPu;WTG3_WTG3_injector_terminal_V_re;WTG3_WTG3_injector_terminal_i_re;WTG3_WTG3_injector_terminal_V_im;WTG3_WTG3_injector_terminal_i_im;WTG3_WTG3_pll_omegaPLLPu;WTG3_WTG3_wecc_wtgt_PePu;
0.000000;0.700006;0.279505;1.030009;-0.700000;0.105006;0.199999;1.000000;0.700000;
0.000001;0.700006;0.279505;1.030009;-0.700000;0.105006;0.199999;1.000000;0.700000;
0.000002;0.700006;0.279505;1.030009;-0.700000;0.105006;0.199999;1.000000;0.700000;
0.000004;0.700006;0.279505;1.030009;-0.700000;0.105006;0.199999;1.000000;0.700000;
0.000008;0.700006;0.279505;1.030009;-0.700000;0.105006;0.199999;1.000000;0.700000;
0.000016;0.700006;0.279505;1.030009;-0.700000;0.105006;0.199999;1.000000;0.700000;
0.000032;0.700006;0.279505;1.030009;-0.700000;0.105006;0.199999;1.000000;0.700000;
0.000064;0.700006;0.279505;1.030009;-0.700000;0.105006;0.199999;1.000000;0.700000;
0.000128;0.700006;0.279505;1.030009;-0.700000;0.105006;0.199999;1.000000;0.700000;
0.000256;0.700006;0.279505;1.030009;-0.700000;0.105006;0.199999;1.000000;0.700000;
0.000512;0.700006;0.279505;1.030009;-0.700000;0.105006;0.199999;1.000000;0.700000;
0.001024;0.700006;0.279505;1.030009;-0.700000;0.105006;0.199999;1.000000;0.700000;
0.002048;0.700006;0.279505;1.030009;-0.700000;0.105006;0.199999;1.000000;0.700000;
0.004096;0.700006;0.279505;1.030009;-0.700000;0.105006;0.199999;1.000000;0.700000;
0.008192;0.700006;0.279505;1.030009;-0.700000;0.105006;0.199999;1.000000;0.700000;
0.016384;0.700005;0.279505;1.030009;-0.700000;0.105006;0.199999;1.000000;0.700000;
0.032768;0.700005;0.279505;1.030009;-0.700000;0.105006;0.199999;1.000000;0.700000;
0.065536;0.700005;0.279505;1.030009;-0.700000;0.105006;0.199999;1.000000;0.700000;
0.131072;0.700005;0.279505;1.030009;-0.700000;0.105006;0.199999;1.000000;0.700000;
0.262144;0.700005;0.279505;1.030009;-0.700000;0.105006;0.199999;1.000000;0.700000;
0.524288;0.700005;0.279505;1.030009;-0.700000;0.105006;0.199999;1.000000;0.700000;
1.000000;0.700005;0.279505;1.030009;-0.700000;0.105006;0.199999;1.000000;0.700000;
1.000000;0.420005;0.199506;0.630009;-0.700000;0.105006;0.199999;1.121701;0.420000;
1.000001;0.420010;0.199492;0.630006;-0.700008;0.105008;0.199975;1.121633;0.420005;
1.000002;0.420015;0.199478;0.630002;-0.700016;0.105009;0.199952;1.121566;0.420010;
1.000004;0.420024;0.199450;0.629995;-0.700032;0.105011;0.199905;1.121431;0.420019;
1.000008;0.420044;0.199395;0.629981;-0.700064;0.105016;0.199811;1.121161;0.420038;
1.000016;0.420082;0.199285;0.629953;-0.700127;0.105026;0.199624;1.120624;0.420076;
1.000032;0.420157;0.199067;0.629897;-0.700253;0.105044;0.199254;1.119556;0.420152;
1.000064;0.420307;0.198639;0.629788;-0.700503;0.105082;0.198525;1.117449;0.420302;
1.000128;0.420601;0.197812;0.629577;-0.700993;0.105155;0.197114;1.113348;0.420596;
1.000240;0.421099;0.196454;0.629228;-0.701823;0.105280;0.194789;1.106501;0.421094;
1.000241;0.421103;0.196443;0.629225;-0.701830;0.105281;0.194769;1.106442;0.421098;
1.000242;0.421108;0.196431;0.629222;-0.701837;0.105282;0.194749;1.106383;0.421102;
1.000244;0.421116;0.196408;0.629216;-0.701852;0.105284;0.194709;1.106265;0.421111;
1.000248;0.421134;0.196362;0.629204;-0.701880;0.105289;0.194630;1.106030;0.421128;
1.000256;0.421168;0.196270;0.629180;-0.701938;0.105297;0.194472;1.105561;0.421163;
1.000272;0.421237;0.196089;0.629133;-0.702053;0.105314;0.194160;1.104630;0.421232;
1.000304;0.421373;0.195732;0.629041;-0.702280;0.105349;0.193546;1.102792;0.421368;
1.000368;0.421641;0.195046;0.628863;-0.702727;0.105416;0.192359;1.099215;0.421636;
1.000496;0.422162;0.193775;0.628531;-0.703594;0.105546;0.190147;1.092434;0.422156;
1.000752;0.423149;0.191606;0.627956;-0.705239;0.105793;0.186313;1.080230;0.423144;
1.001008;0.424082;0.189895;0.627489;-0.706794;0.106026;0.183201;1.069671;0.424076;
1.001013;0.424098;0.189868;0.627482;-0.706821;0.106030;0.183152;1.069496;0.424093;
1.001014;0.424101;0.189863;0.627480;-0.706827;0.106031;0.183141;1.069459;0.424096;
1.001015;0.424105;0.189857;0.627479;-0.706833;0.106032;0.183130;1.069421;0.424100;
1.001017;0.424112;0.189845;0.627476;-0.706844;0.106033;0.183109;1.069345;0.424107;
1.001021;0.424126;0.189822;0.627469;-0.706868;0.106037;0.183066;1.069194;0.424121;
1.001029;0.424154;0.189777;0.627457;-0.706915;0.106044;0.182981;1.068893;0.424149;
1.001045;0.424211;0.189687;0.627431;-0.707009;0.106058;0.182814;1.068294;0.424206;
1.001077;0.424323;0.189512;0.627382;-0.707197;0.106086;0.182486;1.067113;0.424318;
1.001141;0.424547;0.189181;0.627288;-0.707569;0.106142;0.181859;1.064814;0.424542;
1.001269;0.424989;0.188587;0.627116;-0.708307;0.106253;0.180713;1.060457;0.424984;
1.001341;0.425238;0.188289;0.627027;-0.708722;0.106315;0.180121;1.058115;0.425233;
1.001342;0.425242;0.188285;0.627026;-0.708727;0.106316;0.180113;1.058084;0.425236;
1.001343;0.425245;0.188281;0.627025;-0.708733;0.106317;0.180105;1.058053;0.425240;
1.001345;0.425252;0.188273;0.627023;-0.708744;0.106318;0.180090;1.057990;0.425246;
1.001349;0.425265;0.188258;0.627018;-0.708767;0.106322;0.180059;1.057865;0.425260;
1.001357;0.425293;0.188227;0.627009;-0.708812;0.106329;0.179998;1.057615;0.425287;
1.001373;0.425347;0.188168;0.626991;-0.708903;0.106342;0.179878;1.057119;0.425342;
1.001405;0.425456;0.188056;0.626956;-0.709085;0.106370;0.179647;1.056141;0.425451;
1.001469;0.425675;0.187853;0.626892;-0.709449;0.106424;0.179218;1.054237;0.425669;
1.001597;0.426113;0.187536;0.626783;-0.710180;0.106534;0.178495;1.050629;0.426108;
1.001853;0.427002;0.187231;0.626641;-0.711661;0.106756;0.177545;1.044142;0.426996;
1.002109;0.427912;0.187340;0.626592;-0.713177;0.106983;0.177215;1.038540;0.427906;
1.002365;0.428850;0.187829;0.626627;-0.714740;0.107218;0.177451;1.033710;0.428844;
1.002621;0.429821;0.188667;0.626740;-0.716359;0.107461;0.178203;1.029552;0.429816;
1.002877;0.430830;0.189826;0.626923;-0.718040;0.107713;0.179423;1.025976;0.430824;
1.003133;0.431879;0.191281;0.627170;-0.719789;0.107975;0.181070;1.022904;0.431873;
1.003645;0.434109;0.194963;0.627829;-0.723505;0.108533;0.185462;1.017941;0.434103;
1.004157;0.436517;0.199581;0.628685;-0.727519;0.109135;0.191167;1.014300;0.436511;
1.004648;0.438995;0.204774;0.629662;-0.731649;0.109754;0.197681;1.011753;0.438989;
1.004648;0.438996;0.204773;0.629662;-0.731651;0.109754;0.197680;1.011754;0.438990;
1.004649;0.439001;0.204785;0.629664;-0.731659;0.109756;0.197694;1.011749;0.438996;
1.004650;0.439007;0.204796;0.629666;-0.731668;0.109757;0.197708;1.011745;0.439001;
1.004652;0.439017;0.204819;0.629670;-0.731685;0.109760;0.197737;1.011737;0.439011;
1.004656;0.439038;0.204864;0.629679;-0.731720;0.109765;0.197795;1.011720;0.439032;
1.004664;0.439080;0.204955;0.629696;-0.731790;0.109775;0.197910;1.011686;0.439074;
1.004680;0.439163;0.205138;0.629731;-0.731930;0.109796;0.198140;1.011620;0.439158;
1.004712;0.439332;0.205506;0.629800;-0.732210;0.109838;0.198604;1.011489;0.439326;
1.004776;0.439670;0.206249;0.629941;-0.732774;0.109923;0.199543;1.011235;0.439664;
1.004834;0.439977;0.206927;0.630070;-0.733285;0.110000;0.200400;1.011014;0.439971;
1.004835;0.439982;0.206939;0.630072;-0.733294;0.110001;0.200415;1.011011;0.439977;
1.004836;0.439988;0.206951;0.630074;-0.733303;0.110002;0.200430;1.011007;0.439982;
1.004838;0.439998;0.206975;0.630079;-0.733321;0.110005;0.200460;1.010999;0.439993;
1.004842;0.440020;0.207022;0.630088;-0.733357;0.110010;0.200520;1.010984;0.440014;
1.004850;0.440063;0.207117;0.630106;-0.733428;0.110021;0.200640;1.010955;0.440057;
1.004866;0.440148;0.207308;0.630142;-0.733571;0.110043;0.200881;1.010896;0.440143;
1.004898;0.440321;0.207691;0.630215;-0.733858;0.110086;0.201365;1.010780;0.440315;
1.004962;0.440667;0.208464;0.630361;-0.734436;0.110172;0.202344;1.010554;0.440661;
1.005090;0.441369;0.210041;0.630661;-0.735605;0.110348;0.204340;1.010131;0.441363;
1.005346;0.442805;0.213309;0.631282;-0.737998;0.110707;0.208478;1.009383;0.442799;
1.005858;0.445797;0.220205;0.632589;-0.742985;0.111454;0.217196;1.008212;0.445791;
1.006370;0.448939;0.227513;0.633970;-0.748222;0.112240;0.226402;1.007402;0.448933;
1.006882;0.452221;0.235158;0.635408;-0.753692;0.113061;0.235982;1.006864;0.452215;
1.007394;0.455633;0.243080;0.636888;-0.759377;0.113913;0.245847;1.006528;0.455626;
1.008418;0.462789;0.259497;0.639920;-0.771303;0.115702;0.266058;1.006211;0.462782;
1.009442;0.470333;0.276480;0.643006;-0.783876;0.117588;0.286632;1.006215;0.470326;
1.010466;0.478189;0.293769;0.646094;-0.796969;0.119552;0.307215;1.006375;0.478182;
1.011265;0.484487;0.307321;0.648475;-0.807466;0.121126;0.323090;1.006538;0.484480;
1.011265;0.484488;0.307321;0.648475;-0.807467;0.121127;0.323089;1.006538;0.484480;
1.011266;0.484496;0.307338;0.648478;-0.807480;0.121129;0.323109;1.006538;0.484488;
1.011267;0.484504;0.307355;0.648481;-0.807493;0.121131;0.323129;1.006539;0.484496;
1.011269;0.484520;0.307389;0.648487;-0.807520;0.121135;0.323168;1.006539;0.484512;
1.011273;0.484551;0.307457;0.648499;-0.807573;0.121142;0.323248;1.006540;0.484544;
1.011281;0.484615;0.307593;0.648523;-0.807679;0.121158;0.323406;1.006542;0.484608;
1.011297;0.484743;0.307866;0.648570;-0.807892;0.121190;0.323723;1.006546;0.484735;
1.011329;0.484997;0.308410;0.648665;-0.808315;0.121254;0.324356;1.006552;0.484989;
1.011393;0.485503;0.309498;0.648855;-0.809159;0.121380;0.325623;1.006563;0.485495;
1.011521;0.486507;0.311671;0.649235;-0.810831;0.121631;0.328153;1.006578;0.486499;
1.011777;0.488479;0.316002;0.649992;-0.814119;0.122124;0.333202;1.006579;0.488471;
1.012289;0.492292;0.324609;0.651500;-0.820474;0.123078;0.343250;1.006497;0.492284;
1.013313;0.499441;0.341567;0.654476;-0.832388;0.124865;0.363086;1.006131;0.499433;
1.014337;0.506018;0.358139;0.657387;-0.843349;0.126509;0.382496;1.005618;0.506009;
1.015361;0.512110;0.374262;0.660218;-0.853501;0.128031;0.401363;1.005081;0.512101;
1.016385;0.517801;0.389873;0.662950;-0.862986;0.129454;0.419573;1.004593;0.517792;
1.017373;0.522987;0.404395;0.665477;-0.871629;0.130751;0.436421;1.004200;0.522978;
1.017373;0.522988;0.404394;0.665477;-0.871630;0.130751;0.436420;1.004200;0.522978;
1.017373;0.522988;0.404395;0.665477;-0.871631;0.130751;0.436421;1.004200;0.522979;
1.017374;0.522993;0.404409;0.665480;-0.871639;0.130752;0.436438;1.004200;0.522984;
1.017375;0.522998;0.404423;0.665482;-0.871648;0.130753;0.436454;1.004199;0.522989;
1.017377;0.523008;0.404452;0.665487;-0.871665;0.130756;0.436488;1.004199;0.522999;
1.017381;0.523029;0.404510;0.665497;-0.871699;0.130761;0.436554;1.004197;0.523019;
1.017389;0.523069;0.404625;0.665517;-0.871767;0.130771;0.436688;1.004194;0.523060;
1.017405;0.523151;0.404856;0.665557;-0.871902;0.130791;0.436955;1.004189;0.523141;
1.017437;0.523313;0.405316;0.665637;-0.872173;0.130832;0.437488;1.004177;0.523304;
1.017501;0.523638;0.406236;0.665797;-0.872714;0.130913;0.438551;1.004155;0.523628;
1.017629;0.524284;0.408067;0.666114;-0.873791;0.131075;0.440668;1.004111;0.524275;
1.017885;0.525566;0.411700;0.666743;-0.875927;0.131395;0.444860;1.004029;0.525556;
1.017974;0.526008;0.412959;0.666961;-0.876663;0.131506;0.446312;1.004000;0.525998;
1.017975;0.526013;0.412973;0.666963;-0.876671;0.131507;0.446328;1.004000;0.526003;
1.017976;0.526018;0.412987;0.666966;-0.876680;0.131508;0.446345;1.004000;0.526008;
1.017978;0.526027;0.413015;0.666971;-0.876696;0.131511;0.446377;1.003999;0.526018;
1.017982;0.526047;0.413071;0.666980;-0.876729;0.131516;0.446442;1.003998;0.526038;
1.017990;0.526087;0.413184;0.667000;-0.876795;0.131525;0.446571;1.003995;0.526077;
1.018006;0.526166;0.413408;0.667039;-0.876928;0.131545;0.446830;1.003991;0.526157;
1.018038;0.526325;0.413857;0.667116;-0.877192;0.131585;0.447347;1.003981;0.526315;
1.018102;0.526641;0.414753;0.667271;-0.877719;0.131664;0.448377;1.003963;0.526631;
1.018230;0.527270;0.416538;0.667579;-0.878767;0.131821;0.450430;1.003926;0.527260;
1.018486;0.528503;0.420096;0.668194;-0.880821;0.132129;0.454529;1.003843;0.528493;
1.018998;0.530864;0.427168;0.669420;-0.884756;0.132719;0.462704;1.003646;0.530854;
1.020022;0.535189;0.441136;0.671858;-0.891965;0.133801;0.478956;1.003178;0.535179;
1.021046;0.539025;0.454846;0.674270;-0.898357;0.134759;0.495030;1.002667;0.539014;
1.023094;0.545513;0.481324;0.678959;-0.909170;0.136381;0.526291;1.001739;0.545502;
1.025142;0.550700;0.506368;0.683421;-0.917814;0.137678;0.556034;1.001012;0.550688;
1.027190;0.554949;0.529768;0.687593;-0.924895;0.138740;0.583846;1.000532;0.554937;
1.029238;0.558578;0.551367;0.691428;-0.930942;0.139646;0.609411;1.000276;0.558565;
1.031286;0.561838;0.571076;0.694898;-0.936375;0.140461;0.632541;1.000196;0.561825;
1.033334;0.564915;0.588867;0.697991;-0.941503;0.141230;0.653157;1.000241;0.564902;
1.035382;0.567937;0.604763;0.700709;-0.946539;0.141986;0.671275;1.000366;0.567923;
1.037430;0.570983;0.618833;0.703065;-0.951615;0.142747;0.686981;1.000533;0.570969;
1.039478;0.574095;0.631174;0.705080;-0.956802;0.143525;0.700415;1.000718;0.574081;
1.041526;0.577288;0.641906;0.706780;-0.962122;0.144323;0.711748;1.000901;0.577273;
1.043574;0.580556;0.651162;0.708194;-0.967569;0.145140;0.721171;1.001070;0.580541;
1.045622;0.583882;0.659080;0.709351;-0.973111;0.145971;0.728883;1.001216;0.583867;
1.047670;0.587240;0.665800;0.710281;-0.978708;0.146811;0.735082;1.001336;0.587225;
1.049718;0.590602;0.671458;0.711013;-0.984312;0.147651;0.739962;1.001428;0.590587;
1.053814;0.597190;0.680251;0.712022;-0.995292;0.149298;0.746685;1.001535;0.597175;
1.057501;0.602872;0.685713;0.712499;-1.004760;0.150719;0.749864;1.001551;0.602856;
1.061187;0.608196;0.689451;0.712690;-1.013633;0.152050;0.751138;1.001509;0.608180;
1.064874;0.613090;0.691906;0.712684;-1.021789;0.153273;0.751095;1.001424;0.613074;
1.068560;0.617509;0.693443;0.712551;-1.029155;0.154378;0.750212;1.001309;0.617493;
1.072246;0.621437;0.694348;0.712347;-1.035701;0.155360;0.748850;1.001177;0.621421;
1.075933;0.624878;0.694834;0.712110;-1.041437;0.156221;0.747272;1.001040;0.624862;
1.079619;0.627855;0.695058;0.711868;-1.046398;0.156965;0.745659;1.000903;0.627839;
1.083306;0.630401;0.695131;0.711638;-1.050641;0.157601;0.744126;1.000773;0.630385;
1.090678;0.634416;0.695127;0.711252;-1.057333;0.158605;0.741549;1.000547;0.634400;
1.097314;0.636978;0.695058;0.710992;-1.061603;0.159246;0.739815;1.000385;0.636962;
1.103949;0.638793;0.695023;0.710809;-1.064626;0.159699;0.738599;1.000261;0.638776;
1.110585;0.640045;0.695040;0.710691;-1.066713;0.160012;0.737807;1.000171;0.640028;
1.117220;0.640893;0.695101;0.710619;-1.068127;0.160225;0.737330;1.000108;0.640876;
1.123856;0.641460;0.695186;0.710579;-1.069071;0.160366;0.737065;1.000066;0.641443;
1.130491;0.641835;0.695277;0.710559;-1.069697;0.160460;0.736931;1.000038;0.641818;
1.137127;0.642084;0.695363;0.710551;-1.070112;0.160522;0.736874;1.000021;0.642067;
1.143085;0.642236;0.695429;0.710548;-1.070365;0.160560;0.736855;1.000011;0.642219;
1.143086;0.642236;0.695429;0.710548;-1.070365;0.160560;0.736855;1.000011;0.642219;
1.143087;0.642236;0.695429;0.710548;-1.070365;0.160560;0.736855;1.000011;0.642219;
1.143089;0.642236;0.695429;0.710548;-1.070365;0.160560;0.736855;1.000011;0.642219;
1.143093;0.642236;0.695429;0.710548;-1.070365;0.160560;0.736855;1.000011;0.642219;
1.143101;0.642236;0.695429;0.710548;-1.070366;0.160560;0.736855;1.000011;0.642219;
1.143117;0.642237;0.695429;0.710548;-1.070366;0.160560;0.736855;1.000011;0.642220;
1.143149;0.642237;0.695429;0.710548;-1.070367;0.160561;0.736855;1.000011;0.642220;
1.143213;0.642238;0.695430;0.710548;-1.070369;0.160561;0.736855;1.000011;0.642221;
1.143341;0.642241;0.695431;0.710548;-1.070373;0.160562;0.736855;1.000011;0.642224;
1.143597;0.642246;0.695434;0.710548;-1.070381;0.160563;0.736855;1.000010;0.642229;
1.144109;0.642255;0.695439;0.710548;-1.070397;0.160565;0.736855;1.000010;0.642238;
1.145133;0.642273;0.695449;0.710548;-1.070426;0.160570;0.736856;1.000009;0.642256;
1.146157;0.642290;0.695459;0.710548;-1.070455;0.160574;0.736856;1.000008;0.642273;
1.148205;0.642321;0.695477;0.710548;-1.070507;0.160582;0.736858;1.000006;0.642304;
1.152301;0.642370;0.695506;0.710549;-1.070589;0.160594;0.736861;1.000003;0.642353;
1.156397;0.642410;0.695530;0.710549;-1.070656;0.160604;0.736865;1.000001;0.642393;
1.160493;0.642444;0.695551;0.710550;-1.070711;0.160612;0.736868;0.999999;0.642427;
1.168685;0.642497;0.695585;0.710551;-1.070800;0.160626;0.736875;0.999997;0.642480;
1.176877;0.642533;0.695610;0.710552;-1.070860;0.160634;0.736883;0.999995;0.642516;
1.186791;0.642559;0.695633;0.710554;-1.070904;0.160641;0.736893;0.999994;0.642542;
1.196705;0.642573;0.695650;0.710555;-1.070926;0.160645;0.736904;0.999993;0.642556;
1.206619;0.642578;0.695663;0.710557;-1.070935;0.160646;0.736917;0.999993;0.642561;
1.226447;0.642578;0.695686;0.710561;-1.070936;0.160646;0.736945;0.999993;0.642561;
1.244293;0.642571;0.695702;0.710565;-1.070924;0.160644;0.736970;0.999993;0.642554;
1.249155;0.642569;0.695707;0.710566;-1.070920;0.160644;0.736976;0.999994;0.642552;
1.249156;0.642569;0.695707;0.710566;-1.070920;0.160644;0.736976;0.999994;0.642552;
1.249157;0.642569;0.695707;0.710566;-1.070920;0.160644;0.736976;0.999994;0.642552;
1.249159;0.642569;0.695707;0.710566;-1.070920;0.160644;0.736976;0.999994;0.642552;
1.249163;0.642569;0.695707;0.710566;-1.070920;0.160644;0.736976;0.999994;0.642552;
1.249171;0.642569;0.695707;0.710566;-1.070920;0.160644;0.736976;0.999994;0.642552;
1.249187;0.642569;0.695707;0.710566;-1.070920;0.160643;0.736976;0.999994;0.642552;
1.249219;0.642569;0.695707;0.710566;-1.070920;0.160643;0.736976;0.999994;0.642552;
1.249283;0.642569;0.695707;0.710566;-1.070920;0.160643;0.736976;0.999994;0.642552;
1.249411;0.642569;0.695707;0.710566;-1.070919;0.160643;0.736977;0.999994;0.642552;
1.249667;0.642568;0.695707;0.710566;-1.070919;0.160643;0.736977;0.999994;0.642551;
1.250179;0.642568;0.695707;0.710566;-1.070919;0.160643;0.736978;0.999994;0.642551;
1.251203;0.642567;0.695708;0.710566;-1.070918;0.160643;0.736979;0.999994;0.642551;
1.252227;0.642567;0.695709;0.710567;-1.070917;0.160643;0.736980;0.999994;0.642550;
1.254275;0.642566;0.695711;0.710567;-1.070915;0.160643;0.736983;0.999994;0.642549;
1.258371;0.642563;0.695714;0.710568;-1.070911;0.160642;0.736988;0.999994;0.642546;
1.262467;0.642561;0.695717;0.710569;-1.070907;0.160642;0.736994;0.999994;0.642544;
1.270659;0.642557;0.695723;0.710570;-1.070900;0.160641;0.737003;0.999995;0.642540;
1.278851;0.642553;0.695728;0.710571;-1.070894;0.160640;0.737012;0.999995;0.642536;
1.287043;0.642549;0.695733;0.710573;-1.070888;0.160639;0.737021;0.999995;0.642533;
1.303427;0.642543;0.695743;0.710575;-1.070876;0.160637;0.737038;0.999996;0.642526;
1.319811;0.642537;0.695752;0.710577;-1.070866;0.160635;0.737052;0.999996;0.642520;
1.336195;0.642531;0.695760;0.710579;-1.070857;0.160634;0.737065;0.999996;0.642514;
1.368963;0.642522;0.695773;0.710583;-1.070841;0.160632;0.737088;0.999997;0.642505;
1.401731;0.642514;0.695784;0.710586;-1.070829;0.160630;0.737106;0.999998;0.642497;
1.424591;0.642510;0.695790;0.710587;-1.070822;0.160629;0.737117;0.999998;0.642493;
1.424592;0.642510;0.695790;0.710587;-1.070822;0.160629;0.737117;0.999998;0.642493;
1.424593;0.642510;0.695790;0.710587;-1.070822;0.160629;0.737117;0.999998;0.642493;
1.424595;0.642510;0.695790;0.710587;-1.070822;0.160629;0.737117;0.999998;0.642493;
1.424599;0.642510;0.695790;0.710587;-1.070822;0.160629;0.737117;0.999998;0.642493;
1.424607;0.642510;0.695790;0.710587;-1.070822;0.160629;0.737117;0.999998;0.642493;
1.424623;0.642510;0.695790;0.710587;-1.070822;0.160629;0.737117;0.999998;0.642493;
1.424655;0.642510;0.695790;0.710587;-1.070822;0.160629;0.737117;0.999998;0.642493;
1.424719;0.642510;0.695790;0.710587;-1.070822;0.160629;0.737117;0.999998;0.642493;
1.424847;0.642510;0.695790;0.710587;-1.070822;0.160629;0.737117;0.999998;0.642493;
1.425103;0.642510;0.695790;0.710587;-1.070822;0.160629;0.737117;0.999998;0.642493;
1.425615;0.642510;0.695791;0.710587;-1.070821;0.160629;0.737117;0.999998;0.642493;
1.426639;0.642510;0.695791;0.710587;-1.070821;0.160629;0.737117;0.999998;0.642493;
1.428687;0.642509;0.695791;0.710587;-1.070821;0.160629;0.737118;0.999998;0.642492;
1.432783;0.642509;0.695792;0.710588;-1.070819;0.160628;0.737120;0.999998;0.642492;
1.440975;0.642507;0.695794;0.710588;-1.070817;0.160628;0.737123;0.999998;0.642490;
1.457359;0.642505;0.695798;0.710589;-1.070813;0.160628;0.737129;0.999998;0.642488;
1.490127;0.642501;0.695804;0.710590;-1.070807;0.160627;0.737139;0.999999;0.642484;
1.522895;0.642498;0.695808;0.710592;-1.070801;0.160626;0.737147;0.999999;0.642481;
1.555663;0.642495;0.695812;0.710593;-1.070797;0.160625;0.737153;0.999999;0.642478;
1.588431;0.642493;0.695815;0.710593;-1.070793;0.160625;0.737158;0.999999;0.642476;
1.621199;0.642491;0.695818;0.710594;-1.070790;0.160624;0.737162;1.000000;0.642474;
1.653967;0.642490;0.695820;0.710594;-1.070788;0.160624;0.737165;1.000000;0.642473;
1.686735;0.642489;0.695821;0.710595;-1.070786;0.160624;0.737168;1.000000;0.642472;
1.719503;0.642488;0.695822;0.710595;-1.070785;0.160623;0.737170;1.000000;0.642471;
1.752271;0.642487;0.695823;0.710595;-1.070784;0.160623;0.737171;1.000000;0.642470;
1.785039;0.642487;0.695824;0.710596;-1.070783;0.160623;0.737173;1.000000;0.642470;
1.817807;0.642486;0.695825;0.710596;-1.070782;0.160623;0.737174;1.000000;0.642469;
1.850575;0.642486;0.695825;0.710596;-1.070782;0.160623;0.737175;1.000000;0.642469;
1.883343;0.642486;0.695826;0.710596;-1.070781;0.160623;0.737175;1.000000;0.642469;
1.916111;0.642485;0.695826;0.710596;-1.070781;0.160623;0.737176;1.000000;0.642469;
1.948879;0.642485;0.695826;0.710596;-1.070781;0.160623;0.737176;1.000000;0.642468;
1.981647;0.642485;0.695826;0.710596;-1.070780;0.160623;0.737177;1.000000;0.642468;
2.000000;0.642485;0.695826;0.710596;-1.070780;0.160623;0.737177;1.000000;0.642468;
2.000000;1.070797;0.990697;1.110596;-1.070780;0.160623;0.737177;0.735425;1.070780;
2.000001;1.070736;0.990786;1.110609;-1.070719;0.160613;0.737266;0.735666;1.070719;
2.000002;1.070675;0.990875;1.110623;-1.070658;0.160604;0.737355;0.735907;1.070658;
2.000004;1.070553;0.991052;1.110649;-1.070536;0.160586;0.737532;0.736389;1.070536;
2.000008;1.070309;0.991406;1.110702;-1.070292;0.160549;0.737886;0.737349;1.070292;
2.000016;1.069824;0.992109;1.110808;-1.069807;0.160477;0.738589;0.739260;1.069807;
2.000032;1.068864;0.993498;1.111016;-1.068847;0.160333;0.739977;0.743043;1.068847;
2.000064;1.066984;0.996206;1.111422;-1.066967;0.160050;0.742686;0.750451;1.066967;
2.000128;1.063379;1.001357;1.112195;-1.063362;0.159510;0.747837;0.764659;1.063362;
2.000256;1.056758;1.010677;1.113593;-1.056741;0.158516;0.757158;0.790823;1.056741;
2.000384;1.050888;1.018790;1.114811;-1.050871;0.157636;0.765273;0.814190;1.050871;
2.000469;1.047349;1.023613;1.115535;-1.047332;0.157105;0.770099;0.828415;1.047332;
2.000470;1.047307;1.023663;1.115542;-1.047290;0.157098;0.770150;0.828575;1.047290;
2.000471;1.047268;1.023716;1.115550;-1.047251;0.157093;0.770203;0.828734;1.047251;
2.000473;1.047189;1.023822;1.115566;-1.047172;0.157081;0.770310;0.829050;1.047172;
2.000477;1.047033;1.024034;1.115598;-1.047016;0.157057;0.770521;0.829683;1.047016;
2.000485;1.046721;1.024454;1.115661;-1.046704;0.157011;0.770942;0.830940;1.046704;
2.000501;1.046104;1.025282;1.115786;-1.046087;0.156918;0.771772;0.833427;1.046087;
2.000533;1.044894;1.026894;1.116028;-1.044877;0.156736;0.773389;0.838293;1.044877;
2.000597;1.042566;1.029942;1.116488;-1.042549;0.156387;0.776454;0.847613;1.042549;
2.000725;1.038250;1.035388;1.117314;-1.038233;0.155740;0.781959;0.864724;1.038233;
2.000853;1.034360;1.040028;1.118024;-1.034343;0.155156;0.786694;0.879943;1.034343;
2.000981;1.030854;1.043940;1.118630;-1.030837;0.154630;0.790736;0.893462;1.030837;
2.001109;1.027690;1.047196;1.119143;-1.027674;0.154155;0.794156;0.905464;1.027674;
2.001237;1.024832;1.049861;1.119573;-1.024815;0.153727;0.797018;0.916115;1.024815;
2.001365;1.022243;1.051994;1.119927;-1.022227;0.153338;0.799380;0.925564;1.022227;
2.001493;1.019893;1.053646;1.120214;-1.019876;0.152986;0.801293;0.933943;1.019876;
2.001749;1.015760;1.055730;1.120618;-1.015743;0.152366;0.803990;0.948083;1.015743;
2.001980;1.012604;1.056361;1.120811;-1.012587;0.151892;0.805271;0.958187;1.012587;
2.002210;1.009859;1.055996;1.120867;-1.009843;0.151481;0.805649;0.966291;1.009843;
2.002440;1.007431;1.054785;1.120810;-1.007414;0.151116;0.805265;0.972780;1.007414;
2.002462;1.007215;1.054634;1.120799;-1.007198;0.151084;0.805196;0.973324;1.007198;
2.002463;1.007205;1.054627;1.120799;-1.007188;0.151082;0.805192;0.973348;1.007188;
2.002464;1.007195;1.054619;1.120798;-1.007179;0.151081;0.805189;0.973372;1.007179;
2.002466;1.007176;1.054605;1.120797;-1.007159;0.151078;0.805181;0.973420;1.007159;
2.002470;1.007137;1.054575;1.120795;-1.007120;0.151072;0.805167;0.973516;1.007120;
2.002478;1.007059;1.054514;1.120790;-1.007043;0.151060;0.805137;0.973707;1.007043;
2.002494;1.006905;1.054391;1.120781;-1.006888;0.151037;0.805076;0.974084;1.006888;
2.002526;1.006598;1.054136;1.120761;-1.006582;0.150991;0.804944;0.974823;1.006582;
2.002590;1.005997;1.053586;1.120717;-1.005980;0.150901;0.804648;0.976234;1.005980;
2.002718;1.004834;1.052341;1.120609;-1.004817;0.150727;0.803928;0.978815;1.004817;
2.002974;1.002632;1.049331;1.120325;-1.002616;0.150396;0.802036;0.983152;1.002616;
2.003230;1.000560;1.045688;1.119960;-1.000543;0.150086;0.799601;0.986544;1.000543;
2.003486;0.998571;1.041493;1.119524;-0.998554;0.149787;0.796697;0.989179;0.998554;
2.003742;0.996628;1.036813;1.119028;-0.996612;0.149496;0.793388;0.991215;0.996612;
2.003998;0.994704;1.031708;1.118479;-0.994687;0.149207;0.789728;0.992782;0.994687;
2.004254;0.992774;1.026225;1.117883;-0.992758;0.148918;0.785758;0.993982;0.992758;
2.004766;0.988833;1.014324;1.116579;-0.988818;0.148327;0.777066;0.995654;0.988818;
2.005278;0.984741;1.001325;1.115144;-0.984726;0.147713;0.767496;0.996596;0.984726;
2.005790;0.980465;0.987412;1.113599;-0.980449;0.147072;0.757199;0.997082;0.980449;
2.006302;0.975992;0.972737;1.111963;-0.975977;0.146401;0.746295;0.997298;0.975977;
2.006814;0.971328;0.957423;1.110251;-0.971313;0.145701;0.734880;0.997359;0.971313;
2.007838;0.961511;0.925377;1.106651;-0.961497;0.144229;0.710885;0.997317;0.961497;
2.008862;0.951152;0.891840;1.102860;-0.951138;0.142675;0.685614;0.997165;0.951138;
2.009886;0.940408;0.857321;1.098931;-0.940395;0.141064;0.659427;0.997009;0.940395;
2.010678;0.931938;0.830248;1.095831;-0.931925;0.139794;0.638758;0.996913;0.931925;
2.010678;0.931937;0.830249;1.095831;-0.931924;0.139794;0.638759;0.996913;0.931924;
2.010679;0.931926;0.830214;1.095827;-0.931914;0.139792;0.638732;0.996913;0.931914;
2.010680;0.931916;0.830180;1.095823;-0.931903;0.139790;0.638706;0.996912;0.931903;
2.010682;0.931894;0.830111;1.095815;-0.931881;0.139787;0.638653;0.996912;0.931881;
2.010686;0.931851;0.829973;1.095799;-0.931838;0.139781;0.638548;0.996912;0.931838;
2.010694;0.931764;0.829697;1.095768;-0.931752;0.139768;0.638337;0.996911;0.931752;
2.010710;0.931591;0.829146;1.095704;-0.931579;0.139742;0.637915;0.996909;0.931579;
2.010742;0.931245;0.828045;1.095578;-0.931233;0.139690;0.637072;0.996906;0.931233;
2.010806;0.930554;0.825847;1.095325;-0.930541;0.139586;0.635388;0.996899;0.930541;
2.010934;0.929171;0.821467;1.094822;-0.929158;0.139379;0.632032;0.996886;0.929158;
2.011190;0.926409;0.812768;1.093821;-0.926397;0.138964;0.625360;0.996863;0.926397;
2.011702;0.920903;0.795619;1.091844;-0.920891;0.138139;0.612183;0.996825;0.920891;
2.011835;0.919476;0.791208;1.091335;-0.919464;0.137925;0.608788;0.996817;0.919464;
2.011836;0.919465;0.791175;1.091331;-0.919453;0.137923;0.608763;0.996817;0.919453;
2.011837;0.919454;0.791142;1.091327;-0.919442;0.137921;0.608737;0.996817;0.919442;
2.011839;0.919433;0.791076;1.091319;-0.919421;0.137918;0.608686;0.996817;0.919421;
2.011843;0.919390;0.790944;1.091304;-0.919378;0.137912;0.608585;0.996817;0.919378;
2.011851;0.919305;0.790680;1.091274;-0.919293;0.137899;0.608382;0.996817;0.919293;
2.011867;0.919134;0.790153;1.091213;-0.919122;0.137873;0.607975;0.996816;0.919122;
2.011899;0.918794;0.789099;1.091091;-0.918782;0.137822;0.607163;0.996815;0.918782;
2.011963;0.918119;0.786996;1.090848;-0.918107;0.137721;0.605541;0.996817;0.918107;
2.012091;0.916792;0.782807;1.090362;-0.916780;0.137522;0.602304;0.996827;0.916780;
2.012347;0.914227;0.774499;1.089395;-0.914215;0.137137;0.595859;0.996877;0.914215;
2.012859;0.909438;0.758149;1.087478;-0.909426;0.136419;0.583080;0.997052;0.909426;
2.013883;0.901134;0.726474;1.083710;-0.901123;0.135174;0.557959;0.997557;0.901123;
2.014907;0.894404;0.696123;1.080031;-0.894393;0.134164;0.533436;0.998147;0.894393;
2.015931;0.889071;0.667058;1.076446;-0.889060;0.133365;0.509537;0.998725;0.889060;
2.016955;0.884964;0.639254;1.072959;-0.884954;0.132749;0.486297;0.999247;0.884954;
2.017979;0.881930;0.612687;1.069577;-0.881920;0.132294;0.463748;0.999704;0.881920;
2.019003;0.879829;0.587334;1.066302;-0.879819;0.131979;0.441917;1.000097;0.879819;
2.020027;0.878538;0.563168;1.063137;-0.878529;0.131786;0.420821;1.000435;0.878529;
2.021051;0.877950;0.540159;1.060085;-0.877941;0.131698;0.400473;1.000725;0.877941;
2.022075;0.878038;0.518889;1.057226;-0.878029;0.131711;0.381416;1.000972;0.878029;
2.023099;0.878747;0.499581;1.054595;-0.878738;0.131818;0.363882;1.001182;0.878738;
2.024123;0.880004;0.482185;1.052193;-0.879995;0.132006;0.347864;1.001360;0.879995;
2.026171;0.883795;0.452390;1.047993;-0.883786;0.132575;0.319870;1.001636;0.883786;
2.027966;0.888279;0.431136;1.044912;-0.888271;0.133248;0.299332;1.001801;0.888271;
2.029760;0.893549;0.413635;1.042303;-0.893540;0.134039;0.281939;1.001909;0.893540;
2.031555;0.899364;0.399255;1.040093;-0.899355;0.134911;0.267208;1.001969;0.899355;
2.033349;0.905529;0.387463;1.038221;-0.905520;0.135836;0.254725;1.001992;0.905520;
2.034424;0.909312;0.381428;1.037235;-0.909303;0.136404;0.248156;1.001990;0.909303;
2.034425;0.909316;0.381423;1.037235;-0.909307;0.136404;0.248150;1.001990;0.909307;
2.034426;0.909319;0.381418;1.037234;-0.909310;0.136405;0.248144;1.001990;0.909310;
2.034428;0.909326;0.381408;1.037232;-0.909317;0.136406;0.248133;1.001990;0.909317;
2.034432;0.909341;0.381387;1.037229;-0.909332;0.136408;0.248110;1.001990;0.909332;
2.034440;0.909369;0.381345;1.037222;-0.909360;0.136413;0.248064;1.001990;0.909360;
2.034456;0.909427;0.381263;1.037208;-0.909418;0.136421;0.247972;1.001990;0.909418;
2.034488;0.909541;0.381098;1.037181;-0.909532;0.136438;0.247790;1.001990;0.909532;
2.034552;0.909769;0.380769;1.037126;-0.909760;0.136473;0.247426;1.001989;0.909760;
2.034680;0.910225;0.380119;1.037018;-0.910216;0.136541;0.246705;1.001986;0.910216;
2.034936;0.911130;0.378845;1.036805;-0.911121;0.136677;0.245288;1.001979;0.911121;
2.035448;0.912917;0.376402;1.036395;-0.912908;0.136945;0.242556;1.001956;0.912908;
2.036472;0.916401;0.371906;1.035633;-0.916392;0.137467;0.237470;1.001894;0.916392;
2.038520;0.923017;0.364282;1.034308;-0.923008;0.138460;0.228638;1.001750;0.923008;
2.040568;0.929185;0.358247;1.033219;-0.929176;0.139385;0.221380;1.001604;0.929176;
2.042616;0.934929;0.353512;1.032326;-0.934920;0.140247;0.215428;1.001469;0.934920;
2.044664;0.940271;0.349822;1.031594;-0.940262;0.141049;0.210547;1.001348;0.940262;
2.046712;0.945234;0.346966;1.030993;-0.945224;0.141793;0.206539;1.001237;0.945224;
2.048760;0.949836;0.344773;1.030498;-0.949827;0.142483;0.203240;1.001136;0.949827;
2.050808;0.954098;0.343104;1.030090;-0.954089;0.143123;0.200519;1.001043;0.954089;
2.051320;0.955114;0.342751;1.029999;-0.955104;0.143275;0.199912;1.001021;0.955104;
2.051321;0.955115;0.342750;1.029998;-0.955105;0.143275;0.199910;1.001021;0.955105;
2.051322;0.955117;0.342750;1.029998;-0.955107;0.143276;0.199909;1.001021;0.955107;
2.051324;0.955121;0.342748;1.029998;-0.955111;0.143276;0.199907;1.001021;0.955111;
2.051328;0.955129;0.342746;1.029997;-0.955119;0.143277;0.199902;1.001021;0.955119;
2.051336;0.955144;0.342741;1.029996;-0.955135;0.143280;0.199893;1.001021;0.955135;
2.051352;0.955175;0.342730;1.029993;-0.955166;0.143284;0.199875;1.001020;0.955166;
2.051384;0.955238;0.342710;1.029988;-0.955229;0.143294;0.199839;1.001019;0.955229;
2.051448;0.955363;0.342670;1.029977;-0.955353;0.143313;0.199767;1.001016;0.955353;
2.051576;0.955612;0.342590;1.029956;-0.955602;0.143350;0.199625;1.001010;0.955602;
2.051832;0.956106;0.342435;1.029914;-0.956097;0.143424;0.199345;1.001000;0.956097;
2.052344;0.957080;0.342141;1.029832;-0.957071;0.143570;0.198803;1.000979;0.957071;
2.052615;0.957589;0.341992;1.029791;-0.957580;0.143647;0.198525;1.000967;0.957580;
2.052616;0.957590;0.341992;1.029791;-0.957580;0.143647;0.198525;1.000967;0.957580;
2.052617;0.957591;0.341992;1.029791;-0.957582;0.143647;0.198524;1.000967;0.957582;
2.052618;0.957593;0.341991;1.029790;-0.957584;0.143647;0.198523;1.000967;0.957584;
2.052620;0.957597;0.341990;1.029790;-0.957587;0.143648;0.198521;1.000967;0.957587;
2.052624;0.957604;0.341988;1.029790;-0.957595;0.143649;0.198517;1.000967;0.957595;
2.052632;0.957619;0.341984;1.029788;-0.957610;0.143651;0.198509;1.000967;0.957610;
2.052648;0.957649;0.341975;1.029786;-0.957640;0.143656;0.198493;1.000966;0.957640;
2.052680;0.957709;0.341958;1.029781;-0.957699;0.143664;0.198461;1.000965;0.957699;
2.052744;0.957828;0.341925;1.029771;-0.957818;0.143682;0.198397;1.000962;0.957818;
2.052872;0.958064;0.341858;1.029752;-0.958055;0.143718;0.198270;1.000957;0.958055;
2.052911;0.958137;0.341838;1.029747;-0.958127;0.143729;0.198231;1.000956;0.958127;
2.052912;0.958139;0.341838;1.029746;-0.958129;0.143729;0.198230;1.000955;0.958129;
2.052913;0.958141;0.341837;1.029746;-0.958131;0.143729;0.198229;1.000955;0.958131;
2.052915;0.958144;0.341836;1.029746;-0.958135;0.143730;0.198227;1.000955;0.958135;
2.052919;0.958152;0.341834;1.029745;-0.958142;0.143731;0.198223;1.000955;0.958142;
2.052927;0.958166;0.341830;1.029744;-0.958157;0.143733;0.198215;1.000955;0.958157;
2.052943;0.958196;0.341822;1.029742;-0.958186;0.143738;0.198200;1.000954;0.958186;
2.052975;0.958255;0.341806;1.029737;-0.958245;0.143746;0.198168;1.000953;0.958245;
2.053039;0.958372;0.341773;1.029728;-0.958363;0.143764;0.198106;1.000950;0.958363;
2.053167;0.958606;0.341710;1.029709;-0.958597;0.143799;0.197982;1.000945;0.958597;
2.053423;0.959071;0.341586;1.029673;-0.959061;0.143869;0.197739;1.000935;0.959061;
2.053935;0.959986;0.341351;1.029602;-0.959976;0.144006;0.197269;1.000915;0.959976;
2.054959;0.961762;0.340931;1.029470;-0.961752;0.144272;0.196389;1.000877;0.961752;
2.057007;0.965105;0.340257;1.029238;-0.965096;0.144774;0.194840;1.000804;0.965096;
2.061103;0.971031;0.339397;1.028872;-0.971022;0.145663;0.192400;1.000673;0.971022;
2.061836;0.971994;0.339293;1.028818;-0.971984;0.145807;0.192037;1.000652;0.971984;
2.061837;0.971995;0.339293;1.028817;-0.971986;0.145808;0.192036;1.000652;0.971986;
2.061838;0.971997;0.339293;1.028817;-0.971987;0.145808;0.192036;1.000652;0.971987;
2.061840;0.971999;0.339293;1.028817;-0.971989;0.145808;0.192035;1.000652;0.971989;
2.061844;0.972004;0.339292;1.028817;-0.971994;0.145809;0.192033;1.000652;0.971994;
2.061852;0.972015;0.339292;1.028816;-0.972005;0.145811;0.192029;1.000652;0.972005;
2.061868;0.972035;0.339290;1.028815;-0.972025;0.145814;0.192022;1.000651;0.972025;
2.061900;0.972076;0.339287;1.028813;-0.972066;0.145820;0.192008;1.000650;0.972066;
2.061964;0.972157;0.339280;1.028809;-0.972148;0.145832;0.191979;1.000649;0.972148;
2.062092;0.972320;0.339267;1.028800;-0.972310;0.145856;0.191922;1.000645;0.972310;
2.062348;0.972642;0.339243;1.028784;-0.972633;0.145905;0.191811;1.000638;0.972633;
2.062860;0.973277;0.339199;1.028751;-0.973267;0.146000;0.191593;1.000624;0.973267;
2.063884;0.974505;0.339125;1.028690;-0.974495;0.146184;0.191184;1.000596;0.974495;
2.065932;0.976808;0.339028;1.028580;-0.976798;0.146530;0.190455;1.000545;0.976798;
2.070028;0.980860;0.338977;1.028404;-0.980850;0.147137;0.189281;1.000454;0.980850;
2.071161;0.981864;0.338986;1.028364;-0.981854;0.147288;0.189010;1.000431;0.981854;
2.071162;0.981864;0.338986;1.028364;-0.981854;0.147288;0.189010;1.000431;0.981854;
2.071163;0.981865;0.338986;1.028364;-0.981855;0.147288;0.189010;1.000431;0.981855;
2.071165;0.981867;0.338986;1.028363;-0.981857;0.147288;0.189009;1.000431;0.981857;
2.071169;0.981870;0.338986;1.028363;-0.981860;0.147289;0.189008;1.000431;0.981860;
2.071177;0.981877;0.338987;1.028363;-0.981867;0.147290;0.189007;1.000431;0.981867;
2.071193;0.981891;0.338987;1.028363;-0.981881;0.147292;0.189003;1.000431;0.981881;
2.071225;0.981918;0.338988;1.028362;-0.981908;0.147296;0.188996;1.000430;0.981908;
2.071289;0.981972;0.338989;1.028359;-0.981962;0.147304;0.188982;1.000429;0.981962;
2.071417;0.982078;0.338992;1.028355;-0.982068;0.147320;0.188955;1.000425;0.982068;
2.071673;0.982284;0.338997;1.028347;-0.982274;0.147351;0.188903;1.000417;0.982274;
2.072185;0.982674;0.339007;1.028333;-0.982664;0.147410;0.188803;1.000398;0.982664;
2.073209;0.983364;0.339028;1.028307;-0.983354;0.147513;0.188631;1.000351;0.983354;
2.075257;0.984398;0.339081;1.028271;-0.984388;0.147668;0.188393;1.000248;0.984388;
2.079353;0.985223;0.339224;1.028257;-0.985213;0.147792;0.188297;1.000051;0.985213;
2.083449;0.984556;0.339402;1.028310;-0.984546;0.147692;0.188652;0.999879;0.984546;
2.087545;0.982609;0.339594;1.028419;-0.982599;0.147400;0.189377;0.999735;0.982599;
2.091641;0.979582;0.339788;1.028573;-0.979572;0.146946;0.190404;0.999615;0.979572;
2.095737;0.975649;0.339975;1.028763;-0.975639;0.146356;0.191672;0.999516;0.975639;
2.099833;0.970961;0.340151;1.028982;-0.970951;0.145652;0.193132;0.999433;0.970951;
2.103929;0.965646;0.340315;1.029224;-0.965636;0.144855;0.194747;0.999365;0.965636;
2.108025;0.959812;0.340467;1.029484;-0.959803;0.143980;0.196482;0.999309;0.959803;
2.112121;0.953551;0.340608;1.029759;-0.953542;0.143041;0.198311;0.999263;0.953542;
2.120313;0.940106;0.340863;1.030335;-0.940096;0.141024;0.202155;0.999192;0.940096;
2.127686;0.927147;0.341063;1.030876;-0.927138;0.139080;0.205764;0.999150;0.927138;
2.135059;0.913622;0.341241;1.031429;-0.913613;0.137051;0.209447;0.999120;0.913613;
2.142432;0.899701;0.341400;1.031985;-0.899693;0.134963;0.213158;0.999101;0.899693;
2.146907;0.891120;0.341490;1.032323;-0.891111;0.133675;0.215408;0.999092;0.891111;
2.146908;0.891118;0.341491;1.032323;-0.891109;0.133675;0.215409;0.999092;0.891109;
2.146909;0.891116;0.341491;1.032323;-0.891107;0.133675;0.215409;0.999092;0.891107;
2.146911;0.891112;0.341491;1.032323;-0.891103;0.133674;0.215410;0.999092;0.891103;
2.146915;0.891104;0.341491;1.032323;-0.891096;0.133673;0.215412;0.999092;0.891096;
2.146923;0.891089;0.341491;1.032324;-0.891080;0.133671;0.215416;0.999092;0.891080;
2.146939;0.891058;0.341491;1.032325;-0.891049;0.133666;0.215425;0.999092;0.891049;
2.146971;0.890996;0.341492;1.032328;-0.890987;0.133657;0.215441;0.999092;0.890987;
2.147035;0.890872;0.341493;1.032332;-0.890864;0.133638;0.215473;0.999092;0.890864;
2.147163;0.890624;0.341495;1.032342;-0.890616;0.133601;0.215537;0.999091;0.890616;
2.147419;0.890129;0.341500;1.032361;-0.890121;0.133527;0.215666;0.999091;0.890121;
2.147931;0.889138;0.341510;1.032400;-0.889129;0.133378;0.215924;0.999090;0.889129;
2.148955;0.887152;0.341530;1.032477;-0.887144;0.133080;0.216439;0.999089;0.887144;
2.151003;0.883172;0.341568;1.032632;-0.883163;0.132483;0.217468;0.999086;0.883163;
2.155099;0.875178;0.341644;1.032939;-0.875170;0.131284;0.219518;0.999081;0.875170;
2.163291;0.859086;0.341793;1.033549;-0.859078;0.128870;0.223583;0.999074;0.859078;
2.171483;0.842886;0.341939;1.034150;-0.842879;0.126440;0.227593;0.999070;0.842879;
2.179675;0.826612;0.342086;1.034743;-0.826605;0.123998;0.231543;0.999068;0.826605;
2.187867;0.810289;0.342233;1.035325;-0.810282;0.121550;0.235427;0.999067;0.810282;
2.196059;0.793932;0.342383;1.035897;-0.793925;0.119096;0.239242;0.999066;0.793925;
2.204251;0.777555;0.342535;1.036458;-0.777548;0.116639;0.242983;0.999066;0.777548;
2.212443;0.761164;0.342688;1.037008;-0.761157;0.114180;0.246651;0.999067;0.761157;
2.213125;0.759798;0.342701;1.037054;-0.759791;0.113975;0.246953;0.999067;0.759791;
2.213126;0.759796;0.342702;1.037054;-0.759789;0.113975;0.246954;0.999067;0.759789;
2.213127;0.759794;0.342702;1.037054;-0.759787;0.113975;0.246955;0.999067;0.759787;
2.213129;0.759790;0.342702;1.037054;-0.759783;0.113974;0.246955;0.999067;0.759783;
2.213133;0.759782;0.342702;1.037054;-0.759775;0.113973;0.246957;0.999067;0.759775;
2.213141;0.759766;0.342702;1.037055;-0.759759;0.113971;0.246961;0.999067;0.759759;
2.213157;0.759734;0.342702;1.037056;-0.759727;0.113966;0.246968;0.999067;0.759727;
2.213189;0.759669;0.342703;1.037058;-0.759663;0.113956;0.246982;0.999067;0.759663;
2.213253;0.759541;0.342704;1.037062;-0.759535;0.113937;0.247010;0.999067;0.759535;
2.213381;0.759285;0.342706;1.037071;-0.759279;0.113899;0.247067;0.999067;0.759279;
2.213637;0.758773;0.342711;1.037088;-0.758766;0.113822;0.247180;0.999067;0.758766;
2.214149;0.757749;0.342721;1.037121;-0.757742;0.113668;0.247406;0.999067;0.757742;
2.214661;0.756727;0.342731;1.037155;-0.756721;0.113515;0.247631;0.999068;0.756721;
2.215685;0.754698;0.342752;1.037222;-0.754692;0.113210;0.248079;0.999073;0.754692;
2.215859;0.754356;0.342755;1.037234;-0.754350;0.113159;0.248154;0.999075;0.754350;
2.215860;0.754354;0.342755;1.037234;-0.754348;0.113159;0.248154;0.999075;0.754348;
2.215861;0.754352;0.342755;1.037234;-0.754346;0.113158;0.248155;0.999075;0.754346;
2.215863;0.754348;0.342755;1.037234;-0.754342;0.113158;0.248156;0.999075;0.754342;
2.215867;0.754340;0.342755;1.037234;-0.754334;0.113157;0.248158;0.999075;0.754334;
2.215875;0.754324;0.342756;1.037235;-0.754318;0.113154;0.248161;0.999075;0.754318;
2.215891;0.754293;0.342756;1.037236;-0.754287;0.113150;0.248168;0.999075;0.754287;
2.215923;0.754230;0.342757;1.037238;-0.754224;0.113140;0.248182;0.999075;0.754224;
2.215987;0.754104;0.342758;1.037242;-0.754098;0.113121;0.248210;0.999076;0.754098;
2.216115;0.753853;0.342761;1.037250;-0.753847;0.113084;0.248265;0.999077;0.753847;
2.216371;0.753353;0.342766;1.037267;-0.753346;0.113009;0.248375;0.999080;0.753346;
2.216883;0.752359;0.342777;1.037300;-0.752353;0.112860;0.248594;0.999086;0.752353;
2.217907;0.750410;0.342800;1.037364;-0.750404;0.112567;0.249025;0.999104;0.750404;
2.219772;0.747027;0.342844;1.037476;-0.747021;0.112060;0.249772;0.999149;0.747021;
2.219773;0.747025;0.342844;1.037476;-0.747019;0.112059;0.249773;0.999149;0.747019;
2.219774;0.747024;0.342844;1.037476;-0.747018;0.112059;0.249773;0.999149;0.747018;
2.219776;0.747020;0.342844;1.037477;-0.747014;0.112059;0.249774;0.999149;0.747014;
2.219780;0.747013;0.342844;1.037477;-0.747007;0.112058;0.249776;0.999149;0.747007;
2.219788;0.746999;0.342844;1.037477;-0.746993;0.112055;0.249779;0.999150;0.746993;
2.219804;0.746971;0.342845;1.037478;-0.746965;0.112051;0.249785;0.999150;0.746965;
2.219836;0.746915;0.342846;1.037480;-0.746908;0.112043;0.249797;0.999151;0.746908;
2.219900;0.746802;0.342847;1.037484;-0.746796;0.112026;0.249822;0.999153;0.746796;
2.220028;0.746579;0.342850;1.037491;-0.746572;0.111992;0.249872;0.999157;0.746572;
2.220284;0.746135;0.342857;1.037506;-0.746129;0.111926;0.249970;0.999165;0.746129;
2.220796;0.745263;0.342869;1.037535;-0.745256;0.111795;0.250163;0.999182;0.745256;
2.221820;0.743583;0.342895;1.037591;-0.743577;0.111543;0.250536;0.999218;0.743577;
2.223868;0.740501;0.342945;1.037694;-0.740495;0.111081;0.251221;0.999299;0.740495;
2.227964;0.735524;0.343044;1.037861;-0.735518;0.110334;0.252338;0.999477;0.735518;
2.232060;0.732153;0.343139;1.037978;-0.732147;0.109828;0.253115;0.999664;0.732147;
2.236156;0.730355;0.343229;1.038045;-0.730349;0.109559;0.253566;0.999845;0.730349;
2.240252;0.730030;0.343318;1.038068;-0.730024;0.109510;0.253715;1.000012;0.730024;
2.244348;0.731035;0.343408;1.038049;-0.731029;0.109661;0.253593;1.000160;0.731029;
2.248444;0.733211;0.343499;1.037996;-0.733205;0.109987;0.253234;1.000290;0.733205;
2.252540;0.736398;0.343595;1.037911;-0.736392;0.110465;0.252671;1.000400;0.736392;
2.253572;0.737337;0.343620;1.037886;-0.737331;0.110606;0.252501;1.000426;0.737331;
2.253573;0.737338;0.343621;1.037886;-0.737332;0.110606;0.252501;1.000426;0.737332;
2.253574;0.737339;0.343621;1.037886;-0.737333;0.110606;0.252501;1.000426;0.737333;
2.253576;0.737341;0.343621;1.037885;-0.737335;0.110607;0.252500;1.000426;0.737335;
2.253580;0.737345;0.343621;1.037885;-0.737339;0.110607;0.252500;1.000426;0.737339;
2.253588;0.737353;0.343621;1.037885;-0.737347;0.110608;0.252498;1.000426;0.737347;
2.253604;0.737368;0.343621;1.037885;-0.737362;0.110611;0.252495;1.000426;0.737362;
2.253636;0.737398;0.343622;1.037884;-0.737392;0.110615;0.252490;1.000427;0.737392;
2.253700;0.737460;0.343624;1.037882;-0.737454;0.110624;0.252479;1.000429;0.737454;
2.253828;0.737583;0.343627;1.037879;-0.737577;0.110643;0.252456;1.000432;0.737577;
2.254084;0.737832;0.343633;1.037872;-0.737826;0.110680;0.252411;1.000438;0.737826;
2.254596;0.738338;0.343646;1.037858;-0.738332;0.110756;0.252318;1.000449;0.738332;
2.255620;0.739385;0.343671;1.037829;-0.739379;0.110913;0.252126;1.000471;0.739379;
2.256644;0.740474;0.343697;1.037799;-0.740468;0.111077;0.251925;1.000492;0.740468;
2.258692;0.742750;0.343748;1.037736;-0.742743;0.111418;0.251503;1.000525;0.742743;
2.260740;0.745130;0.343801;1.037669;-0.745124;0.111775;0.251057;1.000550;0.745124;
2.264836;0.750024;0.343909;1.037531;-0.750018;0.112509;0.250137;1.000574;0.750018;
2.268932;0.754937;0.344021;1.037392;-0.754930;0.113246;0.249209;1.000570;0.754930;
2.273028;0.759670;0.344138;1.037258;-0.759663;0.113956;0.248318;1.000543;0.759663;
2.277124;0.764059;0.344261;1.037135;-0.764053;0.114615;0.247499;1.000498;0.764053;
2.281220;0.767980;0.344389;1.037028;-0.767974;0.115203;0.246779;1.000440;0.767974;
2.283935;0.770272;0.344477;1.036966;-0.770265;0.115547;0.246368;1.000397;0.770265;
2.283936;0.770272;0.344477;1.036966;-0.770266;0.115547;0.246368;1.000397;0.770266;
2.283937;0.770273;0.344477;1.036966;-0.770267;0.115547;0.246368;1.000397;0.770267;
2.283939;0.770275;0.344477;1.036966;-0.770268;0.115547;0.246368;1.000396;0.770268;
2.283943;0.770278;0.344478;1.036966;-0.770272;0.115548;0.246367;1.000396;0.770272;
2.283951;0.770285;0.344478;1.036966;-0.770278;0.115549;0.246366;1.000396;0.770278;
2.283967;0.770297;0.344478;1.036965;-0.770291;0.115550;0.246364;1.000396;0.770291;
2.283999;0.770323;0.344479;1.036965;-0.770317;0.115554;0.246359;1.000395;0.770317;
2.284063;0.770374;0.344481;1.036963;-0.770368;0.115562;0.246350;1.000394;0.770368;
2.284191;0.770476;0.344486;1.036961;-0.770470;0.115577;0.246332;1.000392;0.770470;
2.284447;0.770679;0.344494;1.036955;-0.770672;0.115608;0.246296;1.000388;0.770672;
2.284959;0.771076;0.344511;1.036945;-0.771069;0.115667;0.246226;1.000379;0.771069;
2.285983;0.771840;0.344544;1.036925;-0.771834;0.115782;0.246093;1.000361;0.771834;
2.288031;0.773247;0.344612;1.036889;-0.773241;0.115993;0.245852;1.000324;0.773241;
2.292127;0.775571;0.344749;1.036832;-0.775564;0.116341;0.245477;1.000249;0.775564;
2.296223;0.777243;0.344888;1.036797;-0.777236;0.116592;0.245244;1.000174;0.777236;
2.304415;0.778786;0.345167;1.036786;-0.778779;0.116824;0.245168;1.000036;0.778779;
2.311788;0.778327;0.345416;1.036836;-0.778320;0.116755;0.245500;0.999930;0.778320;
2.319161;0.776470;0.345660;1.036930;-0.776464;0.116476;0.246131;0.999848;0.776464;
2.326534;0.773606;0.345898;1.037057;-0.773600;0.116047;0.246972;0.999793;0.773600;
2.333907;0.770132;0.346128;1.037201;-0.770126;0.115526;0.247936;0.999763;0.770126;
2.341279;0.766414;0.346351;1.037352;-0.766407;0.114968;0.248941;0.999756;0.766407;
2.348652;0.762759;0.346568;1.037499;-0.762753;0.114420;0.249922;0.999768;0.762753;
2.356025;0.759403;0.346779;1.037635;-0.759396;0.113916;0.250831;0.999793;0.759396;
2.363398;0.756499;0.346986;1.037756;-0.756493;0.113480;0.251638;0.999826;0.756493;
2.370771;0.754125;0.347191;1.037860;-0.754119;0.113124;0.252329;0.999862;0.754119;
2.378143;0.752294;0.347396;1.037946;-0.752288;0.112850;0.252904;0.999897;0.752288;
2.378802;0.752155;0.347414;1.037953;-0.752149;0.112829;0.252950;0.999900;0.752149;
2.378803;0.752155;0.347414;1.037953;-0.752149;0.112829;0.252950;0.999900;0.752149;
2.378804;0.752155;0.347414;1.037953;-0.752149;0.112829;0.252950;0.999900;0.752149;
2.378806;0.752154;0.347414;1.037953;-0.752148;0.112829;0.252950;0.999900;0.752148;
2.378810;0.752154;0.347415;1.037953;-0.752147;0.112829;0.252951;0.999900;0.752147;
2.378818;0.752152;0.347415;1.037953;-0.752146;0.112828;0.252951;0.999900;0.752146;
2.378834;0.752149;0.347415;1.037953;-0.752142;0.112828;0.252952;0.999900;0.752142;
2.378866;0.752142;0.347416;1.037954;-0.752136;0.112827;0.252954;0.999900;0.752136;
2.378930;0.752129;0.347418;1.037954;-0.752123;0.112825;0.252959;0.999901;0.752123;
2.379058;0.752103;0.347421;1.037956;-0.752097;0.112821;0.252968;0.999901;0.752097;
2.379314;0.752051;0.347429;1.037958;-0.752045;0.112813;0.252985;0.999902;0.752045;
2.379826;0.751950;0.347443;1.037963;-0.751944;0.112798;0.253019;0.999905;0.751944;
2.380850;0.751755;0.347471;1.037974;-0.751749;0.112769;0.253087;0.999909;0.751749;
2.382898;0.751394;0.347528;1.037993;-0.751387;0.112715;0.253215;0.999918;0.751387;
2.386994;0.750777;0.347642;1.038028;-0.750771;0.112622;0.253450;0.999935;0.750771;
2.395186;0.749892;0.347871;1.038088;-0.749885;0.112489;0.253848;0.999961;0.749885;
2.403378;0.749364;0.348102;1.038137;-0.749358;0.112410;0.254173;0.999979;0.749358;
2.410426;0.749085;0.348302;1.038173;-0.749079;0.112368;0.254418;0.999988;0.749079;
2.410427;0.749085;0.348302;1.038173;-0.749079;0.112368;0.254418;0.999988;0.749079;
2.410428;0.749085;0.348302;1.038173;-0.749079;0.112368;0.254418;0.999988;0.749079;
2.410430;0.749085;0.348302;1.038173;-0.749079;0.112368;0.254418;0.999988;0.749079;
2.410434;0.749085;0.348303;1.038173;-0.749079;0.112368;0.254418;0.999988;0.749079;
2.410442;0.749085;0.348303;1.038173;-0.749079;0.112368;0.254418;0.999988;0.749079;
2.410458;0.749084;0.348303;1.038173;-0.749078;0.112368;0.254419;0.999988;0.749078;
2.410490;0.749084;0.348304;1.038174;-0.749077;0.112368;0.254420;0.999988;0.749077;
2.410554;0.749082;0.348306;1.038174;-0.749076;0.112368;0.254422;0.999988;0.749076;
2.410682;0.749079;0.348310;1.038174;-0.749072;0.112367;0.254426;0.999988;0.749072;
2.410938;0.749072;0.348317;1.038176;-0.749066;0.112366;0.254434;0.999988;0.749066;
2.411450;0.749059;0.348332;1.038178;-0.749053;0.112364;0.254450;0.999988;0.749053;
2.412474;0.749035;0.348361;1.038183;-0.749029;0.112361;0.254483;0.999989;0.749029;
2.414522;0.748988;0.348420;1.038193;-0.748982;0.112354;0.254547;0.999990;0.748982;
2.418618;0.748897;0.348537;1.038212;-0.748891;0.112340;0.254675;0.999990;0.748891;
2.426810;0.748679;0.348774;1.038252;-0.748673;0.112307;0.254941;0.999988;0.748673;
2.443194;0.747912;0.349250;1.038342;-0.747906;0.112192;0.255542;0.999974;0.747906;
2.459578;0.746638;0.349726;1.038448;-0.746632;0.112001;0.256250;0.999958;0.746632;
2.475045;0.745024;0.350173;1.038561;-0.745018;0.111759;0.257000;0.999946;0.745018;
2.475046;0.745024;0.350173;1.038561;-0.745018;0.111759;0.257000;0.999946;0.745018;
2.475047;0.745024;0.350173;1.038561;-0.745018;0.111759;0.257000;0.999946;0.745018;
2.475049;0.745024;0.350173;1.038561;-0.745017;0.111759;0.257001;0.999946;0.745017;
2.475053;0.745023;0.350173;1.038561;-0.745017;0.111759;0.257001;0.999946;0.745017;
2.475061;0.745022;0.350173;1.038561;-0.745016;0.111759;0.257001;0.999946;0.745016;
2.475077;0.745020;0.350174;1.038561;-0.745014;0.111759;0.257002;0.999946;0.745014;
2.475109;0.745017;0.350175;1.038561;-0.745010;0.111758;0.257004;0.999946;0.745010;
2.475173;0.745009;0.350177;1.038562;-0.745003;0.111757;0.257007;0.999946;0.745003;
2.475301;0.744994;0.350180;1.038563;-0.744988;0.111755;0.257013;0.999945;0.744988;
2.475557;0.744964;0.350188;1.038565;-0.744957;0.111750;0.257027;0.999945;0.744957;
2.476069;0.744903;0.350203;1.038568;-0.744897;0.111741;0.257053;0.999945;0.744897;
2.477093;0.744781;0.350232;1.038576;-0.744774;0.111723;0.257106;0.999944;0.744774;
2.479141;0.744532;0.350291;1.038592;-0.744526;0.111685;0.257212;0.999943;0.744526;
2.483237;0.744025;0.350409;1.038625;-0.744018;0.111609;0.257427;0.999941;0.744018;
2.491429;0.742985;0.350644;1.038689;-0.742979;0.111453;0.257860;0.999939;0.742979;
2.507813;0.740926;0.351110;1.038818;-0.740920;0.111144;0.258718;0.999941;0.740920;
2.524197;0.738983;0.351572;1.038943;-0.738977;0.110853;0.259547;0.999945;0.738977;
2.540581;0.737212;0.352032;1.039061;-0.737206;0.110587;0.260337;0.999951;0.737206;
2.556965;0.735598;0.352489;1.039174;-0.735592;0.110345;0.261092;0.999956;0.735592;
2.573349;0.734085;0.352945;1.039284;-0.734079;0.110118;0.261824;0.999958;0.734079;
2.589733;0.732609;0.353399;1.039392;-0.732602;0.109897;0.262546;0.999958;0.732602;
2.606117;0.731117;0.353851;1.039501;-0.731111;0.109673;0.263269;0.999957;0.731111;
2.622501;0.729586;0.354301;1.039610;-0.729580;0.109443;0.263996;0.999955;0.729580;
2.638885;0.728012;0.354748;1.039720;-0.728006;0.109207;0.264729;0.999954;0.728006;
2.655269;0.726408;0.355192;1.039830;-0.726402;0.108966;0.265465;0.999953;0.726402;
2.671653;0.724789;0.355634;1.039941;-0.724783;0.108724;0.266201;0.999953;0.724783;
2.688037;0.723172;0.356073;1.040050;-0.723166;0.108481;0.266932;0.999953;0.723166;
2.704421;0.721564;0.356509;1.040159;-0.721558;0.108240;0.267659;0.999954;0.721558;
2.720805;0.719967;0.356943;1.040267;-0.719961;0.108000;0.268380;0.999954;0.719961;
2.737189;0.718382;0.357375;1.040375;-0.718376;0.107762;0.269096;0.999954;0.718376;
2.769957;0.715230;0.358230;1.040588;-0.715224;0.107290;0.270514;0.999955;0.715224;
2.799448;0.712417;0.358990;1.040777;-0.712411;0.106868;0.271775;0.999955;0.712411;
2.828939;0.709638;0.359743;1.040963;-0.709632;0.106451;0.273019;0.999956;0.709632;
2.858431;0.706914;0.360488;1.041147;-0.706908;0.106042;0.274242;0.999957;0.706908;
2.887922;0.704266;0.361224;1.041326;-0.704260;0.105645;0.275440;0.999958;0.704260;
2.917413;0.701713;0.361953;1.041502;-0.701707;0.105262;0.276610;0.999960;0.701707;
2.946904;0.699272;0.362674;1.041673;-0.699266;0.104896;0.277749;0.999962;0.699266;
2.976395;0.696956;0.363387;1.041839;-0.696951;0.104548;0.278855;0.999964;0.696951;
3.005887;0.694780;0.364093;1.041999;-0.694774;0.104222;0.279925;0.999966;0.694774;
3.035378;0.692756;0.364791;1.042154;-0.692751;0.103918;0.280958;0.999968;0.692751;
3.064869;0.690895;0.365481;1.042303;-0.690890;0.103639;0.281951;0.999971;0.690890;
3.094360;0.689206;0.366165;1.042446;-0.689200;0.103386;0.282904;0.999974;0.689200;
3.123851;0.687695;0.366841;1.042582;-0.687690;0.103159;0.283814;0.999977;0.687690;
3.153343;0.686368;0.367510;1.042713;-0.686363;0.102960;0.284683;0.999980;0.686363;
3.182834;0.685228;0.368173;1.042837;-0.685223;0.102789;0.285509;0.999983;0.685223;
3.212325;0.684276;0.368828;1.042954;-0.684271;0.102646;0.286293;0.999986;0.684271;
3.241816;0.683511;0.369476;1.043065;-0.683506;0.102531;0.287034;0.999989;0.683506;
3.271307;0.682931;0.370117;1.043170;-0.682926;0.102444;0.287734;0.999991;0.682926;
3.300799;0.682533;0.370752;1.043269;-0.682528;0.102384;0.288393;0.999994;0.682528;
3.330290;0.682311;0.371380;1.043362;-0.682305;0.102351;0.289013;0.999997;0.682305;
3.331185;0.682307;0.371398;1.043365;-0.682301;0.102351;0.289031;0.999997;0.682301;
3.331186;0.682307;0.371398;1.043365;-0.682301;0.102351;0.289031;0.999997;0.682301;
3.331187;0.682307;0.371398;1.043365;-0.682301;0.102351;0.289031;0.999997;0.682301;
3.331189;0.682307;0.371398;1.043365;-0.682301;0.102351;0.289031;0.999997;0.682301;
3.331193;0.682307;0.371399;1.043365;-0.682301;0.102351;0.289031;0.999997;0.682301;
3.331201;0.682307;0.371399;1.043365;-0.682301;0.102351;0.289031;0.999997;0.682301;
3.331217;0.682307;0.371399;1.043365;-0.682301;0.102351;0.289031;0.999997;0.682301;
3.331249;0.682306;0.371400;1.043365;-0.682301;0.102350;0.289032;0.999997;0.682301;
3.331313;0.682306;0.371401;1.043365;-0.682301;0.102350;0.289033;0.999997;0.682301;
3.331441;0.682306;0.371404;1.043366;-0.682300;0.102350;0.289036;0.999997;0.682300;
3.331697;0.682305;0.371409;1.043366;-0.682299;0.102350;0.289041;0.999997;0.682299;
3.332209;0.682302;0.371420;1.043368;-0.682297;0.102350;0.289051;0.999997;0.682297;
3.333233;0.682298;0.371442;1.043371;-0.682293;0.102349;0.289072;0.999997;0.682293;
3.333424;0.682297;0.371446;1.043372;-0.682292;0.102349;0.289076;0.999997;0.682292;
3.333425;0.682297;0.371446;1.043372;-0.682292;0.102349;0.289076;0.999997;0.682292;
3.333426;0.682297;0.371446;1.043372;-0.682292;0.102349;0.289076;0.999997;0.682292;
3.333428;0.682297;0.371446;1.043372;-0.682292;0.102349;0.289076;0.999997;0.682292;
3.333432;0.682297;0.371446;1.043372;-0.682292;0.102349;0.289076;0.999997;0.682292;
3.333440;0.682297;0.371446;1.043372;-0.682292;0.102349;0.289076;0.999997;0.682292;
3.333456;0.682297;0.371446;1.043372;-0.682292;0.102349;0.289077;0.999997;0.682292;
3.333488;0.682297;0.371447;1.043372;-0.682292;0.102349;0.289077;0.999997;0.682292;
3.333552;0.682297;0.371448;1.043372;-0.682291;0.102349;0.289079;0.999997;0.682291;
3.333680;0.682296;0.371451;1.043372;-0.682291;0.102349;0.289081;0.999997;0.682291;
3.333936;0.682295;0.371457;1.043373;-0.682290;0.102349;0.289086;0.999997;0.682290;
3.334448;0.682294;0.371467;1.043375;-0.682288;0.102349;0.289097;0.999997;0.682288;
3.335472;0.682290;0.371489;1.043378;-0.682284;0.102348;0.289117;0.999997;0.682284;
3.337520;0.682283;0.371532;1.043384;-0.682277;0.102347;0.289158;0.999998;0.682277;
3.341616;0.682271;0.371619;1.043396;-0.682266;0.102345;0.289240;0.999998;0.682266;
3.349808;0.682258;0.371791;1.043421;-0.682252;0.102343;0.289401;0.999999;0.682252;
3.366192;0.682268;0.372134;1.043468;-0.682263;0.102345;0.289715;1.000000;0.682263;
3.382576;0.682330;0.372476;1.043513;-0.682324;0.102354;0.290018;1.000002;0.682324;
3.398960;0.682440;0.372815;1.043557;-0.682435;0.102371;0.290309;1.000003;0.682435;
3.415344;0.682598;0.373152;1.043599;-0.682593;0.102394;0.290589;1.000004;0.682593;
3.430195;0.682781;0.373455;1.043635;-0.682775;0.102422;0.290834;1.000005;0.682775;
3.430196;0.682781;0.373456;1.043635;-0.682775;0.102422;0.290834;1.000005;0.682775;
3.430197;0.682781;0.373456;1.043635;-0.682775;0.102422;0.290834;1.000005;0.682775;
3.430199;0.682781;0.373456;1.043635;-0.682775;0.102422;0.290834;1.000005;0.682775;
3.430203;0.682781;0.373456;1.043635;-0.682775;0.102422;0.290834;1.000005;0.682775;
3.430211;0.682781;0.373456;1.043635;-0.682776;0.102422;0.290834;1.000005;0.682776;
3.430227;0.682781;0.373456;1.043635;-0.682776;0.102422;0.290834;1.000005;0.682776;
3.430259;0.682782;0.373457;1.043636;-0.682776;0.102422;0.290835;1.000005;0.682776;
3.430323;0.682783;0.373458;1.043636;-0.682777;0.102422;0.290836;1.000005;0.682777;
3.430451;0.682784;0.373461;1.043636;-0.682779;0.102422;0.290838;1.000005;0.682779;
3.430707;0.682788;0.373466;1.043637;-0.682782;0.102423;0.290842;1.000005;0.682782;
3.431219;0.682795;0.373476;1.043638;-0.682789;0.102424;0.290850;1.000006;0.682789;
3.432243;0.682809;0.373497;1.043640;-0.682803;0.102426;0.290867;1.000006;0.682803;
3.434291;0.682838;0.373539;1.043645;-0.682832;0.102430;0.290900;1.000006;0.682832;
3.438387;0.682897;0.373622;1.043655;-0.682892;0.102439;0.290965;1.000006;0.682892;
3.446579;0.683024;0.373789;1.043674;-0.683019;0.102458;0.291094;1.000007;0.683019;
3.462963;0.683309;0.374120;1.043712;-0.683304;0.102501;0.291345;1.000008;0.683304;
3.479347;0.683633;0.374449;1.043748;-0.683628;0.102550;0.291586;1.000009;0.683628;
3.495731;0.683996;0.374775;1.043783;-0.683990;0.102604;0.291819;1.000010;0.683990;
3.512115;0.684394;0.375100;1.043817;-0.684388;0.102664;0.292042;1.000011;0.684388;
3.528499;0.684827;0.375423;1.043849;-0.684821;0.102728;0.292257;1.000012;0.684821;
3.561267;0.685783;0.376062;1.043910;-0.685778;0.102872;0.292664;1.000014;0.685778;
3.590758;0.686740;0.376631;1.043961;-0.686735;0.103016;0.293006;1.000015;0.686735;
3.620249;0.687774;0.377193;1.044009;-0.687768;0.103171;0.293326;1.000016;0.687768;
3.649740;0.688872;0.377748;1.044055;-0.688867;0.103335;0.293628;1.000017;0.688867;
3.679232;0.690023;0.378296;1.044097;-0.690017;0.103508;0.293913;1.000018;0.690017;
3.708723;0.691213;0.378837;1.044138;-0.691207;0.103686;0.294184;1.000018;0.691207;
3.738214;0.692431;0.379372;1.044177;-0.692425;0.103869;0.294443;1.000019;0.692425;
3.797196;0.694877;0.380422;1.044251;-0.694872;0.104236;0.294940;1.000019;0.694872;
3.856179;0.697278;0.381445;1.044323;-0.697272;0.104596;0.295419;1.000018;0.697272;
3.915161;0.699548;0.382441;1.044395;-0.699542;0.104937;0.295897;1.000017;0.699542;
3.968245;0.701416;0.383314;1.044461;-0.701411;0.105217;0.296338;1.000015;0.701411;
4.016021;0.702913;0.384082;1.044524;-0.702907;0.105442;0.296754;1.000013;0.702907;
4.059019;0.704082;0.384757;1.044583;-0.704076;0.105617;0.297147;1.000011;0.704076;
4.097718;0.704974;0.385353;1.044639;-0.704968;0.105751;0.297521;1.000009;0.704968;
4.136416;0.705703;0.385938;1.044698;-0.705698;0.105860;0.297916;1.000007;0.705698;
4.169459;0.706194;0.386428;1.044751;-0.706188;0.105934;0.298270;1.000005;0.706188;
4.169460;0.706194;0.386428;1.044751;-0.706188;0.105934;0.298270;1.000005;0.706188;
4.169461;0.706194;0.386428;1.044751;-0.706188;0.105934;0.298270;1.000005;0.706188;
4.169463;0.706194;0.386428;1.044751;-0.706188;0.105934;0.298270;1.000005;0.706188;
4.169467;0.706194;0.386428;1.044751;-0.706188;0.105934;0.298271;1.000005;0.706188;
4.169475;0.706194;0.386428;1.044751;-0.706188;0.105934;0.298271;1.000005;0.706188;
4.169491;0.706194;0.386428;1.044751;-0.706189;0.105934;0.298271;1.000005;0.706189;
4.169523;0.706195;0.386429;1.044751;-0.706189;0.105934;0.298271;1.000005;0.706189;
4.169587;0.706196;0.386429;1.044751;-0.706190;0.105934;0.298272;1.000005;0.706190;
4.169715;0.706197;0.386431;1.044752;-0.706191;0.105934;0.298273;1.000005;0.706191;
4.169971;0.706201;0.386435;1.044752;-0.706195;0.105935;0.298276;1.000005;0.706195;
4.170483;0.706207;0.386443;1.044753;-0.706201;0.105936;0.298282;1.000005;0.706201;
4.171507;0.706220;0.386458;1.044755;-0.706215;0.105938;0.298293;1.000005;0.706215;
4.173555;0.706246;0.386488;1.044758;-0.706240;0.105942;0.298315;1.000005;0.706240;
4.177651;0.706297;0.386548;1.044765;-0.706291;0.105949;0.298361;1.000005;0.706291;
4.185843;0.706392;0.386667;1.044778;-0.706386;0.105963;0.298452;1.000005;0.706386;
4.202227;0.706558;0.386905;1.044806;-0.706552;0.105988;0.298638;1.000004;0.706552;
4.234995;0.706801;0.387375;1.044864;-0.706795;0.106025;0.299022;1.000002;0.706795;
4.266953;0.706923;0.387825;1.044922;-0.706917;0.106043;0.299411;1.000000;0.706917;
4.266954;0.706923;0.387825;1.044922;-0.706917;0.106043;0.299411;1.000000;0.706917;
4.266955;0.706923;0.387825;1.044922;-0.706917;0.106043;0.299411;1.000000;0.706917;
4.266957;0.706923;0.387825;1.044922;-0.706917;0.106043;0.299411;1.000000;0.706917;
4.266961;0.706923;0.387825;1.044922;-0.706917;0.106043;0.299411;1.000000;0.706917;
4.266969;0.706923;0.387825;1.044922;-0.706917;0.106043;0.299411;1.000000;0.706917;
4.266985;0.706923;0.387826;1.044922;-0.706917;0.106043;0.299411;1.000000;0.706917;
4.267017;0.706923;0.387826;1.044922;-0.706918;0.106043;0.299412;1.000000;0.706918;
4.267031;0.706923;0.387826;1.044922;-0.706918;0.106043;0.299412;1.000000;0.706918;
4.267032;0.706923;0.387826;1.044922;-0.706918;0.106043;0.299412;1.000000;0.706918;
4.267033;0.706923;0.387826;1.044922;-0.706918;0.106043;0.299412;1.000000;0.706918;
4.267035;0.706923;0.387826;1.044922;-0.706918;0.106043;0.299412;1.000000;0.706918;
4.267039;0.706923;0.387826;1.044923;-0.706918;0.106043;0.299412;1.000000;0.706918;
4.267047;0.706923;0.387826;1.044923;-0.706918;0.106043;0.299412;1.000000;0.706918;
4.267063;0.706924;0.387827;1.044923;-0.706918;0.106043;0.299412;1.000000;0.706918;
4.267095;0.706924;0.387827;1.044923;-0.706918;0.106043;0.299413;1.000000;0.706918;
4.267159;0.706924;0.387828;1.044923;-0.706918;0.106043;0.299414;1.000000;0.706918;
4.267287;0.706924;0.387830;1.044923;-0.706918;0.106043;0.299415;1.000000;0.706918;
4.267543;0.706925;0.387833;1.044923;-0.706919;0.106043;0.299418;1.000000;0.706919;
4.268055;0.706926;0.387840;1.044924;-0.706920;0.106043;0.299425;1.000000;0.706920;
4.269079;0.706927;0.387855;1.044926;-0.706922;0.106044;0.299438;1.000000;0.706922;
4.271127;0.706931;0.387883;1.044930;-0.706925;0.106044;0.299463;1.000000;0.706925;
4.275223;0.706937;0.387940;1.044938;-0.706931;0.106045;0.299514;1.000000;0.706931;
4.283415;0.706943;0.388054;1.044953;-0.706937;0.106046;0.299617;1.000000;0.706937;
4.299799;0.706934;0.388280;1.044985;-0.706928;0.106045;0.299826;0.999999;0.706928;
4.316183;0.706898;0.388504;1.045017;-0.706892;0.106039;0.300039;0.999998;0.706892;
4.348951;0.706749;0.388946;1.045082;-0.706743;0.106017;0.300473;0.999997;0.706743;
4.378443;0.706532;0.389337;1.045142;-0.706526;0.105984;0.300874;0.999995;0.706526;
4.407934;0.706242;0.389722;1.045203;-0.706236;0.105941;0.301284;0.999994;0.706236;
4.437425;0.705887;0.390101;1.045266;-0.705881;0.105888;0.301700;0.999993;0.705881;
4.466916;0.705475;0.390474;1.045329;-0.705469;0.105826;0.302122;0.999993;0.705469;
4.496407;0.705013;0.390841;1.045393;-0.705007;0.105757;0.302548;0.999992;0.705007;
4.525899;0.704509;0.391202;1.045457;-0.704503;0.105681;0.302977;0.999991;0.704503;
4.555390;0.703973;0.391557;1.045522;-0.703967;0.105600;0.303406;0.999991;0.703967;
4.584881;0.703411;0.391907;1.045586;-0.703405;0.105516;0.303835;0.999991;0.703405;
4.643863;0.702256;0.392589;1.045713;-0.702250;0.105343;0.304684;0.999990;0.702250;
4.702846;0.701098;0.393250;1.045838;-0.701092;0.105169;0.305512;0.999990;0.701092;
4.761828;0.699990;0.393889;1.045957;-0.699984;0.105003;0.306311;0.999991;0.699984;
4.820811;0.698979;0.394508;1.046072;-0.698973;0.104851;0.307073;0.999992;0.698973;
4.873895;0.698181;0.395048;1.046169;-0.698175;0.104732;0.307720;0.999993;0.698175;
4.921671;0.697573;0.395521;1.046251;-0.697567;0.104640;0.308269;0.999994;0.697567;
4.964669;0.697125;0.395935;1.046321;-0.697119;0.104573;0.308735;0.999995;0.697119;
5.007667;0.696776;0.396340;1.046386;-0.696770;0.104521;0.309172;0.999996;0.696770;
5.046365;0.696549;0.396696;1.046442;-0.696543;0.104487;0.309541;0.999997;0.696543;
5.085064;0.696404;0.397044;1.046494;-0.696399;0.104465;0.309887;0.999998;0.696399;
5.110950;0.696352;0.397273;1.046527;-0.696347;0.104457;0.310106;0.999999;0.696347;
5.110951;0.696352;0.397273;1.046527;-0.696347;0.104457;0.310106;0.999999;0.696347;
5.110952;0.696352;0.397273;1.046527;-0.696347;0.104457;0.310106;0.999999;0.696347;
5.110954;0.696352;0.397273;1.046527;-0.696347;0.104457;0.310106;0.999999;0.696347;
5.110958;0.696352;0.397273;1.046527;-0.696346;0.104457;0.310106;0.999999;0.696346;
5.110966;0.696352;0.397273;1.046527;-0.696346;0.104457;0.310106;0.999999;0.696346;
5.110968;0.696352;0.397273;1.046527;-0.696346;0.104457;0.310106;0.999999;0.696346;
5.110969;0.696352;0.397273;1.046527;-0.696346;0.104457;0.310106;0.999999;0.696346;
5.110970;0.696352;0.397273;1.046527;-0.696346;0.104457;0.310106;0.999999;0.696346;
5.110972;0.696352;0.397273;1.046527;-0.696346;0.104457;0.310106;0.999999;0.696346;
5.110976;0.696352;0.397273;1.046527;-0.696346;0.104457;0.310106;0.999999;0.696346;
5.110984;0.696352;0.397273;1.046527;-0.696346;0.104457;0.310106;0.999999;0.696346;
5.111000;0.696352;0.397273;1.046527;-0.696346;0.104457;0.310107;0.999999;0.696346;
5.111032;0.696352;0.397273;1.046527;-0.696346;0.104457;0.310107;0.999999;0.696346;
5.111096;0.696352;0.397274;1.046527;-0.696346;0.104457;0.310107;0.999999;0.696346;
5.111224;0.696352;0.397275;1.046527;-0.696346;0.104457;0.310108;0.999999;0.696346;
5.111480;0.696352;0.397277;1.046527;-0.696346;0.104457;0.310111;0.999999;0.696346;
5.111992;0.696351;0.397282;1.046528;-0.696345;0.104457;0.310115;0.999999;0.696345;
5.113016;0.696350;0.397291;1.046529;-0.696344;0.104457;0.310123;0.999999;0.696344;
5.115064;0.696347;0.397309;1.046532;-0.696342;0.104457;0.310140;0.999999;0.696342;
5.119160;0.696343;0.397345;1.046537;-0.696338;0.104456;0.310174;0.999999;0.696338;
5.127352;0.696338;0.397416;1.046547;-0.696332;0.104455;0.310240;0.999999;0.696332;
5.143736;0.696337;0.397557;1.046566;-0.696331;0.104455;0.310369;1.000000;0.696331;
5.176504;0.696375;0.397837;1.046603;-0.696369;0.104461;0.310618;1.000001;0.696369;
5.209272;0.696463;0.398110;1.046638;-0.696457;0.104474;0.310851;1.000001;0.696457;
5.242040;0.696598;0.398379;1.046671;-0.696592;0.104494;0.311071;1.000002;0.696592;
5.274808;0.696775;0.398642;1.046702;-0.696769;0.104521;0.311278;1.000002;0.696769;
5.307576;0.696989;0.398901;1.046732;-0.696984;0.104553;0.311473;1.000003;0.696984;
5.315199;0.697044;0.398960;1.046738;-0.697038;0.104561;0.311517;1.000003;0.697038;
5.315200;0.697044;0.398960;1.046738;-0.697038;0.104561;0.311517;1.000003;0.697038;
5.315201;0.697044;0.398960;1.046738;-0.697038;0.104561;0.311517;1.000003;0.697038;
5.315203;0.697044;0.398960;1.046738;-0.697038;0.104561;0.311517;1.000003;0.697038;
5.315207;0.697044;0.398960;1.046738;-0.697038;0.104561;0.311517;1.000003;0.697038;
5.315215;0.697044;0.398960;1.046738;-0.697038;0.104561;0.311517;1.000003;0.697038;
5.315231;0.697044;0.398960;1.046738;-0.697039;0.104561;0.311517;1.000003;0.697039;
5.315263;0.697045;0.398961;1.046738;-0.697039;0.104561;0.311518;1.000003;0.697039;
5.315327;0.697045;0.398961;1.046738;-0.697039;0.104561;0.311518;1.000003;0.697039;
5.315455;0.697046;0.398962;1.046739;-0.697040;0.104561;0.311519;1.000003;0.697040;
5.315711;0.697048;0.398964;1.046739;-0.697042;0.104562;0.311520;1.000003;0.697042;
5.316223;0.697052;0.398968;1.046739;-0.697046;0.104562;0.311523;1.000003;0.697046;
5.317247;0.697059;0.398976;1.046740;-0.697053;0.104563;0.311529;1.000003;0.697053;
5.319295;0.697075;0.398992;1.046742;-0.697069;0.104566;0.311540;1.000003;0.697069;
5.323391;0.697105;0.399024;1.046745;-0.697100;0.104570;0.311564;1.000003;0.697100;
5.331583;0.697169;0.399087;1.046752;-0.697163;0.104580;0.311609;1.000003;0.697163;
5.347967;0.697300;0.399212;1.046766;-0.697294;0.104599;0.311699;1.000003;0.697294;
5.380735;0.697582;0.399459;1.046791;-0.697576;0.104642;0.311870;1.000004;0.697576;
5.413503;0.697885;0.399701;1.046816;-0.697879;0.104687;0.312034;1.000004;0.697879;
5.479039;0.698525;0.400170;1.046862;-0.698519;0.104783;0.312340;1.000004;0.698519;
5.544575;0.699186;0.400619;1.046904;-0.699181;0.104882;0.312624;1.000004;0.699181;
5.610111;0.699832;0.401049;1.046945;-0.699826;0.104979;0.312893;1.000004;0.699826;
5.671535;0.700392;0.401434;1.046981;-0.700386;0.105063;0.313138;1.000004;0.700386;
5.671536;0.700392;0.401435;1.046981;-0.700386;0.105063;0.313138;1.000004;0.700386;
5.671537;0.700392;0.401435;1.046981;-0.700386;0.105063;0.313138;1.000004;0.700386;
5.671539;0.700392;0.401435;1.046981;-0.700386;0.105063;0.313138;1.000004;0.700386;
5.671543;0.700392;0.401435;1.046981;-0.700386;0.105063;0.313138;1.000004;0.700386;
5.671551;0.700392;0.401435;1.046981;-0.700386;0.105063;0.313138;1.000004;0.700386;
5.671567;0.700392;0.401435;1.046982;-0.700386;0.105063;0.313138;1.000004;0.700386;
5.671599;0.700392;0.401435;1.046982;-0.700387;0.105063;0.313138;1.000004;0.700387;
5.671663;0.700393;0.401435;1.046982;-0.700387;0.105063;0.313139;1.000004;0.700387;
5.671791;0.700394;0.401436;1.046982;-0.700388;0.105064;0.313139;1.000004;0.700388;
5.672047;0.700396;0.401438;1.046982;-0.700391;0.105064;0.313140;1.000004;0.700391;
5.672559;0.700401;0.401441;1.046982;-0.700395;0.105065;0.313142;1.000004;0.700395;
5.673583;0.700410;0.401447;1.046983;-0.700404;0.105066;0.313146;1.000004;0.700404;
5.675631;0.700428;0.401460;1.046984;-0.700422;0.105069;0.313154;1.000004;0.700422;
5.679727;0.700463;0.401485;1.046986;-0.700457;0.105074;0.313170;1.000004;0.700457;
5.687919;0.700533;0.401535;1.046991;-0.700527;0.105084;0.313202;1.000004;0.700527;
5.704303;0.700669;0.401634;1.047001;-0.700663;0.105105;0.313267;1.000004;0.700663;
5.737071;0.700923;0.401828;1.047020;-0.700917;0.105143;0.313396;1.000003;0.700917;
5.769839;0.701151;0.402018;1.047040;-0.701145;0.105177;0.313525;1.000003;0.701145;
5.802607;0.701352;0.402203;1.047059;-0.701346;0.105207;0.313656;1.000002;0.701346;
5.835375;0.701523;0.402384;1.047079;-0.701517;0.105233;0.313788;1.000002;0.701517;
5.868143;0.701663;0.402560;1.047099;-0.701657;0.105254;0.313922;1.000002;0.701657;
5.900911;0.701773;0.402732;1.047120;-0.701767;0.105270;0.314058;1.000001;0.701767;
5.933679;0.701851;0.402900;1.047140;-0.701845;0.105282;0.314197;1.000001;0.701845;
5.966447;0.701898;0.403063;1.047161;-0.701892;0.105289;0.314337;1.000000;0.701892;
5.987403;0.701913;0.403165;1.047175;-0.701907;0.105291;0.314427;1.000000;0.701907;
5.987404;0.701913;0.403165;1.047175;-0.701907;0.105291;0.314427;1.000000;0.701907;
5.987405;0.701913;0.403165;1.047175;-0.701907;0.105291;0.314427;1.000000;0.701907;
5.987407;0.701913;0.403165;1.047175;-0.701907;0.105291;0.314427;1.000000;0.701907;
5.987411;0.701913;0.403165;1.047175;-0.701907;0.105291;0.314427;1.000000;0.701907;
5.987419;0.701913;0.403165;1.047175;-0.701907;0.105291;0.314427;1.000000;0.701907;
5.987435;0.701913;0.403165;1.047175;-0.701907;0.105291;0.314427;1.000000;0.701907;
5.987467;0.701913;0.403165;1.047175;-0.701907;0.105291;0.314428;1.000000;0.701907;
5.987531;0.701913;0.403166;1.047175;-0.701907;0.105291;0.314428;1.000000;0.701907;
5.987547;0.701913;0.403166;1.047175;-0.701907;0.105291;0.314428;1.000000;0.701907;
5.987548;0.701913;0.403166;1.047175;-0.701907;0.105291;0.314428;1.000000;0.701907;
5.987549;0.701913;0.403166;1.047175;-0.701907;0.105291;0.314428;1.000000;0.701907;
5.987551;0.701913;0.403166;1.047175;-0.701907;0.105291;0.314428;1.000000;0.701907;
5.987555;0.701913;0.403166;1.047175;-0.701907;0.105291;0.314428;1.000000;0.701907;
5.987563;0.701913;0.403166;1.047175;-0.701907;0.105291;0.314428;1.000000;0.701907;
5.987579;0.701913;0.403166;1.047175;-0.701907;0.105291;0.314428;1.000000;0.701907;
5.987611;0.701913;0.403166;1.047175;-0.701907;0.105291;0.314428;1.000000;0.701907;
5.987675;0.701913;0.403166;1.047175;-0.701907;0.105291;0.314428;1.000000;0.701907;
5.987803;0.701913;0.403167;1.047175;-0.701907;0.105291;0.314429;1.000000;0.701907;
5.988059;0.701913;0.403168;1.047175;-0.701907;0.105291;0.314430;1.000000;0.701907;
5.988571;0.701913;0.403171;1.047176;-0.701907;0.105291;0.314432;1.000000;0.701907;
5.989595;0.701913;0.403176;1.047176;-0.701908;0.105291;0.314437;1.000000;0.701908;
5.991643;0.701914;0.403186;1.047178;-0.701908;0.105292;0.314446;1.000000;0.701908;
5.995739;0.701915;0.403205;1.047180;-0.701909;0.105292;0.314464;1.000000;0.701909;
5.999999;0.701915;0.403226;1.047183;-0.701910;0.105292;0.314482;1.000000;0.701910;
6.000000;0.701916;0.403225;1.047183;-0.701910;0.105291;0.314482;0.999998;0.701910;
6.000001;0.701915;0.403227;1.047183;-0.701910;0.105294;0.314482;1.000007;0.701909;
6.000003;0.701913;0.403232;1.047183;-0.701910;0.105301;0.314482;1.000027;0.701907;
6.000007;0.701909;0.403241;1.047183;-0.701910;0.105313;0.314482;1.000063;0.701903;
6.000015;0.701901;0.403258;1.047183;-0.701910;0.105338;0.314482;1.000138;0.701895;
6.000031;0.701885;0.403293;1.047183;-0.701910;0.105389;0.314481;1.000285;0.701880;
6.000063;0.701855;0.403360;1.047183;-0.701911;0.105489;0.314478;1.000572;0.701849;
6.000127;0.701797;0.403489;1.047181;-0.701917;0.105691;0.314466;1.001122;0.701791;
6.000255;0.701691;0.403724;1.047173;-0.701937;0.106096;0.314419;1.002130;0.701685;
6.000470;0.701536;0.404060;1.047152;-0.701995;0.106782;0.314280;1.003593;0.701530;
6.000471;0.701535;0.404061;1.047152;-0.701996;0.106786;0.314280;1.003599;0.701529;
6.000472;0.701535;0.404063;1.047152;-0.701996;0.106789;0.314279;1.003605;0.701529;
6.000474;0.701533;0.404065;1.047151;-0.701997;0.106795;0.314277;1.003617;0.701528;
6.000478;0.701531;0.404071;1.047151;-0.701998;0.106808;0.314274;1.003641;0.701525;
6.000486;0.701526;0.404082;1.047150;-0.702001;0.106833;0.314267;1.003689;0.701520;
6.000502;0.701516;0.404103;1.047148;-0.702007;0.106885;0.314253;1.003783;0.701510;
6.000534;0.701496;0.404145;1.047143;-0.702019;0.106987;0.314225;1.003968;0.701490;
6.000540;0.701493;0.404152;1.047142;-0.702021;0.107005;0.314219;1.004000;0.701487;
6.000541;0.701492;0.404153;1.047142;-0.702021;0.107008;0.314218;1.004006;0.701486;
6.000542;0.701492;0.404155;1.047142;-0.702022;0.107011;0.314218;1.004011;0.701486;
6.000544;0.701491;0.404157;1.047142;-0.702023;0.107018;0.314216;1.004023;0.701485;
6.000548;0.701488;0.404162;1.047141;-0.702024;0.107031;0.314212;1.004045;0.701482;
6.000556;0.701483;0.404172;1.047140;-0.702027;0.107056;0.314204;1.004090;0.701477;
6.000572;0.701474;0.404192;1.047138;-0.702034;0.107107;0.314189;1.004178;0.701468;
6.000576;0.701472;0.404197;1.047137;-0.702035;0.107120;0.314185;1.004200;0.701466;
6.000577;0.701471;0.404198;1.047137;-0.702036;0.107123;0.314184;1.004205;0.701465;
6.000578;0.701471;0.404200;1.047137;-0.702036;0.107127;0.314183;1.004211;0.701465;
6.000580;0.701469;0.404202;1.047136;-0.702037;0.107133;0.314181;1.004222;0.701463;
6.000584;0.701467;0.404207;1.047136;-0.702039;0.107146;0.314178;1.004244;0.701461;
6.000592;0.701463;0.404217;1.047135;-0.702042;0.107171;0.314170;1.004287;0.701457;
6.000608;0.701453;0.404236;1.047132;-0.702049;0.107223;0.314154;1.004372;0.701448;
6.000640;0.701436;0.404273;1.047127;-0.702063;0.107325;0.314121;1.004540;0.701430;
6.000704;0.701402;0.404345;1.047116;-0.702092;0.107531;0.314051;1.004860;0.701396;
6.000832;0.701339;0.404474;1.047092;-0.702156;0.107942;0.313899;1.005447;0.701333;
6.001050;0.701248;0.404659;1.047046;-0.702280;0.108645;0.313606;1.006307;0.701242;
6.001051;0.701247;0.404660;1.047046;-0.702281;0.108648;0.313604;1.006311;0.701242;
6.001052;0.701247;0.404661;1.047046;-0.702281;0.108652;0.313603;1.006314;0.701241;
6.001054;0.701246;0.404662;1.047045;-0.702282;0.108658;0.313600;1.006321;0.701240;
6.001058;0.701245;0.404665;1.047044;-0.702285;0.108671;0.313594;1.006335;0.701239;
6.001066;0.701242;0.404671;1.047043;-0.702290;0.108697;0.313582;1.006363;0.701236;
6.001082;0.701236;0.404683;1.047039;-0.702300;0.108749;0.313559;1.006418;0.701230;
6.001114;0.701225;0.404705;1.047031;-0.702320;0.108852;0.313511;1.006525;0.701219;
6.001178;0.701203;0.404748;1.047016;-0.702361;0.109060;0.313413;1.006730;0.701197;
6.001306;0.701162;0.404825;1.046984;-0.702447;0.109475;0.313209;1.007107;0.701156;
6.001562;0.701094;0.404950;1.046914;-0.702631;0.110306;0.312771;1.007743;0.701088;
6.002074;0.700995;0.405114;1.046761;-0.703035;0.111976;0.311810;1.008666;0.700989;
6.002586;0.700932;0.405193;1.046592;-0.703474;0.113650;0.310764;1.009238;0.700926;
6.003098;0.700893;0.405217;1.046413;-0.703934;0.115327;0.309662;1.009583;0.700887;
6.003610;0.700869;0.405209;1.046226;-0.704408;0.117007;0.308527;1.009788;0.700864;
6.004634;0.700842;0.405154;1.045837;-0.705368;0.120368;0.306214;1.010009;0.700836;
6.005658;0.700829;0.405070;1.045433;-0.706336;0.123729;0.303870;1.010076;0.700823;
6.006682;0.700822;0.404980;1.045018;-0.707301;0.127091;0.301515;1.010086;0.700816;
6.008730;0.700807;0.404820;1.044157;-0.709207;0.133809;0.296815;1.010085;0.700802;
6.012826;0.700739;0.404609;1.042322;-0.712893;0.147222;0.287489;1.010062;0.700733;
6.016922;0.700623;0.404461;1.040326;-0.716411;0.160604;0.278185;1.010051;0.700618;
6.021018;0.700454;0.404356;1.038165;-0.719758;0.173951;0.268891;1.010042;0.700450;
6.029210;0.699986;0.404210;1.033345;-0.725969;0.200538;0.250279;1.010029;0.699980;
6.037402;0.699299;0.404138;1.027864;-0.731495;0.226962;0.231661;1.010011;0.699292;
6.045594;0.698387;0.404107;1.021724;-0.736332;0.253205;0.213036;1.009994;0.698380;
6.061978;0.696037;0.404082;1.007475;-0.744095;0.305102;0.175744;1.009969;0.696031;
6.076723;0.693475;0.404081;0.992428;-0.749063;0.351074;0.142181;1.009955;0.693470;
6.091469;0.690697;0.404083;0.975300;-0.752329;0.396277;0.108635;1.009947;0.690692;
6.106215;0.687863;0.404086;0.956118;-0.754052;0.440641;0.075116;1.009944;0.687857;
6.120960;0.685068;0.404089;0.934917;-0.754321;0.484084;0.041644;1.009943;0.685062;
6.135706;0.682342;0.404096;0.911736;-0.753173;0.526519;0.008266;1.009943;0.682337;
6.150451;0.679674;0.404107;0.886626;-0.750602;0.567853;-0.024954;1.009942;0.679668;
6.165197;0.677029;0.404121;0.859641;-0.746595;0.607995;-0.057937;1.009940;0.677023;
6.179943;0.674373;0.404138;0.830841;-0.741140;0.646855;-0.090598;1.009937;0.674368;
6.194688;0.671685;0.404158;0.800290;-0.734243;0.684350;-0.122858;1.009934;0.671679;
6.224179;0.666217;0.404202;0.734194;-0.716235;0.754931;-0.185926;1.009929;0.666211;
6.253671;0.660680;0.404235;0.661904;-0.692832;0.819149;-0.246710;1.009925;0.660754;
6.283162;0.655156;0.404249;0.584018;-0.664340;0.876469;-0.304825;1.009924;0.655338;
6.312653;0.649734;0.404253;0.501183;-0.631086;0.926411;-0.359932;1.009926;0.650002;
6.342144;0.644482;0.404248;0.414084;-0.593394;0.968552;-0.411715;1.009928;0.644827;
6.371635;0.639418;0.404232;0.323450;-0.551574;1.002530;-0.459848;1.009931;0.639843;
6.401127;0.634527;0.404214;0.230049;-0.505965;1.028050;-0.503993;1.009933;0.635038;
6.430618;0.629819;0.404218;0.134666;-0.456946;1.044891;-0.543869;1.009936;0.630406;
6.432028;0.629600;0.404218;0.130076;-0.454526;1.045475;-0.545663;1.009936;0.630189;
6.432028;0.629606;0.404220;0.130069;-0.454525;1.045476;-0.545671;1.009661;0.629601;
6.432029;0.629605;0.404220;0.130066;-0.454523;1.045477;-0.545672;1.009661;0.629600;
6.432030;0.629605;0.404220;0.130062;-0.454522;1.045477;-0.545673;1.009661;0.629600;
6.432032;0.629605;0.404221;0.130056;-0.454518;1.045478;-0.545676;1.009662;0.629600;
6.432036;0.629604;0.404221;0.130043;-0.454512;1.045480;-0.545681;1.009663;0.629599;
6.432044;0.629603;0.404221;0.130017;-0.454498;1.045483;-0.545691;1.009665;0.629598;
6.432060;0.629600;0.404223;0.129965;-0.454472;1.045490;-0.545710;1.009669;0.629595;
6.432092;0.629594;0.404225;0.129861;-0.454419;1.045503;-0.545750;1.009677;0.629589;
6.432156;0.629582;0.404229;0.129652;-0.454312;1.045530;-0.545828;1.009691;0.629577;
6.432284;0.629560;0.404237;0.129235;-0.454099;1.045583;-0.545986;1.009718;0.629554;
6.432540;0.629515;0.404251;0.128402;-0.453670;1.045688;-0.546304;1.009764;0.629510;
6.433052;0.629429;0.404273;0.126733;-0.452807;1.045895;-0.546941;1.009831;0.629424;
6.434076;0.629264;0.404305;0.123394;-0.451068;1.046301;-0.548222;1.009905;0.629259;
6.436124;0.628950;0.404349;0.116709;-0.447560;1.047078;-0.550786;1.009955;0.628945;
6.440220;0.628358;0.404410;0.103317;-0.440480;1.048499;-0.555888;1.009940;0.628353;
6.448412;0.627215;0.404510;0.076478;-0.426128;1.050826;-0.565865;1.009939;0.627210;
6.456604;0.626093;0.404592;0.049584;-0.411537;1.052462;-0.575496;1.009934;0.626088;
6.464796;0.624984;0.404653;0.022654;-0.396713;1.053408;-0.584766;1.009934;0.624979;
6.481180;0.622794;0.404716;-0.031241;-0.366402;1.053223;-0.602190;1.009953;0.622789;
6.497564;0.620598;0.404767;-0.085058;-0.335336;1.050281;-0.618045;1.009940;0.620593;
6.499999;0.620272;0.404773;-0.093037;-0.330662;1.049609;-0.620265;1.009939;0.620267;
6.499999;0.620273;0.404776;-0.093040;-0.330662;1.049614;-0.620264;1.009951;0.620261;
6.500000;0.620271;0.404774;-0.093044;-0.330658;1.049609;-0.620266;1.009941;0.620266;
6.500001;0.620272;0.404772;-0.093044;-0.330656;1.049609;-0.620267;1.009932;0.620267;
6.500003;0.620274;0.404768;-0.093045;-0.330652;1.049608;-0.620269;1.009913;0.620269;
6.500007;0.620278;0.404760;-0.093045;-0.330645;1.049607;-0.620273;1.009876;0.620273;
6.500015;0.620285;0.404745;-0.093046;-0.330629;1.049605;-0.620280;1.009802;0.620280;
6.500031;0.620299;0.404714;-0.093048;-0.330599;1.049600;-0.620294;1.009654;0.620294;
6.500063;0.620326;0.404655;-0.093052;-0.330541;1.049591;-0.620321;1.009367;0.620321;
6.500127;0.620379;0.404541;-0.093060;-0.330429;1.049574;-0.620374;1.008816;0.620374;
6.500255;0.620473;0.404335;-0.093074;-0.330225;1.049544;-0.620468;1.007807;0.620468;
6.500511;0.620627;0.403991;-0.093098;-0.329885;1.049493;-0.620622;1.006102;0.620622;
6.500878;0.620788;0.403617;-0.093122;-0.329518;1.049438;-0.620783;1.004200;0.620783;
6.500879;0.620789;0.403616;-0.093122;-0.329517;1.049438;-0.620784;1.004196;0.620784;
6.500880;0.620789;0.403616;-0.093122;-0.329517;1.049438;-0.620784;1.004192;0.620784;
6.500882;0.620789;0.403614;-0.093122;-0.329515;1.049437;-0.620784;1.004184;0.620784;
6.500886;0.620791;0.403611;-0.093122;-0.329512;1.049437;-0.620786;1.004168;0.620786;
6.500894;0.620793;0.403605;-0.093122;-0.329506;1.049436;-0.620788;1.004136;0.620788;
6.500910;0.620798;0.403593;-0.093123;-0.329495;1.049434;-0.620793;1.004073;0.620793;
6.500929;0.620803;0.403579;-0.093124;-0.329481;1.049432;-0.620799;1.004000;0.620799;
6.500930;0.620804;0.403579;-0.093124;-0.329481;1.049432;-0.620799;1.003996;0.620799;
6.500931;0.620804;0.403578;-0.093124;-0.329480;1.049432;-0.620799;1.003993;0.620799;
6.500933;0.620805;0.403577;-0.093124;-0.329478;1.049432;-0.620800;1.003985;0.620800;
6.500937;0.620806;0.403574;-0.093124;-0.329476;1.049432;-0.620801;1.003970;0.620801;
6.500945;0.620808;0.403568;-0.093125;-0.329470;1.049431;-0.620803;1.003939;0.620803;
6.500961;0.620813;0.403557;-0.093125;-0.329459;1.049429;-0.620808;1.003879;0.620808;
6.500993;0.620821;0.403535;-0.093127;-0.329437;1.049426;-0.620816;1.003761;0.620816;
6.501057;0.620838;0.403493;-0.093129;-0.329397;1.049420;-0.620833;1.003536;0.620833;
6.501185;0.620866;0.403418;-0.093133;-0.329323;1.049409;-0.620861;1.003122;0.620861;
6.501441;0.620909;0.403295;-0.093140;-0.329205;1.049391;-0.620904;1.002424;0.620904;
6.501953;0.620953;0.403134;-0.093146;-0.329050;1.049368;-0.620948;1.001411;0.620948;
6.502977;0.620941;0.403007;-0.093145;-0.328936;1.049351;-0.620936;1.000295;0.620936;
6.504001;0.620849;0.403030;-0.093131;-0.328974;1.049356;-0.620844;0.999903;0.620844;
6.506049;0.620609;0.403173;-0.093095;-0.329144;1.049382;-0.620604;0.999666;0.620604;
6.510145;0.620092;0.403473;-0.093017;-0.329505;1.049436;-0.620087;0.999836;0.620087;
6.514241;0.619631;0.403677;-0.092948;-0.329768;1.049475;-0.619626;0.999877;0.619626;
6.518337;0.619223;0.403826;-0.092887;-0.329973;1.049506;-0.619218;0.999891;0.619218;
6.523855;0.618742;0.403985;-0.092815;-0.330199;1.049540;-0.618738;0.999906;0.618738;
6.523856;0.618742;0.403985;-0.092815;-0.330199;1.049540;-0.618737;0.999906;0.618737;
6.523857;0.618742;0.403985;-0.092815;-0.330199;1.049540;-0.618737;0.999906;0.618737;
6.523859;0.618742;0.403986;-0.092815;-0.330199;1.049540;-0.618737;0.999906;0.618737;
6.523863;0.618742;0.403986;-0.092815;-0.330200;1.049540;-0.618737;0.999906;0.618737;
6.523871;0.618741;0.403986;-0.092815;-0.330200;1.049540;-0.618736;0.999906;0.618736;
6.523887;0.618740;0.403986;-0.092814;-0.330200;1.049540;-0.618735;0.999906;0.618735;
6.523919;0.618737;0.403987;-0.092814;-0.330202;1.049540;-0.618732;0.999906;0.618732;
6.523983;0.618732;0.403988;-0.092813;-0.330204;1.049541;-0.618727;0.999906;0.618727;
6.524111;0.618722;0.403991;-0.092812;-0.330208;1.049541;-0.618717;0.999906;0.618717;
6.524367;0.618701;0.403997;-0.092809;-0.330217;1.049543;-0.618696;0.999906;0.618696;
6.524879;0.618661;0.404008;-0.092803;-0.330234;1.049545;-0.618656;0.999907;0.618656;
6.525903;0.618583;0.404030;-0.092791;-0.330267;1.049550;-0.618578;0.999908;0.618578;
6.527951;0.618437;0.404069;-0.092769;-0.330327;1.049559;-0.618432;0.999912;0.618432;
6.532047;0.618193;0.404135;-0.092732;-0.330428;1.049574;-0.618188;0.999920;0.618188;
6.540239;0.617884;0.404233;-0.092686;-0.330569;1.049596;-0.617879;0.999937;0.617879;
6.548431;0.617806;0.404304;-0.092674;-0.330647;1.049607;-0.617801;0.999953;0.617801;
6.564815;0.618178;0.404420;-0.092730;-0.330690;1.049614;-0.618173;0.999977;0.618173;
6.581199;0.619064;0.404520;-0.092863;-0.330631;1.049605;-0.619059;0.999993;0.619059;
6.597583;0.620222;0.404615;-0.093037;-0.330522;1.049589;-0.620217;1.000002;0.620217;
6.613967;0.621475;0.404709;-0.093225;-0.330395;1.049569;-0.621470;1.000006;0.621470;
6.630351;0.622734;0.404799;-0.093414;-0.330263;1.049550;-0.622729;1.000008;0.622729;
6.646735;0.623982;0.404885;-0.093601;-0.330129;1.049530;-0.623977;1.000010;0.623977;
6.663119;0.625248;0.404967;-0.093791;-0.329988;1.049508;-0.625243;1.000014;0.625243;
6.679503;0.626572;0.405044;-0.093989;-0.329832;1.049485;-0.626567;1.000018;0.626567;
6.695887;0.627985;0.405118;-0.094201;-0.329657;1.049459;-0.627980;1.000023;0.627980;
6.712271;0.629496;0.405187;-0.094428;-0.329461;1.049429;-0.629491;1.000028;0.629491;
6.728655;0.631098;0.405254;-0.094668;-0.329246;1.049397;-0.631093;1.000032;0.631093;
6.745039;0.632769;0.405319;-0.094919;-0.329016;1.049363;-0.632763;1.000035;0.632763;
6.777807;0.636205;0.405440;-0.095434;-0.328532;1.049290;-0.636200;1.000039;0.636200;
6.807298;0.639356;0.405543;-0.095907;-0.328076;1.049222;-0.639351;1.000041;0.639351;
6.836789;0.642514;0.405639;-0.096381;-0.327611;1.049152;-0.642509;1.000042;0.642509;
6.866280;0.645664;0.405730;-0.096853;-0.327139;1.049081;-0.645659;1.000043;0.645659;
6.895772;0.648798;0.405815;-0.097323;-0.326663;1.049010;-0.648792;1.000044;0.648792;
6.925263;0.651905;0.405897;-0.097790;-0.326185;1.048938;-0.651899;1.000044;0.651899;
6.954754;0.654973;0.405974;-0.098250;-0.325707;1.048867;-0.654968;1.000044;0.654968;
6.984245;0.657990;0.406047;-0.098702;-0.325233;1.048795;-0.657984;1.000044;0.657984;
7.013736;0.660943;0.406117;-0.099145;-0.324764;1.048725;-0.660938;1.000043;0.660938;
7.040278;0.663542;0.406178;-0.099535;-0.324349;1.048663;-0.663536;1.000043;0.663536;
7.066821;0.666080;0.406236;-0.099916;-0.323940;1.048602;-0.666074;1.000042;0.666074;
7.093363;0.668554;0.406291;-0.100287;-0.323539;1.048541;-0.668548;1.000041;0.668548;
7.119905;0.670964;0.406344;-0.100649;-0.323146;1.048483;-0.670958;1.000040;0.670958;
7.146447;0.673307;0.406396;-0.101000;-0.322762;1.048425;-0.673302;1.000039;0.673302;
7.172989;0.675583;0.406445;-0.101342;-0.322387;1.048369;-0.675578;1.000038;0.675578;
7.199531;0.677789;0.406492;-0.101673;-0.322022;1.048314;-0.677784;1.000037;0.677784;
7.226073;0.679924;0.406537;-0.101993;-0.321667;1.048261;-0.679918;1.000036;0.679918;
7.252615;0.681985;0.406581;-0.102302;-0.321322;1.048209;-0.681979;1.000035;0.681979;
7.279157;0.683971;0.406622;-0.102600;-0.320989;1.048159;-0.683965;1.000033;0.683965;
7.305699;0.685880;0.406662;-0.102886;-0.320668;1.048111;-0.685874;1.000032;0.685874;
7.358783;0.689461;0.406737;-0.103423;-0.320061;1.048020;-0.689455;1.000029;0.689455;
7.411868;0.692715;0.406804;-0.103912;-0.319507;1.047937;-0.692709;1.000027;0.692709;
7.464952;0.695631;0.406865;-0.104349;-0.319009;1.047862;-0.695626;1.000024;0.695626;
7.518036;0.698200;0.406919;-0.104734;-0.318568;1.047796;-0.698194;1.000021;0.698194;
7.565812;0.700206;0.406962;-0.105035;-0.318223;1.047744;-0.700200;1.000018;0.700200;
7.613587;0.701918;0.407000;-0.105292;-0.317929;1.047700;-0.701912;1.000015;0.701912;
7.656586;0.703207;0.407030;-0.105485;-0.317708;1.047667;-0.703201;1.000012;0.703201;
7.695284;0.704163;0.407053;-0.105629;-0.317545;1.047643;-0.704157;1.000010;0.704157;
7.730112;0.704861;0.407072;-0.105734;-0.317427;1.047625;-0.704855;1.000008;0.704855;
7.764941;0.705408;0.407087;-0.105816;-0.317336;1.047611;-0.705402;1.000006;0.705402;
7.796287;0.705777;0.407099;-0.105871;-0.317275;1.047602;-0.705771;1.000005;0.705771;
7.827632;0.706033;0.407109;-0.105909;-0.317235;1.047596;-0.706027;1.000003;0.706027;
7.858978;0.706182;0.407117;-0.105932;-0.317213;1.047593;-0.706176;1.000001;0.706176;
7.869531;0.706209;0.407119;-0.105936;-0.317210;1.047592;-0.706203;1.000001;0.706203;
7.869532;0.706209;0.407119;-0.105936;-0.317210;1.047592;-0.706203;1.000001;0.706203;
7.869533;0.706209;0.407119;-0.105936;-0.317210;1.047592;-0.706203;1.000001;0.706203;
7.869535;0.706209;0.407119;-0.105936;-0.317210;1.047592;-0.706203;1.000001;0.706203;
7.869539;0.706209;0.407119;-0.105936;-0.317210;1.047592;-0.706203;1.000001;0.706203;
7.869547;0.706209;0.407119;-0.105936;-0.317210;1.047592;-0.706203;1.000001;0.706203;
7.869563;0.706209;0.407119;-0.105936;-0.317210;1.047592;-0.706203;1.000001;0.706203;
7.869595;0.706210;0.407119;-0.105936;-0.317210;1.047592;-0.706204;1.000001;0.706204;
7.869659;0.706210;0.407119;-0.105936;-0.317210;1.047592;-0.706204;1.000001;0.706204;
7.869709;0.706210;0.407119;-0.105936;-0.317210;1.047592;-0.706204;1.000001;0.706204;
7.869710;0.706210;0.407119;-0.105936;-0.317210;1.047592;-0.706204;1.000001;0.706204;
7.869711;0.706210;0.407119;-0.105936;-0.317210;1.047592;-0.706204;1.000001;0.706204;
7.869713;0.706210;0.407119;-0.105936;-0.317210;1.047592;-0.706204;1.000001;0.706204;
7.869717;0.706210;0.407119;-0.105936;-0.317210;1.047592;-0.706204;1.000001;0.706204;
7.869725;0.706210;0.407119;-0.105936;-0.317210;1.047592;-0.706204;1.000001;0.706204;
7.869741;0.706210;0.407119;-0.105936;-0.317210;1.047592;-0.706204;1.000001;0.706204;
7.869773;0.706210;0.407119;-0.105936;-0.317210;1.047592;-0.706204;1.000001;0.706204;
7.869837;0.706210;0.407119;-0.105936;-0.317210;1.047592;-0.706204;1.000001;0.706204;
7.869965;0.706210;0.407119;-0.105936;-0.317210;1.047592;-0.706204;1.000001;0.706204;
7.870221;0.706211;0.407119;-0.105936;-0.317210;1.047592;-0.706205;1.000001;0.706205;
7.870733;0.706212;0.407119;-0.105936;-0.317210;1.047592;-0.706206;1.000001;0.706206;
7.871757;0.706213;0.407119;-0.105936;-0.317209;1.047592;-0.706207;1.000001;0.706207;
7.873805;0.706217;0.407120;-0.105937;-0.317209;1.047592;-0.706211;1.000001;0.706211;
7.877901;0.706222;0.407120;-0.105938;-0.317209;1.047592;-0.706216;1.000000;0.706216;
7.886093;0.706228;0.407122;-0.105939;-0.317209;1.047592;-0.706222;1.000000;0.706222;
7.902477;0.706220;0.407124;-0.105938;-0.317213;1.047593;-0.706214;0.999999;0.706214;
7.935245;0.706132;0.407127;-0.105924;-0.317233;1.047596;-0.706126;0.999998;0.706126;
7.968013;0.705954;0.407129;-0.105898;-0.317268;1.047601;-0.705948;0.999997;0.705948;
8.000781;0.705694;0.407128;-0.105859;-0.317318;1.047609;-0.705688;0.999996;0.705688;
8.033549;0.705362;0.407126;-0.105809;-0.317380;1.047618;-0.705356;0.999995;0.705356;
8.066317;0.704969;0.407122;-0.105750;-0.317452;1.047629;-0.704963;0.999994;0.704963;
8.099085;0.704524;0.407116;-0.105683;-0.317532;1.047641;-0.704518;0.999993;0.704518;
8.131853;0.704038;0.407108;-0.105610;-0.317619;1.047654;-0.704032;0.999993;0.704032;
8.164621;0.703522;0.407099;-0.105533;-0.317710;1.047667;-0.703516;0.999993;0.703516;
8.230157;0.702447;0.407076;-0.105371;-0.317897;1.047695;-0.702441;0.999992;0.702441;
8.295693;0.701364;0.407048;-0.105209;-0.318079;1.047723;-0.701358;0.999992;0.701358;
8.361229;0.700333;0.407015;-0.105054;-0.318247;1.047748;-0.700328;0.999993;0.700328;
8.426765;0.699407;0.406977;-0.104915;-0.318390;1.047769;-0.699401;0.999994;0.699401;
8.485747;0.698693;0.406940;-0.104808;-0.318493;1.047785;-0.698687;0.999995;0.698687;
8.538831;0.698167;0.406904;-0.104729;-0.318561;1.047795;-0.698161;0.999996;0.698161;
8.586607;0.697797;0.406870;-0.104674;-0.318600;1.047801;-0.697791;0.999997;0.697791;
8.634383;0.697530;0.406834;-0.104634;-0.318618;1.047804;-0.697524;0.999998;0.697524;
8.682158;0.697364;0.406796;-0.104609;-0.318615;1.047803;-0.697358;0.999999;0.697358;
8.713137;0.697309;0.406771;-0.104601;-0.318603;1.047801;-0.697303;1.000000;0.697303;
8.713138;0.697309;0.406771;-0.104601;-0.318603;1.047801;-0.697303;1.000000;0.697303;
8.713139;0.697309;0.406771;-0.104601;-0.318603;1.047801;-0.697303;1.000000;0.697303;
8.713141;0.697309;0.406771;-0.104601;-0.318603;1.047801;-0.697303;1.000000;0.697303;
8.713145;0.697309;0.406771;-0.104601;-0.318603;1.047801;-0.697303;1.000000;0.697303;
8.713153;0.697309;0.406771;-0.104601;-0.318603;1.047801;-0.697303;1.000000;0.697303;
8.713169;0.697309;0.406771;-0.104601;-0.318603;1.047801;-0.697303;1.000000;0.697303;
8.713201;0.697309;0.406771;-0.104601;-0.318603;1.047801;-0.697303;1.000000;0.697303;
8.713265;0.697309;0.406771;-0.104601;-0.318603;1.047801;-0.697303;1.000000;0.697303;
8.713393;0.697309;0.406771;-0.104601;-0.318603;1.047801;-0.697303;1.000000;0.697303;
8.713649;0.697309;0.406771;-0.104601;-0.318603;1.047801;-0.697303;1.000000;0.697303;
8.714161;0.697308;0.406770;-0.104601;-0.318602;1.047801;-0.697302;1.000000;0.697302;
8.715185;0.697307;0.406769;-0.104600;-0.318602;1.047801;-0.697301;1.000000;0.697301;
8.717233;0.697305;0.406768;-0.104600;-0.318601;1.047801;-0.697299;1.000000;0.697299;
8.721329;0.697302;0.406764;-0.104600;-0.318598;1.047801;-0.697296;1.000000;0.697296;
8.729521;0.697297;0.406757;-0.104599;-0.318593;1.047800;-0.697291;1.000000;0.697291;
8.745905;0.697296;0.406744;-0.104599;-0.318581;1.047798;-0.697290;1.000000;0.697290;
8.778673;0.697325;0.406716;-0.104603;-0.318549;1.047793;-0.697319;1.000001;0.697319;
8.811441;0.697395;0.406687;-0.104614;-0.318510;1.047787;-0.697389;1.000001;0.697389;
8.844209;0.697501;0.406658;-0.104629;-0.318463;1.047780;-0.697495;1.000002;0.697495;
8.876977;0.697640;0.406628;-0.104650;-0.318409;1.047772;-0.697634;1.000002;0.697634;
8.909745;0.697809;0.406598;-0.104676;-0.318349;1.047763;-0.697803;1.000003;0.697803;
8.942513;0.698002;0.406566;-0.104705;-0.318284;1.047753;-0.697997;1.000003;0.697997;
8.975281;0.698217;0.406535;-0.104737;-0.318214;1.047743;-0.698212;1.000003;0.698212;
9.008049;0.698449;0.406502;-0.104772;-0.318140;1.047732;-0.698443;1.000003;0.698443;
9.073585;0.698940;0.406436;-0.104845;-0.317985;1.047709;-0.698935;1.000004;0.698935;
9.139121;0.699447;0.406367;-0.104921;-0.317826;1.047685;-0.699441;1.000004;0.699441;
9.204657;0.699941;0.406296;-0.104995;-0.317666;1.047661;-0.699935;1.000003;0.699935;
9.270193;0.700394;0.406223;-0.105063;-0.317512;1.047638;-0.700388;1.000003;0.700388;
9.329175;0.700751;0.406155;-0.105117;-0.317382;1.047618;-0.700745;1.000003;0.700745;
9.382259;0.701019;0.406092;-0.105157;-0.317273;1.047602;-0.701013;1.000002;0.701013;
9.435344;0.701230;0.406028;-0.105189;-0.317174;1.047587;-0.701224;1.000002;0.701224;
9.483119;0.701367;0.405969;-0.105209;-0.317093;1.047575;-0.701361;1.000001;0.701361;
9.530895;0.701454;0.405909;-0.105222;-0.317022;1.047564;-0.701448;1.000001;0.701448;
9.577421;0.701490;0.405849;-0.105228;-0.316961;1.047555;-0.701484;1.000000;0.701484;
9.577422;0.701490;0.405849;-0.105228;-0.316961;1.047555;-0.701484;1.000000;0.701484;
9.577423;0.701490;0.405849;-0.105228;-0.316961;1.047555;-0.701484;1.000000;0.701484;
9.577425;0.701490;0.405849;-0.105228;-0.316961;1.047555;-0.701484;1.000000;0.701484;
9.577429;0.701490;0.405849;-0.105228;-0.316961;1.047555;-0.701484;1.000000;0.701484;
9.577437;0.701490;0.405849;-0.105228;-0.316961;1.047555;-0.701484;1.000000;0.701484;
9.577453;0.701490;0.405849;-0.105228;-0.316961;1.047555;-0.701484;1.000000;0.701484;
9.577485;0.701490;0.405849;-0.105228;-0.316961;1.047555;-0.701484;1.000000;0.701484;
9.577549;0.701490;0.405849;-0.105228;-0.316961;1.047555;-0.701484;1.000000;0.701484;
9.577677;0.701490;0.405849;-0.105228;-0.316960;1.047555;-0.701484;1.000000;0.701484;
9.577933;0.701490;0.405849;-0.105228;-0.316960;1.047555;-0.701484;1.000000;0.701484;
9.578445;0.701490;0.405848;-0.105228;-0.316959;1.047555;-0.701484;1.000000;0.701484;
9.579469;0.701490;0.405847;-0.105228;-0.316958;1.047555;-0.701484;1.000000;0.701484;
9.581517;0.701491;0.405844;-0.105228;-0.316956;1.047554;-0.701485;1.000000;0.701485;
9.585613;0.701491;0.405839;-0.105228;-0.316951;1.047553;-0.701485;1.000000;0.701485;
9.593805;0.701491;0.405828;-0.105228;-0.316941;1.047552;-0.701485;1.000000;0.701485;
9.610189;0.701487;0.405807;-0.105228;-0.316922;1.047549;-0.701481;1.000000;0.701481;
9.642957;0.701463;0.405764;-0.105224;-0.316888;1.047544;-0.701457;1.000000;0.701457;
9.675725;0.701419;0.405720;-0.105217;-0.316857;1.047539;-0.701413;0.999999;0.701413;
9.741261;0.701280;0.405632;-0.105196;-0.316803;1.047531;-0.701274;0.999999;0.701274;
9.800243;0.701104;0.405552;-0.105170;-0.316763;1.047525;-0.701098;0.999998;0.701098;
9.859225;0.700893;0.405470;-0.105138;-0.316729;1.047520;-0.700887;0.999998;0.700887;
9.918208;0.700659;0.405388;-0.105103;-0.316699;1.047516;-0.700653;0.999998;0.700653;
9.977190;0.700416;0.405304;-0.105067;-0.316669;1.047511;-0.700410;0.999998;0.700410;
10.059276;0.700086;0.405187;-0.105017;-0.316626;1.047505;-0.700080;0.999998;0.700080;
10.141361;0.699788;0.405069;-0.104973;-0.316575;1.047497;-0.699782;0.999998;0.699782;
10.223447;0.699543;0.404950;-0.104936;-0.316513;1.047488;-0.699537;0.999999;0.699537;
10.297324;0.699378;0.404843;-0.104911;-0.316447;1.047478;-0.699372;0.999999;0.699372;
10.371201;0.699274;0.404735;-0.104895;-0.316368;1.047466;-0.699268;1.000000;0.699268;
10.422491;0.699237;0.404660;-0.104890;-0.316307;1.047457;-0.699232;1.000000;0.699232;
10.422492;0.699237;0.404660;-0.104890;-0.316307;1.047457;-0.699232;1.000000;0.699232;
10.422493;0.699237;0.404660;-0.104890;-0.316307;1.047457;-0.699232;1.000000;0.699232;
10.422495;0.699237;0.404660;-0.104890;-0.316307;1.047457;-0.699232;1.000000;0.699232;
10.422499;0.699237;0.404660;-0.104890;-0.316307;1.047457;-0.699232;1.000000;0.699232;
10.422507;0.699237;0.404660;-0.104890;-0.316307;1.047457;-0.699232;1.000000;0.699232;
10.422523;0.699237;0.404660;-0.104890;-0.316307;1.047457;-0.699231;1.000000;0.699231;
10.422555;0.699237;0.404660;-0.104890;-0.316307;1.047457;-0.699231;1.000000;0.699231;
10.422619;0.699237;0.404660;-0.104890;-0.316307;1.047457;-0.699231;1.000000;0.699231;
10.422747;0.699237;0.404660;-0.104890;-0.316307;1.047457;-0.699231;1.000000;0.699231;
10.423003;0.699237;0.404660;-0.104890;-0.316306;1.047457;-0.699231;1.000000;0.699231;
10.423515;0.699237;0.404659;-0.104890;-0.316306;1.047457;-0.699231;1.000000;0.699231;
10.424539;0.699237;0.404657;-0.104890;-0.316304;1.047456;-0.699231;1.000000;0.699231;
10.426587;0.699236;0.404654;-0.104890;-0.316302;1.047456;-0.699230;1.000000;0.699230;
10.430683;0.699234;0.404648;-0.104890;-0.316297;1.047455;-0.699228;1.000000;0.699228;
10.438875;0.699232;0.404636;-0.104889;-0.316286;1.047454;-0.699226;1.000000;0.699226;
10.455259;0.699230;0.404613;-0.104889;-0.316265;1.047451;-0.699224;1.000000;0.699224;
10.488027;0.699233;0.404565;-0.104889;-0.316221;1.047444;-0.699227;1.000000;0.699227;
10.553563;0.699272;0.404469;-0.104895;-0.316126;1.047430;-0.699266;1.000000;0.699266;
10.619099;0.699347;0.404374;-0.104906;-0.316024;1.047414;-0.699341;1.000001;0.699341;
10.684635;0.699452;0.404279;-0.104922;-0.315918;1.047398;-0.699446;1.000001;0.699446;
10.750171;0.699577;0.404184;-0.104941;-0.315807;1.047382;-0.699571;1.000001;0.699571;
10.815707;0.699714;0.404089;-0.104961;-0.315694;1.047365;-0.699708;1.000001;0.699708;
10.881243;0.699854;0.403995;-0.104982;-0.315581;1.047348;-0.699848;1.000001;0.699848;
10.969597;0.700032;0.403868;-0.105009;-0.315431;1.047326;-0.700026;1.000001;0.700026;
11.057952;0.700186;0.403742;-0.105032;-0.315287;1.047304;-0.700180;1.000001;0.700180;
11.146306;0.700303;0.403617;-0.105050;-0.315150;1.047283;-0.700297;1.000001;0.700297;
11.234660;0.700378;0.403492;-0.105061;-0.315021;1.047264;-0.700372;1.000000;0.700372;
11.323015;0.700408;0.403369;-0.105066;-0.314902;1.047246;-0.700402;1.000000;0.700402;
11.350516;0.700408;0.403330;-0.105066;-0.314867;1.047241;-0.700403;1.000000;0.700403;
11.350517;0.700408;0.403330;-0.105066;-0.314867;1.047241;-0.700403;1.000000;0.700403;
11.350518;0.700408;0.403330;-0.105066;-0.314867;1.047241;-0.700403;1.000000;0.700403;
11.350520;0.700408;0.403330;-0.105066;-0.314867;1.047241;-0.700403;1.000000;0.700403;
11.350524;0.700408;0.403330;-0.105066;-0.314867;1.047241;-0.700403;1.000000;0.700403;
11.350532;0.700408;0.403330;-0.105066;-0.314867;1.047241;-0.700403;1.000000;0.700403;
11.350548;0.700408;0.403330;-0.105066;-0.314867;1.047241;-0.700403;1.000000;0.700403;
11.350580;0.700408;0.403330;-0.105066;-0.314867;1.047241;-0.700403;1.000000;0.700403;
11.350584;0.700408;0.403330;-0.105066;-0.314867;1.047241;-0.700403;1.000000;0.700403;
11.350585;0.700408;0.403330;-0.105066;-0.314867;1.047241;-0.700403;1.000000;0.700403;
11.350586;0.700408;0.403330;-0.105066;-0.314867;1.047241;-0.700403;1.000000;0.700403;
11.350588;0.700408;0.403330;-0.105066;-0.314867;1.047241;-0.700403;1.000000;0.700403;
11.350592;0.700408;0.403330;-0.105066;-0.314867;1.047241;-0.700403;1.000000;0.700403;
11.350600;0.700408;0.403330;-0.105066;-0.314867;1.047241;-0.700403;1.000000;0.700403;
11.350616;0.700408;0.403330;-0.105066;-0.314867;1.047241;-0.700403;1.000000;0.700403;
11.350648;0.700408;0.403330;-0.105066;-0.314867;1.047241;-0.700403;1.000000;0.700403;
11.350712;0.700408;0.403330;-0.105066;-0.314867;1.047241;-0.700403;1.000000;0.700403;
11.350840;0.700408;0.403330;-0.105066;-0.314867;1.047241;-0.700403;1.000000;0.700403;
11.351096;0.700408;0.403329;-0.105066;-0.314867;1.047241;-0.700403;1.000000;0.700403;
11.351608;0.700408;0.403329;-0.105066;-0.314866;1.047241;-0.700403;1.000000;0.700403;
11.352632;0.700408;0.403327;-0.105066;-0.314865;1.047241;-0.700402;1.000000;0.700402;
11.354680;0.700408;0.403324;-0.105066;-0.314862;1.047240;-0.700402;1.000000;0.700402;
11.358776;0.700408;0.403319;-0.105066;-0.314857;1.047239;-0.700402;1.000000;0.700402;
11.366968;0.700407;0.403307;-0.105065;-0.314847;1.047238;-0.700401;1.000000;0.700401;
11.383352;0.700403;0.403285;-0.105065;-0.314827;1.047235;-0.700398;1.000000;0.700398;
11.416120;0.700393;0.403239;-0.105063;-0.314787;1.047229;-0.700387;1.000000;0.700387;
11.481656;0.700358;0.403149;-0.105058;-0.314711;1.047217;-0.700352;1.000000;0.700352;
11.547192;0.700306;0.403059;-0.105050;-0.314639;1.047207;-0.700300;1.000000;0.700300;
11.612728;0.700243;0.402970;-0.105041;-0.314570;1.047196;-0.700237;1.000000;0.700237;
11.678264;0.700173;0.402881;-0.105030;-0.314503;1.047186;-0.700167;1.000000;0.700167;
11.809336;0.700033;0.402707;-0.105009;-0.314370;1.047166;-0.700027;1.000000;0.700027;
11.940408;0.699913;0.402536;-0.104991;-0.314237;1.047146;-0.699907;1.000000;0.699907;
12.071480;0.699831;0.402370;-0.104979;-0.314100;1.047126;-0.699825;1.000000;0.699825;
12.149092;0.699805;0.402273;-0.104975;-0.314017;1.047113;-0.699799;1.000000;0.699799;
12.149093;0.699805;0.402273;-0.104975;-0.314017;1.047113;-0.699799;1.000000;0.699799;
12.149094;0.699805;0.402273;-0.104975;-0.314017;1.047113;-0.699799;1.000000;0.699799;
12.149096;0.699805;0.402273;-0.104975;-0.314017;1.047113;-0.699799;1.000000;0.699799;
12.149100;0.699805;0.402273;-0.104975;-0.314017;1.047113;-0.699799;1.000000;0.699799;
12.149108;0.699805;0.402273;-0.104975;-0.314017;1.047113;-0.699799;1.000000;0.699799;
12.149124;0.699805;0.402273;-0.104975;-0.314017;1.047113;-0.699799;1.000000;0.699799;
12.149156;0.699805;0.402273;-0.104975;-0.314017;1.047113;-0.699799;1.000000;0.699799;
12.149220;0.699805;0.402272;-0.104975;-0.314017;1.047113;-0.699799;1.000000;0.699799;
12.149300;0.699805;0.402272;-0.104975;-0.314017;1.047113;-0.699799;1.000000;0.699799;
12.149301;0.699805;0.402272;-0.104975;-0.314017;1.047113;-0.699799;1.000000;0.699799;
12.149302;0.699805;0.402272;-0.104975;-0.314017;1.047113;-0.699799;1.000000;0.699799;
12.149304;0.699805;0.402272;-0.104975;-0.314017;1.047113;-0.699799;1.000000;0.699799;
12.149308;0.699805;0.402272;-0.104975;-0.314017;1.047113;-0.699799;1.000000;0.699799;
12.149316;0.699805;0.402272;-0.104975;-0.314017;1.047113;-0.699799;1.000000;0.699799;
12.149332;0.699805;0.402272;-0.104975;-0.314016;1.047113;-0.699799;1.000000;0.699799;
12.149364;0.699805;0.402272;-0.104975;-0.314016;1.047113;-0.699799;1.000000;0.699799;
12.149428;0.699805;0.402272;-0.104975;-0.314016;1.047113;-0.699799;1.000000;0.699799;
12.149556;0.699805;0.402272;-0.104975;-0.314016;1.047113;-0.699799;1.000000;0.699799;
12.149812;0.699805;0.402272;-0.104975;-0.314016;1.047113;-0.699799;1.000000;0.699799;
12.150324;0.699804;0.402271;-0.104975;-0.314015;1.047113;-0.699799;1.000000;0.699799;
12.151348;0.699804;0.402270;-0.104975;-0.314014;1.047113;-0.699798;1.000000;0.699798;
12.153396;0.699804;0.402267;-0.104975;-0.314012;1.047113;-0.699798;1.000000;0.699798;
12.157492;0.699803;0.402262;-0.104975;-0.314008;1.047112;-0.699797;1.000000;0.699797;
12.165684;0.699801;0.402252;-0.104975;-0.313999;1.047111;-0.699795;1.000000;0.699795;
12.182068;0.699798;0.402232;-0.104974;-0.313981;1.047108;-0.699792;1.000000;0.699792;
12.214836;0.699795;0.402192;-0.104974;-0.313945;1.047102;-0.699789;1.000000;0.699789;
12.280372;0.699798;0.402112;-0.104974;-0.313871;1.047091;-0.699792;1.000000;0.699792;
12.345908;0.699813;0.402033;-0.104976;-0.313797;1.047080;-0.699807;1.000000;0.699807;
12.411444;0.699836;0.401956;-0.104980;-0.313721;1.047069;-0.699830;1.000000;0.699830;
12.476980;0.699867;0.401880;-0.104984;-0.313646;1.047058;-0.699861;1.000000;0.699861;
12.608052;0.699937;0.401730;-0.104995;-0.313495;1.047035;-0.699931;1.000000;0.699931;
12.739124;0.700009;0.401585;-0.105006;-0.313349;1.047013;-0.700003;1.000000;0.700003;
12.870196;0.700067;0.401444;-0.105015;-0.313209;1.046992;-0.700061;1.000000;0.700061;
13.001268;0.700104;0.401308;-0.105020;-0.313078;1.046972;-0.700098;1.000000;0.700098;
13.132340;0.700117;0.401176;-0.105022;-0.312955;1.046954;-0.700111;1.000000;0.700111;
13.252569;0.700108;0.401059;-0.105021;-0.312849;1.046938;-0.700102;1.000000;0.700102;
13.252570;0.700108;0.401059;-0.105021;-0.312849;1.046938;-0.700102;1.000000;0.700102;
13.252571;0.700108;0.401059;-0.105021;-0.312849;1.046938;-0.700102;1.000000;0.700102;
13.252573;0.700108;0.401059;-0.105021;-0.312849;1.046938;-0.700102;1.000000;0.700102;
13.252577;0.700108;0.401059;-0.105021;-0.312849;1.046938;-0.700102;1.000000;0.700102;
13.252585;0.700108;0.401059;-0.105021;-0.312849;1.046938;-0.700102;1.000000;0.700102;
13.252601;0.700108;0.401059;-0.105021;-0.312849;1.046938;-0.700102;1.000000;0.700102;
13.252633;0.700108;0.401059;-0.105021;-0.312849;1.046938;-0.700102;1.000000;0.700102;
13.252697;0.700108;0.401059;-0.105021;-0.312849;1.046938;-0.700102;1.000000;0.700102;
13.252825;0.700108;0.401059;-0.105021;-0.312849;1.046938;-0.700102;1.000000;0.700102;
13.253036;0.700108;0.401059;-0.105021;-0.312849;1.046938;-0.700102;1.000000;0.700102;
13.253037;0.700108;0.401059;-0.105021;-0.312849;1.046938;-0.700102;1.000000;0.700102;
13.253038;0.700108;0.401059;-0.105021;-0.312849;1.046938;-0.700102;1.000000;0.700102;
13.253040;0.700108;0.401059;-0.105021;-0.312849;1.046938;-0.700102;1.000000;0.700102;
13.253044;0.700108;0.401059;-0.105021;-0.312849;1.046938;-0.700102;1.000000;0.700102;
13.253052;0.700108;0.401059;-0.105021;-0.312849;1.046938;-0.700102;1.000000;0.700102;
13.253068;0.700108;0.401059;-0.105021;-0.312849;1.046938;-0.700102;1.000000;0.700102;
13.253100;0.700108;0.401059;-0.105021;-0.312849;1.046938;-0.700102;1.000000;0.700102;
13.253164;0.700108;0.401059;-0.105021;-0.312849;1.046938;-0.700102;1.000000;0.700102;
13.253292;0.700108;0.401059;-0.105021;-0.312849;1.046938;-0.700102;1.000000;0.700102;
13.253548;0.700108;0.401058;-0.105021;-0.312849;1.046938;-0.700102;1.000000;0.700102;
13.254060;0.700107;0.401058;-0.105021;-0.312848;1.046938;-0.700102;1.000000;0.700102;
13.255084;0.700107;0.401057;-0.105021;-0.312847;1.046938;-0.700101;1.000000;0.700101;
13.257132;0.700107;0.401055;-0.105020;-0.312846;1.046938;-0.700101;1.000000;0.700101;
13.261228;0.700106;0.401051;-0.105020;-0.312842;1.046937;-0.700100;1.000000;0.700100;
13.269420;0.700105;0.401043;-0.105020;-0.312835;1.046936;-0.700099;1.000000;0.700099;
13.285804;0.700102;0.401027;-0.105020;-0.312822;1.046934;-0.700096;1.000000;0.700096;
13.318572;0.700095;0.400997;-0.105019;-0.312795;1.046930;-0.700089;1.000000;0.700089;
13.384108;0.700079;0.400935;-0.105016;-0.312742;1.046922;-0.700073;1.000000;0.700073;
13.515180;0.700042;0.400816;-0.105011;-0.312640;1.046907;-0.700036;1.000000;0.700036;
13.646252;0.700004;0.400702;-0.105005;-0.312543;1.046892;-0.699998;1.000000;0.699998;
13.796895;0.699970;0.400576;-0.105000;-0.312434;1.046876;-0.699965;1.000000;0.699965;
13.796896;0.699970;0.400576;-0.105000;-0.312434;1.046876;-0.699965;1.000000;0.699965;
13.796897;0.699970;0.400576;-0.105000;-0.312434;1.046876;-0.699965;1.000000;0.699965;
13.796899;0.699970;0.400576;-0.105000;-0.312434;1.046876;-0.699965;1.000000;0.699965;
13.796903;0.699970;0.400576;-0.105000;-0.312434;1.046876;-0.699965;1.000000;0.699965;
13.796911;0.699970;0.400576;-0.105000;-0.312434;1.046876;-0.699965;1.000000;0.699965;
13.796927;0.699970;0.400576;-0.105000;-0.312434;1.046876;-0.699965;1.000000;0.699965;
13.796959;0.699970;0.400576;-0.105000;-0.312434;1.046876;-0.699965;1.000000;0.699965;
13.797023;0.699970;0.400576;-0.105000;-0.312434;1.046876;-0.699965;1.000000;0.699965;
13.797151;0.699970;0.400576;-0.105000;-0.312434;1.046876;-0.699965;1.000000;0.699965;
13.797407;0.699970;0.400575;-0.105000;-0.312434;1.046876;-0.699965;1.000000;0.699965;
13.797919;0.699970;0.400575;-0.105000;-0.312433;1.046876;-0.699964;1.000000;0.699964;
13.798943;0.699970;0.400574;-0.105000;-0.312433;1.046876;-0.699964;1.000000;0.699964;
13.800991;0.699970;0.400573;-0.105000;-0.312431;1.046875;-0.699964;1.000000;0.699964;
13.805087;0.699969;0.400569;-0.105000;-0.312428;1.046875;-0.699963;1.000000;0.699963;
13.813279;0.699967;0.400563;-0.105000;-0.312422;1.046874;-0.699961;1.000000;0.699961;
13.829663;0.699964;0.400549;-0.104999;-0.312411;1.046872;-0.699959;1.000000;0.699959;
13.862431;0.699959;0.400523;-0.104998;-0.312388;1.046869;-0.699953;1.000000;0.699953;
13.927967;0.699952;0.400471;-0.104997;-0.312342;1.046862;-0.699946;1.000000;0.699946;
14.059039;0.699948;0.400370;-0.104997;-0.312251;1.046848;-0.699942;1.000000;0.699942;
14.176833;0.699958;0.400286;-0.104998;-0.312171;1.046836;-0.699952;1.000000;0.699952;
14.294626;0.699972;0.400204;-0.105000;-0.312094;1.046825;-0.699966;1.000000;0.699966;
14.412419;0.699987;0.400126;-0.105002;-0.312019;1.046814;-0.699981;1.000000;0.699981;
14.648006;0.700012;0.399977;-0.105006;-0.311878;1.046792;-0.700007;1.000000;0.700007;
14.860034;0.700026;0.399853;-0.105008;-0.311762;1.046775;-0.700020;1.000000;0.700020;
15.072062;0.700028;0.399738;-0.105009;-0.311657;1.046759;-0.700022;1.000000;0.700022;
15.284090;0.700019;0.399638;-0.105007;-0.311567;1.046746;-0.700013;1.000000;0.700013;
15.496118;0.700010;0.399545;-0.105006;-0.311484;1.046733;-0.700004;1.000000;0.700004;
15.708146;0.700004;0.399461;-0.105005;-0.311408;1.046722;-0.699998;1.000000;0.699998;
15.920174;0.700002;0.399385;-0.105005;-0.311339;1.046712;-0.699996;1.000000;0.699996;
16.344230;0.700003;0.399260;-0.105005;-0.311224;1.046694;-0.699997;1.000000;0.699997;
16.768286;0.700005;0.399158;-0.105005;-0.311131;1.046680;-0.699999;1.000000;0.699999;
17.192342;0.700006;0.399078;-0.105005;-0.311057;1.046669;-0.700000;1.000000;0.700000;
18.040454;0.700006;0.398978;-0.105005;-0.310966;1.046656;-0.700000;1.000000;0.700000;
18.888566;0.700006;0.398923;-0.105005;-0.310916;1.046648;-0.700000;1.000000;0.700000;
20.000000;0.700006;0.398899;-0.105005;-0.310894;1.046645;-0.700000;1.000000;0.700000;
