time;NETWORK__BUS____7-BUS___10-2_AC_iSide2;CLA_currentLimitAutomaton_IMonitored;
0.000000;1375.696053;1375.696052;
10.000000;1375.509939;1375.509939;
20.000000;1375.392272;1375.392272;
30.000000;1375.317878;1375.317878;
30.000000;0.000000;0.000000;
40.000000;0.000000;0.000000;
