time;WPP3A_WPP_wT3ACurrentSource_controlMeasurements_PPuSnRef;WPP3A_WPP_wT3ACurrentSource_controlMeasurements_QPuSnRef;WPP3A_WPP_wT3ACurrentSource_controlMeasurements_UPu;InfBus_infiniteBus_PPu;InfBus_infiniteBus_QPu;InfBus_infiniteBus_UPu;WPP3A_WPP_terminal_V_re;WPP3A_WPP_terminal_V_im;WPP3A_WPP_terminal_i_re;WPP3A_WPP_terminal_i_im;
0.000000;0.600000;0.100000;1.000000;0.600000;0.100000;1.000000;1.000000;0.000000;-0.600000;0.100000;
0.000001;0.600000;0.100000;1.000000;0.600000;0.100000;1.000000;1.000000;0.000000;-0.600000;0.100000;
0.000002;0.600000;0.100000;1.000000;0.600000;0.100000;1.000000;1.000000;0.000000;-0.600000;0.100000;
0.000003;0.600000;0.100000;1.000000;0.600000;0.100000;1.000000;1.000000;0.000000;-0.600000;0.100000;
0.000006;0.600000;0.100000;1.000000;0.600000;0.100000;1.000000;1.000000;0.000000;-0.600000;0.100000;
0.000008;0.600000;0.100000;1.000000;0.600000;0.100000;1.000000;1.000000;0.000000;-0.600000;0.100000;
0.000009;0.600000;0.100000;1.000000;0.600000;0.100000;1.000000;1.000000;0.000000;-0.600000;0.100000;
0.000010;0.600000;0.100000;1.000000;0.600000;0.100000;1.000000;1.000000;0.000000;-0.600000;0.100000;
0.000011;0.600000;0.100000;1.000000;0.600000;0.100000;1.000000;1.000000;0.000000;-0.600000;0.100000;
0.000012;0.600000;0.100000;1.000000;0.600000;0.100000;1.000000;1.000000;0.000000;-0.600000;0.100000;
0.000014;0.600000;0.100000;1.000000;0.600000;0.100000;1.000000;1.000000;0.000000;-0.600000;0.100000;
0.000016;0.600000;0.100000;1.000000;0.600000;0.100000;1.000000;1.000000;0.000000;-0.600000;0.100000;
0.000018;0.600000;0.100000;1.000000;0.600000;0.100000;1.000000;1.000000;0.000000;-0.600000;0.100000;
0.000020;0.600000;0.100000;1.000000;0.600000;0.100000;1.000000;1.000000;0.000000;-0.600000;0.100000;
0.000022;0.600000;0.100000;1.000000;0.600000;0.100000;1.000000;1.000000;0.000000;-0.600000;0.100000;
0.000024;0.600000;0.100000;1.000000;0.600000;0.100000;1.000000;1.000000;0.000000;-0.600000;0.100000;
0.000026;0.600000;0.100000;1.000000;0.600000;0.100000;1.000000;1.000000;0.000000;-0.600000;0.100000;
0.000028;0.600000;0.100000;1.000000;0.600000;0.100000;1.000000;1.000000;0.000000;-0.600000;0.100000;
0.000030;0.600000;0.100000;1.000000;0.600000;0.100000;1.000000;1.000000;0.000000;-0.600000;0.100000;
0.000032;0.600000;0.100000;1.000000;0.600000;0.100000;1.000000;1.000000;0.000000;-0.600000;0.100000;
0.000034;0.600000;0.100000;1.000000;0.600000;0.100000;1.000000;1.000000;0.000000;-0.600000;0.100000;
0.000036;0.600000;0.100000;1.000000;0.600000;0.100000;1.000000;1.000000;0.000000;-0.600000;0.100000;
0.000038;0.600000;0.100000;1.000000;0.600000;0.100000;1.000000;1.000000;0.000000;-0.600000;0.100000;
0.000040;0.600000;0.100000;1.000000;0.600000;0.100000;1.000000;1.000000;0.000000;-0.600000;0.100000;
0.000042;0.600000;0.100000;1.000000;0.600000;0.100000;1.000000;1.000000;0.000000;-0.600000;0.100000;
0.000044;0.600000;0.100000;1.000000;0.600000;0.100000;1.000000;1.000000;0.000000;-0.600000;0.100000;
0.000046;0.600000;0.100000;1.000000;0.600000;0.100000;1.000000;1.000000;0.000000;-0.600000;0.100000;
0.000048;0.600000;0.100000;1.000000;0.600000;0.100000;1.000000;1.000000;0.000000;-0.600000;0.100000;
0.000050;0.600000;0.100000;1.000000;0.600000;0.100000;1.000000;1.000000;0.000000;-0.600000;0.100000;
0.000052;0.600000;0.100000;1.000000;0.600000;0.100000;1.000000;1.000000;0.000000;-0.600000;0.100000;
0.000054;0.600000;0.100000;1.000000;0.600000;0.100000;1.000000;1.000000;0.000000;-0.600000;0.100000;
0.000056;0.600000;0.100000;1.000000;0.600000;0.100000;1.000000;1.000000;0.000000;-0.600000;0.100000;
0.000058;0.600000;0.100000;1.000000;0.600000;0.100000;1.000000;1.000000;0.000000;-0.600000;0.100000;
0.000061;0.600000;0.100000;1.000000;0.600000;0.100000;1.000000;1.000000;0.000000;-0.600000;0.100000;
0.000063;0.600000;0.100000;1.000000;0.600000;0.100000;1.000000;1.000000;0.000000;-0.600000;0.100000;
0.000065;0.600000;0.100000;1.000000;0.600000;0.100000;1.000000;1.000000;0.000000;-0.600000;0.100000;
0.000067;0.600000;0.100000;1.000000;0.600000;0.100000;1.000000;1.000000;0.000000;-0.600000;0.100000;
0.000069;0.600000;0.100000;1.000000;0.600000;0.100000;1.000000;1.000000;0.000000;-0.600000;0.100000;
0.000071;0.600000;0.100000;1.000000;0.600000;0.100000;1.000000;1.000000;0.000000;-0.600000;0.100000;
0.000073;0.600000;0.100000;1.000000;0.600000;0.100000;1.000000;1.000000;0.000000;-0.600000;0.100000;
0.000075;0.600000;0.100000;1.000000;0.600000;0.100000;1.000000;1.000000;0.000000;-0.600000;0.100000;
0.000077;0.600000;0.100000;1.000000;0.600000;0.100000;1.000000;1.000000;0.000000;-0.600000;0.100000;
0.000079;0.600000;0.100000;1.000000;0.600000;0.100000;1.000000;1.000000;0.000000;-0.600000;0.100000;
0.000081;0.600000;0.100000;1.000000;0.600000;0.100000;1.000000;1.000000;0.000000;-0.600000;0.100000;
0.000083;0.600000;0.100000;1.000000;0.600000;0.100000;1.000000;1.000000;0.000000;-0.600000;0.100000;
0.000085;0.600000;0.100000;1.000000;0.600000;0.100000;1.000000;1.000000;0.000000;-0.600000;0.100000;
0.000087;0.600000;0.100000;1.000000;0.600000;0.100000;1.000000;1.000000;0.000000;-0.600000;0.100000;
0.000089;0.600000;0.100000;1.000000;0.600000;0.100000;1.000000;1.000000;0.000000;-0.600000;0.100000;
0.000091;0.600000;0.100000;1.000000;0.600000;0.100000;1.000000;1.000000;0.000000;-0.600000;0.100000;
0.000093;0.600000;0.100000;1.000000;0.600000;0.100000;1.000000;1.000000;0.000000;-0.600000;0.100000;
0.000095;0.600000;0.100000;1.000000;0.600000;0.100000;1.000000;1.000000;0.000000;-0.600000;0.100000;
0.000097;0.600000;0.100000;1.000000;0.600000;0.100000;1.000000;1.000000;0.000000;-0.600000;0.100000;
0.000099;0.600000;0.100000;1.000000;0.600000;0.100000;1.000000;1.000000;0.000000;-0.600000;0.100000;
0.000100;0.600000;0.100000;1.000000;0.600000;0.100000;1.000000;1.000000;0.000000;-0.600000;0.100000;
0.000101;0.600000;0.100000;1.000000;0.600000;0.100000;1.000000;1.000000;0.000000;-0.600000;0.100000;
0.000102;0.600000;0.100000;1.000000;0.600000;0.100000;1.000000;1.000000;0.000000;-0.600000;0.100000;
0.000103;0.600000;0.100000;1.000000;0.600000;0.100000;1.000000;1.000000;0.000000;-0.600000;0.100000;
0.000106;0.600000;0.100000;1.000000;0.600000;0.100000;1.000000;1.000000;0.000000;-0.600000;0.100000;
0.000109;0.600000;0.100000;1.000000;0.600000;0.100000;1.000000;1.000000;0.000000;-0.600000;0.100000;
0.000112;0.600000;0.100000;1.000000;0.600000;0.100000;1.000000;1.000000;0.000000;-0.600000;0.100000;
0.000115;0.600000;0.100000;1.000000;0.600000;0.100000;1.000000;1.000000;0.000000;-0.600000;0.100000;
0.000118;0.600000;0.100000;1.000000;0.600000;0.100000;1.000000;1.000000;0.000000;-0.600000;0.100000;
0.000121;0.600000;0.100000;1.000000;0.600000;0.100000;1.000000;1.000000;0.000000;-0.600000;0.100000;
0.000124;0.600000;0.100000;1.000000;0.600000;0.100000;1.000000;1.000000;0.000000;-0.600000;0.100000;
0.000127;0.600000;0.100000;1.000000;0.600000;0.100000;1.000000;1.000000;0.000000;-0.600000;0.100000;
0.000130;0.600000;0.100000;1.000000;0.600000;0.100000;1.000000;1.000000;0.000000;-0.600000;0.100000;
0.000133;0.600000;0.100000;1.000000;0.600000;0.100000;1.000000;1.000000;0.000000;-0.600000;0.100000;
0.000136;0.600000;0.100000;1.000000;0.600000;0.100000;1.000000;1.000000;0.000000;-0.600000;0.100000;
0.000139;0.600000;0.100000;1.000000;0.600000;0.100000;1.000000;1.000000;0.000000;-0.600000;0.100000;
0.000142;0.600000;0.100000;1.000000;0.600000;0.100000;1.000000;1.000000;0.000000;-0.600000;0.100000;
0.000145;0.600000;0.100000;1.000000;0.600000;0.100000;1.000000;1.000000;0.000000;-0.600000;0.100000;
0.000148;0.600000;0.100000;1.000000;0.600000;0.100000;1.000000;1.000000;0.000000;-0.600000;0.100000;
0.000151;0.600000;0.100000;1.000000;0.600000;0.100000;1.000000;1.000000;0.000000;-0.600000;0.100000;
0.000154;0.600000;0.100000;1.000000;0.600000;0.100000;1.000000;1.000000;0.000000;-0.600000;0.100000;
0.000157;0.600000;0.100000;1.000000;0.600000;0.100000;1.000000;1.000000;0.000000;-0.600000;0.100000;
0.000159;0.600000;0.100000;1.000000;0.600000;0.100000;1.000000;1.000000;0.000000;-0.600000;0.100000;
0.000162;0.600000;0.100000;1.000000;0.600000;0.100000;1.000000;1.000000;0.000000;-0.600000;0.100000;
0.000165;0.600000;0.100000;1.000000;0.600000;0.100000;1.000000;1.000000;0.000000;-0.600000;0.100000;
0.000168;0.600000;0.100000;1.000000;0.600000;0.100000;1.000000;1.000000;0.000000;-0.600000;0.100000;
0.000171;0.600000;0.100000;1.000000;0.600000;0.100000;1.000000;1.000000;0.000000;-0.600000;0.100000;
0.000174;0.600000;0.100000;1.000000;0.600000;0.100000;1.000000;1.000000;0.000000;-0.600000;0.100000;
0.000177;0.600000;0.100000;1.000000;0.600000;0.100000;1.000000;1.000000;0.000000;-0.600000;0.100000;
0.000180;0.600000;0.100000;1.000000;0.600000;0.100000;1.000000;1.000000;0.000000;-0.600000;0.100000;
0.000183;0.600000;0.100000;1.000000;0.600000;0.100000;1.000000;1.000000;0.000000;-0.600000;0.100000;
0.000186;0.600000;0.100000;1.000000;0.600000;0.100000;1.000000;1.000000;0.000000;-0.600000;0.100000;
0.000189;0.600000;0.100000;1.000000;0.600000;0.100000;1.000000;1.000000;0.000000;-0.600000;0.100000;
0.000192;0.600000;0.100000;1.000000;0.600000;0.100000;1.000000;1.000000;0.000000;-0.600000;0.100000;
0.000195;0.600000;0.100000;1.000000;0.600000;0.100000;1.000000;1.000000;0.000000;-0.600000;0.100000;
0.000198;0.600000;0.100000;1.000000;0.600000;0.100000;1.000000;1.000000;0.000000;-0.600000;0.100000;
0.000201;0.600000;0.100000;1.000000;0.600000;0.100000;1.000000;1.000000;0.000000;-0.600000;0.100000;
0.000204;0.600000;0.100000;1.000000;0.600000;0.100000;1.000000;1.000000;0.000000;-0.600000;0.100000;
0.000207;0.600000;0.100000;1.000000;0.600000;0.100000;1.000000;1.000000;0.000000;-0.600000;0.100000;
0.000210;0.600000;0.100000;1.000000;0.600000;0.100000;1.000000;1.000000;0.000000;-0.600000;0.100000;
0.000213;0.600000;0.100000;1.000000;0.600000;0.100000;1.000000;1.000000;0.000000;-0.600000;0.100000;
0.000216;0.600000;0.100000;1.000000;0.600000;0.100000;1.000000;1.000000;0.000000;-0.600000;0.100000;
0.000219;0.600000;0.100000;1.000000;0.600000;0.100000;1.000000;1.000000;0.000000;-0.600000;0.100000;
0.000222;0.600000;0.100000;1.000000;0.600000;0.100000;1.000000;1.000000;0.000000;-0.600000;0.100000;
0.000225;0.600000;0.100000;1.000000;0.600000;0.100000;1.000000;1.000000;0.000000;-0.600000;0.100000;
0.000231;0.600000;0.100000;1.000000;0.600000;0.100000;1.000000;1.000000;0.000000;-0.600000;0.100000;
0.000236;0.600000;0.100000;1.000000;0.600000;0.100000;1.000000;1.000000;0.000000;-0.600000;0.100000;
0.000241;0.600000;0.100000;1.000000;0.600000;0.100000;1.000000;1.000000;0.000000;-0.600000;0.100000;
0.000246;0.600000;0.100000;1.000000;0.600000;0.100000;1.000000;1.000000;0.000000;-0.600000;0.100000;
0.000252;0.600000;0.100000;1.000000;0.600000;0.100000;1.000000;1.000000;0.000000;-0.600000;0.100000;
0.000257;0.600000;0.100000;1.000000;0.600000;0.100000;1.000000;1.000000;0.000000;-0.600000;0.100000;
0.000262;0.600000;0.100000;1.000000;0.600000;0.100000;1.000000;1.000000;0.000000;-0.600000;0.100000;
0.000268;0.600000;0.100000;1.000000;0.600000;0.100000;1.000000;1.000000;0.000000;-0.600000;0.100000;
0.000273;0.600000;0.100000;1.000000;0.600000;0.100000;1.000000;1.000000;0.000000;-0.600000;0.100000;
0.000278;0.600000;0.100000;1.000000;0.600000;0.100000;1.000000;1.000000;0.000000;-0.600000;0.100000;
0.000283;0.600000;0.100000;1.000000;0.600000;0.100000;1.000000;1.000000;0.000000;-0.600000;0.100000;
0.000289;0.600000;0.100000;1.000000;0.600000;0.100000;1.000000;1.000000;0.000000;-0.600000;0.100000;
0.000294;0.600000;0.100000;1.000000;0.600000;0.100000;1.000000;1.000000;0.000000;-0.600000;0.100000;
0.000299;0.600000;0.100000;1.000000;0.600000;0.100000;1.000000;1.000000;0.000000;-0.600000;0.100000;
0.000304;0.600000;0.100000;1.000000;0.600000;0.100000;1.000000;1.000000;0.000000;-0.600000;0.100000;
0.000310;0.600000;0.100000;1.000000;0.600000;0.100000;1.000000;1.000000;0.000000;-0.600000;0.100000;
0.000315;0.600000;0.100000;1.000000;0.600000;0.100000;1.000000;1.000000;0.000000;-0.600000;0.100000;
0.000320;0.600000;0.100000;1.000000;0.600000;0.100000;1.000000;1.000000;0.000000;-0.600000;0.100000;
0.000325;0.600000;0.100000;1.000000;0.600000;0.100000;1.000000;1.000000;0.000000;-0.600000;0.100000;
0.000331;0.600000;0.100000;1.000000;0.600000;0.100000;1.000000;1.000000;0.000000;-0.600000;0.100000;
0.000336;0.600000;0.100000;1.000000;0.600000;0.100000;1.000000;1.000000;0.000000;-0.600000;0.100000;
0.000341;0.600000;0.100000;1.000000;0.600000;0.100000;1.000000;1.000000;0.000000;-0.600000;0.100000;
0.000347;0.600000;0.100000;1.000000;0.600000;0.100000;1.000000;1.000000;0.000000;-0.600000;0.100000;
0.000352;0.600000;0.100000;1.000000;0.600000;0.100000;1.000000;1.000000;0.000000;-0.600000;0.100000;
0.000357;0.600000;0.100000;1.000000;0.600000;0.100000;1.000000;1.000000;0.000000;-0.600000;0.100000;
0.000362;0.600000;0.100000;1.000000;0.600000;0.100000;1.000000;1.000000;0.000000;-0.600000;0.100000;
0.000368;0.600000;0.100000;1.000000;0.600000;0.100000;1.000000;1.000000;0.000000;-0.600000;0.100000;
0.000373;0.600000;0.100000;1.000000;0.600000;0.100000;1.000000;1.000000;0.000000;-0.600000;0.100000;
0.000378;0.600000;0.100000;1.000000;0.600000;0.100000;1.000000;1.000000;0.000000;-0.600000;0.100000;
0.000383;0.600000;0.100000;1.000000;0.600000;0.100000;1.000000;1.000000;0.000000;-0.600000;0.100000;
0.000389;0.600000;0.100000;1.000000;0.600000;0.100000;1.000000;1.000000;0.000000;-0.600000;0.100000;
0.000394;0.600000;0.100000;1.000000;0.600000;0.100000;1.000000;1.000000;0.000000;-0.600000;0.100000;
0.000399;0.600000;0.100000;1.000000;0.600000;0.100000;1.000000;1.000000;0.000000;-0.600000;0.100000;
0.000404;0.600000;0.100000;1.000000;0.600000;0.100000;1.000000;1.000000;0.000000;-0.600000;0.100000;
0.000410;0.600000;0.100000;1.000000;0.600000;0.100000;1.000000;1.000000;0.000000;-0.600000;0.100000;
0.000415;0.600000;0.100000;1.000000;0.600000;0.100000;1.000000;1.000000;0.000000;-0.600000;0.100000;
0.000420;0.600000;0.100000;1.000000;0.600000;0.100000;1.000000;1.000000;0.000000;-0.600000;0.100000;
0.000425;0.600000;0.100000;1.000000;0.600000;0.100000;1.000000;1.000000;0.000000;-0.600000;0.100000;
0.000431;0.600000;0.100000;1.000000;0.600000;0.100000;1.000000;1.000000;0.000000;-0.600000;0.100000;
0.000436;0.600000;0.100000;1.000000;0.600000;0.100000;1.000000;1.000000;0.000000;-0.600000;0.100000;
0.000441;0.600000;0.100000;1.000000;0.600000;0.100000;1.000000;1.000000;0.000000;-0.600000;0.100000;
0.000447;0.600000;0.100000;1.000000;0.600000;0.100000;1.000000;1.000000;0.000000;-0.600000;0.100000;
0.000452;0.600000;0.100000;1.000000;0.600000;0.100000;1.000000;1.000000;0.000000;-0.600000;0.100000;
0.000457;0.600000;0.100000;1.000000;0.600000;0.100000;1.000000;1.000000;0.000000;-0.600000;0.100000;
0.000462;0.600000;0.100000;1.000000;0.600000;0.100000;1.000000;1.000000;0.000000;-0.600000;0.100000;
0.000468;0.600000;0.100000;1.000000;0.600000;0.100000;1.000000;1.000000;0.000000;-0.600000;0.100000;
0.000473;0.600000;0.100000;1.000000;0.600000;0.100000;1.000000;1.000000;0.000000;-0.600000;0.100000;
0.000478;0.600000;0.100000;1.000000;0.600000;0.100000;1.000000;1.000000;0.000000;-0.600000;0.100000;
0.000483;0.600000;0.100000;1.000000;0.600000;0.100000;1.000000;1.000000;0.000000;-0.600000;0.100000;
0.000489;0.600000;0.100000;1.000000;0.600000;0.100000;1.000000;1.000000;0.000000;-0.600000;0.100000;
0.000494;0.600000;0.100000;1.000000;0.600000;0.100000;1.000000;1.000000;0.000000;-0.600000;0.100000;
0.000499;0.600000;0.100000;1.000000;0.600000;0.100000;1.000000;1.000000;0.000000;-0.600000;0.100000;
0.000504;0.600000;0.100000;1.000000;0.600000;0.100000;1.000000;1.000000;0.000000;-0.600000;0.100000;
0.000510;0.600000;0.100000;1.000000;0.600000;0.100000;1.000000;1.000000;0.000000;-0.600000;0.100000;
0.000515;0.600000;0.100000;1.000000;0.600000;0.100000;1.000000;1.000000;0.000000;-0.600000;0.100000;
0.000520;0.600000;0.100000;1.000000;0.600000;0.100000;1.000000;1.000000;0.000000;-0.600000;0.100000;
0.000526;0.600000;0.100000;1.000000;0.600000;0.100000;1.000000;1.000000;0.000000;-0.600000;0.100000;
0.000531;0.600000;0.100000;1.000000;0.600000;0.100000;1.000000;1.000000;0.000000;-0.600000;0.100000;
0.000536;0.600000;0.100000;1.000000;0.600000;0.100000;1.000000;1.000000;0.000000;-0.600000;0.100000;
0.000541;0.600000;0.100000;1.000000;0.600000;0.100000;1.000000;1.000000;0.000000;-0.600000;0.100000;
0.000547;0.600000;0.100000;1.000000;0.600000;0.100000;1.000000;1.000000;0.000000;-0.600000;0.100000;
0.000552;0.600000;0.100000;1.000000;0.600000;0.100000;1.000000;1.000000;0.000000;-0.600000;0.100000;
0.000557;0.600000;0.100000;1.000000;0.600000;0.100000;1.000000;1.000000;0.000000;-0.600000;0.100000;
0.000562;0.600000;0.100000;1.000000;0.600000;0.100000;1.000000;1.000000;0.000000;-0.600000;0.100000;
0.000568;0.600000;0.100000;1.000000;0.600000;0.100000;1.000000;1.000000;0.000000;-0.600000;0.100000;
0.000573;0.600000;0.100000;1.000000;0.600000;0.100000;1.000000;1.000000;0.000000;-0.600000;0.100000;
0.000578;0.600000;0.100000;1.000000;0.600000;0.100000;1.000000;1.000000;0.000000;-0.600000;0.100000;
0.000583;0.600000;0.100000;1.000000;0.600000;0.100000;1.000000;1.000000;0.000000;-0.600000;0.100000;
0.000589;0.600000;0.100000;1.000000;0.600000;0.100000;1.000000;1.000000;0.000000;-0.600000;0.100000;
0.000594;0.600000;0.100000;1.000000;0.600000;0.100000;1.000000;1.000000;0.000000;-0.600000;0.100000;
0.000599;0.600000;0.100000;1.000000;0.600000;0.100000;1.000000;1.000000;0.000000;-0.600000;0.100000;
0.000604;0.600000;0.100000;1.000000;0.600000;0.100000;1.000000;1.000000;0.000000;-0.600000;0.100000;
0.000610;0.600000;0.100000;1.000000;0.600000;0.100000;1.000000;1.000000;0.000000;-0.600000;0.100000;
0.000615;0.600000;0.100000;1.000000;0.600000;0.100000;1.000000;1.000000;0.000000;-0.600000;0.100000;
0.000620;0.600000;0.100000;1.000000;0.600000;0.100000;1.000000;1.000000;0.000000;-0.600000;0.100000;
0.000626;0.600000;0.100000;1.000000;0.600000;0.100000;1.000000;1.000000;0.000000;-0.600000;0.100000;
0.000631;0.600000;0.100000;1.000000;0.600000;0.100000;1.000000;1.000000;0.000000;-0.600000;0.100000;
0.000636;0.600000;0.100000;1.000000;0.600000;0.100000;1.000000;1.000000;0.000000;-0.600000;0.100000;
0.000641;0.600000;0.100000;1.000000;0.600000;0.100000;1.000000;1.000000;0.000000;-0.600000;0.100000;
0.000647;0.600000;0.100000;1.000000;0.600000;0.100000;1.000000;1.000000;0.000000;-0.600000;0.100000;
0.000652;0.600000;0.100000;1.000000;0.600000;0.100000;1.000000;1.000000;0.000000;-0.600000;0.100000;
0.000657;0.600000;0.100000;1.000000;0.600000;0.100000;1.000000;1.000000;0.000000;-0.600000;0.100000;
0.000662;0.600000;0.100000;1.000000;0.600000;0.100000;1.000000;1.000000;0.000000;-0.600000;0.100000;
0.000668;0.600000;0.100000;1.000000;0.600000;0.100000;1.000000;1.000000;0.000000;-0.600000;0.100000;
0.000673;0.600000;0.100000;1.000000;0.600000;0.100000;1.000000;1.000000;0.000000;-0.600000;0.100000;
0.000678;0.600000;0.100000;1.000000;0.600000;0.100000;1.000000;1.000000;0.000000;-0.600000;0.100000;
0.000683;0.600000;0.100000;1.000000;0.600000;0.100000;1.000000;1.000000;0.000000;-0.600000;0.100000;
0.000689;0.600000;0.100000;1.000000;0.600000;0.100000;1.000000;1.000000;0.000000;-0.600000;0.100000;
0.000694;0.600000;0.100000;1.000000;0.600000;0.100000;1.000000;1.000000;0.000000;-0.600000;0.100000;
0.000699;0.600000;0.100000;1.000000;0.600000;0.100000;1.000000;1.000000;0.000000;-0.600000;0.100000;
0.000705;0.600000;0.100000;1.000000;0.600000;0.100000;1.000000;1.000000;0.000000;-0.600000;0.100000;
0.000710;0.600000;0.100000;1.000000;0.600000;0.100000;1.000000;1.000000;0.000000;-0.600000;0.100000;
0.000715;0.600000;0.100000;1.000000;0.600000;0.100000;1.000000;1.000000;0.000000;-0.600000;0.100000;
0.000720;0.600000;0.100000;1.000000;0.600000;0.100000;1.000000;1.000000;0.000000;-0.600000;0.100000;
0.000726;0.600000;0.100000;1.000000;0.600000;0.100000;1.000000;1.000000;0.000000;-0.600000;0.100000;
0.000731;0.600000;0.100000;1.000000;0.600000;0.100000;1.000000;1.000000;0.000000;-0.600000;0.100000;
0.000736;0.600000;0.100000;1.000000;0.600000;0.100000;1.000000;1.000000;0.000000;-0.600000;0.100000;
0.000741;0.600000;0.100000;1.000000;0.600000;0.100000;1.000000;1.000000;0.000000;-0.600000;0.100000;
0.000747;0.600000;0.100000;1.000000;0.600000;0.100000;1.000000;1.000000;0.000000;-0.600000;0.100000;
0.000752;0.600000;0.100000;1.000000;0.600000;0.100000;1.000000;1.000000;0.000000;-0.600000;0.100000;
0.000757;0.600000;0.100000;1.000000;0.600000;0.100000;1.000000;1.000000;0.000000;-0.600000;0.100000;
0.000762;0.600000;0.100000;1.000000;0.600000;0.100000;1.000000;1.000000;0.000000;-0.600000;0.100000;
0.000768;0.600000;0.100000;1.000000;0.600000;0.100000;1.000000;1.000000;0.000000;-0.600000;0.100000;
0.000773;0.600000;0.100000;1.000000;0.600000;0.100000;1.000000;1.000000;0.000000;-0.600000;0.100000;
0.000778;0.600000;0.100000;1.000000;0.600000;0.100000;1.000000;1.000000;0.000000;-0.600000;0.100000;
0.000783;0.600000;0.100000;1.000000;0.600000;0.100000;1.000000;1.000000;0.000000;-0.600000;0.100000;
0.000789;0.600000;0.100000;1.000000;0.600000;0.100000;1.000000;1.000000;0.000000;-0.600000;0.100000;
0.000794;0.600000;0.100000;1.000000;0.600000;0.100000;1.000000;1.000000;0.000000;-0.600000;0.100000;
0.000799;0.600000;0.100000;1.000000;0.600000;0.100000;1.000000;1.000000;0.000000;-0.600000;0.100000;
0.000805;0.600000;0.100000;1.000000;0.600000;0.100000;1.000000;1.000000;0.000000;-0.600000;0.100000;
0.000810;0.600000;0.100000;1.000000;0.600000;0.100000;1.000000;1.000000;0.000000;-0.600000;0.100000;
0.000815;0.600000;0.100000;1.000000;0.600000;0.100000;1.000000;1.000000;0.000000;-0.600000;0.100000;
0.000820;0.600000;0.100000;1.000000;0.600000;0.100000;1.000000;1.000000;0.000000;-0.600000;0.100000;
0.000826;0.600000;0.100000;1.000000;0.600000;0.100000;1.000000;1.000000;0.000000;-0.600000;0.100000;
0.000831;0.600000;0.100000;1.000000;0.600000;0.100000;1.000000;1.000000;0.000000;-0.600000;0.100000;
0.000836;0.600000;0.100000;1.000000;0.600000;0.100000;1.000000;1.000000;0.000000;-0.600000;0.100000;
0.000841;0.600000;0.100000;1.000000;0.600000;0.100000;1.000000;1.000000;0.000000;-0.600000;0.100000;
0.000847;0.600000;0.100000;1.000000;0.600000;0.100000;1.000000;1.000000;0.000000;-0.600000;0.100000;
0.000852;0.600000;0.100000;1.000000;0.600000;0.100000;1.000000;1.000000;0.000000;-0.600000;0.100000;
0.000857;0.600000;0.100000;1.000000;0.600000;0.100000;1.000000;1.000000;0.000000;-0.600000;0.100000;
0.000862;0.600000;0.100000;1.000000;0.600000;0.100000;1.000000;1.000000;0.000000;-0.600000;0.100000;
0.000868;0.600000;0.100000;1.000000;0.600000;0.100000;1.000000;1.000000;0.000000;-0.600000;0.100000;
0.000878;0.600000;0.100000;1.000000;0.600000;0.100000;1.000000;1.000000;0.000000;-0.600000;0.100000;
0.000887;0.600000;0.100000;1.000000;0.600000;0.100000;1.000000;1.000000;0.000000;-0.600000;0.100000;
0.000897;0.600000;0.100000;1.000000;0.600000;0.100000;1.000000;1.000000;0.000000;-0.600000;0.100000;
0.000906;0.600000;0.100000;1.000000;0.600000;0.100000;1.000000;1.000000;0.000000;-0.600000;0.100000;
0.000915;0.600000;0.100000;1.000000;0.600000;0.100000;1.000000;1.000000;0.000000;-0.600000;0.100000;
0.000924;0.600000;0.100000;1.000000;0.600000;0.100000;1.000000;1.000000;0.000000;-0.600000;0.100000;
0.000933;0.600000;0.100000;1.000000;0.600000;0.100000;1.000000;1.000000;0.000000;-0.600000;0.100000;
0.000942;0.600000;0.100000;1.000000;0.600000;0.100000;1.000000;1.000000;0.000000;-0.600000;0.100000;
0.000952;0.600000;0.100000;1.000000;0.600000;0.100000;1.000000;1.000000;0.000000;-0.600000;0.100000;
0.000961;0.600000;0.100000;1.000000;0.600000;0.100000;1.000000;1.000000;0.000000;-0.600000;0.100000;
0.000970;0.600000;0.100000;1.000000;0.600000;0.100000;1.000000;1.000000;0.000000;-0.600000;0.100000;
0.000979;0.600000;0.100000;1.000000;0.600000;0.100000;1.000000;1.000000;0.000000;-0.600000;0.100000;
0.000988;0.600000;0.100000;1.000000;0.600000;0.100000;1.000000;1.000000;0.000000;-0.600000;0.100000;
0.000997;0.600000;0.100000;1.000000;0.600000;0.100000;1.000000;1.000000;0.000000;-0.600000;0.100000;
0.001007;0.600000;0.100000;1.000000;0.600000;0.100000;1.000000;1.000000;0.000000;-0.600000;0.100000;
0.001016;0.599999;0.100000;1.000000;0.599999;0.100000;1.000000;1.000000;0.000000;-0.599999;0.100000;
0.001025;0.599999;0.100000;1.000000;0.599999;0.100000;1.000000;1.000000;0.000000;-0.599999;0.100000;
0.001034;0.599999;0.100000;1.000000;0.599999;0.100000;1.000000;1.000000;0.000000;-0.599999;0.100000;
0.001043;0.599999;0.100000;1.000000;0.599999;0.100000;1.000000;1.000000;0.000000;-0.599999;0.100000;
0.001052;0.599999;0.100000;1.000000;0.599999;0.100000;1.000000;1.000000;0.000000;-0.599999;0.100000;
0.001061;0.599999;0.100000;1.000000;0.599999;0.100000;1.000000;1.000000;0.000000;-0.599999;0.100000;
0.001071;0.599999;0.100000;1.000000;0.599999;0.100000;1.000000;1.000000;0.000000;-0.599999;0.100000;
0.001080;0.599999;0.100000;1.000000;0.599999;0.100000;1.000000;1.000000;0.000000;-0.599999;0.100000;
0.001089;0.599999;0.100000;1.000000;0.599999;0.100000;1.000000;1.000000;0.000000;-0.599999;0.100000;
0.001098;0.599999;0.100000;1.000000;0.599999;0.100000;1.000000;1.000000;0.000000;-0.599999;0.100000;
0.001107;0.599999;0.100000;1.000000;0.599999;0.100000;1.000000;1.000000;0.000000;-0.599999;0.100000;
0.001116;0.599999;0.100000;1.000000;0.599999;0.100000;1.000000;1.000000;0.000000;-0.599999;0.100000;
0.001126;0.599999;0.100000;1.000000;0.599999;0.100000;1.000000;1.000000;0.000000;-0.599999;0.100000;
0.001135;0.599999;0.100000;1.000000;0.599999;0.100000;1.000000;1.000000;0.000000;-0.599999;0.100000;
0.001144;0.599999;0.100000;1.000000;0.599999;0.100000;1.000000;1.000000;0.000000;-0.599999;0.100000;
0.001153;0.599999;0.100000;1.000000;0.599999;0.100000;1.000000;1.000000;0.000000;-0.599999;0.100000;
0.001162;0.599999;0.100000;1.000000;0.599999;0.100000;1.000000;1.000000;0.000000;-0.599999;0.100000;
0.001171;0.599999;0.100000;1.000000;0.599999;0.100000;1.000000;1.000000;0.000000;-0.599999;0.100000;
0.001181;0.599999;0.100000;1.000000;0.599999;0.100000;1.000000;1.000000;0.000000;-0.599999;0.100000;
0.001190;0.599999;0.100000;1.000000;0.599999;0.100000;1.000000;1.000000;0.000000;-0.599999;0.100000;
0.001199;0.599999;0.100000;1.000000;0.599999;0.100000;1.000000;1.000000;0.000000;-0.599999;0.100000;
0.001208;0.599999;0.100000;1.000000;0.599999;0.100000;1.000000;1.000000;0.000000;-0.599999;0.100000;
0.001217;0.599999;0.100000;1.000000;0.599999;0.100000;1.000000;1.000000;0.000000;-0.599999;0.100000;
0.001226;0.599999;0.100000;1.000000;0.599999;0.100000;1.000000;1.000000;0.000000;-0.599999;0.100000;
0.001236;0.599999;0.100000;1.000000;0.599999;0.100000;1.000000;1.000000;0.000000;-0.599999;0.100000;
0.001245;0.599999;0.100000;1.000000;0.599999;0.100000;1.000000;1.000000;0.000000;-0.599999;0.100000;
0.001254;0.599999;0.100000;1.000000;0.599999;0.100000;1.000000;1.000000;0.000000;-0.599999;0.100000;
0.001263;0.599999;0.100000;1.000000;0.599999;0.100000;1.000000;1.000000;0.000000;-0.599999;0.100000;
0.001272;0.599999;0.100000;1.000000;0.599999;0.100000;1.000000;1.000000;0.000000;-0.599999;0.100000;
0.001281;0.599999;0.100000;1.000000;0.599999;0.100000;1.000000;1.000000;0.000000;-0.599999;0.100000;
0.001291;0.599999;0.100000;1.000000;0.599999;0.100000;1.000000;1.000000;0.000000;-0.599999;0.100000;
0.001300;0.599999;0.100000;1.000000;0.599999;0.100000;1.000000;1.000000;0.000000;-0.599999;0.100000;
0.001309;0.599999;0.100000;1.000000;0.599999;0.100000;1.000000;1.000000;0.000000;-0.599999;0.100000;
0.001318;0.599999;0.100000;1.000000;0.599999;0.100000;1.000000;1.000000;0.000000;-0.599999;0.100000;
0.001327;0.599999;0.100000;1.000000;0.599999;0.100000;1.000000;1.000000;0.000000;-0.599999;0.100000;
0.001336;0.599999;0.100000;1.000000;0.599999;0.100000;1.000000;1.000000;0.000000;-0.599999;0.100000;
0.001345;0.599999;0.100000;1.000000;0.599999;0.100000;1.000000;1.000000;0.000000;-0.599999;0.100000;
0.001355;0.599999;0.100000;1.000000;0.599999;0.100000;1.000000;1.000000;0.000000;-0.599999;0.100000;
0.001364;0.599999;0.100000;1.000000;0.599999;0.100000;1.000000;1.000000;0.000000;-0.599999;0.100000;
0.001373;0.599999;0.100000;1.000000;0.599999;0.100000;1.000000;1.000000;0.000000;-0.599999;0.100000;
0.001382;0.599999;0.100000;1.000000;0.599999;0.100000;1.000000;1.000000;0.000000;-0.599999;0.100000;
0.001391;0.599999;0.100000;1.000000;0.599999;0.100000;1.000000;1.000000;0.000000;-0.599999;0.100000;
0.001400;0.599999;0.100000;1.000000;0.599999;0.100000;1.000000;1.000000;0.000000;-0.599999;0.100000;
0.001410;0.599999;0.100000;1.000000;0.599999;0.100000;1.000000;1.000000;0.000000;-0.599999;0.100000;
0.001419;0.599999;0.100000;1.000000;0.599999;0.100000;1.000000;1.000000;0.000000;-0.599999;0.100000;
0.001428;0.599999;0.100000;1.000000;0.599999;0.100000;1.000000;1.000000;0.000000;-0.599999;0.100000;
0.001437;0.599999;0.100000;1.000000;0.599999;0.100000;1.000000;1.000000;0.000000;-0.599999;0.100000;
0.001446;0.599999;0.100000;1.000000;0.599999;0.100000;1.000000;1.000000;0.000000;-0.599999;0.100000;
0.001455;0.599999;0.100000;1.000000;0.599999;0.100000;1.000000;1.000000;0.000000;-0.599999;0.100000;
0.001465;0.599999;0.100000;1.000000;0.599999;0.100000;1.000000;1.000000;0.000000;-0.599999;0.100000;
0.001474;0.599999;0.100000;1.000000;0.599999;0.100000;1.000000;1.000000;0.000000;-0.599999;0.100000;
0.001483;0.599999;0.100000;1.000000;0.599999;0.100000;1.000000;1.000000;0.000000;-0.599999;0.100000;
0.001492;0.599999;0.100000;1.000000;0.599999;0.100000;1.000000;1.000000;0.000000;-0.599999;0.100000;
0.001501;0.599999;0.100000;1.000000;0.599999;0.100000;1.000000;1.000000;0.000000;-0.599999;0.100000;
0.001510;0.599999;0.100000;1.000000;0.599999;0.100000;1.000000;1.000000;0.000000;-0.599999;0.100000;
0.001520;0.599999;0.100000;1.000000;0.599999;0.100000;1.000000;1.000000;0.000000;-0.599999;0.100000;
0.001529;0.599999;0.100000;1.000000;0.599999;0.100000;1.000000;1.000000;0.000000;-0.599999;0.100000;
0.001538;0.599999;0.100000;1.000000;0.599999;0.100000;1.000000;1.000000;0.000000;-0.599999;0.100000;
0.001547;0.599999;0.100000;1.000000;0.599999;0.100000;1.000000;1.000000;0.000000;-0.599999;0.100000;
0.001556;0.599998;0.100000;1.000000;0.599998;0.100000;1.000000;1.000000;0.000000;-0.599998;0.100000;
0.001565;0.599998;0.100000;1.000000;0.599998;0.100000;1.000000;1.000000;0.000000;-0.599998;0.100000;
0.001575;0.599998;0.100000;1.000000;0.599998;0.100000;1.000000;1.000000;0.000000;-0.599998;0.100000;
0.001584;0.599998;0.100000;1.000000;0.599998;0.100000;1.000000;1.000000;0.000000;-0.599998;0.100000;
0.001593;0.599998;0.100000;1.000000;0.599998;0.100000;1.000000;1.000000;0.000000;-0.599998;0.100000;
0.001602;0.599998;0.100000;1.000000;0.599998;0.100000;1.000000;1.000000;0.000000;-0.599998;0.100000;
0.001611;0.599998;0.100000;1.000000;0.599998;0.100000;1.000000;1.000000;0.000000;-0.599998;0.100000;
0.001620;0.599998;0.100000;1.000000;0.599998;0.100000;1.000000;1.000000;0.000000;-0.599998;0.100000;
0.001629;0.599998;0.100000;1.000000;0.599998;0.100000;1.000000;1.000000;0.000000;-0.599998;0.100000;
0.001639;0.599998;0.100000;1.000000;0.599998;0.100000;1.000000;1.000000;0.000000;-0.599998;0.100000;
0.001648;0.599998;0.100000;1.000000;0.599998;0.100000;1.000000;1.000000;0.000000;-0.599998;0.100000;
0.001657;0.599998;0.100000;1.000000;0.599998;0.100000;1.000000;1.000000;0.000000;-0.599998;0.100000;
0.001666;0.599998;0.100000;1.000000;0.599998;0.100000;1.000000;1.000000;0.000000;-0.599998;0.100000;
0.001675;0.599998;0.100000;1.000000;0.599998;0.100000;1.000000;1.000000;0.000000;-0.599998;0.100000;
0.001684;0.599998;0.100000;1.000000;0.599998;0.100000;1.000000;1.000000;0.000000;-0.599998;0.100000;
0.001694;0.599998;0.100000;1.000000;0.599998;0.100000;1.000000;1.000000;0.000000;-0.599998;0.100000;
0.001703;0.599998;0.100000;1.000000;0.599998;0.100000;1.000000;1.000000;0.000000;-0.599998;0.100000;
0.001712;0.599998;0.100000;1.000000;0.599998;0.100000;1.000000;1.000000;0.000000;-0.599998;0.100000;
0.001721;0.599998;0.100000;1.000000;0.599998;0.100000;1.000000;1.000000;0.000000;-0.599998;0.100000;
0.001730;0.599998;0.100000;1.000000;0.599998;0.100000;1.000000;1.000000;0.000000;-0.599998;0.100000;
0.001739;0.599998;0.100000;1.000000;0.599998;0.100000;1.000000;1.000000;0.000000;-0.599998;0.100000;
0.001749;0.599998;0.100000;1.000000;0.599998;0.100000;1.000000;1.000000;0.000000;-0.599998;0.100000;
0.001758;0.599998;0.100000;1.000000;0.599998;0.100000;1.000000;1.000000;0.000000;-0.599998;0.100000;
0.001767;0.599998;0.100000;1.000000;0.599998;0.100000;1.000000;1.000000;0.000000;-0.599998;0.100000;
0.001776;0.599998;0.100000;1.000000;0.599998;0.100000;1.000000;1.000000;0.000000;-0.599998;0.100000;
0.001785;0.599998;0.100000;1.000000;0.599998;0.100000;1.000000;1.000000;0.000000;-0.599998;0.100000;
0.001794;0.599998;0.100000;1.000000;0.599998;0.100000;1.000000;1.000000;0.000000;-0.599998;0.100000;
0.001804;0.599998;0.100000;1.000000;0.599998;0.100000;1.000000;1.000000;0.000000;-0.599998;0.100000;
0.001813;0.599998;0.100000;1.000000;0.599998;0.100000;1.000000;1.000000;0.000000;-0.599998;0.100000;
0.001822;0.599998;0.100000;1.000000;0.599998;0.100000;1.000000;1.000000;0.000000;-0.599998;0.100000;
0.001831;0.599998;0.100000;1.000000;0.599998;0.100000;1.000000;1.000000;0.000000;-0.599998;0.100000;
0.001840;0.599998;0.100000;1.000000;0.599998;0.100000;1.000000;1.000000;0.000000;-0.599998;0.100000;
0.001849;0.599998;0.100000;1.000000;0.599998;0.100000;1.000000;1.000000;0.000000;-0.599998;0.100000;
0.001859;0.599998;0.100000;1.000000;0.599998;0.100000;1.000000;1.000000;0.000000;-0.599998;0.100000;
0.001868;0.599998;0.100000;1.000000;0.599998;0.100000;1.000000;1.000000;0.000000;-0.599998;0.100000;
0.001877;0.599998;0.100000;1.000000;0.599998;0.100000;1.000000;1.000000;0.000000;-0.599998;0.100000;
0.001886;0.599998;0.100000;1.000000;0.599998;0.100000;1.000000;1.000000;0.000000;-0.599998;0.100000;
0.001895;0.599998;0.100000;1.000000;0.599998;0.100000;1.000000;1.000000;0.000000;-0.599998;0.100000;
0.001904;0.599998;0.100000;1.000000;0.599998;0.100000;1.000000;1.000000;0.000000;-0.599998;0.100000;
0.001913;0.599998;0.100000;1.000000;0.599998;0.100000;1.000000;1.000000;0.000000;-0.599998;0.100000;
0.001923;0.599997;0.100000;1.000000;0.599997;0.100000;1.000000;1.000000;0.000000;-0.599997;0.100000;
0.001932;0.599997;0.100000;1.000000;0.599997;0.100000;1.000000;1.000000;0.000000;-0.599997;0.100000;
0.001941;0.599997;0.100000;1.000000;0.599997;0.100000;1.000000;1.000000;0.000000;-0.599997;0.100000;
0.001950;0.599997;0.100000;1.000000;0.599997;0.100000;1.000000;1.000000;0.000000;-0.599997;0.100000;
0.001959;0.599997;0.100000;1.000000;0.599997;0.100000;1.000000;1.000000;0.000000;-0.599997;0.100000;
0.001968;0.599997;0.100000;1.000000;0.599997;0.100000;1.000000;1.000000;0.000000;-0.599997;0.100000;
0.001978;0.599997;0.100000;1.000000;0.599997;0.100000;1.000000;1.000000;0.000000;-0.599997;0.100000;
0.001987;0.599997;0.100000;1.000000;0.599997;0.100000;1.000000;1.000000;0.000000;-0.599997;0.100000;
0.001996;0.599997;0.100000;1.000000;0.599997;0.100000;1.000000;1.000000;0.000000;-0.599997;0.100000;
0.002005;0.599997;0.100000;1.000000;0.599997;0.100000;1.000000;1.000000;0.000000;-0.599997;0.100000;
0.002014;0.599997;0.100000;1.000000;0.599997;0.100000;1.000000;1.000000;0.000000;-0.599997;0.100000;
0.002023;0.599997;0.100000;1.000000;0.599997;0.100000;1.000000;1.000000;0.000000;-0.599997;0.100000;
0.002033;0.599997;0.100000;1.000000;0.599997;0.100000;1.000000;1.000000;0.000000;-0.599997;0.100000;
0.002042;0.599997;0.100000;1.000000;0.599997;0.100000;1.000000;1.000000;0.000000;-0.599997;0.100000;
0.002051;0.599997;0.100000;1.000000;0.599997;0.100000;1.000000;1.000000;0.000000;-0.599997;0.100000;
0.002060;0.599997;0.100000;1.000000;0.599997;0.100000;1.000000;1.000000;0.000000;-0.599997;0.100000;
0.002069;0.599997;0.100000;1.000000;0.599997;0.100000;1.000000;1.000000;0.000000;-0.599997;0.100000;
0.002078;0.599997;0.100000;1.000000;0.599997;0.100000;1.000000;1.000000;0.000000;-0.599997;0.100000;
0.002088;0.599997;0.100000;1.000000;0.599997;0.100000;1.000000;1.000000;0.000000;-0.599997;0.100000;
0.002097;0.599997;0.100000;1.000000;0.599997;0.100000;1.000000;1.000000;0.000000;-0.599997;0.100000;
0.002106;0.599997;0.100000;1.000000;0.599997;0.100000;1.000000;1.000000;0.000000;-0.599997;0.100000;
0.002115;0.599997;0.100000;1.000000;0.599997;0.100000;1.000000;1.000000;0.000000;-0.599997;0.100000;
0.002124;0.599997;0.100000;1.000000;0.599997;0.100000;1.000000;1.000000;0.000000;-0.599997;0.100000;
0.002133;0.599997;0.100000;1.000000;0.599997;0.100000;1.000000;1.000000;0.000000;-0.599997;0.100000;
0.002152;0.599997;0.100000;1.000000;0.599997;0.100000;1.000000;1.000000;0.000000;-0.599997;0.100000;
0.002168;0.599997;0.100000;1.000000;0.599997;0.100000;1.000000;1.000000;0.000000;-0.599997;0.100000;
0.002184;0.599997;0.100000;1.000000;0.599997;0.100000;1.000000;1.000000;0.000000;-0.599997;0.100000;
0.002200;0.599997;0.100000;1.000000;0.599997;0.100000;1.000000;1.000000;0.000000;-0.599997;0.100000;
0.002216;0.599996;0.100000;1.000000;0.599996;0.100000;1.000000;1.000000;0.000000;-0.599996;0.100000;
0.002232;0.599996;0.100000;1.000000;0.599996;0.100000;1.000000;1.000000;0.000000;-0.599996;0.100000;
0.002248;0.599996;0.100000;1.000000;0.599996;0.100000;1.000000;1.000000;0.000000;-0.599996;0.100000;
0.002264;0.599996;0.100000;1.000000;0.599996;0.100000;1.000000;1.000000;0.000000;-0.599996;0.100000;
0.002280;0.599996;0.100000;1.000000;0.599996;0.100000;1.000000;1.000000;0.000000;-0.599996;0.100000;
0.002296;0.599996;0.100000;1.000000;0.599996;0.100000;1.000000;1.000000;0.000000;-0.599996;0.100000;
0.002312;0.599996;0.100000;1.000000;0.599996;0.100000;1.000000;1.000000;0.000000;-0.599996;0.100000;
0.002328;0.599996;0.100000;1.000000;0.599996;0.100000;1.000000;1.000000;0.000000;-0.599996;0.100000;
0.002344;0.599996;0.100000;1.000000;0.599996;0.100000;1.000000;1.000000;0.000000;-0.599996;0.100000;
0.002359;0.599996;0.100000;1.000000;0.599996;0.100000;1.000000;1.000000;0.000000;-0.599996;0.100000;
0.002375;0.599996;0.100000;1.000000;0.599996;0.100000;1.000000;1.000000;0.000000;-0.599996;0.100000;
0.002391;0.599996;0.100000;1.000000;0.599996;0.100000;1.000000;1.000000;0.000000;-0.599996;0.100000;
0.002407;0.599996;0.100000;1.000000;0.599996;0.100000;1.000000;1.000000;0.000000;-0.599996;0.100000;
0.002423;0.599996;0.100000;1.000000;0.599996;0.100000;1.000000;1.000000;0.000000;-0.599996;0.100000;
0.002439;0.599996;0.100000;1.000000;0.599996;0.100000;1.000000;1.000000;0.000000;-0.599996;0.100000;
0.002455;0.599996;0.100000;1.000000;0.599996;0.100000;1.000000;1.000000;0.000000;-0.599996;0.100000;
0.002471;0.599996;0.100000;1.000000;0.599996;0.100000;1.000000;1.000000;0.000000;-0.599996;0.100000;
0.002487;0.599995;0.100000;1.000000;0.599995;0.100000;1.000000;1.000000;0.000000;-0.599995;0.100000;
0.002503;0.599995;0.100000;1.000000;0.599995;0.100000;1.000000;1.000000;0.000000;-0.599995;0.100000;
0.002519;0.599995;0.100000;1.000000;0.599995;0.100000;1.000000;1.000000;0.000000;-0.599995;0.100000;
0.002535;0.599995;0.100000;1.000000;0.599995;0.100000;1.000000;1.000000;0.000000;-0.599995;0.100000;
0.002551;0.599995;0.100000;1.000000;0.599995;0.100000;1.000000;1.000000;0.000000;-0.599995;0.100000;
0.002567;0.599995;0.100000;1.000000;0.599995;0.100000;1.000000;1.000000;0.000000;-0.599995;0.100000;
0.002583;0.599995;0.100000;1.000000;0.599995;0.100000;1.000000;1.000000;0.000000;-0.599995;0.100000;
0.002599;0.599995;0.100000;1.000000;0.599995;0.100000;1.000000;1.000000;0.000000;-0.599995;0.100000;
0.002615;0.599995;0.100000;1.000000;0.599995;0.100000;1.000000;1.000000;0.000000;-0.599995;0.100000;
0.002631;0.599995;0.100000;1.000000;0.599995;0.100000;1.000000;1.000000;0.000000;-0.599995;0.100000;
0.002647;0.599995;0.100000;1.000000;0.599995;0.100000;1.000000;1.000000;0.000000;-0.599995;0.100000;
0.002663;0.599995;0.100000;1.000000;0.599995;0.100000;1.000000;1.000000;0.000000;-0.599995;0.100000;
0.002679;0.599995;0.100000;1.000000;0.599995;0.100000;1.000000;1.000000;0.000000;-0.599995;0.100000;
0.002695;0.599995;0.100000;1.000000;0.599995;0.100000;1.000000;1.000000;0.000000;-0.599995;0.100000;
0.002711;0.599995;0.100000;1.000000;0.599995;0.100000;1.000000;1.000000;0.000000;-0.599995;0.100000;
0.002727;0.599994;0.100000;1.000000;0.599994;0.100000;1.000000;1.000000;0.000000;-0.599994;0.100000;
0.002743;0.599994;0.100000;1.000000;0.599994;0.100000;1.000000;1.000000;0.000000;-0.599994;0.100000;
0.002759;0.599994;0.100000;1.000000;0.599994;0.100000;1.000000;1.000000;0.000000;-0.599994;0.100000;
0.002775;0.599994;0.100000;1.000000;0.599994;0.100000;1.000000;1.000000;0.000000;-0.599994;0.100000;
0.002791;0.599994;0.100000;1.000000;0.599994;0.100000;1.000000;1.000000;0.000000;-0.599994;0.100000;
0.002807;0.599994;0.100000;1.000000;0.599994;0.100000;1.000000;1.000000;0.000000;-0.599994;0.100000;
0.002823;0.599994;0.100000;1.000000;0.599994;0.100000;1.000000;1.000000;0.000000;-0.599994;0.100000;
0.002839;0.599994;0.100000;1.000000;0.599994;0.100000;1.000000;1.000000;0.000000;-0.599994;0.100000;
0.002855;0.599994;0.100000;1.000000;0.599994;0.100000;1.000000;1.000000;0.000000;-0.599994;0.100000;
0.002871;0.599994;0.100000;1.000000;0.599994;0.100000;1.000000;1.000000;0.000000;-0.599994;0.100000;
0.002887;0.599994;0.100000;1.000000;0.599994;0.100000;1.000000;1.000000;0.000000;-0.599994;0.100000;
0.002903;0.599994;0.100000;1.000000;0.599994;0.100000;1.000000;1.000000;0.000000;-0.599994;0.100000;
0.002919;0.599994;0.100000;1.000000;0.599994;0.100000;1.000000;1.000000;0.000000;-0.599994;0.100000;
0.002935;0.599994;0.100000;1.000000;0.599994;0.100000;1.000000;1.000000;0.000000;-0.599994;0.100000;
0.002951;0.599993;0.100000;1.000000;0.599993;0.100000;1.000000;1.000000;0.000000;-0.599993;0.100000;
0.002967;0.599993;0.100000;1.000000;0.599993;0.100000;1.000000;1.000000;0.000000;-0.599993;0.100000;
0.002983;0.599993;0.100000;1.000000;0.599993;0.100000;1.000000;1.000000;0.000000;-0.599993;0.100000;
0.002999;0.599993;0.100000;1.000000;0.599993;0.100000;1.000000;1.000000;0.000000;-0.599993;0.100000;
0.003015;0.599993;0.100000;1.000000;0.599993;0.100000;1.000000;1.000000;0.000000;-0.599993;0.100000;
0.003031;0.599993;0.100000;1.000000;0.599993;0.100000;1.000000;1.000000;0.000000;-0.599993;0.100000;
0.003047;0.599993;0.100000;1.000000;0.599993;0.100000;1.000000;1.000000;0.000000;-0.599993;0.100000;
0.003063;0.599993;0.100000;1.000000;0.599993;0.100000;1.000000;1.000000;0.000000;-0.599993;0.100000;
0.003079;0.599993;0.100000;1.000000;0.599993;0.100000;1.000000;1.000000;0.000000;-0.599993;0.100000;
0.003095;0.599993;0.100000;1.000000;0.599993;0.100000;1.000000;1.000000;0.000000;-0.599993;0.100000;
0.003111;0.599993;0.100000;1.000000;0.599993;0.100000;1.000000;1.000000;0.000000;-0.599993;0.100000;
0.003127;0.599993;0.100000;1.000000;0.599993;0.100000;1.000000;1.000000;0.000000;-0.599993;0.100000;
0.003143;0.599993;0.100000;1.000000;0.599993;0.100000;1.000000;1.000000;0.000000;-0.599993;0.100000;
0.003159;0.599992;0.100000;1.000000;0.599992;0.100000;1.000000;1.000000;0.000000;-0.599992;0.100000;
0.003175;0.599992;0.100000;1.000000;0.599992;0.100000;1.000000;1.000000;0.000000;-0.599992;0.100000;
0.003191;0.599992;0.100000;1.000000;0.599992;0.100000;1.000000;1.000000;0.000000;-0.599992;0.100000;
0.003207;0.599992;0.100000;1.000000;0.599992;0.100000;1.000000;1.000000;0.000000;-0.599992;0.100000;
0.003212;0.599992;0.100000;1.000000;0.599992;0.100000;1.000000;1.000000;0.000000;-0.599992;0.100000;
0.003213;0.599992;0.100000;1.000000;0.599992;0.100000;1.000000;1.000000;0.000000;-0.599992;0.100000;
0.003215;0.599992;0.100000;1.000000;0.599992;0.100000;1.000000;1.000000;0.000000;-0.599992;0.100000;
0.003219;0.599992;0.100000;1.000000;0.599992;0.100000;1.000000;1.000000;0.000000;-0.599992;0.100000;
0.003226;0.599992;0.100000;1.000000;0.599992;0.100000;1.000000;1.000000;0.000000;-0.599992;0.100000;
0.003241;0.599992;0.100000;1.000000;0.599992;0.100000;1.000000;1.000000;0.000000;-0.599992;0.100000;
0.003255;0.599992;0.100000;1.000000;0.599992;0.100000;1.000000;1.000000;0.000000;-0.599992;0.100000;
0.003270;0.599992;0.100000;1.000000;0.599992;0.100000;1.000000;1.000000;0.000000;-0.599992;0.100000;
0.003284;0.599992;0.100000;1.000000;0.599992;0.100000;1.000000;1.000000;0.000000;-0.599992;0.100000;
0.003299;0.599992;0.100000;1.000000;0.599992;0.100000;1.000000;1.000000;0.000000;-0.599992;0.100000;
0.003313;0.599992;0.100000;1.000000;0.599992;0.100000;1.000000;1.000000;0.000000;-0.599992;0.100000;
0.003328;0.599992;0.100000;1.000000;0.599992;0.100000;1.000000;1.000000;0.000000;-0.599992;0.100000;
0.003343;0.599992;0.100000;1.000000;0.599992;0.100000;1.000000;1.000000;0.000000;-0.599992;0.100000;
0.003357;0.599992;0.100000;1.000000;0.599992;0.100000;1.000000;1.000000;0.000000;-0.599992;0.100000;
0.003386;0.599991;0.100000;1.000000;0.599991;0.100000;1.000000;1.000000;0.000000;-0.599991;0.100000;
0.003412;0.599991;0.100000;1.000000;0.599991;0.100000;1.000000;1.000000;0.000000;-0.599991;0.100000;
0.003437;0.599991;0.100000;1.000000;0.599991;0.100000;1.000000;1.000000;0.000000;-0.599991;0.100000;
0.003463;0.599991;0.100000;1.000000;0.599991;0.100000;1.000000;1.000000;0.000000;-0.599991;0.100000;
0.003488;0.599991;0.100000;1.000000;0.599991;0.100000;1.000000;1.000000;0.000000;-0.599991;0.100000;
0.003514;0.599991;0.100000;1.000000;0.599991;0.100000;1.000000;1.000000;0.000000;-0.599991;0.100000;
0.003539;0.599991;0.100000;1.000000;0.599991;0.100000;1.000000;1.000000;0.000000;-0.599991;0.100000;
0.003565;0.599990;0.100000;1.000000;0.599990;0.100000;1.000000;1.000000;0.000000;-0.599990;0.100000;
0.003590;0.599990;0.100000;1.000000;0.599990;0.100000;1.000000;1.000000;0.000000;-0.599990;0.100000;
0.003616;0.599990;0.100000;1.000000;0.599990;0.100000;1.000000;1.000000;0.000000;-0.599990;0.100000;
0.003642;0.599990;0.100000;1.000000;0.599990;0.100000;1.000000;1.000000;0.000000;-0.599990;0.100000;
0.003667;0.599990;0.100000;1.000000;0.599990;0.100000;1.000000;1.000000;0.000000;-0.599990;0.100000;
0.003693;0.599990;0.100000;1.000000;0.599990;0.100000;1.000000;1.000000;0.000000;-0.599990;0.100000;
0.003718;0.599990;0.100000;1.000000;0.599990;0.100000;1.000000;1.000000;0.000000;-0.599990;0.100000;
0.003744;0.599990;0.100000;1.000000;0.599990;0.100000;1.000000;1.000000;0.000000;-0.599990;0.100000;
0.003769;0.599989;0.100000;1.000000;0.599989;0.100000;1.000000;1.000000;0.000000;-0.599989;0.100000;
0.003795;0.599989;0.100000;1.000000;0.599989;0.100000;1.000000;1.000000;0.000000;-0.599989;0.100000;
0.003820;0.599989;0.100000;1.000000;0.599989;0.100000;1.000000;1.000000;0.000000;-0.599989;0.100000;
0.003846;0.599989;0.100000;1.000000;0.599989;0.100000;1.000000;1.000000;0.000000;-0.599989;0.100000;
0.003871;0.599989;0.100000;1.000000;0.599989;0.100000;1.000000;1.000000;0.000000;-0.599989;0.100000;
0.003897;0.599989;0.100000;1.000000;0.599989;0.100000;1.000000;1.000000;0.000000;-0.599989;0.100000;
0.003922;0.599989;0.100000;1.000000;0.599989;0.100000;1.000000;1.000000;0.000000;-0.599989;0.100000;
0.003948;0.599989;0.100000;1.000000;0.599989;0.100000;1.000000;1.000000;0.000000;-0.599989;0.100000;
0.003973;0.599988;0.100000;1.000000;0.599988;0.100000;1.000000;1.000000;0.000000;-0.599988;0.100000;
0.003999;0.599988;0.100000;1.000000;0.599988;0.100000;1.000000;1.000000;0.000000;-0.599988;0.100000;
0.004025;0.599988;0.100000;1.000000;0.599988;0.100000;1.000000;1.000000;0.000000;-0.599988;0.100000;
0.004050;0.599988;0.100000;1.000000;0.599988;0.100000;1.000000;1.000000;0.000000;-0.599988;0.100000;
0.004076;0.599988;0.100000;1.000000;0.599988;0.100000;1.000000;1.000000;0.000000;-0.599988;0.100000;
0.004101;0.599988;0.100000;1.000000;0.599988;0.100000;1.000000;1.000000;0.000000;-0.599988;0.100000;
0.004127;0.599988;0.100000;1.000000;0.599988;0.100000;1.000000;1.000000;0.000000;-0.599988;0.100000;
0.004152;0.599988;0.100000;1.000000;0.599988;0.100000;1.000000;1.000000;0.000000;-0.599988;0.100000;
0.004178;0.599987;0.100000;1.000000;0.599987;0.100000;1.000000;1.000000;0.000000;-0.599987;0.100000;
0.004203;0.599987;0.100000;1.000000;0.599987;0.100000;1.000000;1.000000;0.000000;-0.599987;0.100000;
0.004229;0.599987;0.100000;1.000000;0.599987;0.100000;1.000000;1.000000;0.000000;-0.599987;0.100000;
0.004254;0.599987;0.100000;1.000000;0.599987;0.100000;1.000000;1.000000;0.000000;-0.599987;0.100000;
0.004280;0.599987;0.100000;1.000000;0.599987;0.100000;1.000000;1.000000;0.000000;-0.599987;0.100000;
0.004305;0.599987;0.100000;1.000000;0.599987;0.100000;1.000000;1.000000;0.000000;-0.599987;0.100000;
0.004331;0.599987;0.100000;1.000000;0.599987;0.100000;1.000000;1.000000;0.000000;-0.599987;0.100000;
0.004356;0.599986;0.100000;1.000000;0.599986;0.100000;1.000000;1.000000;0.000000;-0.599986;0.100000;
0.004382;0.599986;0.100000;1.000000;0.599986;0.100000;1.000000;1.000000;0.000000;-0.599986;0.100000;
0.004407;0.599986;0.100000;1.000000;0.599986;0.100000;1.000000;1.000000;0.000000;-0.599986;0.100000;
0.004433;0.599986;0.100000;1.000000;0.599986;0.100000;1.000000;1.000000;0.000000;-0.599986;0.100000;
0.004459;0.599986;0.100000;1.000000;0.599986;0.100000;1.000000;1.000000;0.000000;-0.599986;0.100000;
0.004484;0.599986;0.100000;1.000000;0.599986;0.100000;1.000000;1.000000;0.000000;-0.599986;0.100000;
0.004510;0.599986;0.100000;1.000000;0.599986;0.100000;1.000000;1.000000;0.000000;-0.599986;0.100000;
0.004535;0.599986;0.100000;1.000000;0.599986;0.100000;1.000000;1.000000;0.000000;-0.599986;0.100000;
0.004561;0.599985;0.100000;1.000000;0.599985;0.100000;1.000000;1.000000;0.000000;-0.599985;0.100000;
0.004586;0.599985;0.100000;1.000000;0.599985;0.100000;1.000000;1.000000;0.000000;-0.599985;0.100000;
0.004612;0.599985;0.100000;1.000000;0.599985;0.100000;1.000000;1.000000;0.000000;-0.599985;0.100000;
0.004637;0.599985;0.100000;1.000000;0.599985;0.100000;1.000000;1.000000;0.000000;-0.599985;0.100000;
0.004663;0.599985;0.100000;1.000000;0.599985;0.100000;1.000000;1.000000;0.000000;-0.599985;0.100000;
0.004688;0.599985;0.100000;1.000000;0.599985;0.100000;1.000000;1.000000;0.000000;-0.599985;0.100000;
0.004714;0.599985;0.100000;1.000000;0.599985;0.100000;1.000000;1.000000;0.000000;-0.599985;0.100000;
0.004739;0.599985;0.100000;1.000000;0.599985;0.100000;1.000000;1.000000;0.000000;-0.599985;0.100000;
0.004765;0.599984;0.100000;1.000000;0.599984;0.100000;1.000000;1.000000;0.000000;-0.599984;0.100000;
0.004790;0.599984;0.100000;1.000000;0.599984;0.100000;1.000000;1.000000;0.000000;-0.599984;0.100000;
0.004816;0.599984;0.100000;1.000000;0.599984;0.100000;1.000000;1.000000;0.000000;-0.599984;0.100000;
0.004841;0.599984;0.100000;1.000000;0.599984;0.100000;1.000000;1.000000;0.000000;-0.599984;0.100000;
0.004867;0.599984;0.100000;1.000000;0.599984;0.100000;1.000000;1.000000;0.000000;-0.599984;0.100000;
0.004893;0.599984;0.100000;1.000000;0.599984;0.100000;1.000000;1.000000;0.000000;-0.599984;0.100000;
0.004918;0.599984;0.100000;1.000000;0.599984;0.100000;1.000000;1.000000;0.000000;-0.599984;0.100000;
0.004944;0.599984;0.100000;1.000000;0.599984;0.100000;1.000000;1.000000;0.000000;-0.599984;0.100000;
0.004969;0.599983;0.100000;1.000000;0.599983;0.100000;1.000000;1.000000;0.000000;-0.599983;0.100000;
0.004995;0.599983;0.100000;1.000000;0.599983;0.100000;1.000000;1.000000;0.000000;-0.599983;0.100000;
0.005020;0.599983;0.100000;1.000000;0.599983;0.100000;1.000000;1.000000;0.000000;-0.599983;0.100000;
0.005046;0.599983;0.100000;1.000000;0.599983;0.100000;1.000000;1.000000;0.000000;-0.599983;0.100000;
0.005071;0.599983;0.100000;1.000000;0.599983;0.100000;1.000000;1.000000;0.000000;-0.599983;0.100000;
0.005097;0.599983;0.100000;1.000000;0.599983;0.100000;1.000000;1.000000;0.000000;-0.599983;0.100000;
0.005122;0.599983;0.100000;1.000000;0.599983;0.100000;1.000000;1.000000;0.000000;-0.599983;0.100000;
0.005148;0.599982;0.100000;1.000000;0.599982;0.100000;1.000000;1.000000;0.000000;-0.599982;0.100000;
0.005173;0.599982;0.100000;1.000000;0.599982;0.100000;1.000000;1.000000;0.000000;-0.599982;0.100000;
0.005199;0.599982;0.100000;1.000000;0.599982;0.100000;1.000000;1.000000;0.000000;-0.599982;0.100000;
0.005224;0.599982;0.100000;1.000000;0.599982;0.100000;1.000000;1.000000;0.000000;-0.599982;0.100000;
0.005250;0.599982;0.100000;1.000000;0.599982;0.100000;1.000000;1.000000;0.000000;-0.599982;0.100000;
0.005275;0.599982;0.100000;1.000000;0.599982;0.100000;1.000000;1.000000;0.000000;-0.599982;0.100000;
0.005301;0.599982;0.100000;1.000000;0.599982;0.100000;1.000000;1.000000;0.000000;-0.599982;0.100000;
0.005327;0.599982;0.100000;1.000000;0.599982;0.100000;1.000000;1.000000;0.000000;-0.599982;0.100000;
0.005352;0.599981;0.100000;1.000000;0.599981;0.100000;1.000000;1.000000;0.000000;-0.599981;0.100000;
0.005378;0.599981;0.100000;1.000000;0.599981;0.100000;1.000000;1.000000;0.000000;-0.599981;0.100000;
0.005403;0.599981;0.100000;1.000000;0.599981;0.100000;1.000000;1.000000;0.000000;-0.599981;0.100000;
0.005429;0.599981;0.100000;1.000000;0.599981;0.100000;1.000000;1.000000;0.000000;-0.599981;0.100000;
0.005454;0.599981;0.100000;1.000000;0.599981;0.100000;1.000000;1.000000;0.000000;-0.599981;0.100000;
0.005480;0.599981;0.100000;1.000000;0.599981;0.100000;1.000000;1.000000;0.000000;-0.599981;0.100000;
0.005505;0.599981;0.100000;1.000000;0.599981;0.100000;1.000000;1.000000;0.000000;-0.599981;0.100000;
0.005531;0.599981;0.100000;1.000000;0.599981;0.100000;1.000000;1.000000;0.000000;-0.599981;0.100000;
0.005556;0.599980;0.100000;1.000000;0.599980;0.100000;1.000000;1.000000;0.000000;-0.599980;0.100000;
0.005582;0.599980;0.100000;1.000000;0.599980;0.100000;1.000000;1.000000;0.000000;-0.599980;0.100000;
0.005607;0.599980;0.100000;1.000000;0.599980;0.100000;1.000000;1.000000;0.000000;-0.599980;0.100000;
0.005633;0.599980;0.100000;1.000000;0.599980;0.100000;1.000000;1.000000;0.000000;-0.599980;0.100000;
0.005658;0.599980;0.100000;1.000000;0.599980;0.100000;1.000000;1.000000;0.000000;-0.599980;0.100000;
0.005684;0.599980;0.100000;1.000000;0.599980;0.100000;1.000000;1.000000;0.000000;-0.599980;0.100000;
0.005709;0.599980;0.100000;1.000000;0.599980;0.100000;1.000000;1.000000;0.000000;-0.599980;0.100000;
0.005735;0.599980;0.100000;1.000000;0.599980;0.100000;1.000000;1.000000;0.000000;-0.599980;0.100000;
0.005761;0.599979;0.100000;1.000000;0.599979;0.100000;1.000000;1.000000;0.000000;-0.599979;0.100000;
0.005786;0.599979;0.100000;1.000000;0.599979;0.100000;1.000000;1.000000;0.000000;-0.599979;0.100000;
0.005812;0.599979;0.100000;1.000000;0.599979;0.100000;1.000000;1.000000;0.000000;-0.599979;0.100000;
0.005837;0.599979;0.100000;1.000000;0.599979;0.100000;1.000000;1.000000;0.000000;-0.599979;0.100000;
0.005863;0.599979;0.100000;1.000000;0.599979;0.100000;1.000000;1.000000;0.000000;-0.599979;0.100000;
0.005888;0.599979;0.100000;1.000000;0.599979;0.100000;1.000000;1.000000;0.000000;-0.599979;0.100000;
0.005914;0.599979;0.100000;1.000000;0.599979;0.100000;1.000000;1.000000;0.000000;-0.599979;0.100000;
0.005939;0.599979;0.100000;1.000000;0.599979;0.100000;1.000000;1.000000;0.000000;-0.599979;0.100000;
0.005965;0.599978;0.100000;1.000000;0.599978;0.100000;1.000000;1.000000;0.000000;-0.599978;0.100000;
0.005990;0.599978;0.100000;1.000000;0.599978;0.100000;1.000000;1.000000;0.000000;-0.599978;0.100000;
0.006003;0.599978;0.100000;1.000000;0.599978;0.100000;1.000000;1.000000;0.000000;-0.599978;0.100000;
0.006004;0.599978;0.100000;1.000000;0.599978;0.100000;1.000000;1.000000;0.000000;-0.599978;0.100000;
0.006005;0.599978;0.100000;1.000000;0.599978;0.100000;1.000000;1.000000;0.000000;-0.599978;0.100000;
0.006006;0.599978;0.100000;1.000000;0.599978;0.100000;1.000000;1.000000;0.000000;-0.599978;0.100000;
0.006010;0.599978;0.100000;1.000000;0.599978;0.100000;1.000000;1.000000;0.000000;-0.599978;0.100000;
0.006018;0.599978;0.100000;1.000000;0.599978;0.100000;1.000000;1.000000;0.000000;-0.599978;0.100000;
0.006033;0.599978;0.100000;1.000000;0.599978;0.100000;1.000000;1.000000;0.000000;-0.599978;0.100000;
0.006063;0.599978;0.100000;1.000000;0.599978;0.100000;1.000000;1.000000;0.000000;-0.599978;0.100000;
0.006094;0.599978;0.100000;1.000000;0.599978;0.100000;1.000000;1.000000;0.000000;-0.599978;0.100000;
0.006124;0.599978;0.100000;1.000000;0.599978;0.100000;1.000000;1.000000;0.000000;-0.599978;0.100000;
0.006155;0.599978;0.100000;1.000000;0.599978;0.100000;1.000000;1.000000;0.000000;-0.599978;0.100000;
0.006185;0.599977;0.100000;1.000000;0.599977;0.100000;1.000000;1.000000;0.000000;-0.599977;0.100000;
0.006215;0.599977;0.100000;1.000000;0.599977;0.100000;1.000000;1.000000;0.000000;-0.599977;0.100000;
0.006246;0.599977;0.100000;1.000000;0.599977;0.100000;1.000000;1.000000;0.000000;-0.599977;0.100000;
0.006276;0.599977;0.100000;1.000000;0.599977;0.100000;1.000000;1.000000;0.000000;-0.599977;0.100000;
0.006307;0.599977;0.100000;1.000000;0.599977;0.100000;1.000000;1.000000;0.000000;-0.599977;0.100000;
0.006337;0.599977;0.100000;1.000000;0.599977;0.100000;1.000000;1.000000;0.000000;-0.599977;0.100000;
0.006367;0.599977;0.100000;1.000000;0.599977;0.100000;1.000000;1.000000;0.000000;-0.599977;0.100000;
0.006398;0.599976;0.100000;1.000000;0.599976;0.100000;1.000000;1.000000;0.000000;-0.599976;0.100000;
0.006428;0.599976;0.100000;1.000000;0.599976;0.100000;1.000000;1.000000;0.000000;-0.599976;0.100000;
0.006458;0.599976;0.100000;1.000000;0.599976;0.100000;1.000000;1.000000;0.000000;-0.599976;0.100000;
0.006489;0.599976;0.100000;1.000000;0.599976;0.100000;1.000000;1.000000;0.000000;-0.599976;0.100000;
0.006519;0.599976;0.100000;1.000000;0.599976;0.100000;1.000000;1.000000;0.000000;-0.599976;0.100000;
0.006550;0.599976;0.100000;1.000000;0.599976;0.100000;1.000000;1.000000;0.000000;-0.599976;0.100000;
0.006580;0.599976;0.100000;1.000000;0.599976;0.100000;1.000000;1.000000;0.000000;-0.599976;0.100000;
0.006610;0.599975;0.100000;1.000000;0.599975;0.100000;1.000000;1.000000;0.000000;-0.599975;0.100000;
0.006641;0.599975;0.100000;1.000000;0.599975;0.100000;1.000000;1.000000;0.000000;-0.599975;0.100000;
0.006671;0.599975;0.100000;1.000000;0.599975;0.100000;1.000000;1.000000;0.000000;-0.599975;0.100000;
0.006701;0.599975;0.100000;1.000000;0.599975;0.100000;1.000000;1.000000;0.000000;-0.599975;0.100000;
0.006732;0.599975;0.100000;1.000000;0.599975;0.100000;1.000000;1.000000;0.000000;-0.599975;0.100000;
0.006762;0.599975;0.100000;1.000000;0.599975;0.100000;1.000000;1.000000;0.000000;-0.599975;0.100000;
0.006793;0.599975;0.100000;1.000000;0.599975;0.100000;1.000000;1.000000;0.000000;-0.599975;0.100000;
0.006823;0.599974;0.100000;1.000000;0.599974;0.100000;1.000000;1.000000;0.000000;-0.599974;0.100000;
0.006853;0.599974;0.100000;1.000000;0.599974;0.100000;1.000000;1.000000;0.000000;-0.599974;0.100000;
0.006884;0.599974;0.100000;1.000000;0.599974;0.100000;1.000000;1.000000;0.000000;-0.599974;0.100000;
0.006914;0.599974;0.100000;1.000000;0.599974;0.100000;1.000000;1.000000;0.000000;-0.599974;0.100000;
0.006945;0.599974;0.100000;1.000000;0.599974;0.100000;1.000000;1.000000;0.000000;-0.599974;0.100000;
0.006975;0.599974;0.100000;1.000000;0.599974;0.100000;1.000000;1.000000;0.000000;-0.599974;0.100000;
0.007005;0.599974;0.100000;1.000000;0.599974;0.100000;1.000000;1.000000;0.000000;-0.599974;0.100000;
0.007036;0.599973;0.100000;1.000000;0.599973;0.100000;1.000000;1.000000;0.000000;-0.599973;0.100000;
0.007066;0.599973;0.100000;1.000000;0.599973;0.100000;1.000000;1.000000;0.000000;-0.599973;0.100000;
0.007096;0.599973;0.100000;1.000000;0.599973;0.100000;1.000000;1.000000;0.000000;-0.599973;0.100000;
0.007127;0.599973;0.100000;1.000000;0.599973;0.100000;1.000000;1.000000;0.000000;-0.599973;0.100000;
0.007157;0.599973;0.100000;1.000000;0.599973;0.100000;1.000000;1.000000;0.000000;-0.599973;0.100000;
0.007188;0.599973;0.100000;1.000000;0.599973;0.100000;1.000000;1.000000;0.000000;-0.599973;0.100000;
0.007218;0.599973;0.100000;1.000000;0.599973;0.100000;1.000000;1.000000;0.000000;-0.599973;0.100000;
0.007248;0.599973;0.100000;1.000000;0.599973;0.100000;1.000000;1.000000;0.000000;-0.599973;0.100000;
0.007279;0.599972;0.100000;1.000000;0.599972;0.100000;1.000000;1.000000;0.000000;-0.599972;0.100000;
0.007309;0.599972;0.100000;1.000000;0.599972;0.100000;1.000000;1.000000;0.000000;-0.599972;0.100000;
0.007339;0.599972;0.100000;1.000000;0.599972;0.100000;1.000000;1.000000;0.000000;-0.599972;0.100000;
0.007370;0.599972;0.100000;1.000000;0.599972;0.100000;1.000000;1.000000;0.000000;-0.599972;0.100000;
0.007400;0.599972;0.100000;1.000000;0.599972;0.100000;1.000000;1.000000;0.000000;-0.599972;0.100000;
0.007431;0.599972;0.100000;1.000000;0.599972;0.100000;1.000000;1.000000;0.000000;-0.599972;0.100000;
0.007461;0.599972;0.100000;1.000000;0.599972;0.100000;1.000000;1.000000;0.000000;-0.599972;0.100000;
0.007491;0.599971;0.100000;1.000000;0.599971;0.100000;1.000000;1.000000;0.000000;-0.599971;0.100000;
0.007522;0.599971;0.100000;1.000000;0.599971;0.100000;1.000000;1.000000;0.000000;-0.599971;0.100000;
0.007552;0.599971;0.100000;1.000000;0.599971;0.100000;1.000000;1.000000;0.000000;-0.599971;0.100000;
0.007583;0.599971;0.100000;1.000000;0.599971;0.100000;1.000000;1.000000;0.000000;-0.599971;0.100000;
0.007589;0.599971;0.100000;1.000000;0.599971;0.100000;1.000000;1.000000;0.000000;-0.599971;0.100000;
0.007601;0.599971;0.100000;1.000000;0.599971;0.100000;1.000000;1.000000;0.000000;-0.599971;0.100000;
0.007626;0.599971;0.100000;1.000000;0.599971;0.100000;1.000000;1.000000;0.000000;-0.599971;0.100000;
0.007638;0.599971;0.100000;1.000000;0.599971;0.100000;1.000000;1.000000;0.000000;-0.599971;0.100000;
0.007663;0.599971;0.100000;1.000000;0.599971;0.100000;1.000000;1.000000;0.000000;-0.599971;0.100000;
0.007712;0.599971;0.100000;1.000000;0.599971;0.100000;1.000000;1.000000;0.000000;-0.599971;0.100000;
0.007761;0.599970;0.100000;1.000000;0.599970;0.100000;1.000000;1.000000;0.000000;-0.599970;0.100000;
0.007811;0.599970;0.100000;1.000000;0.599970;0.100000;1.000000;1.000000;0.000000;-0.599970;0.100000;
0.007860;0.599970;0.100000;1.000000;0.599970;0.100000;1.000000;1.000000;0.000000;-0.599970;0.100000;
0.007910;0.599970;0.100000;1.000000;0.599970;0.100000;1.000000;1.000000;0.000000;-0.599970;0.100000;
0.007959;0.599969;0.100000;1.000000;0.599969;0.100000;1.000000;1.000000;0.000000;-0.599969;0.100000;
0.008008;0.599969;0.100000;1.000000;0.599969;0.100000;1.000000;1.000000;0.000000;-0.599969;0.100000;
0.008058;0.599969;0.100000;1.000000;0.599969;0.100000;1.000000;1.000000;0.000000;-0.599969;0.100000;
0.008107;0.599969;0.100000;1.000000;0.599969;0.100000;1.000000;1.000000;0.000000;-0.599969;0.100000;
0.008156;0.599969;0.100000;1.000000;0.599969;0.100000;1.000000;1.000000;0.000000;-0.599969;0.100000;
0.008206;0.599968;0.100000;1.000000;0.599968;0.100000;1.000000;1.000000;0.000000;-0.599968;0.100000;
0.008255;0.599968;0.100000;1.000000;0.599968;0.100000;1.000000;1.000000;0.000000;-0.599968;0.100000;
0.008304;0.599968;0.100000;1.000000;0.599968;0.100000;1.000000;1.000000;0.000000;-0.599968;0.100000;
0.008354;0.599968;0.100000;1.000000;0.599968;0.100000;1.000000;1.000000;0.000000;-0.599968;0.100000;
0.008403;0.599968;0.100000;1.000000;0.599968;0.100000;1.000000;1.000000;0.000000;-0.599968;0.100000;
0.008452;0.599967;0.100000;1.000000;0.599967;0.100000;1.000000;1.000000;0.000000;-0.599967;0.100000;
0.008502;0.599967;0.100000;1.000000;0.599967;0.100000;1.000000;1.000000;0.000000;-0.599967;0.100000;
0.008551;0.599967;0.100000;1.000000;0.599967;0.100000;1.000000;1.000000;0.000000;-0.599967;0.100000;
0.008601;0.599967;0.100000;1.000000;0.599967;0.100000;1.000000;1.000000;0.000000;-0.599967;0.100000;
0.008650;0.599967;0.100000;1.000000;0.599967;0.100000;1.000000;1.000000;0.000000;-0.599967;0.100000;
0.008699;0.599966;0.100000;1.000000;0.599966;0.100000;1.000000;1.000000;0.000000;-0.599966;0.100000;
0.008749;0.599966;0.100000;1.000000;0.599966;0.100000;1.000000;1.000000;0.000000;-0.599966;0.100000;
0.008798;0.599966;0.100000;1.000000;0.599966;0.100000;1.000000;1.000000;0.000000;-0.599966;0.100000;
0.008847;0.599966;0.100000;1.000000;0.599966;0.100000;1.000000;1.000000;0.000000;-0.599966;0.100000;
0.008897;0.599966;0.100000;1.000000;0.599966;0.100000;1.000000;1.000000;0.000000;-0.599966;0.100000;
0.008946;0.599965;0.100000;1.000000;0.599965;0.100000;1.000000;1.000000;0.000000;-0.599965;0.100000;
0.008995;0.599965;0.100000;1.000000;0.599965;0.100000;1.000000;1.000000;0.000000;-0.599965;0.100000;
0.009045;0.599965;0.100000;1.000000;0.599965;0.100000;1.000000;1.000000;0.000000;-0.599965;0.100000;
0.009094;0.599965;0.100000;1.000000;0.599965;0.100000;1.000000;1.000000;0.000000;-0.599965;0.100000;
0.009143;0.599965;0.100000;1.000000;0.599965;0.100000;1.000000;1.000000;0.000000;-0.599965;0.100000;
0.009193;0.599964;0.100000;1.000000;0.599964;0.100000;1.000000;1.000000;0.000000;-0.599964;0.100000;
0.009242;0.599964;0.100000;1.000000;0.599964;0.100000;1.000000;1.000000;0.000000;-0.599964;0.100000;
0.009292;0.599964;0.100000;1.000000;0.599964;0.100000;1.000000;1.000000;0.000000;-0.599964;0.100000;
0.009341;0.599964;0.100000;1.000000;0.599964;0.100000;1.000000;1.000000;0.000000;-0.599964;0.100000;
0.009390;0.599964;0.100000;1.000000;0.599964;0.100000;1.000000;1.000000;0.000000;-0.599964;0.100000;
0.009440;0.599963;0.100000;1.000000;0.599963;0.100000;1.000000;1.000000;0.000000;-0.599963;0.100000;
0.009489;0.599963;0.100000;1.000000;0.599963;0.100000;1.000000;1.000000;0.000000;-0.599963;0.100000;
0.009538;0.599963;0.100000;1.000000;0.599963;0.100000;1.000000;1.000000;0.000000;-0.599963;0.100000;
0.009588;0.599963;0.100000;1.000000;0.599963;0.100000;1.000000;1.000000;0.000000;-0.599963;0.100000;
0.009637;0.599963;0.100000;1.000000;0.599963;0.100000;1.000000;1.000000;0.000000;-0.599963;0.100000;
0.009686;0.599963;0.100000;1.000000;0.599963;0.100000;1.000000;1.000000;0.000000;-0.599963;0.100000;
0.009736;0.599962;0.100000;1.000000;0.599962;0.100000;1.000000;1.000000;0.000000;-0.599962;0.100000;
0.009785;0.599962;0.100000;1.000000;0.599962;0.100000;1.000000;1.000000;0.000000;-0.599962;0.100000;
0.009834;0.599962;0.100000;1.000000;0.599962;0.100000;1.000000;1.000000;0.000000;-0.599962;0.100000;
0.009884;0.599962;0.100000;1.000000;0.599962;0.100000;1.000000;1.000000;0.000000;-0.599962;0.100000;
0.009933;0.599962;0.100000;1.000000;0.599962;0.100000;1.000000;1.000000;0.000000;-0.599962;0.100000;
0.009983;0.599961;0.100000;1.000000;0.599961;0.100000;1.000000;1.000000;0.000000;-0.599961;0.100000;
0.010032;0.599961;0.100000;1.000000;0.599961;0.100000;1.000000;1.000000;0.000000;-0.599961;0.100000;
0.010081;0.599961;0.100000;1.000000;0.599961;0.100000;1.000000;1.000000;0.000000;-0.599961;0.100000;
0.010131;0.599961;0.100000;1.000000;0.599961;0.100000;1.000000;1.000000;0.000000;-0.599961;0.100000;
0.010180;0.599961;0.100000;1.000000;0.599961;0.100000;1.000000;1.000000;0.000000;-0.599961;0.100000;
0.010229;0.599961;0.100000;1.000000;0.599961;0.100000;1.000000;1.000000;0.000000;-0.599961;0.100000;
0.010279;0.599960;0.100000;1.000000;0.599960;0.100000;1.000000;1.000000;0.000000;-0.599960;0.100000;
0.010328;0.599960;0.100000;1.000000;0.599960;0.100000;1.000000;1.000000;0.000000;-0.599960;0.100000;
0.010377;0.599960;0.100000;1.000000;0.599960;0.100000;1.000000;1.000000;0.000000;-0.599960;0.100000;
0.010427;0.599960;0.100000;1.000000;0.599960;0.100000;1.000000;1.000000;0.000000;-0.599960;0.100000;
0.010476;0.599960;0.100000;1.000000;0.599960;0.100000;1.000000;1.000000;0.000000;-0.599960;0.100000;
0.010525;0.599959;0.100000;1.000000;0.599959;0.100000;1.000000;1.000000;0.000000;-0.599959;0.100000;
0.010575;0.599959;0.100000;1.000000;0.599959;0.100000;1.000000;1.000000;0.000000;-0.599959;0.100000;
0.010624;0.599959;0.100000;1.000000;0.599959;0.100000;1.000000;1.000000;0.000000;-0.599959;0.100000;
0.010674;0.599959;0.100000;1.000000;0.599959;0.100000;1.000000;1.000000;0.000000;-0.599959;0.100000;
0.010723;0.599959;0.100000;1.000000;0.599959;0.100000;1.000000;1.000000;0.000000;-0.599959;0.100000;
0.010772;0.599959;0.100000;1.000000;0.599959;0.100000;1.000000;1.000000;0.000000;-0.599959;0.100000;
0.010822;0.599958;0.100000;1.000000;0.599958;0.100000;1.000000;1.000000;0.000000;-0.599958;0.100000;
0.010871;0.599958;0.100000;1.000000;0.599958;0.100000;1.000000;1.000000;0.000000;-0.599958;0.100000;
0.010920;0.599958;0.100000;1.000000;0.599958;0.100000;1.000000;1.000000;0.000000;-0.599958;0.100000;
0.010970;0.599958;0.100000;1.000000;0.599958;0.100000;1.000000;1.000000;0.000000;-0.599958;0.100000;
0.011019;0.599958;0.100000;1.000000;0.599958;0.100000;1.000000;1.000000;0.000000;-0.599958;0.100000;
0.011068;0.599958;0.100000;1.000000;0.599958;0.100000;1.000000;1.000000;0.000000;-0.599958;0.100000;
0.011118;0.599957;0.100000;1.000000;0.599957;0.100000;1.000000;1.000000;0.000000;-0.599957;0.100000;
0.011167;0.599957;0.100000;1.000000;0.599957;0.100000;1.000000;1.000000;0.000000;-0.599957;0.100000;
0.011216;0.599957;0.100000;1.000000;0.599957;0.100000;1.000000;1.000000;0.000000;-0.599957;0.100000;
0.011266;0.599957;0.100000;1.000000;0.599957;0.100000;1.000000;1.000000;0.000000;-0.599957;0.100000;
0.011315;0.599957;0.100000;1.000000;0.599957;0.100000;1.000000;1.000000;0.000000;-0.599957;0.100000;
0.011364;0.599957;0.100000;1.000000;0.599957;0.100000;1.000000;1.000000;0.000000;-0.599957;0.100000;
0.011414;0.599956;0.100000;1.000000;0.599956;0.100000;1.000000;1.000000;0.000000;-0.599956;0.100000;
0.011463;0.599956;0.100000;1.000000;0.599956;0.100000;1.000000;1.000000;0.000000;-0.599956;0.100000;
0.011513;0.599956;0.100000;1.000000;0.599956;0.100000;1.000000;1.000000;0.000000;-0.599956;0.100000;
0.011562;0.599956;0.100000;1.000000;0.599956;0.100000;1.000000;1.000000;0.000000;-0.599956;0.100000;
0.011611;0.599956;0.100000;1.000000;0.599956;0.100000;1.000000;1.000000;0.000000;-0.599956;0.100000;
0.011661;0.599956;0.100000;1.000000;0.599956;0.100000;1.000000;1.000000;0.000000;-0.599956;0.100000;
0.011710;0.599955;0.100000;1.000000;0.599955;0.100000;1.000000;1.000000;0.000000;-0.599955;0.100000;
0.011759;0.599955;0.100000;1.000000;0.599955;0.100000;1.000000;1.000000;0.000000;-0.599955;0.100000;
0.011809;0.599955;0.100000;1.000000;0.599955;0.100000;1.000000;1.000000;0.000000;-0.599955;0.100000;
0.011858;0.599955;0.100000;1.000000;0.599955;0.100000;1.000000;1.000000;0.000000;-0.599955;0.100000;
0.011907;0.599955;0.100000;1.000000;0.599955;0.100000;1.000000;1.000000;0.000000;-0.599955;0.100000;
0.011957;0.599955;0.100000;1.000000;0.599955;0.100000;1.000000;1.000000;0.000000;-0.599955;0.100000;
0.012006;0.599954;0.100000;1.000000;0.599954;0.100000;1.000000;1.000000;0.000000;-0.599954;0.100000;
0.012055;0.599954;0.100000;1.000000;0.599954;0.100000;1.000000;1.000000;0.000000;-0.599954;0.100000;
0.012105;0.599954;0.100000;1.000000;0.599954;0.100000;1.000000;1.000000;0.000000;-0.599954;0.100000;
0.012154;0.599954;0.100000;1.000000;0.599954;0.100000;1.000000;1.000000;0.000000;-0.599954;0.100000;
0.012204;0.599954;0.100000;1.000000;0.599954;0.100000;1.000000;1.000000;0.000000;-0.599954;0.100000;
0.012253;0.599954;0.100000;1.000000;0.599954;0.100000;1.000000;1.000000;0.000000;-0.599954;0.100000;
0.012302;0.599954;0.100000;1.000000;0.599954;0.100000;1.000000;1.000000;0.000000;-0.599954;0.100000;
0.012352;0.599953;0.100000;1.000000;0.599953;0.100000;1.000000;1.000000;0.000000;-0.599953;0.100000;
0.012401;0.599953;0.100000;1.000000;0.599953;0.100000;1.000000;1.000000;0.000000;-0.599953;0.100000;
0.012450;0.599953;0.100000;1.000000;0.599953;0.100000;1.000000;1.000000;0.000000;-0.599953;0.100000;
0.012549;0.599953;0.100000;1.000000;0.599953;0.100000;1.000000;1.000000;0.000000;-0.599953;0.100000;
0.012635;0.599953;0.100000;1.000000;0.599953;0.100000;1.000000;1.000000;0.000000;-0.599953;0.100000;
0.012722;0.599952;0.100000;1.000000;0.599952;0.100000;1.000000;1.000000;0.000000;-0.599952;0.100000;
0.012808;0.599952;0.100000;1.000000;0.599952;0.100000;1.000000;1.000000;0.000000;-0.599952;0.100000;
0.012895;0.599952;0.100000;1.000000;0.599952;0.100000;1.000000;1.000000;0.000000;-0.599952;0.100000;
0.012981;0.599952;0.100000;1.000000;0.599952;0.100000;1.000000;1.000000;0.000000;-0.599952;0.100000;
0.013068;0.599951;0.100000;1.000000;0.599951;0.100000;1.000000;1.000000;0.000000;-0.599951;0.100000;
0.013154;0.599951;0.100000;1.000000;0.599951;0.100000;1.000000;1.000000;0.000000;-0.599951;0.100000;
0.013241;0.599951;0.100000;1.000000;0.599951;0.100000;1.000000;1.000000;0.000000;-0.599951;0.100000;
0.013327;0.599951;0.100000;1.000000;0.599951;0.100000;1.000000;1.000000;0.000000;-0.599951;0.100000;
0.013413;0.599950;0.100000;1.000000;0.599950;0.100000;1.000000;1.000000;0.000000;-0.599950;0.100000;
0.013500;0.599950;0.100000;1.000000;0.599950;0.100000;1.000000;1.000000;0.000000;-0.599950;0.100000;
0.013586;0.599950;0.100000;1.000000;0.599950;0.100000;1.000000;1.000000;0.000000;-0.599950;0.100000;
0.013673;0.599950;0.100000;1.000000;0.599950;0.100000;1.000000;1.000000;0.000000;-0.599950;0.100000;
0.013759;0.599949;0.100000;1.000000;0.599949;0.100000;1.000000;1.000000;0.000000;-0.599949;0.100000;
0.013846;0.599949;0.100000;1.000000;0.599949;0.100000;1.000000;1.000000;0.000000;-0.599949;0.100000;
0.013932;0.599949;0.100000;1.000000;0.599949;0.100000;1.000000;1.000000;0.000000;-0.599949;0.100000;
0.014018;0.599949;0.100000;1.000000;0.599949;0.100000;1.000000;1.000000;0.000000;-0.599949;0.100000;
0.014105;0.599948;0.100000;1.000000;0.599948;0.100000;1.000000;1.000000;0.000000;-0.599948;0.100000;
0.014191;0.599948;0.100000;1.000000;0.599948;0.100000;1.000000;1.000000;0.000000;-0.599948;0.100000;
0.014278;0.599948;0.100000;1.000000;0.599948;0.100000;1.000000;1.000000;0.000000;-0.599948;0.100000;
0.014364;0.599948;0.100000;1.000000;0.599948;0.100000;1.000000;1.000000;0.000000;-0.599948;0.100000;
0.014451;0.599947;0.100000;1.000000;0.599947;0.100000;1.000000;1.000000;0.000000;-0.599947;0.100000;
0.014537;0.599947;0.100000;1.000000;0.599947;0.100000;1.000000;1.000000;0.000000;-0.599947;0.100000;
0.014623;0.599947;0.100000;1.000000;0.599947;0.100000;1.000000;1.000000;0.000000;-0.599947;0.100000;
0.014710;0.599947;0.100000;1.000000;0.599947;0.100000;1.000000;1.000000;0.000000;-0.599947;0.100000;
0.014796;0.599947;0.100000;1.000000;0.599947;0.100000;1.000000;1.000000;0.000000;-0.599947;0.100000;
0.014883;0.599946;0.100000;1.000000;0.599946;0.100000;1.000000;1.000000;0.000000;-0.599946;0.100000;
0.014969;0.599946;0.100000;1.000000;0.599946;0.100000;1.000000;1.000000;0.000000;-0.599946;0.100000;
0.015056;0.599946;0.100000;1.000000;0.599946;0.100000;1.000000;1.000000;0.000000;-0.599946;0.100000;
0.015142;0.599946;0.100000;1.000000;0.599946;0.100000;1.000000;1.000000;0.000000;-0.599946;0.100000;
0.015228;0.599945;0.100000;1.000000;0.599945;0.100000;1.000000;1.000000;0.000000;-0.599945;0.100000;
0.015315;0.599945;0.100000;1.000000;0.599945;0.100000;1.000000;1.000000;0.000000;-0.599945;0.100000;
0.015401;0.599945;0.100000;1.000000;0.599945;0.100000;1.000000;1.000000;0.000000;-0.599945;0.100000;
0.015488;0.599945;0.100000;1.000000;0.599945;0.100000;1.000000;1.000000;0.000000;-0.599945;0.100000;
0.015574;0.599945;0.100000;1.000000;0.599945;0.100000;1.000000;1.000000;0.000000;-0.599945;0.100000;
0.015661;0.599944;0.100000;1.000000;0.599944;0.100000;1.000000;1.000000;0.000000;-0.599944;0.100000;
0.015747;0.599944;0.100000;1.000000;0.599944;0.100000;1.000000;1.000000;0.000000;-0.599944;0.100000;
0.015833;0.599944;0.100000;1.000000;0.599944;0.100000;1.000000;1.000000;0.000000;-0.599944;0.100000;
0.015920;0.599944;0.100000;1.000000;0.599944;0.100000;1.000000;1.000000;0.000000;-0.599944;0.100000;
0.016006;0.599944;0.100000;1.000000;0.599944;0.100000;1.000000;1.000000;0.000000;-0.599944;0.100000;
0.016093;0.599943;0.100000;1.000000;0.599943;0.100000;1.000000;1.000000;0.000000;-0.599943;0.100000;
0.016179;0.599943;0.100000;1.000000;0.599943;0.100000;1.000000;1.000000;0.000000;-0.599943;0.100000;
0.016266;0.599943;0.100000;1.000000;0.599943;0.100000;1.000000;1.000000;0.000000;-0.599943;0.100000;
0.016352;0.599943;0.100000;1.000000;0.599943;0.100000;1.000000;1.000000;0.000000;-0.599943;0.100000;
0.016439;0.599943;0.100000;1.000000;0.599943;0.100000;1.000000;1.000000;0.000000;-0.599943;0.100000;
0.016525;0.599942;0.100000;1.000000;0.599942;0.100000;1.000000;1.000000;0.000000;-0.599942;0.100000;
0.016611;0.599942;0.100000;1.000000;0.599942;0.100000;1.000000;1.000000;0.000000;-0.599942;0.100000;
0.016698;0.599942;0.100000;1.000000;0.599942;0.100000;1.000000;1.000000;0.000000;-0.599942;0.100000;
0.016784;0.599942;0.100000;1.000000;0.599942;0.100000;1.000000;1.000000;0.000000;-0.599942;0.100000;
0.016871;0.599942;0.100000;1.000000;0.599942;0.100000;1.000000;1.000000;0.000000;-0.599942;0.100000;
0.016957;0.599941;0.100000;1.000000;0.599941;0.100000;1.000000;1.000000;0.000000;-0.599941;0.100000;
0.017044;0.599941;0.100000;1.000000;0.599941;0.100000;1.000000;1.000000;0.000000;-0.599941;0.100000;
0.017130;0.599941;0.100000;1.000000;0.599941;0.100000;1.000000;1.000000;0.000000;-0.599941;0.100000;
0.017216;0.599941;0.100000;1.000000;0.599941;0.100000;1.000000;1.000000;0.000000;-0.599941;0.100000;
0.017303;0.599941;0.100000;1.000000;0.599941;0.100000;1.000000;1.000000;0.000000;-0.599941;0.100000;
0.017389;0.599941;0.100000;1.000000;0.599941;0.100000;1.000000;1.000000;0.000000;-0.599941;0.100000;
0.017476;0.599940;0.100000;1.000000;0.599940;0.100000;1.000000;1.000000;0.000000;-0.599940;0.100000;
0.017562;0.599940;0.100000;1.000000;0.599940;0.100000;1.000000;1.000000;0.000000;-0.599940;0.100000;
0.017649;0.599940;0.100000;1.000000;0.599940;0.100000;1.000000;1.000000;0.000000;-0.599940;0.100000;
0.017735;0.599940;0.100000;1.000000;0.599940;0.100000;1.000000;1.000000;0.000000;-0.599940;0.100000;
0.017821;0.599940;0.100000;1.000000;0.599940;0.100000;1.000000;1.000000;0.000000;-0.599940;0.100000;
0.017908;0.599939;0.100000;1.000000;0.599939;0.100000;1.000000;1.000000;0.000000;-0.599939;0.100000;
0.017994;0.599939;0.100000;1.000000;0.599939;0.100000;1.000000;1.000000;0.000000;-0.599939;0.100000;
0.018167;0.599939;0.100000;1.000000;0.599939;0.100000;1.000000;1.000000;0.000000;-0.599939;0.100000;
0.018320;0.599939;0.100000;1.000000;0.599939;0.100000;1.000000;1.000000;0.000000;-0.599939;0.100000;
0.018473;0.599938;0.100000;1.000000;0.599938;0.100000;1.000000;1.000000;0.000000;-0.599938;0.100000;
0.018626;0.599938;0.100000;1.000000;0.599938;0.100000;1.000000;1.000000;0.000000;-0.599938;0.100000;
0.018779;0.599938;0.100000;1.000000;0.599938;0.100000;1.000000;1.000000;0.000000;-0.599938;0.100000;
0.018932;0.599938;0.100000;1.000000;0.599938;0.100000;1.000000;1.000000;0.000000;-0.599938;0.100000;
0.019085;0.599937;0.100000;1.000000;0.599937;0.100000;1.000000;1.000000;0.000000;-0.599937;0.100000;
0.019238;0.599937;0.100000;1.000000;0.599937;0.100000;1.000000;1.000000;0.000000;-0.599937;0.100000;
0.019391;0.599937;0.100000;1.000000;0.599937;0.100000;1.000000;1.000000;0.000000;-0.599937;0.100000;
0.019544;0.599937;0.100000;1.000000;0.599937;0.100000;1.000000;1.000000;0.000000;-0.599937;0.100000;
0.019697;0.599936;0.100000;1.000000;0.599936;0.100000;1.000000;1.000000;0.000000;-0.599936;0.100000;
0.019849;0.599936;0.100000;1.000000;0.599936;0.100000;1.000000;1.000000;0.000000;-0.599936;0.100000;
0.020002;0.599936;0.100000;1.000000;0.599936;0.100000;1.000000;1.000000;0.000000;-0.599936;0.100000;
0.020155;0.599936;0.100000;1.000000;0.599936;0.100000;1.000000;1.000000;0.000000;-0.599936;0.100000;
0.020308;0.599935;0.100000;1.000000;0.599935;0.100000;1.000000;1.000000;0.000000;-0.599935;0.100000;
0.020461;0.599935;0.100000;1.000000;0.599935;0.100000;1.000000;1.000000;0.000000;-0.599935;0.100000;
0.020614;0.599935;0.100000;1.000000;0.599935;0.100000;1.000000;1.000000;0.000000;-0.599935;0.100000;
0.020767;0.599935;0.100000;1.000000;0.599935;0.100000;1.000000;1.000000;0.000000;-0.599935;0.100000;
0.020920;0.599934;0.100000;1.000000;0.599934;0.100000;1.000000;1.000000;0.000000;-0.599934;0.100000;
0.021073;0.599934;0.100000;1.000000;0.599934;0.100000;1.000000;1.000000;0.000000;-0.599934;0.100000;
0.021226;0.599934;0.100000;1.000000;0.599934;0.100000;1.000000;1.000000;0.000000;-0.599934;0.100000;
0.021379;0.599934;0.100000;1.000000;0.599934;0.100000;1.000000;1.000000;0.000000;-0.599934;0.100000;
0.021532;0.599933;0.100000;1.000000;0.599933;0.100000;1.000000;1.000000;0.000000;-0.599933;0.100000;
0.021685;0.599933;0.100000;1.000000;0.599933;0.100000;1.000000;1.000000;0.000000;-0.599933;0.100000;
0.021838;0.599933;0.100000;1.000000;0.599933;0.100000;1.000000;1.000000;0.000000;-0.599933;0.100000;
0.021991;0.599933;0.100000;1.000000;0.599933;0.100000;1.000000;1.000000;0.000000;-0.599933;0.100000;
0.022143;0.599933;0.100000;1.000000;0.599933;0.100000;1.000000;1.000000;0.000000;-0.599933;0.100000;
0.022296;0.599932;0.100000;1.000000;0.599932;0.100000;1.000000;1.000000;0.000000;-0.599932;0.100000;
0.022449;0.599932;0.100000;1.000000;0.599932;0.100000;1.000000;1.000000;0.000000;-0.599932;0.100000;
0.022602;0.599932;0.100000;1.000000;0.599932;0.100000;1.000000;1.000000;0.000000;-0.599932;0.100000;
0.022755;0.599932;0.100000;1.000000;0.599932;0.100000;1.000000;1.000000;0.000000;-0.599932;0.100000;
0.022908;0.599932;0.100000;1.000000;0.599932;0.100000;1.000000;1.000000;0.000000;-0.599932;0.100000;
0.023061;0.599932;0.100000;1.000000;0.599932;0.100000;1.000000;1.000000;0.000000;-0.599932;0.100000;
0.023214;0.599931;0.100000;1.000000;0.599931;0.100000;1.000000;1.000000;0.000000;-0.599931;0.100000;
0.023367;0.599931;0.100000;1.000000;0.599931;0.100000;1.000000;1.000000;0.000000;-0.599931;0.100000;
0.023520;0.599931;0.100000;1.000000;0.599931;0.100000;1.000000;1.000000;0.000000;-0.599931;0.100000;
0.023673;0.599931;0.100000;1.000000;0.599931;0.100000;1.000000;1.000000;0.000000;-0.599931;0.100000;
0.023826;0.599931;0.100000;1.000000;0.599931;0.100000;1.000000;1.000000;0.000000;-0.599931;0.100000;
0.024132;0.599930;0.100000;1.000000;0.599930;0.100000;1.000000;1.000000;0.000000;-0.599930;0.100000;
0.024407;0.599930;0.100000;1.000000;0.599930;0.100000;1.000000;1.000000;0.000000;-0.599930;0.100000;
0.024682;0.599930;0.100000;1.000000;0.599930;0.100000;1.000000;1.000000;0.000000;-0.599930;0.100000;
0.024957;0.599930;0.100000;1.000000;0.599930;0.100000;1.000000;1.000000;0.000000;-0.599930;0.100000;
0.025233;0.599929;0.100000;1.000000;0.599929;0.100000;1.000000;1.000000;0.000000;-0.599929;0.100000;
0.025508;0.599929;0.100000;1.000000;0.599929;0.100000;1.000000;1.000000;0.000000;-0.599929;0.100000;
0.025783;0.599929;0.100000;1.000000;0.599929;0.100000;1.000000;1.000000;0.000000;-0.599929;0.100000;
0.026059;0.599929;0.100000;1.000000;0.599929;0.100000;1.000000;1.000000;0.000000;-0.599929;0.100000;
0.026334;0.599929;0.100000;1.000000;0.599929;0.100000;1.000000;1.000000;0.000000;-0.599929;0.100000;
0.026609;0.599928;0.100000;1.000000;0.599928;0.100000;1.000000;1.000000;0.000000;-0.599928;0.100000;
0.026884;0.599928;0.100000;1.000000;0.599928;0.100000;1.000000;1.000000;0.000000;-0.599928;0.100000;
0.027160;0.599928;0.100000;1.000000;0.599928;0.100000;1.000000;1.000000;0.000000;-0.599928;0.100000;
0.027435;0.599928;0.100000;1.000000;0.599928;0.100000;1.000000;1.000000;0.000000;-0.599928;0.100000;
0.027710;0.599928;0.100000;1.000000;0.599928;0.100000;1.000000;1.000000;0.000000;-0.599928;0.100000;
0.027986;0.599928;0.100000;1.000000;0.599928;0.100000;1.000000;1.000000;0.000000;-0.599928;0.100000;
0.028261;0.599927;0.100000;1.000000;0.599927;0.100000;1.000000;1.000000;0.000000;-0.599927;0.100000;
0.028536;0.599927;0.100000;1.000000;0.599927;0.100000;1.000000;1.000000;0.000000;-0.599927;0.100000;
0.028811;0.599927;0.100000;1.000000;0.599927;0.100000;1.000000;1.000000;0.000000;-0.599927;0.100000;
0.029087;0.599927;0.100000;1.000000;0.599927;0.100000;1.000000;1.000000;0.000000;-0.599927;0.100000;
0.029362;0.599927;0.100000;1.000000;0.599927;0.100000;1.000000;1.000000;0.000000;-0.599927;0.100000;
0.029637;0.599927;0.100000;1.000000;0.599927;0.100000;1.000000;1.000000;0.000000;-0.599927;0.100000;
0.029913;0.599927;0.100000;1.000000;0.599927;0.100000;1.000000;1.000000;0.000000;-0.599927;0.100000;
0.030463;0.599927;0.100000;1.000000;0.599927;0.100000;1.000000;1.000000;0.000000;-0.599927;0.100000;
0.030959;0.599927;0.100000;1.000000;0.599927;0.100000;1.000000;1.000000;0.000000;-0.599927;0.100000;
0.031454;0.599926;0.100000;1.000000;0.599926;0.100000;1.000000;1.000000;0.000000;-0.599926;0.100000;
0.031950;0.599926;0.100000;1.000000;0.599926;0.100000;1.000000;1.000000;0.000000;-0.599926;0.100000;
0.032445;0.599926;0.100000;1.000000;0.599926;0.100000;1.000000;1.000000;0.000000;-0.599926;0.100000;
0.032941;0.599926;0.100000;1.000000;0.599926;0.100000;1.000000;1.000000;0.000000;-0.599926;0.100000;
0.033436;0.599926;0.100000;1.000000;0.599926;0.100000;1.000000;1.000000;0.000000;-0.599926;0.100000;
0.033932;0.599926;0.100000;1.000000;0.599926;0.100000;1.000000;1.000000;0.000000;-0.599926;0.100000;
0.034427;0.599926;0.100000;1.000000;0.599926;0.100000;1.000000;1.000000;0.000000;-0.599926;0.100000;
0.034923;0.599926;0.100000;1.000000;0.599926;0.100000;1.000000;1.000000;0.000000;-0.599926;0.100000;
0.035418;0.599927;0.100000;1.000000;0.599927;0.100000;1.000000;1.000000;0.000000;-0.599927;0.100000;
0.035914;0.599927;0.100000;1.000000;0.599927;0.100000;1.000000;1.000000;0.000000;-0.599927;0.100000;
0.036905;0.599927;0.100000;1.000000;0.599927;0.100000;1.000000;1.000000;0.000000;-0.599927;0.100000;
0.037797;0.599927;0.100000;1.000000;0.599927;0.100000;1.000000;1.000000;0.000000;-0.599927;0.100000;
0.038689;0.599928;0.100000;1.000000;0.599928;0.100000;1.000000;1.000000;0.000000;-0.599928;0.100000;
0.039581;0.599928;0.100000;1.000000;0.599928;0.100000;1.000000;1.000000;0.000000;-0.599928;0.100000;
0.040473;0.599928;0.100000;1.000000;0.599928;0.100000;1.000000;1.000000;0.000000;-0.599928;0.100000;
0.041364;0.599929;0.100000;1.000000;0.599929;0.100000;1.000000;1.000000;0.000000;-0.599929;0.100000;
0.042256;0.599929;0.100000;1.000000;0.599929;0.100000;1.000000;1.000000;0.000000;-0.599929;0.100000;
0.043148;0.599930;0.100000;1.000000;0.599930;0.100000;1.000000;1.000000;0.000000;-0.599930;0.100000;
0.044932;0.599931;0.100000;1.000000;0.599931;0.100000;1.000000;1.000000;0.000000;-0.599931;0.100000;
0.046716;0.599933;0.100000;1.000000;0.599933;0.100000;1.000000;1.000000;0.000000;-0.599933;0.100000;
0.048500;0.599934;0.100000;1.000000;0.599934;0.100000;1.000000;1.000000;0.000000;-0.599934;0.100000;
0.050284;0.599936;0.100000;1.000000;0.599936;0.100000;1.000000;1.000000;0.000000;-0.599936;0.100000;
0.052067;0.599937;0.100000;1.000000;0.599937;0.100000;1.000000;1.000000;0.000000;-0.599937;0.100000;
0.055635;0.599941;0.100000;1.000000;0.599941;0.100000;1.000000;1.000000;0.000000;-0.599941;0.100000;
0.059203;0.599944;0.100000;1.000000;0.599944;0.100000;1.000000;1.000000;0.000000;-0.599944;0.100000;
0.062771;0.599948;0.100000;1.000000;0.599948;0.100000;1.000000;1.000000;0.000000;-0.599948;0.100000;
0.069906;0.599954;0.100000;1.000000;0.599954;0.100000;1.000000;1.000000;0.000000;-0.599954;0.100000;
0.077041;0.599960;0.100000;1.000000;0.599960;0.100000;1.000000;1.000000;0.000000;-0.599960;0.100000;
0.091312;0.599967;0.100000;1.000000;0.599967;0.100000;1.000000;1.000000;0.000000;-0.599967;0.100000;
0.105583;0.599970;0.100000;1.000000;0.599970;0.100000;1.000000;1.000000;0.000000;-0.599970;0.100000;
0.134124;0.599971;0.100000;1.000000;0.599971;0.100000;1.000000;1.000000;0.000000;-0.599971;0.100000;
0.162666;0.599970;0.100000;1.000000;0.599970;0.100000;1.000000;1.000000;0.000000;-0.599970;0.100000;
0.219749;0.599969;0.100000;1.000000;0.599969;0.100000;1.000000;1.000000;0.000000;-0.599969;0.100000;
0.333915;0.599971;0.100000;1.000000;0.599971;0.100000;1.000000;1.000000;0.000000;-0.599971;0.100000;
0.448080;0.599974;0.100000;1.000000;0.599974;0.100000;1.000000;1.000000;0.000000;-0.599974;0.100000;
0.575000;0.599977;0.100000;1.000000;0.599977;0.100000;1.000000;1.000000;0.000000;-0.599977;0.100000;
0.575008;0.599977;0.100000;1.000000;0.599977;0.100000;1.000000;1.000000;0.000000;-0.599977;0.100000;
0.575023;0.599977;0.100000;1.000000;0.599977;0.100000;1.000000;1.000000;0.000000;-0.599977;0.100000;
0.575053;0.599977;0.100000;1.000000;0.599977;0.100000;1.000000;1.000000;0.000000;-0.599977;0.100000;
0.575114;0.599977;0.100000;1.000000;0.599977;0.100000;1.000000;1.000000;0.000000;-0.599977;0.100000;
0.575235;0.599977;0.100000;1.000000;0.599977;0.100000;1.000000;1.000000;0.000000;-0.599977;0.100000;
0.575477;0.599977;0.100000;1.000000;0.599977;0.100000;1.000000;1.000000;0.000000;-0.599977;0.100000;
0.575962;0.599977;0.100000;1.000000;0.599977;0.100000;1.000000;1.000000;0.000000;-0.599977;0.100000;
0.576932;0.599977;0.100000;1.000000;0.599977;0.100000;1.000000;1.000000;0.000000;-0.599977;0.100000;
0.578871;0.599977;0.100000;1.000000;0.599977;0.100000;1.000000;1.000000;0.000000;-0.599977;0.100000;
0.582749;0.599977;0.100000;1.000000;0.599977;0.100000;1.000000;1.000000;0.000000;-0.599977;0.100000;
0.590505;0.599977;0.100000;1.000000;0.599977;0.100000;1.000000;1.000000;0.000000;-0.599977;0.100000;
0.606017;0.599978;0.100000;1.000000;0.599978;0.100000;1.000000;1.000000;0.000000;-0.599978;0.100000;
0.637041;0.599978;0.100000;1.000000;0.599978;0.100000;1.000000;1.000000;0.000000;-0.599978;0.100000;
0.699090;0.599980;0.100000;1.000000;0.599980;0.100000;1.000000;1.000000;0.000000;-0.599980;0.100000;
0.823188;0.599983;0.100000;1.000000;0.599983;0.100000;1.000000;1.000000;0.000000;-0.599983;0.100000;
1.000000;0.599986;0.100000;1.000000;0.599986;0.100000;1.000000;1.000000;0.000000;-0.599986;0.100000;
1.000000;0.119997;0.420000;0.200000;0.119997;0.420000;0.200000;0.200000;0.000000;-0.599986;2.100000;
1.000000;0.119997;0.420000;0.200000;0.119997;0.420000;0.200000;0.200000;0.000000;-0.599986;2.099998;
1.000000;0.119997;0.419999;0.200000;0.119997;0.419999;0.200000;0.200000;0.000000;-0.599986;2.099993;
1.000000;0.119997;0.419997;0.200000;0.119997;0.419997;0.200000;0.200000;0.000000;-0.599986;2.099984;
1.000000;0.119997;0.419993;0.200000;0.119997;0.419993;0.200000;0.200000;0.000000;-0.599986;2.099966;
1.000001;0.119997;0.419986;0.200000;0.119997;0.419986;0.200000;0.200000;0.000000;-0.599986;2.099929;
1.000002;0.119997;0.419971;0.200000;0.119997;0.419971;0.200000;0.200000;0.000000;-0.599986;2.099856;
1.000003;0.119997;0.419942;0.200000;0.119997;0.419942;0.200000;0.200000;0.000000;-0.599986;2.099710;
1.000007;0.119997;0.419883;0.200000;0.119997;0.419883;0.200000;0.200000;0.000000;-0.599986;2.099417;
1.000009;0.119997;0.419854;0.200000;0.119997;0.419854;0.200000;0.200000;0.000000;-0.599986;2.099271;
1.000011;0.119997;0.419825;0.200000;0.119997;0.419825;0.200000;0.200000;0.000000;-0.599985;2.099124;
1.000014;0.119997;0.419766;0.200000;0.119997;0.419766;0.200000;0.200000;0.000000;-0.599984;2.098832;
1.000018;0.119997;0.419708;0.200000;0.119997;0.419708;0.200000;0.200000;0.000000;-0.599984;2.098539;
1.000022;0.119996;0.419649;0.200000;0.119996;0.419649;0.200000;0.200000;0.000000;-0.599982;2.098247;
1.000025;0.119996;0.419591;0.200000;0.119996;0.419591;0.200000;0.200000;0.000000;-0.599981;2.097954;
1.000029;0.119996;0.419532;0.200000;0.119996;0.419532;0.200000;0.200000;0.000000;-0.599980;2.097661;
1.000033;0.119996;0.419474;0.200000;0.119996;0.419474;0.200000;0.200000;0.000000;-0.599978;2.097369;
1.000036;0.119995;0.419415;0.200000;0.119995;0.419415;0.200000;0.200000;0.000000;-0.599976;2.097076;
1.000040;0.119995;0.419357;0.200000;0.119995;0.419357;0.200000;0.200000;0.000000;-0.599974;2.096783;
1.000044;0.119994;0.419298;0.200000;0.119994;0.419298;0.200000;0.200000;0.000000;-0.599972;2.096490;
1.000047;0.119994;0.419240;0.200000;0.119994;0.419240;0.200000;0.200000;0.000000;-0.599969;2.096198;
1.000051;0.119993;0.419181;0.200000;0.119993;0.419181;0.200000;0.200000;0.000000;-0.599967;2.095905;
1.000055;0.119993;0.419122;0.200000;0.119993;0.419122;0.200000;0.200000;0.000000;-0.599964;2.095612;
1.000058;0.119992;0.419064;0.200000;0.119992;0.419064;0.200000;0.200000;0.000000;-0.599961;2.095320;
1.000062;0.119992;0.419005;0.200000;0.119992;0.419005;0.200000;0.200000;0.000000;-0.599958;2.095027;
1.000066;0.119991;0.418947;0.200000;0.119991;0.418947;0.200000;0.200000;0.000000;-0.599954;2.094734;
1.000069;0.119990;0.418888;0.200000;0.119990;0.418888;0.200000;0.200000;0.000000;-0.599951;2.094441;
1.000073;0.119989;0.418830;0.200000;0.119989;0.418830;0.200000;0.200000;0.000000;-0.599947;2.094148;
1.000077;0.119989;0.418771;0.200000;0.119989;0.418771;0.200000;0.200000;0.000000;-0.599943;2.093856;
1.000080;0.119988;0.418713;0.200000;0.119988;0.418713;0.200000;0.200000;0.000000;-0.599939;2.093563;
1.000084;0.119987;0.418654;0.200000;0.119987;0.418654;0.200000;0.200000;0.000000;-0.599935;2.093270;
1.000088;0.119986;0.418595;0.200000;0.119986;0.418595;0.200000;0.200000;0.000000;-0.599931;2.092977;
1.000091;0.119985;0.418537;0.200000;0.119985;0.418537;0.200000;0.200000;0.000000;-0.599926;2.092684;
1.000095;0.119984;0.418478;0.200000;0.119984;0.418478;0.200000;0.200000;0.000000;-0.599921;2.092391;
1.000099;0.119983;0.418420;0.200000;0.119983;0.418420;0.200000;0.200000;0.000000;-0.599916;2.092099;
1.000102;0.119982;0.418361;0.200000;0.119982;0.418361;0.200000;0.200000;0.000000;-0.599911;2.091806;
1.000106;0.119981;0.418303;0.200000;0.119981;0.418303;0.200000;0.200000;0.000000;-0.599906;2.091513;
1.000113;0.119979;0.418185;0.200000;0.119979;0.418185;0.200000;0.200000;0.000000;-0.599895;2.090927;
1.000120;0.119977;0.418081;0.200000;0.119977;0.418081;0.200000;0.200000;0.000000;-0.599884;2.090403;
1.000126;0.119975;0.417976;0.200000;0.119975;0.417976;0.200000;0.200000;0.000000;-0.599873;2.089879;
1.000133;0.119972;0.417871;0.200000;0.119972;0.417871;0.200000;0.200000;0.000000;-0.599862;2.089354;
1.000139;0.119970;0.417766;0.200000;0.119970;0.417766;0.200000;0.200000;0.000000;-0.599849;2.088830;
1.000146;0.119967;0.417661;0.200000;0.119967;0.417661;0.200000;0.200000;0.000000;-0.599837;2.088306;
1.000152;0.119965;0.417556;0.200000;0.119965;0.417556;0.200000;0.200000;0.000000;-0.599823;2.087782;
1.000159;0.119962;0.417451;0.200000;0.119962;0.417451;0.200000;0.200000;0.000000;-0.599810;2.087257;
1.000166;0.119959;0.417347;0.200000;0.119959;0.417347;0.200000;0.200000;0.000000;-0.599796;2.086733;
1.000172;0.119956;0.417242;0.200000;0.119956;0.417242;0.200000;0.200000;0.000000;-0.599781;2.086209;
1.000179;0.119953;0.417137;0.200000;0.119953;0.417137;0.200000;0.200000;0.000000;-0.599766;2.085684;
1.000185;0.119950;0.417032;0.200000;0.119950;0.417032;0.200000;0.200000;0.000000;-0.599750;2.085160;
1.000192;0.119947;0.416927;0.200000;0.119947;0.416927;0.200000;0.200000;0.000000;-0.599734;2.084635;
1.000198;0.119943;0.416822;0.200000;0.119943;0.416822;0.200000;0.200000;0.000000;-0.599717;2.084111;
1.000205;0.119940;0.416717;0.200000;0.119940;0.416717;0.200000;0.200000;0.000000;-0.599700;2.083586;
1.000211;0.119936;0.416612;0.200000;0.119936;0.416612;0.200000;0.200000;0.000000;-0.599682;2.083062;
1.000218;0.119933;0.416507;0.200000;0.119933;0.416507;0.200000;0.200000;0.000000;-0.599664;2.082537;
1.000224;0.119929;0.416402;0.200000;0.119929;0.416402;0.200000;0.200000;0.000000;-0.599645;2.082012;
1.000231;0.119925;0.416298;0.200000;0.119925;0.416298;0.200000;0.200000;0.000000;-0.599626;2.081488;
1.000237;0.119921;0.416193;0.200000;0.119921;0.416193;0.200000;0.200000;0.000000;-0.599606;2.080963;
1.000244;0.119917;0.416088;0.200000;0.119917;0.416088;0.200000;0.200000;0.000000;-0.599586;2.080438;
1.000251;0.119913;0.415983;0.200000;0.119913;0.415983;0.200000;0.200000;0.000000;-0.599565;2.079914;
1.000257;0.119909;0.415878;0.200000;0.119909;0.415878;0.200000;0.200000;0.000000;-0.599544;2.079389;
1.000264;0.119905;0.415773;0.200000;0.119905;0.415773;0.200000;0.200000;0.000000;-0.599523;2.078864;
1.000270;0.119900;0.415668;0.200000;0.119900;0.415668;0.200000;0.200000;0.000000;-0.599501;2.078339;
1.000277;0.119896;0.415563;0.200000;0.119896;0.415563;0.200000;0.200000;0.000000;-0.599478;2.077814;
1.000283;0.119891;0.415458;0.200000;0.119891;0.415458;0.200000;0.200000;0.000000;-0.599456;2.077289;
1.000290;0.119886;0.415353;0.200000;0.119886;0.415353;0.200000;0.200000;0.000000;-0.599432;2.076764;
1.000296;0.119882;0.415248;0.200000;0.119882;0.415248;0.200000;0.200000;0.000000;-0.599409;2.076240;
1.000303;0.119877;0.415143;0.200000;0.119877;0.415143;0.200000;0.200000;0.000000;-0.599384;2.075715;
1.000309;0.119872;0.415038;0.200000;0.119872;0.415038;0.200000;0.200000;0.000000;-0.599360;2.075190;
1.000316;0.119867;0.414933;0.200000;0.119867;0.414933;0.200000;0.200000;0.000000;-0.599335;2.074665;
1.000323;0.119862;0.414828;0.200000;0.119862;0.414828;0.200000;0.200000;0.000000;-0.599309;2.074140;
1.000329;0.119857;0.414723;0.200000;0.119857;0.414723;0.200000;0.200000;0.000000;-0.599283;2.073614;
1.000336;0.119851;0.414618;0.200000;0.119851;0.414618;0.200000;0.200000;0.000000;-0.599257;2.073089;
1.000342;0.119846;0.414513;0.200000;0.119846;0.414513;0.200000;0.200000;0.000000;-0.599230;2.072564;
1.000349;0.119841;0.414408;0.200000;0.119841;0.414408;0.200000;0.200000;0.000000;-0.599203;2.072039;
1.000355;0.119835;0.414303;0.200000;0.119835;0.414303;0.200000;0.200000;0.000000;-0.599175;2.071514;
1.000362;0.119829;0.414198;0.200000;0.119829;0.414198;0.200000;0.200000;0.000000;-0.599147;2.070989;
1.000368;0.119824;0.414093;0.200000;0.119824;0.414093;0.200000;0.200000;0.000000;-0.599119;2.070463;
1.000375;0.119818;0.413988;0.200000;0.119818;0.413988;0.200000;0.200000;0.000000;-0.599090;2.069938;
1.000381;0.119812;0.413883;0.200000;0.119812;0.413883;0.200000;0.200000;0.000000;-0.599061;2.069413;
1.000388;0.119806;0.413778;0.200000;0.119806;0.413778;0.200000;0.200000;0.000000;-0.599031;2.068888;
1.000395;0.119800;0.413672;0.200000;0.119800;0.413672;0.200000;0.200000;0.000000;-0.599001;2.068362;
1.000401;0.119794;0.413567;0.200000;0.119794;0.413567;0.200000;0.200000;0.000000;-0.598971;2.067837;
1.000408;0.119788;0.413462;0.200000;0.119788;0.413462;0.200000;0.200000;0.000000;-0.598940;2.067312;
1.000414;0.119782;0.413357;0.200000;0.119782;0.413357;0.200000;0.200000;0.000000;-0.598909;2.066786;
1.000421;0.119775;0.413252;0.200000;0.119775;0.413252;0.200000;0.200000;0.000000;-0.598877;2.066261;
1.000427;0.119769;0.413147;0.200000;0.119769;0.413147;0.200000;0.200000;0.000000;-0.598845;2.065735;
1.000434;0.119763;0.413042;0.200000;0.119763;0.413042;0.200000;0.200000;0.000000;-0.598813;2.065210;
1.000440;0.119756;0.412937;0.200000;0.119756;0.412937;0.200000;0.200000;0.000000;-0.598780;2.064684;
1.000447;0.119749;0.412832;0.200000;0.119749;0.412832;0.200000;0.200000;0.000000;-0.598747;2.064159;
1.000453;0.119743;0.412727;0.200000;0.119743;0.412727;0.200000;0.200000;0.000000;-0.598714;2.063633;
1.000460;0.119736;0.412622;0.200000;0.119736;0.412622;0.200000;0.200000;0.000000;-0.598680;2.063108;
1.000467;0.119729;0.412516;0.200000;0.119729;0.412516;0.200000;0.200000;0.000000;-0.598646;2.062582;
1.000473;0.119722;0.412411;0.200000;0.119722;0.412411;0.200000;0.200000;0.000000;-0.598611;2.062057;
1.000480;0.119715;0.412306;0.200000;0.119715;0.412306;0.200000;0.200000;0.000000;-0.598576;2.061531;
1.000486;0.119708;0.412201;0.200000;0.119708;0.412201;0.200000;0.200000;0.000000;-0.598541;2.061005;
1.000493;0.119701;0.412096;0.200000;0.119701;0.412096;0.200000;0.200000;0.000000;-0.598506;2.060480;
1.000499;0.119694;0.411991;0.200000;0.119694;0.411991;0.200000;0.200000;0.000000;-0.598470;2.059954;
1.000506;0.119687;0.411886;0.200000;0.119687;0.411886;0.200000;0.200000;0.000000;-0.598433;2.059428;
1.000512;0.119679;0.411780;0.200000;0.119679;0.411780;0.200000;0.200000;0.000000;-0.598397;2.058902;
1.000519;0.119672;0.411675;0.200000;0.119672;0.411675;0.200000;0.200000;0.000000;-0.598360;2.058377;
1.000525;0.119664;0.411570;0.200000;0.119664;0.411570;0.200000;0.200000;0.000000;-0.598322;2.057851;
1.000532;0.119657;0.411465;0.200000;0.119657;0.411465;0.200000;0.200000;0.000000;-0.598285;2.057325;
1.000539;0.119649;0.411360;0.200000;0.119649;0.411360;0.200000;0.200000;0.000000;-0.598247;2.056799;
1.000545;0.119642;0.411255;0.200000;0.119642;0.411255;0.200000;0.200000;0.000000;-0.598208;2.056273;
1.000552;0.119634;0.411150;0.200000;0.119634;0.411150;0.200000;0.200000;0.000000;-0.598170;2.055748;
1.000558;0.119626;0.411044;0.200000;0.119626;0.411044;0.200000;0.200000;0.000000;-0.598131;2.055222;
1.000565;0.119618;0.410939;0.200000;0.119618;0.410939;0.200000;0.200000;0.000000;-0.598091;2.054696;
1.000571;0.119610;0.410834;0.200000;0.119610;0.410834;0.200000;0.200000;0.000000;-0.598052;2.054170;
1.000578;0.119602;0.410729;0.200000;0.119602;0.410729;0.200000;0.200000;0.000000;-0.598012;2.053644;
1.000584;0.119594;0.410624;0.200000;0.119594;0.410624;0.200000;0.200000;0.000000;-0.597972;2.053118;
1.000591;0.119586;0.410518;0.200000;0.119586;0.410518;0.200000;0.200000;0.000000;-0.597931;2.052592;
1.000597;0.119578;0.410413;0.200000;0.119578;0.410413;0.200000;0.200000;0.000000;-0.597890;2.052066;
1.000604;0.119570;0.410308;0.200000;0.119570;0.410308;0.200000;0.200000;0.000000;-0.597849;2.051540;
1.000611;0.119561;0.410203;0.200000;0.119561;0.410203;0.200000;0.200000;0.000000;-0.597807;2.051014;
1.000617;0.119553;0.410098;0.200000;0.119553;0.410098;0.200000;0.200000;0.000000;-0.597765;2.050488;
1.000624;0.119545;0.409992;0.200000;0.119545;0.409992;0.200000;0.200000;0.000000;-0.597723;2.049962;
1.000630;0.119536;0.409887;0.200000;0.119536;0.409887;0.200000;0.200000;0.000000;-0.597681;2.049435;
1.000637;0.119528;0.409782;0.200000;0.119528;0.409782;0.200000;0.200000;0.000000;-0.597638;2.048909;
1.000643;0.119519;0.409677;0.200000;0.119519;0.409677;0.200000;0.200000;0.000000;-0.597595;2.048383;
1.000650;0.119510;0.409571;0.200000;0.119510;0.409571;0.200000;0.200000;0.000000;-0.597551;2.047857;
1.000656;0.119501;0.409466;0.200000;0.119501;0.409466;0.200000;0.200000;0.000000;-0.597507;2.047331;
1.000663;0.119493;0.409361;0.200000;0.119493;0.409361;0.200000;0.200000;0.000000;-0.597463;2.046805;
1.000668;0.119486;0.409280;0.200000;0.119486;0.409280;0.200000;0.200000;0.000000;-0.597429;2.046402;
1.000668;0.119486;0.409280;0.200000;0.119486;0.409280;0.200000;0.200000;0.000000;-0.597429;2.046401;
1.000668;0.119486;0.409280;0.200000;0.119486;0.409280;0.200000;0.200000;0.000000;-0.597428;2.046399;
1.000668;0.119486;0.409279;0.200000;0.119486;0.409279;0.200000;0.200000;0.000000;-0.597428;2.046393;
1.000668;0.119485;0.409276;0.200000;0.119485;0.409276;0.200000;0.200000;0.000000;-0.597427;2.046381;
1.000668;0.119485;0.409272;0.200000;0.119485;0.409272;0.200000;0.200000;0.000000;-0.597425;2.046358;
1.000669;0.119484;0.409262;0.200000;0.119484;0.409262;0.200000;0.200000;0.000000;-0.597421;2.046312;
1.000670;0.119483;0.409244;0.200000;0.119483;0.409244;0.200000;0.200000;0.000000;-0.597413;2.046219;
1.000672;0.119479;0.409207;0.200000;0.119479;0.409207;0.200000;0.200000;0.000000;-0.597397;2.046034;
1.000677;0.119473;0.409133;0.200000;0.119473;0.409133;0.200000;0.200000;0.000000;-0.597366;2.045664;
1.000682;0.119467;0.409059;0.200000;0.119467;0.409059;0.200000;0.200000;0.000000;-0.597334;2.045293;
1.000686;0.119460;0.408985;0.200000;0.119460;0.408985;0.200000;0.200000;0.000000;-0.597302;2.044923;
1.000691;0.119454;0.408911;0.200000;0.119454;0.408911;0.200000;0.200000;0.000000;-0.597270;2.044553;
1.000695;0.119447;0.408836;0.200000;0.119447;0.408836;0.200000;0.200000;0.000000;-0.597237;2.044182;
1.000700;0.119441;0.408762;0.200000;0.119441;0.408762;0.200000;0.200000;0.000000;-0.597205;2.043812;
1.000705;0.119434;0.408688;0.200000;0.119434;0.408688;0.200000;0.200000;0.000000;-0.597172;2.043442;
1.000709;0.119428;0.408614;0.200000;0.119428;0.408614;0.200000;0.200000;0.000000;-0.597139;2.043071;
1.000714;0.119421;0.408540;0.200000;0.119421;0.408540;0.200000;0.200000;0.000000;-0.597106;2.042701;
1.000718;0.119415;0.408466;0.200000;0.119415;0.408466;0.200000;0.200000;0.000000;-0.597073;2.042330;
1.000723;0.119408;0.408392;0.200000;0.119408;0.408392;0.200000;0.200000;0.000000;-0.597039;2.041960;
1.000728;0.119401;0.408318;0.200000;0.119401;0.408318;0.200000;0.200000;0.000000;-0.597006;2.041590;
1.000732;0.119394;0.408244;0.200000;0.119394;0.408244;0.200000;0.200000;0.000000;-0.596972;2.041219;
1.000737;0.119388;0.408170;0.200000;0.119388;0.408170;0.200000;0.200000;0.000000;-0.596938;2.040849;
1.000742;0.119381;0.408096;0.200000;0.119381;0.408096;0.200000;0.200000;0.000000;-0.596904;2.040479;
1.000746;0.119374;0.408022;0.200000;0.119374;0.408022;0.200000;0.200000;0.000000;-0.596870;2.040108;
1.000751;0.119367;0.407948;0.200000;0.119367;0.407948;0.200000;0.200000;0.000000;-0.596835;2.039738;
1.000755;0.119360;0.407874;0.200000;0.119360;0.407874;0.200000;0.200000;0.000000;-0.596801;2.039368;
1.000760;0.119353;0.407799;0.200000;0.119353;0.407799;0.200000;0.200000;0.000000;-0.596766;2.038997;
1.000765;0.119346;0.407725;0.200000;0.119346;0.407725;0.200000;0.200000;0.000000;-0.596731;2.038627;
1.000769;0.119339;0.407651;0.200000;0.119339;0.407651;0.200000;0.200000;0.000000;-0.596696;2.038257;
1.000778;0.119325;0.407503;0.200000;0.119325;0.407503;0.200000;0.200000;0.000000;-0.596626;2.037516;
1.000786;0.119313;0.407379;0.200000;0.119313;0.407379;0.200000;0.200000;0.000000;-0.596566;2.036893;
1.000794;0.119301;0.407254;0.200000;0.119301;0.407254;0.200000;0.200000;0.000000;-0.596505;2.036270;
1.000802;0.119289;0.407129;0.200000;0.119289;0.407129;0.200000;0.200000;0.000000;-0.596444;2.035646;
1.000809;0.119277;0.407005;0.200000;0.119277;0.407005;0.200000;0.200000;0.000000;-0.596383;2.035023;
1.000817;0.119264;0.406880;0.200000;0.119264;0.406880;0.200000;0.200000;0.000000;-0.596322;2.034400;
1.000825;0.119252;0.406755;0.200000;0.119252;0.406755;0.200000;0.200000;0.000000;-0.596259;2.033777;
1.000833;0.119239;0.406631;0.200000;0.119239;0.406631;0.200000;0.200000;0.000000;-0.596197;2.033154;
1.000840;0.119227;0.406506;0.200000;0.119227;0.406506;0.200000;0.200000;0.000000;-0.596134;2.032531;
1.000848;0.119214;0.406382;0.200000;0.119214;0.406382;0.200000;0.200000;0.000000;-0.596071;2.031908;
1.000856;0.119201;0.406257;0.200000;0.119201;0.406257;0.200000;0.200000;0.000000;-0.596007;2.031285;
1.000864;0.119189;0.406132;0.200000;0.119189;0.406132;0.200000;0.200000;0.000000;-0.595943;2.030662;
1.000871;0.119176;0.406008;0.200000;0.119176;0.406008;0.200000;0.200000;0.000000;-0.595878;2.030040;
1.000879;0.119163;0.405883;0.200000;0.119163;0.405883;0.200000;0.200000;0.000000;-0.595813;2.029417;
1.000887;0.119150;0.405759;0.200000;0.119150;0.405759;0.200000;0.200000;0.000000;-0.595748;2.028795;
1.000895;0.119136;0.405635;0.200000;0.119136;0.405635;0.200000;0.200000;0.000000;-0.595682;2.028173;
1.000902;0.119123;0.405510;0.200000;0.119123;0.405510;0.200000;0.200000;0.000000;-0.595616;2.027550;
1.000910;0.119110;0.405386;0.200000;0.119110;0.405386;0.200000;0.200000;0.000000;-0.595550;2.026928;
1.000918;0.119097;0.405261;0.200000;0.119097;0.405261;0.200000;0.200000;0.000000;-0.595483;2.026306;
1.000926;0.119083;0.405137;0.200000;0.119083;0.405137;0.200000;0.200000;0.000000;-0.595416;2.025685;
1.000933;0.119070;0.405013;0.200000;0.119070;0.405013;0.200000;0.200000;0.000000;-0.595348;2.025063;
1.000941;0.119056;0.404888;0.200000;0.119056;0.404888;0.200000;0.200000;0.000000;-0.595280;2.024441;
1.000949;0.119042;0.404764;0.200000;0.119042;0.404764;0.200000;0.200000;0.000000;-0.595212;2.023820;
1.000957;0.119029;0.404640;0.200000;0.119029;0.404640;0.200000;0.200000;0.000000;-0.595143;2.023199;
1.000964;0.119015;0.404515;0.200000;0.119015;0.404515;0.200000;0.200000;0.000000;-0.595074;2.022577;
1.000972;0.119001;0.404391;0.200000;0.119001;0.404391;0.200000;0.200000;0.000000;-0.595005;2.021956;
1.000980;0.118987;0.404267;0.200000;0.118987;0.404267;0.200000;0.200000;0.000000;-0.594935;2.021335;
1.000988;0.118973;0.404143;0.200000;0.118973;0.404143;0.200000;0.200000;0.000000;-0.594865;2.020715;
1.000996;0.118959;0.404019;0.200000;0.118959;0.404019;0.200000;0.200000;0.000000;-0.594794;2.020094;
1.001003;0.118945;0.403895;0.200000;0.118945;0.403895;0.200000;0.200000;0.000000;-0.594724;2.019474;
1.001011;0.118931;0.403771;0.200000;0.118931;0.403771;0.200000;0.200000;0.000000;-0.594653;2.018853;
1.001019;0.118916;0.403647;0.200000;0.118916;0.403647;0.200000;0.200000;0.000000;-0.594581;2.018233;
1.001027;0.118902;0.403523;0.200000;0.118902;0.403523;0.200000;0.200000;0.000000;-0.594509;2.017613;
1.001034;0.118887;0.403399;0.200000;0.118887;0.403399;0.200000;0.200000;0.000000;-0.594437;2.016994;
1.001039;0.118879;0.403329;0.200000;0.118879;0.403329;0.200000;0.200000;0.000000;-0.594397;2.016644;
1.001039;0.118879;0.403328;0.200000;0.118879;0.403328;0.200000;0.200000;0.000000;-0.594396;2.016641;
1.001039;0.118879;0.403327;0.200000;0.118879;0.403327;0.200000;0.200000;0.000000;-0.594395;2.016635;
1.001039;0.118879;0.403324;0.200000;0.118879;0.403324;0.200000;0.200000;0.000000;-0.594394;2.016622;
1.001039;0.118878;0.403319;0.200000;0.118878;0.403319;0.200000;0.200000;0.000000;-0.594391;2.016596;
1.001040;0.118877;0.403309;0.200000;0.118877;0.403309;0.200000;0.200000;0.000000;-0.594385;2.016545;
1.001041;0.118875;0.403288;0.200000;0.118875;0.403288;0.200000;0.200000;0.000000;-0.594373;2.016442;
1.001044;0.118870;0.403247;0.200000;0.118870;0.403247;0.200000;0.200000;0.000000;-0.594349;2.016237;
1.001049;0.118860;0.403165;0.200000;0.118860;0.403165;0.200000;0.200000;0.000000;-0.594301;2.015826;
1.001054;0.118850;0.403083;0.200000;0.118850;0.403083;0.200000;0.200000;0.000000;-0.594252;2.015415;
1.001064;0.118831;0.402919;0.200000;0.118831;0.402919;0.200000;0.200000;0.000000;-0.594155;2.014594;
1.001074;0.118813;0.402771;0.200000;0.118813;0.402771;0.200000;0.200000;0.000000;-0.594067;2.013857;
1.001083;0.118796;0.402624;0.200000;0.118796;0.402624;0.200000;0.200000;0.000000;-0.593979;2.013119;
1.001092;0.118778;0.402476;0.200000;0.118778;0.402476;0.200000;0.200000;0.000000;-0.593890;2.012382;
1.001101;0.118760;0.402329;0.200000;0.118760;0.402329;0.200000;0.200000;0.000000;-0.593801;2.011645;
1.001111;0.118742;0.402182;0.200000;0.118742;0.402182;0.200000;0.200000;0.000000;-0.593712;2.010908;
1.001120;0.118724;0.402034;0.200000;0.118724;0.402034;0.200000;0.200000;0.000000;-0.593622;2.010172;
1.001129;0.118706;0.401887;0.200000;0.118706;0.401887;0.200000;0.200000;0.000000;-0.593531;2.009436;
1.001138;0.118688;0.401740;0.200000;0.118688;0.401740;0.200000;0.200000;0.000000;-0.593440;2.008700;
1.001148;0.118670;0.401593;0.200000;0.118670;0.401593;0.200000;0.200000;0.000000;-0.593349;2.007964;
1.001157;0.118652;0.401446;0.200000;0.118652;0.401446;0.200000;0.200000;0.000000;-0.593258;2.007229;
1.001166;0.118633;0.401299;0.200000;0.118633;0.401299;0.200000;0.200000;0.000000;-0.593166;2.006494;
1.001175;0.118615;0.401152;0.200000;0.118615;0.401152;0.200000;0.200000;0.000000;-0.593073;2.005760;
1.001185;0.118596;0.401005;0.200000;0.118596;0.401005;0.200000;0.200000;0.000000;-0.592980;2.005026;
1.001194;0.118577;0.400858;0.200000;0.118577;0.400858;0.200000;0.200000;0.000000;-0.592887;2.004292;
1.001203;0.118559;0.400712;0.200000;0.118559;0.400712;0.200000;0.200000;0.000000;-0.592794;2.003558;
1.001212;0.118540;0.400565;0.200000;0.118540;0.400565;0.200000;0.200000;0.000000;-0.592700;2.002825;
1.001222;0.118521;0.400418;0.200000;0.118521;0.400418;0.200000;0.200000;0.000000;-0.592605;2.002092;
1.001231;0.118502;0.400272;0.200000;0.118502;0.400272;0.200000;0.200000;0.000000;-0.592511;2.001360;
1.001240;0.118483;0.400126;0.200000;0.118483;0.400126;0.200000;0.200000;0.000000;-0.592416;2.000628;
1.001249;0.118464;0.399979;0.200000;0.118464;0.399979;0.200000;0.200000;0.000000;-0.592321;1.999896;
1.001258;0.118445;0.399833;0.200000;0.118445;0.399833;0.200000;0.200000;0.000000;-0.592225;1.999164;
1.001268;0.118426;0.399687;0.200000;0.118426;0.399687;0.200000;0.200000;0.000000;-0.592129;1.998433;
1.001277;0.118406;0.399541;0.200000;0.118406;0.399541;0.200000;0.200000;0.000000;-0.592032;1.997703;
1.001286;0.118387;0.399394;0.200000;0.118387;0.399394;0.200000;0.200000;0.000000;-0.591936;1.996972;
1.001295;0.118368;0.399248;0.200000;0.118368;0.399248;0.200000;0.200000;0.000000;-0.591839;1.996242;
1.001305;0.118348;0.399103;0.200000;0.118348;0.399103;0.200000;0.200000;0.000000;-0.591741;1.995513;
1.001314;0.118329;0.398957;0.200000;0.118329;0.398957;0.200000;0.200000;0.000000;-0.591644;1.994784;
1.001323;0.118309;0.398811;0.200000;0.118309;0.398811;0.200000;0.200000;0.000000;-0.591546;1.994055;
1.001332;0.118289;0.398665;0.200000;0.118289;0.398665;0.200000;0.200000;0.000000;-0.591447;1.993327;
1.001342;0.118270;0.398520;0.200000;0.118270;0.398520;0.200000;0.200000;0.000000;-0.591349;1.992599;
1.001351;0.118250;0.398374;0.200000;0.118250;0.398374;0.200000;0.200000;0.000000;-0.591250;1.991871;
1.001360;0.118230;0.398229;0.200000;0.118230;0.398229;0.200000;0.200000;0.000000;-0.591151;1.991144;
1.001369;0.118210;0.398083;0.200000;0.118210;0.398083;0.200000;0.200000;0.000000;-0.591051;1.990417;
1.001379;0.118190;0.397938;0.200000;0.118190;0.397938;0.200000;0.200000;0.000000;-0.590951;1.989691;
1.001388;0.118170;0.397793;0.200000;0.118170;0.397793;0.200000;0.200000;0.000000;-0.590851;1.988965;
1.001397;0.118150;0.397648;0.200000;0.118150;0.397648;0.200000;0.200000;0.000000;-0.590751;1.988239;
1.001406;0.118130;0.397503;0.200000;0.118130;0.397503;0.200000;0.200000;0.000000;-0.590650;1.987514;
1.001416;0.118110;0.397358;0.200000;0.118110;0.397358;0.200000;0.200000;0.000000;-0.590549;1.986790;
1.001425;0.118090;0.397213;0.200000;0.118090;0.397213;0.200000;0.200000;0.000000;-0.590448;1.986065;
1.001434;0.118069;0.397068;0.200000;0.118069;0.397068;0.200000;0.200000;0.000000;-0.590346;1.985342;
1.001443;0.118049;0.396924;0.200000;0.118049;0.396924;0.200000;0.200000;0.000000;-0.590244;1.984618;
1.001453;0.118028;0.396779;0.200000;0.118028;0.396779;0.200000;0.200000;0.000000;-0.590142;1.983895;
1.001462;0.118008;0.396635;0.200000;0.118008;0.396635;0.200000;0.200000;0.000000;-0.590040;1.983173;
1.001471;0.117987;0.396490;0.200000;0.117987;0.396490;0.200000;0.200000;0.000000;-0.589937;1.982451;
1.001480;0.117967;0.396346;0.200000;0.117967;0.396346;0.200000;0.200000;0.000000;-0.589835;1.981729;
1.001490;0.117946;0.396202;0.200000;0.117946;0.396202;0.200000;0.200000;0.000000;-0.589732;1.981008;
1.001499;0.117926;0.396057;0.200000;0.117926;0.396057;0.200000;0.200000;0.000000;-0.589628;1.980287;
1.001508;0.117905;0.395913;0.200000;0.117905;0.395913;0.200000;0.200000;0.000000;-0.589525;1.979567;
1.001517;0.117884;0.395770;0.200000;0.117884;0.395770;0.200000;0.200000;0.000000;-0.589421;1.978848;
1.001527;0.117863;0.395626;0.200000;0.117863;0.395626;0.200000;0.200000;0.000000;-0.589317;1.978128;
1.001536;0.117842;0.395482;0.200000;0.117842;0.395482;0.200000;0.200000;0.000000;-0.589212;1.977409;
1.001545;0.117822;0.395338;0.200000;0.117822;0.395338;0.200000;0.200000;0.000000;-0.589108;1.976691;
1.001554;0.117801;0.395195;0.200000;0.117801;0.395195;0.200000;0.200000;0.000000;-0.589003;1.975973;
1.001564;0.117780;0.395051;0.200000;0.117780;0.395051;0.200000;0.200000;0.000000;-0.588898;1.975256;
1.001573;0.117759;0.394908;0.200000;0.117759;0.394908;0.200000;0.200000;0.000000;-0.588793;1.974539;
1.001582;0.117737;0.394765;0.200000;0.117737;0.394765;0.200000;0.200000;0.000000;-0.588687;1.973823;
1.001591;0.117716;0.394621;0.200000;0.117716;0.394621;0.200000;0.200000;0.000000;-0.588582;1.973107;
1.001601;0.117695;0.394478;0.200000;0.117695;0.394478;0.200000;0.200000;0.000000;-0.588476;1.972391;
1.001610;0.117674;0.394335;0.200000;0.117674;0.394335;0.200000;0.200000;0.000000;-0.588370;1.971676;
1.001619;0.117653;0.394192;0.200000;0.117653;0.394192;0.200000;0.200000;0.000000;-0.588264;1.970962;
1.001628;0.117631;0.394050;0.200000;0.117631;0.394050;0.200000;0.200000;0.000000;-0.588157;1.970248;
1.001638;0.117610;0.393907;0.200000;0.117610;0.393907;0.200000;0.200000;0.000000;-0.588050;1.969534;
1.001647;0.117589;0.393764;0.200000;0.117589;0.393764;0.200000;0.200000;0.000000;-0.587944;1.968821;
1.001656;0.117567;0.393622;0.200000;0.117567;0.393622;0.200000;0.200000;0.000000;-0.587836;1.968109;
1.001665;0.117546;0.393479;0.200000;0.117546;0.393479;0.200000;0.200000;0.000000;-0.587729;1.967397;
1.001675;0.117524;0.393337;0.200000;0.117524;0.393337;0.200000;0.200000;0.000000;-0.587622;1.966686;
1.001684;0.117503;0.393195;0.200000;0.117503;0.393195;0.200000;0.200000;0.000000;-0.587514;1.965975;
1.001693;0.117481;0.393053;0.200000;0.117481;0.393053;0.200000;0.200000;0.000000;-0.587406;1.965264;
1.001702;0.117460;0.392911;0.200000;0.117460;0.392911;0.200000;0.200000;0.000000;-0.587298;1.964554;
1.001712;0.117438;0.392769;0.200000;0.117438;0.392769;0.200000;0.200000;0.000000;-0.587190;1.963845;
1.001721;0.117416;0.392627;0.200000;0.117416;0.392627;0.200000;0.200000;0.000000;-0.587082;1.963136;
1.001730;0.117395;0.392486;0.200000;0.117395;0.392486;0.200000;0.200000;0.000000;-0.586973;1.962428;
1.001739;0.117373;0.392344;0.200000;0.117373;0.392344;0.200000;0.200000;0.000000;-0.586865;1.961720;
1.001749;0.117351;0.392202;0.200000;0.117351;0.392202;0.200000;0.200000;0.000000;-0.586756;1.961012;
1.001758;0.117329;0.392061;0.200000;0.117329;0.392061;0.200000;0.200000;0.000000;-0.586647;1.960306;
1.001767;0.117307;0.391920;0.200000;0.117307;0.391920;0.200000;0.200000;0.000000;-0.586537;1.959599;
1.001776;0.117286;0.391779;0.200000;0.117286;0.391779;0.200000;0.200000;0.000000;-0.586428;1.958894;
1.001785;0.117264;0.391638;0.200000;0.117264;0.391638;0.200000;0.200000;0.000000;-0.586319;1.958189;
1.001795;0.117242;0.391497;0.200000;0.117242;0.391497;0.200000;0.200000;0.000000;-0.586209;1.957484;
1.001804;0.117220;0.391356;0.200000;0.117220;0.391356;0.200000;0.200000;0.000000;-0.586099;1.956780;
1.001813;0.117198;0.391215;0.200000;0.117198;0.391215;0.200000;0.200000;0.000000;-0.585989;1.956076;
1.001822;0.117176;0.391075;0.200000;0.117176;0.391075;0.200000;0.200000;0.000000;-0.585879;1.955373;
1.001832;0.117154;0.390934;0.200000;0.117154;0.390934;0.200000;0.200000;0.000000;-0.585769;1.954671;
1.001841;0.117132;0.390794;0.200000;0.117132;0.390794;0.200000;0.200000;0.000000;-0.585658;1.953969;
1.001850;0.117110;0.390653;0.200000;0.117110;0.390653;0.200000;0.200000;0.000000;-0.585548;1.953267;
1.001859;0.117087;0.390513;0.200000;0.117087;0.390513;0.200000;0.200000;0.000000;-0.585437;1.952567;
1.001869;0.117065;0.390373;0.200000;0.117065;0.390373;0.200000;0.200000;0.000000;-0.585326;1.951866;
1.001878;0.117043;0.390233;0.200000;0.117043;0.390233;0.200000;0.200000;0.000000;-0.585215;1.951166;
1.001887;0.117021;0.390093;0.200000;0.117021;0.390093;0.200000;0.200000;0.000000;-0.585104;1.950467;
1.001896;0.116999;0.389954;0.200000;0.116999;0.389954;0.200000;0.200000;0.000000;-0.584993;1.949769;
1.001906;0.116976;0.389814;0.200000;0.116976;0.389814;0.200000;0.200000;0.000000;-0.584882;1.949071;
1.001915;0.116954;0.389675;0.200000;0.116954;0.389675;0.200000;0.200000;0.000000;-0.584770;1.948373;
1.001924;0.116932;0.389535;0.200000;0.116932;0.389535;0.200000;0.200000;0.000000;-0.584659;1.947676;
1.001933;0.116909;0.389396;0.200000;0.116909;0.389396;0.200000;0.200000;0.000000;-0.584547;1.946980;
1.001943;0.116887;0.389257;0.200000;0.116887;0.389257;0.200000;0.200000;0.000000;-0.584435;1.946284;
1.001952;0.116865;0.389118;0.200000;0.116865;0.389118;0.200000;0.200000;0.000000;-0.584324;1.945589;
1.001961;0.116842;0.388979;0.200000;0.116842;0.388979;0.200000;0.200000;0.000000;-0.584212;1.944894;
1.001970;0.116820;0.388840;0.200000;0.116820;0.388840;0.200000;0.200000;0.000000;-0.584099;1.944200;
1.001980;0.116797;0.388701;0.200000;0.116797;0.388701;0.200000;0.200000;0.000000;-0.583987;1.943506;
1.001989;0.116775;0.388563;0.200000;0.116775;0.388563;0.200000;0.200000;0.000000;-0.583875;1.942813;
1.001998;0.116752;0.388424;0.200000;0.116752;0.388424;0.200000;0.200000;0.000000;-0.583762;1.942121;
1.002007;0.116730;0.388286;0.200000;0.116730;0.388286;0.200000;0.200000;0.000000;-0.583650;1.941429;
1.002017;0.116707;0.388148;0.200000;0.116707;0.388148;0.200000;0.200000;0.000000;-0.583537;1.940738;
1.002026;0.116685;0.388009;0.200000;0.116685;0.388009;0.200000;0.200000;0.000000;-0.583425;1.940047;
1.002035;0.116662;0.387871;0.200000;0.116662;0.387871;0.200000;0.200000;0.000000;-0.583312;1.939357;
1.002044;0.116640;0.387733;0.200000;0.116640;0.387733;0.200000;0.200000;0.000000;-0.583199;1.938667;
1.002054;0.116617;0.387596;0.200000;0.116617;0.387596;0.200000;0.200000;0.000000;-0.583086;1.937978;
1.002063;0.116595;0.387458;0.200000;0.116595;0.387458;0.200000;0.200000;0.000000;-0.582973;1.937290;
1.002072;0.116572;0.387320;0.200000;0.116572;0.387320;0.200000;0.200000;0.000000;-0.582860;1.936602;
1.002091;0.116527;0.387046;0.200000;0.116527;0.387046;0.200000;0.200000;0.000000;-0.582633;1.935229;
1.002107;0.116487;0.386808;0.200000;0.116487;0.386808;0.200000;0.200000;0.000000;-0.582436;1.934040;
1.002123;0.116448;0.386571;0.200000;0.116448;0.386571;0.200000;0.200000;0.000000;-0.582239;1.932853;
1.002139;0.116408;0.386334;0.200000;0.116408;0.386334;0.200000;0.200000;0.000000;-0.582042;1.931668;
1.002155;0.116369;0.386097;0.200000;0.116369;0.386097;0.200000;0.200000;0.000000;-0.581845;1.930484;
1.002171;0.116329;0.385861;0.200000;0.116329;0.385861;0.200000;0.200000;0.000000;-0.581647;1.929303;
1.002187;0.116290;0.385625;0.200000;0.116290;0.385625;0.200000;0.200000;0.000000;-0.581449;1.928123;
1.002203;0.116250;0.385389;0.200000;0.116250;0.385389;0.200000;0.200000;0.000000;-0.581251;1.926944;
1.002219;0.116211;0.385154;0.200000;0.116211;0.385154;0.200000;0.200000;0.000000;-0.581053;1.925768;
1.002235;0.116171;0.384919;0.200000;0.116171;0.384919;0.200000;0.200000;0.000000;-0.580855;1.924594;
1.002251;0.116131;0.384684;0.200000;0.116131;0.384684;0.200000;0.200000;0.000000;-0.580656;1.923421;
1.002267;0.116092;0.384450;0.200000;0.116092;0.384450;0.200000;0.200000;0.000000;-0.580458;1.922250;
1.002283;0.116052;0.384216;0.200000;0.116052;0.384216;0.200000;0.200000;0.000000;-0.580259;1.921081;
1.002299;0.116012;0.383983;0.200000;0.116012;0.383983;0.200000;0.200000;0.000000;-0.580060;1.919914;
1.002315;0.115972;0.383750;0.200000;0.115972;0.383750;0.200000;0.200000;0.000000;-0.579861;1.918748;
1.002331;0.115932;0.383517;0.200000;0.115932;0.383517;0.200000;0.200000;0.000000;-0.579662;1.917584;
1.002347;0.115893;0.383285;0.200000;0.115893;0.383285;0.200000;0.200000;0.000000;-0.579463;1.916423;
1.002363;0.115853;0.383053;0.200000;0.115853;0.383053;0.200000;0.200000;0.000000;-0.579264;1.915263;
1.002379;0.115813;0.382821;0.200000;0.115813;0.382821;0.200000;0.200000;0.000000;-0.579064;1.914105;
1.002395;0.115773;0.382590;0.200000;0.115773;0.382590;0.200000;0.200000;0.000000;-0.578865;1.912948;
1.002411;0.115733;0.382359;0.200000;0.115733;0.382359;0.200000;0.200000;0.000000;-0.578666;1.911794;
1.002427;0.115693;0.382128;0.200000;0.115693;0.382128;0.200000;0.200000;0.000000;-0.578466;1.910641;
1.002443;0.115653;0.381898;0.200000;0.115653;0.381898;0.200000;0.200000;0.000000;-0.578266;1.909491;
1.002459;0.115613;0.381668;0.200000;0.115613;0.381668;0.200000;0.200000;0.000000;-0.578067;1.908342;
1.002475;0.115573;0.381439;0.200000;0.115573;0.381439;0.200000;0.200000;0.000000;-0.577867;1.907195;
1.002491;0.115533;0.381210;0.200000;0.115533;0.381210;0.200000;0.200000;0.000000;-0.577667;1.906049;
1.002507;0.115494;0.380981;0.200000;0.115494;0.380981;0.200000;0.200000;0.000000;-0.577468;1.904906;
1.002523;0.115454;0.380753;0.200000;0.115454;0.380753;0.200000;0.200000;0.000000;-0.577268;1.903765;
1.002540;0.115414;0.380525;0.200000;0.115414;0.380525;0.200000;0.200000;0.000000;-0.577068;1.902625;
1.002556;0.115374;0.380297;0.200000;0.115374;0.380297;0.200000;0.200000;0.000000;-0.576868;1.901487;
1.002572;0.115334;0.380070;0.200000;0.115334;0.380070;0.200000;0.200000;0.000000;-0.576668;1.900351;
1.002588;0.115294;0.379843;0.200000;0.115294;0.379843;0.200000;0.200000;0.000000;-0.576469;1.899217;
1.002604;0.115254;0.379617;0.200000;0.115254;0.379617;0.200000;0.200000;0.000000;-0.576269;1.898085;
1.002620;0.115214;0.379391;0.200000;0.115214;0.379391;0.200000;0.200000;0.000000;-0.576069;1.896955;
1.002636;0.115174;0.379165;0.200000;0.115174;0.379165;0.200000;0.200000;0.000000;-0.575869;1.895827;
1.002652;0.115134;0.378940;0.200000;0.115134;0.378940;0.200000;0.200000;0.000000;-0.575670;1.894700;
1.002668;0.115094;0.378715;0.200000;0.115094;0.378715;0.200000;0.200000;0.000000;-0.575470;1.893575;
1.002684;0.115054;0.378491;0.200000;0.115054;0.378491;0.200000;0.200000;0.000000;-0.575271;1.892453;
1.002700;0.115014;0.378266;0.200000;0.115014;0.378266;0.200000;0.200000;0.000000;-0.575071;1.891332;
1.002716;0.114974;0.378043;0.200000;0.114974;0.378043;0.200000;0.200000;0.000000;-0.574872;1.890213;
1.002732;0.114934;0.377819;0.200000;0.114934;0.377819;0.200000;0.200000;0.000000;-0.574672;1.889095;
1.002748;0.114895;0.377596;0.200000;0.114895;0.377596;0.200000;0.200000;0.000000;-0.574473;1.887980;
1.002764;0.114855;0.377373;0.200000;0.114855;0.377373;0.200000;0.200000;0.000000;-0.574273;1.886867;
1.002780;0.114815;0.377151;0.200000;0.114815;0.377151;0.200000;0.200000;0.000000;-0.574074;1.885755;
1.002796;0.114775;0.376929;0.200000;0.114775;0.376929;0.200000;0.200000;0.000000;-0.573875;1.884645;
1.002812;0.114735;0.376708;0.200000;0.114735;0.376708;0.200000;0.200000;0.000000;-0.573676;1.883538;
1.002828;0.114695;0.376486;0.200000;0.114695;0.376486;0.200000;0.200000;0.000000;-0.573477;1.882432;
1.002844;0.114656;0.376266;0.200000;0.114656;0.376266;0.200000;0.200000;0.000000;-0.573278;1.881328;
1.002860;0.114616;0.376045;0.200000;0.114616;0.376045;0.200000;0.200000;0.000000;-0.573080;1.880226;
1.002876;0.114576;0.375825;0.200000;0.114576;0.375825;0.200000;0.200000;0.000000;-0.572881;1.879125;
1.002892;0.114537;0.375605;0.200000;0.114537;0.375605;0.200000;0.200000;0.000000;-0.572683;1.878027;
1.002908;0.114497;0.375386;0.200000;0.114497;0.375386;0.200000;0.200000;0.000000;-0.572484;1.876930;
1.002924;0.114457;0.375167;0.200000;0.114457;0.375167;0.200000;0.200000;0.000000;-0.572286;1.875836;
1.002940;0.114418;0.374949;0.200000;0.114418;0.374949;0.200000;0.200000;0.000000;-0.572088;1.874743;
1.002956;0.114378;0.374730;0.200000;0.114378;0.374730;0.200000;0.200000;0.000000;-0.571890;1.873652;
1.002972;0.114338;0.374513;0.200000;0.114338;0.374513;0.200000;0.200000;0.000000;-0.571692;1.872563;
1.002988;0.114299;0.374295;0.200000;0.114299;0.374295;0.200000;0.200000;0.000000;-0.571494;1.871476;
1.003004;0.114259;0.374078;0.200000;0.114259;0.374078;0.200000;0.200000;0.000000;-0.571297;1.870390;
1.003020;0.114220;0.373861;0.200000;0.114220;0.373861;0.200000;0.200000;0.000000;-0.571099;1.869307;
1.003037;0.114180;0.373645;0.200000;0.114180;0.373645;0.200000;0.200000;0.000000;-0.570902;1.868225;
1.003053;0.114141;0.373429;0.200000;0.114141;0.373429;0.200000;0.200000;0.000000;-0.570705;1.867146;
1.003069;0.114102;0.373214;0.200000;0.114102;0.373214;0.200000;0.200000;0.000000;-0.570508;1.866068;
1.003085;0.114062;0.372998;0.200000;0.114062;0.372998;0.200000;0.200000;0.000000;-0.570312;1.864992;
1.003101;0.114023;0.372784;0.200000;0.114023;0.372784;0.200000;0.200000;0.000000;-0.570115;1.863918;
1.003117;0.113984;0.372569;0.200000;0.113984;0.372569;0.200000;0.200000;0.000000;-0.569919;1.862846;
1.003133;0.113945;0.372355;0.200000;0.113945;0.372355;0.200000;0.200000;0.000000;-0.569723;1.861775;
1.003149;0.113905;0.372141;0.200000;0.113905;0.372141;0.200000;0.200000;0.000000;-0.569527;1.860707;
1.003165;0.113866;0.371928;0.200000;0.113866;0.371928;0.200000;0.200000;0.000000;-0.569331;1.859640;
1.003181;0.113827;0.371715;0.200000;0.113827;0.371715;0.200000;0.200000;0.000000;-0.569135;1.858575;
1.003197;0.113788;0.371503;0.200000;0.113788;0.371503;0.200000;0.200000;0.000000;-0.568940;1.857513;
1.003213;0.113749;0.371290;0.200000;0.113749;0.371290;0.200000;0.200000;0.000000;-0.568745;1.856452;
1.003229;0.113710;0.371078;0.200000;0.113710;0.371078;0.200000;0.200000;0.000000;-0.568550;1.855392;
1.003245;0.113671;0.370867;0.200000;0.113671;0.370867;0.200000;0.200000;0.000000;-0.568355;1.854335;
1.003261;0.113632;0.370656;0.200000;0.113632;0.370656;0.200000;0.200000;0.000000;-0.568160;1.853279;
1.003277;0.113593;0.370445;0.200000;0.113593;0.370445;0.200000;0.200000;0.000000;-0.567966;1.852226;
1.003293;0.113554;0.370235;0.200000;0.113554;0.370235;0.200000;0.200000;0.000000;-0.567772;1.851174;
1.003309;0.113516;0.370025;0.200000;0.113516;0.370025;0.200000;0.200000;0.000000;-0.567578;1.850124;
1.003325;0.113477;0.369815;0.200000;0.113477;0.369815;0.200000;0.200000;0.000000;-0.567384;1.849076;
1.003341;0.113438;0.369606;0.200000;0.113438;0.369606;0.200000;0.200000;0.000000;-0.567191;1.848030;
1.003357;0.113400;0.369397;0.200000;0.113400;0.369397;0.200000;0.200000;0.000000;-0.566998;1.846985;
1.003373;0.113361;0.369189;0.200000;0.113361;0.369189;0.200000;0.200000;0.000000;-0.566805;1.845943;
1.003389;0.113322;0.368980;0.200000;0.113322;0.368980;0.200000;0.200000;0.000000;-0.566612;1.844902;
1.003405;0.113284;0.368773;0.200000;0.113284;0.368773;0.200000;0.200000;0.000000;-0.566420;1.843863;
1.003421;0.113245;0.368565;0.200000;0.113245;0.368565;0.200000;0.200000;0.000000;-0.566227;1.842826;
1.003437;0.113207;0.368358;0.200000;0.113207;0.368358;0.200000;0.200000;0.000000;-0.566035;1.841791;
1.003453;0.113169;0.368151;0.200000;0.113169;0.368151;0.200000;0.200000;0.000000;-0.565844;1.840757;
1.003469;0.113130;0.367945;0.200000;0.113130;0.367945;0.200000;0.200000;0.000000;-0.565652;1.839726;
1.003485;0.113092;0.367739;0.200000;0.113092;0.367739;0.200000;0.200000;0.000000;-0.565461;1.838696;
1.003501;0.113054;0.367534;0.200000;0.113054;0.367534;0.200000;0.200000;0.000000;-0.565270;1.837668;
1.003517;0.113016;0.367328;0.200000;0.113016;0.367328;0.200000;0.200000;0.000000;-0.565080;1.836642;
1.003534;0.112978;0.367123;0.200000;0.112978;0.367123;0.200000;0.200000;0.000000;-0.564889;1.835617;
1.003550;0.112940;0.366919;0.200000;0.112940;0.366919;0.200000;0.200000;0.000000;-0.564699;1.834595;
1.003566;0.112902;0.366715;0.200000;0.112902;0.366715;0.200000;0.200000;0.000000;-0.564509;1.833574;
1.003582;0.112864;0.366511;0.200000;0.112864;0.366511;0.200000;0.200000;0.000000;-0.564320;1.832555;
1.003598;0.112826;0.366308;0.200000;0.112826;0.366308;0.200000;0.200000;0.000000;-0.564130;1.831538;
1.003614;0.112788;0.366105;0.200000;0.112788;0.366105;0.200000;0.200000;0.000000;-0.563942;1.830523;
1.003630;0.112751;0.365902;0.200000;0.112751;0.365902;0.200000;0.200000;0.000000;-0.563753;1.829509;
1.003646;0.112713;0.365700;0.200000;0.112713;0.365700;0.200000;0.200000;0.000000;-0.563564;1.828498;
1.003662;0.112675;0.365498;0.200000;0.112675;0.365498;0.200000;0.200000;0.000000;-0.563376;1.827488;
1.003678;0.112638;0.365296;0.200000;0.112638;0.365296;0.200000;0.200000;0.000000;-0.563189;1.826480;
1.003694;0.112600;0.365095;0.200000;0.112600;0.365095;0.200000;0.200000;0.000000;-0.563001;1.825473;
1.003710;0.112563;0.364894;0.200000;0.112563;0.364894;0.200000;0.200000;0.000000;-0.562814;1.824469;
1.003726;0.112525;0.364693;0.200000;0.112525;0.364693;0.200000;0.200000;0.000000;-0.562627;1.823466;
1.003742;0.112488;0.364493;0.200000;0.112488;0.364493;0.200000;0.200000;0.000000;-0.562440;1.822465;
1.003758;0.112451;0.364293;0.200000;0.112451;0.364293;0.200000;0.200000;0.000000;-0.562254;1.821466;
1.003774;0.112414;0.364094;0.200000;0.112414;0.364094;0.200000;0.200000;0.000000;-0.562068;1.820468;
1.003790;0.112377;0.363895;0.200000;0.112377;0.363895;0.200000;0.200000;0.000000;-0.561883;1.819473;
1.003806;0.112339;0.363696;0.200000;0.112339;0.363696;0.200000;0.200000;0.000000;-0.561697;1.818479;
1.003822;0.112302;0.363497;0.200000;0.112302;0.363497;0.200000;0.200000;0.000000;-0.561512;1.817487;
1.003838;0.112266;0.363299;0.200000;0.112266;0.363299;0.200000;0.200000;0.000000;-0.561328;1.816497;
1.003854;0.112229;0.363102;0.200000;0.112229;0.363102;0.200000;0.200000;0.000000;-0.561143;1.815508;
1.003870;0.112192;0.362904;0.200000;0.112192;0.362904;0.200000;0.200000;0.000000;-0.560959;1.814521;
1.003886;0.112155;0.362707;0.200000;0.112155;0.362707;0.200000;0.200000;0.000000;-0.560775;1.813536;
1.003902;0.112118;0.362511;0.200000;0.112118;0.362511;0.200000;0.200000;0.000000;-0.560592;1.812553;
1.003918;0.112082;0.362314;0.200000;0.112082;0.362314;0.200000;0.200000;0.000000;-0.560409;1.811571;
1.003934;0.112045;0.362118;0.200000;0.112045;0.362118;0.200000;0.200000;0.000000;-0.560226;1.810591;
1.003941;0.112031;0.362041;0.200000;0.112031;0.362041;0.200000;0.200000;0.000000;-0.560155;1.810206;
1.003945;0.112021;0.361988;0.200000;0.112021;0.361988;0.200000;0.200000;0.000000;-0.560105;1.809939;
1.003949;0.112011;0.361934;0.200000;0.112011;0.361934;0.200000;0.200000;0.000000;-0.560055;1.809672;
1.003954;0.112001;0.361881;0.200000;0.112001;0.361881;0.200000;0.200000;0.000000;-0.560005;1.809405;
1.003958;0.111991;0.361828;0.200000;0.111991;0.361828;0.200000;0.200000;0.000000;-0.559955;1.809138;
1.003963;0.111981;0.361774;0.200000;0.111981;0.361774;0.200000;0.200000;0.000000;-0.559906;1.808871;
1.003967;0.111971;0.361721;0.200000;0.111971;0.361721;0.200000;0.200000;0.000000;-0.559856;1.808604;
1.003971;0.111961;0.361668;0.200000;0.111961;0.361668;0.200000;0.200000;0.000000;-0.559806;1.808338;
1.003976;0.111951;0.361614;0.200000;0.111951;0.361614;0.200000;0.200000;0.000000;-0.559757;1.808071;
1.003980;0.111941;0.361561;0.200000;0.111941;0.361561;0.200000;0.200000;0.000000;-0.559707;1.807805;
1.003984;0.111931;0.361508;0.200000;0.111931;0.361508;0.200000;0.200000;0.000000;-0.559657;1.807539;
1.003989;0.111922;0.361455;0.200000;0.111922;0.361455;0.200000;0.200000;0.000000;-0.559608;1.807273;
1.003993;0.111912;0.361401;0.200000;0.111912;0.361401;0.200000;0.200000;0.000000;-0.559558;1.807007;
1.003998;0.111902;0.361348;0.200000;0.111902;0.361348;0.200000;0.200000;0.000000;-0.559509;1.806741;
1.004002;0.111892;0.361295;0.200000;0.111892;0.361295;0.200000;0.200000;0.000000;-0.559459;1.806475;
1.004006;0.111882;0.361242;0.200000;0.111882;0.361242;0.200000;0.200000;0.000000;-0.559410;1.806210;
1.004011;0.111872;0.361189;0.200000;0.111872;0.361189;0.200000;0.200000;0.000000;-0.559360;1.805944;
1.004015;0.111862;0.361136;0.200000;0.111862;0.361136;0.200000;0.200000;0.000000;-0.559311;1.805679;
1.004019;0.111852;0.361083;0.200000;0.111852;0.361083;0.200000;0.200000;0.000000;-0.559261;1.805414;
1.004024;0.111842;0.361030;0.200000;0.111842;0.361030;0.200000;0.200000;0.000000;-0.559212;1.805149;
1.004028;0.111832;0.360977;0.200000;0.111832;0.360977;0.200000;0.200000;0.000000;-0.559162;1.804884;
1.004033;0.111823;0.360924;0.200000;0.111823;0.360924;0.200000;0.200000;0.000000;-0.559113;1.804619;
1.004037;0.111813;0.360871;0.200000;0.111813;0.360871;0.200000;0.200000;0.000000;-0.559064;1.804355;
1.004041;0.111803;0.360818;0.200000;0.111803;0.360818;0.200000;0.200000;0.000000;-0.559015;1.804090;
1.004046;0.111793;0.360765;0.200000;0.111793;0.360765;0.200000;0.200000;0.000000;-0.558965;1.803826;
1.004054;0.111773;0.360660;0.200000;0.111773;0.360660;0.200000;0.200000;0.000000;-0.558867;1.803298;
1.004062;0.111756;0.360565;0.200000;0.111756;0.360565;0.200000;0.200000;0.000000;-0.558778;1.802823;
1.004070;0.111738;0.360470;0.200000;0.111738;0.360470;0.200000;0.200000;0.000000;-0.558690;1.802348;
1.004078;0.111720;0.360375;0.200000;0.111720;0.360375;0.200000;0.200000;0.000000;-0.558602;1.801874;
1.004086;0.111703;0.360280;0.200000;0.111703;0.360280;0.200000;0.200000;0.000000;-0.558513;1.801400;
1.004094;0.111685;0.360185;0.200000;0.111685;0.360185;0.200000;0.200000;0.000000;-0.558425;1.800927;
1.004102;0.111667;0.360091;0.200000;0.111667;0.360091;0.200000;0.200000;0.000000;-0.558337;1.800454;
1.004110;0.111650;0.359996;0.200000;0.111650;0.359996;0.200000;0.200000;0.000000;-0.558249;1.799981;
1.004118;0.111632;0.359902;0.200000;0.111632;0.359902;0.200000;0.200000;0.000000;-0.558161;1.799509;
1.004125;0.111615;0.359808;0.200000;0.111615;0.359808;0.200000;0.200000;0.000000;-0.558074;1.799038;
1.004133;0.111597;0.359713;0.200000;0.111597;0.359713;0.200000;0.200000;0.000000;-0.557986;1.798567;
1.004141;0.111580;0.359619;0.200000;0.111580;0.359619;0.200000;0.200000;0.000000;-0.557898;1.798096;
1.004149;0.111562;0.359525;0.200000;0.111562;0.359525;0.200000;0.200000;0.000000;-0.557811;1.797625;
1.004157;0.111545;0.359431;0.200000;0.111545;0.359431;0.200000;0.200000;0.000000;-0.557723;1.797155;
1.004165;0.111527;0.359337;0.200000;0.111527;0.359337;0.200000;0.200000;0.000000;-0.557636;1.796686;
1.004173;0.111510;0.359243;0.200000;0.111510;0.359243;0.200000;0.200000;0.000000;-0.557549;1.796216;
1.004181;0.111492;0.359150;0.200000;0.111492;0.359150;0.200000;0.200000;0.000000;-0.557461;1.795748;
1.004196;0.111457;0.358962;0.200000;0.111457;0.358962;0.200000;0.200000;0.000000;-0.557287;1.794812;
1.004211;0.111426;0.358794;0.200000;0.111426;0.358794;0.200000;0.200000;0.000000;-0.557131;1.793971;
1.004225;0.111395;0.358626;0.200000;0.111395;0.358626;0.200000;0.200000;0.000000;-0.556975;1.793131;
1.004239;0.111364;0.358459;0.200000;0.111364;0.358459;0.200000;0.200000;0.000000;-0.556819;1.792293;
1.004253;0.111333;0.358291;0.200000;0.111333;0.358291;0.200000;0.200000;0.000000;-0.556664;1.791456;
1.004267;0.111302;0.358124;0.200000;0.111302;0.358124;0.200000;0.200000;0.000000;-0.556509;1.790620;
1.004282;0.111271;0.357957;0.200000;0.111271;0.357957;0.200000;0.200000;0.000000;-0.556354;1.789785;
1.004296;0.111240;0.357790;0.200000;0.111240;0.357790;0.200000;0.200000;0.000000;-0.556199;1.788952;
1.004308;0.111214;0.357652;0.200000;0.111214;0.357652;0.200000;0.200000;0.000000;-0.556071;1.788260;
1.004308;0.111214;0.357651;0.200000;0.111214;0.357651;0.200000;0.200000;0.000000;-0.556070;1.788255;
1.004308;0.111214;0.357649;0.200000;0.111214;0.357649;0.200000;0.200000;0.000000;-0.556069;1.788247;
1.004308;0.111213;0.357646;0.200000;0.111213;0.357646;0.200000;0.200000;0.000000;-0.556065;1.788229;
1.004309;0.111212;0.357639;0.200000;0.111212;0.357639;0.200000;0.200000;0.000000;-0.556059;1.788195;
1.004310;0.111209;0.357625;0.200000;0.111209;0.357625;0.200000;0.200000;0.000000;-0.556046;1.788125;
1.004312;0.111204;0.357597;0.200000;0.111204;0.357597;0.200000;0.200000;0.000000;-0.556020;1.787987;
1.004317;0.111194;0.357542;0.200000;0.111194;0.357542;0.200000;0.200000;0.000000;-0.555969;1.787710;
1.004326;0.111173;0.357431;0.200000;0.111173;0.357431;0.200000;0.200000;0.000000;-0.555866;1.787156;
1.004345;0.111132;0.357210;0.200000;0.111132;0.357210;0.200000;0.200000;0.000000;-0.555662;1.786051;
1.004364;0.111091;0.356990;0.200000;0.111091;0.356990;0.200000;0.200000;0.000000;-0.555457;1.784949;
1.004383;0.111051;0.356770;0.200000;0.111051;0.356770;0.200000;0.200000;0.000000;-0.555254;1.783849;
1.004402;0.111010;0.356550;0.200000;0.111010;0.356550;0.200000;0.200000;0.000000;-0.555051;1.782751;
1.004421;0.110970;0.356331;0.200000;0.110970;0.356331;0.200000;0.200000;0.000000;-0.554848;1.781655;
1.004440;0.110929;0.356112;0.200000;0.110929;0.356112;0.200000;0.200000;0.000000;-0.554646;1.780562;
1.004459;0.110889;0.355894;0.200000;0.110889;0.355894;0.200000;0.200000;0.000000;-0.554444;1.779471;
1.004478;0.110848;0.355676;0.200000;0.110848;0.355676;0.200000;0.200000;0.000000;-0.554242;1.778382;
1.004497;0.110808;0.355459;0.200000;0.110808;0.355459;0.200000;0.200000;0.000000;-0.554042;1.777296;
1.004516;0.110768;0.355242;0.200000;0.110768;0.355242;0.200000;0.200000;0.000000;-0.553841;1.776212;
1.004535;0.110728;0.355026;0.200000;0.110728;0.355026;0.200000;0.200000;0.000000;-0.553641;1.775130;
1.004553;0.110688;0.354810;0.200000;0.110688;0.354810;0.200000;0.200000;0.000000;-0.553442;1.774050;
1.004572;0.110648;0.354595;0.200000;0.110648;0.354595;0.200000;0.200000;0.000000;-0.553242;1.772973;
1.004591;0.110609;0.354379;0.200000;0.110609;0.354379;0.200000;0.200000;0.000000;-0.553044;1.771897;
1.004610;0.110569;0.354165;0.200000;0.110569;0.354165;0.200000;0.200000;0.000000;-0.552845;1.770824;
1.004629;0.110529;0.353951;0.200000;0.110529;0.353951;0.200000;0.200000;0.000000;-0.552647;1.769754;
1.004648;0.110490;0.353737;0.200000;0.110490;0.353737;0.200000;0.200000;0.000000;-0.552450;1.768685;
1.004667;0.110451;0.353524;0.200000;0.110451;0.353524;0.200000;0.200000;0.000000;-0.552253;1.767619;
1.004686;0.110411;0.353311;0.200000;0.110411;0.353311;0.200000;0.200000;0.000000;-0.552056;1.766555;
1.004705;0.110372;0.353099;0.200000;0.110372;0.353099;0.200000;0.200000;0.000000;-0.551859;1.765493;
1.004724;0.110333;0.352887;0.200000;0.110333;0.352887;0.200000;0.200000;0.000000;-0.551663;1.764434;
1.004743;0.110294;0.352675;0.200000;0.110294;0.352675;0.200000;0.200000;0.000000;-0.551468;1.763376;
1.004762;0.110254;0.352464;0.200000;0.110254;0.352464;0.200000;0.200000;0.000000;-0.551272;1.762321;
1.004781;0.110215;0.352254;0.200000;0.110215;0.352254;0.200000;0.200000;0.000000;-0.551077;1.761268;
1.004799;0.110177;0.352043;0.200000;0.110177;0.352043;0.200000;0.200000;0.000000;-0.550883;1.760217;
1.004818;0.110138;0.351834;0.200000;0.110138;0.351834;0.200000;0.200000;0.000000;-0.550689;1.759168;
1.004837;0.110099;0.351624;0.200000;0.110099;0.351624;0.200000;0.200000;0.000000;-0.550495;1.758122;
1.004856;0.110060;0.351416;0.200000;0.110060;0.351416;0.200000;0.200000;0.000000;-0.550301;1.757078;
1.004875;0.110022;0.351207;0.200000;0.110022;0.351207;0.200000;0.200000;0.000000;-0.550108;1.756035;
1.004894;0.109983;0.350999;0.200000;0.109983;0.350999;0.200000;0.200000;0.000000;-0.549915;1.754995;
1.004913;0.109944;0.350792;0.200000;0.109944;0.350792;0.200000;0.200000;0.000000;-0.549722;1.753958;
1.004932;0.109906;0.350584;0.200000;0.109906;0.350584;0.200000;0.200000;0.000000;-0.549529;1.752922;
1.004951;0.109867;0.350378;0.200000;0.109867;0.350378;0.200000;0.200000;0.000000;-0.549337;1.751888;
1.004970;0.109829;0.350171;0.200000;0.109829;0.350171;0.200000;0.200000;0.000000;-0.549145;1.750857;
1.004989;0.109791;0.349966;0.200000;0.109791;0.349966;0.200000;0.200000;0.000000;-0.548954;1.749828;
1.005008;0.109753;0.349760;0.200000;0.109753;0.349760;0.200000;0.200000;0.000000;-0.548763;1.748800;
1.005027;0.109714;0.349555;0.200000;0.109714;0.349555;0.200000;0.200000;0.000000;-0.548572;1.747775;
1.005045;0.109676;0.349350;0.200000;0.109676;0.349350;0.200000;0.200000;0.000000;-0.548381;1.746752;
1.005064;0.109638;0.349146;0.200000;0.109638;0.349146;0.200000;0.200000;0.000000;-0.548190;1.745731;
1.005083;0.109600;0.348943;0.200000;0.109600;0.348943;0.200000;0.200000;0.000000;-0.548000;1.744713;
1.005102;0.109562;0.348739;0.200000;0.109562;0.348739;0.200000;0.200000;0.000000;-0.547810;1.743696;
1.005121;0.109524;0.348536;0.200000;0.109524;0.348536;0.200000;0.200000;0.000000;-0.547620;1.742681;
1.005140;0.109486;0.348334;0.200000;0.109486;0.348334;0.200000;0.200000;0.000000;-0.547431;1.741669;
1.005159;0.109448;0.348132;0.200000;0.109448;0.348132;0.200000;0.200000;0.000000;-0.547241;1.740658;
1.005178;0.109410;0.347930;0.200000;0.109410;0.347930;0.200000;0.200000;0.000000;-0.547052;1.739650;
1.005197;0.109373;0.347729;0.200000;0.109373;0.347729;0.200000;0.200000;0.000000;-0.546864;1.738644;
1.005216;0.109335;0.347528;0.200000;0.109335;0.347528;0.200000;0.200000;0.000000;-0.546675;1.737640;
1.005235;0.109297;0.347327;0.200000;0.109297;0.347327;0.200000;0.200000;0.000000;-0.546486;1.736637;
1.005254;0.109260;0.347127;0.200000;0.109260;0.347127;0.200000;0.200000;0.000000;-0.546298;1.735637;
1.005272;0.109222;0.346928;0.200000;0.109222;0.346928;0.200000;0.200000;0.000000;-0.546110;1.734639;
1.005291;0.109184;0.346729;0.200000;0.109184;0.346729;0.200000;0.200000;0.000000;-0.545922;1.733643;
1.005310;0.109147;0.346530;0.200000;0.109147;0.346530;0.200000;0.200000;0.000000;-0.545735;1.732649;
1.005329;0.109109;0.346331;0.200000;0.109109;0.346331;0.200000;0.200000;0.000000;-0.545547;1.731657;
1.005348;0.109072;0.346133;0.200000;0.109072;0.346133;0.200000;0.200000;0.000000;-0.545360;1.730667;
1.005367;0.109035;0.345936;0.200000;0.109035;0.345936;0.200000;0.200000;0.000000;-0.545173;1.729679;
1.005386;0.108997;0.345739;0.200000;0.108997;0.345739;0.200000;0.200000;0.000000;-0.544986;1.728693;
1.005405;0.108960;0.345542;0.200000;0.108960;0.345542;0.200000;0.200000;0.000000;-0.544799;1.727709;
1.005424;0.108922;0.345345;0.200000;0.108922;0.345345;0.200000;0.200000;0.000000;-0.544612;1.726727;
1.005443;0.108885;0.345149;0.200000;0.108885;0.345149;0.200000;0.200000;0.000000;-0.544426;1.725747;
1.005462;0.108848;0.344954;0.200000;0.108848;0.344954;0.200000;0.200000;0.000000;-0.544240;1.724769;
1.005481;0.108811;0.344759;0.200000;0.108811;0.344759;0.200000;0.200000;0.000000;-0.544053;1.723793;
1.005500;0.108773;0.344564;0.200000;0.108773;0.344564;0.200000;0.200000;0.000000;-0.543867;1.722819;
1.005518;0.108736;0.344369;0.200000;0.108736;0.344369;0.200000;0.200000;0.000000;-0.543682;1.721847;
1.005537;0.108699;0.344175;0.200000;0.108699;0.344175;0.200000;0.200000;0.000000;-0.543496;1.720877;
1.005556;0.108662;0.343982;0.200000;0.108662;0.343982;0.200000;0.200000;0.000000;-0.543310;1.719909;
1.005575;0.108625;0.343789;0.200000;0.108625;0.343789;0.200000;0.200000;0.000000;-0.543125;1.718943;
1.005594;0.108588;0.343596;0.200000;0.108588;0.343596;0.200000;0.200000;0.000000;-0.542939;1.717979;
1.005613;0.108551;0.343403;0.200000;0.108551;0.343403;0.200000;0.200000;0.000000;-0.542754;1.717017;
1.005632;0.108514;0.343211;0.200000;0.108514;0.343211;0.200000;0.200000;0.000000;-0.542569;1.716056;
1.005651;0.108477;0.343020;0.200000;0.108477;0.343020;0.200000;0.200000;0.000000;-0.542383;1.715098;
1.005670;0.108440;0.342828;0.200000;0.108440;0.342828;0.200000;0.200000;0.000000;-0.542198;1.714141;
1.005689;0.108403;0.342637;0.200000;0.108403;0.342637;0.200000;0.200000;0.000000;-0.542014;1.713187;
1.005708;0.108366;0.342447;0.200000;0.108366;0.342447;0.200000;0.200000;0.000000;-0.541829;1.712234;
1.005727;0.108329;0.342257;0.200000;0.108329;0.342257;0.200000;0.200000;0.000000;-0.541644;1.711284;
1.005746;0.108292;0.342067;0.200000;0.108292;0.342067;0.200000;0.200000;0.000000;-0.541459;1.710335;
1.005751;0.108282;0.342016;0.200000;0.108282;0.342016;0.200000;0.200000;0.000000;-0.541410;1.710082;
1.005751;0.108282;0.342015;0.200000;0.108282;0.342015;0.200000;0.200000;0.000000;-0.541409;1.710077;
1.005751;0.108281;0.342013;0.200000;0.108281;0.342013;0.200000;0.200000;0.000000;-0.541407;1.710067;
1.005751;0.108281;0.342009;0.200000;0.108281;0.342009;0.200000;0.200000;0.000000;-0.541403;1.710047;
1.005752;0.108279;0.342002;0.200000;0.108279;0.342002;0.200000;0.200000;0.000000;-0.541396;1.710008;
1.005754;0.108276;0.341986;0.200000;0.108276;0.341986;0.200000;0.200000;0.000000;-0.541380;1.709928;
1.005757;0.108270;0.341954;0.200000;0.108270;0.341954;0.200000;0.200000;0.000000;-0.541349;1.709769;
1.005763;0.108257;0.341890;0.200000;0.108257;0.341890;0.200000;0.200000;0.000000;-0.541287;1.709451;
1.005776;0.108233;0.341763;0.200000;0.108233;0.341763;0.200000;0.200000;0.000000;-0.541163;1.708816;
1.005789;0.108208;0.341636;0.200000;0.108208;0.341636;0.200000;0.200000;0.000000;-0.541039;1.708181;
1.005801;0.108183;0.341510;0.200000;0.108183;0.341510;0.200000;0.200000;0.000000;-0.540915;1.707548;
1.005814;0.108158;0.341383;0.200000;0.108158;0.341383;0.200000;0.200000;0.000000;-0.540792;1.706915;
1.005827;0.108134;0.341257;0.200000;0.108134;0.341257;0.200000;0.200000;0.000000;-0.540668;1.706283;
1.005839;0.108109;0.341130;0.200000;0.108109;0.341130;0.200000;0.200000;0.000000;-0.540544;1.705652;
1.005852;0.108084;0.341004;0.200000;0.108084;0.341004;0.200000;0.200000;0.000000;-0.540420;1.705022;
1.005865;0.108059;0.340878;0.200000;0.108059;0.340878;0.200000;0.200000;0.000000;-0.540297;1.704392;
1.005878;0.108035;0.340753;0.200000;0.108035;0.340753;0.200000;0.200000;0.000000;-0.540173;1.703763;
1.005890;0.108010;0.340627;0.200000;0.108010;0.340627;0.200000;0.200000;0.000000;-0.540050;1.703135;
1.005903;0.107985;0.340502;0.200000;0.107985;0.340502;0.200000;0.200000;0.000000;-0.539927;1.702508;
1.005916;0.107961;0.340376;0.200000;0.107961;0.340376;0.200000;0.200000;0.000000;-0.539803;1.701881;
1.005928;0.107936;0.340251;0.200000;0.107936;0.340251;0.200000;0.200000;0.000000;-0.539680;1.701256;
1.005941;0.107911;0.340126;0.200000;0.107911;0.340126;0.200000;0.200000;0.000000;-0.539557;1.700630;
1.005954;0.107887;0.340001;0.200000;0.107887;0.340001;0.200000;0.200000;0.000000;-0.539434;1.700006;
1.005967;0.107862;0.339876;0.200000;0.107862;0.339876;0.200000;0.200000;0.000000;-0.539311;1.699382;
1.005979;0.107838;0.339752;0.200000;0.107838;0.339752;0.200000;0.200000;0.000000;-0.539188;1.698759;
1.005992;0.107813;0.339627;0.200000;0.107813;0.339627;0.200000;0.200000;0.000000;-0.539065;1.698137;
1.006005;0.107788;0.339503;0.200000;0.107788;0.339503;0.200000;0.200000;0.000000;-0.538942;1.697516;
1.006017;0.107764;0.339379;0.200000;0.107764;0.339379;0.200000;0.200000;0.000000;-0.538820;1.696895;
1.006030;0.107739;0.339255;0.200000;0.107739;0.339255;0.200000;0.200000;0.000000;-0.538697;1.696274;
1.006043;0.107715;0.339131;0.200000;0.107715;0.339131;0.200000;0.200000;0.000000;-0.538575;1.695655;
1.006055;0.107690;0.339007;0.200000;0.107690;0.339007;0.200000;0.200000;0.000000;-0.538452;1.695036;
1.006068;0.107666;0.338884;0.200000;0.107666;0.338884;0.200000;0.200000;0.000000;-0.538330;1.694418;
1.006081;0.107642;0.338760;0.200000;0.107642;0.338760;0.200000;0.200000;0.000000;-0.538208;1.693800;
1.006094;0.107617;0.338637;0.200000;0.107617;0.338637;0.200000;0.200000;0.000000;-0.538086;1.693183;
1.006106;0.107593;0.338513;0.200000;0.107593;0.338513;0.200000;0.200000;0.000000;-0.537964;1.692567;
1.006119;0.107568;0.338390;0.200000;0.107568;0.338390;0.200000;0.200000;0.000000;-0.537842;1.691951;
1.006132;0.107544;0.338267;0.200000;0.107544;0.338267;0.200000;0.200000;0.000000;-0.537720;1.691336;
1.006144;0.107520;0.338144;0.200000;0.107520;0.338144;0.200000;0.200000;0.000000;-0.537599;1.690721;
1.006157;0.107495;0.338021;0.200000;0.107495;0.338021;0.200000;0.200000;0.000000;-0.537477;1.690107;
1.006170;0.107471;0.337899;0.200000;0.107471;0.337899;0.200000;0.200000;0.000000;-0.537356;1.689494;
1.006183;0.107447;0.337776;0.200000;0.107447;0.337776;0.200000;0.200000;0.000000;-0.537234;1.688881;
1.006195;0.107423;0.337654;0.200000;0.107423;0.337654;0.200000;0.200000;0.000000;-0.537113;1.688269;
1.006208;0.107398;0.337531;0.200000;0.107398;0.337531;0.200000;0.200000;0.000000;-0.536992;1.687657;
1.006221;0.107374;0.337409;0.200000;0.107374;0.337409;0.200000;0.200000;0.000000;-0.536871;1.687046;
1.006233;0.107350;0.337287;0.200000;0.107350;0.337287;0.200000;0.200000;0.000000;-0.536750;1.686436;
1.006246;0.107326;0.337165;0.200000;0.107326;0.337165;0.200000;0.200000;0.000000;-0.536630;1.685826;
1.006259;0.107302;0.337043;0.200000;0.107302;0.337043;0.200000;0.200000;0.000000;-0.536509;1.685216;
1.006270;0.107280;0.336933;0.200000;0.107280;0.336933;0.200000;0.200000;0.000000;-0.536400;1.684664;
1.006270;0.107280;0.336932;0.200000;0.107280;0.336932;0.200000;0.200000;0.000000;-0.536399;1.684658;
1.006271;0.107279;0.336929;0.200000;0.107279;0.336929;0.200000;0.200000;0.000000;-0.536397;1.684647;
1.006271;0.107278;0.336925;0.200000;0.107278;0.336925;0.200000;0.200000;0.000000;-0.536392;1.684624;
1.006272;0.107277;0.336916;0.200000;0.107277;0.336916;0.200000;0.200000;0.000000;-0.536383;1.684578;
1.006274;0.107273;0.336897;0.200000;0.107273;0.336897;0.200000;0.200000;0.000000;-0.536365;1.684487;
1.006278;0.107266;0.336861;0.200000;0.107266;0.336861;0.200000;0.200000;0.000000;-0.536329;1.684304;
1.006285;0.107251;0.336788;0.200000;0.107251;0.336788;0.200000;0.200000;0.000000;-0.536257;1.683938;
1.006301;0.107222;0.336641;0.200000;0.107222;0.336641;0.200000;0.200000;0.000000;-0.536112;1.683207;
1.006316;0.107194;0.336495;0.200000;0.107194;0.336495;0.200000;0.200000;0.000000;-0.535968;1.682477;
1.006331;0.107165;0.336350;0.200000;0.107165;0.336350;0.200000;0.200000;0.000000;-0.535824;1.681748;
1.006347;0.107136;0.336204;0.200000;0.107136;0.336204;0.200000;0.200000;0.000000;-0.535680;1.681020;
1.006362;0.107107;0.336058;0.200000;0.107107;0.336058;0.200000;0.200000;0.000000;-0.535536;1.680292;
1.006377;0.107079;0.335913;0.200000;0.107079;0.335913;0.200000;0.200000;0.000000;-0.535393;1.679565;
1.006392;0.107050;0.335768;0.200000;0.107050;0.335768;0.200000;0.200000;0.000000;-0.535250;1.678839;
1.006408;0.107021;0.335623;0.200000;0.107021;0.335623;0.200000;0.200000;0.000000;-0.535107;1.678113;
1.006423;0.106993;0.335478;0.200000;0.106993;0.335478;0.200000;0.200000;0.000000;-0.534964;1.677388;
1.006438;0.106964;0.335333;0.200000;0.106964;0.335333;0.200000;0.200000;0.000000;-0.534822;1.676664;
1.006454;0.106936;0.335188;0.200000;0.106936;0.335188;0.200000;0.200000;0.000000;-0.534679;1.675940;
1.006469;0.106907;0.335043;0.200000;0.106907;0.335043;0.200000;0.200000;0.000000;-0.534537;1.675217;
1.006484;0.106879;0.334899;0.200000;0.106879;0.334899;0.200000;0.200000;0.000000;-0.534395;1.674495;
1.006499;0.106851;0.334755;0.200000;0.106851;0.334755;0.200000;0.200000;0.000000;-0.534254;1.673773;
1.006515;0.106823;0.334610;0.200000;0.106823;0.334610;0.200000;0.200000;0.000000;-0.534113;1.673052;
1.006530;0.106794;0.334466;0.200000;0.106794;0.334466;0.200000;0.200000;0.000000;-0.533971;1.672332;
1.006545;0.106766;0.334322;0.200000;0.106766;0.334322;0.200000;0.200000;0.000000;-0.533831;1.671612;
1.006561;0.106738;0.334179;0.200000;0.106738;0.334179;0.200000;0.200000;0.000000;-0.533690;1.670893;
1.006576;0.106710;0.334035;0.200000;0.106710;0.334035;0.200000;0.200000;0.000000;-0.533549;1.670175;
1.006591;0.106682;0.333891;0.200000;0.106682;0.333891;0.200000;0.200000;0.000000;-0.533409;1.669457;
1.006606;0.106654;0.333748;0.200000;0.106654;0.333748;0.200000;0.200000;0.000000;-0.533269;1.668740;
1.006622;0.106626;0.333605;0.200000;0.106626;0.333605;0.200000;0.200000;0.000000;-0.533130;1.668023;
1.006637;0.106598;0.333461;0.200000;0.106598;0.333461;0.200000;0.200000;0.000000;-0.532990;1.667307;
1.006652;0.106570;0.333318;0.200000;0.106570;0.333318;0.200000;0.200000;0.000000;-0.532851;1.666592;
1.006668;0.106542;0.333175;0.200000;0.106542;0.333175;0.200000;0.200000;0.000000;-0.532712;1.665877;
1.006683;0.106515;0.333032;0.200000;0.106515;0.333032;0.200000;0.200000;0.000000;-0.532574;1.665162;
1.006698;0.106487;0.332890;0.200000;0.106487;0.332890;0.200000;0.200000;0.000000;-0.532435;1.664448;
1.006713;0.106459;0.332747;0.200000;0.106459;0.332747;0.200000;0.200000;0.000000;-0.532297;1.663735;
1.006729;0.106432;0.332605;0.200000;0.106432;0.332605;0.200000;0.200000;0.000000;-0.532160;1.663023;
1.006744;0.106404;0.332462;0.200000;0.106404;0.332462;0.200000;0.200000;0.000000;-0.532022;1.662310;
1.006759;0.106377;0.332320;0.200000;0.106377;0.332320;0.200000;0.200000;0.000000;-0.531885;1.661599;
1.006775;0.106350;0.332178;0.200000;0.106350;0.332178;0.200000;0.200000;0.000000;-0.531748;1.660888;
1.006788;0.106326;0.332055;0.200000;0.106326;0.332055;0.200000;0.200000;0.000000;-0.531630;1.660277;
1.006788;0.106326;0.332054;0.200000;0.106326;0.332054;0.200000;0.200000;0.000000;-0.531629;1.660271;
1.006788;0.106325;0.332052;0.200000;0.106325;0.332052;0.200000;0.200000;0.000000;-0.531627;1.660258;
1.006789;0.106324;0.332047;0.200000;0.106324;0.332047;0.200000;0.200000;0.000000;-0.531622;1.660234;
1.006790;0.106322;0.332037;0.200000;0.106322;0.332037;0.200000;0.200000;0.000000;-0.531612;1.660184;
1.006792;0.106319;0.332017;0.200000;0.106319;0.332017;0.200000;0.200000;0.000000;-0.531593;1.660084;
1.006796;0.106311;0.331977;0.200000;0.106311;0.331977;0.200000;0.200000;0.000000;-0.531555;1.659885;
1.006805;0.106296;0.331897;0.200000;0.106296;0.331897;0.200000;0.200000;0.000000;-0.531478;1.659486;
1.006822;0.106265;0.331738;0.200000;0.106265;0.331738;0.200000;0.200000;0.000000;-0.531326;1.658690;
1.006839;0.106235;0.331579;0.200000;0.106235;0.331579;0.200000;0.200000;0.000000;-0.531173;1.657895;
1.006856;0.106204;0.331420;0.200000;0.106204;0.331420;0.200000;0.200000;0.000000;-0.531021;1.657100;
1.006873;0.106174;0.331261;0.200000;0.106174;0.331261;0.200000;0.200000;0.000000;-0.530870;1.656306;
1.006890;0.106144;0.331102;0.200000;0.106144;0.331102;0.200000;0.200000;0.000000;-0.530718;1.655512;
1.006908;0.106113;0.330944;0.200000;0.106113;0.330944;0.200000;0.200000;0.000000;-0.530567;1.654719;
1.006925;0.106083;0.330785;0.200000;0.106083;0.330785;0.200000;0.200000;0.000000;-0.530417;1.653927;
1.006942;0.106053;0.330627;0.200000;0.106053;0.330627;0.200000;0.200000;0.000000;-0.530267;1.653135;
1.006959;0.106023;0.330469;0.200000;0.106023;0.330469;0.200000;0.200000;0.000000;-0.530117;1.652344;
1.006976;0.105993;0.330311;0.200000;0.105993;0.330311;0.200000;0.200000;0.000000;-0.529967;1.651553;
1.006993;0.105964;0.330153;0.200000;0.105964;0.330153;0.200000;0.200000;0.000000;-0.529818;1.650763;
1.007010;0.105934;0.329995;0.200000;0.105934;0.329995;0.200000;0.200000;0.000000;-0.529670;1.649973;
1.007028;0.105904;0.329837;0.200000;0.105904;0.329837;0.200000;0.200000;0.000000;-0.529521;1.649184;
1.007045;0.105875;0.329679;0.200000;0.105875;0.329679;0.200000;0.200000;0.000000;-0.529373;1.648396;
1.007062;0.105845;0.329522;0.200000;0.105845;0.329522;0.200000;0.200000;0.000000;-0.529226;1.647608;
1.007079;0.105816;0.329364;0.200000;0.105816;0.329364;0.200000;0.200000;0.000000;-0.529079;1.646821;
1.007096;0.105786;0.329207;0.200000;0.105786;0.329207;0.200000;0.200000;0.000000;-0.528932;1.646034;
1.007113;0.105757;0.329049;0.200000;0.105757;0.329049;0.200000;0.200000;0.000000;-0.528786;1.645247;
1.007130;0.105728;0.328892;0.200000;0.105728;0.328892;0.200000;0.200000;0.000000;-0.528640;1.644462;
1.007148;0.105699;0.328735;0.200000;0.105699;0.328735;0.200000;0.200000;0.000000;-0.528494;1.643676;
1.007165;0.105670;0.328578;0.200000;0.105670;0.328578;0.200000;0.200000;0.000000;-0.528349;1.642891;
1.007182;0.105641;0.328421;0.200000;0.105641;0.328421;0.200000;0.200000;0.000000;-0.528204;1.642107;
1.007199;0.105612;0.328265;0.200000;0.105612;0.328265;0.200000;0.200000;0.000000;-0.528060;1.641323;
1.007216;0.105583;0.328108;0.200000;0.105583;0.328108;0.200000;0.200000;0.000000;-0.527916;1.640540;
1.007233;0.105554;0.327951;0.200000;0.105554;0.327951;0.200000;0.200000;0.000000;-0.527772;1.639757;
1.007250;0.105526;0.327795;0.200000;0.105526;0.327795;0.200000;0.200000;0.000000;-0.527629;1.638975;
1.007268;0.105497;0.327639;0.200000;0.105497;0.327639;0.200000;0.200000;0.000000;-0.527487;1.638193;
1.007285;0.105469;0.327482;0.200000;0.105469;0.327482;0.200000;0.200000;0.000000;-0.527344;1.637411;
1.007302;0.105440;0.327326;0.200000;0.105440;0.327326;0.200000;0.200000;0.000000;-0.527202;1.636630;
1.007319;0.105412;0.327170;0.200000;0.105412;0.327170;0.200000;0.200000;0.000000;-0.527061;1.635850;
1.007336;0.105384;0.327014;0.200000;0.105384;0.327014;0.200000;0.200000;0.000000;-0.526920;1.635070;
1.007353;0.105356;0.326858;0.200000;0.105356;0.326858;0.200000;0.200000;0.000000;-0.526779;1.634290;
1.007371;0.105328;0.326702;0.200000;0.105328;0.326702;0.200000;0.200000;0.000000;-0.526639;1.633511;
1.007388;0.105300;0.326546;0.200000;0.105300;0.326546;0.200000;0.200000;0.000000;-0.526499;1.632732;
1.007405;0.105272;0.326391;0.200000;0.105272;0.326391;0.200000;0.200000;0.000000;-0.526360;1.631954;
1.007422;0.105244;0.326235;0.200000;0.105244;0.326235;0.200000;0.200000;0.000000;-0.526221;1.631176;
1.007439;0.105216;0.326080;0.200000;0.105216;0.326080;0.200000;0.200000;0.000000;-0.526082;1.630398;
1.007473;0.105161;0.325769;0.200000;0.105161;0.325769;0.200000;0.200000;0.000000;-0.525807;1.628845;
1.007504;0.105113;0.325496;0.200000;0.105113;0.325496;0.200000;0.200000;0.000000;-0.525567;1.627482;
1.007534;0.105066;0.325224;0.200000;0.105066;0.325224;0.200000;0.200000;0.000000;-0.525328;1.626120;
1.007564;0.105018;0.324952;0.200000;0.105018;0.324952;0.200000;0.200000;0.000000;-0.525090;1.624760;
1.007594;0.104971;0.324680;0.200000;0.104971;0.324680;0.200000;0.200000;0.000000;-0.524853;1.623400;
1.007624;0.104924;0.324408;0.200000;0.104924;0.324408;0.200000;0.200000;0.000000;-0.524618;1.622042;
1.007654;0.104877;0.324137;0.200000;0.104877;0.324137;0.200000;0.200000;0.000000;-0.524385;1.620685;
1.007684;0.104830;0.323866;0.200000;0.104830;0.323866;0.200000;0.200000;0.000000;-0.524152;1.619329;
1.007714;0.104784;0.323595;0.200000;0.104784;0.323595;0.200000;0.200000;0.000000;-0.523922;1.617975;
1.007744;0.104738;0.323324;0.200000;0.104738;0.323324;0.200000;0.200000;0.000000;-0.523692;1.616621;
1.007775;0.104693;0.323054;0.200000;0.104693;0.323054;0.200000;0.200000;0.000000;-0.523464;1.615269;
1.007805;0.104647;0.322783;0.200000;0.104647;0.322783;0.200000;0.200000;0.000000;-0.523237;1.613917;
1.007835;0.104602;0.322513;0.200000;0.104602;0.322513;0.200000;0.200000;0.000000;-0.523012;1.612567;
1.007865;0.104558;0.322243;0.200000;0.104558;0.322243;0.200000;0.200000;0.000000;-0.522788;1.611217;
1.007895;0.104513;0.321974;0.200000;0.104513;0.321974;0.200000;0.200000;0.000000;-0.522565;1.609869;
1.007925;0.104469;0.321704;0.200000;0.104469;0.321704;0.200000;0.200000;0.000000;-0.522344;1.608522;
1.007955;0.104425;0.321435;0.200000;0.104425;0.321435;0.200000;0.200000;0.000000;-0.522125;1.607176;
1.007985;0.104381;0.321166;0.200000;0.104381;0.321166;0.200000;0.200000;0.000000;-0.521907;1.605830;
1.008016;0.104338;0.320897;0.200000;0.104338;0.320897;0.200000;0.200000;0.000000;-0.521690;1.604486;
1.008046;0.104295;0.320629;0.200000;0.104295;0.320629;0.200000;0.200000;0.000000;-0.521474;1.603143;
1.008076;0.104252;0.320360;0.200000;0.104252;0.320360;0.200000;0.200000;0.000000;-0.521261;1.601800;
1.008106;0.104210;0.320092;0.200000;0.104210;0.320092;0.200000;0.200000;0.000000;-0.521048;1.600459;
1.008136;0.104167;0.319824;0.200000;0.104167;0.319824;0.200000;0.200000;0.000000;-0.520837;1.599118;
1.008166;0.104126;0.319556;0.200000;0.104126;0.319556;0.200000;0.200000;0.000000;-0.520628;1.597779;
1.008196;0.104084;0.319288;0.200000;0.104084;0.319288;0.200000;0.200000;0.000000;-0.520420;1.596440;
1.008226;0.104043;0.319020;0.200000;0.104043;0.319020;0.200000;0.200000;0.000000;-0.520213;1.595102;
1.008257;0.104002;0.318753;0.200000;0.104002;0.318753;0.200000;0.200000;0.000000;-0.520008;1.593765;
1.008287;0.103961;0.318486;0.200000;0.103961;0.318486;0.200000;0.200000;0.000000;-0.519804;1.592429;
1.008317;0.103920;0.318219;0.200000;0.103920;0.318219;0.200000;0.200000;0.000000;-0.519602;1.591094;
1.008347;0.103880;0.317952;0.200000;0.103880;0.317952;0.200000;0.200000;0.000000;-0.519401;1.589760;
1.008377;0.103840;0.317685;0.200000;0.103840;0.317685;0.200000;0.200000;0.000000;-0.519202;1.588427;
1.008407;0.103801;0.317419;0.200000;0.103801;0.317419;0.200000;0.200000;0.000000;-0.519004;1.587094;
1.008437;0.103762;0.317152;0.200000;0.103762;0.317152;0.200000;0.200000;0.000000;-0.518808;1.585762;
1.008467;0.103723;0.316886;0.200000;0.103723;0.316886;0.200000;0.200000;0.000000;-0.518613;1.584431;
1.008497;0.103684;0.316620;0.200000;0.103684;0.316620;0.200000;0.200000;0.000000;-0.518420;1.583101;
1.008528;0.103646;0.316354;0.200000;0.103646;0.316354;0.200000;0.200000;0.000000;-0.518228;1.581772;
1.008558;0.103608;0.316089;0.200000;0.103608;0.316089;0.200000;0.200000;0.000000;-0.518038;1.580444;
1.008588;0.103570;0.315823;0.200000;0.103570;0.315823;0.200000;0.200000;0.000000;-0.517849;1.579116;
1.008618;0.103532;0.315558;0.200000;0.103532;0.315558;0.200000;0.200000;0.000000;-0.517662;1.577789;
1.008648;0.103495;0.315293;0.200000;0.103495;0.315293;0.200000;0.200000;0.000000;-0.517476;1.576463;
1.008678;0.103458;0.315028;0.200000;0.103458;0.315028;0.200000;0.200000;0.000000;-0.517292;1.575138;
1.008708;0.103422;0.314763;0.200000;0.103422;0.314763;0.200000;0.200000;0.000000;-0.517109;1.573814;
1.008738;0.103386;0.314498;0.200000;0.103386;0.314498;0.200000;0.200000;0.000000;-0.516928;1.572490;
1.008769;0.103350;0.314233;0.200000;0.103350;0.314233;0.200000;0.200000;0.000000;-0.516748;1.571167;
1.008799;0.103314;0.313969;0.200000;0.103314;0.313969;0.200000;0.200000;0.000000;-0.516570;1.569845;
1.008829;0.103279;0.313705;0.200000;0.103279;0.313705;0.200000;0.200000;0.000000;-0.516393;1.568524;
1.008859;0.103244;0.313441;0.200000;0.103244;0.313441;0.200000;0.200000;0.000000;-0.516218;1.567203;
1.008889;0.103209;0.313177;0.200000;0.103209;0.313177;0.200000;0.200000;0.000000;-0.516045;1.565883;
1.008919;0.103175;0.312913;0.200000;0.103175;0.312913;0.200000;0.200000;0.000000;-0.515873;1.564564;
1.008949;0.103140;0.312649;0.200000;0.103140;0.312649;0.200000;0.200000;0.000000;-0.515702;1.563246;
1.008979;0.103107;0.312386;0.200000;0.103107;0.312386;0.200000;0.200000;0.000000;-0.515533;1.561928;
1.009009;0.103073;0.312122;0.200000;0.103073;0.312122;0.200000;0.200000;0.000000;-0.515365;1.560611;
1.009040;0.103040;0.311859;0.200000;0.103040;0.311859;0.200000;0.200000;0.000000;-0.515199;1.559295;
1.009070;0.103007;0.311596;0.200000;0.103007;0.311596;0.200000;0.200000;0.000000;-0.515035;1.557980;
1.009100;0.102974;0.311333;0.200000;0.102974;0.311333;0.200000;0.200000;0.000000;-0.514872;1.556665;
1.009130;0.102942;0.311070;0.200000;0.102942;0.311070;0.200000;0.200000;0.000000;-0.514710;1.555351;
1.009160;0.102910;0.310808;0.200000;0.102910;0.310808;0.200000;0.200000;0.000000;-0.514550;1.554038;
1.009190;0.102878;0.310545;0.200000;0.102878;0.310545;0.200000;0.200000;0.000000;-0.514392;1.552726;
1.009220;0.102847;0.310283;0.200000;0.102847;0.310283;0.200000;0.200000;0.000000;-0.514235;1.551414;
1.009250;0.102816;0.310021;0.200000;0.102816;0.310021;0.200000;0.200000;0.000000;-0.514080;1.550103;
1.009281;0.102785;0.309759;0.200000;0.102785;0.309759;0.200000;0.200000;0.000000;-0.513926;1.548793;
1.009311;0.102755;0.309497;0.200000;0.102755;0.309497;0.200000;0.200000;0.000000;-0.513774;1.547483;
1.009341;0.102725;0.309235;0.200000;0.102725;0.309235;0.200000;0.200000;0.000000;-0.513623;1.546174;
1.009371;0.102695;0.308973;0.200000;0.102695;0.308973;0.200000;0.200000;0.000000;-0.513474;1.544866;
1.009401;0.102665;0.308712;0.200000;0.102665;0.308712;0.200000;0.200000;0.000000;-0.513326;1.543558;
1.009431;0.102636;0.308450;0.200000;0.102636;0.308450;0.200000;0.200000;0.000000;-0.513180;1.542252;
1.009461;0.102607;0.308189;0.200000;0.102607;0.308189;0.200000;0.200000;0.000000;-0.513035;1.540946;
1.009491;0.102578;0.307928;0.200000;0.102578;0.307928;0.200000;0.200000;0.000000;-0.512892;1.539640;
1.009522;0.102550;0.307667;0.200000;0.102550;0.307667;0.200000;0.200000;0.000000;-0.512751;1.538335;
1.009552;0.102522;0.307406;0.200000;0.102522;0.307406;0.200000;0.200000;0.000000;-0.512611;1.537031;
1.009582;0.102494;0.307146;0.200000;0.102494;0.307146;0.200000;0.200000;0.000000;-0.512472;1.535728;
1.009612;0.102467;0.306885;0.200000;0.102467;0.306885;0.200000;0.200000;0.000000;-0.512335;1.534426;
1.009642;0.102440;0.306625;0.200000;0.102440;0.306625;0.200000;0.200000;0.000000;-0.512200;1.533124;
1.009672;0.102413;0.306364;0.200000;0.102413;0.306364;0.200000;0.200000;0.000000;-0.512066;1.531822;
1.009702;0.102387;0.306104;0.200000;0.102387;0.306104;0.200000;0.200000;0.000000;-0.511934;1.530522;
1.009732;0.102361;0.305844;0.200000;0.102361;0.305844;0.200000;0.200000;0.000000;-0.511803;1.529222;
1.009762;0.102335;0.305585;0.200000;0.102335;0.305585;0.200000;0.200000;0.000000;-0.511674;1.527923;
1.009793;0.102309;0.305325;0.200000;0.102309;0.305325;0.200000;0.200000;0.000000;-0.511546;1.526624;
1.009823;0.102284;0.305065;0.200000;0.102284;0.305065;0.200000;0.200000;0.000000;-0.511420;1.525327;
1.009853;0.102259;0.304806;0.200000;0.102259;0.304806;0.200000;0.200000;0.000000;-0.511295;1.524030;
1.009883;0.102234;0.304547;0.200000;0.102234;0.304547;0.200000;0.200000;0.000000;-0.511172;1.522733;
1.009913;0.102210;0.304288;0.200000;0.102210;0.304288;0.200000;0.200000;0.000000;-0.511051;1.521438;
1.009943;0.102186;0.304029;0.200000;0.102186;0.304029;0.200000;0.200000;0.000000;-0.510931;1.520143;
1.009973;0.102162;0.303770;0.200000;0.102162;0.303770;0.200000;0.200000;0.000000;-0.510812;1.518848;
1.010003;0.102139;0.303511;0.200000;0.102139;0.303511;0.200000;0.200000;0.000000;-0.510695;1.517555;
1.010034;0.102116;0.303252;0.200000;0.102116;0.303252;0.200000;0.200000;0.000000;-0.510580;1.516262;
1.010064;0.102093;0.302994;0.200000;0.102093;0.302994;0.200000;0.200000;0.000000;-0.510466;1.514969;
1.010094;0.102071;0.302736;0.200000;0.102071;0.302736;0.200000;0.200000;0.000000;-0.510353;1.513678;
1.010124;0.102048;0.302477;0.200000;0.102048;0.302477;0.200000;0.200000;0.000000;-0.510242;1.512387;
1.010154;0.102027;0.302219;0.200000;0.102027;0.302219;0.200000;0.200000;0.000000;-0.510133;1.511096;
1.010184;0.102005;0.301961;0.200000;0.102005;0.301961;0.200000;0.200000;0.000000;-0.510025;1.509807;
1.010214;0.101984;0.301704;0.200000;0.101984;0.301704;0.200000;0.200000;0.000000;-0.509919;1.508518;
1.010244;0.101963;0.301446;0.200000;0.101963;0.301446;0.200000;0.200000;0.000000;-0.509814;1.507230;
1.010275;0.101942;0.301188;0.200000;0.101942;0.301188;0.200000;0.200000;0.000000;-0.509711;1.505942;
1.010305;0.101922;0.300931;0.200000;0.101922;0.300931;0.200000;0.200000;0.000000;-0.509609;1.504655;
1.010335;0.101902;0.300674;0.200000;0.101902;0.300674;0.200000;0.200000;0.000000;-0.509509;1.503369;
1.010365;0.101882;0.300417;0.200000;0.101882;0.300417;0.200000;0.200000;0.000000;-0.509410;1.502084;
1.010395;0.101863;0.300160;0.200000;0.101863;0.300160;0.200000;0.200000;0.000000;-0.509313;1.500799;
1.010425;0.101843;0.299903;0.200000;0.101843;0.299903;0.200000;0.200000;0.000000;-0.509217;1.499515;
1.010455;0.101825;0.299646;0.200000;0.101825;0.299646;0.200000;0.200000;0.000000;-0.509123;1.498232;
1.010485;0.101806;0.299390;0.200000;0.101806;0.299390;0.200000;0.200000;0.000000;-0.509030;1.496949;
1.010515;0.101788;0.299133;0.200000;0.101788;0.299133;0.200000;0.200000;0.000000;-0.508939;1.495667;
1.010546;0.101770;0.298877;0.200000;0.101770;0.298877;0.200000;0.200000;0.000000;-0.508850;1.494385;
1.010576;0.101752;0.298621;0.200000;0.101752;0.298621;0.200000;0.200000;0.000000;-0.508762;1.493105;
1.010606;0.101735;0.298365;0.200000;0.101735;0.298365;0.200000;0.200000;0.000000;-0.508675;1.491825;
1.010636;0.101718;0.298109;0.200000;0.101718;0.298109;0.200000;0.200000;0.000000;-0.508590;1.490545;
1.010666;0.101701;0.297853;0.200000;0.101701;0.297853;0.200000;0.200000;0.000000;-0.508506;1.489267;
1.010696;0.101685;0.297598;0.200000;0.101685;0.297598;0.200000;0.200000;0.000000;-0.508424;1.487989;
1.010726;0.101669;0.297342;0.200000;0.101669;0.297342;0.200000;0.200000;0.000000;-0.508344;1.486712;
1.010756;0.101653;0.297087;0.200000;0.101653;0.297087;0.200000;0.200000;0.000000;-0.508265;1.485435;
1.010787;0.101637;0.296832;0.200000;0.101637;0.296832;0.200000;0.200000;0.000000;-0.508187;1.484159;
1.010817;0.101622;0.296577;0.200000;0.101622;0.296577;0.200000;0.200000;0.000000;-0.508111;1.482884;
1.010847;0.101607;0.296322;0.200000;0.101607;0.296322;0.200000;0.200000;0.000000;-0.508037;1.481609;
1.010877;0.101593;0.296067;0.200000;0.101593;0.296067;0.200000;0.200000;0.000000;-0.507963;1.480336;
1.010907;0.101578;0.295813;0.200000;0.101578;0.295813;0.200000;0.200000;0.000000;-0.507892;1.479063;
1.010937;0.101564;0.295558;0.200000;0.101564;0.295558;0.200000;0.200000;0.000000;-0.507822;1.477790;
1.010967;0.101551;0.295304;0.200000;0.101551;0.295304;0.200000;0.200000;0.000000;-0.507753;1.476518;
1.010997;0.101537;0.295049;0.200000;0.101537;0.295049;0.200000;0.200000;0.000000;-0.507686;1.475247;
1.011028;0.101524;0.294795;0.200000;0.101524;0.294795;0.200000;0.200000;0.000000;-0.507620;1.473977;
1.011058;0.101511;0.294541;0.200000;0.101511;0.294541;0.200000;0.200000;0.000000;-0.507556;1.472707;
1.011088;0.101499;0.294288;0.200000;0.101499;0.294288;0.200000;0.200000;0.000000;-0.507494;1.471438;
1.011118;0.101487;0.294034;0.200000;0.101487;0.294034;0.200000;0.200000;0.000000;-0.507433;1.470170;
1.011148;0.101475;0.293781;0.200000;0.101475;0.293781;0.200000;0.200000;0.000000;-0.507373;1.468903;
1.011178;0.101463;0.293527;0.200000;0.101463;0.293527;0.200000;0.200000;0.000000;-0.507315;1.467636;
1.011208;0.101452;0.293274;0.200000;0.101452;0.293274;0.200000;0.200000;0.000000;-0.507258;1.466370;
1.011238;0.101441;0.293021;0.200000;0.101441;0.293021;0.200000;0.200000;0.000000;-0.507203;1.465104;
1.011268;0.101430;0.292768;0.200000;0.101430;0.292768;0.200000;0.200000;0.000000;-0.507149;1.463839;
1.011299;0.101419;0.292515;0.200000;0.101419;0.292515;0.200000;0.200000;0.000000;-0.507096;1.462575;
1.011329;0.101409;0.292262;0.200000;0.101409;0.292262;0.200000;0.200000;0.000000;-0.507046;1.461312;
1.011359;0.101399;0.292010;0.200000;0.101399;0.292010;0.200000;0.200000;0.000000;-0.506996;1.460049;
1.011389;0.101390;0.291757;0.200000;0.101390;0.291757;0.200000;0.200000;0.000000;-0.506948;1.458787;
1.011419;0.101380;0.291505;0.200000;0.101380;0.291505;0.200000;0.200000;0.000000;-0.506902;1.457526;
1.011449;0.101371;0.291253;0.200000;0.101371;0.291253;0.200000;0.200000;0.000000;-0.506857;1.456266;
1.011479;0.101363;0.291001;0.200000;0.101363;0.291001;0.200000;0.200000;0.000000;-0.506813;1.455006;
1.011509;0.101354;0.290749;0.200000;0.101354;0.290749;0.200000;0.200000;0.000000;-0.506771;1.453747;
1.011540;0.101346;0.290498;0.200000;0.101346;0.290498;0.200000;0.200000;0.000000;-0.506730;1.452488;
1.011570;0.101338;0.290246;0.200000;0.101338;0.290246;0.200000;0.200000;0.000000;-0.506691;1.451231;
1.011600;0.101331;0.289995;0.200000;0.101331;0.289995;0.200000;0.200000;0.000000;-0.506654;1.449974;
1.011630;0.101323;0.289743;0.200000;0.101323;0.289743;0.200000;0.200000;0.000000;-0.506617;1.448717;
1.011660;0.101316;0.289492;0.200000;0.101316;0.289492;0.200000;0.200000;0.000000;-0.506582;1.447462;
1.011690;0.101310;0.289241;0.200000;0.101310;0.289241;0.200000;0.200000;0.000000;-0.506549;1.446207;
1.011720;0.101303;0.288991;0.200000;0.101303;0.288991;0.200000;0.200000;0.000000;-0.506517;1.444953;
1.011750;0.101297;0.288740;0.200000;0.101297;0.288740;0.200000;0.200000;0.000000;-0.506486;1.443699;
1.011780;0.101291;0.288489;0.200000;0.101291;0.288489;0.200000;0.200000;0.000000;-0.506457;1.442447;
1.011811;0.101286;0.288239;0.200000;0.101286;0.288239;0.200000;0.200000;0.000000;-0.506430;1.441195;
1.011841;0.101281;0.287989;0.200000;0.101281;0.287989;0.200000;0.200000;0.000000;-0.506403;1.439943;
1.011871;0.101276;0.287739;0.200000;0.101276;0.287739;0.200000;0.200000;0.000000;-0.506379;1.438693;
1.011901;0.101271;0.287489;0.200000;0.101271;0.287489;0.200000;0.200000;0.000000;-0.506355;1.437443;
1.011931;0.101267;0.287239;0.200000;0.101267;0.287239;0.200000;0.200000;0.000000;-0.506333;1.436194;
1.011961;0.101263;0.286989;0.200000;0.101263;0.286989;0.200000;0.200000;0.000000;-0.506313;1.434945;
1.011991;0.101259;0.286740;0.200000;0.101259;0.286740;0.200000;0.200000;0.000000;-0.506293;1.433698;
1.012021;0.101255;0.286490;0.200000;0.101255;0.286490;0.200000;0.200000;0.000000;-0.506276;1.432451;
1.012052;0.101252;0.286241;0.200000;0.101252;0.286241;0.200000;0.200000;0.000000;-0.506259;1.431205;
1.012082;0.101249;0.285992;0.200000;0.101249;0.285992;0.200000;0.200000;0.000000;-0.506245;1.429959;
1.012112;0.101246;0.285743;0.200000;0.101246;0.285743;0.200000;0.200000;0.000000;-0.506231;1.428715;
1.012142;0.101244;0.285494;0.200000;0.101244;0.285494;0.200000;0.200000;0.000000;-0.506219;1.427471;
1.012172;0.101242;0.285245;0.200000;0.101242;0.285245;0.200000;0.200000;0.000000;-0.506208;1.426227;
1.012202;0.101240;0.284997;0.200000;0.101240;0.284997;0.200000;0.200000;0.000000;-0.506199;1.424985;
1.012232;0.101238;0.284749;0.200000;0.101238;0.284749;0.200000;0.200000;0.000000;-0.506191;1.423743;
1.012262;0.101237;0.284500;0.200000;0.101237;0.284500;0.200000;0.200000;0.000000;-0.506184;1.422502;
1.012293;0.101236;0.284252;0.200000;0.101236;0.284252;0.200000;0.200000;0.000000;-0.506179;1.421262;
1.012323;0.101235;0.284004;0.200000;0.101235;0.284004;0.200000;0.200000;0.000000;-0.506176;1.420022;
1.012353;0.101235;0.283757;0.200000;0.101235;0.283757;0.200000;0.200000;0.000000;-0.506173;1.418783;
1.012383;0.101234;0.283509;0.200000;0.101234;0.283509;0.200000;0.200000;0.000000;-0.506172;1.417545;
1.012443;0.101235;0.283014;0.200000;0.101235;0.283014;0.200000;0.200000;0.000000;-0.506176;1.415072;
1.012495;0.101237;0.282586;0.200000;0.101237;0.282586;0.200000;0.200000;0.000000;-0.506183;1.412929;
1.012548;0.101239;0.282158;0.200000;0.101239;0.282158;0.200000;0.200000;0.000000;-0.506194;1.410788;
1.012600;0.101242;0.281730;0.200000;0.101242;0.281730;0.200000;0.200000;0.000000;-0.506210;1.408649;
1.012652;0.101246;0.281303;0.200000;0.101246;0.281303;0.200000;0.200000;0.000000;-0.506229;1.406513;
1.012704;0.101251;0.280876;0.200000;0.101251;0.280876;0.200000;0.200000;0.000000;-0.506253;1.404379;
1.012757;0.101256;0.280449;0.200000;0.101256;0.280449;0.200000;0.200000;0.000000;-0.506281;1.402247;
1.012809;0.101262;0.280023;0.200000;0.101262;0.280023;0.200000;0.200000;0.000000;-0.506312;1.400117;
1.012861;0.101270;0.279598;0.200000;0.101270;0.279598;0.200000;0.200000;0.000000;-0.506348;1.397990;
1.012913;0.101278;0.279173;0.200000;0.101278;0.279173;0.200000;0.200000;0.000000;-0.506388;1.395865;
1.012966;0.101286;0.278748;0.200000;0.101286;0.278748;0.200000;0.200000;0.000000;-0.506431;1.393742;
1.013018;0.101296;0.278324;0.200000;0.101296;0.278324;0.200000;0.200000;0.000000;-0.506479;1.391622;
1.013070;0.101306;0.277901;0.200000;0.101306;0.277901;0.200000;0.200000;0.000000;-0.506530;1.389504;
1.013122;0.101317;0.277478;0.200000;0.101317;0.277478;0.200000;0.200000;0.000000;-0.506586;1.387388;
1.013175;0.101329;0.277055;0.200000;0.101329;0.277055;0.200000;0.200000;0.000000;-0.506645;1.385274;
1.013227;0.101342;0.276633;0.200000;0.101342;0.276633;0.200000;0.200000;0.000000;-0.506709;1.383163;
1.013279;0.101355;0.276211;0.200000;0.101355;0.276211;0.200000;0.200000;0.000000;-0.506776;1.381055;
1.013331;0.101369;0.275790;0.200000;0.101369;0.275790;0.200000;0.200000;0.000000;-0.506847;1.378948;
1.013384;0.101384;0.275369;0.200000;0.101384;0.275369;0.200000;0.200000;0.000000;-0.506922;1.376844;
1.013436;0.101400;0.274948;0.200000;0.101400;0.274948;0.200000;0.200000;0.000000;-0.507001;1.374742;
1.013488;0.101417;0.274529;0.200000;0.101417;0.274529;0.200000;0.200000;0.000000;-0.507084;1.372643;
1.013540;0.101434;0.274109;0.200000;0.101434;0.274109;0.200000;0.200000;0.000000;-0.507170;1.370546;
1.013593;0.101452;0.273690;0.200000;0.101452;0.273690;0.200000;0.200000;0.000000;-0.507260;1.368451;
1.013645;0.101471;0.273272;0.200000;0.101471;0.273272;0.200000;0.200000;0.000000;-0.507354;1.366359;
1.013697;0.101490;0.272854;0.200000;0.101490;0.272854;0.200000;0.200000;0.000000;-0.507452;1.364269;
1.013749;0.101511;0.272436;0.200000;0.101511;0.272436;0.200000;0.200000;0.000000;-0.507554;1.362182;
1.013802;0.101532;0.272019;0.200000;0.101532;0.272019;0.200000;0.200000;0.000000;-0.507659;1.360097;
1.013854;0.101554;0.271603;0.200000;0.101554;0.271603;0.200000;0.200000;0.000000;-0.507768;1.358014;
1.013906;0.101576;0.271187;0.200000;0.101576;0.271187;0.200000;0.200000;0.000000;-0.507881;1.355934;
1.013958;0.101599;0.270771;0.200000;0.101599;0.270771;0.200000;0.200000;0.000000;-0.507997;1.353856;
1.014011;0.101623;0.270356;0.200000;0.101623;0.270356;0.200000;0.200000;0.000000;-0.508117;1.351780;
1.014063;0.101648;0.269941;0.200000;0.101648;0.269941;0.200000;0.200000;0.000000;-0.508240;1.349707;
1.014115;0.101674;0.269527;0.200000;0.101674;0.269527;0.200000;0.200000;0.000000;-0.508368;1.347637;
1.014167;0.101700;0.269114;0.200000;0.101700;0.269114;0.200000;0.200000;0.000000;-0.508498;1.345569;
1.014220;0.101727;0.268701;0.200000;0.101727;0.268701;0.200000;0.200000;0.000000;-0.508633;1.343503;
1.014272;0.101754;0.268288;0.200000;0.101754;0.268288;0.200000;0.200000;0.000000;-0.508771;1.341440;
1.014324;0.101782;0.267876;0.200000;0.101782;0.267876;0.200000;0.200000;0.000000;-0.508912;1.339379;
1.014376;0.101811;0.267464;0.200000;0.101811;0.267464;0.200000;0.200000;0.000000;-0.509057;1.337320;
1.014387;0.101818;0.267378;0.200000;0.101818;0.267378;0.200000;0.200000;0.000000;-0.509089;1.336888;
1.014388;0.101818;0.267375;0.200000;0.101818;0.267375;0.200000;0.200000;0.000000;-0.509089;1.336876;
1.014388;0.101818;0.267370;0.200000;0.101818;0.267370;0.200000;0.200000;0.000000;-0.509091;1.336851;
1.014390;0.101819;0.267361;0.200000;0.101819;0.267361;0.200000;0.200000;0.000000;-0.509095;1.336803;
1.014392;0.101820;0.267341;0.200000;0.101820;0.267341;0.200000;0.200000;0.000000;-0.509102;1.336705;
1.014397;0.101823;0.267302;0.200000;0.101823;0.267302;0.200000;0.200000;0.000000;-0.509115;1.336510;
1.014407;0.101829;0.267224;0.200000;0.101829;0.267224;0.200000;0.200000;0.000000;-0.509143;1.336121;
1.014427;0.101840;0.267068;0.200000;0.101840;0.267068;0.200000;0.200000;0.000000;-0.509200;1.335342;
1.014466;0.101863;0.266757;0.200000;0.101863;0.266757;0.200000;0.200000;0.000000;-0.509314;1.333787;
1.014506;0.101886;0.266446;0.200000;0.101886;0.266446;0.200000;0.200000;0.000000;-0.509430;1.332232;
1.014545;0.101910;0.266136;0.200000;0.101910;0.266136;0.200000;0.200000;0.000000;-0.509549;1.330679;
1.014585;0.101934;0.265826;0.200000;0.101934;0.265826;0.200000;0.200000;0.000000;-0.509669;1.329128;
1.014625;0.101958;0.265515;0.200000;0.101958;0.265515;0.200000;0.200000;0.000000;-0.509792;1.327577;
1.014664;0.101983;0.265206;0.200000;0.101983;0.265206;0.200000;0.200000;0.000000;-0.509916;1.326029;
1.014704;0.102008;0.264896;0.200000;0.102008;0.264896;0.200000;0.200000;0.000000;-0.510042;1.324481;
1.014743;0.102034;0.264587;0.200000;0.102034;0.264587;0.200000;0.200000;0.000000;-0.510170;1.322936;
1.014783;0.102060;0.264278;0.200000;0.102060;0.264278;0.200000;0.200000;0.000000;-0.510301;1.321391;
1.014823;0.102087;0.263970;0.200000;0.102087;0.263970;0.200000;0.200000;0.000000;-0.510433;1.319848;
1.014862;0.102113;0.263661;0.200000;0.102113;0.263661;0.200000;0.200000;0.000000;-0.510567;1.318307;
1.014902;0.102141;0.263353;0.200000;0.102141;0.263353;0.200000;0.200000;0.000000;-0.510703;1.316767;
1.014941;0.102168;0.263046;0.200000;0.102168;0.263046;0.200000;0.200000;0.000000;-0.510841;1.315228;
1.014981;0.102196;0.262738;0.200000;0.102196;0.262738;0.200000;0.200000;0.000000;-0.510981;1.313691;
1.015020;0.102224;0.262431;0.200000;0.102224;0.262431;0.200000;0.200000;0.000000;-0.511122;1.312155;
1.015060;0.102253;0.262124;0.200000;0.102253;0.262124;0.200000;0.200000;0.000000;-0.511266;1.310621;
1.015100;0.102282;0.261818;0.200000;0.102282;0.261818;0.200000;0.200000;0.000000;-0.511411;1.309088;
1.015139;0.102312;0.261511;0.200000;0.102312;0.261511;0.200000;0.200000;0.000000;-0.511559;1.307557;
1.015179;0.102342;0.261205;0.200000;0.102342;0.261205;0.200000;0.200000;0.000000;-0.511708;1.306027;
1.015218;0.102372;0.260900;0.200000;0.102372;0.260900;0.200000;0.200000;0.000000;-0.511859;1.304499;
1.015258;0.102402;0.260594;0.200000;0.102402;0.260594;0.200000;0.200000;0.000000;-0.512012;1.302972;
1.015297;0.102433;0.260289;0.200000;0.102433;0.260289;0.200000;0.200000;0.000000;-0.512167;1.301446;
1.015337;0.102465;0.259984;0.200000;0.102465;0.259984;0.200000;0.200000;0.000000;-0.512323;1.299922;
1.015377;0.102496;0.259680;0.200000;0.102496;0.259680;0.200000;0.200000;0.000000;-0.512482;1.298400;
1.015416;0.102528;0.259376;0.200000;0.102528;0.259376;0.200000;0.200000;0.000000;-0.512642;1.296879;
1.015456;0.102561;0.259072;0.200000;0.102561;0.259072;0.200000;0.200000;0.000000;-0.512804;1.295359;
1.015495;0.102594;0.258768;0.200000;0.102594;0.258768;0.200000;0.200000;0.000000;-0.512968;1.293841;
1.015535;0.102627;0.258465;0.200000;0.102627;0.258465;0.200000;0.200000;0.000000;-0.513134;1.292325;
1.015575;0.102660;0.258162;0.200000;0.102660;0.258162;0.200000;0.200000;0.000000;-0.513301;1.290810;
1.015614;0.102694;0.257859;0.200000;0.102694;0.257859;0.200000;0.200000;0.000000;-0.513470;1.289296;
1.015654;0.102728;0.257557;0.200000;0.102728;0.257557;0.200000;0.200000;0.000000;-0.513641;1.287784;
1.015693;0.102763;0.257255;0.200000;0.102763;0.257255;0.200000;0.200000;0.000000;-0.513814;1.286273;
1.015733;0.102798;0.256953;0.200000;0.102798;0.256953;0.200000;0.200000;0.000000;-0.513988;1.284764;
1.015772;0.102833;0.256651;0.200000;0.102833;0.256651;0.200000;0.200000;0.000000;-0.514165;1.283257;
1.015812;0.102869;0.256350;0.200000;0.102869;0.256350;0.200000;0.200000;0.000000;-0.514343;1.281750;
1.015852;0.102904;0.256049;0.200000;0.102904;0.256049;0.200000;0.200000;0.000000;-0.514522;1.280246;
1.015891;0.102941;0.255749;0.200000;0.102941;0.255749;0.200000;0.200000;0.000000;-0.514704;1.278743;
1.015931;0.102977;0.255448;0.200000;0.102977;0.255448;0.200000;0.200000;0.000000;-0.514887;1.277241;
1.015970;0.103014;0.255148;0.200000;0.103014;0.255148;0.200000;0.200000;0.000000;-0.515072;1.275741;
1.016010;0.103052;0.254849;0.200000;0.103052;0.254849;0.200000;0.200000;0.000000;-0.515259;1.274243;
1.016049;0.103089;0.254549;0.200000;0.103089;0.254549;0.200000;0.200000;0.000000;-0.515447;1.272746;
1.016089;0.103127;0.254250;0.200000;0.103127;0.254250;0.200000;0.200000;0.000000;-0.515637;1.271250;
1.016129;0.103166;0.253951;0.200000;0.103166;0.253951;0.200000;0.200000;0.000000;-0.515829;1.269756;
1.016168;0.103204;0.253653;0.200000;0.103204;0.253653;0.200000;0.200000;0.000000;-0.516022;1.268263;
1.016208;0.103243;0.253355;0.200000;0.103243;0.253355;0.200000;0.200000;0.000000;-0.516217;1.266773;
1.016287;0.103323;0.252759;0.200000;0.103323;0.252759;0.200000;0.200000;0.000000;-0.516613;1.263797;
1.016356;0.103393;0.252243;0.200000;0.103393;0.252243;0.200000;0.200000;0.000000;-0.516963;1.261217;
1.016424;0.103463;0.251728;0.200000;0.103463;0.251728;0.200000;0.200000;0.000000;-0.517317;1.258642;
1.016493;0.103535;0.251214;0.200000;0.103535;0.251214;0.200000;0.200000;0.000000;-0.517676;1.256072;
1.016562;0.103608;0.250701;0.200000;0.103608;0.250701;0.200000;0.200000;0.000000;-0.518040;1.253506;
1.016631;0.103682;0.250189;0.200000;0.103682;0.250189;0.200000;0.200000;0.000000;-0.518408;1.250945;
1.016699;0.103756;0.249678;0.200000;0.103756;0.249678;0.200000;0.200000;0.000000;-0.518782;1.248388;
1.016768;0.103832;0.249167;0.200000;0.103832;0.249167;0.200000;0.200000;0.000000;-0.519160;1.245837;
1.016837;0.103908;0.248658;0.200000;0.103908;0.248658;0.200000;0.200000;0.000000;-0.519542;1.243290;
1.016906;0.103986;0.248149;0.200000;0.103986;0.248149;0.200000;0.200000;0.000000;-0.519929;1.240747;
1.016974;0.104064;0.247642;0.200000;0.104064;0.247642;0.200000;0.200000;0.000000;-0.520321;1.238210;
1.017043;0.104143;0.247135;0.200000;0.104143;0.247135;0.200000;0.200000;0.000000;-0.520717;1.235677;
1.017112;0.104224;0.246630;0.200000;0.104224;0.246630;0.200000;0.200000;0.000000;-0.521118;1.233149;
1.017181;0.104305;0.246125;0.200000;0.104305;0.246125;0.200000;0.200000;0.000000;-0.521523;1.230625;
1.017249;0.104387;0.245621;0.200000;0.104387;0.245621;0.200000;0.200000;0.000000;-0.521933;1.228107;
1.017318;0.104469;0.245119;0.200000;0.104469;0.245119;0.200000;0.200000;0.000000;-0.522347;1.225593;
1.017387;0.104553;0.244617;0.200000;0.104553;0.244617;0.200000;0.200000;0.000000;-0.522765;1.223084;
1.017456;0.104638;0.244116;0.200000;0.104638;0.244116;0.200000;0.200000;0.000000;-0.523188;1.220580;
1.017524;0.104723;0.243616;0.200000;0.104723;0.243616;0.200000;0.200000;0.000000;-0.523615;1.218081;
1.017593;0.104809;0.243117;0.200000;0.104809;0.243117;0.200000;0.200000;0.000000;-0.524046;1.215586;
1.017662;0.104896;0.242619;0.200000;0.104896;0.242619;0.200000;0.200000;0.000000;-0.524481;1.213096;
1.017731;0.104984;0.242122;0.200000;0.104984;0.242122;0.200000;0.200000;0.000000;-0.524920;1.210611;
1.017799;0.105073;0.241626;0.200000;0.105073;0.241626;0.200000;0.200000;0.000000;-0.525364;1.208131;
1.017868;0.105162;0.241131;0.200000;0.105162;0.241131;0.200000;0.200000;0.000000;-0.525811;1.205656;
1.017937;0.105253;0.240637;0.200000;0.105253;0.240637;0.200000;0.200000;0.000000;-0.526263;1.203186;
1.018006;0.105344;0.240144;0.200000;0.105344;0.240144;0.200000;0.200000;0.000000;-0.526718;1.200721;
1.018074;0.105436;0.239652;0.200000;0.105436;0.239652;0.200000;0.200000;0.000000;-0.527178;1.198260;
1.018143;0.105528;0.239161;0.200000;0.105528;0.239161;0.200000;0.200000;0.000000;-0.527641;1.195804;
1.018212;0.105622;0.238671;0.200000;0.105622;0.238671;0.200000;0.200000;0.000000;-0.528108;1.193354;
1.018280;0.105716;0.238182;0.200000;0.105716;0.238182;0.200000;0.200000;0.000000;-0.528579;1.190908;
1.018349;0.105811;0.237693;0.200000;0.105811;0.237693;0.200000;0.200000;0.000000;-0.529054;1.188467;
1.018418;0.105906;0.237206;0.200000;0.105906;0.237206;0.200000;0.200000;0.000000;-0.529532;1.186031;
1.018487;0.106003;0.236720;0.200000;0.106003;0.236720;0.200000;0.200000;0.000000;-0.530015;1.183600;
1.018555;0.106100;0.236235;0.200000;0.106100;0.236235;0.200000;0.200000;0.000000;-0.530501;1.181174;
1.018624;0.106198;0.235751;0.200000;0.106198;0.235751;0.200000;0.200000;0.000000;-0.530990;1.178753;
1.018693;0.106297;0.235267;0.200000;0.106297;0.235267;0.200000;0.200000;0.000000;-0.531483;1.176337;
1.018762;0.106396;0.234785;0.200000;0.106396;0.234785;0.200000;0.200000;0.000000;-0.531980;1.173926;
1.018830;0.106496;0.234304;0.200000;0.106496;0.234304;0.200000;0.200000;0.000000;-0.532480;1.171520;
1.018899;0.106597;0.233824;0.200000;0.106597;0.233824;0.200000;0.200000;0.000000;-0.532984;1.169119;
1.018968;0.106698;0.233345;0.200000;0.106698;0.233345;0.200000;0.200000;0.000000;-0.533492;1.166723;
1.019037;0.106800;0.232866;0.200000;0.106800;0.232866;0.200000;0.200000;0.000000;-0.534002;1.164332;
1.019105;0.106903;0.232389;0.200000;0.106903;0.232389;0.200000;0.200000;0.000000;-0.534516;1.161946;
1.019174;0.107007;0.231913;0.200000;0.107007;0.231913;0.200000;0.200000;0.000000;-0.535034;1.159565;
1.019243;0.107111;0.231438;0.200000;0.107111;0.231438;0.200000;0.200000;0.000000;-0.535555;1.157189;
1.019312;0.107216;0.230964;0.200000;0.107216;0.230964;0.200000;0.200000;0.000000;-0.536079;1.154818;
1.019380;0.107321;0.230490;0.200000;0.107321;0.230490;0.200000;0.200000;0.000000;-0.536606;1.152452;
1.019449;0.107427;0.230018;0.200000;0.107427;0.230018;0.200000;0.200000;0.000000;-0.537136;1.150092;
1.019518;0.107534;0.229547;0.200000;0.107534;0.229547;0.200000;0.200000;0.000000;-0.537670;1.147736;
1.019587;0.107641;0.229077;0.200000;0.107641;0.229077;0.200000;0.200000;0.000000;-0.538207;1.145385;
1.019655;0.107749;0.228608;0.200000;0.107749;0.228608;0.200000;0.200000;0.000000;-0.538747;1.143040;
1.019724;0.107858;0.228140;0.200000;0.107858;0.228140;0.200000;0.200000;0.000000;-0.539290;1.140700;
1.019793;0.107967;0.227673;0.200000;0.107967;0.227673;0.200000;0.200000;0.000000;-0.539836;1.138364;
1.019862;0.108077;0.227207;0.200000;0.108077;0.227207;0.200000;0.200000;0.000000;-0.540386;1.136034;
1.019930;0.108188;0.226742;0.200000;0.108188;0.226742;0.200000;0.200000;0.000000;-0.540938;1.133709;
1.019999;0.108299;0.226278;0.200000;0.108299;0.226278;0.200000;0.200000;0.000000;-0.541493;1.131389;
1.020068;0.108410;0.225815;0.200000;0.108410;0.225815;0.200000;0.200000;0.000000;-0.542051;1.129075;
1.020137;0.108522;0.225353;0.200000;0.108522;0.225353;0.200000;0.200000;0.000000;-0.542612;1.126765;
1.020205;0.108635;0.224892;0.200000;0.108635;0.224892;0.200000;0.200000;0.000000;-0.543176;1.124461;
1.020274;0.108748;0.224432;0.200000;0.108748;0.224432;0.200000;0.200000;0.000000;-0.543742;1.122162;
1.020343;0.108862;0.223974;0.200000;0.108862;0.223974;0.200000;0.200000;0.000000;-0.544312;1.119868;
1.020412;0.108977;0.223516;0.200000;0.108977;0.223516;0.200000;0.200000;0.000000;-0.544884;1.117579;
1.020480;0.109092;0.223059;0.200000;0.109092;0.223059;0.200000;0.200000;0.000000;-0.545459;1.115295;
1.020549;0.109207;0.222603;0.200000;0.109207;0.222603;0.200000;0.200000;0.000000;-0.546037;1.113017;
1.020618;0.109323;0.222149;0.200000;0.109323;0.222149;0.200000;0.200000;0.000000;-0.546617;1.110743;
1.020686;0.109440;0.221695;0.200000;0.109440;0.221695;0.200000;0.200000;0.000000;-0.547200;1.108475;
1.020755;0.109557;0.221242;0.200000;0.109557;0.221242;0.200000;0.200000;0.000000;-0.547786;1.106212;
1.020824;0.109675;0.220791;0.200000;0.109675;0.220791;0.200000;0.200000;0.000000;-0.548374;1.103955;
1.020893;0.109793;0.220340;0.200000;0.109793;0.220340;0.200000;0.200000;0.000000;-0.548965;1.101702;
1.020961;0.109912;0.219891;0.200000;0.109912;0.219891;0.200000;0.200000;0.000000;-0.549558;1.099455;
1.021030;0.110031;0.219443;0.200000;0.110031;0.219443;0.200000;0.200000;0.000000;-0.550154;1.097213;
1.021099;0.110150;0.218995;0.200000;0.110150;0.218995;0.200000;0.200000;0.000000;-0.550752;1.094977;
1.021168;0.110271;0.218549;0.200000;0.110271;0.218549;0.200000;0.200000;0.000000;-0.551353;1.092745;
1.021236;0.110391;0.218104;0.200000;0.110391;0.218104;0.200000;0.200000;0.000000;-0.551956;1.090519;
1.021305;0.110512;0.217660;0.200000;0.110512;0.217660;0.200000;0.200000;0.000000;-0.552561;1.088298;
1.021374;0.110634;0.217217;0.200000;0.110634;0.217217;0.200000;0.200000;0.000000;-0.553169;1.086083;
1.021443;0.110756;0.216774;0.200000;0.110756;0.216774;0.200000;0.200000;0.000000;-0.553779;1.083872;
1.021511;0.110878;0.216333;0.200000;0.110878;0.216333;0.200000;0.200000;0.000000;-0.554392;1.081667;
1.021580;0.111001;0.215894;0.200000;0.111001;0.215894;0.200000;0.200000;0.000000;-0.555006;1.079468;
1.021649;0.111125;0.215455;0.200000;0.111125;0.215455;0.200000;0.200000;0.000000;-0.555623;1.077273;
1.021718;0.111248;0.215017;0.200000;0.111248;0.215017;0.200000;0.200000;0.000000;-0.556242;1.075084;
1.021786;0.111373;0.214580;0.200000;0.111373;0.214580;0.200000;0.200000;0.000000;-0.556864;1.072900;
1.021855;0.111497;0.214144;0.200000;0.111497;0.214144;0.200000;0.200000;0.000000;-0.557487;1.070722;
1.021924;0.111623;0.213710;0.200000;0.111623;0.213710;0.200000;0.200000;0.000000;-0.558113;1.068549;
1.021993;0.111748;0.213276;0.200000;0.111748;0.213276;0.200000;0.200000;0.000000;-0.558741;1.066381;
1.022061;0.111874;0.212844;0.200000;0.111874;0.212844;0.200000;0.200000;0.000000;-0.559371;1.064219;
1.022130;0.112001;0.212412;0.200000;0.112001;0.212412;0.200000;0.200000;0.000000;-0.560003;1.062062;
1.022199;0.112127;0.211982;0.200000;0.112127;0.211982;0.200000;0.200000;0.000000;-0.560637;1.059910;
1.022268;0.112255;0.211553;0.200000;0.112255;0.211553;0.200000;0.200000;0.000000;-0.561273;1.057763;
1.022336;0.112382;0.211124;0.200000;0.112382;0.211124;0.200000;0.200000;0.000000;-0.561911;1.055622;
1.022405;0.112510;0.210697;0.200000;0.112510;0.210697;0.200000;0.200000;0.000000;-0.562550;1.053487;
1.022474;0.112638;0.210271;0.200000;0.112638;0.210271;0.200000;0.200000;0.000000;-0.563192;1.051356;
1.022543;0.112767;0.209846;0.200000;0.112767;0.209846;0.200000;0.200000;0.000000;-0.563836;1.049232;
1.022611;0.112896;0.209422;0.200000;0.112896;0.209422;0.200000;0.200000;0.000000;-0.564482;1.047112;
1.022680;0.113026;0.209000;0.200000;0.113026;0.209000;0.200000;0.200000;0.000000;-0.565129;1.044998;
1.022749;0.113156;0.208578;0.200000;0.113156;0.208578;0.200000;0.200000;0.000000;-0.565778;1.042889;
1.022818;0.113286;0.208157;0.200000;0.113286;0.208157;0.200000;0.200000;0.000000;-0.566429;1.040786;
1.022886;0.113416;0.207738;0.200000;0.113416;0.207738;0.200000;0.200000;0.000000;-0.567082;1.038688;
1.022955;0.113547;0.207319;0.200000;0.113547;0.207319;0.200000;0.200000;0.000000;-0.567737;1.036595;
1.023024;0.113679;0.206902;0.200000;0.113679;0.206902;0.200000;0.200000;0.000000;-0.568393;1.034508;
1.023092;0.113810;0.206485;0.200000;0.113810;0.206485;0.200000;0.200000;0.000000;-0.569051;1.032426;
1.023161;0.113942;0.206070;0.200000;0.113942;0.206070;0.200000;0.200000;0.000000;-0.569711;1.030350;
1.023230;0.114075;0.205656;0.200000;0.114075;0.205656;0.200000;0.200000;0.000000;-0.570373;1.028279;
1.023299;0.114207;0.205243;0.200000;0.114207;0.205243;0.200000;0.200000;0.000000;-0.571036;1.026214;
1.023367;0.114340;0.204831;0.200000;0.114340;0.204831;0.200000;0.200000;0.000000;-0.571700;1.024154;
1.023436;0.114473;0.204420;0.200000;0.114473;0.204420;0.200000;0.200000;0.000000;-0.572367;1.022099;
1.023505;0.114607;0.204010;0.200000;0.114607;0.204010;0.200000;0.200000;0.000000;-0.573034;1.020050;
1.023574;0.114741;0.203601;0.200000;0.114741;0.203601;0.200000;0.200000;0.000000;-0.573704;1.018006;
1.023642;0.114875;0.203194;0.200000;0.114875;0.203194;0.200000;0.200000;0.000000;-0.574375;1.015968;
1.023711;0.115009;0.202787;0.200000;0.115009;0.202787;0.200000;0.200000;0.000000;-0.575047;1.013935;
1.023780;0.115144;0.202382;0.200000;0.115144;0.202382;0.200000;0.200000;0.000000;-0.575721;1.011908;
1.023849;0.115279;0.201977;0.200000;0.115279;0.201977;0.200000;0.200000;0.000000;-0.576397;1.009886;
1.023917;0.115415;0.201574;0.200000;0.115415;0.201574;0.200000;0.200000;0.000000;-0.577073;1.007870;
1.023986;0.115550;0.201172;0.200000;0.115550;0.201172;0.200000;0.200000;0.000000;-0.577752;1.005859;
1.024055;0.115686;0.200771;0.200000;0.115686;0.200771;0.200000;0.200000;0.000000;-0.578431;1.003854;
1.024124;0.115822;0.200371;0.200000;0.115822;0.200371;0.200000;0.200000;0.000000;-0.579112;1.001854;
1.024192;0.115959;0.199972;0.200000;0.115959;0.199972;0.200000;0.200000;0.000000;-0.579795;0.999859;
1.024261;0.116096;0.199574;0.200000;0.116096;0.199574;0.200000;0.200000;0.000000;-0.580478;0.997870;
1.024330;0.116233;0.199177;0.200000;0.116233;0.199177;0.200000;0.200000;0.000000;-0.581163;0.995887;
1.024399;0.116370;0.198782;0.200000;0.116370;0.198782;0.200000;0.200000;0.000000;-0.581850;0.993909;
1.024467;0.116507;0.198387;0.200000;0.116507;0.198387;0.200000;0.200000;0.000000;-0.582537;0.991937;
1.024536;0.116645;0.197994;0.200000;0.116645;0.197994;0.200000;0.200000;0.000000;-0.583226;0.989970;
1.024605;0.116783;0.197602;0.200000;0.116783;0.197602;0.200000;0.200000;0.000000;-0.583916;0.988008;
1.024674;0.116921;0.197210;0.200000;0.116921;0.197210;0.200000;0.200000;0.000000;-0.584607;0.986052;
1.024742;0.117060;0.196820;0.200000;0.117060;0.196820;0.200000;0.200000;0.000000;-0.585300;0.984102;
1.024811;0.117199;0.196431;0.200000;0.117199;0.196431;0.200000;0.200000;0.000000;-0.585994;0.982157;
1.024880;0.117338;0.196044;0.200000;0.117338;0.196044;0.200000;0.200000;0.000000;-0.586688;0.980218;
1.024949;0.117477;0.195657;0.200000;0.117477;0.195657;0.200000;0.200000;0.000000;-0.587384;0.978284;
1.025017;0.117616;0.195271;0.200000;0.117616;0.195271;0.200000;0.200000;0.000000;-0.588081;0.976355;
1.025086;0.117756;0.194887;0.200000;0.117756;0.194887;0.200000;0.200000;0.000000;-0.588780;0.974433;
1.025155;0.117896;0.194503;0.200000;0.117896;0.194503;0.200000;0.200000;0.000000;-0.589479;0.972515;
1.025224;0.118036;0.194121;0.200000;0.118036;0.194121;0.200000;0.200000;0.000000;-0.590179;0.970604;
1.025292;0.118176;0.193739;0.200000;0.118176;0.193739;0.200000;0.200000;0.000000;-0.590881;0.968697;
1.025361;0.118317;0.193359;0.200000;0.118317;0.193359;0.200000;0.200000;0.000000;-0.591583;0.966797;
1.025430;0.118457;0.192980;0.200000;0.118457;0.192980;0.200000;0.200000;0.000000;-0.592286;0.964902;
1.025499;0.118598;0.192602;0.200000;0.118598;0.192602;0.200000;0.200000;0.000000;-0.592991;0.963012;
1.025567;0.118739;0.192226;0.200000;0.118739;0.192226;0.200000;0.200000;0.000000;-0.593696;0.961128;
1.025636;0.118880;0.191850;0.200000;0.118880;0.191850;0.200000;0.200000;0.000000;-0.594402;0.959249;
1.025705;0.119022;0.191475;0.200000;0.119022;0.191475;0.200000;0.200000;0.000000;-0.595110;0.957377;
1.025773;0.119164;0.191102;0.200000;0.119164;0.191102;0.200000;0.200000;0.000000;-0.595818;0.955509;
1.025842;0.119305;0.190729;0.200000;0.119305;0.190729;0.200000;0.200000;0.000000;-0.596527;0.953647;
1.025911;0.119447;0.190358;0.200000;0.119447;0.190358;0.200000;0.200000;0.000000;-0.597237;0.951791;
1.025980;0.119590;0.189988;0.200000;0.119590;0.189988;0.200000;0.200000;0.000000;-0.597948;0.949940;
1.026048;0.119732;0.189619;0.200000;0.119732;0.189619;0.200000;0.200000;0.000000;-0.598659;0.948095;
1.026117;0.119874;0.189251;0.200000;0.119874;0.189251;0.200000;0.200000;0.000000;-0.599372;0.946256;
1.026186;0.120017;0.188884;0.200000;0.120017;0.188884;0.200000;0.200000;0.000000;-0.600085;0.944422;
1.026255;0.120160;0.188519;0.200000;0.120160;0.188519;0.200000;0.200000;0.000000;-0.600799;0.942593;
1.026323;0.120303;0.188154;0.200000;0.120303;0.188154;0.200000;0.200000;0.000000;-0.601514;0.940770;
1.026392;0.120446;0.187791;0.200000;0.120446;0.187791;0.200000;0.200000;0.000000;-0.602230;0.938953;
1.026461;0.120589;0.187428;0.200000;0.120589;0.187428;0.200000;0.200000;0.000000;-0.602946;0.937141;
1.026530;0.120733;0.187067;0.200000;0.120733;0.187067;0.200000;0.200000;0.000000;-0.603663;0.935335;
1.026598;0.120876;0.186707;0.200000;0.120876;0.186707;0.200000;0.200000;0.000000;-0.604381;0.933535;
1.026667;0.121020;0.186348;0.200000;0.121020;0.186348;0.200000;0.200000;0.000000;-0.605100;0.931740;
1.026736;0.121164;0.185990;0.200000;0.121164;0.185990;0.200000;0.200000;0.000000;-0.605819;0.929950;
1.026805;0.121308;0.185633;0.200000;0.121308;0.185633;0.200000;0.200000;0.000000;-0.606539;0.928167;
1.026942;0.121596;0.184924;0.200000;0.121596;0.184924;0.200000;0.200000;0.000000;-0.607981;0.924621;
1.027061;0.121847;0.184312;0.200000;0.121847;0.184312;0.200000;0.200000;0.000000;-0.609236;0.921560;
1.027181;0.122098;0.183703;0.200000;0.122098;0.183703;0.200000;0.200000;0.000000;-0.610492;0.918515;
1.027300;0.122350;0.183098;0.200000;0.122350;0.183098;0.200000;0.200000;0.000000;-0.611750;0.915488;
1.027420;0.122602;0.182495;0.200000;0.122602;0.182495;0.200000;0.200000;0.000000;-0.613009;0.912477;
1.027539;0.122854;0.181897;0.200000;0.122854;0.181897;0.200000;0.200000;0.000000;-0.614270;0.909483;
1.027658;0.123106;0.181301;0.200000;0.123106;0.181301;0.200000;0.200000;0.000000;-0.615532;0.906506;
1.027778;0.123359;0.180709;0.200000;0.123359;0.180709;0.200000;0.200000;0.000000;-0.616796;0.903546;
1.027897;0.123612;0.180121;0.200000;0.123612;0.180121;0.200000;0.200000;0.000000;-0.618061;0.900603;
1.028016;0.123865;0.179535;0.200000;0.123865;0.179535;0.200000;0.200000;0.000000;-0.619327;0.897676;
1.028136;0.124119;0.178953;0.200000;0.124119;0.178953;0.200000;0.200000;0.000000;-0.620595;0.894767;
1.028255;0.124373;0.178375;0.200000;0.124373;0.178375;0.200000;0.200000;0.000000;-0.621864;0.891874;
1.028375;0.124627;0.177800;0.200000;0.124627;0.177800;0.200000;0.200000;0.000000;-0.623134;0.888999;
1.028494;0.124881;0.177228;0.200000;0.124881;0.177228;0.200000;0.200000;0.000000;-0.624404;0.886140;
1.028613;0.125135;0.176660;0.200000;0.125135;0.176660;0.200000;0.200000;0.000000;-0.625676;0.883298;
1.028733;0.125390;0.176095;0.200000;0.125390;0.176095;0.200000;0.200000;0.000000;-0.626948;0.880473;
1.028852;0.125644;0.175533;0.200000;0.125644;0.175533;0.200000;0.200000;0.000000;-0.628222;0.877665;
1.028971;0.125899;0.174975;0.200000;0.125899;0.174975;0.200000;0.200000;0.000000;-0.629496;0.874874;
1.029091;0.126154;0.174420;0.200000;0.126154;0.174420;0.200000;0.200000;0.000000;-0.630770;0.872100;
1.029210;0.126409;0.173868;0.200000;0.126409;0.173868;0.200000;0.200000;0.000000;-0.632046;0.869342;
1.029330;0.126664;0.173320;0.200000;0.126664;0.173320;0.200000;0.200000;0.000000;-0.633321;0.866602;
1.029449;0.126920;0.172776;0.200000;0.126920;0.172776;0.200000;0.200000;0.000000;-0.634598;0.863878;
1.029568;0.127175;0.172234;0.200000;0.127175;0.172234;0.200000;0.200000;0.000000;-0.635874;0.861171;
1.029688;0.127430;0.171696;0.200000;0.127430;0.171696;0.200000;0.200000;0.000000;-0.637151;0.858482;
1.029807;0.127686;0.171162;0.200000;0.127686;0.171162;0.200000;0.200000;0.000000;-0.638429;0.855809;
1.029926;0.127941;0.170631;0.200000;0.127941;0.170631;0.200000;0.200000;0.000000;-0.639706;0.853153;
1.030046;0.128197;0.170103;0.200000;0.128197;0.170103;0.200000;0.200000;0.000000;-0.640984;0.850513;
1.030165;0.128452;0.169578;0.200000;0.128452;0.169578;0.200000;0.200000;0.000000;-0.642262;0.847891;
1.030285;0.128708;0.169057;0.200000;0.128708;0.169057;0.200000;0.200000;0.000000;-0.643540;0.845285;
1.030404;0.128964;0.168539;0.200000;0.128964;0.168539;0.200000;0.200000;0.000000;-0.644818;0.842697;
1.030523;0.129219;0.168025;0.200000;0.129219;0.168025;0.200000;0.200000;0.000000;-0.646096;0.840125;
1.030643;0.129475;0.167514;0.200000;0.129475;0.167514;0.200000;0.200000;0.000000;-0.647373;0.837570;
1.030762;0.129730;0.167006;0.200000;0.129730;0.167006;0.200000;0.200000;0.000000;-0.648651;0.835032;
1.030881;0.129986;0.166502;0.200000;0.129986;0.166502;0.200000;0.200000;0.000000;-0.649928;0.832510;
1.031001;0.130241;0.166001;0.200000;0.130241;0.166001;0.200000;0.200000;0.000000;-0.651206;0.830006;
1.031120;0.130496;0.165504;0.200000;0.130496;0.165504;0.200000;0.200000;0.000000;-0.652482;0.827518;
1.031240;0.130752;0.165009;0.200000;0.130752;0.165009;0.200000;0.200000;0.000000;-0.653759;0.825047;
1.031359;0.131007;0.164519;0.200000;0.131007;0.164519;0.200000;0.200000;0.000000;-0.655035;0.822593;
1.031478;0.131262;0.164031;0.200000;0.131262;0.164031;0.200000;0.200000;0.000000;-0.656311;0.820155;
1.031598;0.131517;0.163547;0.200000;0.131517;0.163547;0.200000;0.200000;0.000000;-0.657586;0.817734;
1.031717;0.131772;0.163066;0.200000;0.131772;0.163066;0.200000;0.200000;0.000000;-0.658860;0.815330;
1.031836;0.132027;0.162589;0.200000;0.132027;0.162589;0.200000;0.200000;0.000000;-0.660134;0.812943;
1.031956;0.132282;0.162115;0.200000;0.132282;0.162115;0.200000;0.200000;0.000000;-0.661408;0.810573;
1.032075;0.132536;0.161644;0.200000;0.132536;0.161644;0.200000;0.200000;0.000000;-0.662680;0.808219;
1.032195;0.132790;0.161176;0.200000;0.132790;0.161176;0.200000;0.200000;0.000000;-0.663952;0.805882;
1.032314;0.133045;0.160712;0.200000;0.133045;0.160712;0.200000;0.200000;0.000000;-0.665223;0.803561;
1.032433;0.133299;0.160251;0.200000;0.133299;0.160251;0.200000;0.200000;0.000000;-0.666494;0.801257;
1.032553;0.133553;0.159794;0.200000;0.133553;0.159794;0.200000;0.200000;0.000000;-0.667763;0.798970;
1.032672;0.133806;0.159340;0.200000;0.133806;0.159340;0.200000;0.200000;0.000000;-0.669032;0.796700;
1.032791;0.134060;0.158889;0.200000;0.134060;0.158889;0.200000;0.200000;0.000000;-0.670299;0.794446;
1.032911;0.134313;0.158442;0.200000;0.134313;0.158442;0.200000;0.200000;0.000000;-0.671566;0.792209;
1.033030;0.134566;0.157998;0.200000;0.134566;0.157998;0.200000;0.200000;0.000000;-0.672831;0.789988;
1.033150;0.134819;0.157557;0.200000;0.134819;0.157557;0.200000;0.200000;0.000000;-0.674095;0.787784;
1.033269;0.135072;0.157119;0.200000;0.135072;0.157119;0.200000;0.200000;0.000000;-0.675359;0.785596;
1.033388;0.135324;0.156685;0.200000;0.135324;0.156685;0.200000;0.200000;0.000000;-0.676621;0.783425;
1.033508;0.135576;0.156254;0.200000;0.135576;0.156254;0.200000;0.200000;0.000000;-0.677881;0.781271;
1.033627;0.135828;0.155827;0.200000;0.135828;0.155827;0.200000;0.200000;0.000000;-0.679141;0.779133;
1.033746;0.136080;0.155402;0.200000;0.136080;0.155402;0.200000;0.200000;0.000000;-0.680399;0.777011;
1.033866;0.136331;0.154981;0.200000;0.136331;0.154981;0.200000;0.200000;0.000000;-0.681656;0.774906;
1.033985;0.136582;0.154564;0.200000;0.136582;0.154564;0.200000;0.200000;0.000000;-0.682912;0.772818;
1.034105;0.136833;0.154149;0.200000;0.136833;0.154149;0.200000;0.200000;0.000000;-0.684166;0.770746;
1.034224;0.137084;0.153738;0.200000;0.137084;0.153738;0.200000;0.200000;0.000000;-0.685419;0.768690;
1.034343;0.137334;0.153330;0.200000;0.137334;0.153330;0.200000;0.200000;0.000000;-0.686670;0.766650;
1.034463;0.137584;0.152925;0.200000;0.137584;0.152925;0.200000;0.200000;0.000000;-0.687919;0.764627;
1.034582;0.137834;0.152524;0.200000;0.137834;0.152524;0.200000;0.200000;0.000000;-0.689168;0.762621;
1.034701;0.138083;0.152126;0.200000;0.138083;0.152126;0.200000;0.200000;0.000000;-0.690414;0.760630;
1.034821;0.138332;0.151731;0.200000;0.138332;0.151731;0.200000;0.200000;0.000000;-0.691659;0.758656;
1.034940;0.138580;0.151340;0.200000;0.138580;0.151340;0.200000;0.200000;0.000000;-0.692902;0.756699;
1.035059;0.138829;0.150951;0.200000;0.138829;0.150951;0.200000;0.200000;0.000000;-0.694144;0.754757;
1.035179;0.139077;0.150566;0.200000;0.139077;0.150566;0.200000;0.200000;0.000000;-0.695383;0.752832;
1.035298;0.139324;0.150185;0.200000;0.139324;0.150185;0.200000;0.200000;0.000000;-0.696621;0.750923;
1.035418;0.139572;0.149806;0.200000;0.139572;0.149806;0.200000;0.200000;0.000000;-0.697858;0.749030;
1.035537;0.139818;0.149431;0.200000;0.139818;0.149431;0.200000;0.200000;0.000000;-0.699092;0.747153;
1.035656;0.140065;0.149059;0.200000;0.140065;0.149059;0.200000;0.200000;0.000000;-0.700324;0.745293;
1.035776;0.140311;0.148690;0.200000;0.140311;0.148690;0.200000;0.200000;0.000000;-0.701555;0.743448;
1.035895;0.140557;0.148324;0.200000;0.140557;0.148324;0.200000;0.200000;0.000000;-0.702784;0.741620;
1.036014;0.140802;0.147962;0.200000;0.140802;0.147962;0.200000;0.200000;0.000000;-0.704010;0.739808;
1.036134;0.141047;0.147602;0.200000;0.141047;0.147602;0.200000;0.200000;0.000000;-0.705235;0.738012;
1.036253;0.141292;0.147246;0.200000;0.141292;0.147246;0.200000;0.200000;0.000000;-0.706458;0.736232;
1.036373;0.141536;0.146893;0.200000;0.141536;0.146893;0.200000;0.200000;0.000000;-0.707678;0.734467;
1.036492;0.141779;0.146544;0.200000;0.141779;0.146544;0.200000;0.200000;0.000000;-0.708897;0.732719;
1.036611;0.142023;0.146197;0.200000;0.142023;0.146197;0.200000;0.200000;0.000000;-0.710113;0.730987;
1.036731;0.142265;0.145854;0.200000;0.142265;0.145854;0.200000;0.200000;0.000000;-0.711327;0.729270;
1.036850;0.142508;0.145514;0.200000;0.142508;0.145514;0.200000;0.200000;0.000000;-0.712539;0.727570;
1.036969;0.142750;0.145177;0.200000;0.142750;0.145177;0.200000;0.200000;0.000000;-0.713749;0.725885;
1.037089;0.142991;0.144843;0.200000;0.142991;0.144843;0.200000;0.200000;0.000000;-0.714957;0.724216;
1.037208;0.143232;0.144513;0.200000;0.143232;0.144513;0.200000;0.200000;0.000000;-0.716162;0.722563;
1.037328;0.143473;0.144185;0.200000;0.143473;0.144185;0.200000;0.200000;0.000000;-0.717365;0.720926;
1.037447;0.143713;0.143861;0.200000;0.143713;0.143861;0.200000;0.200000;0.000000;-0.718565;0.719305;
1.037566;0.143953;0.143540;0.200000;0.143953;0.143540;0.200000;0.200000;0.000000;-0.719764;0.717699;
1.037686;0.144192;0.143222;0.200000;0.144192;0.143222;0.200000;0.200000;0.000000;-0.720960;0.716109;
1.037805;0.144431;0.142907;0.200000;0.144431;0.142907;0.200000;0.200000;0.000000;-0.722153;0.714534;
1.037924;0.144669;0.142595;0.200000;0.144669;0.142595;0.200000;0.200000;0.000000;-0.723344;0.712976;
1.038044;0.144907;0.142286;0.200000;0.144907;0.142286;0.200000;0.200000;0.000000;-0.724533;0.711432;
1.038163;0.145144;0.141981;0.200000;0.145144;0.141981;0.200000;0.200000;0.000000;-0.725719;0.709905;
1.038283;0.145381;0.141679;0.200000;0.145381;0.141679;0.200000;0.200000;0.000000;-0.726903;0.708393;
1.038402;0.145617;0.141379;0.200000;0.145617;0.141379;0.200000;0.200000;0.000000;-0.728084;0.706896;
1.038521;0.145852;0.141083;0.200000;0.145852;0.141083;0.200000;0.200000;0.000000;-0.729262;0.705415;
1.038641;0.146088;0.140790;0.200000;0.146088;0.140790;0.200000;0.200000;0.000000;-0.730438;0.703949;
1.038760;0.146322;0.140500;0.200000;0.146322;0.140500;0.200000;0.200000;0.000000;-0.731611;0.702499;
1.038879;0.146556;0.140213;0.200000;0.146556;0.140213;0.200000;0.200000;0.000000;-0.732782;0.701064;
1.038999;0.146790;0.139929;0.200000;0.146790;0.139929;0.200000;0.200000;0.000000;-0.733950;0.699644;
1.039118;0.147023;0.139648;0.200000;0.147023;0.139648;0.200000;0.200000;0.000000;-0.735115;0.698240;
1.039238;0.147256;0.139370;0.200000;0.147256;0.139370;0.200000;0.200000;0.000000;-0.736278;0.696851;
1.039357;0.147488;0.139095;0.200000;0.147488;0.139095;0.200000;0.200000;0.000000;-0.737438;0.695477;
1.039476;0.147719;0.138824;0.200000;0.147719;0.138824;0.200000;0.200000;0.000000;-0.738595;0.694118;
1.039596;0.147950;0.138555;0.200000;0.147950;0.138555;0.200000;0.200000;0.000000;-0.739749;0.692775;
1.039715;0.148180;0.138289;0.200000;0.148180;0.138289;0.200000;0.200000;0.000000;-0.740901;0.691447;
1.039834;0.148410;0.138027;0.200000;0.148410;0.138027;0.200000;0.200000;0.000000;-0.742049;0.690133;
1.039954;0.148639;0.137767;0.200000;0.148639;0.137767;0.200000;0.200000;0.000000;-0.743195;0.688835;
1.040073;0.148868;0.137510;0.200000;0.148868;0.137510;0.200000;0.200000;0.000000;-0.744338;0.687552;
1.040193;0.149096;0.137257;0.200000;0.149096;0.137257;0.200000;0.200000;0.000000;-0.745478;0.686284;
1.040312;0.149323;0.137006;0.200000;0.149323;0.137006;0.200000;0.200000;0.000000;-0.746615;0.685031;
1.040431;0.149550;0.136759;0.200000;0.149550;0.136759;0.200000;0.200000;0.000000;-0.747750;0.683793;
1.040551;0.149776;0.136514;0.200000;0.149776;0.136514;0.200000;0.200000;0.000000;-0.748881;0.682569;
1.040670;0.150002;0.136272;0.200000;0.150002;0.136272;0.200000;0.200000;0.000000;-0.750009;0.681361;
1.040789;0.150227;0.136033;0.200000;0.150227;0.136033;0.200000;0.200000;0.000000;-0.751134;0.680167;
1.040909;0.150451;0.135798;0.200000;0.150451;0.135798;0.200000;0.200000;0.000000;-0.752257;0.678988;
1.041028;0.150675;0.135565;0.200000;0.150675;0.135565;0.200000;0.200000;0.000000;-0.753376;0.677824;
1.041148;0.150898;0.135335;0.200000;0.150898;0.135335;0.200000;0.200000;0.000000;-0.754492;0.676675;
1.041267;0.151121;0.135108;0.200000;0.151121;0.135108;0.200000;0.200000;0.000000;-0.755605;0.675540;
1.041386;0.151343;0.134884;0.200000;0.151343;0.134884;0.200000;0.200000;0.000000;-0.756715;0.674420;
1.041506;0.151564;0.134663;0.200000;0.151564;0.134663;0.200000;0.200000;0.000000;-0.757822;0.673314;
1.041625;0.151785;0.134445;0.200000;0.151785;0.134445;0.200000;0.200000;0.000000;-0.758926;0.672223;
1.041744;0.152005;0.134229;0.200000;0.152005;0.134229;0.200000;0.200000;0.000000;-0.760027;0.671147;
1.041864;0.152225;0.134017;0.200000;0.152225;0.134017;0.200000;0.200000;0.000000;-0.761124;0.670085;
1.041983;0.152444;0.133807;0.200000;0.152444;0.133807;0.200000;0.200000;0.000000;-0.762219;0.669037;
1.042103;0.152662;0.133601;0.200000;0.152662;0.133601;0.200000;0.200000;0.000000;-0.763310;0.668004;
1.042222;0.152880;0.133397;0.200000;0.152880;0.133397;0.200000;0.200000;0.000000;-0.764398;0.666985;
1.042341;0.153096;0.133196;0.200000;0.153096;0.133196;0.200000;0.200000;0.000000;-0.765482;0.665981;
1.042461;0.153313;0.132998;0.200000;0.153313;0.132998;0.200000;0.200000;0.000000;-0.766564;0.664991;
1.042580;0.153528;0.132803;0.200000;0.153528;0.132803;0.200000;0.200000;0.000000;-0.767642;0.664015;
1.042699;0.153743;0.132611;0.200000;0.153743;0.132611;0.200000;0.200000;0.000000;-0.768716;0.663053;
1.042819;0.153958;0.132421;0.200000;0.153958;0.132421;0.200000;0.200000;0.000000;-0.769788;0.662105;
1.042938;0.154171;0.132234;0.200000;0.154171;0.132234;0.200000;0.200000;0.000000;-0.770856;0.661172;
1.043058;0.154384;0.132050;0.200000;0.154384;0.132050;0.200000;0.200000;0.000000;-0.771921;0.660252;
1.043177;0.154597;0.131869;0.200000;0.154597;0.131869;0.200000;0.200000;0.000000;-0.772983;0.659347;
1.043296;0.154808;0.131691;0.200000;0.154808;0.131691;0.200000;0.200000;0.000000;-0.774041;0.658455;
1.043416;0.155019;0.131516;0.200000;0.155019;0.131516;0.200000;0.200000;0.000000;-0.775095;0.657578;
1.043535;0.155229;0.131343;0.200000;0.155229;0.131343;0.200000;0.200000;0.000000;-0.776147;0.656714;
1.043654;0.155439;0.131173;0.200000;0.155439;0.131173;0.200000;0.200000;0.000000;-0.777195;0.655864;
1.043774;0.155648;0.131006;0.200000;0.155648;0.131006;0.200000;0.200000;0.000000;-0.778239;0.655029;
1.043893;0.155856;0.130841;0.200000;0.155856;0.130841;0.200000;0.200000;0.000000;-0.779280;0.654206;
1.044012;0.156064;0.130680;0.200000;0.156064;0.130680;0.200000;0.200000;0.000000;-0.780318;0.653398;
1.044132;0.156270;0.130521;0.200000;0.156270;0.130521;0.200000;0.200000;0.000000;-0.781352;0.652603;
1.044251;0.156477;0.130364;0.200000;0.156477;0.130364;0.200000;0.200000;0.000000;-0.782383;0.651822;
1.044371;0.156682;0.130211;0.200000;0.156682;0.130211;0.200000;0.200000;0.000000;-0.783410;0.651055;
1.044490;0.156887;0.130060;0.200000;0.156887;0.130060;0.200000;0.200000;0.000000;-0.784434;0.650301;
1.044609;0.157091;0.129912;0.200000;0.157091;0.129912;0.200000;0.200000;0.000000;-0.785454;0.649561;
1.044729;0.157294;0.129767;0.200000;0.157294;0.129767;0.200000;0.200000;0.000000;-0.786470;0.648834;
1.044848;0.157497;0.129624;0.200000;0.157497;0.129624;0.200000;0.200000;0.000000;-0.787483;0.648120;
1.044967;0.157699;0.129484;0.200000;0.157699;0.129484;0.200000;0.200000;0.000000;-0.788493;0.647420;
1.045087;0.157900;0.129347;0.200000;0.157900;0.129347;0.200000;0.200000;0.000000;-0.789499;0.646734;
1.045206;0.158100;0.129212;0.200000;0.158100;0.129212;0.200000;0.200000;0.000000;-0.790501;0.646060;
1.045326;0.158300;0.129080;0.200000;0.158300;0.129080;0.200000;0.200000;0.000000;-0.791500;0.645400;
1.045445;0.158499;0.128951;0.200000;0.158499;0.128951;0.200000;0.200000;0.000000;-0.792495;0.644753;
1.045564;0.158697;0.128824;0.200000;0.158697;0.128824;0.200000;0.200000;0.000000;-0.793486;0.644120;
1.045684;0.158895;0.128700;0.200000;0.158895;0.128700;0.200000;0.200000;0.000000;-0.794474;0.643499;
1.045803;0.159092;0.128578;0.200000;0.159092;0.128578;0.200000;0.200000;0.000000;-0.795458;0.642891;
1.045922;0.159288;0.128459;0.200000;0.159288;0.128459;0.200000;0.200000;0.000000;-0.796439;0.642297;
1.046042;0.159483;0.128343;0.200000;0.159483;0.128343;0.200000;0.200000;0.000000;-0.797416;0.641715;
1.046161;0.159678;0.128229;0.200000;0.159678;0.128229;0.200000;0.200000;0.000000;-0.798389;0.641147;
1.046281;0.159872;0.128118;0.200000;0.159872;0.128118;0.200000;0.200000;0.000000;-0.799358;0.640591;
1.046400;0.160065;0.128010;0.200000;0.160065;0.128010;0.200000;0.200000;0.000000;-0.800324;0.640048;
1.046519;0.160257;0.127904;0.200000;0.160257;0.127904;0.200000;0.200000;0.000000;-0.801286;0.639518;
1.046639;0.160449;0.127800;0.200000;0.160449;0.127800;0.200000;0.200000;0.000000;-0.802244;0.639001;
1.046758;0.160640;0.127699;0.200000;0.160640;0.127699;0.200000;0.200000;0.000000;-0.803199;0.638496;
1.046877;0.160830;0.127601;0.200000;0.160830;0.127601;0.200000;0.200000;0.000000;-0.804150;0.638004;
1.046997;0.161019;0.127505;0.200000;0.161019;0.127505;0.200000;0.200000;0.000000;-0.805097;0.637525;
1.047116;0.161208;0.127412;0.200000;0.161208;0.127412;0.200000;0.200000;0.000000;-0.806040;0.637058;
1.047236;0.161396;0.127321;0.200000;0.161396;0.127321;0.200000;0.200000;0.000000;-0.806980;0.636604;
1.047355;0.161583;0.127232;0.200000;0.161583;0.127232;0.200000;0.200000;0.000000;-0.807916;0.636162;
1.047474;0.161770;0.127147;0.200000;0.161770;0.127147;0.200000;0.200000;0.000000;-0.808848;0.635733;
1.047594;0.161955;0.127063;0.200000;0.161955;0.127063;0.200000;0.200000;0.000000;-0.809776;0.635316;
1.047713;0.162140;0.126982;0.200000;0.162140;0.126982;0.200000;0.200000;0.000000;-0.810700;0.634911;
1.047832;0.162324;0.126904;0.200000;0.162324;0.126904;0.200000;0.200000;0.000000;-0.811621;0.634519;
1.047952;0.162507;0.126828;0.200000;0.162507;0.126828;0.200000;0.200000;0.000000;-0.812537;0.634139;
1.048071;0.162690;0.126754;0.200000;0.162690;0.126754;0.200000;0.200000;0.000000;-0.813450;0.633771;
1.048191;0.162872;0.126683;0.200000;0.162872;0.126683;0.200000;0.200000;0.000000;-0.814359;0.633415;
1.048310;0.163053;0.126614;0.200000;0.163053;0.126614;0.200000;0.200000;0.000000;-0.815265;0.633071;
1.048429;0.163233;0.126548;0.200000;0.163233;0.126548;0.200000;0.200000;0.000000;-0.816166;0.632740;
1.048549;0.163413;0.126484;0.200000;0.163413;0.126484;0.200000;0.200000;0.000000;-0.817063;0.632420;
1.048668;0.163591;0.126423;0.200000;0.163591;0.126423;0.200000;0.200000;0.000000;-0.817957;0.632113;
1.048787;0.163769;0.126363;0.200000;0.163769;0.126363;0.200000;0.200000;0.000000;-0.818847;0.631817;
1.048907;0.163946;0.126307;0.200000;0.163946;0.126307;0.200000;0.200000;0.000000;-0.819732;0.631533;
1.049026;0.164123;0.126252;0.200000;0.164123;0.126252;0.200000;0.200000;0.000000;-0.820614;0.631261;
1.049146;0.164298;0.126200;0.200000;0.164298;0.126200;0.200000;0.200000;0.000000;-0.821492;0.631001;
1.049265;0.164473;0.126150;0.200000;0.164473;0.126150;0.200000;0.200000;0.000000;-0.822366;0.630752;
1.049384;0.164647;0.126103;0.200000;0.164647;0.126103;0.200000;0.200000;0.000000;-0.823237;0.630515;
1.049504;0.164821;0.126058;0.200000;0.164821;0.126058;0.200000;0.200000;0.000000;-0.824103;0.630290;
1.049623;0.164993;0.126015;0.200000;0.164993;0.126015;0.200000;0.200000;0.000000;-0.824965;0.630076;
1.049742;0.165165;0.125975;0.200000;0.165165;0.125975;0.200000;0.200000;0.000000;-0.825824;0.629874;
1.049862;0.165336;0.125937;0.200000;0.165336;0.125937;0.200000;0.200000;0.000000;-0.826678;0.629683;
1.049981;0.165506;0.125901;0.200000;0.165506;0.125901;0.200000;0.200000;0.000000;-0.827529;0.629504;
1.050101;0.165675;0.125867;0.200000;0.165675;0.125867;0.200000;0.200000;0.000000;-0.828375;0.629336;
1.050220;0.165844;0.125836;0.200000;0.165844;0.125836;0.200000;0.200000;0.000000;-0.829218;0.629179;
1.050339;0.166011;0.125807;0.200000;0.166011;0.125807;0.200000;0.200000;0.000000;-0.830056;0.629034;
1.050459;0.166178;0.125780;0.200000;0.166178;0.125780;0.200000;0.200000;0.000000;-0.830891;0.628900;
1.050578;0.166344;0.125755;0.200000;0.166344;0.125755;0.200000;0.200000;0.000000;-0.831722;0.628777;
1.050697;0.166510;0.125733;0.200000;0.166510;0.125733;0.200000;0.200000;0.000000;-0.832549;0.628665;
1.050797;0.166647;0.125716;0.200000;0.166647;0.125716;0.200000;0.200000;0.000000;-0.833237;0.628580;
1.050798;0.166649;0.125716;0.200000;0.166649;0.125716;0.200000;0.200000;0.000000;-0.833245;0.628579;
1.050800;0.166651;0.125716;0.200000;0.166651;0.125716;0.200000;0.200000;0.000000;-0.833255;0.628578;
1.050803;0.166655;0.125715;0.200000;0.166655;0.125715;0.200000;0.200000;0.000000;-0.833273;0.628576;
1.050808;0.166662;0.125714;0.200000;0.166662;0.125714;0.200000;0.200000;0.000000;-0.833311;0.628571;
1.050819;0.166677;0.125712;0.200000;0.166677;0.125712;0.200000;0.200000;0.000000;-0.833386;0.628562;
1.050841;0.166707;0.125709;0.200000;0.166707;0.125709;0.200000;0.200000;0.000000;-0.833536;0.628544;
1.050884;0.166767;0.125702;0.200000;0.166767;0.125702;0.200000;0.200000;0.000000;-0.833836;0.628510;
1.050971;0.166887;0.125689;0.200000;0.166887;0.125689;0.200000;0.200000;0.000000;-0.834433;0.628446;
1.051059;0.167006;0.125678;0.200000;0.167006;0.125678;0.200000;0.200000;0.000000;-0.835028;0.628389;
1.051233;0.167242;0.125660;0.200000;0.167242;0.125660;0.200000;0.200000;0.000000;-0.836209;0.628298;
1.051390;0.167453;0.125647;0.200000;0.167453;0.125647;0.200000;0.200000;0.000000;-0.837265;0.628234;
1.051547;0.167663;0.125638;0.200000;0.167663;0.125638;0.200000;0.200000;0.000000;-0.838315;0.628189;
1.051704;0.167871;0.125632;0.200000;0.167871;0.125632;0.200000;0.200000;0.000000;-0.839357;0.628162;
1.051861;0.168079;0.125631;0.200000;0.168079;0.125631;0.200000;0.200000;0.000000;-0.840393;0.628154;
1.052018;0.168284;0.125633;0.200000;0.168284;0.125633;0.200000;0.200000;0.000000;-0.841421;0.628164;
1.052175;0.168489;0.125639;0.200000;0.168489;0.125639;0.200000;0.200000;0.000000;-0.842443;0.628193;
1.052332;0.168691;0.125648;0.200000;0.168691;0.125648;0.200000;0.200000;0.000000;-0.843457;0.628239;
1.052488;0.168893;0.125661;0.200000;0.168893;0.125661;0.200000;0.200000;0.000000;-0.844465;0.628303;
1.052645;0.169093;0.125677;0.200000;0.169093;0.125677;0.200000;0.200000;0.000000;-0.845465;0.628385;
1.052802;0.169292;0.125697;0.200000;0.169292;0.125697;0.200000;0.200000;0.000000;-0.846459;0.628485;
1.052959;0.169489;0.125720;0.200000;0.169489;0.125720;0.200000;0.200000;0.000000;-0.847445;0.628602;
1.053116;0.169685;0.125747;0.200000;0.169685;0.125747;0.200000;0.200000;0.000000;-0.848425;0.628736;
1.053273;0.169879;0.125778;0.200000;0.169879;0.125778;0.200000;0.200000;0.000000;-0.849397;0.628888;
1.053430;0.170073;0.125812;0.200000;0.170073;0.125812;0.200000;0.200000;0.000000;-0.850363;0.629058;
1.053587;0.170264;0.125849;0.200000;0.170264;0.125849;0.200000;0.200000;0.000000;-0.851321;0.629244;
1.053744;0.170455;0.125889;0.200000;0.170455;0.125889;0.200000;0.200000;0.000000;-0.852273;0.629447;
1.053901;0.170643;0.125933;0.200000;0.170643;0.125933;0.200000;0.200000;0.000000;-0.853217;0.629667;
1.054058;0.170831;0.125981;0.200000;0.170831;0.125981;0.200000;0.200000;0.000000;-0.854154;0.629904;
1.054215;0.171017;0.126031;0.200000;0.171017;0.126031;0.200000;0.200000;0.000000;-0.855085;0.630157;
1.054372;0.171202;0.126085;0.200000;0.171202;0.126085;0.200000;0.200000;0.000000;-0.856008;0.630427;
1.054529;0.171385;0.126143;0.200000;0.171385;0.126143;0.200000;0.200000;0.000000;-0.856924;0.630714;
1.054686;0.171567;0.126203;0.200000;0.171567;0.126203;0.200000;0.200000;0.000000;-0.857833;0.631016;
1.054842;0.171747;0.126267;0.200000;0.171747;0.126267;0.200000;0.200000;0.000000;-0.858735;0.631335;
1.054999;0.171926;0.126334;0.200000;0.171926;0.126334;0.200000;0.200000;0.000000;-0.859630;0.631670;
1.055156;0.172104;0.126404;0.200000;0.172104;0.126404;0.200000;0.200000;0.000000;-0.860518;0.632021;
1.055313;0.172280;0.126477;0.200000;0.172280;0.126477;0.200000;0.200000;0.000000;-0.861399;0.632387;
1.055470;0.172455;0.126554;0.200000;0.172455;0.126554;0.200000;0.200000;0.000000;-0.862273;0.632770;
1.055627;0.172628;0.126634;0.200000;0.172628;0.126634;0.200000;0.200000;0.000000;-0.863140;0.633168;
1.055784;0.172800;0.126716;0.200000;0.172800;0.126716;0.200000;0.200000;0.000000;-0.864000;0.633581;
1.055941;0.172971;0.126802;0.200000;0.172971;0.126802;0.200000;0.200000;0.000000;-0.864853;0.634009;
1.056098;0.173140;0.126891;0.200000;0.173140;0.126891;0.200000;0.200000;0.000000;-0.865698;0.634453;
1.056255;0.173307;0.126982;0.200000;0.173307;0.126982;0.200000;0.200000;0.000000;-0.866537;0.634912;
1.056412;0.173474;0.127077;0.200000;0.173474;0.127077;0.200000;0.200000;0.000000;-0.867369;0.635386;
1.056569;0.173639;0.127175;0.200000;0.173639;0.127175;0.200000;0.200000;0.000000;-0.868193;0.635875;
1.056726;0.173802;0.127276;0.200000;0.173802;0.127276;0.200000;0.200000;0.000000;-0.869011;0.636378;
1.056883;0.173964;0.127379;0.200000;0.173964;0.127379;0.200000;0.200000;0.000000;-0.869822;0.636897;
1.057040;0.174125;0.127486;0.200000;0.174125;0.127486;0.200000;0.200000;0.000000;-0.870625;0.637429;
1.057196;0.174284;0.127595;0.200000;0.174284;0.127595;0.200000;0.200000;0.000000;-0.871422;0.637976;
1.057353;0.174442;0.127708;0.200000;0.174442;0.127708;0.200000;0.200000;0.000000;-0.872212;0.638538;
1.057510;0.174599;0.127823;0.200000;0.174599;0.127823;0.200000;0.200000;0.000000;-0.872994;0.639113;
1.057667;0.174754;0.127941;0.200000;0.174754;0.127941;0.200000;0.200000;0.000000;-0.873770;0.639703;
1.057824;0.174908;0.128061;0.200000;0.174908;0.128061;0.200000;0.200000;0.000000;-0.874538;0.640306;
1.057981;0.175060;0.128185;0.200000;0.175060;0.128185;0.200000;0.200000;0.000000;-0.875300;0.640924;
1.058138;0.175211;0.128311;0.200000;0.175211;0.128311;0.200000;0.200000;0.000000;-0.876055;0.641555;
1.058295;0.175361;0.128440;0.200000;0.175361;0.128440;0.200000;0.200000;0.000000;-0.876803;0.642199;
1.058452;0.175509;0.128571;0.200000;0.175509;0.128571;0.200000;0.200000;0.000000;-0.877543;0.642857;
1.058609;0.175655;0.128706;0.200000;0.175655;0.128706;0.200000;0.200000;0.000000;-0.878277;0.643529;
1.058766;0.175801;0.128843;0.200000;0.175801;0.128843;0.200000;0.200000;0.000000;-0.879004;0.644213;
1.058923;0.175945;0.128982;0.200000;0.175945;0.128982;0.200000;0.200000;0.000000;-0.879724;0.644911;
1.059080;0.176087;0.129124;0.200000;0.176087;0.129124;0.200000;0.200000;0.000000;-0.880437;0.645622;
1.059237;0.176229;0.129269;0.200000;0.176229;0.129269;0.200000;0.200000;0.000000;-0.881143;0.646345;
1.059394;0.176368;0.129416;0.200000;0.176368;0.129416;0.200000;0.200000;0.000000;-0.881842;0.647082;
1.059550;0.176507;0.129566;0.200000;0.176507;0.129566;0.200000;0.200000;0.000000;-0.882534;0.647831;
1.059707;0.176644;0.129718;0.200000;0.176644;0.129718;0.200000;0.200000;0.000000;-0.883220;0.648592;
1.059864;0.176780;0.129873;0.200000;0.176780;0.129873;0.200000;0.200000;0.000000;-0.883898;0.649366;
1.060021;0.176914;0.130031;0.200000;0.176914;0.130031;0.200000;0.200000;0.000000;-0.884570;0.650153;
1.060178;0.177047;0.130190;0.200000;0.177047;0.130190;0.200000;0.200000;0.000000;-0.885235;0.650951;
1.060335;0.177179;0.130352;0.200000;0.177179;0.130352;0.200000;0.200000;0.000000;-0.885893;0.651762;
1.060492;0.177309;0.130517;0.200000;0.177309;0.130517;0.200000;0.200000;0.000000;-0.886544;0.652584;
1.060649;0.177438;0.130684;0.200000;0.177438;0.130684;0.200000;0.200000;0.000000;-0.887188;0.653418;
1.060806;0.177565;0.130853;0.200000;0.177565;0.130853;0.200000;0.200000;0.000000;-0.887825;0.654264;
1.060963;0.177691;0.131024;0.200000;0.177691;0.131024;0.200000;0.200000;0.000000;-0.888456;0.655122;
1.061120;0.177816;0.131198;0.200000;0.177816;0.131198;0.200000;0.200000;0.000000;-0.889080;0.655991;
1.061277;0.177939;0.131374;0.200000;0.177939;0.131374;0.200000;0.200000;0.000000;-0.889697;0.656871;
1.061434;0.178061;0.131553;0.200000;0.178061;0.131553;0.200000;0.200000;0.000000;-0.890307;0.657763;
1.061591;0.178182;0.131733;0.200000;0.178182;0.131733;0.200000;0.200000;0.000000;-0.890911;0.658666;
1.061748;0.178302;0.131916;0.200000;0.178302;0.131916;0.200000;0.200000;0.000000;-0.891508;0.659580;
1.061904;0.178420;0.132101;0.200000;0.178420;0.132101;0.200000;0.200000;0.000000;-0.892098;0.660505;
1.062061;0.178536;0.132288;0.200000;0.178536;0.132288;0.200000;0.200000;0.000000;-0.892681;0.661440;
1.062218;0.178652;0.132477;0.200000;0.178652;0.132477;0.200000;0.200000;0.000000;-0.893258;0.662387;
1.062375;0.178766;0.132669;0.200000;0.178766;0.132669;0.200000;0.200000;0.000000;-0.893828;0.663344;
1.062532;0.178878;0.132862;0.200000;0.178878;0.132862;0.200000;0.200000;0.000000;-0.894391;0.664311;
1.062689;0.178989;0.133058;0.200000;0.178989;0.133058;0.200000;0.200000;0.000000;-0.894947;0.665289;
1.062846;0.179099;0.133255;0.200000;0.179099;0.133255;0.200000;0.200000;0.000000;-0.895497;0.666277;
1.063003;0.179208;0.133455;0.200000;0.179208;0.133455;0.200000;0.200000;0.000000;-0.896041;0.667275;
1.063160;0.179315;0.133657;0.200000;0.179315;0.133657;0.200000;0.200000;0.000000;-0.896577;0.668283;
1.063317;0.179422;0.133860;0.200000;0.179422;0.133860;0.200000;0.200000;0.000000;-0.897108;0.669301;
1.063474;0.179526;0.134066;0.200000;0.179526;0.134066;0.200000;0.200000;0.000000;-0.897631;0.670328;
1.063631;0.179630;0.134273;0.200000;0.179630;0.134273;0.200000;0.200000;0.000000;-0.898148;0.671366;
1.063788;0.179732;0.134483;0.200000;0.179732;0.134483;0.200000;0.200000;0.000000;-0.898658;0.672413;
1.063945;0.179832;0.134694;0.200000;0.179832;0.134694;0.200000;0.200000;0.000000;-0.899162;0.673469;
1.064101;0.179932;0.134907;0.200000;0.179932;0.134907;0.200000;0.200000;0.000000;-0.899660;0.674535;
1.064258;0.180030;0.135122;0.200000;0.180030;0.135122;0.200000;0.200000;0.000000;-0.900151;0.675610;
1.064415;0.180127;0.135339;0.200000;0.180127;0.135339;0.200000;0.200000;0.000000;-0.900635;0.676694;
1.064572;0.180223;0.135557;0.200000;0.180223;0.135557;0.200000;0.200000;0.000000;-0.901113;0.677787;
1.064729;0.180317;0.135778;0.200000;0.180317;0.135778;0.200000;0.200000;0.000000;-0.901584;0.678890;
1.064886;0.180410;0.136000;0.200000;0.180410;0.136000;0.200000;0.200000;0.000000;-0.902049;0.680000;
1.065043;0.180502;0.136224;0.200000;0.180502;0.136224;0.200000;0.200000;0.000000;-0.902508;0.681120;
1.065200;0.180592;0.136450;0.200000;0.180592;0.136450;0.200000;0.200000;0.000000;-0.902960;0.682248;
1.065357;0.180681;0.136677;0.200000;0.180681;0.136677;0.200000;0.200000;0.000000;-0.903406;0.683385;
1.065514;0.180769;0.136906;0.200000;0.180769;0.136906;0.200000;0.200000;0.000000;-0.903845;0.684529;
1.065671;0.180856;0.137137;0.200000;0.180856;0.137137;0.200000;0.200000;0.000000;-0.904278;0.685683;
1.065828;0.180941;0.137369;0.200000;0.180941;0.137369;0.200000;0.200000;0.000000;-0.904705;0.686844;
1.065985;0.181025;0.137603;0.200000;0.181025;0.137603;0.200000;0.200000;0.000000;-0.905126;0.688013;
1.066142;0.181108;0.137838;0.200000;0.181108;0.137838;0.200000;0.200000;0.000000;-0.905540;0.689190;
1.066299;0.181190;0.138075;0.200000;0.181190;0.138075;0.200000;0.200000;0.000000;-0.905948;0.690375;
1.066455;0.181270;0.138314;0.200000;0.181270;0.138314;0.200000;0.200000;0.000000;-0.906349;0.691568;
1.066612;0.181349;0.138554;0.200000;0.181349;0.138554;0.200000;0.200000;0.000000;-0.906744;0.692769;
1.066769;0.181427;0.138795;0.200000;0.181427;0.138795;0.200000;0.200000;0.000000;-0.907133;0.693977;
1.066926;0.181503;0.139039;0.200000;0.181503;0.139039;0.200000;0.200000;0.000000;-0.907516;0.695193;
1.067083;0.181579;0.139283;0.200000;0.181579;0.139283;0.200000;0.200000;0.000000;-0.907893;0.696416;
1.067240;0.181653;0.139529;0.200000;0.181653;0.139529;0.200000;0.200000;0.000000;-0.908263;0.697646;
1.067397;0.181725;0.139777;0.200000;0.181725;0.139777;0.200000;0.200000;0.000000;-0.908627;0.698883;
1.067554;0.181797;0.140025;0.200000;0.181797;0.140025;0.200000;0.200000;0.000000;-0.908985;0.700127;
1.067711;0.181868;0.140276;0.200000;0.181868;0.140276;0.200000;0.200000;0.000000;-0.909338;0.701378;
1.067868;0.181937;0.140527;0.200000;0.181937;0.140527;0.200000;0.200000;0.000000;-0.909684;0.702635;
1.068025;0.182005;0.140780;0.200000;0.182005;0.140780;0.200000;0.200000;0.000000;-0.910023;0.703900;
1.068182;0.182071;0.141034;0.200000;0.182071;0.141034;0.200000;0.200000;0.000000;-0.910357;0.705170;
1.068339;0.182137;0.141290;0.200000;0.182137;0.141290;0.200000;0.200000;0.000000;-0.910685;0.706448;
1.068496;0.182201;0.141546;0.200000;0.182201;0.141546;0.200000;0.200000;0.000000;-0.911007;0.707731;
1.068653;0.182265;0.141804;0.200000;0.182265;0.141804;0.200000;0.200000;0.000000;-0.911323;0.709021;
1.068809;0.182327;0.142063;0.200000;0.182327;0.142063;0.200000;0.200000;0.000000;-0.911633;0.710317;
1.068966;0.182388;0.142324;0.200000;0.182388;0.142324;0.200000;0.200000;0.000000;-0.911938;0.711619;
1.069123;0.182447;0.142585;0.200000;0.182447;0.142585;0.200000;0.200000;0.000000;-0.912236;0.712927;
1.069280;0.182506;0.142848;0.200000;0.182506;0.142848;0.200000;0.200000;0.000000;-0.912528;0.714240;
1.069437;0.182563;0.143112;0.200000;0.182563;0.143112;0.200000;0.200000;0.000000;-0.912815;0.715560;
1.069594;0.182619;0.143377;0.200000;0.182619;0.143377;0.200000;0.200000;0.000000;-0.913096;0.716885;
1.069751;0.182674;0.143643;0.200000;0.182674;0.143643;0.200000;0.200000;0.000000;-0.913371;0.718215;
1.070065;0.182780;0.144179;0.200000;0.182780;0.144179;0.200000;0.200000;0.000000;-0.913898;0.720897;
1.070343;0.182870;0.144658;0.200000;0.182870;0.144658;0.200000;0.200000;0.000000;-0.914348;0.723292;
1.070622;0.182956;0.145140;0.200000;0.182956;0.145140;0.200000;0.200000;0.000000;-0.914780;0.725702;
1.070900;0.183039;0.145626;0.200000;0.183039;0.145626;0.200000;0.200000;0.000000;-0.915194;0.728128;
1.071178;0.183118;0.146114;0.200000;0.183118;0.146114;0.200000;0.200000;0.000000;-0.915591;0.730568;
1.071457;0.183194;0.146604;0.200000;0.183194;0.146604;0.200000;0.200000;0.000000;-0.915970;0.733022;
1.071735;0.183266;0.147098;0.200000;0.183266;0.147098;0.200000;0.200000;0.000000;-0.916332;0.735490;
1.072014;0.183335;0.147594;0.200000;0.183335;0.147594;0.200000;0.200000;0.000000;-0.916677;0.737971;
1.072292;0.183401;0.148093;0.200000;0.183401;0.148093;0.200000;0.200000;0.000000;-0.917005;0.740464;
1.072570;0.183463;0.148594;0.200000;0.183463;0.148594;0.200000;0.200000;0.000000;-0.917316;0.742969;
1.072849;0.183522;0.149097;0.200000;0.183522;0.149097;0.200000;0.200000;0.000000;-0.917610;0.745485;
1.073127;0.183577;0.149603;0.200000;0.183577;0.149603;0.200000;0.200000;0.000000;-0.917887;0.748013;
1.073405;0.183630;0.150110;0.200000;0.183630;0.150110;0.200000;0.200000;0.000000;-0.918148;0.750551;
1.073684;0.183679;0.150620;0.200000;0.183679;0.150620;0.200000;0.200000;0.000000;-0.918393;0.753098;
1.073962;0.183724;0.151131;0.200000;0.183724;0.151131;0.200000;0.200000;0.000000;-0.918622;0.755656;
1.074240;0.183767;0.151644;0.200000;0.183767;0.151644;0.200000;0.200000;0.000000;-0.918834;0.758222;
1.074519;0.183806;0.152159;0.200000;0.183806;0.152159;0.200000;0.200000;0.000000;-0.919031;0.760796;
1.074797;0.183842;0.152676;0.200000;0.183842;0.152676;0.200000;0.200000;0.000000;-0.919212;0.763378;
1.075076;0.183875;0.153194;0.200000;0.183875;0.153194;0.200000;0.200000;0.000000;-0.919377;0.765968;
1.075354;0.183905;0.153713;0.200000;0.183905;0.153713;0.200000;0.200000;0.000000;-0.919527;0.768565;
1.075632;0.183932;0.154234;0.200000;0.183932;0.154234;0.200000;0.200000;0.000000;-0.919662;0.771168;
1.075911;0.183956;0.154755;0.200000;0.183956;0.154755;0.200000;0.200000;0.000000;-0.919781;0.773777;
1.076189;0.183977;0.155278;0.200000;0.183977;0.155278;0.200000;0.200000;0.000000;-0.919886;0.776392;
1.076467;0.183995;0.155802;0.200000;0.183995;0.155802;0.200000;0.200000;0.000000;-0.919975;0.779012;
1.076746;0.184010;0.156327;0.200000;0.184010;0.156327;0.200000;0.200000;0.000000;-0.920050;0.781637;
1.077024;0.184022;0.156853;0.200000;0.184022;0.156853;0.200000;0.200000;0.000000;-0.920110;0.784265;
1.077303;0.184031;0.157380;0.200000;0.184031;0.157380;0.200000;0.200000;0.000000;-0.920156;0.786898;
1.077581;0.184038;0.157907;0.200000;0.184038;0.157907;0.200000;0.200000;0.000000;-0.920188;0.789533;
1.077859;0.184041;0.158434;0.200000;0.184041;0.158434;0.200000;0.200000;0.000000;-0.920206;0.792172;
1.078138;0.184042;0.158963;0.200000;0.184042;0.158963;0.200000;0.200000;0.000000;-0.920210;0.794813;
1.078416;0.184040;0.159491;0.200000;0.184040;0.159491;0.200000;0.200000;0.000000;-0.920200;0.797456;
1.078694;0.184035;0.160020;0.200000;0.184035;0.160020;0.200000;0.200000;0.000000;-0.920176;0.800100;
1.078973;0.184028;0.160549;0.200000;0.184028;0.160549;0.200000;0.200000;0.000000;-0.920139;0.802745;
1.079251;0.184018;0.161078;0.200000;0.184018;0.161078;0.200000;0.200000;0.000000;-0.920089;0.805392;
1.079529;0.184005;0.161608;0.200000;0.184005;0.161608;0.200000;0.200000;0.000000;-0.920025;0.808038;
1.079808;0.183990;0.162137;0.200000;0.183990;0.162137;0.200000;0.200000;0.000000;-0.919949;0.810685;
1.080086;0.183972;0.162666;0.200000;0.183972;0.162666;0.200000;0.200000;0.000000;-0.919859;0.813330;
1.080365;0.183951;0.163195;0.200000;0.183951;0.163195;0.200000;0.200000;0.000000;-0.919757;0.815975;
1.080434;0.183946;0.163327;0.200000;0.183946;0.163327;0.200000;0.200000;0.000000;-0.919731;0.816636;
1.080481;0.183943;0.163416;0.200000;0.183943;0.163416;0.200000;0.200000;0.000000;-0.919713;0.817082;
1.080514;0.183940;0.163479;0.200000;0.183940;0.163479;0.200000;0.200000;0.000000;-0.919700;0.817395;
1.080516;0.183940;0.163482;0.200000;0.183940;0.163482;0.200000;0.200000;0.000000;-0.919700;0.817410;
1.080519;0.183940;0.163488;0.200000;0.183940;0.163488;0.200000;0.200000;0.000000;-0.919698;0.817439;
1.080525;0.183939;0.163499;0.200000;0.183939;0.163499;0.200000;0.200000;0.000000;-0.919696;0.817496;
1.080537;0.183938;0.163522;0.200000;0.183938;0.163522;0.200000;0.200000;0.000000;-0.919691;0.817612;
1.080555;0.183937;0.163558;0.200000;0.183937;0.163558;0.200000;0.200000;0.000000;-0.919684;0.817788;
1.080557;0.183937;0.163560;0.200000;0.183937;0.163560;0.200000;0.200000;0.000000;-0.919683;0.817802;
1.080560;0.183936;0.163566;0.200000;0.183936;0.163566;0.200000;0.200000;0.000000;-0.919682;0.817831;
1.080566;0.183936;0.163578;0.200000;0.183936;0.163578;0.200000;0.200000;0.000000;-0.919680;0.817889;
1.080578;0.183935;0.163601;0.200000;0.183935;0.163601;0.200000;0.200000;0.000000;-0.919675;0.818004;
1.080602;0.183933;0.163647;0.200000;0.183933;0.163647;0.200000;0.200000;0.000000;-0.919665;0.818234;
1.080651;0.183929;0.163739;0.200000;0.183929;0.163739;0.200000;0.200000;0.000000;-0.919646;0.818695;
1.080700;0.183925;0.163831;0.200000;0.183925;0.163831;0.200000;0.200000;0.000000;-0.919626;0.819155;
1.080748;0.183921;0.163923;0.200000;0.183921;0.163923;0.200000;0.200000;0.000000;-0.919605;0.819615;
1.080797;0.183917;0.164015;0.200000;0.183917;0.164015;0.200000;0.200000;0.000000;-0.919585;0.820075;
1.080845;0.183913;0.164107;0.200000;0.183913;0.164107;0.200000;0.200000;0.000000;-0.919564;0.820534;
1.080894;0.183909;0.164199;0.200000;0.183909;0.164199;0.200000;0.200000;0.000000;-0.919543;0.820993;
1.080942;0.183904;0.164290;0.200000;0.183904;0.164290;0.200000;0.200000;0.000000;-0.919522;0.821452;
1.080991;0.183900;0.164382;0.200000;0.183900;0.164382;0.200000;0.200000;0.000000;-0.919500;0.821910;
1.081039;0.183896;0.164474;0.200000;0.183896;0.164474;0.200000;0.200000;0.000000;-0.919478;0.822368;
1.081136;0.183887;0.164656;0.200000;0.183887;0.164656;0.200000;0.200000;0.000000;-0.919433;0.823281;
1.081224;0.183878;0.164820;0.200000;0.183878;0.164820;0.200000;0.200000;0.000000;-0.919391;0.824101;
1.081311;0.183870;0.164984;0.200000;0.183870;0.164984;0.200000;0.200000;0.000000;-0.919349;0.824920;
1.081398;0.183861;0.165147;0.200000;0.183861;0.165147;0.200000;0.200000;0.000000;-0.919306;0.825737;
1.081486;0.183852;0.165310;0.200000;0.183852;0.165310;0.200000;0.200000;0.000000;-0.919261;0.826552;
1.081573;0.183843;0.165473;0.200000;0.183843;0.165473;0.200000;0.200000;0.000000;-0.919216;0.827365;
1.081661;0.183834;0.165635;0.200000;0.183834;0.165635;0.200000;0.200000;0.000000;-0.919170;0.828175;
1.081748;0.183825;0.165797;0.200000;0.183825;0.165797;0.200000;0.200000;0.000000;-0.919123;0.828984;
1.081835;0.183815;0.165958;0.200000;0.183815;0.165958;0.200000;0.200000;0.000000;-0.919075;0.829790;
1.082010;0.183795;0.166279;0.200000;0.183795;0.166279;0.200000;0.200000;0.000000;-0.918976;0.831394;
1.082167;0.183777;0.166566;0.200000;0.183777;0.166566;0.200000;0.200000;0.000000;-0.918884;0.832829;
1.082324;0.183758;0.166851;0.200000;0.183758;0.166851;0.200000;0.200000;0.000000;-0.918790;0.834257;
1.082482;0.183739;0.167135;0.200000;0.183739;0.167135;0.200000;0.200000;0.000000;-0.918693;0.835677;
1.082639;0.183719;0.167418;0.200000;0.183719;0.167418;0.200000;0.200000;0.000000;-0.918594;0.837089;
1.082796;0.183698;0.167699;0.200000;0.183698;0.167699;0.200000;0.200000;0.000000;-0.918492;0.838494;
1.082953;0.183678;0.167978;0.200000;0.183678;0.167978;0.200000;0.200000;0.000000;-0.918389;0.839890;
1.083111;0.183657;0.168256;0.200000;0.183657;0.168256;0.200000;0.200000;0.000000;-0.918284;0.841279;
1.083268;0.183635;0.168532;0.200000;0.183635;0.168532;0.200000;0.200000;0.000000;-0.918176;0.842660;
1.083425;0.183613;0.168806;0.200000;0.183613;0.168806;0.200000;0.200000;0.000000;-0.918067;0.844032;
1.083582;0.183591;0.169080;0.200000;0.183591;0.169080;0.200000;0.200000;0.000000;-0.917956;0.845398;
1.083740;0.183569;0.169351;0.200000;0.183569;0.169351;0.200000;0.200000;0.000000;-0.917844;0.846755;
1.083897;0.183546;0.169621;0.200000;0.183546;0.169621;0.200000;0.200000;0.000000;-0.917730;0.848104;
1.084054;0.183523;0.169889;0.200000;0.183523;0.169889;0.200000;0.200000;0.000000;-0.917615;0.849446;
1.084212;0.183500;0.170156;0.200000;0.183500;0.170156;0.200000;0.200000;0.000000;-0.917498;0.850781;
1.084369;0.183476;0.170422;0.200000;0.183476;0.170422;0.200000;0.200000;0.000000;-0.917380;0.852108;
1.084526;0.183452;0.170685;0.200000;0.183452;0.170685;0.200000;0.200000;0.000000;-0.917261;0.853427;
1.084683;0.183428;0.170948;0.200000;0.183428;0.170948;0.200000;0.200000;0.000000;-0.917141;0.854740;
1.084841;0.183404;0.171209;0.200000;0.183404;0.171209;0.200000;0.200000;0.000000;-0.917020;0.856045;
1.084998;0.183380;0.171468;0.200000;0.183380;0.171468;0.200000;0.200000;0.000000;-0.916898;0.857342;
1.085155;0.183355;0.171727;0.200000;0.183355;0.171727;0.200000;0.200000;0.000000;-0.916775;0.858633;
1.085312;0.183330;0.171983;0.200000;0.183330;0.171983;0.200000;0.200000;0.000000;-0.916652;0.859917;
1.085470;0.183306;0.172239;0.200000;0.183306;0.172239;0.200000;0.200000;0.000000;-0.916528;0.861193;
1.085627;0.183281;0.172493;0.200000;0.183281;0.172493;0.200000;0.200000;0.000000;-0.916403;0.862463;
1.085784;0.183256;0.172745;0.200000;0.183256;0.172745;0.200000;0.200000;0.000000;-0.916278;0.863726;
1.085941;0.183230;0.172996;0.200000;0.183230;0.172996;0.200000;0.200000;0.000000;-0.916152;0.864982;
1.086099;0.183205;0.173246;0.200000;0.183205;0.173246;0.200000;0.200000;0.000000;-0.916026;0.866231;
1.086256;0.183180;0.173495;0.200000;0.183180;0.173495;0.200000;0.200000;0.000000;-0.915899;0.867474;
1.086413;0.183155;0.173742;0.200000;0.183155;0.173742;0.200000;0.200000;0.000000;-0.915773;0.868710;
1.086570;0.183129;0.173988;0.200000;0.183129;0.173988;0.200000;0.200000;0.000000;-0.915646;0.869940;
1.086728;0.183104;0.174233;0.200000;0.183104;0.174233;0.200000;0.200000;0.000000;-0.915518;0.871163;
1.086885;0.183078;0.174476;0.200000;0.183078;0.174476;0.200000;0.200000;0.000000;-0.915391;0.872380;
1.087042;0.183053;0.174718;0.200000;0.183053;0.174718;0.200000;0.200000;0.000000;-0.915263;0.873590;
1.087199;0.183027;0.174959;0.200000;0.183027;0.174959;0.200000;0.200000;0.000000;-0.915136;0.874795;
1.087357;0.183002;0.175199;0.200000;0.183002;0.175199;0.200000;0.200000;0.000000;-0.915008;0.875993;
1.087514;0.182976;0.175437;0.200000;0.182976;0.175437;0.200000;0.200000;0.000000;-0.914880;0.877184;
1.087671;0.182951;0.175674;0.200000;0.182951;0.175674;0.200000;0.200000;0.000000;-0.914753;0.878370;
1.087828;0.182925;0.175910;0.200000;0.182925;0.175910;0.200000;0.200000;0.000000;-0.914625;0.879550;
1.087986;0.182900;0.176145;0.200000;0.182900;0.176145;0.200000;0.200000;0.000000;-0.914498;0.880723;
1.088143;0.182874;0.176378;0.200000;0.182874;0.176378;0.200000;0.200000;0.000000;-0.914370;0.881891;
1.088300;0.182849;0.176610;0.200000;0.182849;0.176610;0.200000;0.200000;0.000000;-0.914243;0.883052;
1.088457;0.182823;0.176842;0.200000;0.182823;0.176842;0.200000;0.200000;0.000000;-0.914116;0.884208;
1.088615;0.182798;0.177072;0.200000;0.182798;0.177072;0.200000;0.200000;0.000000;-0.913990;0.885358;
1.088772;0.182773;0.177300;0.200000;0.182773;0.177300;0.200000;0.200000;0.000000;-0.913863;0.886502;
1.088929;0.182747;0.177528;0.200000;0.182747;0.177528;0.200000;0.200000;0.000000;-0.913737;0.887640;
1.089086;0.182722;0.177754;0.200000;0.182722;0.177754;0.200000;0.200000;0.000000;-0.913611;0.888772;
1.089244;0.182697;0.177980;0.200000;0.182697;0.177980;0.200000;0.200000;0.000000;-0.913486;0.889899;
1.089401;0.182672;0.178204;0.200000;0.182672;0.178204;0.200000;0.200000;0.000000;-0.913360;0.891020;
1.089558;0.182647;0.178427;0.200000;0.182647;0.178427;0.200000;0.200000;0.000000;-0.913235;0.892135;
1.089715;0.182622;0.178649;0.200000;0.182622;0.178649;0.200000;0.200000;0.000000;-0.913111;0.893244;
1.089873;0.182597;0.178870;0.200000;0.182597;0.178870;0.200000;0.200000;0.000000;-0.912987;0.894348;
1.090030;0.182573;0.179089;0.200000;0.182573;0.179089;0.200000;0.200000;0.000000;-0.912863;0.895447;
1.090187;0.182548;0.179308;0.200000;0.182548;0.179308;0.200000;0.200000;0.000000;-0.912740;0.896539;
1.090344;0.182523;0.179525;0.200000;0.182523;0.179525;0.200000;0.200000;0.000000;-0.912617;0.897626;
1.090502;0.182499;0.179742;0.200000;0.182499;0.179742;0.200000;0.200000;0.000000;-0.912494;0.898708;
1.090659;0.182474;0.179957;0.200000;0.182474;0.179957;0.200000;0.200000;0.000000;-0.912372;0.899784;
1.090816;0.182450;0.180171;0.200000;0.182450;0.180171;0.200000;0.200000;0.000000;-0.912251;0.900855;
1.090973;0.182426;0.180384;0.200000;0.182426;0.180384;0.200000;0.200000;0.000000;-0.912130;0.901920;
1.091288;0.182378;0.180806;0.200000;0.182378;0.180806;0.200000;0.200000;0.000000;-0.911890;0.904028;
1.091565;0.182336;0.181174;0.200000;0.182336;0.181174;0.200000;0.200000;0.000000;-0.911679;0.905871;
1.091843;0.182294;0.181540;0.200000;0.182294;0.181540;0.200000;0.200000;0.000000;-0.911471;0.907698;
1.092120;0.182253;0.181902;0.200000;0.182253;0.181902;0.200000;0.200000;0.000000;-0.911263;0.909508;
1.092398;0.182212;0.182260;0.200000;0.182212;0.182260;0.200000;0.200000;0.000000;-0.911058;0.911301;
1.092675;0.182171;0.182615;0.200000;0.182171;0.182615;0.200000;0.200000;0.000000;-0.910854;0.913077;
1.092953;0.182130;0.182967;0.200000;0.182130;0.182967;0.200000;0.200000;0.000000;-0.910652;0.914837;
1.093230;0.182090;0.183316;0.200000;0.182090;0.183316;0.200000;0.200000;0.000000;-0.910451;0.916581;
1.093508;0.182050;0.183661;0.200000;0.182050;0.183661;0.200000;0.200000;0.000000;-0.910252;0.918307;
1.093785;0.182011;0.184004;0.200000;0.182011;0.184004;0.200000;0.200000;0.000000;-0.910055;0.920018;
1.094063;0.181972;0.184342;0.200000;0.181972;0.184342;0.200000;0.200000;0.000000;-0.909859;0.921712;
1.094340;0.181933;0.184678;0.200000;0.181933;0.184678;0.200000;0.200000;0.000000;-0.909665;0.923389;
1.094618;0.181895;0.185010;0.200000;0.181895;0.185010;0.200000;0.200000;0.000000;-0.909473;0.925050;
1.094895;0.181856;0.185339;0.200000;0.181856;0.185339;0.200000;0.200000;0.000000;-0.909282;0.926695;
1.095173;0.181819;0.185665;0.200000;0.181819;0.185665;0.200000;0.200000;0.000000;-0.909093;0.928324;
1.095450;0.181781;0.185987;0.200000;0.181781;0.185987;0.200000;0.200000;0.000000;-0.908905;0.929936;
1.095728;0.181744;0.186306;0.200000;0.181744;0.186306;0.200000;0.200000;0.000000;-0.908719;0.931532;
1.096005;0.181707;0.186622;0.200000;0.181707;0.186622;0.200000;0.200000;0.000000;-0.908535;0.933111;
1.096283;0.181670;0.186935;0.200000;0.181670;0.186935;0.200000;0.200000;0.000000;-0.908352;0.934675;
1.096560;0.181634;0.187244;0.200000;0.181634;0.187244;0.200000;0.200000;0.000000;-0.908171;0.936222;
1.096838;0.181598;0.187550;0.200000;0.181598;0.187550;0.200000;0.200000;0.000000;-0.907991;0.937752;
1.097115;0.181562;0.187853;0.200000;0.181562;0.187853;0.200000;0.200000;0.000000;-0.907812;0.939267;
1.097393;0.181527;0.188153;0.200000;0.181527;0.188153;0.200000;0.200000;0.000000;-0.907635;0.940765;
1.097670;0.181492;0.188449;0.200000;0.181492;0.188449;0.200000;0.200000;0.000000;-0.907460;0.942247;
1.097948;0.181457;0.188743;0.200000;0.181457;0.188743;0.200000;0.200000;0.000000;-0.907286;0.943713;
1.098225;0.181423;0.189032;0.200000;0.181423;0.189032;0.200000;0.200000;0.000000;-0.907113;0.945162;
1.098503;0.181388;0.189319;0.200000;0.181388;0.189319;0.200000;0.200000;0.000000;-0.906942;0.946596;
1.098780;0.181354;0.189603;0.200000;0.181354;0.189603;0.200000;0.200000;0.000000;-0.906772;0.948013;
1.099058;0.181321;0.189883;0.200000;0.181321;0.189883;0.200000;0.200000;0.000000;-0.906603;0.949414;
1.099335;0.181287;0.190160;0.200000;0.181287;0.190160;0.200000;0.200000;0.000000;-0.906435;0.950798;
1.099613;0.181254;0.190433;0.200000;0.181254;0.190433;0.200000;0.200000;0.000000;-0.906269;0.952167;
1.099890;0.181221;0.190704;0.200000;0.181221;0.190704;0.200000;0.200000;0.000000;-0.906104;0.953519;
1.100000;0.181208;0.190809;0.200000;0.181208;0.190809;0.200000;0.200000;0.000000;-0.906040;0.954046;
1.100000;0.906040;-1.045954;1.000000;0.906040;-1.045954;1.000000;1.000000;0.000000;-0.906040;-1.045954;
1.100000;0.906040;-1.045953;1.000000;0.906040;-1.045953;1.000000;1.000000;0.000000;-0.906040;-1.045953;
1.100000;0.906040;-1.045951;1.000000;0.906040;-1.045951;1.000000;1.000000;0.000000;-0.906040;-1.045951;
1.100000;0.906039;-1.045946;1.000000;0.906039;-1.045946;1.000000;1.000000;0.000000;-0.906039;-1.045946;
1.100000;0.906039;-1.045936;1.000000;0.906039;-1.045936;1.000000;1.000000;0.000000;-0.906039;-1.045936;
1.100000;0.906039;-1.045917;1.000000;0.906039;-1.045917;1.000000;1.000000;0.000000;-0.906039;-1.045917;
1.100001;0.906039;-1.045879;1.000000;0.906039;-1.045879;1.000000;1.000000;0.000000;-0.906039;-1.045879;
1.100002;0.906038;-1.045803;1.000000;0.906038;-1.045803;1.000000;1.000000;0.000000;-0.906038;-1.045803;
1.100003;0.906037;-1.045650;1.000000;0.906037;-1.045650;1.000000;1.000000;0.000000;-0.906037;-1.045650;
1.100005;0.906036;-1.045498;1.000000;0.906036;-1.045498;1.000000;1.000000;0.000000;-0.906036;-1.045498;
1.100007;0.906035;-1.045345;1.000000;0.906035;-1.045345;1.000000;1.000000;0.000000;-0.906035;-1.045345;
1.100009;0.906034;-1.045192;1.000000;0.906034;-1.045192;1.000000;1.000000;0.000000;-0.906034;-1.045192;
1.100010;0.906034;-1.045116;1.000000;0.906034;-1.045116;1.000000;1.000000;0.000000;-0.906034;-1.045116;
1.100010;0.906034;-1.045114;1.000000;0.906034;-1.045114;1.000000;1.000000;0.000000;-0.906034;-1.045114;
1.100010;0.906034;-1.045109;1.000000;0.906034;-1.045109;1.000000;1.000000;0.000000;-0.906034;-1.045109;
1.100010;0.906033;-1.045099;1.000000;0.906033;-1.045099;1.000000;1.000000;0.000000;-0.906033;-1.045099;
1.100010;0.906033;-1.045092;1.000000;0.906033;-1.045092;1.000000;1.000000;0.000000;-0.906033;-1.045092;
1.100010;0.906033;-1.045089;1.000000;0.906033;-1.045089;1.000000;1.000000;0.000000;-0.906033;-1.045089;
1.100010;0.906033;-1.045088;1.000000;0.906033;-1.045088;1.000000;1.000000;0.000000;-0.906033;-1.045088;
1.100010;0.906033;-1.045087;1.000000;0.906033;-1.045087;1.000000;1.000000;0.000000;-0.906033;-1.045087;
1.100010;0.906033;-1.045085;1.000000;0.906033;-1.045085;1.000000;1.000000;0.000000;-0.906033;-1.045085;
1.100010;0.906033;-1.045080;1.000000;0.906033;-1.045080;1.000000;1.000000;0.000000;-0.906033;-1.045080;
1.100010;0.906033;-1.045071;1.000000;0.906033;-1.045071;1.000000;1.000000;0.000000;-0.906033;-1.045071;
1.100010;0.906033;-1.045052;1.000000;0.906033;-1.045052;1.000000;1.000000;0.000000;-0.906033;-1.045052;
1.100011;0.906033;-1.045014;1.000000;0.906033;-1.045014;1.000000;1.000000;0.000000;-0.906033;-1.045014;
1.100012;0.906032;-1.044937;1.000000;0.906032;-1.044937;1.000000;1.000000;0.000000;-0.906032;-1.044937;
1.100014;0.906031;-1.044785;1.000000;0.906031;-1.044785;1.000000;1.000000;0.000000;-0.906031;-1.044785;
1.100015;0.906030;-1.044632;1.000000;0.906030;-1.044632;1.000000;1.000000;0.000000;-0.906030;-1.044632;
1.100017;0.906029;-1.044480;1.000000;0.906029;-1.044480;1.000000;1.000000;0.000000;-0.906029;-1.044480;
1.100019;0.906028;-1.044327;1.000000;0.906028;-1.044327;1.000000;1.000000;0.000000;-0.906028;-1.044327;
1.100021;0.906027;-1.044175;1.000000;0.906027;-1.044175;1.000000;1.000000;0.000000;-0.906027;-1.044175;
1.100023;0.906026;-1.044022;1.000000;0.906026;-1.044022;1.000000;1.000000;0.000000;-0.906026;-1.044022;
1.100024;0.906024;-1.043870;1.000000;0.906024;-1.043870;1.000000;1.000000;0.000000;-0.906024;-1.043870;
1.100026;0.906023;-1.043717;1.000000;0.906023;-1.043717;1.000000;1.000000;0.000000;-0.906023;-1.043717;
1.100028;0.906022;-1.043564;1.000000;0.906022;-1.043564;1.000000;1.000000;0.000000;-0.906022;-1.043564;
1.100030;0.906021;-1.043412;1.000000;0.906021;-1.043412;1.000000;1.000000;0.000000;-0.906021;-1.043412;
1.100032;0.906020;-1.043259;1.000000;0.906020;-1.043259;1.000000;1.000000;0.000000;-0.906020;-1.043259;
1.100033;0.906019;-1.043107;1.000000;0.906019;-1.043107;1.000000;1.000000;0.000000;-0.906019;-1.043107;
1.100035;0.906017;-1.042954;1.000000;0.906017;-1.042954;1.000000;1.000000;0.000000;-0.906017;-1.042954;
1.100037;0.906016;-1.042801;1.000000;0.906016;-1.042801;1.000000;1.000000;0.000000;-0.906016;-1.042801;
1.100039;0.906015;-1.042649;1.000000;0.906015;-1.042649;1.000000;1.000000;0.000000;-0.906015;-1.042649;
1.100041;0.906014;-1.042496;1.000000;0.906014;-1.042496;1.000000;1.000000;0.000000;-0.906014;-1.042496;
1.100042;0.906013;-1.042344;1.000000;0.906013;-1.042344;1.000000;1.000000;0.000000;-0.906013;-1.042344;
1.100044;0.906012;-1.042191;1.000000;0.906012;-1.042191;1.000000;1.000000;0.000000;-0.906012;-1.042191;
1.100046;0.906010;-1.042038;1.000000;0.906010;-1.042038;1.000000;1.000000;0.000000;-0.906010;-1.042038;
1.100048;0.906009;-1.041886;1.000000;0.906009;-1.041886;1.000000;1.000000;0.000000;-0.906009;-1.041886;
1.100049;0.906008;-1.041733;1.000000;0.906008;-1.041733;1.000000;1.000000;0.000000;-0.906008;-1.041733;
1.100051;0.906007;-1.041580;1.000000;0.906007;-1.041580;1.000000;1.000000;0.000000;-0.906007;-1.041580;
1.100053;0.906005;-1.041428;1.000000;0.906005;-1.041428;1.000000;1.000000;0.000000;-0.906005;-1.041428;
1.100057;0.906003;-1.041122;1.000000;0.906003;-1.041122;1.000000;1.000000;0.000000;-0.906003;-1.041122;
1.100060;0.906001;-1.040850;1.000000;0.906001;-1.040850;1.000000;1.000000;0.000000;-0.906001;-1.040850;
1.100063;0.905999;-1.040578;1.000000;0.905999;-1.040578;1.000000;1.000000;0.000000;-0.905999;-1.040578;
1.100066;0.905996;-1.040306;1.000000;0.905996;-1.040306;1.000000;1.000000;0.000000;-0.905996;-1.040306;
1.100069;0.905994;-1.040034;1.000000;0.905994;-1.040034;1.000000;1.000000;0.000000;-0.905994;-1.040034;
1.100073;0.905992;-1.039762;1.000000;0.905992;-1.039762;1.000000;1.000000;0.000000;-0.905992;-1.039762;
1.100076;0.905989;-1.039490;1.000000;0.905989;-1.039490;1.000000;1.000000;0.000000;-0.905989;-1.039490;
1.100079;0.905987;-1.039217;1.000000;0.905987;-1.039217;1.000000;1.000000;0.000000;-0.905987;-1.039217;
1.100082;0.905985;-1.038945;1.000000;0.905985;-1.038945;1.000000;1.000000;0.000000;-0.905985;-1.038945;
1.100085;0.905983;-1.038673;1.000000;0.905983;-1.038673;1.000000;1.000000;0.000000;-0.905983;-1.038673;
1.100089;0.905980;-1.038401;1.000000;0.905980;-1.038401;1.000000;1.000000;0.000000;-0.905980;-1.038401;
1.100092;0.905978;-1.038128;1.000000;0.905978;-1.038128;1.000000;1.000000;0.000000;-0.905978;-1.038128;
1.100095;0.905975;-1.037856;1.000000;0.905975;-1.037856;1.000000;1.000000;0.000000;-0.905975;-1.037856;
1.100098;0.905973;-1.037584;1.000000;0.905973;-1.037584;1.000000;1.000000;0.000000;-0.905973;-1.037584;
1.100101;0.905971;-1.037311;1.000000;0.905971;-1.037311;1.000000;1.000000;0.000000;-0.905971;-1.037311;
1.100105;0.905968;-1.037039;1.000000;0.905968;-1.037039;1.000000;1.000000;0.000000;-0.905968;-1.037039;
1.100108;0.905966;-1.036766;1.000000;0.905966;-1.036766;1.000000;1.000000;0.000000;-0.905966;-1.036766;
1.100111;0.905963;-1.036494;1.000000;0.905963;-1.036494;1.000000;1.000000;0.000000;-0.905963;-1.036494;
1.100114;0.905961;-1.036222;1.000000;0.905961;-1.036222;1.000000;1.000000;0.000000;-0.905961;-1.036222;
1.100117;0.905958;-1.035949;1.000000;0.905958;-1.035949;1.000000;1.000000;0.000000;-0.905958;-1.035949;
1.100121;0.905956;-1.035677;1.000000;0.905956;-1.035677;1.000000;1.000000;0.000000;-0.905956;-1.035677;
1.100124;0.905953;-1.035404;1.000000;0.905953;-1.035404;1.000000;1.000000;0.000000;-0.905953;-1.035404;
1.100127;0.905951;-1.035131;1.000000;0.905951;-1.035131;1.000000;1.000000;0.000000;-0.905951;-1.035131;
1.100130;0.905949;-1.034924;1.000000;0.905949;-1.034924;1.000000;1.000000;0.000000;-0.905949;-1.034924;
1.100130;0.905949;-1.034922;1.000000;0.905949;-1.034922;1.000000;1.000000;0.000000;-0.905949;-1.034922;
1.100130;0.905949;-1.034918;1.000000;0.905949;-1.034918;1.000000;1.000000;0.000000;-0.905949;-1.034918;
1.100130;0.905949;-1.034909;1.000000;0.905949;-1.034909;1.000000;1.000000;0.000000;-0.905949;-1.034909;
1.100130;0.905948;-1.034892;1.000000;0.905948;-1.034892;1.000000;1.000000;0.000000;-0.905948;-1.034892;
1.100130;0.905948;-1.034857;1.000000;0.905948;-1.034857;1.000000;1.000000;0.000000;-0.905948;-1.034857;
1.100131;0.905947;-1.034788;1.000000;0.905947;-1.034788;1.000000;1.000000;0.000000;-0.905947;-1.034788;
1.100133;0.905946;-1.034650;1.000000;0.905946;-1.034650;1.000000;1.000000;0.000000;-0.905946;-1.034650;
1.100136;0.905943;-1.034374;1.000000;0.905943;-1.034374;1.000000;1.000000;0.000000;-0.905943;-1.034374;
1.100139;0.905941;-1.034097;1.000000;0.905941;-1.034097;1.000000;1.000000;0.000000;-0.905941;-1.034097;
1.100142;0.905938;-1.033821;1.000000;0.905938;-1.033821;1.000000;1.000000;0.000000;-0.905938;-1.033821;
1.100146;0.905935;-1.033544;1.000000;0.905935;-1.033544;1.000000;1.000000;0.000000;-0.905935;-1.033544;
1.100149;0.905933;-1.033268;1.000000;0.905933;-1.033268;1.000000;1.000000;0.000000;-0.905933;-1.033268;
1.100155;0.905927;-1.032715;1.000000;0.905927;-1.032715;1.000000;1.000000;0.000000;-0.905927;-1.032715;
1.100161;0.905922;-1.032217;1.000000;0.905922;-1.032217;1.000000;1.000000;0.000000;-0.905922;-1.032217;
1.100167;0.905917;-1.031719;1.000000;0.905917;-1.031719;1.000000;1.000000;0.000000;-0.905917;-1.031719;
1.100173;0.905912;-1.031221;1.000000;0.905912;-1.031221;1.000000;1.000000;0.000000;-0.905912;-1.031221;
1.100179;0.905907;-1.030723;1.000000;0.905907;-1.030723;1.000000;1.000000;0.000000;-0.905907;-1.030723;
1.100185;0.905902;-1.030225;1.000000;0.905902;-1.030225;1.000000;1.000000;0.000000;-0.905902;-1.030225;
1.100190;0.905896;-1.029727;1.000000;0.905896;-1.029727;1.000000;1.000000;0.000000;-0.905896;-1.029727;
1.100196;0.905891;-1.029228;1.000000;0.905891;-1.029228;1.000000;1.000000;0.000000;-0.905891;-1.029228;
1.100202;0.905886;-1.028730;1.000000;0.905886;-1.028730;1.000000;1.000000;0.000000;-0.905886;-1.028730;
1.100208;0.905880;-1.028231;1.000000;0.905880;-1.028231;1.000000;1.000000;0.000000;-0.905880;-1.028231;
1.100214;0.905874;-1.027733;1.000000;0.905874;-1.027733;1.000000;1.000000;0.000000;-0.905874;-1.027733;
1.100220;0.905869;-1.027234;1.000000;0.905869;-1.027234;1.000000;1.000000;0.000000;-0.905869;-1.027234;
1.100226;0.905863;-1.026736;1.000000;0.905863;-1.026736;1.000000;1.000000;0.000000;-0.905863;-1.026736;
1.100231;0.905857;-1.026237;1.000000;0.905857;-1.026237;1.000000;1.000000;0.000000;-0.905857;-1.026237;
1.100237;0.905851;-1.025738;1.000000;0.905851;-1.025738;1.000000;1.000000;0.000000;-0.905851;-1.025738;
1.100243;0.905845;-1.025239;1.000000;0.905845;-1.025239;1.000000;1.000000;0.000000;-0.905845;-1.025239;
1.100249;0.905839;-1.024740;1.000000;0.905839;-1.024740;1.000000;1.000000;0.000000;-0.905839;-1.024740;
1.100255;0.905833;-1.024241;1.000000;0.905833;-1.024241;1.000000;1.000000;0.000000;-0.905833;-1.024241;
1.100261;0.905827;-1.023742;1.000000;0.905827;-1.023742;1.000000;1.000000;0.000000;-0.905827;-1.023742;
1.100266;0.905820;-1.023243;1.000000;0.905820;-1.023243;1.000000;1.000000;0.000000;-0.905820;-1.023243;
1.100272;0.905814;-1.022744;1.000000;0.905814;-1.022744;1.000000;1.000000;0.000000;-0.905814;-1.022744;
1.100278;0.905807;-1.022245;1.000000;0.905807;-1.022245;1.000000;1.000000;0.000000;-0.905807;-1.022245;
1.100284;0.905800;-1.021745;1.000000;0.905800;-1.021745;1.000000;1.000000;0.000000;-0.905800;-1.021745;
1.100290;0.905794;-1.021246;1.000000;0.905794;-1.021246;1.000000;1.000000;0.000000;-0.905794;-1.021246;
1.100296;0.905787;-1.020746;1.000000;0.905787;-1.020746;1.000000;1.000000;0.000000;-0.905787;-1.020746;
1.100301;0.905780;-1.020247;1.000000;0.905780;-1.020247;1.000000;1.000000;0.000000;-0.905780;-1.020247;
1.100307;0.905773;-1.019747;1.000000;0.905773;-1.019747;1.000000;1.000000;0.000000;-0.905773;-1.019747;
1.100313;0.905766;-1.019247;1.000000;0.905766;-1.019247;1.000000;1.000000;0.000000;-0.905766;-1.019247;
1.100319;0.905758;-1.018748;1.000000;0.905758;-1.018748;1.000000;1.000000;0.000000;-0.905758;-1.018748;
1.100325;0.905751;-1.018248;1.000000;0.905751;-1.018248;1.000000;1.000000;0.000000;-0.905751;-1.018248;
1.100331;0.905744;-1.017748;1.000000;0.905744;-1.017748;1.000000;1.000000;0.000000;-0.905744;-1.017748;
1.100337;0.905736;-1.017248;1.000000;0.905736;-1.017248;1.000000;1.000000;0.000000;-0.905736;-1.017248;
1.100342;0.905728;-1.016748;1.000000;0.905728;-1.016748;1.000000;1.000000;0.000000;-0.905728;-1.016748;
1.100348;0.905721;-1.016248;1.000000;0.905721;-1.016248;1.000000;1.000000;0.000000;-0.905721;-1.016248;
1.100354;0.905713;-1.015748;1.000000;0.905713;-1.015748;1.000000;1.000000;0.000000;-0.905713;-1.015748;
1.100360;0.905705;-1.015247;1.000000;0.905705;-1.015247;1.000000;1.000000;0.000000;-0.905705;-1.015247;
1.100366;0.905697;-1.014747;1.000000;0.905697;-1.014747;1.000000;1.000000;0.000000;-0.905697;-1.014747;
1.100372;0.905688;-1.014247;1.000000;0.905688;-1.014247;1.000000;1.000000;0.000000;-0.905688;-1.014247;
1.100377;0.905680;-1.013746;1.000000;0.905680;-1.013746;1.000000;1.000000;0.000000;-0.905680;-1.013746;
1.100383;0.905672;-1.013246;1.000000;0.905672;-1.013246;1.000000;1.000000;0.000000;-0.905672;-1.013246;
1.100389;0.905663;-1.012745;1.000000;0.905663;-1.012745;1.000000;1.000000;0.000000;-0.905663;-1.012745;
1.100395;0.905655;-1.012245;1.000000;0.905655;-1.012245;1.000000;1.000000;0.000000;-0.905655;-1.012245;
1.100401;0.905646;-1.011744;1.000000;0.905646;-1.011744;1.000000;1.000000;0.000000;-0.905646;-1.011744;
1.100407;0.905637;-1.011243;1.000000;0.905637;-1.011243;1.000000;1.000000;0.000000;-0.905637;-1.011243;
1.100412;0.905628;-1.010743;1.000000;0.905628;-1.010743;1.000000;1.000000;0.000000;-0.905628;-1.010743;
1.100418;0.905619;-1.010242;1.000000;0.905619;-1.010242;1.000000;1.000000;0.000000;-0.905619;-1.010242;
1.100424;0.905609;-1.009741;1.000000;0.905609;-1.009741;1.000000;1.000000;0.000000;-0.905609;-1.009741;
1.100430;0.905600;-1.009240;1.000000;0.905600;-1.009240;1.000000;1.000000;0.000000;-0.905600;-1.009240;
1.100436;0.905591;-1.008739;1.000000;0.905591;-1.008739;1.000000;1.000000;0.000000;-0.905591;-1.008739;
1.100442;0.905581;-1.008238;1.000000;0.905581;-1.008238;1.000000;1.000000;0.000000;-0.905581;-1.008238;
1.100447;0.905571;-1.007736;1.000000;0.905571;-1.007736;1.000000;1.000000;0.000000;-0.905571;-1.007736;
1.100453;0.905561;-1.007235;1.000000;0.905561;-1.007235;1.000000;1.000000;0.000000;-0.905561;-1.007235;
1.100459;0.905551;-1.006734;1.000000;0.905551;-1.006734;1.000000;1.000000;0.000000;-0.905551;-1.006734;
1.100465;0.905541;-1.006233;1.000000;0.905541;-1.006233;1.000000;1.000000;0.000000;-0.905541;-1.006233;
1.100471;0.905531;-1.005731;1.000000;0.905531;-1.005731;1.000000;1.000000;0.000000;-0.905531;-1.005731;
1.100477;0.905521;-1.005230;1.000000;0.905521;-1.005230;1.000000;1.000000;0.000000;-0.905521;-1.005230;
1.100483;0.905510;-1.004728;1.000000;0.905510;-1.004728;1.000000;1.000000;0.000000;-0.905510;-1.004728;
1.100488;0.905500;-1.004227;1.000000;0.905500;-1.004227;1.000000;1.000000;0.000000;-0.905500;-1.004227;
1.100494;0.905489;-1.003725;1.000000;0.905489;-1.003725;1.000000;1.000000;0.000000;-0.905489;-1.003725;
1.100500;0.905478;-1.003223;1.000000;0.905478;-1.003223;1.000000;1.000000;0.000000;-0.905478;-1.003223;
1.100506;0.905467;-1.002722;1.000000;0.905467;-1.002722;1.000000;1.000000;0.000000;-0.905467;-1.002722;
1.100512;0.905456;-1.002220;1.000000;0.905456;-1.002220;1.000000;1.000000;0.000000;-0.905456;-1.002220;
1.100515;0.905450;-1.001973;1.000000;0.905450;-1.001973;1.000000;1.000000;0.000000;-0.905450;-1.001973;
1.100515;0.905450;-1.001971;1.000000;0.905450;-1.001971;1.000000;1.000000;0.000000;-0.905450;-1.001971;
1.100515;0.905450;-1.001966;1.000000;0.905450;-1.001966;1.000000;1.000000;0.000000;-0.905450;-1.001966;
1.100515;0.905450;-1.001957;1.000000;0.905450;-1.001957;1.000000;1.000000;0.000000;-0.905450;-1.001957;
1.100515;0.905450;-1.001939;1.000000;0.905450;-1.001939;1.000000;1.000000;0.000000;-0.905450;-1.001939;
1.100515;0.905449;-1.001903;1.000000;0.905449;-1.001903;1.000000;1.000000;0.000000;-0.905449;-1.001903;
1.100516;0.905447;-1.001831;1.000000;0.905447;-1.001831;1.000000;1.000000;0.000000;-0.905447;-1.001831;
1.100518;0.905444;-1.001687;1.000000;0.905444;-1.001687;1.000000;1.000000;0.000000;-0.905444;-1.001687;
1.100521;0.905437;-1.001398;1.000000;0.905437;-1.001398;1.000000;1.000000;0.000000;-0.905437;-1.001398;
1.100528;0.905424;-1.000821;1.000000;0.905424;-1.000821;1.000000;1.000000;0.000000;-0.905424;-1.000821;
1.100535;0.905411;-1.000244;1.000000;0.905411;-1.000244;1.000000;1.000000;0.000000;-0.905411;-1.000244;
1.100541;0.905397;-0.999667;1.000000;0.905397;-0.999667;1.000000;1.000000;0.000000;-0.905397;-0.999667;
1.100548;0.905384;-0.999089;1.000000;0.905384;-0.999089;1.000000;1.000000;0.000000;-0.905384;-0.999089;
1.100555;0.905370;-0.998512;1.000000;0.905370;-0.998512;1.000000;1.000000;0.000000;-0.905370;-0.998512;
1.100562;0.905356;-0.997934;1.000000;0.905356;-0.997934;1.000000;1.000000;0.000000;-0.905356;-0.997934;
1.100568;0.905341;-0.997357;1.000000;0.905341;-0.997357;1.000000;1.000000;0.000000;-0.905341;-0.997357;
1.100575;0.905327;-0.996779;1.000000;0.905327;-0.996779;1.000000;1.000000;0.000000;-0.905327;-0.996779;
1.100582;0.905312;-0.996202;1.000000;0.905312;-0.996202;1.000000;1.000000;0.000000;-0.905312;-0.996202;
1.100588;0.905298;-0.995624;1.000000;0.905298;-0.995624;1.000000;1.000000;0.000000;-0.905298;-0.995624;
1.100595;0.905283;-0.995046;1.000000;0.905283;-0.995046;1.000000;1.000000;0.000000;-0.905283;-0.995046;
1.100602;0.905267;-0.994468;1.000000;0.905267;-0.994468;1.000000;1.000000;0.000000;-0.905267;-0.994468;
1.100609;0.905252;-0.993890;1.000000;0.905252;-0.993890;1.000000;1.000000;0.000000;-0.905252;-0.993890;
1.100615;0.905237;-0.993312;1.000000;0.905237;-0.993312;1.000000;1.000000;0.000000;-0.905237;-0.993312;
1.100622;0.905221;-0.992734;1.000000;0.905221;-0.992734;1.000000;1.000000;0.000000;-0.905221;-0.992734;
1.100629;0.905205;-0.992156;1.000000;0.905205;-0.992156;1.000000;1.000000;0.000000;-0.905205;-0.992156;
1.100635;0.905189;-0.991577;1.000000;0.905189;-0.991577;1.000000;1.000000;0.000000;-0.905189;-0.991577;
1.100642;0.905173;-0.990999;1.000000;0.905173;-0.990999;1.000000;1.000000;0.000000;-0.905173;-0.990999;
1.100649;0.905156;-0.990421;1.000000;0.905156;-0.990421;1.000000;1.000000;0.000000;-0.905156;-0.990421;
1.100656;0.905140;-0.989842;1.000000;0.905140;-0.989842;1.000000;1.000000;0.000000;-0.905140;-0.989842;
1.100662;0.905123;-0.989264;1.000000;0.905123;-0.989264;1.000000;1.000000;0.000000;-0.905123;-0.989264;
1.100669;0.905106;-0.988685;1.000000;0.905106;-0.988685;1.000000;1.000000;0.000000;-0.905106;-0.988685;
1.100676;0.905089;-0.988107;1.000000;0.905089;-0.988107;1.000000;1.000000;0.000000;-0.905089;-0.988107;
1.100682;0.905071;-0.987528;1.000000;0.905071;-0.987528;1.000000;1.000000;0.000000;-0.905071;-0.987528;
1.100689;0.905054;-0.986949;1.000000;0.905054;-0.986949;1.000000;1.000000;0.000000;-0.905054;-0.986949;
1.100696;0.905036;-0.986370;1.000000;0.905036;-0.986370;1.000000;1.000000;0.000000;-0.905036;-0.986370;
1.100703;0.905018;-0.985791;1.000000;0.905018;-0.985791;1.000000;1.000000;0.000000;-0.905018;-0.985791;
1.100709;0.905000;-0.985212;1.000000;0.905000;-0.985212;1.000000;1.000000;0.000000;-0.905000;-0.985212;
1.100716;0.904982;-0.984633;1.000000;0.904982;-0.984633;1.000000;1.000000;0.000000;-0.904982;-0.984633;
1.100723;0.904963;-0.984054;1.000000;0.904963;-0.984054;1.000000;1.000000;0.000000;-0.904963;-0.984054;
1.100729;0.904945;-0.983475;1.000000;0.904945;-0.983475;1.000000;1.000000;0.000000;-0.904945;-0.983475;
1.100736;0.904926;-0.982896;1.000000;0.904926;-0.982896;1.000000;1.000000;0.000000;-0.904926;-0.982896;
1.100743;0.904907;-0.982316;1.000000;0.904907;-0.982316;1.000000;1.000000;0.000000;-0.904907;-0.982316;
1.100750;0.904888;-0.981737;1.000000;0.904888;-0.981737;1.000000;1.000000;0.000000;-0.904888;-0.981737;
1.100756;0.904868;-0.981158;1.000000;0.904868;-0.981158;1.000000;1.000000;0.000000;-0.904868;-0.981158;
1.100763;0.904849;-0.980578;1.000000;0.904849;-0.980578;1.000000;1.000000;0.000000;-0.904849;-0.980578;
1.100770;0.904829;-0.979999;1.000000;0.904829;-0.979999;1.000000;1.000000;0.000000;-0.904829;-0.979999;
1.100776;0.904809;-0.979419;1.000000;0.904809;-0.979419;1.000000;1.000000;0.000000;-0.904809;-0.979419;
1.100783;0.904789;-0.978839;1.000000;0.904789;-0.978839;1.000000;1.000000;0.000000;-0.904789;-0.978839;
1.100790;0.904768;-0.978260;1.000000;0.904768;-0.978260;1.000000;1.000000;0.000000;-0.904768;-0.978260;
1.100797;0.904748;-0.977680;1.000000;0.904748;-0.977680;1.000000;1.000000;0.000000;-0.904748;-0.977680;
1.100803;0.904727;-0.977100;1.000000;0.904727;-0.977100;1.000000;1.000000;0.000000;-0.904727;-0.977100;
1.100810;0.904706;-0.976520;1.000000;0.904706;-0.976520;1.000000;1.000000;0.000000;-0.904706;-0.976520;
1.100817;0.904685;-0.975940;1.000000;0.904685;-0.975940;1.000000;1.000000;0.000000;-0.904685;-0.975940;
1.100824;0.904664;-0.975360;1.000000;0.904664;-0.975360;1.000000;1.000000;0.000000;-0.904664;-0.975360;
1.100830;0.904642;-0.974780;1.000000;0.904642;-0.974780;1.000000;1.000000;0.000000;-0.904642;-0.974780;
1.100837;0.904621;-0.974200;1.000000;0.904621;-0.974200;1.000000;1.000000;0.000000;-0.904621;-0.974200;
1.100844;0.904599;-0.973620;1.000000;0.904599;-0.973620;1.000000;1.000000;0.000000;-0.904599;-0.973620;
1.100850;0.904577;-0.973039;1.000000;0.904577;-0.973039;1.000000;1.000000;0.000000;-0.904577;-0.973039;
1.100857;0.904554;-0.972459;1.000000;0.904554;-0.972459;1.000000;1.000000;0.000000;-0.904554;-0.972459;
1.100864;0.904532;-0.971879;1.000000;0.904532;-0.971879;1.000000;1.000000;0.000000;-0.904532;-0.971879;
1.100871;0.904509;-0.971298;1.000000;0.904509;-0.971298;1.000000;1.000000;0.000000;-0.904509;-0.971298;
1.100877;0.904486;-0.970718;1.000000;0.904486;-0.970718;1.000000;1.000000;0.000000;-0.904486;-0.970718;
1.100884;0.904463;-0.970137;1.000000;0.904463;-0.970137;1.000000;1.000000;0.000000;-0.904463;-0.970137;
1.100891;0.904440;-0.969556;1.000000;0.904440;-0.969556;1.000000;1.000000;0.000000;-0.904440;-0.969556;
1.100897;0.904417;-0.968976;1.000000;0.904417;-0.968976;1.000000;1.000000;0.000000;-0.904417;-0.968976;
1.100904;0.904393;-0.968395;1.000000;0.904393;-0.968395;1.000000;1.000000;0.000000;-0.904393;-0.968395;
1.100911;0.904369;-0.967814;1.000000;0.904369;-0.967814;1.000000;1.000000;0.000000;-0.904369;-0.967814;
1.100918;0.904346;-0.967233;1.000000;0.904346;-0.967233;1.000000;1.000000;0.000000;-0.904346;-0.967233;
1.100924;0.904321;-0.966653;1.000000;0.904321;-0.966653;1.000000;1.000000;0.000000;-0.904321;-0.966653;
1.100931;0.904297;-0.966072;1.000000;0.904297;-0.966072;1.000000;1.000000;0.000000;-0.904297;-0.966072;
1.100938;0.904272;-0.965491;1.000000;0.904272;-0.965491;1.000000;1.000000;0.000000;-0.904272;-0.965491;
1.100944;0.904248;-0.964910;1.000000;0.904248;-0.964910;1.000000;1.000000;0.000000;-0.904248;-0.964910;
1.100951;0.904223;-0.964329;1.000000;0.904223;-0.964329;1.000000;1.000000;0.000000;-0.904223;-0.964329;
1.100958;0.904198;-0.963747;1.000000;0.904198;-0.963747;1.000000;1.000000;0.000000;-0.904198;-0.963747;
1.100965;0.904172;-0.963166;1.000000;0.904172;-0.963166;1.000000;1.000000;0.000000;-0.904172;-0.963166;
1.100971;0.904147;-0.962585;1.000000;0.904147;-0.962585;1.000000;1.000000;0.000000;-0.904147;-0.962585;
1.100978;0.904121;-0.962004;1.000000;0.904121;-0.962004;1.000000;1.000000;0.000000;-0.904121;-0.962004;
1.100985;0.904095;-0.961422;1.000000;0.904095;-0.961422;1.000000;1.000000;0.000000;-0.904095;-0.961422;
1.100991;0.904069;-0.960841;1.000000;0.904069;-0.960841;1.000000;1.000000;0.000000;-0.904069;-0.960841;
1.100998;0.904043;-0.960259;1.000000;0.904043;-0.960259;1.000000;1.000000;0.000000;-0.904043;-0.960259;
1.101005;0.904017;-0.959678;1.000000;0.904017;-0.959678;1.000000;1.000000;0.000000;-0.904017;-0.959678;
1.101012;0.903990;-0.959096;1.000000;0.903990;-0.959096;1.000000;1.000000;0.000000;-0.903990;-0.959096;
1.101018;0.903963;-0.958515;1.000000;0.903963;-0.958515;1.000000;1.000000;0.000000;-0.903963;-0.958515;
1.101025;0.903936;-0.957933;1.000000;0.903936;-0.957933;1.000000;1.000000;0.000000;-0.903936;-0.957933;
1.101032;0.903909;-0.957351;1.000000;0.903909;-0.957351;1.000000;1.000000;0.000000;-0.903909;-0.957351;
1.101038;0.903882;-0.956770;1.000000;0.903882;-0.956770;1.000000;1.000000;0.000000;-0.903882;-0.956770;
1.101045;0.903854;-0.956188;1.000000;0.903854;-0.956188;1.000000;1.000000;0.000000;-0.903854;-0.956188;
1.101052;0.903826;-0.955606;1.000000;0.903826;-0.955606;1.000000;1.000000;0.000000;-0.903826;-0.955606;
1.101059;0.903798;-0.955024;1.000000;0.903798;-0.955024;1.000000;1.000000;0.000000;-0.903798;-0.955024;
1.101072;0.903742;-0.953860;1.000000;0.903742;-0.953860;1.000000;1.000000;0.000000;-0.903742;-0.953860;
1.101084;0.903692;-0.952840;1.000000;0.903692;-0.952840;1.000000;1.000000;0.000000;-0.903692;-0.952840;
1.101095;0.903641;-0.951820;1.000000;0.903641;-0.951820;1.000000;1.000000;0.000000;-0.903641;-0.951820;
1.101107;0.903590;-0.950800;1.000000;0.903590;-0.950800;1.000000;1.000000;0.000000;-0.903590;-0.950800;
1.101119;0.903538;-0.949780;1.000000;0.903538;-0.949780;1.000000;1.000000;0.000000;-0.903538;-0.949780;
1.101131;0.903485;-0.948760;1.000000;0.903485;-0.948760;1.000000;1.000000;0.000000;-0.903485;-0.948760;
1.101143;0.903432;-0.947739;1.000000;0.903432;-0.947739;1.000000;1.000000;0.000000;-0.903432;-0.947739;
1.101154;0.903379;-0.946719;1.000000;0.903379;-0.946719;1.000000;1.000000;0.000000;-0.903379;-0.946719;
1.101166;0.903325;-0.945698;1.000000;0.903325;-0.945698;1.000000;1.000000;0.000000;-0.903325;-0.945698;
1.101178;0.903270;-0.944677;1.000000;0.903270;-0.944677;1.000000;1.000000;0.000000;-0.903270;-0.944677;
1.101190;0.903215;-0.943656;1.000000;0.903215;-0.943656;1.000000;1.000000;0.000000;-0.903215;-0.943656;
1.101201;0.903159;-0.942635;1.000000;0.903159;-0.942635;1.000000;1.000000;0.000000;-0.903159;-0.942635;
1.101213;0.903103;-0.941614;1.000000;0.903103;-0.941614;1.000000;1.000000;0.000000;-0.903103;-0.941614;
1.101225;0.903046;-0.940593;1.000000;0.903046;-0.940593;1.000000;1.000000;0.000000;-0.903046;-0.940593;
1.101237;0.902988;-0.939571;1.000000;0.902988;-0.939571;1.000000;1.000000;0.000000;-0.902988;-0.939571;
1.101248;0.902930;-0.938549;1.000000;0.902930;-0.938549;1.000000;1.000000;0.000000;-0.902930;-0.938549;
1.101260;0.902872;-0.937528;1.000000;0.902872;-0.937528;1.000000;1.000000;0.000000;-0.902872;-0.937528;
1.101272;0.902813;-0.936506;1.000000;0.902813;-0.936506;1.000000;1.000000;0.000000;-0.902813;-0.936506;
1.101284;0.902753;-0.935484;1.000000;0.902753;-0.935484;1.000000;1.000000;0.000000;-0.902753;-0.935484;
1.101295;0.902693;-0.934462;1.000000;0.902693;-0.934462;1.000000;1.000000;0.000000;-0.902693;-0.934462;
1.101307;0.902632;-0.933439;1.000000;0.902632;-0.933439;1.000000;1.000000;0.000000;-0.902632;-0.933439;
1.101319;0.902571;-0.932417;1.000000;0.902571;-0.932417;1.000000;1.000000;0.000000;-0.902571;-0.932417;
1.101331;0.902509;-0.931394;1.000000;0.902509;-0.931394;1.000000;1.000000;0.000000;-0.902509;-0.931394;
1.101343;0.902447;-0.930372;1.000000;0.902447;-0.930372;1.000000;1.000000;0.000000;-0.902447;-0.930372;
1.101354;0.902384;-0.929349;1.000000;0.902384;-0.929349;1.000000;1.000000;0.000000;-0.902384;-0.929349;
1.101366;0.902320;-0.928326;1.000000;0.902320;-0.928326;1.000000;1.000000;0.000000;-0.902320;-0.928326;
1.101378;0.902257;-0.927303;1.000000;0.902257;-0.927303;1.000000;1.000000;0.000000;-0.902257;-0.927303;
1.101390;0.902192;-0.926280;1.000000;0.902192;-0.926280;1.000000;1.000000;0.000000;-0.902192;-0.926280;
1.101401;0.902127;-0.925257;1.000000;0.902127;-0.925257;1.000000;1.000000;0.000000;-0.902127;-0.925257;
1.101413;0.902062;-0.924234;1.000000;0.902062;-0.924234;1.000000;1.000000;0.000000;-0.902062;-0.924234;
1.101425;0.901996;-0.923210;1.000000;0.901996;-0.923210;1.000000;1.000000;0.000000;-0.901996;-0.923210;
1.101437;0.901929;-0.922187;1.000000;0.901929;-0.922187;1.000000;1.000000;0.000000;-0.901929;-0.922187;
1.101448;0.901862;-0.921163;1.000000;0.901862;-0.921163;1.000000;1.000000;0.000000;-0.901862;-0.921163;
1.101460;0.901795;-0.920139;1.000000;0.901795;-0.920139;1.000000;1.000000;0.000000;-0.901795;-0.920139;
1.101472;0.901727;-0.919115;1.000000;0.901727;-0.919115;1.000000;1.000000;0.000000;-0.901727;-0.919115;
1.101484;0.901658;-0.918091;1.000000;0.901658;-0.918091;1.000000;1.000000;0.000000;-0.901658;-0.918091;
1.101491;0.901614;-0.917433;1.000000;0.901614;-0.917433;1.000000;1.000000;0.000000;-0.901614;-0.917433;
1.101491;0.901613;-0.917429;1.000000;0.901613;-0.917429;1.000000;1.000000;0.000000;-0.901613;-0.917429;
1.101491;0.901613;-0.917423;1.000000;0.901613;-0.917423;1.000000;1.000000;0.000000;-0.901613;-0.917423;
1.101492;0.901612;-0.917410;1.000000;0.901612;-0.917410;1.000000;1.000000;0.000000;-0.901612;-0.917410;
1.101492;0.901610;-0.917385;1.000000;0.901610;-0.917385;1.000000;1.000000;0.000000;-0.901610;-0.917385;
1.101492;0.901607;-0.917334;1.000000;0.901607;-0.917334;1.000000;1.000000;0.000000;-0.901607;-0.917334;
1.101494;0.901600;-0.917233;1.000000;0.901600;-0.917233;1.000000;1.000000;0.000000;-0.901600;-0.917233;
1.101496;0.901587;-0.917029;1.000000;0.901587;-0.917029;1.000000;1.000000;0.000000;-0.901587;-0.917029;
1.101501;0.901559;-0.916623;1.000000;0.901559;-0.916623;1.000000;1.000000;0.000000;-0.901559;-0.916623;
1.101510;0.901504;-0.915810;1.000000;0.901504;-0.915810;1.000000;1.000000;0.000000;-0.901504;-0.915810;
1.101519;0.901448;-0.914997;1.000000;0.901448;-0.914997;1.000000;1.000000;0.000000;-0.901448;-0.914997;
1.101529;0.901392;-0.914184;1.000000;0.901392;-0.914184;1.000000;1.000000;0.000000;-0.901392;-0.914184;
1.101538;0.901336;-0.913371;1.000000;0.901336;-0.913371;1.000000;1.000000;0.000000;-0.901336;-0.913371;
1.101547;0.901279;-0.912558;1.000000;0.901279;-0.912558;1.000000;1.000000;0.000000;-0.901279;-0.912558;
1.101557;0.901223;-0.911745;1.000000;0.901223;-0.911745;1.000000;1.000000;0.000000;-0.901223;-0.911745;
1.101566;0.901166;-0.910932;1.000000;0.901166;-0.910932;1.000000;1.000000;0.000000;-0.901166;-0.910932;
1.101575;0.901108;-0.910119;1.000000;0.901108;-0.910119;1.000000;1.000000;0.000000;-0.901108;-0.910119;
1.101585;0.901050;-0.909305;1.000000;0.901050;-0.909305;1.000000;1.000000;0.000000;-0.901050;-0.909305;
1.101594;0.900992;-0.908492;1.000000;0.900992;-0.908492;1.000000;1.000000;0.000000;-0.900992;-0.908492;
1.101603;0.900934;-0.907679;1.000000;0.900934;-0.907679;1.000000;1.000000;0.000000;-0.900934;-0.907679;
1.101613;0.900875;-0.906865;1.000000;0.900875;-0.906865;1.000000;1.000000;0.000000;-0.900875;-0.906865;
1.101622;0.900816;-0.906051;1.000000;0.900816;-0.906051;1.000000;1.000000;0.000000;-0.900816;-0.906051;
1.101631;0.900757;-0.905238;1.000000;0.900757;-0.905238;1.000000;1.000000;0.000000;-0.900757;-0.905238;
1.101641;0.900697;-0.904424;1.000000;0.900697;-0.904424;1.000000;1.000000;0.000000;-0.900697;-0.904424;
1.101650;0.900638;-0.903610;1.000000;0.900638;-0.903610;1.000000;1.000000;0.000000;-0.900638;-0.903610;
1.101659;0.900577;-0.902797;1.000000;0.900577;-0.902797;1.000000;1.000000;0.000000;-0.900577;-0.902797;
1.101662;0.900558;-0.902534;1.000000;0.900558;-0.902534;1.000000;1.000000;0.000000;-0.900558;-0.902534;
1.101662;0.900558;-0.902531;1.000000;0.900558;-0.902531;1.000000;1.000000;0.000000;-0.900558;-0.902531;
1.101662;0.900557;-0.902524;1.000000;0.900557;-0.902524;1.000000;1.000000;0.000000;-0.900557;-0.902524;
1.101663;0.900556;-0.902510;1.000000;0.900556;-0.902510;1.000000;1.000000;0.000000;-0.900556;-0.902510;
1.101663;0.900554;-0.902483;1.000000;0.900554;-0.902483;1.000000;1.000000;0.000000;-0.900554;-0.902483;
1.101663;0.900550;-0.902429;1.000000;0.900550;-0.902429;1.000000;1.000000;0.000000;-0.900550;-0.902429;
1.101665;0.900542;-0.902321;1.000000;0.900542;-0.902321;1.000000;1.000000;0.000000;-0.900542;-0.902321;
1.101667;0.900526;-0.902106;1.000000;0.900526;-0.902106;1.000000;1.000000;0.000000;-0.900526;-0.902106;
1.101672;0.900494;-0.901674;1.000000;0.900494;-0.901674;1.000000;1.000000;0.000000;-0.900494;-0.901674;
1.101682;0.900429;-0.900810;1.000000;0.900429;-0.900810;1.000000;1.000000;0.000000;-0.900429;-0.900810;
1.101692;0.900364;-0.899946;1.000000;0.900364;-0.899946;1.000000;1.000000;0.000000;-0.900364;-0.899946;
1.101702;0.900299;-0.899082;1.000000;0.900299;-0.899082;1.000000;1.000000;0.000000;-0.900299;-0.899082;
1.101712;0.900234;-0.898218;1.000000;0.900234;-0.898218;1.000000;1.000000;0.000000;-0.900234;-0.898218;
1.101722;0.900168;-0.897353;1.000000;0.900168;-0.897353;1.000000;1.000000;0.000000;-0.900168;-0.897353;
1.101732;0.900101;-0.896489;1.000000;0.900101;-0.896489;1.000000;1.000000;0.000000;-0.900101;-0.896489;
1.101742;0.900035;-0.895625;1.000000;0.900035;-0.895625;1.000000;1.000000;0.000000;-0.900035;-0.895625;
1.101751;0.899968;-0.894761;1.000000;0.899968;-0.894761;1.000000;1.000000;0.000000;-0.899968;-0.894761;
1.101761;0.899901;-0.893896;1.000000;0.899901;-0.893896;1.000000;1.000000;0.000000;-0.899901;-0.893896;
1.101771;0.899833;-0.893032;1.000000;0.899833;-0.893032;1.000000;1.000000;0.000000;-0.899833;-0.893032;
1.101781;0.899766;-0.892167;1.000000;0.899766;-0.892167;1.000000;1.000000;0.000000;-0.899766;-0.892167;
1.101791;0.899697;-0.891303;1.000000;0.899697;-0.891303;1.000000;1.000000;0.000000;-0.899697;-0.891303;
1.101801;0.899629;-0.890438;1.000000;0.899629;-0.890438;1.000000;1.000000;0.000000;-0.899629;-0.890438;
1.101811;0.899560;-0.889573;1.000000;0.899560;-0.889573;1.000000;1.000000;0.000000;-0.899560;-0.889573;
1.101821;0.899491;-0.888708;1.000000;0.899491;-0.888708;1.000000;1.000000;0.000000;-0.899491;-0.888708;
1.101831;0.899422;-0.887844;1.000000;0.899422;-0.887844;1.000000;1.000000;0.000000;-0.899422;-0.887844;
1.101841;0.899352;-0.886979;1.000000;0.899352;-0.886979;1.000000;1.000000;0.000000;-0.899352;-0.886979;
1.101851;0.899282;-0.886114;1.000000;0.899282;-0.886114;1.000000;1.000000;0.000000;-0.899282;-0.886114;
1.101860;0.899212;-0.885249;1.000000;0.899212;-0.885249;1.000000;1.000000;0.000000;-0.899212;-0.885249;
1.101870;0.899141;-0.884384;1.000000;0.899141;-0.884384;1.000000;1.000000;0.000000;-0.899141;-0.884384;
1.101880;0.899070;-0.883519;1.000000;0.899070;-0.883519;1.000000;1.000000;0.000000;-0.899070;-0.883519;
1.101885;0.899035;-0.883087;1.000000;0.899035;-0.883087;1.000000;1.000000;0.000000;-0.899035;-0.883087;
1.101885;0.899035;-0.883084;1.000000;0.899035;-0.883084;1.000000;1.000000;0.000000;-0.899035;-0.883084;
1.101885;0.899034;-0.883077;1.000000;0.899034;-0.883077;1.000000;1.000000;0.000000;-0.899034;-0.883077;
1.101885;0.899033;-0.883062;1.000000;0.899033;-0.883062;1.000000;1.000000;0.000000;-0.899033;-0.883062;
1.101886;0.899030;-0.883033;1.000000;0.899030;-0.883033;1.000000;1.000000;0.000000;-0.899030;-0.883033;
1.101886;0.899026;-0.882975;1.000000;0.899026;-0.882975;1.000000;1.000000;0.000000;-0.899026;-0.882975;
1.101888;0.899016;-0.882858;1.000000;0.899016;-0.882858;1.000000;1.000000;0.000000;-0.899016;-0.882858;
1.101890;0.898997;-0.882625;1.000000;0.898997;-0.882625;1.000000;1.000000;0.000000;-0.898997;-0.882625;
1.101896;0.898958;-0.882159;1.000000;0.898958;-0.882159;1.000000;1.000000;0.000000;-0.898958;-0.882159;
1.101907;0.898881;-0.881226;1.000000;0.898881;-0.881226;1.000000;1.000000;0.000000;-0.898881;-0.881226;
1.101917;0.898804;-0.880294;1.000000;0.898804;-0.880294;1.000000;1.000000;0.000000;-0.898804;-0.880294;
1.101928;0.898726;-0.879361;1.000000;0.898726;-0.879361;1.000000;1.000000;0.000000;-0.898726;-0.879361;
1.101939;0.898647;-0.878428;1.000000;0.898647;-0.878428;1.000000;1.000000;0.000000;-0.898647;-0.878428;
1.101949;0.898569;-0.877496;1.000000;0.898569;-0.877496;1.000000;1.000000;0.000000;-0.898569;-0.877496;
1.101960;0.898490;-0.876563;1.000000;0.898490;-0.876563;1.000000;1.000000;0.000000;-0.898490;-0.876563;
1.101971;0.898411;-0.875631;1.000000;0.898411;-0.875631;1.000000;1.000000;0.000000;-0.898411;-0.875631;
1.101981;0.898331;-0.874698;1.000000;0.898331;-0.874698;1.000000;1.000000;0.000000;-0.898331;-0.874698;
1.101992;0.898251;-0.873766;1.000000;0.898251;-0.873766;1.000000;1.000000;0.000000;-0.898251;-0.873766;
1.102003;0.898171;-0.872833;1.000000;0.898171;-0.872833;1.000000;1.000000;0.000000;-0.898171;-0.872833;
1.102013;0.898090;-0.871901;1.000000;0.898090;-0.871901;1.000000;1.000000;0.000000;-0.898090;-0.871901;
1.102024;0.898010;-0.870969;1.000000;0.898010;-0.870969;1.000000;1.000000;0.000000;-0.898010;-0.870969;
1.102035;0.897928;-0.870037;1.000000;0.897928;-0.870037;1.000000;1.000000;0.000000;-0.897928;-0.870037;
1.102045;0.897847;-0.869104;1.000000;0.897847;-0.869104;1.000000;1.000000;0.000000;-0.897847;-0.869104;
1.102056;0.897765;-0.868172;1.000000;0.897765;-0.868172;1.000000;1.000000;0.000000;-0.897765;-0.868172;
1.102067;0.897683;-0.867240;1.000000;0.897683;-0.867240;1.000000;1.000000;0.000000;-0.897683;-0.867240;
1.102077;0.897600;-0.866309;1.000000;0.897600;-0.866309;1.000000;1.000000;0.000000;-0.897600;-0.866309;
1.102088;0.897518;-0.865377;1.000000;0.897518;-0.865377;1.000000;1.000000;0.000000;-0.897518;-0.865377;
1.102099;0.897435;-0.864445;1.000000;0.897435;-0.864445;1.000000;1.000000;0.000000;-0.897435;-0.864445;
1.102109;0.897351;-0.863514;1.000000;0.897351;-0.863514;1.000000;1.000000;0.000000;-0.897351;-0.863514;
1.102120;0.897268;-0.862583;1.000000;0.897268;-0.862583;1.000000;1.000000;0.000000;-0.897268;-0.862583;
1.102131;0.897184;-0.861652;1.000000;0.897184;-0.861652;1.000000;1.000000;0.000000;-0.897184;-0.861652;
1.102141;0.897099;-0.860721;1.000000;0.897099;-0.860721;1.000000;1.000000;0.000000;-0.897099;-0.860721;
1.102152;0.897015;-0.859790;1.000000;0.897015;-0.859790;1.000000;1.000000;0.000000;-0.897015;-0.859790;
1.102163;0.896930;-0.858860;1.000000;0.896930;-0.858860;1.000000;1.000000;0.000000;-0.896930;-0.858860;
1.102173;0.896845;-0.857929;1.000000;0.896845;-0.857929;1.000000;1.000000;0.000000;-0.896845;-0.857929;
1.102184;0.896760;-0.856999;1.000000;0.896760;-0.856999;1.000000;1.000000;0.000000;-0.896760;-0.856999;
1.102195;0.896674;-0.856069;1.000000;0.896674;-0.856069;1.000000;1.000000;0.000000;-0.896674;-0.856069;
1.102206;0.896588;-0.855140;1.000000;0.896588;-0.855140;1.000000;1.000000;0.000000;-0.896588;-0.855140;
1.102216;0.896502;-0.854210;1.000000;0.896502;-0.854210;1.000000;1.000000;0.000000;-0.896502;-0.854210;
1.102227;0.896415;-0.853281;1.000000;0.896415;-0.853281;1.000000;1.000000;0.000000;-0.896415;-0.853281;
1.102238;0.896328;-0.852352;1.000000;0.896328;-0.852352;1.000000;1.000000;0.000000;-0.896328;-0.852352;
1.102248;0.896241;-0.851423;1.000000;0.896241;-0.851423;1.000000;1.000000;0.000000;-0.896241;-0.851423;
1.102259;0.896154;-0.850494;1.000000;0.896154;-0.850494;1.000000;1.000000;0.000000;-0.896154;-0.850494;
1.102270;0.896066;-0.849566;1.000000;0.896066;-0.849566;1.000000;1.000000;0.000000;-0.896066;-0.849566;
1.102280;0.895979;-0.848638;1.000000;0.895979;-0.848638;1.000000;1.000000;0.000000;-0.895979;-0.848638;
1.102291;0.895890;-0.847710;1.000000;0.895890;-0.847710;1.000000;1.000000;0.000000;-0.895890;-0.847710;
1.102302;0.895802;-0.846783;1.000000;0.895802;-0.846783;1.000000;1.000000;0.000000;-0.895802;-0.846783;
1.102312;0.895713;-0.845856;1.000000;0.895713;-0.845856;1.000000;1.000000;0.000000;-0.895713;-0.845856;
1.102323;0.895625;-0.844929;1.000000;0.895625;-0.844929;1.000000;1.000000;0.000000;-0.895625;-0.844929;
1.102334;0.895535;-0.844003;1.000000;0.895535;-0.844003;1.000000;1.000000;0.000000;-0.895535;-0.844003;
1.102344;0.895446;-0.843076;1.000000;0.895446;-0.843076;1.000000;1.000000;0.000000;-0.895446;-0.843076;
1.102355;0.895356;-0.842150;1.000000;0.895356;-0.842150;1.000000;1.000000;0.000000;-0.895356;-0.842150;
1.102366;0.895267;-0.841225;1.000000;0.895267;-0.841225;1.000000;1.000000;0.000000;-0.895267;-0.841225;
1.102376;0.895176;-0.840299;1.000000;0.895176;-0.840299;1.000000;1.000000;0.000000;-0.895176;-0.840299;
1.102387;0.895086;-0.839375;1.000000;0.895086;-0.839375;1.000000;1.000000;0.000000;-0.895086;-0.839375;
1.102398;0.894995;-0.838450;1.000000;0.894995;-0.838450;1.000000;1.000000;0.000000;-0.894995;-0.838450;
1.102408;0.894905;-0.837526;1.000000;0.894905;-0.837526;1.000000;1.000000;0.000000;-0.894905;-0.837526;
1.102419;0.894814;-0.836602;1.000000;0.894814;-0.836602;1.000000;1.000000;0.000000;-0.894814;-0.836602;
1.102430;0.894722;-0.835678;1.000000;0.894722;-0.835678;1.000000;1.000000;0.000000;-0.894722;-0.835678;
1.102440;0.894631;-0.834755;1.000000;0.894631;-0.834755;1.000000;1.000000;0.000000;-0.894631;-0.834755;
1.102451;0.894539;-0.833832;1.000000;0.894539;-0.833832;1.000000;1.000000;0.000000;-0.894539;-0.833832;
1.102462;0.894447;-0.832910;1.000000;0.894447;-0.832910;1.000000;1.000000;0.000000;-0.894447;-0.832910;
1.102473;0.894355;-0.831988;1.000000;0.894355;-0.831988;1.000000;1.000000;0.000000;-0.894355;-0.831988;
1.102483;0.894262;-0.831066;1.000000;0.894262;-0.831066;1.000000;1.000000;0.000000;-0.894262;-0.831066;
1.102494;0.894170;-0.830145;1.000000;0.894170;-0.830145;1.000000;1.000000;0.000000;-0.894170;-0.830145;
1.102505;0.894077;-0.829224;1.000000;0.894077;-0.829224;1.000000;1.000000;0.000000;-0.894077;-0.829224;
1.102515;0.893984;-0.828303;1.000000;0.893984;-0.828303;1.000000;1.000000;0.000000;-0.893984;-0.828303;
1.102526;0.893891;-0.827383;1.000000;0.893891;-0.827383;1.000000;1.000000;0.000000;-0.893891;-0.827383;
1.102537;0.893797;-0.826464;1.000000;0.893797;-0.826464;1.000000;1.000000;0.000000;-0.893797;-0.826464;
1.102547;0.893704;-0.825544;1.000000;0.893704;-0.825544;1.000000;1.000000;0.000000;-0.893704;-0.825544;
1.102558;0.893610;-0.824626;1.000000;0.893610;-0.824626;1.000000;1.000000;0.000000;-0.893610;-0.824626;
1.102569;0.893516;-0.823707;1.000000;0.893516;-0.823707;1.000000;1.000000;0.000000;-0.893516;-0.823707;
1.102579;0.893422;-0.822789;1.000000;0.893422;-0.822789;1.000000;1.000000;0.000000;-0.893422;-0.822789;
1.102590;0.893327;-0.821872;1.000000;0.893327;-0.821872;1.000000;1.000000;0.000000;-0.893327;-0.821872;
1.102601;0.893232;-0.820955;1.000000;0.893232;-0.820955;1.000000;1.000000;0.000000;-0.893232;-0.820955;
1.102611;0.893138;-0.820038;1.000000;0.893138;-0.820038;1.000000;1.000000;0.000000;-0.893138;-0.820038;
1.102622;0.893043;-0.819122;1.000000;0.893043;-0.819122;1.000000;1.000000;0.000000;-0.893043;-0.819122;
1.102633;0.892947;-0.818206;1.000000;0.892947;-0.818206;1.000000;1.000000;0.000000;-0.892947;-0.818206;
1.102643;0.892852;-0.817291;1.000000;0.892852;-0.817291;1.000000;1.000000;0.000000;-0.892852;-0.817291;
1.102654;0.892757;-0.816376;1.000000;0.892757;-0.816376;1.000000;1.000000;0.000000;-0.892757;-0.816376;
1.102665;0.892661;-0.815462;1.000000;0.892661;-0.815462;1.000000;1.000000;0.000000;-0.892661;-0.815462;
1.102675;0.892565;-0.814548;1.000000;0.892565;-0.814548;1.000000;1.000000;0.000000;-0.892565;-0.814548;
1.102686;0.892469;-0.813634;1.000000;0.892469;-0.813634;1.000000;1.000000;0.000000;-0.892469;-0.813634;
1.102697;0.892373;-0.812722;1.000000;0.892373;-0.812722;1.000000;1.000000;0.000000;-0.892373;-0.812722;
1.102707;0.892276;-0.811809;1.000000;0.892276;-0.811809;1.000000;1.000000;0.000000;-0.892276;-0.811809;
1.102718;0.892180;-0.810897;1.000000;0.892180;-0.810897;1.000000;1.000000;0.000000;-0.892180;-0.810897;
1.102724;0.892129;-0.810424;1.000000;0.892129;-0.810424;1.000000;1.000000;0.000000;-0.892129;-0.810424;
1.102724;0.892129;-0.810420;1.000000;0.892129;-0.810420;1.000000;1.000000;0.000000;-0.892129;-0.810420;
1.102724;0.892128;-0.810411;1.000000;0.892128;-0.810411;1.000000;1.000000;0.000000;-0.892128;-0.810411;
1.102724;0.892126;-0.810393;1.000000;0.892126;-0.810393;1.000000;1.000000;0.000000;-0.892126;-0.810393;
1.102724;0.892122;-0.810358;1.000000;0.892122;-0.810358;1.000000;1.000000;0.000000;-0.892122;-0.810358;
1.102725;0.892115;-0.810287;1.000000;0.892115;-0.810287;1.000000;1.000000;0.000000;-0.892115;-0.810287;
1.102727;0.892100;-0.810145;1.000000;0.892100;-0.810145;1.000000;1.000000;0.000000;-0.892100;-0.810145;
1.102730;0.892070;-0.809862;1.000000;0.892070;-0.809862;1.000000;1.000000;0.000000;-0.892070;-0.809862;
1.102737;0.892010;-0.809297;1.000000;0.892010;-0.809297;1.000000;1.000000;0.000000;-0.892010;-0.809297;
1.102750;0.891889;-0.808166;1.000000;0.891889;-0.808166;1.000000;1.000000;0.000000;-0.891889;-0.808166;
1.102763;0.891768;-0.807036;1.000000;0.891768;-0.807036;1.000000;1.000000;0.000000;-0.891768;-0.807036;
1.102777;0.891647;-0.805906;1.000000;0.891647;-0.805906;1.000000;1.000000;0.000000;-0.891647;-0.805906;
1.102790;0.891526;-0.804778;1.000000;0.891526;-0.804778;1.000000;1.000000;0.000000;-0.891526;-0.804778;
1.102803;0.891405;-0.803650;1.000000;0.891405;-0.803650;1.000000;1.000000;0.000000;-0.891405;-0.803650;
1.102816;0.891283;-0.802524;1.000000;0.891283;-0.802524;1.000000;1.000000;0.000000;-0.891283;-0.802524;
1.102830;0.891161;-0.801397;1.000000;0.891161;-0.801397;1.000000;1.000000;0.000000;-0.891161;-0.801397;
1.102843;0.891039;-0.800272;1.000000;0.891039;-0.800272;1.000000;1.000000;0.000000;-0.891039;-0.800272;
1.102856;0.890917;-0.799148;1.000000;0.890917;-0.799148;1.000000;1.000000;0.000000;-0.890917;-0.799148;
1.102870;0.890794;-0.798024;1.000000;0.890794;-0.798024;1.000000;1.000000;0.000000;-0.890794;-0.798024;
1.102883;0.890671;-0.796902;1.000000;0.890671;-0.796902;1.000000;1.000000;0.000000;-0.890671;-0.796902;
1.102896;0.890548;-0.795780;1.000000;0.890548;-0.795780;1.000000;1.000000;0.000000;-0.890548;-0.795780;
1.102909;0.890425;-0.794659;1.000000;0.890425;-0.794659;1.000000;1.000000;0.000000;-0.890425;-0.794659;
1.102911;0.890414;-0.794556;1.000000;0.890414;-0.794556;1.000000;1.000000;0.000000;-0.890414;-0.794556;
1.102911;0.890413;-0.794551;1.000000;0.890413;-0.794551;1.000000;1.000000;0.000000;-0.890413;-0.794551;
1.102911;0.890412;-0.794542;1.000000;0.890412;-0.794542;1.000000;1.000000;0.000000;-0.890412;-0.794542;
1.102911;0.890410;-0.794524;1.000000;0.890410;-0.794524;1.000000;1.000000;0.000000;-0.890410;-0.794524;
1.102911;0.890406;-0.794488;1.000000;0.890406;-0.794488;1.000000;1.000000;0.000000;-0.890406;-0.794488;
1.102912;0.890398;-0.794415;1.000000;0.890398;-0.794415;1.000000;1.000000;0.000000;-0.890398;-0.794415;
1.102914;0.890382;-0.794269;1.000000;0.890382;-0.794269;1.000000;1.000000;0.000000;-0.890382;-0.794269;
1.102917;0.890350;-0.793977;1.000000;0.890350;-0.793977;1.000000;1.000000;0.000000;-0.890350;-0.793977;
1.102924;0.890286;-0.793394;1.000000;0.890286;-0.793394;1.000000;1.000000;0.000000;-0.890286;-0.793394;
1.102938;0.890158;-0.792230;1.000000;0.890158;-0.792230;1.000000;1.000000;0.000000;-0.890158;-0.792230;
1.102952;0.890029;-0.791066;1.000000;0.890029;-0.791066;1.000000;1.000000;0.000000;-0.890029;-0.791066;
1.102966;0.889900;-0.789903;1.000000;0.889900;-0.789903;1.000000;1.000000;0.000000;-0.889900;-0.789903;
1.102980;0.889771;-0.788741;1.000000;0.889771;-0.788741;1.000000;1.000000;0.000000;-0.889771;-0.788741;
1.102993;0.889641;-0.787580;1.000000;0.889641;-0.787580;1.000000;1.000000;0.000000;-0.889641;-0.787580;
1.103007;0.889512;-0.786420;1.000000;0.889512;-0.786420;1.000000;1.000000;0.000000;-0.889512;-0.786420;
1.103021;0.889382;-0.785261;1.000000;0.889382;-0.785261;1.000000;1.000000;0.000000;-0.889382;-0.785261;
1.103035;0.889252;-0.784103;1.000000;0.889252;-0.784103;1.000000;1.000000;0.000000;-0.889252;-0.784103;
1.103049;0.889122;-0.782946;1.000000;0.889122;-0.782946;1.000000;1.000000;0.000000;-0.889122;-0.782946;
1.103062;0.888992;-0.781790;1.000000;0.888992;-0.781790;1.000000;1.000000;0.000000;-0.888992;-0.781790;
1.103076;0.888861;-0.780634;1.000000;0.888861;-0.780634;1.000000;1.000000;0.000000;-0.888861;-0.780634;
1.103090;0.888731;-0.779480;1.000000;0.888731;-0.779480;1.000000;1.000000;0.000000;-0.888731;-0.779480;
1.103104;0.888600;-0.778327;1.000000;0.888600;-0.778327;1.000000;1.000000;0.000000;-0.888600;-0.778327;
1.103118;0.888469;-0.777175;1.000000;0.888469;-0.777175;1.000000;1.000000;0.000000;-0.888469;-0.777175;
1.103131;0.888338;-0.776024;1.000000;0.888338;-0.776024;1.000000;1.000000;0.000000;-0.888338;-0.776024;
1.103145;0.888207;-0.774874;1.000000;0.888207;-0.774874;1.000000;1.000000;0.000000;-0.888207;-0.774874;
1.103159;0.888076;-0.773725;1.000000;0.888076;-0.773725;1.000000;1.000000;0.000000;-0.888076;-0.773725;
1.103173;0.887945;-0.772577;1.000000;0.887945;-0.772577;1.000000;1.000000;0.000000;-0.887945;-0.772577;
1.103187;0.887813;-0.771430;1.000000;0.887813;-0.771430;1.000000;1.000000;0.000000;-0.887813;-0.771430;
1.103200;0.887681;-0.770284;1.000000;0.887681;-0.770284;1.000000;1.000000;0.000000;-0.887681;-0.770284;
1.103214;0.887549;-0.769139;1.000000;0.887549;-0.769139;1.000000;1.000000;0.000000;-0.887549;-0.769139;
1.103228;0.887417;-0.767995;1.000000;0.887417;-0.767995;1.000000;1.000000;0.000000;-0.887417;-0.767995;
1.103242;0.887285;-0.766852;1.000000;0.887285;-0.766852;1.000000;1.000000;0.000000;-0.887285;-0.766852;
1.103256;0.887153;-0.765710;1.000000;0.887153;-0.765710;1.000000;1.000000;0.000000;-0.887153;-0.765710;
1.103269;0.887021;-0.764569;1.000000;0.887021;-0.764569;1.000000;1.000000;0.000000;-0.887021;-0.764569;
1.103283;0.886888;-0.763429;1.000000;0.886888;-0.763429;1.000000;1.000000;0.000000;-0.886888;-0.763429;
1.103297;0.886756;-0.762291;1.000000;0.886756;-0.762291;1.000000;1.000000;0.000000;-0.886756;-0.762291;
1.103311;0.886623;-0.761153;1.000000;0.886623;-0.761153;1.000000;1.000000;0.000000;-0.886623;-0.761153;
1.103325;0.886491;-0.760016;1.000000;0.886491;-0.760016;1.000000;1.000000;0.000000;-0.886491;-0.760016;
1.103338;0.886358;-0.758881;1.000000;0.886358;-0.758881;1.000000;1.000000;0.000000;-0.886358;-0.758881;
1.103339;0.886356;-0.758863;1.000000;0.886356;-0.758863;1.000000;1.000000;0.000000;-0.886356;-0.758863;
1.103339;0.886355;-0.758858;1.000000;0.886355;-0.758858;1.000000;1.000000;0.000000;-0.886355;-0.758858;
1.103339;0.886354;-0.758849;1.000000;0.886354;-0.758849;1.000000;1.000000;0.000000;-0.886354;-0.758849;
1.103339;0.886352;-0.758829;1.000000;0.886352;-0.758829;1.000000;1.000000;0.000000;-0.886352;-0.758829;
1.103340;0.886347;-0.758791;1.000000;0.886347;-0.758791;1.000000;1.000000;0.000000;-0.886347;-0.758791;
1.103340;0.886338;-0.758714;1.000000;0.886338;-0.758714;1.000000;1.000000;0.000000;-0.886338;-0.758714;
1.103342;0.886320;-0.758559;1.000000;0.886320;-0.758559;1.000000;1.000000;0.000000;-0.886320;-0.758559;
1.103346;0.886284;-0.758251;1.000000;0.886284;-0.758251;1.000000;1.000000;0.000000;-0.886284;-0.758251;
1.103354;0.886212;-0.757634;1.000000;0.886212;-0.757634;1.000000;1.000000;0.000000;-0.886212;-0.757634;
1.103369;0.886067;-0.756401;1.000000;0.886067;-0.756401;1.000000;1.000000;0.000000;-0.886067;-0.756401;
1.103384;0.885922;-0.755170;1.000000;0.885922;-0.755170;1.000000;1.000000;0.000000;-0.885922;-0.755170;
1.103399;0.885777;-0.753940;1.000000;0.885777;-0.753940;1.000000;1.000000;0.000000;-0.885777;-0.753940;
1.103414;0.885632;-0.752711;1.000000;0.885632;-0.752711;1.000000;1.000000;0.000000;-0.885632;-0.752711;
1.103429;0.885487;-0.751484;1.000000;0.885487;-0.751484;1.000000;1.000000;0.000000;-0.885487;-0.751484;
1.103444;0.885342;-0.750258;1.000000;0.885342;-0.750258;1.000000;1.000000;0.000000;-0.885342;-0.750258;
1.103459;0.885196;-0.749033;1.000000;0.885196;-0.749033;1.000000;1.000000;0.000000;-0.885196;-0.749033;
1.103474;0.885051;-0.747809;1.000000;0.885051;-0.747809;1.000000;1.000000;0.000000;-0.885051;-0.747809;
1.103489;0.884905;-0.746587;1.000000;0.884905;-0.746587;1.000000;1.000000;0.000000;-0.884905;-0.746587;
1.103504;0.884760;-0.745366;1.000000;0.884760;-0.745366;1.000000;1.000000;0.000000;-0.884760;-0.745366;
1.103519;0.884614;-0.744146;1.000000;0.884614;-0.744146;1.000000;1.000000;0.000000;-0.884614;-0.744146;
1.103534;0.884468;-0.742928;1.000000;0.884468;-0.742928;1.000000;1.000000;0.000000;-0.884468;-0.742928;
1.103549;0.884323;-0.741711;1.000000;0.884323;-0.741711;1.000000;1.000000;0.000000;-0.884323;-0.741711;
1.103564;0.884177;-0.740495;1.000000;0.884177;-0.740495;1.000000;1.000000;0.000000;-0.884177;-0.740495;
1.103579;0.884031;-0.739281;1.000000;0.884031;-0.739281;1.000000;1.000000;0.000000;-0.884031;-0.739281;
1.103594;0.883885;-0.738068;1.000000;0.883885;-0.738068;1.000000;1.000000;0.000000;-0.883885;-0.738068;
1.103609;0.883739;-0.736856;1.000000;0.883739;-0.736856;1.000000;1.000000;0.000000;-0.883739;-0.736856;
1.103624;0.883593;-0.735645;1.000000;0.883593;-0.735645;1.000000;1.000000;0.000000;-0.883593;-0.735645;
1.103639;0.883446;-0.734436;1.000000;0.883446;-0.734436;1.000000;1.000000;0.000000;-0.883446;-0.734436;
1.103654;0.883300;-0.733228;1.000000;0.883300;-0.733228;1.000000;1.000000;0.000000;-0.883300;-0.733228;
1.103669;0.883154;-0.732022;1.000000;0.883154;-0.732022;1.000000;1.000000;0.000000;-0.883154;-0.732022;
1.103684;0.883008;-0.730817;1.000000;0.883008;-0.730817;1.000000;1.000000;0.000000;-0.883008;-0.730817;
1.103699;0.882861;-0.729613;1.000000;0.882861;-0.729613;1.000000;1.000000;0.000000;-0.882861;-0.729613;
1.103714;0.882715;-0.728410;1.000000;0.882715;-0.728410;1.000000;1.000000;0.000000;-0.882715;-0.728410;
1.103729;0.882568;-0.727209;1.000000;0.882568;-0.727209;1.000000;1.000000;0.000000;-0.882568;-0.727209;
1.103744;0.882422;-0.726009;1.000000;0.882422;-0.726009;1.000000;1.000000;0.000000;-0.882422;-0.726009;
1.103759;0.882275;-0.724811;1.000000;0.882275;-0.724811;1.000000;1.000000;0.000000;-0.882275;-0.724811;
1.103774;0.882129;-0.723614;1.000000;0.882129;-0.723614;1.000000;1.000000;0.000000;-0.882129;-0.723614;
1.103789;0.881982;-0.722418;1.000000;0.881982;-0.722418;1.000000;1.000000;0.000000;-0.881982;-0.722418;
1.103804;0.881836;-0.721224;1.000000;0.881836;-0.721224;1.000000;1.000000;0.000000;-0.881836;-0.721224;
1.103819;0.881689;-0.720031;1.000000;0.881689;-0.720031;1.000000;1.000000;0.000000;-0.881689;-0.720031;
1.103834;0.881543;-0.718839;1.000000;0.881543;-0.718839;1.000000;1.000000;0.000000;-0.881543;-0.718839;
1.103849;0.881396;-0.717648;1.000000;0.881396;-0.717648;1.000000;1.000000;0.000000;-0.881396;-0.717648;
1.103864;0.881249;-0.716459;1.000000;0.881249;-0.716459;1.000000;1.000000;0.000000;-0.881249;-0.716459;
1.103879;0.881103;-0.715272;1.000000;0.881103;-0.715272;1.000000;1.000000;0.000000;-0.881103;-0.715272;
1.103894;0.880956;-0.714085;1.000000;0.880956;-0.714085;1.000000;1.000000;0.000000;-0.880956;-0.714085;
1.103909;0.880809;-0.712900;1.000000;0.880809;-0.712900;1.000000;1.000000;0.000000;-0.880809;-0.712900;
1.103924;0.880663;-0.711717;1.000000;0.880663;-0.711717;1.000000;1.000000;0.000000;-0.880663;-0.711717;
1.103939;0.880516;-0.710534;1.000000;0.880516;-0.710534;1.000000;1.000000;0.000000;-0.880516;-0.710534;
1.103946;0.880451;-0.710013;1.000000;0.880451;-0.710013;1.000000;1.000000;0.000000;-0.880451;-0.710013;
1.103951;0.880402;-0.709614;1.000000;0.880402;-0.709614;1.000000;1.000000;0.000000;-0.880402;-0.709614;
1.103956;0.880352;-0.709214;1.000000;0.880352;-0.709214;1.000000;1.000000;0.000000;-0.880352;-0.709214;
1.103961;0.880302;-0.708815;1.000000;0.880302;-0.708815;1.000000;1.000000;0.000000;-0.880302;-0.708815;
1.103966;0.880253;-0.708416;1.000000;0.880253;-0.708416;1.000000;1.000000;0.000000;-0.880253;-0.708416;
1.103971;0.880203;-0.708017;1.000000;0.880203;-0.708017;1.000000;1.000000;0.000000;-0.880203;-0.708017;
1.103976;0.880154;-0.707618;1.000000;0.880154;-0.707618;1.000000;1.000000;0.000000;-0.880154;-0.707618;
1.103981;0.880104;-0.707220;1.000000;0.880104;-0.707220;1.000000;1.000000;0.000000;-0.880104;-0.707220;
1.103987;0.880054;-0.706821;1.000000;0.880054;-0.706821;1.000000;1.000000;0.000000;-0.880054;-0.706821;
1.103992;0.880005;-0.706423;1.000000;0.880005;-0.706423;1.000000;1.000000;0.000000;-0.880005;-0.706423;
1.103997;0.879955;-0.706025;1.000000;0.879955;-0.706025;1.000000;1.000000;0.000000;-0.879955;-0.706025;
1.104002;0.879905;-0.705627;1.000000;0.879905;-0.705627;1.000000;1.000000;0.000000;-0.879905;-0.705627;
1.104007;0.879856;-0.705229;1.000000;0.879856;-0.705229;1.000000;1.000000;0.000000;-0.879856;-0.705229;
1.104012;0.879806;-0.704831;1.000000;0.879806;-0.704831;1.000000;1.000000;0.000000;-0.879806;-0.704831;
1.104017;0.879757;-0.704434;1.000000;0.879757;-0.704434;1.000000;1.000000;0.000000;-0.879757;-0.704434;
1.104022;0.879707;-0.704036;1.000000;0.879707;-0.704036;1.000000;1.000000;0.000000;-0.879707;-0.704036;
1.104027;0.879657;-0.703639;1.000000;0.879657;-0.703639;1.000000;1.000000;0.000000;-0.879657;-0.703639;
1.104032;0.879608;-0.703242;1.000000;0.879608;-0.703242;1.000000;1.000000;0.000000;-0.879608;-0.703242;
1.104037;0.879558;-0.702845;1.000000;0.879558;-0.702845;1.000000;1.000000;0.000000;-0.879558;-0.702845;
1.104042;0.879509;-0.702448;1.000000;0.879509;-0.702448;1.000000;1.000000;0.000000;-0.879509;-0.702448;
1.104047;0.879459;-0.702052;1.000000;0.879459;-0.702052;1.000000;1.000000;0.000000;-0.879459;-0.702052;
1.104053;0.879409;-0.701655;1.000000;0.879409;-0.701655;1.000000;1.000000;0.000000;-0.879409;-0.701655;
1.104063;0.879310;-0.700863;1.000000;0.879310;-0.700863;1.000000;1.000000;0.000000;-0.879310;-0.700863;
1.104072;0.879221;-0.700150;1.000000;0.879221;-0.700150;1.000000;1.000000;0.000000;-0.879221;-0.700150;
1.104081;0.879132;-0.699438;1.000000;0.879132;-0.699438;1.000000;1.000000;0.000000;-0.879132;-0.699438;
1.104090;0.879042;-0.698727;1.000000;0.879042;-0.698727;1.000000;1.000000;0.000000;-0.879042;-0.698727;
1.104099;0.878953;-0.698016;1.000000;0.878953;-0.698016;1.000000;1.000000;0.000000;-0.878953;-0.698016;
1.104108;0.878864;-0.697305;1.000000;0.878864;-0.697305;1.000000;1.000000;0.000000;-0.878864;-0.697305;
1.104118;0.878775;-0.696595;1.000000;0.878775;-0.696595;1.000000;1.000000;0.000000;-0.878775;-0.696595;
1.104127;0.878685;-0.695886;1.000000;0.878685;-0.695886;1.000000;1.000000;0.000000;-0.878685;-0.695886;
1.104136;0.878596;-0.695177;1.000000;0.878596;-0.695177;1.000000;1.000000;0.000000;-0.878596;-0.695177;
1.104145;0.878507;-0.694468;1.000000;0.878507;-0.694468;1.000000;1.000000;0.000000;-0.878507;-0.694468;
1.104154;0.878418;-0.693760;1.000000;0.878418;-0.693760;1.000000;1.000000;0.000000;-0.878418;-0.693760;
1.104163;0.878329;-0.693053;1.000000;0.878329;-0.693053;1.000000;1.000000;0.000000;-0.878329;-0.693053;
1.104172;0.878240;-0.692346;1.000000;0.878240;-0.692346;1.000000;1.000000;0.000000;-0.878240;-0.692346;
1.104182;0.878150;-0.691639;1.000000;0.878150;-0.691639;1.000000;1.000000;0.000000;-0.878150;-0.691639;
1.104191;0.878061;-0.690933;1.000000;0.878061;-0.690933;1.000000;1.000000;0.000000;-0.878061;-0.690933;
1.104209;0.877883;-0.689523;1.000000;0.877883;-0.689523;1.000000;1.000000;0.000000;-0.877883;-0.689523;
1.104225;0.877723;-0.688256;1.000000;0.877723;-0.688256;1.000000;1.000000;0.000000;-0.877723;-0.688256;
1.104242;0.877562;-0.686990;1.000000;0.877562;-0.686990;1.000000;1.000000;0.000000;-0.877562;-0.686990;
1.104258;0.877402;-0.685726;1.000000;0.877402;-0.685726;1.000000;1.000000;0.000000;-0.877402;-0.685726;
1.104275;0.877242;-0.684463;1.000000;0.877242;-0.684463;1.000000;1.000000;0.000000;-0.877242;-0.684463;
1.104291;0.877082;-0.683202;1.000000;0.877082;-0.683202;1.000000;1.000000;0.000000;-0.877082;-0.683202;
1.104308;0.876921;-0.681943;1.000000;0.876921;-0.681943;1.000000;1.000000;0.000000;-0.876921;-0.681943;
1.104324;0.876761;-0.680686;1.000000;0.876761;-0.680686;1.000000;1.000000;0.000000;-0.876761;-0.680686;
1.104341;0.876601;-0.679430;1.000000;0.876601;-0.679430;1.000000;1.000000;0.000000;-0.876601;-0.679430;
1.104357;0.876441;-0.678175;1.000000;0.876441;-0.678175;1.000000;1.000000;0.000000;-0.876441;-0.678175;
1.104374;0.876281;-0.676922;1.000000;0.876281;-0.676922;1.000000;1.000000;0.000000;-0.876281;-0.676922;
1.104390;0.876122;-0.675671;1.000000;0.876122;-0.675671;1.000000;1.000000;0.000000;-0.876122;-0.675671;
1.104406;0.875962;-0.674422;1.000000;0.875962;-0.674422;1.000000;1.000000;0.000000;-0.875962;-0.674422;
1.104423;0.875802;-0.673174;1.000000;0.875802;-0.673174;1.000000;1.000000;0.000000;-0.875802;-0.673174;
1.104439;0.875642;-0.671928;1.000000;0.875642;-0.671928;1.000000;1.000000;0.000000;-0.875642;-0.671928;
1.104456;0.875483;-0.670683;1.000000;0.875483;-0.670683;1.000000;1.000000;0.000000;-0.875483;-0.670683;
1.104472;0.875323;-0.669440;1.000000;0.875323;-0.669440;1.000000;1.000000;0.000000;-0.875323;-0.669440;
1.104489;0.875164;-0.668199;1.000000;0.875164;-0.668199;1.000000;1.000000;0.000000;-0.875164;-0.668199;
1.104505;0.875005;-0.666959;1.000000;0.875005;-0.666959;1.000000;1.000000;0.000000;-0.875005;-0.666959;
1.104522;0.874845;-0.665721;1.000000;0.874845;-0.665721;1.000000;1.000000;0.000000;-0.874845;-0.665721;
1.104538;0.874686;-0.664484;1.000000;0.874686;-0.664484;1.000000;1.000000;0.000000;-0.874686;-0.664484;
1.104555;0.874527;-0.663249;1.000000;0.874527;-0.663249;1.000000;1.000000;0.000000;-0.874527;-0.663249;
1.104571;0.874368;-0.662016;1.000000;0.874368;-0.662016;1.000000;1.000000;0.000000;-0.874368;-0.662016;
1.104587;0.874209;-0.660784;1.000000;0.874209;-0.660784;1.000000;1.000000;0.000000;-0.874209;-0.660784;
1.104604;0.874050;-0.659554;1.000000;0.874050;-0.659554;1.000000;1.000000;0.000000;-0.874050;-0.659554;
1.104620;0.873892;-0.658325;1.000000;0.873892;-0.658325;1.000000;1.000000;0.000000;-0.873892;-0.658325;
1.104637;0.873733;-0.657098;1.000000;0.873733;-0.657098;1.000000;1.000000;0.000000;-0.873733;-0.657098;
1.104653;0.873575;-0.655873;1.000000;0.873575;-0.655873;1.000000;1.000000;0.000000;-0.873575;-0.655873;
1.104670;0.873416;-0.654650;1.000000;0.873416;-0.654650;1.000000;1.000000;0.000000;-0.873416;-0.654650;
1.104686;0.873258;-0.653427;1.000000;0.873258;-0.653427;1.000000;1.000000;0.000000;-0.873258;-0.653427;
1.104703;0.873099;-0.652207;1.000000;0.873099;-0.652207;1.000000;1.000000;0.000000;-0.873099;-0.652207;
1.104719;0.872941;-0.650988;1.000000;0.872941;-0.650988;1.000000;1.000000;0.000000;-0.872941;-0.650988;
1.104736;0.872783;-0.649771;1.000000;0.872783;-0.649771;1.000000;1.000000;0.000000;-0.872783;-0.649771;
1.104746;0.872679;-0.648970;1.000000;0.872679;-0.648970;1.000000;1.000000;0.000000;-0.872679;-0.648970;
1.104747;0.872678;-0.648964;1.000000;0.872678;-0.648964;1.000000;1.000000;0.000000;-0.872678;-0.648964;
1.104747;0.872677;-0.648952;1.000000;0.872677;-0.648952;1.000000;1.000000;0.000000;-0.872677;-0.648952;
1.104747;0.872674;-0.648928;1.000000;0.872674;-0.648928;1.000000;1.000000;0.000000;-0.872674;-0.648928;
1.104748;0.872668;-0.648881;1.000000;0.872668;-0.648881;1.000000;1.000000;0.000000;-0.872668;-0.648881;
1.104749;0.872655;-0.648786;1.000000;0.872655;-0.648786;1.000000;1.000000;0.000000;-0.872655;-0.648786;
1.104752;0.872630;-0.648595;1.000000;0.872630;-0.648595;1.000000;1.000000;0.000000;-0.872630;-0.648595;
1.104757;0.872581;-0.648215;1.000000;0.872581;-0.648215;1.000000;1.000000;0.000000;-0.872581;-0.648215;
1.104767;0.872482;-0.647454;1.000000;0.872482;-0.647454;1.000000;1.000000;0.000000;-0.872482;-0.647454;
1.104788;0.872285;-0.645935;1.000000;0.872285;-0.645935;1.000000;1.000000;0.000000;-0.872285;-0.645935;
1.104808;0.872087;-0.644419;1.000000;0.872087;-0.644419;1.000000;1.000000;0.000000;-0.872087;-0.644419;
1.104829;0.871890;-0.642905;1.000000;0.871890;-0.642905;1.000000;1.000000;0.000000;-0.871890;-0.642905;
1.104849;0.871693;-0.641394;1.000000;0.871693;-0.641394;1.000000;1.000000;0.000000;-0.871693;-0.641394;
1.104870;0.871496;-0.639885;1.000000;0.871496;-0.639885;1.000000;1.000000;0.000000;-0.871496;-0.639885;
1.104891;0.871299;-0.638379;1.000000;0.871299;-0.638379;1.000000;1.000000;0.000000;-0.871299;-0.638379;
1.104911;0.871102;-0.636875;1.000000;0.871102;-0.636875;1.000000;1.000000;0.000000;-0.871102;-0.636875;
1.104932;0.870906;-0.635373;1.000000;0.870906;-0.635373;1.000000;1.000000;0.000000;-0.870906;-0.635373;
1.104953;0.870710;-0.633874;1.000000;0.870710;-0.633874;1.000000;1.000000;0.000000;-0.870710;-0.633874;
1.104973;0.870514;-0.632378;1.000000;0.870514;-0.632378;1.000000;1.000000;0.000000;-0.870514;-0.632378;
1.104994;0.870318;-0.630884;1.000000;0.870318;-0.630884;1.000000;1.000000;0.000000;-0.870318;-0.630884;
1.105014;0.870122;-0.629392;1.000000;0.870122;-0.629392;1.000000;1.000000;0.000000;-0.870122;-0.629392;
1.105035;0.869927;-0.627903;1.000000;0.869927;-0.627903;1.000000;1.000000;0.000000;-0.869927;-0.627903;
1.105056;0.869732;-0.626416;1.000000;0.869732;-0.626416;1.000000;1.000000;0.000000;-0.869732;-0.626416;
1.105076;0.869537;-0.624932;1.000000;0.869537;-0.624932;1.000000;1.000000;0.000000;-0.869537;-0.624932;
1.105097;0.869342;-0.623450;1.000000;0.869342;-0.623450;1.000000;1.000000;0.000000;-0.869342;-0.623450;
1.105117;0.869147;-0.621971;1.000000;0.869147;-0.621971;1.000000;1.000000;0.000000;-0.869147;-0.621971;
1.105138;0.868953;-0.620494;1.000000;0.868953;-0.620494;1.000000;1.000000;0.000000;-0.868953;-0.620494;
1.105159;0.868758;-0.619019;1.000000;0.868758;-0.619019;1.000000;1.000000;0.000000;-0.868758;-0.619019;
1.105179;0.868564;-0.617547;1.000000;0.868564;-0.617547;1.000000;1.000000;0.000000;-0.868564;-0.617547;
1.105200;0.868370;-0.616077;1.000000;0.868370;-0.616077;1.000000;1.000000;0.000000;-0.868370;-0.616077;
1.105221;0.868177;-0.614610;1.000000;0.868177;-0.614610;1.000000;1.000000;0.000000;-0.868177;-0.614610;
1.105241;0.867983;-0.613145;1.000000;0.867983;-0.613145;1.000000;1.000000;0.000000;-0.867983;-0.613145;
1.105262;0.867790;-0.611683;1.000000;0.867790;-0.611683;1.000000;1.000000;0.000000;-0.867790;-0.611683;
1.105282;0.867597;-0.610222;1.000000;0.867597;-0.610222;1.000000;1.000000;0.000000;-0.867597;-0.610222;
1.105303;0.867404;-0.608765;1.000000;0.867404;-0.608765;1.000000;1.000000;0.000000;-0.867404;-0.608765;
1.105324;0.867211;-0.607309;1.000000;0.867211;-0.607309;1.000000;1.000000;0.000000;-0.867211;-0.607309;
1.105344;0.867019;-0.605856;1.000000;0.867019;-0.605856;1.000000;1.000000;0.000000;-0.867019;-0.605856;
1.105365;0.866827;-0.604405;1.000000;0.866827;-0.604405;1.000000;1.000000;0.000000;-0.866827;-0.604405;
1.105385;0.866635;-0.602957;1.000000;0.866635;-0.602957;1.000000;1.000000;0.000000;-0.866635;-0.602957;
1.105406;0.866443;-0.601511;1.000000;0.866443;-0.601511;1.000000;1.000000;0.000000;-0.866443;-0.601511;
1.105427;0.866251;-0.600068;1.000000;0.866251;-0.600068;1.000000;1.000000;0.000000;-0.866251;-0.600068;
1.105447;0.866060;-0.598626;1.000000;0.866060;-0.598626;1.000000;1.000000;0.000000;-0.866060;-0.598626;
1.105468;0.865868;-0.597187;1.000000;0.865868;-0.597187;1.000000;1.000000;0.000000;-0.865868;-0.597187;
1.105489;0.865677;-0.595751;1.000000;0.865677;-0.595751;1.000000;1.000000;0.000000;-0.865677;-0.595751;
1.105509;0.865486;-0.594317;1.000000;0.865486;-0.594317;1.000000;1.000000;0.000000;-0.865486;-0.594317;
1.105530;0.865296;-0.592885;1.000000;0.865296;-0.592885;1.000000;1.000000;0.000000;-0.865296;-0.592885;
1.105550;0.865105;-0.591455;1.000000;0.865105;-0.591455;1.000000;1.000000;0.000000;-0.865105;-0.591455;
1.105571;0.864915;-0.590028;1.000000;0.864915;-0.590028;1.000000;1.000000;0.000000;-0.864915;-0.590028;
1.105592;0.864725;-0.588603;1.000000;0.864725;-0.588603;1.000000;1.000000;0.000000;-0.864725;-0.588603;
1.105612;0.864535;-0.587180;1.000000;0.864535;-0.587180;1.000000;1.000000;0.000000;-0.864535;-0.587180;
1.105633;0.864346;-0.585760;1.000000;0.864346;-0.585760;1.000000;1.000000;0.000000;-0.864346;-0.585760;
1.105653;0.864156;-0.584342;1.000000;0.864156;-0.584342;1.000000;1.000000;0.000000;-0.864156;-0.584342;
1.105674;0.863967;-0.582926;1.000000;0.863967;-0.582926;1.000000;1.000000;0.000000;-0.863967;-0.582926;
1.105695;0.863778;-0.581513;1.000000;0.863778;-0.581513;1.000000;1.000000;0.000000;-0.863778;-0.581513;
1.105715;0.863589;-0.580101;1.000000;0.863589;-0.580101;1.000000;1.000000;0.000000;-0.863589;-0.580101;
1.105736;0.863401;-0.578693;1.000000;0.863401;-0.578693;1.000000;1.000000;0.000000;-0.863401;-0.578693;
1.105757;0.863212;-0.577286;1.000000;0.863212;-0.577286;1.000000;1.000000;0.000000;-0.863212;-0.577286;
1.105777;0.863024;-0.575882;1.000000;0.863024;-0.575882;1.000000;1.000000;0.000000;-0.863024;-0.575882;
1.105798;0.862836;-0.574479;1.000000;0.862836;-0.574479;1.000000;1.000000;0.000000;-0.862836;-0.574479;
1.105818;0.862648;-0.573080;1.000000;0.862648;-0.573080;1.000000;1.000000;0.000000;-0.862648;-0.573080;
1.105839;0.862461;-0.571682;1.000000;0.862461;-0.571682;1.000000;1.000000;0.000000;-0.862461;-0.571682;
1.105860;0.862273;-0.570287;1.000000;0.862273;-0.570287;1.000000;1.000000;0.000000;-0.862273;-0.570287;
1.105880;0.862086;-0.568893;1.000000;0.862086;-0.568893;1.000000;1.000000;0.000000;-0.862086;-0.568893;
1.105901;0.861899;-0.567503;1.000000;0.861899;-0.567503;1.000000;1.000000;0.000000;-0.861899;-0.567503;
1.105921;0.861712;-0.566114;1.000000;0.861712;-0.566114;1.000000;1.000000;0.000000;-0.861712;-0.566114;
1.105942;0.861526;-0.564727;1.000000;0.861526;-0.564727;1.000000;1.000000;0.000000;-0.861526;-0.564727;
1.105963;0.861339;-0.563343;1.000000;0.861339;-0.563343;1.000000;1.000000;0.000000;-0.861339;-0.563343;
1.105983;0.861153;-0.561961;1.000000;0.861153;-0.561961;1.000000;1.000000;0.000000;-0.861153;-0.561961;
1.106004;0.860967;-0.560581;1.000000;0.860967;-0.560581;1.000000;1.000000;0.000000;-0.860967;-0.560581;
1.106025;0.860781;-0.559204;1.000000;0.860781;-0.559204;1.000000;1.000000;0.000000;-0.860781;-0.559204;
1.106045;0.860595;-0.557828;1.000000;0.860595;-0.557828;1.000000;1.000000;0.000000;-0.860595;-0.557828;
1.106066;0.860410;-0.556455;1.000000;0.860410;-0.556455;1.000000;1.000000;0.000000;-0.860410;-0.556455;
1.106086;0.860225;-0.555084;1.000000;0.860225;-0.555084;1.000000;1.000000;0.000000;-0.860225;-0.555084;
1.106107;0.860040;-0.553715;1.000000;0.860040;-0.553715;1.000000;1.000000;0.000000;-0.860040;-0.553715;
1.106128;0.859855;-0.552348;1.000000;0.859855;-0.552348;1.000000;1.000000;0.000000;-0.859855;-0.552348;
1.106148;0.859670;-0.550984;1.000000;0.859670;-0.550984;1.000000;1.000000;0.000000;-0.859670;-0.550984;
1.106169;0.859486;-0.549622;1.000000;0.859486;-0.549622;1.000000;1.000000;0.000000;-0.859486;-0.549622;
1.106189;0.859301;-0.548261;1.000000;0.859301;-0.548261;1.000000;1.000000;0.000000;-0.859301;-0.548261;
1.106210;0.859117;-0.546903;1.000000;0.859117;-0.546903;1.000000;1.000000;0.000000;-0.859117;-0.546903;
1.106231;0.858933;-0.545547;1.000000;0.858933;-0.545547;1.000000;1.000000;0.000000;-0.858933;-0.545547;
1.106251;0.858749;-0.544194;1.000000;0.858749;-0.544194;1.000000;1.000000;0.000000;-0.858749;-0.544194;
1.106272;0.858566;-0.542842;1.000000;0.858566;-0.542842;1.000000;1.000000;0.000000;-0.858566;-0.542842;
1.106293;0.858382;-0.541492;1.000000;0.858382;-0.541492;1.000000;1.000000;0.000000;-0.858382;-0.541492;
1.106313;0.858199;-0.540145;1.000000;0.858199;-0.540145;1.000000;1.000000;0.000000;-0.858199;-0.540145;
1.106334;0.858016;-0.538800;1.000000;0.858016;-0.538800;1.000000;1.000000;0.000000;-0.858016;-0.538800;
1.106354;0.857833;-0.537457;1.000000;0.857833;-0.537457;1.000000;1.000000;0.000000;-0.857833;-0.537457;
1.106375;0.857651;-0.536116;1.000000;0.857651;-0.536116;1.000000;1.000000;0.000000;-0.857651;-0.536116;
1.106396;0.857468;-0.534777;1.000000;0.857468;-0.534777;1.000000;1.000000;0.000000;-0.857468;-0.534777;
1.106416;0.857286;-0.533440;1.000000;0.857286;-0.533440;1.000000;1.000000;0.000000;-0.857286;-0.533440;
1.106437;0.857104;-0.532105;1.000000;0.857104;-0.532105;1.000000;1.000000;0.000000;-0.857104;-0.532105;
1.106457;0.856922;-0.530772;1.000000;0.856922;-0.530772;1.000000;1.000000;0.000000;-0.856922;-0.530772;
1.106478;0.856740;-0.529442;1.000000;0.856740;-0.529442;1.000000;1.000000;0.000000;-0.856740;-0.529442;
1.106499;0.856558;-0.528113;1.000000;0.856558;-0.528113;1.000000;1.000000;0.000000;-0.856558;-0.528113;
1.106519;0.856377;-0.526787;1.000000;0.856377;-0.526787;1.000000;1.000000;0.000000;-0.856377;-0.526787;
1.106540;0.856196;-0.525462;1.000000;0.856196;-0.525462;1.000000;1.000000;0.000000;-0.856196;-0.525462;
1.106561;0.856014;-0.524140;1.000000;0.856014;-0.524140;1.000000;1.000000;0.000000;-0.856014;-0.524140;
1.106581;0.855833;-0.522820;1.000000;0.855833;-0.522820;1.000000;1.000000;0.000000;-0.855833;-0.522820;
1.106602;0.855653;-0.521502;1.000000;0.855653;-0.521502;1.000000;1.000000;0.000000;-0.855653;-0.521502;
1.106622;0.855472;-0.520185;1.000000;0.855472;-0.520185;1.000000;1.000000;0.000000;-0.855472;-0.520185;
1.106643;0.855292;-0.518871;1.000000;0.855292;-0.518871;1.000000;1.000000;0.000000;-0.855292;-0.518871;
1.106664;0.855111;-0.517559;1.000000;0.855111;-0.517559;1.000000;1.000000;0.000000;-0.855111;-0.517559;
1.106684;0.854931;-0.516249;1.000000;0.854931;-0.516249;1.000000;1.000000;0.000000;-0.854931;-0.516249;
1.106705;0.854751;-0.514941;1.000000;0.854751;-0.514941;1.000000;1.000000;0.000000;-0.854751;-0.514941;
1.106725;0.854571;-0.513635;1.000000;0.854571;-0.513635;1.000000;1.000000;0.000000;-0.854571;-0.513635;
1.106746;0.854392;-0.512331;1.000000;0.854392;-0.512331;1.000000;1.000000;0.000000;-0.854392;-0.512331;
1.106767;0.854212;-0.511029;1.000000;0.854212;-0.511029;1.000000;1.000000;0.000000;-0.854212;-0.511029;
1.106787;0.854033;-0.509729;1.000000;0.854033;-0.509729;1.000000;1.000000;0.000000;-0.854033;-0.509729;
1.106808;0.853854;-0.508431;1.000000;0.853854;-0.508431;1.000000;1.000000;0.000000;-0.853854;-0.508431;
1.106829;0.853675;-0.507135;1.000000;0.853675;-0.507135;1.000000;1.000000;0.000000;-0.853675;-0.507135;
1.106849;0.853496;-0.505841;1.000000;0.853496;-0.505841;1.000000;1.000000;0.000000;-0.853496;-0.505841;
1.106870;0.853317;-0.504549;1.000000;0.853317;-0.504549;1.000000;1.000000;0.000000;-0.853317;-0.504549;
1.106890;0.853139;-0.503259;1.000000;0.853139;-0.503259;1.000000;1.000000;0.000000;-0.853139;-0.503259;
1.106911;0.852960;-0.501971;1.000000;0.852960;-0.501971;1.000000;1.000000;0.000000;-0.852960;-0.501971;
1.106932;0.852782;-0.500685;1.000000;0.852782;-0.500685;1.000000;1.000000;0.000000;-0.852782;-0.500685;
1.106952;0.852604;-0.499401;1.000000;0.852604;-0.499401;1.000000;1.000000;0.000000;-0.852604;-0.499401;
1.106973;0.852426;-0.498118;1.000000;0.852426;-0.498118;1.000000;1.000000;0.000000;-0.852426;-0.498118;
1.106993;0.852248;-0.496838;1.000000;0.852248;-0.496838;1.000000;1.000000;0.000000;-0.852248;-0.496838;
1.107014;0.852070;-0.495560;1.000000;0.852070;-0.495560;1.000000;1.000000;0.000000;-0.852070;-0.495560;
1.107035;0.851893;-0.494283;1.000000;0.851893;-0.494283;1.000000;1.000000;0.000000;-0.851893;-0.494283;
1.107055;0.851715;-0.493009;1.000000;0.851715;-0.493009;1.000000;1.000000;0.000000;-0.851715;-0.493009;
1.107076;0.851538;-0.491736;1.000000;0.851538;-0.491736;1.000000;1.000000;0.000000;-0.851538;-0.491736;
1.107097;0.851361;-0.490466;1.000000;0.851361;-0.490466;1.000000;1.000000;0.000000;-0.851361;-0.490466;
1.107117;0.851184;-0.489197;1.000000;0.851184;-0.489197;1.000000;1.000000;0.000000;-0.851184;-0.489197;
1.107138;0.851007;-0.487930;1.000000;0.851007;-0.487930;1.000000;1.000000;0.000000;-0.851007;-0.487930;
1.107158;0.850831;-0.486665;1.000000;0.850831;-0.486665;1.000000;1.000000;0.000000;-0.850831;-0.486665;
1.107179;0.850654;-0.485402;1.000000;0.850654;-0.485402;1.000000;1.000000;0.000000;-0.850654;-0.485402;
1.107200;0.850478;-0.484141;1.000000;0.850478;-0.484141;1.000000;1.000000;0.000000;-0.850478;-0.484141;
1.107220;0.850301;-0.482882;1.000000;0.850301;-0.482882;1.000000;1.000000;0.000000;-0.850301;-0.482882;
1.107241;0.850125;-0.481625;1.000000;0.850125;-0.481625;1.000000;1.000000;0.000000;-0.850125;-0.481625;
1.107261;0.849949;-0.480370;1.000000;0.849949;-0.480370;1.000000;1.000000;0.000000;-0.849949;-0.480370;
1.107282;0.849773;-0.479116;1.000000;0.849773;-0.479116;1.000000;1.000000;0.000000;-0.849773;-0.479116;
1.107303;0.849597;-0.477864;1.000000;0.849597;-0.477864;1.000000;1.000000;0.000000;-0.849597;-0.477864;
1.107323;0.849422;-0.476615;1.000000;0.849422;-0.476615;1.000000;1.000000;0.000000;-0.849422;-0.476615;
1.107344;0.849246;-0.475367;1.000000;0.849246;-0.475367;1.000000;1.000000;0.000000;-0.849246;-0.475367;
1.107365;0.849071;-0.474121;1.000000;0.849071;-0.474121;1.000000;1.000000;0.000000;-0.849071;-0.474121;
1.107385;0.848896;-0.472877;1.000000;0.848896;-0.472877;1.000000;1.000000;0.000000;-0.848896;-0.472877;
1.107406;0.848721;-0.471634;1.000000;0.848721;-0.471634;1.000000;1.000000;0.000000;-0.848721;-0.471634;
1.107426;0.848546;-0.470394;1.000000;0.848546;-0.470394;1.000000;1.000000;0.000000;-0.848546;-0.470394;
1.107447;0.848371;-0.469155;1.000000;0.848371;-0.469155;1.000000;1.000000;0.000000;-0.848371;-0.469155;
1.107468;0.848196;-0.467918;1.000000;0.848196;-0.467918;1.000000;1.000000;0.000000;-0.848196;-0.467918;
1.107488;0.848021;-0.466683;1.000000;0.848021;-0.466683;1.000000;1.000000;0.000000;-0.848021;-0.466683;
1.107509;0.847847;-0.465450;1.000000;0.847847;-0.465450;1.000000;1.000000;0.000000;-0.847847;-0.465450;
1.107529;0.847672;-0.464219;1.000000;0.847672;-0.464219;1.000000;1.000000;0.000000;-0.847672;-0.464219;
1.107550;0.847498;-0.462989;1.000000;0.847498;-0.462989;1.000000;1.000000;0.000000;-0.847498;-0.462989;
1.107571;0.847324;-0.461762;1.000000;0.847324;-0.461762;1.000000;1.000000;0.000000;-0.847324;-0.461762;
1.107591;0.847150;-0.460536;1.000000;0.847150;-0.460536;1.000000;1.000000;0.000000;-0.847150;-0.460536;
1.107612;0.846976;-0.459312;1.000000;0.846976;-0.459312;1.000000;1.000000;0.000000;-0.846976;-0.459312;
1.107633;0.846802;-0.458089;1.000000;0.846802;-0.458089;1.000000;1.000000;0.000000;-0.846802;-0.458089;
1.107653;0.846628;-0.456869;1.000000;0.846628;-0.456869;1.000000;1.000000;0.000000;-0.846628;-0.456869;
1.107674;0.846455;-0.455650;1.000000;0.846455;-0.455650;1.000000;1.000000;0.000000;-0.846455;-0.455650;
1.107694;0.846281;-0.454433;1.000000;0.846281;-0.454433;1.000000;1.000000;0.000000;-0.846281;-0.454433;
1.107715;0.846108;-0.453218;1.000000;0.846108;-0.453218;1.000000;1.000000;0.000000;-0.846108;-0.453218;
1.107736;0.845935;-0.452005;1.000000;0.845935;-0.452005;1.000000;1.000000;0.000000;-0.845935;-0.452005;
1.107756;0.845761;-0.450793;1.000000;0.845761;-0.450793;1.000000;1.000000;0.000000;-0.845761;-0.450793;
1.107777;0.845588;-0.449583;1.000000;0.845588;-0.449583;1.000000;1.000000;0.000000;-0.845588;-0.449583;
1.107797;0.845415;-0.448375;1.000000;0.845415;-0.448375;1.000000;1.000000;0.000000;-0.845415;-0.448375;
1.107818;0.845243;-0.447169;1.000000;0.845243;-0.447169;1.000000;1.000000;0.000000;-0.845243;-0.447169;
1.107839;0.845070;-0.445964;1.000000;0.845070;-0.445964;1.000000;1.000000;0.000000;-0.845070;-0.445964;
1.107859;0.844897;-0.444761;1.000000;0.844897;-0.444761;1.000000;1.000000;0.000000;-0.844897;-0.444761;
1.107880;0.844725;-0.443560;1.000000;0.844725;-0.443560;1.000000;1.000000;0.000000;-0.844725;-0.443560;
1.107901;0.844552;-0.442361;1.000000;0.844552;-0.442361;1.000000;1.000000;0.000000;-0.844552;-0.442361;
1.107921;0.844380;-0.441163;1.000000;0.844380;-0.441163;1.000000;1.000000;0.000000;-0.844380;-0.441163;
1.107942;0.844208;-0.439967;1.000000;0.844208;-0.439967;1.000000;1.000000;0.000000;-0.844208;-0.439967;
1.107962;0.844035;-0.438773;1.000000;0.844035;-0.438773;1.000000;1.000000;0.000000;-0.844035;-0.438773;
1.107983;0.843863;-0.437581;1.000000;0.843863;-0.437581;1.000000;1.000000;0.000000;-0.843863;-0.437581;
1.108004;0.843691;-0.436390;1.000000;0.843691;-0.436390;1.000000;1.000000;0.000000;-0.843691;-0.436390;
1.108024;0.843520;-0.435201;1.000000;0.843520;-0.435201;1.000000;1.000000;0.000000;-0.843520;-0.435201;
1.108045;0.843348;-0.434014;1.000000;0.843348;-0.434014;1.000000;1.000000;0.000000;-0.843348;-0.434014;
1.108065;0.843176;-0.432828;1.000000;0.843176;-0.432828;1.000000;1.000000;0.000000;-0.843176;-0.432828;
1.108086;0.843005;-0.431644;1.000000;0.843005;-0.431644;1.000000;1.000000;0.000000;-0.843005;-0.431644;
1.108107;0.842833;-0.430462;1.000000;0.842833;-0.430462;1.000000;1.000000;0.000000;-0.842833;-0.430462;
1.108127;0.842662;-0.429281;1.000000;0.842662;-0.429281;1.000000;1.000000;0.000000;-0.842662;-0.429281;
1.108148;0.842490;-0.428102;1.000000;0.842490;-0.428102;1.000000;1.000000;0.000000;-0.842490;-0.428102;
1.108169;0.842319;-0.426925;1.000000;0.842319;-0.426925;1.000000;1.000000;0.000000;-0.842319;-0.426925;
1.108189;0.842148;-0.425750;1.000000;0.842148;-0.425750;1.000000;1.000000;0.000000;-0.842148;-0.425750;
1.108210;0.841977;-0.424576;1.000000;0.841977;-0.424576;1.000000;1.000000;0.000000;-0.841977;-0.424576;
1.108230;0.841806;-0.423404;1.000000;0.841806;-0.423404;1.000000;1.000000;0.000000;-0.841806;-0.423404;
1.108251;0.841635;-0.422233;1.000000;0.841635;-0.422233;1.000000;1.000000;0.000000;-0.841635;-0.422233;
1.108272;0.841464;-0.421064;1.000000;0.841464;-0.421064;1.000000;1.000000;0.000000;-0.841464;-0.421064;
1.108292;0.841294;-0.419897;1.000000;0.841294;-0.419897;1.000000;1.000000;0.000000;-0.841294;-0.419897;
1.108313;0.841123;-0.418732;1.000000;0.841123;-0.418732;1.000000;1.000000;0.000000;-0.841123;-0.418732;
1.108333;0.840952;-0.417568;1.000000;0.840952;-0.417568;1.000000;1.000000;0.000000;-0.840952;-0.417568;
1.108354;0.840782;-0.416406;1.000000;0.840782;-0.416406;1.000000;1.000000;0.000000;-0.840782;-0.416406;
1.108375;0.840612;-0.415245;1.000000;0.840612;-0.415245;1.000000;1.000000;0.000000;-0.840612;-0.415245;
1.108382;0.840549;-0.414816;1.000000;0.840549;-0.414816;1.000000;1.000000;0.000000;-0.840549;-0.414816;
1.108382;0.840547;-0.414808;1.000000;0.840547;-0.414808;1.000000;1.000000;0.000000;-0.840547;-0.414808;
1.108383;0.840545;-0.414792;1.000000;0.840545;-0.414792;1.000000;1.000000;0.000000;-0.840545;-0.414792;
1.108383;0.840540;-0.414761;1.000000;0.840540;-0.414761;1.000000;1.000000;0.000000;-0.840540;-0.414761;
1.108384;0.840531;-0.414697;1.000000;0.840531;-0.414697;1.000000;1.000000;0.000000;-0.840531;-0.414697;
1.108387;0.840512;-0.414569;1.000000;0.840512;-0.414569;1.000000;1.000000;0.000000;-0.840512;-0.414569;
1.108391;0.840475;-0.414314;1.000000;0.840475;-0.414314;1.000000;1.000000;0.000000;-0.840475;-0.414314;
1.108400;0.840400;-0.413803;1.000000;0.840400;-0.413803;1.000000;1.000000;0.000000;-0.840400;-0.413803;
1.108419;0.840250;-0.412784;1.000000;0.840250;-0.412784;1.000000;1.000000;0.000000;-0.840250;-0.412784;
1.108437;0.840100;-0.411766;1.000000;0.840100;-0.411766;1.000000;1.000000;0.000000;-0.840100;-0.411766;
1.108473;0.839800;-0.409734;1.000000;0.839800;-0.409734;1.000000;1.000000;0.000000;-0.839800;-0.409734;
1.108505;0.839539;-0.407965;1.000000;0.839539;-0.407965;1.000000;1.000000;0.000000;-0.839539;-0.407965;
1.108536;0.839278;-0.406200;1.000000;0.839278;-0.406200;1.000000;1.000000;0.000000;-0.839278;-0.406200;
1.108568;0.839017;-0.404438;1.000000;0.839017;-0.404438;1.000000;1.000000;0.000000;-0.839017;-0.404438;
1.108600;0.838756;-0.402680;1.000000;0.838756;-0.402680;1.000000;1.000000;0.000000;-0.838756;-0.402680;
1.108632;0.838495;-0.400926;1.000000;0.838495;-0.400926;1.000000;1.000000;0.000000;-0.838495;-0.400926;
1.108663;0.838235;-0.399176;1.000000;0.838235;-0.399176;1.000000;1.000000;0.000000;-0.838235;-0.399176;
1.108695;0.837975;-0.397429;1.000000;0.837975;-0.397429;1.000000;1.000000;0.000000;-0.837975;-0.397429;
1.108727;0.837715;-0.395686;1.000000;0.837715;-0.395686;1.000000;1.000000;0.000000;-0.837715;-0.395686;
1.108758;0.837455;-0.393947;1.000000;0.837455;-0.393947;1.000000;1.000000;0.000000;-0.837455;-0.393947;
1.108790;0.837195;-0.392212;1.000000;0.837195;-0.392212;1.000000;1.000000;0.000000;-0.837195;-0.392212;
1.108822;0.836935;-0.390480;1.000000;0.836935;-0.390480;1.000000;1.000000;0.000000;-0.836935;-0.390480;
1.108853;0.836676;-0.388751;1.000000;0.836676;-0.388751;1.000000;1.000000;0.000000;-0.836676;-0.388751;
1.108885;0.836416;-0.387027;1.000000;0.836416;-0.387027;1.000000;1.000000;0.000000;-0.836416;-0.387027;
1.108917;0.836157;-0.385306;1.000000;0.836157;-0.385306;1.000000;1.000000;0.000000;-0.836157;-0.385306;
1.108949;0.835898;-0.383589;1.000000;0.835898;-0.383589;1.000000;1.000000;0.000000;-0.835898;-0.383589;
1.108980;0.835639;-0.381875;1.000000;0.835639;-0.381875;1.000000;1.000000;0.000000;-0.835639;-0.381875;
1.109012;0.835380;-0.380165;1.000000;0.835380;-0.380165;1.000000;1.000000;0.000000;-0.835380;-0.380165;
1.109044;0.835121;-0.378458;1.000000;0.835121;-0.378458;1.000000;1.000000;0.000000;-0.835121;-0.378458;
1.109075;0.834863;-0.376755;1.000000;0.834863;-0.376755;1.000000;1.000000;0.000000;-0.834863;-0.376755;
1.109107;0.834604;-0.375056;1.000000;0.834604;-0.375056;1.000000;1.000000;0.000000;-0.834604;-0.375056;
1.109139;0.834346;-0.373360;1.000000;0.834346;-0.373360;1.000000;1.000000;0.000000;-0.834346;-0.373360;
1.109171;0.834088;-0.371667;1.000000;0.834088;-0.371667;1.000000;1.000000;0.000000;-0.834088;-0.371667;
1.109202;0.833830;-0.369978;1.000000;0.833830;-0.369978;1.000000;1.000000;0.000000;-0.833830;-0.369978;
1.109234;0.833572;-0.368293;1.000000;0.833572;-0.368293;1.000000;1.000000;0.000000;-0.833572;-0.368293;
1.109266;0.833314;-0.366611;1.000000;0.833314;-0.366611;1.000000;1.000000;0.000000;-0.833314;-0.366611;
1.109297;0.833056;-0.364933;1.000000;0.833056;-0.364933;1.000000;1.000000;0.000000;-0.833056;-0.364933;
1.109329;0.832798;-0.363258;1.000000;0.832798;-0.363258;1.000000;1.000000;0.000000;-0.832798;-0.363258;
1.109361;0.832541;-0.361586;1.000000;0.832541;-0.361586;1.000000;1.000000;0.000000;-0.832541;-0.361586;
1.109392;0.832283;-0.359918;1.000000;0.832283;-0.359918;1.000000;1.000000;0.000000;-0.832283;-0.359918;
1.109424;0.832026;-0.358253;1.000000;0.832026;-0.358253;1.000000;1.000000;0.000000;-0.832026;-0.358253;
1.109456;0.831769;-0.356592;1.000000;0.831769;-0.356592;1.000000;1.000000;0.000000;-0.831769;-0.356592;
1.109488;0.831512;-0.354934;1.000000;0.831512;-0.354934;1.000000;1.000000;0.000000;-0.831512;-0.354934;
1.109519;0.831255;-0.353279;1.000000;0.831255;-0.353279;1.000000;1.000000;0.000000;-0.831255;-0.353279;
1.109551;0.830998;-0.351628;1.000000;0.830998;-0.351628;1.000000;1.000000;0.000000;-0.830998;-0.351628;
1.109583;0.830741;-0.349980;1.000000;0.830741;-0.349980;1.000000;1.000000;0.000000;-0.830741;-0.349980;
1.109614;0.830484;-0.348336;1.000000;0.830484;-0.348336;1.000000;1.000000;0.000000;-0.830484;-0.348336;
1.109646;0.830228;-0.346695;1.000000;0.830228;-0.346695;1.000000;1.000000;0.000000;-0.830228;-0.346695;
1.109678;0.829971;-0.345057;1.000000;0.829971;-0.345057;1.000000;1.000000;0.000000;-0.829971;-0.345057;
1.109710;0.829715;-0.343423;1.000000;0.829715;-0.343423;1.000000;1.000000;0.000000;-0.829715;-0.343423;
1.109741;0.829458;-0.341792;1.000000;0.829458;-0.341792;1.000000;1.000000;0.000000;-0.829458;-0.341792;
1.109773;0.829202;-0.340164;1.000000;0.829202;-0.340164;1.000000;1.000000;0.000000;-0.829202;-0.340164;
1.109805;0.828946;-0.338539;1.000000;0.828946;-0.338539;1.000000;1.000000;0.000000;-0.828946;-0.338539;
1.109836;0.828690;-0.336918;1.000000;0.828690;-0.336918;1.000000;1.000000;0.000000;-0.828690;-0.336918;
1.109868;0.828434;-0.335300;1.000000;0.828434;-0.335300;1.000000;1.000000;0.000000;-0.828434;-0.335300;
1.109900;0.828178;-0.333685;1.000000;0.828178;-0.333685;1.000000;1.000000;0.000000;-0.828178;-0.333685;
1.109931;0.827922;-0.332073;1.000000;0.827922;-0.332073;1.000000;1.000000;0.000000;-0.827922;-0.332073;
1.109963;0.827666;-0.330465;1.000000;0.827666;-0.330465;1.000000;1.000000;0.000000;-0.827666;-0.330465;
1.109995;0.827410;-0.328860;1.000000;0.827410;-0.328860;1.000000;1.000000;0.000000;-0.827410;-0.328860;
1.110027;0.827155;-0.327258;1.000000;0.827155;-0.327258;1.000000;1.000000;0.000000;-0.827155;-0.327258;
1.110058;0.826899;-0.325659;1.000000;0.826899;-0.325659;1.000000;1.000000;0.000000;-0.826899;-0.325659;
1.110090;0.826644;-0.324063;1.000000;0.826644;-0.324063;1.000000;1.000000;0.000000;-0.826644;-0.324063;
1.110122;0.826388;-0.322471;1.000000;0.826388;-0.322471;1.000000;1.000000;0.000000;-0.826388;-0.322471;
1.110153;0.826133;-0.320881;1.000000;0.826133;-0.320881;1.000000;1.000000;0.000000;-0.826133;-0.320881;
1.110185;0.825877;-0.319295;1.000000;0.825877;-0.319295;1.000000;1.000000;0.000000;-0.825877;-0.319295;
1.110217;0.825622;-0.317712;1.000000;0.825622;-0.317712;1.000000;1.000000;0.000000;-0.825622;-0.317712;
1.110249;0.825367;-0.316132;1.000000;0.825367;-0.316132;1.000000;1.000000;0.000000;-0.825367;-0.316132;
1.110280;0.825112;-0.314556;1.000000;0.825112;-0.314556;1.000000;1.000000;0.000000;-0.825112;-0.314556;
1.110285;0.825073;-0.314316;1.000000;0.825073;-0.314316;1.000000;1.000000;0.000000;-0.825073;-0.314316;
1.110285;0.825071;-0.314307;1.000000;0.825071;-0.314307;1.000000;1.000000;0.000000;-0.825071;-0.314307;
1.110286;0.825068;-0.314290;1.000000;0.825068;-0.314290;1.000000;1.000000;0.000000;-0.825068;-0.314290;
1.110286;0.825063;-0.314255;1.000000;0.825063;-0.314255;1.000000;1.000000;0.000000;-0.825063;-0.314255;
1.110288;0.825052;-0.314186;1.000000;0.825052;-0.314186;1.000000;1.000000;0.000000;-0.825052;-0.314186;
1.110290;0.825029;-0.314048;1.000000;0.825029;-0.314048;1.000000;1.000000;0.000000;-0.825029;-0.314048;
1.110296;0.824984;-0.313771;1.000000;0.824984;-0.313771;1.000000;1.000000;0.000000;-0.824984;-0.313771;
1.110307;0.824895;-0.313218;1.000000;0.824895;-0.313218;1.000000;1.000000;0.000000;-0.824895;-0.313218;
1.110318;0.824805;-0.312666;1.000000;0.824805;-0.312666;1.000000;1.000000;0.000000;-0.824805;-0.312666;
1.110341;0.824626;-0.311563;1.000000;0.824626;-0.311563;1.000000;1.000000;0.000000;-0.824626;-0.311563;
1.110361;0.824465;-0.310572;1.000000;0.824465;-0.310572;1.000000;1.000000;0.000000;-0.824465;-0.310572;
1.110381;0.824304;-0.309583;1.000000;0.824304;-0.309583;1.000000;1.000000;0.000000;-0.824304;-0.309583;
1.110401;0.824143;-0.308594;1.000000;0.824143;-0.308594;1.000000;1.000000;0.000000;-0.824143;-0.308594;
1.110416;0.824021;-0.307844;1.000000;0.824021;-0.307844;1.000000;1.000000;0.000000;-0.824021;-0.307844;
1.110416;0.824021;-0.307842;1.000000;0.824021;-0.307842;1.000000;1.000000;0.000000;-0.824021;-0.307842;
1.110416;0.824020;-0.307838;1.000000;0.824020;-0.307838;1.000000;1.000000;0.000000;-0.824020;-0.307838;
1.110416;0.824019;-0.307831;1.000000;0.824019;-0.307831;1.000000;1.000000;0.000000;-0.824019;-0.307831;
1.110416;0.824016;-0.307816;1.000000;0.824016;-0.307816;1.000000;1.000000;0.000000;-0.824016;-0.307816;
1.110417;0.824011;-0.307785;1.000000;0.824011;-0.307785;1.000000;1.000000;0.000000;-0.824011;-0.307785;
1.110418;0.824001;-0.307724;1.000000;0.824001;-0.307724;1.000000;1.000000;0.000000;-0.824001;-0.307724;
1.110419;0.823991;-0.307663;1.000000;0.823991;-0.307663;1.000000;1.000000;0.000000;-0.823991;-0.307663;
1.110421;0.823982;-0.307602;1.000000;0.823982;-0.307602;1.000000;1.000000;0.000000;-0.823982;-0.307602;
1.110422;0.823972;-0.307541;1.000000;0.823972;-0.307541;1.000000;1.000000;0.000000;-0.823972;-0.307541;
1.110423;0.823962;-0.307481;1.000000;0.823962;-0.307481;1.000000;1.000000;0.000000;-0.823962;-0.307481;
1.110424;0.823952;-0.307420;1.000000;0.823952;-0.307420;1.000000;1.000000;0.000000;-0.823952;-0.307420;
1.110426;0.823942;-0.307359;1.000000;0.823942;-0.307359;1.000000;1.000000;0.000000;-0.823942;-0.307359;
1.110428;0.823922;-0.307237;1.000000;0.823922;-0.307237;1.000000;1.000000;0.000000;-0.823922;-0.307237;
1.110430;0.823904;-0.307129;1.000000;0.823904;-0.307129;1.000000;1.000000;0.000000;-0.823904;-0.307129;
1.110432;0.823887;-0.307021;1.000000;0.823887;-0.307021;1.000000;1.000000;0.000000;-0.823887;-0.307021;
1.110435;0.823869;-0.306913;1.000000;0.823869;-0.306913;1.000000;1.000000;0.000000;-0.823869;-0.306913;
1.110437;0.823851;-0.306805;1.000000;0.823851;-0.306805;1.000000;1.000000;0.000000;-0.823851;-0.306805;
1.110439;0.823834;-0.306697;1.000000;0.823834;-0.306697;1.000000;1.000000;0.000000;-0.823834;-0.306697;
1.110441;0.823816;-0.306589;1.000000;0.823816;-0.306589;1.000000;1.000000;0.000000;-0.823816;-0.306589;
1.110443;0.823799;-0.306481;1.000000;0.823799;-0.306481;1.000000;1.000000;0.000000;-0.823799;-0.306481;
1.110446;0.823781;-0.306373;1.000000;0.823781;-0.306373;1.000000;1.000000;0.000000;-0.823781;-0.306373;
1.110448;0.823763;-0.306265;1.000000;0.823763;-0.306265;1.000000;1.000000;0.000000;-0.823763;-0.306265;
1.110450;0.823746;-0.306157;1.000000;0.823746;-0.306157;1.000000;1.000000;0.000000;-0.823746;-0.306157;
1.110452;0.823728;-0.306050;1.000000;0.823728;-0.306050;1.000000;1.000000;0.000000;-0.823728;-0.306050;
1.110454;0.823711;-0.305942;1.000000;0.823711;-0.305942;1.000000;1.000000;0.000000;-0.823711;-0.305942;
1.110457;0.823693;-0.305834;1.000000;0.823693;-0.305834;1.000000;1.000000;0.000000;-0.823693;-0.305834;
1.110459;0.823675;-0.305726;1.000000;0.823675;-0.305726;1.000000;1.000000;0.000000;-0.823675;-0.305726;
1.110461;0.823658;-0.305618;1.000000;0.823658;-0.305618;1.000000;1.000000;0.000000;-0.823658;-0.305618;
1.110463;0.823640;-0.305510;1.000000;0.823640;-0.305510;1.000000;1.000000;0.000000;-0.823640;-0.305510;
1.110465;0.823622;-0.305403;1.000000;0.823622;-0.305403;1.000000;1.000000;0.000000;-0.823622;-0.305403;
1.110468;0.823605;-0.305295;1.000000;0.823605;-0.305295;1.000000;1.000000;0.000000;-0.823605;-0.305295;
1.110470;0.823587;-0.305187;1.000000;0.823587;-0.305187;1.000000;1.000000;0.000000;-0.823587;-0.305187;
1.110472;0.823570;-0.305079;1.000000;0.823570;-0.305079;1.000000;1.000000;0.000000;-0.823570;-0.305079;
1.110474;0.823552;-0.304971;1.000000;0.823552;-0.304971;1.000000;1.000000;0.000000;-0.823552;-0.304971;
1.110476;0.823534;-0.304864;1.000000;0.823534;-0.304864;1.000000;1.000000;0.000000;-0.823534;-0.304864;
1.110479;0.823517;-0.304756;1.000000;0.823517;-0.304756;1.000000;1.000000;0.000000;-0.823517;-0.304756;
1.110481;0.823499;-0.304648;1.000000;0.823499;-0.304648;1.000000;1.000000;0.000000;-0.823499;-0.304648;
1.110483;0.823482;-0.304541;1.000000;0.823482;-0.304541;1.000000;1.000000;0.000000;-0.823482;-0.304541;
1.110485;0.823464;-0.304433;1.000000;0.823464;-0.304433;1.000000;1.000000;0.000000;-0.823464;-0.304433;
1.110487;0.823446;-0.304325;1.000000;0.823446;-0.304325;1.000000;1.000000;0.000000;-0.823446;-0.304325;
1.110489;0.823429;-0.304218;1.000000;0.823429;-0.304218;1.000000;1.000000;0.000000;-0.823429;-0.304218;
1.110492;0.823411;-0.304110;1.000000;0.823411;-0.304110;1.000000;1.000000;0.000000;-0.823411;-0.304110;
1.110494;0.823393;-0.304002;1.000000;0.823393;-0.304002;1.000000;1.000000;0.000000;-0.823393;-0.304002;
1.110496;0.823376;-0.303895;1.000000;0.823376;-0.303895;1.000000;1.000000;0.000000;-0.823376;-0.303895;
1.110498;0.823358;-0.303787;1.000000;0.823358;-0.303787;1.000000;1.000000;0.000000;-0.823358;-0.303787;
1.110500;0.823341;-0.303680;1.000000;0.823341;-0.303680;1.000000;1.000000;0.000000;-0.823341;-0.303680;
1.110503;0.823323;-0.303572;1.000000;0.823323;-0.303572;1.000000;1.000000;0.000000;-0.823323;-0.303572;
1.110505;0.823305;-0.303464;1.000000;0.823305;-0.303464;1.000000;1.000000;0.000000;-0.823305;-0.303464;
1.110507;0.823288;-0.303357;1.000000;0.823288;-0.303357;1.000000;1.000000;0.000000;-0.823288;-0.303357;
1.110509;0.823270;-0.303249;1.000000;0.823270;-0.303249;1.000000;1.000000;0.000000;-0.823270;-0.303249;
1.110514;0.823235;-0.303034;1.000000;0.823235;-0.303034;1.000000;1.000000;0.000000;-0.823235;-0.303034;
1.110517;0.823204;-0.302843;1.000000;0.823204;-0.302843;1.000000;1.000000;0.000000;-0.823204;-0.302843;
1.110521;0.823172;-0.302652;1.000000;0.823172;-0.302652;1.000000;1.000000;0.000000;-0.823172;-0.302652;
1.110525;0.823141;-0.302461;1.000000;0.823141;-0.302461;1.000000;1.000000;0.000000;-0.823141;-0.302461;
1.110529;0.823110;-0.302269;1.000000;0.823110;-0.302269;1.000000;1.000000;0.000000;-0.823110;-0.302269;
1.110533;0.823078;-0.302078;1.000000;0.823078;-0.302078;1.000000;1.000000;0.000000;-0.823078;-0.302078;
1.110537;0.823047;-0.301887;1.000000;0.823047;-0.301887;1.000000;1.000000;0.000000;-0.823047;-0.301887;
1.110541;0.823016;-0.301696;1.000000;0.823016;-0.301696;1.000000;1.000000;0.000000;-0.823016;-0.301696;
1.110545;0.822984;-0.301505;1.000000;0.822984;-0.301505;1.000000;1.000000;0.000000;-0.822984;-0.301505;
1.110549;0.822953;-0.301314;1.000000;0.822953;-0.301314;1.000000;1.000000;0.000000;-0.822953;-0.301314;
1.110553;0.822921;-0.301123;1.000000;0.822921;-0.301123;1.000000;1.000000;0.000000;-0.822921;-0.301123;
1.110556;0.822890;-0.300932;1.000000;0.822890;-0.300932;1.000000;1.000000;0.000000;-0.822890;-0.300932;
1.110560;0.822859;-0.300742;1.000000;0.822859;-0.300742;1.000000;1.000000;0.000000;-0.822859;-0.300742;
1.110564;0.822827;-0.300551;1.000000;0.822827;-0.300551;1.000000;1.000000;0.000000;-0.822827;-0.300551;
1.110568;0.822796;-0.300360;1.000000;0.822796;-0.300360;1.000000;1.000000;0.000000;-0.822796;-0.300360;
1.110572;0.822765;-0.300169;1.000000;0.822765;-0.300169;1.000000;1.000000;0.000000;-0.822765;-0.300169;
1.110576;0.822733;-0.299979;1.000000;0.822733;-0.299979;1.000000;1.000000;0.000000;-0.822733;-0.299979;
1.110580;0.822702;-0.299788;1.000000;0.822702;-0.299788;1.000000;1.000000;0.000000;-0.822702;-0.299788;
1.110584;0.822671;-0.299598;1.000000;0.822671;-0.299598;1.000000;1.000000;0.000000;-0.822671;-0.299598;
1.110588;0.822639;-0.299407;1.000000;0.822639;-0.299407;1.000000;1.000000;0.000000;-0.822639;-0.299407;
1.110592;0.822608;-0.299217;1.000000;0.822608;-0.299217;1.000000;1.000000;0.000000;-0.822608;-0.299217;
1.110596;0.822577;-0.299026;1.000000;0.822577;-0.299026;1.000000;1.000000;0.000000;-0.822577;-0.299026;
1.110599;0.822545;-0.298836;1.000000;0.822545;-0.298836;1.000000;1.000000;0.000000;-0.822545;-0.298836;
1.110603;0.822514;-0.298646;1.000000;0.822514;-0.298646;1.000000;1.000000;0.000000;-0.822514;-0.298646;
1.110607;0.822483;-0.298456;1.000000;0.822483;-0.298456;1.000000;1.000000;0.000000;-0.822483;-0.298456;
1.110611;0.822451;-0.298265;1.000000;0.822451;-0.298265;1.000000;1.000000;0.000000;-0.822451;-0.298265;
1.110615;0.822420;-0.298075;1.000000;0.822420;-0.298075;1.000000;1.000000;0.000000;-0.822420;-0.298075;
1.110619;0.822389;-0.297885;1.000000;0.822389;-0.297885;1.000000;1.000000;0.000000;-0.822389;-0.297885;
1.110623;0.822357;-0.297695;1.000000;0.822357;-0.297695;1.000000;1.000000;0.000000;-0.822357;-0.297695;
1.110627;0.822326;-0.297505;1.000000;0.822326;-0.297505;1.000000;1.000000;0.000000;-0.822326;-0.297505;
1.110631;0.822295;-0.297315;1.000000;0.822295;-0.297315;1.000000;1.000000;0.000000;-0.822295;-0.297315;
1.110635;0.822263;-0.297125;1.000000;0.822263;-0.297125;1.000000;1.000000;0.000000;-0.822263;-0.297125;
1.110638;0.822232;-0.296936;1.000000;0.822232;-0.296936;1.000000;1.000000;0.000000;-0.822232;-0.296936;
1.110642;0.822201;-0.296746;1.000000;0.822201;-0.296746;1.000000;1.000000;0.000000;-0.822201;-0.296746;
1.110646;0.822169;-0.296556;1.000000;0.822169;-0.296556;1.000000;1.000000;0.000000;-0.822169;-0.296556;
1.110650;0.822138;-0.296366;1.000000;0.822138;-0.296366;1.000000;1.000000;0.000000;-0.822138;-0.296366;
1.110654;0.822107;-0.296177;1.000000;0.822107;-0.296177;1.000000;1.000000;0.000000;-0.822107;-0.296177;
1.110658;0.822075;-0.295987;1.000000;0.822075;-0.295987;1.000000;1.000000;0.000000;-0.822075;-0.295987;
1.110662;0.822044;-0.295798;1.000000;0.822044;-0.295798;1.000000;1.000000;0.000000;-0.822044;-0.295798;
1.110666;0.822013;-0.295608;1.000000;0.822013;-0.295608;1.000000;1.000000;0.000000;-0.822013;-0.295608;
1.110670;0.821981;-0.295419;1.000000;0.821981;-0.295419;1.000000;1.000000;0.000000;-0.821981;-0.295419;
1.110674;0.821950;-0.295229;1.000000;0.821950;-0.295229;1.000000;1.000000;0.000000;-0.821950;-0.295229;
1.110677;0.821919;-0.295040;1.000000;0.821919;-0.295040;1.000000;1.000000;0.000000;-0.821919;-0.295040;
1.110681;0.821888;-0.294851;1.000000;0.821888;-0.294851;1.000000;1.000000;0.000000;-0.821888;-0.294851;
1.110685;0.821856;-0.294661;1.000000;0.821856;-0.294661;1.000000;1.000000;0.000000;-0.821856;-0.294661;
1.110689;0.821825;-0.294472;1.000000;0.821825;-0.294472;1.000000;1.000000;0.000000;-0.821825;-0.294472;
1.110693;0.821794;-0.294283;1.000000;0.821794;-0.294283;1.000000;1.000000;0.000000;-0.821794;-0.294283;
1.110697;0.821762;-0.294094;1.000000;0.821762;-0.294094;1.000000;1.000000;0.000000;-0.821762;-0.294094;
1.110701;0.821731;-0.293905;1.000000;0.821731;-0.293905;1.000000;1.000000;0.000000;-0.821731;-0.293905;
1.110705;0.821700;-0.293716;1.000000;0.821700;-0.293716;1.000000;1.000000;0.000000;-0.821700;-0.293716;
1.110709;0.821668;-0.293527;1.000000;0.821668;-0.293527;1.000000;1.000000;0.000000;-0.821668;-0.293527;
1.110713;0.821637;-0.293338;1.000000;0.821637;-0.293338;1.000000;1.000000;0.000000;-0.821637;-0.293338;
1.110720;0.821574;-0.292961;1.000000;0.821574;-0.292961;1.000000;1.000000;0.000000;-0.821574;-0.292961;
1.110727;0.821518;-0.292624;1.000000;0.821518;-0.292624;1.000000;1.000000;0.000000;-0.821518;-0.292624;
1.110734;0.821462;-0.292286;1.000000;0.821462;-0.292286;1.000000;1.000000;0.000000;-0.821462;-0.292286;
1.110741;0.821406;-0.291949;1.000000;0.821406;-0.291949;1.000000;1.000000;0.000000;-0.821406;-0.291949;
1.110748;0.821350;-0.291613;1.000000;0.821350;-0.291613;1.000000;1.000000;0.000000;-0.821350;-0.291613;
1.110755;0.821294;-0.291276;1.000000;0.821294;-0.291276;1.000000;1.000000;0.000000;-0.821294;-0.291276;
1.110762;0.821239;-0.290940;1.000000;0.821239;-0.290940;1.000000;1.000000;0.000000;-0.821239;-0.290940;
1.110769;0.821183;-0.290603;1.000000;0.821183;-0.290603;1.000000;1.000000;0.000000;-0.821183;-0.290603;
1.110776;0.821127;-0.290267;1.000000;0.821127;-0.290267;1.000000;1.000000;0.000000;-0.821127;-0.290267;
1.110783;0.821071;-0.289931;1.000000;0.821071;-0.289931;1.000000;1.000000;0.000000;-0.821071;-0.289931;
1.110790;0.821015;-0.289596;1.000000;0.821015;-0.289596;1.000000;1.000000;0.000000;-0.821015;-0.289596;
1.110797;0.820959;-0.289260;1.000000;0.820959;-0.289260;1.000000;1.000000;0.000000;-0.820959;-0.289260;
1.110804;0.820903;-0.288924;1.000000;0.820903;-0.288924;1.000000;1.000000;0.000000;-0.820903;-0.288924;
1.110811;0.820847;-0.288589;1.000000;0.820847;-0.288589;1.000000;1.000000;0.000000;-0.820847;-0.288589;
1.110818;0.820791;-0.288254;1.000000;0.820791;-0.288254;1.000000;1.000000;0.000000;-0.820791;-0.288254;
1.110825;0.820735;-0.287919;1.000000;0.820735;-0.287919;1.000000;1.000000;0.000000;-0.820735;-0.287919;
1.110832;0.820679;-0.287584;1.000000;0.820679;-0.287584;1.000000;1.000000;0.000000;-0.820679;-0.287584;
1.110839;0.820623;-0.287249;1.000000;0.820623;-0.287249;1.000000;1.000000;0.000000;-0.820623;-0.287249;
1.110846;0.820567;-0.286915;1.000000;0.820567;-0.286915;1.000000;1.000000;0.000000;-0.820567;-0.286915;
1.110853;0.820511;-0.286580;1.000000;0.820511;-0.286580;1.000000;1.000000;0.000000;-0.820511;-0.286580;
1.110860;0.820455;-0.286246;1.000000;0.820455;-0.286246;1.000000;1.000000;0.000000;-0.820455;-0.286246;
1.110867;0.820399;-0.285912;1.000000;0.820399;-0.285912;1.000000;1.000000;0.000000;-0.820399;-0.285912;
1.110874;0.820343;-0.285578;1.000000;0.820343;-0.285578;1.000000;1.000000;0.000000;-0.820343;-0.285578;
1.110881;0.820287;-0.285245;1.000000;0.820287;-0.285245;1.000000;1.000000;0.000000;-0.820287;-0.285245;
1.110888;0.820231;-0.284911;1.000000;0.820231;-0.284911;1.000000;1.000000;0.000000;-0.820231;-0.284911;
1.110895;0.820176;-0.284577;1.000000;0.820176;-0.284577;1.000000;1.000000;0.000000;-0.820176;-0.284577;
1.110909;0.820064;-0.283911;1.000000;0.820064;-0.283911;1.000000;1.000000;0.000000;-0.820064;-0.283911;
1.110921;0.819963;-0.283312;1.000000;0.819963;-0.283312;1.000000;1.000000;0.000000;-0.819963;-0.283312;
1.110934;0.819862;-0.282713;1.000000;0.819862;-0.282713;1.000000;1.000000;0.000000;-0.819862;-0.282713;
1.110946;0.819762;-0.282115;1.000000;0.819762;-0.282115;1.000000;1.000000;0.000000;-0.819762;-0.282115;
1.110959;0.819661;-0.281518;1.000000;0.819661;-0.281518;1.000000;1.000000;0.000000;-0.819661;-0.281518;
1.110971;0.819560;-0.280920;1.000000;0.819560;-0.280920;1.000000;1.000000;0.000000;-0.819560;-0.280920;
1.110984;0.819460;-0.280324;1.000000;0.819460;-0.280324;1.000000;1.000000;0.000000;-0.819460;-0.280324;
1.110996;0.819359;-0.279727;1.000000;0.819359;-0.279727;1.000000;1.000000;0.000000;-0.819359;-0.279727;
1.111009;0.819259;-0.279132;1.000000;0.819259;-0.279132;1.000000;1.000000;0.000000;-0.819259;-0.279132;
1.111022;0.819158;-0.278536;1.000000;0.819158;-0.278536;1.000000;1.000000;0.000000;-0.819158;-0.278536;
1.111034;0.819057;-0.277941;1.000000;0.819057;-0.277941;1.000000;1.000000;0.000000;-0.819057;-0.277941;
1.111047;0.818957;-0.277347;1.000000;0.818957;-0.277347;1.000000;1.000000;0.000000;-0.818957;-0.277347;
1.111059;0.818856;-0.276753;1.000000;0.818856;-0.276753;1.000000;1.000000;0.000000;-0.818856;-0.276753;
1.111072;0.818755;-0.276160;1.000000;0.818755;-0.276160;1.000000;1.000000;0.000000;-0.818755;-0.276160;
1.111084;0.818655;-0.275567;1.000000;0.818655;-0.275567;1.000000;1.000000;0.000000;-0.818655;-0.275567;
1.111097;0.818554;-0.274974;1.000000;0.818554;-0.274974;1.000000;1.000000;0.000000;-0.818554;-0.274974;
1.111109;0.818454;-0.274382;1.000000;0.818454;-0.274382;1.000000;1.000000;0.000000;-0.818454;-0.274382;
1.111122;0.818353;-0.273790;1.000000;0.818353;-0.273790;1.000000;1.000000;0.000000;-0.818353;-0.273790;
1.111135;0.818252;-0.273199;1.000000;0.818252;-0.273199;1.000000;1.000000;0.000000;-0.818252;-0.273199;
1.111147;0.818152;-0.272608;1.000000;0.818152;-0.272608;1.000000;1.000000;0.000000;-0.818152;-0.272608;
1.111160;0.818051;-0.272018;1.000000;0.818051;-0.272018;1.000000;1.000000;0.000000;-0.818051;-0.272018;
1.111172;0.817951;-0.271428;1.000000;0.817951;-0.271428;1.000000;1.000000;0.000000;-0.817951;-0.271428;
1.111185;0.817850;-0.270839;1.000000;0.817850;-0.270839;1.000000;1.000000;0.000000;-0.817850;-0.270839;
1.111197;0.817750;-0.270250;1.000000;0.817750;-0.270250;1.000000;1.000000;0.000000;-0.817750;-0.270250;
1.111210;0.817649;-0.269661;1.000000;0.817649;-0.269661;1.000000;1.000000;0.000000;-0.817649;-0.269661;
1.111235;0.817448;-0.268486;1.000000;0.817448;-0.268486;1.000000;1.000000;0.000000;-0.817448;-0.268486;
1.111257;0.817270;-0.267445;1.000000;0.817270;-0.267445;1.000000;1.000000;0.000000;-0.817270;-0.267445;
1.111279;0.817091;-0.266405;1.000000;0.817091;-0.266405;1.000000;1.000000;0.000000;-0.817091;-0.266405;
1.111302;0.816913;-0.265367;1.000000;0.816913;-0.265367;1.000000;1.000000;0.000000;-0.816913;-0.265367;
1.111324;0.816735;-0.264330;1.000000;0.816735;-0.264330;1.000000;1.000000;0.000000;-0.816735;-0.264330;
1.111346;0.816557;-0.263295;1.000000;0.816557;-0.263295;1.000000;1.000000;0.000000;-0.816557;-0.263295;
1.111368;0.816378;-0.262260;1.000000;0.816378;-0.262260;1.000000;1.000000;0.000000;-0.816378;-0.262260;
1.111391;0.816200;-0.261227;1.000000;0.816200;-0.261227;1.000000;1.000000;0.000000;-0.816200;-0.261227;
1.111413;0.816022;-0.260195;1.000000;0.816022;-0.260195;1.000000;1.000000;0.000000;-0.816022;-0.260195;
1.111435;0.815844;-0.259165;1.000000;0.815844;-0.259165;1.000000;1.000000;0.000000;-0.815844;-0.259165;
1.111457;0.815666;-0.258135;1.000000;0.815666;-0.258135;1.000000;1.000000;0.000000;-0.815666;-0.258135;
1.111480;0.815487;-0.257107;1.000000;0.815487;-0.257107;1.000000;1.000000;0.000000;-0.815487;-0.257107;
1.111502;0.815309;-0.256079;1.000000;0.815309;-0.256079;1.000000;1.000000;0.000000;-0.815309;-0.256079;
1.111524;0.815131;-0.255053;1.000000;0.815131;-0.255053;1.000000;1.000000;0.000000;-0.815131;-0.255053;
1.111546;0.814953;-0.254028;1.000000;0.814953;-0.254028;1.000000;1.000000;0.000000;-0.814953;-0.254028;
1.111569;0.814775;-0.253004;1.000000;0.814775;-0.253004;1.000000;1.000000;0.000000;-0.814775;-0.253004;
1.111591;0.814597;-0.251982;1.000000;0.814597;-0.251982;1.000000;1.000000;0.000000;-0.814597;-0.251982;
1.111613;0.814418;-0.250960;1.000000;0.814418;-0.250960;1.000000;1.000000;0.000000;-0.814418;-0.250960;
1.111635;0.814240;-0.249939;1.000000;0.814240;-0.249939;1.000000;1.000000;0.000000;-0.814240;-0.249939;
1.111658;0.814062;-0.248920;1.000000;0.814062;-0.248920;1.000000;1.000000;0.000000;-0.814062;-0.248920;
1.111680;0.813884;-0.247902;1.000000;0.813884;-0.247902;1.000000;1.000000;0.000000;-0.813884;-0.247902;
1.111702;0.813706;-0.246884;1.000000;0.813706;-0.246884;1.000000;1.000000;0.000000;-0.813706;-0.246884;
1.111724;0.813528;-0.245868;1.000000;0.813528;-0.245868;1.000000;1.000000;0.000000;-0.813528;-0.245868;
1.111747;0.813350;-0.244853;1.000000;0.813350;-0.244853;1.000000;1.000000;0.000000;-0.813350;-0.244853;
1.111769;0.813172;-0.243838;1.000000;0.813172;-0.243838;1.000000;1.000000;0.000000;-0.813172;-0.243838;
1.111791;0.812993;-0.242825;1.000000;0.812993;-0.242825;1.000000;1.000000;0.000000;-0.812993;-0.242825;
1.111813;0.812815;-0.241813;1.000000;0.812815;-0.241813;1.000000;1.000000;0.000000;-0.812815;-0.241813;
1.111836;0.812637;-0.240802;1.000000;0.812637;-0.240802;1.000000;1.000000;0.000000;-0.812637;-0.240802;
1.111858;0.812459;-0.239792;1.000000;0.812459;-0.239792;1.000000;1.000000;0.000000;-0.812459;-0.239792;
1.111880;0.812281;-0.238783;1.000000;0.812281;-0.238783;1.000000;1.000000;0.000000;-0.812281;-0.238783;
1.111902;0.812103;-0.237774;1.000000;0.812103;-0.237774;1.000000;1.000000;0.000000;-0.812103;-0.237774;
1.111925;0.811925;-0.236767;1.000000;0.811925;-0.236767;1.000000;1.000000;0.000000;-0.811925;-0.236767;
1.111947;0.811747;-0.235761;1.000000;0.811747;-0.235761;1.000000;1.000000;0.000000;-0.811747;-0.235761;
1.111969;0.811569;-0.234756;1.000000;0.811569;-0.234756;1.000000;1.000000;0.000000;-0.811569;-0.234756;
1.111991;0.811391;-0.233751;1.000000;0.811391;-0.233751;1.000000;1.000000;0.000000;-0.811391;-0.233751;
1.112014;0.811212;-0.232748;1.000000;0.811212;-0.232748;1.000000;1.000000;0.000000;-0.811212;-0.232748;
1.112036;0.811034;-0.231745;1.000000;0.811034;-0.231745;1.000000;1.000000;0.000000;-0.811034;-0.231745;
1.112058;0.810856;-0.230744;1.000000;0.810856;-0.230744;1.000000;1.000000;0.000000;-0.810856;-0.230744;
1.112080;0.810678;-0.229743;1.000000;0.810678;-0.229743;1.000000;1.000000;0.000000;-0.810678;-0.229743;
1.112103;0.810500;-0.228744;1.000000;0.810500;-0.228744;1.000000;1.000000;0.000000;-0.810500;-0.228744;
1.112125;0.810322;-0.227745;1.000000;0.810322;-0.227745;1.000000;1.000000;0.000000;-0.810322;-0.227745;
1.112147;0.810144;-0.226747;1.000000;0.810144;-0.226747;1.000000;1.000000;0.000000;-0.810144;-0.226747;
1.112169;0.809966;-0.225750;1.000000;0.809966;-0.225750;1.000000;1.000000;0.000000;-0.809966;-0.225750;
1.112192;0.809788;-0.224754;1.000000;0.809788;-0.224754;1.000000;1.000000;0.000000;-0.809788;-0.224754;
1.112214;0.809610;-0.223759;1.000000;0.809610;-0.223759;1.000000;1.000000;0.000000;-0.809610;-0.223759;
1.112236;0.809432;-0.222764;1.000000;0.809432;-0.222764;1.000000;1.000000;0.000000;-0.809432;-0.222764;
1.112258;0.809254;-0.221771;1.000000;0.809254;-0.221771;1.000000;1.000000;0.000000;-0.809254;-0.221771;
1.112281;0.809075;-0.220778;1.000000;0.809075;-0.220778;1.000000;1.000000;0.000000;-0.809075;-0.220778;
1.112303;0.808897;-0.219787;1.000000;0.808897;-0.219787;1.000000;1.000000;0.000000;-0.808897;-0.219787;
1.112325;0.808719;-0.218796;1.000000;0.808719;-0.218796;1.000000;1.000000;0.000000;-0.808719;-0.218796;
1.112347;0.808541;-0.217806;1.000000;0.808541;-0.217806;1.000000;1.000000;0.000000;-0.808541;-0.217806;
1.112370;0.808363;-0.216817;1.000000;0.808363;-0.216817;1.000000;1.000000;0.000000;-0.808363;-0.216817;
1.112392;0.808185;-0.215828;1.000000;0.808185;-0.215828;1.000000;1.000000;0.000000;-0.808185;-0.215828;
1.112414;0.808007;-0.214841;1.000000;0.808007;-0.214841;1.000000;1.000000;0.000000;-0.808007;-0.214841;
1.112436;0.807829;-0.213854;1.000000;0.807829;-0.213854;1.000000;1.000000;0.000000;-0.807829;-0.213854;
1.112459;0.807651;-0.212869;1.000000;0.807651;-0.212869;1.000000;1.000000;0.000000;-0.807651;-0.212869;
1.112481;0.807473;-0.211884;1.000000;0.807473;-0.211884;1.000000;1.000000;0.000000;-0.807473;-0.211884;
1.112525;0.807116;-0.209917;1.000000;0.807116;-0.209917;1.000000;1.000000;0.000000;-0.807116;-0.209917;
1.112565;0.806802;-0.208184;1.000000;0.806802;-0.208184;1.000000;1.000000;0.000000;-0.806802;-0.208184;
1.112604;0.806488;-0.206454;1.000000;0.806488;-0.206454;1.000000;1.000000;0.000000;-0.806488;-0.206454;
1.112643;0.806174;-0.204726;1.000000;0.806174;-0.204726;1.000000;1.000000;0.000000;-0.806174;-0.204726;
1.112683;0.805859;-0.203001;1.000000;0.805859;-0.203001;1.000000;1.000000;0.000000;-0.805859;-0.203001;
1.112722;0.805545;-0.201278;1.000000;0.805545;-0.201278;1.000000;1.000000;0.000000;-0.805545;-0.201278;
1.112761;0.805231;-0.199558;1.000000;0.805231;-0.199558;1.000000;1.000000;0.000000;-0.805231;-0.199558;
1.112800;0.804916;-0.197840;1.000000;0.804916;-0.197840;1.000000;1.000000;0.000000;-0.804916;-0.197840;
1.112840;0.804602;-0.196124;1.000000;0.804602;-0.196124;1.000000;1.000000;0.000000;-0.804602;-0.196124;
1.112879;0.804287;-0.194411;1.000000;0.804287;-0.194411;1.000000;1.000000;0.000000;-0.804287;-0.194411;
1.112918;0.803973;-0.192700;1.000000;0.803973;-0.192700;1.000000;1.000000;0.000000;-0.803973;-0.192700;
1.112957;0.803659;-0.190992;1.000000;0.803659;-0.190992;1.000000;1.000000;0.000000;-0.803659;-0.190992;
1.112997;0.803344;-0.189286;1.000000;0.803344;-0.189286;1.000000;1.000000;0.000000;-0.803344;-0.189286;
1.113036;0.803030;-0.187582;1.000000;0.803030;-0.187582;1.000000;1.000000;0.000000;-0.803030;-0.187582;
1.113075;0.802715;-0.185880;1.000000;0.802715;-0.185880;1.000000;1.000000;0.000000;-0.802715;-0.185880;
1.113114;0.802401;-0.184181;1.000000;0.802401;-0.184181;1.000000;1.000000;0.000000;-0.802401;-0.184181;
1.113154;0.802086;-0.182484;1.000000;0.802086;-0.182484;1.000000;1.000000;0.000000;-0.802086;-0.182484;
1.113193;0.801772;-0.180790;1.000000;0.801772;-0.180790;1.000000;1.000000;0.000000;-0.801772;-0.180790;
1.113232;0.801457;-0.179097;1.000000;0.801457;-0.179097;1.000000;1.000000;0.000000;-0.801457;-0.179097;
1.113272;0.801143;-0.177407;1.000000;0.801143;-0.177407;1.000000;1.000000;0.000000;-0.801143;-0.177407;
1.113311;0.800828;-0.175719;1.000000;0.800828;-0.175719;1.000000;1.000000;0.000000;-0.800828;-0.175719;
1.113350;0.800514;-0.174033;1.000000;0.800514;-0.174033;1.000000;1.000000;0.000000;-0.800514;-0.174033;
1.113389;0.800199;-0.172350;1.000000;0.800199;-0.172350;1.000000;1.000000;0.000000;-0.800199;-0.172350;
1.113429;0.799884;-0.170669;1.000000;0.799884;-0.170669;1.000000;1.000000;0.000000;-0.799884;-0.170669;
1.113468;0.799570;-0.168989;1.000000;0.799570;-0.168989;1.000000;1.000000;0.000000;-0.799570;-0.168989;
1.113507;0.799255;-0.167313;1.000000;0.799255;-0.167313;1.000000;1.000000;0.000000;-0.799255;-0.167313;
1.113546;0.798940;-0.165638;1.000000;0.798940;-0.165638;1.000000;1.000000;0.000000;-0.798940;-0.165638;
1.113586;0.798626;-0.163965;1.000000;0.798626;-0.163965;1.000000;1.000000;0.000000;-0.798626;-0.163965;
1.113625;0.798311;-0.162295;1.000000;0.798311;-0.162295;1.000000;1.000000;0.000000;-0.798311;-0.162295;
1.113664;0.797996;-0.160627;1.000000;0.797996;-0.160627;1.000000;1.000000;0.000000;-0.797996;-0.160627;
1.113703;0.797681;-0.158961;1.000000;0.797681;-0.158961;1.000000;1.000000;0.000000;-0.797681;-0.158961;
1.113743;0.797367;-0.157297;1.000000;0.797367;-0.157297;1.000000;1.000000;0.000000;-0.797367;-0.157297;
1.113782;0.797052;-0.155635;1.000000;0.797052;-0.155635;1.000000;1.000000;0.000000;-0.797052;-0.155635;
1.113821;0.796737;-0.153976;1.000000;0.796737;-0.153976;1.000000;1.000000;0.000000;-0.796737;-0.153976;
1.113860;0.796422;-0.152318;1.000000;0.796422;-0.152318;1.000000;1.000000;0.000000;-0.796422;-0.152318;
1.113900;0.796107;-0.150663;1.000000;0.796107;-0.150663;1.000000;1.000000;0.000000;-0.796107;-0.150663;
1.113939;0.795792;-0.149010;1.000000;0.795792;-0.149010;1.000000;1.000000;0.000000;-0.795792;-0.149010;
1.113978;0.795477;-0.147359;1.000000;0.795477;-0.147359;1.000000;1.000000;0.000000;-0.795477;-0.147359;
1.114018;0.795162;-0.145710;1.000000;0.795162;-0.145710;1.000000;1.000000;0.000000;-0.795162;-0.145710;
1.114057;0.794847;-0.144063;1.000000;0.794847;-0.144063;1.000000;1.000000;0.000000;-0.794847;-0.144063;
1.114096;0.794532;-0.142418;1.000000;0.794532;-0.142418;1.000000;1.000000;0.000000;-0.794532;-0.142418;
1.114135;0.794217;-0.140776;1.000000;0.794217;-0.140776;1.000000;1.000000;0.000000;-0.794217;-0.140776;
1.114175;0.793902;-0.139135;1.000000;0.793902;-0.139135;1.000000;1.000000;0.000000;-0.793902;-0.139135;
1.114214;0.793587;-0.137497;1.000000;0.793587;-0.137497;1.000000;1.000000;0.000000;-0.793587;-0.137497;
1.114253;0.793272;-0.135861;1.000000;0.793272;-0.135861;1.000000;1.000000;0.000000;-0.793272;-0.135861;
1.114292;0.792957;-0.134227;1.000000;0.792957;-0.134227;1.000000;1.000000;0.000000;-0.792957;-0.134227;
1.114332;0.792642;-0.132594;1.000000;0.792642;-0.132594;1.000000;1.000000;0.000000;-0.792642;-0.132594;
1.114371;0.792326;-0.130964;1.000000;0.792326;-0.130964;1.000000;1.000000;0.000000;-0.792326;-0.130964;
1.114410;0.792011;-0.129337;1.000000;0.792011;-0.129337;1.000000;1.000000;0.000000;-0.792011;-0.129337;
1.114449;0.791696;-0.127711;1.000000;0.791696;-0.127711;1.000000;1.000000;0.000000;-0.791696;-0.127711;
1.114489;0.791381;-0.126087;1.000000;0.791381;-0.126087;1.000000;1.000000;0.000000;-0.791381;-0.126087;
1.114528;0.791065;-0.124465;1.000000;0.791065;-0.124465;1.000000;1.000000;0.000000;-0.791065;-0.124465;
1.114567;0.790750;-0.122846;1.000000;0.790750;-0.122846;1.000000;1.000000;0.000000;-0.790750;-0.122846;
1.114606;0.790435;-0.121228;1.000000;0.790435;-0.121228;1.000000;1.000000;0.000000;-0.790435;-0.121228;
1.114646;0.790119;-0.119613;1.000000;0.790119;-0.119613;1.000000;1.000000;0.000000;-0.790119;-0.119613;
1.114724;0.789489;-0.116390;1.000000;0.789489;-0.116390;1.000000;1.000000;0.000000;-0.789489;-0.116390;
1.114793;0.788936;-0.113575;1.000000;0.788936;-0.113575;1.000000;1.000000;0.000000;-0.788936;-0.113575;
1.114862;0.788383;-0.110765;1.000000;0.788383;-0.110765;1.000000;1.000000;0.000000;-0.788383;-0.110765;
1.114931;0.787831;-0.107962;1.000000;0.787831;-0.107962;1.000000;1.000000;0.000000;-0.787831;-0.107962;
1.114999;0.787278;-0.105165;1.000000;0.787278;-0.105165;1.000000;1.000000;0.000000;-0.787278;-0.105165;
1.115068;0.786725;-0.102375;1.000000;0.786725;-0.102375;1.000000;1.000000;0.000000;-0.786725;-0.102375;
1.115137;0.786172;-0.099591;1.000000;0.786172;-0.099591;1.000000;1.000000;0.000000;-0.786172;-0.099591;
1.115206;0.785619;-0.096813;1.000000;0.785619;-0.096813;1.000000;1.000000;0.000000;-0.785619;-0.096813;
1.115274;0.785066;-0.094042;1.000000;0.785066;-0.094042;1.000000;1.000000;0.000000;-0.785066;-0.094042;
1.115343;0.784513;-0.091277;1.000000;0.784513;-0.091277;1.000000;1.000000;0.000000;-0.784513;-0.091277;
1.115412;0.783960;-0.088518;1.000000;0.783960;-0.088518;1.000000;1.000000;0.000000;-0.783960;-0.088518;
1.115481;0.783407;-0.085766;1.000000;0.783407;-0.085766;1.000000;1.000000;0.000000;-0.783407;-0.085766;
1.115550;0.782854;-0.083020;1.000000;0.782854;-0.083020;1.000000;1.000000;0.000000;-0.782854;-0.083020;
1.115618;0.782301;-0.080280;1.000000;0.782301;-0.080280;1.000000;1.000000;0.000000;-0.782301;-0.080280;
1.115687;0.781747;-0.077547;1.000000;0.781747;-0.077547;1.000000;1.000000;0.000000;-0.781747;-0.077547;
1.115756;0.781194;-0.074819;1.000000;0.781194;-0.074819;1.000000;1.000000;0.000000;-0.781194;-0.074819;
1.115825;0.780641;-0.072099;1.000000;0.780641;-0.072099;1.000000;1.000000;0.000000;-0.780641;-0.072099;
1.115893;0.780087;-0.069384;1.000000;0.780087;-0.069384;1.000000;1.000000;0.000000;-0.780087;-0.069384;
1.115962;0.779534;-0.066676;1.000000;0.779534;-0.066676;1.000000;1.000000;0.000000;-0.779534;-0.066676;
1.116031;0.778980;-0.063975;1.000000;0.778980;-0.063975;1.000000;1.000000;0.000000;-0.778980;-0.063975;
1.116100;0.778426;-0.061279;1.000000;0.778426;-0.061279;1.000000;1.000000;0.000000;-0.778426;-0.061279;
1.116168;0.777873;-0.058590;1.000000;0.777873;-0.058590;1.000000;1.000000;0.000000;-0.777873;-0.058590;
1.116237;0.777319;-0.055908;1.000000;0.777319;-0.055908;1.000000;1.000000;0.000000;-0.777319;-0.055908;
1.116306;0.776765;-0.053231;1.000000;0.776765;-0.053231;1.000000;1.000000;0.000000;-0.776765;-0.053231;
1.116375;0.776212;-0.050561;1.000000;0.776212;-0.050561;1.000000;1.000000;0.000000;-0.776212;-0.050561;
1.116444;0.775658;-0.047898;1.000000;0.775658;-0.047898;1.000000;1.000000;0.000000;-0.775658;-0.047898;
1.116512;0.775104;-0.045240;1.000000;0.775104;-0.045240;1.000000;1.000000;0.000000;-0.775104;-0.045240;
1.116581;0.774550;-0.042590;1.000000;0.774550;-0.042590;1.000000;1.000000;0.000000;-0.774550;-0.042590;
1.116650;0.773997;-0.039945;1.000000;0.773997;-0.039945;1.000000;1.000000;0.000000;-0.773997;-0.039945;
1.116719;0.773443;-0.037307;1.000000;0.773443;-0.037307;1.000000;1.000000;0.000000;-0.773443;-0.037307;
1.116787;0.772889;-0.034675;1.000000;0.772889;-0.034675;1.000000;1.000000;0.000000;-0.772889;-0.034675;
1.116856;0.772335;-0.032050;1.000000;0.772335;-0.032050;1.000000;1.000000;0.000000;-0.772335;-0.032050;
1.116925;0.771781;-0.029431;1.000000;0.771781;-0.029431;1.000000;1.000000;0.000000;-0.771781;-0.029431;
1.116994;0.771227;-0.026819;1.000000;0.771227;-0.026819;1.000000;1.000000;0.000000;-0.771227;-0.026819;
1.117063;0.770673;-0.024213;1.000000;0.770673;-0.024213;1.000000;1.000000;0.000000;-0.770673;-0.024213;
1.117131;0.770120;-0.021613;1.000000;0.770120;-0.021613;1.000000;1.000000;0.000000;-0.770120;-0.021613;
1.117200;0.769566;-0.019020;1.000000;0.769566;-0.019020;1.000000;1.000000;0.000000;-0.769566;-0.019020;
1.117269;0.769012;-0.016433;1.000000;0.769012;-0.016433;1.000000;1.000000;0.000000;-0.769012;-0.016433;
1.117338;0.768458;-0.013852;1.000000;0.768458;-0.013852;1.000000;1.000000;0.000000;-0.768458;-0.013852;
1.117406;0.767904;-0.011278;1.000000;0.767904;-0.011278;1.000000;1.000000;0.000000;-0.767904;-0.011278;
1.117475;0.767350;-0.008711;1.000000;0.767350;-0.008711;1.000000;1.000000;0.000000;-0.767350;-0.008711;
1.117544;0.766797;-0.006150;1.000000;0.766797;-0.006150;1.000000;1.000000;0.000000;-0.766797;-0.006150;
1.117613;0.766243;-0.003595;1.000000;0.766243;-0.003595;1.000000;1.000000;0.000000;-0.766243;-0.003595;
1.117681;0.765689;-0.001047;1.000000;0.765689;-0.001047;1.000000;1.000000;0.000000;-0.765689;-0.001047;
1.117750;0.765135;0.001495;1.000000;0.765135;0.001495;1.000000;1.000000;0.000000;-0.765135;0.001495;
1.117819;0.764582;0.004031;1.000000;0.764582;0.004031;1.000000;1.000000;0.000000;-0.764582;0.004031;
1.117888;0.764028;0.006560;1.000000;0.764028;0.006560;1.000000;1.000000;0.000000;-0.764028;0.006560;
1.117957;0.763475;0.009082;1.000000;0.763475;0.009082;1.000000;1.000000;0.000000;-0.763475;0.009082;
1.118025;0.762921;0.011598;1.000000;0.762921;0.011598;1.000000;1.000000;0.000000;-0.762921;0.011598;
1.118094;0.762368;0.014108;1.000000;0.762368;0.014108;1.000000;1.000000;0.000000;-0.762368;0.014108;
1.118163;0.761814;0.016611;1.000000;0.761814;0.016611;1.000000;1.000000;0.000000;-0.761814;0.016611;
1.118232;0.761261;0.019107;1.000000;0.761261;0.019107;1.000000;1.000000;0.000000;-0.761261;0.019107;
1.118300;0.760708;0.021597;1.000000;0.760708;0.021597;1.000000;1.000000;0.000000;-0.760708;0.021597;
1.118369;0.760155;0.024081;1.000000;0.760155;0.024081;1.000000;1.000000;0.000000;-0.760155;0.024081;
1.118438;0.759601;0.026558;1.000000;0.759601;0.026558;1.000000;1.000000;0.000000;-0.759601;0.026558;
1.118507;0.759048;0.029029;1.000000;0.759048;0.029029;1.000000;1.000000;0.000000;-0.759048;0.029029;
1.118576;0.758495;0.031493;1.000000;0.758495;0.031493;1.000000;1.000000;0.000000;-0.758495;0.031493;
1.118644;0.757943;0.033950;1.000000;0.757943;0.033950;1.000000;1.000000;0.000000;-0.757943;0.033950;
1.118713;0.757390;0.036401;1.000000;0.757390;0.036401;1.000000;1.000000;0.000000;-0.757390;0.036401;
1.118782;0.756837;0.038846;1.000000;0.756837;0.038846;1.000000;1.000000;0.000000;-0.756837;0.038846;
1.118851;0.756284;0.041284;1.000000;0.756284;0.041284;1.000000;1.000000;0.000000;-0.756284;0.041284;
1.118919;0.755732;0.043715;1.000000;0.755732;0.043715;1.000000;1.000000;0.000000;-0.755732;0.043715;
1.118988;0.755179;0.046140;1.000000;0.755179;0.046140;1.000000;1.000000;0.000000;-0.755179;0.046140;
1.119057;0.754627;0.048559;1.000000;0.754627;0.048559;1.000000;1.000000;0.000000;-0.754627;0.048559;
1.119126;0.754075;0.050971;1.000000;0.754075;0.050971;1.000000;1.000000;0.000000;-0.754075;0.050971;
1.119194;0.753523;0.053376;1.000000;0.753523;0.053376;1.000000;1.000000;0.000000;-0.753523;0.053376;
1.119263;0.752971;0.055775;1.000000;0.752971;0.055775;1.000000;1.000000;0.000000;-0.752971;0.055775;
1.119332;0.752419;0.058167;1.000000;0.752419;0.058167;1.000000;1.000000;0.000000;-0.752419;0.058167;
1.119401;0.751868;0.060553;1.000000;0.751868;0.060553;1.000000;1.000000;0.000000;-0.751868;0.060553;
1.119470;0.751316;0.062932;1.000000;0.751316;0.062932;1.000000;1.000000;0.000000;-0.751316;0.062932;
1.119538;0.750765;0.065305;1.000000;0.750765;0.065305;1.000000;1.000000;0.000000;-0.750765;0.065305;
1.119607;0.750213;0.067671;1.000000;0.750213;0.067671;1.000000;1.000000;0.000000;-0.750213;0.067671;
1.119676;0.749662;0.070031;1.000000;0.749662;0.070031;1.000000;1.000000;0.000000;-0.749662;0.070031;
1.119745;0.749111;0.072384;1.000000;0.749111;0.072384;1.000000;1.000000;0.000000;-0.749111;0.072384;
1.119813;0.748560;0.074730;1.000000;0.748560;0.074730;1.000000;1.000000;0.000000;-0.748560;0.074730;
1.119882;0.748010;0.077070;1.000000;0.748010;0.077070;1.000000;1.000000;0.000000;-0.748010;0.077070;
1.119951;0.747459;0.079403;1.000000;0.747459;0.079403;1.000000;1.000000;0.000000;-0.747459;0.079403;
1.120020;0.746909;0.081730;1.000000;0.746909;0.081730;1.000000;1.000000;0.000000;-0.746909;0.081730;
1.120088;0.746359;0.084050;1.000000;0.746359;0.084050;1.000000;1.000000;0.000000;-0.746359;0.084050;
1.120157;0.745809;0.086363;1.000000;0.745809;0.086363;1.000000;1.000000;0.000000;-0.745809;0.086363;
1.120226;0.745259;0.088670;1.000000;0.745259;0.088670;1.000000;1.000000;0.000000;-0.745259;0.088670;
1.120295;0.744709;0.090971;1.000000;0.744709;0.090971;1.000000;1.000000;0.000000;-0.744709;0.090971;
1.120364;0.744160;0.093264;1.000000;0.744160;0.093264;1.000000;1.000000;0.000000;-0.744160;0.093264;
1.120432;0.743611;0.095551;1.000000;0.743611;0.095551;1.000000;1.000000;0.000000;-0.743611;0.095551;
1.120501;0.743062;0.097832;1.000000;0.743062;0.097832;1.000000;1.000000;0.000000;-0.743062;0.097832;
1.120570;0.742513;0.100106;1.000000;0.742513;0.100106;1.000000;1.000000;0.000000;-0.742513;0.100106;
1.120639;0.741964;0.102373;1.000000;0.741964;0.102373;1.000000;1.000000;0.000000;-0.741964;0.102373;
1.120707;0.741416;0.104634;1.000000;0.741416;0.104634;1.000000;1.000000;0.000000;-0.741416;0.104634;
1.120776;0.740868;0.106888;1.000000;0.740868;0.106888;1.000000;1.000000;0.000000;-0.740868;0.106888;
1.120845;0.740320;0.109135;1.000000;0.740320;0.109135;1.000000;1.000000;0.000000;-0.740320;0.109135;
1.120914;0.739772;0.111376;1.000000;0.739772;0.111376;1.000000;1.000000;0.000000;-0.739772;0.111376;
1.120983;0.739224;0.113610;1.000000;0.739224;0.113610;1.000000;1.000000;0.000000;-0.739224;0.113610;
1.121051;0.738677;0.115838;1.000000;0.738677;0.115838;1.000000;1.000000;0.000000;-0.738677;0.115838;
1.121120;0.738130;0.118059;1.000000;0.738130;0.118059;1.000000;1.000000;0.000000;-0.738130;0.118059;
1.121189;0.737583;0.120273;1.000000;0.737583;0.120273;1.000000;1.000000;0.000000;-0.737583;0.120273;
1.121258;0.737037;0.122481;1.000000;0.737037;0.122481;1.000000;1.000000;0.000000;-0.737037;0.122481;
1.121326;0.736490;0.124682;1.000000;0.736490;0.124682;1.000000;1.000000;0.000000;-0.736490;0.124682;
1.121395;0.735944;0.126877;1.000000;0.735944;0.126877;1.000000;1.000000;0.000000;-0.735944;0.126877;
1.121464;0.735399;0.129064;1.000000;0.735399;0.129064;1.000000;1.000000;0.000000;-0.735399;0.129064;
1.121533;0.734853;0.131246;1.000000;0.734853;0.131246;1.000000;1.000000;0.000000;-0.734853;0.131246;
1.121601;0.734308;0.133420;1.000000;0.734308;0.133420;1.000000;1.000000;0.000000;-0.734308;0.133420;
1.121670;0.733763;0.135588;1.000000;0.733763;0.135588;1.000000;1.000000;0.000000;-0.733763;0.135588;
1.121739;0.733218;0.137749;1.000000;0.733218;0.137749;1.000000;1.000000;0.000000;-0.733218;0.137749;
1.121808;0.732674;0.139904;1.000000;0.732674;0.139904;1.000000;1.000000;0.000000;-0.732674;0.139904;
1.121877;0.732130;0.142052;1.000000;0.732130;0.142052;1.000000;1.000000;0.000000;-0.732130;0.142052;
1.121945;0.731586;0.144193;1.000000;0.731586;0.144193;1.000000;1.000000;0.000000;-0.731586;0.144193;
1.122014;0.731042;0.146328;1.000000;0.731042;0.146328;1.000000;1.000000;0.000000;-0.731042;0.146328;
1.122083;0.730499;0.148456;1.000000;0.730499;0.148456;1.000000;1.000000;0.000000;-0.730499;0.148456;
1.122152;0.729956;0.150577;1.000000;0.729956;0.150577;1.000000;1.000000;0.000000;-0.729956;0.150577;
1.122220;0.729414;0.152692;1.000000;0.729414;0.152692;1.000000;1.000000;0.000000;-0.729414;0.152692;
1.122289;0.728871;0.154800;1.000000;0.728871;0.154800;1.000000;1.000000;0.000000;-0.728871;0.154800;
1.122358;0.728330;0.156901;1.000000;0.728330;0.156901;1.000000;1.000000;0.000000;-0.728330;0.156901;
1.122427;0.727788;0.158996;1.000000;0.727788;0.158996;1.000000;1.000000;0.000000;-0.727788;0.158996;
1.122496;0.727247;0.161084;1.000000;0.727247;0.161084;1.000000;1.000000;0.000000;-0.727247;0.161084;
1.122564;0.726706;0.163165;1.000000;0.726706;0.163165;1.000000;1.000000;0.000000;-0.726706;0.163165;
1.122633;0.726165;0.165240;1.000000;0.726165;0.165240;1.000000;1.000000;0.000000;-0.726165;0.165240;
1.122702;0.725625;0.167308;1.000000;0.725625;0.167308;1.000000;1.000000;0.000000;-0.725625;0.167308;
1.122771;0.725085;0.169370;1.000000;0.725085;0.169370;1.000000;1.000000;0.000000;-0.725085;0.169370;
1.122839;0.724545;0.171424;1.000000;0.724545;0.171424;1.000000;1.000000;0.000000;-0.724545;0.171424;
1.122908;0.724006;0.173472;1.000000;0.724006;0.173472;1.000000;1.000000;0.000000;-0.724006;0.173472;
1.122977;0.723467;0.175514;1.000000;0.723467;0.175514;1.000000;1.000000;0.000000;-0.723467;0.175514;
1.123046;0.722929;0.177549;1.000000;0.722929;0.177549;1.000000;1.000000;0.000000;-0.722929;0.177549;
1.123114;0.722390;0.179577;1.000000;0.722390;0.179577;1.000000;1.000000;0.000000;-0.722390;0.179577;
1.123183;0.721853;0.181598;1.000000;0.721853;0.181598;1.000000;1.000000;0.000000;-0.721853;0.181598;
1.123252;0.721315;0.183613;1.000000;0.721315;0.183613;1.000000;1.000000;0.000000;-0.721315;0.183613;
1.123321;0.720778;0.185621;1.000000;0.720778;0.185621;1.000000;1.000000;0.000000;-0.720778;0.185621;
1.123390;0.720242;0.187622;1.000000;0.720242;0.187622;1.000000;1.000000;0.000000;-0.720242;0.187622;
1.123458;0.719705;0.189617;1.000000;0.719705;0.189617;1.000000;1.000000;0.000000;-0.719705;0.189617;
1.123527;0.719169;0.191605;1.000000;0.719169;0.191605;1.000000;1.000000;0.000000;-0.719169;0.191605;
1.123596;0.718634;0.193587;1.000000;0.718634;0.193587;1.000000;1.000000;0.000000;-0.718634;0.193587;
1.123665;0.718099;0.195561;1.000000;0.718099;0.195561;1.000000;1.000000;0.000000;-0.718099;0.195561;
1.123733;0.717564;0.197530;1.000000;0.717564;0.197530;1.000000;1.000000;0.000000;-0.717564;0.197530;
1.123802;0.717030;0.199491;1.000000;0.717030;0.199491;1.000000;1.000000;0.000000;-0.717030;0.199491;
1.123871;0.716496;0.201446;1.000000;0.716496;0.201446;1.000000;1.000000;0.000000;-0.716496;0.201446;
1.123940;0.715963;0.203394;1.000000;0.715963;0.203394;1.000000;1.000000;0.000000;-0.715963;0.203394;
1.124008;0.715430;0.205335;1.000000;0.715430;0.205335;1.000000;1.000000;0.000000;-0.715430;0.205335;
1.124077;0.714898;0.207270;1.000000;0.714898;0.207270;1.000000;1.000000;0.000000;-0.714898;0.207270;
1.124146;0.714365;0.209198;1.000000;0.714365;0.209198;1.000000;1.000000;0.000000;-0.714365;0.209198;
1.124215;0.713834;0.211119;1.000000;0.713834;0.211119;1.000000;1.000000;0.000000;-0.713834;0.211119;
1.124284;0.713303;0.213034;1.000000;0.713303;0.213034;1.000000;1.000000;0.000000;-0.713303;0.213034;
1.124352;0.712772;0.214942;1.000000;0.712772;0.214942;1.000000;1.000000;0.000000;-0.712772;0.214942;
1.124421;0.712242;0.216844;1.000000;0.712242;0.216844;1.000000;1.000000;0.000000;-0.712242;0.216844;
1.124490;0.711712;0.218738;1.000000;0.711712;0.218738;1.000000;1.000000;0.000000;-0.711712;0.218738;
1.124559;0.711182;0.220626;1.000000;0.711182;0.220626;1.000000;1.000000;0.000000;-0.711182;0.220626;
1.124627;0.710653;0.222508;1.000000;0.710653;0.222508;1.000000;1.000000;0.000000;-0.710653;0.222508;
1.124696;0.710125;0.224383;1.000000;0.710125;0.224383;1.000000;1.000000;0.000000;-0.710125;0.224383;
1.124765;0.709597;0.226251;1.000000;0.709597;0.226251;1.000000;1.000000;0.000000;-0.709597;0.226251;
1.124834;0.709070;0.228112;1.000000;0.709070;0.228112;1.000000;1.000000;0.000000;-0.709070;0.228112;
1.124853;0.708919;0.228642;1.000000;0.708919;0.228642;1.000000;1.000000;0.000000;-0.708919;0.228642;
1.124854;0.708917;0.228648;1.000000;0.708917;0.228648;1.000000;1.000000;0.000000;-0.708917;0.228648;
1.124854;0.708913;0.228662;1.000000;0.708913;0.228662;1.000000;1.000000;0.000000;-0.708913;0.228662;
1.124855;0.708906;0.228689;1.000000;0.708906;0.228689;1.000000;1.000000;0.000000;-0.708906;0.228689;
1.124857;0.708891;0.228742;1.000000;0.708891;0.228742;1.000000;1.000000;0.000000;-0.708891;0.228742;
1.124861;0.708860;0.228849;1.000000;0.708860;0.228849;1.000000;1.000000;0.000000;-0.708860;0.228849;
1.124869;0.708799;0.229064;1.000000;0.708799;0.229064;1.000000;1.000000;0.000000;-0.708799;0.229064;
1.124885;0.708678;0.229492;1.000000;0.708678;0.229492;1.000000;1.000000;0.000000;-0.708678;0.229492;
1.124917;0.708435;0.230347;1.000000;0.708435;0.230347;1.000000;1.000000;0.000000;-0.708435;0.230347;
1.124980;0.707949;0.232052;1.000000;0.707949;0.232052;1.000000;1.000000;0.000000;-0.707949;0.232052;
1.125044;0.707463;0.233752;1.000000;0.707463;0.233752;1.000000;1.000000;0.000000;-0.707463;0.233752;
1.125107;0.706978;0.235445;1.000000;0.706978;0.235445;1.000000;1.000000;0.000000;-0.706978;0.235445;
1.125171;0.706493;0.237133;1.000000;0.706493;0.237133;1.000000;1.000000;0.000000;-0.706493;0.237133;
1.125234;0.706009;0.238815;1.000000;0.706009;0.238815;1.000000;1.000000;0.000000;-0.706009;0.238815;
1.125297;0.705525;0.240492;1.000000;0.705525;0.240492;1.000000;1.000000;0.000000;-0.705525;0.240492;
1.125361;0.705042;0.242163;1.000000;0.705042;0.242163;1.000000;1.000000;0.000000;-0.705042;0.242163;
1.125424;0.704559;0.243828;1.000000;0.704559;0.243828;1.000000;1.000000;0.000000;-0.704559;0.243828;
1.125488;0.704077;0.245488;1.000000;0.704077;0.245488;1.000000;1.000000;0.000000;-0.704077;0.245488;
1.125551;0.703595;0.247142;1.000000;0.703595;0.247142;1.000000;1.000000;0.000000;-0.703595;0.247142;
1.125615;0.703113;0.248790;1.000000;0.703113;0.248790;1.000000;1.000000;0.000000;-0.703113;0.248790;
1.125678;0.702632;0.250433;1.000000;0.702632;0.250433;1.000000;1.000000;0.000000;-0.702632;0.250433;
1.125742;0.702151;0.252069;1.000000;0.702151;0.252069;1.000000;1.000000;0.000000;-0.702151;0.252069;
1.125805;0.701671;0.253701;1.000000;0.701671;0.253701;1.000000;1.000000;0.000000;-0.701671;0.253701;
1.125869;0.701191;0.255326;1.000000;0.701191;0.255326;1.000000;1.000000;0.000000;-0.701191;0.255326;
1.125932;0.700712;0.256946;1.000000;0.700712;0.256946;1.000000;1.000000;0.000000;-0.700712;0.256946;
1.125996;0.700233;0.258561;1.000000;0.700233;0.258561;1.000000;1.000000;0.000000;-0.700233;0.258561;
1.126059;0.699755;0.260169;1.000000;0.699755;0.260169;1.000000;1.000000;0.000000;-0.699755;0.260169;
1.126123;0.699277;0.261772;1.000000;0.699277;0.261772;1.000000;1.000000;0.000000;-0.699277;0.261772;
1.126186;0.698800;0.263370;1.000000;0.698800;0.263370;1.000000;1.000000;0.000000;-0.698800;0.263370;
1.126250;0.698323;0.264961;1.000000;0.698323;0.264961;1.000000;1.000000;0.000000;-0.698323;0.264961;
1.126313;0.697846;0.266548;1.000000;0.697846;0.266548;1.000000;1.000000;0.000000;-0.697846;0.266548;
1.126377;0.697370;0.268128;1.000000;0.697370;0.268128;1.000000;1.000000;0.000000;-0.697370;0.268128;
1.126440;0.696895;0.269703;1.000000;0.696895;0.269703;1.000000;1.000000;0.000000;-0.696895;0.269703;
1.126503;0.696420;0.271272;1.000000;0.696420;0.271272;1.000000;1.000000;0.000000;-0.696420;0.271272;
1.126567;0.695945;0.272835;1.000000;0.695945;0.272835;1.000000;1.000000;0.000000;-0.695945;0.272835;
1.126630;0.695471;0.274393;1.000000;0.695471;0.274393;1.000000;1.000000;0.000000;-0.695471;0.274393;
1.126694;0.694998;0.275946;1.000000;0.694998;0.275946;1.000000;1.000000;0.000000;-0.694998;0.275946;
1.126757;0.694525;0.277492;1.000000;0.694525;0.277492;1.000000;1.000000;0.000000;-0.694525;0.277492;
1.126821;0.694052;0.279033;1.000000;0.694052;0.279033;1.000000;1.000000;0.000000;-0.694052;0.279033;
1.126884;0.693580;0.280568;1.000000;0.693580;0.280568;1.000000;1.000000;0.000000;-0.693580;0.280568;
1.126948;0.693109;0.282098;1.000000;0.693109;0.282098;1.000000;1.000000;0.000000;-0.693109;0.282098;
1.127011;0.692638;0.283622;1.000000;0.692638;0.283622;1.000000;1.000000;0.000000;-0.692638;0.283622;
1.127075;0.692167;0.285141;1.000000;0.692167;0.285141;1.000000;1.000000;0.000000;-0.692167;0.285141;
1.127138;0.691697;0.286654;1.000000;0.691697;0.286654;1.000000;1.000000;0.000000;-0.691697;0.286654;
1.127202;0.691228;0.288161;1.000000;0.691228;0.288161;1.000000;1.000000;0.000000;-0.691228;0.288161;
1.127265;0.690759;0.289662;1.000000;0.690759;0.289662;1.000000;1.000000;0.000000;-0.690759;0.289662;
1.127329;0.690291;0.291158;1.000000;0.690291;0.291158;1.000000;1.000000;0.000000;-0.690291;0.291158;
1.127392;0.689823;0.292649;1.000000;0.689823;0.292649;1.000000;1.000000;0.000000;-0.689823;0.292649;
1.127456;0.689356;0.294134;1.000000;0.689356;0.294134;1.000000;1.000000;0.000000;-0.689356;0.294134;
1.127519;0.688889;0.295613;1.000000;0.688889;0.295613;1.000000;1.000000;0.000000;-0.688889;0.295613;
1.127583;0.688423;0.297086;1.000000;0.688423;0.297086;1.000000;1.000000;0.000000;-0.688423;0.297086;
1.127646;0.687957;0.298554;1.000000;0.687957;0.298554;1.000000;1.000000;0.000000;-0.687957;0.298554;
1.127709;0.687492;0.300017;1.000000;0.687492;0.300017;1.000000;1.000000;0.000000;-0.687492;0.300017;
1.127773;0.687028;0.301473;1.000000;0.687028;0.301473;1.000000;1.000000;0.000000;-0.687028;0.301473;
1.127836;0.686564;0.302925;1.000000;0.686564;0.302925;1.000000;1.000000;0.000000;-0.686564;0.302925;
1.127900;0.686100;0.304370;1.000000;0.686100;0.304370;1.000000;1.000000;0.000000;-0.686100;0.304370;
1.127963;0.685637;0.305810;1.000000;0.685637;0.305810;1.000000;1.000000;0.000000;-0.685637;0.305810;
1.128027;0.685175;0.307245;1.000000;0.685175;0.307245;1.000000;1.000000;0.000000;-0.685175;0.307245;
1.128090;0.684713;0.308673;1.000000;0.684713;0.308673;1.000000;1.000000;0.000000;-0.684713;0.308673;
1.128154;0.684252;0.310097;1.000000;0.684252;0.310097;1.000000;1.000000;0.000000;-0.684252;0.310097;
1.128217;0.683791;0.311514;1.000000;0.683791;0.311514;1.000000;1.000000;0.000000;-0.683791;0.311514;
1.128281;0.683331;0.312926;1.000000;0.683331;0.312926;1.000000;1.000000;0.000000;-0.683331;0.312926;
1.128344;0.682872;0.314333;1.000000;0.682872;0.314333;1.000000;1.000000;0.000000;-0.682872;0.314333;
1.128408;0.682413;0.315734;1.000000;0.682413;0.315734;1.000000;1.000000;0.000000;-0.682413;0.315734;
1.128471;0.681955;0.317129;1.000000;0.681955;0.317129;1.000000;1.000000;0.000000;-0.681955;0.317129;
1.128535;0.681497;0.318519;1.000000;0.681497;0.318519;1.000000;1.000000;0.000000;-0.681497;0.318519;
1.128598;0.681040;0.319903;1.000000;0.681040;0.319903;1.000000;1.000000;0.000000;-0.681040;0.319903;
1.128662;0.680583;0.321282;1.000000;0.680583;0.321282;1.000000;1.000000;0.000000;-0.680583;0.321282;
1.128725;0.680127;0.322655;1.000000;0.680127;0.322655;1.000000;1.000000;0.000000;-0.680127;0.322655;
1.128788;0.679672;0.324023;1.000000;0.679672;0.324023;1.000000;1.000000;0.000000;-0.679672;0.324023;
1.128852;0.679217;0.325385;1.000000;0.679217;0.325385;1.000000;1.000000;0.000000;-0.679217;0.325385;
1.128915;0.678763;0.326741;1.000000;0.678763;0.326741;1.000000;1.000000;0.000000;-0.678763;0.326741;
1.128979;0.678310;0.328092;1.000000;0.678310;0.328092;1.000000;1.000000;0.000000;-0.678310;0.328092;
1.129042;0.677857;0.329438;1.000000;0.677857;0.329438;1.000000;1.000000;0.000000;-0.677857;0.329438;
1.129106;0.677404;0.330778;1.000000;0.677404;0.330778;1.000000;1.000000;0.000000;-0.677404;0.330778;
1.129169;0.676952;0.332112;1.000000;0.676952;0.332112;1.000000;1.000000;0.000000;-0.676952;0.332112;
1.129233;0.676501;0.333441;1.000000;0.676501;0.333441;1.000000;1.000000;0.000000;-0.676501;0.333441;
1.129296;0.676051;0.334764;1.000000;0.676051;0.334764;1.000000;1.000000;0.000000;-0.676051;0.334764;
1.129360;0.675601;0.336082;1.000000;0.675601;0.336082;1.000000;1.000000;0.000000;-0.675601;0.336082;
1.129423;0.675152;0.337394;1.000000;0.675152;0.337394;1.000000;1.000000;0.000000;-0.675152;0.337394;
1.129487;0.674703;0.338701;1.000000;0.674703;0.338701;1.000000;1.000000;0.000000;-0.674703;0.338701;
1.129550;0.674255;0.340002;1.000000;0.674255;0.340002;1.000000;1.000000;0.000000;-0.674255;0.340002;
1.129614;0.673808;0.341298;1.000000;0.673808;0.341298;1.000000;1.000000;0.000000;-0.673808;0.341298;
1.129677;0.673361;0.342588;1.000000;0.673361;0.342588;1.000000;1.000000;0.000000;-0.673361;0.342588;
1.129741;0.672915;0.343873;1.000000;0.672915;0.343873;1.000000;1.000000;0.000000;-0.672915;0.343873;
1.129804;0.672469;0.345152;1.000000;0.672469;0.345152;1.000000;1.000000;0.000000;-0.672469;0.345152;
1.129868;0.672024;0.346426;1.000000;0.672024;0.346426;1.000000;1.000000;0.000000;-0.672024;0.346426;
1.129931;0.671580;0.347694;1.000000;0.671580;0.347694;1.000000;1.000000;0.000000;-0.671580;0.347694;
1.129994;0.671137;0.348957;1.000000;0.671137;0.348957;1.000000;1.000000;0.000000;-0.671137;0.348957;
1.130058;0.670694;0.350214;1.000000;0.670694;0.350214;1.000000;1.000000;0.000000;-0.670694;0.350214;
1.130121;0.670251;0.351466;1.000000;0.670251;0.351466;1.000000;1.000000;0.000000;-0.670251;0.351466;
1.130185;0.669810;0.352713;1.000000;0.669810;0.352713;1.000000;1.000000;0.000000;-0.669810;0.352713;
1.130248;0.669369;0.353953;1.000000;0.669369;0.353953;1.000000;1.000000;0.000000;-0.669369;0.353953;
1.130312;0.668929;0.355189;1.000000;0.668929;0.355189;1.000000;1.000000;0.000000;-0.668929;0.355189;
1.130375;0.668489;0.356419;1.000000;0.668489;0.356419;1.000000;1.000000;0.000000;-0.668489;0.356419;
1.130439;0.668050;0.357643;1.000000;0.668050;0.357643;1.000000;1.000000;0.000000;-0.668050;0.357643;
1.130502;0.667612;0.358862;1.000000;0.667612;0.358862;1.000000;1.000000;0.000000;-0.667612;0.358862;
1.130566;0.667174;0.360076;1.000000;0.667174;0.360076;1.000000;1.000000;0.000000;-0.667174;0.360076;
1.130629;0.666737;0.361284;1.000000;0.666737;0.361284;1.000000;1.000000;0.000000;-0.666737;0.361284;
1.130693;0.666301;0.362487;1.000000;0.666301;0.362487;1.000000;1.000000;0.000000;-0.666301;0.362487;
1.130756;0.665865;0.363684;1.000000;0.665865;0.363684;1.000000;1.000000;0.000000;-0.665865;0.363684;
1.130820;0.665430;0.364876;1.000000;0.665430;0.364876;1.000000;1.000000;0.000000;-0.665430;0.364876;
1.130883;0.664996;0.366062;1.000000;0.664996;0.366062;1.000000;1.000000;0.000000;-0.664996;0.366062;
1.130947;0.664562;0.367243;1.000000;0.664562;0.367243;1.000000;1.000000;0.000000;-0.664562;0.367243;
1.131010;0.664129;0.368419;1.000000;0.664129;0.368419;1.000000;1.000000;0.000000;-0.664129;0.368419;
1.131074;0.663697;0.369589;1.000000;0.663697;0.369589;1.000000;1.000000;0.000000;-0.663697;0.369589;
1.131137;0.663265;0.370754;1.000000;0.663265;0.370754;1.000000;1.000000;0.000000;-0.663265;0.370754;
1.131200;0.662834;0.371913;1.000000;0.662834;0.371913;1.000000;1.000000;0.000000;-0.662834;0.371913;
1.131264;0.662404;0.373067;1.000000;0.662404;0.373067;1.000000;1.000000;0.000000;-0.662404;0.373067;
1.131327;0.661975;0.374216;1.000000;0.661975;0.374216;1.000000;1.000000;0.000000;-0.661975;0.374216;
1.131391;0.661546;0.375359;1.000000;0.661546;0.375359;1.000000;1.000000;0.000000;-0.661546;0.375359;
1.131454;0.661118;0.376497;1.000000;0.661118;0.376497;1.000000;1.000000;0.000000;-0.661118;0.376497;
1.131518;0.660690;0.377629;1.000000;0.660690;0.377629;1.000000;1.000000;0.000000;-0.660690;0.377629;
1.131581;0.660264;0.378756;1.000000;0.660264;0.378756;1.000000;1.000000;0.000000;-0.660264;0.378756;
1.131645;0.659838;0.379878;1.000000;0.659838;0.379878;1.000000;1.000000;0.000000;-0.659838;0.379878;
1.131708;0.659412;0.380994;1.000000;0.659412;0.380994;1.000000;1.000000;0.000000;-0.659412;0.380994;
1.131772;0.658988;0.382105;1.000000;0.658988;0.382105;1.000000;1.000000;0.000000;-0.658988;0.382105;
1.131835;0.658564;0.383210;1.000000;0.658564;0.383210;1.000000;1.000000;0.000000;-0.658564;0.383210;
1.131899;0.658141;0.384310;1.000000;0.658141;0.384310;1.000000;1.000000;0.000000;-0.658141;0.384310;
1.131962;0.657718;0.385405;1.000000;0.657718;0.385405;1.000000;1.000000;0.000000;-0.657718;0.385405;
1.132026;0.657296;0.386495;1.000000;0.657296;0.386495;1.000000;1.000000;0.000000;-0.657296;0.386495;
1.132089;0.656875;0.387579;1.000000;0.656875;0.387579;1.000000;1.000000;0.000000;-0.656875;0.387579;
1.132153;0.656455;0.388658;1.000000;0.656455;0.388658;1.000000;1.000000;0.000000;-0.656455;0.388658;
1.132216;0.656035;0.389731;1.000000;0.656035;0.389731;1.000000;1.000000;0.000000;-0.656035;0.389731;
1.132280;0.655617;0.390799;1.000000;0.655617;0.390799;1.000000;1.000000;0.000000;-0.655617;0.390799;
1.132343;0.655198;0.391862;1.000000;0.655198;0.391862;1.000000;1.000000;0.000000;-0.655198;0.391862;
1.132406;0.654781;0.392920;1.000000;0.654781;0.392920;1.000000;1.000000;0.000000;-0.654781;0.392920;
1.132470;0.654364;0.393972;1.000000;0.654364;0.393972;1.000000;1.000000;0.000000;-0.654364;0.393972;
1.132533;0.653948;0.395019;1.000000;0.653948;0.395019;1.000000;1.000000;0.000000;-0.653948;0.395019;
1.132597;0.653533;0.396060;1.000000;0.653533;0.396060;1.000000;1.000000;0.000000;-0.653533;0.396060;
1.132660;0.653119;0.397097;1.000000;0.653119;0.397097;1.000000;1.000000;0.000000;-0.653119;0.397097;
1.132724;0.652705;0.398128;1.000000;0.652705;0.398128;1.000000;1.000000;0.000000;-0.652705;0.398128;
1.132787;0.652292;0.399153;1.000000;0.652292;0.399153;1.000000;1.000000;0.000000;-0.652292;0.399153;
1.132851;0.651880;0.400174;1.000000;0.651880;0.400174;1.000000;1.000000;0.000000;-0.651880;0.400174;
1.132914;0.651468;0.401189;1.000000;0.651468;0.401189;1.000000;1.000000;0.000000;-0.651468;0.401189;
1.132978;0.651057;0.402199;1.000000;0.651057;0.402199;1.000000;1.000000;0.000000;-0.651057;0.402199;
1.133041;0.650647;0.403204;1.000000;0.650647;0.403204;1.000000;1.000000;0.000000;-0.650647;0.403204;
1.133105;0.650238;0.404203;1.000000;0.650238;0.404203;1.000000;1.000000;0.000000;-0.650238;0.404203;
1.133168;0.649829;0.405197;1.000000;0.649829;0.405197;1.000000;1.000000;0.000000;-0.649829;0.405197;
1.133232;0.649422;0.406186;1.000000;0.649422;0.406186;1.000000;1.000000;0.000000;-0.649422;0.406186;
1.133295;0.649015;0.407170;1.000000;0.649015;0.407170;1.000000;1.000000;0.000000;-0.649015;0.407170;
1.133359;0.648608;0.408148;1.000000;0.648608;0.408148;1.000000;1.000000;0.000000;-0.648608;0.408148;
1.133422;0.648203;0.409121;1.000000;0.648203;0.409121;1.000000;1.000000;0.000000;-0.648203;0.409121;
1.133486;0.647798;0.410089;1.000000;0.647798;0.410089;1.000000;1.000000;0.000000;-0.647798;0.410089;
1.133549;0.647394;0.411052;1.000000;0.647394;0.411052;1.000000;1.000000;0.000000;-0.647394;0.411052;
1.133612;0.646991;0.412009;1.000000;0.646991;0.412009;1.000000;1.000000;0.000000;-0.646991;0.412009;
1.133676;0.646588;0.412962;1.000000;0.646588;0.412962;1.000000;1.000000;0.000000;-0.646588;0.412962;
1.133739;0.646187;0.413909;1.000000;0.646187;0.413909;1.000000;1.000000;0.000000;-0.646187;0.413909;
1.133803;0.645786;0.414851;1.000000;0.645786;0.414851;1.000000;1.000000;0.000000;-0.645786;0.414851;
1.133866;0.645386;0.415787;1.000000;0.645386;0.415787;1.000000;1.000000;0.000000;-0.645386;0.415787;
1.133930;0.644986;0.416719;1.000000;0.644986;0.416719;1.000000;1.000000;0.000000;-0.644986;0.416719;
1.133993;0.644588;0.417645;1.000000;0.644588;0.417645;1.000000;1.000000;0.000000;-0.644588;0.417645;
1.134057;0.644190;0.418566;1.000000;0.644190;0.418566;1.000000;1.000000;0.000000;-0.644190;0.418566;
1.134120;0.643793;0.419482;1.000000;0.643793;0.419482;1.000000;1.000000;0.000000;-0.643793;0.419482;
1.134184;0.643396;0.420393;1.000000;0.643396;0.420393;1.000000;1.000000;0.000000;-0.643396;0.420393;
1.134247;0.643001;0.421299;1.000000;0.643001;0.421299;1.000000;1.000000;0.000000;-0.643001;0.421299;
1.134311;0.642606;0.422199;1.000000;0.642606;0.422199;1.000000;1.000000;0.000000;-0.642606;0.422199;
1.134374;0.642212;0.423095;1.000000;0.642212;0.423095;1.000000;1.000000;0.000000;-0.642212;0.423095;
1.134438;0.641819;0.423985;1.000000;0.641819;0.423985;1.000000;1.000000;0.000000;-0.641819;0.423985;
1.134501;0.641427;0.424870;1.000000;0.641427;0.424870;1.000000;1.000000;0.000000;-0.641427;0.424870;
1.134565;0.641035;0.425750;1.000000;0.641035;0.425750;1.000000;1.000000;0.000000;-0.641035;0.425750;
1.134628;0.640644;0.426625;1.000000;0.640644;0.426625;1.000000;1.000000;0.000000;-0.640644;0.426625;
1.134692;0.640254;0.427494;1.000000;0.640254;0.427494;1.000000;1.000000;0.000000;-0.640254;0.427494;
1.134755;0.639865;0.428359;1.000000;0.639865;0.428359;1.000000;1.000000;0.000000;-0.639865;0.428359;
1.134818;0.639477;0.429218;1.000000;0.639477;0.429218;1.000000;1.000000;0.000000;-0.639477;0.429218;
1.134882;0.639089;0.430073;1.000000;0.639089;0.430073;1.000000;1.000000;0.000000;-0.639089;0.430073;
1.134945;0.638702;0.430922;1.000000;0.638702;0.430922;1.000000;1.000000;0.000000;-0.638702;0.430922;
1.135009;0.638316;0.431766;1.000000;0.638316;0.431766;1.000000;1.000000;0.000000;-0.638316;0.431766;
1.135072;0.637931;0.432606;1.000000;0.637931;0.432606;1.000000;1.000000;0.000000;-0.637931;0.432606;
1.135136;0.637547;0.433440;1.000000;0.637547;0.433440;1.000000;1.000000;0.000000;-0.637547;0.433440;
1.135199;0.637163;0.434269;1.000000;0.637163;0.434269;1.000000;1.000000;0.000000;-0.637163;0.434269;
1.135263;0.636780;0.435093;1.000000;0.636780;0.435093;1.000000;1.000000;0.000000;-0.636780;0.435093;
1.135326;0.636398;0.435911;1.000000;0.636398;0.435911;1.000000;1.000000;0.000000;-0.636398;0.435911;
1.135390;0.636017;0.436725;1.000000;0.636017;0.436725;1.000000;1.000000;0.000000;-0.636017;0.436725;
1.135453;0.635637;0.437534;1.000000;0.635637;0.437534;1.000000;1.000000;0.000000;-0.635637;0.437534;
1.135517;0.635257;0.438338;1.000000;0.635257;0.438338;1.000000;1.000000;0.000000;-0.635257;0.438338;
1.135580;0.634878;0.439137;1.000000;0.634878;0.439137;1.000000;1.000000;0.000000;-0.634878;0.439137;
1.135644;0.634501;0.439930;1.000000;0.634501;0.439930;1.000000;1.000000;0.000000;-0.634501;0.439930;
1.135707;0.634123;0.440719;1.000000;0.634123;0.440719;1.000000;1.000000;0.000000;-0.634123;0.440719;
1.135771;0.633747;0.441503;1.000000;0.633747;0.441503;1.000000;1.000000;0.000000;-0.633747;0.441503;
1.135834;0.633372;0.442281;1.000000;0.633372;0.442281;1.000000;1.000000;0.000000;-0.633372;0.442281;
1.135898;0.632997;0.443055;1.000000;0.632997;0.443055;1.000000;1.000000;0.000000;-0.632997;0.443055;
1.135961;0.632623;0.443824;1.000000;0.632623;0.443824;1.000000;1.000000;0.000000;-0.632623;0.443824;
1.136024;0.632250;0.444587;1.000000;0.632250;0.444587;1.000000;1.000000;0.000000;-0.632250;0.444587;
1.136088;0.631878;0.445346;1.000000;0.631878;0.445346;1.000000;1.000000;0.000000;-0.631878;0.445346;
1.136151;0.631506;0.446100;1.000000;0.631506;0.446100;1.000000;1.000000;0.000000;-0.631506;0.446100;
1.136215;0.631136;0.446849;1.000000;0.631136;0.446849;1.000000;1.000000;0.000000;-0.631136;0.446849;
1.136278;0.630766;0.447592;1.000000;0.630766;0.447592;1.000000;1.000000;0.000000;-0.630766;0.447592;
1.136342;0.630397;0.448331;1.000000;0.630397;0.448331;1.000000;1.000000;0.000000;-0.630397;0.448331;
1.136405;0.630029;0.449065;1.000000;0.630029;0.449065;1.000000;1.000000;0.000000;-0.630029;0.449065;
1.136469;0.629662;0.449794;1.000000;0.629662;0.449794;1.000000;1.000000;0.000000;-0.629662;0.449794;
1.136532;0.629295;0.450518;1.000000;0.629295;0.450518;1.000000;1.000000;0.000000;-0.629295;0.450518;
1.136596;0.628930;0.451237;1.000000;0.628930;0.451237;1.000000;1.000000;0.000000;-0.628930;0.451237;
1.136659;0.628565;0.451952;1.000000;0.628565;0.451952;1.000000;1.000000;0.000000;-0.628565;0.451952;
1.136723;0.628201;0.452661;1.000000;0.628201;0.452661;1.000000;1.000000;0.000000;-0.628201;0.452661;
1.136850;0.627477;0.454060;1.000000;0.627477;0.454060;1.000000;1.000000;0.000000;-0.627477;0.454060;
1.136960;0.626851;0.455259;1.000000;0.626851;0.455259;1.000000;1.000000;0.000000;-0.626851;0.455259;
1.137070;0.626227;0.456444;1.000000;0.626227;0.456444;1.000000;1.000000;0.000000;-0.626227;0.456444;
1.137180;0.625606;0.457614;1.000000;0.625606;0.457614;1.000000;1.000000;0.000000;-0.625606;0.457614;
1.137290;0.624987;0.458770;1.000000;0.624987;0.458770;1.000000;1.000000;0.000000;-0.624987;0.458770;
1.137400;0.624371;0.459911;1.000000;0.624371;0.459911;1.000000;1.000000;0.000000;-0.624371;0.459911;
1.137511;0.623757;0.461037;1.000000;0.623757;0.461037;1.000000;1.000000;0.000000;-0.623757;0.461037;
1.137621;0.623147;0.462149;1.000000;0.623147;0.462149;1.000000;1.000000;0.000000;-0.623147;0.462149;
1.137731;0.622538;0.463247;1.000000;0.622538;0.463247;1.000000;1.000000;0.000000;-0.622538;0.463247;
1.137841;0.621932;0.464330;1.000000;0.621932;0.464330;1.000000;1.000000;0.000000;-0.621932;0.464330;
1.137951;0.621329;0.465399;1.000000;0.621329;0.465399;1.000000;1.000000;0.000000;-0.621329;0.465399;
1.138062;0.620729;0.466453;1.000000;0.620729;0.466453;1.000000;1.000000;0.000000;-0.620729;0.466453;
1.138172;0.620130;0.467493;1.000000;0.620130;0.467493;1.000000;1.000000;0.000000;-0.620130;0.467493;
1.138282;0.619535;0.468519;1.000000;0.619535;0.468519;1.000000;1.000000;0.000000;-0.619535;0.468519;
1.138392;0.618942;0.469530;1.000000;0.618942;0.469530;1.000000;1.000000;0.000000;-0.618942;0.469530;
1.138502;0.618352;0.470527;1.000000;0.618352;0.470527;1.000000;1.000000;0.000000;-0.618352;0.470527;
1.138612;0.617764;0.471510;1.000000;0.617764;0.471510;1.000000;1.000000;0.000000;-0.617764;0.471510;
1.138723;0.617179;0.472479;1.000000;0.617179;0.472479;1.000000;1.000000;0.000000;-0.617179;0.472479;
1.138833;0.616597;0.473434;1.000000;0.616597;0.473434;1.000000;1.000000;0.000000;-0.616597;0.473434;
1.138875;0.616376;0.473793;1.000000;0.616376;0.473793;1.000000;1.000000;0.000000;-0.616376;0.473793;
1.138875;0.616373;0.473797;1.000000;0.616373;0.473797;1.000000;1.000000;0.000000;-0.616373;0.473797;
1.138876;0.616367;0.473807;1.000000;0.616367;0.473807;1.000000;1.000000;0.000000;-0.616367;0.473807;
1.138879;0.616356;0.473826;1.000000;0.616356;0.473826;1.000000;1.000000;0.000000;-0.616356;0.473826;
1.138883;0.616332;0.473864;1.000000;0.616332;0.473864;1.000000;1.000000;0.000000;-0.616332;0.473864;
1.138892;0.616286;0.473940;1.000000;0.616286;0.473940;1.000000;1.000000;0.000000;-0.616286;0.473940;
1.138910;0.616192;0.474092;1.000000;0.616192;0.474092;1.000000;1.000000;0.000000;-0.616192;0.474092;
1.138945;0.616006;0.474394;1.000000;0.616006;0.474394;1.000000;1.000000;0.000000;-0.616006;0.474394;
1.139016;0.615635;0.474993;1.000000;0.615635;0.474993;1.000000;1.000000;0.000000;-0.615635;0.474993;
1.139087;0.615264;0.475586;1.000000;0.615264;0.475586;1.000000;1.000000;0.000000;-0.615264;0.475586;
1.139157;0.614895;0.476173;1.000000;0.614895;0.476173;1.000000;1.000000;0.000000;-0.614895;0.476173;
1.139228;0.614527;0.476754;1.000000;0.614527;0.476754;1.000000;1.000000;0.000000;-0.614527;0.476754;
1.139299;0.614159;0.477330;1.000000;0.614159;0.477330;1.000000;1.000000;0.000000;-0.614159;0.477330;
1.139370;0.613793;0.477900;1.000000;0.613793;0.477900;1.000000;1.000000;0.000000;-0.613793;0.477900;
1.139441;0.613428;0.478464;1.000000;0.613428;0.478464;1.000000;1.000000;0.000000;-0.613428;0.478464;
1.139511;0.613065;0.479022;1.000000;0.613065;0.479022;1.000000;1.000000;0.000000;-0.613065;0.479022;
1.139582;0.612702;0.479575;1.000000;0.612702;0.479575;1.000000;1.000000;0.000000;-0.612702;0.479575;
1.139653;0.612340;0.480122;1.000000;0.612340;0.480122;1.000000;1.000000;0.000000;-0.612340;0.480122;
1.139724;0.611979;0.480663;1.000000;0.611979;0.480663;1.000000;1.000000;0.000000;-0.611979;0.480663;
1.139795;0.611620;0.481199;1.000000;0.611620;0.481199;1.000000;1.000000;0.000000;-0.611620;0.481199;
1.139865;0.611262;0.481729;1.000000;0.611262;0.481729;1.000000;1.000000;0.000000;-0.611262;0.481729;
1.139936;0.610904;0.482253;1.000000;0.610904;0.482253;1.000000;1.000000;0.000000;-0.610904;0.482253;
1.140007;0.610548;0.482772;1.000000;0.610548;0.482772;1.000000;1.000000;0.000000;-0.610548;0.482772;
1.140078;0.610193;0.483285;1.000000;0.610193;0.483285;1.000000;1.000000;0.000000;-0.610193;0.483285;
1.140149;0.609839;0.483793;1.000000;0.609839;0.483793;1.000000;1.000000;0.000000;-0.609839;0.483793;
1.140219;0.609486;0.484294;1.000000;0.609486;0.484294;1.000000;1.000000;0.000000;-0.609486;0.484294;
1.140290;0.609134;0.484791;1.000000;0.609134;0.484791;1.000000;1.000000;0.000000;-0.609134;0.484791;
1.140361;0.608783;0.485281;1.000000;0.608783;0.485281;1.000000;1.000000;0.000000;-0.608783;0.485281;
1.140432;0.608434;0.485766;1.000000;0.608434;0.485766;1.000000;1.000000;0.000000;-0.608434;0.485766;
1.140503;0.608085;0.486246;1.000000;0.608085;0.486246;1.000000;1.000000;0.000000;-0.608085;0.486246;
1.140573;0.607738;0.486720;1.000000;0.607738;0.486720;1.000000;1.000000;0.000000;-0.607738;0.486720;
1.140644;0.607392;0.487188;1.000000;0.607392;0.487188;1.000000;1.000000;0.000000;-0.607392;0.487188;
1.140715;0.607046;0.487651;1.000000;0.607046;0.487651;1.000000;1.000000;0.000000;-0.607046;0.487651;
1.140786;0.606702;0.488109;1.000000;0.606702;0.488109;1.000000;1.000000;0.000000;-0.606702;0.488109;
1.140857;0.606359;0.488560;1.000000;0.606359;0.488560;1.000000;1.000000;0.000000;-0.606359;0.488560;
1.140927;0.606018;0.489007;1.000000;0.606018;0.489007;1.000000;1.000000;0.000000;-0.606018;0.489007;
1.140998;0.605677;0.489448;1.000000;0.605677;0.489448;1.000000;1.000000;0.000000;-0.605677;0.489448;
1.141069;0.605337;0.489883;1.000000;0.605337;0.489883;1.000000;1.000000;0.000000;-0.605337;0.489883;
1.141140;0.604999;0.490313;1.000000;0.604999;0.490313;1.000000;1.000000;0.000000;-0.604999;0.490313;
1.141211;0.604661;0.490737;1.000000;0.604661;0.490737;1.000000;1.000000;0.000000;-0.604661;0.490737;
1.141281;0.604325;0.491156;1.000000;0.604325;0.491156;1.000000;1.000000;0.000000;-0.604325;0.491156;
1.141352;0.603990;0.491570;1.000000;0.603990;0.491570;1.000000;1.000000;0.000000;-0.603990;0.491570;
1.141423;0.603655;0.491978;1.000000;0.603655;0.491978;1.000000;1.000000;0.000000;-0.603655;0.491978;
1.141494;0.603323;0.492381;1.000000;0.603323;0.492381;1.000000;1.000000;0.000000;-0.603323;0.492381;
1.141565;0.602991;0.492778;1.000000;0.602991;0.492778;1.000000;1.000000;0.000000;-0.602991;0.492778;
1.141636;0.602660;0.493170;1.000000;0.602660;0.493170;1.000000;1.000000;0.000000;-0.602660;0.493170;
1.141706;0.602330;0.493557;1.000000;0.602330;0.493557;1.000000;1.000000;0.000000;-0.602330;0.493557;
1.141777;0.602002;0.493938;1.000000;0.602002;0.493938;1.000000;1.000000;0.000000;-0.602002;0.493938;
1.141848;0.601674;0.494314;1.000000;0.601674;0.494314;1.000000;1.000000;0.000000;-0.601674;0.494314;
1.141919;0.601348;0.494685;1.000000;0.601348;0.494685;1.000000;1.000000;0.000000;-0.601348;0.494685;
1.141990;0.601023;0.495050;1.000000;0.601023;0.495050;1.000000;1.000000;0.000000;-0.601023;0.495050;
1.142060;0.600699;0.495410;1.000000;0.600699;0.495410;1.000000;1.000000;0.000000;-0.600699;0.495410;
1.142131;0.600376;0.495764;1.000000;0.600376;0.495764;1.000000;1.000000;0.000000;-0.600376;0.495764;
1.142202;0.600054;0.496114;1.000000;0.600054;0.496114;1.000000;1.000000;0.000000;-0.600054;0.496114;
1.142273;0.599733;0.496458;1.000000;0.599733;0.496458;1.000000;1.000000;0.000000;-0.599733;0.496458;
1.142344;0.599414;0.496797;1.000000;0.599414;0.496797;1.000000;1.000000;0.000000;-0.599414;0.496797;
1.142414;0.599095;0.497130;1.000000;0.599095;0.497130;1.000000;1.000000;0.000000;-0.599095;0.497130;
1.142485;0.598778;0.497458;1.000000;0.598778;0.497458;1.000000;1.000000;0.000000;-0.598778;0.497458;
1.142556;0.598461;0.497781;1.000000;0.598461;0.497781;1.000000;1.000000;0.000000;-0.598461;0.497781;
1.142627;0.598146;0.498099;1.000000;0.598146;0.498099;1.000000;1.000000;0.000000;-0.598146;0.498099;
1.142698;0.597832;0.498412;1.000000;0.597832;0.498412;1.000000;1.000000;0.000000;-0.597832;0.498412;
1.142768;0.597519;0.498719;1.000000;0.597519;0.498719;1.000000;1.000000;0.000000;-0.597519;0.498719;
1.142839;0.597208;0.499021;1.000000;0.597208;0.499021;1.000000;1.000000;0.000000;-0.597208;0.499021;
1.142910;0.596897;0.499318;1.000000;0.596897;0.499318;1.000000;1.000000;0.000000;-0.596897;0.499318;
1.142981;0.596588;0.499610;1.000000;0.596588;0.499610;1.000000;1.000000;0.000000;-0.596588;0.499610;
1.143052;0.596279;0.499897;1.000000;0.596279;0.499897;1.000000;1.000000;0.000000;-0.596279;0.499897;
1.143122;0.595972;0.500178;1.000000;0.595972;0.500178;1.000000;1.000000;0.000000;-0.595972;0.500178;
1.143193;0.595666;0.500455;1.000000;0.595666;0.500455;1.000000;1.000000;0.000000;-0.595666;0.500455;
1.143264;0.595361;0.500726;1.000000;0.595361;0.500726;1.000000;1.000000;0.000000;-0.595361;0.500726;
1.143335;0.595057;0.500992;1.000000;0.595057;0.500992;1.000000;1.000000;0.000000;-0.595057;0.500992;
1.143406;0.594754;0.501253;1.000000;0.594754;0.501253;1.000000;1.000000;0.000000;-0.594754;0.501253;
1.143476;0.594452;0.501509;1.000000;0.594452;0.501509;1.000000;1.000000;0.000000;-0.594452;0.501509;
1.143547;0.594152;0.501760;1.000000;0.594152;0.501760;1.000000;1.000000;0.000000;-0.594152;0.501760;
1.143618;0.593852;0.502006;1.000000;0.593852;0.502006;1.000000;1.000000;0.000000;-0.593852;0.502006;
1.143689;0.593554;0.502247;1.000000;0.593554;0.502247;1.000000;1.000000;0.000000;-0.593554;0.502247;
1.143760;0.593257;0.502482;1.000000;0.593257;0.502482;1.000000;1.000000;0.000000;-0.593257;0.502482;
1.143830;0.592961;0.502713;1.000000;0.592961;0.502713;1.000000;1.000000;0.000000;-0.592961;0.502713;
1.143901;0.592666;0.502939;1.000000;0.592666;0.502939;1.000000;1.000000;0.000000;-0.592666;0.502939;
1.143972;0.592372;0.503160;1.000000;0.592372;0.503160;1.000000;1.000000;0.000000;-0.592372;0.503160;
1.144043;0.592079;0.503375;1.000000;0.592079;0.503375;1.000000;1.000000;0.000000;-0.592079;0.503375;
1.144114;0.591788;0.503586;1.000000;0.591788;0.503586;1.000000;1.000000;0.000000;-0.591788;0.503586;
1.144184;0.591497;0.503792;1.000000;0.591497;0.503792;1.000000;1.000000;0.000000;-0.591497;0.503792;
1.144255;0.591208;0.503993;1.000000;0.591208;0.503993;1.000000;1.000000;0.000000;-0.591208;0.503993;
1.144326;0.590920;0.504189;1.000000;0.590920;0.504189;1.000000;1.000000;0.000000;-0.590920;0.504189;
1.144397;0.590633;0.504380;1.000000;0.590633;0.504380;1.000000;1.000000;0.000000;-0.590633;0.504380;
1.144468;0.590347;0.504566;1.000000;0.590347;0.504566;1.000000;1.000000;0.000000;-0.590347;0.504566;
1.144538;0.590062;0.504747;1.000000;0.590062;0.504747;1.000000;1.000000;0.000000;-0.590062;0.504747;
1.144609;0.589778;0.504923;1.000000;0.589778;0.504923;1.000000;1.000000;0.000000;-0.589778;0.504923;
1.144680;0.589496;0.505095;1.000000;0.589496;0.505095;1.000000;1.000000;0.000000;-0.589496;0.505095;
1.144751;0.589214;0.505261;1.000000;0.589214;0.505261;1.000000;1.000000;0.000000;-0.589214;0.505261;
1.144822;0.588934;0.505423;1.000000;0.588934;0.505423;1.000000;1.000000;0.000000;-0.588934;0.505423;
1.144892;0.588655;0.505580;1.000000;0.588655;0.505580;1.000000;1.000000;0.000000;-0.588655;0.505580;
1.144963;0.588377;0.505732;1.000000;0.588377;0.505732;1.000000;1.000000;0.000000;-0.588377;0.505732;
1.145034;0.588100;0.505879;1.000000;0.588100;0.505879;1.000000;1.000000;0.000000;-0.588100;0.505879;
1.145105;0.587824;0.506021;1.000000;0.587824;0.506021;1.000000;1.000000;0.000000;-0.587824;0.506021;
1.145176;0.587549;0.506159;1.000000;0.587549;0.506159;1.000000;1.000000;0.000000;-0.587549;0.506159;
1.145247;0.587276;0.506291;1.000000;0.587276;0.506291;1.000000;1.000000;0.000000;-0.587276;0.506291;
1.145317;0.587003;0.506419;1.000000;0.587003;0.506419;1.000000;1.000000;0.000000;-0.587003;0.506419;
1.145388;0.586732;0.506543;1.000000;0.586732;0.506543;1.000000;1.000000;0.000000;-0.586732;0.506543;
1.145459;0.586462;0.506661;1.000000;0.586462;0.506661;1.000000;1.000000;0.000000;-0.586462;0.506661;
1.145530;0.586193;0.506775;1.000000;0.586193;0.506775;1.000000;1.000000;0.000000;-0.586193;0.506775;
1.145601;0.585925;0.506884;1.000000;0.585925;0.506884;1.000000;1.000000;0.000000;-0.585925;0.506884;
1.145671;0.585658;0.506988;1.000000;0.585658;0.506988;1.000000;1.000000;0.000000;-0.585658;0.506988;
1.145742;0.585392;0.507088;1.000000;0.585392;0.507088;1.000000;1.000000;0.000000;-0.585392;0.507088;
1.145813;0.585127;0.507183;1.000000;0.585127;0.507183;1.000000;1.000000;0.000000;-0.585127;0.507183;
1.145884;0.584864;0.507273;1.000000;0.584864;0.507273;1.000000;1.000000;0.000000;-0.584864;0.507273;
1.145955;0.584602;0.507359;1.000000;0.584602;0.507359;1.000000;1.000000;0.000000;-0.584602;0.507359;
1.146025;0.584340;0.507440;1.000000;0.584340;0.507440;1.000000;1.000000;0.000000;-0.584340;0.507440;
1.146096;0.584080;0.507516;1.000000;0.584080;0.507516;1.000000;1.000000;0.000000;-0.584080;0.507516;
1.146167;0.583821;0.507588;1.000000;0.583821;0.507588;1.000000;1.000000;0.000000;-0.583821;0.507588;
1.146309;0.583308;0.507713;1.000000;0.583308;0.507713;1.000000;1.000000;0.000000;-0.583308;0.507713;
1.146431;0.582865;0.507807;1.000000;0.582865;0.507807;1.000000;1.000000;0.000000;-0.582865;0.507807;
1.146554;0.582427;0.507888;1.000000;0.582427;0.507888;1.000000;1.000000;0.000000;-0.582427;0.507888;
1.146677;0.581991;0.507956;1.000000;0.581991;0.507956;1.000000;1.000000;0.000000;-0.581991;0.507956;
1.146800;0.581559;0.508010;1.000000;0.581559;0.508010;1.000000;1.000000;0.000000;-0.581559;0.508010;
1.146923;0.581130;0.508050;1.000000;0.581130;0.508050;1.000000;1.000000;0.000000;-0.581130;0.508050;
1.147046;0.580705;0.508077;1.000000;0.580705;0.508077;1.000000;1.000000;0.000000;-0.580705;0.508077;
1.147169;0.580283;0.508090;1.000000;0.580283;0.508090;1.000000;1.000000;0.000000;-0.580283;0.508090;
1.147291;0.579864;0.508090;1.000000;0.579864;0.508090;1.000000;1.000000;0.000000;-0.579864;0.508090;
1.147414;0.579449;0.508077;1.000000;0.579449;0.508077;1.000000;1.000000;0.000000;-0.579449;0.508077;
1.147537;0.579037;0.508051;1.000000;0.579037;0.508051;1.000000;1.000000;0.000000;-0.579037;0.508051;
1.147660;0.578628;0.508011;1.000000;0.578628;0.508011;1.000000;1.000000;0.000000;-0.578628;0.508011;
1.147783;0.578223;0.507959;1.000000;0.578223;0.507959;1.000000;1.000000;0.000000;-0.578223;0.507959;
1.147906;0.577821;0.507893;1.000000;0.577821;0.507893;1.000000;1.000000;0.000000;-0.577821;0.507893;
1.148029;0.577422;0.507815;1.000000;0.577422;0.507815;1.000000;1.000000;0.000000;-0.577422;0.507815;
1.148152;0.577027;0.507723;1.000000;0.577027;0.507723;1.000000;1.000000;0.000000;-0.577027;0.507723;
1.148274;0.576635;0.507619;1.000000;0.576635;0.507619;1.000000;1.000000;0.000000;-0.576635;0.507619;
1.148397;0.576246;0.507502;1.000000;0.576246;0.507502;1.000000;1.000000;0.000000;-0.576246;0.507502;
1.148520;0.575861;0.507373;1.000000;0.575861;0.507373;1.000000;1.000000;0.000000;-0.575861;0.507373;
1.148643;0.575479;0.507230;1.000000;0.575479;0.507230;1.000000;1.000000;0.000000;-0.575479;0.507230;
1.148766;0.575100;0.507076;1.000000;0.575100;0.507076;1.000000;1.000000;0.000000;-0.575100;0.507076;
1.148889;0.574725;0.506909;1.000000;0.574725;0.506909;1.000000;1.000000;0.000000;-0.574725;0.506909;
1.149012;0.574353;0.506729;1.000000;0.574353;0.506729;1.000000;1.000000;0.000000;-0.574353;0.506729;
1.149134;0.573984;0.506537;1.000000;0.573984;0.506537;1.000000;1.000000;0.000000;-0.573984;0.506537;
1.149257;0.573618;0.506333;1.000000;0.573618;0.506333;1.000000;1.000000;0.000000;-0.573618;0.506333;
1.149380;0.573256;0.506117;1.000000;0.573256;0.506117;1.000000;1.000000;0.000000;-0.573256;0.506117;
1.149503;0.572897;0.505888;1.000000;0.572897;0.505888;1.000000;1.000000;0.000000;-0.572897;0.505888;
1.149626;0.572542;0.505648;1.000000;0.572542;0.505648;1.000000;1.000000;0.000000;-0.572542;0.505648;
1.149749;0.572189;0.505395;1.000000;0.572189;0.505395;1.000000;1.000000;0.000000;-0.572189;0.505395;
1.149872;0.571840;0.505130;1.000000;0.571840;0.505130;1.000000;1.000000;0.000000;-0.571840;0.505130;
1.149994;0.571495;0.504854;1.000000;0.571495;0.504854;1.000000;1.000000;0.000000;-0.571495;0.504854;
1.150117;0.571152;0.504566;1.000000;0.571152;0.504566;1.000000;1.000000;0.000000;-0.571152;0.504566;
1.150240;0.570813;0.504266;1.000000;0.570813;0.504266;1.000000;1.000000;0.000000;-0.570813;0.504266;
1.150363;0.570477;0.503954;1.000000;0.570477;0.503954;1.000000;1.000000;0.000000;-0.570477;0.503954;
1.150486;0.570144;0.503631;1.000000;0.570144;0.503631;1.000000;1.000000;0.000000;-0.570144;0.503631;
1.150609;0.569815;0.503296;1.000000;0.569815;0.503296;1.000000;1.000000;0.000000;-0.569815;0.503296;
1.150732;0.569488;0.502950;1.000000;0.569488;0.502950;1.000000;1.000000;0.000000;-0.569488;0.502950;
1.150855;0.569165;0.502593;1.000000;0.569165;0.502593;1.000000;1.000000;0.000000;-0.569165;0.502593;
1.150977;0.568846;0.502224;1.000000;0.568846;0.502224;1.000000;1.000000;0.000000;-0.568846;0.502224;
1.151100;0.568529;0.501844;1.000000;0.568529;0.501844;1.000000;1.000000;0.000000;-0.568529;0.501844;
1.151223;0.568216;0.501452;1.000000;0.568216;0.501452;1.000000;1.000000;0.000000;-0.568216;0.501452;
1.151346;0.567906;0.501050;1.000000;0.567906;0.501050;1.000000;1.000000;0.000000;-0.567906;0.501050;
1.151469;0.567599;0.500636;1.000000;0.567599;0.500636;1.000000;1.000000;0.000000;-0.567599;0.500636;
1.151592;0.567295;0.500211;1.000000;0.567295;0.500211;1.000000;1.000000;0.000000;-0.567295;0.500211;
1.151715;0.566995;0.499776;1.000000;0.566995;0.499776;1.000000;1.000000;0.000000;-0.566995;0.499776;
1.151837;0.566697;0.499329;1.000000;0.566697;0.499329;1.000000;1.000000;0.000000;-0.566697;0.499329;
1.151960;0.566403;0.498872;1.000000;0.566403;0.498872;1.000000;1.000000;0.000000;-0.566403;0.498872;
1.152083;0.566112;0.498404;1.000000;0.566112;0.498404;1.000000;1.000000;0.000000;-0.566112;0.498404;
1.152206;0.565825;0.497926;1.000000;0.565825;0.497926;1.000000;1.000000;0.000000;-0.565825;0.497926;
1.152329;0.565540;0.497436;1.000000;0.565540;0.497436;1.000000;1.000000;0.000000;-0.565540;0.497436;
1.152452;0.565259;0.496937;1.000000;0.565259;0.496937;1.000000;1.000000;0.000000;-0.565259;0.496937;
1.152575;0.564980;0.496426;1.000000;0.564980;0.496426;1.000000;1.000000;0.000000;-0.564980;0.496426;
1.152697;0.564705;0.495906;1.000000;0.564705;0.495906;1.000000;1.000000;0.000000;-0.564705;0.495906;
1.152820;0.564433;0.495375;1.000000;0.564433;0.495375;1.000000;1.000000;0.000000;-0.564433;0.495375;
1.152943;0.564165;0.494834;1.000000;0.564165;0.494834;1.000000;1.000000;0.000000;-0.564165;0.494834;
1.153066;0.563899;0.494282;1.000000;0.563899;0.494282;1.000000;1.000000;0.000000;-0.563899;0.494282;
1.153189;0.563636;0.493721;1.000000;0.563636;0.493721;1.000000;1.000000;0.000000;-0.563636;0.493721;
1.153312;0.563377;0.493149;1.000000;0.563377;0.493149;1.000000;1.000000;0.000000;-0.563377;0.493149;
1.153435;0.563121;0.492568;1.000000;0.563121;0.492568;1.000000;1.000000;0.000000;-0.563121;0.492568;
1.153558;0.562868;0.491976;1.000000;0.562868;0.491976;1.000000;1.000000;0.000000;-0.562868;0.491976;
1.153680;0.562617;0.491375;1.000000;0.562617;0.491375;1.000000;1.000000;0.000000;-0.562617;0.491375;
1.153803;0.562370;0.490763;1.000000;0.562370;0.490763;1.000000;1.000000;0.000000;-0.562370;0.490763;
1.153926;0.562127;0.490142;1.000000;0.562127;0.490142;1.000000;1.000000;0.000000;-0.562127;0.490142;
1.154049;0.561886;0.489512;1.000000;0.561886;0.489512;1.000000;1.000000;0.000000;-0.561886;0.489512;
1.154172;0.561648;0.488872;1.000000;0.561648;0.488872;1.000000;1.000000;0.000000;-0.561648;0.488872;
1.154295;0.561413;0.488222;1.000000;0.561413;0.488222;1.000000;1.000000;0.000000;-0.561413;0.488222;
1.154418;0.561182;0.487563;1.000000;0.561182;0.487563;1.000000;1.000000;0.000000;-0.561182;0.487563;
1.154540;0.560953;0.486894;1.000000;0.560953;0.486894;1.000000;1.000000;0.000000;-0.560953;0.486894;
1.154663;0.560727;0.486216;1.000000;0.560727;0.486216;1.000000;1.000000;0.000000;-0.560727;0.486216;
1.154786;0.560505;0.485529;1.000000;0.560505;0.485529;1.000000;1.000000;0.000000;-0.560505;0.485529;
1.154909;0.560285;0.484833;1.000000;0.560285;0.484833;1.000000;1.000000;0.000000;-0.560285;0.484833;
1.155032;0.560069;0.484127;1.000000;0.560069;0.484127;1.000000;1.000000;0.000000;-0.560069;0.484127;
1.155155;0.559856;0.483413;1.000000;0.559856;0.483413;1.000000;1.000000;0.000000;-0.559856;0.483413;
1.155278;0.559645;0.482689;1.000000;0.559645;0.482689;1.000000;1.000000;0.000000;-0.559645;0.482689;
1.155400;0.559438;0.481956;1.000000;0.559438;0.481956;1.000000;1.000000;0.000000;-0.559438;0.481956;
1.155523;0.559233;0.481215;1.000000;0.559233;0.481215;1.000000;1.000000;0.000000;-0.559233;0.481215;
1.155646;0.559032;0.480465;1.000000;0.559032;0.480465;1.000000;1.000000;0.000000;-0.559032;0.480465;
1.155769;0.558833;0.479706;1.000000;0.558833;0.479706;1.000000;1.000000;0.000000;-0.558833;0.479706;
1.155892;0.558638;0.478938;1.000000;0.558638;0.478938;1.000000;1.000000;0.000000;-0.558638;0.478938;
1.156015;0.558445;0.478162;1.000000;0.558445;0.478162;1.000000;1.000000;0.000000;-0.558445;0.478162;
1.156138;0.558255;0.477377;1.000000;0.558255;0.477377;1.000000;1.000000;0.000000;-0.558255;0.477377;
1.156261;0.558069;0.476584;1.000000;0.558069;0.476584;1.000000;1.000000;0.000000;-0.558069;0.476584;
1.156383;0.557885;0.475782;1.000000;0.557885;0.475782;1.000000;1.000000;0.000000;-0.557885;0.475782;
1.156506;0.557704;0.474972;1.000000;0.557704;0.474972;1.000000;1.000000;0.000000;-0.557704;0.474972;
1.156629;0.557526;0.474154;1.000000;0.557526;0.474154;1.000000;1.000000;0.000000;-0.557526;0.474154;
1.156752;0.557351;0.473327;1.000000;0.557351;0.473327;1.000000;1.000000;0.000000;-0.557351;0.473327;
1.156875;0.557179;0.472493;1.000000;0.557179;0.472493;1.000000;1.000000;0.000000;-0.557179;0.472493;
1.156998;0.557010;0.471650;1.000000;0.557010;0.471650;1.000000;1.000000;0.000000;-0.557010;0.471650;
1.157121;0.556844;0.470799;1.000000;0.556844;0.470799;1.000000;1.000000;0.000000;-0.556844;0.470799;
1.157243;0.556680;0.469941;1.000000;0.556680;0.469941;1.000000;1.000000;0.000000;-0.556680;0.469941;
1.157366;0.556520;0.469074;1.000000;0.556520;0.469074;1.000000;1.000000;0.000000;-0.556520;0.469074;
1.157489;0.556362;0.468200;1.000000;0.556362;0.468200;1.000000;1.000000;0.000000;-0.556362;0.468200;
1.157612;0.556207;0.467317;1.000000;0.556207;0.467317;1.000000;1.000000;0.000000;-0.556207;0.467317;
1.157735;0.556055;0.466428;1.000000;0.556055;0.466428;1.000000;1.000000;0.000000;-0.556055;0.466428;
1.157858;0.555906;0.465530;1.000000;0.555906;0.465530;1.000000;1.000000;0.000000;-0.555906;0.465530;
1.157981;0.555759;0.464625;1.000000;0.555759;0.464625;1.000000;1.000000;0.000000;-0.555759;0.464625;
1.158103;0.555616;0.463712;1.000000;0.555616;0.463712;1.000000;1.000000;0.000000;-0.555616;0.463712;
1.158226;0.555475;0.462792;1.000000;0.555475;0.462792;1.000000;1.000000;0.000000;-0.555475;0.462792;
1.158349;0.555337;0.461865;1.000000;0.555337;0.461865;1.000000;1.000000;0.000000;-0.555337;0.461865;
1.158472;0.555202;0.460930;1.000000;0.555202;0.460930;1.000000;1.000000;0.000000;-0.555202;0.460930;
1.158595;0.555069;0.459988;1.000000;0.555069;0.459988;1.000000;1.000000;0.000000;-0.555069;0.459988;
1.158718;0.554940;0.459039;1.000000;0.554940;0.459039;1.000000;1.000000;0.000000;-0.554940;0.459039;
1.158841;0.554813;0.458083;1.000000;0.554813;0.458083;1.000000;1.000000;0.000000;-0.554813;0.458083;
1.158964;0.554689;0.457120;1.000000;0.554689;0.457120;1.000000;1.000000;0.000000;-0.554689;0.457120;
1.159086;0.554567;0.456150;1.000000;0.554567;0.456150;1.000000;1.000000;0.000000;-0.554567;0.456150;
1.159209;0.554449;0.455172;1.000000;0.554449;0.455172;1.000000;1.000000;0.000000;-0.554449;0.455172;
1.159332;0.554333;0.454188;1.000000;0.554333;0.454188;1.000000;1.000000;0.000000;-0.554333;0.454188;
1.159455;0.554220;0.453198;1.000000;0.554220;0.453198;1.000000;1.000000;0.000000;-0.554220;0.453198;
1.159578;0.554109;0.452200;1.000000;0.554109;0.452200;1.000000;1.000000;0.000000;-0.554109;0.452200;
1.159701;0.554001;0.451196;1.000000;0.554001;0.451196;1.000000;1.000000;0.000000;-0.554001;0.451196;
1.159824;0.553896;0.450185;1.000000;0.553896;0.450185;1.000000;1.000000;0.000000;-0.553896;0.450185;
1.159946;0.553794;0.449167;1.000000;0.553794;0.449167;1.000000;1.000000;0.000000;-0.553794;0.449167;
1.160069;0.553694;0.448143;1.000000;0.553694;0.448143;1.000000;1.000000;0.000000;-0.553694;0.448143;
1.160192;0.553597;0.447113;1.000000;0.553597;0.447113;1.000000;1.000000;0.000000;-0.553597;0.447113;
1.160315;0.553502;0.446076;1.000000;0.553502;0.446076;1.000000;1.000000;0.000000;-0.553502;0.446076;
1.160438;0.553411;0.445034;1.000000;0.553411;0.445034;1.000000;1.000000;0.000000;-0.553411;0.445034;
1.160561;0.553321;0.443984;1.000000;0.553321;0.443984;1.000000;1.000000;0.000000;-0.553321;0.443984;
1.160684;0.553235;0.442929;1.000000;0.553235;0.442929;1.000000;1.000000;0.000000;-0.553235;0.442929;
1.160806;0.553151;0.441867;1.000000;0.553151;0.441867;1.000000;1.000000;0.000000;-0.553151;0.441867;
1.160929;0.553069;0.440800;1.000000;0.553069;0.440800;1.000000;1.000000;0.000000;-0.553069;0.440800;
1.161052;0.552991;0.439726;1.000000;0.552991;0.439726;1.000000;1.000000;0.000000;-0.552991;0.439726;
1.161175;0.552914;0.438647;1.000000;0.552914;0.438647;1.000000;1.000000;0.000000;-0.552914;0.438647;
1.161298;0.552841;0.437562;1.000000;0.552841;0.437562;1.000000;1.000000;0.000000;-0.552841;0.437562;
1.161421;0.552770;0.436471;1.000000;0.552770;0.436471;1.000000;1.000000;0.000000;-0.552770;0.436471;
1.161544;0.552701;0.435374;1.000000;0.552701;0.435374;1.000000;1.000000;0.000000;-0.552701;0.435374;
1.161667;0.552635;0.434271;1.000000;0.552635;0.434271;1.000000;1.000000;0.000000;-0.552635;0.434271;
1.161789;0.552572;0.433163;1.000000;0.552572;0.433163;1.000000;1.000000;0.000000;-0.552572;0.433163;
1.161912;0.552511;0.432049;1.000000;0.552511;0.432049;1.000000;1.000000;0.000000;-0.552511;0.432049;
1.162035;0.552452;0.430930;1.000000;0.552452;0.430930;1.000000;1.000000;0.000000;-0.552452;0.430930;
1.162066;0.552438;0.430644;1.000000;0.552438;0.430644;1.000000;1.000000;0.000000;-0.552438;0.430644;
1.162066;0.552438;0.430643;1.000000;0.552438;0.430643;1.000000;1.000000;0.000000;-0.552438;0.430643;
1.162067;0.552438;0.430642;1.000000;0.552438;0.430642;1.000000;1.000000;0.000000;-0.552438;0.430642;
1.162067;0.552438;0.430640;1.000000;0.552438;0.430640;1.000000;1.000000;0.000000;-0.552438;0.430640;
1.162067;0.552438;0.430636;1.000000;0.552438;0.430636;1.000000;1.000000;0.000000;-0.552438;0.430636;
1.162068;0.552437;0.430628;1.000000;0.552437;0.430628;1.000000;1.000000;0.000000;-0.552437;0.430628;
1.162069;0.552437;0.430619;1.000000;0.552437;0.430619;1.000000;1.000000;0.000000;-0.552437;0.430619;
1.162071;0.552436;0.430603;1.000000;0.552436;0.430603;1.000000;1.000000;0.000000;-0.552436;0.430603;
1.162073;0.552435;0.430588;1.000000;0.552435;0.430588;1.000000;1.000000;0.000000;-0.552435;0.430588;
1.162074;0.552434;0.430573;1.000000;0.552434;0.430573;1.000000;1.000000;0.000000;-0.552434;0.430573;
1.162076;0.552434;0.430558;1.000000;0.552434;0.430558;1.000000;1.000000;0.000000;-0.552434;0.430558;
1.162077;0.552433;0.430543;1.000000;0.552433;0.430543;1.000000;1.000000;0.000000;-0.552433;0.430543;
1.162079;0.552432;0.430528;1.000000;0.552432;0.430528;1.000000;1.000000;0.000000;-0.552432;0.430528;
1.162081;0.552431;0.430513;1.000000;0.552431;0.430513;1.000000;1.000000;0.000000;-0.552431;0.430513;
1.162082;0.552431;0.430498;1.000000;0.552431;0.430498;1.000000;1.000000;0.000000;-0.552431;0.430498;
1.162084;0.552430;0.430483;1.000000;0.552430;0.430483;1.000000;1.000000;0.000000;-0.552430;0.430483;
1.162086;0.552429;0.430468;1.000000;0.552429;0.430468;1.000000;1.000000;0.000000;-0.552429;0.430468;
1.162087;0.552428;0.430453;1.000000;0.552428;0.430453;1.000000;1.000000;0.000000;-0.552428;0.430453;
1.162089;0.552427;0.430438;1.000000;0.552427;0.430438;1.000000;1.000000;0.000000;-0.552427;0.430438;
1.162091;0.552427;0.430423;1.000000;0.552427;0.430423;1.000000;1.000000;0.000000;-0.552427;0.430423;
1.162092;0.552426;0.430408;1.000000;0.552426;0.430408;1.000000;1.000000;0.000000;-0.552426;0.430408;
1.162094;0.552425;0.430393;1.000000;0.552425;0.430393;1.000000;1.000000;0.000000;-0.552425;0.430393;
1.162096;0.552424;0.430378;1.000000;0.552424;0.430378;1.000000;1.000000;0.000000;-0.552424;0.430378;
1.162097;0.552424;0.430363;1.000000;0.552424;0.430363;1.000000;1.000000;0.000000;-0.552424;0.430363;
1.162099;0.552423;0.430348;1.000000;0.552423;0.430348;1.000000;1.000000;0.000000;-0.552423;0.430348;
1.162100;0.552422;0.430332;1.000000;0.552422;0.430332;1.000000;1.000000;0.000000;-0.552422;0.430332;
1.162102;0.552421;0.430317;1.000000;0.552421;0.430317;1.000000;1.000000;0.000000;-0.552421;0.430317;
1.162104;0.552421;0.430302;1.000000;0.552421;0.430302;1.000000;1.000000;0.000000;-0.552421;0.430302;
1.162105;0.552420;0.430287;1.000000;0.552420;0.430287;1.000000;1.000000;0.000000;-0.552420;0.430287;
1.162107;0.552419;0.430272;1.000000;0.552419;0.430272;1.000000;1.000000;0.000000;-0.552419;0.430272;
1.162109;0.552418;0.430257;1.000000;0.552418;0.430257;1.000000;1.000000;0.000000;-0.552418;0.430257;
1.162110;0.552418;0.430242;1.000000;0.552418;0.430242;1.000000;1.000000;0.000000;-0.552418;0.430242;
1.162112;0.552417;0.430227;1.000000;0.552417;0.430227;1.000000;1.000000;0.000000;-0.552417;0.430227;
1.162114;0.552416;0.430212;1.000000;0.552416;0.430212;1.000000;1.000000;0.000000;-0.552416;0.430212;
1.162115;0.552415;0.430197;1.000000;0.552415;0.430197;1.000000;1.000000;0.000000;-0.552415;0.430197;
1.162117;0.552415;0.430182;1.000000;0.552415;0.430182;1.000000;1.000000;0.000000;-0.552415;0.430182;
1.162119;0.552414;0.430167;1.000000;0.552414;0.430167;1.000000;1.000000;0.000000;-0.552414;0.430167;
1.162120;0.552413;0.430152;1.000000;0.552413;0.430152;1.000000;1.000000;0.000000;-0.552413;0.430152;
1.162122;0.552412;0.430137;1.000000;0.552412;0.430137;1.000000;1.000000;0.000000;-0.552412;0.430137;
1.162124;0.552411;0.430122;1.000000;0.552411;0.430122;1.000000;1.000000;0.000000;-0.552411;0.430122;
1.162125;0.552411;0.430107;1.000000;0.552411;0.430107;1.000000;1.000000;0.000000;-0.552411;0.430107;
1.162127;0.552410;0.430092;1.000000;0.552410;0.430092;1.000000;1.000000;0.000000;-0.552410;0.430092;
1.162128;0.552409;0.430077;1.000000;0.552409;0.430077;1.000000;1.000000;0.000000;-0.552409;0.430077;
1.162130;0.552408;0.430062;1.000000;0.552408;0.430062;1.000000;1.000000;0.000000;-0.552408;0.430062;
1.162132;0.552408;0.430047;1.000000;0.552408;0.430047;1.000000;1.000000;0.000000;-0.552408;0.430047;
1.162133;0.552407;0.430032;1.000000;0.552407;0.430032;1.000000;1.000000;0.000000;-0.552407;0.430032;
1.162135;0.552406;0.430017;1.000000;0.552406;0.430017;1.000000;1.000000;0.000000;-0.552406;0.430017;
1.162137;0.552405;0.430002;1.000000;0.552405;0.430002;1.000000;1.000000;0.000000;-0.552405;0.430002;
1.162138;0.552405;0.429987;1.000000;0.552405;0.429987;1.000000;1.000000;0.000000;-0.552405;0.429987;
1.162142;0.552403;0.429957;1.000000;0.552403;0.429957;1.000000;1.000000;0.000000;-0.552403;0.429957;
1.162145;0.552402;0.429930;1.000000;0.552402;0.429930;1.000000;1.000000;0.000000;-0.552402;0.429930;
1.162147;0.552400;0.429903;1.000000;0.552400;0.429903;1.000000;1.000000;0.000000;-0.552400;0.429903;
1.162150;0.552399;0.429876;1.000000;0.552399;0.429876;1.000000;1.000000;0.000000;-0.552399;0.429876;
1.162153;0.552398;0.429849;1.000000;0.552398;0.429849;1.000000;1.000000;0.000000;-0.552398;0.429849;
1.162156;0.552396;0.429822;1.000000;0.552396;0.429822;1.000000;1.000000;0.000000;-0.552396;0.429822;
1.162159;0.552395;0.429795;1.000000;0.552395;0.429795;1.000000;1.000000;0.000000;-0.552395;0.429795;
1.162162;0.552394;0.429769;1.000000;0.552394;0.429769;1.000000;1.000000;0.000000;-0.552394;0.429769;
1.162165;0.552392;0.429742;1.000000;0.552392;0.429742;1.000000;1.000000;0.000000;-0.552392;0.429742;
1.162168;0.552391;0.429715;1.000000;0.552391;0.429715;1.000000;1.000000;0.000000;-0.552391;0.429715;
1.162171;0.552390;0.429688;1.000000;0.552390;0.429688;1.000000;1.000000;0.000000;-0.552390;0.429688;
1.162174;0.552389;0.429661;1.000000;0.552389;0.429661;1.000000;1.000000;0.000000;-0.552389;0.429661;
1.162177;0.552387;0.429634;1.000000;0.552387;0.429634;1.000000;1.000000;0.000000;-0.552387;0.429634;
1.162180;0.552386;0.429607;1.000000;0.552386;0.429607;1.000000;1.000000;0.000000;-0.552386;0.429607;
1.162183;0.552385;0.429580;1.000000;0.552385;0.429580;1.000000;1.000000;0.000000;-0.552385;0.429580;
1.162186;0.552383;0.429553;1.000000;0.552383;0.429553;1.000000;1.000000;0.000000;-0.552383;0.429553;
1.162188;0.552382;0.429526;1.000000;0.552382;0.429526;1.000000;1.000000;0.000000;-0.552382;0.429526;
1.162191;0.552381;0.429499;1.000000;0.552381;0.429499;1.000000;1.000000;0.000000;-0.552381;0.429499;
1.162194;0.552379;0.429472;1.000000;0.552379;0.429472;1.000000;1.000000;0.000000;-0.552379;0.429472;
1.162197;0.552378;0.429445;1.000000;0.552378;0.429445;1.000000;1.000000;0.000000;-0.552378;0.429445;
1.162200;0.552377;0.429418;1.000000;0.552377;0.429418;1.000000;1.000000;0.000000;-0.552377;0.429418;
1.162203;0.552375;0.429391;1.000000;0.552375;0.429391;1.000000;1.000000;0.000000;-0.552375;0.429391;
1.162206;0.552374;0.429364;1.000000;0.552374;0.429364;1.000000;1.000000;0.000000;-0.552374;0.429364;
1.162209;0.552373;0.429337;1.000000;0.552373;0.429337;1.000000;1.000000;0.000000;-0.552373;0.429337;
1.162212;0.552371;0.429310;1.000000;0.552371;0.429310;1.000000;1.000000;0.000000;-0.552371;0.429310;
1.162215;0.552370;0.429283;1.000000;0.552370;0.429283;1.000000;1.000000;0.000000;-0.552370;0.429283;
1.162218;0.552369;0.429256;1.000000;0.552369;0.429256;1.000000;1.000000;0.000000;-0.552369;0.429256;
1.162221;0.552367;0.429229;1.000000;0.552367;0.429229;1.000000;1.000000;0.000000;-0.552367;0.429229;
1.162224;0.552366;0.429202;1.000000;0.552366;0.429202;1.000000;1.000000;0.000000;-0.552366;0.429202;
1.162227;0.552365;0.429175;1.000000;0.552365;0.429175;1.000000;1.000000;0.000000;-0.552365;0.429175;
1.162230;0.552364;0.429148;1.000000;0.552364;0.429148;1.000000;1.000000;0.000000;-0.552364;0.429148;
1.162232;0.552362;0.429121;1.000000;0.552362;0.429121;1.000000;1.000000;0.000000;-0.552362;0.429121;
1.162235;0.552361;0.429094;1.000000;0.552361;0.429094;1.000000;1.000000;0.000000;-0.552361;0.429094;
1.162238;0.552360;0.429067;1.000000;0.552360;0.429067;1.000000;1.000000;0.000000;-0.552360;0.429067;
1.162241;0.552358;0.429040;1.000000;0.552358;0.429040;1.000000;1.000000;0.000000;-0.552358;0.429040;
1.162244;0.552357;0.429013;1.000000;0.552357;0.429013;1.000000;1.000000;0.000000;-0.552357;0.429013;
1.162247;0.552356;0.428986;1.000000;0.552356;0.428986;1.000000;1.000000;0.000000;-0.552356;0.428986;
1.162250;0.552355;0.428958;1.000000;0.552355;0.428958;1.000000;1.000000;0.000000;-0.552355;0.428958;
1.162253;0.552353;0.428931;1.000000;0.552353;0.428931;1.000000;1.000000;0.000000;-0.552353;0.428931;
1.162256;0.552352;0.428904;1.000000;0.552352;0.428904;1.000000;1.000000;0.000000;-0.552352;0.428904;
1.162259;0.552351;0.428877;1.000000;0.552351;0.428877;1.000000;1.000000;0.000000;-0.552351;0.428877;
1.162262;0.552349;0.428850;1.000000;0.552349;0.428850;1.000000;1.000000;0.000000;-0.552349;0.428850;
1.162265;0.552348;0.428823;1.000000;0.552348;0.428823;1.000000;1.000000;0.000000;-0.552348;0.428823;
1.162268;0.552347;0.428795;1.000000;0.552347;0.428795;1.000000;1.000000;0.000000;-0.552347;0.428795;
1.162271;0.552346;0.428768;1.000000;0.552346;0.428768;1.000000;1.000000;0.000000;-0.552346;0.428768;
1.162273;0.552344;0.428741;1.000000;0.552344;0.428741;1.000000;1.000000;0.000000;-0.552344;0.428741;
1.162276;0.552343;0.428714;1.000000;0.552343;0.428714;1.000000;1.000000;0.000000;-0.552343;0.428714;
1.162279;0.552342;0.428686;1.000000;0.552342;0.428686;1.000000;1.000000;0.000000;-0.552342;0.428686;
1.162282;0.552340;0.428659;1.000000;0.552340;0.428659;1.000000;1.000000;0.000000;-0.552340;0.428659;
1.162285;0.552339;0.428632;1.000000;0.552339;0.428632;1.000000;1.000000;0.000000;-0.552339;0.428632;
1.162288;0.552338;0.428605;1.000000;0.552338;0.428605;1.000000;1.000000;0.000000;-0.552338;0.428605;
1.162291;0.552337;0.428577;1.000000;0.552337;0.428577;1.000000;1.000000;0.000000;-0.552337;0.428577;
1.162294;0.552335;0.428550;1.000000;0.552335;0.428550;1.000000;1.000000;0.000000;-0.552335;0.428550;
1.162297;0.552334;0.428523;1.000000;0.552334;0.428523;1.000000;1.000000;0.000000;-0.552334;0.428523;
1.162300;0.552333;0.428495;1.000000;0.552333;0.428495;1.000000;1.000000;0.000000;-0.552333;0.428495;
1.162306;0.552330;0.428441;1.000000;0.552330;0.428441;1.000000;1.000000;0.000000;-0.552330;0.428441;
1.162311;0.552328;0.428392;1.000000;0.552328;0.428392;1.000000;1.000000;0.000000;-0.552328;0.428392;
1.162316;0.552326;0.428344;1.000000;0.552326;0.428344;1.000000;1.000000;0.000000;-0.552326;0.428344;
1.162321;0.552324;0.428296;1.000000;0.552324;0.428296;1.000000;1.000000;0.000000;-0.552324;0.428296;
1.162326;0.552321;0.428248;1.000000;0.552321;0.428248;1.000000;1.000000;0.000000;-0.552321;0.428248;
1.162332;0.552319;0.428199;1.000000;0.552319;0.428199;1.000000;1.000000;0.000000;-0.552319;0.428199;
1.162337;0.552317;0.428151;1.000000;0.552317;0.428151;1.000000;1.000000;0.000000;-0.552317;0.428151;
1.162342;0.552315;0.428102;1.000000;0.552315;0.428102;1.000000;1.000000;0.000000;-0.552315;0.428102;
1.162347;0.552313;0.428054;1.000000;0.552313;0.428054;1.000000;1.000000;0.000000;-0.552313;0.428054;
1.162352;0.552310;0.428005;1.000000;0.552310;0.428005;1.000000;1.000000;0.000000;-0.552310;0.428005;
1.162357;0.552308;0.427957;1.000000;0.552308;0.427957;1.000000;1.000000;0.000000;-0.552308;0.427957;
1.162363;0.552306;0.427908;1.000000;0.552306;0.427908;1.000000;1.000000;0.000000;-0.552306;0.427908;
1.162368;0.552304;0.427859;1.000000;0.552304;0.427859;1.000000;1.000000;0.000000;-0.552304;0.427859;
1.162373;0.552302;0.427811;1.000000;0.552302;0.427811;1.000000;1.000000;0.000000;-0.552302;0.427811;
1.162378;0.552300;0.427762;1.000000;0.552300;0.427762;1.000000;1.000000;0.000000;-0.552300;0.427762;
1.162383;0.552297;0.427713;1.000000;0.552297;0.427713;1.000000;1.000000;0.000000;-0.552297;0.427713;
1.162388;0.552295;0.427664;1.000000;0.552295;0.427664;1.000000;1.000000;0.000000;-0.552295;0.427664;
1.162393;0.552293;0.427615;1.000000;0.552293;0.427615;1.000000;1.000000;0.000000;-0.552293;0.427615;
1.162399;0.552291;0.427566;1.000000;0.552291;0.427566;1.000000;1.000000;0.000000;-0.552291;0.427566;
1.162404;0.552289;0.427517;1.000000;0.552289;0.427517;1.000000;1.000000;0.000000;-0.552289;0.427517;
1.162409;0.552287;0.427468;1.000000;0.552287;0.427468;1.000000;1.000000;0.000000;-0.552287;0.427468;
1.162414;0.552285;0.427419;1.000000;0.552285;0.427419;1.000000;1.000000;0.000000;-0.552285;0.427419;
1.162419;0.552282;0.427370;1.000000;0.552282;0.427370;1.000000;1.000000;0.000000;-0.552282;0.427370;
1.162424;0.552280;0.427321;1.000000;0.552280;0.427321;1.000000;1.000000;0.000000;-0.552280;0.427321;
1.162430;0.552278;0.427272;1.000000;0.552278;0.427272;1.000000;1.000000;0.000000;-0.552278;0.427272;
1.162435;0.552276;0.427223;1.000000;0.552276;0.427223;1.000000;1.000000;0.000000;-0.552276;0.427223;
1.162440;0.552274;0.427174;1.000000;0.552274;0.427174;1.000000;1.000000;0.000000;-0.552274;0.427174;
1.162445;0.552272;0.427124;1.000000;0.552272;0.427124;1.000000;1.000000;0.000000;-0.552272;0.427124;
1.162450;0.552270;0.427075;1.000000;0.552270;0.427075;1.000000;1.000000;0.000000;-0.552270;0.427075;
1.162455;0.552268;0.427025;1.000000;0.552268;0.427025;1.000000;1.000000;0.000000;-0.552268;0.427025;
1.162461;0.552266;0.426976;1.000000;0.552266;0.426976;1.000000;1.000000;0.000000;-0.552266;0.426976;
1.162466;0.552264;0.426927;1.000000;0.552264;0.426927;1.000000;1.000000;0.000000;-0.552264;0.426927;
1.162471;0.552261;0.426877;1.000000;0.552261;0.426877;1.000000;1.000000;0.000000;-0.552261;0.426877;
1.162476;0.552259;0.426828;1.000000;0.552259;0.426828;1.000000;1.000000;0.000000;-0.552259;0.426828;
1.162481;0.552257;0.426778;1.000000;0.552257;0.426778;1.000000;1.000000;0.000000;-0.552257;0.426778;
1.162486;0.552255;0.426728;1.000000;0.552255;0.426728;1.000000;1.000000;0.000000;-0.552255;0.426728;
1.162497;0.552251;0.426629;1.000000;0.552251;0.426629;1.000000;1.000000;0.000000;-0.552251;0.426629;
1.162506;0.552247;0.426539;1.000000;0.552247;0.426539;1.000000;1.000000;0.000000;-0.552247;0.426539;
1.162515;0.552244;0.426449;1.000000;0.552244;0.426449;1.000000;1.000000;0.000000;-0.552244;0.426449;
1.162525;0.552240;0.426359;1.000000;0.552240;0.426359;1.000000;1.000000;0.000000;-0.552240;0.426359;
1.162534;0.552236;0.426269;1.000000;0.552236;0.426269;1.000000;1.000000;0.000000;-0.552236;0.426269;
1.162543;0.552233;0.426179;1.000000;0.552233;0.426179;1.000000;1.000000;0.000000;-0.552233;0.426179;
1.162553;0.552229;0.426089;1.000000;0.552229;0.426089;1.000000;1.000000;0.000000;-0.552229;0.426089;
1.162562;0.552226;0.425998;1.000000;0.552226;0.425998;1.000000;1.000000;0.000000;-0.552226;0.425998;
1.162571;0.552222;0.425908;1.000000;0.552222;0.425908;1.000000;1.000000;0.000000;-0.552222;0.425908;
1.162580;0.552218;0.425817;1.000000;0.552218;0.425817;1.000000;1.000000;0.000000;-0.552218;0.425817;
1.162590;0.552215;0.425726;1.000000;0.552215;0.425726;1.000000;1.000000;0.000000;-0.552215;0.425726;
1.162599;0.552211;0.425635;1.000000;0.552211;0.425635;1.000000;1.000000;0.000000;-0.552211;0.425635;
1.162608;0.552208;0.425544;1.000000;0.552208;0.425544;1.000000;1.000000;0.000000;-0.552208;0.425544;
1.162618;0.552204;0.425453;1.000000;0.552204;0.425453;1.000000;1.000000;0.000000;-0.552204;0.425453;
1.162627;0.552201;0.425361;1.000000;0.552201;0.425361;1.000000;1.000000;0.000000;-0.552201;0.425361;
1.162636;0.552197;0.425270;1.000000;0.552197;0.425270;1.000000;1.000000;0.000000;-0.552197;0.425270;
1.162645;0.552194;0.425178;1.000000;0.552194;0.425178;1.000000;1.000000;0.000000;-0.552194;0.425178;
1.162655;0.552190;0.425086;1.000000;0.552190;0.425086;1.000000;1.000000;0.000000;-0.552190;0.425086;
1.162673;0.552183;0.424902;1.000000;0.552183;0.424902;1.000000;1.000000;0.000000;-0.552183;0.424902;
1.162690;0.552177;0.424736;1.000000;0.552177;0.424736;1.000000;1.000000;0.000000;-0.552177;0.424736;
1.162707;0.552171;0.424570;1.000000;0.552171;0.424570;1.000000;1.000000;0.000000;-0.552171;0.424570;
1.162724;0.552165;0.424403;1.000000;0.552165;0.424403;1.000000;1.000000;0.000000;-0.552165;0.424403;
1.162740;0.552159;0.424235;1.000000;0.552159;0.424235;1.000000;1.000000;0.000000;-0.552159;0.424235;
1.162757;0.552153;0.424067;1.000000;0.552153;0.424067;1.000000;1.000000;0.000000;-0.552153;0.424067;
1.162774;0.552147;0.423899;1.000000;0.552147;0.423899;1.000000;1.000000;0.000000;-0.552147;0.423899;
1.162790;0.552141;0.423731;1.000000;0.552141;0.423731;1.000000;1.000000;0.000000;-0.552141;0.423731;
1.162807;0.552135;0.423562;1.000000;0.552135;0.423562;1.000000;1.000000;0.000000;-0.552135;0.423562;
1.162824;0.552130;0.423392;1.000000;0.552130;0.423392;1.000000;1.000000;0.000000;-0.552130;0.423392;
1.162841;0.552124;0.423223;1.000000;0.552124;0.423223;1.000000;1.000000;0.000000;-0.552124;0.423223;
1.162857;0.552118;0.423053;1.000000;0.552118;0.423053;1.000000;1.000000;0.000000;-0.552118;0.423053;
1.162874;0.552112;0.422882;1.000000;0.552112;0.422882;1.000000;1.000000;0.000000;-0.552112;0.422882;
1.162891;0.552107;0.422711;1.000000;0.552107;0.422711;1.000000;1.000000;0.000000;-0.552107;0.422711;
1.162908;0.552101;0.422540;1.000000;0.552101;0.422540;1.000000;1.000000;0.000000;-0.552101;0.422540;
1.162924;0.552096;0.422369;1.000000;0.552096;0.422369;1.000000;1.000000;0.000000;-0.552096;0.422369;
1.162958;0.552085;0.422024;1.000000;0.552085;0.422024;1.000000;1.000000;0.000000;-0.552085;0.422024;
1.162988;0.552075;0.421717;1.000000;0.552075;0.421717;1.000000;1.000000;0.000000;-0.552075;0.421717;
1.163017;0.552066;0.421408;1.000000;0.552066;0.421408;1.000000;1.000000;0.000000;-0.552066;0.421408;
1.163047;0.552057;0.421099;1.000000;0.552057;0.421099;1.000000;1.000000;0.000000;-0.552057;0.421099;
1.163077;0.552048;0.420788;1.000000;0.552048;0.420788;1.000000;1.000000;0.000000;-0.552048;0.420788;
1.163107;0.552039;0.420476;1.000000;0.552039;0.420476;1.000000;1.000000;0.000000;-0.552039;0.420476;
1.163136;0.552030;0.420164;1.000000;0.552030;0.420164;1.000000;1.000000;0.000000;-0.552030;0.420164;
1.163166;0.552021;0.419850;1.000000;0.552021;0.419850;1.000000;1.000000;0.000000;-0.552021;0.419850;
1.163196;0.552013;0.419536;1.000000;0.552013;0.419536;1.000000;1.000000;0.000000;-0.552013;0.419536;
1.163226;0.552004;0.419220;1.000000;0.552004;0.419220;1.000000;1.000000;0.000000;-0.552004;0.419220;
1.163255;0.551996;0.418904;1.000000;0.551996;0.418904;1.000000;1.000000;0.000000;-0.551996;0.418904;
1.163285;0.551988;0.418586;1.000000;0.551988;0.418586;1.000000;1.000000;0.000000;-0.551988;0.418586;
1.163315;0.551980;0.418268;1.000000;0.551980;0.418268;1.000000;1.000000;0.000000;-0.551980;0.418268;
1.163344;0.551972;0.417949;1.000000;0.551972;0.417949;1.000000;1.000000;0.000000;-0.551972;0.417949;
1.163374;0.551965;0.417629;1.000000;0.551965;0.417629;1.000000;1.000000;0.000000;-0.551965;0.417629;
1.163404;0.551957;0.417308;1.000000;0.551957;0.417308;1.000000;1.000000;0.000000;-0.551957;0.417308;
1.163434;0.551950;0.416986;1.000000;0.551950;0.416986;1.000000;1.000000;0.000000;-0.551950;0.416986;
1.163463;0.551943;0.416663;1.000000;0.551943;0.416663;1.000000;1.000000;0.000000;-0.551943;0.416663;
1.163493;0.551935;0.416340;1.000000;0.551935;0.416340;1.000000;1.000000;0.000000;-0.551935;0.416340;
1.163523;0.551928;0.416016;1.000000;0.551928;0.416016;1.000000;1.000000;0.000000;-0.551928;0.416016;
1.163553;0.551922;0.415691;1.000000;0.551922;0.415691;1.000000;1.000000;0.000000;-0.551922;0.415691;
1.163582;0.551915;0.415365;1.000000;0.551915;0.415365;1.000000;1.000000;0.000000;-0.551915;0.415365;
1.163612;0.551908;0.415038;1.000000;0.551908;0.415038;1.000000;1.000000;0.000000;-0.551908;0.415038;
1.163642;0.551902;0.414711;1.000000;0.551902;0.414711;1.000000;1.000000;0.000000;-0.551902;0.414711;
1.163672;0.551896;0.414383;1.000000;0.551896;0.414383;1.000000;1.000000;0.000000;-0.551896;0.414383;
1.163701;0.551890;0.414054;1.000000;0.551890;0.414054;1.000000;1.000000;0.000000;-0.551890;0.414054;
1.163731;0.551884;0.413724;1.000000;0.551884;0.413724;1.000000;1.000000;0.000000;-0.551884;0.413724;
1.163761;0.551878;0.413394;1.000000;0.551878;0.413394;1.000000;1.000000;0.000000;-0.551878;0.413394;
1.163791;0.551872;0.413063;1.000000;0.551872;0.413063;1.000000;1.000000;0.000000;-0.551872;0.413063;
1.163820;0.551866;0.412731;1.000000;0.551866;0.412731;1.000000;1.000000;0.000000;-0.551866;0.412731;
1.163850;0.551861;0.412399;1.000000;0.551861;0.412399;1.000000;1.000000;0.000000;-0.551861;0.412399;
1.163880;0.551856;0.412066;1.000000;0.551856;0.412066;1.000000;1.000000;0.000000;-0.551856;0.412066;
1.163910;0.551851;0.411732;1.000000;0.551851;0.411732;1.000000;1.000000;0.000000;-0.551851;0.411732;
1.163939;0.551845;0.411398;1.000000;0.551845;0.411398;1.000000;1.000000;0.000000;-0.551845;0.411398;
1.163969;0.551841;0.411063;1.000000;0.551841;0.411063;1.000000;1.000000;0.000000;-0.551841;0.411063;
1.163999;0.551836;0.410727;1.000000;0.551836;0.410727;1.000000;1.000000;0.000000;-0.551836;0.410727;
1.164029;0.551831;0.410391;1.000000;0.551831;0.410391;1.000000;1.000000;0.000000;-0.551831;0.410391;
1.164058;0.551827;0.410054;1.000000;0.551827;0.410054;1.000000;1.000000;0.000000;-0.551827;0.410054;
1.164088;0.551822;0.409716;1.000000;0.551822;0.409716;1.000000;1.000000;0.000000;-0.551822;0.409716;
1.164118;0.551818;0.409378;1.000000;0.551818;0.409378;1.000000;1.000000;0.000000;-0.551818;0.409378;
1.164177;0.551810;0.408700;1.000000;0.551810;0.408700;1.000000;1.000000;0.000000;-0.551810;0.408700;
1.164231;0.551804;0.408090;1.000000;0.551804;0.408090;1.000000;1.000000;0.000000;-0.551804;0.408090;
1.164284;0.551798;0.407478;1.000000;0.551798;0.407478;1.000000;1.000000;0.000000;-0.551798;0.407478;
1.164337;0.551792;0.406864;1.000000;0.551792;0.406864;1.000000;1.000000;0.000000;-0.551792;0.406864;
1.164391;0.551787;0.406249;1.000000;0.551787;0.406249;1.000000;1.000000;0.000000;-0.551787;0.406249;
1.164444;0.551782;0.405632;1.000000;0.551782;0.405632;1.000000;1.000000;0.000000;-0.551782;0.405632;
1.164497;0.551777;0.405013;1.000000;0.551777;0.405013;1.000000;1.000000;0.000000;-0.551777;0.405013;
1.164551;0.551773;0.404393;1.000000;0.551773;0.404393;1.000000;1.000000;0.000000;-0.551773;0.404393;
1.164604;0.551770;0.403770;1.000000;0.551770;0.403770;1.000000;1.000000;0.000000;-0.551770;0.403770;
1.164657;0.551767;0.403147;1.000000;0.551767;0.403147;1.000000;1.000000;0.000000;-0.551767;0.403147;
1.164711;0.551764;0.402521;1.000000;0.551764;0.402521;1.000000;1.000000;0.000000;-0.551764;0.402521;
1.164764;0.551762;0.401895;1.000000;0.551762;0.401895;1.000000;1.000000;0.000000;-0.551762;0.401895;
1.164817;0.551760;0.401266;1.000000;0.551760;0.401266;1.000000;1.000000;0.000000;-0.551760;0.401266;
1.164870;0.551758;0.400636;1.000000;0.551758;0.400636;1.000000;1.000000;0.000000;-0.551758;0.400636;
1.164924;0.551757;0.400005;1.000000;0.551757;0.400005;1.000000;1.000000;0.000000;-0.551757;0.400005;
1.164977;0.551757;0.399372;1.000000;0.551757;0.399372;1.000000;1.000000;0.000000;-0.551757;0.399372;
1.165030;0.551757;0.398738;1.000000;0.551757;0.398738;1.000000;1.000000;0.000000;-0.551757;0.398738;
1.165084;0.551757;0.398102;1.000000;0.551757;0.398102;1.000000;1.000000;0.000000;-0.551757;0.398102;
1.165137;0.551758;0.397465;1.000000;0.551758;0.397465;1.000000;1.000000;0.000000;-0.551758;0.397465;
1.165190;0.551759;0.396826;1.000000;0.551759;0.396826;1.000000;1.000000;0.000000;-0.551759;0.396826;
1.165244;0.551760;0.396186;1.000000;0.551760;0.396186;1.000000;1.000000;0.000000;-0.551760;0.396186;
1.165297;0.551762;0.395545;1.000000;0.551762;0.395545;1.000000;1.000000;0.000000;-0.551762;0.395545;
1.165350;0.551765;0.394903;1.000000;0.551765;0.394903;1.000000;1.000000;0.000000;-0.551765;0.394903;
1.165403;0.551768;0.394259;1.000000;0.551768;0.394259;1.000000;1.000000;0.000000;-0.551768;0.394259;
1.165457;0.551771;0.393614;1.000000;0.551771;0.393614;1.000000;1.000000;0.000000;-0.551771;0.393614;
1.165510;0.551774;0.392967;1.000000;0.551774;0.392967;1.000000;1.000000;0.000000;-0.551774;0.392967;
1.165617;0.551783;0.391669;1.000000;0.551783;0.391669;1.000000;1.000000;0.000000;-0.551783;0.391669;
1.165713;0.551793;0.390497;1.000000;0.551793;0.390497;1.000000;1.000000;0.000000;-0.551793;0.390497;
1.165809;0.551804;0.389321;1.000000;0.551804;0.389321;1.000000;1.000000;0.000000;-0.551804;0.389321;
1.165905;0.551816;0.388141;1.000000;0.551816;0.388141;1.000000;1.000000;0.000000;-0.551816;0.388141;
1.166000;0.551829;0.386957;1.000000;0.551829;0.386957;1.000000;1.000000;0.000000;-0.551829;0.386957;
1.166096;0.551844;0.385770;1.000000;0.551844;0.385770;1.000000;1.000000;0.000000;-0.551844;0.385770;
1.166192;0.551860;0.384579;1.000000;0.551860;0.384579;1.000000;1.000000;0.000000;-0.551860;0.384579;
1.166288;0.551877;0.383385;1.000000;0.551877;0.383385;1.000000;1.000000;0.000000;-0.551877;0.383385;
1.166384;0.551896;0.382186;1.000000;0.551896;0.382186;1.000000;1.000000;0.000000;-0.551896;0.382186;
1.166480;0.551916;0.380985;1.000000;0.551916;0.380985;1.000000;1.000000;0.000000;-0.551916;0.380985;
1.166576;0.551937;0.379780;1.000000;0.551937;0.379780;1.000000;1.000000;0.000000;-0.551937;0.379780;
1.166672;0.551959;0.378572;1.000000;0.551959;0.378572;1.000000;1.000000;0.000000;-0.551959;0.378572;
1.166768;0.551983;0.377360;1.000000;0.551983;0.377360;1.000000;1.000000;0.000000;-0.551983;0.377360;
1.166864;0.552008;0.376145;1.000000;0.552008;0.376145;1.000000;1.000000;0.000000;-0.552008;0.376145;
1.166960;0.552035;0.374927;1.000000;0.552035;0.374927;1.000000;1.000000;0.000000;-0.552035;0.374927;
1.167056;0.552062;0.373706;1.000000;0.552062;0.373706;1.000000;1.000000;0.000000;-0.552062;0.373706;
1.167152;0.552091;0.372482;1.000000;0.552091;0.372482;1.000000;1.000000;0.000000;-0.552091;0.372482;
1.167248;0.552121;0.371254;1.000000;0.552121;0.371254;1.000000;1.000000;0.000000;-0.552121;0.371254;
1.167344;0.552153;0.370024;1.000000;0.552153;0.370024;1.000000;1.000000;0.000000;-0.552153;0.370024;
1.167440;0.552185;0.368790;1.000000;0.552185;0.368790;1.000000;1.000000;0.000000;-0.552185;0.368790;
1.167536;0.552219;0.367554;1.000000;0.552219;0.367554;1.000000;1.000000;0.000000;-0.552219;0.367554;
1.167632;0.552254;0.366315;1.000000;0.552254;0.366315;1.000000;1.000000;0.000000;-0.552254;0.366315;
1.167728;0.552291;0.365073;1.000000;0.552291;0.365073;1.000000;1.000000;0.000000;-0.552291;0.365073;
1.167823;0.552328;0.363828;1.000000;0.552328;0.363828;1.000000;1.000000;0.000000;-0.552328;0.363828;
1.167919;0.552367;0.362580;1.000000;0.552367;0.362580;1.000000;1.000000;0.000000;-0.552367;0.362580;
1.168015;0.552407;0.361330;1.000000;0.552407;0.361330;1.000000;1.000000;0.000000;-0.552407;0.361330;
1.168111;0.552448;0.360076;1.000000;0.552448;0.360076;1.000000;1.000000;0.000000;-0.552448;0.360076;
1.168207;0.552491;0.358820;1.000000;0.552491;0.358820;1.000000;1.000000;0.000000;-0.552491;0.358820;
1.168303;0.552534;0.357562;1.000000;0.552534;0.357562;1.000000;1.000000;0.000000;-0.552534;0.357562;
1.168399;0.552579;0.356301;1.000000;0.552579;0.356301;1.000000;1.000000;0.000000;-0.552579;0.356301;
1.168495;0.552625;0.355037;1.000000;0.552625;0.355037;1.000000;1.000000;0.000000;-0.552625;0.355037;
1.168591;0.552672;0.353771;1.000000;0.552672;0.353771;1.000000;1.000000;0.000000;-0.552672;0.353771;
1.168687;0.552721;0.352502;1.000000;0.552721;0.352502;1.000000;1.000000;0.000000;-0.552721;0.352502;
1.168783;0.552770;0.351231;1.000000;0.552770;0.351231;1.000000;1.000000;0.000000;-0.552770;0.351231;
1.168879;0.552821;0.349958;1.000000;0.552821;0.349958;1.000000;1.000000;0.000000;-0.552821;0.349958;
1.168975;0.552873;0.348682;1.000000;0.552873;0.348682;1.000000;1.000000;0.000000;-0.552873;0.348682;
1.169071;0.552926;0.347403;1.000000;0.552926;0.347403;1.000000;1.000000;0.000000;-0.552926;0.347403;
1.169167;0.552980;0.346122;1.000000;0.552980;0.346122;1.000000;1.000000;0.000000;-0.552980;0.346122;
1.169263;0.553036;0.344839;1.000000;0.553036;0.344839;1.000000;1.000000;0.000000;-0.553036;0.344839;
1.169359;0.553092;0.343554;1.000000;0.553092;0.343554;1.000000;1.000000;0.000000;-0.553092;0.343554;
1.169455;0.553150;0.342267;1.000000;0.553150;0.342267;1.000000;1.000000;0.000000;-0.553150;0.342267;
1.169551;0.553209;0.340977;1.000000;0.553209;0.340977;1.000000;1.000000;0.000000;-0.553209;0.340977;
1.169646;0.553269;0.339685;1.000000;0.553269;0.339685;1.000000;1.000000;0.000000;-0.553269;0.339685;
1.169742;0.553330;0.338391;1.000000;0.553330;0.338391;1.000000;1.000000;0.000000;-0.553330;0.338391;
1.169838;0.553392;0.337095;1.000000;0.553392;0.337095;1.000000;1.000000;0.000000;-0.553392;0.337095;
1.169934;0.553455;0.335797;1.000000;0.553455;0.335797;1.000000;1.000000;0.000000;-0.553455;0.335797;
1.170030;0.553520;0.334497;1.000000;0.553520;0.334497;1.000000;1.000000;0.000000;-0.553520;0.334497;
1.170126;0.553585;0.333195;1.000000;0.553585;0.333195;1.000000;1.000000;0.000000;-0.553585;0.333195;
1.170222;0.553652;0.331891;1.000000;0.553652;0.331891;1.000000;1.000000;0.000000;-0.553652;0.331891;
1.170318;0.553720;0.330585;1.000000;0.553720;0.330585;1.000000;1.000000;0.000000;-0.553720;0.330585;
1.170414;0.553788;0.329277;1.000000;0.553788;0.329277;1.000000;1.000000;0.000000;-0.553788;0.329277;
1.170510;0.553858;0.327967;1.000000;0.553858;0.327967;1.000000;1.000000;0.000000;-0.553858;0.327967;
1.170606;0.553929;0.326656;1.000000;0.553929;0.326656;1.000000;1.000000;0.000000;-0.553929;0.326656;
1.170702;0.554001;0.325342;1.000000;0.554001;0.325342;1.000000;1.000000;0.000000;-0.554001;0.325342;
1.170798;0.554074;0.324027;1.000000;0.554074;0.324027;1.000000;1.000000;0.000000;-0.554074;0.324027;
1.170894;0.554148;0.322710;1.000000;0.554148;0.322710;1.000000;1.000000;0.000000;-0.554148;0.322710;
1.170990;0.554223;0.321392;1.000000;0.554223;0.321392;1.000000;1.000000;0.000000;-0.554223;0.321392;
1.171086;0.554300;0.320072;1.000000;0.554300;0.320072;1.000000;1.000000;0.000000;-0.554300;0.320072;
1.171182;0.554377;0.318750;1.000000;0.554377;0.318750;1.000000;1.000000;0.000000;-0.554377;0.318750;
1.171278;0.554455;0.317426;1.000000;0.554455;0.317426;1.000000;1.000000;0.000000;-0.554455;0.317426;
1.171374;0.554534;0.316101;1.000000;0.554534;0.316101;1.000000;1.000000;0.000000;-0.554534;0.316101;
1.171469;0.554615;0.314775;1.000000;0.554615;0.314775;1.000000;1.000000;0.000000;-0.554615;0.314775;
1.171565;0.554696;0.313447;1.000000;0.554696;0.313447;1.000000;1.000000;0.000000;-0.554696;0.313447;
1.171661;0.554779;0.312117;1.000000;0.554779;0.312117;1.000000;1.000000;0.000000;-0.554779;0.312117;
1.171757;0.554862;0.310786;1.000000;0.554862;0.310786;1.000000;1.000000;0.000000;-0.554862;0.310786;
1.171853;0.554946;0.309454;1.000000;0.554946;0.309454;1.000000;1.000000;0.000000;-0.554946;0.309454;
1.171949;0.555032;0.308120;1.000000;0.555032;0.308120;1.000000;1.000000;0.000000;-0.555032;0.308120;
1.172045;0.555118;0.306785;1.000000;0.555118;0.306785;1.000000;1.000000;0.000000;-0.555118;0.306785;
1.172141;0.555206;0.305448;1.000000;0.555206;0.305448;1.000000;1.000000;0.000000;-0.555206;0.305448;
1.172237;0.555294;0.304111;1.000000;0.555294;0.304111;1.000000;1.000000;0.000000;-0.555294;0.304111;
1.172333;0.555383;0.302772;1.000000;0.555383;0.302772;1.000000;1.000000;0.000000;-0.555383;0.302772;
1.172429;0.555474;0.301431;1.000000;0.555474;0.301431;1.000000;1.000000;0.000000;-0.555474;0.301431;
1.172525;0.555565;0.300090;1.000000;0.555565;0.300090;1.000000;1.000000;0.000000;-0.555565;0.300090;
1.172621;0.555657;0.298747;1.000000;0.555657;0.298747;1.000000;1.000000;0.000000;-0.555657;0.298747;
1.172717;0.555751;0.297404;1.000000;0.555751;0.297404;1.000000;1.000000;0.000000;-0.555751;0.297404;
1.172813;0.555845;0.296059;1.000000;0.555845;0.296059;1.000000;1.000000;0.000000;-0.555845;0.296059;
1.172909;0.555940;0.294713;1.000000;0.555940;0.294713;1.000000;1.000000;0.000000;-0.555940;0.294713;
1.173005;0.556036;0.293366;1.000000;0.556036;0.293366;1.000000;1.000000;0.000000;-0.556036;0.293366;
1.173101;0.556133;0.292018;1.000000;0.556133;0.292018;1.000000;1.000000;0.000000;-0.556133;0.292018;
1.173197;0.556231;0.290669;1.000000;0.556231;0.290669;1.000000;1.000000;0.000000;-0.556231;0.290669;
1.173388;0.556430;0.287967;1.000000;0.556430;0.287967;1.000000;1.000000;0.000000;-0.556430;0.287967;
1.173558;0.556609;0.285583;1.000000;0.556609;0.285583;1.000000;1.000000;0.000000;-0.556609;0.285583;
1.173727;0.556790;0.283197;1.000000;0.556790;0.283197;1.000000;1.000000;0.000000;-0.556790;0.283197;
1.173896;0.556975;0.280808;1.000000;0.556975;0.280808;1.000000;1.000000;0.000000;-0.556975;0.280808;
1.174065;0.557162;0.278417;1.000000;0.557162;0.278417;1.000000;1.000000;0.000000;-0.557162;0.278417;
1.174234;0.557351;0.276024;1.000000;0.557351;0.276024;1.000000;1.000000;0.000000;-0.557351;0.276024;
1.174403;0.557544;0.273629;1.000000;0.557544;0.273629;1.000000;1.000000;0.000000;-0.557544;0.273629;
1.174572;0.557739;0.271232;1.000000;0.557739;0.271232;1.000000;1.000000;0.000000;-0.557739;0.271232;
1.174741;0.557936;0.268834;1.000000;0.557936;0.268834;1.000000;1.000000;0.000000;-0.557936;0.268834;
1.174910;0.558137;0.266434;1.000000;0.558137;0.266434;1.000000;1.000000;0.000000;-0.558137;0.266434;
1.175080;0.558339;0.264033;1.000000;0.558339;0.264033;1.000000;1.000000;0.000000;-0.558339;0.264033;
1.175249;0.558545;0.261631;1.000000;0.558545;0.261631;1.000000;1.000000;0.000000;-0.558545;0.261631;
1.175418;0.558753;0.259227;1.000000;0.558753;0.259227;1.000000;1.000000;0.000000;-0.558753;0.259227;
1.175587;0.558963;0.256823;1.000000;0.558963;0.256823;1.000000;1.000000;0.000000;-0.558963;0.256823;
1.175756;0.559176;0.254418;1.000000;0.559176;0.254418;1.000000;1.000000;0.000000;-0.559176;0.254418;
1.175925;0.559392;0.252013;1.000000;0.559392;0.252013;1.000000;1.000000;0.000000;-0.559392;0.252013;
1.176094;0.559609;0.249607;1.000000;0.559609;0.249607;1.000000;1.000000;0.000000;-0.559609;0.249607;
1.176263;0.559829;0.247201;1.000000;0.559829;0.247201;1.000000;1.000000;0.000000;-0.559829;0.247201;
1.176432;0.560052;0.244795;1.000000;0.560052;0.244795;1.000000;1.000000;0.000000;-0.560052;0.244795;
1.176602;0.560277;0.242388;1.000000;0.560277;0.242388;1.000000;1.000000;0.000000;-0.560277;0.242388;
1.176771;0.560504;0.239982;1.000000;0.560504;0.239982;1.000000;1.000000;0.000000;-0.560504;0.239982;
1.176940;0.560733;0.237577;1.000000;0.560733;0.237577;1.000000;1.000000;0.000000;-0.560733;0.237577;
1.177109;0.560965;0.235172;1.000000;0.560965;0.235172;1.000000;1.000000;0.000000;-0.560965;0.235172;
1.177278;0.561199;0.232767;1.000000;0.561199;0.232767;1.000000;1.000000;0.000000;-0.561199;0.232767;
1.177447;0.561435;0.230364;1.000000;0.561435;0.230364;1.000000;1.000000;0.000000;-0.561435;0.230364;
1.177616;0.561673;0.227961;1.000000;0.561673;0.227961;1.000000;1.000000;0.000000;-0.561673;0.227961;
1.177785;0.561913;0.225559;1.000000;0.561913;0.225559;1.000000;1.000000;0.000000;-0.561913;0.225559;
1.177954;0.562156;0.223159;1.000000;0.562156;0.223159;1.000000;1.000000;0.000000;-0.562156;0.223159;
1.178124;0.562400;0.220760;1.000000;0.562400;0.220760;1.000000;1.000000;0.000000;-0.562400;0.220760;
1.178293;0.562647;0.218362;1.000000;0.562647;0.218362;1.000000;1.000000;0.000000;-0.562647;0.218362;
1.178462;0.562895;0.215966;1.000000;0.562895;0.215966;1.000000;1.000000;0.000000;-0.562895;0.215966;
1.178631;0.563146;0.213572;1.000000;0.563146;0.213572;1.000000;1.000000;0.000000;-0.563146;0.213572;
1.178800;0.563399;0.211180;1.000000;0.563399;0.211180;1.000000;1.000000;0.000000;-0.563399;0.211180;
1.178969;0.563653;0.208790;1.000000;0.563653;0.208790;1.000000;1.000000;0.000000;-0.563653;0.208790;
1.179138;0.563910;0.206402;1.000000;0.563910;0.206402;1.000000;1.000000;0.000000;-0.563910;0.206402;
1.179307;0.564168;0.204016;1.000000;0.564168;0.204016;1.000000;1.000000;0.000000;-0.564168;0.204016;
1.179476;0.564428;0.201633;1.000000;0.564428;0.201633;1.000000;1.000000;0.000000;-0.564428;0.201633;
1.179646;0.564690;0.199252;1.000000;0.564690;0.199252;1.000000;1.000000;0.000000;-0.564690;0.199252;
1.179815;0.564954;0.196874;1.000000;0.564954;0.196874;1.000000;1.000000;0.000000;-0.564954;0.196874;
1.179984;0.565220;0.194499;1.000000;0.565220;0.194499;1.000000;1.000000;0.000000;-0.565220;0.194499;
1.180153;0.565487;0.192127;1.000000;0.565487;0.192127;1.000000;1.000000;0.000000;-0.565487;0.192127;
1.180322;0.565756;0.189759;1.000000;0.565756;0.189759;1.000000;1.000000;0.000000;-0.565756;0.189759;
1.180491;0.566027;0.187393;1.000000;0.566027;0.187393;1.000000;1.000000;0.000000;-0.566027;0.187393;
1.180660;0.566299;0.185031;1.000000;0.566299;0.185031;1.000000;1.000000;0.000000;-0.566299;0.185031;
1.180829;0.566573;0.182672;1.000000;0.566573;0.182672;1.000000;1.000000;0.000000;-0.566573;0.182672;
1.180998;0.566849;0.180317;1.000000;0.566849;0.180317;1.000000;1.000000;0.000000;-0.566849;0.180317;
1.181167;0.567126;0.177966;1.000000;0.567126;0.177966;1.000000;1.000000;0.000000;-0.567126;0.177966;
1.181337;0.567405;0.175618;1.000000;0.567405;0.175618;1.000000;1.000000;0.000000;-0.567405;0.175618;
1.181506;0.567686;0.173275;1.000000;0.567686;0.173275;1.000000;1.000000;0.000000;-0.567686;0.173275;
1.181675;0.567968;0.170936;1.000000;0.567968;0.170936;1.000000;1.000000;0.000000;-0.567968;0.170936;
1.181844;0.568251;0.168601;1.000000;0.568251;0.168601;1.000000;1.000000;0.000000;-0.568251;0.168601;
1.182013;0.568536;0.166271;1.000000;0.568536;0.166271;1.000000;1.000000;0.000000;-0.568536;0.166271;
1.182182;0.568823;0.163945;1.000000;0.568823;0.163945;1.000000;1.000000;0.000000;-0.568823;0.163945;
1.182351;0.569110;0.161623;1.000000;0.569110;0.161623;1.000000;1.000000;0.000000;-0.569110;0.161623;
1.182520;0.569400;0.159307;1.000000;0.569400;0.159307;1.000000;1.000000;0.000000;-0.569400;0.159307;
1.182689;0.569690;0.156995;1.000000;0.569690;0.156995;1.000000;1.000000;0.000000;-0.569690;0.156995;
1.182859;0.569982;0.154688;1.000000;0.569982;0.154688;1.000000;1.000000;0.000000;-0.569982;0.154688;
1.183028;0.570275;0.152387;1.000000;0.570275;0.152387;1.000000;1.000000;0.000000;-0.570275;0.152387;
1.183197;0.570570;0.150090;1.000000;0.570570;0.150090;1.000000;1.000000;0.000000;-0.570570;0.150090;
1.183366;0.570866;0.147799;1.000000;0.570866;0.147799;1.000000;1.000000;0.000000;-0.570866;0.147799;
1.183535;0.571163;0.145513;1.000000;0.571163;0.145513;1.000000;1.000000;0.000000;-0.571163;0.145513;
1.183704;0.571461;0.143233;1.000000;0.571461;0.143233;1.000000;1.000000;0.000000;-0.571461;0.143233;
1.183873;0.571760;0.140959;1.000000;0.571760;0.140959;1.000000;1.000000;0.000000;-0.571760;0.140959;
1.184042;0.572061;0.138691;1.000000;0.572061;0.138691;1.000000;1.000000;0.000000;-0.572061;0.138691;
1.184211;0.572363;0.136428;1.000000;0.572363;0.136428;1.000000;1.000000;0.000000;-0.572363;0.136428;
1.184381;0.572666;0.134171;1.000000;0.572666;0.134171;1.000000;1.000000;0.000000;-0.572666;0.134171;
1.184550;0.572970;0.131921;1.000000;0.572970;0.131921;1.000000;1.000000;0.000000;-0.572970;0.131921;
1.184719;0.573275;0.129676;1.000000;0.573275;0.129676;1.000000;1.000000;0.000000;-0.573275;0.129676;
1.184888;0.573581;0.127438;1.000000;0.573581;0.127438;1.000000;1.000000;0.000000;-0.573581;0.127438;
1.185057;0.573888;0.125207;1.000000;0.573888;0.125207;1.000000;1.000000;0.000000;-0.573888;0.125207;
1.185226;0.574196;0.122982;1.000000;0.574196;0.122982;1.000000;1.000000;0.000000;-0.574196;0.122982;
1.185395;0.574505;0.120764;1.000000;0.574505;0.120764;1.000000;1.000000;0.000000;-0.574505;0.120764;
1.185564;0.574815;0.118552;1.000000;0.574815;0.118552;1.000000;1.000000;0.000000;-0.574815;0.118552;
1.185733;0.575126;0.116347;1.000000;0.575126;0.116347;1.000000;1.000000;0.000000;-0.575126;0.116347;
1.185903;0.575438;0.114150;1.000000;0.575438;0.114150;1.000000;1.000000;0.000000;-0.575438;0.114150;
1.186072;0.575750;0.111959;1.000000;0.575750;0.111959;1.000000;1.000000;0.000000;-0.575750;0.111959;
1.186241;0.576064;0.109776;1.000000;0.576064;0.109776;1.000000;1.000000;0.000000;-0.576064;0.109776;
1.186410;0.576379;0.107599;1.000000;0.576379;0.107599;1.000000;1.000000;0.000000;-0.576379;0.107599;
1.186579;0.576694;0.105430;1.000000;0.576694;0.105430;1.000000;1.000000;0.000000;-0.576694;0.105430;
1.186748;0.577010;0.103269;1.000000;0.577010;0.103269;1.000000;1.000000;0.000000;-0.577010;0.103269;
1.186917;0.577327;0.101115;1.000000;0.577327;0.101115;1.000000;1.000000;0.000000;-0.577327;0.101115;
1.187086;0.577644;0.098969;1.000000;0.577644;0.098969;1.000000;1.000000;0.000000;-0.577644;0.098969;
1.187255;0.577962;0.096830;1.000000;0.577962;0.096830;1.000000;1.000000;0.000000;-0.577962;0.096830;
1.187425;0.578281;0.094699;1.000000;0.578281;0.094699;1.000000;1.000000;0.000000;-0.578281;0.094699;
1.187594;0.578601;0.092577;1.000000;0.578601;0.092577;1.000000;1.000000;0.000000;-0.578601;0.092577;
1.187763;0.578921;0.090462;1.000000;0.578921;0.090462;1.000000;1.000000;0.000000;-0.578921;0.090462;
1.187932;0.579242;0.088355;1.000000;0.579242;0.088355;1.000000;1.000000;0.000000;-0.579242;0.088355;
1.188101;0.579564;0.086257;1.000000;0.579564;0.086257;1.000000;1.000000;0.000000;-0.579564;0.086257;
1.188270;0.579886;0.084167;1.000000;0.579886;0.084167;1.000000;1.000000;0.000000;-0.579886;0.084167;
1.188439;0.580209;0.082085;1.000000;0.580209;0.082085;1.000000;1.000000;0.000000;-0.580209;0.082085;
1.188608;0.580532;0.080011;1.000000;0.580532;0.080011;1.000000;1.000000;0.000000;-0.580532;0.080011;
1.188777;0.580855;0.077946;1.000000;0.580855;0.077946;1.000000;1.000000;0.000000;-0.580855;0.077946;
1.188947;0.581180;0.075890;1.000000;0.581180;0.075890;1.000000;1.000000;0.000000;-0.581180;0.075890;
1.189116;0.581504;0.073843;1.000000;0.581504;0.073843;1.000000;1.000000;0.000000;-0.581504;0.073843;
1.189285;0.581830;0.071804;1.000000;0.581830;0.071804;1.000000;1.000000;0.000000;-0.581830;0.071804;
1.189454;0.582155;0.069774;1.000000;0.582155;0.069774;1.000000;1.000000;0.000000;-0.582155;0.069774;
1.189623;0.582481;0.067753;1.000000;0.582481;0.067753;1.000000;1.000000;0.000000;-0.582481;0.067753;
1.189792;0.582808;0.065741;1.000000;0.582808;0.065741;1.000000;1.000000;0.000000;-0.582808;0.065741;
1.189961;0.583134;0.063738;1.000000;0.583134;0.063738;1.000000;1.000000;0.000000;-0.583134;0.063738;
1.190130;0.583462;0.061745;1.000000;0.583462;0.061745;1.000000;1.000000;0.000000;-0.583462;0.061745;
1.190299;0.583789;0.059761;1.000000;0.583789;0.059761;1.000000;1.000000;0.000000;-0.583789;0.059761;
1.190469;0.584117;0.057786;1.000000;0.584117;0.057786;1.000000;1.000000;0.000000;-0.584117;0.057786;
1.190638;0.584445;0.055820;1.000000;0.584445;0.055820;1.000000;1.000000;0.000000;-0.584445;0.055820;
1.190807;0.584773;0.053864;1.000000;0.584773;0.053864;1.000000;1.000000;0.000000;-0.584773;0.053864;
1.190976;0.585102;0.051917;1.000000;0.585102;0.051917;1.000000;1.000000;0.000000;-0.585102;0.051917;
1.191145;0.585431;0.049980;1.000000;0.585431;0.049980;1.000000;1.000000;0.000000;-0.585431;0.049980;
1.191314;0.585760;0.048053;1.000000;0.585760;0.048053;1.000000;1.000000;0.000000;-0.585760;0.048053;
1.191483;0.586089;0.046136;1.000000;0.586089;0.046136;1.000000;1.000000;0.000000;-0.586089;0.046136;
1.191652;0.586419;0.044228;1.000000;0.586419;0.044228;1.000000;1.000000;0.000000;-0.586419;0.044228;
1.191821;0.586748;0.042330;1.000000;0.586748;0.042330;1.000000;1.000000;0.000000;-0.586748;0.042330;
1.191991;0.587078;0.040443;1.000000;0.587078;0.040443;1.000000;1.000000;0.000000;-0.587078;0.040443;
1.192160;0.587408;0.038565;1.000000;0.587408;0.038565;1.000000;1.000000;0.000000;-0.587408;0.038565;
1.192329;0.587738;0.036697;1.000000;0.587738;0.036697;1.000000;1.000000;0.000000;-0.587738;0.036697;
1.192498;0.588068;0.034840;1.000000;0.588068;0.034840;1.000000;1.000000;0.000000;-0.588068;0.034840;
1.192667;0.588398;0.032993;1.000000;0.588398;0.032993;1.000000;1.000000;0.000000;-0.588398;0.032993;
1.192836;0.588728;0.031156;1.000000;0.588728;0.031156;1.000000;1.000000;0.000000;-0.588728;0.031156;
1.193005;0.589058;0.029329;1.000000;0.589058;0.029329;1.000000;1.000000;0.000000;-0.589058;0.029329;
1.193174;0.589388;0.027513;1.000000;0.589388;0.027513;1.000000;1.000000;0.000000;-0.589388;0.027513;
1.193343;0.589718;0.025708;1.000000;0.589718;0.025708;1.000000;1.000000;0.000000;-0.589718;0.025708;
1.193513;0.590048;0.023913;1.000000;0.590048;0.023913;1.000000;1.000000;0.000000;-0.590048;0.023913;
1.193682;0.590378;0.022128;1.000000;0.590378;0.022128;1.000000;1.000000;0.000000;-0.590378;0.022128;
1.193851;0.590708;0.020354;1.000000;0.590708;0.020354;1.000000;1.000000;0.000000;-0.590708;0.020354;
1.194020;0.591038;0.018591;1.000000;0.591038;0.018591;1.000000;1.000000;0.000000;-0.591038;0.018591;
1.194189;0.591367;0.016839;1.000000;0.591367;0.016839;1.000000;1.000000;0.000000;-0.591367;0.016839;
1.194358;0.591697;0.015097;1.000000;0.591697;0.015097;1.000000;1.000000;0.000000;-0.591697;0.015097;
1.194527;0.592027;0.013367;1.000000;0.592027;0.013367;1.000000;1.000000;0.000000;-0.592027;0.013367;
1.194696;0.592356;0.011647;1.000000;0.592356;0.011647;1.000000;1.000000;0.000000;-0.592356;0.011647;
1.194865;0.592685;0.009938;1.000000;0.592685;0.009938;1.000000;1.000000;0.000000;-0.592685;0.009938;
1.195035;0.593014;0.008241;1.000000;0.593014;0.008241;1.000000;1.000000;0.000000;-0.593014;0.008241;
1.195204;0.593343;0.006554;1.000000;0.593343;0.006554;1.000000;1.000000;0.000000;-0.593343;0.006554;
1.195373;0.593671;0.004878;1.000000;0.593671;0.004878;1.000000;1.000000;0.000000;-0.593671;0.004878;
1.195542;0.593999;0.003214;1.000000;0.593999;0.003214;1.000000;1.000000;0.000000;-0.593999;0.003214;
1.195711;0.594327;0.001561;1.000000;0.594327;0.001561;1.000000;1.000000;0.000000;-0.594327;0.001561;
1.195880;0.594655;-0.000081;1.000000;0.594655;-0.000081;1.000000;1.000000;0.000000;-0.594655;-0.000081;
1.196049;0.594982;-0.001712;1.000000;0.594982;-0.001712;1.000000;1.000000;0.000000;-0.594982;-0.001712;
1.196218;0.595309;-0.003331;1.000000;0.595309;-0.003331;1.000000;1.000000;0.000000;-0.595309;-0.003331;
1.196387;0.595636;-0.004939;1.000000;0.595636;-0.004939;1.000000;1.000000;0.000000;-0.595636;-0.004939;
1.196556;0.595963;-0.006535;1.000000;0.595963;-0.006535;1.000000;1.000000;0.000000;-0.595963;-0.006535;
1.196726;0.596289;-0.008120;1.000000;0.596289;-0.008120;1.000000;1.000000;0.000000;-0.596289;-0.008120;
1.196895;0.596614;-0.009693;1.000000;0.596614;-0.009693;1.000000;1.000000;0.000000;-0.596614;-0.009693;
1.197064;0.596940;-0.011255;1.000000;0.596940;-0.011255;1.000000;1.000000;0.000000;-0.596940;-0.011255;
1.197233;0.597265;-0.012805;1.000000;0.597265;-0.012805;1.000000;1.000000;0.000000;-0.597265;-0.012805;
1.197402;0.597589;-0.014344;1.000000;0.597589;-0.014344;1.000000;1.000000;0.000000;-0.597589;-0.014344;
1.197571;0.597913;-0.015871;1.000000;0.597913;-0.015871;1.000000;1.000000;0.000000;-0.597913;-0.015871;
1.197740;0.598237;-0.017386;1.000000;0.598237;-0.017386;1.000000;1.000000;0.000000;-0.598237;-0.017386;
1.197909;0.598560;-0.018889;1.000000;0.598560;-0.018889;1.000000;1.000000;0.000000;-0.598560;-0.018889;
1.198078;0.598882;-0.020381;1.000000;0.598882;-0.020381;1.000000;1.000000;0.000000;-0.598882;-0.020381;
1.198248;0.599204;-0.021861;1.000000;0.599204;-0.021861;1.000000;1.000000;0.000000;-0.599204;-0.021861;
1.198417;0.599526;-0.023329;1.000000;0.599526;-0.023329;1.000000;1.000000;0.000000;-0.599526;-0.023329;
1.198586;0.599847;-0.024785;1.000000;0.599847;-0.024785;1.000000;1.000000;0.000000;-0.599847;-0.024785;
1.198755;0.600168;-0.026229;1.000000;0.600168;-0.026229;1.000000;1.000000;0.000000;-0.600168;-0.026229;
1.198924;0.600488;-0.027661;1.000000;0.600488;-0.027661;1.000000;1.000000;0.000000;-0.600488;-0.027661;
1.199093;0.600807;-0.029082;1.000000;0.600807;-0.029082;1.000000;1.000000;0.000000;-0.600807;-0.029082;
1.199262;0.601126;-0.030490;1.000000;0.601126;-0.030490;1.000000;1.000000;0.000000;-0.601126;-0.030490;
1.199431;0.601444;-0.031886;1.000000;0.601444;-0.031886;1.000000;1.000000;0.000000;-0.601444;-0.031886;
1.199600;0.601762;-0.033271;1.000000;0.601762;-0.033271;1.000000;1.000000;0.000000;-0.601762;-0.033271;
1.199770;0.602079;-0.034643;1.000000;0.602079;-0.034643;1.000000;1.000000;0.000000;-0.602079;-0.034643;
1.199939;0.602395;-0.036003;1.000000;0.602395;-0.036003;1.000000;1.000000;0.000000;-0.602395;-0.036003;
1.200108;0.602711;-0.037351;1.000000;0.602711;-0.037351;1.000000;1.000000;0.000000;-0.602711;-0.037351;
1.200277;0.603026;-0.038687;1.000000;0.603026;-0.038687;1.000000;1.000000;0.000000;-0.603026;-0.038687;
1.200446;0.603340;-0.040010;1.000000;0.603340;-0.040010;1.000000;1.000000;0.000000;-0.603340;-0.040010;
1.200615;0.603654;-0.041322;1.000000;0.603654;-0.041322;1.000000;1.000000;0.000000;-0.603654;-0.041322;
1.200784;0.603967;-0.042621;1.000000;0.603967;-0.042621;1.000000;1.000000;0.000000;-0.603967;-0.042621;
1.200953;0.604279;-0.043908;1.000000;0.604279;-0.043908;1.000000;1.000000;0.000000;-0.604279;-0.043908;
1.201122;0.604591;-0.045183;1.000000;0.604591;-0.045183;1.000000;1.000000;0.000000;-0.604591;-0.045183;
1.201292;0.604901;-0.046446;1.000000;0.604901;-0.046446;1.000000;1.000000;0.000000;-0.604901;-0.046446;
1.201461;0.605211;-0.047696;1.000000;0.605211;-0.047696;1.000000;1.000000;0.000000;-0.605211;-0.047696;
1.201630;0.605521;-0.048934;1.000000;0.605521;-0.048934;1.000000;1.000000;0.000000;-0.605521;-0.048934;
1.201799;0.605829;-0.050159;1.000000;0.605829;-0.050159;1.000000;1.000000;0.000000;-0.605829;-0.050159;
1.201968;0.606137;-0.051373;1.000000;0.606137;-0.051373;1.000000;1.000000;0.000000;-0.606137;-0.051373;
1.201980;0.606158;-0.051457;1.000000;0.606158;-0.051457;1.000000;1.000000;0.000000;-0.606158;-0.051457;
1.201981;0.606160;-0.051462;1.000000;0.606160;-0.051462;1.000000;1.000000;0.000000;-0.606160;-0.051462;
1.201982;0.606163;-0.051473;1.000000;0.606163;-0.051473;1.000000;1.000000;0.000000;-0.606163;-0.051473;
1.201985;0.606168;-0.051495;1.000000;0.606168;-0.051495;1.000000;1.000000;0.000000;-0.606168;-0.051495;
1.201991;0.606179;-0.051539;1.000000;0.606179;-0.051539;1.000000;1.000000;0.000000;-0.606179;-0.051539;
1.202004;0.606202;-0.051627;1.000000;0.606202;-0.051627;1.000000;1.000000;0.000000;-0.606202;-0.051627;
1.202028;0.606246;-0.051803;1.000000;0.606246;-0.051803;1.000000;1.000000;0.000000;-0.606246;-0.051803;
1.202077;0.606335;-0.052152;1.000000;0.606335;-0.052152;1.000000;1.000000;0.000000;-0.606335;-0.052152;
1.202175;0.606513;-0.052848;1.000000;0.606513;-0.052848;1.000000;1.000000;0.000000;-0.606513;-0.052848;
1.202274;0.606691;-0.053539;1.000000;0.606691;-0.053539;1.000000;1.000000;0.000000;-0.606691;-0.053539;
1.202372;0.606869;-0.054226;1.000000;0.606869;-0.054226;1.000000;1.000000;0.000000;-0.606869;-0.054226;
1.202470;0.607046;-0.054909;1.000000;0.607046;-0.054909;1.000000;1.000000;0.000000;-0.607046;-0.054909;
1.202568;0.607223;-0.055588;1.000000;0.607223;-0.055588;1.000000;1.000000;0.000000;-0.607223;-0.055588;
1.202666;0.607399;-0.056262;1.000000;0.607399;-0.056262;1.000000;1.000000;0.000000;-0.607399;-0.056262;
1.202764;0.607576;-0.056933;1.000000;0.607576;-0.056933;1.000000;1.000000;0.000000;-0.607576;-0.056933;
1.202863;0.607752;-0.057599;1.000000;0.607752;-0.057599;1.000000;1.000000;0.000000;-0.607752;-0.057599;
1.202961;0.607928;-0.058261;1.000000;0.607928;-0.058261;1.000000;1.000000;0.000000;-0.607928;-0.058261;
1.203059;0.608103;-0.058919;1.000000;0.608103;-0.058919;1.000000;1.000000;0.000000;-0.608103;-0.058919;
1.203157;0.608278;-0.059573;1.000000;0.608278;-0.059573;1.000000;1.000000;0.000000;-0.608278;-0.059573;
1.203255;0.608453;-0.060222;1.000000;0.608453;-0.060222;1.000000;1.000000;0.000000;-0.608453;-0.060222;
1.203353;0.608628;-0.060868;1.000000;0.608628;-0.060868;1.000000;1.000000;0.000000;-0.608628;-0.060868;
1.203451;0.608802;-0.061509;1.000000;0.608802;-0.061509;1.000000;1.000000;0.000000;-0.608802;-0.061509;
1.203550;0.608976;-0.062146;1.000000;0.608976;-0.062146;1.000000;1.000000;0.000000;-0.608976;-0.062146;
1.203648;0.609150;-0.062779;1.000000;0.609150;-0.062779;1.000000;1.000000;0.000000;-0.609150;-0.062779;
1.203746;0.609323;-0.063407;1.000000;0.609323;-0.063407;1.000000;1.000000;0.000000;-0.609323;-0.063407;
1.203844;0.609496;-0.064032;1.000000;0.609496;-0.064032;1.000000;1.000000;0.000000;-0.609496;-0.064032;
1.203942;0.609669;-0.064652;1.000000;0.609669;-0.064652;1.000000;1.000000;0.000000;-0.609669;-0.064652;
1.204040;0.609841;-0.065268;1.000000;0.609841;-0.065268;1.000000;1.000000;0.000000;-0.609841;-0.065268;
1.204139;0.610014;-0.065880;1.000000;0.610014;-0.065880;1.000000;1.000000;0.000000;-0.610014;-0.065880;
1.204237;0.610185;-0.066487;1.000000;0.610185;-0.066487;1.000000;1.000000;0.000000;-0.610185;-0.066487;
1.204335;0.610357;-0.067091;1.000000;0.610357;-0.067091;1.000000;1.000000;0.000000;-0.610357;-0.067091;
1.204433;0.610528;-0.067690;1.000000;0.610528;-0.067690;1.000000;1.000000;0.000000;-0.610528;-0.067690;
1.204531;0.610699;-0.068285;1.000000;0.610699;-0.068285;1.000000;1.000000;0.000000;-0.610699;-0.068285;
1.204629;0.610869;-0.068876;1.000000;0.610869;-0.068876;1.000000;1.000000;0.000000;-0.610869;-0.068876;
1.204728;0.611040;-0.069463;1.000000;0.611040;-0.069463;1.000000;1.000000;0.000000;-0.611040;-0.069463;
1.204826;0.611209;-0.070045;1.000000;0.611209;-0.070045;1.000000;1.000000;0.000000;-0.611209;-0.070045;
1.204924;0.611379;-0.070623;1.000000;0.611379;-0.070623;1.000000;1.000000;0.000000;-0.611379;-0.070623;
1.205022;0.611548;-0.071198;1.000000;0.611548;-0.071198;1.000000;1.000000;0.000000;-0.611548;-0.071198;
1.205120;0.611717;-0.071767;1.000000;0.611717;-0.071767;1.000000;1.000000;0.000000;-0.611717;-0.071767;
1.205218;0.611886;-0.072333;1.000000;0.611886;-0.072333;1.000000;1.000000;0.000000;-0.611886;-0.072333;
1.205316;0.612054;-0.072895;1.000000;0.612054;-0.072895;1.000000;1.000000;0.000000;-0.612054;-0.072895;
1.205415;0.612222;-0.073452;1.000000;0.612222;-0.073452;1.000000;1.000000;0.000000;-0.612222;-0.073452;
1.205513;0.612389;-0.074005;1.000000;0.612389;-0.074005;1.000000;1.000000;0.000000;-0.612389;-0.074005;
1.205611;0.612556;-0.074554;1.000000;0.612556;-0.074554;1.000000;1.000000;0.000000;-0.612556;-0.074554;
1.205709;0.612723;-0.075098;1.000000;0.612723;-0.075098;1.000000;1.000000;0.000000;-0.612723;-0.075098;
1.205807;0.612890;-0.075639;1.000000;0.612890;-0.075639;1.000000;1.000000;0.000000;-0.612890;-0.075639;
1.205905;0.613056;-0.076175;1.000000;0.613056;-0.076175;1.000000;1.000000;0.000000;-0.613056;-0.076175;
1.206004;0.613222;-0.076707;1.000000;0.613222;-0.076707;1.000000;1.000000;0.000000;-0.613222;-0.076707;
1.206102;0.613387;-0.077235;1.000000;0.613387;-0.077235;1.000000;1.000000;0.000000;-0.613387;-0.077235;
1.206200;0.613552;-0.077759;1.000000;0.613552;-0.077759;1.000000;1.000000;0.000000;-0.613552;-0.077759;
1.206298;0.613717;-0.078279;1.000000;0.613717;-0.078279;1.000000;1.000000;0.000000;-0.613717;-0.078279;
1.206396;0.613881;-0.078794;1.000000;0.613881;-0.078794;1.000000;1.000000;0.000000;-0.613881;-0.078794;
1.206494;0.614045;-0.079305;1.000000;0.614045;-0.079305;1.000000;1.000000;0.000000;-0.614045;-0.079305;
1.206593;0.614209;-0.079812;1.000000;0.614209;-0.079812;1.000000;1.000000;0.000000;-0.614209;-0.079812;
1.206691;0.614372;-0.080315;1.000000;0.614372;-0.080315;1.000000;1.000000;0.000000;-0.614372;-0.080315;
1.206789;0.614535;-0.080813;1.000000;0.614535;-0.080813;1.000000;1.000000;0.000000;-0.614535;-0.080813;
1.206887;0.614697;-0.081308;1.000000;0.614697;-0.081308;1.000000;1.000000;0.000000;-0.614697;-0.081308;
1.206985;0.614860;-0.081798;1.000000;0.614860;-0.081798;1.000000;1.000000;0.000000;-0.614860;-0.081798;
1.207083;0.615021;-0.082284;1.000000;0.615021;-0.082284;1.000000;1.000000;0.000000;-0.615021;-0.082284;
1.207181;0.615183;-0.082766;1.000000;0.615183;-0.082766;1.000000;1.000000;0.000000;-0.615183;-0.082766;
1.207280;0.615344;-0.083244;1.000000;0.615344;-0.083244;1.000000;1.000000;0.000000;-0.615344;-0.083244;
1.207378;0.615505;-0.083717;1.000000;0.615505;-0.083717;1.000000;1.000000;0.000000;-0.615505;-0.083717;
1.207476;0.615665;-0.084186;1.000000;0.615665;-0.084186;1.000000;1.000000;0.000000;-0.615665;-0.084186;
1.207574;0.615825;-0.084652;1.000000;0.615825;-0.084652;1.000000;1.000000;0.000000;-0.615825;-0.084652;
1.207672;0.615984;-0.085113;1.000000;0.615984;-0.085113;1.000000;1.000000;0.000000;-0.615984;-0.085113;
1.207770;0.616144;-0.085570;1.000000;0.616144;-0.085570;1.000000;1.000000;0.000000;-0.616144;-0.085570;
1.207869;0.616302;-0.086022;1.000000;0.616302;-0.086022;1.000000;1.000000;0.000000;-0.616302;-0.086022;
1.207967;0.616461;-0.086471;1.000000;0.616461;-0.086471;1.000000;1.000000;0.000000;-0.616461;-0.086471;
1.208065;0.616619;-0.086915;1.000000;0.616619;-0.086915;1.000000;1.000000;0.000000;-0.616619;-0.086915;
1.208163;0.616776;-0.087355;1.000000;0.616776;-0.087355;1.000000;1.000000;0.000000;-0.616776;-0.087355;
1.208261;0.616934;-0.087791;1.000000;0.616934;-0.087791;1.000000;1.000000;0.000000;-0.616934;-0.087791;
1.208359;0.617090;-0.088223;1.000000;0.617090;-0.088223;1.000000;1.000000;0.000000;-0.617090;-0.088223;
1.208458;0.617247;-0.088651;1.000000;0.617247;-0.088651;1.000000;1.000000;0.000000;-0.617247;-0.088651;
1.208556;0.617403;-0.089075;1.000000;0.617403;-0.089075;1.000000;1.000000;0.000000;-0.617403;-0.089075;
1.208654;0.617559;-0.089494;1.000000;0.617559;-0.089494;1.000000;1.000000;0.000000;-0.617559;-0.089494;
1.208752;0.617714;-0.089909;1.000000;0.617714;-0.089909;1.000000;1.000000;0.000000;-0.617714;-0.089909;
1.208850;0.617869;-0.090320;1.000000;0.617869;-0.090320;1.000000;1.000000;0.000000;-0.617869;-0.090320;
1.208948;0.618023;-0.090728;1.000000;0.618023;-0.090728;1.000000;1.000000;0.000000;-0.618023;-0.090728;
1.209046;0.618177;-0.091130;1.000000;0.618177;-0.091130;1.000000;1.000000;0.000000;-0.618177;-0.091130;
1.209145;0.618331;-0.091529;1.000000;0.618331;-0.091529;1.000000;1.000000;0.000000;-0.618331;-0.091529;
1.209243;0.618484;-0.091924;1.000000;0.618484;-0.091924;1.000000;1.000000;0.000000;-0.618484;-0.091924;
1.209341;0.618637;-0.092314;1.000000;0.618637;-0.092314;1.000000;1.000000;0.000000;-0.618637;-0.092314;
1.209439;0.618790;-0.092701;1.000000;0.618790;-0.092701;1.000000;1.000000;0.000000;-0.618790;-0.092701;
1.209537;0.618942;-0.093083;1.000000;0.618942;-0.093083;1.000000;1.000000;0.000000;-0.618942;-0.093083;
1.209635;0.619093;-0.093461;1.000000;0.619093;-0.093461;1.000000;1.000000;0.000000;-0.619093;-0.093461;
1.209832;0.619395;-0.094201;1.000000;0.619395;-0.094201;1.000000;1.000000;0.000000;-0.619395;-0.094201;
1.210002;0.619655;-0.094830;1.000000;0.619655;-0.094830;1.000000;1.000000;0.000000;-0.619655;-0.094830;
1.210172;0.619914;-0.095447;1.000000;0.619914;-0.095447;1.000000;1.000000;0.000000;-0.619914;-0.095447;
1.210342;0.620172;-0.096052;1.000000;0.620172;-0.096052;1.000000;1.000000;0.000000;-0.620172;-0.096052;
1.210512;0.620428;-0.096644;1.000000;0.620428;-0.096644;1.000000;1.000000;0.000000;-0.620428;-0.096644;
1.210682;0.620684;-0.097224;1.000000;0.620684;-0.097224;1.000000;1.000000;0.000000;-0.620684;-0.097224;
1.210853;0.620938;-0.097792;1.000000;0.620938;-0.097792;1.000000;1.000000;0.000000;-0.620938;-0.097792;
1.211023;0.621190;-0.098348;1.000000;0.621190;-0.098348;1.000000;1.000000;0.000000;-0.621190;-0.098348;
1.211193;0.621442;-0.098891;1.000000;0.621442;-0.098891;1.000000;1.000000;0.000000;-0.621442;-0.098891;
1.211363;0.621692;-0.099423;1.000000;0.621692;-0.099423;1.000000;1.000000;0.000000;-0.621692;-0.099423;
1.211533;0.621940;-0.099942;1.000000;0.621940;-0.099942;1.000000;1.000000;0.000000;-0.621940;-0.099942;
1.211703;0.622188;-0.100449;1.000000;0.622188;-0.100449;1.000000;1.000000;0.000000;-0.622188;-0.100449;
1.211873;0.622434;-0.100945;1.000000;0.622434;-0.100945;1.000000;1.000000;0.000000;-0.622434;-0.100945;
1.212044;0.622679;-0.101428;1.000000;0.622679;-0.101428;1.000000;1.000000;0.000000;-0.622679;-0.101428;
1.212214;0.622923;-0.101899;1.000000;0.622923;-0.101899;1.000000;1.000000;0.000000;-0.622923;-0.101899;
1.212384;0.623165;-0.102358;1.000000;0.623165;-0.102358;1.000000;1.000000;0.000000;-0.623165;-0.102358;
1.212554;0.623406;-0.102806;1.000000;0.623406;-0.102806;1.000000;1.000000;0.000000;-0.623406;-0.102806;
1.212724;0.623645;-0.103241;1.000000;0.623645;-0.103241;1.000000;1.000000;0.000000;-0.623645;-0.103241;
1.212894;0.623884;-0.103665;1.000000;0.623884;-0.103665;1.000000;1.000000;0.000000;-0.623884;-0.103665;
1.213064;0.624120;-0.104076;1.000000;0.624120;-0.104076;1.000000;1.000000;0.000000;-0.624120;-0.104076;
1.213235;0.624356;-0.104476;1.000000;0.624356;-0.104476;1.000000;1.000000;0.000000;-0.624356;-0.104476;
1.213405;0.624590;-0.104865;1.000000;0.624590;-0.104865;1.000000;1.000000;0.000000;-0.624590;-0.104865;
1.213575;0.624823;-0.105241;1.000000;0.624823;-0.105241;1.000000;1.000000;0.000000;-0.624823;-0.105241;
1.213745;0.625055;-0.105606;1.000000;0.625055;-0.105606;1.000000;1.000000;0.000000;-0.625055;-0.105606;
1.213915;0.625285;-0.105959;1.000000;0.625285;-0.105959;1.000000;1.000000;0.000000;-0.625285;-0.105959;
1.214085;0.625514;-0.106300;1.000000;0.625514;-0.106300;1.000000;1.000000;0.000000;-0.625514;-0.106300;
1.214255;0.625741;-0.106630;1.000000;0.625741;-0.106630;1.000000;1.000000;0.000000;-0.625741;-0.106630;
1.214426;0.625967;-0.106948;1.000000;0.625967;-0.106948;1.000000;1.000000;0.000000;-0.625967;-0.106948;
1.214596;0.626192;-0.107255;1.000000;0.626192;-0.107255;1.000000;1.000000;0.000000;-0.626192;-0.107255;
1.214766;0.626415;-0.107550;1.000000;0.626415;-0.107550;1.000000;1.000000;0.000000;-0.626415;-0.107550;
1.214936;0.626637;-0.107834;1.000000;0.626637;-0.107834;1.000000;1.000000;0.000000;-0.626637;-0.107834;
1.215106;0.626858;-0.108106;1.000000;0.626858;-0.108106;1.000000;1.000000;0.000000;-0.626858;-0.108106;
1.215276;0.627077;-0.108367;1.000000;0.627077;-0.108367;1.000000;1.000000;0.000000;-0.627077;-0.108367;
1.215446;0.627295;-0.108617;1.000000;0.627295;-0.108617;1.000000;1.000000;0.000000;-0.627295;-0.108617;
1.215617;0.627511;-0.108855;1.000000;0.627511;-0.108855;1.000000;1.000000;0.000000;-0.627511;-0.108855;
1.215787;0.627726;-0.109082;1.000000;0.627726;-0.109082;1.000000;1.000000;0.000000;-0.627726;-0.109082;
1.215957;0.627940;-0.109298;1.000000;0.627940;-0.109298;1.000000;1.000000;0.000000;-0.627940;-0.109298;
1.216127;0.628152;-0.109503;1.000000;0.628152;-0.109503;1.000000;1.000000;0.000000;-0.628152;-0.109503;
1.216297;0.628363;-0.109696;1.000000;0.628363;-0.109696;1.000000;1.000000;0.000000;-0.628363;-0.109696;
1.216467;0.628572;-0.109879;1.000000;0.628572;-0.109879;1.000000;1.000000;0.000000;-0.628572;-0.109879;
1.216637;0.628780;-0.110050;1.000000;0.628780;-0.110050;1.000000;1.000000;0.000000;-0.628780;-0.110050;
1.216808;0.628987;-0.110210;1.000000;0.628987;-0.110210;1.000000;1.000000;0.000000;-0.628987;-0.110210;
1.216978;0.629192;-0.110360;1.000000;0.629192;-0.110360;1.000000;1.000000;0.000000;-0.629192;-0.110360;
1.217148;0.629396;-0.110498;1.000000;0.629396;-0.110498;1.000000;1.000000;0.000000;-0.629396;-0.110498;
1.217318;0.629598;-0.110626;1.000000;0.629598;-0.110626;1.000000;1.000000;0.000000;-0.629598;-0.110626;
1.217488;0.629799;-0.110742;1.000000;0.629799;-0.110742;1.000000;1.000000;0.000000;-0.629799;-0.110742;
1.217658;0.629998;-0.110848;1.000000;0.629998;-0.110848;1.000000;1.000000;0.000000;-0.629998;-0.110848;
1.217828;0.630196;-0.110943;1.000000;0.630196;-0.110943;1.000000;1.000000;0.000000;-0.630196;-0.110943;
1.217999;0.630393;-0.111028;1.000000;0.630393;-0.111028;1.000000;1.000000;0.000000;-0.630393;-0.111028;
1.218169;0.630588;-0.111102;1.000000;0.630588;-0.111102;1.000000;1.000000;0.000000;-0.630588;-0.111102;
1.218339;0.630782;-0.111165;1.000000;0.630782;-0.111165;1.000000;1.000000;0.000000;-0.630782;-0.111165;
1.218509;0.630975;-0.111217;1.000000;0.630975;-0.111217;1.000000;1.000000;0.000000;-0.630975;-0.111217;
1.218679;0.631165;-0.111259;1.000000;0.631165;-0.111259;1.000000;1.000000;0.000000;-0.631165;-0.111259;
1.218849;0.631355;-0.111291;1.000000;0.631355;-0.111291;1.000000;1.000000;0.000000;-0.631355;-0.111291;
1.219019;0.631543;-0.111312;1.000000;0.631543;-0.111312;1.000000;1.000000;0.000000;-0.631543;-0.111312;
1.219190;0.631730;-0.111323;1.000000;0.631730;-0.111323;1.000000;1.000000;0.000000;-0.631730;-0.111323;
1.219360;0.631915;-0.111323;1.000000;0.631915;-0.111323;1.000000;1.000000;0.000000;-0.631915;-0.111323;
1.219530;0.632099;-0.111313;1.000000;0.632099;-0.111313;1.000000;1.000000;0.000000;-0.632099;-0.111313;
1.219700;0.632281;-0.111293;1.000000;0.632281;-0.111293;1.000000;1.000000;0.000000;-0.632281;-0.111293;
1.219870;0.632462;-0.111263;1.000000;0.632462;-0.111263;1.000000;1.000000;0.000000;-0.632462;-0.111263;
1.220040;0.632641;-0.111223;1.000000;0.632641;-0.111223;1.000000;1.000000;0.000000;-0.632641;-0.111223;
1.220210;0.632819;-0.111172;1.000000;0.632819;-0.111172;1.000000;1.000000;0.000000;-0.632819;-0.111172;
1.220381;0.632996;-0.111112;1.000000;0.632996;-0.111112;1.000000;1.000000;0.000000;-0.632996;-0.111112;
1.220407;0.633024;-0.111100;1.000000;0.633024;-0.111100;1.000000;1.000000;0.000000;-0.633024;-0.111100;
1.220409;0.633025;-0.111100;1.000000;0.633025;-0.111100;1.000000;1.000000;0.000000;-0.633025;-0.111100;
1.220412;0.633028;-0.111099;1.000000;0.633028;-0.111099;1.000000;1.000000;0.000000;-0.633028;-0.111099;
1.220417;0.633034;-0.111097;1.000000;0.633034;-0.111097;1.000000;1.000000;0.000000;-0.633034;-0.111097;
1.220429;0.633046;-0.111092;1.000000;0.633046;-0.111092;1.000000;1.000000;0.000000;-0.633046;-0.111092;
1.220452;0.633070;-0.111084;1.000000;0.633070;-0.111084;1.000000;1.000000;0.000000;-0.633070;-0.111084;
1.220498;0.633117;-0.111065;1.000000;0.633117;-0.111065;1.000000;1.000000;0.000000;-0.633117;-0.111065;
1.220590;0.633212;-0.111026;1.000000;0.633212;-0.111026;1.000000;1.000000;0.000000;-0.633212;-0.111026;
1.220682;0.633306;-0.110984;1.000000;0.633306;-0.110984;1.000000;1.000000;0.000000;-0.633306;-0.110984;
1.220866;0.633493;-0.110887;1.000000;0.633493;-0.110887;1.000000;1.000000;0.000000;-0.633493;-0.110887;
1.221032;0.633659;-0.110792;1.000000;0.633659;-0.110792;1.000000;1.000000;0.000000;-0.633659;-0.110792;
1.221198;0.633824;-0.110686;1.000000;0.633824;-0.110686;1.000000;1.000000;0.000000;-0.633824;-0.110686;
1.221363;0.633988;-0.110572;1.000000;0.633988;-0.110572;1.000000;1.000000;0.000000;-0.633988;-0.110572;
1.221529;0.634151;-0.110448;1.000000;0.634151;-0.110448;1.000000;1.000000;0.000000;-0.634151;-0.110448;
1.221695;0.634312;-0.110316;1.000000;0.634312;-0.110316;1.000000;1.000000;0.000000;-0.634312;-0.110316;
1.221860;0.634472;-0.110174;1.000000;0.634472;-0.110174;1.000000;1.000000;0.000000;-0.634472;-0.110174;
1.222026;0.634630;-0.110023;1.000000;0.634630;-0.110023;1.000000;1.000000;0.000000;-0.634630;-0.110023;
1.222192;0.634787;-0.109863;1.000000;0.634787;-0.109863;1.000000;1.000000;0.000000;-0.634787;-0.109863;
1.222357;0.634943;-0.109694;1.000000;0.634943;-0.109694;1.000000;1.000000;0.000000;-0.634943;-0.109694;
1.222523;0.635097;-0.109517;1.000000;0.635097;-0.109517;1.000000;1.000000;0.000000;-0.635097;-0.109517;
1.222689;0.635250;-0.109330;1.000000;0.635250;-0.109330;1.000000;1.000000;0.000000;-0.635250;-0.109330;
1.222854;0.635402;-0.109135;1.000000;0.635402;-0.109135;1.000000;1.000000;0.000000;-0.635402;-0.109135;
1.223020;0.635552;-0.108931;1.000000;0.635552;-0.108931;1.000000;1.000000;0.000000;-0.635552;-0.108931;
1.223186;0.635701;-0.108718;1.000000;0.635701;-0.108718;1.000000;1.000000;0.000000;-0.635701;-0.108718;
1.223352;0.635849;-0.108497;1.000000;0.635849;-0.108497;1.000000;1.000000;0.000000;-0.635849;-0.108497;
1.223517;0.635995;-0.108267;1.000000;0.635995;-0.108267;1.000000;1.000000;0.000000;-0.635995;-0.108267;
1.223683;0.636140;-0.108029;1.000000;0.636140;-0.108029;1.000000;1.000000;0.000000;-0.636140;-0.108029;
1.223849;0.636283;-0.107782;1.000000;0.636283;-0.107782;1.000000;1.000000;0.000000;-0.636283;-0.107782;
1.224014;0.636425;-0.107527;1.000000;0.636425;-0.107527;1.000000;1.000000;0.000000;-0.636425;-0.107527;
1.224180;0.636566;-0.107263;1.000000;0.636566;-0.107263;1.000000;1.000000;0.000000;-0.636566;-0.107263;
1.224346;0.636706;-0.106991;1.000000;0.636706;-0.106991;1.000000;1.000000;0.000000;-0.636706;-0.106991;
1.224511;0.636844;-0.106711;1.000000;0.636844;-0.106711;1.000000;1.000000;0.000000;-0.636844;-0.106711;
1.224677;0.636980;-0.106422;1.000000;0.636980;-0.106422;1.000000;1.000000;0.000000;-0.636980;-0.106422;
1.224843;0.637116;-0.106126;1.000000;0.637116;-0.106126;1.000000;1.000000;0.000000;-0.637116;-0.106126;
1.225008;0.637250;-0.105821;1.000000;0.637250;-0.105821;1.000000;1.000000;0.000000;-0.637250;-0.105821;
1.225174;0.637383;-0.105509;1.000000;0.637383;-0.105509;1.000000;1.000000;0.000000;-0.637383;-0.105509;
1.225340;0.637514;-0.105188;1.000000;0.637514;-0.105188;1.000000;1.000000;0.000000;-0.637514;-0.105188;
1.225506;0.637644;-0.104859;1.000000;0.637644;-0.104859;1.000000;1.000000;0.000000;-0.637644;-0.104859;
1.225671;0.637773;-0.104523;1.000000;0.637773;-0.104523;1.000000;1.000000;0.000000;-0.637773;-0.104523;
1.225837;0.637900;-0.104179;1.000000;0.637900;-0.104179;1.000000;1.000000;0.000000;-0.637900;-0.104179;
1.226003;0.638026;-0.103826;1.000000;0.638026;-0.103826;1.000000;1.000000;0.000000;-0.638026;-0.103826;
1.226168;0.638151;-0.103467;1.000000;0.638151;-0.103467;1.000000;1.000000;0.000000;-0.638151;-0.103467;
1.226334;0.638274;-0.103099;1.000000;0.638274;-0.103099;1.000000;1.000000;0.000000;-0.638274;-0.103099;
1.226500;0.638396;-0.102724;1.000000;0.638396;-0.102724;1.000000;1.000000;0.000000;-0.638396;-0.102724;
1.226665;0.638517;-0.102342;1.000000;0.638517;-0.102342;1.000000;1.000000;0.000000;-0.638517;-0.102342;
1.226831;0.638636;-0.101952;1.000000;0.638636;-0.101952;1.000000;1.000000;0.000000;-0.638636;-0.101952;
1.226997;0.638754;-0.101554;1.000000;0.638754;-0.101554;1.000000;1.000000;0.000000;-0.638754;-0.101554;
1.227163;0.638871;-0.101149;1.000000;0.638871;-0.101149;1.000000;1.000000;0.000000;-0.638871;-0.101149;
1.227328;0.638986;-0.100737;1.000000;0.638986;-0.100737;1.000000;1.000000;0.000000;-0.638986;-0.100737;
1.227494;0.639101;-0.100318;1.000000;0.639101;-0.100318;1.000000;1.000000;0.000000;-0.639101;-0.100318;
1.227660;0.639213;-0.099891;1.000000;0.639213;-0.099891;1.000000;1.000000;0.000000;-0.639213;-0.099891;
1.227825;0.639325;-0.099457;1.000000;0.639325;-0.099457;1.000000;1.000000;0.000000;-0.639325;-0.099457;
1.227991;0.639435;-0.099016;1.000000;0.639435;-0.099016;1.000000;1.000000;0.000000;-0.639435;-0.099016;
1.228157;0.639544;-0.098569;1.000000;0.639544;-0.098569;1.000000;1.000000;0.000000;-0.639544;-0.098569;
1.228322;0.639652;-0.098114;1.000000;0.639652;-0.098114;1.000000;1.000000;0.000000;-0.639652;-0.098114;
1.228488;0.639758;-0.097652;1.000000;0.639758;-0.097652;1.000000;1.000000;0.000000;-0.639758;-0.097652;
1.228654;0.639863;-0.097183;1.000000;0.639863;-0.097183;1.000000;1.000000;0.000000;-0.639863;-0.097183;
1.228819;0.639966;-0.096708;1.000000;0.639966;-0.096708;1.000000;1.000000;0.000000;-0.639966;-0.096708;
1.228985;0.640069;-0.096226;1.000000;0.640069;-0.096226;1.000000;1.000000;0.000000;-0.640069;-0.096226;
1.229151;0.640170;-0.095737;1.000000;0.640170;-0.095737;1.000000;1.000000;0.000000;-0.640170;-0.095737;
1.229317;0.640270;-0.095241;1.000000;0.640270;-0.095241;1.000000;1.000000;0.000000;-0.640270;-0.095241;
1.229482;0.640368;-0.094739;1.000000;0.640368;-0.094739;1.000000;1.000000;0.000000;-0.640368;-0.094739;
1.229648;0.640466;-0.094230;1.000000;0.640466;-0.094230;1.000000;1.000000;0.000000;-0.640466;-0.094230;
1.229814;0.640562;-0.093715;1.000000;0.640562;-0.093715;1.000000;1.000000;0.000000;-0.640562;-0.093715;
1.229979;0.640656;-0.093194;1.000000;0.640656;-0.093194;1.000000;1.000000;0.000000;-0.640656;-0.093194;
1.230145;0.640750;-0.092666;1.000000;0.640750;-0.092666;1.000000;1.000000;0.000000;-0.640750;-0.092666;
1.230311;0.640842;-0.092132;1.000000;0.640842;-0.092132;1.000000;1.000000;0.000000;-0.640842;-0.092132;
1.230476;0.640933;-0.091592;1.000000;0.640933;-0.091592;1.000000;1.000000;0.000000;-0.640933;-0.091592;
1.230642;0.641023;-0.091045;1.000000;0.641023;-0.091045;1.000000;1.000000;0.000000;-0.641023;-0.091045;
1.230808;0.641111;-0.090493;1.000000;0.641111;-0.090493;1.000000;1.000000;0.000000;-0.641111;-0.090493;
1.230973;0.641198;-0.089934;1.000000;0.641198;-0.089934;1.000000;1.000000;0.000000;-0.641198;-0.089934;
1.231139;0.641284;-0.089370;1.000000;0.641284;-0.089370;1.000000;1.000000;0.000000;-0.641284;-0.089370;
1.231305;0.641369;-0.088799;1.000000;0.641369;-0.088799;1.000000;1.000000;0.000000;-0.641369;-0.088799;
1.231471;0.641452;-0.088223;1.000000;0.641452;-0.088223;1.000000;1.000000;0.000000;-0.641452;-0.088223;
1.231636;0.641535;-0.087640;1.000000;0.641535;-0.087640;1.000000;1.000000;0.000000;-0.641535;-0.087640;
1.231802;0.641616;-0.087052;1.000000;0.641616;-0.087052;1.000000;1.000000;0.000000;-0.641616;-0.087052;
1.231968;0.641695;-0.086459;1.000000;0.641695;-0.086459;1.000000;1.000000;0.000000;-0.641695;-0.086459;
1.232133;0.641774;-0.085859;1.000000;0.641774;-0.085859;1.000000;1.000000;0.000000;-0.641774;-0.085859;
1.232299;0.641851;-0.085255;1.000000;0.641851;-0.085255;1.000000;1.000000;0.000000;-0.641851;-0.085255;
1.232465;0.641927;-0.084644;1.000000;0.641927;-0.084644;1.000000;1.000000;0.000000;-0.641927;-0.084644;
1.232630;0.642002;-0.084028;1.000000;0.642002;-0.084028;1.000000;1.000000;0.000000;-0.642002;-0.084028;
1.232796;0.642076;-0.083407;1.000000;0.642076;-0.083407;1.000000;1.000000;0.000000;-0.642076;-0.083407;
1.232962;0.642148;-0.082781;1.000000;0.642148;-0.082781;1.000000;1.000000;0.000000;-0.642148;-0.082781;
1.233128;0.642220;-0.082149;1.000000;0.642220;-0.082149;1.000000;1.000000;0.000000;-0.642220;-0.082149;
1.233293;0.642290;-0.081512;1.000000;0.642290;-0.081512;1.000000;1.000000;0.000000;-0.642290;-0.081512;
1.233459;0.642359;-0.080869;1.000000;0.642359;-0.080869;1.000000;1.000000;0.000000;-0.642359;-0.080869;
1.233625;0.642426;-0.080222;1.000000;0.642426;-0.080222;1.000000;1.000000;0.000000;-0.642426;-0.080222;
1.233790;0.642493;-0.079570;1.000000;0.642493;-0.079570;1.000000;1.000000;0.000000;-0.642493;-0.079570;
1.233956;0.642558;-0.078912;1.000000;0.642558;-0.078912;1.000000;1.000000;0.000000;-0.642558;-0.078912;
1.234122;0.642622;-0.078250;1.000000;0.642622;-0.078250;1.000000;1.000000;0.000000;-0.642622;-0.078250;
1.234287;0.642685;-0.077583;1.000000;0.642685;-0.077583;1.000000;1.000000;0.000000;-0.642685;-0.077583;
1.234453;0.642747;-0.076911;1.000000;0.642747;-0.076911;1.000000;1.000000;0.000000;-0.642747;-0.076911;
1.234619;0.642808;-0.076234;1.000000;0.642808;-0.076234;1.000000;1.000000;0.000000;-0.642808;-0.076234;
1.234784;0.642867;-0.075553;1.000000;0.642867;-0.075553;1.000000;1.000000;0.000000;-0.642867;-0.075553;
1.234950;0.642925;-0.074867;1.000000;0.642925;-0.074867;1.000000;1.000000;0.000000;-0.642925;-0.074867;
1.235116;0.642983;-0.074176;1.000000;0.642983;-0.074176;1.000000;1.000000;0.000000;-0.642983;-0.074176;
1.235282;0.643039;-0.073481;1.000000;0.643039;-0.073481;1.000000;1.000000;0.000000;-0.643039;-0.073481;
1.235447;0.643094;-0.072781;1.000000;0.643094;-0.072781;1.000000;1.000000;0.000000;-0.643094;-0.072781;
1.235613;0.643147;-0.072077;1.000000;0.643147;-0.072077;1.000000;1.000000;0.000000;-0.643147;-0.072077;
1.235779;0.643200;-0.071369;1.000000;0.643200;-0.071369;1.000000;1.000000;0.000000;-0.643200;-0.071369;
1.235944;0.643251;-0.070656;1.000000;0.643251;-0.070656;1.000000;1.000000;0.000000;-0.643251;-0.070656;
1.236110;0.643302;-0.069939;1.000000;0.643302;-0.069939;1.000000;1.000000;0.000000;-0.643302;-0.069939;
1.236276;0.643351;-0.069218;1.000000;0.643351;-0.069218;1.000000;1.000000;0.000000;-0.643351;-0.069218;
1.236441;0.643399;-0.068493;1.000000;0.643399;-0.068493;1.000000;1.000000;0.000000;-0.643399;-0.068493;
1.236607;0.643446;-0.067764;1.000000;0.643446;-0.067764;1.000000;1.000000;0.000000;-0.643446;-0.067764;
1.236773;0.643492;-0.067030;1.000000;0.643492;-0.067030;1.000000;1.000000;0.000000;-0.643492;-0.067030;
1.236939;0.643537;-0.066293;1.000000;0.643537;-0.066293;1.000000;1.000000;0.000000;-0.643537;-0.066293;
1.237104;0.643580;-0.065552;1.000000;0.643580;-0.065552;1.000000;1.000000;0.000000;-0.643580;-0.065552;
1.237270;0.643623;-0.064807;1.000000;0.643623;-0.064807;1.000000;1.000000;0.000000;-0.643623;-0.064807;
1.237436;0.643665;-0.064059;1.000000;0.643665;-0.064059;1.000000;1.000000;0.000000;-0.643665;-0.064059;
1.237601;0.643705;-0.063307;1.000000;0.643705;-0.063307;1.000000;1.000000;0.000000;-0.643705;-0.063307;
1.237767;0.643744;-0.062551;1.000000;0.643744;-0.062551;1.000000;1.000000;0.000000;-0.643744;-0.062551;
1.237933;0.643783;-0.061791;1.000000;0.643783;-0.061791;1.000000;1.000000;0.000000;-0.643783;-0.061791;
1.238098;0.643820;-0.061028;1.000000;0.643820;-0.061028;1.000000;1.000000;0.000000;-0.643820;-0.061028;
1.238264;0.643856;-0.060262;1.000000;0.643856;-0.060262;1.000000;1.000000;0.000000;-0.643856;-0.060262;
1.238430;0.643891;-0.059492;1.000000;0.643891;-0.059492;1.000000;1.000000;0.000000;-0.643891;-0.059492;
1.238595;0.643925;-0.058719;1.000000;0.643925;-0.058719;1.000000;1.000000;0.000000;-0.643925;-0.058719;
1.238761;0.643958;-0.057943;1.000000;0.643958;-0.057943;1.000000;1.000000;0.000000;-0.643958;-0.057943;
1.238927;0.643990;-0.057163;1.000000;0.643990;-0.057163;1.000000;1.000000;0.000000;-0.643990;-0.057163;
1.239093;0.644021;-0.056380;1.000000;0.644021;-0.056380;1.000000;1.000000;0.000000;-0.644021;-0.056380;
1.239258;0.644051;-0.055594;1.000000;0.644051;-0.055594;1.000000;1.000000;0.000000;-0.644051;-0.055594;
1.239424;0.644080;-0.054805;1.000000;0.644080;-0.054805;1.000000;1.000000;0.000000;-0.644080;-0.054805;
1.239590;0.644108;-0.054013;1.000000;0.644108;-0.054013;1.000000;1.000000;0.000000;-0.644108;-0.054013;
1.239755;0.644135;-0.053219;1.000000;0.644135;-0.053219;1.000000;1.000000;0.000000;-0.644135;-0.053219;
1.239921;0.644161;-0.052421;1.000000;0.644161;-0.052421;1.000000;1.000000;0.000000;-0.644161;-0.052421;
1.240087;0.644186;-0.051620;1.000000;0.644186;-0.051620;1.000000;1.000000;0.000000;-0.644186;-0.051620;
1.240252;0.644210;-0.050817;1.000000;0.644210;-0.050817;1.000000;1.000000;0.000000;-0.644210;-0.050817;
1.240418;0.644232;-0.050011;1.000000;0.644232;-0.050011;1.000000;1.000000;0.000000;-0.644232;-0.050011;
1.240584;0.644254;-0.049202;1.000000;0.644254;-0.049202;1.000000;1.000000;0.000000;-0.644254;-0.049202;
1.240749;0.644275;-0.048391;1.000000;0.644275;-0.048391;1.000000;1.000000;0.000000;-0.644275;-0.048391;
1.240915;0.644295;-0.047577;1.000000;0.644295;-0.047577;1.000000;1.000000;0.000000;-0.644295;-0.047577;
1.241081;0.644314;-0.046761;1.000000;0.644314;-0.046761;1.000000;1.000000;0.000000;-0.644314;-0.046761;
1.241247;0.644332;-0.045942;1.000000;0.644332;-0.045942;1.000000;1.000000;0.000000;-0.644332;-0.045942;
1.241412;0.644349;-0.045121;1.000000;0.644349;-0.045121;1.000000;1.000000;0.000000;-0.644349;-0.045121;
1.241578;0.644365;-0.044297;1.000000;0.644365;-0.044297;1.000000;1.000000;0.000000;-0.644365;-0.044297;
1.241744;0.644381;-0.043472;1.000000;0.644381;-0.043472;1.000000;1.000000;0.000000;-0.644381;-0.043472;
1.241909;0.644395;-0.042644;1.000000;0.644395;-0.042644;1.000000;1.000000;0.000000;-0.644395;-0.042644;
1.242075;0.644408;-0.041814;1.000000;0.644408;-0.041814;1.000000;1.000000;0.000000;-0.644408;-0.041814;
1.242241;0.644420;-0.040982;1.000000;0.644420;-0.040982;1.000000;1.000000;0.000000;-0.644420;-0.040982;
1.242406;0.644432;-0.040148;1.000000;0.644432;-0.040148;1.000000;1.000000;0.000000;-0.644432;-0.040148;
1.242572;0.644442;-0.039311;1.000000;0.644442;-0.039311;1.000000;1.000000;0.000000;-0.644442;-0.039311;
1.242738;0.644452;-0.038473;1.000000;0.644452;-0.038473;1.000000;1.000000;0.000000;-0.644452;-0.038473;
1.242904;0.644461;-0.037633;1.000000;0.644461;-0.037633;1.000000;1.000000;0.000000;-0.644461;-0.037633;
1.243069;0.644468;-0.036792;1.000000;0.644468;-0.036792;1.000000;1.000000;0.000000;-0.644468;-0.036792;
1.243235;0.644475;-0.035948;1.000000;0.644475;-0.035948;1.000000;1.000000;0.000000;-0.644475;-0.035948;
1.243401;0.644481;-0.035103;1.000000;0.644481;-0.035103;1.000000;1.000000;0.000000;-0.644481;-0.035103;
1.243566;0.644486;-0.034256;1.000000;0.644486;-0.034256;1.000000;1.000000;0.000000;-0.644486;-0.034256;
1.243732;0.644490;-0.033407;1.000000;0.644490;-0.033407;1.000000;1.000000;0.000000;-0.644490;-0.033407;
1.243898;0.644494;-0.032557;1.000000;0.644494;-0.032557;1.000000;1.000000;0.000000;-0.644494;-0.032557;
1.244063;0.644496;-0.031706;1.000000;0.644496;-0.031706;1.000000;1.000000;0.000000;-0.644496;-0.031706;
1.244229;0.644498;-0.030853;1.000000;0.644498;-0.030853;1.000000;1.000000;0.000000;-0.644498;-0.030853;
1.244395;0.644499;-0.029998;1.000000;0.644499;-0.029998;1.000000;1.000000;0.000000;-0.644499;-0.029998;
1.244560;0.644499;-0.029143;1.000000;0.644499;-0.029143;1.000000;1.000000;0.000000;-0.644499;-0.029143;
1.244726;0.644498;-0.028286;1.000000;0.644498;-0.028286;1.000000;1.000000;0.000000;-0.644498;-0.028286;
1.244892;0.644496;-0.027428;1.000000;0.644496;-0.027428;1.000000;1.000000;0.000000;-0.644496;-0.027428;
1.245058;0.644493;-0.026568;1.000000;0.644493;-0.026568;1.000000;1.000000;0.000000;-0.644493;-0.026568;
1.245223;0.644490;-0.025708;1.000000;0.644490;-0.025708;1.000000;1.000000;0.000000;-0.644490;-0.025708;
1.245389;0.644485;-0.024846;1.000000;0.644485;-0.024846;1.000000;1.000000;0.000000;-0.644485;-0.024846;
1.245555;0.644480;-0.023983;1.000000;0.644480;-0.023983;1.000000;1.000000;0.000000;-0.644480;-0.023983;
1.245720;0.644474;-0.023120;1.000000;0.644474;-0.023120;1.000000;1.000000;0.000000;-0.644474;-0.023120;
1.245886;0.644468;-0.022255;1.000000;0.644468;-0.022255;1.000000;1.000000;0.000000;-0.644468;-0.022255;
1.246052;0.644460;-0.021390;1.000000;0.644460;-0.021390;1.000000;1.000000;0.000000;-0.644460;-0.021390;
1.246217;0.644452;-0.020523;1.000000;0.644452;-0.020523;1.000000;1.000000;0.000000;-0.644452;-0.020523;
1.246383;0.644443;-0.019656;1.000000;0.644443;-0.019656;1.000000;1.000000;0.000000;-0.644443;-0.019656;
1.246549;0.644433;-0.018789;1.000000;0.644433;-0.018789;1.000000;1.000000;0.000000;-0.644433;-0.018789;
1.246714;0.644422;-0.017920;1.000000;0.644422;-0.017920;1.000000;1.000000;0.000000;-0.644422;-0.017920;
1.246880;0.644411;-0.017051;1.000000;0.644411;-0.017051;1.000000;1.000000;0.000000;-0.644411;-0.017051;
1.247046;0.644398;-0.016181;1.000000;0.644398;-0.016181;1.000000;1.000000;0.000000;-0.644398;-0.016181;
1.247212;0.644385;-0.015311;1.000000;0.644385;-0.015311;1.000000;1.000000;0.000000;-0.644385;-0.015311;
1.247377;0.644372;-0.014441;1.000000;0.644372;-0.014441;1.000000;1.000000;0.000000;-0.644372;-0.014441;
1.247543;0.644357;-0.013570;1.000000;0.644357;-0.013570;1.000000;1.000000;0.000000;-0.644357;-0.013570;
1.247709;0.644342;-0.012698;1.000000;0.644342;-0.012698;1.000000;1.000000;0.000000;-0.644342;-0.012698;
1.247874;0.644326;-0.011827;1.000000;0.644326;-0.011827;1.000000;1.000000;0.000000;-0.644326;-0.011827;
1.248040;0.644309;-0.010955;1.000000;0.644309;-0.010955;1.000000;1.000000;0.000000;-0.644309;-0.010955;
1.248206;0.644292;-0.010082;1.000000;0.644292;-0.010082;1.000000;1.000000;0.000000;-0.644292;-0.010082;
1.248371;0.644274;-0.009210;1.000000;0.644274;-0.009210;1.000000;1.000000;0.000000;-0.644274;-0.009210;
1.248537;0.644255;-0.008337;1.000000;0.644255;-0.008337;1.000000;1.000000;0.000000;-0.644255;-0.008337;
1.248703;0.644235;-0.007465;1.000000;0.644235;-0.007465;1.000000;1.000000;0.000000;-0.644235;-0.007465;
1.248869;0.644215;-0.006592;1.000000;0.644215;-0.006592;1.000000;1.000000;0.000000;-0.644215;-0.006592;
1.249034;0.644194;-0.005720;1.000000;0.644194;-0.005720;1.000000;1.000000;0.000000;-0.644194;-0.005720;
1.249200;0.644172;-0.004847;1.000000;0.644172;-0.004847;1.000000;1.000000;0.000000;-0.644172;-0.004847;
1.249366;0.644150;-0.003974;1.000000;0.644150;-0.003974;1.000000;1.000000;0.000000;-0.644150;-0.003974;
1.249531;0.644127;-0.003102;1.000000;0.644127;-0.003102;1.000000;1.000000;0.000000;-0.644127;-0.003102;
1.249697;0.644103;-0.002230;1.000000;0.644103;-0.002230;1.000000;1.000000;0.000000;-0.644103;-0.002230;
1.249863;0.644079;-0.001358;1.000000;0.644079;-0.001358;1.000000;1.000000;0.000000;-0.644079;-0.001358;
1.250028;0.644053;-0.000486;1.000000;0.644053;-0.000486;1.000000;1.000000;0.000000;-0.644053;-0.000486;
1.250194;0.644028;0.000385;1.000000;0.644028;0.000385;1.000000;1.000000;0.000000;-0.644028;0.000385;
1.250360;0.644001;0.001256;1.000000;0.644001;0.001256;1.000000;1.000000;0.000000;-0.644001;0.001256;
1.250525;0.643974;0.002126;1.000000;0.643974;0.002126;1.000000;1.000000;0.000000;-0.643974;0.002126;
1.250691;0.643947;0.002996;1.000000;0.643947;0.002996;1.000000;1.000000;0.000000;-0.643947;0.002996;
1.251023;0.643889;0.004734;1.000000;0.643889;0.004734;1.000000;1.000000;0.000000;-0.643889;0.004734;
1.251315;0.643836;0.006266;1.000000;0.643836;0.006266;1.000000;1.000000;0.000000;-0.643836;0.006266;
1.251608;0.643781;0.007797;1.000000;0.643781;0.007797;1.000000;1.000000;0.000000;-0.643781;0.007797;
1.251900;0.643724;0.009324;1.000000;0.643724;0.009324;1.000000;1.000000;0.000000;-0.643724;0.009324;
1.252193;0.643666;0.010849;1.000000;0.643666;0.010849;1.000000;1.000000;0.000000;-0.643666;0.010849;
1.252485;0.643606;0.012372;1.000000;0.643606;0.012372;1.000000;1.000000;0.000000;-0.643606;0.012372;
1.252778;0.643543;0.013891;1.000000;0.643543;0.013891;1.000000;1.000000;0.000000;-0.643543;0.013891;
1.253071;0.643480;0.015406;1.000000;0.643480;0.015406;1.000000;1.000000;0.000000;-0.643480;0.015406;
1.253363;0.643414;0.016918;1.000000;0.643414;0.016918;1.000000;1.000000;0.000000;-0.643414;0.016918;
1.253656;0.643347;0.018427;1.000000;0.643347;0.018427;1.000000;1.000000;0.000000;-0.643347;0.018427;
1.253948;0.643278;0.019931;1.000000;0.643278;0.019931;1.000000;1.000000;0.000000;-0.643278;0.019931;
1.254241;0.643207;0.021431;1.000000;0.643207;0.021431;1.000000;1.000000;0.000000;-0.643207;0.021431;
1.254534;0.643135;0.022927;1.000000;0.643135;0.022927;1.000000;1.000000;0.000000;-0.643135;0.022927;
1.254826;0.643062;0.024417;1.000000;0.643062;0.024417;1.000000;1.000000;0.000000;-0.643062;0.024417;
1.255119;0.642986;0.025903;1.000000;0.642986;0.025903;1.000000;1.000000;0.000000;-0.642986;0.025903;
1.255411;0.642910;0.027384;1.000000;0.642910;0.027384;1.000000;1.000000;0.000000;-0.642910;0.027384;
1.255704;0.642831;0.028860;1.000000;0.642831;0.028860;1.000000;1.000000;0.000000;-0.642831;0.028860;
1.255997;0.642752;0.030330;1.000000;0.642752;0.030330;1.000000;1.000000;0.000000;-0.642752;0.030330;
1.256289;0.642671;0.031795;1.000000;0.642671;0.031795;1.000000;1.000000;0.000000;-0.642671;0.031795;
1.256582;0.642588;0.033253;1.000000;0.642588;0.033253;1.000000;1.000000;0.000000;-0.642588;0.033253;
1.256874;0.642505;0.034706;1.000000;0.642505;0.034706;1.000000;1.000000;0.000000;-0.642505;0.034706;
1.257167;0.642420;0.036152;1.000000;0.642420;0.036152;1.000000;1.000000;0.000000;-0.642420;0.036152;
1.257459;0.642333;0.037592;1.000000;0.642333;0.037592;1.000000;1.000000;0.000000;-0.642333;0.037592;
1.257752;0.642246;0.039025;1.000000;0.642246;0.039025;1.000000;1.000000;0.000000;-0.642246;0.039025;
1.258045;0.642157;0.040451;1.000000;0.642157;0.040451;1.000000;1.000000;0.000000;-0.642157;0.040451;
1.258337;0.642067;0.041871;1.000000;0.642067;0.041871;1.000000;1.000000;0.000000;-0.642067;0.041871;
1.258630;0.641976;0.043283;1.000000;0.641976;0.043283;1.000000;1.000000;0.000000;-0.641976;0.043283;
1.258922;0.641884;0.044688;1.000000;0.641884;0.044688;1.000000;1.000000;0.000000;-0.641884;0.044688;
1.259215;0.641790;0.046085;1.000000;0.641790;0.046085;1.000000;1.000000;0.000000;-0.641790;0.046085;
1.259508;0.641696;0.047475;1.000000;0.641696;0.047475;1.000000;1.000000;0.000000;-0.641696;0.047475;
1.259800;0.641600;0.048857;1.000000;0.641600;0.048857;1.000000;1.000000;0.000000;-0.641600;0.048857;
1.260093;0.641504;0.050231;1.000000;0.641504;0.050231;1.000000;1.000000;0.000000;-0.641504;0.050231;
1.260385;0.641406;0.051596;1.000000;0.641406;0.051596;1.000000;1.000000;0.000000;-0.641406;0.051596;
1.260678;0.641308;0.052954;1.000000;0.641308;0.052954;1.000000;1.000000;0.000000;-0.641308;0.052954;
1.260970;0.641208;0.054303;1.000000;0.641208;0.054303;1.000000;1.000000;0.000000;-0.641208;0.054303;
1.261263;0.641108;0.055643;1.000000;0.641108;0.055643;1.000000;1.000000;0.000000;-0.641108;0.055643;
1.261556;0.641006;0.056974;1.000000;0.641006;0.056974;1.000000;1.000000;0.000000;-0.641006;0.056974;
1.261848;0.640904;0.058297;1.000000;0.640904;0.058297;1.000000;1.000000;0.000000;-0.640904;0.058297;
1.262141;0.640801;0.059611;1.000000;0.640801;0.059611;1.000000;1.000000;0.000000;-0.640801;0.059611;
1.262433;0.640698;0.060915;1.000000;0.640698;0.060915;1.000000;1.000000;0.000000;-0.640698;0.060915;
1.262726;0.640593;0.062210;1.000000;0.640593;0.062210;1.000000;1.000000;0.000000;-0.640593;0.062210;
1.263019;0.640488;0.063495;1.000000;0.640488;0.063495;1.000000;1.000000;0.000000;-0.640488;0.063495;
1.263311;0.640382;0.064771;1.000000;0.640382;0.064771;1.000000;1.000000;0.000000;-0.640382;0.064771;
1.263604;0.640275;0.066038;1.000000;0.640275;0.066038;1.000000;1.000000;0.000000;-0.640275;0.066038;
1.263896;0.640168;0.067294;1.000000;0.640168;0.067294;1.000000;1.000000;0.000000;-0.640168;0.067294;
1.264189;0.640060;0.068540;1.000000;0.640060;0.068540;1.000000;1.000000;0.000000;-0.640060;0.068540;
1.264482;0.639951;0.069777;1.000000;0.639951;0.069777;1.000000;1.000000;0.000000;-0.639951;0.069777;
1.264774;0.639842;0.071003;1.000000;0.639842;0.071003;1.000000;1.000000;0.000000;-0.639842;0.071003;
1.265067;0.639733;0.072219;1.000000;0.639733;0.072219;1.000000;1.000000;0.000000;-0.639733;0.072219;
1.265359;0.639622;0.073424;1.000000;0.639622;0.073424;1.000000;1.000000;0.000000;-0.639622;0.073424;
1.265652;0.639511;0.074619;1.000000;0.639511;0.074619;1.000000;1.000000;0.000000;-0.639511;0.074619;
1.265944;0.639400;0.075803;1.000000;0.639400;0.075803;1.000000;1.000000;0.000000;-0.639400;0.075803;
1.266237;0.639288;0.076976;1.000000;0.639288;0.076976;1.000000;1.000000;0.000000;-0.639288;0.076976;
1.266530;0.639176;0.078139;1.000000;0.639176;0.078139;1.000000;1.000000;0.000000;-0.639176;0.078139;
1.266822;0.639064;0.079291;1.000000;0.639064;0.079291;1.000000;1.000000;0.000000;-0.639064;0.079291;
1.267115;0.638951;0.080431;1.000000;0.638951;0.080431;1.000000;1.000000;0.000000;-0.638951;0.080431;
1.267407;0.638837;0.081561;1.000000;0.638837;0.081561;1.000000;1.000000;0.000000;-0.638837;0.081561;
1.267700;0.638724;0.082679;1.000000;0.638724;0.082679;1.000000;1.000000;0.000000;-0.638724;0.082679;
1.267993;0.638610;0.083786;1.000000;0.638610;0.083786;1.000000;1.000000;0.000000;-0.638610;0.083786;
1.268285;0.638495;0.084882;1.000000;0.638495;0.084882;1.000000;1.000000;0.000000;-0.638495;0.084882;
1.268578;0.638381;0.085966;1.000000;0.638381;0.085966;1.000000;1.000000;0.000000;-0.638381;0.085966;
1.268870;0.638266;0.087038;1.000000;0.638266;0.087038;1.000000;1.000000;0.000000;-0.638266;0.087038;
1.269163;0.638151;0.088099;1.000000;0.638151;0.088099;1.000000;1.000000;0.000000;-0.638151;0.088099;
1.269455;0.638036;0.089148;1.000000;0.638036;0.089148;1.000000;1.000000;0.000000;-0.638036;0.089148;
1.269748;0.637920;0.090186;1.000000;0.637920;0.090186;1.000000;1.000000;0.000000;-0.637920;0.090186;
1.270041;0.637805;0.091211;1.000000;0.637805;0.091211;1.000000;1.000000;0.000000;-0.637805;0.091211;
1.270333;0.637689;0.092225;1.000000;0.637689;0.092225;1.000000;1.000000;0.000000;-0.637689;0.092225;
1.270626;0.637573;0.093227;1.000000;0.637573;0.093227;1.000000;1.000000;0.000000;-0.637573;0.093227;
1.270918;0.637457;0.094217;1.000000;0.637457;0.094217;1.000000;1.000000;0.000000;-0.637457;0.094217;
1.271211;0.637341;0.095194;1.000000;0.637341;0.095194;1.000000;1.000000;0.000000;-0.637341;0.095194;
1.271504;0.637225;0.096160;1.000000;0.637225;0.096160;1.000000;1.000000;0.000000;-0.637225;0.096160;
1.271796;0.637109;0.097113;1.000000;0.637109;0.097113;1.000000;1.000000;0.000000;-0.637109;0.097113;
1.272089;0.636993;0.098054;1.000000;0.636993;0.098054;1.000000;1.000000;0.000000;-0.636993;0.098054;
1.272381;0.636876;0.098983;1.000000;0.636876;0.098983;1.000000;1.000000;0.000000;-0.636876;0.098983;
1.272674;0.636760;0.099900;1.000000;0.636760;0.099900;1.000000;1.000000;0.000000;-0.636760;0.099900;
1.272967;0.636644;0.100804;1.000000;0.636644;0.100804;1.000000;1.000000;0.000000;-0.636644;0.100804;
1.273259;0.636528;0.101696;1.000000;0.636528;0.101696;1.000000;1.000000;0.000000;-0.636528;0.101696;
1.273552;0.636412;0.102575;1.000000;0.636412;0.102575;1.000000;1.000000;0.000000;-0.636412;0.102575;
1.273844;0.636296;0.103442;1.000000;0.636296;0.103442;1.000000;1.000000;0.000000;-0.636296;0.103442;
1.274137;0.636181;0.104296;1.000000;0.636181;0.104296;1.000000;1.000000;0.000000;-0.636181;0.104296;
1.274429;0.636065;0.105138;1.000000;0.636065;0.105138;1.000000;1.000000;0.000000;-0.636065;0.105138;
1.274722;0.635950;0.105967;1.000000;0.635950;0.105967;1.000000;1.000000;0.000000;-0.635950;0.105967;
1.275015;0.635834;0.106784;1.000000;0.635834;0.106784;1.000000;1.000000;0.000000;-0.635834;0.106784;
1.275067;0.635814;0.106928;1.000000;0.635814;0.106928;1.000000;1.000000;0.000000;-0.635814;0.106928;
1.275069;0.635813;0.106934;1.000000;0.635813;0.106934;1.000000;1.000000;0.000000;-0.635813;0.106934;
1.275074;0.635811;0.106947;1.000000;0.635811;0.106947;1.000000;1.000000;0.000000;-0.635811;0.106947;
1.275083;0.635807;0.106973;1.000000;0.635807;0.106973;1.000000;1.000000;0.000000;-0.635807;0.106973;
1.275101;0.635800;0.107023;1.000000;0.635800;0.107023;1.000000;1.000000;0.000000;-0.635800;0.107023;
1.275138;0.635786;0.107125;1.000000;0.635786;0.107125;1.000000;1.000000;0.000000;-0.635786;0.107125;
1.275211;0.635757;0.107327;1.000000;0.635757;0.107327;1.000000;1.000000;0.000000;-0.635757;0.107327;
1.275357;0.635700;0.107728;1.000000;0.635700;0.107728;1.000000;1.000000;0.000000;-0.635700;0.107728;
1.275650;0.635585;0.108517;1.000000;0.635585;0.108517;1.000000;1.000000;0.000000;-0.635585;0.108517;
1.275943;0.635470;0.109294;1.000000;0.635470;0.109294;1.000000;1.000000;0.000000;-0.635470;0.109294;
1.276235;0.635356;0.110058;1.000000;0.635356;0.110058;1.000000;1.000000;0.000000;-0.635356;0.110058;
1.276528;0.635242;0.110809;1.000000;0.635242;0.110809;1.000000;1.000000;0.000000;-0.635242;0.110809;
1.276820;0.635128;0.111548;1.000000;0.635128;0.111548;1.000000;1.000000;0.000000;-0.635128;0.111548;
1.277113;0.635014;0.112274;1.000000;0.635014;0.112274;1.000000;1.000000;0.000000;-0.635014;0.112274;
1.277406;0.634901;0.112987;1.000000;0.634901;0.112987;1.000000;1.000000;0.000000;-0.634901;0.112987;
1.277698;0.634788;0.113688;1.000000;0.634788;0.113688;1.000000;1.000000;0.000000;-0.634788;0.113688;
1.277991;0.634676;0.114376;1.000000;0.634676;0.114376;1.000000;1.000000;0.000000;-0.634676;0.114376;
1.278283;0.634564;0.115051;1.000000;0.634564;0.115051;1.000000;1.000000;0.000000;-0.634564;0.115051;
1.278576;0.634452;0.115713;1.000000;0.634452;0.115713;1.000000;1.000000;0.000000;-0.634452;0.115713;
1.278868;0.634341;0.116363;1.000000;0.634341;0.116363;1.000000;1.000000;0.000000;-0.634341;0.116363;
1.279161;0.634230;0.117000;1.000000;0.634230;0.117000;1.000000;1.000000;0.000000;-0.634230;0.117000;
1.279454;0.634119;0.117625;1.000000;0.634119;0.117625;1.000000;1.000000;0.000000;-0.634119;0.117625;
1.279746;0.634009;0.118237;1.000000;0.634009;0.118237;1.000000;1.000000;0.000000;-0.634009;0.118237;
1.280039;0.633899;0.118836;1.000000;0.633899;0.118836;1.000000;1.000000;0.000000;-0.633899;0.118836;
1.280331;0.633790;0.119422;1.000000;0.633790;0.119422;1.000000;1.000000;0.000000;-0.633790;0.119422;
1.280624;0.633681;0.119997;1.000000;0.633681;0.119997;1.000000;1.000000;0.000000;-0.633681;0.119997;
1.280917;0.633573;0.120558;1.000000;0.633573;0.120558;1.000000;1.000000;0.000000;-0.633573;0.120558;
1.281209;0.633465;0.121107;1.000000;0.633465;0.121107;1.000000;1.000000;0.000000;-0.633465;0.121107;
1.281502;0.633358;0.121643;1.000000;0.633358;0.121643;1.000000;1.000000;0.000000;-0.633358;0.121643;
1.281794;0.633251;0.122167;1.000000;0.633251;0.122167;1.000000;1.000000;0.000000;-0.633251;0.122167;
1.282087;0.633145;0.122678;1.000000;0.633145;0.122678;1.000000;1.000000;0.000000;-0.633145;0.122678;
1.282380;0.633039;0.123177;1.000000;0.633039;0.123177;1.000000;1.000000;0.000000;-0.633039;0.123177;
1.282672;0.632934;0.123664;1.000000;0.632934;0.123664;1.000000;1.000000;0.000000;-0.632934;0.123664;
1.282965;0.632829;0.124138;1.000000;0.632829;0.124138;1.000000;1.000000;0.000000;-0.632829;0.124138;
1.283257;0.632725;0.124600;1.000000;0.632725;0.124600;1.000000;1.000000;0.000000;-0.632725;0.124600;
1.283550;0.632622;0.125049;1.000000;0.632622;0.125049;1.000000;1.000000;0.000000;-0.632622;0.125049;
1.283843;0.632519;0.125487;1.000000;0.632519;0.125487;1.000000;1.000000;0.000000;-0.632519;0.125487;
1.284135;0.632417;0.125912;1.000000;0.632417;0.125912;1.000000;1.000000;0.000000;-0.632417;0.125912;
1.284428;0.632316;0.126325;1.000000;0.632316;0.126325;1.000000;1.000000;0.000000;-0.632316;0.126325;
1.284720;0.632215;0.126725;1.000000;0.632215;0.126725;1.000000;1.000000;0.000000;-0.632215;0.126725;
1.285013;0.632114;0.127114;1.000000;0.632114;0.127114;1.000000;1.000000;0.000000;-0.632114;0.127114;
1.285306;0.632015;0.127491;1.000000;0.632015;0.127491;1.000000;1.000000;0.000000;-0.632015;0.127491;
1.285598;0.631916;0.127855;1.000000;0.631916;0.127855;1.000000;1.000000;0.000000;-0.631916;0.127855;
1.285891;0.631818;0.128208;1.000000;0.631818;0.128208;1.000000;1.000000;0.000000;-0.631818;0.128208;
1.286183;0.631720;0.128549;1.000000;0.631720;0.128549;1.000000;1.000000;0.000000;-0.631720;0.128549;
1.286476;0.631623;0.128878;1.000000;0.631623;0.128878;1.000000;1.000000;0.000000;-0.631623;0.128878;
1.286769;0.631527;0.129195;1.000000;0.631527;0.129195;1.000000;1.000000;0.000000;-0.631527;0.129195;
1.287061;0.631432;0.129501;1.000000;0.631432;0.129501;1.000000;1.000000;0.000000;-0.631432;0.129501;
1.287354;0.631337;0.129795;1.000000;0.631337;0.129795;1.000000;1.000000;0.000000;-0.631337;0.129795;
1.287646;0.631243;0.130077;1.000000;0.631243;0.130077;1.000000;1.000000;0.000000;-0.631243;0.130077;
1.287939;0.631149;0.130348;1.000000;0.631149;0.130348;1.000000;1.000000;0.000000;-0.631149;0.130348;
1.288232;0.631057;0.130607;1.000000;0.631057;0.130607;1.000000;1.000000;0.000000;-0.631057;0.130607;
1.288524;0.630965;0.130855;1.000000;0.630965;0.130855;1.000000;1.000000;0.000000;-0.630965;0.130855;
1.288817;0.630874;0.131092;1.000000;0.630874;0.131092;1.000000;1.000000;0.000000;-0.630874;0.131092;
1.289109;0.630784;0.131317;1.000000;0.630784;0.131317;1.000000;1.000000;0.000000;-0.630784;0.131317;
1.289402;0.630694;0.131531;1.000000;0.630694;0.131531;1.000000;1.000000;0.000000;-0.630694;0.131531;
1.289695;0.630605;0.131734;1.000000;0.630605;0.131734;1.000000;1.000000;0.000000;-0.630605;0.131734;
1.289987;0.630517;0.131926;1.000000;0.630517;0.131926;1.000000;1.000000;0.000000;-0.630517;0.131926;
1.290280;0.630430;0.132107;1.000000;0.630430;0.132107;1.000000;1.000000;0.000000;-0.630430;0.132107;
1.290572;0.630344;0.132277;1.000000;0.630344;0.132277;1.000000;1.000000;0.000000;-0.630344;0.132277;
1.290865;0.630258;0.132437;1.000000;0.630258;0.132437;1.000000;1.000000;0.000000;-0.630258;0.132437;
1.291158;0.630173;0.132585;1.000000;0.630173;0.132585;1.000000;1.000000;0.000000;-0.630173;0.132585;
1.291450;0.630089;0.132723;1.000000;0.630089;0.132723;1.000000;1.000000;0.000000;-0.630089;0.132723;
1.291743;0.630006;0.132851;1.000000;0.630006;0.132851;1.000000;1.000000;0.000000;-0.630006;0.132851;
1.292035;0.629924;0.132968;1.000000;0.629924;0.132968;1.000000;1.000000;0.000000;-0.629924;0.132968;
1.292328;0.629842;0.133074;1.000000;0.629842;0.133074;1.000000;1.000000;0.000000;-0.629842;0.133074;
1.292621;0.629762;0.133170;1.000000;0.629762;0.133170;1.000000;1.000000;0.000000;-0.629762;0.133170;
1.292913;0.629682;0.133256;1.000000;0.629682;0.133256;1.000000;1.000000;0.000000;-0.629682;0.133256;
1.293206;0.629603;0.133332;1.000000;0.629603;0.133332;1.000000;1.000000;0.000000;-0.629603;0.133332;
1.293498;0.629524;0.133397;1.000000;0.629524;0.133397;1.000000;1.000000;0.000000;-0.629524;0.133397;
1.293791;0.629447;0.133453;1.000000;0.629447;0.133453;1.000000;1.000000;0.000000;-0.629447;0.133453;
1.294084;0.629371;0.133499;1.000000;0.629371;0.133499;1.000000;1.000000;0.000000;-0.629371;0.133499;
1.294376;0.629295;0.133535;1.000000;0.629295;0.133535;1.000000;1.000000;0.000000;-0.629295;0.133535;
1.294669;0.629220;0.133561;1.000000;0.629220;0.133561;1.000000;1.000000;0.000000;-0.629220;0.133561;
1.294961;0.629146;0.133577;1.000000;0.629146;0.133577;1.000000;1.000000;0.000000;-0.629146;0.133577;
1.295254;0.629073;0.133584;1.000000;0.629073;0.133584;1.000000;1.000000;0.000000;-0.629073;0.133584;
1.295546;0.629001;0.133582;1.000000;0.629001;0.133582;1.000000;1.000000;0.000000;-0.629001;0.133582;
1.295839;0.628929;0.133570;1.000000;0.628929;0.133570;1.000000;1.000000;0.000000;-0.628929;0.133570;
1.296132;0.628859;0.133549;1.000000;0.628859;0.133549;1.000000;1.000000;0.000000;-0.628859;0.133549;
1.296424;0.628789;0.133519;1.000000;0.628789;0.133519;1.000000;1.000000;0.000000;-0.628789;0.133519;
1.296717;0.628720;0.133480;1.000000;0.628720;0.133480;1.000000;1.000000;0.000000;-0.628720;0.133480;
1.297009;0.628653;0.133431;1.000000;0.628653;0.133431;1.000000;1.000000;0.000000;-0.628653;0.133431;
1.297302;0.628586;0.133374;1.000000;0.628586;0.133374;1.000000;1.000000;0.000000;-0.628586;0.133374;
1.297595;0.628519;0.133308;1.000000;0.628519;0.133308;1.000000;1.000000;0.000000;-0.628519;0.133308;
1.297887;0.628454;0.133234;1.000000;0.628454;0.133234;1.000000;1.000000;0.000000;-0.628454;0.133234;
1.298180;0.628390;0.133151;1.000000;0.628390;0.133151;1.000000;1.000000;0.000000;-0.628390;0.133151;
1.298472;0.628326;0.133059;1.000000;0.628326;0.133059;1.000000;1.000000;0.000000;-0.628326;0.133059;
1.298765;0.628264;0.132959;1.000000;0.628264;0.132959;1.000000;1.000000;0.000000;-0.628264;0.132959;
1.299058;0.628202;0.132851;1.000000;0.628202;0.132851;1.000000;1.000000;0.000000;-0.628202;0.132851;
1.299350;0.628141;0.132734;1.000000;0.628141;0.132734;1.000000;1.000000;0.000000;-0.628141;0.132734;
1.299643;0.628081;0.132610;1.000000;0.628081;0.132610;1.000000;1.000000;0.000000;-0.628081;0.132610;
1.299935;0.628022;0.132477;1.000000;0.628022;0.132477;1.000000;1.000000;0.000000;-0.628022;0.132477;
1.300228;0.627964;0.132337;1.000000;0.627964;0.132337;1.000000;1.000000;0.000000;-0.627964;0.132337;
1.300521;0.627906;0.132189;1.000000;0.627906;0.132189;1.000000;1.000000;0.000000;-0.627906;0.132189;
1.300813;0.627850;0.132033;1.000000;0.627850;0.132033;1.000000;1.000000;0.000000;-0.627850;0.132033;
1.301106;0.627794;0.131870;1.000000;0.627794;0.131870;1.000000;1.000000;0.000000;-0.627794;0.131870;
1.301398;0.627740;0.131699;1.000000;0.627740;0.131699;1.000000;1.000000;0.000000;-0.627740;0.131699;
1.301691;0.627686;0.131521;1.000000;0.627686;0.131521;1.000000;1.000000;0.000000;-0.627686;0.131521;
1.301984;0.627633;0.131336;1.000000;0.627633;0.131336;1.000000;1.000000;0.000000;-0.627633;0.131336;
1.302276;0.627581;0.131143;1.000000;0.627581;0.131143;1.000000;1.000000;0.000000;-0.627581;0.131143;
1.302569;0.627530;0.130944;1.000000;0.627530;0.130944;1.000000;1.000000;0.000000;-0.627530;0.130944;
1.302861;0.627479;0.130737;1.000000;0.627479;0.130737;1.000000;1.000000;0.000000;-0.627479;0.130737;
1.303154;0.627430;0.130524;1.000000;0.627430;0.130524;1.000000;1.000000;0.000000;-0.627430;0.130524;
1.303447;0.627382;0.130304;1.000000;0.627382;0.130304;1.000000;1.000000;0.000000;-0.627382;0.130304;
1.303739;0.627334;0.130077;1.000000;0.627334;0.130077;1.000000;1.000000;0.000000;-0.627334;0.130077;
1.304032;0.627287;0.129844;1.000000;0.627287;0.129844;1.000000;1.000000;0.000000;-0.627287;0.129844;
1.304324;0.627241;0.129605;1.000000;0.627241;0.129605;1.000000;1.000000;0.000000;-0.627241;0.129605;
1.304617;0.627196;0.129359;1.000000;0.627196;0.129359;1.000000;1.000000;0.000000;-0.627196;0.129359;
1.304910;0.627152;0.129107;1.000000;0.627152;0.129107;1.000000;1.000000;0.000000;-0.627152;0.129107;
1.305202;0.627108;0.128849;1.000000;0.627108;0.128849;1.000000;1.000000;0.000000;-0.627108;0.128849;
1.305495;0.627066;0.128586;1.000000;0.627066;0.128586;1.000000;1.000000;0.000000;-0.627066;0.128586;
1.305787;0.627024;0.128316;1.000000;0.627024;0.128316;1.000000;1.000000;0.000000;-0.627024;0.128316;
1.306080;0.626983;0.128040;1.000000;0.626983;0.128040;1.000000;1.000000;0.000000;-0.626983;0.128040;
1.306373;0.626944;0.127759;1.000000;0.626944;0.127759;1.000000;1.000000;0.000000;-0.626944;0.127759;
1.306665;0.626904;0.127473;1.000000;0.626904;0.127473;1.000000;1.000000;0.000000;-0.626904;0.127473;
1.306958;0.626866;0.127181;1.000000;0.626866;0.127181;1.000000;1.000000;0.000000;-0.626866;0.127181;
1.307250;0.626829;0.126883;1.000000;0.626829;0.126883;1.000000;1.000000;0.000000;-0.626829;0.126883;
1.307543;0.626792;0.126581;1.000000;0.626792;0.126581;1.000000;1.000000;0.000000;-0.626792;0.126581;
1.307836;0.626757;0.126273;1.000000;0.626757;0.126273;1.000000;1.000000;0.000000;-0.626757;0.126273;
1.308128;0.626722;0.125961;1.000000;0.626722;0.125961;1.000000;1.000000;0.000000;-0.626722;0.125961;
1.308421;0.626688;0.125643;1.000000;0.626688;0.125643;1.000000;1.000000;0.000000;-0.626688;0.125643;
1.308713;0.626654;0.125321;1.000000;0.626654;0.125321;1.000000;1.000000;0.000000;-0.626654;0.125321;
1.309006;0.626622;0.124994;1.000000;0.626622;0.124994;1.000000;1.000000;0.000000;-0.626622;0.124994;
1.309299;0.626590;0.124663;1.000000;0.626590;0.124663;1.000000;1.000000;0.000000;-0.626590;0.124663;
1.309591;0.626560;0.124327;1.000000;0.626560;0.124327;1.000000;1.000000;0.000000;-0.626560;0.124327;
1.309884;0.626530;0.123987;1.000000;0.626530;0.123987;1.000000;1.000000;0.000000;-0.626530;0.123987;
1.310176;0.626500;0.123642;1.000000;0.626500;0.123642;1.000000;1.000000;0.000000;-0.626500;0.123642;
1.310469;0.626472;0.123294;1.000000;0.626472;0.123294;1.000000;1.000000;0.000000;-0.626472;0.123294;
1.310762;0.626444;0.122941;1.000000;0.626444;0.122941;1.000000;1.000000;0.000000;-0.626444;0.122941;
1.311054;0.626418;0.122585;1.000000;0.626418;0.122585;1.000000;1.000000;0.000000;-0.626418;0.122585;
1.311347;0.626392;0.122225;1.000000;0.626392;0.122225;1.000000;1.000000;0.000000;-0.626392;0.122225;
1.311639;0.626366;0.121861;1.000000;0.626366;0.121861;1.000000;1.000000;0.000000;-0.626366;0.121861;
1.311932;0.626342;0.121493;1.000000;0.626342;0.121493;1.000000;1.000000;0.000000;-0.626342;0.121493;
1.312224;0.626318;0.121122;1.000000;0.626318;0.121122;1.000000;1.000000;0.000000;-0.626318;0.121122;
1.312517;0.626295;0.120748;1.000000;0.626295;0.120748;1.000000;1.000000;0.000000;-0.626295;0.120748;
1.312810;0.626273;0.120370;1.000000;0.626273;0.120370;1.000000;1.000000;0.000000;-0.626273;0.120370;
1.313102;0.626252;0.119989;1.000000;0.626252;0.119989;1.000000;1.000000;0.000000;-0.626252;0.119989;
1.313395;0.626231;0.119605;1.000000;0.626231;0.119605;1.000000;1.000000;0.000000;-0.626231;0.119605;
1.313687;0.626212;0.119219;1.000000;0.626212;0.119219;1.000000;1.000000;0.000000;-0.626212;0.119219;
1.313980;0.626192;0.118829;1.000000;0.626192;0.118829;1.000000;1.000000;0.000000;-0.626192;0.118829;
1.314273;0.626174;0.118436;1.000000;0.626174;0.118436;1.000000;1.000000;0.000000;-0.626174;0.118436;
1.314565;0.626157;0.118041;1.000000;0.626157;0.118041;1.000000;1.000000;0.000000;-0.626157;0.118041;
1.314858;0.626140;0.117643;1.000000;0.626140;0.117643;1.000000;1.000000;0.000000;-0.626140;0.117643;
1.315150;0.626123;0.117243;1.000000;0.626123;0.117243;1.000000;1.000000;0.000000;-0.626123;0.117243;
1.315443;0.626108;0.116841;1.000000;0.626108;0.116841;1.000000;1.000000;0.000000;-0.626108;0.116841;
1.315736;0.626093;0.116436;1.000000;0.626093;0.116436;1.000000;1.000000;0.000000;-0.626093;0.116436;
1.316028;0.626079;0.116029;1.000000;0.626079;0.116029;1.000000;1.000000;0.000000;-0.626079;0.116029;
1.316321;0.626066;0.115620;1.000000;0.626066;0.115620;1.000000;1.000000;0.000000;-0.626066;0.115620;
1.316613;0.626053;0.115209;1.000000;0.626053;0.115209;1.000000;1.000000;0.000000;-0.626053;0.115209;
1.316906;0.626041;0.114796;1.000000;0.626041;0.114796;1.000000;1.000000;0.000000;-0.626041;0.114796;
1.317199;0.626030;0.114382;1.000000;0.626030;0.114382;1.000000;1.000000;0.000000;-0.626030;0.114382;
1.317491;0.626020;0.113966;1.000000;0.626020;0.113966;1.000000;1.000000;0.000000;-0.626020;0.113966;
1.317784;0.626010;0.113548;1.000000;0.626010;0.113548;1.000000;1.000000;0.000000;-0.626010;0.113548;
1.318076;0.626000;0.113129;1.000000;0.626000;0.113129;1.000000;1.000000;0.000000;-0.626000;0.113129;
1.318369;0.625992;0.112708;1.000000;0.625992;0.112708;1.000000;1.000000;0.000000;-0.625992;0.112708;
1.318662;0.625984;0.112286;1.000000;0.625984;0.112286;1.000000;1.000000;0.000000;-0.625984;0.112286;
1.318954;0.625977;0.111863;1.000000;0.625977;0.111863;1.000000;1.000000;0.000000;-0.625977;0.111863;
1.319247;0.625970;0.111439;1.000000;0.625970;0.111439;1.000000;1.000000;0.000000;-0.625970;0.111439;
1.319539;0.625964;0.111013;1.000000;0.625964;0.111013;1.000000;1.000000;0.000000;-0.625964;0.111013;
1.319832;0.625959;0.110587;1.000000;0.625959;0.110587;1.000000;1.000000;0.000000;-0.625959;0.110587;
1.320125;0.625954;0.110160;1.000000;0.625954;0.110160;1.000000;1.000000;0.000000;-0.625954;0.110160;
1.320417;0.625950;0.109733;1.000000;0.625950;0.109733;1.000000;1.000000;0.000000;-0.625950;0.109733;
1.320710;0.625946;0.109304;1.000000;0.625946;0.109304;1.000000;1.000000;0.000000;-0.625946;0.109304;
1.321002;0.625944;0.108875;1.000000;0.625944;0.108875;1.000000;1.000000;0.000000;-0.625944;0.108875;
1.321588;0.625940;0.108016;1.000000;0.625940;0.108016;1.000000;1.000000;0.000000;-0.625940;0.108016;
1.322101;0.625939;0.107261;1.000000;0.625939;0.107261;1.000000;1.000000;0.000000;-0.625939;0.107261;
1.322615;0.625940;0.106505;1.000000;0.625940;0.106505;1.000000;1.000000;0.000000;-0.625940;0.106505;
1.323129;0.625942;0.105750;1.000000;0.625942;0.105750;1.000000;1.000000;0.000000;-0.625942;0.105750;
1.323643;0.625946;0.104995;1.000000;0.625946;0.104995;1.000000;1.000000;0.000000;-0.625946;0.104995;
1.324157;0.625952;0.104242;1.000000;0.625952;0.104242;1.000000;1.000000;0.000000;-0.625952;0.104242;
1.324671;0.625959;0.103490;1.000000;0.625959;0.103490;1.000000;1.000000;0.000000;-0.625959;0.103490;
1.325185;0.625968;0.102740;1.000000;0.625968;0.102740;1.000000;1.000000;0.000000;-0.625968;0.102740;
1.325699;0.625979;0.101992;1.000000;0.625979;0.101992;1.000000;1.000000;0.000000;-0.625979;0.101992;
1.326213;0.625991;0.101247;1.000000;0.625991;0.101247;1.000000;1.000000;0.000000;-0.625991;0.101247;
1.326727;0.626004;0.100505;1.000000;0.626004;0.100505;1.000000;1.000000;0.000000;-0.626004;0.100505;
1.327240;0.626019;0.099767;1.000000;0.626019;0.099767;1.000000;1.000000;0.000000;-0.626019;0.099767;
1.327754;0.626035;0.099033;1.000000;0.626035;0.099033;1.000000;1.000000;0.000000;-0.626035;0.099033;
1.328268;0.626053;0.098303;1.000000;0.626053;0.098303;1.000000;1.000000;0.000000;-0.626053;0.098303;
1.328782;0.626072;0.097578;1.000000;0.626072;0.097578;1.000000;1.000000;0.000000;-0.626072;0.097578;
1.329296;0.626092;0.096858;1.000000;0.626092;0.096858;1.000000;1.000000;0.000000;-0.626092;0.096858;
1.329810;0.626114;0.096143;1.000000;0.626114;0.096143;1.000000;1.000000;0.000000;-0.626114;0.096143;
1.330324;0.626137;0.095434;1.000000;0.626137;0.095434;1.000000;1.000000;0.000000;-0.626137;0.095434;
1.330838;0.626161;0.094731;1.000000;0.626161;0.094731;1.000000;1.000000;0.000000;-0.626161;0.094731;
1.331352;0.626186;0.094034;1.000000;0.626186;0.094034;1.000000;1.000000;0.000000;-0.626186;0.094034;
1.331866;0.626213;0.093344;1.000000;0.626213;0.093344;1.000000;1.000000;0.000000;-0.626213;0.093344;
1.332333;0.626238;0.092723;1.000000;0.626238;0.092723;1.000000;1.000000;0.000000;-0.626238;0.092723;
1.332339;0.626238;0.092715;1.000000;0.626238;0.092715;1.000000;1.000000;0.000000;-0.626238;0.092715;
1.332350;0.626238;0.092701;1.000000;0.626238;0.092701;1.000000;1.000000;0.000000;-0.626238;0.092701;
1.332372;0.626240;0.092671;1.000000;0.626240;0.092671;1.000000;1.000000;0.000000;-0.626240;0.092671;
1.332416;0.626242;0.092612;1.000000;0.626242;0.092612;1.000000;1.000000;0.000000;-0.626242;0.092612;
1.332505;0.626247;0.092495;1.000000;0.626247;0.092495;1.000000;1.000000;0.000000;-0.626247;0.092495;
1.332682;0.626257;0.092261;1.000000;0.626257;0.092261;1.000000;1.000000;0.000000;-0.626257;0.092261;
1.333037;0.626276;0.091797;1.000000;0.626276;0.091797;1.000000;1.000000;0.000000;-0.626276;0.091797;
1.333391;0.626297;0.091336;1.000000;0.626297;0.091336;1.000000;1.000000;0.000000;-0.626297;0.091336;
1.333745;0.626318;0.090879;1.000000;0.626318;0.090879;1.000000;1.000000;0.000000;-0.626318;0.090879;
1.334100;0.626339;0.090425;1.000000;0.626339;0.090425;1.000000;1.000000;0.000000;-0.626339;0.090425;
1.334454;0.626361;0.089976;1.000000;0.626361;0.089976;1.000000;1.000000;0.000000;-0.626361;0.089976;
1.334808;0.626383;0.089530;1.000000;0.626383;0.089530;1.000000;1.000000;0.000000;-0.626383;0.089530;
1.335163;0.626405;0.089089;1.000000;0.626405;0.089089;1.000000;1.000000;0.000000;-0.626405;0.089089;
1.335517;0.626428;0.088651;1.000000;0.626428;0.088651;1.000000;1.000000;0.000000;-0.626428;0.088651;
1.335872;0.626452;0.088218;1.000000;0.626452;0.088218;1.000000;1.000000;0.000000;-0.626452;0.088218;
1.336226;0.626476;0.087790;1.000000;0.626476;0.087790;1.000000;1.000000;0.000000;-0.626476;0.087790;
1.336580;0.626500;0.087365;1.000000;0.626500;0.087365;1.000000;1.000000;0.000000;-0.626500;0.087365;
1.336935;0.626525;0.086945;1.000000;0.626525;0.086945;1.000000;1.000000;0.000000;-0.626525;0.086945;
1.337289;0.626550;0.086530;1.000000;0.626550;0.086530;1.000000;1.000000;0.000000;-0.626550;0.086530;
1.337643;0.626575;0.086119;1.000000;0.626575;0.086119;1.000000;1.000000;0.000000;-0.626575;0.086119;
1.337998;0.626601;0.085712;1.000000;0.626601;0.085712;1.000000;1.000000;0.000000;-0.626601;0.085712;
1.338352;0.626627;0.085311;1.000000;0.626627;0.085311;1.000000;1.000000;0.000000;-0.626627;0.085311;
1.338707;0.626653;0.084914;1.000000;0.626653;0.084914;1.000000;1.000000;0.000000;-0.626653;0.084914;
1.339061;0.626680;0.084522;1.000000;0.626680;0.084522;1.000000;1.000000;0.000000;-0.626680;0.084522;
1.339415;0.626706;0.084135;1.000000;0.626706;0.084135;1.000000;1.000000;0.000000;-0.626706;0.084135;
1.339770;0.626734;0.083753;1.000000;0.626734;0.083753;1.000000;1.000000;0.000000;-0.626734;0.083753;
1.340124;0.626761;0.083376;1.000000;0.626761;0.083376;1.000000;1.000000;0.000000;-0.626761;0.083376;
1.340478;0.626789;0.083005;1.000000;0.626789;0.083005;1.000000;1.000000;0.000000;-0.626789;0.083005;
1.340833;0.626817;0.082638;1.000000;0.626817;0.082638;1.000000;1.000000;0.000000;-0.626817;0.082638;
1.341187;0.626845;0.082276;1.000000;0.626845;0.082276;1.000000;1.000000;0.000000;-0.626845;0.082276;
1.341542;0.626874;0.081920;1.000000;0.626874;0.081920;1.000000;1.000000;0.000000;-0.626874;0.081920;
1.341896;0.626902;0.081569;1.000000;0.626902;0.081569;1.000000;1.000000;0.000000;-0.626902;0.081569;
1.342250;0.626931;0.081223;1.000000;0.626931;0.081223;1.000000;1.000000;0.000000;-0.626931;0.081223;
1.342605;0.626961;0.080883;1.000000;0.626961;0.080883;1.000000;1.000000;0.000000;-0.626961;0.080883;
1.342959;0.626990;0.080548;1.000000;0.626990;0.080548;1.000000;1.000000;0.000000;-0.626990;0.080548;
1.343313;0.627020;0.080218;1.000000;0.627020;0.080218;1.000000;1.000000;0.000000;-0.627020;0.080218;
1.343668;0.627049;0.079894;1.000000;0.627049;0.079894;1.000000;1.000000;0.000000;-0.627049;0.079894;
1.344022;0.627079;0.079576;1.000000;0.627079;0.079576;1.000000;1.000000;0.000000;-0.627079;0.079576;
1.344377;0.627109;0.079263;1.000000;0.627109;0.079263;1.000000;1.000000;0.000000;-0.627109;0.079263;
1.344731;0.627139;0.078956;1.000000;0.627139;0.078956;1.000000;1.000000;0.000000;-0.627139;0.078956;
1.345085;0.627170;0.078654;1.000000;0.627170;0.078654;1.000000;1.000000;0.000000;-0.627170;0.078654;
1.345440;0.627200;0.078358;1.000000;0.627200;0.078358;1.000000;1.000000;0.000000;-0.627200;0.078358;
1.345794;0.627231;0.078067;1.000000;0.627231;0.078067;1.000000;1.000000;0.000000;-0.627231;0.078067;
1.346148;0.627262;0.077783;1.000000;0.627262;0.077783;1.000000;1.000000;0.000000;-0.627262;0.077783;
1.346503;0.627293;0.077504;1.000000;0.627293;0.077504;1.000000;1.000000;0.000000;-0.627293;0.077504;
1.346857;0.627323;0.077231;1.000000;0.627323;0.077231;1.000000;1.000000;0.000000;-0.627323;0.077231;
1.347212;0.627355;0.076963;1.000000;0.627355;0.076963;1.000000;1.000000;0.000000;-0.627355;0.076963;
1.347566;0.627386;0.076702;1.000000;0.627386;0.076702;1.000000;1.000000;0.000000;-0.627386;0.076702;
1.347920;0.627417;0.076446;1.000000;0.627417;0.076446;1.000000;1.000000;0.000000;-0.627417;0.076446;
1.348128;0.627435;0.076299;1.000000;0.627435;0.076299;1.000000;1.000000;0.000000;-0.627435;0.076299;
1.348136;0.627436;0.076294;1.000000;0.627436;0.076294;1.000000;1.000000;0.000000;-0.627436;0.076294;
1.348150;0.627437;0.076284;1.000000;0.627437;0.076284;1.000000;1.000000;0.000000;-0.627437;0.076284;
1.348178;0.627440;0.076263;1.000000;0.627440;0.076263;1.000000;1.000000;0.000000;-0.627440;0.076263;
1.348235;0.627445;0.076223;1.000000;0.627445;0.076223;1.000000;1.000000;0.000000;-0.627445;0.076223;
1.348349;0.627455;0.076143;1.000000;0.627455;0.076143;1.000000;1.000000;0.000000;-0.627455;0.076143;
1.348576;0.627475;0.075986;1.000000;0.627475;0.075986;1.000000;1.000000;0.000000;-0.627475;0.075986;
1.349031;0.627515;0.075681;1.000000;0.627515;0.075681;1.000000;1.000000;0.000000;-0.627515;0.075681;
1.349486;0.627555;0.075385;1.000000;0.627555;0.075385;1.000000;1.000000;0.000000;-0.627555;0.075385;
1.349942;0.627596;0.075100;1.000000;0.627596;0.075100;1.000000;1.000000;0.000000;-0.627596;0.075100;
1.350397;0.627636;0.074823;1.000000;0.627636;0.074823;1.000000;1.000000;0.000000;-0.627636;0.074823;
1.350852;0.627677;0.074557;1.000000;0.627677;0.074557;1.000000;1.000000;0.000000;-0.627677;0.074557;
1.351307;0.627717;0.074300;1.000000;0.627717;0.074300;1.000000;1.000000;0.000000;-0.627717;0.074300;
1.351762;0.627757;0.074053;1.000000;0.627757;0.074053;1.000000;1.000000;0.000000;-0.627757;0.074053;
1.352217;0.627798;0.073816;1.000000;0.627798;0.073816;1.000000;1.000000;0.000000;-0.627798;0.073816;
1.352672;0.627838;0.073588;1.000000;0.627838;0.073588;1.000000;1.000000;0.000000;-0.627838;0.073588;
1.353127;0.627878;0.073370;1.000000;0.627878;0.073370;1.000000;1.000000;0.000000;-0.627878;0.073370;
1.353582;0.627918;0.073161;1.000000;0.627918;0.073161;1.000000;1.000000;0.000000;-0.627918;0.073161;
1.354037;0.627958;0.072962;1.000000;0.627958;0.072962;1.000000;1.000000;0.000000;-0.627958;0.072962;
1.354492;0.627998;0.072773;1.000000;0.627998;0.072773;1.000000;1.000000;0.000000;-0.627998;0.072773;
1.354947;0.628038;0.072593;1.000000;0.628038;0.072593;1.000000;1.000000;0.000000;-0.628038;0.072593;
1.355402;0.628078;0.072423;1.000000;0.628078;0.072423;1.000000;1.000000;0.000000;-0.628078;0.072423;
1.355857;0.628118;0.072262;1.000000;0.628118;0.072262;1.000000;1.000000;0.000000;-0.628118;0.072262;
1.356312;0.628157;0.072110;1.000000;0.628157;0.072110;1.000000;1.000000;0.000000;-0.628157;0.072110;
1.356767;0.628196;0.071968;1.000000;0.628196;0.071968;1.000000;1.000000;0.000000;-0.628196;0.071968;
1.357222;0.628235;0.071835;1.000000;0.628235;0.071835;1.000000;1.000000;0.000000;-0.628235;0.071835;
1.357677;0.628274;0.071712;1.000000;0.628274;0.071712;1.000000;1.000000;0.000000;-0.628274;0.071712;
1.358132;0.628313;0.071597;1.000000;0.628313;0.071597;1.000000;1.000000;0.000000;-0.628313;0.071597;
1.358587;0.628351;0.071492;1.000000;0.628351;0.071492;1.000000;1.000000;0.000000;-0.628351;0.071492;
1.359042;0.628389;0.071396;1.000000;0.628389;0.071396;1.000000;1.000000;0.000000;-0.628389;0.071396;
1.359497;0.628427;0.071309;1.000000;0.628427;0.071309;1.000000;1.000000;0.000000;-0.628427;0.071309;
1.359952;0.628465;0.071231;1.000000;0.628465;0.071231;1.000000;1.000000;0.000000;-0.628465;0.071231;
1.360407;0.628503;0.071162;1.000000;0.628503;0.071162;1.000000;1.000000;0.000000;-0.628503;0.071162;
1.360862;0.628540;0.071101;1.000000;0.628540;0.071101;1.000000;1.000000;0.000000;-0.628540;0.071101;
1.361317;0.628577;0.071050;1.000000;0.628577;0.071050;1.000000;1.000000;0.000000;-0.628577;0.071050;
1.361772;0.628613;0.071007;1.000000;0.628613;0.071007;1.000000;1.000000;0.000000;-0.628613;0.071007;
1.362228;0.628650;0.070972;1.000000;0.628650;0.070972;1.000000;1.000000;0.000000;-0.628650;0.070972;
1.362683;0.628686;0.070946;1.000000;0.628686;0.070946;1.000000;1.000000;0.000000;-0.628686;0.070946;
1.363138;0.628721;0.070929;1.000000;0.628721;0.070929;1.000000;1.000000;0.000000;-0.628721;0.070929;
1.363593;0.628757;0.070919;1.000000;0.628757;0.070919;1.000000;1.000000;0.000000;-0.628757;0.070919;
1.364048;0.628792;0.070918;1.000000;0.628792;0.070918;1.000000;1.000000;0.000000;-0.628792;0.070918;
1.364503;0.628826;0.070925;1.000000;0.628826;0.070925;1.000000;1.000000;0.000000;-0.628826;0.070925;
1.364958;0.628861;0.070941;1.000000;0.628861;0.070941;1.000000;1.000000;0.000000;-0.628861;0.070941;
1.365413;0.628895;0.070964;1.000000;0.628895;0.070964;1.000000;1.000000;0.000000;-0.628895;0.070964;
1.365868;0.628928;0.070994;1.000000;0.628928;0.070994;1.000000;1.000000;0.000000;-0.628928;0.070994;
1.366323;0.628962;0.071033;1.000000;0.628962;0.071033;1.000000;1.000000;0.000000;-0.628962;0.071033;
1.366778;0.628995;0.071079;1.000000;0.628995;0.071079;1.000000;1.000000;0.000000;-0.628995;0.071079;
1.367233;0.629027;0.071133;1.000000;0.629027;0.071133;1.000000;1.000000;0.000000;-0.629027;0.071133;
1.367688;0.629059;0.071194;1.000000;0.629059;0.071194;1.000000;1.000000;0.000000;-0.629059;0.071194;
1.368143;0.629091;0.071263;1.000000;0.629091;0.071263;1.000000;1.000000;0.000000;-0.629091;0.071263;
1.368598;0.629122;0.071338;1.000000;0.629122;0.071338;1.000000;1.000000;0.000000;-0.629122;0.071338;
1.369053;0.629153;0.071421;1.000000;0.629153;0.071421;1.000000;1.000000;0.000000;-0.629153;0.071421;
1.369508;0.629184;0.071510;1.000000;0.629184;0.071510;1.000000;1.000000;0.000000;-0.629184;0.071510;
1.369963;0.629214;0.071607;1.000000;0.629214;0.071607;1.000000;1.000000;0.000000;-0.629214;0.071607;
1.370418;0.629244;0.071710;1.000000;0.629244;0.071710;1.000000;1.000000;0.000000;-0.629244;0.071710;
1.370873;0.629273;0.071820;1.000000;0.629273;0.071820;1.000000;1.000000;0.000000;-0.629273;0.071820;
1.371328;0.629302;0.071936;1.000000;0.629302;0.071936;1.000000;1.000000;0.000000;-0.629302;0.071936;
1.371783;0.629331;0.072059;1.000000;0.629331;0.072059;1.000000;1.000000;0.000000;-0.629331;0.072059;
1.372238;0.629359;0.072187;1.000000;0.629359;0.072187;1.000000;1.000000;0.000000;-0.629359;0.072187;
1.372693;0.629386;0.072322;1.000000;0.629386;0.072322;1.000000;1.000000;0.000000;-0.629386;0.072322;
1.373148;0.629414;0.072463;1.000000;0.629414;0.072463;1.000000;1.000000;0.000000;-0.629414;0.072463;
1.373603;0.629440;0.072610;1.000000;0.629440;0.072610;1.000000;1.000000;0.000000;-0.629440;0.072610;
1.374058;0.629467;0.072762;1.000000;0.629467;0.072762;1.000000;1.000000;0.000000;-0.629467;0.072762;
1.374514;0.629493;0.072921;1.000000;0.629493;0.072921;1.000000;1.000000;0.000000;-0.629493;0.072921;
1.374969;0.629518;0.073084;1.000000;0.629518;0.073084;1.000000;1.000000;0.000000;-0.629518;0.073084;
1.375424;0.629543;0.073253;1.000000;0.629543;0.073253;1.000000;1.000000;0.000000;-0.629543;0.073253;
1.375879;0.629568;0.073427;1.000000;0.629568;0.073427;1.000000;1.000000;0.000000;-0.629568;0.073427;
1.376334;0.629592;0.073606;1.000000;0.629592;0.073606;1.000000;1.000000;0.000000;-0.629592;0.073606;
1.376789;0.629615;0.073791;1.000000;0.629615;0.073791;1.000000;1.000000;0.000000;-0.629615;0.073791;
1.377244;0.629639;0.073979;1.000000;0.629639;0.073979;1.000000;1.000000;0.000000;-0.629639;0.073979;
1.377699;0.629661;0.074173;1.000000;0.629661;0.074173;1.000000;1.000000;0.000000;-0.629661;0.074173;
1.378154;0.629684;0.074371;1.000000;0.629684;0.074371;1.000000;1.000000;0.000000;-0.629684;0.074371;
1.378609;0.629705;0.074574;1.000000;0.629705;0.074574;1.000000;1.000000;0.000000;-0.629705;0.074574;
1.379064;0.629727;0.074781;1.000000;0.629727;0.074781;1.000000;1.000000;0.000000;-0.629727;0.074781;
1.379519;0.629748;0.074992;1.000000;0.629748;0.074992;1.000000;1.000000;0.000000;-0.629748;0.074992;
1.379974;0.629768;0.075207;1.000000;0.629768;0.075207;1.000000;1.000000;0.000000;-0.629768;0.075207;
1.380429;0.629788;0.075427;1.000000;0.629788;0.075427;1.000000;1.000000;0.000000;-0.629788;0.075427;
1.380884;0.629808;0.075649;1.000000;0.629808;0.075649;1.000000;1.000000;0.000000;-0.629808;0.075649;
1.381339;0.629827;0.075876;1.000000;0.629827;0.075876;1.000000;1.000000;0.000000;-0.629827;0.075876;
1.381794;0.629846;0.076106;1.000000;0.629846;0.076106;1.000000;1.000000;0.000000;-0.629846;0.076106;
1.382249;0.629864;0.076339;1.000000;0.629864;0.076339;1.000000;1.000000;0.000000;-0.629864;0.076339;
1.382704;0.629882;0.076576;1.000000;0.629882;0.076576;1.000000;1.000000;0.000000;-0.629882;0.076576;
1.383159;0.629899;0.076816;1.000000;0.629899;0.076816;1.000000;1.000000;0.000000;-0.629899;0.076816;
1.383614;0.629916;0.077059;1.000000;0.629916;0.077059;1.000000;1.000000;0.000000;-0.629916;0.077059;
1.384069;0.629933;0.077304;1.000000;0.629933;0.077304;1.000000;1.000000;0.000000;-0.629933;0.077304;
1.384524;0.629949;0.077553;1.000000;0.629949;0.077553;1.000000;1.000000;0.000000;-0.629949;0.077553;
1.384979;0.629964;0.077804;1.000000;0.629964;0.077804;1.000000;1.000000;0.000000;-0.629964;0.077804;
1.385434;0.629980;0.078057;1.000000;0.629980;0.078057;1.000000;1.000000;0.000000;-0.629980;0.078057;
1.385889;0.629994;0.078313;1.000000;0.629994;0.078313;1.000000;1.000000;0.000000;-0.629994;0.078313;
1.386345;0.630009;0.078571;1.000000;0.630009;0.078571;1.000000;1.000000;0.000000;-0.630009;0.078571;
1.386800;0.630022;0.078831;1.000000;0.630022;0.078831;1.000000;1.000000;0.000000;-0.630022;0.078831;
1.387255;0.630036;0.079093;1.000000;0.630036;0.079093;1.000000;1.000000;0.000000;-0.630036;0.079093;
1.387710;0.630049;0.079357;1.000000;0.630049;0.079357;1.000000;1.000000;0.000000;-0.630049;0.079357;
1.388165;0.630062;0.079623;1.000000;0.630062;0.079623;1.000000;1.000000;0.000000;-0.630062;0.079623;
1.388620;0.630074;0.079890;1.000000;0.630074;0.079890;1.000000;1.000000;0.000000;-0.630074;0.079890;
1.389075;0.630086;0.080159;1.000000;0.630086;0.080159;1.000000;1.000000;0.000000;-0.630086;0.080159;
1.389985;0.630107;0.080701;1.000000;0.630107;0.080701;1.000000;1.000000;0.000000;-0.630107;0.080701;
1.390795;0.630126;0.081187;1.000000;0.630126;0.081187;1.000000;1.000000;0.000000;-0.630126;0.081187;
1.391605;0.630143;0.081676;1.000000;0.630143;0.081676;1.000000;1.000000;0.000000;-0.630143;0.081676;
1.392415;0.630158;0.082167;1.000000;0.630158;0.082167;1.000000;1.000000;0.000000;-0.630158;0.082167;
1.393225;0.630173;0.082659;1.000000;0.630173;0.082659;1.000000;1.000000;0.000000;-0.630173;0.082659;
1.394035;0.630186;0.083152;1.000000;0.630186;0.083152;1.000000;1.000000;0.000000;-0.630186;0.083152;
1.394845;0.630198;0.083645;1.000000;0.630198;0.083645;1.000000;1.000000;0.000000;-0.630198;0.083645;
1.395655;0.630209;0.084137;1.000000;0.630209;0.084137;1.000000;1.000000;0.000000;-0.630209;0.084137;
1.396465;0.630219;0.084629;1.000000;0.630219;0.084629;1.000000;1.000000;0.000000;-0.630219;0.084629;
1.397275;0.630228;0.085119;1.000000;0.630228;0.085119;1.000000;1.000000;0.000000;-0.630228;0.085119;
1.398085;0.630236;0.085607;1.000000;0.630236;0.085607;1.000000;1.000000;0.000000;-0.630236;0.085607;
1.398895;0.630243;0.086092;1.000000;0.630243;0.086092;1.000000;1.000000;0.000000;-0.630243;0.086092;
1.399705;0.630249;0.086574;1.000000;0.630249;0.086574;1.000000;1.000000;0.000000;-0.630249;0.086574;
1.400515;0.630253;0.087053;1.000000;0.630253;0.087053;1.000000;1.000000;0.000000;-0.630253;0.087053;
1.401325;0.630257;0.087528;1.000000;0.630257;0.087528;1.000000;1.000000;0.000000;-0.630257;0.087528;
1.402135;0.630260;0.087997;1.000000;0.630260;0.087997;1.000000;1.000000;0.000000;-0.630260;0.087997;
1.402944;0.630262;0.088462;1.000000;0.630262;0.088462;1.000000;1.000000;0.000000;-0.630262;0.088462;
1.403754;0.630263;0.088922;1.000000;0.630263;0.088922;1.000000;1.000000;0.000000;-0.630263;0.088922;
1.404564;0.630263;0.089376;1.000000;0.630263;0.089376;1.000000;1.000000;0.000000;-0.630263;0.089376;
1.405374;0.630263;0.089823;1.000000;0.630263;0.089823;1.000000;1.000000;0.000000;-0.630263;0.089823;
1.406184;0.630261;0.090264;1.000000;0.630261;0.090264;1.000000;1.000000;0.000000;-0.630261;0.090264;
1.406994;0.630259;0.090698;1.000000;0.630259;0.090698;1.000000;1.000000;0.000000;-0.630259;0.090698;
1.407804;0.630256;0.091125;1.000000;0.630256;0.091125;1.000000;1.000000;0.000000;-0.630256;0.091125;
1.408614;0.630253;0.091544;1.000000;0.630253;0.091544;1.000000;1.000000;0.000000;-0.630253;0.091544;
1.409424;0.630249;0.091955;1.000000;0.630249;0.091955;1.000000;1.000000;0.000000;-0.630249;0.091955;
1.410234;0.630244;0.092358;1.000000;0.630244;0.092358;1.000000;1.000000;0.000000;-0.630244;0.092358;
1.411044;0.630238;0.092753;1.000000;0.630238;0.092753;1.000000;1.000000;0.000000;-0.630238;0.092753;
1.411854;0.630232;0.093138;1.000000;0.630232;0.093138;1.000000;1.000000;0.000000;-0.630232;0.093138;
1.412664;0.630226;0.093515;1.000000;0.630226;0.093515;1.000000;1.000000;0.000000;-0.630226;0.093515;
1.413474;0.630219;0.093883;1.000000;0.630219;0.093883;1.000000;1.000000;0.000000;-0.630219;0.093883;
1.414284;0.630211;0.094242;1.000000;0.630211;0.094242;1.000000;1.000000;0.000000;-0.630211;0.094242;
1.415094;0.630203;0.094590;1.000000;0.630203;0.094590;1.000000;1.000000;0.000000;-0.630203;0.094590;
1.415904;0.630195;0.094930;1.000000;0.630195;0.094930;1.000000;1.000000;0.000000;-0.630195;0.094930;
1.416714;0.630186;0.095259;1.000000;0.630186;0.095259;1.000000;1.000000;0.000000;-0.630186;0.095259;
1.417524;0.630176;0.095578;1.000000;0.630176;0.095578;1.000000;1.000000;0.000000;-0.630176;0.095578;
1.418334;0.630167;0.095888;1.000000;0.630167;0.095888;1.000000;1.000000;0.000000;-0.630167;0.095888;
1.419144;0.630156;0.096187;1.000000;0.630156;0.096187;1.000000;1.000000;0.000000;-0.630156;0.096187;
1.419954;0.630146;0.096476;1.000000;0.630146;0.096476;1.000000;1.000000;0.000000;-0.630146;0.096476;
1.420764;0.630135;0.096754;1.000000;0.630135;0.096754;1.000000;1.000000;0.000000;-0.630135;0.096754;
1.421574;0.630125;0.097022;1.000000;0.630125;0.097022;1.000000;1.000000;0.000000;-0.630125;0.097022;
1.421767;0.630122;0.097084;1.000000;0.630122;0.097084;1.000000;1.000000;0.000000;-0.630122;0.097084;
1.421778;0.630122;0.097087;1.000000;0.630122;0.097087;1.000000;1.000000;0.000000;-0.630122;0.097087;
1.421800;0.630121;0.097095;1.000000;0.630121;0.097095;1.000000;1.000000;0.000000;-0.630121;0.097095;
1.421845;0.630121;0.097109;1.000000;0.630121;0.097109;1.000000;1.000000;0.000000;-0.630121;0.097109;
1.421934;0.630120;0.097138;1.000000;0.630120;0.097138;1.000000;1.000000;0.000000;-0.630120;0.097138;
1.422113;0.630117;0.097196;1.000000;0.630117;0.097196;1.000000;1.000000;0.000000;-0.630117;0.097196;
1.422470;0.630112;0.097309;1.000000;0.630112;0.097309;1.000000;1.000000;0.000000;-0.630112;0.097309;
1.423184;0.630102;0.097527;1.000000;0.630102;0.097527;1.000000;1.000000;0.000000;-0.630102;0.097527;
1.423898;0.630092;0.097737;1.000000;0.630092;0.097737;1.000000;1.000000;0.000000;-0.630092;0.097737;
1.424612;0.630082;0.097939;1.000000;0.630082;0.097939;1.000000;1.000000;0.000000;-0.630082;0.097939;
1.425326;0.630071;0.098132;1.000000;0.630071;0.098132;1.000000;1.000000;0.000000;-0.630071;0.098132;
1.426040;0.630061;0.098318;1.000000;0.630061;0.098318;1.000000;1.000000;0.000000;-0.630061;0.098318;
1.426754;0.630050;0.098495;1.000000;0.630050;0.098495;1.000000;1.000000;0.000000;-0.630050;0.098495;
1.427468;0.630039;0.098665;1.000000;0.630039;0.098665;1.000000;1.000000;0.000000;-0.630039;0.098665;
1.428182;0.630029;0.098826;1.000000;0.630029;0.098826;1.000000;1.000000;0.000000;-0.630029;0.098826;
1.428896;0.630018;0.098980;1.000000;0.630018;0.098980;1.000000;1.000000;0.000000;-0.630018;0.098980;
1.429610;0.630007;0.099125;1.000000;0.630007;0.099125;1.000000;1.000000;0.000000;-0.630007;0.099125;
1.430324;0.629996;0.099263;1.000000;0.629996;0.099263;1.000000;1.000000;0.000000;-0.629996;0.099263;
1.431038;0.629985;0.099393;1.000000;0.629985;0.099393;1.000000;1.000000;0.000000;-0.629985;0.099393;
1.431752;0.629974;0.099515;1.000000;0.629974;0.099515;1.000000;1.000000;0.000000;-0.629974;0.099515;
1.432467;0.629963;0.099629;1.000000;0.629963;0.099629;1.000000;1.000000;0.000000;-0.629963;0.099629;
1.433181;0.629952;0.099736;1.000000;0.629952;0.099736;1.000000;1.000000;0.000000;-0.629952;0.099736;
1.433895;0.629941;0.099836;1.000000;0.629941;0.099836;1.000000;1.000000;0.000000;-0.629941;0.099836;
1.434609;0.629930;0.099928;1.000000;0.629930;0.099928;1.000000;1.000000;0.000000;-0.629930;0.099928;
1.435323;0.629920;0.100013;1.000000;0.629920;0.100013;1.000000;1.000000;0.000000;-0.629920;0.100013;
1.436037;0.629909;0.100091;1.000000;0.629909;0.100091;1.000000;1.000000;0.000000;-0.629909;0.100091;
1.436751;0.629898;0.100161;1.000000;0.629898;0.100161;1.000000;1.000000;0.000000;-0.629898;0.100161;
1.437465;0.629888;0.100225;1.000000;0.629888;0.100225;1.000000;1.000000;0.000000;-0.629888;0.100225;
1.438179;0.629877;0.100282;1.000000;0.629877;0.100282;1.000000;1.000000;0.000000;-0.629877;0.100282;
1.438893;0.629867;0.100332;1.000000;0.629867;0.100332;1.000000;1.000000;0.000000;-0.629867;0.100332;
1.439607;0.629857;0.100376;1.000000;0.629857;0.100376;1.000000;1.000000;0.000000;-0.629857;0.100376;
1.440321;0.629846;0.100413;1.000000;0.629846;0.100413;1.000000;1.000000;0.000000;-0.629846;0.100413;
1.441035;0.629836;0.100445;1.000000;0.629836;0.100445;1.000000;1.000000;0.000000;-0.629836;0.100445;
1.441749;0.629827;0.100469;1.000000;0.629827;0.100469;1.000000;1.000000;0.000000;-0.629827;0.100469;
1.442464;0.629817;0.100488;1.000000;0.629817;0.100488;1.000000;1.000000;0.000000;-0.629817;0.100488;
1.443178;0.629807;0.100501;1.000000;0.629807;0.100501;1.000000;1.000000;0.000000;-0.629807;0.100501;
1.443892;0.629798;0.100509;1.000000;0.629798;0.100509;1.000000;1.000000;0.000000;-0.629798;0.100509;
1.444606;0.629788;0.100510;1.000000;0.629788;0.100510;1.000000;1.000000;0.000000;-0.629788;0.100510;
1.445320;0.629779;0.100507;1.000000;0.629779;0.100507;1.000000;1.000000;0.000000;-0.629779;0.100507;
1.446034;0.629770;0.100498;1.000000;0.629770;0.100498;1.000000;1.000000;0.000000;-0.629770;0.100498;
1.446748;0.629761;0.100484;1.000000;0.629761;0.100484;1.000000;1.000000;0.000000;-0.629761;0.100484;
1.447462;0.629753;0.100465;1.000000;0.629753;0.100465;1.000000;1.000000;0.000000;-0.629753;0.100465;
1.448176;0.629744;0.100442;1.000000;0.629744;0.100442;1.000000;1.000000;0.000000;-0.629744;0.100442;
1.448890;0.629736;0.100413;1.000000;0.629736;0.100413;1.000000;1.000000;0.000000;-0.629736;0.100413;
1.449604;0.629728;0.100381;1.000000;0.629728;0.100381;1.000000;1.000000;0.000000;-0.629728;0.100381;
1.450318;0.629720;0.100344;1.000000;0.629720;0.100344;1.000000;1.000000;0.000000;-0.629720;0.100344;
1.451032;0.629712;0.100302;1.000000;0.629712;0.100302;1.000000;1.000000;0.000000;-0.629712;0.100302;
1.451746;0.629705;0.100257;1.000000;0.629705;0.100257;1.000000;1.000000;0.000000;-0.629705;0.100257;
1.452461;0.629698;0.100209;1.000000;0.629698;0.100209;1.000000;1.000000;0.000000;-0.629698;0.100209;
1.453175;0.629690;0.100156;1.000000;0.629690;0.100156;1.000000;1.000000;0.000000;-0.629690;0.100156;
1.453889;0.629684;0.100100;1.000000;0.629684;0.100100;1.000000;1.000000;0.000000;-0.629684;0.100100;
1.454603;0.629677;0.100041;1.000000;0.629677;0.100041;1.000000;1.000000;0.000000;-0.629677;0.100041;
1.455317;0.629670;0.099978;1.000000;0.629670;0.099978;1.000000;1.000000;0.000000;-0.629670;0.099978;
1.456031;0.629664;0.099913;1.000000;0.629664;0.099913;1.000000;1.000000;0.000000;-0.629664;0.099913;
1.456745;0.629658;0.099845;1.000000;0.629658;0.099845;1.000000;1.000000;0.000000;-0.629658;0.099845;
1.457459;0.629652;0.099774;1.000000;0.629652;0.099774;1.000000;1.000000;0.000000;-0.629652;0.099774;
1.458173;0.629647;0.099701;1.000000;0.629647;0.099701;1.000000;1.000000;0.000000;-0.629647;0.099701;
1.458887;0.629641;0.099625;1.000000;0.629641;0.099625;1.000000;1.000000;0.000000;-0.629641;0.099625;
1.460315;0.629631;0.099466;1.000000;0.629631;0.099466;1.000000;1.000000;0.000000;-0.629631;0.099466;
1.461601;0.629623;0.099317;1.000000;0.629623;0.099317;1.000000;1.000000;0.000000;-0.629623;0.099317;
1.462886;0.629615;0.099163;1.000000;0.629615;0.099163;1.000000;1.000000;0.000000;-0.629615;0.099163;
1.464171;0.629608;0.099006;1.000000;0.629608;0.099006;1.000000;1.000000;0.000000;-0.629608;0.099006;
1.465457;0.629602;0.098845;1.000000;0.629602;0.098845;1.000000;1.000000;0.000000;-0.629602;0.098845;
1.466742;0.629596;0.098682;1.000000;0.629596;0.098682;1.000000;1.000000;0.000000;-0.629596;0.098682;
1.468027;0.629591;0.098518;1.000000;0.629591;0.098518;1.000000;1.000000;0.000000;-0.629591;0.098518;
1.469313;0.629586;0.098353;1.000000;0.629586;0.098353;1.000000;1.000000;0.000000;-0.629586;0.098353;
1.470598;0.629582;0.098188;1.000000;0.629582;0.098188;1.000000;1.000000;0.000000;-0.629582;0.098188;
1.471883;0.629579;0.098023;1.000000;0.629579;0.098023;1.000000;1.000000;0.000000;-0.629579;0.098023;
1.473169;0.629576;0.097860;1.000000;0.629576;0.097860;1.000000;1.000000;0.000000;-0.629576;0.097860;
1.474454;0.629574;0.097699;1.000000;0.629574;0.097699;1.000000;1.000000;0.000000;-0.629574;0.097699;
1.475739;0.629573;0.097541;1.000000;0.629573;0.097541;1.000000;1.000000;0.000000;-0.629573;0.097541;
1.477025;0.629571;0.097386;1.000000;0.629571;0.097386;1.000000;1.000000;0.000000;-0.629571;0.097386;
1.478310;0.629571;0.097234;1.000000;0.629571;0.097234;1.000000;1.000000;0.000000;-0.629571;0.097234;
1.479595;0.629571;0.097087;1.000000;0.629571;0.097087;1.000000;1.000000;0.000000;-0.629571;0.097087;
1.480880;0.629571;0.096944;1.000000;0.629571;0.096944;1.000000;1.000000;0.000000;-0.629571;0.096944;
1.482166;0.629572;0.096806;1.000000;0.629572;0.096806;1.000000;1.000000;0.000000;-0.629572;0.096806;
1.483451;0.629573;0.096674;1.000000;0.629573;0.096674;1.000000;1.000000;0.000000;-0.629573;0.096674;
1.484736;0.629574;0.096547;1.000000;0.629574;0.096547;1.000000;1.000000;0.000000;-0.629574;0.096547;
1.486022;0.629576;0.096427;1.000000;0.629576;0.096427;1.000000;1.000000;0.000000;-0.629576;0.096427;
1.487307;0.629578;0.096313;1.000000;0.629578;0.096313;1.000000;1.000000;0.000000;-0.629578;0.096313;
1.488592;0.629581;0.096205;1.000000;0.629581;0.096205;1.000000;1.000000;0.000000;-0.629581;0.096205;
1.489878;0.629584;0.096104;1.000000;0.629584;0.096104;1.000000;1.000000;0.000000;-0.629584;0.096104;
1.491163;0.629587;0.096011;1.000000;0.629587;0.096011;1.000000;1.000000;0.000000;-0.629587;0.096011;
1.492448;0.629590;0.095924;1.000000;0.629590;0.095924;1.000000;1.000000;0.000000;-0.629590;0.095924;
1.493734;0.629594;0.095845;1.000000;0.629594;0.095845;1.000000;1.000000;0.000000;-0.629594;0.095845;
1.495019;0.629598;0.095773;1.000000;0.629598;0.095773;1.000000;1.000000;0.000000;-0.629598;0.095773;
1.495436;0.629599;0.095752;1.000000;0.629599;0.095752;1.000000;1.000000;0.000000;-0.629599;0.095752;
1.495450;0.629599;0.095751;1.000000;0.629599;0.095751;1.000000;1.000000;0.000000;-0.629599;0.095751;
1.495479;0.629599;0.095750;1.000000;0.629599;0.095750;1.000000;1.000000;0.000000;-0.629599;0.095750;
1.495536;0.629599;0.095747;1.000000;0.629599;0.095747;1.000000;1.000000;0.000000;-0.629599;0.095747;
1.495651;0.629600;0.095741;1.000000;0.629600;0.095741;1.000000;1.000000;0.000000;-0.629600;0.095741;
1.495881;0.629600;0.095729;1.000000;0.629600;0.095729;1.000000;1.000000;0.000000;-0.629600;0.095729;
1.496340;0.629602;0.095706;1.000000;0.629602;0.095706;1.000000;1.000000;0.000000;-0.629602;0.095706;
1.497259;0.629605;0.095664;1.000000;0.629605;0.095664;1.000000;1.000000;0.000000;-0.629605;0.095664;
1.498177;0.629608;0.095626;1.000000;0.629608;0.095626;1.000000;1.000000;0.000000;-0.629608;0.095626;
1.500014;0.629614;0.095564;1.000000;0.629614;0.095564;1.000000;1.000000;0.000000;-0.629614;0.095564;
1.501668;0.629620;0.095521;1.000000;0.629620;0.095521;1.000000;1.000000;0.000000;-0.629620;0.095521;
1.503321;0.629626;0.095490;1.000000;0.629626;0.095490;1.000000;1.000000;0.000000;-0.629626;0.095490;
1.504975;0.629632;0.095471;1.000000;0.629632;0.095471;1.000000;1.000000;0.000000;-0.629632;0.095471;
1.506628;0.629638;0.095463;1.000000;0.629638;0.095463;1.000000;1.000000;0.000000;-0.629638;0.095463;
1.508282;0.629644;0.095466;1.000000;0.629644;0.095466;1.000000;1.000000;0.000000;-0.629644;0.095466;
1.509935;0.629651;0.095481;1.000000;0.629651;0.095481;1.000000;1.000000;0.000000;-0.629651;0.095481;
1.511589;0.629657;0.095505;1.000000;0.629657;0.095505;1.000000;1.000000;0.000000;-0.629657;0.095505;
1.513242;0.629663;0.095540;1.000000;0.629663;0.095540;1.000000;1.000000;0.000000;-0.629663;0.095540;
1.514896;0.629669;0.095583;1.000000;0.629669;0.095583;1.000000;1.000000;0.000000;-0.629669;0.095583;
1.516549;0.629675;0.095636;1.000000;0.629675;0.095636;1.000000;1.000000;0.000000;-0.629675;0.095636;
1.518203;0.629681;0.095697;1.000000;0.629681;0.095697;1.000000;1.000000;0.000000;-0.629681;0.095697;
1.519856;0.629686;0.095766;1.000000;0.629686;0.095766;1.000000;1.000000;0.000000;-0.629686;0.095766;
1.521510;0.629692;0.095841;1.000000;0.629692;0.095841;1.000000;1.000000;0.000000;-0.629692;0.095841;
1.523163;0.629697;0.095924;1.000000;0.629697;0.095924;1.000000;1.000000;0.000000;-0.629697;0.095924;
1.524817;0.629702;0.096012;1.000000;0.629702;0.096012;1.000000;1.000000;0.000000;-0.629702;0.096012;
1.526470;0.629707;0.096106;1.000000;0.629707;0.096106;1.000000;1.000000;0.000000;-0.629707;0.096106;
1.528124;0.629712;0.096204;1.000000;0.629712;0.096204;1.000000;1.000000;0.000000;-0.629712;0.096204;
1.529777;0.629716;0.096307;1.000000;0.629716;0.096307;1.000000;1.000000;0.000000;-0.629716;0.096307;
1.531430;0.629720;0.096413;1.000000;0.629720;0.096413;1.000000;1.000000;0.000000;-0.629720;0.096413;
1.533084;0.629724;0.096522;1.000000;0.629724;0.096522;1.000000;1.000000;0.000000;-0.629724;0.096522;
1.534737;0.629728;0.096633;1.000000;0.629728;0.096633;1.000000;1.000000;0.000000;-0.629728;0.096633;
1.536391;0.629731;0.096747;1.000000;0.629731;0.096747;1.000000;1.000000;0.000000;-0.629731;0.096747;
1.538044;0.629734;0.096861;1.000000;0.629734;0.096861;1.000000;1.000000;0.000000;-0.629734;0.096861;
1.539698;0.629737;0.096977;1.000000;0.629737;0.096977;1.000000;1.000000;0.000000;-0.629737;0.096977;
1.541351;0.629740;0.097092;1.000000;0.629740;0.097092;1.000000;1.000000;0.000000;-0.629740;0.097092;
1.544658;0.629745;0.097321;1.000000;0.629745;0.097321;1.000000;1.000000;0.000000;-0.629745;0.097321;
1.547635;0.629748;0.097522;1.000000;0.629748;0.097522;1.000000;1.000000;0.000000;-0.629748;0.097522;
1.550611;0.629750;0.097717;1.000000;0.629750;0.097717;1.000000;1.000000;0.000000;-0.629750;0.097717;
1.553587;0.629752;0.097903;1.000000;0.629752;0.097903;1.000000;1.000000;0.000000;-0.629752;0.097903;
1.556563;0.629753;0.098079;1.000000;0.629753;0.098079;1.000000;1.000000;0.000000;-0.629753;0.098079;
1.559540;0.629754;0.098244;1.000000;0.629754;0.098244;1.000000;1.000000;0.000000;-0.629754;0.098244;
1.562516;0.629754;0.098397;1.000000;0.629754;0.098397;1.000000;1.000000;0.000000;-0.629754;0.098397;
1.565492;0.629753;0.098537;1.000000;0.629753;0.098537;1.000000;1.000000;0.000000;-0.629753;0.098537;
1.568468;0.629752;0.098664;1.000000;0.629752;0.098664;1.000000;1.000000;0.000000;-0.629752;0.098664;
1.571218;0.629751;0.098769;1.000000;0.629751;0.098769;1.000000;1.000000;0.000000;-0.629751;0.098769;
1.571233;0.629751;0.098769;1.000000;0.629751;0.098769;1.000000;1.000000;0.000000;-0.629751;0.098769;
1.571263;0.629751;0.098770;1.000000;0.629751;0.098770;1.000000;1.000000;0.000000;-0.629751;0.098770;
1.571323;0.629751;0.098773;1.000000;0.629751;0.098773;1.000000;1.000000;0.000000;-0.629751;0.098773;
1.571444;0.629751;0.098777;1.000000;0.629751;0.098777;1.000000;1.000000;0.000000;-0.629751;0.098777;
1.571685;0.629751;0.098786;1.000000;0.629751;0.098786;1.000000;1.000000;0.000000;-0.629751;0.098786;
1.572167;0.629750;0.098804;1.000000;0.629750;0.098804;1.000000;1.000000;0.000000;-0.629750;0.098804;
1.573131;0.629750;0.098838;1.000000;0.629750;0.098838;1.000000;1.000000;0.000000;-0.629750;0.098838;
1.575060;0.629749;0.098901;1.000000;0.629749;0.098901;1.000000;1.000000;0.000000;-0.629749;0.098901;
1.576988;0.629747;0.098959;1.000000;0.629747;0.098959;1.000000;1.000000;0.000000;-0.629747;0.098959;
1.578916;0.629746;0.099011;1.000000;0.629746;0.099011;1.000000;1.000000;0.000000;-0.629746;0.099011;
1.580844;0.629744;0.099057;1.000000;0.629744;0.099057;1.000000;1.000000;0.000000;-0.629744;0.099057;
1.582773;0.629743;0.099099;1.000000;0.629743;0.099099;1.000000;1.000000;0.000000;-0.629743;0.099099;
1.584701;0.629741;0.099135;1.000000;0.629741;0.099135;1.000000;1.000000;0.000000;-0.629741;0.099135;
1.586629;0.629739;0.099167;1.000000;0.629739;0.099167;1.000000;1.000000;0.000000;-0.629739;0.099167;
1.588558;0.629738;0.099194;1.000000;0.629738;0.099194;1.000000;1.000000;0.000000;-0.629738;0.099194;
1.590486;0.629736;0.099217;1.000000;0.629736;0.099217;1.000000;1.000000;0.000000;-0.629736;0.099217;
1.592414;0.629734;0.099236;1.000000;0.629734;0.099236;1.000000;1.000000;0.000000;-0.629734;0.099236;
1.594343;0.629732;0.099251;1.000000;0.629732;0.099251;1.000000;1.000000;0.000000;-0.629732;0.099251;
1.596271;0.629730;0.099263;1.000000;0.629730;0.099263;1.000000;1.000000;0.000000;-0.629730;0.099263;
1.598199;0.629728;0.099271;1.000000;0.629728;0.099271;1.000000;1.000000;0.000000;-0.629728;0.099271;
1.600127;0.629726;0.099276;1.000000;0.629726;0.099276;1.000000;1.000000;0.000000;-0.629726;0.099276;
1.603984;0.629722;0.099277;1.000000;0.629722;0.099277;1.000000;1.000000;0.000000;-0.629722;0.099277;
1.607455;0.629718;0.099272;1.000000;0.629718;0.099272;1.000000;1.000000;0.000000;-0.629718;0.099272;
1.610926;0.629715;0.099262;1.000000;0.629715;0.099262;1.000000;1.000000;0.000000;-0.629715;0.099262;
1.614397;0.629711;0.099249;1.000000;0.629711;0.099249;1.000000;1.000000;0.000000;-0.629711;0.099249;
1.617868;0.629708;0.099234;1.000000;0.629708;0.099234;1.000000;1.000000;0.000000;-0.629708;0.099234;
1.621339;0.629704;0.099218;1.000000;0.629704;0.099218;1.000000;1.000000;0.000000;-0.629704;0.099218;
1.624810;0.629701;0.099203;1.000000;0.629701;0.099203;1.000000;1.000000;0.000000;-0.629701;0.099203;
1.628281;0.629698;0.099189;1.000000;0.629698;0.099189;1.000000;1.000000;0.000000;-0.629698;0.099189;
1.631751;0.629695;0.099177;1.000000;0.629695;0.099177;1.000000;1.000000;0.000000;-0.629695;0.099177;
1.635222;0.629691;0.099167;1.000000;0.629691;0.099167;1.000000;1.000000;0.000000;-0.629691;0.099167;
1.638693;0.629688;0.099161;1.000000;0.629688;0.099161;1.000000;1.000000;0.000000;-0.629688;0.099161;
1.642164;0.629685;0.099159;1.000000;0.629685;0.099159;1.000000;1.000000;0.000000;-0.629685;0.099159;
1.647259;0.629680;0.099165;1.000000;0.629680;0.099165;1.000000;1.000000;0.000000;-0.629680;0.099165;
1.647275;0.629680;0.099165;1.000000;0.629680;0.099165;1.000000;1.000000;0.000000;-0.629680;0.099165;
1.647307;0.629680;0.099165;1.000000;0.629680;0.099165;1.000000;1.000000;0.000000;-0.629680;0.099165;
1.647370;0.629680;0.099165;1.000000;0.629680;0.099165;1.000000;1.000000;0.000000;-0.629680;0.099165;
1.647496;0.629680;0.099165;1.000000;0.629680;0.099165;1.000000;1.000000;0.000000;-0.629680;0.099165;
1.647748;0.629680;0.099165;1.000000;0.629680;0.099165;1.000000;1.000000;0.000000;-0.629680;0.099165;
1.648251;0.629679;0.099166;1.000000;0.629679;0.099166;1.000000;1.000000;0.000000;-0.629679;0.099166;
1.649259;0.629678;0.099167;1.000000;0.629678;0.099167;1.000000;1.000000;0.000000;-0.629678;0.099167;
1.651275;0.629676;0.099171;1.000000;0.629676;0.099171;1.000000;1.000000;0.000000;-0.629676;0.099171;
1.655307;0.629673;0.099183;1.000000;0.629673;0.099183;1.000000;1.000000;0.000000;-0.629673;0.099183;
1.659339;0.629669;0.099200;1.000000;0.629669;0.099200;1.000000;1.000000;0.000000;-0.629669;0.099200;
1.663371;0.629665;0.099221;1.000000;0.629665;0.099221;1.000000;1.000000;0.000000;-0.629665;0.099221;
1.667402;0.629660;0.099245;1.000000;0.629660;0.099245;1.000000;1.000000;0.000000;-0.629660;0.099245;
1.671434;0.629656;0.099272;1.000000;0.629656;0.099272;1.000000;1.000000;0.000000;-0.629656;0.099272;
1.679498;0.629646;0.099333;1.000000;0.629646;0.099333;1.000000;1.000000;0.000000;-0.629646;0.099333;
1.687561;0.629636;0.099397;1.000000;0.629636;0.099397;1.000000;1.000000;0.000000;-0.629636;0.099397;
1.695625;0.629625;0.099460;1.000000;0.629625;0.099460;1.000000;1.000000;0.000000;-0.629625;0.099460;
1.697641;0.629622;0.099475;1.000000;0.629622;0.099475;1.000000;1.000000;0.000000;-0.629622;0.099475;
1.697893;0.629622;0.099477;1.000000;0.629622;0.099477;1.000000;1.000000;0.000000;-0.629622;0.099477;
1.698397;0.629621;0.099481;1.000000;0.629621;0.099481;1.000000;1.000000;0.000000;-0.629621;0.099481;
1.698460;0.629621;0.099482;1.000000;0.629621;0.099482;1.000000;1.000000;0.000000;-0.629621;0.099482;
1.698491;0.629621;0.099482;1.000000;0.629621;0.099482;1.000000;1.000000;0.000000;-0.629621;0.099482;
1.698507;0.629621;0.099482;1.000000;0.629621;0.099482;1.000000;1.000000;0.000000;-0.629621;0.099482;
1.698538;0.629621;0.099482;1.000000;0.629621;0.099482;1.000000;1.000000;0.000000;-0.629621;0.099482;
1.698554;0.629621;0.099482;1.000000;0.629621;0.099482;1.000000;1.000000;0.000000;-0.629621;0.099482;
1.698586;0.629621;0.099483;1.000000;0.629621;0.099483;1.000000;1.000000;0.000000;-0.629621;0.099483;
1.698649;0.629621;0.099483;1.000000;0.629621;0.099483;1.000000;1.000000;0.000000;-0.629621;0.099483;
1.698680;0.629621;0.099483;1.000000;0.629621;0.099483;1.000000;1.000000;0.000000;-0.629621;0.099483;
1.698743;0.629621;0.099484;1.000000;0.629621;0.099484;1.000000;1.000000;0.000000;-0.629621;0.099484;
1.698869;0.629620;0.099485;1.000000;0.629620;0.099485;1.000000;1.000000;0.000000;-0.629620;0.099485;
1.699121;0.629620;0.099487;1.000000;0.629620;0.099487;1.000000;1.000000;0.000000;-0.629620;0.099487;
1.699625;0.629619;0.099491;1.000000;0.629619;0.099491;1.000000;1.000000;0.000000;-0.629619;0.099491;
1.700633;0.629618;0.099498;1.000000;0.629618;0.099498;1.000000;1.000000;0.000000;-0.629618;0.099498;
1.702649;0.629615;0.099513;1.000000;0.629615;0.099513;1.000000;1.000000;0.000000;-0.629615;0.099513;
1.706681;0.629609;0.099542;1.000000;0.629609;0.099542;1.000000;1.000000;0.000000;-0.629609;0.099542;
1.714744;0.629595;0.099593;1.000000;0.629595;0.099593;1.000000;1.000000;0.000000;-0.629595;0.099593;
1.722808;0.629581;0.099637;1.000000;0.629581;0.099637;1.000000;1.000000;0.000000;-0.629581;0.099637;
1.729836;0.629568;0.099669;1.000000;0.629568;0.099669;1.000000;1.000000;0.000000;-0.629568;0.099669;
1.729853;0.629568;0.099669;1.000000;0.629568;0.099669;1.000000;1.000000;0.000000;-0.629568;0.099669;
1.729886;0.629568;0.099669;1.000000;0.629568;0.099669;1.000000;1.000000;0.000000;-0.629568;0.099669;
1.729953;0.629567;0.099670;1.000000;0.629567;0.099670;1.000000;1.000000;0.000000;-0.629567;0.099670;
1.730086;0.629567;0.099670;1.000000;0.629567;0.099670;1.000000;1.000000;0.000000;-0.629567;0.099670;
1.730353;0.629567;0.099672;1.000000;0.629567;0.099672;1.000000;1.000000;0.000000;-0.629567;0.099672;
1.730886;0.629566;0.099674;1.000000;0.629566;0.099674;1.000000;1.000000;0.000000;-0.629566;0.099674;
1.731953;0.629564;0.099679;1.000000;0.629564;0.099679;1.000000;1.000000;0.000000;-0.629564;0.099679;
1.734086;0.629559;0.099688;1.000000;0.629559;0.099688;1.000000;1.000000;0.000000;-0.629559;0.099688;
1.738353;0.629551;0.099704;1.000000;0.629551;0.099704;1.000000;1.000000;0.000000;-0.629551;0.099704;
1.746887;0.629533;0.099729;1.000000;0.629533;0.099729;1.000000;1.000000;0.000000;-0.629533;0.099729;
1.755420;0.629514;0.099749;1.000000;0.629514;0.099749;1.000000;1.000000;0.000000;-0.629514;0.099749;
1.763954;0.629494;0.099766;1.000000;0.629494;0.099766;1.000000;1.000000;0.000000;-0.629494;0.099766;
1.772488;0.629472;0.099780;1.000000;0.629472;0.099780;1.000000;1.000000;0.000000;-0.629472;0.099780;
1.781021;0.629450;0.099792;1.000000;0.629450;0.099792;1.000000;1.000000;0.000000;-0.629450;0.099792;
1.789555;0.629427;0.099804;1.000000;0.629427;0.099804;1.000000;1.000000;0.000000;-0.629427;0.099804;
1.798088;0.629403;0.099815;1.000000;0.629403;0.099815;1.000000;1.000000;0.000000;-0.629403;0.099815;
1.806622;0.629378;0.099826;1.000000;0.629378;0.099826;1.000000;1.000000;0.000000;-0.629378;0.099826;
1.811959;0.629360;0.099833;1.000000;0.629360;0.099833;1.000000;1.000000;0.000000;-0.629360;0.099833;
1.811976;0.629360;0.099833;1.000000;0.629360;0.099833;1.000000;1.000000;0.000000;-0.629360;0.099833;
1.812011;0.629360;0.099833;1.000000;0.629360;0.099833;1.000000;1.000000;0.000000;-0.629360;0.099833;
1.812080;0.629360;0.099833;1.000000;0.629360;0.099833;1.000000;1.000000;0.000000;-0.629360;0.099833;
1.812219;0.629360;0.099833;1.000000;0.629360;0.099833;1.000000;1.000000;0.000000;-0.629360;0.099833;
1.812496;0.629359;0.099833;1.000000;0.629359;0.099833;1.000000;1.000000;0.000000;-0.629359;0.099833;
1.813051;0.629357;0.099834;1.000000;0.629357;0.099834;1.000000;1.000000;0.000000;-0.629357;0.099834;
1.814160;0.629354;0.099835;1.000000;0.629354;0.099835;1.000000;1.000000;0.000000;-0.629354;0.099835;
1.816378;0.629347;0.099838;1.000000;0.629347;0.099838;1.000000;1.000000;0.000000;-0.629347;0.099838;
1.820815;0.629333;0.099844;1.000000;0.629333;0.099844;1.000000;1.000000;0.000000;-0.629333;0.099844;
1.829689;0.629304;0.099855;1.000000;0.629304;0.099855;1.000000;1.000000;0.000000;-0.629304;0.099855;
1.838563;0.629273;0.099867;1.000000;0.629273;0.099867;1.000000;1.000000;0.000000;-0.629273;0.099867;
1.856311;0.629208;0.099887;1.000000;0.629208;0.099887;1.000000;1.000000;0.000000;-0.629208;0.099887;
1.872284;0.629145;0.099903;1.000000;0.629145;0.099903;1.000000;1.000000;0.000000;-0.629145;0.099903;
1.888257;0.629079;0.099917;1.000000;0.629079;0.099917;1.000000;1.000000;0.000000;-0.629079;0.099917;
1.904230;0.629009;0.099928;1.000000;0.629009;0.099928;1.000000;1.000000;0.000000;-0.629009;0.099928;
1.920057;0.628937;0.099938;1.000000;0.628937;0.099938;1.000000;1.000000;0.000000;-0.628937;0.099938;
1.920075;0.628936;0.099938;1.000000;0.628936;0.099938;1.000000;1.000000;0.000000;-0.628936;0.099938;
1.920111;0.628936;0.099938;1.000000;0.628936;0.099938;1.000000;1.000000;0.000000;-0.628936;0.099938;
1.920184;0.628936;0.099938;1.000000;0.628936;0.099938;1.000000;1.000000;0.000000;-0.628936;0.099938;
1.920330;0.628935;0.099938;1.000000;0.628935;0.099938;1.000000;1.000000;0.000000;-0.628935;0.099938;
1.920621;0.628934;0.099938;1.000000;0.628934;0.099938;1.000000;1.000000;0.000000;-0.628934;0.099938;
1.921204;0.628931;0.099939;1.000000;0.628931;0.099939;1.000000;1.000000;0.000000;-0.628931;0.099939;
1.922369;0.628926;0.099940;1.000000;0.628926;0.099940;1.000000;1.000000;0.000000;-0.628926;0.099940;
1.924699;0.628915;0.099941;1.000000;0.628915;0.099941;1.000000;1.000000;0.000000;-0.628915;0.099941;
1.929359;0.628893;0.099943;1.000000;0.628893;0.099943;1.000000;1.000000;0.000000;-0.628893;0.099943;
1.938680;0.628848;0.099948;1.000000;0.628848;0.099948;1.000000;1.000000;0.000000;-0.628848;0.099948;
1.957321;0.628753;0.099956;1.000000;0.628753;0.099956;1.000000;1.000000;0.000000;-0.628753;0.099956;
1.975963;0.628653;0.099962;1.000000;0.628653;0.099962;1.000000;1.000000;0.000000;-0.628653;0.099962;
1.993851;0.628554;0.099968;1.000000;0.628554;0.099968;1.000000;1.000000;0.000000;-0.628554;0.099968;
1.993869;0.628553;0.099968;1.000000;0.628553;0.099968;1.000000;1.000000;0.000000;-0.628553;0.099968;
1.993907;0.628553;0.099968;1.000000;0.628553;0.099968;1.000000;1.000000;0.000000;-0.628553;0.099968;
1.993982;0.628553;0.099968;1.000000;0.628553;0.099968;1.000000;1.000000;0.000000;-0.628553;0.099968;
1.994133;0.628552;0.099968;1.000000;0.628552;0.099968;1.000000;1.000000;0.000000;-0.628552;0.099968;
1.994433;0.628550;0.099968;1.000000;0.628550;0.099968;1.000000;1.000000;0.000000;-0.628550;0.099968;
1.995035;0.628547;0.099968;1.000000;0.628547;0.099968;1.000000;1.000000;0.000000;-0.628547;0.099968;
1.996238;0.628540;0.099968;1.000000;0.628540;0.099968;1.000000;1.000000;0.000000;-0.628540;0.099968;
1.998644;0.628527;0.099969;1.000000;0.628527;0.099969;1.000000;1.000000;0.000000;-0.628527;0.099969;
2.003457;0.628499;0.099970;1.000000;0.628499;0.099970;1.000000;1.000000;0.000000;-0.628499;0.099970;
2.013082;0.628443;0.099973;1.000000;0.628443;0.099973;1.000000;1.000000;0.000000;-0.628443;0.099973;
2.032333;0.628327;0.099977;1.000000;0.628327;0.099977;1.000000;1.000000;0.000000;-0.628327;0.099977;
2.051584;0.628206;0.099981;1.000000;0.628206;0.099981;1.000000;1.000000;0.000000;-0.628206;0.099981;
2.070834;0.628081;0.099984;1.000000;0.628081;0.099984;1.000000;1.000000;0.000000;-0.628081;0.099984;
2.084572;0.627988;0.099986;1.000000;0.627988;0.099986;1.000000;1.000000;0.000000;-0.627988;0.099986;
2.084592;0.627988;0.099986;1.000000;0.627988;0.099986;1.000000;1.000000;0.000000;-0.627988;0.099986;
2.084631;0.627988;0.099986;1.000000;0.627988;0.099986;1.000000;1.000000;0.000000;-0.627988;0.099986;
2.084709;0.627988;0.099986;1.000000;0.627988;0.099986;1.000000;1.000000;0.000000;-0.627988;0.099986;
2.084865;0.627987;0.099986;1.000000;0.627987;0.099986;1.000000;1.000000;0.000000;-0.627987;0.099986;
2.085178;0.627984;0.099986;1.000000;0.627984;0.099986;1.000000;1.000000;0.000000;-0.627984;0.099986;
2.085803;0.627980;0.099986;1.000000;0.627980;0.099986;1.000000;1.000000;0.000000;-0.627980;0.099986;
2.087053;0.627972;0.099986;1.000000;0.627972;0.099986;1.000000;1.000000;0.000000;-0.627972;0.099986;
2.089553;0.627955;0.099986;1.000000;0.627955;0.099986;1.000000;1.000000;0.000000;-0.627955;0.099986;
2.094552;0.627921;0.099987;1.000000;0.627921;0.099987;1.000000;1.000000;0.000000;-0.627921;0.099987;
2.104552;0.627852;0.099988;1.000000;0.627852;0.099988;1.000000;1.000000;0.000000;-0.627852;0.099988;
2.124551;0.627710;0.099990;1.000000;0.627710;0.099990;1.000000;1.000000;0.000000;-0.627710;0.099990;
2.144550;0.627564;0.099992;1.000000;0.627564;0.099992;1.000000;1.000000;0.000000;-0.627564;0.099992;
2.164549;0.627414;0.099993;1.000000;0.627414;0.099993;1.000000;1.000000;0.000000;-0.627414;0.099993;
2.184548;0.627259;0.099994;1.000000;0.627259;0.099994;1.000000;1.000000;0.000000;-0.627259;0.099994;
2.204547;0.627101;0.099995;1.000000;0.627101;0.099995;1.000000;1.000000;0.000000;-0.627101;0.099995;
2.224546;0.626938;0.099996;1.000000;0.626938;0.099996;1.000000;1.000000;0.000000;-0.626938;0.099996;
2.244545;0.626772;0.099996;1.000000;0.626772;0.099996;1.000000;1.000000;0.000000;-0.626772;0.099996;
2.264544;0.626602;0.099997;1.000000;0.626602;0.099997;1.000000;1.000000;0.000000;-0.626602;0.099997;
2.284543;0.626429;0.099998;1.000000;0.626429;0.099998;1.000000;1.000000;0.000000;-0.626429;0.099998;
2.304543;0.626252;0.099998;1.000000;0.626252;0.099998;1.000000;1.000000;0.000000;-0.626252;0.099998;
2.324542;0.626071;0.099998;1.000000;0.626071;0.099998;1.000000;1.000000;0.000000;-0.626071;0.099998;
2.344541;0.625887;0.099999;1.000000;0.625887;0.099999;1.000000;1.000000;0.000000;-0.625887;0.099999;
2.364540;0.625700;0.099999;1.000000;0.625700;0.099999;1.000000;1.000000;0.000000;-0.625700;0.099999;
2.384539;0.625509;0.099999;1.000000;0.625509;0.099999;1.000000;1.000000;0.000000;-0.625509;0.099999;
2.404538;0.625315;0.099999;1.000000;0.625315;0.099999;1.000000;1.000000;0.000000;-0.625315;0.099999;
2.424537;0.625118;0.099999;1.000000;0.625118;0.099999;1.000000;1.000000;0.000000;-0.625118;0.099999;
2.444536;0.624918;0.099999;1.000000;0.624918;0.099999;1.000000;1.000000;0.000000;-0.624918;0.099999;
2.464535;0.624715;0.099999;1.000000;0.624715;0.099999;1.000000;1.000000;0.000000;-0.624715;0.099999;
2.484534;0.624509;0.100000;1.000000;0.624509;0.100000;1.000000;1.000000;0.000000;-0.624509;0.100000;
2.504533;0.624300;0.100000;1.000000;0.624300;0.100000;1.000000;1.000000;0.000000;-0.624300;0.100000;
2.524532;0.624089;0.100000;1.000000;0.624089;0.100000;1.000000;1.000000;0.000000;-0.624089;0.100000;
2.544531;0.623874;0.100000;1.000000;0.623874;0.100000;1.000000;1.000000;0.000000;-0.623874;0.100000;
2.564530;0.623657;0.100000;1.000000;0.623657;0.100000;1.000000;1.000000;0.000000;-0.623657;0.100000;
2.584530;0.623438;0.100000;1.000000;0.623438;0.100000;1.000000;1.000000;0.000000;-0.623438;0.100000;
2.604529;0.623215;0.100000;1.000000;0.623215;0.100000;1.000000;1.000000;0.000000;-0.623215;0.100000;
2.624528;0.622991;0.100000;1.000000;0.622991;0.100000;1.000000;1.000000;0.000000;-0.622991;0.100000;
2.644527;0.622764;0.100000;1.000000;0.622764;0.100000;1.000000;1.000000;0.000000;-0.622764;0.100000;
2.664526;0.622535;0.100000;1.000000;0.622535;0.100000;1.000000;1.000000;0.000000;-0.622535;0.100000;
2.684525;0.622303;0.100000;1.000000;0.622303;0.100000;1.000000;1.000000;0.000000;-0.622303;0.100000;
2.704524;0.622069;0.100000;1.000000;0.622069;0.100000;1.000000;1.000000;0.000000;-0.622069;0.100000;
2.724523;0.621834;0.100000;1.000000;0.621834;0.100000;1.000000;1.000000;0.000000;-0.621834;0.100000;
2.744522;0.621596;0.100000;1.000000;0.621596;0.100000;1.000000;1.000000;0.000000;-0.621596;0.100000;
2.764521;0.621356;0.100000;1.000000;0.621356;0.100000;1.000000;1.000000;0.000000;-0.621356;0.100000;
2.784520;0.621114;0.100000;1.000000;0.621114;0.100000;1.000000;1.000000;0.000000;-0.621114;0.100000;
2.804519;0.620871;0.100000;1.000000;0.620871;0.100000;1.000000;1.000000;0.000000;-0.620871;0.100000;
2.824518;0.620626;0.100000;1.000000;0.620626;0.100000;1.000000;1.000000;0.000000;-0.620626;0.100000;
2.844517;0.620379;0.100000;1.000000;0.620379;0.100000;1.000000;1.000000;0.000000;-0.620379;0.100000;
2.864517;0.620131;0.100000;1.000000;0.620131;0.100000;1.000000;1.000000;0.000000;-0.620131;0.100000;
2.884516;0.619880;0.100000;1.000000;0.619880;0.100000;1.000000;1.000000;0.000000;-0.619880;0.100000;
2.904515;0.619629;0.100000;1.000000;0.619629;0.100000;1.000000;1.000000;0.000000;-0.619629;0.100000;
2.908943;0.619573;0.100000;1.000000;0.619573;0.100000;1.000000;1.000000;0.000000;-0.619573;0.100000;
2.908970;0.619573;0.100000;1.000000;0.619573;0.100000;1.000000;1.000000;0.000000;-0.619573;0.100000;
2.909022;0.619572;0.100000;1.000000;0.619572;0.100000;1.000000;1.000000;0.000000;-0.619572;0.100000;
2.909126;0.619571;0.100000;1.000000;0.619571;0.100000;1.000000;1.000000;0.000000;-0.619571;0.100000;
2.909336;0.619568;0.100000;1.000000;0.619568;0.100000;1.000000;1.000000;0.000000;-0.619568;0.100000;
2.909754;0.619563;0.100000;1.000000;0.619563;0.100000;1.000000;1.000000;0.000000;-0.619563;0.100000;
2.910590;0.619552;0.100000;1.000000;0.619552;0.100000;1.000000;1.000000;0.000000;-0.619552;0.100000;
2.912264;0.619531;0.100000;1.000000;0.619531;0.100000;1.000000;1.000000;0.000000;-0.619531;0.100000;
2.915610;0.619489;0.100000;1.000000;0.619489;0.100000;1.000000;1.000000;0.000000;-0.619489;0.100000;
2.922303;0.619404;0.100000;1.000000;0.619404;0.100000;1.000000;1.000000;0.000000;-0.619404;0.100000;
2.935689;0.619234;0.100000;1.000000;0.619234;0.100000;1.000000;1.000000;0.000000;-0.619234;0.100000;
2.962460;0.618892;0.100000;1.000000;0.618892;0.100000;1.000000;1.000000;0.000000;-0.618892;0.100000;
2.989231;0.618548;0.100000;1.000000;0.618548;0.100000;1.000000;1.000000;0.000000;-0.618548;0.100000;
3.016003;0.618202;0.100000;1.000000;0.618202;0.100000;1.000000;1.000000;0.000000;-0.618202;0.100000;
3.042774;0.617854;0.100000;1.000000;0.617854;0.100000;1.000000;1.000000;0.000000;-0.617854;0.100000;
3.069545;0.617504;0.100000;1.000000;0.617504;0.100000;1.000000;1.000000;0.000000;-0.617504;0.100000;
3.096317;0.617152;0.100000;1.000000;0.617152;0.100000;1.000000;1.000000;0.000000;-0.617152;0.100000;
3.123088;0.616799;0.100000;1.000000;0.616799;0.100000;1.000000;1.000000;0.000000;-0.616799;0.100000;
3.149860;0.616445;0.100000;1.000000;0.616445;0.100000;1.000000;1.000000;0.000000;-0.616445;0.100000;
3.176631;0.616090;0.100000;1.000000;0.616090;0.100000;1.000000;1.000000;0.000000;-0.616090;0.100000;
3.203402;0.615733;0.100000;1.000000;0.615733;0.100000;1.000000;1.000000;0.000000;-0.615733;0.100000;
3.230174;0.615376;0.100000;1.000000;0.615376;0.100000;1.000000;1.000000;0.000000;-0.615376;0.100000;
3.256945;0.615017;0.100000;1.000000;0.615017;0.100000;1.000000;1.000000;0.000000;-0.615017;0.100000;
3.283717;0.614658;0.100000;1.000000;0.614658;0.100000;1.000000;1.000000;0.000000;-0.614658;0.100000;
3.310488;0.614299;0.100000;1.000000;0.614299;0.100000;1.000000;1.000000;0.000000;-0.614299;0.100000;
3.337259;0.613939;0.100000;1.000000;0.613939;0.100000;1.000000;1.000000;0.000000;-0.613939;0.100000;
3.364031;0.613579;0.100000;1.000000;0.613579;0.100000;1.000000;1.000000;0.000000;-0.613579;0.100000;
3.390802;0.613219;0.100000;1.000000;0.613219;0.100000;1.000000;1.000000;0.000000;-0.613219;0.100000;
3.444345;0.612499;0.100000;1.000000;0.612499;0.100000;1.000000;1.000000;0.000000;-0.612499;0.100000;
3.491212;0.611870;0.100000;1.000000;0.611870;0.100000;1.000000;1.000000;0.000000;-0.611870;0.100000;
3.538078;0.611242;0.100000;1.000000;0.611242;0.100000;1.000000;1.000000;0.000000;-0.611242;0.100000;
3.584945;0.610617;0.100000;1.000000;0.610617;0.100000;1.000000;1.000000;0.000000;-0.610617;0.100000;
3.631812;0.609995;0.100000;1.000000;0.609995;0.100000;1.000000;1.000000;0.000000;-0.609995;0.100000;
3.678679;0.609375;0.100000;1.000000;0.609375;0.100000;1.000000;1.000000;0.000000;-0.609375;0.100000;
3.725545;0.608760;0.100000;1.000000;0.608760;0.100000;1.000000;1.000000;0.000000;-0.608760;0.100000;
3.772412;0.608150;0.100000;1.000000;0.608150;0.100000;1.000000;1.000000;0.000000;-0.608150;0.100000;
3.819279;0.607544;0.100000;1.000000;0.607544;0.100000;1.000000;1.000000;0.000000;-0.607544;0.100000;
3.866146;0.606944;0.100000;1.000000;0.606944;0.100000;1.000000;1.000000;0.000000;-0.606944;0.100000;
3.913013;0.606350;0.100000;1.000000;0.606350;0.100000;1.000000;1.000000;0.000000;-0.606350;0.100000;
3.959879;0.605762;0.100000;1.000000;0.605762;0.100000;1.000000;1.000000;0.000000;-0.605762;0.100000;
4.006746;0.605182;0.100000;1.000000;0.605182;0.100000;1.000000;1.000000;0.000000;-0.605182;0.100000;
4.053613;0.604609;0.100000;1.000000;0.604609;0.100000;1.000000;1.000000;0.000000;-0.604609;0.100000;
4.100480;0.604044;0.100000;1.000000;0.604044;0.100000;1.000000;1.000000;0.000000;-0.604044;0.100000;
4.147347;0.603488;0.100000;1.000000;0.603488;0.100000;1.000000;1.000000;0.000000;-0.603488;0.100000;
4.194213;0.602940;0.100000;1.000000;0.602940;0.100000;1.000000;1.000000;0.000000;-0.602940;0.100000;
4.241080;0.602401;0.100000;1.000000;0.602401;0.100000;1.000000;1.000000;0.000000;-0.602401;0.100000;
4.287947;0.601871;0.100000;1.000000;0.601871;0.100000;1.000000;1.000000;0.000000;-0.601871;0.100000;
4.334814;0.601352;0.100000;1.000000;0.601352;0.100000;1.000000;1.000000;0.000000;-0.601352;0.100000;
4.381681;0.600842;0.100000;1.000000;0.600842;0.100000;1.000000;1.000000;0.000000;-0.600842;0.100000;
4.428547;0.600343;0.100000;1.000000;0.600343;0.100000;1.000000;1.000000;0.000000;-0.600343;0.100000;
4.475414;0.599855;0.100000;1.000000;0.599855;0.100000;1.000000;1.000000;0.000000;-0.599855;0.100000;
4.522281;0.599377;0.100000;1.000000;0.599377;0.100000;1.000000;1.000000;0.000000;-0.599377;0.100000;
4.564461;0.598956;0.100000;1.000000;0.598956;0.100000;1.000000;1.000000;0.000000;-0.598956;0.100000;
4.606641;0.598543;0.100000;1.000000;0.598543;0.100000;1.000000;1.000000;0.000000;-0.598543;0.100000;
4.648821;0.598141;0.100000;1.000000;0.598141;0.100000;1.000000;1.000000;0.000000;-0.598141;0.100000;
4.691001;0.597747;0.100000;1.000000;0.597747;0.100000;1.000000;1.000000;0.000000;-0.597747;0.100000;
4.733181;0.597363;0.100000;1.000000;0.597363;0.100000;1.000000;1.000000;0.000000;-0.597363;0.100000;
4.775362;0.596989;0.100000;1.000000;0.596989;0.100000;1.000000;1.000000;0.000000;-0.596989;0.100000;
4.817542;0.596625;0.100000;1.000000;0.596625;0.100000;1.000000;1.000000;0.000000;-0.596625;0.100000;
4.859722;0.596271;0.100000;1.000000;0.596271;0.100000;1.000000;1.000000;0.000000;-0.596271;0.100000;
4.901902;0.595928;0.100000;1.000000;0.595928;0.100000;1.000000;1.000000;0.000000;-0.595928;0.100000;
4.944082;0.595594;0.100000;1.000000;0.595594;0.100000;1.000000;1.000000;0.000000;-0.595594;0.100000;
4.986262;0.595271;0.100000;1.000000;0.595271;0.100000;1.000000;1.000000;0.000000;-0.595271;0.100000;
5.028442;0.594958;0.100000;1.000000;0.594958;0.100000;1.000000;1.000000;0.000000;-0.594958;0.100000;
5.070622;0.594656;0.100000;1.000000;0.594656;0.100000;1.000000;1.000000;0.000000;-0.594656;0.100000;
5.112802;0.594364;0.100000;1.000000;0.594364;0.100000;1.000000;1.000000;0.000000;-0.594364;0.100000;
5.150765;0.594110;0.100000;1.000000;0.594110;0.100000;1.000000;1.000000;0.000000;-0.594110;0.100000;
5.188727;0.593864;0.100000;1.000000;0.593864;0.100000;1.000000;1.000000;0.000000;-0.593864;0.100000;
5.226689;0.593627;0.100000;1.000000;0.593627;0.100000;1.000000;1.000000;0.000000;-0.593627;0.100000;
5.264651;0.593399;0.100000;1.000000;0.593399;0.100000;1.000000;1.000000;0.000000;-0.593399;0.100000;
5.302613;0.593179;0.100000;1.000000;0.593179;0.100000;1.000000;1.000000;0.000000;-0.593179;0.100000;
5.340575;0.592968;0.100000;1.000000;0.592968;0.100000;1.000000;1.000000;0.000000;-0.592968;0.100000;
5.378537;0.592766;0.100000;1.000000;0.592766;0.100000;1.000000;1.000000;0.000000;-0.592766;0.100000;
5.416499;0.592572;0.100000;1.000000;0.592572;0.100000;1.000000;1.000000;0.000000;-0.592572;0.100000;
5.454461;0.592387;0.100000;1.000000;0.592387;0.100000;1.000000;1.000000;0.000000;-0.592387;0.100000;
5.492423;0.592210;0.100000;1.000000;0.592210;0.100000;1.000000;1.000000;0.000000;-0.592210;0.100000;
5.530385;0.592042;0.100000;1.000000;0.592042;0.100000;1.000000;1.000000;0.000000;-0.592042;0.100000;
5.568348;0.591883;0.100000;1.000000;0.591883;0.100000;1.000000;1.000000;0.000000;-0.591883;0.100000;
5.606310;0.591732;0.100000;1.000000;0.591732;0.100000;1.000000;1.000000;0.000000;-0.591732;0.100000;
5.644272;0.591589;0.100000;1.000000;0.591589;0.100000;1.000000;1.000000;0.000000;-0.591589;0.100000;
5.682234;0.591455;0.100000;1.000000;0.591455;0.100000;1.000000;1.000000;0.000000;-0.591455;0.100000;
5.720196;0.591330;0.100000;1.000000;0.591330;0.100000;1.000000;1.000000;0.000000;-0.591330;0.100000;
5.758158;0.591212;0.100000;1.000000;0.591212;0.100000;1.000000;1.000000;0.000000;-0.591212;0.100000;
5.796120;0.591103;0.100000;1.000000;0.591103;0.100000;1.000000;1.000000;0.000000;-0.591103;0.100000;
5.834082;0.591003;0.100000;1.000000;0.591003;0.100000;1.000000;1.000000;0.000000;-0.591003;0.100000;
5.872044;0.590910;0.100000;1.000000;0.590910;0.100000;1.000000;1.000000;0.000000;-0.590910;0.100000;
5.910006;0.590825;0.100000;1.000000;0.590825;0.100000;1.000000;1.000000;0.000000;-0.590825;0.100000;
5.947969;0.590749;0.100000;1.000000;0.590749;0.100000;1.000000;1.000000;0.000000;-0.590749;0.100000;
5.985931;0.590680;0.100000;1.000000;0.590680;0.100000;1.000000;1.000000;0.000000;-0.590680;0.100000;
6.023893;0.590619;0.100000;1.000000;0.590619;0.100000;1.000000;1.000000;0.000000;-0.590619;0.100000;
6.061855;0.590566;0.100000;1.000000;0.590566;0.100000;1.000000;1.000000;0.000000;-0.590566;0.100000;
6.099817;0.590520;0.100000;1.000000;0.590520;0.100000;1.000000;1.000000;0.000000;-0.590520;0.100000;
6.137779;0.590482;0.100000;1.000000;0.590482;0.100000;1.000000;1.000000;0.000000;-0.590482;0.100000;
6.175741;0.590452;0.100000;1.000000;0.590452;0.100000;1.000000;1.000000;0.000000;-0.590452;0.100000;
6.213703;0.590428;0.100000;1.000000;0.590428;0.100000;1.000000;1.000000;0.000000;-0.590428;0.100000;
6.251665;0.590412;0.100000;1.000000;0.590412;0.100000;1.000000;1.000000;0.000000;-0.590412;0.100000;
6.289627;0.590404;0.100000;1.000000;0.590404;0.100000;1.000000;1.000000;0.000000;-0.590404;0.100000;
6.327590;0.590402;0.100000;1.000000;0.590402;0.100000;1.000000;1.000000;0.000000;-0.590402;0.100000;
6.365552;0.590407;0.100000;1.000000;0.590407;0.100000;1.000000;1.000000;0.000000;-0.590407;0.100000;
6.403514;0.590419;0.100000;1.000000;0.590419;0.100000;1.000000;1.000000;0.000000;-0.590419;0.100000;
6.441476;0.590437;0.100000;1.000000;0.590437;0.100000;1.000000;1.000000;0.000000;-0.590437;0.100000;
6.479438;0.590462;0.100000;1.000000;0.590462;0.100000;1.000000;1.000000;0.000000;-0.590462;0.100000;
6.517400;0.590494;0.100000;1.000000;0.590494;0.100000;1.000000;1.000000;0.000000;-0.590494;0.100000;
6.555362;0.590531;0.100000;1.000000;0.590531;0.100000;1.000000;1.000000;0.000000;-0.590531;0.100000;
6.593324;0.590575;0.100000;1.000000;0.590575;0.100000;1.000000;1.000000;0.000000;-0.590575;0.100000;
6.631286;0.590625;0.100000;1.000000;0.590625;0.100000;1.000000;1.000000;0.000000;-0.590625;0.100000;
6.669248;0.590681;0.100000;1.000000;0.590681;0.100000;1.000000;1.000000;0.000000;-0.590681;0.100000;
6.707211;0.590742;0.100000;1.000000;0.590742;0.100000;1.000000;1.000000;0.000000;-0.590742;0.100000;
6.745173;0.590809;0.100000;1.000000;0.590809;0.100000;1.000000;1.000000;0.000000;-0.590809;0.100000;
6.783135;0.590882;0.100000;1.000000;0.590882;0.100000;1.000000;1.000000;0.000000;-0.590882;0.100000;
6.821097;0.590960;0.100000;1.000000;0.590960;0.100000;1.000000;1.000000;0.000000;-0.590960;0.100000;
6.859059;0.591043;0.100000;1.000000;0.591043;0.100000;1.000000;1.000000;0.000000;-0.591043;0.100000;
6.897021;0.591131;0.100000;1.000000;0.591131;0.100000;1.000000;1.000000;0.000000;-0.591131;0.100000;
6.934983;0.591224;0.100000;1.000000;0.591224;0.100000;1.000000;1.000000;0.000000;-0.591224;0.100000;
6.972945;0.591321;0.100000;1.000000;0.591321;0.100000;1.000000;1.000000;0.000000;-0.591321;0.100000;
7.010907;0.591423;0.100000;1.000000;0.591423;0.100000;1.000000;1.000000;0.000000;-0.591423;0.100000;
7.048869;0.591530;0.100000;1.000000;0.591530;0.100000;1.000000;1.000000;0.000000;-0.591530;0.100000;
7.086832;0.591641;0.100000;1.000000;0.591641;0.100000;1.000000;1.000000;0.000000;-0.591641;0.100000;
7.124794;0.591756;0.100000;1.000000;0.591756;0.100000;1.000000;1.000000;0.000000;-0.591756;0.100000;
7.162756;0.591876;0.100000;1.000000;0.591876;0.100000;1.000000;1.000000;0.000000;-0.591876;0.100000;
7.200718;0.591999;0.100000;1.000000;0.591999;0.100000;1.000000;1.000000;0.000000;-0.591999;0.100000;
7.238680;0.592125;0.100000;1.000000;0.592125;0.100000;1.000000;1.000000;0.000000;-0.592125;0.100000;
7.276642;0.592255;0.100000;1.000000;0.592255;0.100000;1.000000;1.000000;0.000000;-0.592255;0.100000;
7.314604;0.592389;0.100000;1.000000;0.592389;0.100000;1.000000;1.000000;0.000000;-0.592389;0.100000;
7.352566;0.592526;0.100000;1.000000;0.592526;0.100000;1.000000;1.000000;0.000000;-0.592526;0.100000;
7.390528;0.592666;0.100000;1.000000;0.592666;0.100000;1.000000;1.000000;0.000000;-0.592666;0.100000;
7.428490;0.592809;0.100000;1.000000;0.592809;0.100000;1.000000;1.000000;0.000000;-0.592809;0.100000;
7.466452;0.592955;0.100000;1.000000;0.592955;0.100000;1.000000;1.000000;0.000000;-0.592955;0.100000;
7.504415;0.593103;0.100000;1.000000;0.593103;0.100000;1.000000;1.000000;0.000000;-0.593103;0.100000;
7.542377;0.593254;0.100000;1.000000;0.593254;0.100000;1.000000;1.000000;0.000000;-0.593254;0.100000;
7.580339;0.593407;0.100000;1.000000;0.593407;0.100000;1.000000;1.000000;0.000000;-0.593407;0.100000;
7.618301;0.593563;0.100000;1.000000;0.593563;0.100000;1.000000;1.000000;0.000000;-0.593563;0.100000;
7.656263;0.593720;0.100000;1.000000;0.593720;0.100000;1.000000;1.000000;0.000000;-0.593720;0.100000;
7.694225;0.593880;0.100000;1.000000;0.593880;0.100000;1.000000;1.000000;0.000000;-0.593880;0.100000;
7.732187;0.594041;0.100000;1.000000;0.594041;0.100000;1.000000;1.000000;0.000000;-0.594041;0.100000;
7.770149;0.594204;0.100000;1.000000;0.594204;0.100000;1.000000;1.000000;0.000000;-0.594204;0.100000;
7.846073;0.594535;0.100000;1.000000;0.594535;0.100000;1.000000;1.000000;0.000000;-0.594535;0.100000;
7.914405;0.594836;0.100000;1.000000;0.594836;0.100000;1.000000;1.000000;0.000000;-0.594836;0.100000;
7.982737;0.595140;0.100000;1.000000;0.595140;0.100000;1.000000;1.000000;0.000000;-0.595140;0.100000;
8.051069;0.595446;0.100000;1.000000;0.595446;0.100000;1.000000;1.000000;0.000000;-0.595446;0.100000;
8.119401;0.595753;0.100000;1.000000;0.595753;0.100000;1.000000;1.000000;0.000000;-0.595753;0.100000;
8.187732;0.596061;0.100000;1.000000;0.596061;0.100000;1.000000;1.000000;0.000000;-0.596061;0.100000;
8.256064;0.596368;0.100000;1.000000;0.596368;0.100000;1.000000;1.000000;0.000000;-0.596368;0.100000;
8.324396;0.596675;0.100000;1.000000;0.596675;0.100000;1.000000;1.000000;0.000000;-0.596675;0.100000;
8.392728;0.596980;0.100000;1.000000;0.596980;0.100000;1.000000;1.000000;0.000000;-0.596980;0.100000;
8.461059;0.597282;0.100000;1.000000;0.597282;0.100000;1.000000;1.000000;0.000000;-0.597282;0.100000;
8.529391;0.597582;0.100000;1.000000;0.597582;0.100000;1.000000;1.000000;0.000000;-0.597582;0.100000;
8.597723;0.597879;0.100000;1.000000;0.597879;0.100000;1.000000;1.000000;0.000000;-0.597879;0.100000;
8.666055;0.598172;0.100000;1.000000;0.598172;0.100000;1.000000;1.000000;0.000000;-0.598172;0.100000;
8.734387;0.598460;0.100000;1.000000;0.598460;0.100000;1.000000;1.000000;0.000000;-0.598460;0.100000;
8.802718;0.598744;0.100000;1.000000;0.598744;0.100000;1.000000;1.000000;0.000000;-0.598744;0.100000;
8.871050;0.599021;0.100000;1.000000;0.599021;0.100000;1.000000;1.000000;0.000000;-0.599021;0.100000;
8.939382;0.599293;0.100000;1.000000;0.599293;0.100000;1.000000;1.000000;0.000000;-0.599293;0.100000;
9.007714;0.599559;0.100000;1.000000;0.599559;0.100000;1.000000;1.000000;0.000000;-0.599559;0.100000;
9.076045;0.599817;0.100000;1.000000;0.599817;0.100000;1.000000;1.000000;0.000000;-0.599817;0.100000;
9.144377;0.600069;0.100000;1.000000;0.600069;0.100000;1.000000;1.000000;0.000000;-0.600069;0.100000;
9.212709;0.600313;0.100000;1.000000;0.600313;0.100000;1.000000;1.000000;0.000000;-0.600313;0.100000;
9.281041;0.600548;0.100000;1.000000;0.600548;0.100000;1.000000;1.000000;0.000000;-0.600548;0.100000;
9.349373;0.600775;0.100000;1.000000;0.600775;0.100000;1.000000;1.000000;0.000000;-0.600775;0.100000;
9.417704;0.600994;0.100000;1.000000;0.600994;0.100000;1.000000;1.000000;0.000000;-0.600994;0.100000;
9.486036;0.601204;0.100000;1.000000;0.601204;0.100000;1.000000;1.000000;0.000000;-0.601204;0.100000;
9.554368;0.601405;0.100000;1.000000;0.601405;0.100000;1.000000;1.000000;0.000000;-0.601405;0.100000;
9.622700;0.601597;0.100000;1.000000;0.601597;0.100000;1.000000;1.000000;0.000000;-0.601597;0.100000;
9.691031;0.601779;0.100000;1.000000;0.601779;0.100000;1.000000;1.000000;0.000000;-0.601779;0.100000;
9.759363;0.601952;0.100000;1.000000;0.601952;0.100000;1.000000;1.000000;0.000000;-0.601952;0.100000;
9.827695;0.602116;0.100000;1.000000;0.602116;0.100000;1.000000;1.000000;0.000000;-0.602116;0.100000;
9.896027;0.602270;0.100000;1.000000;0.602270;0.100000;1.000000;1.000000;0.000000;-0.602270;0.100000;
9.964359;0.602414;0.100000;1.000000;0.602414;0.100000;1.000000;1.000000;0.000000;-0.602414;0.100000;
10.032690;0.602548;0.100000;1.000000;0.602548;0.100000;1.000000;1.000000;0.000000;-0.602548;0.100000;
10.101022;0.602673;0.100000;1.000000;0.602673;0.100000;1.000000;1.000000;0.000000;-0.602673;0.100000;
10.169354;0.602788;0.100000;1.000000;0.602788;0.100000;1.000000;1.000000;0.000000;-0.602788;0.100000;
10.237686;0.602893;0.100000;1.000000;0.602893;0.100000;1.000000;1.000000;0.000000;-0.602893;0.100000;
10.306017;0.602988;0.100000;1.000000;0.602988;0.100000;1.000000;1.000000;0.000000;-0.602988;0.100000;
10.374349;0.603074;0.100000;1.000000;0.603074;0.100000;1.000000;1.000000;0.000000;-0.603074;0.100000;
10.442681;0.603151;0.100000;1.000000;0.603151;0.100000;1.000000;1.000000;0.000000;-0.603151;0.100000;
10.511013;0.603218;0.100000;1.000000;0.603218;0.100000;1.000000;1.000000;0.000000;-0.603218;0.100000;
10.579345;0.603275;0.100000;1.000000;0.603275;0.100000;1.000000;1.000000;0.000000;-0.603275;0.100000;
10.647676;0.603324;0.100000;1.000000;0.603324;0.100000;1.000000;1.000000;0.000000;-0.603324;0.100000;
10.716008;0.603364;0.100000;1.000000;0.603364;0.100000;1.000000;1.000000;0.000000;-0.603364;0.100000;
10.784340;0.603394;0.100000;1.000000;0.603394;0.100000;1.000000;1.000000;0.000000;-0.603394;0.100000;
10.852672;0.603417;0.100000;1.000000;0.603417;0.100000;1.000000;1.000000;0.000000;-0.603417;0.100000;
10.921003;0.603430;0.100000;1.000000;0.603430;0.100000;1.000000;1.000000;0.000000;-0.603430;0.100000;
10.989335;0.603436;0.100000;1.000000;0.603436;0.100000;1.000000;1.000000;0.000000;-0.603436;0.100000;
11.057667;0.603434;0.100000;1.000000;0.603434;0.100000;1.000000;1.000000;0.000000;-0.603434;0.100000;
11.125999;0.603424;0.100000;1.000000;0.603424;0.100000;1.000000;1.000000;0.000000;-0.603424;0.100000;
11.194331;0.603406;0.100000;1.000000;0.603406;0.100000;1.000000;1.000000;0.000000;-0.603406;0.100000;
11.262662;0.603382;0.100000;1.000000;0.603382;0.100000;1.000000;1.000000;0.000000;-0.603382;0.100000;
11.330994;0.603350;0.100000;1.000000;0.603350;0.100000;1.000000;1.000000;0.000000;-0.603350;0.100000;
11.399326;0.603312;0.100000;1.000000;0.603312;0.100000;1.000000;1.000000;0.000000;-0.603312;0.100000;
11.467658;0.603268;0.100000;1.000000;0.603268;0.100000;1.000000;1.000000;0.000000;-0.603268;0.100000;
11.535989;0.603217;0.100000;1.000000;0.603217;0.100000;1.000000;1.000000;0.000000;-0.603217;0.100000;
11.604321;0.603161;0.100000;1.000000;0.603161;0.100000;1.000000;1.000000;0.000000;-0.603161;0.100000;
11.672653;0.603099;0.100000;1.000000;0.603099;0.100000;1.000000;1.000000;0.000000;-0.603099;0.100000;
11.740985;0.603032;0.100000;1.000000;0.603032;0.100000;1.000000;1.000000;0.000000;-0.603032;0.100000;
11.809317;0.602960;0.100000;1.000000;0.602960;0.100000;1.000000;1.000000;0.000000;-0.602960;0.100000;
11.877648;0.602883;0.100000;1.000000;0.602883;0.100000;1.000000;1.000000;0.000000;-0.602883;0.100000;
11.945980;0.602803;0.100000;1.000000;0.602803;0.100000;1.000000;1.000000;0.000000;-0.602803;0.100000;
12.014312;0.602718;0.100000;1.000000;0.602718;0.100000;1.000000;1.000000;0.000000;-0.602718;0.100000;
12.082644;0.602630;0.100000;1.000000;0.602630;0.100000;1.000000;1.000000;0.000000;-0.602630;0.100000;
12.150975;0.602538;0.100000;1.000000;0.602538;0.100000;1.000000;1.000000;0.000000;-0.602538;0.100000;
12.219307;0.602444;0.100000;1.000000;0.602444;0.100000;1.000000;1.000000;0.000000;-0.602444;0.100000;
12.287639;0.602347;0.100000;1.000000;0.602347;0.100000;1.000000;1.000000;0.000000;-0.602347;0.100000;
12.355971;0.602247;0.100000;1.000000;0.602247;0.100000;1.000000;1.000000;0.000000;-0.602247;0.100000;
12.424303;0.602145;0.100000;1.000000;0.602145;0.100000;1.000000;1.000000;0.000000;-0.602145;0.100000;
12.492634;0.602041;0.100000;1.000000;0.602041;0.100000;1.000000;1.000000;0.000000;-0.602041;0.100000;
12.560966;0.601936;0.100000;1.000000;0.601936;0.100000;1.000000;1.000000;0.000000;-0.601936;0.100000;
12.629298;0.601829;0.100000;1.000000;0.601829;0.100000;1.000000;1.000000;0.000000;-0.601829;0.100000;
12.765961;0.601613;0.100000;1.000000;0.601613;0.100000;1.000000;1.000000;0.000000;-0.601613;0.100000;
12.888959;0.601417;0.100000;1.000000;0.601417;0.100000;1.000000;1.000000;0.000000;-0.601417;0.100000;
13.011956;0.601223;0.100000;1.000000;0.601223;0.100000;1.000000;1.000000;0.000000;-0.601223;0.100000;
13.134953;0.601030;0.100000;1.000000;0.601030;0.100000;1.000000;1.000000;0.000000;-0.601030;0.100000;
13.257950;0.600840;0.100000;1.000000;0.600840;0.100000;1.000000;1.000000;0.000000;-0.600840;0.100000;
13.380947;0.600655;0.100000;1.000000;0.600655;0.100000;1.000000;1.000000;0.000000;-0.600655;0.100000;
13.503945;0.600476;0.100000;1.000000;0.600476;0.100000;1.000000;1.000000;0.000000;-0.600476;0.100000;
13.626942;0.600304;0.100000;1.000000;0.600304;0.100000;1.000000;1.000000;0.000000;-0.600304;0.100000;
13.749939;0.600138;0.100000;1.000000;0.600138;0.100000;1.000000;1.000000;0.000000;-0.600138;0.100000;
13.872936;0.599981;0.100000;1.000000;0.599981;0.100000;1.000000;1.000000;0.000000;-0.599981;0.100000;
13.995933;0.599833;0.100000;1.000000;0.599833;0.100000;1.000000;1.000000;0.000000;-0.599833;0.100000;
14.118931;0.599694;0.100000;1.000000;0.599694;0.100000;1.000000;1.000000;0.000000;-0.599694;0.100000;
14.241928;0.599566;0.100000;1.000000;0.599566;0.100000;1.000000;1.000000;0.000000;-0.599566;0.100000;
14.364925;0.599447;0.100000;1.000000;0.599447;0.100000;1.000000;1.000000;0.000000;-0.599447;0.100000;
14.487922;0.599339;0.100000;1.000000;0.599339;0.100000;1.000000;1.000000;0.000000;-0.599339;0.100000;
14.610919;0.599242;0.100000;1.000000;0.599242;0.100000;1.000000;1.000000;0.000000;-0.599242;0.100000;
14.721617;0.599162;0.100000;1.000000;0.599162;0.100000;1.000000;1.000000;0.000000;-0.599162;0.100000;
14.832314;0.599091;0.100000;1.000000;0.599091;0.100000;1.000000;1.000000;0.000000;-0.599091;0.100000;
14.943012;0.599029;0.100000;1.000000;0.599029;0.100000;1.000000;1.000000;0.000000;-0.599029;0.100000;
15.053709;0.598976;0.100000;1.000000;0.598976;0.100000;1.000000;1.000000;0.000000;-0.598976;0.100000;
15.164407;0.598931;0.100000;1.000000;0.598931;0.100000;1.000000;1.000000;0.000000;-0.598931;0.100000;
15.275104;0.598895;0.100000;1.000000;0.598895;0.100000;1.000000;1.000000;0.000000;-0.598895;0.100000;
15.385802;0.598867;0.100000;1.000000;0.598867;0.100000;1.000000;1.000000;0.000000;-0.598867;0.100000;
15.496499;0.598847;0.100000;1.000000;0.598847;0.100000;1.000000;1.000000;0.000000;-0.598847;0.100000;
15.607197;0.598834;0.100000;1.000000;0.598834;0.100000;1.000000;1.000000;0.000000;-0.598834;0.100000;
15.717894;0.598829;0.100000;1.000000;0.598829;0.100000;1.000000;1.000000;0.000000;-0.598829;0.100000;
15.828592;0.598831;0.100000;1.000000;0.598831;0.100000;1.000000;1.000000;0.000000;-0.598831;0.100000;
15.939289;0.598840;0.100000;1.000000;0.598840;0.100000;1.000000;1.000000;0.000000;-0.598840;0.100000;
16.049987;0.598855;0.100000;1.000000;0.598855;0.100000;1.000000;1.000000;0.000000;-0.598855;0.100000;
16.160684;0.598876;0.100000;1.000000;0.598876;0.100000;1.000000;1.000000;0.000000;-0.598876;0.100000;
16.271382;0.598902;0.100000;1.000000;0.598902;0.100000;1.000000;1.000000;0.000000;-0.598902;0.100000;
16.382079;0.598934;0.100000;1.000000;0.598934;0.100000;1.000000;1.000000;0.000000;-0.598934;0.100000;
16.492777;0.598970;0.100000;1.000000;0.598970;0.100000;1.000000;1.000000;0.000000;-0.598970;0.100000;
16.603474;0.599011;0.100000;1.000000;0.599011;0.100000;1.000000;1.000000;0.000000;-0.599011;0.100000;
16.714171;0.599055;0.100000;1.000000;0.599055;0.100000;1.000000;1.000000;0.000000;-0.599055;0.100000;
16.824869;0.599103;0.100000;1.000000;0.599103;0.100000;1.000000;1.000000;0.000000;-0.599103;0.100000;
16.935566;0.599153;0.100000;1.000000;0.599153;0.100000;1.000000;1.000000;0.000000;-0.599153;0.100000;
17.046264;0.599206;0.100000;1.000000;0.599206;0.100000;1.000000;1.000000;0.000000;-0.599206;0.100000;
17.156961;0.599261;0.100000;1.000000;0.599261;0.100000;1.000000;1.000000;0.000000;-0.599261;0.100000;
17.267659;0.599317;0.100000;1.000000;0.599317;0.100000;1.000000;1.000000;0.000000;-0.599317;0.100000;
17.489054;0.599433;0.100000;1.000000;0.599433;0.100000;1.000000;1.000000;0.000000;-0.599433;0.100000;
17.710449;0.599549;0.100000;1.000000;0.599549;0.100000;1.000000;1.000000;0.000000;-0.599549;0.100000;
17.931844;0.599663;0.100000;1.000000;0.599663;0.100000;1.000000;1.000000;0.000000;-0.599663;0.100000;
18.153239;0.599774;0.100000;1.000000;0.599774;0.100000;1.000000;1.000000;0.000000;-0.599774;0.100000;
18.374634;0.599878;0.100000;1.000000;0.599878;0.100000;1.000000;1.000000;0.000000;-0.599878;0.100000;
18.596029;0.599974;0.100000;1.000000;0.599974;0.100000;1.000000;1.000000;0.000000;-0.599974;0.100000;
18.817424;0.600060;0.100000;1.000000;0.600060;0.100000;1.000000;1.000000;0.000000;-0.600060;0.100000;
19.038819;0.600137;0.100000;1.000000;0.600137;0.100000;1.000000;1.000000;0.000000;-0.600137;0.100000;
19.260213;0.600202;0.100000;1.000000;0.600202;0.100000;1.000000;1.000000;0.000000;-0.600202;0.100000;
19.459469;0.600252;0.100000;1.000000;0.600252;0.100000;1.000000;1.000000;0.000000;-0.600252;0.100000;
19.658724;0.600293;0.100000;1.000000;0.600293;0.100000;1.000000;1.000000;0.000000;-0.600293;0.100000;
19.857980;0.600324;0.100000;1.000000;0.600324;0.100000;1.000000;1.000000;0.000000;-0.600324;0.100000;
20.057235;0.600347;0.100000;1.000000;0.600347;0.100000;1.000000;1.000000;0.000000;-0.600347;0.100000;
20.256491;0.600362;0.100000;1.000000;0.600362;0.100000;1.000000;1.000000;0.000000;-0.600362;0.100000;
20.455746;0.600368;0.100000;1.000000;0.600368;0.100000;1.000000;1.000000;0.000000;-0.600368;0.100000;
20.655002;0.600368;0.100000;1.000000;0.600368;0.100000;1.000000;1.000000;0.000000;-0.600368;0.100000;
20.854257;0.600360;0.100000;1.000000;0.600360;0.100000;1.000000;1.000000;0.000000;-0.600360;0.100000;
21.053513;0.600347;0.100000;1.000000;0.600347;0.100000;1.000000;1.000000;0.000000;-0.600347;0.100000;
21.252768;0.600329;0.100000;1.000000;0.600329;0.100000;1.000000;1.000000;0.000000;-0.600329;0.100000;
21.452024;0.600307;0.100000;1.000000;0.600307;0.100000;1.000000;1.000000;0.000000;-0.600307;0.100000;
21.651279;0.600281;0.100000;1.000000;0.600281;0.100000;1.000000;1.000000;0.000000;-0.600281;0.100000;
21.850534;0.600253;0.100000;1.000000;0.600253;0.100000;1.000000;1.000000;0.000000;-0.600253;0.100000;
22.049790;0.600222;0.100000;1.000000;0.600222;0.100000;1.000000;1.000000;0.000000;-0.600222;0.100000;
22.249045;0.600190;0.100000;1.000000;0.600190;0.100000;1.000000;1.000000;0.000000;-0.600190;0.100000;
22.647556;0.600127;0.100000;1.000000;0.600127;0.100000;1.000000;1.000000;0.000000;-0.600127;0.100000;
23.046067;0.600067;0.100000;1.000000;0.600067;0.100000;1.000000;1.000000;0.000000;-0.600067;0.100000;
23.444578;0.600015;0.100000;1.000000;0.600015;0.100000;1.000000;1.000000;0.000000;-0.600015;0.100000;
23.843089;0.599973;0.100000;1.000000;0.599973;0.100000;1.000000;1.000000;0.000000;-0.599973;0.100000;
24.241600;0.599940;0.100000;1.000000;0.599940;0.100000;1.000000;1.000000;0.000000;-0.599940;0.100000;
24.640111;0.599917;0.100000;1.000000;0.599917;0.100000;1.000000;1.000000;0.000000;-0.599917;0.100000;
25.038622;0.599905;0.100000;1.000000;0.599905;0.100000;1.000000;1.000000;0.000000;-0.599905;0.100000;
25.437133;0.599900;0.100000;1.000000;0.599900;0.100000;1.000000;1.000000;0.000000;-0.599900;0.100000;
25.835644;0.599903;0.100000;1.000000;0.599903;0.100000;1.000000;1.000000;0.000000;-0.599903;0.100000;
26.234155;0.599912;0.100000;1.000000;0.599912;0.100000;1.000000;1.000000;0.000000;-0.599912;0.100000;
26.632666;0.599924;0.100000;1.000000;0.599924;0.100000;1.000000;1.000000;0.000000;-0.599924;0.100000;
27.031176;0.599939;0.100000;1.000000;0.599939;0.100000;1.000000;1.000000;0.000000;-0.599939;0.100000;
27.429687;0.599955;0.100000;1.000000;0.599955;0.100000;1.000000;1.000000;0.000000;-0.599955;0.100000;
28.226709;0.599983;0.100000;1.000000;0.599983;0.100000;1.000000;1.000000;0.000000;-0.599983;0.100000;
29.023731;0.600003;0.100000;1.000000;0.600003;0.100000;1.000000;1.000000;0.000000;-0.600003;0.100000;
29.820753;0.600015;0.100000;1.000000;0.600015;0.100000;1.000000;1.000000;0.000000;-0.600015;0.100000;
30.000000;0.600017;0.100000;1.000000;0.600017;0.100000;1.000000;1.000000;0.000000;-0.600017;0.100000;
