"time","wT4ACurrentSource.measurementsPQ.PPu","wT4ACurrentSource.measurementsPQ.QPu"
0,1.000164266035513,-0.21003458517829737
0.001,1.0001641183269567,-0.2100306537410496
0.002,1.000161119847302,-0.21003044189841444
0.0023650317075236725,1.000159490540351,-0.21003098779499121
0.0023650317075236725,1.000159490540351,-0.21003098779499121
0.003,1.0001562263903219,-0.21003240774787962
0.004,1.0001495129489442,-0.21003613528151271
0.005,1.0001418281493617,-0.21004060766970492
0.006,1.0001334520283442,-0.21004547265775178
0.007,1.0001245188788062,-0.21005056058413168
0.008,1.0001151610953496,-0.2100557036365986
0.009,1.0001056423982404,-0.21006063093791905
0.01,1.0000958958979154,-0.21006541360604727
0.011,1.000086134170987,-0.2100699144605857
0.012,1.0000763237097776,-0.21007415512478145
0.013,1.000066616900713,-0.21007806918576072
0.014,1.0000570796579473,-0.21008162562539417
0.015,1.0000477143890452,-0.21008484849261577
0.016,1.0000385830781378,-0.21008773480824958
0.017,1.00002967156506,-0.21009030288893862
0.018,1.000021028278264,-0.2100925912233049
0.019,1.0000126340535147,-0.21009459370926709
0.02,1.000004508856615,-0.21009637741349235
0.021,0.9999966438343574,-0.21009791798674474
0.022,0.9999890191436831,-0.21009933796396754
0.023,0.999981642238069,-0.210100591318419
0.024,0.9999745131175147,-0.21010167805009916
0.025,0.9999676317820207,-0.210102598159008
0.026,0.9999609565371747,-0.21010343131209128
0.027,0.9999544933475335,-0.21010416611266552
0.028,0.999948255044102,-0.21010477804408828
0.029,0.9999422416268806,-0.21010526710635957
0.03,0.9999364157101819,-0.2101056858694899
0.031,0.9999307324229499,-0.2101060974290667
0.032,0.9999252349745226,-0.21010644102613338
0.033,0.9999199233648997,-0.21010671666068992
0.034,0.9999147893754063,-0.21010693170289063
0.035,0.9999097334541585,-0.21010717542658605
0.036,0.9999048211464934,-0.21010738905353502
0.037,0.9999000524524111,-0.21010757258373755
0.038,0.9998954273719117,-0.21010772601719366
0.039,0.9998908772917516,-0.2101078839406067
0.04,0.9998864195066844,-0.210108037636002
0.041,0.9998820703677064,-0.2101081788611363
0.042,0.9998778298748171,-0.21010830761600957
0.043,0.9998736568605507,-0.2101084312522212
0.044,0.9998695153828927,-0.2101085561882204
0.045,0.9998654445530721,-0.21010867543960626
0.046,0.999861444371089,-0.21010878900637883
0.047,0.9998575148369434,-0.2101088968885381
0.048,0.9998536559506351,-0.21010899908608402
0.049,0.9998498677121642,-0.21010909559901667
0.05,0.9998461501215308,-0.21010918642733598
0.051,0.9998425031787348,-0.210109271571042
0.052,0.999838888336288,-0.21010935321352114
0.053,0.9998353266249757,-0.2101094301635588
0.054,0.999831825615798,-0.21010950199232237
0.055,0.9998283853087548,-0.21010956869981184
0.056,0.9998250057038462,-0.21010963028602728
0.057,0.9998216868010723,-0.21010968675096864
0.058,0.9998184286004329,-0.2101097380946359
0.059,0.9998152311019282,-0.21010978431702912
0.06,0.9998120817040181,-0.21010982708285295
0.061,0.9998089286236979,-0.2101098732328118
0.062,0.9998058208569215,-0.21010991629437986
0.063,0.9998027584036886,-0.21010995626755707
0.064,0.9997997412639993,-0.21010999315234347
0.065,0.9997967694378537,-0.210110026948739
0.066,0.9997938429252519,-0.21011005765674376
0.067,0.9997909617261935,-0.21011008527635766
0.068,0.9997881258406789,-0.21011010980758074
0.069,0.9997853093307598,-0.2101101342692191
0.07,0.9997825090937372,-0.21011015902238248
0.071,0.9997797439294484,-0.2101101818790388
0.072,0.9997770138378933,-0.21011020283918805
0.073,0.9997743188190721,-0.21011022190283024
0.074,0.9997716588729847,-0.21011023906996534
0.075,0.999769033999631,-0.21011025434059338
0.076,0.9997664441990112,-0.21011026771471436
0.077,0.9997638894711253,-0.21011027919232828
0.078,0.9997613416330082,-0.2101102913446586
0.079,0.9997588201573566,-0.21011030239514794
0.08,0.9997563273207188,-0.21011031213609938
0.081,0.9997538631230951,-0.21011032056751294
0.082,0.9997514275644854,-0.21011032768938856
0.083,0.9997490206448897,-0.21011033350172628
0.084,0.9997466423643081,-0.21011033800452614
0.085,0.9997442927227405,-0.21011034119778804
0.086,0.9997419640642023,-0.21011034353829014
0.087,0.9997396407574217,-0.21011034595863912
0.088,0.9997373400225091,-0.2101103474314336
0.089,0.9997350618594644,-0.21011034795667355
0.09,0.9997328062682875,-0.210110347534359
0.091,0.9997305732489787,-0.21011034616448998
0.092,0.9997283628015378,-0.21011034384706645
0.093,0.9997261749259647,-0.2101103405820884
0.094,0.9997240096222596,-0.21011033636955587
0.095,0.9997218668904224,-0.21011033120946884
0.096,0.999719746730453,-0.2101103251018273
0.097,0.9997176491423518,-0.21011031804663127
0.098,0.9997155741261184,-0.21011031004388073
0.099,0.9997135216817529,-0.2101103010935757
0.1,0.9997114918092553,-0.21011029119571617
0.101,0.9997094845086256,-0.21011028035030213
0.102,0.9997074997798638,-0.2101102685573336
0.103,0.999705537294867,-0.2101102558283236
0.104,0.9997035738713614,-0.21011024297673092
0.105,0.9997016304140826,-0.21011022926901493
0.106,0.99969970692303,-0.21011021470517557
0.107,0.9996978033982042,-0.21011019928521282
0.108,0.9996959198396049,-0.21011018300912676
0.109,0.9996940562472322,-0.21011016587691733
0.11,0.9996922126210861,-0.21011014788858456
0.111,0.9996903889611665,-0.21011012904412843
0.112,0.9996885852674735,-0.21011010934354893
0.113,0.9996868015400071,-0.21011008878684612
0.114,0.9996850377787672,-0.2101100673740199
0.115,0.9996832939837539,-0.2101100451050704
0.116,0.9996815701549672,-0.2101100219799975
0.117,0.9996798662924069,-0.21010999799880126
0.118,0.9996781823960733,-0.21010997316148167
0.119,0.9996765184659663,-0.2101099474680387
0.12,0.9996748745020858,-0.21010992091847241
0.121,0.9996732282855421,-0.21010989435404961
0.122,0.9996715915885845,-0.21010986732904127
0.123,0.9996699715517423,-0.21010983957308785
0.124,0.9996683681750151,-0.21010981108618934
0.125,0.9996667814584033,-0.21010978186834572
0.126,0.9996652114019063,-0.210109751919557
0.127,0.9996636580055248,-0.2101097212398232
0.128,0.9996621212692584,-0.21010968982914427
0.129,0.9996606011931072,-0.2101096576875203
0.13,0.999659097777071,-0.21010962481495116
0.131,0.9996576110211501,-0.21010959121143696
0.132,0.9996561409253444,-0.21010955687697766
0.133,0.9996546874896537,-0.21010952181157327
0.134,0.9996532507140784,-0.21010948601522378
0.135,0.9996518305986181,-0.21010944948792917
0.136,0.9996504271432731,-0.21010941222968949
0.137,0.9996490403480431,-0.2101093742405047
0.138,0.9996476588953076,-0.2101093359283943
0.139,0.9996462797543607,-0.21010929740262033
0.14,0.9996449146033028,-0.2101092582421675
0.141,0.999643563442134,-0.21010921844703576
0.142,0.9996422262708541,-0.2101091780172251
0.143,0.9996409030894631,-0.2101091369527355
0.144,0.999639593897961,-0.21010909525356705
0.145,0.999638298696348,-0.2101090529197197
0.146,0.999637017484624,-0.21010900995119344
0.147,0.9996357502627888,-0.21010896634798826
0.148,0.9996344970308427,-0.2101089221101042
0.149,0.9996332577887856,-0.21010887723754124
0.15,0.9996320325366175,-0.21010883173029937
0.151,0.9996308212743381,-0.2101087855883786
0.152,0.9996296240019479,-0.2101087388117789
0.153,0.9996284407194467,-0.2101086914005003
0.154,0.9996272714268343,-0.21010864335454285
0.155,0.9996261120741751,-0.21010859482227395
0.156,0.9996249500655973,-0.21010854626513747
0.157,0.999623799831909,-0.21010849715446758
0.158,0.9996226613731098,-0.21010844749026425
0.159,0.9996215346892002,-0.2101083972725275
0.16,0.9996204197801798,-0.2101083465012573
0.161,0.9996193166460486,-0.21010829517645366
0.162,0.9996182252868071,-0.2101082432981166
0.163,0.9996171457024546,-0.2101081908662461
0.164,0.9996160778929918,-0.21010813788084218
0.165,0.9996150218584181,-0.2101080843419048
0.166,0.9996139775987338,-0.210108030249434
0.167,0.9996129451139388,-0.2101079756034298
0.168,0.9996119244040332,-0.21010792040389215
0.169,0.9996109154690169,-0.21010786465082107
0.17,0.99960991830889,-0.21010780834421652
0.171,0.9996089329236525,-0.21010775148407856
0.172,0.9996079593133042,-0.21010769407040716
0.173,0.9996069814952734,-0.21010763671468421
0.174,0.9996060126353927,-0.21010757891319426
0.175,0.9996050536844657,-0.21010752062956026
0.176,0.9996041046424923,-0.2101074618637822
0.177,0.9996031655094725,-0.21010740261586008
0.178,0.9996022362854062,-0.2101073428857939
0.179,0.9996013169702936,-0.2101072826735837
0.18,0.9996004075641347,-0.2101072219792294
0.181,0.9995995080669293,-0.21010716080273106
0.182,0.9995986184786776,-0.21010709914408868
0.183,0.9995977387993795,-0.21010703700330222
0.184,0.999596869029035,-0.2101069743803717
0.185,0.9995960091676441,-0.21010691127529715
0.186,0.9995951592152068,-0.21010684768807855
0.187,0.9995943191717231,-0.21010678361871588
0.188,0.9995934890371931,-0.21010671906720915
0.189,0.9995926688116167,-0.21010665403355835
0.19,0.9995918489795916,-0.21010658890077463
0.191,0.9995910330998721,-0.21010652352561207
0.192,0.999590225551381,-0.21010645773181155
0.193,0.9995894263341185,-0.2101063915193731
0.194,0.9995886354480846,-0.21010632488829672
0.195,0.9995878528932793,-0.21010625783858242
0.196,0.9995870786697024,-0.21010619037023012
0.197,0.9995863127773543,-0.21010612248323993
0.198,0.9995855552162347,-0.21010605417761177
0.199,0.9995848059863436,-0.2101059854533457
0.2,0.9995840650876812,-0.21010591631044165
0.201,0.9995833325202472,-0.21010584674889968
0.202,0.9995826082840419,-0.21010577676871978
0.203,0.9995818923790651,-0.21010570636990192
0.204,0.999581184805317,-0.21010563555244613
0.205,0.9995804855627973,-0.21010556431635238
0.206,0.9995797946515063,-0.2101054926616207
0.207,0.9995791073179932,-0.21010542078984498
0.208,0.999578420364903,-0.2101053488366251
0.209,0.9995777404110944,-0.21010527652125519
0.21,0.9995770674565674,-0.2101052038437352
0.211,0.9995764015013219,-0.21010513080406518
0.212,0.9995757425453579,-0.21010505740224508
0.213,0.9995750905886756,-0.21010498363827496
0.214,0.9995744456312747,-0.21010490951215477
0.215,0.9995738076731554,-0.21010483502388455
0.216,0.9995731767143178,-0.21010476017346424
0.217,0.9995725527547614,-0.21010468496089393
0.218,0.9995719357944869,-0.21010460938617354
0.219,0.9995713258334937,-0.2101045334493031
0.22,0.9995707228717823,-0.21010445715028264
0.221,0.9995701269093521,-0.21010438048911212
0.222,0.9995695379462037,-0.21010430346579154
0.223,0.9995689559823369,-0.2101042260803209
0.224,0.9995683789048414,-0.2101041484300984
0.225,0.9995677943211415,-0.2101040710863808
0.226,0.9995672149439503,-0.21010399346315406
0.227,0.9995666407732682,-0.21010391556041816
0.228,0.9995660718090948,-0.2101038373781731
0.229,0.9995655080514303,-0.21010375891641891
0.23,0.9995649495002746,-0.21010368017515554
0.231,0.9995643961556279,-0.21010360115438304
0.232,0.99956384801749,-0.2101035218541014
0.233,0.9995633050858609,-0.21010344227431058
0.234,0.9995627673607406,-0.2101033624150106
0.235,0.9995622348421292,-0.21010328227620148
0.236,0.9995617075300267,-0.2101032018578832
0.237,0.9995611854244331,-0.21010312116005578
0.238,0.9995606685253482,-0.2101030401827192
0.239,0.9995601568327723,-0.21010295892587347
0.24,0.9995596503467052,-0.21010287738951858
0.241,0.999559149067147,-0.21010279557365452
0.242,0.9995586529940975,-0.21010271347828136
0.243,0.999558162127557,-0.210102631103399
0.244,0.9995576764675254,-0.2101025484490075
0.245,0.9995571960140026,-0.21010246551510686
0.246,0.9995567207669885,-0.21010238230169703
0.247,0.9995562507264835,-0.21010229880877807
0.248,0.9995557858924872,-0.21010221503634996
0.249,0.9995553262649997,-0.2101021309844127
0.25,0.9995548718440211,-0.21010204665296628
0.251,0.9995544226295515,-0.21010196204201068
0.252,0.9995539786215907,-0.210101877151546
0.253,0.9995535398201386,-0.21010179198157208
0.254,0.9995531062251954,-0.21010170653208904
0.255,0.9995526778367612,-0.21010162080309688
0.256,0.9995522546548358,-0.21010153479459553
0.257,0.9995518366794192,-0.21010144850658502
0.258,0.9995514239105114,-0.2101013619390654
0.259,0.9995510060907936,-0.2101012756155322
0.26,0.9995505858180551,-0.21010118940340392
0.261,0.9995501697763337,-0.21010110296155196
0.262,0.9995497579656293,-0.21010101628997635
0.263,0.9995493503859418,-0.21010092938867708
0.264,0.9995489470372715,-0.21010084225765416
0.265,0.9995485479196182,-0.21010075489690755
0.266,0.9995481530329818,-0.21010066730643728
0.267,0.9995477623773628,-0.2101005794862434
0.268,0.9995473759527604,-0.2101004914363258
0.269,0.9995469937591754,-0.21010040315668455
0.27,0.9995466157966072,-0.21010031464731965
0.271,0.999546242065056,-0.2101002259082311
0.272,0.9995458725645221,-0.2101001369394189
0.273,0.999545507295005,-0.210100047740883
0.274,0.999545146256505,-0.21009995831262349
0.275,0.9995447894490221,-0.21009986865464028
0.276,0.9995444368725562,-0.21009977876693342
0.277,0.9995440885271074,-0.21009968864950293
0.278,0.9995437444126756,-0.21009959830234876
0.279,0.9995434045292607,-0.2100995077254709
0.28,0.9995430688768631,-0.2100994169188694
0.281,0.9995427374554823,-0.21009932588254426
0.282,0.9995424102651186,-0.21009923461649543
0.283,0.999542087305772,-0.21009914312072298
0.284,0.9995417685774423,-0.2100990513952268
0.285,0.9995414540801297,-0.210098959440007
0.286,0.9995411438138342,-0.21009886725506358
0.287,0.9995408377785556,-0.21009877484039644
0.288,0.9995405359742943,-0.21009868219600566
0.289,0.9995402384010498,-0.21009858932189124
0.29,0.9995399450588224,-0.21009849621805315
0.291,0.9995396559476121,-0.2100984028844914
0.292,0.9995393710674187,-0.210098309321206
0.293,0.9995390891615222,-0.21009821559597205
0.294,0.9995387917320594,-0.21009812270638287
0.295,0.9995384973551956,-0.21009802965062233
0.296,0.9995382060309309,-0.21009793642869043
0.297,0.9995379177592653,-0.21009784304058715
0.298,0.9995376325401988,-0.21009774948631252
0.299,0.9995373503737313,-0.21009765576586653
0.3,0.999537071259863,-0.2100975618792492
0.301,0.9995367951985937,-0.21009746782646047
0.302,0.9995365221899235,-0.21009737360750042
0.303,0.9995362522338525,-0.21009727922236898
0.304,0.9995359853303803,-0.21009718467106622
0.305,0.9995357214795074,-0.21009708995359208
0.306,0.9995354606812336,-0.21009699506994658
0.307,0.9995352029355588,-0.21009690002012973
0.308,0.999534948242483,-0.2100968048041415
0.309,0.9995346966020064,-0.21009670942198194
0.31,0.9995344480141289,-0.210096613873651
0.311,0.9995342024788505,-0.21009651815914873
0.312,0.9995339599961712,-0.21009642227847505
0.313,0.9995337205660909,-0.21009632623163005
0.314,0.9995334841886097,-0.21009623001861366
0.315,0.9995332508637276,-0.21009613363942595
0.316,0.9995330205914446,-0.21009603709406688
0.317,0.9995327933717606,-0.21009594038253643
0.318,0.9995325692046757,-0.21009584350483465
0.319,0.9995323480901899,-0.21009574646096146
0.32,0.9995321300283032,-0.21009564925091695
0.321,0.9995319150190156,-0.21009555187470105
0.322,0.9995317030623271,-0.21009545433231383
0.323,0.9995314941582377,-0.21009535662375523
0.324,0.9995312883067473,-0.2100952587490253
0.325,0.9995310855078561,-0.21009516070812395
0.326,0.9995308857615638,-0.21009506250105128
0.327,0.9995306890678707,-0.21009496412780726
0.328,0.9995304872281652,-0.2100948660787753
0.329,0.9995302803364299,-0.21009476834833407
0.33,0.9995300756060751,-0.21009467050502792
0.331,0.9995298730371006,-0.21009457254885686
0.332,0.9995296726295065,-0.21009447447982088
0.333,0.9995294743832931,-0.21009437629792002
0.334,0.9995292782984598,-0.21009427800315425
0.335,0.9995290843750071,-0.2100941795955235
0.336,0.999528892612935,-0.21009408107502792
0.337,0.9995287030122431,-0.2100939824416674
0.338,0.9995285155729318,-0.21009388369544196
0.339,0.9995283302950007,-0.21009378483635166
0.34,0.9995281471784501,-0.21009368586439642
0.341,0.9995279662232801,-0.21009358677957626
0.342,0.9995277874294903,-0.2100934875818912
0.343,0.9995276107970812,-0.21009338827134125
0.344,0.9995274363260523,-0.21009328884792636
0.345,0.9995272640164039,-0.21009318931164656
0.346,0.999527093868136,-0.21009308966250187
0.347,0.9995269258812485,-0.21009298990049227
0.348,0.9995267600557414,-0.21009289002561776
0.349,0.9995265963916147,-0.21009279003787834
0.35,0.9995264348888685,-0.210092689937274
0.351,0.9995262755475027,-0.21009258972380476
0.352,0.9995261183675174,-0.2100924893974706
0.353,0.9995259633489125,-0.21009238895827156
0.354,0.999525810491688,-0.21009228840620758
0.355,0.9995256597958438,-0.21009218774127872
0.356,0.9995255112613802,-0.21009208696348491
0.357,0.999525364888297,-0.21009198607282623
0.358,0.9995252206765943,-0.21009188506930265
0.359,0.9995250786262719,-0.2100917839529141
0.36,0.9995249387373301,-0.2100916827236607
0.361,0.9995248010097686,-0.21009158138154238
0.362,0.9995246654435875,-0.21009147992655913
0.363,0.9995245206949681,-0.21009137912293677
0.364,0.9995243773257094,-0.21009127825913362
0.365,0.9995242354713372,-0.21009117732601948
0.3650783734272488,0.9995242244177397,-0.21009116941261646
0.3650783734272488,0.9995242244177397,-0.21009116941261646
0.366,0.9995241052691508,-0.2100910756392112
0.367,0.9995239776700227,-0.21009097381629666
0.368,0.9995238523765516,-0.21009087189196113
0.369,0.9995237277498951,-0.2100907699393229
0.37,0.9995236070035849,-0.21009066782198485
0.371,0.9995234862572747,-0.2100905657046468
0.372,0.9995233655109645,-0.2100904635873087
0.373,0.999523247906921,-0.21009036134685655
0.374,0.9995231356152533,-0.21009025889826533
0.375,0.9995230233235856,-0.2100901564496741
0.376,0.9995229110319178,-0.21009005400108288
0.377,0.9995227987402502,-0.21008995155249166
0.378,0.9995226864485824,-0.21008984910390044
0.379,0.9995225741569147,-0.21008974665530922
0.38,0.9995224618652471,-0.210089644206718
0.381,0.9995223616414868,-0.21008954137847966
0.382,0.9995222640363888,-0.2100894384678602
0.383,0.9995221664312909,-0.21008933555724077
0.384,0.999522068826193,-0.21008923264662133
0.385,0.9995219712210951,-0.21008912973600188
0.386,0.9995218736159972,-0.21008902682538244
0.387,0.9995217760108992,-0.210088923914763
0.388,0.9995216784058013,-0.21008882100414353
0.389,0.9995215808007034,-0.21008871809352408
0.39,0.9995214831956055,-0.21008861518290464
0.391,0.9995213855905075,-0.2100885122722852
0.392,0.9995212879854096,-0.21008840936166576
0.393,0.9995211903803117,-0.2100883064510463
0.394,0.9995210927752138,-0.21008820354042687
0.395,0.9995209951701158,-0.21008810062980743
0.396,0.9995209138386317,-0.21008799754043186
0.397,0.9995208387804402,-0.21008789438214787
0.398,0.9995207637222486,-0.21008779122386387
0.399,0.9995206886640571,-0.21008768806557987
0.4,0.9995206136058655,-0.21008758490729587
0.401,0.999520538547674,-0.21008748174901187
0.402,0.9995204634894824,-0.21008737859072785
0.403,0.999520388431291,-0.21008727543244385
0.404,0.9995203133730994,-0.21008717227415985
0.405,0.9995202383149079,-0.21008706911587585
0.406,0.9995201632567163,-0.21008696595759185
0.407,0.9995200881985248,-0.21008686279930786
0.408,0.9995200131403332,-0.21008675964102386
0.409,0.9995199380821417,-0.21008665648273986
0.41,0.9995198630239501,-0.21008655332445583
0.411,0.9995197879657586,-0.21008645016617183
0.412,0.999519712907567,-0.21008634700788784
0.413,0.9995196378493755,-0.21008624384960384
0.414,0.9995195627911839,-0.21008614069131984
0.415,0.9995194877329924,-0.21008603753303584
0.416,0.9995194126748008,-0.21008593437475184
0.417,0.9995193376166093,-0.21008583121646784
0.418,0.9995192625584177,-0.21008572805818385
0.419,0.9995191875002263,-0.21008562489989982
0.42,0.9995191124420347,-0.21008552174161582
0.421,0.9995190373838432,-0.21008541858333182
0.422,0.9995189623256516,-0.21008531542504782
0.423,0.9995188872674601,-0.21008521226676383
0.424,0.9995188122092685,-0.21008510910847983
0.425,0.999518737151077,-0.21008500595019583
0.426,0.999518671125018,-0.21008490296066626
0.427,0.999518613372829,-0.2100848001257239
0.428,0.99951855562064,-0.21008469729078155
0.429,0.9995184978684509,-0.2100845944558392
0.43,0.9995184401162619,-0.21008449162089687
0.431,0.9995183823640729,-0.2100843887859545
0.432,0.9995183246118838,-0.21008428595101217
0.433,0.9995182668596948,-0.21008418311606983
0.434,0.9995182091075058,-0.2100840802811275
0.435,0.9995181513553167,-0.21008397744618512
0.436,0.9995180936031277,-0.21008387461124278
0.437,0.9995180358509387,-0.21008377177630044
0.438,0.9995179780987496,-0.2100836689413581
0.439,0.9995179203465606,-0.21008356610641576
0.44,0.9995178625943716,-0.2100834632714734
0.441,0.9995178048421826,-0.21008336043653106
0.442,0.9995177470899935,-0.21008325760158872
0.443,0.9995176893378045,-0.21008315476664638
0.444,0.9995176315856155,-0.210083051931704
0.445,0.9995175738334264,-0.21008294909676167
0.446,0.9995175160812374,-0.21008284626181933
0.447,0.9995174583290484,-0.210082743426877
0.448,0.9995174005768593,-0.21008264059193463
0.449,0.9995173428246703,-0.2100825377569923
0.45,0.9995172850724813,-0.21008243492204995
0.451,0.9995172273202922,-0.2100823320871076
0.452,0.9995171695681033,-0.21008222925216527
0.453,0.9995171118159143,-0.2100821264172229
0.454,0.9995170540637253,-0.21008202358228056
0.455,0.9995169963115362,-0.21008192074733822
0.456,0.9995169455007679,-0.21008181865165368
0.457,0.9995169093025751,-0.21008171811220105
0.458,0.9995168731043824,-0.21008161757274843
0.459,0.9995168369061896,-0.2100815170332958
0.46,0.999516800707997,-0.21008141649384318
0.461,0.9995167645098042,-0.21008131595439056
0.462,0.9995167283116114,-0.21008121541493793
0.463,0.9995166921134188,-0.2100811148754853
0.464,0.999516655915226,-0.21008101433603268
0.465,0.9995166197170333,-0.21008091379658006
0.466,0.9995165835188405,-0.21008081325712744
0.467,0.9995165473206478,-0.2100807127176748
0.468,0.9995165111224551,-0.2100806121782222
0.469,0.9995164749242623,-0.21008051163876956
0.47,0.9995164387260697,-0.21008041109931694
0.471,0.9995164025278769,-0.21008031055986431
0.472,0.9995163663296841,-0.2100802100204117
0.473,0.9995163301314914,-0.21008010948095907
0.474,0.9995162939332987,-0.21008000894150644
0.475,0.999516257735106,-0.21007990840205382
0.476,0.9995162215369132,-0.2100798078626012
0.477,0.9995161853387204,-0.21007970732314857
0.478,0.9995161491405278,-0.21007960678369594
0.479,0.999516112942335,-0.21007950624424332
0.48,0.9995160767441423,-0.2100794057047907
0.481,0.9995160405459496,-0.21007930516533807
0.482,0.9995160043477569,-0.21007920462588545
0.483,0.9995159681495641,-0.21007910408643282
0.484,0.9995159319513713,-0.2100790035469802
0.485,0.9995158957531787,-0.21007890300752757
0.486,0.9995158595549859,-0.21007880246807498
0.487,0.9995158233567932,-0.21007870192862235
0.488,0.9995157871586005,-0.21007860138916973
0.489,0.9995157509604077,-0.2100785008497171
0.49,0.999515714762215,-0.21007840031026448
0.491,0.9995156785640222,-0.21007829977081185
0.492,0.9995156423658296,-0.21007819923135923
0.493,0.9995156061676368,-0.2100780986919066
0.494,0.999515569969444,-0.21007799815245398
0.495,0.9995155337712514,-0.21007789761300136
0.496,0.9995154975730586,-0.21007779707354873
0.497,0.9995154613748659,-0.2100776965340961
0.498,0.9995154251766731,-0.21007759599464348
0.499,0.9995153889784804,-0.21007749545519086
0.5,0.9995153527802877,-0.21007739491573824
0.501,0.9995153165820949,-0.2100772943762856
0.502,0.9995152803839022,-0.210077193836833
0.503,0.9995152441857095,-0.21007709329738036
0.504,0.9995152079875167,-0.21007699275792774
0.505,0.999515171789324,-0.21007689221847511
0.506,0.9995151355911313,-0.2100767916790225
0.507,0.9995150993929386,-0.21007669113956987
0.508,0.9995150631947458,-0.21007659060011724
0.509,0.999515026996553,-0.21007649006066462
0.51,0.9995149907983604,-0.210076389521212
0.511,0.9995149546001676,-0.21007628898175937
0.512,0.9995149184019749,-0.21007618844230674
0.513,0.9995148822037822,-0.21007608790285412
0.514,0.9995148460055895,-0.2100759873634015
0.515,0.9995148098073967,-0.21007588682394887
0.516,0.9995147736092039,-0.21007578628449625
0.517,0.9995147497903927,-0.2100756889410882
0.518,0.999514727014073,-0.21007559186682526
0.519,0.9995147042377533,-0.2100754947925623
0.52,0.9995146814614337,-0.21007539771829933
0.521,0.999514658685114,-0.21007530064403637
0.522,0.9995146359087944,-0.21007520356977344
0.523,0.9995146131324748,-0.21007510649551048
0.524,0.9995145903561551,-0.21007500942124752
0.525,0.9995145675798355,-0.21007491234698458
0.526,0.9995145448035159,-0.21007481527272162
0.527,0.9995145220271962,-0.21007471819845866
0.528,0.9995144992508765,-0.21007462112419573
0.529,0.9995144764745569,-0.21007452404993276
0.53,0.9995144536982372,-0.2100744269756698
0.531,0.9995144309219176,-0.21007432990140687
0.532,0.999514408145598,-0.2100742328271439
0.533,0.9995143853692783,-0.21007413575288095
0.534,0.9995143625929587,-0.21007403867861799
0.535,0.9995143398166391,-0.21007394160435505
0.536,0.9995143170403193,-0.2100738445300921
0.537,0.9995142942639997,-0.21007374745582913
0.538,0.9995142714876801,-0.2100736503815662
0.539,0.9995142487113604,-0.21007355330730323
0.54,0.9995142259350408,-0.21007345623304027
0.541,0.9995142031587211,-0.21007335915877734
0.542,0.9995141803824015,-0.21007326208451438
0.543,0.9995141576060819,-0.21007316501025142
0.544,0.9995141348297621,-0.21007306793598848
0.545,0.9995141120534425,-0.21007297086172552
0.546,0.9995140892771229,-0.21007287378746256
0.547,0.9995140665008032,-0.2100727767131996
0.548,0.9995140437244836,-0.21007267963893667
0.549,0.999514020948164,-0.2100725825646737
0.55,0.9995139981718443,-0.21007248549041074
0.551,0.9995139753955247,-0.2100723884161478
0.552,0.9995139526192051,-0.21007229134188485
0.553,0.9995139298428853,-0.2100721942676219
0.554,0.9995139070665657,-0.21007209719335895
0.555,0.9995138842902461,-0.210072000119096
0.556,0.9995138615139264,-0.21007190304483303
0.557,0.9995138387376068,-0.2100718059705701
0.558,0.9995138159612872,-0.21007170889630714
0.559,0.9995137931849675,-0.21007161182204417
0.56,0.9995137704086479,-0.2100715147477812
0.561,0.9995137476323283,-0.21007141767351828
0.562,0.9995137248560085,-0.21007132059925532
0.563,0.9995137020796889,-0.21007122352499236
0.564,0.9995136793033693,-0.21007112645072942
0.565,0.9995136565270496,-0.21007102937646646
0.566,0.99951363375073,-0.2100709323022035
0.567,0.9995136109744104,-0.21007083522794057
0.568,0.9995135881980907,-0.2100707381536776
0.569,0.999513565421771,-0.21007064107941464
0.57,0.9995135426454514,-0.2100705440051517
0.571,0.9995135198691317,-0.21007044693088875
0.572,0.9995134970928121,-0.2100703498566258
0.573,0.9995134743164925,-0.21007025278236283
0.574,0.9995134515401728,-0.2100701557080999
0.575,0.9995134287638532,-0.21007005863383693
0.576,0.9995134059875336,-0.21006996155957397
0.577,0.9995133875798158,-0.21006986671641661
0.578,0.9995133731626997,-0.21006977391131487
0.579,0.9995133587455836,-0.21006968110621313
0.58,0.9995133443284675,-0.21006958830111136
0.581,0.9995133299113513,-0.21006949549600962
0.582,0.9995133154942352,-0.21006940269090787
0.583,0.9995133010771191,-0.21006930988580613
0.584,0.9995132866600029,-0.2100692170807044
0.585,0.9995132722428869,-0.21006912427560265
0.586,0.9995132578257707,-0.21006903147050088
0.587,0.9995132434086547,-0.21006893866539914
0.588,0.9995132289915385,-0.2100688458602974
0.589,0.9995132145744224,-0.21006875305519565
0.59,0.9995132001573063,-0.2100686602500939
0.591,0.9995131857401902,-0.21006856744499217
0.592,0.999513171323074,-0.2100684746398904
0.593,0.999513156905958,-0.21006838183478865
0.594,0.9995131424888418,-0.2100682890296869
0.595,0.9995131280717258,-0.21006819622458517
0.596,0.9995131136546096,-0.21006810341948343
0.597,0.9995130992374934,-0.21006801061438168
0.598,0.9995130848203774,-0.2100679178092799
0.599,0.9995130704032612,-0.21006782500417817
0.6,0.9995130559861451,-0.21006773219907643
0.601,0.999513041569029,-0.2100676393939747
0.602,0.9995130271519129,-0.21006754658887294
0.603,0.9995130127347968,-0.21006745378377117
0.604,0.9995129983176807,-0.21006736097866943
0.605,0.9995129839005645,-0.2100672681735677
0.606,0.9995129694834485,-0.21006717536846595
0.607,0.9995129550663323,-0.2100670825633642
0.608,0.9995129406492163,-0.21006698975826246
0.609,0.9995129262321001,-0.2100668969531607
0.61,0.9995129118149839,-0.21006680414805895
0.611,0.9995128973978679,-0.2100667113429572
0.612,0.9995128829807517,-0.21006661853785547
0.613,0.9995128685636356,-0.21006652573275372
0.614,0.9995128541465195,-0.21006643292765198
0.615,0.9995128397294034,-0.2100663401225502
0.616,0.9995128253122872,-0.21006624731744847
0.617,0.9995128108951712,-0.21006615451234673
0.618,0.999512796478055,-0.21006606170724498
0.619,0.999512782060939,-0.21006596890214324
0.62,0.9995127676438228,-0.2100658760970415
0.621,0.9995127532267067,-0.21006578329193973
0.622,0.9995127388095906,-0.21006569048683799
0.623,0.9995127243924745,-0.21006559768173624
0.624,0.9995127099753583,-0.2100655048766345
0.625,0.9995126955582422,-0.21006541207153276
0.626,0.9995126811411261,-0.21006531926643102
0.627,0.99951266672401,-0.21006522646132925
0.628,0.9995126523068939,-0.2100651336562275
0.629,0.9995126378897777,-0.21006504085112576
0.63,0.9995126234726617,-0.21006494804602402
0.631,0.9995126090555455,-0.21006485524092228
0.632,0.9995125946384295,-0.2100647624358205
0.633,0.9995125802213133,-0.21006466963071876
0.634,0.9995125658041972,-0.21006457682561702
0.635,0.9995125513870811,-0.21006448402051528
0.636,0.999512536969965,-0.21006439121541354
0.637,0.9995125227748524,-0.21006429864562096
0.638,0.9995125101977645,-0.21006420779082807
0.639,0.9995124976803736,-0.21006411699931016
0.64,0.9995124852226799,-0.21006402627106724
0.641,0.9995124728246831,-0.2100639356060993
0.642,0.9995124604863836,-0.21006384500440634
0.643,0.9995124482077811,-0.21006375446598835
0.644,0.9995124359888755,-0.2100636639908453
0.645,0.9995124238296671,-0.21006357357897731
0.646,0.9995124117301559,-0.21006348323038423
0.647,0.9995123996903417,-0.21006339294506615
0.648,0.9995123877102245,-0.21006330272302307
0.649,0.9995123757898045,-0.21006321256425495
0.65,0.9995123639290815,-0.21006312246876183
0.651,0.9995123521280556,-0.21006303243654365
0.652,0.9995123403867268,-0.21006294246760046
0.653,0.999512328705095,-0.21006285256193227
0.654,0.9995123170831605,-0.21006276271953903
0.655,0.9995123055209229,-0.21006267294042077
0.656,0.9995122940183823,-0.21006258322457752
0.657,0.9995122825755388,-0.21006249357200923
0.658,0.9995122711923925,-0.21006240398271592
0.659,0.9995122598689433,-0.2100623144566976
0.66,0.9995122486051911,-0.21006222499395422
0.661,0.9995122374011359,-0.21006213559448586
0.662,0.9995122262567779,-0.21006204625829247
0.663,0.9995122151721171,-0.21006195698537403
0.664,0.9995122041471531,-0.2100618677757306
0.665,0.9995121931818863,-0.21006177862936215
0.666,0.9995121822763167,-0.21006168954626864
0.667,0.9995121714304441,-0.21006160052645015
0.668,0.9995121606442685,-0.21006151156990663
0.669,0.99951214991779,-0.21006142267663808
0.67,0.9995121392510086,-0.21006133384664452
0.671,0.9995121286439244,-0.2100612450799259
0.672,0.9995121180965372,-0.21006115637648232
0.673,0.999512107608847,-0.2100610677363137
0.674,0.9995120971808539,-0.21006097915942
0.675,0.999512086812558,-0.21006089064580136
0.676,0.999512076503959,-0.21006080219545764
0.677,0.9995120662550572,-0.21006071380838892
0.678,0.9995120560658524,-0.2100606254845952
0.679,0.9995120459363447,-0.21006053722407644
0.68,0.9995120358665343,-0.21006044902683266
0.681,0.9995120258564206,-0.21006036089286384
0.682,0.9995120159060042,-0.21006027282217002
0.683,0.9995120060152849,-0.2100601848147512
0.684,0.9995119961842627,-0.2100600968706073
0.685,0.9995119864129375,-0.21006000898973842
0.686,0.9995119767013093,-0.21005992117214453
0.687,0.9995119670493783,-0.21005983341782558
0.688,0.9995119574571444,-0.2100597457267816
0.689,0.9995119479246075,-0.21005965809901264
0.69,0.9995119384517677,-0.21005957053451865
0.691,0.999511929038625,-0.21005948303329966
0.692,0.9995119196851794,-0.2100593955953556
0.693,0.9995119103914308,-0.21005930822068652
0.694,0.9995119011573793,-0.21005922090929247
0.695,0.9995118919830249,-0.21005913366117335
0.696,0.9995118828683677,-0.21005904647632923
0.697,0.9995118738134074,-0.21005895935476007
0.698,0.9995118648181442,-0.21005887229646591
0.699,0.9995118558825781,-0.21005878530144673
0.7,0.9995118470067091,-0.2100586983697025
0.701,0.9995118381905372,-0.21005861150123328
0.702,0.9995118294340624,-0.21005852469603903
0.703,0.9995118207372846,-0.21005843795411974
0.704,0.9995118121002039,-0.21005835127547545
0.705,0.9995118035228204,-0.21005826466010613
0.706,0.9995117950051339,-0.2100581781080118
0.707,0.9995117865471445,-0.21005809161919242
0.708,0.9995117781488521,-0.21005800519364806
0.709,0.9995117698102568,-0.21005791883137864
0.71,0.9995117615313586,-0.21005783253238425
0.711,0.9995117533121575,-0.2100577462966648
0.712,0.9995117451526534,-0.2100576601242203
0.713,0.9995117370528466,-0.21005757401505082
0.714,0.9995117290127367,-0.2100574879691563
0.715,0.9995117210323238,-0.21005740198653677
0.716,0.999511713111608,-0.21005731606719222
0.717,0.9995117052505895,-0.21005723021112266
0.718,0.9995116974492679,-0.21005714441832807
0.719,0.9995116897076434,-0.21005705868880845
0.72,0.9995116820257159,-0.2100569730225638
0.721,0.9995116744034858,-0.21005688741959413
0.722,0.9995116668409525,-0.21005680187989945
0.723,0.9995116593381163,-0.21005671640347975
0.724,0.9995116518949771,-0.21005663099033503
0.725,0.9995116445115352,-0.21005654564046528
0.726,0.9995116371877903,-0.2100564603538705
0.727,0.9995116299237424,-0.21005637513055073
0.728,0.9995116227193916,-0.2100562899705059
0.729,0.999511615574738,-0.2100562048737361
0.73,0.9995116084897815,-0.21005611984024122
0.731,0.9995116014645219,-0.21005603487002134
0.732,0.9995115944989594,-0.21005594996307647
0.733,0.999511587593094,-0.21005586511940655
0.734,0.9995115807469258,-0.2100557803390116
0.735,0.9995115739604546,-0.21005569562189164
0.736,0.9995115672336804,-0.21005561096804665
0.737,0.9995115605666034,-0.21005552637747665
0.738,0.9995115539592235,-0.21005544185018163
0.739,0.9995115474115406,-0.21005535738616157
0.74,0.9995115409235548,-0.21005527298541654
0.741,0.999511534495266,-0.21005518864794642
0.742,0.9995115281266744,-0.2100551043737513
0.743,0.9995115218177798,-0.2100550201628312
0.744,0.9995115155685823,-0.21005493601518604
0.745,0.9995115093790818,-0.21005485193081586
0.746,0.9995115032492785,-0.21005476790972066
0.747,0.9995114971791724,-0.21005468395190044
0.748,0.9995114911687631,-0.2100546000573552
0.749,0.9995114852180511,-0.21005451622608495
0.75,0.999511479327036,-0.21005443245808966
0.751,0.9995114734957182,-0.21005434875336937
0.752,0.9995114677240973,-0.21005426511192404
0.753,0.9995114620121736,-0.2100541815337537
0.754,0.9995114563599468,-0.21005409801885833
0.755,0.9995114507674173,-0.21005401456723793
0.756,0.9995114452345847,-0.2100539311788925
0.757,0.9995114397614493,-0.2100538478538221
0.758,0.9995114340840389,-0.2100537648766898
0.759,0.9995114279052734,-0.21005368256786244
0.76,0.9995114217727293,-0.21005360033684206
0.761,0.9995114156864064,-0.21005351818362858
0.762,0.9995114096463051,-0.21005343610822205
0.763,0.9995114036524251,-0.2100533541106225
0.764,0.9995113977047666,-0.21005327219082987
0.765,0.9995113918033294,-0.21005319034884418
0.766,0.9995113859481136,-0.21005310858466547
0.767,0.9995113801391191,-0.21005302689829367
0.768,0.9995113743763462,-0.21005294528972882
0.769,0.9995113686597945,-0.21005286375897092
0.77,0.9995113629894643,-0.21005278230601998
0.771,0.9995113573653555,-0.21005270093087597
0.772,0.9995113517874681,-0.21005261963353888
0.773,0.9995113462558021,-0.21005253841400878
0.774,0.9995113407703573,-0.2100524572722856
0.775,0.9995113353311341,-0.2100523762083694
0.776,0.9995113299381322,-0.21005229522226013
0.777,0.9995113245913518,-0.2100522143139578
0.778,0.9995113192907926,-0.21005213348346238
0.779,0.999511314036455,-0.21005205273077396
0.78,0.9995113088283387,-0.21005197205589246
0.781,0.9995113036664438,-0.2100518914588179
0.782,0.9995112985507703,-0.21005181093955028
0.783,0.9995112934813182,-0.21005173049808964
0.784,0.9995112884580876,-0.21005165013443594
0.785,0.9995112834810782,-0.21005156984858916
0.786,0.9995112785502903,-0.21005148964054934
0.787,0.9995112736657237,-0.21005140951031648
0.788,0.9995112688273786,-0.21005132945789054
0.789,0.9995112640352548,-0.21005124948327156
0.79,0.9995112592893525,-0.21005116958645953
0.791,0.9995112545896715,-0.2100510897674544
0.792,0.999511249936212,-0.21005101002625626
0.793,0.9995112453289737,-0.21005093036286507
0.794,0.9995112407679569,-0.2100508507772808
0.795,0.9995112362531615,-0.2100507712695035
0.796,0.9995112317845876,-0.21005069183953315
0.797,0.9995112273622351,-0.21005061248736973
0.798,0.9995112229861037,-0.21005053321301323
0.799,0.999511218656194,-0.21005045401646374
0.8,0.9995112143725056,-0.21005037489772113
0.801,0.9995112101350385,-0.2100502958567855
0.802,0.9995112059437928,-0.2100502168936568
0.803,0.9995112017987686,-0.21005013800833508
0.804,0.9995111976999658,-0.21005005920082026
0.805,0.9995111936473844,-0.2100499804711124
0.806,0.9995111896410243,-0.21004990181921152
0.807,0.9995111856808856,-0.21004982324511756
0.808,0.9995111817669683,-0.21004974474883054
0.809,0.9995111778992725,-0.21004966633035047
0.81,0.999511174077798,-0.21004958798967735
0.811,0.9995111703025449,-0.21004950972681116
0.812,0.9995111665735132,-0.2100494315417519
0.813,0.9995111628907029,-0.21004935343449965
0.814,0.9995111592541139,-0.2100492754050543
0.815,0.9995111556637464,-0.21004919745341588
0.816,0.9995111521196003,-0.21004911957958447
0.817,0.9995111486216754,-0.21004904178355996
0.818,0.9995111451699722,-0.21004896406534238
0.819,0.9995111417644902,-0.2100488864249318
0.82,0.9995111384052296,-0.2100488088623281
0.821,0.9995111350921905,-0.21004873137753138
0.822,0.9995111318253728,-0.2100486539705416
0.823,0.9995111286047764,-0.2100485766413588
0.824,0.9995111254304014,-0.2100484993899829
0.825,0.9995111223022478,-0.21004842221641395
0.826,0.9995111192203155,-0.21004834512065199
0.827,0.9995111161846049,-0.21004826810269692
0.828,0.9995111131951154,-0.2100481911625488
0.829,0.9995111102518475,-0.21004811430020767
0.83,0.9995111073548008,-0.21004803751567344
0.831,0.9995111045039755,-0.2100479608089462
0.832,0.9995111016993716,-0.21004788418002587
0.833,0.9995110989409892,-0.2100478076289125
0.834,0.9995110962288282,-0.21004773115560607
0.835,0.9995110935628886,-0.2100476547601066
0.836,0.9995110909431704,-0.21004757844241406
0.837,0.9995110883696734,-0.21004750220252846
0.838,0.999511085842398,-0.21004742604044982
0.839,0.9995110833613439,-0.21004734995617813
0.84,0.9995110809265112,-0.21004727394971337
0.841,0.9995110785378999,-0.21004719802105556
0.842,0.99951107619551,-0.21004712217020471
0.843,0.9995110738993415,-0.2100470463971608
0.844,0.9995110716493943,-0.2100469707019238
0.845,0.9995110694456686,-0.21004689508449378
0.846,0.9995110672881643,-0.21004681954487073
0.847,0.9995110651768814,-0.21004674408305457
0.848,0.9995110631118198,-0.21004666869904537
0.849,0.9995110610929797,-0.21004659339284315
0.85,0.999511059120361,-0.21004651816444786
0.851,0.9995110571939636,-0.2100464430138595
0.852,0.9995110553137876,-0.21004636794107812
0.853,0.999511053479833,-0.21004629294610364
0.854,0.9995110516920999,-0.2100462180289361
0.855,0.999511049950588,-0.21004614318957554
0.856,0.9995110482552977,-0.21004606842802195
0.857,0.9995110466062287,-0.21004599374427527
0.858,0.9995110450033811,-0.2100459191383355
0.859,0.9995110434467549,-0.21004584461020276
0.86,0.99951104193635,-0.2100457701598769
0.861,0.9995110404721665,-0.21004569578735802
0.862,0.9995110390542046,-0.21004562149264608
0.863,0.999511037682464,-0.21004554727574107
0.864,0.9995110363569447,-0.210045473136643
0.865,0.9995110350776468,-0.21004539907535189
0.866,0.9995110338445704,-0.21004532509186774
0.867,0.9995110326577152,-0.21004525118619052
0.868,0.9995110315170816,-0.21004517735832023
0.869,0.9995110304226693,-0.21004510360825693
0.87,0.9995110293744784,-0.21004502993600055
0.871,0.9995110283725089,-0.2100449563415511
0.872,0.9995110274167609,-0.21004488282490863
0.873,0.9995110265072341,-0.21004480938607306
0.874,0.9995110256439288,-0.21004473602504445
0.875,0.999511024826845,-0.2100446627418228
0.876,0.9995110240559824,-0.21004458953640812
0.877,0.9995110233313413,-0.21004451640880034
0.878,0.9995110226529215,-0.21004444335899952
0.879,0.9995110209233616,-0.21004437058133543
0.88,0.9995110182169354,-0.21004429806265512
0.881,0.9995110155222089,-0.21004422562789513
0.882,0.9995110128391821,-0.21004415327705542
0.883,0.999511010167855,-0.21004408101013608
0.884,0.9995110075082277,-0.21004400882713706
0.885,0.9995110048603002,-0.21004393672805835
0.886,0.9995110022240723,-0.21004386471289996
0.887,0.9995109995995441,-0.21004379278166194
0.888,0.9995109969867157,-0.21004372093434417
0.889,0.9995109943855872,-0.21004364917094678
0.89,0.9995109917961583,-0.21004357749146974
0.891,0.9995109892184292,-0.21004350589591295
0.892,0.9995109866523997,-0.21004343438427653
0.893,0.9995109840980699,-0.21004336295656045
0.894,0.9995109815554399,-0.21004329161276464
0.895,0.9995109790245097,-0.21004322035288922
0.896,0.9995109765052792,-0.2100431491769341
0.897,0.9995109739977484,-0.21004307808489928
0.898,0.9995109715019173,-0.2100430070767848
0.899,0.999510969017786,-0.21004293615259068
0.9,0.9995109665453544,-0.21004286531231683
0.901,0.9995109640846225,-0.21004279455596334
0.902,0.9995109616355904,-0.21004272388353018
0.903,0.9995109591982579,-0.2100426532950173
0.904,0.9995109567726254,-0.2100425827904248
0.905,0.9995109543586925,-0.2100425123697526
0.906,0.9995109519564593,-0.2100424420330007
0.907,0.9995109495659258,-0.21004237178016918
0.908,0.9995109471870921,-0.21004230161125795
0.909,0.9995109448199581,-0.21004223152626705
0.91,0.9995109424645238,-0.21004216152519647
0.911,0.9995109401207892,-0.21004209160804624
0.912,0.9995109377887544,-0.21004202177481632
0.913,0.9995109354684194,-0.2100419520255067
0.914,0.999510933159784,-0.21004188236011745
0.915,0.9995109308628485,-0.2100418127786485
0.916,0.9995109285776126,-0.21004174328109987
0.917,0.9995109263040765,-0.2100416738674716
0.918,0.99951092404224,-0.21004160453776363
0.919,0.9995109217921033,-0.21004153529197597
0.92,0.9995109195536664,-0.21004146613010866
0.921,0.9995109173269293,-0.21004139705216168
0.922,0.9995109151118918,-0.210041328058135
0.923,0.9995109129085541,-0.21004125914802865
0.924,0.999510910716916,-0.21004119032184265
0.925,0.9995109085369778,-0.21004112157957694
0.926,0.9995109063687392,-0.21004105292123157
0.927,0.9995109042122003,-0.21004098434680654
0.928,0.9995109020673613,-0.2100409158563018
0.929,0.9995108999342219,-0.21004084744971743
0.93,0.9995108978127824,-0.21004077912705338
0.931,0.9995108957030424,-0.2100407108883096
0.932,0.9995108936050023,-0.2100406427334862
0.933,0.9995108915186619,-0.2100405746625831
0.934,0.9995108894440212,-0.21004050667560034
0.935,0.9995108873810802,-0.2100404387725379
0.936,0.9995108853298391,-0.21004037095339578
0.937,0.9995108832902976,-0.210040303218174
0.938,0.9995108812624559,-0.21004023556687254
0.939,0.9995108792463139,-0.2100401679994914
0.94,0.9995108772418716,-0.21004010051603056
0.941,0.999510875249129,-0.21004003311649008
0.942,0.9995108732680862,-0.21003996580086992
0.943,0.999510871298743,-0.21003989856917007
0.944,0.9995108693410997,-0.21003983142139057
0.945,0.999510867395156,-0.21003976435753138
0.946,0.9995108654609122,-0.2100396973775925
0.947,0.999510863538368,-0.21003963048157398
0.948,0.9995108616275236,-0.2100395636694758
0.949,0.9995108597283789,-0.21003949694129787
0.95,0.999510857840934,-0.21003943029704034
0.951,0.9995108559651887,-0.2100393637367031
0.952,0.9995108541011433,-0.21003929726028617
0.953,0.9995108522487975,-0.21003923086778958
0.954,0.9995108504081515,-0.21003916455921334
0.955,0.9995108485792052,-0.2100390983345574
0.956,0.9995108467619587,-0.21003903219382178
0.957,0.9995108449564117,-0.2100389661370065
0.958,0.9995108431625647,-0.21003890016411153
0.959,0.9995108413804173,-0.2100388342751369
0.96,0.9995108396099697,-0.2100387684700826
0.961,0.9995108378512217,-0.2100387027489486
0.962,0.9995108361041736,-0.21003863711173495
0.963,0.9995108343688252,-0.21003857155844163
0.964,0.9995108326451765,-0.2100385060890686
0.965,0.9995108309332275,-0.21003844070361594
0.966,0.9995108292329782,-0.2100383754020836
0.967,0.9995108275444288,-0.21003831018447155
0.968,0.999510825867579,-0.21003824505077984
0.969,0.999510824202429,-0.21003818000100846
0.97,0.9995108225489787,-0.2100381150351574
0.971,0.9995108209072281,-0.21003805015322666
0.972,0.9995108192771772,-0.21003798535521626
0.973,0.9995108176588261,-0.2100379206411262
0.974,0.9995108160521747,-0.21003785601095643
0.975,0.9995108144572231,-0.210037791464707
0.976,0.9995108128739711,-0.21003772700237788
0.977,0.999510811302419,-0.21003766262396908
0.978,0.9995108097425666,-0.21003759832948066
0.979,0.9995108081944138,-0.21003753411891252
0.98,0.9995108066579609,-0.21003746999226472
0.981,0.9995108051332076,-0.21003740594953724
0.982,0.9995108036201541,-0.2100373419907301
0.983,0.9995108021188004,-0.21003727811584325
0.984,0.9995108006291463,-0.21003721432487674
0.985,0.999510799151192,-0.21003715061783057
0.986,0.9995107976849374,-0.21003708699470472
0.987,0.9995107962303825,-0.21003702345549918
0.988,0.9995107947875275,-0.210036960000214
0.989,0.999510793356372,-0.2100368966288491
0.99,0.9995107919369164,-0.21003683334140455
0.991,0.9995107905291605,-0.21003677013788033
0.992,0.9995107891331042,-0.21003670701827643
0.993,0.9995107877487478,-0.21003664398259286
0.994,0.999510786376091,-0.21003658103082962
0.995,0.999510785015134,-0.21003651816298666
0.996,0.9995107836658768,-0.21003645537906407
0.997,0.9995107823283192,-0.21003639267906182
0.998,0.9995107810024616,-0.21003633006297984
0.999,0.9995107796883035,-0.21003626753081822
1,0.9995107783858452,-0.21003620508257695
1.0000000003000107,0.9995107783858448,-0.2100362050825582
1.0000000003000107,0.9995107783858448,-0.2100362050825582
1.001,0.9995107793793981,-0.21003614284384456
1.002,0.9995107803585062,-0.21003608072910748
1.003,0.9995107813088809,-0.21003601879006245
1.004,0.9995107822578253,-0.2100359568597657
1.005,0.9995107831548407,-0.21003589525888097
1.006,0.9995107840463414,-0.21003583369297765
1.007,0.9995107849378423,-0.21003577212707436
1.008,0.9995107858293432,-0.21003571056117104
1.009,0.9995107866350559,-0.2100356495811493
1.01,0.9995107874203835,-0.21003558874034495
1.011,0.9995107882057112,-0.21003552789954064
1.012,0.9995107889910388,-0.21003546705873632
1.013,0.9995107897763665,-0.210035406217932
1.014,0.9995107905616942,-0.21003534537712767
1.015,0.9995107913470219,-0.21003528453632336
1.016,0.9995107921323496,-0.21003522369551905
1.017,0.9995107928059608,-0.21003516373596912
1.018,0.9995107934099318,-0.21003510432576183
1.019,0.9995107940139027,-0.21003504491555453
1.02,0.9995107946178737,-0.21003498550534724
1.021,0.9995107952218447,-0.21003492609513996
1.022,0.9995107958258157,-0.21003486668493268
1.023,0.9995107964297867,-0.2100348072747254
1.024,0.9995107970337577,-0.2100347478645181
1.025,0.9995107976377287,-0.2100346884543108
1.026,0.9995107982416996,-0.21003462904410353
1.027,0.9995107988456707,-0.21003456963389625
1.028,0.9995107994496417,-0.21003451022368894
1.029,0.9995108000536127,-0.21003445081348165
1.03,0.9995108006575837,-0.21003439140327437
1.031,0.9995108012615547,-0.2100343319930671
1.032,0.9995108018655257,-0.21003427258285978
1.033,0.9995108024071605,-0.21003421381677442
1.034,0.9995108027424519,-0.2100341571828407
1.035,0.9995108030777432,-0.21003410054890692
1.036,0.9995108034130347,-0.21003404391497318
1.037,0.999510803748326,-0.21003398728103942
1.038,0.9995108040836175,-0.21003393064710568
1.039,0.9995108044189088,-0.21003387401317195
1.04,0.9995108047542003,-0.21003381737923818
1.041,0.9995108050894916,-0.21003376074530444
1.042,0.9995108054247831,-0.21003370411137068
1.043,0.9995108057600744,-0.21003364747743694
1.044,0.9995108060953659,-0.2100335908435032
1.045,0.9995108064306573,-0.21003353420956944
1.046,0.9995108067659487,-0.2100334775756357
1.047,0.9995108071012401,-0.21003342094170194
1.048,0.9995108074365315,-0.2100333643077682
1.049,0.9995108077718229,-0.21003330767383444
1.05,0.9995108081071143,-0.2100332510399007
1.051,0.9995108084424057,-0.21003319440596696
1.052,0.9995108087776972,-0.2100331377720332
1.053,0.9995108091129885,-0.21003308113809946
1.054,0.99951080944828,-0.2100330245041657
1.055,0.9995108097835713,-0.21003296787023196
1.056,0.9995108101188628,-0.2100329112362982
1.057,0.9995108104541541,-0.21003285460236445
1.058,0.9995108107894456,-0.21003279796843072
1.059,0.9995108111247369,-0.21003274133449695
1.06,0.9995108114600284,-0.21003268470056322
1.061,0.9995108117953198,-0.21003262806662945
1.062,0.9995108121306111,-0.2100325714326957
1.063,0.9995108124659026,-0.21003251479876195
1.064,0.9995108128011939,-0.2100324581648282
1.065,0.9995108131364854,-0.21003240153089447
1.066,0.999510813327867,-0.21003234730776768
1.067,0.9995108133530207,-0.21003229586932184
1.068,0.9995108133781744,-0.210032244430876
1.069,0.9995108134033281,-0.21003219299243017
1.07,0.9995108134284818,-0.2100321415539843
1.071,0.9995108134536356,-0.21003209011553847
1.072,0.9995108134787893,-0.21003203867709264
1.073,0.999510813503943,-0.2100319872386468
1.074,0.9995108135290968,-0.21003193580020094
1.075,0.9995108135542505,-0.2100318843617551
1.076,0.9995108135794042,-0.21003183292330926
1.077,0.999510813604558,-0.21003178148486343
1.078,0.9995108136297117,-0.2100317300464176
1.079,0.9995108136548654,-0.21003167860797173
1.08,0.9995108136800192,-0.2100316271695259
1.081,0.9995108137051729,-0.21003157573108006
1.082,0.9995108137303266,-0.21003152429263422
1.083,0.9995108137554803,-0.21003147285418836
1.084,0.9995108137806341,-0.21003142141574252
1.085,0.9995108138057878,-0.21003136997729668
1.086,0.9995108138309415,-0.21003131853885085
1.087,0.9995108138560953,-0.21003126710040498
1.088,0.999510813881249,-0.21003121566195915
1.089,0.9995108139064027,-0.2100311642235133
1.09,0.9995108139315564,-0.21003111278506748
1.091,0.9995108139567102,-0.21003106134662164
1.092,0.9995108139818639,-0.21003100990817578
1.093,0.9995108140070176,-0.21003095846972994
1.094,0.9995108140321713,-0.2100309070312841
1.095,0.9995108140573251,-0.21003085559283827
1.096,0.9995108140824788,-0.2100308041543924
1.097,0.9995108141076325,-0.21003075271594657
1.098,0.9995108141327863,-0.21003070127750073
1.099,0.99951081415794,-0.2100306498390549
1.1,0.9995108141830937,-0.21003059840060903
1.101,0.9995108142082475,-0.2100305469621632
1.102,0.9995108142334012,-0.21003049552371736
1.103,0.9995108142585549,-0.21003044408527152
1.104,0.9995108142837087,-0.2100303926468257
1.105,0.9995108143088623,-0.21003034120837982
1.106,0.9995108143340161,-0.210030289769934
1.107,0.9995108143591699,-0.21003023833148815
1.108,0.9995108143843235,-0.21003018689304231
1.109,0.9995108144094773,-0.21003013545459645
1.11,0.9995108144346311,-0.21003008401615061
1.111,0.9995108144597847,-0.21003003257770478
1.112,0.9995108144849385,-0.21002998113925894
1.113,0.9995108145100922,-0.2100299297008131
1.114,0.9995108145352459,-0.21002987826236724
1.115,0.9995108145603997,-0.2100298268239214
1.116,0.9995108145855534,-0.21002977538547557
1.117,0.9995108146107071,-0.21002972394702973
1.118,0.9995108146358609,-0.21002967250858387
1.119,0.9995108146610145,-0.21002962107013803
1.12,0.9995108146861683,-0.2100295696316922
1.121,0.9995108147113221,-0.21002951819324636
1.122,0.9995108147364757,-0.2100294667548005
1.123,0.9995108147616295,-0.21002941531635466
1.124,0.9995108147867833,-0.21002936387790883
1.125,0.9995108148119369,-0.210029312439463
1.126,0.9995108148370907,-0.21002926100101715
1.127,0.9995108148622445,-0.2100292095625713
1.128,0.9995108148873981,-0.21002915812412545
1.129,0.9995108149125519,-0.21002910668567962
1.13,0.9995108149377057,-0.21002905524723378
1.131,0.9995108149628593,-0.21002900380878792
1.132,0.9995108147746806,-0.21002896069371796
1.133,0.9995108145699598,-0.21002891822405
1.134,0.999510814365239,-0.21002887575438203
1.135,0.9995108141605182,-0.21002883328471408
1.136,0.9995108139557974,-0.2100287908150461
1.137,0.9995108137510766,-0.21002874834537816
1.138,0.9995108135463558,-0.2100287058757102
1.139,0.9995108133416352,-0.21002866340604223
1.14,0.9995108131369144,-0.21002862093637428
1.141,0.9995108129321936,-0.21002857846670633
1.142,0.9995108127274728,-0.21002853599703836
1.143,0.999510812522752,-0.2100284935273704
1.144,0.9995108123180312,-0.21002845105770246
1.145,0.9995108121133104,-0.21002840858803448
1.146,0.9995108119085897,-0.21002836611836653
1.147,0.9995108117038689,-0.21002832364869856
1.148,0.9995108114991481,-0.2100282811790306
1.149,0.9995108112944273,-0.21002823870936266
1.15,0.9995108110897065,-0.21002819623969468
1.151,0.9995108108849857,-0.21002815377002673
1.152,0.9995108106802649,-0.21002811130035878
1.153,0.9995108104755441,-0.2100280688306908
1.154,0.9995108102708234,-0.21002802636102286
1.155,0.9995108100661027,-0.2100279838913549
1.156,0.9995108098613819,-0.21002794142168693
1.157,0.9995108096566611,-0.21002789895201898
1.158,0.9995108094519403,-0.21002785648235103
1.159,0.9995108092472195,-0.21002781401268306
1.16,0.9995108090424987,-0.2100277715430151
1.161,0.9995108088377779,-0.21002772907334713
1.162,0.9995108086330572,-0.21002768660367918
1.163,0.9995108084283364,-0.21002764413401123
1.164,0.9995108082236156,-0.21002760166434326
1.165,0.9995108080188948,-0.2100275591946753
1.166,0.999510807814174,-0.21002751672500736
1.167,0.9995108076094532,-0.21002747425533938
1.168,0.9995108074047324,-0.21002743178567143
1.169,0.9995108072000117,-0.21002738931600348
1.17,0.9995108069952909,-0.2100273468463355
1.171,0.9995108067905701,-0.21002730437666756
1.172,0.9995108065858493,-0.21002726190699958
1.173,0.9995108063811285,-0.21002721943733163
1.174,0.9995108061764078,-0.21002717696766368
1.175,0.999510805971687,-0.2100271344979957
1.176,0.9995108057669662,-0.21002709202832776
1.177,0.9995108055622455,-0.2100270495586598
1.178,0.9995108053575247,-0.21002700708899183
1.179,0.9995108051528039,-0.21002696461932388
1.18,0.9995108049480831,-0.21002692214965593
1.181,0.9995108047433623,-0.21002687967998795
1.182,0.9995108045386415,-0.21002683721032
1.183,0.9995108043339207,-0.21002679474065206
1.184,0.9995108041292,-0.21002675227098408
1.185,0.9995108039244792,-0.21002670980131613
1.186,0.9995108037197584,-0.21002666733164815
1.187,0.9995108035150376,-0.2100266248619802
1.188,0.9995108033103168,-0.21002658239231226
1.189,0.999510803105596,-0.21002653992264428
1.19,0.9995108029008752,-0.21002649745297633
1.191,0.9995108026961544,-0.21002645498330838
1.192,0.9995108024914338,-0.2100264125136404
1.193,0.999510802286713,-0.21002637004397245
1.194,0.9995108020819922,-0.2100263275743045
1.195,0.9995108018772714,-0.21002628510463653
1.196,0.9995108016725506,-0.21002624263496858
1.197,0.9995108014678298,-0.2100262001653006
1.198,0.999510801263109,-0.21002615769563265
1.199,0.9995108010583883,-0.2100261152259647
1.2,0.9995108008536675,-0.21002607275629673
1.201,0.9995108006489467,-0.21002603028662878
1.202,0.9995108004442259,-0.21002598781696083
1.203,0.9995108002395051,-0.21002594534729285
1.204,0.9995108000347843,-0.2100259028776249
1.205,0.9995107998300635,-0.21002586040795695
1.206,0.9995107996253427,-0.21002581793828898
1.207,0.999510799420622,-0.21002577546862103
1.208,0.9995107992159012,-0.21002573299895305
1.209,0.9995107990111805,-0.2100256905292851
1.21,0.9995107988064597,-0.21002564805961715
1.211,0.9995107986017389,-0.21002560558994918
1.212,0.9995107983970181,-0.21002556312028123
1.213,0.9995107981922973,-0.21002552065061328
1.214,0.9995107979875766,-0.2100254781809453
1.215,0.9995107977828558,-0.21002543571127735
1.216,0.999510797578135,-0.2100253932416094
1.217,0.9995107973734142,-0.21002535077194143
1.218,0.9995107971686934,-0.21002530830227348
1.219,0.9995107969639726,-0.21002526583260553
1.22,0.9995107967592518,-0.21002522336293755
1.221,0.999510796554531,-0.2100251808932696
1.222,0.9995107963498103,-0.21002513842360163
1.223,0.9995107961450895,-0.21002509595393368
1.224,0.9995107959403687,-0.21002505348426573
1.225,0.9995107957356479,-0.21002501101459775
1.226,0.9995107955309271,-0.2100249685449298
1.227,0.9995107953262063,-0.21002492607526185
1.228,0.9995107951214856,-0.21002488360559388
1.229,0.9995107949167649,-0.21002484113592593
1.23,0.9995107947120441,-0.21002479866625798
1.231,0.9995107945073233,-0.21002475619659
1.232,0.9995107943026025,-0.21002471372692205
1.233,0.9995107940978817,-0.21002467125725408
1.234,0.9995107938931609,-0.21002462878758613
1.235,0.9995107936884401,-0.21002458631791818
1.236,0.9995107934837193,-0.2100245438482502
1.237,0.9995107932789986,-0.21002450137858225
1.238,0.9995107930742778,-0.2100244589089143
1.239,0.999510792869557,-0.21002441643924633
1.24,0.9995107926648362,-0.21002437396957838
1.241,0.9995107924601154,-0.21002433149991043
1.242,0.9995107922553946,-0.21002428903024245
1.243,0.9995107920506738,-0.2100242465605745
1.244,0.9995107918459532,-0.21002420409090652
1.245,0.9995107916412324,-0.21002416162123858
1.246,0.9995107914365116,-0.21002411915157063
1.247,0.9995107912317908,-0.21002407668190265
1.248,0.99951079102707,-0.2100240342122347
1.249,0.9995107908223492,-0.21002399174256675
1.25,0.9995107906176284,-0.21002394927289877
1.251,0.9995107904129076,-0.21002390680323083
1.252,0.9995107902081869,-0.21002386433356288
1.253,0.9995107900034661,-0.2100238218638949
1.254,0.9995107897987453,-0.21002377939422695
1.255,0.9995107895940245,-0.210023736924559
1.256,0.9995107893893037,-0.21002369445489102
1.257,0.9995107891845829,-0.21002365198522308
1.258,0.9995107889798621,-0.2100236095155551
1.259,0.9995107887751413,-0.21002356704588715
1.26,0.9995107885704206,-0.2100235245762192
1.261,0.9995107883656998,-0.21002348210655122
1.262,0.999510788160979,-0.21002343963688327
1.263,0.9995107879008109,-0.21002340369955153
1.264,0.9995107876313211,-0.21002336886041906
1.265,0.9995107873618313,-0.2100233340212866
1.266,0.9995107870923415,-0.21002329918215412
1.267,0.9995107868228517,-0.21002326434302163
1.268,0.9995107865533619,-0.21002322950388916
1.269,0.999510786283872,-0.2100231946647567
1.27,0.9995107860143823,-0.21002315982562422
1.271,0.9995107857448925,-0.21002312498649175
1.272,0.9995107854754026,-0.2100230901473593
1.273,0.9995107852059129,-0.21002305530822682
1.274,0.9995107849364231,-0.21002302046909435
1.275,0.9995107846669332,-0.21002298562996188
1.276,0.9995107843974435,-0.21002295079082942
1.277,0.9995107841279536,-0.21002291595169695
1.278,0.9995107838584638,-0.21002288111256445
1.279,0.999510783588974,-0.21002284627343198
1.28,0.9995107833194842,-0.21002281143429952
1.281,0.9995107830499944,-0.21002277659516705
1.282,0.9995107827805046,-0.21002274175603458
1.283,0.9995107825110148,-0.2100227069169021
1.284,0.999510782241525,-0.21002267207776965
1.285,0.9995107819720351,-0.21002263723863718
1.286,0.9995107817025454,-0.2100226023995047
1.287,0.9995107814330556,-0.21002256756037224
1.288,0.9995107811635657,-0.21002253272123975
1.289,0.999510780894076,-0.21002249788210728
1.29,0.9995107806245862,-0.2100224630429748
1.291,0.9995107803550963,-0.21002242820384234
1.292,0.9995107800856066,-0.21002239336470988
1.293,0.9995107798161168,-0.2100223585255774
1.294,0.9995107795466269,-0.21002232368644494
1.295,0.9995107792771372,-0.21002228884731247
1.296,0.9995107790076473,-0.21002225400818
1.297,0.9995107787381575,-0.21002221916904754
1.298,0.9995107784686678,-0.21002218432991504
1.299,0.9995107781991779,-0.21002214949078257
1.3,0.9995107779296881,-0.2100221146516501
1.301,0.9995107776601984,-0.21002207981251764
1.302,0.9995107773907085,-0.21002204497338517
1.303,0.9995107771212187,-0.2100220101342527
1.304,0.9995107768517288,-0.21002197529512023
1.305,0.9995107765822391,-0.21002194045598777
1.306,0.9995107763127493,-0.2100219056168553
1.307,0.9995107760432594,-0.21002187077772283
1.308,0.9995107757737697,-0.21002183593859036
1.309,0.9995107755042799,-0.21002180109945787
1.31,0.99951077523479,-0.2100217662603254
1.311,0.9995107749653003,-0.21002173142119293
1.312,0.9995107746958105,-0.21002169658206046
1.313,0.9995107744263206,-0.210021661742928
1.314,0.9995107741568309,-0.21002162690379553
1.315,0.999510773887341,-0.21002159206466306
1.316,0.9995107736178512,-0.2100215572255306
1.317,0.9995107733483615,-0.21002152238639812
1.318,0.9995107730788716,-0.21002148754726566
1.319,0.9995107728093818,-0.21002145270813316
1.32,0.9995107725398921,-0.2100214178690007
1.321,0.9995107722704022,-0.21002138302986822
1.322,0.9995107720009124,-0.21002134819073576
1.323,0.9995107717314226,-0.2100213133516033
1.324,0.9995107714619328,-0.21002127851247082
1.325,0.999510771192443,-0.21002124367333835
1.326,0.9995107709229532,-0.21002120883420589
1.327,0.9995107706534634,-0.21002117399507342
1.328,0.9995107703839736,-0.21002113915594095
1.329,0.9995107701144837,-0.21002110431680848
1.33,0.999510769844994,-0.210021069477676
1.331,0.9995107695755042,-0.21002103463854352
1.332,0.9995107693060143,-0.21002099979941105
1.333,0.9995107690365246,-0.21002096496027858
1.334,0.9995107687670347,-0.21002093012114612
1.335,0.9995107684975449,-0.21002089528201365
1.336,0.9995107682280552,-0.21002086044288118
1.337,0.9995107679585653,-0.2100208256037487
1.338,0.9995107676890755,-0.21002079076461624
1.339,0.9995107674195858,-0.21002075592548378
1.34,0.9995107671500959,-0.21002072108635128
1.341,0.9995107668806061,-0.2100206862472188
1.342,0.9995107666111163,-0.21002065140808635
1.343,0.9995107663416265,-0.21002061656895388
1.344,0.9995107660721367,-0.2100205817298214
1.345,0.9995107658026469,-0.21002054689068894
1.346,0.9995107655331571,-0.21002051205155647
1.347,0.9995107652636673,-0.210020477212424
1.348,0.9995107649941775,-0.21002044237329154
1.349,0.9995107647246877,-0.21002040753415907
1.35,0.9995107644551978,-0.21002037269502657
1.351,0.9995107641857081,-0.2100203378558941
1.352,0.9995107639162183,-0.21002030301676164
1.353,0.9995107636467284,-0.21002026817762917
1.354,0.9995107633772387,-0.2100202333384967
1.355,0.9995107631077489,-0.21002019849936424
1.356,0.999510762838259,-0.21002016366023177
1.357,0.9995107625687693,-0.2100201288210993
1.358,0.9995107622992795,-0.21002009398196683
1.359,0.9995107620297896,-0.21002005914283436
1.36,0.9995107617602998,-0.2100200243037019
1.361,0.99951076149081,-0.2100199894645694
1.362,0.9995107612213202,-0.21001995462543693
1.363,0.9995107609518304,-0.21001991978630447
1.364,0.9995107606823406,-0.210019884947172
1.365,0.9995107604128508,-0.21001985010803953
1.366,0.999510760143361,-0.21001981526890706
1.367,0.9995107598738712,-0.2100197804297746
1.368,0.9995107596043814,-0.21001974559064213
1.369,0.9995107593348915,-0.21001971075150966
1.37,0.9995107590654018,-0.2100196759123772
1.371,0.999510758795912,-0.2100196410732447
1.372,0.9995107585264221,-0.21001960623411223
1.373,0.9995107582569324,-0.21001957139497976
1.374,0.9995107579874426,-0.2100195365558473
1.375,0.9995107577179527,-0.21001950171671482
1.376,0.999510757448463,-0.21001946687758236
1.377,0.9995107571789732,-0.2100194320384499
1.378,0.9995107569094833,-0.21001939719931742
1.379,0.9995107566399936,-0.21001936236018495
1.38,0.9995107563705037,-0.21001932752105248
1.381,0.9995107561010139,-0.21001929268192002
1.382,0.9995107558315242,-0.21001925784278752
1.383,0.9995107555620343,-0.21001922300365505
1.384,0.9995107552925445,-0.21001918816452259
1.385,0.9995107550230548,-0.21001915332539012
1.386,0.9995107547535649,-0.21001911848625765
1.387,0.9995107544840751,-0.21001908364712518
1.388,0.9995107542145852,-0.21001904880799271
1.389,0.9995107539450955,-0.21001901396886025
1.39,0.9995107536756057,-0.21001897912972778
1.391,0.9995107534061158,-0.2100189442905953
1.392,0.9995107531366261,-0.21001890945146282
1.393,0.9995107528671363,-0.21001887461233035
1.394,0.9995107525996026,-0.21001884480475064
1.395,0.9995107523326074,-0.21001881638245193
1.396,0.9995107520656124,-0.21001878796015322
1.397,0.9995107517986171,-0.2100187595378545
1.398,0.999510751531622,-0.2100187311155558
1.399,0.999510751264627,-0.2100187026932571
1.4,0.9995107509976318,-0.21001867427095838
1.401,0.9995107507306367,-0.21001864584865967
1.402,0.9995107504636415,-0.21001861742636097
1.403,0.9995107501966464,-0.21001858900406226
1.404,0.9995107499296512,-0.21001856058176355
1.405,0.9995107496626561,-0.21001853215946484
1.406,0.999510749395661,-0.21001850373716613
1.407,0.9995107491286658,-0.21001847531486742
1.408,0.9995107488616707,-0.2100184468925687
1.409,0.9995107485946755,-0.21001841847027
1.41,0.9995107483276804,-0.2100183900479713
1.411,0.9995107480606853,-0.21001836162567258
1.412,0.9995107477936901,-0.21001833320337387
1.413,0.999510747526695,-0.21001830478107517
1.414,0.9995107472596998,-0.21001827635877646
1.415,0.9995107469927047,-0.21001824793647775
1.416,0.9995107467257095,-0.21001821951417904
1.417,0.9995107464587144,-0.21001819109188033
1.418,0.9995107461917193,-0.21001816266958165
1.419,0.9995107459247241,-0.21001813424728294
1.42,0.999510745657729,-0.21001810582498423
1.421,0.9995107453907338,-0.21001807740268552
1.422,0.9995107451237387,-0.2100180489803868
1.423,0.9995107448567435,-0.2100180205580881
1.424,0.9995107445897484,-0.2100179921357894
1.425,0.9995107443227533,-0.21001796371349069
1.426,0.9995107440557581,-0.21001793529119198
1.427,0.999510743788763,-0.21001790686889327
1.428,0.9995107435217678,-0.21001787844659456
1.429,0.9995107432547727,-0.21001785002429585
1.43,0.9995107429877775,-0.21001782160199714
1.431,0.9995107427207824,-0.21001779317969843
1.432,0.9995107424537873,-0.21001776475739972
1.433,0.9995107421867921,-0.210017736335101
1.434,0.999510741919797,-0.2100177079128023
1.435,0.9995107416528018,-0.2100176794905036
1.436,0.9995107413858068,-0.21001765106820489
1.437,0.9995107411188116,-0.21001762264590618
1.438,0.9995107408518165,-0.21001759422360747
1.439,0.9995107405848214,-0.21001756580130876
1.44,0.9995107403178262,-0.21001753737901005
1.441,0.9995107400508311,-0.21001750895671134
1.442,0.9995107397838359,-0.21001748053441263
1.443,0.9995107395168408,-0.21001745211211392
1.444,0.9995107392498456,-0.2100174236898152
1.445,0.9995107389828505,-0.2100173952675165
1.446,0.9995107387158554,-0.21001736684521782
1.447,0.9995107384488602,-0.21001733842291911
1.448,0.9995107381818651,-0.2100173100006204
1.449,0.9995107379148699,-0.2100172815783217
1.45,0.9995107376478748,-0.210017253156023
1.451,0.9995107373808796,-0.21001722473372428
1.452,0.9995107371138845,-0.21001719631142557
1.453,0.9995107368468894,-0.21001716788912686
1.454,0.9995107365798942,-0.21001713946682815
1.455,0.9995107363128991,-0.21001711104452944
1.456,0.9995107360459039,-0.21001708262223073
1.457,0.9995107357789088,-0.21001705419993202
1.458,0.9995107355119137,-0.21001702577763331
1.459,0.9995107352449185,-0.2100169973553346
1.46,0.9995107349779234,-0.2100169689330359
1.461,0.9995107347109282,-0.2100169405107372
1.462,0.9995107344439331,-0.21001691208843848
1.463,0.9995107341769379,-0.21001688366613977
1.464,0.9995107339099428,-0.21001685524384106
1.465,0.9995107336429477,-0.21001682682154235
1.466,0.9995107333759525,-0.21001679839924364
1.467,0.9995107331089574,-0.21001676997694493
1.468,0.9995107328419622,-0.21001674155464622
1.469,0.9995107325749671,-0.21001671313234752
1.47,0.9995107323079719,-0.2100166847100488
1.471,0.9995107320409768,-0.2100166562877501
1.472,0.9995107317739818,-0.2100166278654514
1.473,0.9995107315069865,-0.21001659944315268
1.474,0.9995107312399915,-0.210016571020854
1.475,0.9995107309729963,-0.2100165425985553
1.476,0.9995107307060012,-0.21001651417625658
1.477,0.999510730439006,-0.21001648575395787
1.478,0.9995107301720109,-0.21001645733165916
1.479,0.9995107299050158,-0.21001642890936045
1.48,0.9995107296380206,-0.21001640048706174
1.481,0.9995107293710255,-0.21001637206476303
1.482,0.9995107291040303,-0.21001634364246433
1.483,0.9995107288370352,-0.21001631522016562
1.484,0.99951072857004,-0.2100162867978669
1.485,0.9995107283030449,-0.2100162583755682
1.486,0.9995107280360498,-0.2100162299532695
1.487,0.9995107277690546,-0.21001620153097078
1.488,0.9995107275020595,-0.21001617310867207
1.489,0.9995107272350643,-0.21001614468637336
1.49,0.9995107269680692,-0.21001611626407465
1.491,0.999510726701074,-0.21001608784177594
1.492,0.9995107264340789,-0.21001605941947724
1.493,0.9995107261670838,-0.21001603099717853
1.494,0.9995107259000886,-0.21001600257487982
1.495,0.9995107256330935,-0.2100159741525811
1.496,0.9995107253660983,-0.2100159457302824
1.497,0.9995107250991032,-0.2100159173079837
1.498,0.9995107248321081,-0.21001588888568498
1.499,0.9995107245651129,-0.21001586046338627
1.5,0.9995107242981178,-0.21001583204108756
1.501,0.9995107240311226,-0.21001580361878885
1.502,0.9995107237641275,-0.21001577519649017
1.503,0.9995107234971323,-0.21001574677419146
1.504,0.9995107232301372,-0.21001571835189276
1.505,0.9995107229631421,-0.21001568992959405
1.506,0.9995107226961469,-0.21001566150729534
1.507,0.9995107224291518,-0.21001563308499663
1.508,0.9995107221621566,-0.21001560466269792
1.509,0.9995107218951615,-0.2100155762403992
1.51,0.9995107216281663,-0.2100155478181005
1.511,0.9995107213611713,-0.2100155193958018
1.512,0.9995107210941762,-0.21001549097350308
1.513,0.999510720827181,-0.21001546255120437
1.514,0.9995107205601859,-0.21001543412890566
1.515,0.9995107202931907,-0.21001540570660696
1.516,0.9995107200261956,-0.21001537728430825
1.517,0.9995107197592004,-0.21001534886200954
1.518,0.9995107194922053,-0.21001532043971083
1.519,0.9995107192252102,-0.21001529201741212
1.52,0.999510718958215,-0.2100152635951134
1.521,0.9995107186912199,-0.2100152351728147
1.522,0.9995107184242247,-0.210015206750516
1.523,0.9995107181572296,-0.21001517832821728
1.524,0.9995107178902344,-0.21001514990591857
1.525,0.9995107176313873,-0.21001512289838198
1.526,0.999510717375982,-0.2100150964884807
1.527,0.9995107171207505,-0.21001507010872855
1.528,0.9995107168656926,-0.21001504375912552
1.529,0.9995107166108083,-0.2100150174396716
1.53,0.9995107163560976,-0.21001499115036681
1.531,0.9995107161015605,-0.2100149648912111
1.532,0.9995107158471972,-0.21001493866220453
1.533,0.9995107155930074,-0.21001491246334708
1.534,0.9995107153389913,-0.21001488629463877
1.535,0.9995107150851488,-0.21001486015607954
1.536,0.99951071483148,-0.21001483404766946
1.537,0.9995107145779847,-0.21001480796940847
1.538,0.9995107143246632,-0.21001478192129658
1.539,0.9995107140715153,-0.21001475590333385
1.54,0.999510713818541,-0.21001472991552023
1.541,0.9995107135657403,-0.2100147039578557
1.542,0.9995107133131133,-0.21001467803034032
1.543,0.9995107130606599,-0.21001465213297404
1.544,0.9995107128083802,-0.2100146262657569
1.545,0.999510712556274,-0.21001460042868883
1.546,0.9995107123043415,-0.21001457462176992
1.547,0.9995107120525828,-0.21001454884500012
1.548,0.9995107118009975,-0.21001452309837942
1.549,0.9995107115495859,-0.21001449738190786
1.55,0.999510711298348,-0.2100144716955854
1.551,0.9995107110472837,-0.21001444603941208
1.552,0.9995107107963931,-0.21001442041338783
1.553,0.9995107105456761,-0.21001439481751275
1.554,0.9995107102951327,-0.21001436925178676
1.555,0.999510710044763,-0.2100143437162099
1.556,0.9995107097945668,-0.21001431821078215
1.557,0.9995107095445444,-0.21001429273550354
1.558,0.9995107092946954,-0.210014267290374
1.559,0.9995107090450204,-0.2100142418753936
1.56,0.9995107087955188,-0.21001421649056232
1.561,0.9995107085461908,-0.21001419113588016
1.562,0.9995107082970366,-0.21001416581134713
1.563,0.999510708048056,-0.2100141405169632
1.564,0.9995107077992489,-0.2100141152527284
1.565,0.9995107075506156,-0.2100140900186427
1.566,0.9995107073021559,-0.2100140648147061
1.567,0.9995107070538697,-0.21001403964091866
1.568,0.9995107068057573,-0.21001401449728033
1.569,0.9995107065578184,-0.21001398938379112
1.57,0.9995107063100532,-0.21001396430045102
1.571,0.9995107060624617,-0.21001393924726003
1.572,0.9995107058150436,-0.21001391422421817
1.573,0.9995107055677994,-0.21001388923132538
1.574,0.9995107053207288,-0.21001386426858176
1.575,0.9995107050738318,-0.21001383933598725
1.576,0.9995107048271085,-0.21001381443354186
1.577,0.9995107045805586,-0.21001378956124558
1.578,0.9995107043341825,-0.2100137647190984
1.579,0.9995107040879802,-0.21001373990710037
1.58,0.9995107038419513,-0.2100137151252514
1.581,0.9995107035960961,-0.2100136903735516
1.582,0.9995107033504146,-0.2100136656520009
1.583,0.9995107031049066,-0.21001364096059935
1.584,0.9995107028595723,-0.2100136162993469
1.585,0.9995107026144117,-0.21001359166824354
1.586,0.9995107023694247,-0.21001356706728933
1.587,0.9995107021246113,-0.2100135424964842
1.588,0.9995107018799716,-0.21001351795582823
1.589,0.9995107016355055,-0.21001349344532136
1.59,0.9995107013912131,-0.21001346896496362
1.591,0.9995107011470942,-0.21001344451475498
1.592,0.9995107009031491,-0.21001342009469545
1.593,0.9995107006593775,-0.21001339570478506
1.594,0.9995107004157796,-0.21001337134502376
1.595,0.9995107001723553,-0.21001334701541158
1.596,0.9995106999291047,-0.21001332271594855
1.597,0.9995106996860277,-0.2100132984466346
1.598,0.9995106994431243,-0.21001327420746982
1.599,0.9995106992003946,-0.2100132499984541
1.6,0.9995106989578385,-0.21001322581958753
1.601,0.9995106987154561,-0.21001320167087006
1.602,0.9995106984732472,-0.21001317755230173
1.603,0.9995106982312121,-0.2100131534638825
1.604,0.9995106979893504,-0.2100131294056124
1.605,0.9995106977476625,-0.2100131053774914
1.606,0.9995106975061484,-0.21001308137951952
1.607,0.9995106972648077,-0.21001305741169674
1.608,0.9995106970236407,-0.21001303347402311
1.609,0.9995106967826474,-0.2100130095664986
1.61,0.9995106965418276,-0.2100129856891232
1.611,0.9995106963011815,-0.2100129618418969
1.612,0.9995106960607092,-0.21001293802481974
1.613,0.9995106958204103,-0.2100129142378917
1.614,0.9995106955802852,-0.21001289048111274
1.615,0.9995106953403335,-0.21001286675448294
1.616,0.9995106951005557,-0.21001284305800225
1.617,0.9995106948609515,-0.21001281939167066
1.618,0.9995106946215208,-0.2100127957554882
1.619,0.9995106943822638,-0.21001277214945485
1.62,0.9995106941431805,-0.21001274857357063
1.621,0.9995106939042707,-0.2100127250278355
1.622,0.9995106936655347,-0.21001270151224952
1.623,0.9995106934269721,-0.21001267802681264
1.624,0.9995106931885833,-0.21001265457152488
1.625,0.9995106929503682,-0.21001263114638624
1.626,0.9995106927123266,-0.2100126077513967
1.627,0.9995106924744588,-0.21001258438655632
1.628,0.9995106922367646,-0.210012561051865
1.629,0.9995106919992438,-0.21001253774732284
1.63,0.9995106917618969,-0.2100125144729298
1.631,0.9995106915247235,-0.21001249122868584
1.632,0.9995106912877239,-0.21001246801459103
1.633,0.9995106910508977,-0.21001244483064535
1.634,0.9995106908142453,-0.21001242167684875
1.635,0.9995106905777665,-0.21001239855320128
1.636,0.9995106903414613,-0.21001237545970292
1.637,0.9995106901053298,-0.21001235239635369
1.638,0.999510689869372,-0.2100123293631536
1.639,0.9995106896335877,-0.2100123063601026
1.64,0.999510689397977,-0.2100122833872007
1.641,0.99951068916254,-0.21001226044444796
1.642,0.9995106889272767,-0.21001223753184428
1.643,0.999510688692187,-0.21001221464938977
1.644,0.999510688457271,-0.21001219179708436
1.645,0.9995106882225284,-0.21001216897492808
1.646,0.9995106879879597,-0.2100121461829209
1.647,0.9995106877535646,-0.21001212342106285
1.648,0.999510687519343,-0.21001210068935391
1.649,0.9995106872852951,-0.21001207798779406
1.65,0.9995106870514208,-0.21001205531638337
1.651,0.9995106868177203,-0.21001203267512178
1.652,0.9995106865841933,-0.21001201006400932
1.653,0.9995106863508398,-0.21001198748304598
1.654,0.9995106861176603,-0.21001196493223173
1.655,0.9995106858846542,-0.21001194241156662
1.656,0.9995106856518217,-0.21001191992105062
1.657,0.999510685419163,-0.21001189746068372
1.658,0.9995106851866777,-0.21001187503046598
1.659,0.9995106849543662,-0.21001185263039732
1.66,0.9995106847222284,-0.2100118302604778
1.661,0.999510684490264,-0.2100118079207074
1.662,0.9995106842584736,-0.2100117856110861
1.663,0.9995106840268566,-0.2100117633316139
1.664,0.9995106837954132,-0.21001174108229084
1.665,0.9995106835641435,-0.2100117188631169
1.666,0.9995106833330475,-0.21001169667409209
1.667,0.999510683102125,-0.21001167451521638
1.668,0.9995106828713762,-0.2100116523864898
1.669,0.999510682640801,-0.21001163028791234
1.67,0.9995106824103995,-0.21001160821948395
1.671,0.9995106821801717,-0.21001158618120472
1.672,0.9995106819501174,-0.2100115641730746
1.673,0.9995106817202368,-0.2100115421950936
1.674,0.9995106814905299,-0.21001152024726172
1.675,0.9995106812609965,-0.21001149832957897
1.676,0.9995106810316369,-0.21001147644204532
1.677,0.9995106808024506,-0.21001145458466075
1.678,0.9995106805734383,-0.21001143275742534
1.679,0.9995106803445996,-0.21001141096033904
1.68,0.9995106801159344,-0.21001138919340187
1.681,0.9995106798874429,-0.2100113674566138
1.682,0.999510679659125,-0.21001134574997488
1.683,0.9995106794309807,-0.21001132407348505
1.684,0.9995106792030102,-0.21001130242714433
1.685,0.9995106789752132,-0.21001128081095274
1.686,0.9995106787475898,-0.21001125922491026
1.687,0.9995106785201402,-0.21001123766901691
1.688,0.9995106782928641,-0.21001121614327267
1.689,0.9995106780657617,-0.21001119464767756
1.69,0.999510677838833,-0.21001117318223156
1.691,0.9995106776120778,-0.21001115174693463
1.692,0.9995106773854963,-0.21001113034178687
1.693,0.9995106771590885,-0.21001110896678823
1.694,0.9995106769328541,-0.2100110876219387
1.695,0.9995106767067936,-0.2100110663072383
1.696,0.9995106764809065,-0.210011045022687
1.697,0.9995106762551933,-0.21001102376828482
1.698,0.9995106760296536,-0.2100110025440317
1.699,0.9995106758042875,-0.21001098134992777
1.7,0.9995106755790951,-0.21001096018597296
1.701,0.9995106753540763,-0.21001093905216725
1.702,0.9995106751292312,-0.21001091794851065
1.703,0.9995106749045597,-0.21001089687500318
1.704,0.9995106746800617,-0.21001087583164482
1.705,0.9995106744557376,-0.21001085481843557
1.706,0.999510674231587,-0.21001083383537544
1.707,0.99951067400761,-0.21001081288246443
1.708,0.9995106737838068,-0.21001079195970254
1.709,0.9995106735601771,-0.21001077106708976
1.71,0.999510673336721,-0.21001075020462612
1.711,0.9995106731134386,-0.21001072937231155
1.712,0.9995106728903299,-0.21001070857014614
1.713,0.9995106726673947,-0.21001068779812984
1.714,0.9995106724446332,-0.21001066705626267
1.715,0.9995106722220453,-0.2100106463445446
1.716,0.9995106719996311,-0.21001062566297565
1.717,0.9995106717773905,-0.21001060501155583
1.718,0.9995106715553235,-0.21001058439028508
1.719,0.9995106713334302,-0.2100105637991635
1.72,0.9995106711117105,-0.21001054323819102
1.721,0.9995106708901644,-0.21001052270736767
1.722,0.9995106706687921,-0.21001050220669343
1.723,0.9995106704475932,-0.2100104817361683
1.724,0.9995106702265681,-0.2100104612957923
1.725,0.9995106700057167,-0.21001044088556536
1.726,0.9995106697850388,-0.2100104205054876
1.727,0.9995106695645346,-0.21001040015555894
1.728,0.9995106693442041,-0.21001037983577941
1.729,0.9995106691240471,-0.210010359546149
1.73,0.9995106689040638,-0.2100103392866677
1.731,0.9995106686842541,-0.2100103190573355
1.732,0.999510668464618,-0.21001029885815242
1.733,0.9995106682451557,-0.21001027868911848
1.734,0.9995106680258669,-0.21001025855023364
1.735,0.9995106678067518,-0.2100102384414979
1.736,0.9995106675878103,-0.21001021836291134
1.737,0.9995106673690424,-0.21001019831447384
1.738,0.9995106671504482,-0.21001017829618548
1.739,0.9995106669320277,-0.2100101583080462
1.74,0.9995106667137806,-0.21001013835005608
1.741,0.9995106664957074,-0.2100101184222151
1.742,0.9995106662778076,-0.21001009852452318
1.743,0.9995106660600817,-0.2100100786569804
1.744,0.9995106658425293,-0.21001005881958676
1.745,0.9995106656251505,-0.21001003901234222
1.746,0.9995106654079454,-0.21001001923524676
1.747,0.9995106651909139,-0.21000999948830046
1.748,0.999510664974056,-0.2100099797715033
1.749,0.9995106647573718,-0.2100099600848552
1.75,0.9995106645408612,-0.21000994042835627
1.751,0.9995106643245243,-0.21000992080200642
1.752,0.9995106641083611,-0.2100099012058057
1.753,0.9995106638923713,-0.2100098816397541
1.754,0.9995106636765553,-0.2100098621038516
1.755,0.999510663460913,-0.21000984259809824
1.756,0.9995106632454441,-0.210009823122494
1.757,0.999510663030149,-0.21000980367703886
1.758,0.9995106628150275,-0.21000978426173286
1.759,0.9995106626000797,-0.21000976487657597
1.76,0.9995106623853055,-0.21000974552156815
1.761,0.9995106621707049,-0.2100097261967095
1.762,0.999510661956278,-0.21000970690199997
1.763,0.9995106617420247,-0.21000968763743952
1.764,0.999510661527945,-0.21000966840302823
1.765,0.999510661314039,-0.21000964919876602
1.766,0.9995106611003067,-0.21000963002465295
1.767,0.9995106608867479,-0.21000961088068898
1.768,0.9995106606733628,-0.21000959176687414
1.769,0.9995106604601512,-0.2100095726832084
1.77,0.9995106602471134,-0.21000955362969181
1.771,0.9995106600342493,-0.21000953460632435
1.772,0.9995106598215586,-0.21000951561310596
1.773,0.9995106596090417,-0.21000949665003674
1.774,0.9995106593966985,-0.21000947771711656
1.775,0.9995106591845287,-0.21000945881434555
1.776,0.9995106589725328,-0.21000943994172366
1.777,0.9995106587607103,-0.2100094210992509
1.778,0.9995106585490616,-0.21000940228692722
1.779,0.9995106583375866,-0.21000938350475268
1.78,0.999510658126285,-0.21000936475272725
1.781,0.9995106579151573,-0.2100093460308509
1.782,0.999510657704203,-0.21000932733912372
1.783,0.9995106574934224,-0.21000930867754564
1.784,0.9995106572828155,-0.21000929004611668
1.785,0.9995106570723822,-0.21000927144483683
1.786,0.9995106568621226,-0.21000925287370611
1.787,0.9995106566564808,-0.210009234300175
1.788,0.9995106564544364,-0.2100092157317189
1.789,0.9995106562526249,-0.21000919719297584
1.79,0.9995106560510468,-0.2100091786839458
1.791,0.9995106558497018,-0.2100091602046288
1.792,0.99951065564859,-0.21000914175502483
1.793,0.9995106554477113,-0.2100091233351339
1.794,0.999510655247066,-0.21000910494495606
1.795,0.9995106550466536,-0.21000908658449122
1.796,0.9995106548464745,-0.2100090682537394
1.797,0.9995106546465286,-0.21000904995270064
1.798,0.9995106544468159,-0.21000903168137489
1.799,0.9995106542473362,-0.2100090134397622
1.8,0.9995106540480899,-0.21000899522786254
1.801,0.9995106538490767,-0.21000897704567595
1.802,0.9995106536502967,-0.21000895889320237
1.803,0.9995106534517497,-0.21000894077044183
1.804,0.999510653253436,-0.21000892267739432
1.805,0.9995106530553556,-0.21000890461405985
1.806,0.9995106528575082,-0.21000888658043843
1.807,0.9995106526598941,-0.21000886857653003
1.808,0.9995106524625131,-0.21000885060233468
1.809,0.9995106522653654,-0.2100088326578524
1.81,0.9995106520684507,-0.2100088147430831
1.811,0.9995106518717694,-0.2100087968580269
1.812,0.999510651675321,-0.21000877900268367
1.813,0.9995106514791061,-0.2100087611770535
1.814,0.9995106512831241,-0.2100087433811364
1.815,0.9995106510873755,-0.2100087256149323
1.816,0.9995106508918599,-0.21000870787844128
1.817,0.9995106506965776,-0.21000869017166326
1.818,0.9995106505015283,-0.21000867249459831
1.819,0.9995106503067124,-0.21000865484724635
1.82,0.9995106501121296,-0.21000863722960747
1.821,0.9995106499177799,-0.2100086196416816
1.822,0.9995106497236634,-0.2100086020834688
1.823,0.9995106495297801,-0.210008584554969
1.824,0.9995106493361301,-0.2100085670561823
1.825,0.999510649142713,-0.21000854958710857
1.826,0.9995106489495293,-0.2100085321477479
1.827,0.9995106487565787,-0.21000851473810028
1.828,0.9995106485638614,-0.2100084973581657
1.829,0.9995106483713772,-0.21000848000794414
1.83,0.9995106481791262,-0.21000846268743564
1.831,0.9995106479871082,-0.21000844539664018
1.832,0.9995106477953236,-0.21000842813555773
1.833,0.9995106476037721,-0.21000841090418831
1.834,0.9995106474124538,-0.21000839370253196
1.835,0.9995106472213686,-0.21000837653058865
1.836,0.9995106470305167,-0.21000835938835838
1.837,0.9995106468398979,-0.21000834227584114
1.838,0.9995106466495123,-0.21000832519303692
1.839,0.9995106464593598,-0.21000830813994573
1.84,0.9995106462694405,-0.2100082911165676
1.841,0.9995106460797545,-0.21000827412290252
1.842,0.9995106458903016,-0.21000825715895047
1.843,0.999510645701082,-0.21000824022471146
1.844,0.9995106455120953,-0.21000822332018548
1.845,0.999510645323342,-0.21000820644537255
1.846,0.9995106451348218,-0.21000818960027262
1.847,0.9995106449465349,-0.21000817278488576
1.848,0.999510644758481,-0.21000815599921194
1.849,0.9995106445706604,-0.21000813924325115
1.85,0.9995106443830728,-0.2100081225170034
1.851,0.9995106441957187,-0.2100081058204687
1.852,0.9995106440085975,-0.21000808915364702
1.853,0.9995106438217096,-0.21000807251653836
1.854,0.9995106436350548,-0.21000805590914276
1.855,0.9995106434486333,-0.21000803933146023
1.856,0.9995106432624448,-0.2100080227834907
1.857,0.9995106430764896,-0.21000800626523422
1.858,0.9995106428907675,-0.21000798977669077
1.859,0.9995106427052787,-0.21000797331786036
1.86,0.999510642520023,-0.210007956888743
1.861,0.9995106423350004,-0.21000794048933866
1.862,0.9995106421502111,-0.21000792411964736
1.863,0.999510641965655,-0.2100079077796691
1.864,0.9995106417813321,-0.2100078914694039
1.865,0.9995106415972422,-0.21000787518885172
1.866,0.9995106414133856,-0.21000785893801258
1.867,0.9995106412297622,-0.21000784271688647
1.868,0.999510641046372,-0.2100078265254734
1.869,0.9995106408632148,-0.21000781036377336
1.87,0.999510640680291,-0.2100077942317864
1.871,0.9995106404976002,-0.21000777812951243
1.872,0.9995106403151428,-0.21000776205695154
1.873,0.9995106401329183,-0.21000774601410366
1.874,0.9995106399509273,-0.2100077300009688
1.875,0.9995106397691691,-0.210007714017547
1.876,0.9995106395876443,-0.21000769806383826
1.877,0.9995106394063527,-0.21000768213984253
1.878,0.9995106392252942,-0.21000766624555986
1.879,0.9995106390444689,-0.2100076503809902
1.88,0.9995106388638767,-0.21000763454613358
1.881,0.9995106386835179,-0.21000761874099003
1.882,0.9995106385033921,-0.21000760296555948
1.883,0.9995106383234995,-0.210007587219842
1.884,0.9995106381438401,-0.21000757150383756
1.885,0.999510637964414,-0.21000755581754613
1.886,0.9995106377852209,-0.21000754016096776
1.887,0.999510637606261,-0.2100075245341024
1.888,0.9995106374275343,-0.21000750893695008
1.889,0.9995106372490409,-0.21000749336951083
1.89,0.9995106370707805,-0.2100074778317846
1.891,0.9995106368927533,-0.21000746232377143
1.892,0.9995106367149593,-0.21000744684547126
1.893,0.9995106365373986,-0.21000743139688416
1.894,0.9995106363600709,-0.21000741597801006
1.895,0.9995106361829764,-0.21000740058884904
1.896,0.9995106360061152,-0.21000738522940104
1.897,0.9995106358294871,-0.2100073698996661
1.898,0.9995106356530923,-0.21000735459964417
1.899,0.9995106354769304,-0.21000733932933527
1.9,0.9995106353010019,-0.21000732408873943
1.901,0.9995106351253066,-0.2100073088778566
1.902,0.9995106349498444,-0.21000729369668683
1.903,0.9995106347746153,-0.2100072785452301
1.904,0.9995106345996196,-0.2100072634234864
1.905,0.9995106344248569,-0.21000724833145576
1.906,0.9995106342503275,-0.21000723326913814
1.907,0.9995106340760311,-0.21000721823653357
1.908,0.999510633901968,-0.21000720323364203
1.909,0.9995106337281381,-0.21000718826046352
1.91,0.9995106335545414,-0.21000717331699806
1.911,0.9995106333811777,-0.21000715840324563
1.912,0.9995106332080472,-0.21000714351920624
1.913,0.9995106330351501,-0.2100071286648799
1.914,0.999510632862486,-0.21000711384026657
1.915,0.9995106326900551,-0.2100070990453663
1.916,0.9995106325178574,-0.21000708428017906
1.917,0.999510632345893,-0.21000706954470486
1.918,0.9995106321741616,-0.2100070548389437
1.919,0.9995106320026635,-0.2100070401628956
1.92,0.9995106318313984,-0.2100070255165605
1.921,0.9995106316603667,-0.21000701089993845
1.922,0.9995106314895681,-0.2100069963130294
1.923,0.9995106313190026,-0.21000698175583346
1.924,0.9995106311486703,-0.21000696722835052
1.925,0.9995106309785713,-0.21000695273058065
1.926,0.9995106308087054,-0.21000693826252378
1.927,0.9995106306390726,-0.21000692382417996
1.928,0.999510630469673,-0.21000690941554917
1.929,0.9995106303005068,-0.21000689503663142
1.93,0.9995106301315735,-0.21000688068742673
1.931,0.9995106299628734,-0.21000686636793506
1.932,0.9995106297944066,-0.21000685207815645
1.933,0.999510629626173,-0.21000683781809085
1.934,0.9995106294581726,-0.2100068235877383
1.935,0.9995106292904052,-0.21000680938709876
1.936,0.9995106291228711,-0.2100067952161723
1.937,0.9995106289555702,-0.21000678107495885
1.938,0.9995106287885024,-0.21000676696345846
1.939,0.9995106286216678,-0.21000675288167112
1.94,0.9995106284550664,-0.21000673882959678
1.941,0.9995106282886982,-0.2100067248072355
1.942,0.9995106281225632,-0.21000671081458724
1.943,0.9995106279566612,-0.21000669685165202
1.944,0.9995106277909926,-0.21000668291842986
1.945,0.999510627625557,-0.21000666901492074
1.946,0.9995106274603548,-0.21000665514112463
1.947,0.9995106272953855,-0.21000664129704158
1.948,0.9995106271306495,-0.21000662748267157
1.949,0.9995106269661468,-0.21000661369801457
1.95,0.9995106268018771,-0.21000659994307064
1.951,0.9995106266378407,-0.2100065862178397
1.952,0.9995106264740373,-0.21000657252232185
1.953,0.9995106263104674,-0.21000655885651703
1.954,0.9995106261471304,-0.21000654522042525
1.955,0.9995106259840267,-0.2100065316140465
1.956,0.9995106258211561,-0.21000651803738077
1.957,0.9995106256585188,-0.2100065044904281
1.958,0.9995106254961146,-0.21000649097318846
1.959,0.9995106253339435,-0.21000647748566187
1.96,0.9995106251720056,-0.2100064640278483
1.961,0.9995106250103011,-0.2100064505997478
1.962,0.9995106248488296,-0.2100064372013603
1.963,0.9995106246875913,-0.21000642383268583
1.964,0.9995106245265861,-0.21000641049372443
1.965,0.9995106243658142,-0.21000639718447606
1.966,0.9995106242052754,-0.21000638390494072
1.967,0.9995106240449697,-0.21000637065511843
1.968,0.9995106238848974,-0.21000635743500917
1.969,0.9995106237250581,-0.21000634424461295
1.97,0.9995106235654521,-0.21000633108392977
1.971,0.9995106234060792,-0.21000631795295963
1.972,0.9995106232469395,-0.21000630485170252
1.973,0.999510623088033,-0.21000629178015845
1.974,0.9995106229293597,-0.21000627873832742
1.975,0.9995106227709195,-0.21000626572620945
1.976,0.9995106226127125,-0.21000625274380447
1.977,0.9995106224547387,-0.21000623979111255
1.978,0.999510622296998,-0.21000622686813367
1.979,0.9995106221394906,-0.21000621397486785
1.98,0.9995106219822164,-0.21000620111131504
1.981,0.9995106218251752,-0.2100061882774753
1.982,0.9995106216683673,-0.21000617547334857
1.983,0.9995106215117926,-0.21000616269893485
1.984,0.999510621355451,-0.21000614995423422
1.985,0.9995106211993426,-0.2100061372392466
1.986,0.9995106210434674,-0.21000612455397205
1.987,0.9995106208878255,-0.2100061118984105
1.988,0.9995106207324166,-0.210006099272562
1.989,0.9995106205772409,-0.21000608667642656
1.99,0.9995106204222984,-0.2100060741100041
1.991,0.9995106202675892,-0.21000606157329474
1.992,0.999510620113113,-0.2100060490662984
1.993,0.99951061995887,-0.2100060365890151
1.994,0.9995106198048602,-0.21000602414144484
1.995,0.9995106196510837,-0.2100060117235876
1.996,0.9995106194975403,-0.21000599933544342
1.997,0.99951061934423,-0.21000598697701225
1.998,0.9995106191911529,-0.21000597464829412
1.999,0.9995106190383092,-0.21000596234928906
2,0.9995106188856984,-0.21000595007999703
2,0.9995106188856984,-0.21000595007999703
2.000000000400017,0.999510618885698,-0.21000595007999145
2.000000000400017,0.999510618885698,-0.21000595007999145
2.001,0.9992540721710237,-0.21006361483460192
2.002,0.9985267699659681,-0.21020885270070425
2.003,0.9973874449955191,-0.2104076326338501
2.004,0.9958874008375317,-0.21063548444780494
2.005,0.9940718354270244,-0.21087523206273276
2.006,0.9919797985145876,-0.21111544321999384
2.007,0.9896440844026496,-0.21134896238368583
2.008,0.987094175652613,-0.21157120518483882
2.009,0.9843560392540812,-0.21177963075257042
2.01,0.9814527082016025,-0.2119731420104737
2.011,0.9784045471910332,-0.21215164787852794
2.012,0.9752296101483963,-0.21231571541678113
2.013,0.9719440216673101,-0.2124663230360451
2.014,0.9685620707037282,-0.2126046676600193
2.015,0.9650964819062078,-0.21273203544541883
2.016,0.9615586941671432,-0.21284972550718625
2.017,0.957958972030567,-0.21295898966999718
2.018,0.954306543122116,-0.21306099709250143
2.019,0.9506097651782197,-0.21315682052303447
2.02,0.9468761068248167,-0.21324741143426082
2.021,0.9431128969809328,-0.21333366576814172
2.022,0.9393257966308478,-0.21341625297269726
2.023,0.9355202220637713,-0.2134957890299709
2.024,0.9317011686001364,-0.2135728248347749
2.025,0.9278729789372001,-0.21364778462039885
2.026,0.9240397471870239,-0.2137210403678322
2.027,0.9202051962871497,-0.21379290259216116
2.028,0.9163728432848621,-0.21386363141483508
2.029,0.9125457029406842,-0.2139334219908998
2.03,0.9087264751937696,-0.2140024267050346
2.031,0.9049176560818696,-0.21407076606076114
2.032,0.9011215026242382,-0.21413853029219948
2.033,0.8973401573257387,-0.21420578695760029
2.034,0.8935753961166749,-0.21427257728129398
2.035,0.8898288468889056,-0.21433892765876794
2.036,0.8861019922293387,-0.21440485175393298
2.037,0.8823961629082199,-0.21447035264623107
2.038,0.8787126226330427,-0.21453542442170556
2.039,0.8750523763250576,-0.21460005549789024
2.04,0.8714163634367535,-0.21466422987969613
2.041,0.8678056279970355,-0.2147279063368214
2.042,0.8642207318703616,-0.21479105173144236
2.043,0.8606624057220253,-0.21485369780969174
2.044,0.8571309051438378,-0.21491581382916802
2.045,0.8536268709200193,-0.2149773665609639
2.046,0.8501508777339697,-0.2150383302256659
2.047,0.8467030454619053,-0.21509869558987213
2.048,0.8432837464095115,-0.21515844025200814
2.049,0.8398933475109274,-0.21521753511515732
2.05,0.8365319130293991,-0.21527597352985428
2.051,0.8331996512935392,-0.21533373748097606
2.052,0.8298967379993613,-0.21539080671024033
2.053,0.8266231899978622,-0.21544717632650784
2.054,0.823379087212838,-0.21550283381456695
2.055,0.820164459221025,-0.21555776596650075
2.056,0.816979284500847,-0.21561197001523372
2.057,0.8138235488184913,-0.21566543861687973
2.058,0.8106971726793042,-0.21571816504017313
2.059,0.8076001027043276,-0.2157701483952184
2.06,0.8045322566269193,-0.2158213856737222
2.061,0.8014934748553826,-0.215871875492801
2.062,0.7984836776679411,-0.21592161862410963
2.063,0.7955027347820762,-0.21597061550063687
2.064,0.7925504287632962,-0.21601886896908737
2.065,0.7896266581333964,-0.21606638122014027
2.066,0.7867312597420202,-0.2161131552888964
2.0666989612620528,0.7847241736898973,-0.21614541402093942
2.0666989612620528,0.7847241644121417,-0.2161453858214871
2.067,0.7838644780185889,-0.21615915655379847
2.068,0.7810294061654531,-0.21620434807737973
2.069,0.7782202041043577,-0.21624887883504948
2.07,0.7754364300563185,-0.21629275944337928
2.071,0.7726799863297018,-0.21633592864627246
2.072,0.7699504882379111,-0.21637839992811592
2.073,0.7672478933405386,-0.21642017484018278
2.074,0.7645719070650757,-0.21646126425440124
2.075,0.761922452282204,-0.21650167101594914
2.076,0.7592993070076527,-0.21654140271620334
2.077,0.7567021028977525,-0.21658047222851454
2.078,0.7541308830090562,-0.21661887813113107
2.079,0.7515850445980394,-0.216656641796013
2.08,0.7490648318611941,-0.21669375461566207
2.081,0.7465694597665317,-0.21673024595986795
2.082,0.7440992336860097,-0.21676610440398775
2.083,0.7416535122580737,-0.21680135417141297
2.084,0.7392323364741156,-0.21683599371395224
2.085,0.7368353599350286,-0.216870036236228
2.086,0.7344623268615935,-0.21690349146984694
2.087,0.7321131643212917,-0.2169363622095951
2.088,0.7297873713458496,-0.21696866755476532
2.089,0.72748509696838,-0.21700040181407243
2.09,0.7252056485727527,-0.21703159132843503
2.091,0.7229493165028172,-0.2170622250557716
2.092,0.7207153538962238,-0.2170923312398841
2.093,0.7185039823963497,-0.2171219014989714
2.094,0.7163147028915624,-0.21715095454589883
2.095,0.7141474221294105,-0.2171794938785211
2.096,0.7120019340873502,-0.21720752709863056
2.097,0.7098778863115454,-0.21723506729428912
2.098,0.7077753110722348,-0.2172621131934974
2.099,0.7056936512845644,-0.21728868524545478
2.1,0.7036331240946014,-0.21731477546182684
2.101,0.7015930205656675,-0.2173404095362782
2.102,0.6995736204932048,-0.21736557732831183
2.103,0.6975743258999548,-0.21739030021493916
2.104,0.6955952061186909,-0.21741457571759196
2.105,0.6936359279949735,-0.21743841553820814
2.106,0.6916962933065448,-0.2174618266609529
2.107,0.6897762169964857,-0.21748481195642638
2.108,0.6878752864107811,-0.21750738574534342
2.109,0.6859936127540892,-0.21752954411450456
2.11,0.6841306195195639,-0.2175513067593861
2.111,0.6822865523103315,-0.2175726652893321
2.112,0.6804607564980326,-0.21759364171075388
2.113,0.6786534524641016,-0.21761422861516622
2.114,0.6768641909026322,-0.21763444085273512
2.115,0.6750929207174764,-0.2176542801130454
2.116,0.6733394457928059,-0.21767375271787195
2.117,0.6716034940965145,-0.21769286751278025
2.118,0.6698850734613024,-0.21771162415694567
2.119,0.6681837387031753,-0.2177300368822295
2.12,0.666499655100449,-0.21774810038190803
2.121,0.664832249363305,-0.21776583267120528
2.122,0.6631817511028464,-0.21778322653475587
2.123,0.6615476492284511,-0.21780029775788576
2.124,0.6599300281319371,-0.21781704373410546
2.125,0.6583285893426523,-0.21783347349684687
2.126,0.6567431926312514,-0.21784959130257864
2.127,0.6551737481832133,-0.21786539976799982
2.128,0.6536199359498197,-0.2178809084399926
2.129,0.6520818311828226,-0.21789611502585857
2.13,0.6505589761695296,-0.21791103294295036
2.131,0.6490515691840729,-0.2179256563790762
2.132,0.647559057611842,-0.21794000125374735
2.133,0.6460816484736843,-0.21795406160318612
2.134,0.6446189503378066,-0.21796784850871495
2.135,0.6431709442054351,-0.21798136250820918
2.136,0.6417374496450249,-0.21799460858574102
2.137,0.640318263477955,-0.2180075923946704
2.138,0.6389133755645038,-0.21802031415077142
2.139,0.6375224378972724,-0.21803278337150822
2.14,0.6361455723597038,-0.21804499670314637
2.141,0.6347823230778153,-0.21805696640087213
2.142,0.6334328753901924,-0.21806868748225838
2.143,0.632096798147874,-0.21808017134163352
2.144,0.6307741826129766,-0.21809141556713854
2.145,0.6294647652608609,-0.21810242699154603
2.146,0.6281684507648493,-0.2181132080917711
2.147,0.6268851491134112,-0.2181237611280173
2.148,0.6256146150764607,-0.21813409236583292
2.149,0.6243568964710896,-0.21814420054747333
2.15,0.6231116326376619,-0.21815409473503797
2.151,0.6218789757022968,-0.21816377110331545
2.152,0.6206584819349904,-0.21817324061851873
2.153,0.6194503215457077,-0.2181824990741287
2.154,0.6182541623978313,-0.21819155454481817
2.155,0.617070007836717,-0.2182004069492572
2.156,0.6158976939534909,-0.21820906018651554
2.157,0.6147370709055998,-0.21821751784069207
2.158,0.613588116591342,-0.2182257803935112
2.159,0.6124505601191621,-0.2182338542209344
2.16,0.6113244899360911,-0.2182417372250076
2.161,0.6102095442916325,-0.21824943778556916
2.162,0.6091058725252185,-0.21825695244321733
2.163,0.6080131112708052,-0.21826428948347626
2.164,0.6069313534794766,-0.21827144678686208
2.165,0.6058603675332226,-0.21827842954582777
2.166,0.6048000914312864,-0.21828523915223597
2.167,0.60375043778832,-0.2182918775139124
2.168,0.602711219606901,-0.2182983487645193
2.169,0.6016824645914002,-0.21830465226583198
2.17,0.6006638889084205,-0.21831079419716826
2.171,0.5996556079652982,-0.2183167720421062
2.172,0.5986572675389407,-0.2183225933970965
2.173,0.597669005465409,-0.21832825530619174
2.174,0.5966905406361795,-0.21833376370882618
2.175,0.5957218913646333,-0.2183391182180634
2.176,0.5947629099143912,-0.218344321897647
2.177,0.5938134870849674,-0.21834937702117924
2.178,0.5928735933144018,-0.21835428417182573
2.179,0.5919430181523349,-0.21835904766816916
2.18,0.5910218246615812,-0.2183636662039031
2.181,0.5901097258268425,-0.2183681455850962
2.182,0.5892068420087179,-0.21837248337695872
2.183,0.588312866771598,-0.2183766856915402
2.184,0.5874278913439592,-0.21838075070923169
2.185,0.5865517127290198,-0.21838468241985642
2.186,0.5856842933433164,-0.21838848156268076
2.187,0.5848255502044719,-0.21839214973364393
2.188,0.5839753414092387,-0.2183956896859591
2.189,0.5831336801570237,-0.21839910114545805
2.19,0.5823003432620796,-0.21840238838427858
2.191,0.5814754176971803,-0.21840554973379994
2.192,0.5806586206405839,-0.2184085905361176
2.193,0.5798500637508684,-0.21841150868216178
2.194,0.5790495090091019,-0.2184143086092463
2.195,0.5782569842898575,-0.2184169897977141
2.196,0.5774723572713513,-0.21841955467609964
2.197,0.5766955495901728,-0.21842200468659217
2.198,0.5759265274905736,-0.21842434042852293
2.199,0.5751651278674753,-0.21842656486582332
2.2,0.5744113946159088,-0.21842867719192352
2.201,0.5736651001029984,-0.21843068149208164
2.202,0.5729263413414614,-0.21843257602523983
2.203,0.5721948597784123,-0.21843436537504132
2.204,0.5714707426878166,-0.21843604799428723
2.205,0.5707538126165502,-0.21843762699019198
2.206,0.5700440496656178,-0.21843910271130404
2.207,0.5693413763278512,-0.2184404764911357
2.208,0.5686456855866093,-0.21844175018214565
2.209,0.567956980362376,-0.21844292372138963
2.21,0.5672750853931992,-0.2184440001076524
2.211,0.5666000656672595,-0.21844497822571793
2.212,0.5659316954180675,-0.21844586189479512
2.213,0.5652700650993944,-0.21844664958471066
2.214,0.5646149731490372,-0.21844734466737506
2.215,0.5639664530713189,-0.21844794658229835
2.216,0.5633243869990622,-0.21844845727629839
2.217,0.5626887198721561,-0.21844887766045046
2.218,0.5620594160812228,-0.21844920830943906
2.219,0.5614363496180658,-0.21844945128609733
2.22,0.5608195499885894,-0.21844960610111067
2.221,0.5602088368083533,-0.21844967567668683
2.222,0.5596042882477481,-0.21844965874647418
2.223,0.5590056861119969,-0.21844955880913555
2.224,0.5584131123277298,-0.2184493745510114
2.225,0.5578264121587748,-0.21844910842842566
2.226,0.5572455783143451,-0.21844876055711668
2.227,0.5566705393348932,-0.2184483320558636
2.228,0.5561012151528956,-0.2184478241833169
2.229,0.5555376015829943,-0.2184472369970139
2.23,0.5549795612572146,-0.2184465726358051
2.231,0.5544271422064544,-0.21844583034931997
2.232,0.5538801643156664,-0.21844501291594307
2.233,0.5533387008373682,-0.21844411920570964
2.234,0.5528025811012945,-0.21844315182746904
2.235,0.5522718414117587,-0.2184421102262771
2.236,0.551746377286019,-0.218440995983423
2.237,0.5512261511731759,-0.21843980966784163
2.238,0.5507110726329133,-0.21843855278044927
2.239,0.5502009709996256,-0.2184372280833009
2.24,0.5496959388739426,-0.21843583407774644
2.241,0.5491959762558649,-0.21843437076378583
2.242,0.5487010767727563,-0.2184328382068095
2.243,0.548210902189564,-0.21843123987749094
2.244,0.5477256691037962,-0.21842957355329518
2.245,0.547245377515453,-0.21842783923422224
2.246,0.546770015940205,-0.2184260371035894
2.247,0.5462990776954632,-0.21842417524926075
2.248,0.5458328711660618,-0.21842224874867786
2.249,0.5453713963520013,-0.21842025760184075
2.25,0.5449146418159624,-0.21841820197328993
2.251,0.5444621831352199,-0.21841608796888826
2.252,0.5440142793494902,-0.21841391186201867
2.253,0.543570930458773,-0.2184116736526811
2.254,0.5431321232151274,-0.21840937353061982
2.255,0.5426974342890583,-0.2184070175589909
2.256,0.5422671227823028,-0.21840460202679784
2.257,0.5418411886948605,-0.21840212693404062
2.258,0.5414196175353537,-0.21839959248752058
2.259,0.5410020034657399,-0.2183970044788073
2.26,0.5405885955909157,-0.21839435935301382
2.261,0.540179393910881,-0.2183916571101402
2.262,0.539774382809113,-0.21838889796877184
2.263,0.539373173693656,-0.21838608736805468
2.264,0.5389760057720976,-0.21838322195978513
2.265,0.5385828790444375,-0.2183803017439632
2.266,0.5381937769018633,-0.21837732694974582
2.267,0.537808328087479,-0.21837430269947947
2.268,0.5374267618049268,-0.21837122583077045
2.269,0.5370490780542061,-0.21836809634361878
2.27,0.5366752593390691,-0.2183649144770945
2.271,0.5363049511736546,-0.21836168507491927
2.272,0.5359383730537746,-0.21835840513788565
2.273,0.5355755249794287,-0.21835507466599371
2.274,0.5352163886634698,-0.21835169390673775
2.275,0.5348606257625182,-0.2183482674391847
2.276,0.5345084464027386,-0.21834479241953206
2.277,0.5341598505841311,-0.21834126884777974
2.278,0.5338148193163005,-0.21833769697861508
2.279,0.5334730297190959,-0.21833408114230424
2.28,0.5331346829212098,-0.2183304186414353
2.281,0.5327997789226421,-0.21832670947600819
2.282,0.5324682981105704,-0.21832295390702552
2.283,0.5321399323887367,-0.2183191560345549
2.284,0.5318148742633562,-0.21831531329677195
2.285,0.5314931237344288,-0.21831142569367668
2.286,0.5311746606420839,-0.21830749349175524
2.287,0.53085919101804,-0.21830352057686944
2.288,0.5305468991092004,-0.21829950451352523
2.289,0.5302377849155646,-0.2182954453017226
2.29,0.5299318278005916,-0.21829134321263075
2.291,0.5296287472941481,-0.21828720193169543
2.292,0.5293287197333812,-0.21828301914180365
2.293,0.5290317451182907,-0.21827879484295543
2.294,0.5287378024013538,-0.2182745293102961
2.295,0.5284466240069571,-0.21827022604172852
2.296,0.5281583786982423,-0.21826588283108353
2.297,0.5278730664752094,-0.2182614996783611
2.298,0.5275906659406926,-0.21825707686205847
2.299,0.5273109218363671,-0.21825261770451956
2.3,0.5270339956730589,-0.21824812010358177
2.301,0.5267598874507678,-0.21824358405924507
2.302,0.5264885754799302,-0.21823900985279385
2.303,0.5262198162677786,-0.2182344006420006
2.304,0.5259537643808837,-0.21822975442234555
2.305,0.5256904198192456,-0.21822507119382872
2.306,0.5254297606542766,-0.21822035124001318
2.307,0.5251715546313886,-0.21821559756423103
2.308,0.5249159496679241,-0.21821080825373257
2.309,0.5246629457638827,-0.21820598330851781
2.31,0.5244125208013763,-0.21820112301397546
2.311,0.5241644532599388,-0.21819623022840073
2.312,0.5239188846902052,-0.21819130312535512
2.313,0.5236758150921755,-0.2181863417048387
2.314,0.5234352222049363,-0.2181813462536619
2.315,0.5231968947603778,-0.21817631949381158
2.316,0.5229609682129774,-0.21817125968008672
2.317,0.5227274425627354,-0.2181661668124874
2.318,0.522496295448732,-0.21816104117888516
2.319,0.5222673253947342,-0.21815588537305805
2.32,0.5220406620181647,-0.21815069772632875
2.321,0.5218163053190231,-0.21814547823869723
2.322,0.5215942328763268,-0.2181402271987744
2.323,0.5213742525655816,-0.21813494707965572
2.324,0.5211564884153013,-0.2181296362848017
2.325,0.5209409404254854,-0.21812429481421228
2.326,0.5207275861521301,-0.2181189229569516
2.327,0.520516242401781,-0.21811352307243181
2.328,0.5203070278517034,-0.21810809363216718
2.329,0.5200999425018974,-0.21810263463615773
2.33,0.5198949639196399,-0.21809714637366603
2.331,0.5196919174403988,-0.2180916310969339
2.332,0.5194909166178132,-0.21808608734172447
2.333,0.5192919614518833,-0.21808051510803766
2.334,0.5190950295528874,-0.2180749146851079
2.335,0.5188999544008571,-0.21806928822406987
2.336,0.518706844643818,-0.21806363432138895
2.337,0.5185157002817701,-0.21805795297706518
2.338,0.5183264989972778,-0.21805224448010324
2.339,0.5181390820475581,-0.21804651088617874
2.34,0.5179535533838324,-0.21804075084915187
2.341,0.5177699130061009,-0.2180349643690225
2.342,0.5175881386962031,-0.2180291517343866
2.343,0.517408079137397,-0.21802331491072574
2.344,0.517229833784097,-0.21801745260620778
2.345,0.5170534026363034,-0.21801156482083278
2.346,0.5168787635999575,-0.21800565184262855
2.347,0.5167057724487345,-0.21799971555179265
2.348,0.5165345243317998,-0.21799375470791885
2.349,0.5163650192491533,-0.2179877693110072
2.35,0.5161972352536287,-0.21798175964837602
2.351,0.5160310348885363,-0.21797572751952107
2.352,0.5158665091812663,-0.21796967173276954
2.353,0.5157036581318187,-0.21796359228812143
2.354,0.515542459960792,-0.21795748947206003
2.355,0.5153827836745414,-0.21795136500765788
2.356,0.5152247163544132,-0.21794521774945882
2.357,0.5150682580004076,-0.21793904769746286
2.358,0.5149133870199566,-0.21793285513720656
2.359,0.5147599785894406,-0.217926641719337
2.36,0.5146081160124767,-0.21792040634226081
2.361,0.5144577992890651,-0.21791414900597794
2.362,0.5143090070308449,-0.2179078699949792
2.363,0.5141616203041768,-0.2179015708912237
2.364,0.5140157187961607,-0.21789525063477802
2.365,0.5138713025067969,-0.2178889092256422
2.366,0.5137283502677091,-0.21788254694717288
2.367,0.5135867487676031,-0.21787616531613802
2.368,0.5134465742314684,-0.2178697633122014
2.369,0.5133078266593047,-0.21786334093536297
2.37,0.5131704851170004,-0.2178568984677671
2.371,0.5130344416598376,-0.21785043736426365
2.372,0.5128997691985822,-0.21784395664218098
2.373,0.512766467733234,-0.21783745630151904
2.374,0.5126345165768187,-0.21783093662314013
2.375,0.5125038129067733,-0.21782439900304237
2.376,0.5123744264612824,-0.21781784249440658
2.377,0.5122463572403463,-0.21781126709723272
2.378,0.5121195848156803,-0.21780467309103896
2.379,0.511994011253305,-0.21779806181584604
2.38,0.5118697032544848,-0.21779143235898726
2.381,0.5117466608192196,-0.2177847847204627
2.382,0.51162486378823,-0.21777811917839096
2.383,0.5115042188929245,-0.21777143701951143
2.384,0.511384789927577,-0.21776473736371435
2.385,0.5112665768921874,-0.21775802021099966
2.386,0.5111495599056345,-0.2177512858380372
2.387,0.5110336501514436,-0.2177445354808158
2.388,0.5109189086413367,-0.21773776829028338
2.389,0.5108053353753136,-0.21773098426644003
2.39,0.5106929107584786,-0.21772418368446264
2.391,0.5105815502226894,-0.21771736773196668
2.392,0.5104713121162952,-0.21771053558954903
2.393,0.5103621964392964,-0.2177036872572096
2.394,0.5102541838900716,-0.21769682300859292
2.395,0.5101471939541004,-0.2176899439851757
2.396,0.5100412824305003,-0.21768304939587832
2.397,0.5099364493192713,-0.2176761392407008
2.398,0.5098326756181645,-0.2176692137917196
2.399,0.5097298846802469,-0.21766227414637485
2.4,0.5096281298647171,-0.21765531954066297
2.401,0.5095274111715749,-0.21764834997458404
2.402,0.5094277099031517,-0.2176413657186147
2.403,0.5093289531023644,-0.21763436782813705
2.404,0.5092311917931803,-0.21762735556504892
2.405,0.5091344259755998,-0.2176203289293503
2.406,0.5090386372609116,-0.2176132881898891
2.407,0.508943756212078,-0.2176062343618536
2.408,0.5088498316180928,-0.21759916673193552
2.409,0.508756863478956,-0.21759208530013485
2.41,0.5086648337185175,-0.21758499033364478
2.411,0.508573676257565,-0.2175778828092172
2.412,0.5084834377461318,-0.21757076203729322
2.413,0.5083941181842176,-0.21756362801787282
2.414,0.5083056873481214,-0.21755648120943158
2.415,0.5082180382400799,-0.21754932323506182
2.416,0.5081312467618119,-0.2175421529433797
2.417,0.5080453129133168,-0.21753497033438518
2.418,0.507960236694595,-0.21752777540807833
2.419,0.5078760181056464,-0.21752056816445905
2.42,0.5077926571464711,-0.21751334860352742
2.421,0.507710153817069,-0.21750611672528342
2.422,0.5076284687259031,-0.21749887311121546
2.423,0.5075474940369477,-0.21749161935317313
2.424,0.5074673375903895,-0.2174843538592454
2.425,0.5073879993862286,-0.21747707662943228
2.426,0.5073094794244647,-0.21746978766373376
2.427,0.507231777705098,-0.2174624869621499
2.428,0.5071548942281284,-0.21745517452468063
2.429,0.5070788175194771,-0.21744785053373447
2.43,0.5070033167145058,-0.21744051865946717
2.431,0.5069285729532745,-0.21743317602221626
2.432,0.5068545862357833,-0.21742582262198168
2.433,0.5067813565620319,-0.21741845845876348
2.434,0.5067088839320205,-0.2174110835325616
2.435,0.5066371683457491,-0.21740369784337615
2.436,0.5065662098032178,-0.217396301391207
2.437,0.5064958349028983,-0.21738889694802976
2.438,0.5064261423978357,-0.2173814829351903
2.439,0.5063571568879259,-0.21737405895943776
2.44,0.5062888783731687,-0.21736662502077214
2.441,0.5062213068535643,-0.21735918111919347
2.442,0.5061544423291126,-0.2173517272547017
2.443,0.5060882847998135,-0.21734426342729685
2.444,0.5060227060833467,-0.21733679172506387
2.445,0.5059577303955225,-0.21732931175352824
2.446,0.5058934129833588,-0.21732182261271812
2.447,0.5058297538468555,-0.21731432430263356
2.448,0.5057667529860126,-0.21730681682327455
2.449,0.5057044104008301,-0.21729930017464105
2.45,0.505642726091308,-0.2172917743567331
2.451,0.5055816165317856,-0.21728424076488628
2.452,0.5055210404610047,-0.2172767000883893
2.453,0.505461077121476,-0.2172691510034587
2.454,0.5054017265132,-0.21726159351009444
2.455,0.5053429886361763,-0.21725402760829657
2.456,0.5052848634904049,-0.21724645329806502
2.457,0.505227351075886,-0.21723887057939983
2.458,0.5051704057323808,-0.21723128023361396
2.459,0.5051139323506806,-0.21722368388816402
2.46,0.5050580291622068,-0.2172160798621678
2.461,0.5050026961669594,-0.21720846815562525
2.462,0.5049479333649384,-0.2172008487685365
2.463,0.5048937407561438,-0.21719322170090144
2.464,0.5048401183405755,-0.21718558695272006
2.465,0.5047870522710372,-0.21717794476694904
2.466,0.504734404130185,-0.21717029757219594
2.467,0.5046822865517965,-0.21716264339223984
2.468,0.5046306995358716,-0.2171549822270808
2.469,0.5045796430824103,-0.21714731407671872
2.47,0.5045291171914125,-0.21713963894115368
2.471,0.5044791218628782,-0.21713195682038564
2.472,0.5044296570968075,-0.21712426771441462
2.473,0.5043805877711924,-0.21711657405753654
2.474,0.5043319996401276,-0.21710887430484507
2.475,0.5042839051758288,-0.21710116823164655
2.476,0.504236304378296,-0.21709345583794096
2.477,0.504189197247529,-0.21708573712372828
2.478,0.5041425837835279,-0.2170780120890085
2.479,0.5040964639862929,-0.2170702807337817
2.48,0.5040507410183562,-0.21706254485034246
2.481,0.5040054434228186,-0.21705480391040724
2.482,0.5039606051569295,-0.2170470572854858
2.483,0.503916226220689,-0.2170393049755782
2.484,0.503872306614097,-0.21703154698068436
2.485,0.5038288463371534,-0.21702378330080435
2.486,0.5037858453898585,-0.21701601393593817
2.487,0.5037432394006421,-0.2170082401105397
2.488,0.5037010095625195,-0.217000462182349
2.489,0.5036592071026819,-0.21699267917694
2.49,0.5036178320211294,-0.21698489109431268
2.491,0.503576884317862,-0.21697709793446707
2.492,0.5035363639928796,-0.21696929969740314
2.493,0.5034962710461823,-0.2169614963831209
2.494,0.5034565684435653,-0.2169536887159495
2.495,0.5034171986464331,-0.2169458778212509
2.496,0.5033782264978847,-0.2169380624307989
2.497,0.5033396519979204,-0.21693024254459348
2.498,0.5033014751465402,-0.21692241816263463
2.499,0.5032636959437439,-0.21691458928492238
2.5,0.5032263143895317,-0.2169067559114567
2.501,0.5031893162859236,-0.21689891832788022
2.502,0.5031526128638664,-0.21689107832009674
2.503,0.5031162794284983,-0.2168832343730768
2.5036714503743434,0.5030920909470061,-0.2168779653414193
2.5036714503743434,0.5030920909470061,-0.2168779653414193
2.504,0.5030803535513463,-0.21687538598960468
2.505,0.5030449465281606,-0.21686753132427913
2.506,0.503010083210255,-0.2168596711935436
2.507,0.5029755227091739,-0.21685180806744364
2.508,0.5029413926856582,-0.21684394076607566
2.509,0.5029079013437175,-0.2168360673471278
2.51,0.502874410001777,-0.21682819392817992
2.511,0.5028414449937423,-0.21682031563150053
2.512,0.5028088310895232,-0.21681243408101186
2.513,0.5027762171853043,-0.2168045525305232
2.514,0.5027443794487293,-0.21679666403993425
2.515,0.5027126200020308,-0.21678877484931666
2.516,0.5026809361828364,-0.21678088501591541
2.517,0.5026496713085526,-0.21677299162176022
2.518,0.5026186462112032,-0.21676509618966006
2.519,0.5025878608907881,-0.21675719871961494
2.52,0.5025573153473071,-0.21674929921162486
2.521,0.5025270095807606,-0.21674139766568978
2.522,0.5024970346703639,-0.21673349355637112
2.523,0.5024673498911708,-0.2167255871186122
2.524,0.50243794002402,-0.21671767844021286
2.525,0.5024088050689116,-0.21670976752117307
2.526,0.5023799450258453,-0.2167018543614929
2.527,0.5023513685692563,-0.21669393913527174
2.528,0.5023230823687194,-0.21668602197637077
2.529,0.5022950776742409,-0.21667810270917398
2.53,0.502267354485821,-0.21667018133368138
2.531,0.5022399128034597,-0.216662257849893
2.532,0.5022127486890096,-0.21665433236734014
2.533,0.5021858007830877,-0.21664640659260628
2.534,0.5021591131420516,-0.21663847930035557
2.535,0.5021326857659018,-0.21663055049058805
2.536,0.5021065186546377,-0.21662262016330366
2.537,0.5020806118082597,-0.21661468831850245
2.538,0.5020549652267677,-0.2166067549561844
2.539,0.5020295789101616,-0.21659882007634945
2.54,0.5020044528584413,-0.21659088367899773
2.541,0.5019795870716072,-0.21658294576412915
2.542,0.501954981549659,-0.21657500633174373
2.543,0.5019306063285469,-0.21656706606528844
2.544,0.5019064104856632,-0.21655912612625192
2.545,0.5018824569853554,-0.21655118507848672
2.546,0.5018587458276231,-0.21654324292199284
2.547,0.5018352770124666,-0.2165352996567703
2.548,0.5018120505398855,-0.21652735528281905
2.549,0.5017890664098802,-0.21651940980013915
2.55,0.5017663246224505,-0.21651146320873058
2.551,0.5017438251775964,-0.2165035155085933
2.552,0.5017215680753181,-0.2164955666997274
2.553,0.5016995533156154,-0.2164876167821328
2.554,0.5016777098010838,-0.2164796675262322
2.555,0.5016560291082202,-0.21647171914178243
2.556,0.5016345672940433,-0.21646377023288693
2.557,0.5016133243585532,-0.2164558207995457
2.558,0.5015923003017498,-0.21644787084175876
2.559,0.5015714951236331,-0.2164399203595261
2.56,0.5015509088242032,-0.21643196935284773
2.561,0.50153054140346,-0.2164240178217236
2.562,0.5015103928614036,-0.2164160657661538
2.563,0.5014904631980339,-0.21640811318613826
2.564,0.5014707524133509,-0.21640016008167698
2.565,0.5014511629307555,-0.21639220897866637
2.566,0.5014317437880138,-0.21638425860770055
2.567,0.5014125215624123,-0.21637630828079196
2.568,0.5013934962539514,-0.21636835799794074
2.569,0.5013746678626305,-0.2163604077591468
2.57,0.5013560363884502,-0.21635245756441013
2.571,0.50133760183141,-0.2163445074137308
2.572,0.5013193641915104,-0.2163365573071087
2.573,0.5013013234687508,-0.21632860724454397
2.574,0.5012834796631318,-0.2163206572260365
2.575,0.5012658323036429,-0.2163127072642905
2.576,0.5012482644578274,-0.21630476051322628
2.577,0.5012308735074166,-0.21629681434624873
2.578,0.5012136594524104,-0.21628886876335784
2.579,0.5011966222928084,-0.21628092376455363
2.58,0.5011797620286111,-0.21627297934983605
2.581,0.5011630786598185,-0.21626503551920512
2.582,0.5011465721864301,-0.21625709227266088
2.583,0.5011302426084464,-0.21624914961020328
2.584,0.5011140899258671,-0.21624120753183232
2.585,0.5010981141386924,-0.21623326603754806
2.586,0.5010822915289114,-0.2162253257952063
2.587,0.5010665588728571,-0.21621738858507017
2.588,0.5010509850347282,-0.21620945246804954
2.589,0.5010355700145244,-0.21620151744414431
2.59,0.5010203138122459,-0.2161935835133546
2.591,0.5010052164278925,-0.21618565067568035
2.592,0.5009902778614642,-0.2161777189311216
2.593,0.5009754981129613,-0.21616978827967828
2.594,0.5009608771823835,-0.2161618587213505
2.595,0.5009464150697308,-0.21615393025613816
2.596,0.5009321117750033,-0.2161460028840413
2.597,0.5009179241184908,-0.2161380778752872
2.598,0.5009038351088029,-0.21613015572971547
2.599,0.5008898886554001,-0.21612223515563156
2.6,0.5008760847582819,-0.21611431615303547
2.601,0.5008624234174487,-0.21610639872192722
2.602,0.5008489046329004,-0.21609848286230682
2.603,0.500835528404637,-0.21609056857417422
2.604,0.5008222947326585,-0.21608265585752945
2.605,0.5008092036169648,-0.2160747447123725
2.606,0.5007962550575561,-0.21606683513870337
2.607,0.5007834490544324,-0.21605892713652208
2.608,0.5007707263974817,-0.2160510225258876
2.609,0.5007581092494312,-0.21604312062554
2.61,0.5007456200501413,-0.2160352207457008
2.611,0.5007332587996118,-0.21602732288636994
2.612,0.500721025497843,-0.2160194270475474
2.613,0.5007089201448348,-0.21601153322923325
2.614,0.5006969427405871,-0.21600364143142742
2.615,0.5006850932850998,-0.21599575165412996
2.616,0.5006733717783731,-0.21598786389734081
2.617,0.500661778220407,-0.21597997816106004
2.618,0.5006503126112015,-0.21597209444528762
2.619,0.500638902738417,-0.2159642150691573
2.62,0.500627603537465,-0.21595633826839214
2.621,0.5006164191707356,-0.21594846390931502
2.622,0.5006053496382286,-0.21594059199192586
2.623,0.5005943949399438,-0.2159327225162247
2.624,0.5005835550758817,-0.21592485548221158
2.625,0.5005728300460419,-0.21591699088988642
2.626,0.5005622198504246,-0.2159091287392493
2.627,0.5005517244890296,-0.21590126903030019
2.628,0.5005413439618572,-0.21589341176303906
2.629,0.5005310670127503,-0.2158855573150093
2.63,0.500520844844057,-0.21587770732293554
2.631,0.500510725737904,-0.21586986016738435
2.632,0.5005007096942912,-0.21586201584835582
2.633,0.5004907967132185,-0.21585417436584992
2.634,0.500480986794686,-0.2158463357198666
2.635,0.5004712799386938,-0.21583849991040593
2.636,0.5004616761452417,-0.21583066693746789
2.637,0.5004521754143298,-0.21582283680105246
2.638,0.5004427777459581,-0.21581500950115967
2.639,0.5004334831401267,-0.21580718503778948
2.64,0.5004242674590031,-0.21579936425604
2.641,0.5004151125020013,-0.2157915477931383
2.642,0.5004060500420703,-0.2157837345366706
2.643,0.5003970800792099,-0.21577592448663685
2.644,0.5003882026134205,-0.21576811764303705
2.645,0.5003794176447018,-0.21576031400587126
2.646,0.500370725173054,-0.21575251357513942
2.647,0.500362125198477,-0.21574471635084153
2.648,0.500353617720971,-0.2157369223329776
2.649,0.5003452027405356,-0.21572913152154763
2.65,0.500336880257171,-0.21572134391655165
2.651,0.5003286154909515,-0.21571356078822743
2.652,0.5003204161193113,-0.2157057818561786
2.653,0.5003122997621934,-0.21569800647688686
2.654,0.5003042664195974,-0.2156902346503522
2.655,0.5002963160915235,-0.2156824663765746
2.656,0.5002884487779716,-0.21567470165555408
2.657,0.5002806644789419,-0.21566694048729065
2.658,0.5002729631944344,-0.21565918287178432
2.659,0.5002653449244487,-0.215651428809035
2.66,0.5002578096689854,-0.21564367829904282
2.661,0.5002503574280439,-0.21563593134180772
2.662,0.5002429447489672,-0.21562818959151883
2.663,0.5002356010059227,-0.2156204519299378
2.664,0.5002283317668912,-0.2156127181450985
2.665,0.5002211370318728,-0.2156049882370008
2.666,0.5002140168008674,-0.21559726220564482
2.667,0.500206971073875,-0.21558954005103054
2.668,0.5001999998508958,-0.2155818217731579
2.669,0.5001931031319296,-0.21557410737202695
2.67,0.5001862809169764,-0.2155663968476377
2.671,0.5001795332060364,-0.21555869019999008
2.672,0.5001728553823203,-0.21555098761211974
2.673,0.5001662108961045,-0.21554329053306412
2.674,0.5001596332758386,-0.21553559763356608
2.675,0.5001531225215227,-0.2155279089136257
2.676,0.5001466786331566,-0.21552022437324295
2.677,0.5001403016107405,-0.2155125440124178
2.678,0.5001339914542743,-0.21550486783115028
2.679,0.500127748163758,-0.2154971958294404
2.68,0.5001215717391916,-0.21548952800728816
2.681,0.500115462180575,-0.21548186436469352
2.682,0.5001094194879085,-0.21547420490165653
2.683,0.5001034305136979,-0.21546655016046068
2.684,0.5000974788585419,-0.21545890081751815
2.685,0.500091587214306,-0.21545125593687683
2.686,0.5000857555809901,-0.21544361551853675
2.687,0.5000799839585943,-0.21543597956249788
2.688,0.5000742723471183,-0.21542834806876027
2.689,0.5000686207465624,-0.21542072103732385
2.69,0.5000630291569265,-0.21541309846818865
2.691,0.5000574975782105,-0.21540548036135473
2.692,0.5000520260104145,-0.21539786671682198
2.693,0.5000466144535386,-0.21539025753459048
2.694,0.5000412426899292,-0.21538265368123655
2.695,0.5000359113973664,-0.215375055127709
2.696,0.5000306339634696,-0.21536746130018278
2.697,0.5000254103882388,-0.21535987219865793
2.698,0.5000202406716739,-0.21535228782313445
2.699,0.5000151248137752,-0.21534470817361231
2.7,0.5000100628145424,-0.21533713325009154
2.701,0.5000050546739757,-0.21532956305257211
2.702,0.500000100392075,-0.21532199758105408
2.703,0.4999951999688403,-0.2153144368355374
2.704,0.4999903534042716,-0.21530688081602203
2.705,0.49998553469591017,-0.21529933067922435
2.706,0.499980758874662,-0.2152917857564963
2.707,0.49997603139056745,-0.2152842458053934
2.708,0.49997135224362665,-0.21527671082591568
2.709,0.4999667214338397,-0.21526918081806318
2.71,0.49996213896120634,-0.2152616557818358
2.711,0.4999576048257268,-0.21525413571723365
2.712,0.499953119027401,-0.21524662062425665
2.713,0.49994868156622896,-0.21523911050290487
2.714,0.49994429244221067,-0.21523160535317823
2.715,0.4999399503831117,-0.21522410523373015
2.716,0.4999356285455558,-0.21521661138211107
2.717,0.49993135008973105,-0.21520912273057521
2.718,0.4999271150156375,-0.21520163927912261
2.719,0.4999229233232752,-0.2151941610277532
2.72,0.4999187750126441,-0.2151866879764671
2.721,0.4999146700837442,-0.21517922012526416
2.722,0.4999106085365755,-0.2151717574741445
2.723,0.499906590371138,-0.21516430002310802
2.724,0.49990261558743165,-0.2151568477721548
2.725,0.4998986841854565,-0.21514940072128483
2.726,0.4998947846955996,-0.21514195942742023
2.727,0.49989089459725605,-0.21513452498407878
2.728,0.4998870405062213,-0.21512709609889535
2.729,0.4998832224224954,-0.21511967277187
2.73,0.4998794403460783,-0.21511225500300268
2.731,0.49987569427697004,-0.2151048427922934
2.732,0.49987198421517065,-0.2150974361397421
2.733,0.49986831016068006,-0.2150900350453489
2.734,0.4998646721134983,-0.21508263950911374
2.735,0.4998610700736254,-0.21507524953103663
2.736,0.4998575040410613,-0.21506786511111753
2.737,0.49985397401580606,-0.21506048624935648
2.738,0.49985047999785964,-0.2150531129457535
2.739,0.49984702198722203,-0.21504574520030853
2.74,0.49984359998389327,-0.21503838301302158
2.741,0.49984021398787337,-0.2150310263838927
2.742,0.4998368639991623,-0.21502367531292185
2.743,0.49983355001776003,-0.21501632980010907
2.744,0.4998302720436666,-0.21500898984545427
2.745,0.49982703007688195,-0.21500165544895755
2.746,0.49982382411740617,-0.21499432661061887
2.747,0.49982065416523924,-0.21498700333043824
2.748,0.4998174863475082,-0.21497968734489703
2.749,0.49981433968273326,-0.21497237767901722
2.75,0.49981122496995595,-0.21496507377918966
2.751,0.49980814220917635,-0.21495777564541424
2.752,0.49980509140039436,-0.21495048327769106
2.753,0.49980207254361014,-0.21494319667602005
2.754,0.4997990856388235,-0.21493591584040125
2.755,0.4997961306860347,-0.21492864077083468
2.756,0.49979320768524343,-0.21492137146732024
2.757,0.4997903166364499,-0.21491410792985804
2.758,0.49978745753965403,-0.21490685015844804
2.759,0.49978463039485593,-0.21489959815309023
2.76,0.4997818352020554,-0.21489235191378459
2.761,0.4997790719612526,-0.21488511144053118
2.762,0.49977634067244747,-0.21487787673332995
2.763,0.49977364133564,-0.21487064779218093
2.764,0.4997709739508303,-0.2148634246170841
2.765,0.4997683385180182,-0.21485620720803947
2.766,0.49976573503720384,-0.21484899556504702
2.767,0.49976314164836366,-0.2148417908341388
2.768,0.4997605390755385,-0.21483459402587482
2.769,0.4997579624894171,-0.2148274032963991
2.77,0.4997554118899996,-0.21482021864571166
2.771,0.4997528872772859,-0.21481304007381247
2.772,0.499750388651276,-0.21480586758070153
2.773,0.49974791601197005,-0.21479870116637884
2.774,0.49974546935936787,-0.21479154083084442
2.775,0.4997430486934695,-0.21478438657409826
2.776,0.4997406540142751,-0.21477723839614035
2.777,0.49973828532178444,-0.21477009629697072
2.778,0.49973594261599763,-0.21476296027658934
2.779,0.49973362589691467,-0.21475583033499623
2.78,0.49973133516453555,-0.21474870647219138
2.781,0.4997290704188603,-0.21474158868817478
2.782,0.4997268316598889,-0.21473447698294645
2.783,0.4997246188876213,-0.21472737135650638
2.784,0.4997224321020576,-0.21472027180885456
2.785,0.4997202713031977,-0.21471317833999098
2.786,0.49971813649104163,-0.2147060909499157
2.787,0.49971598344016477,-0.21469901204341352
2.788,0.49971385168112575,-0.21469193947098586
2.789,0.499711741533788,-0.21468487321523988
2.79,0.4997096529981515,-0.2146778132761757
2.791,0.49970758607421634,-0.2146707596537932
2.792,0.4997055407619825,-0.21466371234809245
2.793,0.4997035170614499,-0.21465667135907346
2.794,0.49970151497261855,-0.21464963668673617
2.795,0.49969953449548854,-0.21464260833108062
2.796,0.4996975756300598,-0.21463558629210683
2.797,0.49969563837633235,-0.21462857056981474
2.798,0.4996937227343062,-0.2146215611642044
2.799,0.4996918287039813,-0.2146145580752758
2.8,0.49968995628535773,-0.2146075613030289
2.801,0.4996881054784354,-0.21460057084746376
2.802,0.4996862762832144,-0.21459358670858036
2.803,0.4996844686996947,-0.21458660888637868
2.804,0.49968268272787625,-0.21457963738085872
2.805,0.4996809183677591,-0.21457267219202053
2.806,0.4996791522872761,-0.21456571462375582
2.807,0.4996773900700768,-0.21455876436402738
2.808,0.49967564566193173,-0.21455182063348824
2.809,0.499673919062841,-0.21454488343213837
2.81,0.49967221027280456,-0.21453795275997775
2.811,0.49967051929182255,-0.21453102861700643
2.812,0.49966884611989476,-0.21452411100322435
2.813,0.4996671907570213,-0.21451719991863155
2.814,0.49966555320320216,-0.21451029536322805
2.815,0.49966393345843735,-0.2145033973370138
2.816,0.4996623315227269,-0.2144965058399888
2.817,0.4996607473960707,-0.21448962087215315
2.818,0.49965918107846885,-0.2144827424335067
2.819,0.49965763256992135,-0.21447587052404954
2.82,0.4996561018704282,-0.21446900514378167
2.821,0.4996545889799893,-0.21446214629270308
2.822,0.49965309389860474,-0.21445529397081373
2.823,0.4996516166262745,-0.21444844817811368
2.824,0.49965015716299854,-0.2144416089146029
2.825,0.49964870822759955,-0.2144347765943909
2.826,0.4996472514700195,-0.21442795226111852
2.827,0.4996458093642712,-0.21442113463659923
2.828,0.49964438191035493,-0.21441432372083302
2.829,0.49964296910827044,-0.21440751951381987
2.83,0.49964157095801776,-0.21440072201555982
2.831,0.499640187459597,-0.21439393122605283
2.832,0.4996388186130081,-0.2143871471452989
2.833,0.4996374644182511,-0.21438036977329808
2.834,0.4996361248753259,-0.21437359911005033
2.835,0.49963479998423255,-0.21436683515555563
2.836,0.4996334897449711,-0.21436007790981404
2.837,0.49963219415754156,-0.21435332737282548
2.838,0.4996309132219438,-0.21434658354459002
2.839,0.49962964693817796,-0.21433984642510764
2.84,0.499628395306244,-0.21433311601437832
2.841,0.49962715832614185,-0.2143263923124021
2.842,0.4996259359978716,-0.21431967531917895
2.843,0.4996247283214332,-0.2143129650347089
2.844,0.4996235352968267,-0.2143062614589919
2.845,0.49962233429070724,-0.21429956588179755
2.846,0.4996211417204371,-0.21429287736757635
2.847,0.4996199611902161,-0.21428619571094162
2.848,0.49961879270004445,-0.21427952091189342
2.849,0.49961763624992195,-0.21427285297043167
2.85,0.4996164918398488,-0.2142661918865564
2.851,0.49961535946982477,-0.21425953766026765
2.852,0.4996142391398501,-0.21425289029156533
2.853,0.4996131308499246,-0.2142462497804495
2.854,0.4996120346000484,-0.2142396161269202
2.855,0.49961095039022135,-0.21423298933097734
2.856,0.4996098782204436,-0.21422636939262094
2.857,0.49960881809071506,-0.21421975631185106
2.858,0.49960777000103584,-0.21421315008866765
2.859,0.4996067339514058,-0.2142065507230707
2.86,0.49960570994182507,-0.21419995821506027
2.861,0.4996046979722935,-0.21419337256463628
2.862,0.49960369804281124,-0.2141867937717988
2.863,0.49960271015337815,-0.2141802218365478
2.864,0.49960172409834597,-0.2141736573285094
2.865,0.4996007373429478,-0.21416710038916115
2.866,0.49959976047651156,-0.21416055042746188
2.867,0.49959879349903713,-0.21415400744341156
2.868,0.49959783641052447,-0.21414747143701027
2.869,0.4995968892109736,-0.21414094240825793
2.87,0.4995959519003846,-0.21413442035715458
2.871,0.4995950244787574,-0.2141279052837002
2.872,0.499594106946092,-0.2141213971878948
2.873,0.49959319930238844,-0.2141148960697384
2.874,0.4995923015476467,-0.21410840192923097
2.875,0.4995914136818668,-0.2141019147663725
2.876,0.49959053570504863,-0.21409543458116304
2.877,0.49958966761719237,-0.21408896137360253
2.878,0.49958880941829786,-0.21408249514369104
2.879,0.4995879611083652,-0.21407603589142848
2.88,0.4995871226873943,-0.21406958361681494
2.881,0.4995862941553853,-0.21406313831985038
2.882,0.4995854755123381,-0.21405670000053478
2.883,0.4995846650492709,-0.21405026874932098
2.884,0.4995838479887273,-0.21404384534834858
2.885,0.4995830390486333,-0.2140374290186288
2.886,0.4995822382289892,-0.21403101976016162
2.887,0.49958144552979467,-0.21402461757294702
2.888,0.49958066095104986,-0.214018222456985
2.889,0.4995798844927547,-0.21401183441227564
2.89,0.49957911615490935,-0.21400545343881885
2.891,0.49957835593751365,-0.21399907953661468
2.892,0.49957760384056765,-0.21399271270566309
2.893,0.4995768598640713,-0.2139863529459641
2.894,0.4995761240080247,-0.2139800002575177
2.895,0.4995753962724278,-0.21397365464032395
2.896,0.4995746766572806,-0.21396731609438274
2.897,0.49957396516258307,-0.21396098461969415
2.898,0.4995732617883353,-0.21395466021625817
2.899,0.49957256653453713,-0.2139483428840748
2.9,0.49957187940118875,-0.213942032623144
2.901,0.49957120038829,-0.2139357294334658
2.902,0.499570529495841,-0.21392943331504025
2.903,0.49956985620470706,-0.21392314477041
2.904,0.4995691857053188,-0.21391686355160672
2.905,0.4995685218737695,-0.21391058947345326
2.906,0.4995678647100593,-0.21390432253594965
2.907,0.4995672142141883,-0.21389806273909584
2.908,0.4995665703861563,-0.21389181008289193
2.909,0.49956593322596343,-0.21388556456733784
2.91,0.4995653027336096,-0.2138793261924336
2.911,0.49956467890909495,-0.2138730949581792
2.912,0.49956406175241935,-0.21386687086457462
2.913,0.4995634512635828,-0.21386065391161993
2.914,0.49956284744258544,-0.21385444409931506
2.915,0.4995622502894271,-0.21384824142766
2.916,0.4995616598041078,-0.21384204589665481
2.917,0.49956107598662775,-0.2138358575062995
2.918,0.49956049883698667,-0.213829676256594
2.919,0.49955992835518465,-0.2138235021475383
2.92,0.4995593645412218,-0.21381733517913248
2.921,0.49955880739509806,-0.21381117535137653
2.922,0.49955825064126164,-0.2138050228679106
2.923,0.4995576872287922,-0.21379887795753547
2.924,0.4995571286228431,-0.21379274024820955
2.925,0.49955657482341453,-0.21378660973993283
2.926,0.49955602583050635,-0.21378048643270528
2.927,0.49955548164411856,-0.21377437032652696
2.928,0.4995549422642512,-0.21376826142139788
2.929,0.49955440769090415,-0.21376215971731796
2.93,0.49955387792407757,-0.21375606521428728
2.931,0.49955335296377135,-0.2137499779123058
2.932,0.4995528328099856,-0.2137438978113735
2.933,0.49955231746272016,-0.2137378249114904
2.934,0.4995518069219752,-0.21373175921265655
2.935,0.4995513011877506,-0.21372570071487187
2.936,0.49955080026004645,-0.21371964941813643
2.937,0.4995503041388627,-0.21371360532245018
2.938,0.4995498128241993,-0.21370756842781313
2.939,0.4995493263160563,-0.21370153873422526
2.94,0.4995488446144337,-0.21369551624168662
2.941,0.4995483677193316,-0.21368950095019718
2.942,0.4995478956307498,-0.21368349285975696
2.943,0.4995474283486885,-0.21367749197036595
2.944,0.4995469658731475,-0.2136714982820241
2.945,0.499546508204127,-0.21366551179473148
2.946,0.4995460553416268,-0.21365953250848807
2.947,0.499545607285647,-0.2136535604232939
2.948,0.4995451640361877,-0.2136475955391489
2.949,0.49954472559324875,-0.21364163785605308
2.95,0.49954429195683026,-0.2136356873740065
2.951,0.4995438631269321,-0.2136297440930091
2.952,0.49954343910355437,-0.21362380801306094
2.953,0.499543019886697,-0.21361787913416197
2.954,0.49954260547636015,-0.2136119574563122
2.955,0.49954219587254356,-0.21360604297951166
2.956,0.49954179107524743,-0.2136001357037603
2.957,0.4995413910844717,-0.21359423562905813
2.958,0.4995409959002164,-0.2135883427554052
2.959,0.49954060552248153,-0.21358245708280144
2.96,0.499540219951267,-0.21357657861124693
2.961,0.4995398275878168,-0.21357070735936562
2.962,0.4995394309914943,-0.213564843323048
2.963,0.49953903819314716,-0.213558986489399
2.964,0.4995386491927753,-0.21355313685841865
2.965,0.49953826399037876,-0.21354729443010692
2.966,0.49953788258595755,-0.21354145920446377
2.967,0.4995375049795116,-0.21353563118148924
2.968,0.499537131171041,-0.21352981036118335
2.969,0.49953676116054563,-0.21352399674354608
2.97,0.49953639494802565,-0.2135181903285774
2.971,0.4995360325334809,-0.21351239111627734
2.972,0.4995356739169115,-0.21350659910664593
2.973,0.4995353190983174,-0.21350081429968315
2.974,0.4995349680776986,-0.21349503669538894
2.975,0.4995346208550551,-0.21348926629376339
2.976,0.4995342774303869,-0.21348350309480643
2.977,0.49953393780369404,-0.2134777470985181
2.978,0.4995336019749765,-0.21347199830489835
2.979,0.4995332699442342,-0.21346625671394728
2.98,0.4995329417114672,-0.21346052232566481
2.981,0.49953261727667553,-0.21345479514005095
2.982,0.49953229663985915,-0.2134490751571057
2.983,0.4995319798010181,-0.2134433623768291
2.984,0.4995316667601524,-0.21343765679922108
2.985,0.49953135751726196,-0.2134319584242817
2.986,0.4995310520723468,-0.21342626725201091
2.987,0.49953075042540696,-0.2134205832824088
2.988,0.49953045257644246,-0.21341490651547526
2.989,0.4995301585254532,-0.21340923695121033
2.99,0.4995298682724393,-0.21340357458961406
2.991,0.49952958181740065,-0.21339791943068637
2.992,0.49952929916033734,-0.21339227147442733
2.993,0.4995290203012494,-0.21338663072083688
2.994,0.4995287452401367,-0.21338099716991504
2.995,0.4995284739769993,-0.21337537082166186
2.996,0.49952820651183716,-0.21336975167607727
2.997,0.4995279428446504,-0.21336413973316132
2.998,0.4995276829754389,-0.21335853499291396
2.999,0.4995274269042027,-0.21335293745533523
3,0.49952715551591803,-0.21334734658932583
3.0000000005000507,0.4995271555157811,-0.21334734658653184
3.0000000005000507,0.4995271555157811,-0.21334734658653184
3.001,0.49952690555052015,-0.21334176472044267
3.002,0.499526658761811,-0.21333619258967135
3.003,0.4995264163463458,-0.2133306346775819
3.004,0.499526174148578,-0.2133250774734655
3.005,0.4995259398307324,-0.21331954691126226
3.006,0.49952570634967786,-0.21331401917823828
3.007,0.4995254728686233,-0.21330849144521427
3.008,0.49952523938756876,-0.2133029637121903
3.009,0.49952501893515666,-0.2132974834878929
3.01,0.4995248015785878,-0.21329201455253616
3.011,0.49952458422201895,-0.2132865456171794
3.012,0.49952436686545015,-0.21328107668182267
3.013,0.4995241495088813,-0.21327560774646592
3.014,0.49952393215231244,-0.2132701388111092
3.015,0.49952371479574365,-0.21326466987575246
3.016,0.4995234974391748,-0.21325920094039572
3.017,0.49952328926657563,-0.21325376811044985
3.018,0.4995230868188623,-0.21324835778704118
3.019,0.499522884371149,-0.21324294746363248
3.02,0.4995226819234357,-0.21323753714022378
3.021,0.4995224794757224,-0.2132321268168151
3.022,0.4995222770280091,-0.2132267164934064
3.023,0.4995220745802958,-0.2132213061699977
3.024,0.4995218721325825,-0.21321589584658904
3.025,0.49952168057109136,-0.2132105349104739
3.026,0.49952150379771654,-0.21320524106329258
3.027,0.4995213270243417,-0.21319994721611127
3.028,0.4995211502509669,-0.21319465336892995
3.029,0.49952097347759206,-0.21318935952174864
3.03,0.49952079670421723,-0.21318406567456732
3.031,0.4995206199308424,-0.213178771827386
3.032,0.4995204431574676,-0.21317347798020467
3.033,0.49952026638409275,-0.21316818413302335
3.034,0.4995200896107179,-0.21316289028584204
3.035,0.4995199128373431,-0.21315759643866072
3.036,0.49951973606396827,-0.2131523025914794
3.037,0.49951955929059344,-0.2131470087442981
3.038,0.4995193825172186,-0.21314171489711678
3.039,0.4995192057438438,-0.21313642104993546
3.04,0.49951902897046896,-0.21313112720275415
3.041,0.49951885300280235,-0.21312583750900616
3.042,0.49951869636207524,-0.2131206474458128
3.043,0.49951853972134813,-0.21311545738261944
3.044,0.4995183830806211,-0.2131102673194261
3.045,0.49951822643989396,-0.21310507725623273
3.046,0.49951806979916685,-0.21309988719303938
3.047,0.4995179131584398,-0.21309469712984602
3.048,0.4995177565177127,-0.21308950706665267
3.049,0.4995175998769856,-0.2130843170034593
3.05,0.4995174432362585,-0.21307912694026596
3.051,0.4995172865955314,-0.2130739368770726
3.052,0.4995171299548043,-0.21306874681387925
3.053,0.49951697331407724,-0.2130635567506859
3.054,0.49951681667335013,-0.21305836668749253
3.055,0.499516660032623,-0.21305317662429918
3.056,0.49951650878446013,-0.21304801862529774
3.057,0.499516370459165,-0.2130429374656805
3.058,0.4995162321338699,-0.21303785630606326
3.059,0.4995160938085748,-0.21303277514644603
3.06,0.4995159554832797,-0.21302769398682878
3.061,0.49951581715798465,-0.21302261282721155
3.062,0.49951567883268955,-0.2130175316675943
3.063,0.49951554050739444,-0.21301245050797707
3.064,0.49951540218209933,-0.21300736934835982
3.065,0.4995152638568042,-0.2130022881887426
3.066,0.4995151255315091,-0.21299720702912533
3.067,0.499514987206214,-0.21299212586950808
3.068,0.4995148488809189,-0.21298704470989085
3.069,0.4995147105556238,-0.2129819635502736
3.07,0.4995145722303287,-0.21297688239065637
3.071,0.4995144422382988,-0.2129718572081817
3.072,0.49951431909656396,-0.21296687804127662
3.073,0.49951419595482915,-0.21296189887437156
3.074,0.4995140728130943,-0.2129569197074665
3.075,0.4995139496713595,-0.2129519405405614
3.076,0.49951382652962467,-0.21294696137365635
3.077,0.4995137033878898,-0.21294198220675128
3.078,0.499513580246155,-0.21293700303984622
3.079,0.4995134571044202,-0.21293202387294113
3.08,0.4995133339626853,-0.21292704470603607
3.081,0.4995132108209505,-0.212922065539131
3.082,0.4995130876792157,-0.21291708637222592
3.083,0.49951296453748084,-0.21291210720532086
3.084,0.49951284139574603,-0.2129071280384158
3.085,0.4995127182540112,-0.21290214887151074
3.086,0.49951259925586394,-0.21289720214894226
3.087,0.4995124818709626,-0.2128922680581076
3.088,0.4995123651495938,-0.21288733916273986
3.089,0.49951224909175745,-0.21288241546283904
3.09,0.4995121336974537,-0.21287749695840508
3.091,0.4995120189666824,-0.212872583649438
3.092,0.4995119048994436,-0.21286767553593786
3.093,0.4995117914957373,-0.21286277261790465
3.094,0.4995116787555635,-0.21285787489533828
3.095,0.49951156667892227,-0.21285298236823882
3.096,0.4995114552658134,-0.2128480950366063
3.097,0.4995113445162372,-0.21284321290044067
3.098,0.49951123443019346,-0.21283833595974191
3.099,0.4995111250076822,-0.21283346421451008
3.1,0.4995110162487034,-0.21282859766474513
3.101,0.49951090815325716,-0.2128237363104471
3.102,0.49951080072134346,-0.21281888015161596
3.103,0.4995106939529622,-0.2128140291882517
3.104,0.4995105878481135,-0.21280918342035435
3.105,0.4995104824067973,-0.21280434284792393
3.106,0.4995103776290135,-0.2127995074709604
3.107,0.49951027351476235,-0.21279467728946375
3.108,0.4995101700640436,-0.21278985230343403
3.109,0.49951006727685743,-0.2127850325128712
3.11,0.4995099651532037,-0.21278021791777527
3.111,0.49950986369308253,-0.21277540851814622
3.112,0.49950976289649385,-0.2127706043139841
3.113,0.4995096627634376,-0.21276580530528888
3.114,0.499509563293914,-0.21276101149206053
3.115,0.4995094646938747,-0.21275622779751557
3.116,0.4995093672404531,-0.2127514608464377
3.117,0.4995092704948532,-0.21274670014954813
3.118,0.49950917445707516,-0.2127419457068469
3.119,0.4995090791271189,-0.212737197518334
3.12,0.49950898450498443,-0.21273245558400938
3.121,0.4995088905906717,-0.2127277199038731
3.122,0.49950879738418075,-0.21272299047792514
3.123,0.49950870488551163,-0.21271826730616544
3.124,0.49950861309466427,-0.2127135503885941
3.125,0.4995085220116387,-0.2127088397252111
3.126,0.49950843163643494,-0.21270413531601637
3.127,0.49950834196905286,-0.21269943716100997
3.128,0.49950825300949264,-0.21269474526019191
3.129,0.49950816475775417,-0.21269005961356216
3.13,0.4995080772138375,-0.21268538022112068
3.131,0.49950799037774263,-0.21268070708286754
3.132,0.4995079042494695,-0.21267604019880273
3.133,0.4995078188290182,-0.21267137956892623
3.134,0.49950773411638866,-0.21266672519323804
3.135,0.4995076501115809,-0.21266207707173818
3.136,0.49950756681459496,-0.21265743520442662
3.137,0.4995074842254307,-0.21265279959130334
3.138,0.4995074023440883,-0.21264817023236843
3.139,0.4995073211705677,-0.21264354712762182
3.14,0.49950724070486885,-0.21263893027706351
3.141,0.49950716094699177,-0.21263431968069355
3.142,0.49950708189693654,-0.21262971533851188
3.143,0.49950700355470296,-0.21262511725051852
3.144,0.4995069259202913,-0.21262052541671347
3.145,0.4995068476116681,-0.2126159435865529
3.146,0.4995067696081467,-0.21261136910315978
3.147,0.4995066922013615,-0.21260680117533026
3.148,0.49950661539131247,-0.21260223980306434
3.149,0.4995065391779996,-0.21259768498636206
3.15,0.49950646356142286,-0.21259313672522334
3.151,0.4995063885415823,-0.21258859501964822
3.152,0.4995063141184779,-0.21258405986963672
3.153,0.49950624029210966,-0.21257953127518883
3.154,0.4995061670624776,-0.21257500923630454
3.155,0.4995060944295816,-0.21257049375298384
3.156,0.49950602239342184,-0.21256598482522673
3.157,0.4995059509539983,-0.21256148245303325
3.158,0.4995058801113108,-0.21255698663640338
3.159,0.49950580986535953,-0.2125524973753371
3.16,0.4995057402161444,-0.21254801466983442
3.161,0.4995056711636654,-0.21254353851989535
3.162,0.4995056027079226,-0.21253906892551988
3.163,0.4995055348489159,-0.212534605886708
3.164,0.49950546758664544,-0.21253014940345974
3.165,0.49950540092111106,-0.21252569947577507
3.166,0.49950533485231285,-0.21252125610365405
3.167,0.49950526938025086,-0.2125168192870966
3.168,0.49950520450492497,-0.21251238902610275
3.169,0.49950514022633524,-0.2125079653206725
3.17,0.49950507654448173,-0.21250354817080586
3.171,0.4995050134593643,-0.21249913757650282
3.172,0.4995049509709831,-0.21249473353776338
3.173,0.499504889079338,-0.21249033605458756
3.174,0.49950482672563806,-0.2124859442792343
3.175,0.49950476267275684,-0.21248155722117495
3.176,0.499504699001225,-0.21247717654622575
3.177,0.4995046357110427,-0.2124728022543867
3.178,0.4995045728022097,-0.21246843434565776
3.179,0.4995045102747262,-0.21246407282003898
3.18,0.49950444812859207,-0.21245971767753036
3.181,0.4995043863638074,-0.21245536891813188
3.182,0.49950432498037217,-0.21245102654184359
3.183,0.4995042639782863,-0.21244669054866538
3.184,0.4995042033575499,-0.21244236093859734
3.185,0.49950414311816294,-0.21243803771163944
3.186,0.4995040832601254,-0.2124337208677917
3.187,0.4995040237834373,-0.21242941040705407
3.188,0.4995039646880986,-0.2124251063294266
3.189,0.49950390597410926,-0.21242080863490928
3.19,0.49950384764146943,-0.21241651732350214
3.191,0.499503789690179,-0.2124122323952051
3.192,0.499503732120238,-0.2124079538500182
3.193,0.49950367493164644,-0.21240368168794146
3.194,0.4995036181244043,-0.21239941590897488
3.195,0.4995035616985115,-0.2123951565131184
3.196,0.49950350565396817,-0.21239090350037212
3.197,0.49950344999077434,-0.21238665687073596
3.198,0.49950339470892985,-0.21238241662420995
3.199,0.49950333980843487,-0.2123781827607941
3.2,0.4995032852892892,-0.21237395528048836
3.201,0.4995032311514931,-0.21236973418329277
3.202,0.4995031773950463,-0.21236551946920734
3.203,0.499503124019949,-0.21236131113823206
3.204,0.49950307102620106,-0.2123571091903669
3.205,0.4995030184138026,-0.2123529136256119
3.206,0.4995029661827535,-0.21234872444396705
3.207,0.4995029143330539,-0.21234454164543237
3.208,0.4995028628647037,-0.2123403652300078
3.209,0.4995028117777029,-0.2123361951976934
3.21,0.49950276107205155,-0.21233203154848912
3.211,0.49950271074774955,-0.21232787428239497
3.212,0.4995026608047971,-0.212323723399411
3.213,0.49950261124319395,-0.21231957889953715
3.214,0.49950256206294036,-0.21231544078277345
3.215,0.4995025132640361,-0.2123113090491199
3.216,0.4995024648464813,-0.2123071836985765
3.217,0.4995024168102759,-0.21230306473114327
3.218,0.49950236915541996,-0.21229895214682015
3.219,0.4995023218819134,-0.21229484594560716
3.22,0.4995022749897563,-0.21229074612750434
3.221,0.4995022284789486,-0.21228665269251165
3.222,0.49950218234949034,-0.21228256564062914
3.223,0.4995021366013815,-0.21227848497185672
3.224,0.4995020912346221,-0.2122744106861945
3.225,0.4995020462492121,-0.21227034278364243
3.226,0.4995020016451515,-0.21226628126420047
3.227,0.4995019574224404,-0.21226222612786866
3.228,0.49950191358107865,-0.21225817737464697
3.229,0.4995018701210664,-0.21225413500453547
3.23,0.4995018270424035,-0.21225009901753408
3.231,0.49950178434509007,-0.21224606941364285
3.232,0.49950174202912606,-0.21224204619286177
3.233,0.49950169907922026,-0.21223802678821757
3.234,0.49950165453632045,-0.212234008774927
3.235,0.4995016102762275,-0.21222999689560013
3.236,0.49950156629894144,-0.21222599115023696
3.237,0.49950152260446207,-0.21222199153883747
3.238,0.49950147919278964,-0.21221799806140168
3.239,0.49950143606392405,-0.2122140107179296
3.24,0.49950139321786524,-0.21221002950842122
3.241,0.49950135065461326,-0.21220605443287655
3.242,0.4995013083741682,-0.21220208549129552
3.243,0.4995012663765298,-0.21219812268367824
3.244,0.49950122466169833,-0.21219416601002464
3.245,0.4995011832296737,-0.21219021547033473
3.246,0.4995011420804559,-0.21218627106460855
3.247,0.4995011012140449,-0.21218233279284604
3.248,0.49950106063044075,-0.2121784006550472
3.249,0.4995010203296434,-0.2121744746512121
3.25,0.4995009803116529,-0.2121705547813407
3.251,0.49950094057646927,-0.21216664104543298
3.252,0.49950090112409246,-0.21216273344348896
3.253,0.4995008619545224,-0.2121588319755086
3.254,0.4995008230677593,-0.212154936641492
3.255,0.4995007844638029,-0.21215104744143906
3.256,0.4995007461426534,-0.21214716437534983
3.257,0.4995007081043107,-0.2121432874432243
3.258,0.4995006703487749,-0.21213941664506245
3.259,0.49950063287604585,-0.2121355519808643
3.26,0.49950059568612365,-0.21213169345062988
3.261,0.49950055877900834,-0.21212784105435914
3.262,0.49950052215469976,-0.2121239947920521
3.263,0.49950048581319806,-0.21212015466370873
3.264,0.4995004497545032,-0.21211632066932906
3.265,0.49950041397861517,-0.21211249280891312
3.266,0.49950037848553397,-0.21210867108246087
3.267,0.49950034327525955,-0.2121048554899723
3.268,0.49950030834779197,-0.21210104603144744
3.269,0.49950027370313127,-0.21209724270688626
3.27,0.4995002393412774,-0.21209344551628878
3.271,0.4995002052622303,-0.21208965445965502
3.272,0.49950017146599013,-0.21208586953698494
3.273,0.4995001379525567,-0.21208209074827858
3.274,0.4995001047219301,-0.21207831809353586
3.275,0.4995000717741104,-0.2120745515727569
3.276,0.49950003910909746,-0.2120707911859416
3.277,0.49950000672689143,-0.21206703693309
3.278,0.4994999746274922,-0.21206328881420214
3.279,0.49949994281089977,-0.21205954682927794
3.28,0.4994999112771142,-0.2120558109783174
3.281,0.4994998800261354,-0.2120520812613206
3.282,0.49949984905796346,-0.21204835767828753
3.283,0.4994998183725984,-0.21204464022921812
3.284,0.49949978797004013,-0.21204092891411241
3.285,0.49949975785028866,-0.21203722373297038
3.286,0.4994997280133441,-0.21203352468579206
3.287,0.4994996984592063,-0.21202983177257745
3.288,0.4994996691878753,-0.21202614499332653
3.289,0.4994996401993512,-0.2120224643480393
3.29,0.4994996114936339,-0.21201878983671577
3.291,0.4994995830707235,-0.21201512145935594
3.292,0.4994995537314345,-0.21201145548334976
3.293,0.4994995225126322,-0.2120077889108232
3.294,0.49949949146590106,-0.21200412812758224
3.295,0.4994994605912412,-0.21200047313362683
3.296,0.4994994298886524,-0.211996823928957
3.297,0.49949939935813487,-0.21199318051357274
3.298,0.4994993689996885,-0.21198954288747404
3.299,0.4994993388133133,-0.21198591105066092
3.3,0.4994993087990094,-0.21198228500313337
3.301,0.4994992789567766,-0.2119786647448914
3.302,0.499499249286615,-0.21197505027593502
3.303,0.4994992197885246,-0.21197144159626422
3.304,0.49949919046250535,-0.21196783870587896
3.305,0.4994991613085573,-0.21196424160477928
3.306,0.49949913232668053,-0.21196065029296518
3.307,0.4994991035168749,-0.21195706477043666
3.308,0.4994990748791404,-0.21195348503719372
3.309,0.49949904641347714,-0.21194991109323633
3.31,0.49949901811988506,-0.2119463429385645
3.311,0.49949898999836423,-0.21194278057317828
3.312,0.49949896204891453,-0.21193922399707762
3.313,0.499498934271536,-0.21193567321026255
3.314,0.4994989066662287,-0.21193212821273305
3.315,0.49949887923299263,-0.2119285890044891
3.316,0.49949885197182775,-0.21192505558553074
3.317,0.499498824882734,-0.21192152795585797
3.318,0.49949879796571145,-0.21191800611547074
3.319,0.4994987712207601,-0.2119144900643691
3.32,0.4994987446478799,-0.21191097980255305
3.321,0.4994987182470709,-0.21190747533002255
3.322,0.49949869201833325,-0.21190397664677763
3.323,0.49949866596166664,-0.2119004837528183
3.324,0.49949864007707123,-0.21189699664814454
3.325,0.499498614364547,-0.21189351533275635
3.326,0.499498588824094,-0.21189003980665372
3.327,0.49949856345571225,-0.2118865700698367
3.328,0.4994985382594016,-0.2118831061223052
3.329,0.49949851323516214,-0.2118796479640593
3.33,0.4994984883829939,-0.211876195595099
3.331,0.49949846370289686,-0.21187274901542422
3.332,0.499498439194871,-0.21186930822503505
3.333,0.49949841485891633,-0.21186587322393144
3.334,0.4994983906950328,-0.2118624440121134
3.335,0.49949836670322056,-0.21185902058958095
3.336,0.49949834288347944,-0.21185560295633407
3.337,0.4994983192358095,-0.21185219111237275
3.338,0.4994982957602109,-0.21184878505769703
3.339,0.4994982724566833,-0.21184538479230686
3.34,0.49949824932522696,-0.21184199031620227
3.341,0.49949822636584185,-0.21183860162938326
3.342,0.49949820357852787,-0.2118352187318498
3.343,0.49949818096328513,-0.21183184162360194
3.344,0.4994981585201136,-0.21182847030463964
3.345,0.4994981362490132,-0.2118251047749629
3.346,0.49949811414998396,-0.21182174503457177
3.347,0.499498092223026,-0.2118183910834662
3.348,0.4994980704681392,-0.2118150429216462
3.349,0.4994980488853236,-0.21181170054911178
3.35,0.49949802747457916,-0.21180836396586294
3.351,0.4994980054454788,-0.21180502899528986
3.352,0.4994979822646871,-0.2118016928192534
3.353,0.4994979591863608,-0.21179836206470617
3.354,0.49949793621049987,-0.21179503673164815
3.355,0.49949791333710436,-0.2117917168200793
3.356,0.49949789056617433,-0.21178840232999965
3.357,0.4994978678977096,-0.21178509326140924
3.358,0.49949784533171027,-0.21178178961430802
3.359,0.4994978228681764,-0.211778491388696
3.36,0.4994978005071079,-0.21177519858457317
3.361,0.4994977782485048,-0.21177191120193956
3.362,0.49949775609236713,-0.21176862924079515
3.363,0.4994977340386948,-0.21176535270113994
3.364,0.49949771208748783,-0.2117620815829739
3.365,0.49949769023874635,-0.2117588158862971
3.366,0.49949766849247024,-0.2117555556111095
3.367,0.4994976468486595,-0.2117523007574111
3.368,0.49949762530731423,-0.2117490513252019
3.369,0.4994976038684343,-0.2117458073144819
3.37,0.49949758253201976,-0.2117425687252511
3.371,0.49949756129807066,-0.2117393355575095
3.372,0.49949754016658693,-0.2117361078112571
3.373,0.49949751913756857,-0.2117328854864939
3.374,0.4994974982110157,-0.21172966858321995
3.375,0.4994974773869281,-0.21172645710143517
3.376,0.499497456665306,-0.21172325104113957
3.377,0.49949743604614927,-0.2117200504023332
3.378,0.4994974155294579,-0.21171685518501604
3.379,0.499497395115232,-0.21171366538918807
3.38,0.4994973748034715,-0.21171048101484927
3.381,0.4994973545941763,-0.2117073020619997
3.382,0.49949733448734657,-0.21170412853063936
3.383,0.49949731448298224,-0.2117009604207682
3.384,0.4994972945810833,-0.21169779773238623
3.385,0.49949727478164974,-0.21169464046549347
3.386,0.4994972550846816,-0.2116914886200899
3.387,0.4994972354901789,-0.21168834219617558
3.388,0.4994972159981415,-0.2116852011937504
3.389,0.4994971966085695,-0.21168206561281447
3.39,0.499497177321463,-0.21167893545336772
3.391,0.49949715813682183,-0.2116758107154102
3.392,0.49949713905464604,-0.21167269139894182
3.393,0.49949712007493574,-0.2116695775039627
3.394,0.49949710119769075,-0.21166646903047276
3.395,0.4994970824229112,-0.21166336597847205
3.396,0.49949706375059705,-0.2116602683479605
3.397,0.4994970451807482,-0.21165717613893817
3.398,0.4994970267133649,-0.21165408935140506
3.399,0.4994970083484469,-0.21165100798536116
3.4,0.49949699008599435,-0.2116479320408064
3.401,0.49949697192600717,-0.2116448615177409
3.402,0.4994969538684854,-0.2116417964161646
3.403,0.49949693591342903,-0.21163873673607747
3.404,0.499496918060838,-0.21163568247747955
3.405,0.4994969003107125,-0.21163263364037085
3.406,0.49949688266305226,-0.21162959022475136
3.407,0.49949686511785746,-0.21162655223062107
3.408,0.49949684767512814,-0.21162351965797993
3.409,0.49949683033486414,-0.21162049250682805
3.41,0.4994968126181533,-0.2116174663140827
3.411,0.49949679425793414,-0.21161443859094156
3.412,0.4994967759598767,-0.21161141591369093
3.413,0.49949675772398083,-0.21160839828233072
3.414,0.49949673955024665,-0.21160538569686096
3.415,0.49949672143867424,-0.2116023781572817
3.416,0.49949670338926344,-0.21159937566359288
3.417,0.4994966854020143,-0.2115963782157945
3.418,0.49949666747692695,-0.21159338581388662
3.419,0.49949664961400114,-0.2115903984578692
3.42,0.49949663181323706,-0.2115874161477422
3.421,0.49949661407463475,-0.2115844388835057
3.422,0.499496596398194,-0.21158146666515967
3.423,0.49949657878391496,-0.21157849949270408
3.424,0.4994965612317977,-0.21157553736613896
3.425,0.499496543741842,-0.2115725802854643
3.426,0.49949652631404806,-0.2115696282506801
3.427,0.49949650894841574,-0.21156668126178638
3.428,0.4994964916449451,-0.2115637393187831
3.429,0.4994964744036362,-0.21156080242167027
3.43,0.49949645722448893,-0.21155787057044795
3.431,0.4994964401075033,-0.21155494376511605
3.432,0.49949642305267944,-0.21155202200567463
3.433,0.4994964060600172,-0.21154910529212367
3.434,0.49949638912951666,-0.21154619362446317
3.435,0.4994963722611778,-0.21154328700269312
3.436,0.49949635545500065,-0.21154038542681358
3.437,0.49949633871098514,-0.21153748889682444
3.438,0.49949632202913136,-0.2115345974127258
3.439,0.4994963054094392,-0.21153171097451762
3.44,0.4994962888519088,-0.21152882958219987
3.441,0.49949627235654,-0.21152595323577264
3.442,0.49949625592333285,-0.21152308193523583
3.443,0.4994962395522875,-0.21152021568058949
3.444,0.49949622324340376,-0.21151735447183362
3.445,0.4994962069966817,-0.2115144983089682
3.446,0.4994961908121213,-0.21151164719199325
3.447,0.4994961746897226,-0.21150880112090878
3.448,0.4994961586294856,-0.21150596009571476
3.449,0.4994961426314103,-0.21150312411641117
3.45,0.49949612669549665,-0.21150029318299807
3.451,0.49949611082174467,-0.21149746729547544
3.452,0.4994960950101544,-0.21149464645384325
3.453,0.49949607926072576,-0.21149183065810154
3.454,0.4994960635734588,-0.2114890199082503
3.455,0.4994960479483536,-0.21148621420428948
3.456,0.49949603238541,-0.21148341354621916
3.457,0.49949601688462814,-0.21148061793403933
3.458,0.4994960014460079,-0.2114778273677499
3.459,0.49949598606954937,-0.21147504184735097
3.46,0.4994959707552526,-0.21147226137284247
3.461,0.4994959555031174,-0.21146948594422446
3.462,0.49949594031314387,-0.2114667155614969
3.463,0.4994959251853321,-0.2114639502246598
3.464,0.499495910119682,-0.21146118993371318
3.465,0.4994958951161935,-0.21145843468865702
3.466,0.4994958801748668,-0.2114556844894913
3.467,0.49949586529570167,-0.21145293933621606
3.468,0.49949585047869827,-0.2114501992288313
3.469,0.499495835448786,-0.21144745952844912
3.47,0.4994958200820669,-0.2114447181456124
3.471,0.4994958047553438,-0.21144198143485488
3.472,0.49949578946861656,-0.2114392493961766
3.473,0.4994957742218853,-0.21143652202957758
3.474,0.4994957590151499,-0.21143379933505776
3.475,0.4994957438484104,-0.21143108131261718
3.476,0.49949572872166687,-0.2114283679622558
3.477,0.4994957136349193,-0.2114256592839737
3.478,0.4994956985881676,-0.2114229552777708
3.479,0.4994956835814118,-0.21142025594364716
3.48,0.49949566861465194,-0.21141756128160272
3.481,0.499495653687888,-0.21141487129163752
3.482,0.49949563880112,-0.21141218597375153
3.483,0.49949562395434793,-0.21140950532794478
3.484,0.4994956091475717,-0.2114068293542173
3.485,0.49949559438079144,-0.211404158052569
3.486,0.49949557965400715,-0.21140149142299997
3.487,0.49949556496721875,-0.21139882946551014
3.488,0.4994955503204262,-0.21139617218009954
3.489,0.49949553571362965,-0.2113935195667682
3.49,0.499495521146829,-0.2113908716255161
3.491,0.4994955066200243,-0.2113882283563432
3.492,0.4994954921332154,-0.2113855897592495
3.493,0.49949547768640257,-0.21138295583423505
3.494,0.4994954632795856,-0.21138032658129985
3.495,0.4994954489127646,-0.21137770200044387
3.496,0.4994954345859395,-0.21137508209166714
3.497,0.4994954202991102,-0.21137246685496963
3.498,0.49949540605227694,-0.21136985629035135
3.499,0.49949539184543956,-0.2113672503978123
3.5,0.49949537767859814,-0.21136464917735245
3.501,0.49949536355175256,-0.21136205262897187
3.502,0.499495349464903,-0.2113594607526705
3.503,0.4994953354180493,-0.21135687354844837
3.504,0.4994953214111916,-0.21135429101630546
3.505,0.49949530744432974,-0.2113517131562418
3.506,0.49949529351746375,-0.21134913996825735
3.507,0.49949527963059376,-0.21134657145235214
3.508,0.49949526578371967,-0.21134400760852617
3.509,0.4994952519768415,-0.2113414484367794
3.51,0.4994952382099593,-0.2113388939371119
3.511,0.49949522448307293,-0.2113363441095236
3.512,0.49949521079618253,-0.21133379895401452
3.513,0.4994951971492881,-0.2113312584705847
3.514,0.49949518354238953,-0.21132872265923414
3.515,0.4994951699754869,-0.21132619151996274
3.516,0.49949515644858017,-0.21132366505277062
3.517,0.49949514296166936,-0.2113211432576577
3.518,0.4994951295147545,-0.21131862613462402
3.519,0.4994951161078355,-0.21131611368366957
3.52,0.49949510274091247,-0.21131360590479437
3.521,0.49949508941398535,-0.21131110279799836
3.522,0.4994950761270542,-0.2113086043632816
3.523,0.4994950628801189,-0.21130611060064408
3.524,0.49949504967317954,-0.21130362151008578
3.525,0.4994950365062361,-0.21130113709160672
3.526,0.4994950233792886,-0.2112986573452069
3.527,0.499495010292337,-0.21129618227088628
3.528,0.4994949970922125,-0.2112937071410849
3.529,0.49949498372501766,-0.21129123029225422
3.53,0.4994949703859793,-0.21128875775007747
3.531,0.49949495707509733,-0.2112862895145546
3.532,0.4994949437923719,-0.2112838255856856
3.533,0.4994949305378029,-0.2112813659634705
3.534,0.49949491731139034,-0.2112789106479093
3.535,0.4994949041131343,-0.21127645963900193
3.536,0.4994948909430347,-0.2112740129367485
3.537,0.4994948778010915,-0.21127157054114895
3.538,0.49949486468730486,-0.21126913245220327
3.539,0.4994948516016746,-0.2112666986699115
3.54,0.49949483854420085,-0.2112642691942736
3.541,0.4994948255148835,-0.21126184402528958
3.542,0.4994948125137227,-0.21125942316295948
3.543,0.4994947995407183,-0.21125700660728325
3.544,0.4994947865958703,-0.21125459435826088
3.545,0.4994947736791789,-0.21125218641589244
3.546,0.49949476079064387,-0.21124978278017784
3.547,0.49949474793026527,-0.21124738345111715
3.548,0.4994947350980432,-0.21124498842871037
3.549,0.49949472229397757,-0.21124259771295745
3.55,0.4994947095180684,-0.2112402113038584
3.551,0.49949469677031566,-0.2112378292014133
3.552,0.49949468405071945,-0.21123545140562203
3.553,0.49949467135927966,-0.21123307791648463
3.554,0.4994946586959963,-0.21123070873400118
3.555,0.4994946460608695,-0.21122834385817157
3.556,0.4994946334538991,-0.21122598328899586
3.557,0.49949462087508517,-0.21122362702647404
3.558,0.49949460832442766,-0.2112212750706061
3.559,0.4994945958019266,-0.21121892742139203
3.56,0.49949458330758206,-0.2112165840788319
3.561,0.499494570841394,-0.2112142450429256
3.562,0.4994945584033623,-0.21121191031367326
3.563,0.49949454599348714,-0.21120957989107472
3.564,0.49949453361176843,-0.2112072537751301
3.565,0.49949452125820615,-0.2112049319658394
3.566,0.49949450893280034,-0.21120261446320254
3.567,0.499494496635551,-0.2112003012672196
3.568,0.4994944843664581,-0.21119799237789053
3.569,0.4994944721255217,-0.21119568779521536
3.57,0.4994944599127417,-0.21119338751919403
3.571,0.49949444772811824,-0.21119109154982665
3.572,0.49949443557165124,-0.21118879988711312
3.573,0.49949442344334066,-0.21118651253105347
3.574,0.49949441134318656,-0.21118422948164775
3.575,0.4994943992711889,-0.21118195073889587
3.576,0.4994943872273477,-0.2111796763027979
3.577,0.49949437521166296,-0.21117740617335382
3.578,0.4994943632241347,-0.21117514035056362
3.579,0.4994943512647629,-0.21117287883442729
3.58,0.49949433933354753,-0.21117062162494488
3.581,0.4994943274304886,-0.21116836872211633
3.582,0.4994943155555862,-0.21116612012594171
3.583,0.49949430370884024,-0.21116387583642093
3.584,0.4994942918902507,-0.21116163585355405
3.585,0.49949428009981767,-0.21115940017734106
3.586,0.49949426833754107,-0.21115716880778193
3.587,0.4994942565183688,-0.2111549369997323
3.588,0.4994942446201013,-0.2111527035146528
3.589,0.4994942327436736,-0.21115047398381842
3.59,0.49949422088908585,-0.21114824840722926
3.591,0.4994942090563379,-0.21114602678488528
3.592,0.49949419724542987,-0.2111438091167865
3.593,0.49949418545636165,-0.21114159540293292
3.594,0.4994941736891334,-0.21113938564332457
3.595,0.49949416194374496,-0.21113717983796135
3.596,0.49949415022019644,-0.2111349779868434
3.597,0.4994941385184878,-0.21113278008997055
3.598,0.499494126838619,-0.21113058614734298
3.599,0.49949411518059006,-0.21112839615896054
3.6,0.49949410354440105,-0.21112621012482335
3.601,0.4994940919300519,-0.2111240280449313
3.602,0.4994940803375426,-0.21112184991928448
3.603,0.4994940687668732,-0.21111967574788285
3.604,0.4994940572180437,-0.21111750553072642
3.605,0.499494045691054,-0.21111533926781517
3.606,0.49949403418590416,-0.21111317695914913
3.607,0.49949402270259424,-0.21111101860472825
3.608,0.49949401124112425,-0.2111088642045526
3.609,0.49949399980149406,-0.21110671375862214
3.61,0.4994939883837038,-0.21110456726693688
3.611,0.4994939769877534,-0.21110242472949678
3.612,0.49949396561364284,-0.2111002861463019
3.613,0.4994939542613722,-0.2110981515173522
3.614,0.4994939429309414,-0.21109602084264772
3.615,0.4994939316223505,-0.2110938941221884
3.616,0.4994939203355995,-0.21109177135597432
3.617,0.49949390907068836,-0.21108965254400539
3.618,0.49949389782761705,-0.2110875376862817
3.619,0.4994938866063856,-0.21108542678280315
3.62,0.4994938754069941,-0.21108331983356984
3.621,0.4994938642294424,-0.2110812168385817
3.622,0.4994938530737307,-0.21107911779783878
3.623,0.49949384193985874,-0.21107702271134102
3.624,0.4994938308278267,-0.21107493157908847
3.625,0.49949381973763457,-0.2110728444010811
3.626,0.4994938086692823,-0.21107076117731896
3.627,0.4994937976227699,-0.21106868190780198
3.628,0.4994937865980974,-0.2110666065925302
3.629,0.4994937755952647,-0.21106453523150362
3.63,0.499493764614272,-0.21106246782472227
3.631,0.499493753655119,-0.2110604043721861
3.632,0.499493742717806,-0.21105834487389508
3.633,0.4994937318023328,-0.2110562893298493
3.634,0.49949372090869953,-0.21105423774004867
3.635,0.4994937100369062,-0.21105219010449328
3.636,0.49949369918695263,-0.21105014642318304
3.637,0.499493688358839,-0.21104810669611804
3.638,0.49949367755256524,-0.2110460709232982
3.639,0.49949366676813134,-0.21104403910472358
3.64,0.4994936560055373,-0.21104201124039412
3.641,0.4994936452647832,-0.2110399873303099
3.642,0.49949363454586887,-0.21103796737447084
3.643,0.4994936238487945,-0.21103595137287698
3.644,0.49949361317355995,-0.2110339393255283
3.645,0.4994936025201653,-0.21103193123242486
3.646,0.4994935918394859,-0.2110299223891298
3.647,0.49949358112282927,-0.2110279119632068
3.648,0.49949357042450176,-0.21102590515532849
3.649,0.49949355974450355,-0.21102390196549478
3.65,0.49949354908283455,-0.21102190239370577
3.651,0.4994935384394947,-0.2110199064399614
3.652,0.49949352781448403,-0.21101791410426168
3.653,0.49949351720780266,-0.2110159253866066
3.654,0.4994935066194504,-0.2110139402869962
3.655,0.4994934960494274,-0.2110119588054304
3.656,0.49949348549773365,-0.2110099809419093
3.657,0.499493474964369,-0.21100800669643283
3.658,0.49949346444933357,-0.211006036069001
3.659,0.49949345395262745,-0.21100406905961383
3.66,0.4994934434742504,-0.2110021056682713
3.661,0.4994934330142026,-0.21100014589497343
3.662,0.4994934225724841,-0.2109981897397202
3.663,0.49949341214909465,-0.21099623720251165
3.664,0.49949340174403445,-0.2109942882833477
3.665,0.49949339135730353,-0.21099234298222844
3.666,0.4994933809889017,-0.2109904012991538
3.667,0.49949337063882915,-0.21098846323412385
3.668,0.49949336030708585,-0.21098652878713853
3.669,0.4994933499936717,-0.21098459795819788
3.67,0.49949333969858667,-0.21098267074730184
3.671,0.499493329421831,-0.21098074715445048
3.672,0.4994933191634044,-0.21097882717964375
3.673,0.49949330892330707,-0.21097691082288167
3.674,0.49949329870153897,-0.21097499808416426
3.675,0.4994932884981,-0.2109730889634915
3.676,0.49949327831299023,-0.21097118346086338
3.677,0.49949326814620976,-0.2109692815762799
3.678,0.4994932579977584,-0.21096738330974107
3.679,0.49949324786763627,-0.2109654886612469
3.68,0.4994932377558434,-0.2109635976307974
3.681,0.4994932276623797,-0.21096171021839255
3.682,0.49949321758724513,-0.21095982642403233
3.683,0.4994932075304399,-0.21095794624771674
3.684,0.4994931974919638,-0.21095606968944583
3.685,0.49949318747181687,-0.21095419674921956
3.686,0.4994931774699992,-0.21095232742703796
3.687,0.4994931674865107,-0.210950461722901
3.688,0.4994931575213514,-0.21094859963680868
3.689,0.49949314757452135,-0.210946741168761
3.69,0.4994931376460205,-0.21094488631875796
3.691,0.4994931277358488,-0.2109430350867996
3.692,0.49949311784400635,-0.2109411874728859
3.693,0.49949310797049307,-0.21093934347701684
3.694,0.499493098115309,-0.21093750309919243
3.695,0.4994930882784542,-0.21093566633941266
3.696,0.4994930784599285,-0.21093383319767753
3.697,0.49949306865973203,-0.21093200367398707
3.698,0.49949305887786477,-0.21093017776834128
3.699,0.4994930491143268,-0.2109283554807401
3.7,0.49949303936911793,-0.2109265368111836
3.701,0.4994930296422383,-0.21092472175967172
3.702,0.4994930199336879,-0.2109229103262045
3.703,0.49949301024346665,-0.21092110251078194
3.704,0.49949300057157464,-0.21091929831340403
3.705,0.49949299088682003,-0.21091749311762634
3.706,0.49949298118611635,-0.21091568646664566
3.707,0.4994929715015939,-0.21091388311580153
3.708,0.4994929618332526,-0.21091208306509393
3.709,0.4994929521810926,-0.21091028631452288
3.71,0.4994929425451137,-0.21090849286408836
3.711,0.49949293292531605,-0.21090670271379036
3.712,0.49949292332169964,-0.21090491586362894
3.713,0.4994929137342644,-0.21090313231360405
3.714,0.4994929041630104,-0.21090135206371569
3.715,0.4994928946079375,-0.21089957511396387
3.716,0.4994928850690459,-0.21089780146434858
3.717,0.4994928755463355,-0.21089603111486982
3.718,0.49949286603980625,-0.2108942640655276
3.719,0.49949285654945824,-0.21089250031632195
3.72,0.4994928470752914,-0.21089073986725282
3.721,0.49949283761730584,-0.21088898271832024
3.722,0.4994928281755014,-0.21088722886952418
3.723,0.49949281874987816,-0.21088547832086468
3.724,0.49949280934043616,-0.2108837310723417
3.725,0.4994927999471754,-0.21088198712395526
3.726,0.4994927905700958,-0.21088024647570536
3.727,0.49949278120919743,-0.21087850912759198
3.728,0.49949277186448027,-0.21087677507961516
3.729,0.4994927625359442,-0.2108750443317749
3.73,0.49949275322358944,-0.21087331688407118
3.731,0.4994927439274159,-0.21087159273650397
3.732,0.49949273464742355,-0.2108698718890733
3.733,0.4994927253836124,-0.21086815434177916
3.734,0.4994927161359824,-0.21086644009462158
3.735,0.4994927069045337,-0.21086472914760054
3.736,0.4994926976892661,-0.210863021500716
3.737,0.49949268849017975,-0.21086131715396805
3.738,0.4994926793072746,-0.21085961610735662
3.739,0.49949267014055065,-0.21085791836088175
3.74,0.49949266099000794,-0.2108562239145434
3.741,0.4994926518556464,-0.21085453276834157
3.742,0.499492642737466,-0.2108528449222763
3.743,0.49949263363546687,-0.21085116037634755
3.744,0.499492624549649,-0.21084947913055535
3.745,0.4994926154800123,-0.21084780118489968
3.746,0.49949260642655674,-0.21084612653938056
3.747,0.4994925973892824,-0.21084445519399797
3.748,0.4994925883681893,-0.21084278714875193
3.749,0.4994925793632774,-0.21084112240364244
3.75,0.4994925703745467,-0.21083946095866948
3.751,0.4994925614019972,-0.21083780281383305
3.752,0.4994925524456289,-0.21083614796913316
3.753,0.4994925435054418,-0.2108344964245698
3.754,0.49949253458143594,-0.21083284818014297
3.755,0.49949252567361124,-0.21083120323585272
3.756,0.4994925167819677,-0.21082956159169897
3.757,0.49949250790650546,-0.21082792324768176
3.758,0.4994924990472244,-0.21082628820380114
3.759,0.49949249020412456,-0.21082465646005702
3.76,0.49949248137720587,-0.21082302801644945
3.761,0.49949247256646845,-0.2108214028729784
3.762,0.4994924637719122,-0.21081978102964388
3.763,0.49949245499353706,-0.21081816248644591
3.764,0.49949244620860733,-0.21081654275258763
3.765,0.49949243741652266,-0.21081492170955554
3.766,0.4994924286391086,-0.2108133036682681
3.767,0.49949241987636506,-0.21081168862872532
3.768,0.499492411128292,-0.21081007659092715
3.769,0.4994924023948894,-0.21080846755487365
3.77,0.49949239367615733,-0.2108068615205648
3.771,0.4994923849720958,-0.2108052584880006
3.772,0.49949237628270476,-0.21080365845718105
3.773,0.4994923676079842,-0.21080206142810612
3.774,0.4994923589479342,-0.21080046740077588
3.775,0.49949235030255473,-0.21079887637519026
3.776,0.49949234167184564,-0.21079728835134928
3.777,0.4994923330558072,-0.21079570332925296
3.778,0.4994923244544392,-0.2107941213089013
3.779,0.4994923158677417,-0.2107925422902943
3.78,0.4994923072957147,-0.2107909662734319
3.781,0.49949229873835826,-0.21078939325831417
3.782,0.4994922901956723,-0.21078782324494108
3.783,0.4994922816676568,-0.21078625623331265
3.784,0.4994922731543119,-0.21078469222342885
3.785,0.49949226465563745,-0.21078313121528972
3.786,0.4994922561716335,-0.2107815732088952
3.787,0.4994922477023001,-0.21078001820424536
3.788,0.4994922392476372,-0.2107784662013402
3.789,0.4994922308076447,-0.21077691720017963
3.79,0.4994922223823228,-0.21077537120076373
3.791,0.4994922139716715,-0.21077382820309246
3.792,0.49949220557569063,-0.21077228820716587
3.793,0.4994921971943802,-0.21077075121298391
3.794,0.4994921888277403,-0.2107692172205466
3.795,0.499492180475771,-0.2107676862298539
3.796,0.4994921721384721,-0.21076615824090592
3.797,0.49949216381584377,-0.21076463325370254
3.798,0.49949215550788595,-0.2107631112682438
3.799,0.4994921472145986,-0.21076159228452973
3.8,0.49949213893598177,-0.2107600763025603
3.801,0.49949213067203546,-0.21075856332233553
3.802,0.49949212242275964,-0.2107570533438554
3.803,0.4994921141881543,-0.21075554636711988
3.804,0.4994921059682196,-0.21075404239212908
3.805,0.4994920977629553,-0.21075254141888286
3.806,0.4994920895723615,-0.21075104344738133
3.807,0.4994920813964382,-0.21074954847762442
3.808,0.49949207323518546,-0.21074805650961217
3.809,0.4994920650886032,-0.2107465675433446
3.81,0.49949205695669147,-0.2107450815788216
3.811,0.4994920488394502,-0.2107435986160433
3.812,0.49949204073687953,-0.21074211865500964
3.813,0.4994920326489793,-0.21074064169572065
3.814,0.49949202457574954,-0.21073916773817628
3.815,0.49949201651719033,-0.21073769678237655
3.816,0.49949200847330166,-0.21073622882832146
3.817,0.49949200044408343,-0.21073476387601106
3.818,0.4994919924295358,-0.2107333019254453
3.819,0.4994919844296586,-0.21073184297662415
3.82,0.499491976444452,-0.21073038702954766
3.821,0.49949196847391575,-0.21072893408421584
3.822,0.4994919605180501,-0.21072748414062867
3.823,0.49949195255787954,-0.21072603286288455
3.824,0.4994919445941874,-0.2107245804299909
3.825,0.4994919366439478,-0.2107231307205246
3.826,0.49949192870716064,-0.21072168373448563
3.827,0.499491920783826,-0.21072023947187402
3.828,0.49949191287394384,-0.21071879793268972
3.829,0.49949190497751417,-0.2107173591169328
3.83,0.49949189709453706,-0.21071592302460318
3.831,0.49949188922501236,-0.21071448965570094
3.832,0.4994918813689402,-0.21071305901022605
3.833,0.49949187352632046,-0.21071163108817847
3.834,0.49949186569715326,-0.21071020588955824
3.835,0.49949185788143863,-0.21070878341436536
3.836,0.49949185007917635,-0.21070736366259984
3.837,0.4994918422903667,-0.21070594663426168
3.838,0.4994918345150094,-0.2107045323293508
3.839,0.4994918267531047,-0.21070312074786732
3.84,0.49949181900465245,-0.21070171188981116
3.841,0.4994918112696527,-0.21070030575518234
3.842,0.49949180354810546,-0.21069890234398087
3.843,0.4994917958400107,-0.21069750165620674
3.844,0.49949178814536843,-0.21069610369185995
3.845,0.49949178046417864,-0.21069470845094052
3.846,0.49949177279644136,-0.21069331593344842
3.847,0.49949176514215654,-0.21069192613938367
3.848,0.49949175750132424,-0.21069053906874624
3.849,0.49949174987394446,-0.21068915472153618
3.85,0.49949174226001714,-0.21068777309775347
3.851,0.49949173465954233,-0.21068639419739807
3.852,0.49949172707252,-0.21068501802047004
3.853,0.49949171949895016,-0.21068364456696934
3.854,0.49949171193883285,-0.210682273836896
3.855,0.49949170439216795,-0.21068090583025
3.856,0.4994916968589556,-0.21067954054703134
3.857,0.4994916893391957,-0.21067817798724
3.858,0.49949168183288833,-0.21067681815087602
3.859,0.49949167434003344,-0.2106754610379394
3.86,0.49949166686063107,-0.21067410664843012
3.861,0.4994916593946812,-0.21067275498234816
3.862,0.49949165194218376,-0.21067140603969356
3.863,0.4994916445031389,-0.2106700598204663
3.864,0.49949163707754646,-0.21066871632466638
3.865,0.49949162966540656,-0.21066737555229384
3.866,0.49949162226671906,-0.21066603750334859
3.867,0.49949161488148414,-0.2106647021778307
3.868,0.49949160750970173,-0.21066336957574017
3.869,0.49949160015137173,-0.21066203969707697
3.87,0.4994915928064943,-0.21066071254184113
3.871,0.4994915854750693,-0.2106593881100326
3.872,0.4994915781570968,-0.21065806640165144
3.873,0.4994915708525769,-0.21065674741669763
3.874,0.49949156356150937,-0.21065543115517113
3.875,0.49949155628389436,-0.210654117617072
3.876,0.4994915490197318,-0.2106528068024002
3.877,0.49949154176902183,-0.21065149871115574
3.878,0.49949153453176426,-0.21065019334333865
3.879,0.49949152730795926,-0.21064889069894888
3.88,0.4994915200976068,-0.21064759077798648
3.881,0.4994915129007067,-0.21064629358045137
3.882,0.49949150569988526,-0.21064499494730238
3.883,0.499491498496959,-0.2106436953133746
3.884,0.49949149130640663,-0.21064239814468153
3.885,0.4994914841282282,-0.21064110344122314
3.886,0.4994914769624237,-0.2106398112029995
3.887,0.4994914698089931,-0.21063852143001055
3.888,0.4994914626679365,-0.2106372341222563
3.889,0.4994914555392538,-0.21063594927973675
3.89,0.49949144842294496,-0.21063466690245194
3.891,0.4994914413190101,-0.2106333869904018
3.892,0.4994914342274492,-0.21063210954358638
3.893,0.4994914271482621,-0.21063083456200568
3.894,0.499491420081449,-0.2106295620456597
3.895,0.49949141302700983,-0.2106282919945484
3.896,0.4994914059849446,-0.21062702440867184
3.897,0.4994913989552533,-0.21062575928802998
3.898,0.4994913919379359,-0.2106244966326228
3.899,0.49949138493299244,-0.21062323644245037
3.9,0.4994913779404229,-0.21062197871751262
3.901,0.49949137096022733,-0.2106207234578096
3.902,0.4994913639924057,-0.21061947066334125
3.903,0.4994913570369579,-0.21061822033410763
3.904,0.49949135009388407,-0.21061697247010872
3.905,0.4994913431631842,-0.21061572707134452
3.906,0.4994913362448582,-0.21061448413781503
3.907,0.49949132933890616,-0.21061324366952025
3.908,0.499491322445328,-0.21061200566646018
3.909,0.49949131556412385,-0.21061077012863483
3.91,0.49949130869529357,-0.21060953705604415
3.911,0.4994913018388373,-0.21060830644868822
3.912,0.49949129499475486,-0.21060707830656697
3.913,0.4994912881630464,-0.21060585262968043
3.914,0.49949128134371185,-0.2106046294180286
3.915,0.4994912745367512,-0.21060340867161148
3.916,0.4994912677421645,-0.21060219039042907
3.917,0.4994912609599517,-0.21060097457448138
3.918,0.49949125419011287,-0.2105997612237684
3.919,0.4994912474326479,-0.2105985503382901
3.92,0.4994912406875569,-0.21059734191804655
3.921,0.49949123395483985,-0.2105961359630377
3.922,0.49949122723449674,-0.21059493247326355
3.923,0.4994912205265275,-0.2105937314487241
3.924,0.49949121383093226,-0.21059253288941934
3.925,0.4994912071477109,-0.2105913367953493
3.926,0.49949120047686346,-0.21059014316651398
3.927,0.49949119381838997,-0.2105889520029134
3.928,0.49949118717229035,-0.21058776330454748
3.929,0.4994911805385647,-0.2105865770714163
3.93,0.499491173917213,-0.2105853933035198
3.931,0.4994911673082352,-0.21058421200085803
3.932,0.4994911607116313,-0.21058303316343094
3.933,0.49949115412740136,-0.2105818567912386
3.934,0.49949114755554536,-0.21058068288428095
3.935,0.49949114099606323,-0.21057951144255796
3.936,0.4994911344489551,-0.21057834246606974
3.937,0.49949112791422084,-0.2105771759548162
3.938,0.4994911213918605,-0.2105760119087974
3.939,0.49949111488187414,-0.2105748503280133
3.94,0.4994911083842617,-0.2105736912124639
3.941,0.4994911018823644,-0.21057253059568484
3.942,0.4994910953789114,-0.21057136912749178
3.943,0.4994910888868311,-0.21057020988613406
3.944,0.4994910824061235,-0.2105690528716117
3.945,0.49949107593678854,-0.21056789808392473
3.946,0.49949106947882627,-0.2105667455230731
3.947,0.49949106303223667,-0.21056559518905685
3.948,0.49949105659701976,-0.21056444708187597
3.949,0.49949105017317547,-0.21056330120153044
3.95,0.4994910437607039,-0.21056215754802027
3.951,0.499491037359605,-0.21056101612134548
3.952,0.49949103096987874,-0.21055987692150605
3.953,0.4994910245915252,-0.21055873994850197
3.954,0.4994910182245443,-0.21055760520233324
3.955,0.499491011868936,-0.21055647268299993
3.956,0.4994910055247005,-0.21055534239050194
3.957,0.4994909991918376,-0.2105542143248393
3.958,0.49949099287034743,-0.2105530884860121
3.959,0.4994909865602299,-0.2105519648740202
3.96,0.49949098026148503,-0.21055084348886366
3.961,0.49949097397411285,-0.2105497243305425
3.962,0.49949096769811335,-0.2105486073990567
3.963,0.49949096143348654,-0.21054749269440629
3.964,0.49949095518023234,-0.21054638021659122
3.965,0.4994909489383509,-0.21054526996561151
3.966,0.49949094270784206,-0.21054416194146716
3.967,0.4994909364887059,-0.21054305614415822
3.968,0.4994909302809424,-0.2105419525736846
3.969,0.4994909240845516,-0.21054085123004634
3.97,0.4994909178995335,-0.21053975211324347
3.971,0.499490911725888,-0.21053865522327594
3.972,0.49949090556361525,-0.21053756056014378
3.973,0.49949089941271513,-0.210536468123847
3.974,0.4994908932731877,-0.2105353779143856
3.975,0.4994908871450329,-0.21053428993175952
3.976,0.49949088102825084,-0.2105332041759688
3.977,0.49949087492284144,-0.2105321206470135
3.978,0.4994908688288047,-0.2105310393448935
3.979,0.49949086274614063,-0.2105299602696089
3.98,0.49949085667484916,-0.21052888342115966
3.981,0.4994908506149304,-0.2105278087995458
3.982,0.49949084456638443,-0.21052673640476727
3.983,0.499490838529211,-0.21052566623682414
3.984,0.4994908325034103,-0.21052459829571635
3.985,0.4994908264889823,-0.2105235325814439
3.986,0.4994908204859269,-0.21052246909400688
3.987,0.49949081449424426,-0.21052140783340517
3.988,0.49949080851393424,-0.21052034879963882
3.989,0.4994908025449969,-0.21051929199270789
3.99,0.49949079658743223,-0.21051823741261227
3.991,0.49949079064124025,-0.21051718505935205
3.992,0.4994907847064209,-0.21051613493292715
3.993,0.4994907787829742,-0.21051508703333766
3.994,0.4994907728709002,-0.21051404136058352
3.995,0.49949076697019895,-0.2105129979146647
3.996,0.4994907610808703,-0.21051195669558131
3.997,0.49949075520291436,-0.21051091770333327
3.998,0.49949074933633103,-0.21050988093792056
3.999,0.49949074348112044,-0.21050884639934325
4,0.4994907376210509,-0.2105078103241241
4,0.4994907376210509,-0.2105078103241241
4.000000000800015,0.4994907376209468,-0.21050781032261004
4.000000000800015,0.49949073749680156,-0.21050780946190034
4.001,0.5015069650662106,-0.19557281030716916
4.002,0.5033268219838201,-0.18193130529734453
4.003,0.5049415548853299,-0.16954513362056106
4.004,0.506348830202607,-0.15836475869621114
4.005,0.5075514369083273,-0.14833162683745565
4.006,0.5085562843773582,-0.13937973712167764
4.007,0.5093732141738826,-0.13143958276059986
4.008,0.5100139763453209,-0.12444046552713899
4.009,0.5104918684889018,-0.11830967862126847
4.01,0.5108210830548693,-0.11297467032255325
4.011,0.5110162740331153,-0.10836396222684291
4.012,0.511092051800863,-0.10440860102808644
4.013,0.5110627619292191,-0.1010424287590271
4.014,0.5109422557837542,-0.09820258009646816
4.015,0.5107437499268147,-0.09582969400537011
4.016,0.5104796028007318,-0.09386858594022236
4.017,0.5101612942024829,-0.09226808996795577
4.018,0.5097993831443748,-0.09098106557415966
4.019,0.5094035038535161,-0.08996428257717987
4.02,0.5089823018584941,-0.08917861821544278
4.021,0.508543490881696,-0.08858874896186156
4.022,0.5080938937798545,-0.08816293755849915
4.023,0.5076394912923685,-0.08787280092632598
4.024,0.5071854353915618,-0.08769326875173186
4.025,0.5067361233659727,-0.0876022717042144
4.026,0.5062953149620055,-0.08758017574609102
4.027,0.505866126128597,-0.08760987154323563
4.028,0.5054509184307354,-0.08767756685775072
4.029,0.5050516544571751,-0.08777088665139145
4.03,0.5046698064132364,-0.08787956384010662
4.031,0.5043064820638086,-0.08799474163090387
4.032,0.5039624249097902,-0.08810907850942629
4.033,0.5036380596325556,-0.08821658597839252
4.034,0.5033335345233259,-0.08831242566310879
4.035,0.5030487644785862,-0.08839291603530697
4.036,0.5027834743603531,-0.08845519376387309
4.037,0.5025372252965346,-0.08849716964960846
4.038,0.5023094452727019,-0.08851742506671381
4.039,0.5020994482764499,-0.08851510664877499
4.04,0.501906426493287,-0.08848986772366113
4.041,0.5017294899897246,-0.08844177940393212
4.042,0.5015679182723247,-0.08837118856116152
4.043,0.5014207662689393,-0.08827872523424081
4.044,0.5012871920460028,-0.08816513847105496
4.045,0.5011663108701477,-0.08803135819796266
4.046,0.5010572480076582,-0.08787842791409316
4.047,0.5009591436644847,-0.087707474841126
4.048,0.5008711614033353,-0.08751967915667258
4.049,0.5007924937293712,-0.08731624841544425
4.05,0.5007223664117212,-0.08709839595198197
4.051,0.5006600416920416,-0.0868673230774004
4.052,0.5006048205344052,-0.08662420462754934
4.053,0.500556044050919,-0.08637017747107278
4.054,0.5005130942306169,-0.08610633161199444
4.055,0.5004753940777009,-0.0858337035446808
4.056,0.5004424072534035,-0.08555327154696542
4.057,0.5004136373074882,-0.08526595262736955
4.058,0.5003886265762246,-0.0849726008706296
4.059,0.500366954814863,-0.08467400695231249
4.06,0.5003482376246892,-0.08437089861846497
4.061,0.5003321247273963,-0.08406394194972808
4.062,0.5003182981326435,-0.08375374325107239
4.063,0.5003064702383745,-0.08344085142827658
4.064,0.5002963818977255,-0.08312576073057812
4.065,0.5002878004811409,-0.08280891375558828
4.066,0.5002804934369605,-0.08249075030275443
4.067,0.5002742025706086,-0.08217175470781686
4.068,0.5002688974386469,-0.0818519820374414
4.069,0.5002643901820335,-0.08153177883692658
4.07,0.5002606108161024,-0.08121127040787632
4.071,0.5002573851268052,-0.08089077364645642
4.072,0.500254633885966,-0.08057042473860974
4.073,0.5002523066840573,-0.08025031282391148
4.074,0.5002502611957129,-0.07993067641872494
4.075,0.5002485123621595,-0.07961148884784772
4.076,0.5002469306449286,-0.07929295617421134
4.077,0.5002455303009435,-0.07897505167747314
4.078,0.5002442285076798,-0.07865789651138475
4.079,0.5002430181418909,-0.07834149387702634
4.08,0.5002418590870037,-0.07802589478600624
4.081,0.5002407297140858,-0.07771111562750574
4.082,0.5002396196013689,-0.07739716675027115
4.083,0.5002384999414383,-0.07708406089991836
4.084,0.5002373754458315,-0.07677179347121388
4.085,0.5002362248829173,-0.07646036028977093
4.086,0.5002350515392349,-0.07614975632083937
4.087,0.5002338454032436,-0.07583996588444875
4.088,0.500232607232227,-0.07553097859430759
4.089,0.5002313341514869,-0.07522277889333587
4.09,0.5002300269173707,-0.0749153449765506
4.091,0.5002286854095399,-0.07460867092302317
4.092,0.500227312434209,-0.07430271916387698
4.093,0.5002259079765232,-0.07399749426770398
4.094,0.500224476415576,-0.07369295730426312
4.095,0.5002230181442063,-0.07338910831759148
4.096,0.5002215374077896,-0.07308591746109466
4.097,0.5002200358862829,-0.07278337579887924
4.098,0.500218516407472,-0.07248146590968843
4.099,0.5002169823776136,-0.07218016898522947
4.1,0.5002154345067987,-0.07187948097449962
4.101,0.5002138780565091,-0.0715793733311779
4.102,0.5002123121500741,-0.07127985092579411
4.103,0.5002107414671423,-0.07098088870558343
4.104,0.5002091659283446,-0.07068248710037936
4.105,0.5002075886383461,-0.0703846294970252
4.106,0.5002060104255336,-0.07008731126937474
4.107,0.5002044328445557,-0.06979052395100893
4.108,0.5002028575016414,-0.069494258302867
4.109,0.5002012846470055,-0.06919851290382217
4.11,0.5001997163757331,-0.06890327504546159
4.111,0.5001981522696537,-0.06860854707322854
4.112,0.5001965938696625,-0.06831431883047383
4.113,0.5001950410831857,-0.06802059050319882
4.114,0.5001934947200976,-0.06772735594642595
4.115,0.5001919548986876,-0.0674346134334621
4.116,0.5001904219162799,-0.06714236014842367
4.117,0.5001888959561475,-0.06685059283657094
4.118,0.5001873770371629,-0.06655931117252979
4.119,0.5001858652475193,-0.06626851110861721
4.12,0.5001843605320782,-0.06597819336896343
4.121,0.5001828628109573,-0.0656883549110407
4.122,0.5001813720172704,-0.06539899576180769
4.123,0.5001798879884222,-0.06511011417285717
4.124,0.5001784103567899,-0.06482170875620541
4.125,0.5001769388649276,-0.06453377826659687
4.126,0.5001754736534796,-0.06424632338432047
4.127,0.5001740147230657,-0.06395934413263409
4.128,0.5001725620594618,-0.06367284093143737
4.129,0.5001711156199461,-0.06338683534648352
4.13,0.5001696770623842,-0.06310143704649893
4.131,0.5001682448805117,-0.06281656010334533
4.132,0.5001668173456388,-0.06253214278848432
4.133,0.500165394206656,-0.06224819801475662
4.134,0.5001639730873602,-0.061964613734916456
4.135,0.5001625551985809,-0.06168143641305525
4.136,0.5001611415077912,-0.06139871385377521
4.137,0.5001597318788724,-0.061116460056959726
4.138,0.5001583261334891,-0.060834673752782537
4.139,0.5001569242081003,-0.06055335839899141
4.14,0.5001555261301261,-0.060272512503450955
4.141,0.500154131557558,-0.05999213333295582
4.142,0.5001527404888211,-0.059712220874921895
4.143,0.5001513530151575,-0.059432775858519596
4.144,0.5001499687357949,-0.059153796879419546
4.145,0.5001485876789954,-0.058875284036654055
4.146,0.5001472099358409,-0.05859723764937899
4.147,0.5001458351462975,-0.05831965552396845
4.148,0.5001444633607359,-0.058042537967324295
4.149,0.5001430946477905,-0.05776588539762286
4.15,0.5001417287104549,-0.05748969516530941
4.151,0.5001403656093771,-0.05721396781141663
4.152,0.5001390053910574,-0.056938703750766775
4.153,0.5001376478216505,-0.05666390000202037
4.154,0.500136292962878,-0.05638955735207575
4.155,0.5001349408439201,-0.05611567617295906
4.156,0.5001335912866116,-0.05584225320486169
4.157,0.5001322443478962,-0.05556928948964962
4.158,0.5001309000447104,-0.05529678533720872
4.159,0.5001295582447084,-0.055024737242509565
4.16,0.5001282189970715,-0.05475314650806023
4.161,0.5001268823106924,-0.0544820133693737
4.162,0.5001255480889726,-0.05421133410132861
4.163,0.5001242163725126,-0.05394111026960029
4.164,0.5001228871652729,-0.053671342026912094
4.165,0.5001215603971999,-0.05340202544870557
4.166,0.5001202361009379,-0.05313316236379459
4.167,0.500118914277273,-0.05286475280763132
4.168,0.5001175948759169,-0.0525967927590236
4.169,0.5001162779219369,-0.05232928422243125
4.17,0.5001149634142018,-0.05206222707387762
4.171,0.5001136513170829,-0.05179561740923791
4.172,0.5001123416486261,-0.05152945720598835
4.173,0.5001110344072569,-0.05126374624299027
4.174,0.5001097295661139,-0.05099848074868351
4.175,0.5001084271390333,-0.05073366266580926
4.176,0.5001071271240815,-0.050469291674810964
4.177,0.5001058294993049,-0.05020536414756841
4.178,0.5001045342762149,-0.049941881986456715
4.179,0.5001032414524718,-0.04967884477252853
4.18,0.5001019510086564,-0.049416249028590785
4.181,0.5001006629551452,-0.04915409661262067
4.182,0.5000993772890897,-0.04889238700541101
4.183,0.500098093992269,-0.04863111688583383
4.184,0.5000968130746175,-0.048370288064577834
4.185,0.5000955345326668,-0.04810989992130554
4.186,0.5000942583487432,-0.04784994929455951
4.187,0.500092984532693,-0.0475904379456204
4.188,0.5000917130803358,-0.047331365152092346
4.189,0.5000904439743165,-0.04707272791487433
4.19,0.5000891772245316,-0.046814527944201816
4.191,0.5000879128260237,-0.04655676441461818
4.192,0.5000866507617681,-0.046299434491571735
4.193,0.5000853910417219,-0.046042539832892165
4.194,0.5000841336601137,-0.04578607950898867
4.195,0.50008287860038,-0.04553005085184222
4.196,0.5000816258724801,-0.04527445546564841
4.197,0.5000803754698173,-0.045019292315557145
4.198,0.5000791273764595,-0.04476455890202394
4.199,0.5000778816022825,-0.04451025677442506
4.2,0.5000766381205304,-0.04425638377352622
4.201,0.5000753968765996,-0.04400293549280041
4.202,0.5000741579055009,-0.04374991475763177
4.203,0.5000729212072345,-0.04349732156802052
4.204,0.5000716867818,-0.043245155923966876
4.205,0.5000704546291979,-0.0429934178254704
4.206,0.5000692247676677,-0.04274210456419376
4.207,0.5000679972151468,-0.042491213476746496
4.208,0.5000667719494873,-0.04224074785173773
4.209,0.5000655489706892,-0.04199070768916789
4.21,0.5000643282787527,-0.04174109298903656
4.211,0.5000631098676108,-0.0414919030682038
4.212,0.5000618936377487,-0.04124312672043439
4.213,0.5000606796602602,-0.04099477195149181
4.214,0.5000594679351452,-0.040746838761376275
4.215,0.5000582584624039,-0.04049932715008801
4.216,0.5000570512420361,-0.04025223711762657
4.217,0.5000558462537462,-0.04000556166684812
4.218,0.5000546435019633,-0.03975930232481728
4.219,0.5000534429932643,-0.03951346135892876
4.22,0.5000522447276491,-0.03926803876918279
4.221,0.5000510487051179,-0.03902303455557893
4.222,0.5000498548963744,-0.038778444995480055
4.223,0.5000486632633211,-0.03853426524785126
4.224,0.5000474738461009,-0.038290500413634736
4.225,0.500046286644714,-0.03804715049283092
4.226,0.5000451016591602,-0.037804215485439364
4.227,0.5000439188872622,-0.037561695101793115
4.228,0.5000427382504198,-0.03731957888457964
4.229,0.5000415598035158,-0.037077874135672845
4.23,0.5000403835465504,-0.03683658085507295
4.231,0.5000392094795238,-0.03659569904278016
4.232,0.5000380376024358,-0.03635522869879405
4.233,0.5000368678693978,-0.03611516275906492
4.234,0.500035700286674,-0.03587550218784561
4.235,0.5000345348717292,-0.035636249673716425
4.236,0.5000333716245635,-0.0353974052166776
4.237,0.500032210545177,-0.03515896881672869
4.238,0.5000310516120591,-0.03492093717013361
4.239,0.5000298947905158,-0.034683304948379685
4.24,0.5000287401146385,-0.03444607738741183
4.241,0.500027587584427,-0.03420925448723047
4.242,0.5000264371998814,-0.03397283624783519
4.243,0.5000252889610016,-0.03373682266922619
4.244,0.500024142797626,-0.03350120306137096
4.245,0.500022998757589,-0.0332659847125083
4.246,0.5000218568410376,-0.03303116764495144
4.247,0.5000207170479714,-0.03279675185870056
4.248,0.5000195793783905,-0.03256273735375527
4.249,0.5000184437899481,-0.032329117557927306
4.25,0.5000173102846082,-0.032095892776035036
4.251,0.5000161788811263,-0.03186306591890833
4.252,0.5000150495795023,-0.031630636986547396
4.253,0.5000139223797364,-0.03139860597895182
4.254,0.5000127972633365,-0.031166969990476787
4.255,0.5000116741934376,-0.030935723228594027
4.256,0.50001055320418,-0.030704871057670682
4.257,0.5000094342955633,-0.03047441347770696
4.258,0.5000083174675878,-0.030244350488702443
4.259,0.5000072027202532,-0.030014682090657344
4.26,0.5000060899897902,-0.029785398215839254
4.261,0.5000049793169741,-0.02955650530171826
4.262,0.5000038707038215,-0.029328003666716687
4.263,0.5000027641503325,-0.02909989331083414
4.264,0.5000016596565074,-0.02887217423407082
4.265,0.5000005571840567,-0.028644840362614398
4.265567832513911,0.4999999320608178,-0.028515923740426
4.265567832513911,0.4999999320608178,-0.028515923740426
4.266,0.49999945695758335,-0.02841790917044712
4.267,0.4999983606949513,-0.028191533936597627
4.268,0.4999972666256692,-0.02796554366822484
4.269,0.49999617668304575,-0.02774020600223371
4.27,0.4999950877818706,-0.027515026709060968
4.271,0.49999400147108936,-0.027290450297346364
4.272,0.4999929166127317,-0.02706614139688302
4.273,0.4999918338133564,-0.02684221172529106
4.274,0.49999075322822817,-0.026618777682376072
4.275,0.49998967327534083,-0.026395510399388034
4.276,0.4999885942630132,-0.026172614285928104
4.277,0.49998751596486657,-0.02595000000699965
4.278,0.4999864384454525,-0.025727671942726994
4.279,0.49998536365485985,-0.025505762415565437
4.28,0.4999842905526721,-0.02528420082848759
4.281,0.49998321913888916,-0.025062987181493652
4.282,0.49998214987786704,-0.02484216163811624
4.283,0.4999810826334833,-0.02462171242473009
4.284,0.49998001734636843,-0.02440163440628598
4.285,0.4999789540775372,-0.024181932600709447
4.286,0.499977892835738,-0.02396260772750319
4.287,0.499976833598563,-0.0237436579437994
4.288,0.49997577636601215,-0.023525083249598278
4.289,0.49997472113808544,-0.023306883644900016
4.29,0.4999736679147828,-0.02308905912970423
4.291,0.49997261666623816,-0.022871606171915783
4.292,0.4999715673316446,-0.0226545175803339
4.293,0.49997051997140585,-0.02243780049848377
4.294,0.49996947458552177,-0.02222145492636577
4.295,0.4999684311739924,-0.02200548086397952
4.296,0.49996738973681776,-0.021789878311325218
4.297,0.4999663502739978,-0.021574647268403045
4.298,0.49996531267993,-0.021359776447325465
4.299,0.49996427702130136,-0.021145272976276244
4.3,0.4999632433056761,-0.020931137663809458
4.301,0.49996221153305426,-0.020717370509924726
4.302,0.49996118170343584,-0.020503971514622427
4.303,0.49996015381682085,-0.02029094067790218
4.304,0.49995912781077495,-0.020078271146671788
4.305,0.4999581036714211,-0.019865961397711157
4.306,0.499957081442325,-0.019654016213008156
4.307,0.4999560611234866,-0.019442435592562965
4.308,0.499955042714906,-0.019231219536375774
4.309,0.49995402621658314,-0.01902036804444621
4.31,0.4999530116111223,-0.01880987898320914
4.311,0.49995199881814917,-0.018599742494837992
4.312,0.49995098790563286,-0.01838996691567167
4.313,0.4999499788735733,-0.01818055224571036
4.314,0.49994897172197056,-0.01797149848495369
4.315,0.4999479664508247,-0.017762805633401848
4.316,0.4999469630601356,-0.01755447369105502
4.317,0.49994596147294373,-0.017346492092792497
4.318,0.4999449617236143,-0.017138865556317568
4.319,0.49994396382812645,-0.01693159627526623
4.32,0.4999429677864801,-0.01672468424963866
4.321,0.49994197359867537,-0.016518129479435057
4.322,0.49994098126471215,-0.016311931964655035
4.323,0.4999399907486556,-0.016106086351394103
4.324,0.4999390020219278,-0.015900588381866223
4.325,0.49993801512465724,-0.01569544403477464
4.326,0.4999370300568439,-0.015490653310119715
4.327,0.49993604681848797,-0.015286216207901078
4.328,0.4999350654095892,-0.01508213272811892
4.329,0.49993408581791815,-0.014878401570680768
4.33,0.49993310783250816,-0.014675000308339145
4.331,0.4999321316137216,-0.014471945988742576
4.332,0.49993115716155834,-0.014269238611891251
4.333,0.49993018447601845,-0.014066878177784804
4.334,0.4999292135571019,-0.013864864686423596
4.335,0.4999282444048087,-0.013663198137807267
4.336,0.4999272770191389,-0.013461878531935999
4.337,0.4999263114000925,-0.013260905868809968
4.338,0.4999253475476694,-0.01306028014842882
4.339,0.4999243854618697,-0.01286000137079273
4.34,0.4999234251426933,-0.012660069535901876
4.341,0.4999224665901402,-0.012460484643755904
4.342,0.4999215098203226,-0.012261238737524638
4.343,0.4999205548572503,-0.012062319959923247
4.344,0.4999196016686247,-0.011863744261520447
4.345,0.49991865025444593,-0.011665511642316412
4.346,0.4999177006147139,-0.011467622102310792
4.347,0.49991675274942865,-0.011270075641503762
4.348,0.49991580665859003,-0.011072872259895497
4.349,0.49991486234219823,-0.010876011957485646
4.35,0.4999139198002532,-0.010679494734274559
4.351,0.4999129790327548,-0.010483320590261889
4.352,0.4999120400397032,-0.010287489525447807
4.353,0.49991110282109835,-0.010092001539832491
4.354,0.4999101671059028,-0.009896820719162355
4.355,0.49990923306728074,-0.009701970008835076
4.356,0.4999083007509998,-0.009507455473371637
4.357,0.4999073701570601,-0.009313277112771693
4.358,0.49990644128546147,-0.009119434927035592
4.359,0.49990551413620404,-0.008925928916162984
4.36,0.4999045887092877,-0.008732759080154046
4.361,0.4999036650047126,-0.00853992541900895
4.362,0.4999027430224786,-0.008347427932727346
4.363,0.4999018227625858,-0.008155266621309413
4.364,0.49990090422503414,-0.00796344148475532
4.365,0.4998999873552527,-0.007771939762170436
4.366,0.4998990720995986,-0.007580748909669533
4.367,0.4998981585416566,-0.007389888472740233
4.368,0.4998972466814265,-0.007199358451382707
4.369,0.49989633651890847,-0.007009158845597118
4.37,0.4998954280541024,-0.006819289655383136
4.371,0.4998945212870084,-0.006629750880740924
4.372,0.4998936162176264,-0.006440542521670653
4.373,0.49989271284595643,-0.006251664578171986
4.374,0.49989181117199843,-0.006063117050245259
4.375,0.4998909111957525,-0.0058748999378901365
4.376,0.4998900129172185,-0.005687013241106786
4.377,0.49988911610310327,-0.005499422945218124
4.378,0.49988822092206253,-0.005312153640616885
4.379,0.49988732739699987,-0.005125208666687429
4.38,0.4998864355279153,-0.004938588023429425
4.381,0.4998855453148088,-0.004752291710843036
4.382,0.4998846567576803,-0.004566319728928431
4.383,0.4998837698565299,-0.004380672077685276
4.384,0.49988288461135755,-0.0041953487571137395
4.385,0.4998820010221633,-0.004010349767213983
4.386,0.49988111908894706,-0.0038256751079856796
4.387,0.49988023881170895,-0.003641324779429156
4.388,0.4998793600904403,-0.003457283315548769
4.389,0.4998784828663152,-0.003273541619127629
4.39,0.49987760725935065,-0.0030901182503674826
4.391,0.4998767332695465,-0.0029070132092680057
4.392,0.4998758608969029,-0.00272422649582936
4.393,0.4998749901414198,-0.0025417581100517085
4.394,0.499874121003097,-0.002359608051934726
4.395,0.49987325348193484,-0.002177776321478737
4.396,0.49987238757793306,-0.0019962629186834184
4.397,0.4998715232910918,-0.0018150678435489313
4.398,0.49987066062141094,-0.0016341910960754366
4.399,0.49986979956889066,-0.0014536326762626128
4.4,0.4998689405078595,-0.001273388528391707
4.401,0.49986808314007014,-0.0010934618838681599
4.402,0.49986722743429074,-9.138522661045463e-4
4.403,0.49986637316931426,-7.345519030453052e-4
4.404,0.4998655207396687,-5.555909167395767e-4
4.405,0.499864671269573,-3.771069203290839e-4
4.406,0.4998638237995722,-1.9895170365909787e-4
4.407,0.49986297803151564,-2.1166365105478044e-5
4.408,0.4998621334242288,1.5636944842173546e-4
4.409,0.49986129004323115,3.336427990678726e-4
4.41,0.4998604475688475,5.106404957522929e-4
4.411,0.49985960588803285,6.873969095417268e-4
4.412,0.4998587650593761,8.639103654734533e-4
4.413,0.4998579259330717,0.0010401057605704475
4.414,0.49985708807507817,0.0012160214364363932
4.415,0.49985625157428065,0.0013916501201296793
4.416,0.499855416781804,0.0015669630812347047
4.417,0.4998545835015058,0.0017419763688922558
4.418,0.4998537517467417,0.0019166864050142798
4.419,0.4998529220242506,0.0020910438706015183
4.42,0.49985209516504164,0.0022649480002779267
4.421,0.4998512699475139,0.00243856311193146
4.422,0.49985044609723267,0.002611891766792879
4.423,0.49984962386489573,0.0027848839260724858
4.424,0.499848802337582,0.0029576690396476155
4.425,0.4998479816560251,0.003130205777969841
4.426,0.49984716204919694,0.0033024854605294097
4.427,0.49984634395148786,0.0034744689427817824
4.428,0.49984552711171626,0.003646178859637888
4.429,0.4998447119204471,0.0038175818166798522
4.43,0.49984389821900216,0.0039886913813632
4.431,0.49984308602835337,0.004159504388545702
4.432,0.49984227536533216,0.004330018401060407
4.433,0.4998414662177104,0.0045002351895271995
4.434,0.4998406585854882,0.004670154753946382
4.435,0.4998398524686654,0.0048397770943176535
4.436,0.4998390477842377,0.00500911194837865
4.437,0.4998382445409232,0.005178158293343442
4.438,0.49983744276959063,0.005346912507829535
4.439,0.4998366424702399,0.0055153745918372285
4.44,0.49983584364287115,0.005683544545366372
4.441,0.49983504628748426,0.005851422368416819
4.442,0.49983425040407925,0.006019008060988866
4.443,0.4998334559926562,0.006186301623082214
4.444,0.499832663053215,0.006353303054697163
4.445,0.49983187158575576,0.006520012355833561
4.446,0.49983108154704553,0.00668644382942967
4.447,0.4998302929696876,0.006852586689170032
4.448,0.49982950585578706,0.007018440238647291
4.449,0.4998287202053439,0.007184004477861301
4.45,0.499827936018358,0.007349279406812356
4.451,0.4998271532948295,0.007514265025500162
4.452,0.49982637203475844,0.0076789613339250115
4.453,0.49982559223814466,0.007843368332086759
4.454,0.4998248139049882,0.00800748601998526
4.455,0.49982403700533584,0.008171319021055501
4.456,0.4998232614391473,0.00833488277699544
4.457,0.4998224873077494,0.008498161647515469
4.458,0.4998217146111422,0.008661155632615878
4.459,0.49982094334932575,0.00882386473229638
4.46,0.49982017352229985,0.008986288946557262
4.461,0.4998194051300646,0.009148428275398378
4.462,0.49981863817262007,0.009310282718819589
4.463,0.4998178726499662,0.009471852276821176
4.464,0.49981710856210293,0.009633136949403001
4.465,0.4998163458378906,0.009794147557077202
4.466,0.49981558444683294,0.009954888738369059
4.467,0.49981482446098396,0.010115349533733116
4.468,0.49981406588034366,0.010275529943169662
4.469,0.49981330870491186,0.010435429966678553
4.47,0.49981255293468874,0.010595049604259643
4.471,0.49981179856967417,0.01075438885591322
4.472,0.4998110456098683,0.01091344772163914
4.473,0.49981029405527094,0.011072226201437265
4.474,0.4998095439058823,0.011230724295307876
4.475,0.49980879505703335,0.011388959158219211
4.476,0.4998080475514403,0.011546923789097377
4.477,0.4998073014237479,0.011704612509748899
4.478,0.4998065566739562,0.01186202532017364
4.479,0.49980581330206514,0.012019162220371879
4.48,0.49980507130807483,0.012176023210343476
4.481,0.49980433069198515,0.01233260829008829
4.482,0.4998035914537962,0.012488917459606605
4.483,0.4998028535935079,0.012644950718898137
4.484,0.4998021171111203,0.012800708067963167
4.485,0.49980138186892553,0.012956213102888641
4.486,0.49980064797792584,0.013111446803583927
4.487,0.49979991543898616,0.013266409021810208
4.488,0.4997991842521067,0.013421099757567343
4.489,0.4997984544172872,0.013575519010855195
4.49,0.49979772593452787,0.013729666781674041
4.491,0.4997969988038286,0.013883543070023607
4.492,0.4997962730251895,0.014037147875904165
4.493,0.4997955485986104,0.01419048119931558
4.494,0.49979482549271304,0.014343548588454515
4.495,0.4997941036312915,0.014496363517637553
4.496,0.49979338309721966,0.014648911333540304
4.497,0.4997926638904974,0.014801192036162638
4.498,0.49979194601112475,0.014953205625504827
4.499,0.4997912294591018,0.0151049521015666
4.5,0.49979051423442844,0.015256431464348224
4.501,0.49978980033710463,0.015407643713849565
4.502,0.49978908776713055,0.015558588850070491
4.503,0.49978837652450603,0.01570926687301127
4.504,0.49978766654597245,0.01585968916091926
4.505,0.4997869578171109,0.016009858307296267
4.506,0.4997862503916492,0.016159764648205715
4.507,0.49978554426958727,0.016309408183647477
4.508,0.4997848394509252,0.016458788913621816
4.509,0.499784135935663,0.016607906838128596
4.51,0.49978343372380063,0.01675676195716769
4.511,0.4997827328153381,0.016905354270739362
4.512,0.4997820332102753,0.017053683778843344
4.513,0.49978133490861243,0.017201750481479903
4.514,0.4997806378148848,0.017349571705829188
4.515,0.4997799419762555,0.017497138891619732
4.516,0.4997792474176331,0.017644447517866375
4.517,0.49977855413901745,0.017791497584568994
4.518,0.49977786214040854,0.017938289091727448
4.519,0.49977717142180655,0.01808482203934201
4.52,0.49977648198321134,0.01823109642741241
4.521,0.4997757938246229,0.01837711225593891
4.522,0.49977510694604127,0.01852286952492138
4.523,0.49977442134329514,0.0186683689955651
4.524,0.4997737369007537,0.018813631768709895
4.525,0.4997730537152896,0.01895864016660619
4.526,0.4997723717869026,0.01910339418925385
4.527,0.4997716911155929,0.019247893836653134
4.528,0.49977101170136046,0.019392139108803785
4.529,0.49977033354420525,0.01953613000570606
4.53,0.49976965664412726,0.01967986652735983
4.531,0.4997689810011265,0.019823348673764965
4.532,0.49976830661520305,0.019966576444921724
4.533,0.49976763345267367,0.02010955601223235
4.534,0.49976696145335775,0.02025229840199725
4.535,0.49976629068861506,0.02039479053970055
4.536,0.4997656211584455,0.020537032425341998
4.537,0.49976495286284917,0.02067902405892185
4.538,0.49976428580182597,0.02082076544043997
4.539,0.49976361997537605,0.02096225656989625
4.54,0.49976295538349924,0.021103497447290925
4.541,0.49976229202619565,0.021244488072623875
4.542,0.49976162990346523,0.021385228445894976
4.543,0.49976096895168337,0.02152573026651503
4.544,0.4997603091671095,0.02166599422230931
4.545,0.49975965059501487,0.02180601198872525
4.546,0.4997589932353994,0.021945783565762718
4.547,0.49975833708826317,0.022085308953421593
4.548,0.4997576821536061,0.022224588151702127
4.549,0.4997570284314282,0.022363621160604183
4.55,0.49975637592172956,0.02250240798012765
4.551,0.49975572462451007,0.02264094861027277
4.552,0.4997550745397698,0.022779243051039302
4.553,0.4997544255735639,0.022917308637931386
4.554,0.4997537777795128,0.023055135476475183
4.555,0.49975313117624875,0.02319272012845534
4.556,0.49975248576377185,0.02333006259387211
4.557,0.499751841542082,0.023467162872725354
4.558,0.4997511985111793,0.023604020965014964
4.559,0.49975055667106366,0.023740636870741173
4.56,0.49974991602173513,0.023877010589903745
4.561,0.4997492765631937,0.024013142122502922
4.562,0.49974863828693633,0.024149033043070794
4.563,0.4997480010938844,0.02428470169829197
4.564,0.49974736507032275,0.02442013211054372
4.565,0.4997467302162514,0.024555324279825923
4.566,0.4997460965316703,0.02469027820613846
4.567,0.4997454640165795,0.024824993889481565
4.568,0.499744832670979,0.024959471329855
4.569,0.4997442024948688,0.025093710527259012
4.57,0.4997435734882489,0.025227711481693473
4.571,0.4997429456511192,0.025361474193158273
4.572,0.4997423189474005,0.025495005365692068
4.573,0.4997416933298277,0.025628313781812396
4.574,0.49974106886083697,0.02576138783998935
4.575,0.4997404455404284,0.025894227540223164
4.576,0.49973982336860195,0.026026832882513607
4.577,0.49973920234535757,0.02615920386686091
4.578,0.49973858247069536,0.026291340493264957
4.579,0.4997379637446153,0.026423242761725634
4.58,0.4997373461671174,0.026554910672243165
4.581,0.49973672973820155,0.026686344224817443
4.582,0.49973611439382376,0.026817555360390807
4.583,0.4997355001394711,0.026948543055866064
4.584,0.49973488701317426,0.027079300220513327
4.585,0.49973427501493306,0.02720982685433284
4.586,0.4997336641447477,0.027340122957324478
4.587,0.499733054402618,0.027470188529488133
4.588,0.49973244578854414,0.027600023570824028
4.589,0.4997318383025259,0.02772962808133206
4.59,0.4997312319445635,0.027859002061012095
4.591,0.49973062671465673,0.027988145509864382
4.592,0.49973002252045684,0.028117075704052932
4.593,0.49972941942103877,0.0282457815921047
4.594,0.4997288174295248,0.028374260719191906
4.595,0.499728216545915,0.028502513085314433
4.596,0.49972761677020927,0.028630538690472513
4.597,0.4997270181024076,0.028758337534666032
4.598,0.49972642054251004,0.028885909617894872
4.599,0.49972582409051663,0.02901325494015926
4.6,0.4997252287464272,0.029140373501458983
4.601,0.4997246344980046,0.029267267598643638
4.602,0.49972404126101283,0.02939395304206414
4.603,0.4997234491121412,0.02952041543779116
4.604,0.49972285805138983,0.029646654785824924
4.605,0.4997222680787586,0.029772671086165322
4.606,0.49972167919424754,0.029898464338812242
4.607,0.49972109139785664,0.0300240345437659
4.608,0.49972050468958595,0.03014938170102608
4.609,0.4997199190694354,0.030274505810593006
4.61,0.49971933453740514,0.030399406872466565
4.611,0.49971875105549535,0.03052409204189558
4.612,0.49971816858790696,0.030648568059747843
4.613,0.49971758718901566,0.030772824687246285
4.614,0.49971700685882137,0.030896861924390794
4.615,0.49971642759732404,0.031020679771181597
4.616,0.4997158494045237,0.031144278227618467
4.617,0.4997152722804204,0.03126765729370162
4.618,0.4997146962250141,0.03139081696943096
4.619,0.4997141212383048,0.031513757254806374
4.62,0.49971354732029244,0.03163647814982806
4.621,0.4997129744068585,0.03175899176608519
4.622,0.4997124025115012,0.031881295553855056
4.623,0.49971183166577154,0.03200338355333956
4.624,0.49971126186966963,0.03212525576453847
4.625,0.4997106931231954,0.03224691218745203
4.626,0.49971012542634885,0.032368352822080095
4.627,0.49970955877913,0.03248957766842259
4.628,0.4997089931815389,0.032610586726479714
4.629,0.4997084286335754,0.03273137999625126
4.63,0.4997078651352396,0.03285195747773744
4.631,0.49970730259598134,0.032972336328294674
4.632,0.4997067410793637,0.03309250450404555
4.633,0.49970618059365157,0.033212460438968215
4.634,0.499705621138845,0.03333220413306258
4.635,0.4997050627149438,0.03345173558632853
4.636,0.49970450532194827,0.03357105479876628
4.637,0.4997039489598582,0.033690161770375614
4.638,0.49970339362867366,0.03380905650115675
4.639,0.49970283932839465,0.033927738991109575
4.64,0.4997022860435846,0.034046212174024655
4.641,0.4997017337033007,0.03416448953283237
4.642,0.49970118237554073,0.03428255814431701
4.643,0.49970063206030463,0.034400418008478484
4.644,0.4997000827575924,0.034518069125317
4.645,0.49969953446740406,0.034635511494832336
4.646,0.49969898718973954,0.03475274511702472
4.647,0.499698440924599,0.03486976999189403
4.648,0.4996978956719822,0.034986586119440166
4.649,0.49969735143188937,0.03510319349966335
4.65,0.4996968081648115,0.0352195996637068
4.651,0.49969626584509,0.03533580950257944
4.652,0.49969572451984484,0.035451814034340494
4.653,0.4996951841890759,0.03556761325898975
4.654,0.49969464485278325,0.03568320717652743
4.655,0.4996941065109669,0.03579859578695342
4.656,0.49969356916362684,0.03591377909026762
4.657,0.499693032810763,0.03602875708647024
4.658,0.49969249745237554,0.03614352977556117
4.659,0.4996919630884643,0.03625809715754032
4.66,0.49969142965512003,0.03637247145020924
4.661,0.4996908971727605,0.036486648750202695
4.662,0.4996903656671574,0.03660062413065869
4.663,0.4996898351383107,0.03671439759157714
4.664,0.4996893055862205,0.03682796913295794
4.665,0.49968877701088665,0.03694133875480129
4.666,0.4996882494123092,0.03705450645710709
4.667,0.49968772279048823,0.03716747223987524
4.668,0.4996871971454237,0.03728023610310593
4.669,0.4996866724771155,0.03739279804679898
4.67,0.49968614869696654,0.03750517505674314
4.671,0.49968562587217774,0.03761735424920126
4.672,0.49968510400674715,0.037729334857713404
4.673,0.49968458310067454,0.03784111688227977
4.674,0.49968406315396013,0.037952700322900275
4.675,0.49968354416660377,0.0380640851795748
4.676,0.49968302613860544,0.038175271452303546
4.677,0.4996825090699653,0.038286259141086326
4.678,0.49968199296068316,0.038397048245923326
4.679,0.49968147779260075,0.038507642257858604
4.68,0.4996809635066595,0.03861805253114355
4.681,0.4996804501629935,0.038728267504744604
4.682,0.49967993776160274,0.038838287178661675
4.683,0.49967942630248713,0.03894811155289466
4.684,0.4996789157856467,0.039057740627443764
4.685,0.49967840621108156,0.039167174402308776
4.686,0.4996778975787916,0.039276412877489904
4.687,0.4996773898887769,0.03938545605298704
4.688,0.49967688314103736,0.039494303928800094
4.689,0.4996763772949171,0.03960296434261254
4.69,0.4996758723337025,0.03971144051649254
4.691,0.4996753682979897,0.039819724624270816
4.692,0.49967486518777876,0.03992781666594758
4.693,0.4996743630030697,0.04003571664152263
4.694,0.4996738617438624,0.04014342455099617
4.695,0.49967336141015706,0.040250940394368086
4.696,0.49967286200195354,0.0403582641716383
4.697,0.4996723635192518,0.04046539588280699
4.698,0.499671865962052,0.04057233552787406
4.699,0.49967136926689876,0.04067909537258241
4.7,0.49967087346015293,0.0407856703214724
4.701,0.4996703785624392,0.0408920563878111
4.702,0.49966988457375755,0.04099825357159869
4.703,0.4996693914941081,0.0411042618728351
4.704,0.4996688993234909,0.041210081291520206
4.705,0.4996684080619058,0.041315711827654214
4.706,0.49966791770935287,0.041421153481237025
4.707,0.4996674282658321,0.04152640625226855
4.708,0.4996669397313435,0.041631470140748965
4.709,0.49966645201936855,0.041736361914435346
4.71,0.49966596519999257,0.04184106799041568
4.711,0.49966547927347704,0.041945588318007945
4.712,0.49966499423982197,0.04204992289721204
4.713,0.49966451009902735,0.04215407172802814
4.714,0.49966402685109323,0.04225803481045615
4.715,0.4996635444960195,0.04236181214449601
4.716,0.4996630630338063,0.04246540373014787
4.717,0.49966258246445355,0.04256880956741156
4.718,0.49966210276750744,0.042672033630562135
4.719,0.49966162389451974,0.04277508533327946
4.72,0.4996611458985131,0.042877954373025884
4.721,0.4996606687794878,0.042980640749801596
4.722,0.4996601925374435,0.0430831444636065
4.723,0.4996597171723804,0.043185465514440496
4.724,0.4996592426842985,0.04328760390230378
4.725,0.4996587690731977,0.04338955962719617
4.726,0.4996582963390781,0.04349133268911783
4.727,0.4996578244819396,0.0435929230880687
4.728,0.49965735346029916,0.04369433890472343
4.729,0.49965688326531166,0.04379558186206203
4.73,0.4996564139317129,0.043896645193739287
4.731,0.4996559454595029,0.043997528899755084
4.732,0.49965547784868164,0.044098232980109626
4.733,0.4996550110992492,0.044198757434802734
4.734,0.4996545452112055,0.04429910226383457
4.735,0.4996540801845505,0.044399267467205045
4.736,0.4996536160192843,0.04449925304491409
4.737,0.49965315271540683,0.04459905899696187
4.738,0.49965269021012854,0.044698697584644814
4.739,0.49965222853487856,0.04479816267058539
4.74,0.4996517677057065,0.04489745112070075
4.741,0.4996513077226124,0.04499656293499074
4.742,0.4996508485855962,0.04509549811345551
4.743,0.4996503902946579,0.04519425665609499
4.744,0.4996499328497976,0.04529283856290909
4.745,0.4996494762510151,0.045391243833897976
4.746,0.4996490204983106,0.04548947246906157
4.747,0.49964856558868626,0.0455875250551891
4.748,0.4996481114467966,0.04568541634106958
4.749,0.4996476581359503,0.04578313393411795
4.75,0.49964720565614734,0.04588067783433438
4.751,0.4996467540073878,0.045978048041718775
4.752,0.49964630318967157,0.04607524455627105
4.753,0.4996458532029987,0.046172267377991384
4.754,0.4996454040473692,0.04626911650687959
4.755,0.499644955722783,0.046365791942935865
4.756,0.49964450822924017,0.0464622936861601
4.757,0.4996440615443719,0.04655862612560353
4.758,0.49964361562918824,0.04665479691161835
4.759,0.49964317053028445,0.04675079690157817
4.76,0.49964272624766065,0.0468466260954829
4.761,0.4996422827813167,0.04694228449333272
4.762,0.49964184013125273,0.04703777209512747
4.763,0.49964139829746873,0.0471330889008673
4.764,0.4996409572799646,0.04722823491055213
4.765,0.49964051707874046,0.047323210124181884
4.766,0.49964007769379626,0.04741801454175672
4.767,0.49963963908310355,0.04751265642899401
4.768,0.49963920124471645,0.04760713616856568
4.769,0.499638764208112,0.04770144796326563
4.77,0.4996383279732902,0.047795591813093695
4.771,0.4996378925402509,0.04788956771805005
4.772,0.49963745790899433,0.0479833756781346
4.773,0.49963702407952026,0.04807701569334726
4.774,0.4996365910518288,0.048170487763688215
4.775,0.49963615882592,0.04826379188915736
4.776,0.49963572740179374,0.04835692806975462
4.777,0.49963529671750734,0.04844990851551348
4.778,0.4996348668087768,0.04854272618615177
4.779,0.4996344376875926,0.04863537871812573
4.78,0.49963400935395486,0.04872786611143528
4.781,0.49963358180786344,0.048820188366080326
4.782,0.4996331550493185,0.04891234548206104
4.783,0.49963272907831996,0.04900433745937733
4.784,0.49963230389486785,0.049096164298029134
4.785,0.4996318794989621,0.049187825998016604
4.786,0.4996314558847747,0.04927932371071351
4.787,0.49963103298771033,0.04937067019746981
4.788,0.4996306108642125,0.0494618543074068
4.789,0.4996301895142811,0.049552876040524406
4.79,0.4996297689379162,0.049643735396822784
4.791,0.49962934913511786,0.04973443237630187
4.792,0.49962893010588594,0.049824966978961556
4.793,0.49962851185022056,0.049915339204802026
4.794,0.4996280943681217,0.05000554905382311
4.795,0.4996276776595893,0.05009559652602496
4.796,0.4996272617006789,0.05018548636219662
4.797,0.49962684646081656,0.05027522461569856
4.798,0.4996264319807924,0.050364803210472986
4.799,0.4996260182606063,0.05045422214651981
4.8,0.4996256053002584,0.050543481423838965
4.801,0.49962519309974857,0.050632581042430604
4.802,0.49962478165907687,0.05072152100229457
4.803,0.4996243709782433,0.05081030130343102
4.804,0.4996239610572479,0.05089892194583988
4.805,0.49962355189609053,0.050987382929521055
4.806,0.49962314345244524,0.051075692652642495
4.807,0.4996227357303932,0.05116385030541739
4.808,0.4996223287546977,0.05125185097440703
4.809,0.49962192252535886,0.05133969465961155
4.81,0.4996215170423767,0.05142738136103082
4.811,0.49962111230575107,0.051514911078664974
4.812,0.4996207083154821,0.051602283812513944
4.813,0.49962030507156985,0.05168949956257765
4.814,0.4996199025740141,0.051776558328856255
4.815,0.499619500822815,0.051863460111349666
4.816,0.499619099757031,0.051950217027254296
4.817,0.49961869941596654,0.05203682126154757
4.818,0.49961829980801953,0.05212327114444788
4.819,0.49961790093318986,0.05220956667595538
4.82,0.4996175027914777,0.05229570785606998
4.821,0.4996171053828829,0.05238169468479162
4.822,0.4996167087074056,0.05246752716212045
4.823,0.49961631276504564,0.052553205288056376
4.824,0.49961591755580315,0.052638729062599345
4.825,0.49961552307140494,0.05272410013412419
4.826,0.49961512925690976,0.05280932944928476
4.827,0.4996147361625307,0.05289440700348888
4.828,0.4996143437882677,0.05297933279673649
4.829,0.49961395213412063,0.05306410682902751
4.83,0.4996135612000897,0.053148729100362085
4.831,0.49961317098617486,0.05323319961074014
4.832,0.4996127814923759,0.05331751836016161
4.833,0.4996123927186932,0.05340168534862663
4.834,0.49961200466512645,0.05348570057613506
4.835,0.4996116173064576,0.05356956907739594
4.836,0.49961123061958623,0.05365329546430987
4.837,0.49961084464006295,0.05373687263933673
4.838,0.49961045936788784,0.05382030060247664
4.839,0.4996100748030608,0.053903579353729546
4.84,0.4996096909455819,0.05398670889309538
4.841,0.49960930779545104,0.054069689220574264
4.842,0.4996089253526684,0.05415252033616607
4.843,0.49960854361723384,0.054235202239870946
4.844,0.4996081625891473,0.0543177349316888
4.845,0.4996077822260022,0.05440012689473354
4.846,0.49960740253712205,0.054482376263930446
4.847,0.4996070235430511,0.05456447892952683
4.848,0.4996066452437895,0.05464643489152262
4.849,0.4996062676393372,0.05472824414991796
4.85,0.4996058907296942,0.05480990670471271
4.851,0.4996055145148605,0.05489142255590701
4.852,0.4996051389948361,0.05497279170350078
4.853,0.499604764169621,0.05505401414749396
4.854,0.49960439003921525,0.05513508988788669
4.855,0.4996040165438091,0.05521603091237123
4.856,0.49960364372567173,0.055296828748893974
4.857,0.4996032715900298,0.055377482349898303
4.858,0.49960290013688335,0.055457991715384035
4.859,0.49960252936623223,0.05553835684535135
4.86,0.4996021592780765,0.055618577739800154
4.861,0.4996017898724162,0.055698654398730375
4.862,0.4996014211492513,0.05577858682214217
4.863,0.4996010531085818,0.05585837501003547
4.864,0.4996006857400352,0.055938021045342304
4.865,0.49960031899732965,0.056017534222018384
4.866,0.4995999529250264,0.0560969055916266
4.867,0.49959958752312544,0.0561761351541671
4.868,0.4995992227916267,0.05625522290963981
4.869,0.4995988587305303,0.05633416885804466
4.87,0.4995984953398361,0.0564129729993818
4.871,0.4995981326195442,0.05649163533365114
4.872,0.4995977705696546,0.05657015586085263
4.873,0.49959740919016726,0.056648534580986405
4.874,0.4995970484548588,0.05672677676985837
4.875,0.49959668834725024,0.05680488574285229
4.876,0.4995963288981676,0.05688285529816554
4.877,0.49959597010761075,0.056960685435798054
4.878,0.4995956119755797,0.05703837615574996
4.879,0.49959525450207454,0.057115927458021146
4.88,0.49959489768709525,0.057193339342611726
4.881,0.4995945415306418,0.05727061180952163
4.882,0.4995941860327142,0.057347744858750806
4.883,0.49959383119331247,0.057424738490299373
4.884,0.49959347697013884,0.0575016012295274
4.885,0.4995931233770532,0.057578330282902636
4.886,0.4995927704308298,0.057654922269482996
4.887,0.49959241813146843,0.05773137718926835
4.888,0.4995920664789693,0.05780769504225882
4.889,0.49959171547333237,0.05788387582845434
4.89,0.49959136511455754,0.05795991954785485
4.891,0.4995910154026449,0.05803582620046048
4.892,0.4995906663375945,0.05811159578627116
4.893,0.4995903179194062,0.05818722830528683
4.894,0.4995899700895113,0.05826273558359602
4.895,0.4995896228925881,0.05833810859982362
4.896,0.4995892763310723,0.0584133468621973
4.897,0.49958893040496377,0.058488450370716975
4.898,0.4995885851142626,0.0585634191253826
4.899,0.49958824045896866,0.058638253126194285
4.9,0.499587896439082,0.05871295237315197
4.901,0.49958755305460273,0.05878751686625559
4.902,0.49958721030553077,0.05886194660550529
4.903,0.4995868681797044,0.05893624405089209
4.904,0.499586526638598,0.05901041699512238
4.905,0.4995861857216491,0.05908445746104585
4.906,0.49958584542885764,0.05915836544866242
4.907,0.4995855057602237,0.05923214095797223
4.908,0.49958516671574715,0.059305783988975215
4.909,0.4995848282954281,0.059379294541671304
4.91,0.4995844904992665,0.059452672616060624
4.911,0.49958415332726236,0.059525918212143064
4.912,0.4995838167794157,0.059599031329918735
4.913,0.4995834808287362,0.059672017438217505
4.914,0.49958314546459576,0.0597448786905632
4.915,0.4995828107135642,0.05981760970330083
4.916,0.4995824765756414,0.05989021047643033
4.917,0.49958214305082754,0.059962681009951634
4.918,0.4995818101391225,0.060035021303864886
4.919,0.4995814778405263,0.06010723135816994
4.92,0.49958114615503896,0.06017931117286693
4.921,0.4995808150826604,0.06025126074795579
4.922,0.4995804846233908,0.06032308008343646
4.923,0.49958015473520606,0.06039477770872676
4.924,0.49957982543586843,0.06046635001872978
4.925,0.4995794967387886,0.06053779429151445
4.926,0.4995791686439665,0.06060911052708091
4.927,0.4995788411514023,0.06068029872542902
4.928,0.4995785142610959,0.06075135888655891
4.929,0.4995781879730472,0.06082229101047052
4.93,0.4995778622872564,0.06089309509716378
4.931,0.4995775372037235,0.06096377114663882
4.932,0.49957721272243605,0.061034319161388365
4.933,0.4995768887861931,0.06110475077055085
4.934,0.4995765654415509,0.06117505650910998
4.935,0.4995762426885094,0.061245236377065616
4.936,0.4995759205270687,0.06131529037441788
4.937,0.49957559895722864,0.061385218501166725
4.938,0.4995752779789894,0.06145502075731207
4.939,0.4995749575923509,0.06152469714285406
4.94,0.4995746377973131,0.06159424765779262
4.941,0.499574318593876,0.06166367230212769
4.942,0.49957399996836666,0.06173297386013688
4.943,0.4995736818891959,0.06180215876446172
4.944,0.4995733643911591,0.06187121992955113
4.945,0.4995730474742565,0.06194015735540505
4.946,0.49957273113848794,0.06200897104202342
4.947,0.4995724153838534,0.06207766098940637
4.948,0.4995721002103529,0.062146227197553826
4.949,0.49957178561798654,0.06221466966646573
4.95,0.4995714716067542,0.062282988396142214
4.951,0.499571158176656,0.062351183386583145
4.952,0.4995708453001457,0.0624192602560595
4.953,0.4995705329717498,0.06248722012097536
4.954,0.49957022121420824,0.062555058343299
4.955,0.499569910027521,0.06262277492303053
4.956,0.4995695994116881,0.0626903698601699
4.957,0.4995692893667096,0.06275784315471705
4.958,0.49956897989258536,0.0628251948066721
4.959,0.49956867098931546,0.06289242481603491
4.96,0.49956836265689997,0.06295953318280563
4.961,0.4995680548953388,0.06302651990698417
4.962,0.49956774766302453,0.0630933934880734
4.963,0.49956744098105227,0.06316014961681242
4.964,0.49956713485983806,0.06322678616539446
4.965,0.49956682929938206,0.06329330313381942
4.966,0.4995665242996841,0.06335970052208746
4.967,0.49956621986074445,0.06342597833019843
4.968,0.4995659159825629,0.06349213655815247
4.969,0.49956561266513944,0.06355817520594952
4.97,0.4995653099084742,0.0636240942735895
4.971,0.4995650077104167,0.06368989420103163
4.972,0.49956470602158426,0.0637555850915806
4.973,0.49956440488359405,0.06382115843071014
4.974,0.49956410429644593,0.0638866142184204
4.975,0.49956380426014,0.06395195245471125
4.976,0.49956350477467626,0.0640171731395828
4.977,0.49956320584005465,0.064082276273035
4.978,0.49956290745627524,0.0641472618550678
4.979,0.4995626096233379,0.0642121298856813
4.98,0.4995623123412428,0.06427688036487546
4.981,0.49956201559505437,0.06434151635293187
4.982,0.49956171935937577,0.06440604305369638
4.983,0.4995614236648001,0.06447045419858641
4.984,0.4995611285113276,0.06453474978760206
4.985,0.49956083389895817,0.06459892982074328
4.986,0.4995605398276917,0.06466299429800998
4.987,0.4995602462975284,0.06472694321940232
4.988,0.4995599533084681,0.06479077658492023
4.989,0.4995596608605109,0.06485449439456364
4.99,0.49955936895365677,0.06491809664833267
4.991,0.4995590775599902,0.06498158907458057
4.992,0.4995587866785632,0.0650449718678294
4.993,0.4995584963286739,0.06510824106805492
4.994,0.4995582065103223,0.06517139667525709
4.995,0.49955791722350834,0.065234438689436
4.996,0.4995576284682321,0.06529736711059163
4.997,0.4995573402444935,0.06536018193872388
4.998,0.49955705255229255,0.06542288317383288
4.999,0.4995567653916293,0.06548547081591852
5,0.4995564787625037,0.0655479448649809
5.0000000007000285,0.49955647876230325,0.06554794490867474
5.0000000007000285,0.49955647876230325,0.06554794490867474
5.001,0.49955619219736286,0.06561029123451054
5.002,0.49955590707329206,0.06567248155378984
5.003,0.4995556230308589,0.06573445214395934
5.004,0.49955533904227184,0.06579641179393403
5.005,0.49955505596973404,0.06585816695138716
5.006,0.4995547729944734,0.06591990039336262
5.007,0.49955449089079007,0.06598144088594049
5.008,0.499554208933723,0.06604294892068947
5.009,0.49955392738416876,0.06610435849609987
5.01,0.4995536462507236,0.06616566753526318
5.011,0.4995533654704605,0.06622689124200061
5.012,0.49955308504337936,0.06628802961631211
5.013,0.49955280514080763,0.06634905715547268
5.014,0.499552525746397,0.06640997629300695
5.015,0.49955224680526217,0.0664707951987812
5.016,0.4995519683174032,0.06653151387279553
5.017,0.49955169035133673,0.06659212267595566
5.018,0.4995514129194016,0.06665261987240464
5.019,0.4995511359879521,0.06671301019550605
5.02,0.49955085955698814,0.06677329364525977
5.021,0.4995505836301548,0.06683346929319851
5.022,0.4995503082094797,0.06689353662285018
5.023,0.4995500332923272,0.06695349630555654
5.024,0.4995497588786973,0.06701334834131774
5.025,0.49954948496859,0.06707309273013372
5.026,0.4995492115620053,0.0671327294720044
5.027,0.4995489386589433,0.06719225856692991
5.028,0.4995486662594038,0.06725168001491015
5.029,0.49954839434353326,0.06731099760919541
5.03,0.49954812288107886,0.06737021712989313
5.031,0.49954785190793916,0.06742933171821971
5.032,0.4995475814241141,0.06748834137417527
5.033,0.49954731142960374,0.06754724609775974
5.034,0.49954704192440796,0.06760604588897307
5.035,0.49954677290852695,0.06766474074781538
5.036,0.4995465043819605,0.06772333067428654
5.037,0.4995462363447088,0.06778181566838667
5.038,0.49954596879677177,0.06784019573011574
5.039,0.4995457017381494,0.06789847085947365
5.04,0.49954543516884165,0.06795664105646053
5.041,0.4995451690888486,0.06801470632107634
5.042,0.4995449034981702,0.068072666653321
5.043,0.49954463839680646,0.06813052205319464
5.044,0.4995443737847574,0.06818827252069715
5.045,0.499544109662023,0.06824591805582861
5.046,0.4995438459644401,0.06830347444387952
5.047,0.4995435827447426,0.06836092871137582
5.048,0.4995433200065149,0.06841827997645736
5.049,0.49954305774975716,0.06847552823912409
5.05,0.49954279597446927,0.06853267349937595
5.051,0.49954253468065124,0.06858971575721305
5.052,0.49954227386830313,0.06864665501263528
5.053,0.49954201353742494,0.06870349126564275
5.054,0.4995417536880166,0.0687602245162354
5.055,0.49954149432007816,0.06881685476441318
5.056,0.49954123543360957,0.0688733820101762
5.057,0.4995409770286109,0.06892980625352442
5.058,0.4995407191050821,0.06898612749445776
5.059,0.4995404616630232,0.06904234573297634
5.06,0.49954020470243415,0.06909846096908005
5.061,0.49953994822331504,0.06915447320276899
5.062,0.4995396921593327,0.06921039573171366
5.063,0.4995394365138053,0.06926622789074119
5.064,0.4995391813357673,0.06932195984999834
5.065,0.4995389266252187,0.06937759160948503
5.066,0.49953867238215954,0.06943312316920126
5.067,0.4995384186065897,0.06948855452914707
5.068,0.4995381652985093,0.0695438856893224
5.069,0.4995379124579183,0.06959911664972734
5.07,0.49953766008481665,0.06965424741036186
5.071,0.4995374081792044,0.06970927797122588
5.072,0.49953715674108157,0.0697642083323195
5.073,0.4995369057704481,0.06981903849364267
5.074,0.49953665526730406,0.06987376845519537
5.075,0.4995364052316494,0.06992839821697767
5.076,0.49953615566348414,0.06998292777898948
5.077,0.4995359065628083,0.07003735714123091
5.078,0.4995356579090102,0.0700916904087689
5.079,0.49953540961792353,0.070145944344514
5.08,0.49953516178018675,0.07020010089655876
5.081,0.49953491439579983,0.07025416006490313
5.082,0.4995346674647629,0.07030812184954709
5.083,0.4995344209870758,0.07036198625049071
5.084,0.4995341749627386,0.0704157532677339
5.085,0.4995339293917514,0.07046942290127677
5.086,0.49953368427411404,0.07052299515111925
5.087,0.4995334396098266,0.0705764700172613
5.088,0.4995331953988891,0.07062984749970304
5.089,0.49953295164130146,0.07068312759844438
5.09,0.49953270833706376,0.07073631031348529
5.091,0.4995324654861759,0.07078939564482588
5.092,0.4995322230886381,0.07084238359246603
5.093,0.4995319811444501,0.07089527415640587
5.094,0.499531739653612,0.07094806733664533
5.095,0.4995314985242854,0.07100078195476091
5.096,0.4995312578121016,0.07105340660953821
5.097,0.4995310175397666,0.07110593664756726
5.098,0.49953077770728044,0.071158372068848
5.099,0.499530538314643,0.07121071287338053
5.1,0.49953029936185434,0.07126295906116477
5.101,0.49953006084891444,0.07131511063220078
5.102,0.49952982277582336,0.07136716758648855
5.103,0.49952958514258106,0.07141912992402802
5.104,0.4995293479491875,0.07147099764481928
5.105,0.4995291111956427,0.07152277074886228
5.106,0.4995288748819468,0.07157444923615698
5.107,0.4995286390080996,0.07162603310670347
5.108,0.4995284035741011,0.07167752236050165
5.109,0.49952816857995147,0.07172891699755163
5.11,0.49952793402565066,0.07178021701785335
5.111,0.4995276998665339,0.07183143167400459
5.112,0.49952746607330095,0.07188256703575349
5.113,0.49952723270688065,0.07193361048127635
5.114,0.49952699976727305,0.0719845620105731
5.115,0.4995267672544781,0.07203542162364383
5.116,0.4995265351684958,0.07208618932048846
5.117,0.4995263035093262,0.07213686510110709
5.118,0.4995260722769692,0.07218744896549965
5.119,0.49952584147142487,0.07223794091366612
5.12,0.4995256110926932,0.07228834094560657
5.121,0.49952538114077427,0.07233864906132097
5.122,0.4995251516156679,0.07238886526080926
5.123,0.49952492251737424,0.07243898954407155
5.124,0.4995246938458932,0.07248902191110772
5.125,0.4995244656012248,0.07253896236191788
5.126,0.4995242377833692,0.07258881089650199
5.127,0.4995240103898356,0.07263856803436056
5.128,0.4995237833157611,0.07268825564915592
5.129,0.4995235566558967,0.07273785397650519
5.13,0.49952333041024255,0.07278736301640845
5.131,0.4995231045787985,0.07283678276886568
5.132,0.49952287916156474,0.07288611323387682
5.133,0.49952265415854114,0.07293535441144197
5.134,0.4995224295697277,0.07298450630156107
5.135,0.49952220539512443,0.07303356890423408
5.136,0.4995219816347314,0.0730825422194611
5.137,0.49952175828854856,0.07313142624724205
5.138,0.49952153535657584,0.07318022098757697
5.139,0.4995213128388134,0.07322892644046587
5.14,0.4995210907352611,0.07327754260590866
5.141,0.49952086904591897,0.07332606948390546
5.142,0.49952064777078703,0.07337450707445625
5.143,0.4995204269098653,0.07342285537756091
5.144,0.49952020639659295,0.07347112832319905
5.145,0.49951998625008853,0.0735193219101854
5.146,0.49951976650557806,0.07356742876636244
5.147,0.4995195471630616,0.07361544889173012
5.148,0.499519328222539,0.07366338228628842
5.149,0.4995191096840105,0.07371122895003743
5.15,0.4995188915474758,0.07375898888297706
5.151,0.4995186738129352,0.07380666208510732
5.152,0.49951845648038845,0.07385424855642828
5.153,0.4995182395498357,0.07390174829693982
5.154,0.49951802302127685,0.07394916130664207
5.155,0.49951780689471204,0.07399648758553498
5.156,0.4995175911701411,0.07404372713361848
5.157,0.4995173758475642,0.0740908799508927
5.158,0.4995171609269812,0.07413794603735756
5.159,0.49951694640839217,0.07418492539301302
5.16,0.49951673226653803,0.07423182331436594
5.161,0.4995165184458667,0.07427865145001426
5.162,0.4995163050153354,0.0743253953404757
5.163,0.4995160919749441,0.07437205498575024
5.164,0.4995158793246928,0.0744186303858378
5.165,0.4995156670645816,0.07446512154073852
5.166,0.4995154551946104,0.07451152845045234
5.167,0.49951524371477923,0.07455785111497919
5.168,0.49951503262508806,0.07460408953431917
5.169,0.4995148219255369,0.07465024370847219
5.17,0.4995146116161258,0.07469631363743837
5.171,0.49951440169685474,0.07474229932121762
5.172,0.49951419216772364,0.07478820075980992
5.173,0.4995139830287326,0.07483401795321534
5.174,0.4995137742798816,0.07487975090143388
5.175,0.49951356592117063,0.07492539960446545
5.176,0.49951335795259966,0.07497096406231016
5.177,0.49951315028760024,0.07501646245638478
5.178,0.4995129429892787,0.07506188153290753
5.179,0.49951273606959246,0.07510721878046772
5.18,0.49951252952854186,0.0751524741990653
5.181,0.4995123233661267,0.07519764778870033
5.182,0.4995121175823471,0.07524273954937279
5.183,0.4995119121772029,0.07528774948108262
5.184,0.4995117071506942,0.07533267758382993
5.185,0.49951150250282106,0.0753775238576146
5.186,0.49951129823358337,0.07542228830243676
5.187,0.4995110943429812,0.07546697091829634
5.188,0.49951089083101446,0.07551157170519329
5.189,0.4995106876976833,0.0755560906631277
5.19,0.4995104849429875,0.07560052779209954
5.191,0.4995102825669273,0.07564488309210876
5.192,0.4995100805695026,0.07568915656315546
5.193,0.4995098789047373,0.0757333578765175
5.194,0.49950967756208875,0.07577748924988831
5.195,0.49950947658691086,0.07582154114287472
5.196,0.4995092759792036,0.07586551355547673
5.197,0.499509075738967,0.0759094064876944
5.198,0.499508875866201,0.0759532199395277
5.199,0.4995086763609057,0.07599695391097658
5.2,0.49950847722308106,0.0760406084020411
5.201,0.49950827845272694,0.07608418341272123
5.202,0.4995080800498436,0.07612767894301702
5.203,0.4995078820144308,0.07617109499292843
5.204,0.4995076843464886,0.07621443156245543
5.205,0.49950748704601716,0.07625768865159807
5.206,0.4995072901130163,0.07630086626035634
5.207,0.49950709354748607,0.07634396438873021
5.208,0.49950689734942655,0.07638698303671974
5.209,0.49950670150953524,0.07642992416421338
5.21,0.49950650595111534,0.07647280393039987
5.211,0.49950631074933155,0.07651560649890397
5.212,0.499506115904184,0.07655833186972565
5.213,0.4995059214156725,0.07660098004286495
5.214,0.4995057272837972,0.07664355101832185
5.215,0.4995055335085581,0.07668604479609632
5.216,0.49950534008995506,0.07672846137618843
5.217,0.49950514702798826,0.07677080075859812
5.218,0.49950495432265757,0.07681306294332543
5.219,0.49950476197396304,0.07685524793037035
5.22,0.4995045699819047,0.07689735571973283
5.221,0.4995043783464825,0.07693938631141295
5.222,0.49950418706769645,0.07698133970541068
5.223,0.4995039961455465,0.07702321590172596
5.224,0.4995038055800328,0.0770650149003589
5.225,0.49950361537115523,0.07710673670130941
5.226,0.49950342545416254,0.0771483949684101
5.227,0.4995032358596021,0.07718998325555174
5.228,0.4995030466111643,0.07723149656358512
5.229,0.49950285770884906,0.07727293489251033
5.23,0.49950266915265645,0.07731429824232736
5.231,0.4995024809425864,0.07735558661303611
5.232,0.499502293078639,0.07739680000463672
5.233,0.4995021055608142,0.07743793841712908
5.234,0.499501918389112,0.07747900185051328
5.235,0.4995017315635324,0.07751999030478926
5.236,0.4995015450840754,0.077560903779957
5.237,0.499501358950741,0.07760174227601657
5.238,0.4995011731635292,0.07764250579296794
5.239,0.49950098772244,0.07768319433081107
5.24,0.49950080262747343,0.07772380788954603
5.241,0.4995006178786294,0.07776434646917275
5.242,0.49950043344723627,0.07780481612935307
5.243,0.4995002492985315,0.07784522421692973
5.244,0.49950006548574727,0.0778855594815585
5.245,0.4994998820088836,0.0779258219232394
5.246,0.4994996988679405,0.07796601154197241
5.247,0.4994995160629179,0.07800612833775752
5.248,0.4994993335938159,0.0780461723105948
5.249,0.49949915146063434,0.07808614346048415
5.25,0.4994989696633733,0.07812604178742566
5.251,0.49949878820203286,0.07816586729141929
5.252,0.4994986070766129,0.07820561997246502
5.253,0.49949842628711355,0.07824529983056289
5.254,0.4994982458335347,0.07828490686571285
5.255,0.49949806571587635,0.07832444107791497
5.256,0.4994978859341386,0.0783639024671692
5.257,0.4994977064883213,0.07840329103347553
5.258,0.49949752737842457,0.07844260677683401
5.259,0.4994973485227391,0.07848186699196805
5.26,0.49949716998920735,0.07852105729804419
5.261,0.4994969917816963,0.07856017687659435
5.262,0.4994968139002059,0.07859922572761846
5.263,0.49949663634473623,0.07863820385111657
5.264,0.4994964591152872,0.07867711124708868
5.265,0.4994962822118588,0.07871594791553473
5.266,0.49949610563445107,0.07875471385645479
5.267,0.49949592938306403,0.07879340906984883
5.268,0.49949575345769764,0.07883203355571683
5.269,0.4994955778583519,0.07887058731405883
5.27,0.4994954025850269,0.07890907034487478
5.271,0.4994952276377225,0.07894748264816476
5.272,0.49949505301643876,0.0789858242239287
5.273,0.4994948787211757,0.07902409507216661
5.274,0.4994947047519333,0.07906229519287851
5.275,0.4994945310624453,0.07910043439306284
5.276,0.4994943576562843,0.07913851191541785
5.277,0.4994941845665373,0.0791765207465662
5.278,0.4994940117932042,0.07921446088650783
5.279,0.4994938393362851,0.0792523323352428
5.28,0.4994936671957799,0.0792901350927711
5.281,0.49949349537168874,0.07932786915909268
5.282,0.4994933238640115,0.07936553453420762
5.283,0.4994931526727482,0.07940313121811587
5.284,0.4994929817978988,0.0794406592108174
5.285,0.49949281123946343,0.07947811851231229
5.286,0.499492640997442,0.07951550912260047
5.287,0.4994924710718346,0.079552831041682
5.288,0.49949230146264106,0.07959008426955683
5.289,0.49949213216986144,0.07962726880622496
5.29,0.49949196319349587,0.07966438465168645
5.291,0.4994917945193188,0.07970143482552004
5.292,0.49949162609303427,0.07973843085290618
5.293,0.4994914579738413,0.0797753601678991
5.294,0.4994912901617401,0.07981222277049872
5.295,0.49949112265673046,0.07984901866070511
5.296,0.49949095545881245,0.07988574783851823
5.297,0.499490788567986,0.07992241030393808
5.298,0.49949062198425126,0.0799590060569647
5.299,0.49949045570760814,0.07999553509759808
5.3,0.49949028973805665,0.08003199742583814
5.301,0.49949012407559673,0.08006839304168498
5.302,0.4994899587202285,0.08010472194513853
5.303,0.4994897936719519,0.08014098413619884
5.304,0.4994896289307669,0.08017717961486591
5.305,0.4994894644966735,0.08021330838113969
5.306,0.49948930036967176,0.08024937043502024
5.307,0.4994891365497617,0.08028536577650752
5.308,0.4994889729747441,0.08032130762630586
5.309,0.4994888096831464,0.08035718779524524
5.31,0.499488646689594,0.08039300317465664
5.311,0.4994884839940867,0.08042875376454012
5.312,0.49948832159662454,0.08046443956489564
5.313,0.49948815949720754,0.08050006057572319
5.314,0.4994879976958358,0.08053561679702281
5.315,0.4994878361925092,0.08057110822879447
5.316,0.49948767498722774,0.08060653487103815
5.317,0.49948751407999153,0.08064189672375391
5.318,0.4994873534708005,0.08067719378694169
5.319,0.49948719315965456,0.08071242606060153
5.32,0.49948703314655385,0.08074759354473343
5.321,0.49948687343149833,0.08078269623933734
5.322,0.49948671401448796,0.08081773414441333
5.323,0.49948655489552274,0.08085270725996137
5.324,0.49948639604390904,0.08088762211867445
5.325,0.49948623744107484,0.08092248267330006
5.326,0.49948607912750703,0.08095728030683448
5.327,0.49948592110320555,0.08099201501927775
5.328,0.4994857633681705,0.08102668681062986
5.329,0.49948560592240177,0.08106129568089078
5.33,0.4994854487658994,0.08109584163006056
5.331,0.4994852918986634,0.08113032465813917
5.332,0.4994851353206938,0.0811647447651266
5.333,0.4994849790319905,0.08119910195102288
5.334,0.4994848230325536,0.08123339621582798
5.335,0.4994846673223831,0.08126762755954195
5.336,0.4994845119014789,0.08130179598216473
5.337,0.49948435676984115,0.08133590148369634
5.338,0.4994842019274697,0.08136994406413679
5.339,0.49948404737436464,0.08140392372348608
5.34,0.4994838931082717,0.08143784094213616
5.341,0.4994837390593762,0.08147171059806123
5.342,0.49948358529122794,0.08150551914838547
5.343,0.4994834318038268,0.0815392665931089
5.344,0.49948327859717295,0.0815729529322315
5.345,0.49948312567126624,0.08160657816575327
5.346,0.4994829730261067,0.08164014229367424
5.347,0.4994828206616945,0.08167364531599439
5.348,0.4994826685780294,0.08170708723271367
5.349,0.4994825167751116,0.08174046804383216
5.35,0.4994823652529409,0.0817737877493498
5.351,0.4994822140115174,0.08180704634926665
5.352,0.49948206305084114,0.08184024384358267
5.353,0.4994819123709121,0.08187338023229783
5.354,0.4994817619717302,0.0819064555154122
5.355,0.49948161185329554,0.08193946969292577
5.356,0.4994814620156081,0.08197242276483847
5.357,0.49948131241302784,0.08200532446936407
5.358,0.49948116305961654,0.0820381718061623
5.359,0.4994810139786852,0.08207095980134886
5.36,0.49948086517023377,0.08210368845492375
5.361,0.4994807166342623,0.08213635776688691
5.362,0.49948056837077076,0.0821689677372384
5.363,0.49948042037975915,0.08220151836597821
5.364,0.49948027266122746,0.08223400965310629
5.365,0.4994801252151757,0.08226644159862272
5.366,0.49947997804160393,0.08229881420252741
5.367,0.4994798311405121,0.08233112746482046
5.368,0.49947968451190017,0.08236338138550181
5.369,0.4994795381557682,0.08239557596457145
5.37,0.4994793920721161,0.08242771120202941
5.371,0.499479246260944,0.08245978709787569
5.372,0.4994791007222518,0.08249180365211024
5.373,0.49947895543839144,0.08252376463485234
5.374,0.49947881037280434,0.08255567785596127
5.375,0.49947866557167425,0.08258753344935557
5.376,0.49947852103500123,0.08261933141503518
5.377,0.49947837676278534,0.08265107175300007
5.378,0.4994782327550265,0.08268275446325032
5.379,0.49947808901172475,0.08271437954578584
5.38,0.49947794553288,0.08274594700060671
5.381,0.49947780231849237,0.0827774568277129
5.382,0.4994776593685618,0.08280890902710439
5.383,0.4994775166830883,0.0828403035987812
5.384,0.4994773742620719,0.08287164054274333
5.385,0.49947723210551254,0.08290291985899076
5.386,0.49947709021341025,0.08293414154752353
5.387,0.4994769485857651,0.08296530560834159
5.388,0.4994768072225769,0.08299641204144499
5.389,0.4994766661238459,0.08302746084683371
5.39,0.4994765252304108,0.08305846467756625
5.391,0.4994763845860666,0.08308941416705735
5.392,0.49947624419839354,0.08312030769401228
5.393,0.4994761040673919,0.08315114525843104
5.394,0.4994759641930615,0.08318192686031366
5.395,0.49947582457540246,0.08321265249966012
5.396,0.4994756852144147,0.08324332217647043
5.397,0.49947554611009826,0.08327393589074458
5.398,0.4994754072624532,0.08330449364248257
5.399,0.49947526867147934,0.08333499543168443
5.4,0.4994751303371769,0.08336544125835012
5.401,0.49947499225954567,0.08339583112247963
5.402,0.49947485443858586,0.083426165024073
5.403,0.49947471687429723,0.08345644296313022
5.404,0.49947457956667995,0.08348666493965129
5.405,0.49947444251573403,0.08351683095363621
5.406,0.4994743056898108,0.08354694778155501
5.407,0.4994741690827835,0.0835770167352531
5.408,0.4994740327248719,0.08360703134421396
5.409,0.4994738966160758,0.08363699160843757
5.41,0.4994737607563953,0.083666897527924
5.411,0.4994736251458304,0.08369674910267319
5.412,0.49947348978438105,0.08372654633268518
5.413,0.4994733546720474,0.08375628921795997
5.414,0.4994732198088293,0.08378597775849748
5.415,0.49947308519472683,0.08381561195429785
5.416,0.4994729508297399,0.08384519180536097
5.417,0.4994728167138686,0.08387471731168684
5.418,0.49947268284711294,0.08390418847327553
5.419,0.4994725492294728,0.083933605290127
5.42,0.49947241586094837,0.08396296776224126
5.421,0.4994722827415395,0.08399227588961829
5.422,0.49947214986445465,0.08402153112802364
5.423,0.49947201717871936,0.08405074440384012
5.424,0.4994718847347673,0.08407990490664356
5.425,0.4994717525325982,0.08410901263643394
5.426,0.49947162057221217,0.08413806759321134
5.427,0.4994714888536093,0.08416706977697568
5.428,0.4994713573767895,0.08419601918772701
5.429,0.4994712261417527,0.08422491582546532
5.43,0.49947109514849913,0.0842537596901906
5.431,0.4994709643970286,0.08428255078190286
5.432,0.4994708338873411,0.0843112891006021
5.433,0.4994707036194368,0.08433997464628828
5.434,0.4994705735933155,0.08436860741896147
5.435,0.4994704438089773,0.08439718741862161
5.436,0.4994703142664222,0.08442571464526874
5.437,0.49947018496565015,0.08445418909890286
5.438,0.49947005590666127,0.08448261077952393
5.439,0.4994699270387598,0.08451098295631251
5.44,0.4994697983866993,0.08453930403300663
5.441,0.4994696699682864,0.08456757286130996
5.442,0.4994695417835213,0.08459578944122252
5.443,0.4994694138492824,0.08462395617991827
5.444,0.49946928616772135,0.08465207338424856
5.445,0.4994691587310988,0.08468013995047234
5.446,0.4994690315394149,0.0847081558785896
5.447,0.4994689045926696,0.08473612116860041
5.448,0.499468777890863,0.08476403582050471
5.449,0.499468651433995,0.08479189983430252
5.45,0.4994685252220656,0.08481971320999385
5.451,0.499468399230769,0.08484747578575229
5.452,0.4994682734442999,0.08487518748092039
5.453,0.4994555138199181,0.08479064087361637
5.454,0.4994443973526665,0.0847195142314055
5.455,0.49943720956058274,0.08468148548027071
5.456,0.4994323242846974,0.0846619288171929
5.457,0.49942875255904035,0.08465203580664393
5.458,0.49942594944439633,0.08464704446426469
5.459,0.4994236025695624,0.08464433049238963
5.46,0.49942159084269516,0.08464294343617017
5.461,0.49941983737077883,0.08464232493929795
5.462,0.49941828095770374,0.08464206528303232
5.463,0.49941687864828616,0.08464194575584172
5.464,0.49941560208822794,0.08464185928537939
5.465,0.49941451196821585,0.08464184069487221
5.466,0.49941359474916597,0.0846418522925067
5.467,0.49941268897262625,0.08464186275968384
5.468,0.4994119158969857,0.08464186011673878
5.469,0.4994111428213451,0.08464185747379371
5.47,0.49941058933499916,0.0846418512535534
5.471,0.4994100711009061,0.0846418444590241
5.472,0.4994095528668131,0.0846418376644948
5.473,0.4994090346327201,0.08464183086996549
5.474,0.499408583064112,0.08464182437120536
5.475,0.499408221232146,0.08464181827057227
5.476,0.49940785940018,0.08464181216993917
5.477,0.499407497568214,0.08464180606930607
5.478,0.499407135736248,0.08464179996867298
5.479,0.49940688211406936,0.084641795341386
5.48,0.49940662949464776,0.0846417907277522
5.481,0.4994063768752261,0.0846417861141184
5.482,0.4994061242558045,0.08464178150048461
5.483,0.4994058885232358,0.08464177717797525
5.484,0.49940567578489736,0.08464177325187972
5.485,0.4994054752310376,0.08464176953584104
5.486,0.4994052868616567,0.08464176602985925
5.487,0.49940511067675447,0.08464176273393431
5.488,0.499404946676331,0.08464175964806625
5.489,0.49940479486038636,0.08464175677225504
5.49,0.4994046552289204,0.08464175410650071
5.491,0.49940452778193317,0.08464175165080323
5.492,0.49940440661090274,0.08464174934088185
5.493,0.4994042933798662,0.0846417471948402
5.494,0.4994041905267129,0.08464174523920086
5.495,0.4994040980514427,0.08464174347396385
5.496,0.4994040159540558,0.08464174189912912
5.497,0.499403944234552,0.08464174051469672
5.498,0.49940388289293147,0.08464173932066664
5.499,0.4994038319291941,0.08464173831703888
5.5,0.4994037913433399,0.08464173750381343
5.501,0.4994037347351904,0.08464173640758708
5.502,0.499403676383864,0.08464173528441042
5.503,0.4994036217100439,0.08464173423148612
5.504,0.49940357071372987,0.08464173324881417
5.505,0.49940352339492206,0.08464173233639462
5.506,0.49940347975362037,0.08464173149422743
5.507,0.4994034397898249,0.08464173072231261
5.508,0.4994034035035355,0.08464173002065017
5.509,0.49940337089475223,0.08464172938924008
5.51,0.49940334196347524,0.08464172882808238
5.511,0.49940331670970434,0.08464172833717705
5.512,0.4994032951334396,0.08464172791652409
5.513,0.4994032772346811,0.08464172756612351
5.514,0.4994032630134287,0.08464172728597527
5.515,0.4994032524696825,0.08464172707607943
5.516,0.49940324560344235,0.08464172693643596
5.517,0.49940324241470846,0.08464172686704485
5.518,0.4994032431896577,0.08464172687379151
5.519,0.49940324936026964,0.08464172698900763
5.52,0.49940325553088166,0.08464172710422375
5.521,0.4994032617014937,0.08464172721943988
5.522,0.4994032678721057,0.084641727334656
5.523,0.4994032740427177,0.08464172744987213
5.524,0.4994032802133297,0.08464172756508825
5.525,0.4994032863839417,0.08464172768030438
5.526,0.49940329255455373,0.0846417277955205
5.527,0.49940329872516576,0.08464172791073662
5.528,0.4994033048957778,0.08464172802595275
5.529,0.49940331106638974,0.08464172814116888
5.53,0.49940331723700176,0.084641728256385
5.531,0.4994033234076138,0.08464172837160112
5.532,0.4994033295782258,0.08464172848681725
5.533,0.4994033357488378,0.08464172860203338
5.534,0.4994033419194498,0.0846417287172495
5.535,0.4994033480900618,0.08464172883246562
5.536,0.49940335295099836,0.08464172892356805
5.537,0.49940335515629475,0.08464172896577492
5.538,0.4994033573615912,0.0846417290079818
5.539,0.4994033595668876,0.08464172905018867
5.54,0.499403361772184,0.08464172909239555
5.541,0.49940336397748036,0.08464172913460243
5.542,0.4994033661827768,0.08464172917680929
5.543,0.4994033683880732,0.08464172921901617
5.544,0.4994033705933696,0.08464172926122304
5.545,0.499403372798666,0.08464172930342992
5.546,0.4994033750039624,0.0846417293456368
5.547,0.4994033772092588,0.08464172938784367
5.548,0.4994033794145552,0.08464172943005054
5.549,0.49940338161985165,0.08464172947225741
5.55,0.49940338382514804,0.08464172951446429
5.551,0.49940338603044443,0.08464172955667117
5.552,0.4994033882357408,0.08464172959887804
5.553,0.49940339044103726,0.0846417296410849
5.554,0.4994033916596673,0.0846417296642918
5.555,0.4994033921886119,0.0846417296742176
5.556,0.49940339271755657,0.0846417296841434
5.557,0.4994033932465012,0.08464172969406919
5.558,0.49940339377544585,0.08464172970399499
5.559,0.49940339430439046,0.08464172971392078
5.56,0.4994033948333351,0.08464172972384659
5.561,0.49940339536227973,0.08464172973377239
5.562,0.4994033958912244,0.08464172974369819
5.563,0.499403396420169,0.08464172975362398
5.564,0.4994033969491137,0.08464172976354978
5.565,0.4994033974780583,0.08464172977347557
5.566,0.49940339800700295,0.08464172978340137
5.567,0.49940339853594756,0.08464172979332717
5.568,0.4994033990648922,0.08464172980325296
5.569,0.49940339959383684,0.08464172981317876
5.57,0.49940340012278145,0.08464172982310456
5.571,0.4994034006517261,0.08464172983303035
5.572,0.4994034011806707,0.08464172984295616
5.573,0.4994034017096154,0.08464172985288196
5.574,0.49940340223856,0.08464172986280775
5.575,0.49940340276750467,0.08464172987273355
5.576,0.4994034032964493,0.08464172988265935
5.577,0.49940340382539394,0.08464172989258514
5.578,0.49940340435433855,0.08464172990251094
5.579,0.4994034048832832,0.08464172991243674
5.58,0.49940340541222783,0.08464172992236253
5.581,0.4994034059411725,0.08464172993228833
5.582,0.4994034064701171,0.08464172994221413
5.583,0.49940340699906177,0.08464172995213992
5.584,0.4994034075280064,0.08464172996206572
5.585,0.499403408056951,0.08464172997199153
5.586,0.49940340858589566,0.08464172998191732
5.587,0.49940340911484027,0.08464172999184312
5.588,0.49940340964378493,0.08464173000176892
5.589,0.49940341012956124,0.08464173001088778
5.59,0.49940341024805573,0.08464173001314114
5.591,0.4994034103665502,0.0846417300153945
5.592,0.4994034104850447,0.08464173001764787
5.593,0.4994034106035392,0.08464173001990123
5.594,0.4994034107220337,0.0846417300221546
5.595,0.4994034108405282,0.08464173002440796
5.596,0.4994034109590227,0.08464173002666132
5.597,0.4994034110775172,0.08464173002891469
5.598,0.49940341119601167,0.08464173003116805
5.599,0.49940341131450616,0.08464173003342142
5.6,0.4994034114330006,0.0846417300356748
5.601,0.4994034115514951,0.08464173003792816
5.602,0.4994034116699896,0.08464173004018152
5.603,0.4994034117884841,0.08464173004243489
5.604,0.49940341190697857,0.08464173004468825
5.605,0.49940341202547306,0.08464173004694162
5.606,0.49940341214396755,0.08464173004919498
5.607,0.49940341226246204,0.08464173005144834
5.608,0.49940341238095654,0.08464173005370171
5.609,0.499403412499451,0.08464173005595507
5.61,0.4994034126179455,0.08464173005820844
5.611,0.49940341273644,0.0846417300604618
5.612,0.4994034128549345,0.08464173006271516
5.613,0.499403412973429,0.08464173006496853
5.614,0.4994034130919235,0.0846417300672219
5.615,0.499403413210418,0.08464173006947526
5.616,0.49940341332891247,0.08464173007172862
5.617,0.49940341344740696,0.08464173007398199
5.618,0.49940341356590146,0.08464173007623535
5.619,0.49940341368439595,0.08464173007848871
5.62,0.49940341380289044,0.08464173008074208
5.621,0.49940341392138493,0.08464173008299544
5.622,0.49940341403987937,0.0846417300852488
5.623,0.49940341415837386,0.08464173008750217
5.624,0.49940341427686835,0.08464173008975553
5.625,0.499403414338214,0.08464173009092334
5.626,0.4994034143647949,0.08464173009143075
5.627,0.49940341439137576,0.08464173009193816
5.628,0.49940341441795666,0.08464173009244558
5.629,0.4994034144445375,0.08464173009295299
5.63,0.4994034144711184,0.08464173009346039
5.631,0.49940341449769926,0.0846417300939678
5.632,0.4994034145242801,0.08464173009447522
5.633,0.499403414550861,0.08464173009498263
5.634,0.49940341457744186,0.08464173009549004
5.635,0.49940341460402277,0.08464173009599746
5.636,0.4994034146306036,0.08464173009650487
5.637,0.49940341465718446,0.08464173009701229
5.638,0.49940341468376537,0.0846417300975197
5.639,0.4994034147103462,0.0846417300980271
5.64,0.4994034147369271,0.08464173009853451
5.641,0.49940341476350797,0.08464173009904193
5.642,0.4994034147900889,0.08464173009954934
5.643,0.4994034148166697,0.08464173010005675
5.644,0.49940341484325057,0.08464173010056417
5.645,0.4994034148698315,0.08464173010107158
5.646,0.4994034148964123,0.084641730101579
5.647,0.4994034149229932,0.0846417301020864
5.648,0.4994034149495741,0.0846417301025938
5.649,0.499403414976155,0.08464173010310122
5.65,0.49940341500273583,0.08464173010360863
5.651,0.4994034150293167,0.08464173010411605
5.652,0.4994034150558976,0.08464173010462346
5.653,0.49940341508247843,0.08464173010513087
5.654,0.49940341510905933,0.08464173010563829
5.655,0.4994034151356402,0.08464173010614569
5.656,0.49940341516222103,0.0846417301066531
5.657,0.49940341518880194,0.08464173010716051
5.658,0.4994034152153828,0.08464173010766793
5.659,0.4994034152419637,0.08464173010817534
5.66,0.49940341526762577,0.08464173010866524
5.661,0.49940341528735366,0.08464173010904195
5.662,0.49940341530670873,0.08464173010941156
5.663,0.499403415325691,0.08464173010977406
5.664,0.4994034153443004,0.08464173011012945
5.665,0.49940341536253685,0.08464173011047772
5.666,0.49940341538040056,0.0846417301108189
5.667,0.4994034153978914,0.08464173011115295
5.668,0.4994034154150093,0.0846417301114799
5.669,0.4994034154317545,0.08464173011179973
5.67,0.49940341544812683,0.08464173011211246
5.671,0.49940341546412625,0.08464173011241807
5.672,0.4994034154797528,0.08464173011271657
5.673,0.4994034154950066,0.08464173011300798
5.674,0.49940341550988754,0.08464173011329225
5.675,0.49940341552439554,0.08464173011356943
5.676,0.49940341553853074,0.08464173011383949
5.677,0.4994034155522931,0.08464173011410243
5.678,0.4994034155656827,0.08464173011435827
5.679,0.4994034155786993,0.084641730114607
5.68,0.49940341559134316,0.08464173011484863
5.681,0.4994034156036141,0.08464173011508314
5.682,0.4994034156155122,0.08464173011531054
5.683,0.4994034156270375,0.08464173011553082
5.684,0.49940341563818996,0.084641730115744
5.685,0.49940341564896956,0.08464173011595007
5.686,0.49940341565937624,0.08464173011614902
5.687,0.49940341566941016,0.08464173011634087
5.688,0.4994034156790712,0.08464173011652561
5.689,0.4994034156883594,0.08464173011670323
5.69,0.49940341569727476,0.08464173011687375
5.691,0.49940341570581726,0.08464173011703714
5.692,0.49940341571398694,0.08464173011719343
5.693,0.4994034157217837,0.08464173011734262
5.694,0.49940341572920766,0.08464173011748467
5.695,0.4994034157362588,0.08464173011761963
5.696,0.499403415742937,0.08464173011774749
5.697,0.49940341574924246,0.08464173011786823
5.698,0.49940341575517505,0.08464173011798186
5.699,0.49940341576073477,0.08464173011808837
5.7,0.4994034157659216,0.08464173011818779
5.701,0.49940341577073566,0.08464173011828008
5.702,0.4994034157751769,0.08464173011836527
5.703,0.4994034157792452,0.08464173011844335
5.704,0.4994034157829407,0.08464173011851431
5.705,0.49940341578626335,0.08464173011857817
5.706,0.49940341578921316,0.08464173011863492
5.707,0.49940341579179004,0.08464173011868455
5.708,0.49940341579399417,0.08464173011872707
5.709,0.4994034157958254,0.08464173011876248
5.71,0.49940341579728387,0.0846417301187908
5.711,0.4994034157983694,0.08464173011881199
5.712,0.4994034157990821,0.08464173011882606
5.713,0.499403415799422,0.08464173011883304
5.714,0.49940341579938896,0.0846417301188329
5.715,0.4994034157989832,0.08464173011882564
5.716,0.49940341579820446,0.08464173011881128
5.717,0.499403415797053,0.08464173011878981
5.718,0.49940341579552855,0.08464173011876124
5.719,0.49940341579363134,0.08464173011872554
5.72,0.4994034157913613,0.08464173011868274
5.721,0.4994034157887184,0.08464173011863282
5.722,0.49940341578570263,0.0846417301185758
5.723,0.499403415782314,0.08464173011851167
5.724,0.4994034157785526,0.08464173011844042
5.725,0.49940341577441827,0.08464173011836207
5.726,0.4994034157699111,0.0846417301182766
5.727,0.4994034157650311,0.08464173011818403
5.728,0.49940341575977826,0.08464173011808433
5.729,0.4994034157541526,0.08464173011797754
5.73,0.49940341574815406,0.08464173011786363
5.731,0.49940341574363445,0.08464173011777791
5.732,0.49940341574786246,0.08464173011785883
5.733,0.4994034157520212,0.08464173011793844
5.734,0.49940341575611047,0.08464173011801672
5.735,0.49940341576013036,0.08464173011809366
5.736,0.499403415764081,0.08464173011816929
5.737,0.49940341576796216,0.08464173011824358
5.738,0.49940341577177405,0.08464173011831655
5.739,0.4994034157755165,0.08464173011838819
5.74,0.4994034157791896,0.08464173011845848
5.741,0.49940341578279335,0.08464173011852746
5.742,0.49940341578632774,0.08464173011859512
5.743,0.49940341578979275,0.08464173011866145
5.744,0.4994034157931884,0.08464173011872644
5.745,0.49940341579651465,0.0846417301187901
5.746,0.49940341579977154,0.08464173011885245
5.747,0.4994034158029591,0.08464173011891345
5.748,0.4994034158060772,0.08464173011897315
5.749,0.49940341580912606,0.08464173011903149
5.75,0.49940341581210546,0.08464173011908853
5.751,0.49940341581501557,0.08464173011914422
5.752,0.49940341581785624,0.08464173011919858
5.753,0.4994034158206276,0.08464173011925163
5.754,0.49940341582332953,0.08464173011930334
5.755,0.4994034158259621,0.08464173011935373
5.756,0.4994034158285253,0.08464173011940279
5.757,0.49940341583101916,0.08464173011945053
5.758,0.49940341583344366,0.08464173011949692
5.759,0.4994034158357988,0.08464173011954199
5.76,0.49940341583808456,0.08464173011958574
5.761,0.4994034158403009,0.08464173011962815
5.762,0.49940341584244796,0.08464173011966926
5.763,0.4994034158445256,0.084641730119709
5.764,0.4994034158465339,0.08464173011974745
5.765,0.49940341584847275,0.08464173011978454
5.766,0.4994034158503423,0.08464173011982032
5.767,0.4994034158521425,0.08464173011985478
5.768,0.49940341585387327,0.08464173011988789
5.769,0.49940341585553477,0.08464173011991968
5.77,0.49940341585712683,0.08464173011995015
5.771,0.49940341585864956,0.08464173011997929
5.772,0.49940341586010284,0.0846417301200071
5.773,0.49940341586148684,0.08464173012003356
5.774,0.49940341586280146,0.08464173012005873
5.775,0.4994034158640467,0.08464173012008254
5.776,0.4994034158652225,0.08464173012010505
5.777,0.499403415866329,0.08464173012012621
5.778,0.4994034158673662,0.08464173012014606
5.779,0.4994034158683339,0.08464173012016456
5.78,0.4994034158692323,0.08464173012018174
5.781,0.4994034158700613,0.0846417301201976
5.782,0.49940341587082104,0.08464173012021212
5.783,0.49940341587151127,0.08464173012022533
5.784,0.4994034158721323,0.0846417301202372
5.785,0.4994034158726838,0.08464173012024774
5.786,0.499403415873166,0.08464173012025694
5.787,0.4994034158735788,0.08464173012026482
5.788,0.49940341587392223,0.08464173012027139
5.789,0.49940341587419634,0.08464173012027662
5.79,0.499403415874401,0.08464173012028052
5.791,0.4994034158745364,0.08464173012028309
5.792,0.49940341587460235,0.08464173012028434
5.793,0.499403415874599,0.08464173012028425
5.794,0.49940341587452625,0.08464173012028284
5.795,0.49940341587438414,0.0846417301202801
5.796,0.49940341587417264,0.08464173012027604
5.797,0.49940341587389175,0.08464173012027065
5.798,0.49940341587354153,0.08464173012026392
5.799,0.4994034158731219,0.08464173012025586
5.8,0.499403415872633,0.08464173012024649
5.801,0.49940341587207465,0.08464173012023578
5.802,0.499403415871447,0.08464173012022375
5.803,0.4994034158707499,0.08464173012021037
5.804,0.4994034158699835,0.08464173012019569
5.805,0.49940341586914766,0.08464173012017966
5.806,0.4994034158682425,0.08464173012016231
5.807,0.49940341586726794,0.08464173012014364
5.808,0.49940341586622405,0.08464173012012363
5.809,0.4994034158651108,0.0846417301201023
5.81,0.4994034158639281,0.08464173012007964
5.811,0.49940341586267617,0.08464173012005566
5.812,0.4994034158613547,0.08464173012003033
5.813,0.49940341585996406,0.08464173012000367
5.814,0.4994034158585039,0.08464173011997571
5.815,0.49940341585697445,0.0846417301199464
5.816,0.49940341585537557,0.08464173011991578
5.817,0.4994034158537074,0.08464173011988381
5.818,0.4994034158519698,0.08464173011985053
5.819,0.49940341585016285,0.08464173011981592
5.82,0.4994034158482865,0.08464173011977996
5.821,0.49940341584634085,0.0846417301197427
5.822,0.4994034158443258,0.0846417301197041
5.823,0.49940341584224135,0.08464173011966418
5.824,0.4994034158400876,0.08464173011962292
5.825,0.4994034158378644,0.08464173011958034
5.826,0.4994034158355719,0.08464173011953642
5.827,0.49940341583321,0.08464173011949118
5.828,0.4994034158307788,0.08464173011944462
5.829,0.49940341582827813,0.08464173011939671
5.83,0.4994034158257081,0.0846417301193475
5.831,0.49940341582306874,0.08464173011929695
5.832,0.49940341582036,0.08464173011924506
5.833,0.49940341581758196,0.08464173011919185
5.834,0.49940341581473446,0.08464173011913731
5.835,0.49940341581181763,0.08464173011908145
5.836,0.4994034158088314,0.08464173011902426
5.837,0.4994034158057759,0.08464173011896574
5.838,0.4994034158026509,0.08464173011890588
5.839,0.49940341579945663,0.08464173011884471
5.84,0.49940341579619296,0.0846417301187822
5.841,0.49940341579285985,0.08464173011871837
5.842,0.4994034157894575,0.08464173011865321
5.843,0.4994034157859857,0.08464173011858672
5.844,0.49940341578244457,0.0846417301185189
5.845,0.49940341577883407,0.08464173011844975
5.846,0.4994034157751542,0.08464173011837928
5.847,0.4994034157714049,0.08464173011830747
5.848,0.49940341576758635,0.08464173011823434
5.849,0.49940341576369834,0.0846417301181599
5.85,0.49940341575974095,0.0846417301180841
5.851,0.4994034157557143,0.08464173011800699
5.852,0.4994034157516182,0.08464173011792854
5.853,0.49940341574745273,0.08464173011784876
5.854,0.4994034157432179,0.08464173011776767
5.855,0.4994034157389137,0.08464173011768523
5.856,0.4994034157345401,0.08464173011760148
5.857,0.4994034157300972,0.0846417301175164
5.858,0.49940341572558494,0.08464173011743
5.859,0.4994034157210033,0.08464173011734225
5.86,0.4994034157163522,0.08464173011725318
5.861,0.4994034157116318,0.08464173011716279
5.862,0.49940341570684205,0.08464173011707106
5.863,0.49940341570198293,0.08464173011697801
5.864,0.49940341569705443,0.08464173011688363
5.865,0.49940341569205654,0.08464173011678792
5.866,0.4994034156869893,0.08464173011669088
5.867,0.4994034156818527,0.08464173011659251
5.868,0.49940341567664676,0.08464173011649283
5.869,0.4994034156713714,0.0846417301163918
5.87,0.49940341566602675,0.08464173011628945
5.871,0.49940341566061264,0.08464173011618577
5.872,0.49940341565512913,0.08464173011608075
5.873,0.49940341565077695,0.08464173011599742
5.874,0.4994034156502451,0.08464173011598722
5.875,0.49940341564971485,0.08464173011597706
5.876,0.4994034156491862,0.08464173011596693
5.877,0.49940341564865914,0.08464173011595684
5.878,0.4994034156481338,0.08464173011594675
5.879,0.49940341564761004,0.08464173011593673
5.88,0.49940341564708784,0.08464173011592671
5.881,0.4994034156465673,0.08464173011591675
5.882,0.49940341564604845,0.0846417301159068
5.883,0.4994034156455311,0.08464173011589689
5.884,0.49940341564501545,0.08464173011588699
5.885,0.4994034156445014,0.08464173011587715
5.886,0.499403415643989,0.08464173011586733
5.887,0.4994034156434782,0.08464173011585753
5.888,0.49940341564296903,0.08464173011584777
5.889,0.49940341564246143,0.08464173011583805
5.89,0.4994034156419555,0.08464173011582836
5.891,0.49940341564145124,0.08464173011581869
5.892,0.49940341564094853,0.08464173011580906
5.893,0.49940341564044743,0.08464173011579945
5.894,0.499403415639948,0.08464173011578989
5.895,0.4994034156394502,0.08464173011578034
5.896,0.49940341563895396,0.08464173011577084
5.897,0.4994034156384594,0.08464173011576136
5.898,0.4994034156379665,0.08464173011575192
5.899,0.4994034156374751,0.0846417301157425
5.9,0.49940341563698537,0.08464173011573312
5.901,0.4994034156364973,0.08464173011572376
5.902,0.49940341563601076,0.08464173011571445
5.903,0.4994034156355259,0.08464173011570515
5.904,0.49940341563504276,0.0846417301156959
5.905,0.49940341563456114,0.08464173011568667
5.906,0.49940341563408114,0.08464173011567745
5.907,0.4994034156336028,0.08464173011566829
5.908,0.49940341563312607,0.08464173011565916
5.909,0.4994034156326509,0.08464173011565006
5.91,0.49940341563217744,0.08464173011564098
5.911,0.49940341563170554,0.08464173011563195
5.912,0.49940341563123525,0.08464173011562293
5.913,0.4994034156307667,0.08464173011561396
5.914,0.49940341563029966,0.08464173011560501
5.915,0.49940341562983426,0.0846417301155961
5.916,0.49940341562937046,0.0846417301155872
5.917,0.49940341562890833,0.08464173011557836
5.918,0.49940341562844787,0.08464173011556952
5.919,0.4994034156279889,0.08464173011556074
5.92,0.49940341562753165,0.08464173011555198
5.921,0.499403415627076,0.08464173011554325
5.922,0.49940341562662194,0.08464173011553455
5.923,0.4994034156261695,0.08464173011552589
5.924,0.49940341562571877,0.08464173011551725
5.925,0.4994034156252696,0.08464173011550863
5.926,0.49940341562482204,0.08464173011550007
5.927,0.4994034156243761,0.08464173011549152
5.928,0.49940341562393176,0.08464173011548301
5.929,0.4994034156234891,0.08464173011547453
5.93,0.4994034156230481,0.0846417301154661
5.931,0.4994034156226086,0.08464173011545766
5.932,0.4994034156221708,0.08464173011544929
5.933,0.4994034156217346,0.08464173011544092
5.934,0.49940341562130003,0.0846417301154326
5.935,0.49940341562086704,0.08464173011542431
5.936,0.4994034156204358,0.08464173011541605
5.937,0.49940341562000606,0.0846417301154078
5.938,0.49940341561957796,0.08464173011539962
5.939,0.49940341561915147,0.08464173011539144
5.94,0.49940341561872664,0.08464173011538331
5.941,0.4994034156183034,0.0846417301153752
5.942,0.4994034156178818,0.08464173011536713
5.943,0.4994034156174619,0.08464173011535908
5.944,0.4994034156170435,0.08464173011535106
5.945,0.49940341561662677,0.08464173011534308
5.946,0.49940341561621165,0.08464173011533513
5.947,0.4994034156157982,0.08464173011532722
5.948,0.49940341561538626,0.08464173011531932
5.949,0.49940341561497603,0.08464173011531147
5.95,0.49940341561456747,0.08464173011530364
5.951,0.4994034156141604,0.08464173011529585
5.952,0.49940341561375506,0.08464173011528808
5.953,0.49940341561335133,0.08464173011528035
5.954,0.49940341561294915,0.08464173011527265
5.955,0.49940341561254864,0.08464173011526499
5.956,0.49940341561214974,0.08464173011525734
5.957,0.49940341561175244,0.08464173011524974
5.958,0.4994034156113568,0.08464173011524216
5.959,0.4994034156109628,0.08464173011523463
5.96,0.49940341561057044,0.0846417301152271
5.961,0.4994034156101796,0.08464173011521961
5.962,0.49940341560979046,0.08464173011521217
5.963,0.49940341560940293,0.08464173011520473
5.964,0.49940341560901697,0.08464173011519735
5.965,0.4994034156086327,0.08464173011519
5.966,0.49940341560825,0.08464173011518267
5.967,0.49940341560786894,0.08464173011517537
5.968,0.4994034156074895,0.08464173011516811
5.969,0.49940341560711177,0.08464173011516087
5.97,0.4994034156067355,0.08464173011515368
5.971,0.499403415606361,0.0846417301151465
5.972,0.49940341560598805,0.08464173011513937
5.973,0.4994034156056167,0.08464173011513225
5.974,0.499403415605247,0.08464173011512517
5.975,0.49940341560487894,0.08464173011511812
5.976,0.4994034156045125,0.08464173011511111
5.977,0.49940341560414764,0.08464173011510412
5.978,0.49940341560378443,0.08464173011509718
5.979,0.4994034156034229,0.08464173011509026
5.98,0.49940341560306284,0.08464173011508334
5.981,0.4994034156027045,0.0846417301150765
5.982,0.4994034156023478,0.08464173011506966
5.983,0.4994034156019927,0.08464173011506287
5.984,0.4994034156016392,0.0846417301150561
5.985,0.49940341560128737,0.08464173011504937
5.986,0.4994034156009371,0.08464173011504265
5.987,0.4994034156005885,0.08464173011503599
5.988,0.49940341560024154,0.08464173011502935
5.989,0.49940341559989615,0.08464173011502274
5.99,0.49940341559955237,0.08464173011501616
5.991,0.49940341559921025,0.08464173011500961
5.992,0.4994034155988698,0.08464173011500309
5.993,0.49940341559853085,0.08464173011499661
5.994,0.4994034155981936,0.08464173011499015
5.995,0.499403415597858,0.08464173011498373
5.996,0.49940341559752394,0.08464173011497733
5.997,0.49940341559719154,0.08464173011497099
5.998,0.4994034155968608,0.08464173011496465
5.999,0.4994034155965316,0.08464173011495835
6,0.4994034155962041,0.08464173011495207
6,0.4994034155962041,0.08464173011495207
6.00000000120005,0.4994034155962041,0.08464173011495207
6.00000000120005,0.2965427759345789,0.07005001062428819
6.0006994881455,0.2985416574105247,0.0843035481753018
6.0006994881455,0.2985416574105247,0.0843035481753018
6.001,0.2989413400525729,0.08521209153745873
6.002,0.30062534623416215,0.09133783489463339
6.003,0.3028236158188711,0.10160578772252409
6.004,0.3054845153827301,0.11528394278535106
6.005,0.30854900230878984,0.1317529388099762
6.006,0.31195299198735527,0.15046648838306564
6.006247310079035,0.312839536612265,0.15538269127479
6.006247310079035,0.3128395366122616,0.15538269127478138
6.007,0.3157322941350599,0.1717295025648798
6.007,0.31573229239005024,0.1717294905636019
6.007247310079087,0.31675205664002276,0.17759753373507547
6.007247310079087,0.3167520562495429,0.177597529141953
6.008,0.3200401453194537,0.19677008733885837
6.008,0.32004014179148244,0.19677005666202363
6.00812025457769,0.32058892406395784,0.20000000004553978
6.00812025457769,0.32058892406396183,0.200000000045568
6.009,0.32454765980588585,0.22310757536321596
6.01,0.3288264343428023,0.24756154847383435
6.011,0.332831729524643,0.26989834672591817
6.012,0.33654364168582507,0.29004294139613024
6.013,0.3399579332228984,0.3080144083467777
6.014,0.34308174746302195,0.3238993873493923
6.015,0.34592998711735273,0.3378295441893116
6.016,0.3485223506401792,0.34996290090663834
6.017,0.35088112468777416,0.3604701232158226
6.018,0.3530294869450946,0.3695238959832996
6.019,0.3549903747277943,0.3772920103369303
6.02,0.3567948207992544,0.3840000701177967
6.021,0.35856934880832536,0.39057496330153235
6.022,0.3603353352859691,0.3971691121517625
6.023,0.36207777845520617,0.4036672211018055
6.024,0.3637844969720114,0.4099749133819967
6.025,0.36544589553952384,0.41601685048171144
6.026,0.36705478190060137,0.4217353506068598
6.027,0.3686060478900286,0.427088005708227
6.028,0.3700964447163387,0.43204608602221983
6.029,0.3715243261269725,0.4365927119688533
6.03,0.3728894066628854,0.44072111544070547
6.031,0.37419255633546816,0.4444331833343031
6.032,0.3754356637276634,0.4477383553104006
6.033,0.3766211777615605,0.450650901343271
6.034,0.3777521532601194,0.4531896176612753
6.035,0.3788320377752937,0.4553764891272651
6.036,0.37986462178155206,0.45723626718123833
6.037,0.3808537702322931,0.45879461895277274
6.038,0.3818035259366746,0.46007873012839684
6.039,0.38271779484800844,0.46111512469369587
6.04,0.38360049167564736,0.4619305902073283
6.041,0.3844553370117532,0.4625507478707128
6.042,0.3852858892392442,0.46300022853671197
6.043,0.38609550755717337,0.46330238507474114
6.044,0.3868872805350837,0.46347876700899265
6.045,0.38766410572620574,0.4635496530815634
6.046,0.38842856010828214,0.46353312596638224
6.047,0.38918303984807134,0.46344603736627654
6.048,0.3899296230973898,0.4633030315557716
6.049,0.39067019371302475,0.46311740666486045
6.05,0.39140638038180386,0.4629006781924541
6.051,0.39213960564018335,0.4626629184136831
6.052,0.3928712000561626,0.4624135412170265
6.053,0.39360201754280427,0.4621586752209956
6.054,0.3943329219100156,0.4619044367448984
6.055,0.3950646270946568,0.46165591379210985
6.056,0.39579765150798724,0.4614168142649437
6.057,0.39653243941655464,0.46119032213402095
6.058,0.3972693234891633,0.4609788359897667
6.059,0.3980085166820615,0.4607839044585111
6.06,0.3987501696583905,0.4606066398773393
6.061,0.3994943539516677,0.46044759356219384
6.062,0.40024108205069864,0.46030689697360105
6.063,0.40099031669909946,0.4601843336126292
6.064,0.40174198321838545,0.4600794174969793
6.065,0.4024959785716047,0.45999146108228206
6.066,0.4032521623273882,0.4599195151980012
6.067,0.4040103951814139,0.4598626311369667
6.068,0.4047705162797236,0.4598197094600181
6.069,0.40553228713405054,0.45978913751051503
6.07,0.4062956070771821,0.4597702017134654
6.071,0.4070603394768917,0.45976193718299546
6.072,0.407826277575192,0.45976292767961213
6.073,0.4085932650660488,0.45977209174637734
6.074,0.409361191314541,0.459788661131372
6.075,0.41012990970122776,0.45981161742522775
6.076,0.4108992788356541,0.459839978459455
6.077,0.4116691623723652,0.45987279375027457
6.078,0.41243948186183976,0.4599095148602593
6.079,0.41321013069375206,0.45994939590142414
6.08,0.4139810127443669,0.45999176212821574
6.081,0.4147520355813952,0.4600359615871522
6.082,0.4155231530732096,0.46008166700709247
6.083,0.41629429986204897,0.4601284142700531
6.084,0.4170654211231542,0.46017581129760393
6.085,0.4178364648714168,0.4602234822986271
6.086,0.4186074096102468,0.4602712693472202
6.087,0.41937822300593264,0.4603189348149568
6.088,0.4201488803225682,0.46036629317460775
6.089,0.42091935058626606,0.4604130965179575
6.09,0.4216896394150203,0.46045938920238966
6.091,0.42245974238882017,0.46050512566016943
6.092,0.4232296507720847,0.46055021583260497
6.093,0.4239993697004202,0.46059471266476715
6.094,0.4247688961104698,0.4606385604331594
6.095,0.42553822964425536,0.46068175262606104
6.096,0.42630737198466373,0.4607243082424454
6.097,0.4270763402768086,0.4607662950098688
6.098,0.4278451265123006,0.4608076812931618
6.099,0.4286137417942982,0.4608485262823528
6.1,0.42938220365136776,0.46088892342081694
6.101,0.4301505012366235,0.4609288148846779
6.102,0.4309186616645528,0.46096835709293205
6.103,0.4316866850789698,0.46100755087522755
6.104,0.43245456828571116,0.4610463784040668
6.105,0.4332223460621298,0.46108504724044846
6.106,0.43399000176630054,0.46112345806070093
6.107,0.4347575487606449,0.46116169218326053
6.108,0.43552500382780424,0.46119985174069955
6.109,0.4362923559307233,0.4612378695658263
6.11,0.43705962701736745,0.46127588104666734
6.111,0.43782681501365484,0.4613138733890671
6.112,0.4385939185033469,0.4613518380407239
6.113,0.4393609568166353,0.46138989565101096
6.114,0.44012792046100885,0.4614279869724343
6.115,0.44089481935171815,0.46146617379146665
6.116,0.4416616632919294,0.4615045171961447
6.117,0.4424284453382936,0.461542973919265
6.118,0.44319516549081023,0.46158154396082757
6.119,0.4439618237494784,0.4616202273208323
6.12,0.44472842171270127,0.4616590365960106
6.121,0.44549496649325704,0.46169802784094893
6.122,0.4462614524657318,0.4617371567227324
6.123,0.44702787963012686,0.4617764232413612
6.124,0.44779424798644096,0.4618158273968352
6.125,0.44856055753467533,0.4618553691891543
6.126,0.4493268150365905,0.46189509726250405
6.127,0.4500930169489878,0.4619349861270757
6.128,0.4508591625260327,0.4619750304173199
6.129,0.4516252517677239,0.46201523013323664
6.13,0.4523912846740627,0.46205558527482593
6.131,0.45315725995965717,0.46209609394148976
6.132,0.453923177378974,0.46213675577017926
6.133,0.4546890377081592,0.46217757190851383
6.134,0.4554548409472121,0.4622185423564934
6.135,0.4562205870961322,0.462259667114118
6.136,0.4569862743582156,0.46230093867801564
6.137,0.45775189827309193,0.46234233842085926
6.138,0.4585174627473701,0.46238388265736474
6.139,0.4592829677810494,0.46242557138753204
6.14,0.46004841337412905,0.46246740461136104
6.141,0.46081379952661056,0.46250938232885186
6.142,0.46157911536733515,0.46255145591567165
6.143,0.4623443679012674,0.462593656703509
6.144,0.4631095574189711,0.46263598599198896
6.145,0.46387468392044506,0.4626784437811115
6.146,0.46463974740569064,0.4627210300708766
6.147,0.4654047478747071,0.46276374486128424
6.148,0.46616968532749375,0.4628065881523345
6.149,0.46693455976405196,0.46284955994402727
6.15,0.4676993711843811,0.46289266023636266
6.151,0.4684641195884804,0.4629358890293406
6.152,0.46922880077759616,0.46297923555952053
6.153,0.46999341002169037,0.4630226877015289
6.154,0.4707579541199592,0.4630662628849922
6.155,0.4715224330724018,0.4631099611099104
6.156,0.4722868468790176,0.46315378237628346
6.157,0.473051195539808,0.4631977266841114
6.158,0.4738154790547722,0.4632417940333943
6.159,0.4745796974239096,0.463285984424132
6.16,0.4753438506472215,0.4633302978563247
6.161,0.4761079387247066,0.46337473432997217
6.162,0.4768719616563662,0.46341929384507463
6.163,0.47763591004234845,0.46346396135707596
6.164,0.4783997882144572,0.46350874379907203
6.165,0.4791635990334624,0.4635536457497522
6.166,0.47992734249936336,0.46359866720911647
6.167,0.48069101861215935,0.4636438081771648
6.168,0.48145462737185174,0.46368906865389714
6.169,0.4822181687784392,0.46373444863931346
6.17,0.48298164283192313,0.46377994813341394
6.171,0.48374504953230274,0.46382556713619844
6.172,0.4845083888795774,0.46387130564766704
6.173,0.4852716596866584,0.4639171631994382
6.174,0.48603485495470816,0.46396313703003317
6.175,0.48679798129301305,0.464009229747229
6.176,0.4875610387950055,0.4640554419900741
6.177,0.48832402746929576,0.4641017743557731
6.178,0.4890869464643872,0.4641482258811731
6.179,0.48984979579716387,0.46419479707982075
6.18,0.4905921863988392,0.46423635013559256
6.181,0.49128006242534245,0.46426502431512073
6.182,0.4919139537982072,0.4642822719721147
6.183,0.4924980111316494,0.46429024651606743
6.184,0.4930362202942594,0.464290925214565
6.185,0.49353227014418866,0.46428603520911055
6.186,0.49398992599895714,0.46427722485683925
6.187,0.4944121683125541,0.4642656946532903
6.188,0.49480193597451283,0.4642525352696911
6.189,0.4951620441758251,0.4642386820476421
6.19,0.49549478276483877,0.4642248017254371
6.191,0.4958024309740075,0.4642114721932203
6.192,0.49608706717533535,0.46419913023193426
6.193,0.49635044981866233,0.4641880700379838
6.194,0.4965943461400334,0.4641785153093099
6.195,0.496820278984557,0.46417059142245287
6.196,0.4970296037202136,0.4641643557927413
6.197,0.497223768767322,0.46415980569828147
6.198,0.49740415863574333,0.4641568719127728
6.199,0.4975715430451289,0.46415548484930336
6.2,0.4977267013172368,0.4641555592742184
6.201,0.49787070500543373,0.46415696216474894
6.202,0.4980044432639929,0.46415954929758313
6.203,0.4981285615209894,0.4641631968828207
6.204,0.4982437038893884,0.4641677778621649
6.205,0.49835055100486436,0.46417314657767106
6.206,0.4984497935568992,0.46417914308928576
6.207,0.49854192371323575,0.46418564766691117
6.208,0.49862739063044625,0.464192551175207
6.209,0.4987066902561344,0.46419973192502445
6.21,0.4987803184501489,0.464207069332196
6.211,0.49884865864938205,0.46421447401334265
6.212,0.49891202615504693,0.46422187509113394
6.213,0.49897078700143915,0.46422919345920227
6.214,0.499025302389741,0.4642363578967974
6.215,0.4990758754780592,0.4642433165577169
6.216,0.49912273013580327,0.4642500349569285
6.217,0.4991661403786274,0.4642564744758139
6.218,0.49920637227719805,0.4642626052447471
6.219,0.4992436678818269,0.46426840831861704
6.22,0.4992781869997392,0.4642738750085535
6.221,0.49931013650893386,0.46427899645898385
6.222,0.4993397133783409,0.4642837703650289
6.223,0.4993672722607351,0.46428821014043825
6.224,0.49939278884101806,0.4642923150527361
6.225,0.49941635431981973,0.4642960935661241
6.226,0.49943823583117597,0.46429956879555856
6.227,0.4994582850048038,0.46430272790264315
6.228,0.4994769965558264,0.46430562559754285
6.229,0.49949422326310416,0.4643082455991851
6.23,0.49951013156539387,0.4643106140292127
6.231,0.49952487333013657,0.46431275376788367
6.232,0.49953838906210485,0.46431465738559907
6.233,0.4995509835372626,0.4643163811690615
6.234,0.49956251954716335,0.46431789977830995
6.235,0.49957322054516506,0.4643192605421907
6.236,0.4995830848612134,0.46432046310697545
6.237,0.499592155475452,0.46432151822302287
6.238,0.4996005793407009,0.46432245986605303
6.239,0.4996082791338094,0.46432327019455205
6.24,0.49961546475264296,0.46432400003801544
6.241,0.4996220494305248,0.46432462838476496
6.242,0.4996281347705764,0.46432518007373985
6.243,0.49963376255514924,0.46432566531948144
6.244,0.4996389241950339,0.4643260818454019
6.245,0.4996437300934407,0.46432645598419753
6.246,0.49964812727073965,0.464326775099492
6.247,0.4996522184776827,0.4643270623197524
6.248,0.49965598295706587,0.46432731297267904
6.249,0.49965945288365554,0.4643275334651548
6.25,0.49966267346152204,0.4643277330775777
6.251,0.4996656273381936,0.46432790783150285
6.252,0.4996684304075021,0.46432807703755813
6.253,0.49967103218571507,0.4643282322839708
6.254,0.4996734326728325,0.4643283735707409
6.255,0.4996756318688544,0.4643285008978684
6.256,0.4996776667662005,0.4643286185596946
6.257,0.49967959701426157,0.4643287334807419
6.258,0.49968136732420415,0.46432883924269214
6.259,0.4996829776960283,0.4643289358455454
6.26,0.49968442812973396,0.4643290232893016
6.261,0.49968579378872807,0.46432910849132447
6.262,0.49968709048120924,0.4643291929064585
6.263,0.49968827513728076,0.4643292725709379
6.264,0.49968934775694257,0.46432934748476257
6.265,0.49969030834019473,0.4643294176479325
6.266,0.49969123705330476,0.4643294873132002
6.267,0.4996921027156514,0.46432955482646016
6.268,0.4996928912009138,0.46432961943832307
6.269,0.49969360250909206,0.46432968114878886
6.27,0.49969424016972824,0.46432974003393485
6.271,0.4996948688863043,0.46432979748840464
6.272,0.49969544482119416,0.4643298525673052
6.273,0.49969596797439775,0.4643299052706365
6.274,0.49969643834591515,0.46432995559839857
6.275,0.49969686853056333,0.4643300036116677
6.276,0.4996972866684327,0.4643300494469046
6.277,0.49969766880372146,0.4643300929879396
6.278,0.4996980149364295,0.46433013423477265
6.279,0.49969832506655687,0.46433017318740394
6.28,0.4996986153979486,0.4643302099714729
6.281,0.4996988926967423,0.464330244639442
6.282,0.49969914546393035,0.4643302771021517
6.283,0.4996993736995128,0.4643303073596018
6.284,0.4996995774034896,0.4643303354117924
6.285,0.4996997732744839,0.464330361767278
6.286,0.4996999565359315,0.4643303862805889
6.287,0.49970012310332695,0.464330408827332
6.288,0.4997002729766702,0.46433042940750735
6.289,0.499700406282374,0.4643304480317245
6.29,0.4997005453365893,0.46433046657295424
6.291,0.4997006755103194,0.4643304838034004
6.292,0.4997007968035643,0.4643304997230631
6.293,0.49970090921632393,0.4643305143319423
6.294,0.4997010127485983,0.46433052763003796
6.295,0.49970110740038753,0.4643305396173501
6.296,0.4997011931716915,0.4643305502938788
6.297,0.49970127006251025,0.46433055965962394
6.298,0.4997013380728438,0.4643305677145856
6.299,0.4997014042379856,0.4643305755255887
6.3,0.49970147130595116,0.4643305835093396
6.301,0.49970153242172577,0.46433059062635057
6.302,0.4997015875853093,0.46433059687662165
6.303,0.4997016367967019,0.46433060226015294
6.304,0.49970168005590343,0.4643306067769444
6.305,0.49970171736291397,0.4643306104269959
6.306,0.4997017487177335,0.46433061321030755
6.307,0.49970177412036204,0.46433061512687934
6.308,0.4997017935707996,0.4643306161767113
6.309,0.49970182240318217,0.4643306187312974
6.31,0.4997018490274787,0.4643306209981866
6.311,0.49970187276836653,0.4643306228729371
6.312,0.4997018936258457,0.4643306243555489
6.313,0.4997019115999163,0.46433062544602194
6.314,0.4997019266905781,0.46433062614435644
6.315,0.4997019388978313,0.4643306264505521
6.316,0.49970194822167585,0.4643306263646092
6.317,0.4997019546621117,0.46433062588652757
6.318,0.4997019617211346,0.4643306255956847
6.319,0.4997019717725857,0.46433062588481366
6.32,0.49970198058867454,0.46433062605446024
6.321,0.4997019881694012,0.46433062610462433
6.322,0.4997019945147656,0.46433062603530595
6.323,0.4997019996247678,0.4643306258465051
6.324,0.49970200349940774,0.4643306255382218
6.325,0.49970200613868554,0.46433062511045603
6.326,0.499702007542601,0.4643306245632078
6.327,0.49970200771115436,0.46433062389647706
6.328,0.4997020103035974,0.4643306236369301
6.329,0.49970201280633,0.46433062342279124
6.33,0.4997020148532531,0.46433062320136886
6.331,0.49970201644436674,0.4643306229726629
6.332,0.49970201757967087,0.46433062273667347
6.333,0.4997020182591655,0.4643306224934004
6.334,0.4997020184828506,0.46433062224284377
6.335,0.49970201825072624,0.4643306219850037
6.336,0.49970201756279237,0.46433062171988
6.337,0.4997020171569501,0.4643306214884775
6.338,0.4997020178056041,0.4643306213337182
6.339,0.4997020183972744,0.46433062119383783
6.34,0.4997020189319612,0.46433062106883644
6.341,0.49970201940966436,0.4643306209587141
6.342,0.49970201983038404,0.4643306208634706
6.343,0.49970202019412,0.46433062078310616
6.344,0.4997020205008724,0.4643306207176206
6.345,0.49970202075064135,0.464330620667014
6.346,0.4997020209434266,0.4643306206312865
6.347,0.49970202107922834,0.46433062061043784
6.348,0.4997020211580464,0.46433062060446817
6.349,0.499702021179881,0.4643306206133775
6.35,0.49970202114473194,0.46433062063716574
6.351,0.49970202105259937,0.464330620675833
6.352,0.49970202090348315,0.4643306207293792
6.353,0.4997020206973834,0.46433062079780435
6.354,0.4997020204343,0.4643306208811085
6.355,0.4997020201142331,0.46433062097929156
6.356,0.49970201982062634,0.4643306210553345
6.357,0.49970201966464867,0.4643306210599184
6.358,0.4997020194785602,0.4643306210674593
6.359,0.4997020192623608,0.46433062107795736
6.36,0.49970201901605066,0.46433062109141254
6.361,0.49970201873962966,0.46433062110782486
6.362,0.4997020184330978,0.4643306211271943
6.363,0.4997020180964551,0.4643306211495208
6.364,0.4997020177297015,0.4643306211748045
6.365,0.4997020173328372,0.46433062120304525
6.366,0.49970201690586197,0.4643306212342432
6.367,0.4997020164487759,0.46433062126839814
6.368,0.49970201596157904,0.4643306213055103
6.369,0.4997020154442713,0.46433062134557956
6.37,0.49970201489685273,0.4643306213886059
6.371,0.4997020143193233,0.4643306214345894
6.372,0.49970201371168305,0.46433062148353
6.373,0.49970201307393197,0.46433062153542776
6.374,0.49970201240607,0.46433062159028266
6.375,0.4997020118077028,0.4643306216379182
6.376,0.4997020114766353,0.46433062165812544
6.377,0.4997020111540248,0.46433062167734945
6.378,0.4997020108398713,0.46433062169559025
6.379,0.49970201053417507,0.4643306217128478
6.38,0.4997020102369358,0.4643306217291221
6.381,0.49970200994815356,0.4643306217444132
6.382,0.49970200966782846,0.46433062175872103
6.383,0.49970200939596043,0.4643306217720456
6.384,0.4997020091325494,0.46433062178438694
6.385,0.4997020088775956,0.464330621795745
6.386,0.49970200863109876,0.4643306218061199
6.387,0.49970200839305895,0.46433062181551155
6.388,0.4997020081634763,0.46433062182391993
6.389,0.4997020079423507,0.4643306218313451
6.39,0.49970200772968215,0.464330621837787
6.391,0.4997020075254708,0.4643306218432457
6.392,0.49970200732971637,0.4643306218477211
6.393,0.499702007142419,0.4643306218512133
6.394,0.49970200696357886,0.46433062185372226
6.395,0.49970200679319565,0.464330621855248
6.396,0.49970200663126957,0.4643306218557905
6.397,0.4997020064778006,0.4643306218553498
6.398,0.49970200633278866,0.46433062185392576
6.399,0.4997020061962338,0.4643306218515185
6.4,0.49970200606813603,0.46433062184812807
6.400000001280068,0.49970200606813586,0.46433062184812807
6.400000001280068,0.8408990848425378,0.6709273965201298
6.401,0.8334633762740022,0.6653200977967282
6.402,0.8195999709626917,0.6391862652867083
6.403,0.8012051802811828,0.5971820684494612
6.403350139654049,0.7939867623948662,0.5795276947835097
6.403350139654049,0.7939867623945694,0.5795276947830948
6.403350139660051,0.793986762268013,0.5795276944692335
6.403350139660051,0.793986762268011,0.5795276944692299
6.404,0.7801128456836873,0.5451726633228994
6.404,0.7801128449834727,0.545172656286062
6.405,0.758380485044852,0.49144979769385483
6.406,0.7366588899061298,0.43771526555976004
6.407,0.7153614183836957,0.38489959005535557
6.408,0.6957691137881421,0.33919923748966124
6.409,0.6787273086715919,0.30496536712216654
6.41,0.663660677771576,0.2788981451366987
6.411,0.650171789193386,0.25873373359322255
6.411391877436124,0.6452524556395347,0.25208295583329576
6.411391877436124,0.6452524582331157,0.2520829603002198
6.411391878004185,0.6452524512400588,0.25208295110543727
6.411391878004185,0.6452524512400588,0.25208295110543727
6.412,0.637981939254794,0.242905826528572
6.413,0.6268899591598763,0.23030925376684927
6.414,0.616747142193685,0.22015710281124085
6.414678563045295,0.6103463667141455,0.2143638524632552
6.414678563045295,0.6103463732898644,0.2143638602222689
6.415,0.6074400516283853,0.21187987184932097
6.416,0.5988790327758831,0.2050578718057943
6.41688219135154,0.5918883761225096,0.19999999995523013
6.41688219135154,0.5918883761208589,0.19999999995581189
6.417,0.5909907443898778,0.19937348896864818
6.418,0.5836032413529888,0.19385653781196266
6.419,0.5766350157533724,0.18808505246087712
6.42,0.5700877787186581,0.18218693975639946
6.421,0.561329143963747,0.15804691329637677
6.422,0.5515634884416405,0.12347800546080666
6.423,0.5446547951229007,0.10544926079287478
6.424,0.5393853141472589,0.09597108812136988
6.425,0.5351196866109051,0.09096033702990504
6.426,0.5315158619752536,0.08829093575622249
6.427,0.5283839435294346,0.08685167177811397
6.428,0.525614610118598,0.08606512304826122
6.429,0.5231396166266155,0.08562388271021988
6.43,0.520913707546861,0.0853668811480343
6.431,0.5189048618234332,0.08521031355981504
6.432,0.5170880165757749,0.08510873285868421
6.433,0.5154420878341244,0.08503755726619389
6.434,0.5139507124793355,0.08498489489535083
6.435,0.5125988697287933,0.08494357389269598
6.436,0.5113731288452437,0.08490959769933967
6.437,0.510261649139664,0.0848807606877282
6.438,0.5092536816752135,0.08485576067622487
6.439,0.5083395277864057,0.08483379960808199
6.44,0.5075104180662313,0.08481435114512832
6.441,0.506758413823264,0.08479704085562022
6.442,0.5060763235870853,0.08478158388040545
6.443,0.5054576303365373,0.08476775185682338
6.444,0.5048964269857183,0.08475535481117005
6.445,0.5043873586273674,0.08474423078800494
6.446,0.5039255439150996,0.08473423881148189
6.447,0.5035066173185412,0.08472525726987894
6.448,0.5031259798844863,0.08471715335543942
6.449,0.5027805981045151,0.0847098614725902
6.45,0.5024672505931925,0.08470329835279412
6.451,0.5021829771345243,0.08469738568093066
6.452,0.5019250677528426,0.08469205611776655
6.453,0.5016911331054378,0.08468725039689148
6.454,0.5014789443066817,0.08468291483036948
6.455,0.5012864773431452,0.08467900168361953
6.456,0.5011118959040214,0.08467546828296646
6.457,0.5009535346223026,0.08467227651720559
6.458,0.5008098833771553,0.08466939232269077
6.459,0.5006795728873606,0.0846667851958666
6.46,0.5005613615822709,0.08466442779199133
6.461,0.5004541236777634,0.08466229557899149
6.462,0.5003568383604259,0.08466036652944325
6.463,0.5002685799810087,0.08465862084959616
6.464,0.50018850916464,0.08465704074090573
6.465,0.5001158647527968,0.08465561018883734
6.466,0.5000499564992946,0.08465431477543225
6.467,0.49999015844968775,0.08465314151291384
6.468,0.4999359029400605,0.08465207869570707
6.469,0.4998866733238101,0.08465111573127086
6.47,0.4998419876250296,0.08465024277363452
6.471,0.4998012007963757,0.08464944616035999
6.472,0.49976424818556475,0.08464872481998166
6.473,0.4997306339230376,0.08464807044282663
6.474,0.49970024450468353,0.08464747983762345
6.475,0.4996726159653222,0.08464694313895528
6.476,0.49964752841378907,0.08464645607671532
6.477,0.4996248595955485,0.0846460161874916
6.478,0.4996041846314807,0.08464561520487983
6.479,0.4995855241763938,0.08464525351632197
6.48,0.49956855728688837,0.08464492479249208
6.481,0.49955318654437003,0.08464462711553589
6.482,0.49953927745691395,0.08464435783528446
6.483,0.49952660539468463,0.08464411256363105
6.484,0.4995151698133526,0.0846438912922998
6.485,0.4995047571739016,0.08464368985344405
6.486,0.49949533963783527,0.08464350770577449
6.487,0.4994867992916536,0.0846433425500555
6.488,0.4994790367333038,0.08464319245362159
6.489,0.4994720256174618,0.08464305690422069
6.49,0.4994656339659047,0.08464293333877085
6.491,0.49945986078437526,0.08464282173903895
6.492,0.4994546154349198,0.08464272034651
6.493,0.4994498574981053,0.08464262837844051
6.494,0.4994455563962366,0.08464254524214619
6.495,0.49944157390682453,0.08464246824683778
6.496,0.4994379508370602,0.08464239818651687
6.497,0.4994346871869438,0.08464233506118345
6.498,0.4994317116842244,0.08464227752520669
6.499,0.4994289993102706,0.08464222510623104
6.5,0.49942658650289945,0.084642178492208
6.501,0.4994243962439964,0.08464213617719814
6.502,0.49942237400066125,0.08464209709491662
6.503,0.4994205698638079,0.08464206222479388
6.504,0.4994189402472829,0.08464203072200438
6.505,0.4994174376254256,0.0846420016653636
6.506,0.49941609905088297,0.08464197577305883
6.507,0.49941489591914817,0.08464195249574889
6.508,0.49941378226961247,0.08464193095077376
6.509,0.49941279008756456,0.08464191175240153
6.51,0.49941190209877057,0.08464189456757068
6.511,0.49941107782165656,0.08464187861576294
6.512,0.49941034314215743,0.08464186439608061
6.513,0.49940968818017606,0.08464185171749805
6.514,0.4994090785414221,0.08464183991502283
6.515,0.4994085348060463,0.08464182938655951
6.516,0.4994080517831029,0.08464182003185212
6.517,0.49940760106455184,0.08464181130223875
6.518,0.49940719875159295,0.08464180350869173
6.519,0.49940684251230943,0.08464179660618384
6.52,0.4994065093446408,0.08464179015056573
6.521,0.49940621170356964,0.08464178438233205
6.522,0.49940594892504075,0.08464177928864884
6.523,0.4994057026625522,0.08464177451493969
6.524,0.4994054824651365,0.0846417702457554
6.525,0.49940528833279363,0.08464176648109596
6.526,0.49940509988777404,0.0846417628267692
6.527,0.49940492681747617,0.0846417594701705
6.528,0.4994047694931134,0.08464175641848072
6.529,0.4994046279146857,0.08464175367169986
6.53,0.49940450208219317,0.08464175122982792
6.531,0.4994043919956357,0.0846417490928649
6.532,0.4994042842784667,0.08464174700253002
6.533,0.49940418553668153,0.084641745086375
6.534,0.499404097969909,0.08464174338687132
6.535,0.49940402157814906,0.08464174190401899
6.536,0.4994039563614018,0.08464174063781801
6.537,0.4994039023196671,0.0846417395882684
6.538,0.49940384779501706,0.08464173852930047
6.539,0.4994037953513128,0.08464173751063245
6.54,0.4994037492229552,0.08464173661437749
6.541,0.4994037094099443,0.0846417358405356
6.542,0.4994036759122801,0.08464173518910681
6.543,0.49940364872996246,0.08464173466009108
6.544,0.4994036223030323,0.08464173414587205
6.545,0.49940359559525954,0.08464173362639284
6.546,0.49940357226147647,0.08464173317239494
6.547,0.49940355230168326,0.08464173278387838
6.548,0.4994035357158797,0.08464173246084315
6.549,0.49940352250406583,0.08464173220328924
6.55,0.49940351035062114,0.08464173196634502
6.551,0.49940349728069394,0.08464173171174214
6.552,0.49940348593134115,0.08464173149058102
6.553,0.49940347630256277,0.08464173130286165
6.554,0.49940346839435884,0.08464173114858405
6.555,0.49940346220672927,0.0846417310277482
6.556,0.49940345692202365,0.08464173092448393
6.557,0.4994034507822465,0.08464173080466952
6.558,0.49940344548349763,0.08464173070122533
6.559,0.49940344102577694,0.08464173061415138
6.56,0.4994034374090845,0.08464173054344766
6.561,0.49940343463342024,0.08464173048911416
6.562,0.49940343248537394,0.0846417304470032
6.563,0.4994034297293661,0.08464173039310065
6.564,0.499403427367576,0.08464173034688438
6.565,0.49940342540000365,0.08464173030835437
6.566,0.49940342382664915,0.08464173027751064
6.567,0.4994034226475125,0.08464173025435316
6.568,0.49940342185290715,0.08464173023869342
6.569,0.4994034206825251,0.08464173021573361
6.57,0.4994034196887662,0.08464173019622505
6.571,0.49940341887163037,0.08464173018016771
6.572,0.4994034182311176,0.08464173016756163
6.573,0.499403417767228,0.08464173015840676
6.574,0.4994034174799614,0.08464173015270314
6.575,0.4994034169646581,0.0846417301425568
6.576,0.4994034164457892,0.08464173013234662
6.577,0.49940341597199167,0.08464173012302141
6.578,0.4994034155432653,0.08464173011458118
6.579,0.49940341515961023,0.08464173010702591
6.58,0.49940341482102646,0.08464173010035561
6.581,0.49940341452751386,0.08464173009457027
6.582,0.4994034142790726,0.08464173008966991
6.583,0.4994034140757026,0.08464173008565451
6.584,0.49940341391740384,0.08464173008252408
6.585,0.49940341380417635,0.08464173008027862
6.586,0.49940341373602015,0.08464173007891812
6.587,0.49940341363674245,0.08464173007694693
6.588,0.499403413516469,0.08464173007456378
6.589,0.49940341342161665,0.08464173007267986
6.59,0.4994034133521855,0.08464173007129519
6.591,0.49940341330817545,0.08464173007040973
6.592,0.4994034132895866,0.08464173007002353
6.593,0.4994034132964189,0.08464173007013653
6.594,0.4994034133286723,0.0846417300707488
6.595,0.4994034133863469,0.08464173007186027
6.596,0.4994034134694426,0.08464173007347098
6.597,0.4994034135779596,0.08464173007558093
6.598,0.4994034137118976,0.0846417300781901
6.599,0.4994034138280581,0.0846417300804518
6.6,0.49940341386699594,0.08464173008120085
6.601,0.4994034139104151,0.0846417300820387
6.602,0.4994034139583155,0.08464173008296534
6.603,0.49940341401069716,0.08464173008398079
6.604,0.49940341406756006,0.08464173008508503
6.605,0.49940341412890427,0.08464173008627808
6.606,0.49940341419472967,0.08464173008755992
6.607,0.49940341426503637,0.08464173008893057
6.608,0.4994034143398243,0.08464173009039
6.609,0.4994034144190935,0.08464173009193825
6.61,0.4994034145028441,0.08464173009357527
6.611,0.4994034145891718,0.08464173009526366
6.612,0.49940341464257554,0.08464173009630488
6.613,0.4994034146945847,0.0846417300973193
6.614,0.4994034147451993,0.0846417300983069
6.615,0.4994034147944193,0.0846417300992677
6.616,0.4994034148422447,0.0846417301002017
6.617,0.4994034148886755,0.08464173010110887
6.618,0.4994034149337118,0.08464173010198925
6.619,0.49940341497735347,0.08464173010284283
6.62,0.4994034150196006,0.08464173010366957
6.621,0.4994034150604531,0.08464173010446953
6.622,0.4994034150999111,0.08464173010524267
6.623,0.4994034151379745,0.084641730105989
6.624,0.4994034151737663,0.08464173010668925
6.625,0.4994034152077594,0.08464173010735382
6.626,0.4994034152401851,0.08464173010798776
6.627,0.49940341527104354,0.0846417301085911
6.628,0.4994034153003345,0.08464173010916384
6.629,0.4994034153280582,0.08464173010970598
6.63,0.49940341535421456,0.0846417301102175
6.631,0.49940341537880356,0.08464173011069843
6.632,0.49940341540182515,0.08464173011114876
6.633,0.4994034154232795,0.08464173011156846
6.634,0.4994034154431664,0.08464173011195757
6.635,0.499403415461486,0.08464173011231606
6.636,0.4994034154782382,0.08464173011264395
6.637,0.4994034154934231,0.08464173011294124
6.638,0.49940341550704065,0.08464173011320791
6.639,0.4994034155190908,0.08464173011344399
6.64,0.4994034155295736,0.08464173011364946
6.641,0.49940341553848916,0.08464173011382432
6.642,0.4994034155458372,0.08464173011396858
6.643,0.49940341555161805,0.08464173011408224
6.644,0.4994034155558315,0.08464173011416527
6.645,0.4994034155584776,0.08464173011421772
6.646,0.4994034155595563,0.08464173011423955
6.647,0.4994034155590677,0.08464173011423078
6.648,0.49940341555749784,0.08464173011420084
6.649,0.4994034155569685,0.08464173011419103
6.65,0.49940341555643913,0.08464173011418122
6.651,0.4994034155559097,0.0846417301141714
6.652,0.49940341555538037,0.0846417301141616
6.653,0.49940341555485096,0.08464173011415178
6.654,0.4994034155543216,0.08464173011414197
6.655,0.49940341555379225,0.08464173011413216
6.656,0.49940341555326284,0.08464173011412235
6.657,0.4994034155527335,0.08464173011411254
6.658,0.4994034155522041,0.08464173011410273
6.659,0.4994034155516747,0.08464173011409291
6.66,0.49940341555114537,0.0846417301140831
6.661,0.49940341555061596,0.08464173011407329
6.662,0.4994034155500866,0.08464173011406348
6.663,0.4994034155495572,0.08464173011405367
6.664,0.49940341554902784,0.08464173011404386
6.665,0.4994034155484985,0.08464173011403404
6.666,0.4994034155479691,0.08464173011402423
6.667,0.4994034155474397,0.08464173011401442
6.668,0.4994034155469103,0.0846417301140046
6.669,0.49940341554638096,0.08464173011399478
6.67,0.49940341554585155,0.08464173011398497
6.671,0.4994034155453222,0.08464173011397516
6.672,0.49940341554479284,0.08464173011396535
6.673,0.4994034155445492,0.08464173011396085
6.674,0.499403415544441,0.08464173011395885
6.675,0.4994034155443328,0.08464173011395686
6.676,0.4994034155442246,0.08464173011395486
6.677,0.4994034155441165,0.08464173011395286
6.678,0.4994034155440083,0.08464173011395086
6.679,0.4994034155439001,0.08464173011394886
6.68,0.4994034155437919,0.08464173011394686
6.681,0.4994034155436837,0.08464173011394487
6.682,0.49940341554357554,0.08464173011394287
6.683,0.49940341554346734,0.08464173011394087
6.684,0.4994034155433592,0.08464173011393887
6.685,0.499403415543251,0.08464173011393687
6.686,0.4994034155431428,0.08464173011393487
6.687,0.49940341554303463,0.08464173011393288
6.688,0.49940341554292644,0.08464173011393088
6.689,0.49940341554281825,0.08464173011392888
6.69,0.49940341554271006,0.08464173011392688
6.691,0.49940341554260187,0.08464173011392488
6.692,0.49940341554249373,0.08464173011392288
6.693,0.49940341554238554,0.08464173011392088
6.694,0.49940341554227735,0.08464173011391889
6.695,0.49940341554216916,0.08464173011391689
6.696,0.49940341554206097,0.0846417301139149
6.697,0.4994034155419528,0.0846417301139129
6.698,0.4994034155418446,0.0846417301139109
6.699,0.4994034155417364,0.08464173011390891
6.7,0.49940341554162826,0.08464173011390691
6.701,0.49940341554152007,0.08464173011390491
6.702,0.4994034155414119,0.08464173011390291
6.703,0.4994034155413037,0.08464173011390091
6.704,0.4994034155411955,0.08464173011389892
6.705,0.4994034155410873,0.08464173011389692
6.706,0.4994034155409791,0.08464173011389492
6.707,0.4994034155408709,0.08464173011389292
6.708,0.4994034155407628,0.08464173011389092
6.709,0.4994034155406546,0.08464173011388892
6.71,0.4994034155405464,0.08464173011388693
6.711,0.4994034155404382,0.08464173011388493
6.712,0.49940341554033,0.08464173011388293
6.713,0.49940341554022183,0.08464173011388093
6.714,0.49940341554011364,0.08464173011387893
6.715,0.49940341554000545,0.08464173011387693
6.716,0.4994034155398973,0.08464173011387494
6.717,0.4994034155397891,0.08464173011387294
6.718,0.49940341553968093,0.08464173011387094
6.719,0.49940341553957274,0.08464173011386895
6.72,0.49940341553946455,0.08464173011386696
6.721,0.49940341553935635,0.08464173011386496
6.722,0.49940341553930023,0.08464173011386392
6.723,0.49940341553928186,0.08464173011386357
6.724,0.49940341553926354,0.08464173011386324
6.725,0.49940341553924517,0.08464173011386289
6.726,0.4994034155392268,0.08464173011386256
6.727,0.4994034155392085,0.08464173011386221
6.728,0.4994034155391901,0.08464173011386188
6.729,0.4994034155391718,0.08464173011386153
6.73,0.4994034155391534,0.0846417301138612
6.731,0.49940341553913503,0.08464173011386085
6.732,0.4994034155391167,0.08464173011386052
6.733,0.49940341553909834,0.08464173011386017
6.734,0.49940341553908,0.08464173011385984
6.735,0.49940341553906165,0.08464173011385949
6.736,0.4994034155390433,0.08464173011385916
6.737,0.49940341553902495,0.08464173011385881
6.738,0.4994034155390066,0.08464173011385848
6.739,0.49940341553898826,0.08464173011385813
6.74,0.4994034155389699,0.0846417301138578
6.741,0.49940341553895157,0.08464173011385745
6.742,0.4994034155389332,0.08464173011385712
6.743,0.4994034155389149,0.08464173011385677
6.744,0.4994034155388965,0.08464173011385644
6.745,0.4994034155388781,0.08464173011385609
6.746,0.4994034155388598,0.08464173011385576
6.747,0.49940341553884143,0.08464173011385541
6.748,0.4994034155388231,0.08464173011385508
6.749,0.49940341553880474,0.08464173011385473
6.75,0.4994034155387864,0.0846417301138544
6.751,0.49940341553876805,0.08464173011385405
6.752,0.4994034155387497,0.08464173011385372
6.753,0.49940341553873135,0.08464173011385337
6.754,0.499403415538713,0.08464173011385304
6.755,0.49940341553869466,0.08464173011385269
6.756,0.4994034155386763,0.08464173011385236
6.757,0.4994034155386579,0.08464173011385201
6.758,0.4994034155386396,0.08464173011385168
6.759,0.4994034155386212,0.08464173011385133
6.76,0.4994034155386029,0.084641730113851
6.761,0.4994034155385845,0.08464173011385065
6.762,0.4994034155385662,0.08464173011385032
6.763,0.49940341553854783,0.08464173011384997
6.764,0.49940341553852946,0.08464173011384964
6.765,0.49940341553851114,0.08464173011384929
6.766,0.49940341553849277,0.08464173011384896
6.767,0.49940341553847445,0.08464173011384861
6.768,0.4994034155384561,0.08464173011384828
6.769,0.49940341553843776,0.08464173011384793
6.77,0.4994034155384194,0.0846417301138476
6.771,0.49940341553840834,0.08464173011384739
6.772,0.4994034155384052,0.08464173011384732
6.773,0.4994034155384021,0.08464173011384725
6.774,0.499403415538399,0.08464173011384717
6.775,0.4994034155383959,0.0846417301138471
6.776,0.4994034155383928,0.08464173011384703
6.777,0.49940341553838963,0.08464173011384696
6.778,0.4994034155383865,0.08464173011384689
6.779,0.4994034155383834,0.08464173011384682
6.78,0.4994034155383803,0.08464173011384675
6.781,0.4994034155383772,0.08464173011384667
6.782,0.4994034155383741,0.0846417301138466
6.783,0.499403415538371,0.08464173011384653
6.784,0.4994034155383678,0.08464173011384646
6.785,0.4994034155383647,0.08464173011384639
6.786,0.4994034155383616,0.08464173011384632
6.787,0.4994034155383585,0.08464173011384625
6.788,0.4994034155383554,0.08464173011384618
6.789,0.49940341553835227,0.0846417301138461
6.79,0.4994034155383491,0.08464173011384603
6.791,0.499403415538346,0.08464173011384596
6.792,0.4994034155383429,0.08464173011384589
6.793,0.4994034155383398,0.08464173011384582
6.794,0.49940341553833667,0.08464173011384575
6.795,0.49940341553833356,0.08464173011384568
6.796,0.4994034155383304,0.0846417301138456
6.797,0.4994034155383273,0.08464173011384553
6.798,0.4994034155383242,0.08464173011384546
6.799,0.49940341553832107,0.08464173011384539
6.8,0.49940341553831796,0.08464173011384532
6.801,0.49940341553831485,0.08464173011384525
6.802,0.49940341553831175,0.08464173011384518
6.803,0.4994034155383086,0.0846417301138451
6.804,0.4994034155383055,0.08464173011384503
6.805,0.49940341553830236,0.08464173011384496
6.806,0.49940341553829926,0.08464173011384489
6.807,0.49940341553829615,0.08464173011384482
6.808,0.49940341553829304,0.08464173011384475
6.809,0.4994034155382899,0.08464173011384468
6.81,0.49940341553828677,0.0846417301138446
6.811,0.49940341553828366,0.08464173011384453
6.812,0.49940341553828055,0.08464173011384446
6.813,0.49940341553827744,0.08464173011384439
6.814,0.49940341553827433,0.08464173011384432
6.815,0.49940341553827117,0.08464173011384425
6.816,0.49940341553826806,0.08464173011384418
6.817,0.49940341553826495,0.0846417301138441
6.818,0.49940341553826184,0.08464173011384403
6.819,0.49940341553825873,0.08464173011384396
6.82,0.4994034155382559,0.08464173011384389
6.821,0.4994034155382536,0.08464173011384384
6.822,0.49940341553825146,0.0846417301138438
6.823,0.4994034155382493,0.08464173011384374
6.824,0.4994034155382472,0.08464173011384368
6.825,0.4994034155382451,0.08464173011384364
6.826,0.499403415538243,0.08464173011384359
6.827,0.49940341553824097,0.08464173011384354
6.828,0.49940341553823897,0.0846417301138435
6.829,0.499403415538237,0.08464173011384345
6.83,0.4994034155382351,0.0846417301138434
6.831,0.49940341553823314,0.08464173011384336
6.832,0.4994034155382313,0.08464173011384332
6.833,0.49940341553822953,0.08464173011384327
6.834,0.4994034155382277,0.08464173011384322
6.835,0.499403415538226,0.08464173011384318
6.836,0.49940341553822426,0.08464173011384314
6.837,0.49940341553822254,0.08464173011384311
6.838,0.4994034155382209,0.08464173011384306
6.839,0.4994034155382193,0.08464173011384302
6.84,0.4994034155382177,0.08464173011384299
6.841,0.49940341553821616,0.08464173011384295
6.842,0.49940341553821466,0.0846417301138429
6.843,0.4994034155382132,0.08464173011384286
6.844,0.4994034155382117,0.08464173011384284
6.845,0.4994034155382103,0.08464173011384281
6.846,0.49940341553820894,0.08464173011384278
6.847,0.49940341553820755,0.08464173011384273
6.848,0.4994034155382063,0.0846417301138427
6.849,0.49940341553820505,0.08464173011384267
6.85,0.4994034155382038,0.08464173011384264
6.851,0.49940341553820256,0.0846417301138426
6.852,0.49940341553820145,0.08464173011384257
6.853,0.4994034155382003,0.08464173011384254
6.854,0.49940341553819917,0.08464173011384253
6.855,0.4994034155381981,0.0846417301138425
6.856,0.4994034155381971,0.08464173011384246
6.857,0.49940341553819606,0.08464173011384243
6.858,0.4994034155381951,0.08464173011384242
6.859,0.49940341553819423,0.08464173011384239
6.86,0.4994034155381933,0.08464173011384238
6.861,0.49940341553819245,0.08464173011384234
6.862,0.4994034155381917,0.08464173011384232
6.863,0.49940341553819084,0.08464173011384231
6.864,0.4994034155381901,0.08464173011384228
6.865,0.4994034155381894,0.08464173011384225
6.866,0.4994034155381887,0.08464173011384224
6.867,0.49940341553818807,0.08464173011384223
6.868,0.49940341553818746,0.08464173011384221
6.869,0.49940341553818685,0.0846417301138422
6.87,0.4994034155381863,0.08464173011384217
6.871,0.4994034155381858,0.08464173011384216
6.872,0.49940341553818535,0.08464173011384214
6.873,0.49940341553818485,0.08464173011384213
6.874,0.49940341553818446,0.08464173011384211
6.875,0.4994034155381841,0.0846417301138421
6.876,0.49940341553818374,0.08464173011384209
6.877,0.49940341553818346,0.08464173011384209
6.878,0.4994034155381832,0.08464173011384207
6.879,0.49940341553818296,0.08464173011384206
6.88,0.49940341553818274,0.08464173011384205
6.881,0.4994034155381826,0.08464173011384205
6.882,0.49940341553818246,0.08464173011384205
6.883,0.49940341553818235,0.08464173011384202
6.884,0.4994034155381823,0.08464173011384202
6.885,0.49940341553818224,0.08464173011384202
6.886,0.4994034155381823,0.08464173011384202
6.887,0.49940341553818235,0.08464173011384202
6.888,0.4994034155381824,0.084641730113842
6.889,0.4994034155381825,0.084641730113842
6.89,0.4994034155381827,0.084641730113842
6.891,0.49940341553818285,0.084641730113842
6.892,0.499403415538183,0.08464173011384199
6.893,0.4994034155381833,0.084641730113842
6.894,0.4994034155381836,0.084641730113842
6.895,0.4994034155381839,0.084641730113842
6.896,0.49940341553818424,0.08464173011384202
6.897,0.4994034155381847,0.084641730113842
6.898,0.49940341553818507,0.08464173011384202
6.899,0.4994034155381855,0.08464173011384202
6.9,0.499403415538186,0.08464173011384203
6.901,0.4994034155381865,0.08464173011384205
6.902,0.49940341553818707,0.08464173011384203
6.903,0.4994034155381877,0.08464173011384205
6.904,0.49940341553818834,0.08464173011384206
6.905,0.49940341553818896,0.08464173011384207
6.906,0.4994034155381897,0.08464173011384207
6.907,0.49940341553819045,0.08464173011384209
6.908,0.4994034155381912,0.0846417301138421
6.909,0.499403415538192,0.08464173011384211
6.91,0.49940341553819284,0.08464173011384213
6.911,0.4994034155381937,0.08464173011384213
6.912,0.4994034155381946,0.08464173011384216
6.913,0.49940341553819556,0.08464173011384217
6.914,0.4994034155381965,0.08464173011384218
6.915,0.4994034155381975,0.0846417301138422
6.916,0.49940341553819856,0.08464173011384221
6.917,0.4994034155381996,0.08464173011384224
6.918,0.4994034155382005,0.08464173011384225
6.919,0.49940341553820017,0.08464173011384224
6.92,0.49940341553819984,0.08464173011384223
6.921,0.49940341553819945,0.08464173011384223
6.922,0.4994034155381991,0.08464173011384221
6.923,0.4994034155381987,0.08464173011384221
6.924,0.4994034155381984,0.08464173011384221
6.925,0.49940341553819806,0.08464173011384218
6.926,0.4994034155381978,0.08464173011384218
6.927,0.49940341553819745,0.08464173011384218
6.928,0.4994034155381971,0.08464173011384217
6.929,0.49940341553819684,0.08464173011384217
6.93,0.4994034155381965,0.08464173011384217
6.931,0.49940341553819617,0.08464173011384216
6.932,0.4994034155381959,0.08464173011384216
6.933,0.49940341553819556,0.08464173011384216
6.934,0.49940341553819534,0.08464173011384213
6.935,0.499403415538195,0.08464173011384213
6.936,0.49940341553819473,0.08464173011384213
6.937,0.49940341553819445,0.08464173011384211
6.938,0.4994034155381942,0.08464173011384211
6.939,0.4994034155381939,0.08464173011384211
6.94,0.4994034155381936,0.0846417301138421
6.941,0.4994034155381934,0.0846417301138421
6.942,0.4994034155381931,0.08464173011384211
6.943,0.49940341553819284,0.0846417301138421
6.944,0.4994034155381926,0.0846417301138421
6.945,0.49940341553819234,0.08464173011384209
6.946,0.4994034155381921,0.08464173011384209
6.947,0.49940341553819184,0.08464173011384209
6.948,0.4994034155381916,0.08464173011384207
6.949,0.49940341553819145,0.08464173011384207
6.95,0.49940341553819123,0.08464173011384207
6.951,0.499403415538191,0.08464173011384207
6.952,0.4994034155381908,0.08464173011384207
6.953,0.49940341553819056,0.08464173011384207
6.954,0.49940341553819034,0.08464173011384206
6.955,0.4994034155381901,0.08464173011384206
6.956,0.49940341553818995,0.08464173011384207
6.957,0.4994034155381898,0.08464173011384206
6.958,0.49940341553818957,0.08464173011384206
6.959,0.4994034155381894,0.08464173011384206
6.96,0.4994034155381892,0.08464173011384206
6.961,0.499403415538189,0.08464173011384206
6.962,0.49940341553818884,0.08464173011384206
6.963,0.4994034155381887,0.08464173011384206
6.964,0.4994034155381885,0.08464173011384206
6.965,0.49940341553818834,0.08464173011384206
6.966,0.49940341553818823,0.08464173011384206
6.967,0.49940341553818807,0.08464173011384206
6.968,0.4994034155381879,0.08464173011384205
6.969,0.49940341553818773,0.08464173011384206
6.97,0.4994034155381876,0.08464173011384206
6.971,0.4994034155381875,0.08464173011384206
6.972,0.4994034155381874,0.08464173011384206
6.973,0.49940341553818723,0.08464173011384206
6.974,0.4994034155381871,0.08464173011384206
6.975,0.499403415538187,0.08464173011384206
6.976,0.4994034155381869,0.08464173011384207
6.977,0.49940341553818673,0.08464173011384206
6.978,0.4994034155381867,0.08464173011384207
6.979,0.4994034155381866,0.08464173011384207
6.98,0.4994034155381865,0.08464173011384207
6.981,0.4994034155381864,0.08464173011384207
6.982,0.4994034155381863,0.08464173011384209
6.983,0.49940341553818623,0.08464173011384209
6.984,0.4994034155381861,0.08464173011384209
6.985,0.49940341553818607,0.0846417301138421
6.986,0.499403415538186,0.08464173011384209
6.987,0.49940341553818596,0.0846417301138421
6.988,0.4994034155381859,0.08464173011384211
6.989,0.49940341553818585,0.0846417301138421
6.99,0.4994034155381858,0.08464173011384211
6.991,0.49940341553818574,0.08464173011384213
6.992,0.4994034155381857,0.08464173011384211
6.993,0.4994034155381857,0.08464173011384213
6.994,0.4994034155381856,0.08464173011384213
6.995,0.49940341553818557,0.08464173011384214
6.996,0.49940341553818557,0.08464173011384214
6.997,0.4994034155381855,0.08464173011384214
6.998,0.4994034155381855,0.08464173011384216
6.999,0.4994034155381855,0.08464173011384217
7,0.49940341553818546,0.08464173011384216
7.000000000900012,0.49940341553818546,0.08464173011384216
7.000000000900012,0.49940341553818546,0.08464173011384216
7.001,0.4994034155381895,0.08464173011384685
7.002,0.4994034155381929,0.08464173011384743
7.003,0.4994034155381955,0.08464173011384628
7.004,0.4994034155381981,0.08464173011384506
7.005,0.49940341553820006,0.08464173011384471
7.006,0.4994034155382019,0.08464173011384447
7.007,0.4994034155382037,0.08464173011384424
7.008,0.49940341553820555,0.08464173011384399
7.009,0.4994034155382067,0.08464173011384397
7.01,0.49940341553820783,0.084641730113844
7.011,0.4994034155382089,0.08464173011384403
7.012,0.49940341553821,0.08464173011384406
7.013,0.49940341553821105,0.08464173011384407
7.014,0.49940341553821216,0.0846417301138441
7.015,0.4994034155382132,0.08464173011384413
7.016,0.4994034155382143,0.08464173011384415
7.017,0.49940341553821493,0.08464173011384413
7.018,0.4994034155382153,0.08464173011384406
7.019,0.49940341553821577,0.08464173011384399
7.02,0.49940341553821616,0.08464173011384392
7.021,0.49940341553821654,0.08464173011384385
7.022,0.49940341553821693,0.08464173011384377
7.023,0.4994034155382173,0.0846417301138437
7.024,0.4994034155382177,0.08464173011384363
7.025,0.4994034155382181,0.08464173011384356
7.026,0.49940341553821854,0.08464173011384349
7.027,0.49940341553821893,0.08464173011384342
7.028,0.4994034155382193,0.08464173011384335
7.029,0.4994034155382197,0.08464173011384327
7.03,0.4994034155382201,0.0846417301138432
7.031,0.4994034155382205,0.08464173011384313
7.032,0.49940341553822093,0.08464173011384306
7.033,0.4994034155382212,0.08464173011384302
7.034,0.4994034155382213,0.08464173011384304
7.035,0.49940341553822143,0.08464173011384309
7.036,0.4994034155382215,0.08464173011384311
7.037,0.4994034155382216,0.08464173011384314
7.038,0.4994034155382217,0.08464173011384318
7.039,0.4994034155382218,0.08464173011384321
7.04,0.4994034155382219,0.08464173011384325
7.041,0.499403415538222,0.08464173011384328
7.042,0.4994034155382221,0.08464173011384331
7.043,0.49940341553822215,0.08464173011384335
7.044,0.49940341553822226,0.08464173011384338
7.045,0.4994034155382224,0.08464173011384342
7.046,0.4994034155382225,0.08464173011384345
7.047,0.49940341553822254,0.08464173011384347
7.048,0.49940341553822265,0.08464173011384352
7.049,0.49940341553822276,0.08464173011384354
7.05,0.4994034155382228,0.08464173011384359
7.051,0.49940341553822293,0.08464173011384361
7.052,0.49940341553822304,0.08464173011384364
7.053,0.49940341553822315,0.08464173011384368
7.054,0.4994034155382232,0.08464173011384371
7.055,0.4994034155382233,0.08464173011384375
7.056,0.4994034155382234,0.08464173011384378
7.057,0.4994034155382235,0.08464173011384381
7.058,0.4994034155382236,0.08464173011384385
7.059,0.4994034155382237,0.08464173011384388
7.06,0.4994034155382238,0.08464173011384392
7.061,0.49940341553822387,0.08464173011384395
7.062,0.499403415538224,0.08464173011384399
7.063,0.4994034155382241,0.08464173011384402
7.064,0.49940341553822415,0.08464173011384404
7.065,0.49940341553822426,0.08464173011384409
7.066,0.4994034155382243,0.08464173011384409
7.067,0.4994034155382243,0.08464173011384403
7.068,0.4994034155382243,0.08464173011384399
7.069,0.49940341553822437,0.08464173011384395
7.07,0.49940341553822437,0.0846417301138439
7.071,0.4994034155382244,0.08464173011384386
7.072,0.4994034155382244,0.08464173011384382
7.073,0.4994034155382244,0.08464173011384377
7.074,0.4994034155382245,0.08464173011384372
7.075,0.4994034155382245,0.08464173011384368
7.076,0.49940341553822454,0.08464173011384364
7.077,0.49940341553822454,0.0846417301138436
7.078,0.49940341553822454,0.08464173011384356
7.079,0.4994034155382246,0.0846417301138435
7.08,0.4994034155382246,0.08464173011384346
7.081,0.4994034155382246,0.08464173011384342
7.082,0.49940341553822465,0.08464173011384338
7.083,0.49940341553822465,0.08464173011384334
7.084,0.4994034155382247,0.08464173011384328
7.085,0.4994034155382247,0.08464173011384324
7.086,0.4994034155382247,0.0846417301138432
7.087,0.49940341553822476,0.08464173011384316
7.088,0.49940341553822476,0.08464173011384311
7.089,0.49940341553822476,0.08464173011384307
7.09,0.4994034155382248,0.08464173011384302
7.091,0.4994034155382248,0.08464173011384298
7.092,0.49940341553822487,0.08464173011384293
7.093,0.49940341553822487,0.08464173011384289
7.094,0.49940341553822487,0.08464173011384285
7.095,0.4994034155382249,0.0846417301138428
7.096,0.4994034155382249,0.08464173011384275
7.097,0.499403415538225,0.08464173011384271
7.098,0.499403415538225,0.08464173011384267
7.099,0.499403415538225,0.08464173011384268
7.1,0.499403415538225,0.08464173011384273
7.101,0.499403415538225,0.08464173011384278
7.102,0.499403415538225,0.08464173011384282
7.103,0.49940341553822504,0.08464173011384286
7.104,0.49940341553822504,0.0846417301138429
7.105,0.49940341553822504,0.08464173011384295
7.106,0.49940341553822504,0.084641730113843
7.107,0.49940341553822504,0.08464173011384304
7.108,0.4994034155382251,0.08464173011384309
7.109,0.4994034155382251,0.08464173011384313
7.11,0.4994034155382251,0.08464173011384317
7.111,0.4994034155382251,0.08464173011384322
7.112,0.4994034155382251,0.08464173011384327
7.113,0.49940341553822515,0.08464173011384331
7.114,0.49940341553822515,0.08464173011384335
7.115,0.49940341553822515,0.08464173011384339
7.116,0.49940341553822515,0.08464173011384345
7.117,0.49940341553822515,0.08464173011384349
7.118,0.4994034155382252,0.08464173011384353
7.119,0.4994034155382252,0.08464173011384357
7.12,0.4994034155382252,0.08464173011384361
7.121,0.4994034155382252,0.08464173011384367
7.122,0.4994034155382252,0.08464173011384371
7.123,0.4994034155382252,0.08464173011384375
7.124,0.49940341553822526,0.0846417301138438
7.125,0.49940341553822526,0.08464173011384385
7.126,0.49940341553822526,0.08464173011384389
7.127,0.49940341553822526,0.08464173011384393
7.128,0.49940341553822526,0.08464173011384397
7.129,0.4994034155382253,0.08464173011384402
7.13,0.4994034155382253,0.08464173011384407
7.131,0.4994034155382253,0.08464173011384411
7.132,0.4994034155382253,0.08464173011384413
7.133,0.49940341553822537,0.08464173011384415
7.134,0.49940341553822537,0.08464173011384415
7.135,0.49940341553822537,0.08464173011384417
7.136,0.49940341553822537,0.0846417301138442
7.137,0.4994034155382254,0.08464173011384421
7.138,0.4994034155382254,0.0846417301138442
7.139,0.4994034155382254,0.08464173011384421
7.14,0.4994034155382254,0.08464173011384422
7.141,0.4994034155382254,0.08464173011384424
7.142,0.4994034155382254,0.08464173011384424
7.143,0.4994034155382254,0.08464173011384422
7.144,0.4994034155382254,0.08464173011384424
7.145,0.4994034155382254,0.08464173011384424
7.146,0.4994034155382254,0.08464173011384424
7.147,0.4994034155382254,0.08464173011384422
7.148,0.4994034155382254,0.08464173011384421
7.149,0.4994034155382254,0.08464173011384421
7.15,0.4994034155382254,0.08464173011384421
7.151,0.4994034155382254,0.08464173011384418
7.152,0.4994034155382254,0.08464173011384418
7.153,0.4994034155382254,0.08464173011384417
7.154,0.4994034155382255,0.08464173011384415
7.155,0.4994034155382255,0.08464173011384414
7.156,0.4994034155382255,0.08464173011384411
7.157,0.4994034155382255,0.0846417301138441
7.158,0.49940341553822554,0.08464173011384407
7.159,0.49940341553822554,0.08464173011384406
7.16,0.49940341553822554,0.08464173011384403
7.161,0.49940341553822554,0.084641730113844
7.162,0.49940341553822554,0.08464173011384397
7.163,0.49940341553822554,0.08464173011384395
7.164,0.49940341553822554,0.08464173011384392
7.165,0.49940341553822554,0.08464173011384388
7.166,0.49940341553822554,0.08464173011384385
7.167,0.49940341553822554,0.08464173011384382
7.168,0.49940341553822554,0.08464173011384378
7.169,0.49940341553822554,0.08464173011384374
7.17,0.49940341553822554,0.0846417301138437
7.171,0.49940341553822554,0.08464173011384367
7.172,0.49940341553822554,0.08464173011384363
7.173,0.49940341553822554,0.08464173011384359
7.174,0.4994034155382255,0.08464173011384353
7.175,0.4994034155382255,0.08464173011384347
7.176,0.4994034155382255,0.08464173011384343
7.177,0.4994034155382255,0.08464173011384339
7.178,0.4994034155382255,0.08464173011384332
7.179,0.4994034155382255,0.08464173011384328
7.18,0.4994034155382255,0.08464173011384322
7.181,0.4994034155382255,0.08464173011384317
7.182,0.4994034155382255,0.08464173011384311
7.183,0.4994034155382255,0.08464173011384304
7.184,0.49940341553822554,0.08464173011384299
7.185,0.49940341553822554,0.08464173011384293
7.186,0.49940341553822554,0.08464173011384286
7.187,0.49940341553822554,0.0846417301138428
7.188,0.49940341553822554,0.08464173011384273
7.189,0.49940341553822554,0.08464173011384266
7.19,0.49940341553822554,0.0846417301138426
7.191,0.49940341553822554,0.08464173011384252
7.192,0.4994034155382255,0.08464173011384245
7.193,0.4994034155382255,0.08464173011384236
7.194,0.4994034155382255,0.0846417301138423
7.195,0.4994034155382255,0.08464173011384223
7.196,0.4994034155382255,0.08464173011384213
7.197,0.4994034155382255,0.08464173011384207
7.198,0.4994034155382255,0.08464173011384206
7.199,0.4994034155382255,0.08464173011384205
7.2,0.4994034155382255,0.08464173011384203
7.201,0.4994034155382255,0.08464173011384202
7.202,0.4994034155382255,0.084641730113842
7.203,0.4994034155382255,0.08464173011384199
7.204,0.4994034155382255,0.08464173011384198
7.205,0.4994034155382255,0.08464173011384196
7.206,0.4994034155382255,0.08464173011384195
7.207,0.4994034155382255,0.08464173011384193
7.208,0.4994034155382255,0.08464173011384192
7.209,0.4994034155382255,0.08464173011384192
7.21,0.4994034155382255,0.0846417301138419
7.211,0.4994034155382255,0.08464173011384189
7.212,0.4994034155382255,0.08464173011384189
7.213,0.4994034155382255,0.08464173011384188
7.214,0.49940341553822554,0.08464173011384186
7.215,0.49940341553822554,0.08464173011384186
7.216,0.4994034155382255,0.08464173011384185
7.217,0.4994034155382255,0.08464173011384185
7.218,0.4994034155382255,0.08464173011384184
7.219,0.4994034155382255,0.08464173011384184
7.22,0.4994034155382255,0.08464173011384184
7.221,0.4994034155382255,0.08464173011384184
7.222,0.4994034155382255,0.08464173011384184
7.223,0.4994034155382255,0.08464173011384182
7.224,0.4994034155382255,0.08464173011384182
7.225,0.4994034155382255,0.08464173011384182
7.226,0.4994034155382255,0.08464173011384182
7.227,0.4994034155382255,0.08464173011384181
7.228,0.4994034155382255,0.08464173011384181
7.229,0.4994034155382255,0.08464173011384181
7.23,0.4994034155382255,0.08464173011384181
7.231,0.4994034155382255,0.08464173011384181
7.232,0.4994034155382255,0.08464173011384181
7.233,0.4994034155382255,0.08464173011384181
7.234,0.4994034155382255,0.08464173011384181
7.235,0.4994034155382255,0.08464173011384181
7.236,0.4994034155382255,0.08464173011384181
7.237,0.4994034155382255,0.08464173011384181
7.238,0.4994034155382255,0.08464173011384182
7.239,0.4994034155382255,0.08464173011384182
7.24,0.4994034155382255,0.08464173011384182
7.241,0.4994034155382255,0.08464173011384182
7.242,0.4994034155382255,0.08464173011384184
7.243,0.4994034155382255,0.08464173011384184
7.244,0.4994034155382255,0.08464173011384184
7.245,0.4994034155382255,0.08464173011384185
7.246,0.4994034155382255,0.08464173011384185
7.247,0.4994034155382255,0.08464173011384186
7.248,0.4994034155382255,0.08464173011384186
7.249,0.4994034155382255,0.08464173011384188
7.25,0.4994034155382255,0.08464173011384188
7.251,0.4994034155382255,0.08464173011384189
7.252,0.4994034155382255,0.0846417301138419
7.253,0.4994034155382255,0.0846417301138419
7.254,0.4994034155382255,0.08464173011384192
7.255,0.4994034155382255,0.08464173011384193
7.256,0.4994034155382255,0.08464173011384195
7.257,0.4994034155382255,0.08464173011384195
7.258,0.4994034155382255,0.08464173011384198
7.259,0.4994034155382255,0.08464173011384199
7.26,0.4994034155382255,0.084641730113842
7.261,0.4994034155382255,0.08464173011384202
7.262,0.4994034155382255,0.08464173011384203
7.263,0.4994034155382255,0.08464173011384205
7.264,0.4994034155382255,0.08464173011384206
7.265,0.4994034155382255,0.08464173011384207
7.266,0.4994034155382255,0.08464173011384209
7.267,0.4994034155382255,0.0846417301138421
7.268,0.4994034155382255,0.08464173011384213
7.269,0.4994034155382255,0.08464173011384214
7.27,0.4994034155382255,0.08464173011384216
7.271,0.4994034155382255,0.08464173011384217
7.272,0.4994034155382255,0.0846417301138422
7.273,0.4994034155382255,0.08464173011384221
7.274,0.4994034155382255,0.08464173011384223
7.275,0.4994034155382255,0.08464173011384225
7.276,0.4994034155382255,0.08464173011384227
7.277,0.4994034155382255,0.0846417301138423
7.278,0.4994034155382255,0.08464173011384231
7.279,0.4994034155382255,0.08464173011384234
7.28,0.4994034155382255,0.08464173011384235
7.281,0.4994034155382255,0.08464173011384238
7.282,0.4994034155382255,0.08464173011384239
7.283,0.4994034155382255,0.08464173011384242
7.284,0.4994034155382255,0.08464173011384245
7.285,0.4994034155382255,0.08464173011384248
7.286,0.4994034155382255,0.08464173011384249
7.287,0.4994034155382255,0.08464173011384252
7.288,0.4994034155382255,0.08464173011384254
7.289,0.4994034155382255,0.08464173011384257
7.29,0.4994034155382255,0.0846417301138426
7.291,0.4994034155382254,0.08464173011384263
7.292,0.4994034155382254,0.08464173011384266
7.293,0.4994034155382254,0.08464173011384268
7.294,0.4994034155382254,0.08464173011384271
7.295,0.4994034155382254,0.08464173011384274
7.296,0.4994034155382254,0.08464173011384277
7.297,0.4994034155382254,0.08464173011384281
7.298,0.4994034155382254,0.08464173011384284
7.299,0.4994034155382254,0.08464173011384286
7.3,0.4994034155382254,0.0846417301138429
7.301,0.4994034155382254,0.08464173011384293
7.302,0.4994034155382254,0.08464173011384296
7.303,0.4994034155382254,0.084641730113843
7.304,0.4994034155382254,0.08464173011384303
7.305,0.4994034155382254,0.08464173011384306
7.306,0.4994034155382254,0.0846417301138431
7.307,0.4994034155382254,0.08464173011384313
7.308,0.4994034155382254,0.08464173011384317
7.309,0.4994034155382254,0.0846417301138432
7.31,0.4994034155382254,0.08464173011384324
7.311,0.4994034155382254,0.08464173011384327
7.312,0.49940341553822537,0.08464173011384331
7.313,0.49940341553822537,0.08464173011384335
7.314,0.49940341553822537,0.08464173011384338
7.315,0.49940341553822537,0.08464173011384342
7.316,0.49940341553822537,0.08464173011384346
7.317,0.49940341553822537,0.0846417301138435
7.318,0.49940341553822537,0.08464173011384354
7.319,0.49940341553822537,0.08464173011384357
7.32,0.49940341553822537,0.08464173011384361
7.321,0.49940341553822537,0.08464173011384366
7.322,0.49940341553822537,0.0846417301138437
7.323,0.49940341553822537,0.08464173011384374
7.324,0.49940341553822537,0.08464173011384378
7.325,0.49940341553822537,0.08464173011384382
7.326,0.49940341553822537,0.08464173011384386
7.327,0.49940341553822537,0.08464173011384392
7.328,0.49940341553822537,0.08464173011384395
7.329,0.49940341553822537,0.08464173011384396
7.33,0.49940341553822537,0.08464173011384397
7.331,0.49940341553822537,0.08464173011384397
7.332,0.49940341553822537,0.08464173011384399
7.333,0.49940341553822537,0.084641730113844
7.334,0.49940341553822537,0.084641730113844
7.335,0.49940341553822537,0.08464173011384402
7.336,0.49940341553822537,0.08464173011384402
7.337,0.49940341553822537,0.08464173011384403
7.338,0.49940341553822537,0.08464173011384403
7.339,0.49940341553822537,0.08464173011384404
7.34,0.49940341553822537,0.08464173011384406
7.341,0.49940341553822537,0.08464173011384406
7.342,0.49940341553822537,0.08464173011384407
7.343,0.49940341553822537,0.08464173011384407
7.344,0.49940341553822537,0.08464173011384409
7.345,0.49940341553822537,0.0846417301138441
7.346,0.49940341553822537,0.0846417301138441
7.347,0.49940341553822537,0.08464173011384411
7.348,0.49940341553822537,0.08464173011384413
7.349,0.49940341553822537,0.08464173011384413
7.35,0.49940341553822537,0.08464173011384414
7.351,0.49940341553822537,0.08464173011384413
7.352,0.49940341553822537,0.08464173011384414
7.353,0.4994034155382253,0.08464173011384415
7.354,0.4994034155382253,0.08464173011384415
7.355,0.4994034155382253,0.08464173011384417
7.356,0.4994034155382253,0.08464173011384417
7.357,0.4994034155382253,0.08464173011384418
7.358,0.4994034155382253,0.08464173011384418
7.359,0.4994034155382253,0.0846417301138442
7.36,0.4994034155382253,0.08464173011384421
7.361,0.4994034155382253,0.08464173011384421
7.362,0.4994034155382253,0.08464173011384422
7.363,0.4994034155382253,0.08464173011384422
7.364,0.4994034155382253,0.08464173011384424
7.365,0.4994034155382253,0.08464173011384424
7.366,0.4994034155382253,0.08464173011384425
7.367,0.4994034155382253,0.08464173011384424
7.368,0.4994034155382253,0.08464173011384425
7.369,0.4994034155382253,0.08464173011384425
7.37,0.4994034155382253,0.08464173011384427
7.371,0.4994034155382253,0.08464173011384427
7.372,0.4994034155382253,0.08464173011384428
7.373,0.4994034155382253,0.08464173011384428
7.374,0.4994034155382253,0.0846417301138443
7.375,0.4994034155382253,0.0846417301138443
7.376,0.4994034155382253,0.08464173011384431
7.377,0.4994034155382253,0.08464173011384431
7.378,0.4994034155382253,0.08464173011384432
7.379,0.4994034155382253,0.08464173011384432
7.38,0.4994034155382253,0.08464173011384432
7.381,0.4994034155382253,0.08464173011384434
7.382,0.4994034155382253,0.08464173011384432
7.383,0.4994034155382253,0.08464173011384434
7.384,0.4994034155382253,0.08464173011384434
7.385,0.4994034155382253,0.08464173011384435
7.386,0.4994034155382253,0.08464173011384435
7.387,0.4994034155382253,0.08464173011384435
7.388,0.4994034155382253,0.08464173011384436
7.389,0.4994034155382253,0.08464173011384436
7.39,0.4994034155382253,0.08464173011384438
7.391,0.4994034155382253,0.08464173011384438
7.392,0.4994034155382253,0.08464173011384438
7.393,0.4994034155382253,0.08464173011384439
7.394,0.4994034155382253,0.08464173011384439
7.395,0.4994034155382253,0.08464173011384439
7.396,0.4994034155382253,0.0846417301138444
7.397,0.4994034155382253,0.08464173011384439
7.398,0.4994034155382253,0.08464173011384439
7.399,0.4994034155382253,0.0846417301138444
7.4,0.4994034155382253,0.0846417301138444
7.401,0.4994034155382253,0.0846417301138444
7.402,0.4994034155382253,0.08464173011384442
7.403,0.4994034155382253,0.08464173011384442
7.404,0.4994034155382253,0.08464173011384442
7.405,0.4994034155382253,0.08464173011384443
7.406,0.4994034155382253,0.08464173011384443
7.407,0.4994034155382253,0.08464173011384443
7.408,0.4994034155382253,0.08464173011384445
7.409,0.4994034155382253,0.08464173011384445
7.41,0.4994034155382253,0.08464173011384445
7.411,0.4994034155382253,0.08464173011384445
7.412,0.4994034155382253,0.08464173011384446
7.413,0.4994034155382253,0.08464173011384445
7.414,0.4994034155382253,0.08464173011384445
7.415,0.4994034155382253,0.08464173011384445
7.416,0.4994034155382253,0.08464173011384446
7.417,0.4994034155382253,0.08464173011384446
7.418,0.4994034155382253,0.08464173011384446
7.419,0.4994034155382253,0.08464173011384446
7.42,0.4994034155382253,0.08464173011384446
7.421,0.4994034155382253,0.08464173011384447
7.422,0.4994034155382253,0.08464173011384447
7.423,0.4994034155382253,0.08464173011384447
7.424,0.4994034155382253,0.08464173011384447
7.425,0.4994034155382253,0.08464173011384447
7.426,0.4994034155382253,0.08464173011384449
7.427,0.4994034155382253,0.08464173011384449
7.428,0.4994034155382253,0.08464173011384447
7.429,0.4994034155382253,0.08464173011384447
7.43,0.4994034155382253,0.08464173011384447
7.431,0.4994034155382253,0.08464173011384449
7.432,0.4994034155382253,0.08464173011384449
7.433,0.4994034155382253,0.08464173011384449
7.434,0.4994034155382253,0.08464173011384449
7.435,0.4994034155382253,0.08464173011384449
7.436,0.4994034155382253,0.08464173011384449
7.437,0.4994034155382253,0.08464173011384449
7.438,0.4994034155382253,0.08464173011384449
7.439,0.4994034155382253,0.0846417301138445
7.44,0.4994034155382253,0.0846417301138445
7.441,0.4994034155382253,0.0846417301138445
7.442,0.4994034155382253,0.0846417301138445
7.443,0.4994034155382253,0.0846417301138445
7.444,0.4994034155382253,0.08464173011384449
7.445,0.4994034155382253,0.08464173011384449
7.446,0.4994034155382253,0.08464173011384449
7.447,0.4994034155382253,0.08464173011384449
7.448,0.49940341553822526,0.08464173011384449
7.449,0.49940341553822526,0.08464173011384449
7.45,0.49940341553822526,0.08464173011384449
7.451,0.49940341553822526,0.08464173011384449
7.452,0.49940341553822526,0.0846417301138445
7.453,0.49940341553822526,0.0846417301138445
7.454,0.49940341553822526,0.0846417301138445
7.455,0.49940341553822526,0.0846417301138445
7.456,0.49940341553822526,0.0846417301138445
7.457,0.49940341553822526,0.0846417301138445
7.458,0.49940341553822526,0.0846417301138445
7.459,0.49940341553822526,0.08464173011384449
7.46,0.49940341553822526,0.08464173011384449
7.461,0.49940341553822526,0.08464173011384449
7.462,0.49940341553822526,0.08464173011384449
7.463,0.49940341553822526,0.08464173011384449
7.464,0.49940341553822526,0.08464173011384449
7.465,0.49940341553822526,0.08464173011384449
7.466,0.49940341553822526,0.08464173011384449
7.467,0.49940341553822526,0.08464173011384447
7.468,0.49940341553822526,0.08464173011384447
7.469,0.49940341553822526,0.08464173011384447
7.47,0.49940341553822526,0.08464173011384447
7.471,0.49940341553822526,0.08464173011384447
7.472,0.49940341553822526,0.08464173011384447
7.473,0.49940341553822526,0.08464173011384447
7.474,0.49940341553822526,0.08464173011384447
7.475,0.49940341553822526,0.08464173011384446
7.476,0.49940341553822526,0.08464173011384446
7.477,0.49940341553822526,0.08464173011384446
7.478,0.49940341553822526,0.08464173011384446
7.479,0.49940341553822526,0.08464173011384446
7.48,0.49940341553822526,0.08464173011384445
7.481,0.49940341553822526,0.08464173011384445
7.482,0.49940341553822526,0.08464173011384445
7.483,0.49940341553822526,0.08464173011384445
7.484,0.49940341553822526,0.08464173011384445
7.485,0.49940341553822526,0.08464173011384445
7.486,0.49940341553822526,0.08464173011384445
7.487,0.49940341553822526,0.08464173011384443
7.488,0.49940341553822526,0.08464173011384443
7.489,0.49940341553822526,0.08464173011384443
7.49,0.49940341553822526,0.08464173011384442
7.491,0.49940341553822526,0.08464173011384442
7.492,0.49940341553822526,0.08464173011384442
7.493,0.49940341553822526,0.0846417301138444
7.494,0.49940341553822526,0.0846417301138444
7.495,0.49940341553822526,0.0846417301138444
7.496,0.49940341553822526,0.0846417301138444
7.497,0.49940341553822526,0.0846417301138444
7.498,0.49940341553822526,0.08464173011384439
7.499,0.49940341553822526,0.08464173011384439
7.5,0.49940341553822526,0.08464173011384439
7.501,0.49940341553822526,0.08464173011384439
7.502,0.49940341553822526,0.08464173011384438
7.503,0.49940341553822526,0.08464173011384438
7.504,0.49940341553822526,0.08464173011384438
7.505,0.49940341553822526,0.08464173011384436
7.506,0.49940341553822526,0.08464173011384435
7.507,0.49940341553822526,0.08464173011384435
7.508,0.49940341553822526,0.08464173011384435
7.509,0.49940341553822526,0.08464173011384435
7.51,0.49940341553822526,0.08464173011384434
7.511,0.49940341553822526,0.08464173011384434
7.512,0.49940341553822526,0.08464173011384434
7.513,0.49940341553822526,0.08464173011384432
7.514,0.49940341553822526,0.08464173011384432
7.515,0.49940341553822526,0.08464173011384432
7.516,0.49940341553822526,0.08464173011384432
7.517,0.49940341553822526,0.08464173011384431
7.518,0.49940341553822526,0.08464173011384431
7.519,0.49940341553822526,0.08464173011384431
7.52,0.49940341553822526,0.0846417301138443
7.521,0.49940341553822526,0.08464173011384428
7.522,0.49940341553822526,0.08464173011384428
7.523,0.49940341553822526,0.08464173011384427
7.524,0.49940341553822526,0.08464173011384427
7.525,0.49940341553822526,0.08464173011384425
7.526,0.49940341553822526,0.08464173011384425
7.527,0.49940341553822526,0.08464173011384425
7.528,0.49940341553822526,0.08464173011384424
7.529,0.49940341553822526,0.08464173011384424
7.53,0.49940341553822526,0.08464173011384424
7.531,0.49940341553822526,0.08464173011384422
7.532,0.49940341553822526,0.08464173011384422
7.533,0.49940341553822526,0.08464173011384421
7.534,0.49940341553822526,0.08464173011384421
7.535,0.49940341553822526,0.08464173011384421
7.536,0.49940341553822526,0.08464173011384418
7.537,0.49940341553822526,0.08464173011384418
7.538,0.49940341553822526,0.08464173011384417
7.539,0.49940341553822526,0.08464173011384417
7.54,0.49940341553822526,0.08464173011384415
7.541,0.49940341553822526,0.08464173011384415
7.542,0.49940341553822526,0.08464173011384414
7.543,0.4994034155382252,0.08464173011384414
7.544,0.4994034155382252,0.08464173011384413
7.545,0.4994034155382252,0.08464173011384413
7.546,0.4994034155382252,0.08464173011384413
7.547,0.4994034155382252,0.08464173011384411
7.548,0.4994034155382252,0.08464173011384411
7.549,0.4994034155382252,0.0846417301138441
7.55,0.4994034155382252,0.0846417301138441
7.551,0.4994034155382252,0.08464173011384409
7.552,0.4994034155382252,0.08464173011384407
7.553,0.4994034155382252,0.08464173011384406
7.554,0.4994034155382252,0.08464173011384404
7.555,0.4994034155382252,0.08464173011384404
7.556,0.4994034155382252,0.08464173011384403
7.557,0.4994034155382252,0.08464173011384403
7.558,0.4994034155382252,0.08464173011384402
7.559,0.4994034155382252,0.08464173011384402
7.56,0.4994034155382252,0.084641730113844
7.561,0.4994034155382252,0.084641730113844
7.562,0.4994034155382252,0.08464173011384399
7.563,0.4994034155382252,0.08464173011384399
7.564,0.4994034155382252,0.08464173011384397
7.565,0.4994034155382252,0.08464173011384396
7.566,0.4994034155382252,0.08464173011384396
7.567,0.4994034155382252,0.08464173011384393
7.568,0.4994034155382252,0.08464173011384393
7.569,0.4994034155382252,0.08464173011384392
7.57,0.4994034155382252,0.0846417301138439
7.571,0.4994034155382252,0.0846417301138439
7.572,0.4994034155382252,0.08464173011384389
7.573,0.4994034155382252,0.08464173011384388
7.574,0.4994034155382252,0.08464173011384388
7.575,0.4994034155382252,0.08464173011384386
7.576,0.4994034155382252,0.08464173011384386
7.577,0.4994034155382252,0.08464173011384385
7.578,0.4994034155382252,0.08464173011384384
7.579,0.4994034155382252,0.08464173011384384
7.58,0.4994034155382252,0.08464173011384382
7.581,0.4994034155382252,0.08464173011384381
7.582,0.4994034155382252,0.08464173011384381
7.583,0.4994034155382252,0.08464173011384378
7.584,0.4994034155382252,0.08464173011384377
7.585,0.4994034155382252,0.08464173011384375
7.586,0.4994034155382252,0.08464173011384375
7.587,0.4994034155382252,0.08464173011384374
7.588,0.4994034155382252,0.08464173011384372
7.589,0.4994034155382252,0.08464173011384372
7.59,0.4994034155382252,0.08464173011384371
7.591,0.4994034155382252,0.08464173011384371
7.592,0.4994034155382252,0.08464173011384371
7.593,0.4994034155382252,0.0846417301138437
7.594,0.4994034155382252,0.0846417301138437
7.595,0.4994034155382252,0.0846417301138437
7.596,0.4994034155382252,0.0846417301138437
7.597,0.4994034155382252,0.0846417301138437
7.598,0.4994034155382252,0.0846417301138437
7.599,0.4994034155382252,0.0846417301138437
7.6,0.4994034155382252,0.0846417301138437
7.601,0.4994034155382252,0.0846417301138437
7.602,0.4994034155382252,0.0846417301138437
7.603,0.4994034155382252,0.0846417301138437
7.604,0.4994034155382252,0.08464173011384368
7.605,0.4994034155382252,0.08464173011384368
7.606,0.4994034155382252,0.08464173011384368
7.607,0.4994034155382252,0.08464173011384368
7.608,0.4994034155382252,0.08464173011384368
7.609,0.4994034155382252,0.08464173011384368
7.61,0.4994034155382252,0.08464173011384368
7.611,0.4994034155382252,0.08464173011384368
7.612,0.4994034155382252,0.08464173011384368
7.613,0.4994034155382252,0.08464173011384368
7.614,0.4994034155382252,0.08464173011384368
7.615,0.4994034155382252,0.08464173011384367
7.616,0.4994034155382252,0.08464173011384367
7.617,0.4994034155382252,0.08464173011384367
7.618,0.4994034155382252,0.08464173011384368
7.619,0.4994034155382252,0.08464173011384368
7.62,0.4994034155382252,0.08464173011384368
7.621,0.4994034155382252,0.08464173011384368
7.622,0.4994034155382252,0.08464173011384368
7.623,0.4994034155382252,0.08464173011384368
7.624,0.4994034155382252,0.08464173011384368
7.625,0.4994034155382252,0.08464173011384368
7.626,0.4994034155382252,0.08464173011384367
7.627,0.4994034155382252,0.08464173011384367
7.628,0.4994034155382252,0.08464173011384367
7.629,0.4994034155382252,0.08464173011384367
7.63,0.4994034155382252,0.08464173011384367
7.631,0.4994034155382252,0.08464173011384367
7.632,0.4994034155382252,0.08464173011384367
7.633,0.4994034155382252,0.08464173011384367
7.634,0.4994034155382252,0.08464173011384367
7.635,0.4994034155382252,0.08464173011384367
7.636,0.4994034155382252,0.08464173011384366
7.637,0.4994034155382252,0.08464173011384366
7.638,0.4994034155382252,0.08464173011384366
7.639,0.4994034155382252,0.08464173011384366
7.64,0.4994034155382252,0.08464173011384366
7.641,0.4994034155382252,0.08464173011384366
7.642,0.4994034155382252,0.08464173011384366
7.643,0.4994034155382252,0.08464173011384366
7.644,0.4994034155382252,0.08464173011384366
7.645,0.4994034155382252,0.08464173011384366
7.646,0.4994034155382252,0.08464173011384366
7.647,0.49940341553822515,0.08464173011384364
7.648,0.49940341553822515,0.08464173011384364
7.649,0.49940341553822515,0.08464173011384364
7.65,0.49940341553822515,0.08464173011384364
7.651,0.49940341553822515,0.08464173011384364
7.652,0.49940341553822515,0.08464173011384364
7.653,0.49940341553822515,0.08464173011384364
7.654,0.49940341553822515,0.08464173011384364
7.655,0.49940341553822515,0.08464173011384364
7.656,0.49940341553822515,0.08464173011384364
7.657,0.49940341553822515,0.08464173011384364
7.658,0.49940341553822515,0.08464173011384363
7.659,0.49940341553822515,0.08464173011384363
7.66,0.49940341553822515,0.08464173011384363
7.661,0.49940341553822515,0.08464173011384363
7.662,0.49940341553822515,0.08464173011384363
7.663,0.49940341553822515,0.08464173011384363
7.664,0.49940341553822515,0.08464173011384363
7.665,0.49940341553822515,0.08464173011384363
7.666,0.49940341553822515,0.08464173011384363
7.667,0.49940341553822515,0.08464173011384363
7.668,0.49940341553822515,0.08464173011384363
7.669,0.49940341553822515,0.08464173011384361
7.67,0.49940341553822515,0.08464173011384361
7.671,0.49940341553822515,0.08464173011384361
7.672,0.49940341553822515,0.08464173011384361
7.673,0.49940341553822515,0.08464173011384361
7.674,0.49940341553822515,0.08464173011384361
7.675,0.49940341553822515,0.08464173011384361
7.676,0.49940341553822515,0.08464173011384361
7.677,0.49940341553822515,0.08464173011384361
7.678,0.49940341553822515,0.08464173011384361
7.679,0.49940341553822515,0.0846417301138436
7.68,0.49940341553822515,0.0846417301138436
7.681,0.49940341553822515,0.0846417301138436
7.682,0.49940341553822515,0.0846417301138436
7.683,0.49940341553822515,0.0846417301138436
7.684,0.49940341553822515,0.0846417301138436
7.685,0.49940341553822515,0.0846417301138436
7.686,0.49940341553822515,0.0846417301138436
7.687,0.49940341553822515,0.0846417301138436
7.688,0.49940341553822515,0.08464173011384361
7.689,0.49940341553822515,0.08464173011384361
7.69,0.49940341553822515,0.0846417301138436
7.691,0.49940341553822515,0.0846417301138436
7.692,0.49940341553822515,0.0846417301138436
7.693,0.49940341553822515,0.0846417301138436
7.694,0.49940341553822515,0.0846417301138436
7.695,0.49940341553822515,0.0846417301138436
7.696,0.49940341553822515,0.0846417301138436
7.697,0.49940341553822515,0.0846417301138436
7.698,0.49940341553822515,0.0846417301138436
7.699,0.49940341553822515,0.0846417301138436
7.7,0.49940341553822515,0.0846417301138436
7.701,0.49940341553822515,0.08464173011384359
7.702,0.49940341553822515,0.08464173011384359
7.703,0.49940341553822515,0.08464173011384359
7.704,0.49940341553822515,0.08464173011384359
7.705,0.49940341553822515,0.08464173011384359
7.706,0.49940341553822515,0.08464173011384359
7.707,0.49940341553822515,0.08464173011384359
7.708,0.49940341553822515,0.08464173011384359
7.709,0.49940341553822515,0.08464173011384359
7.71,0.49940341553822515,0.08464173011384359
7.711,0.49940341553822515,0.08464173011384359
7.712,0.49940341553822515,0.08464173011384357
7.713,0.49940341553822515,0.08464173011384357
7.714,0.49940341553822515,0.08464173011384357
7.715,0.49940341553822515,0.08464173011384357
7.716,0.49940341553822515,0.08464173011384357
7.717,0.49940341553822515,0.08464173011384357
7.718,0.49940341553822515,0.08464173011384357
7.719,0.49940341553822515,0.08464173011384357
7.72,0.49940341553822515,0.08464173011384357
7.721,0.49940341553822515,0.08464173011384357
7.722,0.49940341553822515,0.08464173011384356
7.723,0.49940341553822515,0.08464173011384356
7.724,0.49940341553822515,0.08464173011384356
7.725,0.49940341553822515,0.08464173011384356
7.726,0.49940341553822515,0.08464173011384356
7.727,0.49940341553822515,0.08464173011384356
7.728,0.49940341553822515,0.08464173011384356
7.729,0.49940341553822515,0.08464173011384356
7.73,0.49940341553822515,0.08464173011384356
7.731,0.49940341553822515,0.08464173011384356
7.732,0.49940341553822515,0.08464173011384356
7.733,0.49940341553822515,0.08464173011384354
7.734,0.49940341553822515,0.08464173011384354
7.735,0.49940341553822515,0.08464173011384354
7.736,0.49940341553822515,0.08464173011384354
7.737,0.49940341553822515,0.08464173011384354
7.738,0.49940341553822515,0.08464173011384354
7.739,0.49940341553822515,0.08464173011384354
7.74,0.49940341553822515,0.08464173011384354
7.741,0.49940341553822515,0.08464173011384354
7.742,0.49940341553822515,0.08464173011384354
7.743,0.49940341553822515,0.08464173011384354
7.744,0.49940341553822515,0.08464173011384353
7.745,0.49940341553822515,0.08464173011384353
7.746,0.49940341553822515,0.08464173011384353
7.747,0.49940341553822515,0.08464173011384353
7.748,0.49940341553822515,0.08464173011384353
7.749,0.49940341553822515,0.08464173011384353
7.75,0.49940341553822515,0.08464173011384353
7.751,0.49940341553822515,0.08464173011384353
7.752,0.49940341553822515,0.08464173011384353
7.753,0.49940341553822515,0.08464173011384353
7.754,0.49940341553822515,0.08464173011384353
7.755,0.49940341553822515,0.08464173011384352
7.756,0.49940341553822515,0.08464173011384352
7.757,0.49940341553822515,0.08464173011384352
7.758,0.49940341553822515,0.08464173011384352
7.759,0.49940341553822515,0.08464173011384352
7.76,0.49940341553822515,0.08464173011384352
7.761,0.49940341553822515,0.08464173011384352
7.762,0.49940341553822515,0.08464173011384352
7.763,0.49940341553822515,0.08464173011384352
7.764,0.49940341553822515,0.08464173011384352
7.765,0.49940341553822515,0.0846417301138435
7.766,0.49940341553822515,0.0846417301138435
7.767,0.49940341553822515,0.0846417301138435
7.768,0.49940341553822515,0.0846417301138435
7.769,0.49940341553822515,0.0846417301138435
7.77,0.49940341553822515,0.0846417301138435
7.771,0.49940341553822515,0.0846417301138435
7.772,0.49940341553822515,0.0846417301138435
7.773,0.49940341553822515,0.0846417301138435
7.774,0.4994034155382252,0.0846417301138435
7.775,0.4994034155382252,0.0846417301138435
7.776,0.4994034155382252,0.08464173011384349
7.777,0.4994034155382252,0.08464173011384349
7.778,0.4994034155382252,0.08464173011384349
7.779,0.4994034155382252,0.08464173011384349
7.78,0.4994034155382252,0.08464173011384349
7.781,0.4994034155382252,0.08464173011384349
7.782,0.4994034155382252,0.08464173011384349
7.783,0.4994034155382252,0.08464173011384349
7.784,0.4994034155382252,0.08464173011384349
7.785,0.4994034155382252,0.08464173011384349
7.786,0.4994034155382252,0.08464173011384349
7.787,0.4994034155382252,0.08464173011384347
7.788,0.4994034155382252,0.08464173011384347
7.789,0.4994034155382252,0.08464173011384347
7.79,0.4994034155382252,0.08464173011384347
7.791,0.4994034155382252,0.08464173011384347
7.792,0.4994034155382252,0.08464173011384347
7.793,0.4994034155382252,0.08464173011384347
7.794,0.4994034155382252,0.08464173011384347
7.795,0.4994034155382252,0.08464173011384347
7.796,0.4994034155382252,0.08464173011384347
7.797,0.4994034155382252,0.08464173011384347
7.798,0.4994034155382252,0.08464173011384346
7.799,0.4994034155382252,0.08464173011384346
7.8,0.4994034155382252,0.08464173011384346
7.801,0.4994034155382252,0.08464173011384346
7.802,0.4994034155382252,0.08464173011384346
7.803,0.4994034155382252,0.08464173011384346
7.804,0.4994034155382252,0.08464173011384346
7.805,0.4994034155382252,0.08464173011384346
7.806,0.4994034155382252,0.08464173011384346
7.807,0.4994034155382252,0.08464173011384346
7.808,0.4994034155382252,0.08464173011384345
7.809,0.4994034155382252,0.08464173011384345
7.81,0.4994034155382252,0.08464173011384345
7.811,0.4994034155382252,0.08464173011384345
7.812,0.4994034155382252,0.08464173011384345
7.813,0.4994034155382252,0.08464173011384345
7.814,0.4994034155382252,0.08464173011384345
7.815,0.4994034155382252,0.08464173011384345
7.816,0.4994034155382252,0.08464173011384345
7.817,0.4994034155382252,0.08464173011384345
7.818,0.4994034155382252,0.08464173011384345
7.819,0.4994034155382252,0.08464173011384343
7.82,0.4994034155382252,0.08464173011384343
7.821,0.4994034155382252,0.08464173011384343
7.822,0.4994034155382252,0.08464173011384343
7.823,0.4994034155382252,0.08464173011384343
7.824,0.4994034155382252,0.08464173011384343
7.825,0.4994034155382252,0.08464173011384343
7.826,0.4994034155382252,0.08464173011384343
7.827,0.4994034155382252,0.08464173011384343
7.828,0.4994034155382252,0.08464173011384343
7.829,0.4994034155382252,0.08464173011384343
7.83,0.4994034155382252,0.08464173011384342
7.831,0.4994034155382252,0.08464173011384342
7.832,0.4994034155382252,0.08464173011384342
7.833,0.4994034155382252,0.08464173011384342
7.834,0.4994034155382252,0.08464173011384342
7.835,0.4994034155382252,0.08464173011384342
7.836,0.4994034155382252,0.08464173011384342
7.837,0.4994034155382252,0.08464173011384342
7.838,0.4994034155382252,0.08464173011384342
7.839,0.4994034155382252,0.08464173011384342
7.84,0.4994034155382252,0.08464173011384342
7.841,0.4994034155382252,0.0846417301138434
7.842,0.4994034155382252,0.0846417301138434
7.843,0.4994034155382252,0.0846417301138434
7.844,0.4994034155382252,0.0846417301138434
7.845,0.4994034155382252,0.0846417301138434
7.846,0.4994034155382252,0.0846417301138434
7.847,0.4994034155382252,0.0846417301138434
7.848,0.4994034155382252,0.0846417301138434
7.849,0.4994034155382252,0.0846417301138434
7.85,0.4994034155382252,0.0846417301138434
7.851,0.4994034155382252,0.08464173011384339
7.852,0.4994034155382252,0.08464173011384339
7.853,0.4994034155382252,0.08464173011384339
7.854,0.4994034155382252,0.08464173011384339
7.855,0.4994034155382252,0.08464173011384339
7.856,0.4994034155382252,0.08464173011384339
7.857,0.4994034155382252,0.08464173011384339
7.858,0.4994034155382252,0.08464173011384339
7.859,0.4994034155382252,0.08464173011384339
7.86,0.4994034155382252,0.08464173011384339
7.861,0.4994034155382252,0.08464173011384339
7.862,0.4994034155382252,0.08464173011384338
7.863,0.4994034155382252,0.08464173011384338
7.864,0.4994034155382252,0.08464173011384338
7.865,0.4994034155382252,0.08464173011384338
7.866,0.4994034155382252,0.08464173011384338
7.867,0.4994034155382252,0.08464173011384338
7.868,0.4994034155382252,0.08464173011384338
7.869,0.4994034155382252,0.08464173011384338
7.87,0.4994034155382252,0.08464173011384338
7.871,0.4994034155382252,0.08464173011384338
7.872,0.4994034155382252,0.08464173011384338
7.873,0.4994034155382252,0.08464173011384336
7.874,0.4994034155382252,0.08464173011384336
7.875,0.4994034155382252,0.08464173011384336
7.876,0.4994034155382252,0.08464173011384336
7.877,0.4994034155382252,0.08464173011384336
7.878,0.4994034155382252,0.08464173011384336
7.879,0.4994034155382252,0.08464173011384336
7.88,0.4994034155382252,0.08464173011384336
7.881,0.4994034155382252,0.08464173011384336
7.882,0.4994034155382252,0.08464173011384336
7.883,0.4994034155382252,0.08464173011384336
7.884,0.4994034155382252,0.08464173011384335
7.885,0.4994034155382252,0.08464173011384335
7.886,0.4994034155382252,0.08464173011384335
7.887,0.4994034155382252,0.08464173011384335
7.888,0.4994034155382252,0.08464173011384335
7.889,0.4994034155382252,0.08464173011384335
7.89,0.4994034155382252,0.08464173011384335
7.891,0.4994034155382252,0.08464173011384335
7.892,0.4994034155382252,0.08464173011384335
7.893,0.4994034155382252,0.08464173011384335
7.894,0.4994034155382252,0.08464173011384334
7.895,0.4994034155382252,0.08464173011384334
7.896,0.4994034155382252,0.08464173011384334
7.897,0.4994034155382252,0.08464173011384334
7.898,0.4994034155382252,0.08464173011384334
7.899,0.4994034155382252,0.08464173011384334
7.9,0.4994034155382252,0.08464173011384334
7.901,0.4994034155382252,0.08464173011384334
7.902,0.4994034155382252,0.08464173011384334
7.903,0.4994034155382252,0.08464173011384334
7.904,0.4994034155382252,0.08464173011384334
7.905,0.4994034155382252,0.08464173011384332
7.906,0.4994034155382252,0.08464173011384332
7.907,0.4994034155382252,0.08464173011384332
7.908,0.4994034155382252,0.08464173011384332
7.909,0.4994034155382252,0.08464173011384332
7.91,0.4994034155382252,0.08464173011384332
7.911,0.4994034155382252,0.08464173011384332
7.912,0.4994034155382252,0.08464173011384332
7.913,0.4994034155382252,0.08464173011384332
7.914,0.4994034155382252,0.08464173011384332
7.915,0.4994034155382252,0.08464173011384332
7.916,0.4994034155382252,0.08464173011384331
7.917,0.4994034155382252,0.08464173011384331
7.918,0.4994034155382252,0.08464173011384331
7.919,0.4994034155382252,0.08464173011384331
7.92,0.4994034155382252,0.08464173011384331
7.921,0.4994034155382252,0.08464173011384331
7.922,0.4994034155382252,0.08464173011384331
7.923,0.4994034155382252,0.08464173011384331
7.924,0.4994034155382252,0.08464173011384331
7.925,0.4994034155382252,0.08464173011384331
7.926,0.4994034155382252,0.08464173011384331
7.927,0.4994034155382252,0.0846417301138433
7.928,0.4994034155382252,0.0846417301138433
7.929,0.4994034155382252,0.0846417301138433
7.93,0.4994034155382252,0.0846417301138433
7.931,0.4994034155382252,0.0846417301138433
7.932,0.4994034155382252,0.0846417301138433
7.933,0.4994034155382252,0.0846417301138433
7.934,0.4994034155382252,0.0846417301138433
7.935,0.4994034155382252,0.0846417301138433
7.936,0.4994034155382252,0.0846417301138433
7.937,0.4994034155382252,0.08464173011384328
7.938,0.4994034155382252,0.08464173011384328
7.939,0.4994034155382252,0.08464173011384328
7.94,0.4994034155382252,0.08464173011384328
7.941,0.4994034155382252,0.08464173011384328
7.942,0.4994034155382252,0.08464173011384328
7.943,0.4994034155382252,0.08464173011384328
7.944,0.4994034155382252,0.08464173011384328
7.945,0.4994034155382252,0.08464173011384328
7.946,0.4994034155382252,0.08464173011384328
7.947,0.4994034155382252,0.08464173011384328
7.948,0.4994034155382252,0.08464173011384327
7.949,0.4994034155382252,0.08464173011384327
7.95,0.4994034155382252,0.08464173011384327
7.951,0.4994034155382252,0.08464173011384327
7.952,0.4994034155382252,0.08464173011384327
7.953,0.4994034155382252,0.08464173011384327
7.954,0.4994034155382252,0.08464173011384327
7.955,0.4994034155382252,0.08464173011384327
7.956,0.4994034155382252,0.08464173011384327
7.957,0.4994034155382252,0.08464173011384327
7.958,0.4994034155382252,0.08464173011384327
7.959,0.4994034155382252,0.08464173011384325
7.96,0.4994034155382252,0.08464173011384325
7.961,0.4994034155382252,0.08464173011384325
7.962,0.4994034155382252,0.08464173011384325
7.963,0.4994034155382252,0.08464173011384325
7.964,0.4994034155382252,0.08464173011384325
7.965,0.4994034155382252,0.08464173011384325
7.966,0.4994034155382252,0.08464173011384325
7.967,0.4994034155382252,0.08464173011384325
7.968,0.4994034155382252,0.08464173011384325
7.969,0.4994034155382252,0.08464173011384325
7.97,0.4994034155382252,0.08464173011384324
7.971,0.4994034155382252,0.08464173011384324
7.972,0.4994034155382252,0.08464173011384324
7.973,0.4994034155382252,0.08464173011384324
7.974,0.4994034155382252,0.08464173011384324
7.975,0.4994034155382252,0.08464173011384324
7.976,0.4994034155382252,0.08464173011384324
7.977,0.4994034155382252,0.08464173011384324
7.978,0.4994034155382252,0.08464173011384324
7.979,0.4994034155382252,0.08464173011384324
7.98,0.4994034155382252,0.08464173011384322
7.981,0.4994034155382252,0.08464173011384322
7.982,0.4994034155382252,0.08464173011384322
7.983,0.4994034155382252,0.08464173011384322
7.984,0.4994034155382252,0.08464173011384322
7.985,0.4994034155382252,0.08464173011384322
7.986,0.4994034155382252,0.08464173011384322
7.987,0.4994034155382252,0.08464173011384322
7.988,0.4994034155382252,0.08464173011384322
7.989,0.4994034155382252,0.08464173011384322
7.99,0.4994034155382252,0.08464173011384322
7.991,0.4994034155382252,0.08464173011384321
7.992,0.4994034155382252,0.08464173011384321
7.993,0.4994034155382252,0.08464173011384321
7.994,0.4994034155382252,0.08464173011384321
7.995,0.4994034155382252,0.08464173011384321
7.996,0.4994034155382252,0.08464173011384321
7.997,0.4994034155382252,0.08464173011384321
7.998,0.4994034155382252,0.08464173011384321
7.999,0.4994034155382252,0.08464173011384321
8,0.4994034155382252,0.08464173011384321
8,0.4994034155382252,0.08464173011384321
8.001,0.499403415538225,0.08464173011384048
8.002,0.499403415538225,0.08464173011384045
8.003,0.4994034155382251,0.08464173011384143
8.004,0.4994034155382252,0.08464173011384248
8.005,0.4994034155382252,0.08464173011384274
8.006,0.49940341553822526,0.0846417301138429
8.007,0.49940341553822526,0.08464173011384309
8.008,0.49940341553822526,0.08464173011384327
8.009,0.4994034155382253,0.08464173011384324
8.01,0.4994034155382253,0.08464173011384316
8.011,0.4994034155382253,0.08464173011384307
8.012,0.4994034155382253,0.084641730113843
8.013,0.4994034155382253,0.08464173011384292
8.014,0.4994034155382253,0.08464173011384284
8.015,0.4994034155382253,0.08464173011384277
8.016,0.4994034155382253,0.08464173011384268
8.017,0.4994034155382253,0.08464173011384268
8.018,0.4994034155382253,0.08464173011384275
8.019,0.4994034155382253,0.08464173011384282
8.02,0.4994034155382253,0.08464173011384288
8.021,0.49940341553822537,0.08464173011384295
8.022,0.49940341553822537,0.084641730113843
8.023,0.49940341553822537,0.08464173011384307
8.024,0.49940341553822537,0.08464173011384314
8.025,0.49940341553822537,0.0846417301138432
8.026,0.49940341553822537,0.08464173011384327
8.027,0.49940341553822537,0.08464173011384332
8.028,0.49940341553822537,0.08464173011384339
8.029,0.4994034155382254,0.08464173011384346
8.03,0.4994034155382254,0.08464173011384352
8.031,0.4994034155382254,0.08464173011384359
8.032,0.4994034155382254,0.08464173011384364
8.033,0.4994034155382254,0.0846417301138437
8.034,0.4994034155382254,0.08464173011384371
8.035,0.4994034155382254,0.08464173011384374
8.036,0.4994034155382254,0.08464173011384375
8.037,0.49940341553822537,0.08464173011384377
8.038,0.49940341553822537,0.0846417301138438
8.039,0.49940341553822537,0.08464173011384381
8.04,0.49940341553822537,0.08464173011384382
8.041,0.49940341553822537,0.08464173011384385
8.042,0.49940341553822537,0.08464173011384386
8.043,0.49940341553822537,0.08464173011384388
8.044,0.49940341553822537,0.0846417301138439
8.045,0.49940341553822537,0.08464173011384392
8.046,0.49940341553822537,0.08464173011384393
8.047,0.49940341553822537,0.08464173011384395
8.048,0.49940341553822537,0.08464173011384397
8.049,0.49940341553822537,0.08464173011384399
8.05,0.49940341553822537,0.084641730113844
8.051,0.49940341553822537,0.08464173011384403
8.052,0.49940341553822537,0.08464173011384404
8.053,0.49940341553822537,0.08464173011384406
8.054,0.49940341553822537,0.08464173011384409
8.055,0.49940341553822537,0.0846417301138441
8.056,0.4994034155382253,0.08464173011384411
8.057,0.4994034155382253,0.08464173011384414
8.058,0.4994034155382253,0.08464173011384415
8.059,0.4994034155382253,0.08464173011384417
8.06,0.4994034155382253,0.0846417301138442
8.061,0.4994034155382253,0.08464173011384421
8.062,0.4994034155382253,0.08464173011384422
8.063,0.4994034155382253,0.08464173011384425
8.064,0.4994034155382253,0.08464173011384427
8.065,0.4994034155382253,0.08464173011384428
8.066,0.4994034155382253,0.08464173011384428
8.067,0.4994034155382253,0.08464173011384427
8.068,0.4994034155382253,0.08464173011384424
8.069,0.4994034155382253,0.08464173011384422
8.07,0.4994034155382253,0.08464173011384421
8.071,0.4994034155382253,0.08464173011384418
8.072,0.4994034155382253,0.08464173011384417
8.073,0.4994034155382253,0.08464173011384415
8.074,0.4994034155382253,0.08464173011384413
8.075,0.4994034155382253,0.08464173011384411
8.076,0.4994034155382253,0.0846417301138441
8.077,0.4994034155382253,0.08464173011384407
8.078,0.4994034155382253,0.08464173011384406
8.079,0.4994034155382253,0.08464173011384404
8.08,0.4994034155382253,0.08464173011384402
8.081,0.4994034155382253,0.084641730113844
8.082,0.4994034155382253,0.08464173011384399
8.083,0.4994034155382253,0.08464173011384396
8.084,0.4994034155382253,0.08464173011384395
8.085,0.4994034155382253,0.08464173011384393
8.086,0.4994034155382253,0.0846417301138439
8.087,0.4994034155382253,0.08464173011384389
8.088,0.4994034155382253,0.08464173011384388
8.089,0.4994034155382253,0.08464173011384385
8.09,0.4994034155382253,0.08464173011384384
8.091,0.4994034155382253,0.08464173011384382
8.092,0.4994034155382253,0.0846417301138438
8.093,0.4994034155382253,0.08464173011384378
8.094,0.4994034155382253,0.08464173011384377
8.095,0.4994034155382253,0.08464173011384374
8.096,0.4994034155382253,0.08464173011384372
8.097,0.4994034155382253,0.08464173011384371
8.098,0.4994034155382253,0.08464173011384368
8.099,0.4994034155382253,0.0846417301138437
8.1,0.4994034155382253,0.0846417301138437
8.101,0.4994034155382253,0.08464173011384371
8.102,0.4994034155382253,0.08464173011384371
8.103,0.4994034155382253,0.08464173011384372
8.104,0.4994034155382253,0.08464173011384372
8.105,0.4994034155382253,0.08464173011384374
8.106,0.4994034155382253,0.08464173011384374
8.107,0.49940341553822537,0.08464173011384375
8.108,0.49940341553822537,0.08464173011384375
8.109,0.49940341553822537,0.08464173011384377
8.11,0.49940341553822537,0.08464173011384377
8.111,0.49940341553822537,0.08464173011384378
8.112,0.49940341553822537,0.08464173011384378
8.113,0.49940341553822537,0.0846417301138438
8.114,0.49940341553822537,0.0846417301138438
8.115,0.49940341553822537,0.08464173011384381
8.116,0.49940341553822537,0.08464173011384381
8.117,0.49940341553822537,0.08464173011384382
8.118,0.49940341553822537,0.08464173011384382
8.119,0.49940341553822537,0.08464173011384384
8.12,0.49940341553822537,0.08464173011384384
8.121,0.49940341553822537,0.08464173011384385
8.122,0.49940341553822537,0.08464173011384385
8.123,0.49940341553822537,0.08464173011384386
8.124,0.49940341553822537,0.08464173011384386
8.125,0.49940341553822537,0.08464173011384388
8.126,0.49940341553822537,0.08464173011384388
8.127,0.49940341553822537,0.08464173011384389
8.128,0.49940341553822537,0.08464173011384389
8.129,0.49940341553822537,0.0846417301138439
8.13,0.49940341553822537,0.0846417301138439
8.131,0.49940341553822537,0.08464173011384392
8.132,0.49940341553822537,0.08464173011384392
8.133,0.49940341553822537,0.08464173011384393
8.134,0.49940341553822537,0.08464173011384393
8.135,0.49940341553822537,0.08464173011384393
8.136,0.49940341553822537,0.08464173011384395
8.137,0.49940341553822537,0.08464173011384393
8.138,0.49940341553822537,0.08464173011384393
8.139,0.49940341553822537,0.08464173011384395
8.14,0.49940341553822537,0.08464173011384395
8.141,0.49940341553822537,0.08464173011384395
8.142,0.49940341553822537,0.08464173011384396
8.143,0.49940341553822537,0.08464173011384396
8.144,0.49940341553822537,0.08464173011384396
8.145,0.49940341553822537,0.08464173011384396
8.146,0.49940341553822537,0.08464173011384397
8.147,0.49940341553822537,0.08464173011384397
8.148,0.49940341553822537,0.08464173011384396
8.149,0.49940341553822537,0.08464173011384396
8.15,0.49940341553822537,0.08464173011384396
8.151,0.49940341553822537,0.08464173011384396
8.152,0.49940341553822537,0.08464173011384397
8.153,0.49940341553822537,0.08464173011384397
8.154,0.49940341553822537,0.08464173011384397
8.155,0.49940341553822537,0.08464173011384397
8.156,0.49940341553822537,0.08464173011384397
8.157,0.49940341553822537,0.08464173011384397
8.158,0.49940341553822537,0.08464173011384397
8.159,0.49940341553822537,0.08464173011384396
8.16,0.4994034155382254,0.08464173011384396
8.161,0.4994034155382254,0.08464173011384396
8.162,0.4994034155382254,0.08464173011384396
8.163,0.4994034155382254,0.08464173011384396
8.164,0.4994034155382254,0.08464173011384396
8.165,0.4994034155382254,0.08464173011384396
8.166,0.4994034155382254,0.08464173011384396
8.167,0.4994034155382254,0.08464173011384396
8.168,0.4994034155382254,0.08464173011384396
8.169,0.4994034155382254,0.08464173011384396
8.17,0.4994034155382254,0.08464173011384395
8.171,0.4994034155382254,0.08464173011384395
8.172,0.4994034155382254,0.08464173011384395
8.173,0.4994034155382254,0.08464173011384395
8.174,0.4994034155382254,0.08464173011384395
8.175,0.4994034155382254,0.08464173011384395
8.176,0.4994034155382254,0.08464173011384395
8.177,0.4994034155382254,0.08464173011384393
8.178,0.4994034155382254,0.08464173011384393
8.179,0.4994034155382254,0.08464173011384393
8.18,0.4994034155382254,0.08464173011384393
8.181,0.4994034155382254,0.08464173011384392
8.182,0.4994034155382254,0.08464173011384392
8.183,0.4994034155382254,0.0846417301138439
8.184,0.4994034155382254,0.0846417301138439
8.185,0.4994034155382254,0.0846417301138439
8.186,0.4994034155382254,0.0846417301138439
8.187,0.4994034155382254,0.08464173011384389
8.188,0.4994034155382254,0.08464173011384389
8.189,0.4994034155382254,0.08464173011384389
8.19,0.4994034155382254,0.08464173011384388
8.191,0.4994034155382254,0.08464173011384388
8.192,0.4994034155382254,0.08464173011384386
8.193,0.4994034155382254,0.08464173011384385
8.194,0.4994034155382254,0.08464173011384385
8.195,0.4994034155382254,0.08464173011384385
8.196,0.4994034155382254,0.08464173011384384
8.197,0.4994034155382254,0.08464173011384384
8.198,0.4994034155382254,0.08464173011384384
8.199,0.4994034155382254,0.08464173011384384
8.2,0.4994034155382254,0.08464173011384385
8.201,0.4994034155382254,0.08464173011384385
8.202,0.4994034155382254,0.08464173011384385
8.203,0.4994034155382254,0.08464173011384384
8.204,0.4994034155382254,0.08464173011384384
8.205,0.4994034155382254,0.08464173011384384
8.206,0.4994034155382254,0.08464173011384384
8.207,0.4994034155382254,0.08464173011384384
8.208,0.4994034155382254,0.08464173011384384
8.209,0.4994034155382254,0.08464173011384384
8.21,0.4994034155382254,0.08464173011384384
8.211,0.4994034155382254,0.08464173011384384
8.212,0.4994034155382254,0.08464173011384384
8.213,0.4994034155382254,0.08464173011384384
8.214,0.4994034155382254,0.08464173011384384
8.215,0.4994034155382254,0.08464173011384384
8.216,0.4994034155382254,0.08464173011384384
8.217,0.4994034155382254,0.08464173011384382
8.218,0.4994034155382254,0.08464173011384382
8.219,0.4994034155382254,0.08464173011384382
8.22,0.4994034155382254,0.08464173011384382
8.221,0.4994034155382254,0.08464173011384382
8.222,0.4994034155382254,0.08464173011384382
8.223,0.4994034155382254,0.08464173011384382
8.224,0.4994034155382254,0.08464173011384384
8.225,0.4994034155382254,0.08464173011384384
8.226,0.4994034155382254,0.08464173011384384
8.227,0.4994034155382254,0.08464173011384384
8.228,0.4994034155382254,0.08464173011384384
8.229,0.4994034155382254,0.08464173011384384
8.23,0.4994034155382254,0.08464173011384384
8.231,0.4994034155382255,0.08464173011384384
8.232,0.4994034155382255,0.08464173011384384
8.233,0.4994034155382255,0.08464173011384384
8.234,0.4994034155382255,0.08464173011384384
8.235,0.4994034155382255,0.08464173011384384
8.236,0.4994034155382254,0.08464173011384384
8.237,0.4994034155382254,0.08464173011384384
8.238,0.4994034155382254,0.08464173011384382
8.239,0.4994034155382254,0.08464173011384382
8.24,0.4994034155382254,0.08464173011384382
8.241,0.4994034155382254,0.08464173011384382
8.242,0.4994034155382254,0.08464173011384382
8.243,0.4994034155382254,0.08464173011384382
8.244,0.4994034155382254,0.08464173011384382
8.245,0.4994034155382254,0.08464173011384382
8.246,0.4994034155382254,0.08464173011384382
8.247,0.4994034155382254,0.08464173011384384
8.248,0.4994034155382254,0.08464173011384384
8.249,0.4994034155382254,0.08464173011384384
8.25,0.4994034155382254,0.08464173011384384
8.251,0.4994034155382254,0.08464173011384384
8.252,0.4994034155382254,0.08464173011384384
8.253,0.4994034155382254,0.08464173011384384
8.254,0.4994034155382254,0.08464173011384384
8.255,0.4994034155382254,0.08464173011384384
8.256,0.4994034155382254,0.08464173011384384
8.257,0.4994034155382254,0.08464173011384384
8.258,0.4994034155382254,0.08464173011384384
8.259,0.4994034155382254,0.08464173011384384
8.26,0.4994034155382254,0.08464173011384384
8.261,0.4994034155382254,0.08464173011384384
8.262,0.4994034155382254,0.08464173011384384
8.263,0.4994034155382254,0.08464173011384384
8.264,0.4994034155382254,0.08464173011384384
8.265,0.4994034155382254,0.08464173011384384
8.266,0.4994034155382254,0.08464173011384384
8.267,0.4994034155382254,0.08464173011384384
8.268,0.4994034155382254,0.08464173011384384
8.269,0.4994034155382254,0.08464173011384384
8.27,0.4994034155382254,0.08464173011384385
8.271,0.4994034155382254,0.08464173011384385
8.272,0.4994034155382254,0.08464173011384385
8.273,0.4994034155382254,0.08464173011384385
8.274,0.4994034155382254,0.08464173011384385
8.275,0.4994034155382254,0.08464173011384385
8.276,0.4994034155382254,0.08464173011384385
8.277,0.4994034155382254,0.08464173011384385
8.278,0.4994034155382254,0.08464173011384385
8.279,0.4994034155382254,0.08464173011384385
8.28,0.4994034155382254,0.08464173011384385
8.281,0.4994034155382254,0.08464173011384385
8.282,0.4994034155382254,0.08464173011384385
8.283,0.4994034155382254,0.08464173011384385
8.284,0.4994034155382254,0.08464173011384385
8.285,0.4994034155382254,0.08464173011384385
8.286,0.4994034155382254,0.08464173011384385
8.287,0.4994034155382254,0.08464173011384385
8.288,0.4994034155382254,0.08464173011384386
8.289,0.4994034155382254,0.08464173011384386
8.29,0.4994034155382254,0.08464173011384386
8.291,0.4994034155382254,0.08464173011384386
8.292,0.4994034155382254,0.08464173011384386
8.293,0.4994034155382254,0.08464173011384388
8.294,0.49940341553822537,0.08464173011384388
8.295,0.49940341553822537,0.08464173011384388
8.296,0.49940341553822537,0.08464173011384388
8.297,0.4994034155382253,0.08464173011384388
8.298,0.4994034155382253,0.08464173011384388
8.299,0.4994034155382253,0.08464173011384388
8.3,0.4994034155382253,0.08464173011384388
8.301,0.4994034155382253,0.08464173011384388
8.302,0.4994034155382253,0.08464173011384388
8.303,0.4994034155382253,0.08464173011384388
8.304,0.4994034155382253,0.08464173011384388
8.305,0.4994034155382253,0.08464173011384388
8.306,0.4994034155382253,0.08464173011384388
8.307,0.4994034155382253,0.08464173011384388
8.308,0.4994034155382253,0.08464173011384389
8.309,0.4994034155382253,0.08464173011384389
8.31,0.4994034155382253,0.08464173011384389
8.311,0.4994034155382253,0.08464173011384389
8.312,0.4994034155382253,0.08464173011384389
8.313,0.4994034155382253,0.08464173011384389
8.314,0.4994034155382253,0.08464173011384389
8.315,0.4994034155382253,0.08464173011384389
8.316,0.4994034155382253,0.08464173011384389
8.317,0.4994034155382253,0.0846417301138439
8.318,0.4994034155382253,0.0846417301138439
8.319,0.4994034155382253,0.0846417301138439
8.32,0.4994034155382253,0.0846417301138439
8.321,0.4994034155382253,0.0846417301138439
8.322,0.4994034155382253,0.08464173011384392
8.323,0.4994034155382253,0.08464173011384392
8.324,0.4994034155382253,0.08464173011384392
8.325,0.4994034155382253,0.08464173011384392
8.326,0.4994034155382253,0.08464173011384392
8.327,0.4994034155382253,0.08464173011384392
8.328,0.4994034155382253,0.08464173011384392
8.329,0.4994034155382253,0.08464173011384392
8.33,0.4994034155382253,0.0846417301138439
8.331,0.4994034155382253,0.08464173011384392
8.332,0.4994034155382253,0.08464173011384392
8.333,0.4994034155382253,0.08464173011384392
8.334,0.4994034155382253,0.08464173011384392
8.335,0.4994034155382253,0.0846417301138439
8.336,0.4994034155382253,0.08464173011384392
8.337,0.4994034155382253,0.08464173011384392
8.338,0.4994034155382253,0.08464173011384392
8.339,0.4994034155382253,0.0846417301138439
8.34,0.4994034155382253,0.0846417301138439
8.341,0.4994034155382253,0.0846417301138439
8.342,0.4994034155382253,0.08464173011384392
8.343,0.4994034155382253,0.0846417301138439
8.344,0.4994034155382253,0.0846417301138439
8.345,0.4994034155382253,0.0846417301138439
8.346,0.4994034155382253,0.0846417301138439
8.347,0.4994034155382253,0.08464173011384389
8.348,0.4994034155382253,0.08464173011384389
8.349,0.4994034155382253,0.0846417301138439
8.35,0.4994034155382253,0.0846417301138439
8.351,0.4994034155382253,0.0846417301138439
8.352,0.4994034155382253,0.08464173011384389
8.353,0.4994034155382253,0.08464173011384389
8.354,0.4994034155382253,0.08464173011384389
8.355,0.4994034155382253,0.0846417301138439
8.356,0.4994034155382253,0.08464173011384389
8.357,0.4994034155382253,0.08464173011384389
8.358,0.4994034155382253,0.08464173011384389
8.359,0.4994034155382253,0.08464173011384389
8.36,0.4994034155382253,0.08464173011384388
8.361,0.4994034155382253,0.08464173011384388
8.362,0.4994034155382253,0.08464173011384389
8.363,0.4994034155382253,0.08464173011384389
8.364,0.4994034155382253,0.08464173011384388
8.365,0.4994034155382253,0.08464173011384388
8.366,0.4994034155382253,0.08464173011384388
8.367,0.4994034155382253,0.08464173011384388
8.368,0.4994034155382253,0.08464173011384386
8.369,0.4994034155382253,0.08464173011384386
8.37,0.4994034155382253,0.08464173011384388
8.371,0.4994034155382253,0.08464173011384388
8.372,0.4994034155382253,0.08464173011384388
8.373,0.4994034155382253,0.08464173011384386
8.374,0.4994034155382253,0.08464173011384386
8.375,0.4994034155382253,0.08464173011384386
8.376,0.4994034155382253,0.08464173011384386
8.377,0.4994034155382253,0.08464173011384385
8.378,0.4994034155382253,0.08464173011384386
8.379,0.4994034155382253,0.08464173011384386
8.38,0.4994034155382253,0.08464173011384386
8.381,0.4994034155382253,0.08464173011384385
8.382,0.4994034155382253,0.08464173011384385
8.383,0.4994034155382253,0.08464173011384385
8.384,0.4994034155382253,0.08464173011384385
8.385,0.4994034155382253,0.08464173011384384
8.386,0.4994034155382253,0.08464173011384384
8.387,0.4994034155382253,0.08464173011384385
8.388,0.4994034155382253,0.08464173011384385
8.389,0.4994034155382253,0.08464173011384385
8.39,0.4994034155382253,0.08464173011384384
8.391,0.4994034155382253,0.08464173011384384
8.392,0.4994034155382253,0.08464173011384384
8.393,0.4994034155382253,0.08464173011384384
8.394,0.4994034155382253,0.08464173011384382
8.395,0.4994034155382253,0.08464173011384382
8.396,0.4994034155382253,0.08464173011384382
8.397,0.49940341553822526,0.08464173011384384
8.398,0.49940341553822526,0.08464173011384382
8.399,0.49940341553822526,0.08464173011384382
8.4,0.49940341553822526,0.08464173011384382
8.401,0.49940341553822526,0.08464173011384382
8.402,0.49940341553822526,0.08464173011384381
8.403,0.49940341553822526,0.08464173011384381
8.404,0.49940341553822526,0.08464173011384381
8.405,0.49940341553822526,0.08464173011384381
8.406,0.49940341553822526,0.0846417301138438
8.407,0.49940341553822526,0.0846417301138438
8.408,0.49940341553822526,0.0846417301138438
8.409,0.49940341553822526,0.0846417301138438
8.41,0.49940341553822526,0.08464173011384381
8.411,0.49940341553822526,0.0846417301138438
8.412,0.49940341553822526,0.0846417301138438
8.413,0.49940341553822526,0.0846417301138438
8.414,0.49940341553822526,0.0846417301138438
8.415,0.49940341553822526,0.08464173011384378
8.416,0.49940341553822526,0.08464173011384378
8.417,0.49940341553822526,0.08464173011384378
8.418,0.49940341553822526,0.08464173011384378
8.419,0.49940341553822526,0.08464173011384377
8.42,0.49940341553822526,0.08464173011384377
8.421,0.49940341553822526,0.08464173011384377
8.422,0.49940341553822526,0.08464173011384377
8.423,0.49940341553822526,0.08464173011384375
8.424,0.49940341553822526,0.08464173011384375
8.425,0.49940341553822526,0.08464173011384375
8.426,0.49940341553822526,0.08464173011384375
8.427,0.49940341553822526,0.08464173011384375
8.428,0.49940341553822526,0.08464173011384375
8.429,0.49940341553822526,0.08464173011384375
8.43,0.49940341553822526,0.08464173011384375
8.431,0.49940341553822526,0.08464173011384375
8.432,0.49940341553822526,0.08464173011384374
8.433,0.49940341553822526,0.08464173011384374
8.434,0.49940341553822526,0.08464173011384374
8.435,0.49940341553822526,0.08464173011384374
8.436,0.49940341553822526,0.08464173011384372
8.437,0.49940341553822526,0.08464173011384372
8.438,0.49940341553822526,0.08464173011384372
8.439,0.49940341553822526,0.08464173011384372
8.44,0.49940341553822526,0.08464173011384371
8.441,0.49940341553822526,0.08464173011384371
8.442,0.49940341553822526,0.08464173011384371
8.443,0.49940341553822526,0.08464173011384371
8.444,0.49940341553822526,0.08464173011384371
8.445,0.49940341553822526,0.0846417301138437
8.446,0.49940341553822526,0.0846417301138437
8.447,0.49940341553822526,0.0846417301138437
8.448,0.49940341553822526,0.0846417301138437
8.449,0.49940341553822526,0.08464173011384368
8.45,0.49940341553822526,0.08464173011384368
8.451,0.49940341553822526,0.08464173011384368
8.452,0.49940341553822526,0.08464173011384368
8.453,0.49940341553822526,0.08464173011384367
8.454,0.49940341553822526,0.08464173011384367
8.455,0.49940341553822526,0.08464173011384367
8.456,0.49940341553822526,0.08464173011384367
8.457,0.49940341553822526,0.08464173011384366
8.458,0.49940341553822526,0.08464173011384366
8.459,0.49940341553822526,0.08464173011384366
8.46,0.49940341553822526,0.08464173011384366
8.461,0.49940341553822526,0.08464173011384364
8.462,0.49940341553822526,0.08464173011384364
8.463,0.49940341553822526,0.08464173011384364
8.464,0.49940341553822526,0.08464173011384364
8.465,0.49940341553822526,0.08464173011384364
8.466,0.49940341553822526,0.08464173011384363
8.467,0.49940341553822526,0.08464173011384363
8.468,0.49940341553822526,0.08464173011384363
8.469,0.49940341553822526,0.08464173011384363
8.47,0.49940341553822526,0.08464173011384361
8.471,0.49940341553822526,0.08464173011384361
8.472,0.49940341553822526,0.08464173011384361
8.473,0.49940341553822526,0.08464173011384361
8.474,0.49940341553822526,0.0846417301138436
8.475,0.4994034155382252,0.0846417301138436
8.476,0.4994034155382252,0.0846417301138436
8.477,0.4994034155382252,0.0846417301138436
8.478,0.4994034155382252,0.08464173011384359
8.479,0.4994034155382252,0.08464173011384359
8.48,0.4994034155382252,0.08464173011384359
8.481,0.4994034155382252,0.08464173011384359
8.482,0.4994034155382252,0.08464173011384359
8.483,0.4994034155382252,0.08464173011384357
8.484,0.4994034155382252,0.08464173011384357
8.485,0.4994034155382252,0.08464173011384357
8.486,0.4994034155382252,0.08464173011384357
8.487,0.4994034155382252,0.08464173011384356
8.488,0.4994034155382252,0.08464173011384356
8.489,0.4994034155382252,0.08464173011384356
8.49,0.4994034155382252,0.08464173011384356
8.491,0.4994034155382252,0.08464173011384353
8.492,0.4994034155382252,0.08464173011384353
8.493,0.4994034155382252,0.08464173011384353
8.494,0.4994034155382252,0.08464173011384353
8.495,0.4994034155382252,0.08464173011384352
8.496,0.4994034155382252,0.08464173011384352
8.497,0.4994034155382252,0.08464173011384352
8.498,0.4994034155382252,0.08464173011384352
8.499,0.4994034155382252,0.0846417301138435
8.5,0.4994034155382252,0.0846417301138435
8.501,0.4994034155382252,0.0846417301138435
8.502,0.4994034155382252,0.0846417301138435
8.503,0.4994034155382252,0.0846417301138435
8.504,0.4994034155382252,0.08464173011384349
8.505,0.4994034155382252,0.08464173011384349
8.506,0.4994034155382252,0.08464173011384349
8.507,0.4994034155382252,0.08464173011384349
8.508,0.4994034155382252,0.08464173011384346
8.509,0.4994034155382252,0.08464173011384346
8.51,0.4994034155382252,0.08464173011384346
8.511,0.4994034155382252,0.08464173011384346
8.512,0.4994034155382252,0.08464173011384345
8.513,0.4994034155382252,0.08464173011384345
8.514,0.4994034155382252,0.08464173011384345
8.515,0.4994034155382252,0.08464173011384345
8.516,0.4994034155382252,0.08464173011384343
8.517,0.4994034155382252,0.08464173011384343
8.518,0.4994034155382252,0.08464173011384343
8.519,0.4994034155382252,0.08464173011384343
8.52,0.4994034155382252,0.08464173011384343
8.521,0.4994034155382252,0.0846417301138434
8.522,0.4994034155382252,0.0846417301138434
8.523,0.4994034155382252,0.0846417301138434
8.524,0.4994034155382252,0.0846417301138434
8.525,0.4994034155382252,0.08464173011384339
8.526,0.4994034155382252,0.08464173011384339
8.527,0.4994034155382252,0.08464173011384339
8.528,0.4994034155382252,0.08464173011384339
8.529,0.4994034155382252,0.08464173011384338
8.53,0.4994034155382252,0.08464173011384338
8.531,0.4994034155382252,0.08464173011384338
8.532,0.4994034155382252,0.08464173011384336
8.533,0.4994034155382252,0.08464173011384335
8.534,0.4994034155382252,0.08464173011384335
8.535,0.4994034155382252,0.08464173011384335
8.536,0.4994034155382252,0.08464173011384335
8.537,0.4994034155382252,0.08464173011384334
8.538,0.4994034155382252,0.08464173011384334
8.539,0.4994034155382252,0.08464173011384334
8.54,0.4994034155382252,0.08464173011384334
8.541,0.4994034155382252,0.08464173011384332
8.542,0.4994034155382252,0.08464173011384331
8.543,0.4994034155382252,0.08464173011384331
8.544,0.4994034155382252,0.08464173011384331
8.545,0.4994034155382252,0.08464173011384331
8.546,0.4994034155382252,0.0846417301138433
8.547,0.4994034155382252,0.0846417301138433
8.548,0.4994034155382252,0.0846417301138433
8.549,0.4994034155382252,0.08464173011384328
8.55,0.4994034155382252,0.08464173011384327
8.551,0.4994034155382252,0.08464173011384327
8.552,0.49940341553822515,0.08464173011384327
8.553,0.49940341553822515,0.08464173011384327
8.554,0.49940341553822515,0.08464173011384325
8.555,0.49940341553822515,0.08464173011384325
8.556,0.49940341553822515,0.08464173011384324
8.557,0.49940341553822515,0.08464173011384324
8.558,0.49940341553822515,0.08464173011384324
8.559,0.49940341553822515,0.08464173011384322
8.56,0.49940341553822515,0.08464173011384322
8.561,0.49940341553822515,0.08464173011384322
8.562,0.49940341553822515,0.08464173011384322
8.563,0.49940341553822515,0.0846417301138432
8.564,0.49940341553822515,0.0846417301138432
8.565,0.49940341553822515,0.0846417301138432
8.566,0.49940341553822515,0.0846417301138432
8.567,0.49940341553822515,0.08464173011384318
8.568,0.49940341553822515,0.08464173011384318
8.569,0.49940341553822515,0.08464173011384318
8.57,0.49940341553822515,0.08464173011384317
8.571,0.49940341553822515,0.08464173011384316
8.572,0.49940341553822515,0.08464173011384316
8.573,0.49940341553822515,0.08464173011384316
8.574,0.49940341553822515,0.08464173011384316
8.575,0.49940341553822515,0.08464173011384316
8.576,0.49940341553822515,0.08464173011384313
8.577,0.49940341553822515,0.08464173011384313
8.578,0.49940341553822515,0.08464173011384313
8.579,0.49940341553822515,0.08464173011384313
8.58,0.49940341553822515,0.08464173011384311
8.581,0.49940341553822515,0.08464173011384311
8.582,0.49940341553822515,0.0846417301138431
8.583,0.49940341553822515,0.0846417301138431
8.584,0.49940341553822515,0.08464173011384309
8.585,0.49940341553822515,0.08464173011384309
8.586,0.49940341553822515,0.08464173011384309
8.587,0.49940341553822515,0.08464173011384309
8.588,0.49940341553822515,0.08464173011384306
8.589,0.49940341553822515,0.08464173011384306
8.59,0.49940341553822515,0.08464173011384306
8.591,0.49940341553822515,0.08464173011384307
8.592,0.49940341553822515,0.08464173011384306
8.593,0.49940341553822515,0.08464173011384306
8.594,0.49940341553822515,0.08464173011384306
8.595,0.49940341553822515,0.08464173011384306
8.596,0.49940341553822515,0.08464173011384304
8.597,0.49940341553822515,0.08464173011384306
8.598,0.49940341553822515,0.08464173011384306
8.599,0.49940341553822515,0.08464173011384306
8.6,0.49940341553822515,0.08464173011384304
8.601,0.49940341553822515,0.08464173011384304
8.602,0.49940341553822515,0.08464173011384306
8.603,0.49940341553822515,0.08464173011384304
8.604,0.49940341553822515,0.08464173011384304
8.605,0.49940341553822515,0.08464173011384304
8.606,0.49940341553822515,0.08464173011384304
8.607,0.49940341553822515,0.08464173011384303
8.608,0.49940341553822515,0.08464173011384304
8.609,0.49940341553822515,0.08464173011384304
8.61,0.49940341553822515,0.08464173011384304
8.611,0.49940341553822515,0.08464173011384303
8.612,0.49940341553822515,0.08464173011384303
8.613,0.49940341553822515,0.08464173011384304
8.614,0.49940341553822515,0.08464173011384304
8.615,0.49940341553822515,0.08464173011384303
8.616,0.49940341553822515,0.08464173011384303
8.617,0.49940341553822515,0.08464173011384303
8.618,0.49940341553822515,0.08464173011384303
8.619,0.49940341553822515,0.08464173011384303
8.62,0.49940341553822515,0.08464173011384303
8.621,0.49940341553822515,0.08464173011384303
8.622,0.49940341553822515,0.08464173011384303
8.623,0.49940341553822515,0.08464173011384302
8.624,0.49940341553822515,0.08464173011384302
8.625,0.49940341553822515,0.08464173011384303
8.626,0.49940341553822515,0.08464173011384303
8.627,0.49940341553822515,0.08464173011384302
8.628,0.49940341553822515,0.08464173011384302
8.629,0.49940341553822515,0.08464173011384302
8.63,0.49940341553822515,0.08464173011384303
8.631,0.49940341553822515,0.08464173011384302
8.632,0.49940341553822515,0.08464173011384302
8.633,0.49940341553822515,0.08464173011384302
8.634,0.49940341553822515,0.08464173011384302
8.635,0.4994034155382251,0.08464173011384302
8.636,0.4994034155382251,0.08464173011384302
8.637,0.4994034155382251,0.08464173011384302
8.638,0.4994034155382251,0.08464173011384302
8.639,0.4994034155382251,0.08464173011384302
8.64,0.4994034155382251,0.084641730113843
8.641,0.4994034155382251,0.08464173011384302
8.642,0.4994034155382251,0.08464173011384302
8.643,0.4994034155382251,0.08464173011384302
8.644,0.4994034155382251,0.08464173011384302
8.645,0.4994034155382251,0.084641730113843
8.646,0.4994034155382251,0.084641730113843
8.647,0.4994034155382251,0.08464173011384302
8.648,0.4994034155382251,0.08464173011384302
8.649,0.4994034155382251,0.084641730113843
8.65,0.4994034155382251,0.084641730113843
8.651,0.4994034155382251,0.084641730113843
8.652,0.4994034155382251,0.084641730113843
8.653,0.4994034155382251,0.08464173011384302
8.654,0.4994034155382251,0.084641730113843
8.655,0.4994034155382251,0.084641730113843
8.656,0.4994034155382251,0.084641730113843
8.657,0.4994034155382251,0.084641730113843
8.658,0.4994034155382251,0.08464173011384302
8.659,0.4994034155382251,0.084641730113843
8.66,0.49940341553822515,0.084641730113843
8.661,0.49940341553822515,0.084641730113843
8.662,0.49940341553822515,0.084641730113843
8.663,0.49940341553822515,0.084641730113843
8.664,0.49940341553822515,0.084641730113843
8.665,0.49940341553822515,0.084641730113843
8.666,0.49940341553822515,0.084641730113843
8.667,0.49940341553822515,0.084641730113843
8.668,0.49940341553822515,0.084641730113843
8.669,0.49940341553822515,0.084641730113843
8.67,0.49940341553822515,0.084641730113843
8.671,0.49940341553822515,0.084641730113843
8.672,0.49940341553822515,0.084641730113843
8.673,0.49940341553822515,0.084641730113843
8.674,0.49940341553822515,0.08464173011384299
8.675,0.49940341553822515,0.084641730113843
8.676,0.49940341553822515,0.084641730113843
8.677,0.49940341553822515,0.084641730113843
8.678,0.49940341553822515,0.084641730113843
8.679,0.49940341553822515,0.084641730113843
8.68,0.49940341553822515,0.08464173011384299
8.681,0.49940341553822515,0.084641730113843
8.682,0.49940341553822515,0.084641730113843
8.683,0.49940341553822515,0.084641730113843
8.684,0.49940341553822515,0.084641730113843
8.685,0.49940341553822515,0.08464173011384299
8.686,0.49940341553822515,0.084641730113843
8.687,0.49940341553822515,0.084641730113843
8.688,0.49940341553822515,0.084641730113843
8.689,0.49940341553822515,0.084641730113843
8.69,0.49940341553822515,0.084641730113843
8.691,0.49940341553822515,0.08464173011384299
8.692,0.49940341553822515,0.084641730113843
8.693,0.49940341553822515,0.084641730113843
8.694,0.49940341553822515,0.084641730113843
8.695,0.49940341553822515,0.084641730113843
8.696,0.49940341553822515,0.084641730113843
8.697,0.49940341553822515,0.084641730113843
8.698,0.49940341553822515,0.084641730113843
8.699,0.49940341553822515,0.084641730113843
8.7,0.49940341553822515,0.084641730113843
8.701,0.49940341553822515,0.084641730113843
8.702,0.49940341553822515,0.084641730113843
8.703,0.49940341553822515,0.084641730113843
8.704,0.49940341553822515,0.084641730113843
8.705,0.49940341553822515,0.084641730113843
8.706,0.49940341553822515,0.084641730113843
8.707,0.49940341553822515,0.084641730113843
8.708,0.49940341553822515,0.084641730113843
8.709,0.49940341553822515,0.08464173011384302
8.71,0.49940341553822515,0.084641730113843
8.711,0.49940341553822515,0.084641730113843
8.712,0.49940341553822515,0.084641730113843
8.713,0.49940341553822515,0.084641730113843
8.714,0.49940341553822515,0.08464173011384302
8.715,0.49940341553822515,0.08464173011384302
8.716,0.49940341553822515,0.084641730113843
8.717,0.49940341553822515,0.084641730113843
8.718,0.49940341553822515,0.084641730113843
8.719,0.49940341553822515,0.084641730113843
8.72,0.49940341553822515,0.08464173011384302
8.721,0.49940341553822515,0.08464173011384302
8.722,0.49940341553822515,0.08464173011384302
8.723,0.49940341553822515,0.08464173011384302
8.724,0.49940341553822515,0.084641730113843
8.725,0.49940341553822515,0.08464173011384302
8.726,0.49940341553822515,0.08464173011384302
8.727,0.49940341553822515,0.08464173011384302
8.728,0.49940341553822515,0.08464173011384302
8.729,0.49940341553822515,0.08464173011384302
8.73,0.49940341553822515,0.08464173011384302
8.731,0.49940341553822515,0.08464173011384302
8.732,0.49940341553822515,0.08464173011384302
8.733,0.49940341553822515,0.08464173011384302
8.734,0.49940341553822515,0.08464173011384302
8.735,0.49940341553822515,0.08464173011384302
8.736,0.49940341553822515,0.08464173011384302
8.737,0.49940341553822515,0.08464173011384303
8.738,0.49940341553822515,0.08464173011384303
8.739,0.49940341553822515,0.08464173011384302
8.74,0.49940341553822515,0.08464173011384302
8.741,0.49940341553822515,0.08464173011384302
8.742,0.49940341553822515,0.08464173011384303
8.743,0.49940341553822515,0.08464173011384303
8.744,0.49940341553822515,0.08464173011384303
8.745,0.49940341553822515,0.08464173011384303
8.746,0.49940341553822515,0.08464173011384303
8.747,0.49940341553822515,0.08464173011384303
8.748,0.49940341553822515,0.08464173011384303
8.749,0.49940341553822515,0.08464173011384303
8.75,0.49940341553822515,0.08464173011384303
8.751,0.49940341553822515,0.08464173011384303
8.752,0.49940341553822515,0.08464173011384303
8.753,0.49940341553822515,0.08464173011384304
8.754,0.49940341553822515,0.08464173011384304
8.755,0.49940341553822515,0.08464173011384304
8.756,0.49940341553822515,0.08464173011384304
8.757,0.49940341553822515,0.08464173011384303
8.758,0.49940341553822515,0.08464173011384303
8.759,0.49940341553822515,0.08464173011384304
8.76,0.49940341553822515,0.08464173011384304
8.761,0.49940341553822515,0.08464173011384304
8.762,0.49940341553822515,0.08464173011384304
8.763,0.49940341553822515,0.08464173011384304
8.764,0.49940341553822515,0.08464173011384304
8.765,0.49940341553822515,0.08464173011384306
8.766,0.49940341553822515,0.08464173011384306
8.767,0.49940341553822515,0.08464173011384306
8.768,0.49940341553822515,0.08464173011384304
8.769,0.49940341553822515,0.08464173011384304
8.77,0.49940341553822515,0.08464173011384306
8.771,0.49940341553822515,0.08464173011384306
8.772,0.49940341553822515,0.08464173011384306
8.773,0.49940341553822515,0.08464173011384306
8.774,0.49940341553822515,0.08464173011384306
8.775,0.49940341553822515,0.08464173011384306
8.776,0.49940341553822515,0.08464173011384307
8.777,0.49940341553822515,0.08464173011384307
8.778,0.49940341553822515,0.08464173011384307
8.779,0.49940341553822515,0.08464173011384307
8.78,0.49940341553822515,0.08464173011384306
8.781,0.49940341553822515,0.08464173011384307
8.782,0.49940341553822515,0.08464173011384307
8.783,0.4994034155382251,0.08464173011384307
8.784,0.4994034155382251,0.08464173011384307
8.785,0.4994034155382251,0.08464173011384307
8.786,0.4994034155382251,0.08464173011384307
8.787,0.4994034155382251,0.08464173011384309
8.788,0.4994034155382251,0.08464173011384309
8.789,0.4994034155382251,0.08464173011384309
8.79,0.4994034155382251,0.08464173011384309
8.791,0.4994034155382251,0.08464173011384309
8.792,0.4994034155382251,0.08464173011384309
8.793,0.4994034155382251,0.0846417301138431
8.794,0.4994034155382251,0.08464173011384309
8.795,0.4994034155382251,0.08464173011384309
8.796,0.4994034155382251,0.08464173011384309
8.797,0.4994034155382251,0.08464173011384309
8.798,0.4994034155382251,0.0846417301138431
8.799,0.4994034155382251,0.0846417301138431
8.8,0.4994034155382251,0.0846417301138431
8.801,0.4994034155382251,0.0846417301138431
8.802,0.4994034155382251,0.0846417301138431
8.803,0.4994034155382251,0.0846417301138431
8.804,0.4994034155382251,0.08464173011384311
8.805,0.4994034155382251,0.08464173011384311
8.806,0.4994034155382251,0.08464173011384311
8.807,0.4994034155382251,0.08464173011384311
8.808,0.4994034155382251,0.08464173011384311
8.809,0.4994034155382251,0.08464173011384313
8.81,0.4994034155382251,0.08464173011384313
8.811,0.4994034155382251,0.08464173011384313
8.812,0.4994034155382251,0.08464173011384313
8.813,0.4994034155382251,0.08464173011384313
8.814,0.4994034155382251,0.08464173011384311
8.815,0.4994034155382251,0.08464173011384313
8.816,0.4994034155382251,0.08464173011384313
8.817,0.4994034155382251,0.08464173011384313
8.818,0.4994034155382251,0.08464173011384313
8.819,0.4994034155382251,0.08464173011384313
8.82,0.4994034155382251,0.08464173011384313
8.821,0.4994034155382251,0.08464173011384314
8.822,0.4994034155382251,0.08464173011384314
8.823,0.4994034155382251,0.08464173011384314
8.824,0.4994034155382251,0.08464173011384314
8.825,0.4994034155382251,0.08464173011384314
8.826,0.4994034155382251,0.08464173011384316
8.827,0.4994034155382251,0.08464173011384316
8.828,0.4994034155382251,0.08464173011384316
8.829,0.4994034155382251,0.08464173011384316
8.83,0.4994034155382251,0.08464173011384316
8.831,0.4994034155382251,0.08464173011384316
8.832,0.4994034155382251,0.08464173011384317
8.833,0.4994034155382251,0.08464173011384317
8.834,0.4994034155382251,0.08464173011384317
8.835,0.4994034155382251,0.08464173011384317
8.836,0.4994034155382251,0.08464173011384317
8.837,0.4994034155382251,0.08464173011384318
8.838,0.4994034155382251,0.08464173011384318
8.839,0.4994034155382251,0.08464173011384318
8.84,0.4994034155382251,0.08464173011384318
8.841,0.4994034155382251,0.08464173011384318
8.842,0.49940341553822515,0.08464173011384318
8.843,0.49940341553822515,0.0846417301138432
8.844,0.49940341553822515,0.0846417301138432
8.845,0.49940341553822515,0.0846417301138432
8.846,0.49940341553822515,0.0846417301138432
8.847,0.49940341553822515,0.0846417301138432
8.848,0.49940341553822515,0.0846417301138432
8.849,0.49940341553822515,0.08464173011384321
8.85,0.49940341553822515,0.08464173011384321
8.851,0.49940341553822515,0.08464173011384321
8.852,0.49940341553822515,0.08464173011384321
8.853,0.49940341553822515,0.08464173011384321
8.854,0.49940341553822515,0.08464173011384322
8.855,0.49940341553822515,0.08464173011384322
8.856,0.49940341553822515,0.08464173011384322
8.857,0.49940341553822515,0.08464173011384322
8.858,0.49940341553822515,0.08464173011384322
8.859,0.49940341553822515,0.08464173011384322
8.86,0.49940341553822515,0.08464173011384324
8.861,0.49940341553822515,0.08464173011384324
8.862,0.49940341553822515,0.08464173011384324
8.863,0.49940341553822515,0.08464173011384324
8.864,0.49940341553822515,0.08464173011384324
8.865,0.49940341553822515,0.08464173011384325
8.866,0.49940341553822515,0.08464173011384325
8.867,0.49940341553822515,0.08464173011384325
8.868,0.49940341553822515,0.08464173011384325
8.869,0.49940341553822515,0.08464173011384325
8.87,0.49940341553822515,0.08464173011384325
8.871,0.49940341553822515,0.08464173011384327
8.872,0.49940341553822515,0.08464173011384327
8.873,0.49940341553822515,0.08464173011384327
8.874,0.49940341553822515,0.08464173011384327
8.875,0.49940341553822515,0.08464173011384327
8.876,0.49940341553822515,0.08464173011384327
8.877,0.49940341553822515,0.08464173011384328
8.878,0.49940341553822515,0.08464173011384328
8.879,0.49940341553822515,0.08464173011384328
8.88,0.49940341553822515,0.08464173011384328
8.881,0.49940341553822515,0.08464173011384328
8.882,0.49940341553822515,0.0846417301138433
8.883,0.49940341553822515,0.0846417301138433
8.884,0.49940341553822515,0.0846417301138433
8.885,0.49940341553822515,0.0846417301138433
8.886,0.49940341553822515,0.0846417301138433
8.887,0.49940341553822515,0.0846417301138433
8.888,0.49940341553822515,0.08464173011384331
8.889,0.49940341553822515,0.08464173011384331
8.89,0.49940341553822515,0.08464173011384331
8.891,0.49940341553822515,0.08464173011384332
8.892,0.49940341553822515,0.08464173011384332
8.893,0.49940341553822515,0.08464173011384334
8.894,0.49940341553822515,0.08464173011384334
8.895,0.49940341553822515,0.08464173011384334
8.896,0.49940341553822515,0.08464173011384334
8.897,0.49940341553822515,0.08464173011384334
8.898,0.49940341553822515,0.08464173011384334
8.899,0.49940341553822515,0.08464173011384335
8.9,0.49940341553822515,0.08464173011384335
8.901,0.49940341553822515,0.08464173011384335
8.902,0.49940341553822515,0.08464173011384335
8.903,0.49940341553822515,0.08464173011384335
8.904,0.49940341553822515,0.08464173011384335
8.905,0.49940341553822515,0.08464173011384336
8.906,0.49940341553822515,0.08464173011384336
8.907,0.49940341553822515,0.08464173011384336
8.908,0.49940341553822515,0.08464173011384336
8.909,0.49940341553822515,0.08464173011384336
8.91,0.49940341553822515,0.08464173011384339
8.911,0.49940341553822515,0.08464173011384339
8.912,0.49940341553822515,0.08464173011384339
8.913,0.49940341553822515,0.08464173011384339
8.914,0.49940341553822515,0.08464173011384339
8.915,0.49940341553822515,0.08464173011384339
8.916,0.49940341553822515,0.0846417301138434
8.917,0.49940341553822515,0.0846417301138434
8.918,0.49940341553822515,0.0846417301138434
8.919,0.49940341553822515,0.0846417301138434
8.92,0.49940341553822515,0.0846417301138434
8.921,0.49940341553822515,0.08464173011384342
8.922,0.4994034155382252,0.08464173011384342
8.923,0.4994034155382252,0.08464173011384342
8.924,0.4994034155382252,0.08464173011384342
8.925,0.4994034155382252,0.08464173011384343
8.926,0.4994034155382252,0.08464173011384343
8.927,0.4994034155382252,0.08464173011384345
8.928,0.4994034155382252,0.08464173011384345
8.929,0.4994034155382252,0.08464173011384345
8.93,0.4994034155382252,0.08464173011384345
8.931,0.4994034155382252,0.08464173011384345
8.932,0.4994034155382252,0.08464173011384345
8.933,0.4994034155382252,0.08464173011384346
8.934,0.4994034155382252,0.08464173011384346
8.935,0.4994034155382252,0.08464173011384346
8.936,0.4994034155382252,0.08464173011384346
8.937,0.4994034155382252,0.08464173011384347
8.938,0.4994034155382252,0.08464173011384349
8.939,0.4994034155382252,0.08464173011384349
8.94,0.4994034155382252,0.08464173011384349
8.941,0.4994034155382252,0.08464173011384349
8.942,0.4994034155382252,0.08464173011384349
8.943,0.4994034155382252,0.08464173011384349
8.944,0.4994034155382252,0.0846417301138435
8.945,0.4994034155382252,0.0846417301138435
8.946,0.4994034155382252,0.0846417301138435
8.947,0.4994034155382252,0.0846417301138435
8.948,0.4994034155382252,0.08464173011384352
8.949,0.4994034155382252,0.08464173011384353
8.95,0.4994034155382252,0.08464173011384353
8.951,0.4994034155382252,0.08464173011384353
8.952,0.4994034155382252,0.08464173011384353
8.953,0.4994034155382252,0.08464173011384353
8.954,0.4994034155382252,0.08464173011384353
8.955,0.4994034155382252,0.08464173011384354
8.956,0.4994034155382252,0.08464173011384354
8.957,0.4994034155382252,0.08464173011384356
8.958,0.4994034155382252,0.08464173011384356
8.959,0.4994034155382252,0.08464173011384356
8.96,0.4994034155382252,0.08464173011384356
8.961,0.4994034155382252,0.08464173011384357
8.962,0.4994034155382252,0.08464173011384357
8.963,0.4994034155382252,0.08464173011384357
8.964,0.4994034155382252,0.08464173011384357
8.965,0.4994034155382252,0.08464173011384357
8.966,0.4994034155382252,0.0846417301138436
8.967,0.4994034155382252,0.0846417301138436
8.968,0.4994034155382252,0.0846417301138436
8.969,0.4994034155382252,0.0846417301138436
8.97,0.4994034155382252,0.0846417301138436
8.971,0.4994034155382252,0.0846417301138436
8.972,0.4994034155382252,0.08464173011384361
8.973,0.4994034155382252,0.08464173011384361
8.974,0.4994034155382252,0.08464173011384363
8.975,0.4994034155382252,0.08464173011384363
8.976,0.4994034155382252,0.08464173011384363
8.977,0.4994034155382252,0.08464173011384364
8.978,0.4994034155382252,0.08464173011384364
8.979,0.4994034155382252,0.08464173011384364
8.98,0.4994034155382252,0.08464173011384364
8.981,0.4994034155382252,0.08464173011384366
8.982,0.4994034155382252,0.08464173011384366
8.983,0.4994034155382252,0.08464173011384367
8.984,0.4994034155382252,0.08464173011384367
8.985,0.4994034155382252,0.08464173011384367
8.986,0.4994034155382252,0.08464173011384367
8.987,0.4994034155382252,0.08464173011384367
8.988,0.4994034155382252,0.08464173011384367
8.989,0.4994034155382252,0.0846417301138437
8.99,0.4994034155382252,0.0846417301138437
8.991,0.4994034155382252,0.0846417301138437
8.992,0.4994034155382252,0.0846417301138437
8.993,0.4994034155382252,0.0846417301138437
8.994,0.4994034155382252,0.08464173011384371
8.995,0.4994034155382252,0.08464173011384372
8.996,0.4994034155382252,0.08464173011384372
8.997,0.4994034155382252,0.08464173011384372
8.998,0.4994034155382252,0.08464173011384372
8.999,0.4994034155382252,0.08464173011384372
8.999999998900067,0.4994034155382252,0.08464173011384374
8.999999998900067,0.4994034155382252,0.08464173011384374
9,0.4994034155382256,0.08464173011384539
9.001,0.4994034155382256,0.08464173011384538
9.002,0.49940341553822554,0.08464173011384535
9.003,0.49940341553822554,0.08464173011384482
9.004,0.4994034155382255,0.084641730113844
9.005,0.4994034155382254,0.08464173011384342
9.006,0.4994034155382254,0.08464173011384346
9.007,0.4994034155382254,0.08464173011384352
9.008,0.4994034155382254,0.08464173011384357
9.009,0.4994034155382254,0.08464173011384361
9.01,0.4994034155382254,0.08464173011384372
9.011,0.4994034155382254,0.08464173011384389
9.012,0.4994034155382254,0.08464173011384404
9.013,0.4994034155382254,0.0846417301138442
9.014,0.4994034155382254,0.08464173011384435
9.015,0.4994034155382254,0.0846417301138445
9.016,0.4994034155382255,0.08464173011384467
9.017,0.4994034155382255,0.08464173011384482
9.018,0.4994034155382255,0.08464173011384497
9.019,0.4994034155382255,0.08464173011384511
9.02,0.4994034155382255,0.08464173011384506
9.021,0.4994034155382255,0.08464173011384502
9.022,0.4994034155382254,0.08464173011384496
9.023,0.4994034155382254,0.0846417301138449
9.024,0.4994034155382254,0.08464173011384486
9.025,0.4994034155382254,0.0846417301138448
9.026,0.49940341553822537,0.08464173011384477
9.027,0.49940341553822537,0.08464173011384471
9.028,0.49940341553822537,0.08464173011384465
9.029,0.49940341553822537,0.08464173011384461
9.03,0.49940341553822537,0.08464173011384456
9.031,0.4994034155382253,0.08464173011384452
9.032,0.4994034155382253,0.08464173011384446
9.033,0.4994034155382253,0.0846417301138444
9.034,0.4994034155382253,0.08464173011384436
9.035,0.4994034155382253,0.08464173011384431
9.036,0.49940341553822526,0.08464173011384425
9.037,0.49940341553822526,0.08464173011384421
9.038,0.49940341553822526,0.08464173011384415
9.039,0.49940341553822526,0.08464173011384415
9.04,0.49940341553822526,0.08464173011384415
9.041,0.49940341553822526,0.08464173011384414
9.042,0.49940341553822526,0.08464173011384414
9.043,0.49940341553822526,0.08464173011384414
9.044,0.49940341553822526,0.08464173011384413
9.045,0.49940341553822526,0.08464173011384413
9.046,0.49940341553822526,0.08464173011384413
9.047,0.49940341553822526,0.08464173011384411
9.048,0.49940341553822526,0.08464173011384411
9.049,0.49940341553822526,0.08464173011384411
9.05,0.49940341553822526,0.0846417301138441
9.051,0.4994034155382253,0.0846417301138441
9.052,0.4994034155382253,0.0846417301138441
9.053,0.4994034155382253,0.08464173011384409
9.054,0.4994034155382253,0.08464173011384409
9.055,0.4994034155382253,0.08464173011384409
9.056,0.4994034155382253,0.08464173011384407
9.057,0.4994034155382253,0.08464173011384407
9.058,0.4994034155382253,0.08464173011384407
9.059,0.4994034155382253,0.08464173011384406
9.06,0.4994034155382253,0.08464173011384406
9.061,0.4994034155382253,0.08464173011384406
9.062,0.4994034155382253,0.08464173011384404
9.063,0.4994034155382253,0.08464173011384404
9.064,0.4994034155382253,0.08464173011384404
9.065,0.4994034155382253,0.08464173011384404
9.066,0.4994034155382253,0.08464173011384403
9.067,0.4994034155382253,0.08464173011384403
9.068,0.49940341553822537,0.08464173011384403
9.069,0.49940341553822537,0.08464173011384402
9.07,0.49940341553822537,0.08464173011384402
9.071,0.49940341553822537,0.08464173011384402
9.072,0.49940341553822537,0.084641730113844
9.073,0.49940341553822537,0.084641730113844
9.074,0.49940341553822537,0.084641730113844
9.075,0.49940341553822537,0.08464173011384399
9.076,0.49940341553822537,0.08464173011384399
9.077,0.49940341553822537,0.08464173011384397
9.078,0.49940341553822537,0.08464173011384396
9.079,0.49940341553822537,0.08464173011384396
9.08,0.4994034155382253,0.08464173011384395
9.081,0.4994034155382253,0.08464173011384393
9.082,0.4994034155382253,0.08464173011384392
9.083,0.4994034155382253,0.08464173011384392
9.084,0.4994034155382253,0.0846417301138439
9.085,0.4994034155382253,0.08464173011384389
9.086,0.4994034155382253,0.08464173011384389
9.087,0.4994034155382253,0.08464173011384388
9.088,0.4994034155382253,0.08464173011384386
9.089,0.4994034155382253,0.08464173011384385
9.09,0.4994034155382253,0.08464173011384385
9.091,0.4994034155382253,0.08464173011384384
9.092,0.4994034155382253,0.08464173011384382
9.093,0.4994034155382253,0.08464173011384382
9.094,0.4994034155382253,0.08464173011384381
9.095,0.4994034155382253,0.0846417301138438
9.096,0.4994034155382253,0.08464173011384378
9.097,0.4994034155382253,0.08464173011384378
9.098,0.4994034155382253,0.08464173011384377
9.099,0.4994034155382253,0.08464173011384375
9.1,0.4994034155382253,0.08464173011384375
9.101,0.4994034155382253,0.08464173011384374
9.102,0.4994034155382253,0.08464173011384372
9.103,0.4994034155382253,0.08464173011384371
9.104,0.4994034155382253,0.08464173011384371
9.105,0.4994034155382253,0.0846417301138437
9.106,0.4994034155382253,0.08464173011384368
9.107,0.4994034155382253,0.08464173011384368
9.108,0.4994034155382253,0.08464173011384367
9.109,0.4994034155382253,0.08464173011384366
9.11,0.4994034155382253,0.08464173011384364
9.111,0.4994034155382253,0.08464173011384364
9.112,0.4994034155382253,0.08464173011384363
9.113,0.4994034155382253,0.08464173011384361
9.114,0.4994034155382253,0.08464173011384363
9.115,0.4994034155382253,0.08464173011384366
9.116,0.4994034155382253,0.08464173011384367
9.117,0.4994034155382253,0.08464173011384368
9.118,0.4994034155382253,0.08464173011384371
9.119,0.4994034155382253,0.08464173011384372
9.12,0.4994034155382253,0.08464173011384374
9.121,0.4994034155382253,0.08464173011384377
9.122,0.4994034155382253,0.08464173011384378
9.123,0.4994034155382253,0.0846417301138438
9.124,0.4994034155382253,0.08464173011384382
9.125,0.4994034155382253,0.08464173011384384
9.126,0.4994034155382253,0.08464173011384385
9.127,0.4994034155382253,0.08464173011384388
9.128,0.4994034155382253,0.08464173011384389
9.129,0.4994034155382253,0.0846417301138439
9.13,0.4994034155382253,0.08464173011384393
9.131,0.4994034155382253,0.08464173011384395
9.132,0.4994034155382253,0.08464173011384396
9.133,0.4994034155382253,0.08464173011384399
9.134,0.4994034155382253,0.084641730113844
9.135,0.4994034155382253,0.08464173011384402
9.136,0.4994034155382253,0.08464173011384404
9.137,0.4994034155382253,0.08464173011384406
9.138,0.4994034155382253,0.08464173011384407
9.139,0.4994034155382253,0.0846417301138441
9.14,0.4994034155382253,0.08464173011384411
9.141,0.4994034155382253,0.08464173011384413
9.142,0.4994034155382253,0.08464173011384415
9.143,0.4994034155382253,0.08464173011384417
9.144,0.4994034155382253,0.08464173011384418
9.145,0.4994034155382253,0.08464173011384421
9.146,0.4994034155382253,0.08464173011384422
9.147,0.4994034155382253,0.08464173011384424
9.148,0.4994034155382253,0.08464173011384427
9.149,0.4994034155382253,0.08464173011384428
9.15,0.4994034155382253,0.0846417301138443
9.151,0.4994034155382253,0.08464173011384432
9.152,0.4994034155382253,0.08464173011384432
9.153,0.4994034155382253,0.08464173011384432
9.154,0.4994034155382253,0.08464173011384434
9.155,0.4994034155382253,0.08464173011384434
9.156,0.4994034155382253,0.08464173011384432
9.157,0.4994034155382253,0.08464173011384432
9.158,0.4994034155382253,0.08464173011384432
9.159,0.4994034155382253,0.08464173011384431
9.16,0.4994034155382253,0.08464173011384431
9.161,0.4994034155382253,0.08464173011384431
9.162,0.4994034155382253,0.0846417301138443
9.163,0.4994034155382253,0.08464173011384428
9.164,0.4994034155382253,0.08464173011384428
9.165,0.4994034155382253,0.08464173011384427
9.166,0.4994034155382253,0.08464173011384425
9.167,0.4994034155382253,0.08464173011384424
9.168,0.4994034155382253,0.08464173011384424
9.169,0.4994034155382253,0.08464173011384421
9.17,0.4994034155382253,0.0846417301138442
9.171,0.4994034155382253,0.08464173011384418
9.172,0.4994034155382253,0.08464173011384418
9.173,0.4994034155382253,0.08464173011384415
9.174,0.4994034155382253,0.08464173011384414
9.175,0.4994034155382253,0.08464173011384413
9.176,0.4994034155382253,0.08464173011384409
9.177,0.4994034155382253,0.08464173011384407
9.178,0.4994034155382253,0.08464173011384406
9.179,0.4994034155382253,0.08464173011384404
9.18,0.4994034155382253,0.084641730113844
9.181,0.4994034155382253,0.08464173011384399
9.182,0.4994034155382253,0.08464173011384396
9.183,0.4994034155382253,0.08464173011384393
9.184,0.4994034155382253,0.0846417301138439
9.185,0.4994034155382253,0.08464173011384388
9.186,0.4994034155382253,0.08464173011384384
9.187,0.4994034155382253,0.08464173011384382
9.188,0.4994034155382253,0.0846417301138438
9.189,0.4994034155382253,0.08464173011384377
9.19,0.4994034155382253,0.08464173011384372
9.191,0.4994034155382253,0.0846417301138437
9.192,0.4994034155382253,0.08464173011384366
9.193,0.4994034155382253,0.08464173011384361
9.194,0.4994034155382253,0.08464173011384359
9.195,0.4994034155382253,0.08464173011384356
9.196,0.4994034155382253,0.08464173011384352
9.197,0.4994034155382253,0.08464173011384347
9.198,0.4994034155382253,0.08464173011384343
9.199,0.4994034155382253,0.0846417301138434
9.2,0.4994034155382253,0.08464173011384335
9.201,0.4994034155382253,0.08464173011384331
9.202,0.4994034155382253,0.08464173011384327
9.203,0.4994034155382253,0.08464173011384321
9.204,0.4994034155382253,0.08464173011384318
9.205,0.4994034155382253,0.08464173011384314
9.206,0.4994034155382253,0.08464173011384309
9.207,0.4994034155382253,0.08464173011384303
9.208,0.4994034155382253,0.08464173011384299
9.209,0.4994034155382253,0.08464173011384295
9.21,0.4994034155382253,0.08464173011384289
9.211,0.4994034155382253,0.08464173011384284
9.212,0.4994034155382253,0.0846417301138428
9.213,0.4994034155382253,0.08464173011384274
9.214,0.4994034155382253,0.08464173011384268
9.215,0.4994034155382253,0.08464173011384263
9.216,0.4994034155382253,0.08464173011384257
9.217,0.4994034155382253,0.08464173011384252
9.218,0.4994034155382253,0.08464173011384246
9.219,0.4994034155382253,0.0846417301138424
9.22,0.4994034155382253,0.08464173011384235
9.221,0.4994034155382253,0.08464173011384228
9.222,0.4994034155382253,0.08464173011384223
9.223,0.4994034155382253,0.08464173011384217
9.224,0.4994034155382253,0.08464173011384209
9.225,0.4994034155382253,0.08464173011384203
9.226,0.4994034155382253,0.08464173011384198
9.227,0.4994034155382253,0.08464173011384192
9.228,0.4994034155382253,0.0846417301138419
9.229,0.4994034155382253,0.08464173011384189
9.23,0.4994034155382253,0.08464173011384186
9.231,0.4994034155382253,0.08464173011384185
9.232,0.4994034155382253,0.08464173011384182
9.233,0.4994034155382253,0.08464173011384181
9.234,0.4994034155382253,0.08464173011384181
9.235,0.4994034155382253,0.08464173011384178
9.236,0.4994034155382253,0.08464173011384177
9.237,0.4994034155382253,0.08464173011384175
9.238,0.4994034155382253,0.08464173011384174
9.239,0.4994034155382253,0.08464173011384173
9.24,0.4994034155382253,0.08464173011384171
9.241,0.4994034155382253,0.0846417301138417
9.242,0.4994034155382253,0.08464173011384168
9.243,0.4994034155382253,0.08464173011384167
9.244,0.4994034155382253,0.08464173011384167
9.245,0.4994034155382253,0.08464173011384164
9.246,0.4994034155382253,0.08464173011384164
9.247,0.4994034155382253,0.08464173011384162
9.248,0.4994034155382253,0.08464173011384162
9.249,0.4994034155382253,0.0846417301138416
9.25,0.4994034155382253,0.08464173011384159
9.251,0.4994034155382253,0.08464173011384159
9.252,0.4994034155382253,0.08464173011384157
9.253,0.4994034155382253,0.08464173011384156
9.254,0.4994034155382253,0.08464173011384155
9.255,0.4994034155382253,0.08464173011384155
9.256,0.4994034155382253,0.08464173011384155
9.257,0.4994034155382253,0.08464173011384152
9.258,0.4994034155382253,0.08464173011384152
9.259,0.4994034155382253,0.0846417301138415
9.26,0.4994034155382253,0.0846417301138415
9.261,0.4994034155382253,0.0846417301138415
9.262,0.4994034155382253,0.08464173011384149
9.263,0.4994034155382253,0.08464173011384149
9.264,0.4994034155382253,0.08464173011384148
9.265,0.4994034155382253,0.08464173011384148
9.266,0.4994034155382253,0.08464173011384148
9.267,0.49940341553822526,0.08464173011384146
9.268,0.49940341553822526,0.08464173011384146
9.269,0.49940341553822526,0.08464173011384145
9.27,0.49940341553822526,0.08464173011384146
9.271,0.49940341553822526,0.08464173011384146
9.272,0.49940341553822526,0.08464173011384145
9.273,0.49940341553822526,0.08464173011384145
9.274,0.49940341553822526,0.08464173011384143
9.275,0.49940341553822526,0.08464173011384145
9.276,0.49940341553822526,0.08464173011384145
9.277,0.49940341553822526,0.08464173011384143
9.278,0.49940341553822526,0.08464173011384145
9.279,0.49940341553822526,0.08464173011384143
9.28,0.49940341553822526,0.08464173011384145
9.281,0.49940341553822526,0.08464173011384145
9.282,0.49940341553822526,0.08464173011384145
9.283,0.49940341553822526,0.08464173011384145
9.284,0.49940341553822526,0.08464173011384145
9.285,0.49940341553822526,0.08464173011384145
9.286,0.49940341553822526,0.08464173011384145
9.287,0.49940341553822526,0.08464173011384145
9.288,0.49940341553822526,0.08464173011384146
9.289,0.49940341553822526,0.08464173011384146
9.29,0.49940341553822526,0.08464173011384146
9.291,0.49940341553822526,0.08464173011384146
9.292,0.49940341553822526,0.08464173011384148
9.293,0.49940341553822526,0.08464173011384148
9.294,0.49940341553822526,0.08464173011384148
9.295,0.49940341553822526,0.08464173011384149
9.296,0.49940341553822526,0.08464173011384149
9.297,0.49940341553822526,0.0846417301138415
9.298,0.49940341553822526,0.08464173011384152
9.299,0.49940341553822526,0.0846417301138415
9.3,0.49940341553822526,0.08464173011384152
9.301,0.49940341553822526,0.08464173011384152
9.302,0.49940341553822526,0.08464173011384153
9.303,0.49940341553822526,0.08464173011384155
9.304,0.49940341553822526,0.08464173011384155
9.305,0.49940341553822526,0.08464173011384156
9.306,0.49940341553822526,0.08464173011384156
9.307,0.49940341553822526,0.08464173011384159
9.308,0.49940341553822526,0.0846417301138416
9.309,0.49940341553822526,0.0846417301138416
9.31,0.49940341553822526,0.08464173011384162
9.311,0.49940341553822526,0.08464173011384162
9.312,0.49940341553822526,0.08464173011384163
9.313,0.49940341553822526,0.08464173011384164
9.314,0.49940341553822526,0.08464173011384166
9.315,0.49940341553822526,0.08464173011384167
9.316,0.49940341553822526,0.08464173011384168
9.317,0.49940341553822526,0.0846417301138417
9.318,0.49940341553822526,0.0846417301138417
9.319,0.49940341553822526,0.08464173011384173
9.32,0.49940341553822526,0.08464173011384174
9.321,0.49940341553822526,0.08464173011384175
9.322,0.49940341553822526,0.08464173011384177
9.323,0.49940341553822526,0.08464173011384178
9.324,0.49940341553822526,0.0846417301138418
9.325,0.49940341553822526,0.08464173011384182
9.326,0.49940341553822526,0.08464173011384182
9.327,0.49940341553822526,0.08464173011384185
9.328,0.49940341553822526,0.08464173011384186
9.329,0.49940341553822526,0.08464173011384188
9.33,0.49940341553822526,0.0846417301138419
9.331,0.49940341553822526,0.08464173011384192
9.332,0.49940341553822526,0.08464173011384193
9.333,0.49940341553822526,0.08464173011384195
9.334,0.49940341553822526,0.08464173011384198
9.335,0.49940341553822526,0.084641730113842
9.336,0.49940341553822526,0.08464173011384202
9.337,0.49940341553822526,0.08464173011384205
9.338,0.49940341553822526,0.08464173011384205
9.339,0.49940341553822526,0.08464173011384207
9.34,0.49940341553822526,0.08464173011384209
9.341,0.4994034155382252,0.08464173011384211
9.342,0.4994034155382252,0.08464173011384214
9.343,0.4994034155382252,0.08464173011384216
9.344,0.4994034155382252,0.08464173011384218
9.345,0.4994034155382252,0.0846417301138422
9.346,0.4994034155382252,0.08464173011384224
9.347,0.4994034155382252,0.08464173011384227
9.348,0.4994034155382252,0.08464173011384228
9.349,0.4994034155382252,0.08464173011384231
9.35,0.4994034155382252,0.08464173011384232
9.351,0.4994034155382252,0.08464173011384235
9.352,0.4994034155382252,0.08464173011384239
9.353,0.4994034155382252,0.0846417301138424
9.354,0.4994034155382252,0.08464173011384243
9.355,0.4994034155382252,0.08464173011384246
9.356,0.4994034155382252,0.08464173011384249
9.357,0.4994034155382252,0.08464173011384252
9.358,0.4994034155382252,0.08464173011384254
9.359,0.4994034155382252,0.08464173011384257
9.36,0.4994034155382252,0.0846417301138426
9.361,0.4994034155382252,0.08464173011384263
9.362,0.4994034155382252,0.08464173011384267
9.363,0.4994034155382252,0.08464173011384268
9.364,0.4994034155382252,0.08464173011384273
9.365,0.4994034155382252,0.08464173011384274
9.366,0.4994034155382252,0.08464173011384278
9.367,0.4994034155382252,0.08464173011384281
9.368,0.4994034155382252,0.08464173011384284
9.369,0.4994034155382252,0.08464173011384288
9.37,0.4994034155382252,0.0846417301138429
9.371,0.4994034155382252,0.08464173011384293
9.372,0.4994034155382252,0.08464173011384296
9.373,0.4994034155382252,0.084641730113843
9.374,0.4994034155382252,0.08464173011384304
9.375,0.4994034155382252,0.08464173011384306
9.376,0.4994034155382252,0.0846417301138431
9.377,0.4994034155382252,0.08464173011384313
9.378,0.4994034155382252,0.08464173011384317
9.379,0.4994034155382252,0.08464173011384317
9.38,0.4994034155382252,0.08464173011384318
9.381,0.4994034155382252,0.08464173011384318
9.382,0.4994034155382252,0.0846417301138432
9.383,0.4994034155382252,0.0846417301138432
9.384,0.4994034155382252,0.08464173011384321
9.385,0.4994034155382252,0.08464173011384321
9.386,0.4994034155382252,0.08464173011384321
9.387,0.4994034155382252,0.08464173011384322
9.388,0.4994034155382252,0.08464173011384322
9.389,0.4994034155382252,0.08464173011384324
9.39,0.4994034155382252,0.08464173011384324
9.391,0.4994034155382252,0.08464173011384324
9.392,0.4994034155382252,0.08464173011384325
9.393,0.4994034155382252,0.08464173011384327
9.394,0.4994034155382252,0.08464173011384327
9.395,0.4994034155382252,0.08464173011384327
9.396,0.4994034155382252,0.08464173011384328
9.397,0.4994034155382252,0.0846417301138433
9.398,0.4994034155382252,0.0846417301138433
9.399,0.4994034155382252,0.0846417301138433
9.4,0.4994034155382252,0.0846417301138433
9.401,0.4994034155382252,0.08464173011384331
9.402,0.4994034155382252,0.08464173011384332
9.403,0.4994034155382252,0.08464173011384332
9.404,0.4994034155382252,0.08464173011384332
9.405,0.4994034155382252,0.08464173011384332
9.406,0.4994034155382252,0.08464173011384334
9.407,0.4994034155382252,0.08464173011384335
9.408,0.4994034155382252,0.08464173011384335
9.409,0.4994034155382252,0.08464173011384335
9.41,0.4994034155382252,0.08464173011384335
9.411,0.4994034155382252,0.08464173011384336
9.412,0.4994034155382252,0.08464173011384338
9.413,0.4994034155382252,0.08464173011384338
9.414,0.4994034155382252,0.08464173011384338
9.415,0.4994034155382252,0.08464173011384339
9.416,0.4994034155382252,0.08464173011384339
9.417,0.4994034155382252,0.0846417301138434
9.418,0.4994034155382252,0.0846417301138434
9.419,0.4994034155382252,0.0846417301138434
9.42,0.4994034155382252,0.08464173011384342
9.421,0.4994034155382252,0.08464173011384342
9.422,0.4994034155382252,0.08464173011384343
9.423,0.4994034155382252,0.08464173011384343
9.424,0.4994034155382252,0.08464173011384343
9.425,0.4994034155382252,0.08464173011384345
9.426,0.4994034155382252,0.08464173011384345
9.427,0.4994034155382252,0.08464173011384345
9.428,0.49940341553822515,0.08464173011384346
9.429,0.49940341553822515,0.08464173011384347
9.43,0.49940341553822515,0.08464173011384347
9.431,0.49940341553822515,0.08464173011384347
9.432,0.49940341553822515,0.08464173011384347
9.433,0.49940341553822515,0.08464173011384347
9.434,0.49940341553822515,0.0846417301138435
9.435,0.49940341553822515,0.0846417301138435
9.436,0.49940341553822515,0.0846417301138435
9.437,0.49940341553822515,0.0846417301138435
9.438,0.49940341553822515,0.0846417301138435
9.439,0.49940341553822515,0.08464173011384352
9.44,0.49940341553822515,0.08464173011384353
9.441,0.49940341553822515,0.08464173011384353
9.442,0.49940341553822515,0.08464173011384353
9.443,0.49940341553822515,0.08464173011384354
9.444,0.49940341553822515,0.08464173011384354
9.445,0.49940341553822515,0.08464173011384354
9.446,0.49940341553822515,0.08464173011384354
9.447,0.49940341553822515,0.08464173011384356
9.448,0.49940341553822515,0.08464173011384357
9.449,0.49940341553822515,0.08464173011384357
9.45,0.49940341553822515,0.08464173011384357
9.451,0.49940341553822515,0.08464173011384357
9.452,0.49940341553822515,0.08464173011384357
9.453,0.49940341553822515,0.08464173011384359
9.454,0.49940341553822515,0.08464173011384359
9.455,0.49940341553822515,0.0846417301138436
9.456,0.49940341553822515,0.0846417301138436
9.457,0.49940341553822515,0.0846417301138436
9.458,0.49940341553822515,0.08464173011384361
9.459,0.49940341553822515,0.08464173011384361
9.46,0.49940341553822515,0.08464173011384361
9.461,0.49940341553822515,0.08464173011384361
9.462,0.49940341553822515,0.08464173011384363
9.463,0.49940341553822515,0.08464173011384364
9.464,0.49940341553822515,0.08464173011384364
9.465,0.49940341553822515,0.08464173011384364
9.466,0.49940341553822515,0.08464173011384364
9.467,0.49940341553822515,0.08464173011384366
9.468,0.49940341553822515,0.08464173011384366
9.469,0.49940341553822515,0.08464173011384366
9.47,0.49940341553822515,0.08464173011384366
9.471,0.49940341553822515,0.08464173011384366
9.472,0.49940341553822515,0.08464173011384367
9.473,0.49940341553822515,0.08464173011384368
9.474,0.49940341553822515,0.08464173011384368
9.475,0.49940341553822515,0.08464173011384368
9.476,0.49940341553822515,0.0846417301138437
9.477,0.49940341553822515,0.0846417301138437
9.478,0.49940341553822515,0.0846417301138437
9.479,0.49940341553822515,0.0846417301138437
9.48,0.49940341553822515,0.0846417301138437
9.481,0.49940341553822515,0.08464173011384371
9.482,0.49940341553822515,0.08464173011384371
9.483,0.49940341553822515,0.08464173011384371
9.484,0.49940341553822515,0.08464173011384371
9.485,0.49940341553822515,0.08464173011384372
9.486,0.49940341553822515,0.08464173011384374
9.487,0.49940341553822515,0.08464173011384374
9.488,0.49940341553822515,0.08464173011384374
9.489,0.49940341553822515,0.08464173011384374
9.49,0.49940341553822515,0.08464173011384375
9.491,0.49940341553822515,0.08464173011384375
9.492,0.49940341553822515,0.08464173011384375
9.493,0.49940341553822515,0.08464173011384375
9.494,0.49940341553822515,0.08464173011384375
9.495,0.49940341553822515,0.08464173011384377
9.496,0.49940341553822515,0.08464173011384377
9.497,0.49940341553822515,0.08464173011384377
9.498,0.49940341553822515,0.08464173011384377
9.499,0.49940341553822515,0.08464173011384377
9.5,0.49940341553822515,0.08464173011384378
9.501,0.49940341553822515,0.0846417301138438
9.502,0.49940341553822515,0.0846417301138438
9.503,0.49940341553822515,0.0846417301138438
9.504,0.49940341553822515,0.0846417301138438
9.505,0.49940341553822515,0.08464173011384381
9.506,0.49940341553822515,0.08464173011384381
9.507,0.49940341553822515,0.08464173011384381
9.508,0.49940341553822515,0.08464173011384381
9.509,0.49940341553822515,0.08464173011384382
9.51,0.49940341553822515,0.08464173011384382
9.511,0.49940341553822515,0.08464173011384382
9.512,0.49940341553822515,0.08464173011384382
9.513,0.49940341553822515,0.08464173011384382
9.514,0.49940341553822515,0.08464173011384384
9.515,0.49940341553822515,0.08464173011384384
9.516,0.49940341553822515,0.08464173011384384
9.517,0.49940341553822515,0.08464173011384384
9.518,0.49940341553822515,0.08464173011384384
9.519,0.49940341553822515,0.08464173011384385
9.52,0.49940341553822515,0.08464173011384385
9.521,0.49940341553822515,0.08464173011384385
9.522,0.49940341553822515,0.08464173011384385
9.523,0.49940341553822515,0.08464173011384386
9.524,0.49940341553822515,0.08464173011384386
9.525,0.49940341553822515,0.08464173011384386
9.526,0.49940341553822515,0.08464173011384386
9.527,0.49940341553822515,0.08464173011384386
9.528,0.49940341553822515,0.08464173011384388
9.529,0.49940341553822515,0.08464173011384388
9.53,0.49940341553822515,0.08464173011384388
9.531,0.49940341553822515,0.08464173011384388
9.532,0.49940341553822515,0.08464173011384388
9.533,0.49940341553822515,0.08464173011384389
9.534,0.49940341553822515,0.08464173011384389
9.535,0.49940341553822515,0.08464173011384389
9.536,0.49940341553822515,0.08464173011384389
9.537,0.49940341553822515,0.0846417301138439
9.538,0.49940341553822515,0.0846417301138439
9.539,0.49940341553822515,0.0846417301138439
9.54,0.49940341553822515,0.0846417301138439
9.541,0.49940341553822515,0.0846417301138439
9.542,0.49940341553822515,0.08464173011384392
9.543,0.49940341553822515,0.08464173011384392
9.544,0.49940341553822515,0.08464173011384392
9.545,0.49940341553822515,0.08464173011384392
9.546,0.49940341553822515,0.08464173011384392
9.547,0.49940341553822515,0.08464173011384393
9.548,0.49940341553822515,0.08464173011384393
9.549,0.49940341553822515,0.08464173011384393
9.55,0.49940341553822515,0.08464173011384393
9.551,0.49940341553822515,0.08464173011384393
9.552,0.49940341553822515,0.08464173011384395
9.553,0.49940341553822515,0.08464173011384395
9.554,0.49940341553822515,0.08464173011384395
9.555,0.49940341553822515,0.08464173011384395
9.556,0.49940341553822515,0.08464173011384396
9.557,0.49940341553822515,0.08464173011384396
9.558,0.49940341553822515,0.08464173011384395
9.559,0.49940341553822515,0.08464173011384395
9.56,0.49940341553822515,0.08464173011384395
9.561,0.49940341553822515,0.08464173011384396
9.562,0.49940341553822515,0.08464173011384396
9.563,0.49940341553822515,0.08464173011384396
9.564,0.49940341553822515,0.08464173011384396
9.565,0.49940341553822515,0.08464173011384396
9.566,0.49940341553822515,0.08464173011384397
9.567,0.49940341553822515,0.08464173011384397
9.568,0.49940341553822515,0.08464173011384397
9.569,0.49940341553822515,0.08464173011384397
9.57,0.49940341553822515,0.08464173011384399
9.571,0.49940341553822515,0.08464173011384399
9.572,0.4994034155382252,0.08464173011384399
9.573,0.4994034155382252,0.08464173011384399
9.574,0.4994034155382252,0.08464173011384397
9.575,0.4994034155382252,0.08464173011384399
9.576,0.4994034155382252,0.08464173011384399
9.577,0.4994034155382252,0.08464173011384399
9.578,0.4994034155382252,0.08464173011384399
9.579,0.4994034155382252,0.08464173011384399
9.58,0.4994034155382252,0.084641730113844
9.581,0.4994034155382252,0.084641730113844
9.582,0.4994034155382252,0.084641730113844
9.583,0.4994034155382252,0.084641730113844
9.584,0.4994034155382252,0.08464173011384402
9.585,0.4994034155382252,0.08464173011384402
9.586,0.4994034155382252,0.084641730113844
9.587,0.4994034155382252,0.084641730113844
9.588,0.4994034155382252,0.084641730113844
9.589,0.4994034155382252,0.08464173011384402
9.59,0.4994034155382252,0.08464173011384402
9.591,0.4994034155382252,0.08464173011384402
9.592,0.4994034155382252,0.08464173011384402
9.593,0.4994034155382252,0.08464173011384402
9.594,0.4994034155382252,0.08464173011384403
9.595,0.4994034155382252,0.08464173011384403
9.596,0.4994034155382252,0.08464173011384402
9.597,0.4994034155382252,0.08464173011384402
9.598,0.4994034155382252,0.08464173011384402
9.599,0.4994034155382252,0.08464173011384403
9.6,0.4994034155382252,0.08464173011384403
9.601,0.4994034155382252,0.08464173011384403
9.602,0.4994034155382252,0.08464173011384403
9.603,0.4994034155382252,0.08464173011384404
9.604,0.4994034155382252,0.08464173011384403
9.605,0.4994034155382252,0.08464173011384403
9.606,0.4994034155382252,0.08464173011384403
9.607,0.4994034155382252,0.08464173011384403
9.608,0.4994034155382252,0.08464173011384404
9.609,0.4994034155382252,0.08464173011384404
9.61,0.4994034155382252,0.08464173011384404
9.611,0.4994034155382252,0.08464173011384404
9.612,0.4994034155382252,0.08464173011384403
9.613,0.4994034155382252,0.08464173011384404
9.614,0.4994034155382252,0.08464173011384404
9.615,0.4994034155382252,0.08464173011384404
9.616,0.4994034155382252,0.08464173011384404
9.617,0.4994034155382252,0.08464173011384406
9.618,0.4994034155382252,0.08464173011384406
9.619,0.4994034155382252,0.08464173011384404
9.62,0.4994034155382252,0.08464173011384404
9.621,0.4994034155382252,0.08464173011384404
9.622,0.4994034155382252,0.08464173011384406
9.623,0.4994034155382252,0.08464173011384406
9.624,0.4994034155382252,0.08464173011384406
9.625,0.4994034155382252,0.08464173011384404
9.626,0.4994034155382252,0.08464173011384404
9.627,0.4994034155382252,0.08464173011384406
9.628,0.4994034155382252,0.08464173011384406
9.629,0.4994034155382252,0.08464173011384406
9.63,0.4994034155382252,0.08464173011384406
9.631,0.49940341553822526,0.08464173011384406
9.632,0.49940341553822526,0.08464173011384406
9.633,0.49940341553822526,0.08464173011384406
9.634,0.49940341553822526,0.08464173011384406
9.635,0.49940341553822526,0.08464173011384406
9.636,0.49940341553822526,0.08464173011384407
9.637,0.49940341553822526,0.08464173011384406
9.638,0.49940341553822526,0.08464173011384406
9.639,0.49940341553822526,0.08464173011384406
9.64,0.49940341553822526,0.08464173011384406
9.641,0.49940341553822526,0.08464173011384407
9.642,0.49940341553822526,0.08464173011384406
9.643,0.49940341553822526,0.08464173011384406
9.644,0.49940341553822526,0.08464173011384406
9.645,0.49940341553822526,0.08464173011384406
9.646,0.49940341553822526,0.08464173011384407
9.647,0.49940341553822526,0.08464173011384407
9.648,0.49940341553822526,0.08464173011384406
9.649,0.49940341553822526,0.08464173011384406
9.65,0.49940341553822526,0.08464173011384407
9.651,0.49940341553822526,0.08464173011384407
9.652,0.49940341553822526,0.08464173011384407
9.653,0.49940341553822526,0.08464173011384406
9.654,0.49940341553822526,0.08464173011384406
9.655,0.49940341553822526,0.08464173011384407
9.656,0.49940341553822526,0.08464173011384407
9.657,0.49940341553822526,0.08464173011384406
9.658,0.49940341553822526,0.08464173011384406
9.659,0.49940341553822526,0.08464173011384406
9.66,0.49940341553822526,0.08464173011384407
9.661,0.49940341553822526,0.08464173011384407
9.662,0.49940341553822526,0.08464173011384406
9.663,0.49940341553822526,0.08464173011384406
9.664,0.49940341553822526,0.08464173011384407
9.665,0.49940341553822526,0.08464173011384407
9.666,0.49940341553822526,0.08464173011384406
9.667,0.49940341553822526,0.08464173011384406
9.668,0.49940341553822526,0.08464173011384406
9.669,0.49940341553822526,0.08464173011384407
9.67,0.49940341553822526,0.08464173011384407
9.671,0.49940341553822526,0.08464173011384406
9.672,0.49940341553822526,0.08464173011384406
9.673,0.49940341553822526,0.08464173011384406
9.674,0.49940341553822526,0.08464173011384407
9.675,0.49940341553822526,0.08464173011384406
9.676,0.49940341553822526,0.08464173011384406
9.677,0.49940341553822526,0.08464173011384406
9.678,0.49940341553822526,0.08464173011384407
9.679,0.49940341553822526,0.08464173011384406
9.68,0.49940341553822526,0.08464173011384406
9.681,0.49940341553822526,0.08464173011384406
9.682,0.4994034155382252,0.08464173011384406
9.683,0.4994034155382252,0.08464173011384407
9.684,0.4994034155382252,0.08464173011384407
9.685,0.4994034155382252,0.08464173011384407
9.686,0.4994034155382252,0.08464173011384407
9.687,0.4994034155382252,0.08464173011384406
9.688,0.4994034155382252,0.08464173011384407
9.689,0.4994034155382252,0.08464173011384407
9.69,0.4994034155382252,0.08464173011384407
9.691,0.4994034155382252,0.08464173011384407
9.692,0.4994034155382252,0.08464173011384407
9.693,0.4994034155382252,0.08464173011384407
9.694,0.4994034155382252,0.08464173011384409
9.695,0.4994034155382252,0.08464173011384409
9.696,0.4994034155382252,0.08464173011384409
9.697,0.4994034155382252,0.08464173011384409
9.698,0.4994034155382252,0.08464173011384409
9.699,0.4994034155382252,0.08464173011384409
9.7,0.4994034155382252,0.08464173011384409
9.701,0.4994034155382252,0.08464173011384409
9.702,0.4994034155382252,0.08464173011384409
9.703,0.4994034155382252,0.08464173011384409
9.704,0.4994034155382252,0.08464173011384409
9.705,0.4994034155382252,0.0846417301138441
9.706,0.4994034155382252,0.0846417301138441
9.707,0.4994034155382252,0.0846417301138441
9.708,0.4994034155382252,0.0846417301138441
9.709,0.4994034155382252,0.0846417301138441
9.71,0.4994034155382252,0.08464173011384411
9.711,0.4994034155382252,0.0846417301138441
9.712,0.4994034155382252,0.0846417301138441
9.713,0.4994034155382252,0.0846417301138441
9.714,0.4994034155382252,0.0846417301138441
9.715,0.4994034155382252,0.0846417301138441
9.716,0.4994034155382252,0.08464173011384411
9.717,0.4994034155382252,0.08464173011384411
9.718,0.4994034155382252,0.08464173011384411
9.719,0.4994034155382252,0.08464173011384411
9.72,0.4994034155382252,0.08464173011384411
9.721,0.4994034155382252,0.08464173011384411
9.722,0.4994034155382252,0.08464173011384413
9.723,0.4994034155382252,0.08464173011384411
9.724,0.4994034155382252,0.08464173011384411
9.725,0.4994034155382252,0.08464173011384411
9.726,0.4994034155382252,0.08464173011384411
9.727,0.4994034155382252,0.08464173011384411
9.728,0.4994034155382252,0.08464173011384413
9.729,0.4994034155382252,0.08464173011384413
9.73,0.4994034155382252,0.08464173011384413
9.731,0.4994034155382252,0.08464173011384413
9.732,0.4994034155382252,0.08464173011384413
9.733,0.4994034155382252,0.08464173011384413
9.734,0.4994034155382252,0.08464173011384414
9.735,0.4994034155382252,0.08464173011384414
9.736,0.4994034155382252,0.08464173011384413
9.737,0.4994034155382252,0.08464173011384413
9.738,0.4994034155382252,0.08464173011384413
9.739,0.4994034155382252,0.08464173011384413
9.74,0.4994034155382252,0.08464173011384414
9.741,0.4994034155382252,0.08464173011384414
9.742,0.4994034155382252,0.08464173011384414
9.743,0.4994034155382252,0.08464173011384414
9.744,0.4994034155382252,0.08464173011384414
9.745,0.4994034155382252,0.08464173011384414
9.746,0.4994034155382252,0.08464173011384415
9.747,0.4994034155382252,0.08464173011384415
9.748,0.4994034155382252,0.08464173011384414
9.749,0.4994034155382252,0.08464173011384414
9.75,0.4994034155382252,0.08464173011384414
9.751,0.4994034155382252,0.08464173011384414
9.752,0.4994034155382252,0.08464173011384414
9.753,0.4994034155382252,0.08464173011384415
9.754,0.4994034155382252,0.08464173011384415
9.755,0.4994034155382252,0.08464173011384415
9.756,0.4994034155382252,0.08464173011384415
9.757,0.4994034155382252,0.08464173011384415
9.758,0.4994034155382252,0.08464173011384415
9.759,0.4994034155382252,0.08464173011384415
9.76,0.4994034155382252,0.08464173011384415
9.761,0.4994034155382252,0.08464173011384415
9.762,0.4994034155382252,0.08464173011384415
9.763,0.4994034155382252,0.08464173011384415
9.764,0.4994034155382252,0.08464173011384415
9.765,0.4994034155382252,0.08464173011384415
9.766,0.4994034155382252,0.08464173011384415
9.767,0.4994034155382252,0.08464173011384417
9.768,0.4994034155382252,0.08464173011384417
9.769,0.4994034155382252,0.08464173011384417
9.77,0.4994034155382252,0.08464173011384417
9.771,0.4994034155382252,0.08464173011384417
9.772,0.4994034155382252,0.08464173011384415
9.773,0.4994034155382252,0.08464173011384415
9.774,0.4994034155382252,0.08464173011384417
9.775,0.4994034155382252,0.08464173011384417
9.776,0.4994034155382252,0.08464173011384417
9.777,0.4994034155382252,0.08464173011384417
9.778,0.4994034155382252,0.08464173011384417
9.779,0.4994034155382252,0.08464173011384417
9.78,0.4994034155382252,0.08464173011384417
9.781,0.4994034155382252,0.08464173011384418
9.782,0.4994034155382252,0.08464173011384418
9.783,0.4994034155382252,0.08464173011384418
9.784,0.4994034155382252,0.08464173011384417
9.785,0.4994034155382252,0.08464173011384417
9.786,0.4994034155382252,0.08464173011384417
9.787,0.4994034155382252,0.08464173011384417
9.788,0.4994034155382252,0.08464173011384417
9.789,0.4994034155382252,0.08464173011384418
9.79,0.4994034155382252,0.08464173011384418
9.791,0.4994034155382252,0.08464173011384418
9.792,0.4994034155382252,0.08464173011384418
9.793,0.4994034155382252,0.08464173011384418
9.794,0.4994034155382252,0.08464173011384418
9.795,0.4994034155382252,0.08464173011384418
9.796,0.4994034155382252,0.08464173011384417
9.797,0.4994034155382252,0.08464173011384418
9.798,0.4994034155382252,0.08464173011384418
9.799,0.4994034155382252,0.08464173011384418
9.8,0.4994034155382252,0.08464173011384418
9.801,0.4994034155382252,0.08464173011384418
9.802,0.4994034155382252,0.08464173011384418
9.803,0.4994034155382252,0.08464173011384418
9.804,0.4994034155382252,0.08464173011384418
9.805,0.4994034155382252,0.0846417301138442
9.806,0.4994034155382252,0.0846417301138442
9.807,0.4994034155382252,0.0846417301138442
9.808,0.4994034155382252,0.08464173011384418
9.809,0.4994034155382252,0.08464173011384418
9.81,0.4994034155382252,0.08464173011384418
9.811,0.4994034155382252,0.08464173011384418
9.812,0.4994034155382252,0.08464173011384418
9.813,0.4994034155382252,0.08464173011384418
9.814,0.4994034155382252,0.0846417301138442
9.815,0.4994034155382252,0.0846417301138442
9.816,0.4994034155382252,0.0846417301138442
9.817,0.49940341553822526,0.0846417301138442
9.818,0.49940341553822526,0.0846417301138442
9.819,0.49940341553822526,0.0846417301138442
9.82,0.49940341553822526,0.08464173011384418
9.821,0.49940341553822526,0.08464173011384418
9.822,0.49940341553822526,0.08464173011384418
9.823,0.49940341553822526,0.08464173011384418
9.824,0.49940341553822526,0.0846417301138442
9.825,0.49940341553822526,0.0846417301138442
9.826,0.49940341553822526,0.0846417301138442
9.827,0.49940341553822526,0.0846417301138442
9.828,0.49940341553822526,0.0846417301138442
9.829,0.49940341553822526,0.0846417301138442
9.83,0.49940341553822526,0.0846417301138442
9.831,0.49940341553822526,0.0846417301138442
9.832,0.49940341553822526,0.08464173011384418
9.833,0.49940341553822526,0.08464173011384418
9.834,0.49940341553822526,0.0846417301138442
9.835,0.49940341553822526,0.0846417301138442
9.836,0.49940341553822526,0.0846417301138442
9.837,0.49940341553822526,0.0846417301138442
9.838,0.49940341553822526,0.0846417301138442
9.839,0.49940341553822526,0.0846417301138442
9.84,0.49940341553822526,0.0846417301138442
9.841,0.49940341553822526,0.0846417301138442
9.842,0.49940341553822526,0.0846417301138442
9.843,0.49940341553822526,0.0846417301138442
9.844,0.49940341553822526,0.0846417301138442
9.845,0.49940341553822526,0.0846417301138442
9.846,0.49940341553822526,0.0846417301138442
9.847,0.49940341553822526,0.0846417301138442
9.848,0.49940341553822526,0.0846417301138442
9.849,0.49940341553822526,0.0846417301138442
9.85,0.49940341553822526,0.0846417301138442
9.851,0.49940341553822526,0.0846417301138442
9.852,0.49940341553822526,0.0846417301138442
9.853,0.49940341553822526,0.0846417301138442
9.854,0.49940341553822526,0.0846417301138442
9.855,0.49940341553822526,0.0846417301138442
9.856,0.49940341553822526,0.0846417301138442
9.857,0.49940341553822526,0.0846417301138442
9.858,0.49940341553822526,0.0846417301138442
9.859,0.49940341553822526,0.0846417301138442
9.86,0.49940341553822526,0.0846417301138442
9.861,0.49940341553822526,0.0846417301138442
9.862,0.49940341553822526,0.0846417301138442
9.863,0.49940341553822526,0.0846417301138442
9.864,0.49940341553822526,0.0846417301138442
9.865,0.49940341553822526,0.0846417301138442
9.866,0.49940341553822526,0.0846417301138442
9.867,0.49940341553822526,0.0846417301138442
9.868,0.49940341553822526,0.08464173011384418
9.869,0.49940341553822526,0.0846417301138442
9.87,0.49940341553822526,0.0846417301138442
9.871,0.49940341553822526,0.0846417301138442
9.872,0.49940341553822526,0.0846417301138442
9.873,0.49940341553822526,0.0846417301138442
9.874,0.49940341553822526,0.0846417301138442
9.875,0.49940341553822526,0.0846417301138442
9.876,0.49940341553822526,0.0846417301138442
9.877,0.49940341553822526,0.0846417301138442
9.878,0.49940341553822526,0.0846417301138442
9.879,0.49940341553822526,0.0846417301138442
9.88,0.49940341553822526,0.0846417301138442
9.881,0.49940341553822526,0.08464173011384418
9.882,0.49940341553822526,0.08464173011384418
9.883,0.49940341553822526,0.0846417301138442
9.884,0.49940341553822526,0.0846417301138442
9.885,0.49940341553822526,0.0846417301138442
9.886,0.49940341553822526,0.0846417301138442
9.887,0.49940341553822526,0.0846417301138442
9.888,0.49940341553822526,0.0846417301138442
9.889,0.49940341553822526,0.0846417301138442
9.89,0.49940341553822526,0.0846417301138442
9.891,0.49940341553822526,0.0846417301138442
9.892,0.49940341553822526,0.0846417301138442
9.893,0.49940341553822526,0.08464173011384418
9.894,0.49940341553822526,0.08464173011384418
9.895,0.49940341553822526,0.08464173011384418
9.896,0.49940341553822526,0.08464173011384418
9.897,0.49940341553822526,0.08464173011384418
9.898,0.49940341553822526,0.08464173011384418
9.899,0.49940341553822526,0.0846417301138442
9.9,0.49940341553822526,0.0846417301138442
9.901,0.49940341553822526,0.0846417301138442
9.902,0.49940341553822526,0.0846417301138442
9.903,0.49940341553822526,0.0846417301138442
9.904,0.49940341553822526,0.0846417301138442
9.905,0.49940341553822526,0.08464173011384418
9.906,0.49940341553822526,0.08464173011384418
9.907,0.49940341553822526,0.08464173011384418
9.908,0.49940341553822526,0.08464173011384418
9.909,0.49940341553822526,0.08464173011384418
9.91,0.49940341553822526,0.08464173011384418
9.911,0.49940341553822526,0.08464173011384418
9.912,0.49940341553822526,0.08464173011384418
9.913,0.49940341553822526,0.08464173011384418
9.914,0.49940341553822526,0.08464173011384418
9.915,0.49940341553822526,0.08464173011384418
9.916,0.49940341553822526,0.08464173011384418
9.917,0.49940341553822526,0.08464173011384417
9.918,0.49940341553822526,0.08464173011384417
9.919,0.49940341553822526,0.08464173011384417
9.92,0.49940341553822526,0.08464173011384418
9.921,0.49940341553822526,0.08464173011384418
9.922,0.49940341553822526,0.08464173011384418
9.923,0.49940341553822526,0.08464173011384418
9.924,0.49940341553822526,0.08464173011384418
9.925,0.49940341553822526,0.08464173011384418
9.926,0.49940341553822526,0.08464173011384418
9.927,0.49940341553822526,0.08464173011384418
9.928,0.49940341553822526,0.08464173011384418
9.929,0.49940341553822526,0.08464173011384417
9.93,0.49940341553822526,0.08464173011384417
9.931,0.49940341553822526,0.08464173011384417
9.932,0.49940341553822526,0.08464173011384417
9.933,0.49940341553822526,0.08464173011384417
9.934,0.49940341553822526,0.08464173011384417
9.935,0.49940341553822526,0.08464173011384417
9.936,0.49940341553822526,0.08464173011384417
9.937,0.49940341553822526,0.08464173011384417
9.938,0.49940341553822526,0.08464173011384417
9.939,0.49940341553822526,0.08464173011384417
9.94,0.49940341553822526,0.08464173011384417
9.941,0.49940341553822526,0.08464173011384415
9.942,0.49940341553822526,0.08464173011384415
9.943,0.49940341553822526,0.08464173011384415
9.944,0.49940341553822526,0.08464173011384415
9.945,0.49940341553822526,0.08464173011384415
9.946,0.49940341553822526,0.08464173011384415
9.947,0.49940341553822526,0.08464173011384415
9.948,0.49940341553822526,0.08464173011384415
9.949,0.49940341553822526,0.08464173011384415
9.95,0.49940341553822526,0.08464173011384415
9.951,0.49940341553822526,0.08464173011384415
9.952,0.49940341553822526,0.08464173011384415
9.953,0.49940341553822526,0.08464173011384414
9.954,0.49940341553822526,0.08464173011384415
9.955,0.49940341553822526,0.08464173011384415
9.956,0.49940341553822526,0.08464173011384415
9.957,0.49940341553822526,0.08464173011384415
9.958,0.49940341553822526,0.08464173011384415
9.959,0.49940341553822526,0.08464173011384415
9.96,0.49940341553822526,0.08464173011384415
9.961,0.49940341553822526,0.08464173011384415
9.962,0.49940341553822526,0.08464173011384415
9.963,0.49940341553822526,0.08464173011384415
9.964,0.49940341553822526,0.08464173011384415
9.965,0.49940341553822526,0.08464173011384414
9.966,0.49940341553822526,0.08464173011384414
9.967,0.49940341553822526,0.08464173011384414
9.968,0.49940341553822526,0.08464173011384414
9.969,0.49940341553822526,0.08464173011384414
9.97,0.49940341553822526,0.08464173011384414
9.971,0.49940341553822526,0.08464173011384414
9.972,0.49940341553822526,0.08464173011384414
9.973,0.49940341553822526,0.08464173011384414
9.974,0.49940341553822526,0.08464173011384414
9.975,0.49940341553822526,0.08464173011384414
9.976,0.49940341553822526,0.08464173011384414
9.977,0.49940341553822526,0.08464173011384413
9.978,0.49940341553822526,0.08464173011384413
9.979,0.49940341553822526,0.08464173011384413
9.98,0.49940341553822526,0.08464173011384413
9.981,0.49940341553822526,0.08464173011384413
9.982,0.49940341553822526,0.08464173011384413
9.983,0.49940341553822526,0.08464173011384413
9.984,0.49940341553822526,0.08464173011384413
9.985,0.49940341553822526,0.08464173011384413
9.986,0.49940341553822526,0.08464173011384413
9.987,0.49940341553822526,0.08464173011384413
9.988,0.49940341553822526,0.08464173011384413
9.989,0.49940341553822526,0.08464173011384411
9.99,0.49940341553822526,0.08464173011384411
9.991,0.49940341553822526,0.08464173011384411
9.992,0.49940341553822526,0.08464173011384411
9.993,0.49940341553822526,0.08464173011384411
9.994,0.49940341553822526,0.08464173011384411
9.995,0.49940341553822526,0.08464173011384411
9.996,0.49940341553822526,0.08464173011384411
9.997,0.49940341553822526,0.08464173011384411
9.998,0.49940341553822526,0.08464173011384411
9.999,0.49940341553822526,0.08464173011384411
10,0.49940341553822526,0.08464173011384411
10,0.499403415538225,0.08464173011384045
10.001,0.4994034155382249,0.08464173011384056
10.002,0.49940341553822487,0.08464173011384045
10.003,0.499403415538225,0.08464173011384105
10.004,0.4994034155382252,0.08464173011384246
10.005,0.49940341553822526,0.08464173011384318
10.006,0.49940341553822537,0.0846417301138435
10.007,0.4994034155382253,0.08464173011384353
10.008,0.49940341553822526,0.08464173011384321
10.009,0.49940341553822526,0.0846417301138432
10.01,0.49940341553822526,0.08464173011384328
10.011,0.49940341553822526,0.08464173011384334
10.012,0.49940341553822526,0.0846417301138434
10.013,0.49940341553822526,0.08464173011384345
10.014,0.49940341553822526,0.08464173011384349
10.015,0.49940341553822526,0.0846417301138435
10.016,0.49940341553822526,0.08464173011384352
10.017,0.49940341553822526,0.08464173011384356
10.018,0.49940341553822526,0.08464173011384363
10.019,0.49940341553822526,0.08464173011384368
10.02,0.49940341553822526,0.08464173011384375
10.021,0.49940341553822526,0.08464173011384382
10.022,0.4994034155382253,0.08464173011384388
10.023,0.49940341553822526,0.08464173011384396
10.024,0.49940341553822526,0.08464173011384404
10.025,0.49940341553822526,0.08464173011384413
10.026,0.49940341553822526,0.0846417301138442
10.027,0.4994034155382253,0.08464173011384428
10.028,0.4994034155382253,0.08464173011384438
10.029,0.4994034155382253,0.08464173011384446
10.03,0.49940341553822537,0.08464173011384456
10.031,0.49940341553822537,0.08464173011384465
10.032,0.49940341553822537,0.08464173011384475
10.033,0.49940341553822537,0.08464173011384482
10.034,0.49940341553822537,0.08464173011384485
10.035,0.49940341553822537,0.08464173011384489
10.036,0.49940341553822537,0.0846417301138449
10.037,0.49940341553822537,0.08464173011384492
10.038,0.4994034155382254,0.08464173011384493
10.039,0.4994034155382254,0.08464173011384495
10.04,0.49940341553822537,0.08464173011384495
10.041,0.49940341553822537,0.08464173011384493
10.042,0.49940341553822537,0.08464173011384492
10.043,0.49940341553822537,0.0846417301138449
10.044,0.49940341553822537,0.08464173011384489
10.045,0.49940341553822537,0.08464173011384485
10.046,0.49940341553822537,0.08464173011384482
10.047,0.49940341553822537,0.08464173011384479
10.048,0.49940341553822537,0.08464173011384474
10.049,0.49940341553822537,0.0846417301138447
10.05,0.49940341553822537,0.08464173011384464
10.051,0.49940341553822537,0.08464173011384458
10.052,0.49940341553822537,0.08464173011384452
10.053,0.49940341553822537,0.08464173011384445
10.054,0.49940341553822537,0.08464173011384436
10.055,0.49940341553822537,0.0846417301138443
10.056,0.49940341553822537,0.08464173011384421
10.057,0.4994034155382253,0.08464173011384411
10.058,0.4994034155382253,0.08464173011384402
10.059,0.4994034155382253,0.08464173011384392
10.06,0.4994034155382253,0.08464173011384381
10.061,0.4994034155382253,0.0846417301138437
10.062,0.49940341553822526,0.08464173011384357
10.063,0.49940341553822526,0.08464173011384346
10.064,0.49940341553822526,0.08464173011384332
10.065,0.49940341553822526,0.08464173011384318
10.066,0.49940341553822526,0.0846417301138431
10.067,0.49940341553822526,0.08464173011384306
10.068,0.4994034155382253,0.08464173011384303
10.069,0.4994034155382253,0.08464173011384302
10.07,0.4994034155382253,0.08464173011384299
10.071,0.4994034155382253,0.08464173011384296
10.072,0.4994034155382253,0.08464173011384295
10.073,0.4994034155382253,0.08464173011384293
10.074,0.4994034155382253,0.08464173011384292
10.075,0.4994034155382253,0.08464173011384289
10.076,0.4994034155382253,0.08464173011384288
10.077,0.49940341553822526,0.08464173011384286
10.078,0.49940341553822526,0.08464173011384285
10.079,0.49940341553822526,0.08464173011384284
10.08,0.49940341553822526,0.08464173011384282
10.081,0.49940341553822526,0.08464173011384281
10.082,0.49940341553822526,0.08464173011384281
10.083,0.49940341553822526,0.0846417301138428
10.084,0.49940341553822526,0.0846417301138428
10.085,0.49940341553822526,0.08464173011384278
10.086,0.49940341553822526,0.08464173011384278
10.087,0.49940341553822526,0.08464173011384278
10.088,0.49940341553822526,0.08464173011384278
10.089,0.49940341553822526,0.08464173011384278
10.09,0.49940341553822526,0.08464173011384278
10.091,0.49940341553822526,0.08464173011384278
10.092,0.49940341553822526,0.0846417301138428
10.093,0.49940341553822526,0.0846417301138428
10.094,0.49940341553822526,0.08464173011384281
10.095,0.49940341553822526,0.08464173011384281
10.096,0.49940341553822526,0.08464173011384282
10.097,0.49940341553822526,0.08464173011384284
10.098,0.49940341553822526,0.08464173011384285
10.099,0.49940341553822526,0.08464173011384286
10.1,0.49940341553822526,0.08464173011384288
10.101,0.49940341553822526,0.08464173011384289
10.102,0.49940341553822526,0.0846417301138429
10.103,0.49940341553822526,0.08464173011384293
10.104,0.49940341553822526,0.08464173011384295
10.105,0.49940341553822526,0.08464173011384298
10.106,0.49940341553822526,0.084641730113843
10.107,0.49940341553822526,0.08464173011384302
10.108,0.49940341553822526,0.08464173011384304
10.109,0.49940341553822526,0.08464173011384307
10.11,0.4994034155382253,0.0846417301138431
10.111,0.4994034155382253,0.08464173011384314
10.112,0.4994034155382253,0.08464173011384317
10.113,0.4994034155382253,0.0846417301138432
10.114,0.4994034155382253,0.08464173011384325
10.115,0.4994034155382253,0.08464173011384328
10.116,0.4994034155382253,0.08464173011384332
10.117,0.4994034155382253,0.08464173011384336
10.118,0.4994034155382253,0.0846417301138434
10.119,0.4994034155382253,0.08464173011384345
10.12,0.4994034155382253,0.08464173011384349
10.121,0.49940341553822537,0.08464173011384353
10.122,0.49940341553822537,0.08464173011384357
10.123,0.49940341553822537,0.08464173011384361
10.124,0.49940341553822537,0.08464173011384367
10.125,0.49940341553822537,0.08464173011384371
10.126,0.49940341553822537,0.08464173011384377
10.127,0.49940341553822537,0.08464173011384382
10.128,0.49940341553822537,0.08464173011384388
10.129,0.49940341553822537,0.08464173011384393
10.13,0.49940341553822537,0.08464173011384399
10.131,0.49940341553822537,0.08464173011384404
10.132,0.49940341553822537,0.08464173011384406
10.133,0.49940341553822537,0.08464173011384406
10.134,0.49940341553822537,0.08464173011384406
10.135,0.49940341553822537,0.08464173011384407
10.136,0.49940341553822537,0.08464173011384409
10.137,0.49940341553822537,0.08464173011384409
10.138,0.49940341553822537,0.08464173011384409
10.139,0.49940341553822537,0.0846417301138441
10.14,0.49940341553822537,0.08464173011384411
10.141,0.49940341553822537,0.08464173011384413
10.142,0.49940341553822537,0.08464173011384411
10.143,0.49940341553822537,0.08464173011384413
10.144,0.49940341553822537,0.08464173011384414
10.145,0.49940341553822537,0.08464173011384414
10.146,0.49940341553822537,0.08464173011384415
10.147,0.49940341553822537,0.08464173011384414
10.148,0.49940341553822537,0.08464173011384415
10.149,0.49940341553822537,0.08464173011384417
10.15,0.49940341553822537,0.08464173011384417
10.151,0.49940341553822537,0.08464173011384418
10.152,0.49940341553822537,0.08464173011384417
10.153,0.49940341553822537,0.08464173011384418
10.154,0.49940341553822537,0.08464173011384418
10.155,0.49940341553822537,0.0846417301138442
10.156,0.49940341553822537,0.08464173011384421
10.157,0.49940341553822537,0.0846417301138442
10.158,0.49940341553822537,0.08464173011384421
10.159,0.49940341553822537,0.08464173011384421
10.16,0.49940341553822537,0.08464173011384421
10.161,0.49940341553822537,0.08464173011384422
10.162,0.49940341553822537,0.08464173011384421
10.163,0.49940341553822537,0.08464173011384422
10.164,0.49940341553822537,0.08464173011384422
10.165,0.49940341553822537,0.08464173011384424
10.166,0.49940341553822537,0.08464173011384424
10.167,0.49940341553822537,0.08464173011384422
10.168,0.49940341553822537,0.08464173011384424
10.169,0.49940341553822537,0.08464173011384424
10.17,0.49940341553822537,0.08464173011384424
10.171,0.49940341553822537,0.08464173011384425
10.172,0.49940341553822537,0.08464173011384424
10.173,0.49940341553822537,0.08464173011384424
10.174,0.49940341553822537,0.08464173011384425
10.175,0.49940341553822537,0.08464173011384425
10.176,0.49940341553822537,0.08464173011384425
10.177,0.49940341553822537,0.08464173011384424
10.178,0.49940341553822537,0.08464173011384425
10.179,0.49940341553822537,0.08464173011384425
10.18,0.49940341553822537,0.08464173011384425
10.181,0.49940341553822537,0.08464173011384425
10.182,0.49940341553822537,0.08464173011384424
10.183,0.49940341553822537,0.08464173011384425
10.184,0.4994034155382254,0.08464173011384425
10.185,0.4994034155382254,0.08464173011384425
10.186,0.4994034155382254,0.08464173011384425
10.187,0.4994034155382254,0.08464173011384424
10.188,0.4994034155382254,0.08464173011384424
10.189,0.4994034155382254,0.08464173011384424
10.19,0.4994034155382254,0.08464173011384425
10.191,0.4994034155382254,0.08464173011384424
10.192,0.4994034155382254,0.08464173011384424
10.193,0.4994034155382254,0.08464173011384424
10.194,0.4994034155382254,0.08464173011384424
10.195,0.4994034155382254,0.08464173011384424
10.196,0.4994034155382254,0.08464173011384422
10.197,0.4994034155382254,0.08464173011384422
10.198,0.4994034155382254,0.08464173011384422
10.199,0.4994034155382254,0.08464173011384422
10.2,0.4994034155382254,0.08464173011384422
10.201,0.4994034155382254,0.08464173011384421
10.202,0.4994034155382254,0.08464173011384421
10.203,0.4994034155382254,0.08464173011384421
10.204,0.4994034155382254,0.0846417301138442
10.205,0.4994034155382254,0.0846417301138442
10.206,0.4994034155382254,0.08464173011384418
10.207,0.4994034155382254,0.08464173011384418
10.208,0.4994034155382254,0.08464173011384418
10.209,0.4994034155382254,0.08464173011384418
10.21,0.49940341553822537,0.08464173011384418
10.211,0.49940341553822537,0.08464173011384417
10.212,0.49940341553822537,0.08464173011384415
10.213,0.49940341553822537,0.08464173011384415
10.214,0.49940341553822537,0.08464173011384415
10.215,0.49940341553822537,0.08464173011384415
10.216,0.49940341553822537,0.08464173011384413
10.217,0.49940341553822537,0.08464173011384413
10.218,0.49940341553822537,0.08464173011384413
10.219,0.49940341553822537,0.08464173011384413
10.22,0.49940341553822537,0.08464173011384411
10.221,0.49940341553822537,0.0846417301138441
10.222,0.49940341553822537,0.0846417301138441
10.223,0.49940341553822537,0.08464173011384409
10.224,0.49940341553822537,0.08464173011384409
10.225,0.49940341553822537,0.08464173011384409
10.226,0.49940341553822537,0.08464173011384406
10.227,0.49940341553822537,0.08464173011384406
10.228,0.49940341553822537,0.08464173011384406
10.229,0.49940341553822537,0.08464173011384404
10.23,0.49940341553822537,0.08464173011384404
10.231,0.49940341553822537,0.08464173011384402
10.232,0.49940341553822537,0.08464173011384402
10.233,0.49940341553822537,0.08464173011384402
10.234,0.49940341553822537,0.084641730113844
10.235,0.49940341553822537,0.084641730113844
10.236,0.49940341553822537,0.08464173011384397
10.237,0.49940341553822537,0.08464173011384397
10.238,0.49940341553822537,0.08464173011384396
10.239,0.49940341553822537,0.08464173011384396
10.24,0.49940341553822537,0.08464173011384395
10.241,0.49940341553822537,0.08464173011384393
10.242,0.49940341553822537,0.08464173011384392
10.243,0.49940341553822537,0.0846417301138439
10.244,0.49940341553822537,0.0846417301138439
10.245,0.49940341553822537,0.08464173011384388
10.246,0.49940341553822537,0.08464173011384388
10.247,0.49940341553822537,0.08464173011384386
10.248,0.49940341553822537,0.08464173011384385
10.249,0.49940341553822537,0.08464173011384385
10.25,0.49940341553822537,0.08464173011384382
10.251,0.49940341553822537,0.08464173011384381
10.252,0.49940341553822537,0.08464173011384381
10.253,0.49940341553822537,0.0846417301138438
10.254,0.49940341553822537,0.08464173011384378
10.255,0.49940341553822537,0.08464173011384377
10.256,0.49940341553822537,0.08464173011384375
10.257,0.49940341553822537,0.08464173011384374
10.258,0.49940341553822537,0.08464173011384372
10.259,0.49940341553822537,0.08464173011384372
10.26,0.49940341553822537,0.0846417301138437
10.261,0.49940341553822537,0.08464173011384368
10.262,0.49940341553822537,0.08464173011384367
10.263,0.49940341553822537,0.08464173011384367
10.264,0.49940341553822537,0.08464173011384367
10.265,0.49940341553822537,0.08464173011384367
10.266,0.49940341553822537,0.08464173011384366
10.267,0.49940341553822537,0.08464173011384366
10.268,0.49940341553822537,0.08464173011384366
10.269,0.49940341553822537,0.08464173011384366
10.27,0.49940341553822537,0.08464173011384366
10.271,0.49940341553822537,0.08464173011384366
10.272,0.49940341553822537,0.08464173011384366
10.273,0.49940341553822537,0.08464173011384364
10.274,0.49940341553822537,0.08464173011384364
10.275,0.49940341553822537,0.08464173011384364
10.276,0.49940341553822537,0.08464173011384364
10.277,0.49940341553822537,0.08464173011384364
10.278,0.49940341553822537,0.08464173011384364
10.279,0.49940341553822537,0.08464173011384364
10.28,0.49940341553822537,0.08464173011384363
10.281,0.49940341553822537,0.08464173011384363
10.282,0.49940341553822537,0.08464173011384363
10.283,0.49940341553822537,0.08464173011384363
10.284,0.49940341553822537,0.08464173011384363
10.285,0.49940341553822537,0.08464173011384363
10.286,0.49940341553822537,0.08464173011384363
10.287,0.49940341553822537,0.08464173011384363
10.288,0.49940341553822537,0.08464173011384361
10.289,0.49940341553822537,0.08464173011384361
10.29,0.49940341553822537,0.08464173011384361
10.291,0.49940341553822537,0.08464173011384361
10.292,0.49940341553822537,0.08464173011384361
10.293,0.49940341553822537,0.08464173011384361
10.294,0.49940341553822537,0.08464173011384361
10.295,0.49940341553822537,0.08464173011384361
10.296,0.49940341553822537,0.08464173011384361
10.297,0.49940341553822537,0.0846417301138436
10.298,0.4994034155382253,0.0846417301138436
10.299,0.4994034155382253,0.0846417301138436
10.3,0.4994034155382253,0.0846417301138436
10.301,0.4994034155382253,0.08464173011384361
10.302,0.4994034155382253,0.08464173011384361
10.303,0.4994034155382253,0.08464173011384361
10.304,0.4994034155382253,0.08464173011384361
10.305,0.4994034155382253,0.08464173011384361
10.306,0.4994034155382253,0.0846417301138436
10.307,0.4994034155382253,0.0846417301138436
10.308,0.4994034155382253,0.0846417301138436
10.309,0.4994034155382253,0.0846417301138436
10.31,0.4994034155382253,0.0846417301138436
10.311,0.4994034155382253,0.0846417301138436
10.312,0.4994034155382253,0.0846417301138436
10.313,0.4994034155382253,0.0846417301138436
10.314,0.4994034155382253,0.0846417301138436
10.315,0.4994034155382253,0.0846417301138436
10.316,0.4994034155382253,0.08464173011384359
10.317,0.4994034155382253,0.08464173011384359
10.318,0.4994034155382253,0.08464173011384359
10.319,0.4994034155382253,0.08464173011384359
10.32,0.4994034155382253,0.08464173011384359
10.321,0.4994034155382253,0.08464173011384359
10.322,0.4994034155382253,0.08464173011384359
10.323,0.4994034155382253,0.08464173011384359
10.324,0.4994034155382253,0.08464173011384359
10.325,0.4994034155382253,0.08464173011384359
10.326,0.4994034155382253,0.08464173011384359
10.327,0.4994034155382253,0.08464173011384359
10.328,0.4994034155382253,0.08464173011384357
10.329,0.4994034155382253,0.08464173011384357
10.33,0.4994034155382253,0.08464173011384357
10.331,0.4994034155382253,0.08464173011384357
10.332,0.4994034155382253,0.08464173011384357
10.333,0.4994034155382253,0.08464173011384357
10.334,0.4994034155382253,0.08464173011384357
10.335,0.4994034155382253,0.08464173011384357
10.336,0.4994034155382253,0.08464173011384357
10.337,0.4994034155382253,0.08464173011384357
10.338,0.4994034155382253,0.08464173011384357
10.339,0.4994034155382253,0.08464173011384357
10.34,0.4994034155382253,0.08464173011384357
10.341,0.4994034155382253,0.08464173011384357
10.342,0.4994034155382253,0.08464173011384359
10.343,0.4994034155382253,0.08464173011384357
10.344,0.4994034155382253,0.08464173011384357
10.345,0.4994034155382253,0.08464173011384357
10.346,0.4994034155382253,0.08464173011384357
10.347,0.4994034155382253,0.08464173011384357
10.348,0.4994034155382253,0.08464173011384357
10.349,0.4994034155382253,0.08464173011384357
10.35,0.4994034155382253,0.08464173011384357
10.351,0.4994034155382253,0.08464173011384357
10.352,0.4994034155382253,0.08464173011384357
10.353,0.4994034155382253,0.08464173011384357
10.354,0.4994034155382253,0.08464173011384357
10.355,0.4994034155382253,0.08464173011384357
10.356,0.4994034155382253,0.08464173011384357
10.357,0.4994034155382253,0.08464173011384357
10.358,0.4994034155382253,0.08464173011384357
10.359,0.4994034155382253,0.08464173011384357
10.36,0.4994034155382253,0.08464173011384357
10.361,0.4994034155382253,0.08464173011384357
10.362,0.4994034155382253,0.08464173011384357
10.363,0.4994034155382253,0.08464173011384357
10.364,0.4994034155382253,0.08464173011384357
10.365,0.4994034155382253,0.08464173011384356
10.366,0.4994034155382253,0.08464173011384356
10.367,0.4994034155382253,0.08464173011384356
10.368,0.4994034155382253,0.08464173011384356
10.369,0.4994034155382253,0.08464173011384356
10.37,0.4994034155382253,0.08464173011384356
10.371,0.4994034155382253,0.08464173011384356
10.372,0.4994034155382253,0.08464173011384356
10.373,0.4994034155382253,0.08464173011384356
10.374,0.4994034155382253,0.08464173011384356
10.375,0.4994034155382253,0.08464173011384356
10.376,0.4994034155382253,0.08464173011384356
10.377,0.4994034155382253,0.08464173011384356
10.378,0.4994034155382253,0.08464173011384356
10.379,0.4994034155382253,0.08464173011384356
10.38,0.4994034155382253,0.08464173011384356
10.381,0.4994034155382253,0.08464173011384356
10.382,0.4994034155382253,0.08464173011384356
10.383,0.4994034155382253,0.08464173011384357
10.384,0.4994034155382253,0.08464173011384357
10.385,0.4994034155382253,0.08464173011384357
10.386,0.4994034155382253,0.08464173011384357
10.387,0.4994034155382253,0.08464173011384357
10.388,0.4994034155382253,0.08464173011384357
10.389,0.49940341553822526,0.08464173011384357
10.39,0.49940341553822526,0.08464173011384357
10.391,0.49940341553822526,0.08464173011384357
10.392,0.49940341553822526,0.08464173011384357
10.393,0.49940341553822526,0.08464173011384357
10.394,0.49940341553822526,0.08464173011384357
10.395,0.49940341553822526,0.08464173011384357
10.396,0.49940341553822526,0.08464173011384357
10.397,0.49940341553822526,0.08464173011384357
10.398,0.49940341553822526,0.08464173011384357
10.399,0.49940341553822526,0.08464173011384357
10.4,0.49940341553822526,0.08464173011384357
10.401,0.49940341553822526,0.08464173011384357
10.402,0.49940341553822526,0.08464173011384357
10.403,0.49940341553822526,0.08464173011384357
10.404,0.49940341553822526,0.08464173011384357
10.405,0.49940341553822526,0.08464173011384357
10.406,0.49940341553822526,0.08464173011384357
10.407,0.49940341553822526,0.08464173011384357
10.408,0.49940341553822526,0.08464173011384357
10.409,0.49940341553822526,0.08464173011384357
10.41,0.49940341553822526,0.08464173011384357
10.411,0.49940341553822526,0.08464173011384357
10.412,0.49940341553822526,0.08464173011384357
10.413,0.49940341553822526,0.08464173011384357
10.414,0.49940341553822526,0.08464173011384357
10.415,0.49940341553822526,0.08464173011384357
10.416,0.49940341553822526,0.08464173011384357
10.417,0.49940341553822526,0.08464173011384357
10.418,0.49940341553822526,0.08464173011384357
10.419,0.49940341553822526,0.08464173011384357
10.42,0.49940341553822526,0.08464173011384357
10.421,0.49940341553822526,0.08464173011384357
10.422,0.49940341553822526,0.08464173011384359
10.423,0.49940341553822526,0.0846417301138436
10.424,0.49940341553822526,0.0846417301138436
10.425,0.49940341553822526,0.0846417301138436
10.426,0.49940341553822526,0.0846417301138436
10.427,0.49940341553822526,0.0846417301138436
10.428,0.49940341553822526,0.0846417301138436
10.429,0.49940341553822526,0.0846417301138436
10.43,0.49940341553822526,0.0846417301138436
10.431,0.49940341553822526,0.0846417301138436
10.432,0.49940341553822526,0.0846417301138436
10.433,0.49940341553822526,0.0846417301138436
10.434,0.49940341553822526,0.0846417301138436
10.435,0.49940341553822526,0.0846417301138436
10.436,0.49940341553822526,0.0846417301138436
10.437,0.49940341553822526,0.0846417301138436
10.438,0.49940341553822526,0.0846417301138436
10.439,0.49940341553822526,0.0846417301138436
10.44,0.49940341553822526,0.0846417301138436
10.441,0.49940341553822526,0.0846417301138436
10.442,0.49940341553822526,0.0846417301138436
10.443,0.49940341553822526,0.0846417301138436
10.444,0.49940341553822526,0.08464173011384361
10.445,0.49940341553822526,0.08464173011384361
10.446,0.49940341553822526,0.08464173011384361
10.447,0.49940341553822526,0.08464173011384361
10.448,0.49940341553822526,0.08464173011384361
10.449,0.49940341553822526,0.08464173011384361
10.45,0.49940341553822526,0.08464173011384361
10.451,0.49940341553822526,0.08464173011384361
10.452,0.49940341553822526,0.08464173011384361
10.453,0.49940341553822526,0.08464173011384361
10.454,0.49940341553822526,0.08464173011384361
10.455,0.49940341553822526,0.08464173011384361
10.456,0.49940341553822526,0.08464173011384361
10.457,0.49940341553822526,0.08464173011384361
10.458,0.49940341553822526,0.08464173011384361
10.459,0.49940341553822526,0.08464173011384363
10.46,0.49940341553822526,0.08464173011384363
10.461,0.49940341553822526,0.08464173011384363
10.462,0.49940341553822526,0.08464173011384363
10.463,0.49940341553822526,0.08464173011384363
10.464,0.49940341553822526,0.08464173011384364
10.465,0.49940341553822526,0.08464173011384364
10.466,0.49940341553822526,0.08464173011384364
10.467,0.49940341553822526,0.08464173011384364
10.468,0.49940341553822526,0.08464173011384364
10.469,0.49940341553822526,0.08464173011384364
10.47,0.49940341553822526,0.08464173011384364
10.471,0.49940341553822526,0.08464173011384366
10.472,0.49940341553822526,0.08464173011384366
10.473,0.49940341553822526,0.08464173011384366
10.474,0.49940341553822526,0.08464173011384366
10.475,0.49940341553822526,0.08464173011384366
10.476,0.49940341553822526,0.08464173011384366
10.477,0.49940341553822526,0.08464173011384366
10.478,0.49940341553822526,0.08464173011384366
10.479,0.4994034155382252,0.08464173011384366
10.48,0.4994034155382252,0.08464173011384366
10.481,0.4994034155382252,0.08464173011384367
10.482,0.4994034155382252,0.08464173011384367
10.483,0.4994034155382252,0.08464173011384367
10.484,0.4994034155382252,0.08464173011384367
10.485,0.4994034155382252,0.08464173011384367
10.486,0.4994034155382252,0.08464173011384367
10.487,0.4994034155382252,0.08464173011384367
10.488,0.4994034155382252,0.08464173011384367
10.489,0.4994034155382252,0.08464173011384367
10.49,0.4994034155382252,0.08464173011384367
10.491,0.4994034155382252,0.08464173011384368
10.492,0.4994034155382252,0.08464173011384368
10.493,0.4994034155382252,0.08464173011384368
10.494,0.4994034155382252,0.08464173011384368
10.495,0.4994034155382252,0.08464173011384368
10.496,0.4994034155382252,0.08464173011384368
10.497,0.4994034155382252,0.08464173011384368
10.498,0.4994034155382252,0.08464173011384368
10.499,0.4994034155382252,0.0846417301138437
10.5,0.4994034155382252,0.0846417301138437
10.501,0.4994034155382252,0.0846417301138437
10.502,0.4994034155382252,0.0846417301138437
10.503,0.4994034155382252,0.0846417301138437
10.504,0.4994034155382252,0.08464173011384371
10.505,0.4994034155382252,0.08464173011384371
10.506,0.4994034155382252,0.08464173011384371
10.507,0.4994034155382252,0.08464173011384372
10.508,0.4994034155382252,0.08464173011384372
10.509,0.4994034155382252,0.08464173011384372
10.51,0.4994034155382252,0.08464173011384372
10.511,0.4994034155382252,0.08464173011384372
10.512,0.4994034155382252,0.08464173011384372
10.513,0.4994034155382252,0.08464173011384372
10.514,0.4994034155382252,0.08464173011384372
10.515,0.4994034155382252,0.08464173011384374
10.516,0.4994034155382252,0.08464173011384374
10.517,0.4994034155382252,0.08464173011384374
10.518,0.4994034155382252,0.08464173011384374
10.519,0.4994034155382252,0.08464173011384374
10.52,0.4994034155382252,0.08464173011384374
10.521,0.4994034155382252,0.08464173011384375
10.522,0.4994034155382252,0.08464173011384375
10.523,0.4994034155382252,0.08464173011384375
10.524,0.4994034155382252,0.08464173011384375
10.525,0.4994034155382252,0.08464173011384375
10.526,0.4994034155382252,0.08464173011384377
10.527,0.4994034155382252,0.08464173011384377
10.528,0.4994034155382252,0.08464173011384377
10.529,0.4994034155382252,0.08464173011384377
10.53,0.4994034155382252,0.08464173011384377
10.531,0.4994034155382252,0.08464173011384377
10.532,0.4994034155382252,0.08464173011384377
10.533,0.4994034155382252,0.08464173011384377
10.534,0.4994034155382252,0.08464173011384377
10.535,0.4994034155382252,0.08464173011384377
10.536,0.4994034155382252,0.08464173011384377
10.537,0.4994034155382252,0.08464173011384377
10.538,0.4994034155382252,0.08464173011384377
10.539,0.4994034155382252,0.08464173011384377
10.54,0.4994034155382252,0.08464173011384377
10.541,0.4994034155382252,0.08464173011384377
10.542,0.4994034155382252,0.08464173011384377
10.543,0.4994034155382252,0.08464173011384377
10.544,0.4994034155382252,0.08464173011384377
10.545,0.4994034155382252,0.08464173011384377
10.546,0.4994034155382252,0.08464173011384377
10.547,0.4994034155382252,0.08464173011384377
10.548,0.4994034155382252,0.08464173011384378
10.549,0.4994034155382252,0.08464173011384378
10.55,0.4994034155382252,0.08464173011384378
10.551,0.4994034155382252,0.08464173011384378
10.552,0.4994034155382252,0.08464173011384378
10.553,0.4994034155382252,0.08464173011384378
10.554,0.4994034155382252,0.08464173011384378
10.555,0.49940341553822526,0.08464173011384378
10.556,0.49940341553822526,0.08464173011384378
10.557,0.49940341553822526,0.08464173011384378
10.558,0.49940341553822526,0.08464173011384378
10.559,0.49940341553822526,0.08464173011384378
10.56,0.49940341553822526,0.0846417301138438
10.561,0.49940341553822526,0.0846417301138438
10.562,0.49940341553822526,0.0846417301138438
10.563,0.49940341553822526,0.08464173011384378
10.564,0.49940341553822526,0.08464173011384378
10.565,0.49940341553822526,0.08464173011384378
10.566,0.49940341553822526,0.08464173011384378
10.567,0.49940341553822526,0.08464173011384378
10.568,0.49940341553822526,0.08464173011384378
10.569,0.49940341553822526,0.08464173011384378
10.57,0.49940341553822526,0.08464173011384378
10.571,0.49940341553822526,0.0846417301138438
10.572,0.49940341553822526,0.0846417301138438
10.573,0.49940341553822526,0.0846417301138438
10.574,0.49940341553822526,0.0846417301138438
10.575,0.49940341553822526,0.0846417301138438
10.576,0.49940341553822526,0.0846417301138438
10.577,0.4994034155382252,0.0846417301138438
10.578,0.4994034155382252,0.0846417301138438
10.579,0.4994034155382252,0.0846417301138438
10.58,0.4994034155382252,0.0846417301138438
10.581,0.4994034155382252,0.0846417301138438
10.582,0.4994034155382252,0.08464173011384381
10.583,0.4994034155382252,0.08464173011384381
10.584,0.4994034155382252,0.08464173011384381
10.585,0.4994034155382252,0.08464173011384381
10.586,0.4994034155382252,0.08464173011384381
10.587,0.4994034155382252,0.08464173011384381
10.588,0.4994034155382252,0.08464173011384381
10.589,0.4994034155382252,0.08464173011384381
10.59,0.4994034155382252,0.08464173011384381
10.591,0.4994034155382252,0.08464173011384381
10.592,0.4994034155382252,0.0846417301138438
10.593,0.4994034155382252,0.08464173011384381
10.594,0.4994034155382252,0.08464173011384381
10.595,0.4994034155382252,0.08464173011384381
10.596,0.4994034155382252,0.08464173011384381
10.597,0.4994034155382252,0.08464173011384381
10.598,0.4994034155382252,0.08464173011384381
10.599,0.4994034155382252,0.08464173011384381
10.6,0.4994034155382252,0.08464173011384381
10.601,0.4994034155382252,0.08464173011384381
10.602,0.4994034155382252,0.08464173011384381
10.603,0.4994034155382252,0.08464173011384381
10.604,0.4994034155382252,0.08464173011384381
10.605,0.4994034155382252,0.08464173011384382
10.606,0.4994034155382252,0.08464173011384382
10.607,0.4994034155382252,0.08464173011384382
10.608,0.4994034155382252,0.08464173011384382
10.609,0.4994034155382252,0.08464173011384382
10.61,0.4994034155382252,0.08464173011384382
10.611,0.4994034155382252,0.08464173011384382
10.612,0.4994034155382252,0.08464173011384382
10.613,0.4994034155382252,0.08464173011384382
10.614,0.4994034155382252,0.08464173011384382
10.615,0.4994034155382252,0.08464173011384382
10.616,0.4994034155382252,0.08464173011384384
10.617,0.4994034155382252,0.08464173011384384
10.618,0.4994034155382252,0.08464173011384384
10.619,0.4994034155382252,0.08464173011384384
10.62,0.4994034155382252,0.08464173011384384
10.621,0.4994034155382252,0.08464173011384384
10.622,0.4994034155382252,0.08464173011384384
10.623,0.4994034155382252,0.08464173011384384
10.624,0.4994034155382252,0.08464173011384384
10.625,0.4994034155382252,0.08464173011384384
10.626,0.4994034155382252,0.08464173011384382
10.627,0.4994034155382252,0.08464173011384384
10.628,0.4994034155382252,0.08464173011384384
10.629,0.4994034155382252,0.08464173011384384
10.63,0.4994034155382252,0.08464173011384384
10.631,0.4994034155382252,0.08464173011384384
10.632,0.4994034155382252,0.08464173011384384
10.633,0.4994034155382252,0.08464173011384384
10.634,0.4994034155382252,0.08464173011384384
10.635,0.4994034155382252,0.08464173011384384
10.636,0.4994034155382252,0.08464173011384384
10.637,0.4994034155382252,0.08464173011384384
10.638,0.4994034155382252,0.08464173011384385
10.639,0.4994034155382252,0.08464173011384385
10.64,0.4994034155382252,0.08464173011384385
10.641,0.4994034155382252,0.08464173011384385
10.642,0.4994034155382252,0.08464173011384385
10.643,0.4994034155382252,0.08464173011384385
10.644,0.4994034155382252,0.08464173011384385
10.645,0.4994034155382252,0.08464173011384385
10.646,0.4994034155382252,0.08464173011384385
10.647,0.4994034155382252,0.08464173011384385
10.648,0.4994034155382252,0.08464173011384385
10.649,0.4994034155382252,0.08464173011384385
10.65,0.4994034155382252,0.08464173011384386
10.651,0.4994034155382252,0.08464173011384386
10.652,0.4994034155382252,0.08464173011384386
10.653,0.4994034155382252,0.08464173011384386
10.654,0.4994034155382252,0.08464173011384386
10.655,0.4994034155382252,0.08464173011384386
10.656,0.4994034155382252,0.08464173011384386
10.657,0.4994034155382252,0.08464173011384386
10.658,0.4994034155382252,0.08464173011384386
10.659,0.4994034155382252,0.08464173011384386
10.66,0.4994034155382252,0.08464173011384386
10.661,0.4994034155382252,0.08464173011384388
10.662,0.4994034155382252,0.08464173011384388
10.663,0.4994034155382252,0.08464173011384388
10.664,0.4994034155382252,0.08464173011384388
10.665,0.4994034155382252,0.08464173011384388
10.666,0.4994034155382252,0.08464173011384388
10.667,0.4994034155382252,0.08464173011384388
10.668,0.4994034155382252,0.08464173011384388
10.669,0.4994034155382252,0.08464173011384388
10.67,0.4994034155382252,0.08464173011384386
10.671,0.4994034155382252,0.08464173011384386
10.672,0.4994034155382252,0.08464173011384388
10.673,0.4994034155382252,0.08464173011384388
10.674,0.4994034155382252,0.08464173011384388
10.675,0.4994034155382252,0.08464173011384388
10.676,0.4994034155382252,0.08464173011384388
10.677,0.4994034155382252,0.08464173011384388
10.678,0.4994034155382252,0.08464173011384388
10.679,0.4994034155382252,0.08464173011384388
10.68,0.4994034155382252,0.08464173011384388
10.681,0.4994034155382252,0.08464173011384388
10.682,0.4994034155382252,0.08464173011384388
10.683,0.4994034155382252,0.08464173011384389
10.684,0.4994034155382252,0.08464173011384389
10.685,0.4994034155382252,0.08464173011384389
10.686,0.4994034155382252,0.08464173011384389
10.687,0.4994034155382252,0.08464173011384389
10.688,0.4994034155382252,0.08464173011384389
10.689,0.4994034155382252,0.08464173011384389
10.69,0.4994034155382252,0.08464173011384389
10.691,0.4994034155382252,0.08464173011384389
10.692,0.4994034155382252,0.08464173011384389
10.693,0.4994034155382252,0.08464173011384389
10.694,0.4994034155382252,0.08464173011384389
10.695,0.4994034155382252,0.0846417301138439
10.696,0.4994034155382252,0.0846417301138439
10.697,0.4994034155382252,0.0846417301138439
10.698,0.4994034155382252,0.0846417301138439
10.699,0.4994034155382252,0.0846417301138439
10.7,0.4994034155382252,0.0846417301138439
10.701,0.4994034155382252,0.0846417301138439
10.702,0.4994034155382252,0.0846417301138439
10.703,0.4994034155382252,0.0846417301138439
10.704,0.4994034155382252,0.0846417301138439
10.705,0.4994034155382252,0.0846417301138439
10.706,0.4994034155382252,0.08464173011384392
10.707,0.4994034155382252,0.08464173011384392
10.708,0.4994034155382252,0.08464173011384392
10.709,0.4994034155382252,0.08464173011384392
10.71,0.4994034155382252,0.08464173011384392
10.711,0.4994034155382252,0.08464173011384392
10.712,0.4994034155382252,0.08464173011384392
10.713,0.4994034155382252,0.08464173011384392
10.714,0.4994034155382252,0.08464173011384392
10.715,0.4994034155382252,0.08464173011384392
10.716,0.4994034155382252,0.08464173011384392
10.717,0.4994034155382252,0.08464173011384393
10.718,0.4994034155382252,0.08464173011384393
10.719,0.4994034155382252,0.08464173011384393
10.72,0.4994034155382252,0.08464173011384393
10.721,0.4994034155382252,0.08464173011384393
10.722,0.4994034155382252,0.08464173011384393
10.723,0.4994034155382252,0.08464173011384393
10.724,0.4994034155382252,0.08464173011384393
10.725,0.4994034155382252,0.08464173011384393
10.726,0.4994034155382252,0.08464173011384393
10.727,0.4994034155382252,0.08464173011384393
10.728,0.4994034155382252,0.08464173011384395
10.729,0.4994034155382252,0.08464173011384395
10.73,0.4994034155382252,0.08464173011384395
10.731,0.4994034155382252,0.08464173011384395
10.732,0.4994034155382252,0.08464173011384395
10.733,0.4994034155382252,0.08464173011384395
10.734,0.4994034155382252,0.08464173011384395
10.735,0.4994034155382252,0.08464173011384395
10.736,0.4994034155382252,0.08464173011384395
10.737,0.4994034155382252,0.08464173011384395
10.738,0.4994034155382252,0.08464173011384395
10.739,0.4994034155382252,0.08464173011384395
10.74,0.4994034155382252,0.08464173011384396
10.741,0.4994034155382252,0.08464173011384396
10.742,0.4994034155382252,0.08464173011384396
10.743,0.4994034155382252,0.08464173011384396
10.744,0.4994034155382252,0.08464173011384396
10.745,0.4994034155382252,0.08464173011384396
10.746,0.4994034155382252,0.08464173011384396
10.747,0.4994034155382252,0.08464173011384396
10.748,0.4994034155382252,0.08464173011384396
10.749,0.4994034155382252,0.08464173011384395
10.75,0.4994034155382252,0.08464173011384395
10.751,0.4994034155382252,0.08464173011384396
10.752,0.4994034155382252,0.08464173011384396
10.753,0.49940341553822526,0.08464173011384396
10.754,0.49940341553822526,0.08464173011384396
10.755,0.49940341553822526,0.08464173011384396
10.756,0.49940341553822526,0.08464173011384396
10.757,0.49940341553822526,0.08464173011384396
10.758,0.49940341553822526,0.08464173011384396
10.759,0.49940341553822526,0.08464173011384396
10.76,0.49940341553822526,0.08464173011384396
10.761,0.49940341553822526,0.08464173011384396
10.762,0.49940341553822526,0.08464173011384397
10.763,0.49940341553822526,0.08464173011384397
10.764,0.49940341553822526,0.08464173011384397
10.765,0.49940341553822526,0.08464173011384397
10.766,0.49940341553822526,0.08464173011384397
10.767,0.49940341553822526,0.08464173011384397
10.768,0.49940341553822526,0.08464173011384397
10.769,0.49940341553822526,0.08464173011384397
10.77,0.49940341553822526,0.08464173011384397
10.771,0.49940341553822526,0.08464173011384397
10.772,0.49940341553822526,0.08464173011384397
10.773,0.49940341553822526,0.08464173011384399
10.774,0.49940341553822526,0.08464173011384399
10.775,0.49940341553822526,0.08464173011384399
10.776,0.49940341553822526,0.08464173011384399
10.777,0.49940341553822526,0.08464173011384399
10.778,0.49940341553822526,0.08464173011384399
10.779,0.49940341553822526,0.08464173011384399
10.78,0.49940341553822526,0.08464173011384399
10.781,0.49940341553822526,0.08464173011384399
10.782,0.49940341553822526,0.08464173011384399
10.783,0.49940341553822526,0.08464173011384399
10.784,0.49940341553822526,0.08464173011384399
10.785,0.49940341553822526,0.084641730113844
10.786,0.49940341553822526,0.084641730113844
10.787,0.49940341553822526,0.084641730113844
10.788,0.49940341553822526,0.084641730113844
10.789,0.49940341553822526,0.084641730113844
10.79,0.49940341553822526,0.084641730113844
10.791,0.49940341553822526,0.084641730113844
10.792,0.49940341553822526,0.084641730113844
10.793,0.49940341553822526,0.084641730113844
10.794,0.49940341553822526,0.084641730113844
10.795,0.49940341553822526,0.084641730113844
10.796,0.49940341553822526,0.08464173011384402
10.797,0.49940341553822526,0.08464173011384402
10.798,0.49940341553822526,0.08464173011384402
10.799,0.49940341553822526,0.08464173011384402
10.8,0.49940341553822526,0.08464173011384402
10.801,0.49940341553822526,0.08464173011384402
10.802,0.49940341553822526,0.08464173011384402
10.803,0.49940341553822526,0.08464173011384402
10.804,0.49940341553822526,0.08464173011384402
10.805,0.49940341553822526,0.08464173011384402
10.806,0.49940341553822526,0.08464173011384402
10.807,0.49940341553822526,0.08464173011384403
10.808,0.49940341553822526,0.08464173011384403
10.809,0.49940341553822526,0.08464173011384403
10.81,0.49940341553822526,0.08464173011384403
10.811,0.49940341553822526,0.08464173011384403
10.812,0.49940341553822526,0.08464173011384403
10.813,0.49940341553822526,0.08464173011384403
10.814,0.49940341553822526,0.08464173011384403
10.815,0.49940341553822526,0.08464173011384403
10.816,0.49940341553822526,0.08464173011384403
10.817,0.49940341553822526,0.08464173011384403
10.818,0.49940341553822526,0.08464173011384404
10.819,0.49940341553822526,0.08464173011384404
10.82,0.49940341553822526,0.08464173011384404
10.821,0.49940341553822526,0.08464173011384404
10.822,0.49940341553822526,0.08464173011384404
10.823,0.49940341553822526,0.08464173011384404
10.824,0.49940341553822526,0.08464173011384406
10.825,0.49940341553822526,0.08464173011384406
10.826,0.49940341553822526,0.08464173011384406
10.827,0.49940341553822526,0.08464173011384406
10.828,0.49940341553822526,0.08464173011384406
10.829,0.49940341553822526,0.08464173011384406
10.83,0.49940341553822526,0.08464173011384407
10.831,0.49940341553822526,0.08464173011384407
10.832,0.49940341553822526,0.08464173011384407
10.833,0.49940341553822526,0.08464173011384407
10.834,0.49940341553822526,0.08464173011384407
10.835,0.49940341553822526,0.08464173011384407
10.836,0.49940341553822526,0.08464173011384407
10.837,0.49940341553822526,0.08464173011384407
10.838,0.49940341553822526,0.08464173011384407
10.839,0.49940341553822526,0.08464173011384407
10.84,0.49940341553822526,0.08464173011384407
10.841,0.49940341553822526,0.08464173011384409
10.842,0.49940341553822526,0.08464173011384409
10.843,0.49940341553822526,0.08464173011384409
10.844,0.49940341553822526,0.08464173011384409
10.845,0.49940341553822526,0.08464173011384409
10.846,0.49940341553822526,0.08464173011384409
10.847,0.49940341553822526,0.08464173011384409
10.848,0.49940341553822526,0.08464173011384409
10.849,0.49940341553822526,0.08464173011384409
10.85,0.49940341553822526,0.08464173011384409
10.851,0.49940341553822526,0.08464173011384409
10.852,0.49940341553822526,0.0846417301138441
10.853,0.49940341553822526,0.0846417301138441
10.854,0.49940341553822526,0.0846417301138441
10.855,0.49940341553822526,0.0846417301138441
10.856,0.49940341553822526,0.0846417301138441
10.857,0.49940341553822526,0.0846417301138441
10.858,0.49940341553822526,0.0846417301138441
10.859,0.49940341553822526,0.0846417301138441
10.86,0.49940341553822526,0.0846417301138441
10.861,0.49940341553822526,0.0846417301138441
10.862,0.49940341553822526,0.0846417301138441
10.863,0.49940341553822526,0.08464173011384411
10.864,0.49940341553822526,0.08464173011384411
10.865,0.49940341553822526,0.08464173011384411
10.866,0.49940341553822526,0.08464173011384411
10.867,0.49940341553822526,0.08464173011384411
10.868,0.49940341553822526,0.08464173011384411
10.869,0.49940341553822526,0.08464173011384411
10.87,0.49940341553822526,0.08464173011384411
10.871,0.49940341553822526,0.08464173011384411
10.872,0.49940341553822526,0.08464173011384411
10.873,0.49940341553822526,0.08464173011384411
10.874,0.49940341553822526,0.08464173011384411
10.875,0.49940341553822526,0.08464173011384413
10.876,0.49940341553822526,0.08464173011384413
10.877,0.49940341553822526,0.08464173011384413
10.878,0.49940341553822526,0.08464173011384413
10.879,0.49940341553822526,0.08464173011384413
10.88,0.49940341553822526,0.08464173011384413
10.881,0.49940341553822526,0.08464173011384413
10.882,0.49940341553822526,0.08464173011384413
10.883,0.49940341553822526,0.08464173011384413
10.884,0.49940341553822526,0.08464173011384413
10.885,0.49940341553822526,0.08464173011384413
10.886,0.49940341553822526,0.08464173011384414
10.887,0.49940341553822526,0.08464173011384414
10.888,0.49940341553822526,0.08464173011384414
10.889,0.49940341553822526,0.08464173011384414
10.89,0.49940341553822526,0.08464173011384414
10.891,0.49940341553822526,0.08464173011384414
10.892,0.49940341553822526,0.08464173011384414
10.893,0.49940341553822526,0.08464173011384414
10.894,0.49940341553822526,0.08464173011384414
10.895,0.49940341553822526,0.08464173011384414
10.896,0.49940341553822526,0.08464173011384414
10.897,0.49940341553822526,0.08464173011384415
10.898,0.49940341553822526,0.08464173011384415
10.899,0.49940341553822526,0.08464173011384415
10.9,0.49940341553822526,0.08464173011384415
10.901,0.49940341553822526,0.08464173011384415
10.902,0.49940341553822526,0.08464173011384415
10.903,0.49940341553822526,0.08464173011384415
10.904,0.49940341553822526,0.08464173011384417
10.905,0.49940341553822526,0.08464173011384417
10.906,0.49940341553822526,0.08464173011384417
10.907,0.49940341553822526,0.08464173011384417
10.908,0.49940341553822526,0.08464173011384418
10.909,0.49940341553822526,0.08464173011384418
10.91,0.49940341553822526,0.08464173011384418
10.911,0.49940341553822526,0.08464173011384418
10.912,0.49940341553822526,0.08464173011384418
10.913,0.49940341553822526,0.08464173011384418
10.914,0.49940341553822526,0.08464173011384418
10.915,0.49940341553822526,0.08464173011384418
10.916,0.49940341553822526,0.08464173011384418
10.917,0.49940341553822526,0.08464173011384418
10.918,0.49940341553822526,0.08464173011384418
10.919,0.49940341553822526,0.08464173011384418
10.92,0.49940341553822526,0.0846417301138442
10.921,0.49940341553822526,0.0846417301138442
10.922,0.49940341553822526,0.0846417301138442
10.923,0.49940341553822526,0.0846417301138442
10.924,0.49940341553822526,0.0846417301138442
10.925,0.49940341553822526,0.0846417301138442
10.926,0.49940341553822526,0.0846417301138442
10.927,0.49940341553822526,0.0846417301138442
10.928,0.49940341553822526,0.0846417301138442
10.929,0.49940341553822526,0.0846417301138442
10.93,0.49940341553822526,0.0846417301138442
10.931,0.49940341553822526,0.08464173011384421
10.932,0.49940341553822526,0.08464173011384421
10.933,0.49940341553822526,0.08464173011384421
10.934,0.49940341553822526,0.08464173011384421
10.935,0.49940341553822526,0.08464173011384421
10.936,0.49940341553822526,0.08464173011384421
10.937,0.49940341553822526,0.08464173011384421
10.938,0.49940341553822526,0.08464173011384421
10.939,0.49940341553822526,0.08464173011384421
10.94,0.49940341553822526,0.08464173011384421
10.941,0.49940341553822526,0.08464173011384421
10.942,0.49940341553822526,0.08464173011384422
10.943,0.49940341553822526,0.08464173011384422
10.944,0.49940341553822526,0.08464173011384422
10.945,0.49940341553822526,0.08464173011384422
10.946,0.49940341553822526,0.08464173011384422
10.947,0.49940341553822526,0.08464173011384422
10.948,0.49940341553822526,0.08464173011384424
10.949,0.49940341553822526,0.08464173011384424
10.95,0.4994034155382253,0.08464173011384424
10.951,0.4994034155382253,0.08464173011384424
10.952,0.4994034155382253,0.08464173011384424
10.953,0.4994034155382253,0.08464173011384425
10.954,0.4994034155382253,0.08464173011384425
10.955,0.4994034155382253,0.08464173011384425
10.956,0.4994034155382253,0.08464173011384425
10.957,0.4994034155382253,0.08464173011384425
10.958,0.4994034155382253,0.08464173011384425
10.959,0.4994034155382253,0.08464173011384425
10.96,0.4994034155382253,0.08464173011384425
10.961,0.4994034155382253,0.08464173011384425
10.962,0.4994034155382253,0.08464173011384425
10.963,0.4994034155382253,0.08464173011384425
10.964,0.4994034155382253,0.08464173011384425
10.965,0.4994034155382253,0.08464173011384427
10.966,0.4994034155382253,0.08464173011384427
10.967,0.4994034155382253,0.08464173011384427
10.968,0.4994034155382253,0.08464173011384427
10.969,0.4994034155382253,0.08464173011384427
10.97,0.4994034155382253,0.08464173011384427
10.971,0.4994034155382253,0.08464173011384427
10.972,0.4994034155382253,0.08464173011384427
10.973,0.4994034155382253,0.08464173011384427
10.974,0.4994034155382253,0.08464173011384427
10.975,0.4994034155382253,0.08464173011384427
10.976,0.4994034155382253,0.08464173011384428
10.977,0.4994034155382253,0.08464173011384428
10.978,0.4994034155382253,0.08464173011384428
10.979,0.4994034155382253,0.08464173011384428
10.98,0.4994034155382253,0.08464173011384428
10.981,0.4994034155382253,0.08464173011384428
10.982,0.4994034155382253,0.0846417301138443
10.983,0.4994034155382253,0.0846417301138443
10.984,0.4994034155382253,0.0846417301138443
10.985,0.4994034155382253,0.0846417301138443
10.986,0.4994034155382253,0.0846417301138443
10.987,0.4994034155382253,0.08464173011384431
10.988,0.4994034155382253,0.08464173011384431
10.989,0.4994034155382253,0.08464173011384431
10.99,0.4994034155382253,0.08464173011384431
10.991,0.4994034155382253,0.08464173011384431
10.992,0.4994034155382253,0.08464173011384431
10.993,0.4994034155382253,0.08464173011384431
10.994,0.4994034155382253,0.08464173011384431
10.995,0.4994034155382253,0.08464173011384431
10.996,0.4994034155382253,0.08464173011384431
10.997,0.49940341553822537,0.08464173011384431
10.998,0.49940341553822537,0.08464173011384432
10.999,0.49940341553822537,0.08464173011384432
10.999999998700046,0.49940341553822537,0.08464173011384432
10.999999998700046,0.49940341553822537,0.08464173011384432
11,0.49940341553822554,0.08464173011384536
11.001,0.49940341553822554,0.08464173011384536
11.002,0.49940341553822554,0.08464173011384538
11.003,0.4994034155382256,0.0846417301138452
11.004,0.4994034155382255,0.0846417301138444
11.005,0.4994034155382254,0.08464173011384361
11.006,0.49940341553822537,0.08464173011384322
11.007,0.49940341553822537,0.0846417301138434
11.008,0.49940341553822537,0.08464173011384359
11.009,0.49940341553822537,0.08464173011384377
11.01,0.49940341553822537,0.08464173011384396
11.011,0.49940341553822537,0.08464173011384414
11.012,0.49940341553822537,0.08464173011384411
11.013,0.49940341553822537,0.08464173011384404
11.014,0.49940341553822537,0.08464173011384397
11.015,0.4994034155382254,0.0846417301138439
11.016,0.4994034155382254,0.08464173011384382
11.017,0.4994034155382254,0.08464173011384375
11.018,0.4994034155382254,0.08464173011384368
11.019,0.4994034155382254,0.08464173011384361
11.02,0.4994034155382254,0.08464173011384354
11.021,0.4994034155382254,0.08464173011384347
11.022,0.4994034155382254,0.0846417301138434
11.023,0.4994034155382254,0.0846417301138434
11.024,0.4994034155382254,0.08464173011384342
11.025,0.4994034155382254,0.08464173011384345
11.026,0.4994034155382254,0.08464173011384347
11.027,0.4994034155382254,0.0846417301138435
11.028,0.49940341553822537,0.08464173011384353
11.029,0.49940341553822537,0.08464173011384354
11.03,0.49940341553822537,0.08464173011384357
11.031,0.49940341553822537,0.0846417301138436
11.032,0.49940341553822537,0.08464173011384363
11.033,0.49940341553822537,0.08464173011384366
11.034,0.49940341553822537,0.08464173011384368
11.035,0.49940341553822537,0.0846417301138437
11.036,0.49940341553822537,0.08464173011384372
11.037,0.49940341553822537,0.08464173011384375
11.038,0.49940341553822537,0.08464173011384378
11.039,0.49940341553822537,0.08464173011384381
11.04,0.49940341553822537,0.08464173011384384
11.041,0.49940341553822537,0.08464173011384385
11.042,0.49940341553822537,0.08464173011384388
11.043,0.49940341553822537,0.0846417301138439
11.044,0.49940341553822537,0.08464173011384393
11.045,0.49940341553822537,0.08464173011384396
11.046,0.49940341553822537,0.08464173011384397
11.047,0.49940341553822537,0.08464173011384399
11.048,0.49940341553822537,0.084641730113844
11.049,0.49940341553822537,0.08464173011384402
11.05,0.49940341553822537,0.08464173011384403
11.051,0.49940341553822537,0.08464173011384404
11.052,0.49940341553822537,0.08464173011384406
11.053,0.49940341553822537,0.08464173011384407
11.054,0.49940341553822537,0.08464173011384409
11.055,0.49940341553822537,0.0846417301138441
11.056,0.49940341553822537,0.08464173011384411
11.057,0.49940341553822537,0.08464173011384413
11.058,0.49940341553822537,0.08464173011384414
11.059,0.49940341553822537,0.08464173011384415
11.06,0.49940341553822537,0.08464173011384417
11.061,0.49940341553822537,0.08464173011384418
11.062,0.49940341553822537,0.0846417301138442
11.063,0.49940341553822537,0.08464173011384421
11.064,0.49940341553822537,0.08464173011384422
11.065,0.49940341553822537,0.08464173011384424
11.066,0.49940341553822537,0.08464173011384425
11.067,0.49940341553822537,0.08464173011384427
11.068,0.49940341553822537,0.08464173011384428
11.069,0.49940341553822537,0.0846417301138443
11.07,0.49940341553822537,0.08464173011384431
11.071,0.49940341553822537,0.08464173011384432
11.072,0.49940341553822537,0.08464173011384434
11.073,0.49940341553822537,0.08464173011384435
11.074,0.49940341553822537,0.08464173011384436
11.075,0.49940341553822537,0.08464173011384438
11.076,0.49940341553822537,0.08464173011384439
11.077,0.49940341553822537,0.0846417301138444
11.078,0.49940341553822537,0.08464173011384442
11.079,0.49940341553822537,0.08464173011384443
11.08,0.49940341553822537,0.08464173011384445
11.081,0.49940341553822537,0.08464173011384446
11.082,0.49940341553822537,0.08464173011384447
11.083,0.49940341553822537,0.0846417301138445
11.084,0.49940341553822537,0.08464173011384452
11.085,0.49940341553822537,0.08464173011384453
11.086,0.49940341553822537,0.08464173011384454
11.087,0.49940341553822537,0.08464173011384456
11.088,0.49940341553822537,0.08464173011384457
11.089,0.49940341553822537,0.08464173011384458
11.09,0.49940341553822537,0.08464173011384457
11.091,0.49940341553822537,0.08464173011384454
11.092,0.49940341553822537,0.08464173011384452
11.093,0.4994034155382253,0.08464173011384449
11.094,0.4994034155382253,0.08464173011384447
11.095,0.4994034155382253,0.08464173011384445
11.096,0.4994034155382253,0.08464173011384442
11.097,0.4994034155382253,0.08464173011384439
11.098,0.4994034155382253,0.08464173011384436
11.099,0.4994034155382253,0.08464173011384434
11.1,0.4994034155382253,0.08464173011384432
11.101,0.4994034155382253,0.0846417301138443
11.102,0.4994034155382253,0.08464173011384427
11.103,0.4994034155382253,0.08464173011384424
11.104,0.4994034155382253,0.08464173011384421
11.105,0.4994034155382253,0.08464173011384418
11.106,0.4994034155382253,0.08464173011384415
11.107,0.4994034155382253,0.08464173011384414
11.108,0.4994034155382253,0.08464173011384411
11.109,0.4994034155382253,0.08464173011384409
11.11,0.4994034155382253,0.08464173011384406
11.111,0.4994034155382253,0.08464173011384403
11.112,0.4994034155382253,0.084641730113844
11.113,0.4994034155382253,0.08464173011384399
11.114,0.4994034155382253,0.08464173011384396
11.115,0.4994034155382253,0.08464173011384393
11.116,0.4994034155382253,0.0846417301138439
11.117,0.4994034155382253,0.08464173011384388
11.118,0.4994034155382253,0.08464173011384385
11.119,0.4994034155382253,0.08464173011384384
11.12,0.4994034155382253,0.08464173011384381
11.121,0.49940341553822526,0.08464173011384378
11.122,0.49940341553822526,0.08464173011384375
11.123,0.49940341553822526,0.08464173011384372
11.124,0.49940341553822526,0.0846417301138437
11.125,0.49940341553822526,0.08464173011384368
11.126,0.49940341553822526,0.08464173011384366
11.127,0.49940341553822526,0.08464173011384363
11.128,0.49940341553822526,0.0846417301138436
11.129,0.49940341553822526,0.08464173011384357
11.13,0.49940341553822526,0.08464173011384354
11.131,0.49940341553822526,0.08464173011384353
11.132,0.49940341553822526,0.0846417301138435
11.133,0.49940341553822526,0.08464173011384347
11.134,0.49940341553822526,0.08464173011384345
11.135,0.49940341553822526,0.08464173011384346
11.136,0.49940341553822526,0.08464173011384347
11.137,0.49940341553822526,0.08464173011384347
11.138,0.49940341553822526,0.08464173011384349
11.139,0.49940341553822526,0.0846417301138435
11.14,0.4994034155382253,0.08464173011384352
11.141,0.4994034155382253,0.08464173011384352
11.142,0.4994034155382253,0.08464173011384353
11.143,0.4994034155382253,0.08464173011384354
11.144,0.4994034155382253,0.08464173011384354
11.145,0.4994034155382253,0.08464173011384356
11.146,0.4994034155382253,0.08464173011384357
11.147,0.4994034155382253,0.08464173011384359
11.148,0.4994034155382253,0.08464173011384359
11.149,0.4994034155382253,0.0846417301138436
11.15,0.4994034155382253,0.08464173011384361
11.151,0.4994034155382253,0.08464173011384363
11.152,0.4994034155382253,0.08464173011384363
11.153,0.4994034155382253,0.08464173011384364
11.154,0.4994034155382253,0.08464173011384366
11.155,0.4994034155382253,0.08464173011384367
11.156,0.49940341553822537,0.08464173011384367
11.157,0.49940341553822537,0.08464173011384368
11.158,0.49940341553822537,0.0846417301138437
11.159,0.49940341553822537,0.08464173011384371
11.16,0.49940341553822537,0.08464173011384371
11.161,0.49940341553822537,0.08464173011384372
11.162,0.49940341553822537,0.08464173011384374
11.163,0.49940341553822537,0.08464173011384374
11.164,0.49940341553822537,0.08464173011384375
11.165,0.49940341553822537,0.08464173011384377
11.166,0.49940341553822537,0.08464173011384378
11.167,0.49940341553822537,0.08464173011384378
11.168,0.49940341553822537,0.0846417301138438
11.169,0.49940341553822537,0.08464173011384381
11.17,0.49940341553822537,0.08464173011384382
11.171,0.4994034155382254,0.08464173011384382
11.172,0.4994034155382254,0.08464173011384384
11.173,0.4994034155382254,0.08464173011384385
11.174,0.4994034155382254,0.08464173011384386
11.175,0.4994034155382254,0.08464173011384386
11.176,0.4994034155382254,0.08464173011384388
11.177,0.4994034155382254,0.08464173011384389
11.178,0.4994034155382254,0.0846417301138439
11.179,0.4994034155382254,0.0846417301138439
11.18,0.4994034155382254,0.08464173011384392
11.181,0.4994034155382254,0.0846417301138439
11.182,0.4994034155382254,0.0846417301138439
11.183,0.4994034155382254,0.08464173011384392
11.184,0.4994034155382254,0.0846417301138439
11.185,0.4994034155382254,0.0846417301138439
11.186,0.4994034155382254,0.0846417301138439
11.187,0.4994034155382254,0.08464173011384389
11.188,0.4994034155382254,0.08464173011384389
11.189,0.4994034155382254,0.0846417301138439
11.19,0.4994034155382254,0.08464173011384389
11.191,0.4994034155382254,0.08464173011384389
11.192,0.4994034155382254,0.08464173011384389
11.193,0.4994034155382254,0.08464173011384388
11.194,0.4994034155382254,0.08464173011384386
11.195,0.4994034155382254,0.08464173011384386
11.196,0.4994034155382254,0.08464173011384385
11.197,0.4994034155382254,0.08464173011384385
11.198,0.4994034155382254,0.08464173011384385
11.199,0.4994034155382254,0.08464173011384384
11.2,0.4994034155382254,0.08464173011384382
11.201,0.4994034155382254,0.08464173011384382
11.202,0.4994034155382254,0.08464173011384381
11.203,0.4994034155382254,0.0846417301138438
11.204,0.4994034155382254,0.0846417301138438
11.205,0.49940341553822537,0.08464173011384378
11.206,0.4994034155382254,0.08464173011384377
11.207,0.4994034155382254,0.08464173011384377
11.208,0.4994034155382254,0.08464173011384374
11.209,0.4994034155382254,0.08464173011384374
11.21,0.4994034155382254,0.08464173011384372
11.211,0.4994034155382254,0.08464173011384371
11.212,0.4994034155382254,0.0846417301138437
11.213,0.4994034155382254,0.08464173011384368
11.214,0.4994034155382254,0.08464173011384367
11.215,0.4994034155382254,0.08464173011384366
11.216,0.4994034155382254,0.08464173011384364
11.217,0.4994034155382254,0.08464173011384363
11.218,0.4994034155382254,0.0846417301138436
11.219,0.4994034155382254,0.08464173011384359
11.22,0.4994034155382254,0.08464173011384359
11.221,0.4994034155382254,0.08464173011384356
11.222,0.4994034155382254,0.08464173011384354
11.223,0.49940341553822537,0.08464173011384353
11.224,0.49940341553822537,0.0846417301138435
11.225,0.49940341553822537,0.08464173011384349
11.226,0.49940341553822537,0.08464173011384347
11.227,0.49940341553822537,0.08464173011384343
11.228,0.49940341553822537,0.08464173011384342
11.229,0.49940341553822537,0.0846417301138434
11.23,0.49940341553822537,0.08464173011384338
11.231,0.49940341553822537,0.08464173011384336
11.232,0.49940341553822537,0.08464173011384335
11.233,0.49940341553822537,0.08464173011384331
11.234,0.49940341553822537,0.0846417301138433
11.235,0.49940341553822537,0.08464173011384328
11.236,0.49940341553822537,0.08464173011384324
11.237,0.49940341553822537,0.08464173011384322
11.238,0.49940341553822537,0.0846417301138432
11.239,0.49940341553822537,0.08464173011384317
11.24,0.49940341553822537,0.08464173011384314
11.241,0.49940341553822526,0.08464173011384313
11.242,0.49940341553822526,0.08464173011384309
11.243,0.49940341553822526,0.08464173011384307
11.244,0.49940341553822526,0.08464173011384304
11.245,0.49940341553822526,0.084641730113843
11.246,0.49940341553822526,0.08464173011384299
11.247,0.49940341553822526,0.08464173011384296
11.248,0.49940341553822526,0.08464173011384292
11.249,0.49940341553822526,0.0846417301138429
11.25,0.49940341553822526,0.08464173011384288
11.251,0.49940341553822526,0.08464173011384285
11.252,0.49940341553822526,0.08464173011384281
11.253,0.49940341553822526,0.08464173011384278
11.254,0.49940341553822526,0.08464173011384275
11.255,0.49940341553822526,0.08464173011384271
11.256,0.49940341553822526,0.08464173011384268
11.257,0.49940341553822526,0.08464173011384266
11.258,0.49940341553822526,0.08464173011384261
11.259,0.4994034155382252,0.08464173011384259
11.26,0.4994034155382252,0.08464173011384256
11.261,0.4994034155382252,0.08464173011384252
11.262,0.49940341553822515,0.08464173011384249
11.263,0.49940341553822515,0.08464173011384245
11.264,0.49940341553822515,0.0846417301138424
11.265,0.49940341553822515,0.08464173011384238
11.266,0.49940341553822515,0.08464173011384235
11.267,0.49940341553822515,0.0846417301138423
11.268,0.49940341553822515,0.08464173011384227
11.269,0.49940341553822515,0.08464173011384225
11.27,0.49940341553822515,0.08464173011384225
11.271,0.49940341553822515,0.08464173011384224
11.272,0.49940341553822515,0.08464173011384223
11.273,0.49940341553822515,0.08464173011384221
11.274,0.49940341553822515,0.08464173011384221
11.275,0.49940341553822515,0.0846417301138422
11.276,0.49940341553822515,0.08464173011384218
11.277,0.49940341553822515,0.08464173011384217
11.278,0.49940341553822515,0.08464173011384217
11.279,0.4994034155382251,0.08464173011384216
11.28,0.4994034155382251,0.08464173011384214
11.281,0.4994034155382251,0.08464173011384213
11.282,0.4994034155382251,0.08464173011384213
11.283,0.4994034155382251,0.08464173011384213
11.284,0.4994034155382251,0.08464173011384211
11.285,0.4994034155382251,0.0846417301138421
11.286,0.4994034155382251,0.0846417301138421
11.287,0.4994034155382251,0.08464173011384209
11.288,0.4994034155382251,0.08464173011384207
11.289,0.4994034155382251,0.08464173011384207
11.29,0.4994034155382251,0.08464173011384207
11.291,0.4994034155382251,0.08464173011384206
11.292,0.4994034155382251,0.08464173011384205
11.293,0.4994034155382251,0.08464173011384203
11.294,0.4994034155382251,0.08464173011384203
11.295,0.49940341553822515,0.08464173011384203
11.296,0.49940341553822515,0.08464173011384202
11.297,0.49940341553822515,0.08464173011384202
11.298,0.49940341553822515,0.084641730113842
11.299,0.49940341553822515,0.084641730113842
11.3,0.49940341553822515,0.08464173011384199
11.301,0.49940341553822515,0.08464173011384199
11.302,0.49940341553822515,0.08464173011384198
11.303,0.49940341553822515,0.08464173011384199
11.304,0.49940341553822515,0.08464173011384198
11.305,0.4994034155382251,0.08464173011384196
11.306,0.4994034155382251,0.08464173011384196
11.307,0.4994034155382251,0.08464173011384196
11.308,0.4994034155382251,0.08464173011384195
11.309,0.4994034155382251,0.08464173011384195
11.31,0.4994034155382251,0.08464173011384193
11.311,0.4994034155382251,0.08464173011384195
11.312,0.4994034155382251,0.08464173011384193
11.313,0.4994034155382251,0.08464173011384193
11.314,0.4994034155382251,0.08464173011384192
11.315,0.4994034155382251,0.08464173011384193
11.316,0.4994034155382251,0.08464173011384192
11.317,0.4994034155382251,0.08464173011384192
11.318,0.4994034155382251,0.0846417301138419
11.319,0.4994034155382251,0.08464173011384192
11.32,0.4994034155382251,0.0846417301138419
11.321,0.4994034155382251,0.0846417301138419
11.322,0.4994034155382251,0.0846417301138419
11.323,0.4994034155382251,0.0846417301138419
11.324,0.4994034155382251,0.0846417301138419
11.325,0.4994034155382251,0.08464173011384189
11.326,0.4994034155382251,0.08464173011384189
11.327,0.4994034155382251,0.0846417301138419
11.328,0.4994034155382251,0.08464173011384189
11.329,0.4994034155382251,0.08464173011384189
11.33,0.4994034155382251,0.08464173011384189
11.331,0.4994034155382251,0.08464173011384189
11.332,0.4994034155382251,0.08464173011384189
11.333,0.4994034155382251,0.08464173011384189
11.334,0.4994034155382251,0.08464173011384188
11.335,0.4994034155382251,0.08464173011384189
11.336,0.4994034155382251,0.08464173011384189
11.337,0.4994034155382251,0.08464173011384189
11.338,0.4994034155382251,0.08464173011384188
11.339,0.49940341553822515,0.08464173011384189
11.34,0.49940341553822515,0.08464173011384189
11.341,0.49940341553822515,0.08464173011384189
11.342,0.49940341553822515,0.08464173011384189
11.343,0.49940341553822515,0.08464173011384189
11.344,0.49940341553822515,0.08464173011384189
11.345,0.49940341553822515,0.08464173011384189
11.346,0.49940341553822515,0.08464173011384189
11.347,0.49940341553822515,0.0846417301138419
11.348,0.49940341553822515,0.0846417301138419
11.349,0.49940341553822515,0.0846417301138419
11.35,0.49940341553822515,0.0846417301138419
11.351,0.49940341553822515,0.08464173011384189
11.352,0.49940341553822515,0.0846417301138419
11.353,0.49940341553822515,0.0846417301138419
11.354,0.49940341553822515,0.0846417301138419
11.355,0.49940341553822515,0.0846417301138419
11.356,0.49940341553822515,0.08464173011384192
11.357,0.49940341553822515,0.08464173011384192
11.358,0.49940341553822515,0.08464173011384192
11.359,0.49940341553822515,0.08464173011384192
11.36,0.49940341553822515,0.08464173011384193
11.361,0.49940341553822515,0.08464173011384193
11.362,0.49940341553822515,0.08464173011384193
11.363,0.49940341553822515,0.08464173011384193
11.364,0.49940341553822515,0.08464173011384195
11.365,0.49940341553822515,0.08464173011384196
11.366,0.49940341553822515,0.08464173011384196
11.367,0.49940341553822515,0.08464173011384196
11.368,0.49940341553822515,0.08464173011384198
11.369,0.49940341553822515,0.08464173011384198
11.37,0.49940341553822515,0.08464173011384198
11.371,0.49940341553822515,0.08464173011384198
11.372,0.49940341553822515,0.08464173011384199
11.373,0.49940341553822515,0.084641730113842
11.374,0.49940341553822515,0.084641730113842
11.375,0.49940341553822515,0.084641730113842
11.376,0.49940341553822515,0.08464173011384202
11.377,0.49940341553822515,0.08464173011384202
11.378,0.49940341553822515,0.08464173011384203
11.379,0.49940341553822515,0.08464173011384203
11.38,0.49940341553822515,0.08464173011384205
11.381,0.49940341553822515,0.08464173011384206
11.382,0.4994034155382252,0.08464173011384206
11.383,0.4994034155382252,0.08464173011384206
11.384,0.4994034155382252,0.08464173011384207
11.385,0.4994034155382252,0.08464173011384209
11.386,0.4994034155382252,0.08464173011384209
11.387,0.4994034155382252,0.08464173011384209
11.388,0.4994034155382252,0.08464173011384211
11.389,0.4994034155382252,0.08464173011384211
11.39,0.4994034155382252,0.08464173011384211
11.391,0.4994034155382252,0.08464173011384213
11.392,0.4994034155382252,0.08464173011384214
11.393,0.4994034155382252,0.08464173011384216
11.394,0.4994034155382252,0.08464173011384216
11.395,0.4994034155382252,0.08464173011384217
11.396,0.4994034155382252,0.08464173011384218
11.397,0.4994034155382252,0.08464173011384218
11.398,0.4994034155382252,0.0846417301138422
11.399,0.4994034155382252,0.0846417301138422
11.4,0.4994034155382252,0.08464173011384223
11.401,0.4994034155382252,0.08464173011384223
11.402,0.4994034155382252,0.08464173011384224
11.403,0.4994034155382252,0.08464173011384224
11.404,0.4994034155382252,0.08464173011384227
11.405,0.4994034155382252,0.08464173011384228
11.406,0.4994034155382252,0.08464173011384228
11.407,0.4994034155382252,0.0846417301138423
11.408,0.4994034155382252,0.08464173011384231
11.409,0.4994034155382252,0.08464173011384232
11.41,0.4994034155382252,0.08464173011384232
11.411,0.49940341553822526,0.08464173011384234
11.412,0.49940341553822526,0.08464173011384235
11.413,0.49940341553822526,0.08464173011384236
11.414,0.49940341553822526,0.08464173011384238
11.415,0.49940341553822526,0.08464173011384239
11.416,0.49940341553822526,0.08464173011384239
11.417,0.49940341553822526,0.08464173011384242
11.418,0.49940341553822526,0.08464173011384243
11.419,0.49940341553822526,0.08464173011384245
11.42,0.49940341553822526,0.08464173011384245
11.421,0.49940341553822526,0.08464173011384248
11.422,0.49940341553822526,0.08464173011384249
11.423,0.49940341553822526,0.0846417301138425
11.424,0.49940341553822526,0.0846417301138425
11.425,0.4994034155382253,0.08464173011384253
11.426,0.4994034155382253,0.08464173011384254
11.427,0.4994034155382253,0.08464173011384256
11.428,0.4994034155382253,0.08464173011384256
11.429,0.4994034155382253,0.08464173011384259
11.43,0.4994034155382253,0.0846417301138426
11.431,0.4994034155382253,0.08464173011384261
11.432,0.4994034155382253,0.08464173011384263
11.433,0.4994034155382253,0.08464173011384266
11.434,0.4994034155382253,0.08464173011384267
11.435,0.4994034155382253,0.08464173011384268
11.436,0.4994034155382253,0.0846417301138427
11.437,0.49940341553822537,0.08464173011384271
11.438,0.49940341553822537,0.08464173011384273
11.439,0.49940341553822537,0.08464173011384274
11.44,0.49940341553822537,0.08464173011384275
11.441,0.49940341553822537,0.08464173011384278
11.442,0.49940341553822537,0.0846417301138428
11.443,0.49940341553822537,0.08464173011384281
11.444,0.49940341553822537,0.08464173011384282
11.445,0.49940341553822537,0.08464173011384285
11.446,0.49940341553822537,0.08464173011384286
11.447,0.49940341553822537,0.08464173011384288
11.448,0.49940341553822537,0.08464173011384289
11.449,0.49940341553822537,0.08464173011384289
11.45,0.49940341553822537,0.08464173011384289
11.451,0.49940341553822537,0.08464173011384289
11.452,0.49940341553822537,0.0846417301138429
11.453,0.49940341553822537,0.0846417301138429
11.454,0.49940341553822537,0.0846417301138429
11.455,0.49940341553822537,0.08464173011384292
11.456,0.49940341553822537,0.08464173011384292
11.457,0.49940341553822537,0.08464173011384292
11.458,0.49940341553822537,0.08464173011384293
11.459,0.49940341553822537,0.08464173011384293
11.46,0.49940341553822537,0.08464173011384293
11.461,0.49940341553822537,0.08464173011384293
11.462,0.49940341553822537,0.08464173011384295
11.463,0.49940341553822537,0.08464173011384293
11.464,0.49940341553822537,0.08464173011384293
11.465,0.49940341553822537,0.08464173011384295
11.466,0.49940341553822537,0.08464173011384295
11.467,0.49940341553822537,0.08464173011384295
11.468,0.49940341553822537,0.08464173011384295
11.469,0.49940341553822537,0.08464173011384296
11.47,0.49940341553822537,0.08464173011384296
11.471,0.49940341553822537,0.08464173011384296
11.472,0.49940341553822537,0.08464173011384298
11.473,0.49940341553822537,0.08464173011384298
11.474,0.49940341553822537,0.08464173011384298
11.475,0.49940341553822537,0.08464173011384299
11.476,0.4994034155382254,0.08464173011384299
11.477,0.4994034155382254,0.08464173011384299
11.478,0.4994034155382254,0.08464173011384299
11.479,0.4994034155382254,0.084641730113843
11.48,0.4994034155382254,0.084641730113843
11.481,0.4994034155382254,0.084641730113843
11.482,0.4994034155382254,0.08464173011384302
11.483,0.4994034155382254,0.08464173011384302
11.484,0.4994034155382254,0.08464173011384302
11.485,0.4994034155382254,0.08464173011384303
11.486,0.4994034155382254,0.08464173011384303
11.487,0.4994034155382254,0.08464173011384303
11.488,0.4994034155382254,0.08464173011384303
11.489,0.4994034155382254,0.08464173011384304
11.49,0.4994034155382254,0.08464173011384304
11.491,0.4994034155382254,0.08464173011384304
11.492,0.4994034155382254,0.08464173011384306
11.493,0.4994034155382254,0.08464173011384306
11.494,0.4994034155382254,0.08464173011384306
11.495,0.4994034155382254,0.08464173011384306
11.496,0.4994034155382254,0.08464173011384307
11.497,0.4994034155382254,0.08464173011384307
11.498,0.4994034155382254,0.08464173011384307
11.499,0.4994034155382254,0.08464173011384307
11.5,0.4994034155382254,0.08464173011384307
11.501,0.4994034155382254,0.08464173011384307
11.502,0.4994034155382254,0.08464173011384309
11.503,0.4994034155382254,0.08464173011384309
11.504,0.4994034155382254,0.08464173011384309
11.505,0.4994034155382254,0.08464173011384309
11.506,0.4994034155382254,0.0846417301138431
11.507,0.4994034155382254,0.0846417301138431
11.508,0.4994034155382254,0.0846417301138431
11.509,0.4994034155382254,0.08464173011384311
11.51,0.4994034155382254,0.08464173011384311
11.511,0.4994034155382254,0.08464173011384311
11.512,0.4994034155382254,0.08464173011384313
11.513,0.4994034155382254,0.08464173011384313
11.514,0.4994034155382254,0.08464173011384313
11.515,0.4994034155382254,0.08464173011384313
11.516,0.4994034155382254,0.08464173011384314
11.517,0.4994034155382254,0.08464173011384314
11.518,0.4994034155382254,0.08464173011384314
11.519,0.4994034155382254,0.08464173011384316
11.52,0.4994034155382254,0.08464173011384316
11.521,0.4994034155382254,0.08464173011384316
11.522,0.49940341553822537,0.08464173011384316
11.523,0.49940341553822537,0.08464173011384317
11.524,0.49940341553822537,0.08464173011384317
11.525,0.49940341553822537,0.08464173011384317
11.526,0.49940341553822537,0.08464173011384318
11.527,0.49940341553822537,0.08464173011384318
11.528,0.49940341553822537,0.08464173011384318
11.529,0.49940341553822537,0.0846417301138432
11.53,0.49940341553822537,0.0846417301138432
11.531,0.49940341553822537,0.0846417301138432
11.532,0.49940341553822537,0.0846417301138432
11.533,0.49940341553822537,0.08464173011384321
11.534,0.49940341553822537,0.08464173011384321
11.535,0.49940341553822537,0.08464173011384321
11.536,0.49940341553822537,0.08464173011384322
11.537,0.49940341553822537,0.08464173011384322
11.538,0.49940341553822537,0.08464173011384322
11.539,0.49940341553822537,0.08464173011384324
11.54,0.49940341553822537,0.08464173011384324
11.541,0.49940341553822537,0.08464173011384324
11.542,0.49940341553822537,0.08464173011384324
11.543,0.49940341553822537,0.08464173011384325
11.544,0.49940341553822537,0.08464173011384325
11.545,0.49940341553822537,0.08464173011384325
11.546,0.49940341553822537,0.08464173011384327
11.547,0.49940341553822537,0.08464173011384327
11.548,0.49940341553822537,0.08464173011384327
11.549,0.49940341553822537,0.08464173011384327
11.55,0.49940341553822537,0.08464173011384328
11.551,0.49940341553822537,0.08464173011384328
11.552,0.49940341553822537,0.08464173011384328
11.553,0.49940341553822537,0.08464173011384328
11.554,0.49940341553822537,0.08464173011384328
11.555,0.49940341553822537,0.08464173011384328
11.556,0.49940341553822537,0.0846417301138433
11.557,0.49940341553822537,0.0846417301138433
11.558,0.49940341553822537,0.0846417301138433
11.559,0.49940341553822537,0.0846417301138433
11.56,0.49940341553822537,0.08464173011384331
11.561,0.49940341553822537,0.08464173011384331
11.562,0.49940341553822537,0.08464173011384331
11.563,0.49940341553822537,0.08464173011384332
11.564,0.49940341553822537,0.08464173011384332
11.565,0.49940341553822537,0.08464173011384332
11.566,0.4994034155382254,0.08464173011384334
11.567,0.4994034155382254,0.08464173011384334
11.568,0.4994034155382254,0.08464173011384334
11.569,0.4994034155382254,0.08464173011384334
11.57,0.4994034155382254,0.08464173011384335
11.571,0.4994034155382254,0.08464173011384335
11.572,0.4994034155382254,0.08464173011384335
11.573,0.4994034155382254,0.08464173011384336
11.574,0.4994034155382254,0.08464173011384336
11.575,0.4994034155382254,0.08464173011384336
11.576,0.4994034155382254,0.08464173011384336
11.577,0.4994034155382254,0.08464173011384338
11.578,0.4994034155382254,0.08464173011384338
11.579,0.4994034155382254,0.08464173011384338
11.58,0.4994034155382254,0.08464173011384339
11.581,0.4994034155382254,0.08464173011384339
11.582,0.4994034155382254,0.08464173011384339
11.583,0.4994034155382254,0.0846417301138434
11.584,0.4994034155382254,0.0846417301138434
11.585,0.4994034155382254,0.0846417301138434
11.586,0.4994034155382254,0.0846417301138434
11.587,0.4994034155382254,0.08464173011384342
11.588,0.4994034155382254,0.08464173011384342
11.589,0.4994034155382254,0.08464173011384342
11.59,0.4994034155382254,0.08464173011384343
11.591,0.4994034155382254,0.08464173011384343
11.592,0.4994034155382254,0.08464173011384343
11.593,0.4994034155382254,0.08464173011384345
11.594,0.4994034155382254,0.08464173011384345
11.595,0.4994034155382254,0.08464173011384345
11.596,0.4994034155382254,0.08464173011384345
11.597,0.4994034155382254,0.08464173011384346
11.598,0.4994034155382254,0.08464173011384346
11.599,0.4994034155382254,0.08464173011384346
11.6,0.4994034155382254,0.08464173011384347
11.601,0.4994034155382254,0.08464173011384347
11.602,0.4994034155382254,0.08464173011384347
11.603,0.4994034155382254,0.08464173011384347
11.604,0.4994034155382254,0.08464173011384349
11.605,0.4994034155382254,0.08464173011384349
11.606,0.4994034155382254,0.08464173011384349
11.607,0.4994034155382254,0.0846417301138435
11.608,0.4994034155382254,0.0846417301138435
11.609,0.4994034155382254,0.0846417301138435
11.61,0.4994034155382254,0.08464173011384352
11.611,0.4994034155382254,0.08464173011384352
11.612,0.4994034155382254,0.08464173011384352
11.613,0.4994034155382254,0.08464173011384352
11.614,0.4994034155382254,0.08464173011384353
11.615,0.4994034155382254,0.08464173011384353
11.616,0.4994034155382254,0.08464173011384353
11.617,0.4994034155382254,0.08464173011384354
11.618,0.4994034155382254,0.08464173011384354
11.619,0.4994034155382254,0.08464173011384354
11.62,0.4994034155382254,0.08464173011384356
11.621,0.4994034155382254,0.08464173011384356
11.622,0.4994034155382254,0.08464173011384356
11.623,0.4994034155382254,0.08464173011384356
11.624,0.4994034155382254,0.08464173011384357
11.625,0.4994034155382254,0.08464173011384357
11.626,0.4994034155382254,0.08464173011384357
11.627,0.4994034155382254,0.08464173011384359
11.628,0.4994034155382254,0.08464173011384359
11.629,0.4994034155382254,0.08464173011384359
11.63,0.4994034155382254,0.08464173011384359
11.631,0.4994034155382254,0.0846417301138436
11.632,0.4994034155382254,0.0846417301138436
11.633,0.4994034155382254,0.0846417301138436
11.634,0.4994034155382254,0.08464173011384361
11.635,0.4994034155382254,0.08464173011384361
11.636,0.4994034155382254,0.08464173011384361
11.637,0.4994034155382254,0.08464173011384363
11.638,0.4994034155382254,0.08464173011384363
11.639,0.4994034155382254,0.08464173011384363
11.64,0.4994034155382254,0.08464173011384363
11.641,0.4994034155382254,0.08464173011384364
11.642,0.4994034155382254,0.08464173011384364
11.643,0.4994034155382254,0.08464173011384364
11.644,0.4994034155382254,0.08464173011384366
11.645,0.4994034155382254,0.08464173011384366
11.646,0.4994034155382254,0.08464173011384366
11.647,0.4994034155382254,0.08464173011384367
11.648,0.4994034155382254,0.08464173011384367
11.649,0.4994034155382254,0.08464173011384367
11.65,0.4994034155382254,0.08464173011384367
11.651,0.4994034155382254,0.08464173011384368
11.652,0.4994034155382254,0.08464173011384368
11.653,0.4994034155382254,0.08464173011384368
11.654,0.4994034155382254,0.0846417301138437
11.655,0.4994034155382254,0.0846417301138437
11.656,0.4994034155382254,0.0846417301138437
11.657,0.4994034155382254,0.0846417301138437
11.658,0.4994034155382254,0.08464173011384371
11.659,0.4994034155382254,0.08464173011384371
11.66,0.4994034155382254,0.08464173011384371
11.661,0.4994034155382254,0.08464173011384372
11.662,0.4994034155382254,0.08464173011384372
11.663,0.4994034155382254,0.08464173011384372
11.664,0.4994034155382254,0.08464173011384374
11.665,0.4994034155382254,0.08464173011384374
11.666,0.4994034155382254,0.08464173011384374
11.667,0.4994034155382254,0.08464173011384374
11.668,0.4994034155382254,0.08464173011384375
11.669,0.4994034155382254,0.08464173011384375
11.67,0.4994034155382254,0.08464173011384375
11.671,0.4994034155382254,0.08464173011384377
11.672,0.4994034155382254,0.08464173011384377
11.673,0.4994034155382254,0.08464173011384377
11.674,0.4994034155382254,0.08464173011384377
11.675,0.4994034155382254,0.08464173011384378
11.676,0.4994034155382254,0.08464173011384378
11.677,0.4994034155382254,0.08464173011384378
11.678,0.4994034155382254,0.0846417301138438
11.679,0.4994034155382254,0.0846417301138438
11.68,0.4994034155382254,0.0846417301138438
11.681,0.4994034155382254,0.08464173011384381
11.682,0.4994034155382254,0.08464173011384381
11.683,0.4994034155382254,0.08464173011384381
11.684,0.4994034155382254,0.08464173011384381
11.685,0.49940341553822537,0.08464173011384382
11.686,0.49940341553822537,0.08464173011384382
11.687,0.49940341553822537,0.08464173011384382
11.688,0.49940341553822537,0.08464173011384384
11.689,0.49940341553822537,0.08464173011384384
11.69,0.49940341553822537,0.08464173011384384
11.691,0.49940341553822537,0.08464173011384385
11.692,0.49940341553822537,0.08464173011384385
11.693,0.49940341553822537,0.08464173011384385
11.694,0.49940341553822537,0.08464173011384385
11.695,0.49940341553822537,0.08464173011384386
11.696,0.49940341553822537,0.08464173011384386
11.697,0.49940341553822537,0.08464173011384386
11.698,0.49940341553822537,0.08464173011384388
11.699,0.49940341553822537,0.08464173011384389
11.7,0.49940341553822537,0.08464173011384389
11.701,0.49940341553822537,0.08464173011384389
11.702,0.49940341553822537,0.0846417301138439
11.703,0.49940341553822537,0.0846417301138439
11.704,0.49940341553822537,0.0846417301138439
11.705,0.49940341553822537,0.08464173011384392
11.706,0.49940341553822537,0.08464173011384392
11.707,0.49940341553822537,0.08464173011384392
11.708,0.49940341553822537,0.08464173011384393
11.709,0.49940341553822537,0.08464173011384393
11.71,0.4994034155382253,0.08464173011384393
11.711,0.4994034155382253,0.08464173011384393
11.712,0.4994034155382253,0.08464173011384395
11.713,0.4994034155382253,0.08464173011384395
11.714,0.4994034155382253,0.08464173011384395
11.715,0.4994034155382253,0.08464173011384396
11.716,0.4994034155382253,0.08464173011384396
11.717,0.4994034155382253,0.08464173011384396
11.718,0.4994034155382253,0.08464173011384397
11.719,0.4994034155382253,0.08464173011384397
11.72,0.4994034155382253,0.08464173011384397
11.721,0.4994034155382253,0.08464173011384397
11.722,0.4994034155382253,0.08464173011384399
11.723,0.4994034155382253,0.08464173011384399
11.724,0.4994034155382253,0.08464173011384399
11.725,0.4994034155382253,0.084641730113844
11.726,0.4994034155382253,0.084641730113844
11.727,0.4994034155382253,0.084641730113844
11.728,0.4994034155382253,0.084641730113844
11.729,0.4994034155382253,0.08464173011384402
11.73,0.4994034155382253,0.08464173011384402
11.731,0.4994034155382253,0.08464173011384402
11.732,0.4994034155382253,0.08464173011384403
11.733,0.4994034155382253,0.08464173011384403
11.734,0.4994034155382253,0.08464173011384403
11.735,0.4994034155382253,0.08464173011384404
11.736,0.4994034155382253,0.08464173011384404
11.737,0.4994034155382253,0.08464173011384404
11.738,0.4994034155382253,0.08464173011384404
11.739,0.4994034155382253,0.08464173011384406
11.74,0.4994034155382253,0.08464173011384406
11.741,0.4994034155382253,0.08464173011384406
11.742,0.4994034155382253,0.08464173011384407
11.743,0.4994034155382253,0.08464173011384407
11.744,0.4994034155382253,0.08464173011384407
11.745,0.4994034155382253,0.08464173011384409
11.746,0.4994034155382253,0.08464173011384409
11.747,0.4994034155382253,0.08464173011384409
11.748,0.4994034155382253,0.08464173011384409
11.749,0.4994034155382253,0.0846417301138441
11.75,0.4994034155382253,0.0846417301138441
11.751,0.4994034155382253,0.0846417301138441
11.752,0.4994034155382253,0.08464173011384413
11.753,0.4994034155382253,0.08464173011384413
11.754,0.4994034155382253,0.08464173011384413
11.755,0.4994034155382253,0.08464173011384413
11.756,0.4994034155382253,0.08464173011384414
11.757,0.4994034155382253,0.08464173011384414
11.758,0.4994034155382253,0.08464173011384414
11.759,0.4994034155382253,0.08464173011384415
11.76,0.4994034155382253,0.08464173011384415
11.761,0.4994034155382253,0.08464173011384415
11.762,0.4994034155382253,0.08464173011384417
11.763,0.4994034155382253,0.08464173011384417
11.764,0.4994034155382253,0.08464173011384417
11.765,0.4994034155382253,0.08464173011384417
11.766,0.4994034155382253,0.08464173011384418
11.767,0.4994034155382253,0.08464173011384418
11.768,0.4994034155382253,0.08464173011384418
11.769,0.4994034155382253,0.0846417301138442
11.77,0.4994034155382253,0.0846417301138442
11.771,0.4994034155382253,0.0846417301138442
11.772,0.4994034155382253,0.08464173011384421
11.773,0.4994034155382253,0.08464173011384421
11.774,0.4994034155382253,0.08464173011384421
11.775,0.4994034155382253,0.08464173011384421
11.776,0.49940341553822526,0.08464173011384422
11.777,0.49940341553822526,0.08464173011384422
11.778,0.49940341553822526,0.08464173011384422
11.779,0.49940341553822526,0.08464173011384424
11.78,0.49940341553822526,0.08464173011384424
11.781,0.49940341553822526,0.08464173011384424
11.782,0.49940341553822526,0.08464173011384424
11.783,0.49940341553822526,0.08464173011384425
11.784,0.49940341553822526,0.08464173011384425
11.785,0.49940341553822526,0.08464173011384425
11.786,0.49940341553822526,0.08464173011384427
11.787,0.49940341553822526,0.08464173011384427
11.788,0.49940341553822526,0.08464173011384427
11.789,0.49940341553822526,0.0846417301138443
11.79,0.49940341553822526,0.0846417301138443
11.791,0.49940341553822526,0.0846417301138443
11.792,0.49940341553822526,0.0846417301138443
11.793,0.49940341553822526,0.08464173011384431
11.794,0.49940341553822526,0.08464173011384431
11.795,0.49940341553822526,0.08464173011384431
11.796,0.49940341553822526,0.08464173011384432
11.797,0.49940341553822526,0.08464173011384432
11.798,0.49940341553822526,0.08464173011384432
11.799,0.49940341553822526,0.08464173011384434
11.8,0.49940341553822526,0.08464173011384434
11.801,0.49940341553822526,0.08464173011384434
11.802,0.49940341553822526,0.08464173011384434
11.803,0.49940341553822526,0.08464173011384435
11.804,0.49940341553822526,0.08464173011384435
11.805,0.49940341553822526,0.08464173011384435
11.806,0.49940341553822526,0.08464173011384436
11.807,0.49940341553822526,0.08464173011384435
11.808,0.49940341553822526,0.08464173011384435
11.809,0.49940341553822526,0.08464173011384435
11.81,0.49940341553822526,0.08464173011384436
11.811,0.49940341553822526,0.08464173011384436
11.812,0.49940341553822526,0.08464173011384436
11.813,0.49940341553822526,0.08464173011384436
11.814,0.49940341553822526,0.08464173011384438
11.815,0.49940341553822526,0.08464173011384438
11.816,0.49940341553822526,0.08464173011384436
11.817,0.49940341553822526,0.08464173011384436
11.818,0.49940341553822526,0.08464173011384438
11.819,0.49940341553822526,0.08464173011384438
11.82,0.49940341553822526,0.08464173011384438
11.821,0.49940341553822526,0.08464173011384439
11.822,0.49940341553822526,0.08464173011384439
11.823,0.49940341553822526,0.08464173011384439
11.824,0.49940341553822526,0.08464173011384439
11.825,0.49940341553822526,0.08464173011384439
11.826,0.49940341553822526,0.08464173011384439
11.827,0.49940341553822526,0.08464173011384439
11.828,0.49940341553822526,0.08464173011384439
11.829,0.49940341553822526,0.0846417301138444
11.83,0.49940341553822526,0.0846417301138444
11.831,0.49940341553822526,0.0846417301138444
11.832,0.49940341553822526,0.0846417301138444
11.833,0.49940341553822526,0.0846417301138444
11.834,0.49940341553822526,0.0846417301138444
11.835,0.49940341553822526,0.0846417301138444
11.836,0.49940341553822526,0.0846417301138444
11.837,0.49940341553822526,0.08464173011384442
11.838,0.49940341553822526,0.08464173011384442
11.839,0.49940341553822526,0.08464173011384442
11.84,0.49940341553822526,0.08464173011384442
11.841,0.49940341553822526,0.08464173011384443
11.842,0.49940341553822526,0.08464173011384442
11.843,0.49940341553822526,0.08464173011384442
11.844,0.49940341553822526,0.08464173011384442
11.845,0.49940341553822526,0.08464173011384443
11.846,0.49940341553822526,0.08464173011384443
11.847,0.49940341553822526,0.08464173011384443
11.848,0.49940341553822526,0.08464173011384443
11.849,0.49940341553822526,0.08464173011384445
11.85,0.49940341553822526,0.08464173011384445
11.851,0.49940341553822526,0.08464173011384443
11.852,0.49940341553822526,0.08464173011384443
11.853,0.49940341553822526,0.08464173011384443
11.854,0.49940341553822526,0.08464173011384445
11.855,0.49940341553822526,0.08464173011384445
11.856,0.49940341553822526,0.08464173011384445
11.857,0.49940341553822526,0.08464173011384445
11.858,0.49940341553822526,0.08464173011384446
11.859,0.49940341553822526,0.08464173011384446
11.86,0.49940341553822526,0.08464173011384445
11.861,0.49940341553822526,0.08464173011384445
11.862,0.49940341553822526,0.08464173011384446
11.863,0.49940341553822526,0.08464173011384446
11.864,0.49940341553822526,0.08464173011384446
11.865,0.49940341553822526,0.08464173011384446
11.866,0.49940341553822526,0.08464173011384447
11.867,0.49940341553822526,0.08464173011384447
11.868,0.49940341553822526,0.08464173011384446
11.869,0.49940341553822526,0.08464173011384446
11.87,0.49940341553822526,0.08464173011384446
11.871,0.49940341553822526,0.08464173011384447
11.872,0.49940341553822526,0.08464173011384447
11.873,0.49940341553822526,0.08464173011384447
11.874,0.49940341553822526,0.08464173011384447
11.875,0.49940341553822526,0.08464173011384449
11.876,0.49940341553822526,0.08464173011384449
11.877,0.49940341553822526,0.08464173011384447
11.878,0.49940341553822526,0.08464173011384447
11.879,0.49940341553822526,0.08464173011384447
11.88,0.49940341553822526,0.08464173011384449
11.881,0.49940341553822526,0.08464173011384449
11.882,0.49940341553822526,0.08464173011384449
11.883,0.49940341553822526,0.08464173011384449
11.884,0.49940341553822526,0.08464173011384449
11.885,0.49940341553822526,0.0846417301138445
11.886,0.49940341553822526,0.08464173011384449
11.887,0.49940341553822526,0.08464173011384449
11.888,0.49940341553822526,0.08464173011384449
11.889,0.49940341553822526,0.0846417301138445
11.89,0.49940341553822526,0.0846417301138445
11.891,0.49940341553822526,0.0846417301138445
11.892,0.49940341553822526,0.0846417301138445
11.893,0.49940341553822526,0.0846417301138445
11.894,0.49940341553822526,0.08464173011384452
11.895,0.49940341553822526,0.0846417301138445
11.896,0.49940341553822526,0.0846417301138445
11.897,0.49940341553822526,0.0846417301138445
11.898,0.49940341553822526,0.0846417301138445
11.899,0.49940341553822526,0.08464173011384452
11.9,0.49940341553822526,0.08464173011384452
11.901,0.49940341553822526,0.08464173011384452
11.902,0.49940341553822526,0.08464173011384452
11.903,0.49940341553822526,0.0846417301138445
11.904,0.49940341553822526,0.08464173011384452
11.905,0.49940341553822526,0.08464173011384452
11.906,0.49940341553822526,0.08464173011384452
11.907,0.49940341553822526,0.08464173011384452
11.908,0.49940341553822526,0.08464173011384452
11.909,0.49940341553822526,0.08464173011384453
11.91,0.49940341553822526,0.08464173011384453
11.911,0.49940341553822526,0.08464173011384453
11.912,0.49940341553822526,0.08464173011384452
11.913,0.49940341553822526,0.08464173011384452
11.914,0.49940341553822526,0.08464173011384452
11.915,0.49940341553822526,0.08464173011384453
11.916,0.49940341553822526,0.08464173011384453
11.917,0.49940341553822526,0.08464173011384453
11.918,0.49940341553822526,0.08464173011384453
11.919,0.49940341553822526,0.08464173011384453
11.92,0.49940341553822526,0.08464173011384454
11.921,0.49940341553822526,0.08464173011384453
11.922,0.49940341553822526,0.08464173011384453
11.923,0.49940341553822526,0.08464173011384453
11.924,0.49940341553822526,0.08464173011384453
11.925,0.49940341553822526,0.08464173011384454
11.926,0.49940341553822526,0.08464173011384454
11.927,0.49940341553822526,0.08464173011384454
11.928,0.49940341553822526,0.08464173011384454
11.929,0.49940341553822526,0.08464173011384454
11.93,0.49940341553822526,0.08464173011384453
11.931,0.49940341553822526,0.08464173011384454
11.932,0.49940341553822526,0.08464173011384454
11.933,0.49940341553822526,0.08464173011384454
11.934,0.49940341553822526,0.08464173011384454
11.935,0.49940341553822526,0.08464173011384454
11.936,0.49940341553822526,0.08464173011384454
11.937,0.49940341553822526,0.08464173011384456
11.938,0.4994034155382252,0.08464173011384454
11.939,0.4994034155382252,0.08464173011384454
11.94,0.4994034155382252,0.08464173011384454
11.941,0.4994034155382252,0.08464173011384454
11.942,0.4994034155382252,0.08464173011384454
11.943,0.4994034155382252,0.08464173011384456
11.944,0.4994034155382252,0.08464173011384456
11.945,0.4994034155382252,0.08464173011384456
11.946,0.4994034155382252,0.08464173011384456
11.947,0.4994034155382252,0.08464173011384454
11.948,0.4994034155382252,0.08464173011384454
11.949,0.4994034155382252,0.08464173011384456
11.95,0.4994034155382252,0.08464173011384456
11.951,0.4994034155382252,0.08464173011384456
11.952,0.4994034155382252,0.08464173011384456
11.953,0.4994034155382252,0.08464173011384456
11.954,0.4994034155382252,0.08464173011384456
11.955,0.4994034155382252,0.08464173011384457
11.956,0.4994034155382252,0.08464173011384456
11.957,0.4994034155382252,0.08464173011384456
11.958,0.4994034155382252,0.08464173011384456
11.959,0.4994034155382252,0.08464173011384456
11.96,0.4994034155382252,0.08464173011384456
11.961,0.4994034155382252,0.08464173011384457
11.962,0.4994034155382252,0.08464173011384457
11.963,0.4994034155382252,0.08464173011384457
11.964,0.4994034155382252,0.08464173011384457
11.965,0.4994034155382252,0.08464173011384456
11.966,0.4994034155382252,0.08464173011384456
11.967,0.4994034155382252,0.08464173011384456
11.968,0.4994034155382252,0.08464173011384457
11.969,0.4994034155382252,0.08464173011384457
11.97,0.4994034155382252,0.08464173011384457
11.971,0.4994034155382252,0.08464173011384457
11.972,0.4994034155382252,0.08464173011384457
11.973,0.4994034155382252,0.08464173011384456
11.974,0.4994034155382252,0.08464173011384456
11.975,0.4994034155382252,0.08464173011384457
11.976,0.4994034155382252,0.08464173011384457
11.977,0.4994034155382252,0.08464173011384457
11.978,0.4994034155382252,0.08464173011384457
11.979,0.4994034155382252,0.08464173011384457
11.98,0.4994034155382252,0.08464173011384457
11.981,0.4994034155382252,0.08464173011384457
11.982,0.4994034155382252,0.08464173011384457
11.983,0.4994034155382252,0.08464173011384457
11.984,0.4994034155382252,0.08464173011384457
11.985,0.4994034155382252,0.08464173011384457
11.986,0.4994034155382252,0.08464173011384457
11.987,0.4994034155382252,0.08464173011384457
11.988,0.4994034155382252,0.08464173011384457
11.989,0.4994034155382252,0.08464173011384458
11.99,0.4994034155382252,0.08464173011384458
11.991,0.4994034155382252,0.08464173011384457
11.992,0.4994034155382252,0.08464173011384457
11.993,0.4994034155382252,0.08464173011384457
11.994,0.4994034155382252,0.08464173011384457
11.995,0.4994034155382252,0.08464173011384457
11.996,0.4994034155382252,0.08464173011384457
11.997,0.4994034155382252,0.08464173011384458
11.998,0.4994034155382252,0.08464173011384458
11.999,0.4994034155382252,0.08464173011384457
12,0.4994034155382252,0.08464173011384457
12,0.4994034155382251,0.08464173011384046
12.00000000240009,0.4994034155382251,0.08464173011384046
12.00000000240009,0.29590956371615856,0.05900918563543964
12.000241057611124,0.30746464897958137,0.20000000010010607
12.000241057611124,0.3074646489795655,0.20000000009979063
12.000264345477095,0.30856110081913385,0.21354191287294358
12.000264345477095,0.30856110081913385,0.21354191287294358
12.000600583448195,0.30982459087446285,0.2253825931023759
12.000600583448195,0.30982459087446285,0.2253825931023759
12.000734829453506,0.30996694433500105,0.22527940812412883
12.000734829453506,0.30996694433500105,0.22527940812412883
12.001,0.31026966684053936,0.22536936202213995
12.002,0.31163488897827785,0.2286922544502902
12.003,0.3132765121650951,0.23559051787168692
12.004,0.3151071896427989,0.244855374987178
12.005,0.3170571038806662,0.25558835794661383
12.006,0.31907069834292223,0.2671165974805552
12.006713244337616,0.32052146366141826,0.27554387694229127
12.006713244337616,0.3205214636614183,0.2755438769422913
12.007,0.32111510372035706,0.2790586058407658
12.007,0.3211151034237083,0.27905860365684143
12.007713244337744,0.3226653517269918,0.2886492535201969
12.007713244337744,0.32266535089509074,0.28864924878198217
12.008,0.32331215198630414,0.2927761349644637
12.008,0.3233121517907959,0.29277613147481324
12.009,0.32563567584486863,0.3079584875605471
12.01,0.3280105907109414,0.32377038870043423
12.011,0.33038063533309814,0.3396009415213785
12.012,0.3327049804929396,0.3550146897273739
12.013,0.33495534270024563,0.3697139512399052
12.014,0.3371152708016419,0.38352833837215405
12.015,0.3392995599891292,0.397706130151085
12.016,0.3415580256198488,0.41278809723991183
12.017,0.3438578817759862,0.42842103310488394
12.018,0.34617071201019217,0.444299623391153
12.019,0.3484724293603211,0.4601645005725682
12.02,0.3507430181001838,0.4757986223646072
12.020717330006136,0.35234337473342947,0.4867701297329576
12.020717330006136,0.35234337199287774,0.486770083988017
12.021,0.3529662018384301,0.4910234420530333
12.022,0.35512896017571444,0.5056935433527786
12.023,0.3572214645010457,0.5196965573336728
12.024,0.35923652897410724,0.5329473994389152
12.025,0.36116931490136234,0.545385475984617
12.026,0.36301703587592926,0.5569719235242121
12.027,0.36477865278005583,0.5676866692274432
12.028,0.3664545898826776,0.5775256341114798
12.029,0.3680464808948859,0.5864982178590175
12.03,0.369556939770046,0.5946249792354006
12.031,0.37098933808616963,0.6019353657053618
12.032,0.372347628343128,0.6084658350153507
12.033,0.37363617882843214,0.6142580986924572
12.034,0.37485963949023027,0.6193576558689173
12.035,0.37602280553420747,0.6238122998165045
12.036,0.37713052504945804,0.6276710581505303
12.037,0.3781876159111275,0.6309832348486596
12.038,0.37919899423172604,0.6337995958609777
12.039,0.38016907896135654,0.6361662859877046
12.04,0.38110214401797626,0.6381281939623729
12.041,0.3820023472246191,0.6397292417165422
12.042,0.3828735753878301,0.6410107207015
12.043,0.3837194257330589,0.6420110330234486
12.044,0.38454328581749303,0.6427665023787785
12.045,0.38534822320096995,0.6433101542244083
12.046,0.3861370335581556,0.6436721958351278
12.047,0.38691229759525975,0.6438806071774696
12.048,0.38767628678977056,0.6439600956616406
12.048571584483625,0.388108698301075,0.643956254327998
12.048571584483625,0.388108698301075,0.643956254327998
12.049,0.3884308477112257,0.6439306633399535
12.05,0.3891781467764809,0.6438162843369856
12.051,0.38991974842654253,0.6436340137496828
12.052,0.39065697243951797,0.6433983916163923
12.053,0.3913910193791347,0.6431226902011726
12.054,0.3921229356016874,0.6428185212838268
12.055,0.39285361883345554,0.6424958920838947
12.056,0.39358383204941044,0.6421633540659701
12.057,0.39431425089763805,0.6418285296755171
12.058,0.3950452923574016,0.6414961986403593
12.059,0.3957773749881156,0.641171157284176
12.06,0.3965108282669673,0.6408572341420019
12.061,0.39724589315388564,0.6405572939134969
12.062,0.3979827465340041,0.6402734920087817
12.063,0.39872151354293145,0.6400074219110913
12.064,0.39946227312031696,0.6397601874137004
12.065,0.4002050523223398,0.6395322928189127
12.066,0.40094984863562627,0.6393239243478678
12.067,0.40169663031184666,0.639134946669972
12.068,0.4024453383522485,0.6389649288313303
12.069,0.40319590113614817,0.6388132744760032
12.07,0.40394823162172294,0.6386792197695728
12.071,0.40470222884216533,0.6385618468815171
12.072,0.4054577846629653,0.638460149846793
12.073,0.4062147932278887,0.6383731288205559
12.074,0.4069731060349072,0.6382993785315711
12.075,0.40773263583578795,0.6382380685185198
12.076,0.40849327534535035,0.6381881115737776
12.077,0.40925492751323106,0.6381485760061524
12.078,0.41001749560489237,0.6381185197871961
12.079,0.410780871818967,0.6380968869315584
12.08,0.41154495624249954,0.6380826927105218
12.081,0.4123096891736366,0.6380753491680982
12.082,0.41307498047044405,0.6380739682022277
12.083,0.41384072861008947,0.6380775459766523
12.084,0.41460689595230593,0.6380857091396199
12.085,0.415373413833863,0.6380977774474461
12.086,0.41614020844126914,0.6381130182795948
12.087,0.416907237350109,0.6381310097453841
12.088,0.4176744598945077,0.6381513474521227
12.089,0.41844182669639957,0.638173539835814
12.09,0.4192092944460151,0.6381971550005346
12.091,0.419976844196481,0.6382220037696308
12.092,0.4207444432202187,0.6382477593791636
12.093,0.42151205929143887,0.6382740994390482
12.094,0.4222796694460181,0.6383007954158443
12.095,0.4230472524511704,0.6383276357359706
12.096,0.4238148163128237,0.6383547001743236
12.097,0.4245823300527915,0.6383816632033298
12.098,0.4253497996912858,0.6384085880850621
12.099,0.42611722985412215,0.638435523428934
12.1,0.42688457912477523,0.6384620577186128
12.101,0.42765186660175303,0.6384883807176506
12.102,0.42841909028991615,0.6385144721900388
12.103,0.42918623198150224,0.6385401480936386
12.104,0.42995330114569313,0.6385655041419331
12.105,0.430720296450949,0.6385905250597843
12.106,0.4314872143150721,0.6386151697530461
12.107,0.43225405684220447,0.6386394623599537
12.108,0.4330208258634376,0.638663418526803
12.109,0.4337875234722783,0.6386870561422052
12.11,0.43455414816240506,0.6387103623349389
12.111,0.4353207056393465,0.63873339083367
12.112,0.43608719808300694,0.6387561621664674
12.113,0.4368536229643791,0.6387786525177865
12.114,0.4376199894564623,0.6388009501105231
12.115,0.43838629689510156,0.6388230485570722
12.116,0.43915254333350623,0.6388449291338267
12.117,0.43991874810093323,0.6388667760416906
12.118,0.44068490394234283,0.6388885201427428
12.119,0.44145100979532687,0.6389101513126049
12.12,0.4422170656598853,0.6389316695512768
12.121,0.4429830715360194,0.6389530748587586
12.122,0.44374903134745747,0.6389744098807019
12.123,0.44451495663172835,0.6389958000144038
12.124,0.4452808373308151,0.6390171359428238
12.125,0.44604667344471505,0.6390384176659613
12.126,0.44681246497342947,0.6390596451838167
12.127,0.4475782119169597,0.6390808184963899
12.128,0.4483439253233158,0.6391020491047168
12.129,0.44910960777867515,0.6391233631095232
12.13,0.4498752519741479,0.6391446867465194
12.131,0.4506408579097315,0.6391660200157049
12.132,0.45140642558542715,0.6391873629170801
12.133,0.45217195500123497,0.639208715450645
12.134,0.4529374565811847,0.6392301874194709
12.135,0.45370292481366264,0.6392517207661645
12.136,0.45446835842339367,0.6392733020574166
12.137,0.4552337574103791,0.6392949312932275
12.138,0.4559991217746162,0.6393166084735968
12.139,0.45676445224567075,0.6393383434246009
12.14,0.4575297520217039,0.6393601792203343
12.141,0.4582950184939222,0.6393820807245566
12.142,0.45906025166232706,0.6394040479372679
12.143,0.4598254515269199,0.6394260808584682
12.144,0.460590618087698,0.6394481794881576
12.145,0.46135575070948753,0.6394703486275777
12.146,0.46212084909265155,0.639492590541672
12.147,0.462885913763743,0.6395149012502447
12.148,0.4636509447227633,0.6395372807532961
12.149,0.4644159419697126,0.6395597290508259
12.15,0.465180905504592,0.6395822461428345
12.150000002430126,0.46518090736350837,0.6395822461976375
12.150000002430126,0.8126321737403015,1.050838235770468
12.151,0.8095394680021101,1.0383575780583074
12.152,0.8006497873075199,1.0000088320622236
12.15286716135271,0.7886347377195103,0.950421132591948
12.15286716135271,0.7886347377195024,0.9504211325919169
12.152867161357552,0.7886347376434285,0.9504211322802081
12.152867161357552,0.7886347376434276,0.9504211322802065
12.153,0.78652811007721,0.9418368152171368
12.153,0.7865281098743426,0.9418368127819182
12.154,0.7607163015634097,0.8119362067560618
12.155,0.7514875814818632,0.8077881482529231
12.156,0.7326534899796102,0.7399179195666059
12.157,0.7136391793713236,0.6730883763258577
12.158,0.6948357854915751,0.6082411045827416
12.159,0.6765340070066604,0.546063258188843
12.16,0.6589489021080696,0.4870400314136441
12.160123979093909,0.6568268196598377,0.47995940567454587
12.160123979093909,0.6568268200470238,0.4799594058878385
12.161,0.642233460051386,0.4314875303691442
12.162,0.6204774304818862,0.33596856433302197
12.163,0.5956844621687757,0.21468295227702552
12.163071894648105,0.5943127684935048,0.20874840513618775
12.163071894648105,0.5943127710133495,0.2087484268964283
12.163071894929088,0.5943127657370317,0.2087484042614156
12.163071894929088,0.5943127657370317,0.2087484042614156
12.163184696777751,0.5922460735891009,0.19999999995053064
12.163184696777751,0.5922460735815199,0.1999999999051205
12.164,0.579830416750229,0.15300359284533804
12.165,0.5687964558502718,0.12108259049763097
12.166,0.560502098329163,0.1043850105915428
12.167,0.5538628063231369,0.0955764650534497
12.168,0.5482999032177466,0.09089725040954777
12.169,0.5434925881808024,0.08838533309246972
12.17,0.5392561276455317,0.08701568113669547
12.171,0.5354786114822906,0.08625364176428696
12.172,0.5320860009067157,0.08581432103695127
12.173,0.5290263990927458,0.08554902353671638
12.174,0.5262608620312831,0.08537965124394307
12.175,0.5237572729270811,0.08526354483561854
12.176,0.5214884759209235,0.08517809106943043
12.177,0.5194321836553343,0.08511179033072316
12.178,0.5175681559157994,0.08505782929248877
12.179,0.515878160172385,0.08501233197263344
12.18,0.5143457710200376,0.08497306155541653
12.181,0.512956173931836,0.08493866516787998
12.182,0.5116960624560895,0.08490826944038944
12.183,0.5105533402121153,0.08488125928561664
12.184,0.5095170495613213,0.08485717359811319
12.185,0.5085772602592374,0.08483564655926351
12.186,0.5077249710923355,0.08481637581302644
12.187,0.5069520219780392,0.08479910452606941
12.188,0.5062510148952898,0.08478361070607587
12.189,0.5056147504667312,0.08476968313812924
12.19,0.5050372128461317,0.0847571523888032
12.191,0.5045135207910202,0.08474589816890946
12.192,0.5040385408932478,0.0847357772693004
12.193,0.5036076123198286,0.08472666757478313
12.194,0.5032168207907309,0.08471846678059784
12.195,0.5028624456724718,0.08471108074694557
12.196,0.5025410973900278,0.08470442536298993
12.197,0.5022496996011071,0.08469842557472561
12.198,0.5019854346830239,0.08469301388009255
12.199,0.5017456724114985,0.08468812830674448
12.2,0.5015282267792887,0.08468371811593708
12.201,0.5013310218414847,0.08467973571223004
12.202,0.5011521742867606,0.08467613845927227
12.203,0.5009899756315107,0.08467288813358512
12.204,0.5008428415479494,0.08466994968958702
12.205,0.5007093464198892,0.08466729193484229
12.206,0.500588261641667,0.0846648882493088
12.207,0.5004784341132995,0.08466271385895255
12.208,0.5003788176282399,0.08466074647641443
12.209,0.5002884629972839,0.08465896604103226
12.21,0.5002064780881589,0.08465735384182943
12.211,0.5001320376436554,0.0846558925542533
12.212,0.5000642249998288,0.08465456220638323
12.213,0.5000027082749812,0.08465335749816587
12.214,0.4999470704791912,0.0846522714971608
12.215,0.4998963522257699,0.0846512824414856
12.216,0.4998504701909269,0.08465038889897784
12.217,0.4998088854668013,0.08464957978192354
12.218,0.4997710610180403,0.08464884452273372
12.219,0.49973685886690566,0.08464818035167493
12.22,0.4997058322476719,0.08464757832365669
12.221,0.4996776449168582,0.08464703174662577
12.222,0.4996521514682085,0.08464653774210522
12.223,0.4996290054421511,0.08464608946570834
12.224,0.49960799896129493,0.08464568283109164
12.225,0.49958899424827585,0.08464531512757534
12.226,0.49957172587043197,0.08464498114112902
12.227,0.4995560679543154,0.08464467841096936
12.228,0.49954189762438567,0.08464440453189395
12.229,0.4995290127870552,0.08464415555790197
12.23,0.4995173391104928,0.08464393004252946
12.231,0.4995067711903183,0.08464372593151982
12.232,0.49949715590430355,0.08464354024652751
12.233,0.49948845077309156,0.08464337216377919
12.234,0.4994805639811374,0.08464321989837496
12.235,0.4994732921503969,0.08464307947288632
12.236,0.4994666889556448,0.08464295193608942
12.237,0.4994607543968812,0.08464283728798425
12.238,0.4994552811661448,0.08464273165210837
12.239,0.49945037434940004,0.08464263699346974
12.24,0.4994459837951559,0.08464255232692763
12.241,0.499441911376731,0.08464247376122724
12.242,0.49943826450939666,0.08464240340602987
12.243,0.4994349689773146,0.084642339820676
12.244,0.49943194661205603,0.08464228148777936
12.245,0.499429253675863,0.08464222949948874
12.246,0.49942679328365425,0.08464218199801138
12.247,0.49942455708004974,0.08464213882313106
12.248,0.4994225724570478,0.08464210050009537
12.249,0.49942073294530065,0.08464206497880537
12.25,0.4994190813216643,0.08464203308294219
12.251,0.4994176080875671,0.08464200462892714
12.252,0.49941624415114333,0.08464197828280615
12.253,0.4994150257688327,0.08464195474458093
12.254,0.499413928698737,0.08464193354691811
12.255,0.4994129202875295,0.08464191406032938
12.256,0.4994120223566337,0.08464189670548644
12.257,0.4994112041604917,0.08464188088992321
12.258,0.4994104591351019,0.08464186648715158
12.259,0.49940979792581036,0.08464185370230706
12.26,0.49940918668730794,0.08464184188269669
12.261,0.4994086366104002,0.08464183124413062
12.262,0.4994081450672632,0.08464182173583504
12.263,0.49940767517960977,0.08464181264591558
12.264,0.4994072457364698,0.08464180433707358
12.265,0.49940685673784346,0.08464179680930907
12.266,0.4994065081837306,0.08464179006262203
12.267,0.49940620007413133,0.08464178409701248
12.268,0.4994059114116573,0.08464177850869761
12.269,0.4994056418855885,0.08464177329170226
12.27,0.49940540192499894,0.08464176864657902
12.271,0.4994051915298886,0.08464176457332785
12.272,0.49940501070025756,0.0846417610719488
12.273,0.49940485591947786,0.08464175807435437
12.274,0.4994046943942869,0.08464175494561525
12.275,0.4994045506049286,0.08464175215970762
12.276,0.49940442455140294,0.08464174971663145
12.277,0.49940431623371,0.08464174761638675
12.278,0.49940422565184966,0.08464174585897354
12.279,0.4994041393625878,0.08464174418493832
12.28,0.49940405524279646,0.08464174255330492
12.281,0.4994039813133383,0.08464174111887537
12.282,0.4994039175742132,0.08464173988164972
12.283,0.49940386402542114,0.08464173884162793
12.284,0.4994038198906173,0.0846417379838131
12.285,0.49940377171137834,0.08464173704822474
12.286,0.4994037292045564,0.08464173622256627
12.287,0.4994036923701515,0.08464173550683768
12.288,0.4994036612081634,0.08464173490103899
12.289,0.49940363571859236,0.08464173440517017
12.29,0.4994036116631401,0.08464173393721383
12.291,0.4994035876672319,0.08464173347056986
12.292,0.49940356675168646,0.08464173306369562
12.293,0.4994035489165038,0.08464173271659114
12.294,0.4994035341616839,0.0846417324292564
12.295,0.49940352241755476,0.08464173220034149
12.296,0.4994035090987861,0.08464173194100288
12.297,0.49940349741926243,0.08464173171351153
12.298,0.49940348737898377,0.08464173151786741
12.299,0.49940347897795,0.08464173135407052
12.3,0.4994034722161612,0.08464173122212086
12.301,0.49940346552474973,0.084641731091575
12.302,0.49940345808763337,0.08464173094659708
12.303,0.4994034512372157,0.08464173081304201
12.304,0.4994034449734967,0.08464173069090981
12.305,0.4994034392964764,0.08464173058020047
12.306,0.4994034342061548,0.084641730480914
12.307,0.4994034297025319,0.08464173039305037
12.308,0.49940342578560754,0.08464173031660963
12.309,0.499403422455382,0.08464173025159173
12.31,0.49940341971185515,0.08464173019799673
12.311,0.499403417555027,0.08464173015582456
12.312,0.49940341535717286,0.08464173011286316
12.313,0.4994034128072502,0.08464173006306135
12.314,0.4994034106020357,0.08464173001997458
12.315,0.49940340874152933,0.08464172998360286
12.316,0.49940340722573107,0.08464172995394618
12.317,0.499403406054641,0.08464172993100456
12.318,0.49940340522825905,0.08464172991477799
12.319,0.49940340474658523,0.08464172990526646
12.32,0.4994034046096195,0.08464172990246997
12.321,0.4994034048173619,0.08464172990638855
12.322,0.4994034053698125,0.08464172991702217
12.323,0.499403405705122,0.08464172992343648
12.324,0.49940340539770445,0.08464172991734897
12.325,0.49940340519402127,0.08464172991328683
12.326,0.4994034050940724,0.08464172991125007
12.327,0.4994034050978578,0.08464172991123867
12.328,0.49940340520537757,0.08464172991325264
12.329,0.49940340541663153,0.08464172991729196
12.33,0.49940340573161984,0.08464172992335667
12.331,0.4994034061503425,0.08464172993144671
12.332,0.4994034066727994,0.08464172994156213
12.333,0.4994034072989907,0.08464172995370293
12.334,0.49940340784276716,0.0846417299642422
12.335,0.49940340810253137,0.08464172996925205
12.336,0.4994034083761503,0.08464172997453608
12.337,0.4994034086636241,0.08464172998009428
12.338,0.49940340896495267,0.08464172998592666
12.339,0.4994034092801361,0.0846417299920332
12.34,0.4994034096091743,0.08464172999841392
12.341,0.49940340995206733,0.0846417300050688
12.342,0.49940341030881513,0.08464173001199787
12.343,0.4994034106794178,0.08464173001920111
12.344,0.4994034110638752,0.08464173002667852
12.345,0.49940341142001476,0.08464173003360476
12.346,0.4994034116846445,0.08464173003874309
12.347,0.4994034119398622,0.08464173004370025
12.348,0.4994034121856677,0.08464173004847624
12.349,0.4994034124220611,0.08464173005307103
12.35,0.49940341264904237,0.08464173005748468
12.351,0.4994034128666116,0.08464173006171712
12.352,0.49940341307476865,0.08464173006576839
12.353,0.49940341327351356,0.08464173006963847
12.354,0.49940341346284634,0.08464173007332738
12.355,0.499403413642767,0.08464173007683512
12.356,0.49940341381515535,0.0846417300801955
12.357,0.49940341398385946,0.08464173008347783
12.358,0.4994034141443597,0.08464173008660071
12.359,0.49940341429665586,0.08464173008956416
12.36,0.49940341444074804,0.08464173009236818
12.361,0.4994034145766363,0.08464173009501279
12.362,0.49940341470432054,0.08464173009749794
12.363,0.49940341482380085,0.08464173009982366
12.364,0.49940341493507723,0.08464173010198997
12.365,0.49940341503814956,0.08464173010399684
12.366,0.49940341513301795,0.08464173010584426
12.367,0.4994034152196824,0.08464173010753229
12.368,0.4994034152981428,0.08464173010906086
12.369,0.4994034153683993,0.08464173011042998
12.37,0.4994034154304518,0.08464173011163971
12.371,0.49940341548430034,0.08464173011268998
12.372,0.49940341552994494,0.08464173011358082
12.373,0.4994034155673855,0.08464173011431225
12.374,0.4994034155966221,0.08464173011488424
12.375,0.4994034156176548,0.08464173011529678
12.376,0.49940341563048346,0.0846417301155499
12.377,0.49940341563510815,0.0846417301156436
12.378,0.4994034156322883,0.0846417301155924
12.379,0.4994034156294397,0.08464173011553956
12.38,0.4994034156265911,0.08464173011548674
12.381,0.4994034156237424,0.08464173011543392
12.382,0.4994034156208938,0.0846417301153811
12.383,0.4994034156180452,0.08464173011532829
12.384,0.4994034156151965,0.08464173011527547
12.385,0.4994034156123479,0.08464173011522265
12.386,0.4994034156094993,0.08464173011516983
12.387,0.49940341560665064,0.084641730115117
12.388,0.499403415603802,0.08464173011506418
12.389,0.4994034156009534,0.08464173011501136
12.39,0.49940341559810475,0.08464173011495854
12.391,0.49940341559525614,0.08464173011490572
12.392,0.49940341559240753,0.0846417301148529
12.393,0.49940341558955886,0.08464173011480008
12.394,0.49940341558671025,0.08464173011474727
12.395,0.49940341558386164,0.08464173011469445
12.396,0.499403415581013,0.08464173011464161
12.397,0.49940341557816437,0.0846417301145888
12.398,0.49940341557531576,0.08464173011453598
12.399,0.4994034155724671,0.08464173011448316
12.4,0.49940341556984164,0.08464173011443446
12.401,0.4994034155692574,0.08464173011442354
12.402,0.4994034155686731,0.08464173011441263
12.403,0.49940341556808887,0.08464173011440171
12.404,0.4994034155675046,0.08464173011439079
12.405,0.49940341556692036,0.08464173011437987
12.406,0.4994034155663361,0.08464173011436894
12.407,0.49940341556575185,0.08464173011435802
12.408,0.4994034155651676,0.0846417301143471
12.409,0.49940341556458334,0.08464173011433618
12.41,0.4994034155639991,0.08464173011432526
12.411,0.49940341556341483,0.08464173011431435
12.412,0.4994034155628306,0.08464173011430343
12.413,0.4994034155622463,0.0846417301142925
12.414,0.49940341556166207,0.08464173011428158
12.415,0.4994034155610778,0.08464173011427066
12.416,0.49940341556049356,0.08464173011425974
12.417,0.4994034155599093,0.08464173011424882
12.418,0.49940341555932505,0.0846417301142379
12.419,0.4994034155587408,0.08464173011422697
12.42,0.4994034155581566,0.08464173011421607
12.421,0.49940341555757234,0.08464173011420514
12.422,0.4994034155569881,0.08464173011419422
12.423,0.49940341555640383,0.0846417301141833
12.424,0.4994034155558196,0.08464173011417238
12.425,0.4994034155552353,0.08464173011416146
12.426,0.49940341555465106,0.08464173011415053
12.427,0.4994034155540668,0.08464173011413961
12.428,0.49940341555348255,0.08464173011412869
12.429,0.4994034155528983,0.08464173011411778
12.43,0.49940341555231405,0.08464173011410686
12.431,0.4994034155517298,0.08464173011409594
12.432,0.49940341555114554,0.08464173011408502
12.433,0.4994034155505613,0.0846417301140741
12.434,0.499403415549977,0.08464173011406317
12.435,0.49940341554939277,0.08464173011405225
12.436,0.4994034155488085,0.08464173011404133
12.437,0.49940341554822426,0.08464173011403041
12.438,0.49940341554764,0.0846417301140195
12.439,0.49940341554705575,0.08464173011400858
12.44,0.4994034155464715,0.08464173011399766
12.441,0.49940341554588724,0.08464173011398674
12.442,0.499403415545303,0.08464173011397581
12.443,0.49940341554471873,0.08464173011396489
12.444,0.4994034155441345,0.08464173011395397
12.445,0.4994034155439893,0.08464173011395128
12.446,0.4994034155438812,0.08464173011394928
12.447,0.49940341554377304,0.08464173011394728
12.448,0.4994034155436649,0.08464173011394527
12.449,0.49940341554355683,0.08464173011394327
12.45,0.4994034155434487,0.08464173011394127
12.451,0.49940341554334056,0.08464173011393927
12.452,0.4994034155432324,0.08464173011393727
12.453,0.49940341554312434,0.08464173011393526
12.454,0.4994034155430162,0.08464173011393326
12.455,0.49940341554290807,0.08464173011393127
12.456,0.49940341554279993,0.08464173011392927
12.457,0.49940341554269185,0.08464173011392725
12.458,0.4994034155425837,0.08464173011392526
12.459,0.4994034155424756,0.08464173011392326
12.46,0.49940341554236745,0.08464173011392126
12.461,0.49940341554225937,0.08464173011391926
12.462,0.49940341554215123,0.08464173011391725
12.463,0.4994034155420431,0.08464173011391525
12.464,0.49940341554193496,0.08464173011391325
12.465,0.4994034155418269,0.08464173011391125
12.466,0.49940341554171874,0.08464173011390926
12.467,0.4994034155416106,0.08464173011390724
12.468,0.49940341554150247,0.08464173011390524
12.469,0.4994034155413944,0.08464173011390325
12.47,0.49940341554128626,0.08464173011390125
12.471,0.4994034155411781,0.08464173011389924
12.472,0.49940341554107,0.08464173011389724
12.473,0.49940341554096185,0.08464173011389524
12.474,0.49940341554085377,0.08464173011389324
12.475,0.49940341554074563,0.08464173011389124
12.476,0.4994034155406375,0.08464173011388923
12.477,0.49940341554052936,0.08464173011388723
12.478,0.4994034155404213,0.08464173011388523
12.479,0.49940341554031314,0.08464173011388323
12.48,0.499403415540205,0.08464173011388122
12.481,0.4994034155400969,0.08464173011387922
12.482,0.4994034155399888,0.08464173011387723
12.483,0.49940341553988066,0.08464173011387523
12.484,0.4994034155397725,0.08464173011387323
12.485,0.4994034155396644,0.08464173011387122
12.486,0.4994034155395563,0.08464173011386922
12.487,0.49940341553944817,0.08464173011386722
12.488,0.49940341553934003,0.08464173011386522
12.489,0.4994034155392976,0.08464173011386442
12.49,0.4994034155392776,0.08464173011386403
12.491,0.49940341553925754,0.08464173011386363
12.492,0.4994034155392375,0.08464173011386324
12.493,0.49940341553921747,0.08464173011386283
12.494,0.4994034155391974,0.08464173011386245
12.495,0.4994034155391774,0.08464173011386204
12.496,0.49940341553915735,0.08464173011386165
12.497,0.4994034155391373,0.08464173011386125
12.498,0.4994034155391172,0.08464173011386086
12.499,0.4994034155390972,0.08464173011386046
12.5,0.49940341553907713,0.08464173011386007
12.501,0.4994034155390571,0.08464173011385967
12.502,0.49940341553903705,0.08464173011385928
12.503,0.499403415539017,0.08464173011385888
12.504,0.499403415538997,0.08464173011385849
12.505,0.49940341553897694,0.08464173011385809
12.506,0.4994034155389569,0.08464173011385769
12.507,0.49940341553893686,0.0846417301138573
12.508,0.4994034155389168,0.0846417301138569
12.509,0.4994034155388968,0.0846417301138565
12.51,0.49940341553887674,0.0846417301138561
12.511,0.4994034155388567,0.08464173011385571
12.512,0.49940341553883666,0.08464173011385531
12.513,0.4994034155388166,0.08464173011385492
12.514,0.4994034155387966,0.08464173011385452
12.515,0.49940341553877654,0.08464173011385413
12.516,0.4994034155387565,0.08464173011385373
12.517,0.49940341553873646,0.08464173011385334
12.518,0.4994034155387164,0.08464173011385294
12.519,0.4994034155386964,0.08464173011385255
12.52,0.49940341553867634,0.08464173011385215
12.521,0.4994034155386563,0.08464173011385176
12.522,0.49940341553863626,0.08464173011385136
12.523,0.4994034155386162,0.08464173011385097
12.524,0.4994034155385962,0.08464173011385057
12.525,0.49940341553857615,0.08464173011385018
12.526,0.4994034155385561,0.08464173011384978
12.527,0.49940341553853607,0.08464173011384939
12.528,0.499403415538516,0.08464173011384898
12.529,0.499403415538496,0.0846417301138486
12.53,0.49940341553847595,0.0846417301138482
12.531,0.49940341553845585,0.0846417301138478
12.532,0.4994034155384358,0.0846417301138474
12.533,0.49940341553841666,0.08464173011384704
12.534,0.4994034155383982,0.08464173011384668
12.535,0.49940341553837975,0.08464173011384632
12.536,0.4994034155383614,0.08464173011384597
12.537,0.4994034155383431,0.08464173011384561
12.538,0.4994034155383249,0.08464173011384526
12.539,0.49940341553830675,0.08464173011384492
12.54,0.49940341553828865,0.08464173011384457
12.541,0.4994034155382706,0.08464173011384422
12.542,0.4994034155382527,0.08464173011384388
12.543,0.49940341553823475,0.08464173011384353
12.544,0.49940341553821693,0.08464173011384318
12.545,0.49940341553819917,0.08464173011384286
12.546,0.4994034155381815,0.08464173011384252
12.547,0.49940341553816386,0.08464173011384217
12.548,0.4994034155381463,0.08464173011384185
12.549,0.49940341553812884,0.08464173011384152
12.55,0.4994034155381114,0.08464173011384117
12.551,0.4994034155380941,0.08464173011384085
12.552,0.4994034155380768,0.08464173011384052
12.553,0.4994034155380596,0.08464173011384019
12.554,0.49940341553804246,0.08464173011383988
12.555,0.49940341553802536,0.08464173011383955
12.556,0.4994034155380083,0.08464173011383923
12.557,0.4994034155379914,0.08464173011383891
12.558,0.4994034155379745,0.08464173011383859
12.559,0.4994034155379577,0.08464173011383827
12.56,0.499403415537941,0.08464173011383797
12.561,0.4994034155379243,0.08464173011383765
12.562,0.4994034155379077,0.08464173011383733
12.563,0.49940341553789114,0.08464173011383702
12.564,0.49940341553787465,0.08464173011383672
12.565,0.4994034155378582,0.0846417301138364
12.566,0.4994034155378419,0.0846417301138361
12.567,0.4994034155378256,0.0846417301138358
12.568,0.49940341553780937,0.0846417301138355
12.569,0.4994034155377932,0.0846417301138352
12.57,0.4994034155377772,0.0846417301138349
12.571,0.49940341553776113,0.08464173011383459
12.572,0.4994034155377452,0.08464173011383432
12.573,0.4994034155377293,0.08464173011383401
12.574,0.4994034155377135,0.08464173011383373
12.575,0.4994034155376978,0.08464173011383344
12.576,0.4994034155376821,0.08464173011383314
12.577,0.4994034155376665,0.08464173011383286
12.578,0.49940341553765094,0.08464173011383258
12.579,0.4994034155376355,0.08464173011383229
12.58,0.4994034155376201,0.08464173011383201
12.581,0.49940341553760476,0.08464173011383173
12.582,0.4994034155375895,0.08464173011383144
12.583,0.4994034155375743,0.08464173011383118
12.584,0.4994034155375591,0.0846417301138309
12.585,0.4994034155375441,0.08464173011383062
12.586,0.49940341553752904,0.08464173011383036
12.587,0.4994034155375141,0.08464173011383008
12.588,0.49940341553749923,0.0846417301138298
12.589,0.49940341553748446,0.08464173011382956
12.59,0.49940341553746964,0.08464173011382928
12.591,0.499403415537455,0.08464173011382901
12.592,0.4994034155374404,0.08464173011382875
12.593,0.49940341553742584,0.08464173011382849
12.594,0.4994034155374114,0.08464173011382822
12.595,0.499403415537397,0.08464173011382797
12.596,0.49940341553738266,0.08464173011382772
12.597,0.4994034155373684,0.08464173011382746
12.598,0.4994034155373542,0.08464173011382722
12.599,0.4994034155373401,0.08464173011382696
12.6,0.499403415537326,0.08464173011382671
12.601,0.499403415537312,0.08464173011382647
12.602,0.49940341553729806,0.08464173011382622
12.603,0.49940341553728423,0.08464173011382597
12.604,0.4994034155372704,0.08464173011382574
12.605,0.4994034155372567,0.08464173011382549
12.606,0.49940341553724305,0.08464173011382525
12.607,0.49940341553722944,0.08464173011382502
12.608,0.4994034155372159,0.08464173011382478
12.609,0.4994034155372024,0.08464173011382455
12.61,0.49940341553718903,0.08464173011382431
12.611,0.4994034155371757,0.08464173011382407
12.612,0.49940341553716244,0.08464173011382385
12.613,0.49940341553714923,0.08464173011382363
12.614,0.4994034155371361,0.0846417301138234
12.615,0.49940341553712303,0.08464173011382317
12.616,0.49940341553711004,0.08464173011382295
12.617,0.4994034155370971,0.08464173011382273
12.618,0.4994034155370842,0.08464173011382252
12.619,0.49940341553707146,0.0846417301138223
12.62,0.49940341553705875,0.08464173011382208
12.621,0.499403415537047,0.08464173011382188
12.622,0.49940341553703854,0.08464173011382171
12.623,0.49940341553703027,0.08464173011382158
12.624,0.4994034155370222,0.08464173011382142
12.625,0.49940341553701434,0.08464173011382127
12.626,0.4994034155370065,0.08464173011382113
12.627,0.4994034155369989,0.08464173011382099
12.628,0.4994034155369915,0.08464173011382085
12.629,0.49940341553698425,0.08464173011382072
12.63,0.4994034155369771,0.08464173011382059
12.631,0.49940341553697015,0.08464173011382045
12.632,0.4994034155369633,0.08464173011382034
12.633,0.49940341553695666,0.08464173011382022
12.634,0.4994034155369502,0.0846417301138201
12.635,0.4994034155369439,0.08464173011381998
12.636,0.49940341553693773,0.08464173011381987
12.637,0.49940341553693174,0.08464173011381976
12.638,0.4994034155369259,0.08464173011381966
12.639,0.49940341553692025,0.08464173011381955
12.64,0.4994034155369147,0.08464173011381945
12.641,0.4994034155369093,0.08464173011381934
12.642,0.49940341553690415,0.08464173011381924
12.643,0.4994034155368991,0.08464173011381916
12.644,0.49940341553689427,0.08464173011381906
12.645,0.4994034155368895,0.08464173011381898
12.646,0.49940341553688494,0.0846417301138189
12.647,0.49940341553688056,0.08464173011381881
12.648,0.49940341553687634,0.08464173011381873
12.649,0.49940341553687223,0.08464173011381866
12.65,0.49940341553686834,0.08464173011381859
12.651,0.4994034155368646,0.08464173011381852
12.652,0.49940341553686096,0.08464173011381845
12.653,0.4994034155368576,0.0846417301138184
12.654,0.4994034155368543,0.08464173011381833
12.655,0.4994034155368512,0.08464173011381829
12.656,0.4994034155368482,0.08464173011381822
12.657,0.4994034155368454,0.08464173011381816
12.658,0.4994034155368428,0.08464173011381812
12.659,0.49940341553684037,0.08464173011381806
12.66,0.499403415536838,0.08464173011381804
12.661,0.49940341553683587,0.08464173011381798
12.662,0.4994034155368339,0.08464173011381795
12.663,0.4994034155368321,0.08464173011381791
12.664,0.4994034155368304,0.0846417301138179
12.665,0.4994034155368289,0.08464173011381786
12.666,0.49940341553682754,0.08464173011381784
12.667,0.4994034155368264,0.08464173011381781
12.668,0.4994034155368253,0.0846417301138178
12.669,0.49940341553682444,0.08464173011381779
12.67,0.49940341553682377,0.08464173011381777
12.671,0.49940341553682316,0.08464173011381776
12.672,0.49940341553682277,0.08464173011381776
12.673,0.4994034155368226,0.08464173011381775
12.674,0.49940341553682255,0.08464173011381775
12.675,0.4994034155368226,0.08464173011381775
12.676,0.4994034155368228,0.08464173011381775
12.677,0.49940341553682327,0.08464173011381776
12.678,0.4994034155368239,0.08464173011381776
12.679,0.49940341553682455,0.08464173011381779
12.68,0.4994034155368255,0.0846417301138178
12.681,0.49940341553682654,0.08464173011381783
12.682,0.49940341553682777,0.08464173011381784
12.683,0.4994034155368291,0.08464173011381787
12.684,0.49940341553683065,0.0846417301138179
12.685,0.4994034155368324,0.08464173011381793
12.686,0.4994034155368342,0.08464173011381795
12.687,0.4994034155368362,0.08464173011381801
12.688,0.4994034155368384,0.08464173011381804
12.689,0.49940341553684076,0.08464173011381809
12.69,0.49940341553684325,0.08464173011381812
12.691,0.4994034155368459,0.08464173011381816
12.692,0.49940341553684875,0.08464173011381823
12.693,0.49940341553685175,0.08464173011381827
12.694,0.49940341553685486,0.08464173011381834
12.695,0.49940341553685813,0.0846417301138184
12.696,0.49940341553686163,0.08464173011381847
12.697,0.49940341553686524,0.08464173011381852
12.698,0.499403415536869,0.0846417301138186
12.699,0.49940341553687295,0.08464173011381866
12.7,0.49940341553687706,0.08464173011381874
12.701,0.49940341553688133,0.08464173011381883
12.702,0.4994034155368857,0.08464173011381891
12.703,0.4994034155368903,0.084641730113819
12.704,0.4994034155368951,0.08464173011381908
12.705,0.49940341553689993,0.08464173011381916
12.706,0.49940341553690504,0.08464173011381927
12.707,0.49940341553691026,0.08464173011381936
12.708,0.4994034155369157,0.08464173011381945
12.709,0.4994034155369212,0.08464173011381956
12.71,0.4994034155369269,0.08464173011381966
12.711,0.4994034155369328,0.08464173011381977
12.712,0.49940341553693884,0.08464173011381987
12.713,0.49940341553694495,0.08464173011382
12.714,0.49940341553695133,0.0846417301138201
12.715,0.49940341553695783,0.08464173011382023
12.716,0.49940341553696455,0.08464173011382035
12.717,0.4994034155369713,0.08464173011382048
12.718,0.4994034155369783,0.0846417301138206
12.719,0.4994034155369855,0.08464173011382074
12.72,0.4994034155369928,0.08464173011382087
12.721,0.49940341553700024,0.084641730113821
12.722,0.4994034155370079,0.08464173011382115
12.723,0.49940341553701567,0.0846417301138213
12.724,0.4994034155370236,0.08464173011382144
12.725,0.4994034155370317,0.08464173011382158
12.726,0.49940341553704,0.08464173011382174
12.727,0.4994034155370485,0.08464173011382188
12.728,0.499403415537057,0.08464173011382205
12.729,0.4994034155370658,0.0846417301138222
12.73,0.4994034155370747,0.08464173011382238
12.731,0.4994034155370838,0.08464173011382253
12.732,0.499403415537093,0.08464173011382271
12.733,0.4994034155371024,0.08464173011382288
12.734,0.499403415537112,0.08464173011382306
12.735,0.4994034155371217,0.08464173011382324
12.736,0.4994034155371315,0.08464173011382342
12.737,0.49940341553714157,0.0846417301138236
12.738,0.4994034155371518,0.0846417301138238
12.739,0.49940341553716217,0.08464173011382398
12.74,0.4994034155371726,0.08464173011382418
12.741,0.4994034155371833,0.08464173011382436
12.742,0.49940341553719414,0.08464173011382456
12.743,0.49940341553720513,0.08464173011382477
12.744,0.4994034155372163,0.08464173011382498
12.745,0.4994034155372276,0.08464173011382518
12.746,0.4994034155372391,0.08464173011382539
12.747,0.4994034155372507,0.08464173011382561
12.748,0.49940341553726253,0.08464173011382582
12.749,0.4994034155372745,0.08464173011382604
12.75,0.4994034155372866,0.08464173011382627
12.751,0.4994034155372989,0.0846417301138265
12.752,0.4994034155373113,0.08464173011382672
12.753,0.4994034155373239,0.08464173011382696
12.754,0.4994034155373367,0.08464173011382718
12.755,0.4994034155373496,0.08464173011382743
12.756,0.49940341553736267,0.08464173011382767
12.757,0.49940341553737594,0.08464173011382792
12.758,0.4994034155373894,0.08464173011382815
12.759,0.49940341553740286,0.08464173011382839
12.76,0.49940341553741663,0.08464173011382865
12.761,0.4994034155374305,0.0846417301138289
12.762,0.49940341553744455,0.08464173011382917
12.763,0.49940341553745876,0.08464173011382942
12.764,0.49940341553747314,0.0846417301138297
12.765,0.4994034155374877,0.08464173011382996
12.766,0.4994034155375023,0.08464173011383024
12.767,0.49940341553751716,0.0846417301138305
12.768,0.4994034155375322,0.08464173011383078
12.769,0.49940341553754736,0.08464173011383105
12.77,0.4994034155375626,0.08464173011383135
12.771,0.49940341553757817,0.08464173011383162
12.772,0.4994034155375938,0.08464173011383191
12.773,0.49940341553760964,0.08464173011383219
12.774,0.4994034155376256,0.0846417301138325
12.775,0.4994034155376417,0.08464173011383279
12.776,0.499403415537658,0.08464173011383308
12.777,0.4994034155376745,0.08464173011383339
12.778,0.499403415537691,0.08464173011383369
12.779,0.49940341553770784,0.08464173011383401
12.78,0.49940341553772477,0.0846417301138343
12.781,0.4994034155377418,0.08464173011383463
12.782,0.4994034155377591,0.08464173011383494
12.783,0.4994034155377765,0.08464173011383527
12.784,0.4994034155377941,0.08464173011383558
12.785,0.49940341553781176,0.08464173011383591
12.786,0.4994034155378297,0.08464173011383624
12.787,0.49940341553784773,0.08464173011383658
12.788,0.499403415537866,0.08464173011383691
12.789,0.4994034155378843,0.08464173011383724
12.79,0.49940341553790285,0.08464173011383759
12.791,0.49940341553792156,0.08464173011383794
12.792,0.49940341553794043,0.08464173011383827
12.793,0.4994034155379594,0.08464173011383862
12.794,0.49940341553797857,0.08464173011383898
12.795,0.49940341553799794,0.08464173011383933
12.796,0.4994034155380174,0.08464173011383969
12.797,0.4994034155380371,0.08464173011384005
12.798,0.4994034155380487,0.08464173011384026
12.799,0.49940341553805256,0.08464173011384034
12.8,0.4994034155380564,0.08464173011384041
12.801,0.4994034155380602,0.08464173011384048
12.802,0.49940341553806405,0.08464173011384055
12.803,0.49940341553806783,0.08464173011384062
12.804,0.4994034155380716,0.08464173011384069
12.805,0.4994034155380753,0.08464173011384074
12.806,0.4994034155380791,0.08464173011384082
12.807,0.4994034155380828,0.08464173011384088
12.808,0.4994034155380865,0.08464173011384096
12.809,0.49940341553809015,0.08464173011384102
12.81,0.4994034155380938,0.08464173011384109
12.811,0.4994034155380974,0.08464173011384116
12.812,0.499403415538101,0.08464173011384123
12.813,0.49940341553810463,0.08464173011384128
12.814,0.4994034155381082,0.08464173011384135
12.815,0.49940341553811174,0.08464173011384142
12.816,0.49940341553811524,0.08464173011384149
12.817,0.4994034155381188,0.08464173011384155
12.818,0.4994034155381223,0.08464173011384162
12.819,0.49940341553812573,0.08464173011384167
12.82,0.49940341553812917,0.08464173011384174
12.821,0.4994034155381326,0.0846417301138418
12.822,0.499403415538136,0.08464173011384186
12.823,0.49940341553813944,0.08464173011384192
12.824,0.4994034155381428,0.08464173011384198
12.825,0.4994034155381461,0.08464173011384205
12.826,0.4994034155381495,0.0846417301138421
12.827,0.49940341553815276,0.08464173011384217
12.828,0.49940341553815604,0.08464173011384223
12.829,0.49940341553815937,0.0846417301138423
12.83,0.4994034155381626,0.08464173011384235
12.831,0.4994034155381658,0.08464173011384242
12.832,0.499403415538169,0.08464173011384246
12.833,0.4994034155381722,0.08464173011384253
12.834,0.4994034155381754,0.08464173011384259
12.835,0.4994034155381786,0.08464173011384264
12.836,0.4994034155381817,0.0846417301138427
12.837,0.4994034155381848,0.08464173011384277
12.838,0.49940341553818784,0.08464173011384281
12.839,0.49940341553819095,0.08464173011384288
12.84,0.499403415538194,0.08464173011384292
12.841,0.499403415538197,0.08464173011384299
12.842,0.49940341553820006,0.08464173011384303
12.843,0.49940341553820305,0.08464173011384309
12.844,0.499403415538206,0.08464173011384314
12.845,0.49940341553820894,0.0846417301138432
12.846,0.4994034155382119,0.08464173011384325
12.847,0.49940341553821477,0.08464173011384331
12.848,0.4994034155382177,0.08464173011384336
12.849,0.49940341553822054,0.0846417301138434
12.85,0.4994034155382234,0.08464173011384347
12.851,0.49940341553822626,0.08464173011384352
12.852,0.49940341553822903,0.08464173011384357
12.853,0.49940341553823187,0.08464173011384361
12.854,0.49940341553823464,0.08464173011384367
12.855,0.49940341553823736,0.08464173011384372
12.856,0.4994034155382401,0.08464173011384378
12.857,0.49940341553824286,0.08464173011384382
12.858,0.4994034155382455,0.08464173011384388
12.859,0.4994034155382482,0.08464173011384392
12.86,0.4994034155382508,0.08464173011384396
12.861,0.49940341553825346,0.08464173011384402
12.862,0.49940341553825607,0.08464173011384406
12.863,0.4994034155382587,0.08464173011384411
12.864,0.49940341553826123,0.08464173011384415
12.865,0.49940341553826384,0.08464173011384421
12.866,0.49940341553826634,0.08464173011384425
12.867,0.49940341553826884,0.0846417301138443
12.868,0.49940341553827133,0.08464173011384434
12.869,0.4994034155382738,0.08464173011384439
12.87,0.4994034155382763,0.08464173011384443
12.871,0.49940341553827866,0.08464173011384449
12.872,0.4994034155382811,0.08464173011384452
12.873,0.49940341553828355,0.08464173011384457
12.874,0.4994034155382859,0.08464173011384461
12.875,0.4994034155382882,0.08464173011384465
12.876,0.4994034155382906,0.0846417301138447
12.877,0.49940341553829287,0.08464173011384474
12.878,0.4994034155382952,0.08464173011384478
12.879,0.4994034155382975,0.08464173011384482
12.88,0.4994034155382997,0.08464173011384486
12.881,0.499403415538302,0.0846417301138449
12.882,0.49940341553830414,0.08464173011384495
12.883,0.49940341553830636,0.08464173011384497
12.884,0.4994034155383085,0.08464173011384503
12.885,0.49940341553831064,0.08464173011384506
12.886,0.4994034155383128,0.0846417301138451
12.887,0.49940341553831497,0.08464173011384514
12.888,0.499403415538317,0.08464173011384518
12.889,0.49940341553831913,0.08464173011384521
12.89,0.4994034155383212,0.08464173011384526
12.891,0.4994034155383232,0.08464173011384529
12.892,0.49940341553832523,0.08464173011384533
12.893,0.4994034155383272,0.08464173011384536
12.894,0.4994034155383292,0.0846417301138454
12.895,0.4994034155383311,0.08464173011384543
12.896,0.49940341553833306,0.08464173011384547
12.897,0.499403415538335,0.08464173011384551
12.898,0.4994034155383369,0.08464173011384554
12.899,0.4994034155383387,0.08464173011384558
12.9,0.4994034155383406,0.08464173011384561
12.901,0.49940341553834244,0.08464173011384564
12.902,0.4994034155383443,0.08464173011384567
12.903,0.49940341553834605,0.08464173011384571
12.904,0.49940341553834783,0.08464173011384574
12.905,0.4994034155383496,0.08464173011384578
12.906,0.4994034155383513,0.0846417301138458
12.907,0.49940341553835305,0.08464173011384585
12.908,0.49940341553835477,0.08464173011384586
12.909,0.49940341553835643,0.0846417301138459
12.91,0.49940341553835804,0.08464173011384593
12.911,0.4994034155383597,0.08464173011384596
12.912,0.4994034155383614,0.08464173011384599
12.913,0.4994034155383629,0.08464173011384603
12.914,0.49940341553836454,0.08464173011384604
12.915,0.49940341553836604,0.08464173011384607
12.916,0.4994034155383676,0.0846417301138461
12.917,0.49940341553836914,0.08464173011384613
12.918,0.4994034155383706,0.08464173011384615
12.919,0.4994034155383721,0.08464173011384618
12.92,0.4994034155383736,0.08464173011384621
12.921,0.499403415538375,0.08464173011384624
12.922,0.4994034155383764,0.08464173011384626
12.923,0.4994034155383778,0.08464173011384629
12.924,0.4994034155383792,0.08464173011384632
12.925,0.4994034155383805,0.08464173011384633
12.926,0.49940341553838186,0.08464173011384638
12.927,0.4994034155383832,0.08464173011384639
12.928,0.4994034155383845,0.08464173011384642
12.929,0.49940341553838574,0.08464173011384643
12.93,0.499403415538387,0.08464173011384646
12.931,0.4994034155383883,0.08464173011384649
12.932,0.49940341553838946,0.08464173011384651
12.933,0.4994034155383907,0.08464173011384653
12.934,0.4994034155383919,0.08464173011384654
12.935,0.499403415538393,0.08464173011384657
12.936,0.4994034155383942,0.08464173011384658
12.937,0.49940341553839523,0.08464173011384661
12.938,0.4994034155383964,0.08464173011384662
12.939,0.49940341553839745,0.08464173011384665
12.94,0.4994034155383985,0.08464173011384667
12.941,0.49940341553839956,0.0846417301138467
12.942,0.4994034155384006,0.0846417301138467
12.943,0.49940341553840156,0.08464173011384672
12.944,0.49940341553840256,0.08464173011384674
12.945,0.49940341553840356,0.08464173011384676
12.946,0.49940341553840445,0.08464173011384678
12.947,0.4994034155384054,0.08464173011384679
12.948,0.4994034155384062,0.0846417301138468
12.949,0.49940341553840717,0.08464173011384683
12.95,0.49940341553840806,0.08464173011384683
12.951,0.49940341553840883,0.08464173011384686
12.952,0.49940341553840967,0.08464173011384687
12.953,0.4994034155384105,0.08464173011384687
12.954,0.4994034155384112,0.0846417301138469
12.955,0.499403415538412,0.0846417301138469
12.956,0.4994034155384128,0.08464173011384693
12.957,0.4994034155384135,0.08464173011384693
12.958,0.4994034155384142,0.08464173011384696
12.959,0.49940341553841483,0.08464173011384696
12.96,0.4994034155384155,0.08464173011384699
12.961,0.49940341553841616,0.08464173011384699
12.962,0.4994034155384168,0.084641730113847
12.963,0.4994034155384174,0.08464173011384701
12.964,0.499403415538418,0.08464173011384703
12.965,0.4994034155384185,0.08464173011384703
12.966,0.4994034155384191,0.08464173011384704
12.967,0.4994034155384196,0.08464173011384704
12.968,0.4994034155384201,0.08464173011384707
12.969,0.4994034155384206,0.08464173011384707
12.97,0.499403415538421,0.08464173011384707
12.971,0.4994034155384215,0.08464173011384708
12.972,0.49940341553842194,0.08464173011384708
12.973,0.49940341553842227,0.0846417301138471
12.974,0.4994034155384227,0.0846417301138471
12.975,0.49940341553842305,0.08464173011384711
12.976,0.4994034155384234,0.08464173011384711
12.977,0.4994034155384237,0.08464173011384712
12.978,0.49940341553842404,0.08464173011384712
12.979,0.49940341553842427,0.08464173011384714
12.98,0.4994034155384246,0.08464173011384714
12.981,0.49940341553842477,0.08464173011384715
12.982,0.49940341553842504,0.08464173011384714
12.983,0.49940341553842527,0.08464173011384715
12.984,0.4994034155384254,0.08464173011384715
12.985,0.4994034155384256,0.08464173011384717
12.986,0.49940341553842577,0.08464173011384715
12.987,0.4994034155384258,0.08464173011384717
12.988,0.49940341553842593,0.08464173011384717
12.989,0.49940341553842604,0.08464173011384715
12.99,0.4994034155384261,0.08464173011384717
12.991,0.49940341553842615,0.08464173011384715
12.992,0.49940341553842615,0.08464173011384717
12.993,0.49940341553842615,0.08464173011384717
12.994,0.49940341553842615,0.08464173011384717
12.995,0.4994034155384261,0.08464173011384715
12.996,0.49940341553842604,0.08464173011384717
12.997,0.499403415538426,0.08464173011384715
12.998,0.4994034155384259,0.08464173011384717
12.999,0.49940341553842577,0.08464173011384715
13,0.49940341553842565,0.08464173011384715
13.00000000150002,0.49940341553842565,0.08464173011384715
13.00000000150002,0.49940341553842565,0.08464173011384715
13.001,0.49940341553840656,0.08464173011384321
13.002,0.4994034155383901,0.08464173011384413
13.003,0.49940341553837636,0.08464173011384364
13.004,0.4994034155383627,0.08464173011384309
13.005,0.4994034155383527,0.08464173011384361
13.006,0.49940341553834317,0.08464173011384427
13.007,0.4994034155383336,0.0846417301138449
13.008,0.49940341553832407,0.08464173011384556
13.009,0.4994034155383179,0.08464173011384551
13.01,0.4994034155383125,0.08464173011384529
13.011,0.4994034155383072,0.08464173011384508
13.012,0.4994034155383018,0.08464173011384488
13.013,0.4994034155382965,0.08464173011384467
13.014,0.4994034155382911,0.08464173011384445
13.015,0.49940341553828577,0.08464173011384424
13.016,0.4994034155382804,0.08464173011384403
13.017,0.49940341553827705,0.08464173011384392
13.018,0.49940341553827505,0.08464173011384389
13.019,0.49940341553827305,0.08464173011384386
13.02,0.49940341553827106,0.08464173011384382
13.021,0.49940341553826906,0.0846417301138438
13.022,0.499403415538267,0.08464173011384375
13.023,0.499403415538265,0.08464173011384372
13.024,0.499403415538263,0.0846417301138437
13.025,0.499403415538261,0.08464173011384366
13.026,0.499403415538259,0.08464173011384363
13.027,0.499403415538257,0.0846417301138436
13.028,0.49940341553825496,0.08464173011384356
13.029,0.49940341553825296,0.08464173011384353
13.03,0.49940341553825096,0.0846417301138435
13.031,0.49940341553824896,0.08464173011384346
13.032,0.49940341553824696,0.08464173011384343
13.033,0.4994034155382453,0.0846417301138434
13.034,0.49940341553824485,0.08464173011384339
13.035,0.49940341553824436,0.08464173011384338
13.036,0.4994034155382439,0.08464173011384338
13.037,0.4994034155382434,0.08464173011384336
13.038,0.49940341553824297,0.08464173011384335
13.039,0.49940341553824247,0.08464173011384335
13.04,0.499403415538242,0.08464173011384334
13.041,0.4994034155382415,0.08464173011384332
13.042,0.4994034155382411,0.08464173011384332
13.043,0.4994034155382406,0.08464173011384331
13.044,0.49940341553824014,0.0846417301138433
13.045,0.4994034155382397,0.08464173011384328
13.046,0.4994034155382392,0.08464173011384328
13.047,0.49940341553823875,0.08464173011384327
13.048,0.49940341553823825,0.08464173011384325
13.049,0.4994034155382378,0.08464173011384325
13.05,0.4994034155382373,0.08464173011384324
13.051,0.49940341553823686,0.08464173011384322
13.052,0.49940341553823636,0.08464173011384322
13.053,0.4994034155382359,0.08464173011384321
13.054,0.4994034155382355,0.0846417301138432
13.055,0.499403415538235,0.08464173011384318
13.056,0.49940341553823453,0.08464173011384318
13.057,0.49940341553823403,0.08464173011384317
13.058,0.4994034155382336,0.08464173011384316
13.059,0.4994034155382331,0.08464173011384316
13.06,0.49940341553823264,0.08464173011384314
13.061,0.49940341553823214,0.08464173011384313
13.062,0.4994034155382317,0.08464173011384311
13.063,0.4994034155382312,0.08464173011384311
13.064,0.49940341553823075,0.0846417301138431
13.065,0.4994034155382303,0.08464173011384309
13.066,0.49940341553823,0.0846417301138431
13.067,0.49940341553822987,0.08464173011384311
13.068,0.49940341553822976,0.08464173011384313
13.069,0.49940341553822964,0.08464173011384314
13.07,0.49940341553822953,0.08464173011384316
13.071,0.4994034155382294,0.08464173011384317
13.072,0.4994034155382293,0.08464173011384318
13.073,0.4994034155382292,0.0846417301138432
13.074,0.4994034155382291,0.08464173011384321
13.075,0.499403415538229,0.08464173011384322
13.076,0.4994034155382289,0.08464173011384324
13.077,0.4994034155382288,0.08464173011384325
13.078,0.4994034155382287,0.08464173011384327
13.079,0.4994034155382286,0.08464173011384328
13.08,0.4994034155382285,0.0846417301138433
13.081,0.49940341553822837,0.08464173011384331
13.082,0.49940341553822826,0.08464173011384332
13.083,0.49940341553822815,0.08464173011384334
13.084,0.49940341553822803,0.08464173011384335
13.085,0.4994034155382279,0.08464173011384336
13.086,0.4994034155382278,0.08464173011384338
13.087,0.4994034155382277,0.08464173011384339
13.088,0.4994034155382276,0.0846417301138434
13.089,0.4994034155382275,0.08464173011384342
13.09,0.49940341553822737,0.08464173011384343
13.091,0.49940341553822726,0.08464173011384345
13.092,0.49940341553822715,0.08464173011384346
13.093,0.49940341553822704,0.08464173011384347
13.094,0.4994034155382269,0.08464173011384349
13.095,0.4994034155382268,0.0846417301138435
13.096,0.4994034155382267,0.08464173011384352
13.097,0.49940341553822665,0.08464173011384353
13.098,0.49940341553822654,0.08464173011384354
13.099,0.4994034155382265,0.08464173011384353
13.1,0.4994034155382264,0.08464173011384352
13.101,0.4994034155382264,0.0846417301138435
13.102,0.49940341553822637,0.08464173011384347
13.103,0.49940341553822637,0.08464173011384346
13.104,0.4994034155382263,0.08464173011384345
13.105,0.4994034155382263,0.08464173011384342
13.106,0.49940341553822626,0.0846417301138434
13.107,0.49940341553822626,0.08464173011384339
13.108,0.4994034155382262,0.08464173011384338
13.109,0.4994034155382262,0.08464173011384335
13.11,0.49940341553822615,0.08464173011384334
13.111,0.49940341553822615,0.08464173011384332
13.112,0.4994034155382261,0.0846417301138433
13.113,0.4994034155382261,0.08464173011384328
13.114,0.49940341553822604,0.08464173011384327
13.115,0.499403415538226,0.08464173011384325
13.116,0.499403415538226,0.08464173011384322
13.117,0.4994034155382259,0.08464173011384321
13.118,0.4994034155382259,0.0846417301138432
13.119,0.49940341553822587,0.08464173011384317
13.12,0.49940341553822587,0.08464173011384316
13.121,0.4994034155382258,0.08464173011384314
13.122,0.4994034155382258,0.08464173011384313
13.123,0.49940341553822576,0.0846417301138431
13.124,0.49940341553822576,0.08464173011384309
13.125,0.4994034155382257,0.08464173011384307
13.126,0.4994034155382257,0.08464173011384304
13.127,0.49940341553822565,0.08464173011384303
13.128,0.49940341553822565,0.08464173011384302
13.129,0.4994034155382256,0.084641730113843
13.13,0.4994034155382256,0.08464173011384298
13.131,0.49940341553822554,0.08464173011384296
13.132,0.49940341553822554,0.08464173011384296
13.133,0.49940341553822554,0.08464173011384295
13.134,0.4994034155382254,0.08464173011384296
13.135,0.4994034155382254,0.08464173011384295
13.136,0.4994034155382254,0.08464173011384295
13.137,0.4994034155382254,0.08464173011384296
13.138,0.4994034155382254,0.08464173011384295
13.139,0.49940341553822537,0.08464173011384296
13.14,0.4994034155382253,0.08464173011384295
13.141,0.4994034155382253,0.08464173011384296
13.142,0.4994034155382253,0.08464173011384296
13.143,0.49940341553822526,0.08464173011384296
13.144,0.49940341553822526,0.08464173011384298
13.145,0.49940341553822526,0.08464173011384298
13.146,0.49940341553822526,0.08464173011384299
13.147,0.4994034155382252,0.08464173011384299
13.148,0.4994034155382252,0.084641730113843
13.149,0.49940341553822515,0.084641730113843
13.15,0.49940341553822515,0.08464173011384302
13.151,0.49940341553822515,0.08464173011384304
13.152,0.4994034155382251,0.08464173011384304
13.153,0.4994034155382251,0.08464173011384306
13.154,0.4994034155382251,0.08464173011384307
13.155,0.4994034155382251,0.08464173011384309
13.156,0.49940341553822504,0.0846417301138431
13.157,0.49940341553822504,0.08464173011384311
13.158,0.49940341553822504,0.08464173011384314
13.159,0.49940341553822504,0.08464173011384316
13.16,0.499403415538225,0.08464173011384317
13.161,0.499403415538225,0.08464173011384318
13.162,0.499403415538225,0.08464173011384321
13.163,0.499403415538225,0.08464173011384322
13.164,0.499403415538225,0.08464173011384325
13.165,0.4994034155382249,0.08464173011384327
13.166,0.4994034155382249,0.0846417301138433
13.167,0.4994034155382249,0.08464173011384332
13.168,0.4994034155382249,0.08464173011384334
13.169,0.49940341553822487,0.08464173011384338
13.17,0.49940341553822487,0.08464173011384339
13.171,0.49940341553822487,0.08464173011384342
13.172,0.49940341553822487,0.08464173011384345
13.173,0.4994034155382248,0.08464173011384347
13.174,0.4994034155382248,0.08464173011384352
13.175,0.4994034155382248,0.08464173011384354
13.176,0.4994034155382248,0.08464173011384357
13.177,0.4994034155382248,0.0846417301138436
13.178,0.49940341553822476,0.08464173011384364
13.179,0.49940341553822476,0.08464173011384367
13.18,0.4994034155382248,0.0846417301138437
13.181,0.4994034155382248,0.08464173011384374
13.182,0.49940341553822476,0.08464173011384377
13.183,0.49940341553822476,0.08464173011384382
13.184,0.49940341553822476,0.08464173011384385
13.185,0.49940341553822476,0.08464173011384389
13.186,0.4994034155382247,0.08464173011384392
13.187,0.4994034155382247,0.08464173011384396
13.188,0.49940341553822476,0.08464173011384402
13.189,0.49940341553822476,0.08464173011384404
13.19,0.49940341553822476,0.0846417301138441
13.191,0.4994034155382247,0.08464173011384413
13.192,0.4994034155382247,0.08464173011384418
13.193,0.4994034155382247,0.08464173011384422
13.194,0.49940341553822476,0.08464173011384427
13.195,0.4994034155382247,0.08464173011384431
13.196,0.4994034155382247,0.08464173011384436
13.197,0.4994034155382247,0.0846417301138444
13.198,0.4994034155382247,0.08464173011384442
13.199,0.4994034155382247,0.08464173011384442
13.2,0.49940341553822465,0.08464173011384443
13.201,0.4994034155382247,0.08464173011384445
13.202,0.4994034155382247,0.08464173011384446
13.203,0.4994034155382247,0.08464173011384446
13.204,0.4994034155382247,0.08464173011384447
13.205,0.49940341553822465,0.08464173011384449
13.206,0.49940341553822465,0.0846417301138445
13.207,0.49940341553822465,0.08464173011384452
13.208,0.49940341553822465,0.08464173011384452
13.209,0.49940341553822465,0.08464173011384453
13.21,0.49940341553822465,0.08464173011384453
13.211,0.49940341553822465,0.08464173011384454
13.212,0.4994034155382246,0.08464173011384454
13.213,0.4994034155382246,0.08464173011384456
13.214,0.4994034155382246,0.08464173011384457
13.215,0.4994034155382246,0.08464173011384457
13.216,0.4994034155382246,0.08464173011384458
13.217,0.4994034155382246,0.08464173011384458
13.218,0.49940341553822465,0.0846417301138446
13.219,0.4994034155382246,0.0846417301138446
13.22,0.4994034155382246,0.08464173011384461
13.221,0.4994034155382246,0.08464173011384463
13.222,0.4994034155382246,0.08464173011384461
13.223,0.4994034155382246,0.08464173011384463
13.224,0.4994034155382246,0.08464173011384463
13.225,0.4994034155382246,0.08464173011384464
13.226,0.4994034155382246,0.08464173011384463
13.227,0.49940341553822454,0.08464173011384464
13.228,0.49940341553822454,0.08464173011384464
13.229,0.49940341553822454,0.08464173011384465
13.23,0.49940341553822454,0.08464173011384465
13.231,0.49940341553822454,0.08464173011384465
13.232,0.49940341553822454,0.08464173011384465
13.233,0.49940341553822454,0.08464173011384465
13.234,0.49940341553822454,0.08464173011384467
13.235,0.4994034155382246,0.08464173011384465
13.236,0.4994034155382246,0.08464173011384467
13.237,0.4994034155382246,0.08464173011384467
13.238,0.4994034155382246,0.08464173011384467
13.239,0.49940341553822454,0.08464173011384467
13.24,0.49940341553822454,0.08464173011384467
13.241,0.49940341553822454,0.08464173011384467
13.242,0.49940341553822454,0.08464173011384467
13.243,0.49940341553822454,0.08464173011384467
13.244,0.49940341553822454,0.08464173011384467
13.245,0.49940341553822454,0.08464173011384467
13.246,0.49940341553822454,0.08464173011384467
13.247,0.49940341553822454,0.08464173011384465
13.248,0.49940341553822454,0.08464173011384467
13.249,0.49940341553822454,0.08464173011384465
13.25,0.49940341553822454,0.08464173011384465
13.251,0.49940341553822454,0.08464173011384464
13.252,0.4994034155382246,0.08464173011384465
13.253,0.4994034155382246,0.08464173011384465
13.254,0.4994034155382246,0.08464173011384464
13.255,0.4994034155382246,0.08464173011384464
13.256,0.4994034155382246,0.08464173011384463
13.257,0.4994034155382246,0.08464173011384463
13.258,0.4994034155382246,0.08464173011384463
13.259,0.4994034155382246,0.08464173011384463
13.26,0.4994034155382246,0.08464173011384463
13.261,0.4994034155382246,0.08464173011384461
13.262,0.4994034155382246,0.08464173011384461
13.263,0.4994034155382246,0.0846417301138446
13.264,0.4994034155382246,0.0846417301138446
13.265,0.4994034155382246,0.08464173011384458
13.266,0.4994034155382246,0.08464173011384458
13.267,0.4994034155382246,0.08464173011384457
13.268,0.4994034155382246,0.08464173011384456
13.269,0.49940341553822465,0.08464173011384456
13.27,0.49940341553822465,0.08464173011384454
13.271,0.49940341553822465,0.08464173011384454
13.272,0.49940341553822465,0.08464173011384453
13.273,0.49940341553822465,0.08464173011384453
13.274,0.49940341553822465,0.0846417301138445
13.275,0.49940341553822465,0.0846417301138445
13.276,0.49940341553822465,0.0846417301138445
13.277,0.49940341553822465,0.08464173011384449
13.278,0.49940341553822465,0.08464173011384447
13.279,0.49940341553822465,0.08464173011384446
13.28,0.49940341553822465,0.08464173011384446
13.281,0.49940341553822465,0.08464173011384443
13.282,0.49940341553822465,0.08464173011384443
13.283,0.49940341553822465,0.0846417301138444
13.284,0.49940341553822465,0.0846417301138444
13.285,0.49940341553822465,0.08464173011384439
13.286,0.49940341553822476,0.08464173011384438
13.287,0.49940341553822476,0.08464173011384436
13.288,0.49940341553822476,0.08464173011384435
13.289,0.49940341553822476,0.08464173011384434
13.29,0.49940341553822476,0.08464173011384432
13.291,0.49940341553822476,0.08464173011384431
13.292,0.49940341553822476,0.08464173011384431
13.293,0.49940341553822476,0.08464173011384428
13.294,0.49940341553822476,0.08464173011384427
13.295,0.49940341553822476,0.08464173011384425
13.296,0.49940341553822476,0.08464173011384424
13.297,0.49940341553822476,0.08464173011384421
13.298,0.4994034155382248,0.08464173011384421
13.299,0.4994034155382248,0.0846417301138442
13.3,0.4994034155382248,0.08464173011384417
13.301,0.4994034155382248,0.08464173011384415
13.302,0.4994034155382248,0.08464173011384414
13.303,0.49940341553822487,0.08464173011384413
13.304,0.49940341553822487,0.0846417301138441
13.305,0.49940341553822487,0.08464173011384409
13.306,0.4994034155382249,0.08464173011384406
13.307,0.4994034155382249,0.08464173011384404
13.308,0.4994034155382249,0.08464173011384403
13.309,0.4994034155382249,0.084641730113844
13.31,0.4994034155382249,0.08464173011384399
13.311,0.4994034155382249,0.08464173011384396
13.312,0.4994034155382249,0.08464173011384395
13.313,0.4994034155382249,0.08464173011384392
13.314,0.499403415538225,0.0846417301138439
13.315,0.499403415538225,0.08464173011384389
13.316,0.499403415538225,0.08464173011384386
13.317,0.499403415538225,0.08464173011384385
13.318,0.499403415538225,0.08464173011384382
13.319,0.499403415538225,0.08464173011384381
13.32,0.4994034155382251,0.08464173011384378
13.321,0.4994034155382251,0.08464173011384375
13.322,0.4994034155382251,0.08464173011384372
13.323,0.4994034155382251,0.08464173011384371
13.324,0.4994034155382251,0.0846417301138437
13.325,0.4994034155382251,0.08464173011384367
13.326,0.49940341553822515,0.08464173011384364
13.327,0.49940341553822515,0.08464173011384361
13.328,0.49940341553822515,0.0846417301138436
13.329,0.49940341553822515,0.0846417301138436
13.33,0.49940341553822515,0.08464173011384359
13.331,0.49940341553822515,0.08464173011384359
13.332,0.49940341553822515,0.08464173011384359
13.333,0.49940341553822515,0.08464173011384357
13.334,0.49940341553822515,0.08464173011384359
13.335,0.49940341553822515,0.08464173011384359
13.336,0.49940341553822515,0.08464173011384357
13.337,0.49940341553822515,0.08464173011384357
13.338,0.49940341553822515,0.08464173011384357
13.339,0.49940341553822515,0.08464173011384357
13.34,0.49940341553822515,0.08464173011384356
13.341,0.49940341553822515,0.08464173011384356
13.342,0.49940341553822515,0.08464173011384356
13.343,0.49940341553822515,0.08464173011384354
13.344,0.49940341553822515,0.08464173011384354
13.345,0.4994034155382252,0.08464173011384354
13.346,0.4994034155382252,0.08464173011384354
13.347,0.4994034155382252,0.08464173011384353
13.348,0.4994034155382252,0.08464173011384353
13.349,0.4994034155382252,0.08464173011384353
13.35,0.4994034155382252,0.08464173011384353
13.351,0.4994034155382252,0.08464173011384352
13.352,0.4994034155382252,0.08464173011384352
13.353,0.4994034155382252,0.08464173011384352
13.354,0.4994034155382252,0.08464173011384352
13.355,0.4994034155382252,0.0846417301138435
13.356,0.4994034155382252,0.0846417301138435
13.357,0.4994034155382252,0.0846417301138435
13.358,0.4994034155382252,0.0846417301138435
13.359,0.4994034155382252,0.08464173011384349
13.36,0.4994034155382252,0.08464173011384349
13.361,0.4994034155382252,0.0846417301138435
13.362,0.4994034155382252,0.0846417301138435
13.363,0.4994034155382252,0.08464173011384349
13.364,0.4994034155382252,0.08464173011384349
13.365,0.4994034155382252,0.08464173011384349
13.366,0.4994034155382252,0.08464173011384349
13.367,0.4994034155382252,0.08464173011384347
13.368,0.4994034155382252,0.08464173011384347
13.369,0.4994034155382252,0.08464173011384347
13.37,0.4994034155382252,0.08464173011384347
13.371,0.4994034155382252,0.08464173011384347
13.372,0.4994034155382252,0.08464173011384346
13.373,0.4994034155382252,0.08464173011384346
13.374,0.4994034155382252,0.08464173011384346
13.375,0.4994034155382252,0.08464173011384346
13.376,0.4994034155382252,0.08464173011384346
13.377,0.4994034155382252,0.08464173011384345
13.378,0.4994034155382252,0.08464173011384345
13.379,0.49940341553822526,0.08464173011384345
13.38,0.49940341553822526,0.08464173011384345
13.381,0.49940341553822526,0.08464173011384345
13.382,0.49940341553822526,0.08464173011384343
13.383,0.49940341553822526,0.08464173011384343
13.384,0.49940341553822526,0.08464173011384343
13.385,0.49940341553822526,0.08464173011384343
13.386,0.49940341553822526,0.08464173011384343
13.387,0.49940341553822526,0.08464173011384343
13.388,0.49940341553822526,0.08464173011384343
13.389,0.49940341553822526,0.08464173011384343
13.39,0.49940341553822526,0.08464173011384343
13.391,0.4994034155382253,0.08464173011384343
13.392,0.4994034155382253,0.08464173011384343
13.393,0.4994034155382253,0.08464173011384343
13.394,0.4994034155382253,0.08464173011384342
13.395,0.4994034155382253,0.08464173011384342
13.396,0.4994034155382253,0.08464173011384342
13.397,0.4994034155382253,0.08464173011384342
13.398,0.4994034155382253,0.08464173011384342
13.399,0.4994034155382253,0.08464173011384342
13.4,0.4994034155382253,0.0846417301138434
13.401,0.4994034155382253,0.0846417301138434
13.402,0.4994034155382253,0.0846417301138434
13.403,0.4994034155382253,0.0846417301138434
13.404,0.4994034155382253,0.0846417301138434
13.405,0.4994034155382253,0.0846417301138434
13.406,0.4994034155382253,0.0846417301138434
13.407,0.4994034155382253,0.0846417301138434
13.408,0.4994034155382253,0.08464173011384339
13.409,0.4994034155382253,0.08464173011384339
13.41,0.4994034155382253,0.08464173011384339
13.411,0.4994034155382253,0.08464173011384339
13.412,0.4994034155382253,0.08464173011384339
13.413,0.4994034155382253,0.08464173011384339
13.414,0.4994034155382253,0.08464173011384339
13.415,0.4994034155382253,0.0846417301138434
13.416,0.4994034155382253,0.0846417301138434
13.417,0.4994034155382253,0.08464173011384339
13.418,0.4994034155382253,0.08464173011384339
13.419,0.4994034155382253,0.08464173011384339
13.42,0.4994034155382253,0.08464173011384339
13.421,0.4994034155382253,0.08464173011384339
13.422,0.4994034155382253,0.08464173011384339
13.423,0.4994034155382253,0.08464173011384339
13.424,0.4994034155382253,0.08464173011384339
13.425,0.4994034155382253,0.08464173011384339
13.426,0.4994034155382253,0.08464173011384339
13.427,0.4994034155382253,0.08464173011384339
13.428,0.4994034155382253,0.08464173011384338
13.429,0.4994034155382253,0.08464173011384338
13.43,0.4994034155382253,0.08464173011384338
13.431,0.4994034155382253,0.08464173011384338
13.432,0.4994034155382253,0.08464173011384338
13.433,0.4994034155382253,0.08464173011384338
13.434,0.4994034155382253,0.08464173011384338
13.435,0.4994034155382253,0.08464173011384338
13.436,0.4994034155382253,0.08464173011384338
13.437,0.4994034155382253,0.08464173011384338
13.438,0.4994034155382253,0.08464173011384338
13.439,0.4994034155382253,0.08464173011384338
13.44,0.4994034155382253,0.08464173011384338
13.441,0.4994034155382253,0.08464173011384338
13.442,0.4994034155382253,0.08464173011384339
13.443,0.4994034155382253,0.08464173011384339
13.444,0.4994034155382253,0.08464173011384339
13.445,0.4994034155382253,0.08464173011384339
13.446,0.4994034155382253,0.08464173011384339
13.447,0.4994034155382253,0.08464173011384338
13.448,0.4994034155382253,0.08464173011384338
13.449,0.4994034155382253,0.08464173011384338
13.45,0.4994034155382253,0.08464173011384338
13.451,0.4994034155382253,0.08464173011384338
13.452,0.4994034155382253,0.08464173011384338
13.453,0.4994034155382253,0.08464173011384338
13.454,0.4994034155382253,0.08464173011384338
13.455,0.4994034155382253,0.08464173011384338
13.456,0.4994034155382253,0.08464173011384338
13.457,0.4994034155382253,0.08464173011384338
13.458,0.4994034155382253,0.08464173011384338
13.459,0.4994034155382253,0.08464173011384338
13.46,0.4994034155382253,0.08464173011384338
13.461,0.4994034155382253,0.08464173011384338
13.462,0.4994034155382253,0.08464173011384338
13.463,0.4994034155382253,0.08464173011384338
13.464,0.49940341553822537,0.08464173011384338
13.465,0.49940341553822537,0.08464173011384338
13.466,0.49940341553822537,0.08464173011384338
13.467,0.49940341553822537,0.08464173011384338
13.468,0.49940341553822537,0.08464173011384338
13.469,0.49940341553822537,0.08464173011384339
13.47,0.49940341553822537,0.08464173011384339
13.471,0.49940341553822537,0.08464173011384339
13.472,0.49940341553822537,0.0846417301138434
13.473,0.49940341553822537,0.0846417301138434
13.474,0.49940341553822537,0.0846417301138434
13.475,0.49940341553822537,0.0846417301138434
13.476,0.49940341553822537,0.0846417301138434
13.477,0.49940341553822537,0.0846417301138434
13.478,0.49940341553822537,0.0846417301138434
13.479,0.49940341553822537,0.0846417301138434
13.48,0.49940341553822537,0.0846417301138434
13.481,0.49940341553822537,0.0846417301138434
13.482,0.49940341553822537,0.0846417301138434
13.483,0.49940341553822537,0.0846417301138434
13.484,0.49940341553822537,0.0846417301138434
13.485,0.49940341553822537,0.0846417301138434
13.486,0.49940341553822537,0.0846417301138434
13.487,0.49940341553822537,0.0846417301138434
13.488,0.49940341553822537,0.0846417301138434
13.489,0.49940341553822537,0.0846417301138434
13.49,0.49940341553822537,0.0846417301138434
13.491,0.49940341553822537,0.08464173011384342
13.492,0.49940341553822537,0.08464173011384342
13.493,0.49940341553822537,0.08464173011384342
13.494,0.49940341553822537,0.08464173011384342
13.495,0.49940341553822537,0.08464173011384342
13.496,0.49940341553822537,0.08464173011384343
13.497,0.49940341553822537,0.08464173011384343
13.498,0.49940341553822537,0.08464173011384343
13.499,0.49940341553822537,0.08464173011384343
13.5,0.49940341553822537,0.08464173011384343
13.501,0.49940341553822537,0.08464173011384343
13.502,0.49940341553822537,0.08464173011384345
13.503,0.49940341553822537,0.08464173011384345
13.504,0.49940341553822537,0.08464173011384345
13.505,0.49940341553822537,0.08464173011384345
13.506,0.49940341553822537,0.08464173011384345
13.507,0.49940341553822537,0.08464173011384345
13.508,0.49940341553822537,0.08464173011384345
13.509,0.49940341553822537,0.08464173011384345
13.51,0.49940341553822537,0.08464173011384345
13.511,0.49940341553822537,0.08464173011384346
13.512,0.49940341553822537,0.08464173011384346
13.513,0.49940341553822537,0.08464173011384346
13.514,0.49940341553822537,0.08464173011384346
13.515,0.49940341553822537,0.08464173011384346
13.516,0.49940341553822537,0.08464173011384346
13.517,0.49940341553822537,0.08464173011384346
13.518,0.49940341553822537,0.08464173011384347
13.519,0.49940341553822537,0.08464173011384347
13.52,0.49940341553822537,0.08464173011384347
13.521,0.49940341553822537,0.08464173011384347
13.522,0.49940341553822537,0.08464173011384347
13.523,0.49940341553822537,0.08464173011384349
13.524,0.49940341553822537,0.08464173011384349
13.525,0.49940341553822537,0.0846417301138435
13.526,0.49940341553822537,0.0846417301138435
13.527,0.49940341553822537,0.0846417301138435
13.528,0.4994034155382253,0.0846417301138435
13.529,0.4994034155382253,0.0846417301138435
13.53,0.4994034155382253,0.0846417301138435
13.531,0.4994034155382253,0.08464173011384352
13.532,0.4994034155382253,0.08464173011384352
13.533,0.4994034155382253,0.08464173011384352
13.534,0.4994034155382253,0.08464173011384352
13.535,0.4994034155382253,0.08464173011384352
13.536,0.4994034155382253,0.08464173011384352
13.537,0.4994034155382253,0.08464173011384353
13.538,0.4994034155382253,0.08464173011384353
13.539,0.4994034155382253,0.08464173011384353
13.54,0.4994034155382253,0.08464173011384353
13.541,0.4994034155382253,0.08464173011384353
13.542,0.4994034155382253,0.08464173011384354
13.543,0.4994034155382253,0.08464173011384354
13.544,0.4994034155382253,0.08464173011384354
13.545,0.4994034155382253,0.08464173011384354
13.546,0.4994034155382253,0.08464173011384354
13.547,0.4994034155382253,0.08464173011384356
13.548,0.49940341553822537,0.08464173011384356
13.549,0.49940341553822537,0.08464173011384356
13.55,0.49940341553822537,0.08464173011384357
13.551,0.49940341553822537,0.08464173011384359
13.552,0.49940341553822537,0.08464173011384359
13.553,0.49940341553822537,0.08464173011384359
13.554,0.49940341553822537,0.08464173011384359
13.555,0.49940341553822537,0.08464173011384359
13.556,0.49940341553822537,0.0846417301138436
13.557,0.49940341553822537,0.0846417301138436
13.558,0.49940341553822537,0.0846417301138436
13.559,0.49940341553822537,0.0846417301138436
13.56,0.49940341553822537,0.08464173011384361
13.561,0.49940341553822537,0.08464173011384361
13.562,0.49940341553822537,0.08464173011384361
13.563,0.49940341553822537,0.08464173011384361
13.564,0.49940341553822537,0.08464173011384363
13.565,0.49940341553822537,0.08464173011384363
13.566,0.49940341553822537,0.08464173011384363
13.567,0.49940341553822537,0.08464173011384363
13.568,0.49940341553822537,0.08464173011384364
13.569,0.49940341553822537,0.08464173011384364
13.57,0.49940341553822537,0.08464173011384364
13.571,0.49940341553822537,0.08464173011384364
13.572,0.49940341553822537,0.08464173011384366
13.573,0.4994034155382253,0.08464173011384366
13.574,0.4994034155382253,0.08464173011384366
13.575,0.4994034155382253,0.08464173011384367
13.576,0.4994034155382253,0.08464173011384367
13.577,0.4994034155382253,0.08464173011384368
13.578,0.4994034155382253,0.08464173011384368
13.579,0.4994034155382253,0.0846417301138437
13.58,0.4994034155382253,0.0846417301138437
13.581,0.4994034155382253,0.0846417301138437
13.582,0.4994034155382253,0.08464173011384371
13.583,0.4994034155382253,0.08464173011384371
13.584,0.4994034155382253,0.08464173011384371
13.585,0.4994034155382253,0.08464173011384372
13.586,0.4994034155382253,0.08464173011384372
13.587,0.4994034155382253,0.08464173011384372
13.588,0.4994034155382253,0.08464173011384372
13.589,0.4994034155382253,0.08464173011384374
13.59,0.4994034155382253,0.08464173011384374
13.591,0.4994034155382253,0.08464173011384374
13.592,0.4994034155382253,0.08464173011384374
13.593,0.4994034155382253,0.08464173011384374
13.594,0.4994034155382253,0.08464173011384374
13.595,0.4994034155382253,0.08464173011384374
13.596,0.4994034155382253,0.08464173011384374
13.597,0.4994034155382253,0.08464173011384374
13.598,0.4994034155382253,0.08464173011384375
13.599,0.4994034155382253,0.08464173011384375
13.6,0.4994034155382253,0.08464173011384375
13.601,0.4994034155382253,0.08464173011384375
13.602,0.4994034155382253,0.08464173011384375
13.603,0.4994034155382253,0.08464173011384375
13.604,0.4994034155382253,0.08464173011384375
13.605,0.4994034155382253,0.08464173011384375
13.606,0.4994034155382253,0.08464173011384374
13.607,0.4994034155382253,0.08464173011384374
13.608,0.4994034155382253,0.08464173011384374
13.609,0.4994034155382253,0.08464173011384374
13.61,0.4994034155382253,0.08464173011384375
13.611,0.4994034155382253,0.08464173011384375
13.612,0.4994034155382253,0.08464173011384375
13.613,0.4994034155382253,0.08464173011384375
13.614,0.4994034155382253,0.08464173011384375
13.615,0.4994034155382253,0.08464173011384375
13.616,0.4994034155382253,0.08464173011384375
13.617,0.4994034155382253,0.08464173011384375
13.618,0.4994034155382253,0.08464173011384375
13.619,0.4994034155382253,0.08464173011384375
13.62,0.4994034155382253,0.08464173011384375
13.621,0.4994034155382253,0.08464173011384377
13.622,0.4994034155382253,0.08464173011384377
13.623,0.4994034155382253,0.08464173011384377
13.624,0.4994034155382253,0.08464173011384377
13.625,0.4994034155382253,0.08464173011384377
13.626,0.4994034155382253,0.08464173011384377
13.627,0.4994034155382253,0.08464173011384377
13.628,0.4994034155382253,0.08464173011384377
13.629,0.4994034155382253,0.08464173011384377
13.63,0.4994034155382253,0.08464173011384377
13.631,0.4994034155382253,0.08464173011384377
13.632,0.4994034155382253,0.08464173011384377
13.633,0.4994034155382253,0.08464173011384378
13.634,0.4994034155382253,0.08464173011384378
13.635,0.4994034155382253,0.08464173011384378
13.636,0.4994034155382253,0.08464173011384378
13.637,0.4994034155382253,0.08464173011384378
13.638,0.4994034155382253,0.08464173011384378
13.639,0.4994034155382253,0.08464173011384378
13.64,0.4994034155382253,0.08464173011384378
13.641,0.4994034155382253,0.08464173011384377
13.642,0.4994034155382253,0.08464173011384377
13.643,0.4994034155382253,0.08464173011384377
13.644,0.4994034155382253,0.08464173011384378
13.645,0.4994034155382253,0.08464173011384378
13.646,0.4994034155382253,0.08464173011384378
13.647,0.4994034155382253,0.08464173011384378
13.648,0.4994034155382253,0.08464173011384378
13.649,0.4994034155382253,0.08464173011384378
13.65,0.4994034155382253,0.08464173011384378
13.651,0.4994034155382253,0.08464173011384378
13.652,0.4994034155382253,0.08464173011384378
13.653,0.4994034155382253,0.08464173011384378
13.654,0.4994034155382253,0.08464173011384378
13.655,0.4994034155382253,0.08464173011384378
13.656,0.4994034155382253,0.0846417301138438
13.657,0.4994034155382253,0.0846417301138438
13.658,0.4994034155382253,0.0846417301138438
13.659,0.4994034155382253,0.0846417301138438
13.66,0.4994034155382253,0.0846417301138438
13.661,0.4994034155382253,0.0846417301138438
13.662,0.4994034155382253,0.0846417301138438
13.663,0.4994034155382253,0.0846417301138438
13.664,0.4994034155382253,0.0846417301138438
13.665,0.4994034155382253,0.0846417301138438
13.666,0.4994034155382253,0.0846417301138438
13.667,0.4994034155382253,0.0846417301138438
13.668,0.4994034155382253,0.08464173011384381
13.669,0.4994034155382253,0.08464173011384381
13.67,0.4994034155382253,0.08464173011384381
13.671,0.49940341553822537,0.08464173011384381
13.672,0.49940341553822537,0.08464173011384381
13.673,0.49940341553822537,0.08464173011384381
13.674,0.49940341553822537,0.08464173011384381
13.675,0.49940341553822537,0.08464173011384381
13.676,0.49940341553822537,0.08464173011384381
13.677,0.49940341553822537,0.08464173011384381
13.678,0.49940341553822537,0.08464173011384381
13.679,0.49940341553822537,0.08464173011384382
13.68,0.49940341553822537,0.08464173011384382
13.681,0.49940341553822537,0.08464173011384382
13.682,0.49940341553822537,0.08464173011384382
13.683,0.49940341553822537,0.08464173011384381
13.684,0.49940341553822537,0.08464173011384381
13.685,0.49940341553822537,0.08464173011384381
13.686,0.49940341553822537,0.08464173011384381
13.687,0.49940341553822537,0.08464173011384381
13.688,0.49940341553822537,0.08464173011384381
13.689,0.49940341553822537,0.08464173011384381
13.69,0.49940341553822537,0.08464173011384381
13.691,0.49940341553822537,0.08464173011384382
13.692,0.49940341553822537,0.08464173011384382
13.693,0.49940341553822537,0.08464173011384382
13.694,0.49940341553822537,0.08464173011384382
13.695,0.49940341553822537,0.08464173011384382
13.696,0.49940341553822537,0.08464173011384382
13.697,0.49940341553822537,0.08464173011384382
13.698,0.49940341553822537,0.08464173011384382
13.699,0.49940341553822537,0.08464173011384382
13.7,0.49940341553822537,0.08464173011384382
13.701,0.49940341553822537,0.08464173011384382
13.702,0.49940341553822537,0.08464173011384384
13.703,0.49940341553822537,0.08464173011384384
13.704,0.49940341553822537,0.08464173011384384
13.705,0.49940341553822537,0.08464173011384384
13.706,0.49940341553822537,0.08464173011384384
13.707,0.49940341553822537,0.08464173011384384
13.708,0.49940341553822537,0.08464173011384384
13.709,0.49940341553822537,0.08464173011384384
13.71,0.49940341553822537,0.08464173011384384
13.711,0.49940341553822537,0.08464173011384384
13.712,0.49940341553822537,0.08464173011384384
13.713,0.49940341553822537,0.08464173011384384
13.714,0.49940341553822537,0.08464173011384385
13.715,0.49940341553822537,0.08464173011384385
13.716,0.49940341553822537,0.08464173011384385
13.717,0.49940341553822537,0.08464173011384385
13.718,0.49940341553822537,0.08464173011384385
13.719,0.49940341553822537,0.08464173011384385
13.72,0.49940341553822537,0.08464173011384385
13.721,0.49940341553822537,0.08464173011384385
13.722,0.49940341553822537,0.08464173011384385
13.723,0.49940341553822537,0.08464173011384385
13.724,0.49940341553822537,0.08464173011384385
13.725,0.49940341553822537,0.08464173011384385
13.726,0.49940341553822537,0.08464173011384386
13.727,0.49940341553822537,0.08464173011384386
13.728,0.49940341553822537,0.08464173011384386
13.729,0.49940341553822537,0.08464173011384386
13.73,0.49940341553822537,0.08464173011384386
13.731,0.49940341553822537,0.08464173011384386
13.732,0.49940341553822537,0.08464173011384386
13.733,0.49940341553822537,0.08464173011384386
13.734,0.49940341553822537,0.08464173011384386
13.735,0.49940341553822537,0.08464173011384386
13.736,0.49940341553822537,0.08464173011384386
13.737,0.49940341553822537,0.08464173011384388
13.738,0.49940341553822537,0.08464173011384388
13.739,0.49940341553822537,0.08464173011384388
13.74,0.49940341553822537,0.08464173011384386
13.741,0.49940341553822537,0.08464173011384386
13.742,0.49940341553822537,0.08464173011384386
13.743,0.49940341553822537,0.08464173011384386
13.744,0.49940341553822537,0.08464173011384386
13.745,0.49940341553822537,0.08464173011384386
13.746,0.49940341553822537,0.08464173011384386
13.747,0.49940341553822537,0.08464173011384386
13.748,0.49940341553822537,0.08464173011384386
13.749,0.49940341553822537,0.08464173011384388
13.75,0.49940341553822537,0.08464173011384388
13.751,0.49940341553822537,0.08464173011384388
13.752,0.49940341553822537,0.08464173011384388
13.753,0.49940341553822537,0.08464173011384388
13.754,0.49940341553822537,0.08464173011384388
13.755,0.49940341553822537,0.08464173011384388
13.756,0.49940341553822537,0.08464173011384388
13.757,0.49940341553822537,0.08464173011384388
13.758,0.49940341553822537,0.08464173011384388
13.759,0.49940341553822537,0.08464173011384388
13.76,0.49940341553822537,0.08464173011384388
13.761,0.49940341553822537,0.08464173011384389
13.762,0.49940341553822537,0.08464173011384389
13.763,0.49940341553822537,0.08464173011384389
13.764,0.49940341553822537,0.08464173011384389
13.765,0.49940341553822537,0.08464173011384389
13.766,0.49940341553822537,0.08464173011384389
13.767,0.49940341553822537,0.08464173011384389
13.768,0.49940341553822537,0.08464173011384389
13.769,0.49940341553822537,0.08464173011384389
13.77,0.49940341553822537,0.08464173011384389
13.771,0.49940341553822537,0.08464173011384389
13.772,0.49940341553822537,0.0846417301138439
13.773,0.49940341553822537,0.0846417301138439
13.774,0.49940341553822537,0.0846417301138439
13.775,0.49940341553822537,0.0846417301138439
13.776,0.49940341553822537,0.0846417301138439
13.777,0.49940341553822537,0.0846417301138439
13.778,0.49940341553822537,0.0846417301138439
13.779,0.49940341553822537,0.0846417301138439
13.78,0.49940341553822537,0.0846417301138439
13.781,0.49940341553822537,0.0846417301138439
13.782,0.49940341553822537,0.0846417301138439
13.783,0.49940341553822537,0.0846417301138439
13.784,0.49940341553822537,0.08464173011384392
13.785,0.49940341553822537,0.08464173011384392
13.786,0.49940341553822537,0.08464173011384392
13.787,0.49940341553822537,0.08464173011384392
13.788,0.49940341553822537,0.08464173011384392
13.789,0.49940341553822537,0.08464173011384392
13.79,0.49940341553822537,0.08464173011384392
13.791,0.49940341553822537,0.08464173011384392
13.792,0.49940341553822537,0.08464173011384392
13.793,0.49940341553822537,0.08464173011384392
13.794,0.49940341553822537,0.08464173011384392
13.795,0.49940341553822537,0.08464173011384393
13.796,0.49940341553822537,0.08464173011384393
13.797,0.49940341553822537,0.08464173011384393
13.798,0.49940341553822537,0.08464173011384393
13.799,0.49940341553822537,0.08464173011384393
13.8,0.49940341553822537,0.08464173011384393
13.801,0.49940341553822537,0.08464173011384393
13.802,0.49940341553822537,0.08464173011384393
13.803,0.49940341553822537,0.08464173011384393
13.804,0.49940341553822537,0.08464173011384393
13.805,0.49940341553822537,0.08464173011384393
13.806,0.49940341553822537,0.08464173011384393
13.807,0.49940341553822537,0.08464173011384395
13.808,0.49940341553822537,0.08464173011384395
13.809,0.49940341553822537,0.08464173011384395
13.81,0.49940341553822537,0.08464173011384395
13.811,0.49940341553822537,0.08464173011384395
13.812,0.49940341553822537,0.08464173011384395
13.813,0.49940341553822537,0.08464173011384395
13.814,0.49940341553822537,0.08464173011384395
13.815,0.49940341553822537,0.08464173011384395
13.816,0.49940341553822537,0.08464173011384395
13.817,0.49940341553822537,0.08464173011384395
13.818,0.49940341553822537,0.08464173011384395
13.819,0.49940341553822537,0.08464173011384396
13.82,0.49940341553822537,0.08464173011384396
13.821,0.49940341553822537,0.08464173011384396
13.822,0.49940341553822537,0.08464173011384396
13.823,0.49940341553822537,0.08464173011384396
13.824,0.49940341553822537,0.08464173011384396
13.825,0.49940341553822537,0.08464173011384396
13.826,0.49940341553822537,0.08464173011384396
13.827,0.49940341553822537,0.08464173011384396
13.828,0.49940341553822537,0.08464173011384396
13.829,0.49940341553822537,0.08464173011384396
13.83,0.49940341553822537,0.08464173011384397
13.831,0.49940341553822537,0.08464173011384397
13.832,0.49940341553822537,0.08464173011384397
13.833,0.49940341553822537,0.08464173011384397
13.834,0.49940341553822537,0.08464173011384397
13.835,0.49940341553822537,0.08464173011384397
13.836,0.49940341553822537,0.08464173011384397
13.837,0.49940341553822537,0.08464173011384397
13.838,0.49940341553822537,0.08464173011384397
13.839,0.49940341553822537,0.08464173011384397
13.84,0.49940341553822537,0.08464173011384397
13.841,0.49940341553822537,0.08464173011384397
13.842,0.49940341553822537,0.08464173011384399
13.843,0.49940341553822537,0.08464173011384399
13.844,0.49940341553822537,0.08464173011384399
13.845,0.49940341553822537,0.08464173011384399
13.846,0.49940341553822537,0.08464173011384399
13.847,0.49940341553822537,0.08464173011384399
13.848,0.49940341553822537,0.08464173011384399
13.849,0.49940341553822537,0.08464173011384399
13.85,0.49940341553822537,0.08464173011384399
13.851,0.49940341553822537,0.08464173011384399
13.852,0.49940341553822537,0.08464173011384399
13.853,0.49940341553822537,0.084641730113844
13.854,0.49940341553822537,0.084641730113844
13.855,0.49940341553822537,0.084641730113844
13.856,0.49940341553822537,0.084641730113844
13.857,0.49940341553822537,0.084641730113844
13.858,0.49940341553822537,0.084641730113844
13.859,0.49940341553822537,0.084641730113844
13.86,0.49940341553822537,0.084641730113844
13.861,0.49940341553822537,0.084641730113844
13.862,0.49940341553822537,0.084641730113844
13.863,0.49940341553822537,0.084641730113844
13.864,0.49940341553822537,0.084641730113844
13.865,0.49940341553822537,0.08464173011384402
13.866,0.49940341553822537,0.08464173011384402
13.867,0.49940341553822537,0.08464173011384402
13.868,0.49940341553822537,0.08464173011384402
13.869,0.49940341553822537,0.08464173011384402
13.87,0.49940341553822537,0.08464173011384402
13.871,0.49940341553822537,0.08464173011384402
13.872,0.49940341553822537,0.08464173011384402
13.873,0.49940341553822537,0.08464173011384402
13.874,0.49940341553822537,0.08464173011384402
13.875,0.49940341553822537,0.08464173011384402
13.876,0.49940341553822537,0.08464173011384402
13.877,0.49940341553822537,0.08464173011384403
13.878,0.49940341553822537,0.08464173011384403
13.879,0.49940341553822537,0.08464173011384403
13.88,0.49940341553822537,0.08464173011384403
13.881,0.49940341553822537,0.08464173011384403
13.882,0.49940341553822537,0.08464173011384403
13.883,0.49940341553822537,0.08464173011384403
13.884,0.49940341553822537,0.08464173011384403
13.885,0.49940341553822537,0.08464173011384403
13.886,0.49940341553822537,0.08464173011384403
13.887,0.49940341553822537,0.08464173011384403
13.888,0.49940341553822537,0.08464173011384404
13.889,0.49940341553822537,0.08464173011384404
13.89,0.49940341553822537,0.08464173011384404
13.891,0.49940341553822537,0.08464173011384404
13.892,0.49940341553822537,0.08464173011384404
13.893,0.49940341553822537,0.08464173011384404
13.894,0.49940341553822537,0.08464173011384404
13.895,0.49940341553822537,0.08464173011384404
13.896,0.49940341553822537,0.08464173011384404
13.897,0.49940341553822537,0.08464173011384404
13.898,0.49940341553822537,0.08464173011384404
13.899,0.49940341553822537,0.08464173011384404
13.9,0.49940341553822537,0.08464173011384406
13.901,0.49940341553822537,0.08464173011384406
13.902,0.49940341553822537,0.08464173011384406
13.903,0.49940341553822537,0.08464173011384406
13.904,0.49940341553822537,0.08464173011384406
13.905,0.49940341553822537,0.08464173011384406
13.906,0.49940341553822537,0.08464173011384406
13.907,0.49940341553822537,0.08464173011384406
13.908,0.49940341553822537,0.08464173011384406
13.909,0.49940341553822537,0.08464173011384406
13.91,0.49940341553822537,0.08464173011384406
13.911,0.49940341553822537,0.08464173011384407
13.912,0.49940341553822537,0.08464173011384407
13.913,0.49940341553822537,0.08464173011384407
13.914,0.49940341553822537,0.08464173011384407
13.915,0.49940341553822537,0.08464173011384407
13.916,0.49940341553822537,0.08464173011384407
13.917,0.49940341553822537,0.08464173011384407
13.918,0.49940341553822537,0.08464173011384407
13.919,0.49940341553822537,0.08464173011384407
13.92,0.49940341553822537,0.08464173011384407
13.921,0.49940341553822537,0.08464173011384407
13.922,0.49940341553822537,0.08464173011384407
13.923,0.49940341553822537,0.08464173011384409
13.924,0.49940341553822537,0.08464173011384409
13.925,0.49940341553822537,0.08464173011384409
13.926,0.49940341553822537,0.08464173011384409
13.927,0.49940341553822537,0.08464173011384409
13.928,0.49940341553822537,0.08464173011384409
13.929,0.49940341553822537,0.08464173011384409
13.93,0.49940341553822537,0.08464173011384409
13.931,0.49940341553822537,0.08464173011384409
13.932,0.49940341553822537,0.08464173011384409
13.933,0.49940341553822537,0.08464173011384409
13.934,0.49940341553822537,0.08464173011384409
13.935,0.49940341553822537,0.0846417301138441
13.936,0.49940341553822537,0.0846417301138441
13.937,0.49940341553822537,0.0846417301138441
13.938,0.49940341553822537,0.0846417301138441
13.939,0.49940341553822537,0.0846417301138441
13.94,0.49940341553822537,0.0846417301138441
13.941,0.49940341553822537,0.0846417301138441
13.942,0.49940341553822537,0.0846417301138441
13.943,0.49940341553822537,0.0846417301138441
13.944,0.49940341553822537,0.0846417301138441
13.945,0.49940341553822537,0.0846417301138441
13.946,0.49940341553822537,0.08464173011384411
13.947,0.49940341553822537,0.08464173011384411
13.948,0.49940341553822537,0.08464173011384411
13.949,0.49940341553822537,0.08464173011384411
13.95,0.49940341553822537,0.08464173011384411
13.951,0.49940341553822537,0.08464173011384411
13.952,0.49940341553822537,0.08464173011384411
13.953,0.49940341553822537,0.08464173011384411
13.954,0.49940341553822537,0.08464173011384411
13.955,0.49940341553822537,0.08464173011384411
13.956,0.49940341553822537,0.08464173011384411
13.957,0.49940341553822537,0.08464173011384411
13.958,0.49940341553822537,0.08464173011384413
13.959,0.49940341553822537,0.08464173011384413
13.96,0.49940341553822537,0.08464173011384413
13.961,0.49940341553822537,0.08464173011384413
13.962,0.49940341553822537,0.08464173011384413
13.963,0.49940341553822537,0.08464173011384413
13.964,0.49940341553822537,0.08464173011384413
13.965,0.49940341553822537,0.08464173011384414
13.966,0.49940341553822537,0.08464173011384414
13.967,0.49940341553822537,0.08464173011384414
13.968,0.49940341553822537,0.08464173011384414
13.969,0.49940341553822537,0.08464173011384415
13.97,0.49940341553822537,0.08464173011384415
13.971,0.49940341553822537,0.08464173011384415
13.972,0.49940341553822537,0.08464173011384415
13.973,0.49940341553822537,0.08464173011384415
13.974,0.49940341553822537,0.08464173011384415
13.975,0.49940341553822537,0.08464173011384415
13.976,0.49940341553822537,0.08464173011384415
13.977,0.49940341553822537,0.08464173011384415
13.978,0.49940341553822537,0.08464173011384415
13.979,0.49940341553822537,0.08464173011384415
13.98,0.49940341553822537,0.08464173011384415
13.981,0.49940341553822537,0.08464173011384417
13.982,0.49940341553822537,0.08464173011384417
13.983,0.49940341553822537,0.08464173011384417
13.984,0.49940341553822537,0.08464173011384417
13.985,0.49940341553822537,0.08464173011384417
13.986,0.49940341553822537,0.08464173011384417
13.987,0.49940341553822537,0.08464173011384417
13.988,0.49940341553822537,0.08464173011384417
13.989,0.49940341553822537,0.08464173011384417
13.99,0.49940341553822537,0.08464173011384417
13.991,0.49940341553822537,0.08464173011384417
13.992,0.49940341553822537,0.08464173011384417
13.993,0.49940341553822537,0.08464173011384418
13.994,0.49940341553822537,0.08464173011384418
13.995,0.49940341553822537,0.08464173011384418
13.996,0.49940341553822537,0.08464173011384418
13.997,0.49940341553822537,0.08464173011384418
13.998,0.49940341553822537,0.08464173011384418
13.999,0.49940341553822537,0.08464173011384418
14,0.49940341553822537,0.08464173011384418
14,0.49940341553822515,0.08464173011384046
14.001,0.49940341553822504,0.08464173011384031
14.002,0.49940341553822515,0.08464173011384055
14.003,0.4994034155382252,0.0846417301138414
14.004,0.49940341553822526,0.08464173011384281
14.005,0.49940341553822526,0.08464173011384359
14.006,0.4994034155382253,0.08464173011384396
14.007,0.4994034155382253,0.08464173011384397
14.008,0.49940341553822537,0.08464173011384368
14.009,0.49940341553822537,0.08464173011384367
14.01,0.4994034155382254,0.08464173011384377
14.011,0.49940341553822537,0.08464173011384385
14.012,0.49940341553822537,0.0846417301138439
14.013,0.49940341553822537,0.08464173011384395
14.014,0.49940341553822537,0.08464173011384399
14.015,0.4994034155382253,0.08464173011384399
14.016,0.49940341553822526,0.084641730113844
14.017,0.49940341553822526,0.08464173011384402
14.018,0.49940341553822526,0.08464173011384403
14.019,0.49940341553822526,0.08464173011384404
14.02,0.4994034155382252,0.08464173011384406
14.021,0.4994034155382252,0.08464173011384407
14.022,0.4994034155382252,0.08464173011384407
14.023,0.4994034155382252,0.08464173011384407
14.024,0.4994034155382252,0.08464173011384407
14.025,0.4994034155382252,0.08464173011384406
14.026,0.4994034155382252,0.08464173011384404
14.027,0.4994034155382252,0.08464173011384402
14.028,0.4994034155382252,0.08464173011384399
14.029,0.4994034155382252,0.08464173011384396
14.03,0.49940341553822526,0.08464173011384392
14.031,0.49940341553822526,0.08464173011384389
14.032,0.49940341553822526,0.08464173011384384
14.033,0.49940341553822526,0.0846417301138438
14.034,0.49940341553822526,0.08464173011384378
14.035,0.49940341553822526,0.08464173011384377
14.036,0.49940341553822526,0.08464173011384377
14.037,0.49940341553822526,0.08464173011384375
14.038,0.49940341553822526,0.08464173011384375
14.039,0.49940341553822526,0.08464173011384372
14.04,0.49940341553822526,0.08464173011384372
14.041,0.49940341553822526,0.08464173011384372
14.042,0.49940341553822526,0.08464173011384371
14.043,0.49940341553822526,0.08464173011384371
14.044,0.49940341553822526,0.0846417301138437
14.045,0.49940341553822526,0.08464173011384368
14.046,0.49940341553822526,0.08464173011384368
14.047,0.49940341553822526,0.08464173011384368
14.048,0.49940341553822526,0.08464173011384367
14.049,0.49940341553822526,0.08464173011384367
14.05,0.49940341553822526,0.08464173011384367
14.051,0.4994034155382253,0.08464173011384366
14.052,0.4994034155382253,0.08464173011384366
14.053,0.4994034155382253,0.08464173011384364
14.054,0.4994034155382253,0.08464173011384364
14.055,0.4994034155382253,0.08464173011384366
14.056,0.4994034155382253,0.08464173011384364
14.057,0.4994034155382253,0.08464173011384364
14.058,0.4994034155382253,0.08464173011384364
14.059,0.4994034155382253,0.08464173011384363
14.06,0.4994034155382253,0.08464173011384363
14.061,0.4994034155382253,0.08464173011384364
14.062,0.4994034155382253,0.08464173011384363
14.063,0.4994034155382253,0.08464173011384363
14.064,0.4994034155382253,0.08464173011384364
14.065,0.4994034155382253,0.08464173011384363
14.066,0.4994034155382253,0.08464173011384363
14.067,0.4994034155382253,0.08464173011384363
14.068,0.4994034155382253,0.08464173011384363
14.069,0.4994034155382253,0.08464173011384363
14.07,0.4994034155382253,0.08464173011384361
14.071,0.4994034155382253,0.08464173011384363
14.072,0.4994034155382253,0.08464173011384363
14.073,0.4994034155382253,0.08464173011384361
14.074,0.4994034155382253,0.08464173011384363
14.075,0.4994034155382253,0.08464173011384363
14.076,0.4994034155382253,0.08464173011384361
14.077,0.4994034155382253,0.08464173011384361
14.078,0.4994034155382253,0.08464173011384363
14.079,0.4994034155382253,0.08464173011384363
14.08,0.4994034155382253,0.08464173011384361
14.081,0.4994034155382253,0.08464173011384361
14.082,0.4994034155382253,0.08464173011384363
14.083,0.4994034155382253,0.08464173011384363
14.084,0.4994034155382253,0.08464173011384361
14.085,0.4994034155382253,0.08464173011384363
14.086,0.4994034155382253,0.08464173011384363
14.087,0.4994034155382253,0.08464173011384363
14.088,0.4994034155382253,0.08464173011384363
14.089,0.4994034155382253,0.08464173011384364
14.09,0.4994034155382253,0.08464173011384364
14.091,0.4994034155382253,0.08464173011384363
14.092,0.4994034155382253,0.08464173011384363
14.093,0.4994034155382253,0.08464173011384364
14.094,0.4994034155382253,0.08464173011384364
14.095,0.4994034155382253,0.08464173011384364
14.096,0.4994034155382253,0.08464173011384366
14.097,0.4994034155382253,0.08464173011384366
14.098,0.4994034155382253,0.08464173011384366
14.099,0.4994034155382253,0.08464173011384366
14.1,0.4994034155382253,0.08464173011384367
14.101,0.4994034155382253,0.08464173011384367
14.102,0.4994034155382253,0.08464173011384367
14.103,0.4994034155382253,0.08464173011384367
14.104,0.4994034155382253,0.08464173011384368
14.105,0.4994034155382253,0.08464173011384368
14.106,0.4994034155382253,0.0846417301138437
14.107,0.4994034155382253,0.0846417301138437
14.108,0.4994034155382253,0.08464173011384371
14.109,0.4994034155382253,0.08464173011384371
14.11,0.4994034155382253,0.08464173011384371
14.111,0.4994034155382253,0.08464173011384372
14.112,0.4994034155382253,0.08464173011384372
14.113,0.4994034155382253,0.08464173011384374
14.114,0.4994034155382253,0.08464173011384374
14.115,0.4994034155382253,0.08464173011384375
14.116,0.4994034155382253,0.08464173011384375
14.117,0.4994034155382253,0.08464173011384375
14.118,0.4994034155382253,0.08464173011384377
14.119,0.4994034155382253,0.08464173011384378
14.12,0.4994034155382253,0.08464173011384378
14.121,0.4994034155382253,0.08464173011384378
14.122,0.4994034155382253,0.08464173011384381
14.123,0.4994034155382253,0.08464173011384381
14.124,0.4994034155382253,0.08464173011384381
14.125,0.4994034155382253,0.08464173011384382
14.126,0.4994034155382253,0.08464173011384384
14.127,0.4994034155382253,0.08464173011384384
14.128,0.4994034155382253,0.08464173011384385
14.129,0.4994034155382253,0.08464173011384385
14.13,0.4994034155382253,0.08464173011384388
14.131,0.4994034155382253,0.08464173011384388
14.132,0.4994034155382253,0.08464173011384386
14.133,0.49940341553822526,0.08464173011384388
14.134,0.49940341553822526,0.08464173011384388
14.135,0.49940341553822526,0.08464173011384388
14.136,0.49940341553822526,0.08464173011384388
14.137,0.49940341553822526,0.08464173011384388
14.138,0.49940341553822526,0.08464173011384389
14.139,0.49940341553822526,0.08464173011384389
14.14,0.49940341553822526,0.08464173011384388
14.141,0.49940341553822526,0.08464173011384388
14.142,0.49940341553822526,0.08464173011384389
14.143,0.49940341553822526,0.08464173011384389
14.144,0.49940341553822526,0.08464173011384389
14.145,0.49940341553822526,0.08464173011384389
14.146,0.49940341553822526,0.08464173011384389
14.147,0.49940341553822526,0.08464173011384389
14.148,0.49940341553822526,0.08464173011384389
14.149,0.49940341553822526,0.08464173011384389
14.15,0.49940341553822526,0.08464173011384389
14.151,0.49940341553822526,0.08464173011384389
14.152,0.49940341553822526,0.0846417301138439
14.153,0.49940341553822526,0.0846417301138439
14.154,0.49940341553822526,0.0846417301138439
14.155,0.49940341553822526,0.08464173011384389
14.156,0.49940341553822526,0.08464173011384389
14.157,0.49940341553822526,0.08464173011384389
14.158,0.49940341553822526,0.0846417301138439
14.159,0.49940341553822526,0.0846417301138439
14.16,0.49940341553822526,0.0846417301138439
14.161,0.49940341553822526,0.0846417301138439
14.162,0.49940341553822526,0.0846417301138439
14.163,0.49940341553822526,0.08464173011384389
14.164,0.49940341553822526,0.0846417301138439
14.165,0.49940341553822526,0.0846417301138439
14.166,0.49940341553822526,0.0846417301138439
14.167,0.49940341553822526,0.0846417301138439
14.168,0.49940341553822526,0.0846417301138439
14.169,0.49940341553822526,0.0846417301138439
14.17,0.49940341553822526,0.0846417301138439
14.171,0.49940341553822526,0.08464173011384389
14.172,0.49940341553822526,0.08464173011384389
14.173,0.49940341553822526,0.0846417301138439
14.174,0.49940341553822526,0.0846417301138439
14.175,0.49940341553822526,0.0846417301138439
14.176,0.49940341553822526,0.0846417301138439
14.177,0.49940341553822526,0.0846417301138439
14.178,0.49940341553822526,0.0846417301138439
14.179,0.49940341553822526,0.08464173011384389
14.18,0.49940341553822526,0.08464173011384389
14.181,0.49940341553822526,0.08464173011384389
14.182,0.49940341553822526,0.08464173011384389
14.183,0.49940341553822526,0.08464173011384389
14.184,0.49940341553822526,0.08464173011384389
14.185,0.49940341553822526,0.08464173011384389
14.186,0.49940341553822526,0.08464173011384389
14.187,0.49940341553822526,0.08464173011384388
14.188,0.49940341553822526,0.08464173011384389
14.189,0.49940341553822526,0.08464173011384389
14.19,0.49940341553822526,0.08464173011384389
14.191,0.49940341553822526,0.08464173011384389
14.192,0.49940341553822526,0.08464173011384389
14.193,0.49940341553822526,0.08464173011384389
14.194,0.49940341553822526,0.08464173011384389
14.195,0.49940341553822526,0.08464173011384388
14.196,0.49940341553822526,0.08464173011384388
14.197,0.49940341553822526,0.08464173011384388
14.198,0.49940341553822526,0.08464173011384388
14.199,0.49940341553822526,0.08464173011384388
14.2,0.49940341553822526,0.08464173011384388
14.201,0.49940341553822526,0.08464173011384388
14.202,0.49940341553822526,0.08464173011384388
14.203,0.49940341553822526,0.08464173011384386
14.204,0.49940341553822526,0.08464173011384386
14.205,0.49940341553822526,0.08464173011384386
14.206,0.49940341553822526,0.08464173011384385
14.207,0.49940341553822526,0.08464173011384385
14.208,0.49940341553822526,0.08464173011384385
14.209,0.49940341553822526,0.08464173011384385
14.21,0.49940341553822526,0.08464173011384385
14.211,0.49940341553822526,0.08464173011384384
14.212,0.49940341553822526,0.08464173011384384
14.213,0.49940341553822526,0.08464173011384384
14.214,0.49940341553822526,0.08464173011384384
14.215,0.49940341553822526,0.08464173011384384
14.216,0.49940341553822526,0.08464173011384384
14.217,0.49940341553822526,0.08464173011384384
14.218,0.49940341553822526,0.08464173011384384
14.219,0.49940341553822526,0.08464173011384382
14.22,0.4994034155382252,0.08464173011384382
14.221,0.4994034155382252,0.08464173011384381
14.222,0.4994034155382252,0.08464173011384381
14.223,0.4994034155382252,0.08464173011384381
14.224,0.4994034155382252,0.08464173011384381
14.225,0.4994034155382252,0.08464173011384381
14.226,0.4994034155382252,0.08464173011384381
14.227,0.4994034155382252,0.0846417301138438
14.228,0.4994034155382252,0.0846417301138438
14.229,0.4994034155382252,0.0846417301138438
14.23,0.4994034155382252,0.08464173011384378
14.231,0.4994034155382252,0.08464173011384378
14.232,0.4994034155382252,0.08464173011384378
14.233,0.4994034155382252,0.08464173011384378
14.234,0.4994034155382252,0.08464173011384378
14.235,0.4994034155382252,0.08464173011384377
14.236,0.4994034155382252,0.08464173011384377
14.237,0.4994034155382252,0.08464173011384375
14.238,0.4994034155382252,0.08464173011384375
14.239,0.4994034155382252,0.08464173011384375
14.24,0.4994034155382252,0.08464173011384375
14.241,0.4994034155382252,0.08464173011384375
14.242,0.4994034155382252,0.08464173011384375
14.243,0.4994034155382252,0.08464173011384372
14.244,0.4994034155382252,0.08464173011384372
14.245,0.4994034155382252,0.08464173011384372
14.246,0.4994034155382252,0.08464173011384372
14.247,0.4994034155382252,0.08464173011384372
14.248,0.4994034155382252,0.08464173011384371
14.249,0.4994034155382252,0.08464173011384371
14.25,0.4994034155382252,0.08464173011384371
14.251,0.4994034155382252,0.0846417301138437
14.252,0.4994034155382252,0.08464173011384368
14.253,0.4994034155382252,0.08464173011384368
14.254,0.4994034155382252,0.08464173011384368
14.255,0.4994034155382252,0.08464173011384368
14.256,0.4994034155382252,0.08464173011384368
14.257,0.4994034155382252,0.08464173011384367
14.258,0.4994034155382252,0.08464173011384367
14.259,0.4994034155382252,0.08464173011384366
14.26,0.4994034155382252,0.08464173011384366
14.261,0.4994034155382252,0.08464173011384364
14.262,0.4994034155382252,0.08464173011384364
14.263,0.4994034155382252,0.08464173011384364
14.264,0.4994034155382252,0.08464173011384364
14.265,0.4994034155382252,0.08464173011384364
14.266,0.4994034155382252,0.08464173011384364
14.267,0.4994034155382252,0.08464173011384364
14.268,0.4994034155382252,0.08464173011384364
14.269,0.4994034155382252,0.08464173011384364
14.27,0.4994034155382252,0.08464173011384364
14.271,0.4994034155382252,0.08464173011384364
14.272,0.4994034155382252,0.08464173011384364
14.273,0.4994034155382252,0.08464173011384363
14.274,0.4994034155382252,0.08464173011384363
14.275,0.4994034155382252,0.08464173011384363
14.276,0.4994034155382252,0.08464173011384361
14.277,0.4994034155382252,0.08464173011384361
14.278,0.4994034155382252,0.08464173011384361
14.279,0.4994034155382252,0.08464173011384361
14.28,0.4994034155382252,0.08464173011384361
14.281,0.4994034155382252,0.08464173011384361
14.282,0.4994034155382252,0.08464173011384361
14.283,0.4994034155382252,0.08464173011384361
14.284,0.4994034155382252,0.08464173011384361
14.285,0.4994034155382252,0.08464173011384361
14.286,0.4994034155382252,0.08464173011384361
14.287,0.4994034155382252,0.08464173011384361
14.288,0.4994034155382252,0.08464173011384361
14.289,0.4994034155382252,0.08464173011384361
14.29,0.4994034155382252,0.08464173011384361
14.291,0.4994034155382252,0.08464173011384361
14.292,0.4994034155382252,0.08464173011384361
14.293,0.4994034155382252,0.08464173011384361
14.294,0.4994034155382252,0.08464173011384361
14.295,0.4994034155382252,0.08464173011384361
14.296,0.4994034155382252,0.0846417301138436
14.297,0.4994034155382252,0.08464173011384359
14.298,0.4994034155382252,0.08464173011384359
14.299,0.4994034155382252,0.08464173011384359
14.3,0.4994034155382252,0.08464173011384359
14.301,0.4994034155382252,0.08464173011384359
14.302,0.4994034155382252,0.08464173011384359
14.303,0.4994034155382252,0.08464173011384359
14.304,0.4994034155382252,0.08464173011384359
14.305,0.4994034155382252,0.08464173011384359
14.306,0.49940341553822515,0.08464173011384359
14.307,0.49940341553822515,0.08464173011384359
14.308,0.49940341553822515,0.08464173011384359
14.309,0.49940341553822515,0.08464173011384359
14.31,0.49940341553822515,0.08464173011384359
14.311,0.49940341553822515,0.08464173011384359
14.312,0.49940341553822515,0.08464173011384359
14.313,0.49940341553822515,0.08464173011384359
14.314,0.49940341553822515,0.08464173011384359
14.315,0.49940341553822515,0.08464173011384359
14.316,0.49940341553822515,0.08464173011384357
14.317,0.49940341553822515,0.08464173011384357
14.318,0.49940341553822515,0.08464173011384357
14.319,0.49940341553822515,0.08464173011384357
14.32,0.49940341553822515,0.08464173011384357
14.321,0.49940341553822515,0.08464173011384357
14.322,0.49940341553822515,0.08464173011384357
14.323,0.49940341553822515,0.08464173011384357
14.324,0.49940341553822515,0.08464173011384357
14.325,0.49940341553822515,0.08464173011384357
14.326,0.49940341553822515,0.08464173011384357
14.327,0.49940341553822515,0.08464173011384357
14.328,0.49940341553822515,0.08464173011384357
14.329,0.49940341553822515,0.08464173011384356
14.33,0.49940341553822515,0.08464173011384356
14.331,0.49940341553822515,0.08464173011384356
14.332,0.49940341553822515,0.08464173011384356
14.333,0.49940341553822515,0.08464173011384356
14.334,0.49940341553822515,0.08464173011384356
14.335,0.49940341553822515,0.08464173011384356
14.336,0.49940341553822515,0.08464173011384354
14.337,0.49940341553822515,0.08464173011384354
14.338,0.49940341553822515,0.08464173011384354
14.339,0.49940341553822515,0.08464173011384354
14.34,0.49940341553822515,0.08464173011384354
14.341,0.49940341553822515,0.08464173011384354
14.342,0.49940341553822515,0.08464173011384354
14.343,0.49940341553822515,0.08464173011384354
14.344,0.49940341553822515,0.08464173011384354
14.345,0.49940341553822515,0.08464173011384354
14.346,0.49940341553822515,0.08464173011384354
14.347,0.49940341553822515,0.08464173011384354
14.348,0.49940341553822515,0.08464173011384354
14.349,0.49940341553822515,0.08464173011384354
14.35,0.49940341553822515,0.08464173011384354
14.351,0.49940341553822515,0.08464173011384354
14.352,0.49940341553822515,0.08464173011384354
14.353,0.49940341553822515,0.08464173011384354
14.354,0.49940341553822515,0.08464173011384354
14.355,0.49940341553822515,0.08464173011384354
14.356,0.49940341553822515,0.08464173011384353
14.357,0.49940341553822515,0.08464173011384353
14.358,0.49940341553822515,0.08464173011384353
14.359,0.49940341553822515,0.08464173011384353
14.36,0.4994034155382252,0.08464173011384353
14.361,0.4994034155382252,0.08464173011384353
14.362,0.4994034155382252,0.08464173011384353
14.363,0.4994034155382252,0.08464173011384353
14.364,0.4994034155382252,0.08464173011384353
14.365,0.4994034155382252,0.08464173011384353
14.366,0.4994034155382252,0.08464173011384353
14.367,0.4994034155382252,0.08464173011384353
14.368,0.4994034155382252,0.08464173011384353
14.369,0.4994034155382252,0.08464173011384353
14.37,0.4994034155382252,0.08464173011384353
14.371,0.4994034155382252,0.08464173011384353
14.372,0.4994034155382252,0.08464173011384353
14.373,0.4994034155382252,0.08464173011384353
14.374,0.4994034155382252,0.08464173011384353
14.375,0.4994034155382252,0.08464173011384353
14.376,0.4994034155382252,0.08464173011384352
14.377,0.4994034155382252,0.08464173011384352
14.378,0.4994034155382252,0.08464173011384352
14.379,0.4994034155382252,0.08464173011384352
14.38,0.4994034155382252,0.08464173011384352
14.381,0.4994034155382252,0.08464173011384352
14.382,0.4994034155382252,0.08464173011384352
14.383,0.4994034155382252,0.08464173011384352
14.384,0.4994034155382252,0.08464173011384352
14.385,0.4994034155382252,0.08464173011384352
14.386,0.4994034155382252,0.08464173011384352
14.387,0.4994034155382252,0.08464173011384352
14.388,0.4994034155382252,0.08464173011384352
14.389,0.4994034155382252,0.08464173011384352
14.39,0.4994034155382252,0.08464173011384352
14.391,0.4994034155382252,0.08464173011384352
14.392,0.4994034155382252,0.08464173011384352
14.393,0.4994034155382252,0.08464173011384352
14.394,0.4994034155382252,0.08464173011384352
14.395,0.4994034155382252,0.0846417301138435
14.396,0.4994034155382252,0.0846417301138435
14.397,0.4994034155382252,0.0846417301138435
14.398,0.4994034155382252,0.0846417301138435
14.399,0.4994034155382252,0.0846417301138435
14.4,0.4994034155382252,0.0846417301138435
14.401,0.4994034155382252,0.0846417301138435
14.402,0.4994034155382252,0.0846417301138435
14.403,0.4994034155382252,0.0846417301138435
14.404,0.4994034155382252,0.0846417301138435
14.405,0.4994034155382252,0.0846417301138435
14.406,0.4994034155382252,0.0846417301138435
14.407,0.4994034155382252,0.0846417301138435
14.408,0.4994034155382252,0.0846417301138435
14.409,0.4994034155382252,0.0846417301138435
14.41,0.4994034155382252,0.0846417301138435
14.411,0.4994034155382252,0.0846417301138435
14.412,0.4994034155382252,0.0846417301138435
14.413,0.4994034155382252,0.0846417301138435
14.414,0.4994034155382252,0.0846417301138435
14.415,0.4994034155382252,0.08464173011384349
14.416,0.4994034155382252,0.08464173011384349
14.417,0.4994034155382252,0.08464173011384349
14.418,0.4994034155382252,0.08464173011384349
14.419,0.4994034155382252,0.08464173011384349
14.42,0.4994034155382252,0.08464173011384349
14.421,0.4994034155382252,0.08464173011384349
14.422,0.4994034155382252,0.08464173011384349
14.423,0.4994034155382252,0.08464173011384349
14.424,0.4994034155382252,0.08464173011384349
14.425,0.4994034155382252,0.08464173011384349
14.426,0.4994034155382252,0.08464173011384349
14.427,0.4994034155382252,0.08464173011384349
14.428,0.4994034155382252,0.08464173011384349
14.429,0.4994034155382252,0.08464173011384349
14.43,0.4994034155382252,0.08464173011384349
14.431,0.4994034155382252,0.08464173011384349
14.432,0.4994034155382252,0.08464173011384349
14.433,0.4994034155382252,0.08464173011384349
14.434,0.4994034155382252,0.08464173011384349
14.435,0.4994034155382252,0.08464173011384347
14.436,0.4994034155382252,0.08464173011384347
14.437,0.4994034155382252,0.08464173011384347
14.438,0.4994034155382252,0.08464173011384347
14.439,0.4994034155382252,0.08464173011384347
14.44,0.4994034155382252,0.08464173011384347
14.441,0.4994034155382252,0.08464173011384347
14.442,0.4994034155382252,0.08464173011384347
14.443,0.4994034155382252,0.08464173011384347
14.444,0.4994034155382252,0.08464173011384347
14.445,0.4994034155382252,0.08464173011384347
14.446,0.4994034155382252,0.08464173011384347
14.447,0.4994034155382252,0.08464173011384347
14.448,0.4994034155382252,0.08464173011384347
14.449,0.4994034155382252,0.08464173011384347
14.45,0.4994034155382252,0.08464173011384347
14.451,0.4994034155382252,0.08464173011384347
14.452,0.4994034155382252,0.08464173011384347
14.453,0.4994034155382252,0.08464173011384347
14.454,0.4994034155382252,0.08464173011384347
14.455,0.4994034155382252,0.08464173011384346
14.456,0.4994034155382252,0.08464173011384346
14.457,0.4994034155382252,0.08464173011384346
14.458,0.4994034155382252,0.08464173011384347
14.459,0.4994034155382252,0.08464173011384347
14.46,0.4994034155382252,0.08464173011384347
14.461,0.4994034155382252,0.08464173011384347
14.462,0.4994034155382252,0.08464173011384347
14.463,0.4994034155382252,0.08464173011384347
14.464,0.4994034155382252,0.08464173011384347
14.465,0.4994034155382252,0.08464173011384347
14.466,0.4994034155382252,0.08464173011384347
14.467,0.4994034155382252,0.08464173011384347
14.468,0.4994034155382252,0.08464173011384347
14.469,0.4994034155382252,0.08464173011384347
14.47,0.49940341553822526,0.08464173011384347
14.471,0.49940341553822526,0.08464173011384347
14.472,0.49940341553822526,0.08464173011384347
14.473,0.49940341553822526,0.08464173011384347
14.474,0.49940341553822526,0.08464173011384347
14.475,0.49940341553822526,0.08464173011384346
14.476,0.49940341553822526,0.08464173011384346
14.477,0.49940341553822526,0.08464173011384346
14.478,0.49940341553822526,0.08464173011384346
14.479,0.49940341553822526,0.08464173011384346
14.48,0.49940341553822526,0.08464173011384346
14.481,0.4994034155382253,0.08464173011384346
14.482,0.4994034155382253,0.08464173011384346
14.483,0.4994034155382253,0.08464173011384346
14.484,0.4994034155382253,0.08464173011384346
14.485,0.4994034155382253,0.08464173011384346
14.486,0.4994034155382253,0.08464173011384346
14.487,0.4994034155382253,0.08464173011384346
14.488,0.4994034155382253,0.08464173011384346
14.489,0.4994034155382253,0.08464173011384346
14.49,0.4994034155382253,0.08464173011384346
14.491,0.4994034155382253,0.08464173011384347
14.492,0.4994034155382253,0.08464173011384347
14.493,0.4994034155382253,0.08464173011384347
14.494,0.4994034155382253,0.08464173011384347
14.495,0.4994034155382253,0.08464173011384346
14.496,0.4994034155382253,0.08464173011384346
14.497,0.4994034155382253,0.08464173011384346
14.498,0.4994034155382253,0.08464173011384346
14.499,0.4994034155382253,0.08464173011384346
14.5,0.4994034155382253,0.08464173011384346
14.501,0.4994034155382253,0.08464173011384346
14.502,0.4994034155382253,0.08464173011384346
14.503,0.4994034155382253,0.08464173011384346
14.504,0.4994034155382253,0.08464173011384346
14.505,0.4994034155382253,0.08464173011384346
14.506,0.4994034155382253,0.08464173011384346
14.507,0.4994034155382253,0.08464173011384346
14.508,0.4994034155382253,0.08464173011384346
14.509,0.4994034155382253,0.08464173011384346
14.51,0.4994034155382253,0.08464173011384346
14.511,0.4994034155382253,0.08464173011384346
14.512,0.4994034155382253,0.08464173011384346
14.513,0.4994034155382253,0.08464173011384346
14.514,0.4994034155382253,0.08464173011384347
14.515,0.4994034155382253,0.08464173011384346
14.516,0.4994034155382253,0.08464173011384346
14.517,0.4994034155382253,0.08464173011384346
14.518,0.4994034155382253,0.08464173011384346
14.519,0.4994034155382253,0.08464173011384346
14.52,0.4994034155382253,0.08464173011384346
14.521,0.4994034155382253,0.08464173011384346
14.522,0.4994034155382253,0.08464173011384346
14.523,0.4994034155382253,0.08464173011384346
14.524,0.4994034155382253,0.08464173011384346
14.525,0.4994034155382253,0.08464173011384346
14.526,0.4994034155382253,0.08464173011384346
14.527,0.4994034155382253,0.08464173011384346
14.528,0.4994034155382253,0.08464173011384346
14.529,0.4994034155382253,0.08464173011384346
14.53,0.4994034155382253,0.08464173011384345
14.531,0.4994034155382253,0.08464173011384345
14.532,0.4994034155382253,0.08464173011384345
14.533,0.4994034155382253,0.08464173011384345
14.534,0.4994034155382253,0.08464173011384346
14.535,0.4994034155382253,0.08464173011384346
14.536,0.4994034155382253,0.08464173011384346
14.537,0.4994034155382253,0.08464173011384346
14.538,0.4994034155382253,0.08464173011384346
14.539,0.4994034155382253,0.08464173011384346
14.54,0.4994034155382253,0.08464173011384345
14.541,0.4994034155382253,0.08464173011384345
14.542,0.4994034155382253,0.08464173011384345
14.543,0.4994034155382253,0.08464173011384346
14.544,0.4994034155382253,0.08464173011384346
14.545,0.4994034155382253,0.08464173011384346
14.546,0.4994034155382253,0.08464173011384346
14.547,0.4994034155382253,0.08464173011384346
14.548,0.4994034155382253,0.08464173011384346
14.549,0.4994034155382253,0.08464173011384346
14.55,0.4994034155382253,0.08464173011384345
14.551,0.4994034155382253,0.08464173011384345
14.552,0.4994034155382253,0.08464173011384345
14.553,0.4994034155382253,0.08464173011384346
14.554,0.4994034155382253,0.08464173011384346
14.555,0.4994034155382253,0.08464173011384346
14.556,0.4994034155382253,0.08464173011384346
14.557,0.4994034155382253,0.08464173011384346
14.558,0.4994034155382253,0.08464173011384346
14.559,0.4994034155382253,0.08464173011384346
14.56,0.4994034155382253,0.08464173011384346
14.561,0.4994034155382253,0.08464173011384345
14.562,0.4994034155382253,0.08464173011384346
14.563,0.4994034155382253,0.08464173011384346
14.564,0.4994034155382253,0.08464173011384346
14.565,0.4994034155382253,0.08464173011384346
14.566,0.4994034155382253,0.08464173011384346
14.567,0.4994034155382253,0.08464173011384346
14.568,0.4994034155382253,0.08464173011384346
14.569,0.4994034155382253,0.08464173011384346
14.57,0.4994034155382253,0.08464173011384346
14.571,0.4994034155382253,0.08464173011384346
14.572,0.4994034155382253,0.08464173011384346
14.573,0.4994034155382253,0.08464173011384346
14.574,0.4994034155382253,0.08464173011384346
14.575,0.4994034155382253,0.08464173011384346
14.576,0.4994034155382253,0.08464173011384346
14.577,0.4994034155382253,0.08464173011384346
14.578,0.4994034155382253,0.08464173011384346
14.579,0.4994034155382253,0.08464173011384346
14.58,0.4994034155382253,0.08464173011384346
14.581,0.4994034155382253,0.08464173011384347
14.582,0.4994034155382253,0.08464173011384347
14.583,0.4994034155382253,0.08464173011384347
14.584,0.4994034155382253,0.08464173011384346
14.585,0.4994034155382253,0.08464173011384346
14.586,0.4994034155382253,0.08464173011384346
14.587,0.49940341553822526,0.08464173011384346
14.588,0.49940341553822526,0.08464173011384346
14.589,0.49940341553822526,0.08464173011384346
14.59,0.49940341553822526,0.08464173011384346
14.591,0.49940341553822526,0.08464173011384347
14.592,0.49940341553822526,0.08464173011384347
14.593,0.49940341553822526,0.08464173011384347
14.594,0.49940341553822526,0.08464173011384347
14.595,0.49940341553822526,0.08464173011384347
14.596,0.49940341553822526,0.08464173011384347
14.597,0.49940341553822526,0.08464173011384346
14.598,0.49940341553822526,0.08464173011384346
14.599,0.49940341553822526,0.08464173011384346
14.6,0.49940341553822526,0.08464173011384347
14.601,0.49940341553822526,0.08464173011384347
14.602,0.49940341553822526,0.08464173011384347
14.603,0.49940341553822526,0.08464173011384347
14.604,0.49940341553822526,0.08464173011384347
14.605,0.49940341553822526,0.08464173011384347
14.606,0.49940341553822526,0.08464173011384347
14.607,0.49940341553822526,0.08464173011384347
14.608,0.49940341553822526,0.08464173011384347
14.609,0.49940341553822526,0.08464173011384347
14.61,0.49940341553822526,0.08464173011384349
14.611,0.49940341553822526,0.08464173011384347
14.612,0.49940341553822526,0.08464173011384347
14.613,0.4994034155382253,0.08464173011384347
14.614,0.4994034155382253,0.08464173011384347
14.615,0.4994034155382253,0.08464173011384347
14.616,0.4994034155382253,0.08464173011384347
14.617,0.4994034155382253,0.08464173011384347
14.618,0.4994034155382253,0.08464173011384347
14.619,0.4994034155382253,0.08464173011384349
14.62,0.4994034155382253,0.08464173011384349
14.621,0.4994034155382253,0.08464173011384349
14.622,0.4994034155382253,0.08464173011384349
14.623,0.4994034155382253,0.08464173011384349
14.624,0.4994034155382253,0.08464173011384349
14.625,0.4994034155382253,0.08464173011384349
14.626,0.4994034155382253,0.08464173011384347
14.627,0.4994034155382253,0.08464173011384347
14.628,0.4994034155382253,0.08464173011384349
14.629,0.4994034155382253,0.08464173011384349
14.63,0.4994034155382253,0.08464173011384349
14.631,0.4994034155382253,0.08464173011384349
14.632,0.4994034155382253,0.08464173011384349
14.633,0.4994034155382253,0.08464173011384349
14.634,0.4994034155382253,0.08464173011384349
14.635,0.4994034155382253,0.08464173011384349
14.636,0.4994034155382253,0.08464173011384349
14.637,0.4994034155382253,0.08464173011384349
14.638,0.4994034155382253,0.0846417301138435
14.639,0.4994034155382253,0.0846417301138435
14.64,0.4994034155382253,0.0846417301138435
14.641,0.4994034155382253,0.0846417301138435
14.642,0.4994034155382253,0.0846417301138435
14.643,0.4994034155382253,0.08464173011384349
14.644,0.4994034155382253,0.08464173011384349
14.645,0.4994034155382253,0.08464173011384349
14.646,0.4994034155382253,0.08464173011384349
14.647,0.4994034155382253,0.0846417301138435
14.648,0.4994034155382253,0.0846417301138435
14.649,0.4994034155382253,0.0846417301138435
14.65,0.4994034155382253,0.0846417301138435
14.651,0.4994034155382253,0.0846417301138435
14.652,0.4994034155382253,0.0846417301138435
14.653,0.4994034155382253,0.0846417301138435
14.654,0.4994034155382253,0.0846417301138435
14.655,0.4994034155382253,0.0846417301138435
14.656,0.4994034155382253,0.0846417301138435
14.657,0.4994034155382253,0.08464173011384352
14.658,0.4994034155382253,0.08464173011384352
14.659,0.4994034155382253,0.08464173011384352
14.66,0.4994034155382253,0.08464173011384352
14.661,0.4994034155382253,0.0846417301138435
14.662,0.4994034155382253,0.0846417301138435
14.663,0.4994034155382253,0.0846417301138435
14.664,0.4994034155382253,0.0846417301138435
14.665,0.4994034155382253,0.0846417301138435
14.666,0.4994034155382253,0.08464173011384352
14.667,0.4994034155382253,0.08464173011384352
14.668,0.4994034155382253,0.08464173011384352
14.669,0.4994034155382253,0.08464173011384352
14.67,0.4994034155382253,0.08464173011384352
14.671,0.4994034155382253,0.08464173011384352
14.672,0.4994034155382253,0.08464173011384352
14.673,0.4994034155382253,0.08464173011384352
14.674,0.4994034155382253,0.08464173011384352
14.675,0.4994034155382253,0.08464173011384352
14.676,0.4994034155382253,0.08464173011384353
14.677,0.4994034155382253,0.08464173011384353
14.678,0.4994034155382253,0.08464173011384353
14.679,0.4994034155382253,0.08464173011384353
14.68,0.4994034155382253,0.08464173011384353
14.681,0.4994034155382253,0.08464173011384353
14.682,0.4994034155382253,0.08464173011384353
14.683,0.4994034155382253,0.08464173011384352
14.684,0.4994034155382253,0.08464173011384352
14.685,0.4994034155382253,0.08464173011384353
14.686,0.4994034155382253,0.08464173011384353
14.687,0.4994034155382253,0.08464173011384353
14.688,0.4994034155382253,0.08464173011384353
14.689,0.4994034155382253,0.08464173011384353
14.69,0.4994034155382253,0.08464173011384353
14.691,0.4994034155382253,0.08464173011384353
14.692,0.4994034155382253,0.08464173011384353
14.693,0.4994034155382253,0.08464173011384353
14.694,0.4994034155382253,0.08464173011384353
14.695,0.4994034155382253,0.08464173011384354
14.696,0.4994034155382253,0.08464173011384354
14.697,0.4994034155382253,0.08464173011384354
14.698,0.4994034155382253,0.08464173011384354
14.699,0.4994034155382253,0.08464173011384354
14.7,0.4994034155382253,0.08464173011384354
14.701,0.4994034155382253,0.08464173011384354
14.702,0.4994034155382253,0.08464173011384354
14.703,0.4994034155382253,0.08464173011384354
14.704,0.4994034155382253,0.08464173011384356
14.705,0.4994034155382253,0.08464173011384356
14.706,0.4994034155382253,0.08464173011384356
14.707,0.4994034155382253,0.08464173011384356
14.708,0.4994034155382253,0.08464173011384356
14.709,0.4994034155382253,0.08464173011384356
14.71,0.4994034155382253,0.08464173011384356
14.711,0.4994034155382253,0.08464173011384354
14.712,0.4994034155382253,0.08464173011384354
14.713,0.4994034155382253,0.08464173011384354
14.714,0.4994034155382253,0.08464173011384356
14.715,0.4994034155382253,0.08464173011384356
14.716,0.4994034155382253,0.08464173011384356
14.717,0.4994034155382253,0.08464173011384356
14.718,0.4994034155382253,0.08464173011384356
14.719,0.4994034155382253,0.08464173011384356
14.72,0.4994034155382253,0.08464173011384356
14.721,0.4994034155382253,0.08464173011384356
14.722,0.4994034155382253,0.08464173011384356
14.723,0.4994034155382253,0.08464173011384357
14.724,0.4994034155382253,0.08464173011384357
14.725,0.4994034155382253,0.08464173011384357
14.726,0.4994034155382253,0.08464173011384357
14.727,0.4994034155382253,0.08464173011384357
14.728,0.4994034155382253,0.08464173011384357
14.729,0.4994034155382253,0.08464173011384357
14.73,0.4994034155382253,0.08464173011384357
14.731,0.4994034155382253,0.08464173011384357
14.732,0.4994034155382253,0.08464173011384359
14.733,0.4994034155382253,0.08464173011384359
14.734,0.4994034155382253,0.08464173011384359
14.735,0.4994034155382253,0.08464173011384359
14.736,0.4994034155382253,0.08464173011384359
14.737,0.4994034155382253,0.08464173011384359
14.738,0.4994034155382253,0.08464173011384359
14.739,0.4994034155382253,0.08464173011384359
14.74,0.4994034155382253,0.08464173011384359
14.741,0.4994034155382253,0.08464173011384359
14.742,0.4994034155382253,0.0846417301138436
14.743,0.4994034155382253,0.0846417301138436
14.744,0.4994034155382253,0.0846417301138436
14.745,0.4994034155382253,0.0846417301138436
14.746,0.4994034155382253,0.0846417301138436
14.747,0.4994034155382253,0.0846417301138436
14.748,0.4994034155382253,0.0846417301138436
14.749,0.4994034155382253,0.0846417301138436
14.75,0.4994034155382253,0.0846417301138436
14.751,0.4994034155382253,0.08464173011384361
14.752,0.4994034155382253,0.08464173011384361
14.753,0.4994034155382253,0.08464173011384361
14.754,0.4994034155382253,0.08464173011384361
14.755,0.4994034155382253,0.08464173011384361
14.756,0.4994034155382253,0.08464173011384361
14.757,0.4994034155382253,0.08464173011384361
14.758,0.4994034155382253,0.08464173011384361
14.759,0.4994034155382253,0.08464173011384361
14.76,0.4994034155382253,0.08464173011384361
14.761,0.4994034155382253,0.08464173011384361
14.762,0.4994034155382253,0.08464173011384361
14.763,0.4994034155382253,0.08464173011384361
14.764,0.4994034155382253,0.08464173011384361
14.765,0.4994034155382253,0.08464173011384361
14.766,0.4994034155382253,0.08464173011384361
14.767,0.4994034155382253,0.08464173011384361
14.768,0.4994034155382253,0.08464173011384361
14.769,0.4994034155382253,0.08464173011384361
14.77,0.4994034155382253,0.08464173011384363
14.771,0.4994034155382253,0.08464173011384363
14.772,0.4994034155382253,0.08464173011384363
14.773,0.4994034155382253,0.08464173011384363
14.774,0.4994034155382253,0.08464173011384363
14.775,0.4994034155382253,0.08464173011384363
14.776,0.4994034155382253,0.08464173011384363
14.777,0.4994034155382253,0.08464173011384363
14.778,0.4994034155382253,0.08464173011384363
14.779,0.4994034155382253,0.08464173011384363
14.78,0.4994034155382253,0.08464173011384364
14.781,0.4994034155382253,0.08464173011384364
14.782,0.4994034155382253,0.08464173011384364
14.783,0.4994034155382253,0.08464173011384364
14.784,0.4994034155382253,0.08464173011384364
14.785,0.4994034155382253,0.08464173011384364
14.786,0.4994034155382253,0.08464173011384364
14.787,0.4994034155382253,0.08464173011384364
14.788,0.4994034155382253,0.08464173011384364
14.789,0.4994034155382253,0.08464173011384366
14.79,0.4994034155382253,0.08464173011384366
14.791,0.4994034155382253,0.08464173011384366
14.792,0.4994034155382253,0.08464173011384366
14.793,0.4994034155382253,0.08464173011384366
14.794,0.4994034155382253,0.08464173011384366
14.795,0.4994034155382253,0.08464173011384366
14.796,0.4994034155382253,0.08464173011384366
14.797,0.4994034155382253,0.08464173011384366
14.798,0.4994034155382253,0.08464173011384366
14.799,0.4994034155382253,0.08464173011384367
14.8,0.4994034155382253,0.08464173011384367
14.801,0.4994034155382253,0.08464173011384367
14.802,0.4994034155382253,0.08464173011384367
14.803,0.4994034155382253,0.08464173011384367
14.804,0.4994034155382253,0.08464173011384367
14.805,0.4994034155382253,0.08464173011384367
14.806,0.4994034155382253,0.08464173011384367
14.807,0.4994034155382253,0.08464173011384367
14.808,0.4994034155382253,0.08464173011384368
14.809,0.4994034155382253,0.08464173011384368
14.81,0.4994034155382253,0.08464173011384368
14.811,0.4994034155382253,0.08464173011384368
14.812,0.4994034155382253,0.08464173011384368
14.813,0.4994034155382253,0.0846417301138437
14.814,0.4994034155382253,0.0846417301138437
14.815,0.4994034155382253,0.0846417301138437
14.816,0.4994034155382253,0.0846417301138437
14.817,0.4994034155382253,0.0846417301138437
14.818,0.4994034155382253,0.08464173011384371
14.819,0.4994034155382253,0.08464173011384371
14.82,0.4994034155382253,0.08464173011384371
14.821,0.4994034155382253,0.08464173011384371
14.822,0.4994034155382253,0.08464173011384371
14.823,0.4994034155382253,0.08464173011384371
14.824,0.4994034155382253,0.08464173011384371
14.825,0.4994034155382253,0.08464173011384371
14.826,0.4994034155382253,0.08464173011384371
14.827,0.4994034155382253,0.08464173011384372
14.828,0.4994034155382253,0.08464173011384372
14.829,0.4994034155382253,0.08464173011384372
14.83,0.4994034155382253,0.08464173011384372
14.831,0.4994034155382253,0.08464173011384372
14.832,0.4994034155382253,0.08464173011384372
14.833,0.4994034155382253,0.08464173011384372
14.834,0.4994034155382253,0.08464173011384372
14.835,0.4994034155382253,0.08464173011384372
14.836,0.4994034155382253,0.08464173011384374
14.837,0.4994034155382253,0.08464173011384374
14.838,0.4994034155382253,0.08464173011384374
14.839,0.4994034155382253,0.08464173011384374
14.84,0.4994034155382253,0.08464173011384374
14.841,0.4994034155382253,0.08464173011384374
14.842,0.4994034155382253,0.08464173011384374
14.843,0.4994034155382253,0.08464173011384374
14.844,0.4994034155382253,0.08464173011384374
14.845,0.4994034155382253,0.08464173011384374
14.846,0.4994034155382253,0.08464173011384375
14.847,0.4994034155382253,0.08464173011384375
14.848,0.4994034155382253,0.08464173011384375
14.849,0.4994034155382253,0.08464173011384375
14.85,0.4994034155382253,0.08464173011384375
14.851,0.4994034155382253,0.08464173011384375
14.852,0.4994034155382253,0.08464173011384375
14.853,0.4994034155382253,0.08464173011384375
14.854,0.4994034155382253,0.08464173011384375
14.855,0.4994034155382253,0.08464173011384377
14.856,0.4994034155382253,0.08464173011384377
14.857,0.4994034155382253,0.08464173011384377
14.858,0.4994034155382253,0.08464173011384377
14.859,0.4994034155382253,0.08464173011384377
14.86,0.4994034155382253,0.08464173011384377
14.861,0.4994034155382253,0.08464173011384377
14.862,0.4994034155382253,0.08464173011384377
14.863,0.4994034155382253,0.08464173011384378
14.864,0.4994034155382253,0.08464173011384378
14.865,0.4994034155382253,0.0846417301138438
14.866,0.4994034155382253,0.0846417301138438
14.867,0.4994034155382253,0.0846417301138438
14.868,0.4994034155382253,0.0846417301138438
14.869,0.4994034155382253,0.0846417301138438
14.87,0.4994034155382253,0.0846417301138438
14.871,0.4994034155382253,0.0846417301138438
14.872,0.4994034155382253,0.0846417301138438
14.873,0.4994034155382253,0.0846417301138438
14.874,0.4994034155382253,0.08464173011384381
14.875,0.4994034155382253,0.08464173011384381
14.876,0.4994034155382253,0.08464173011384381
14.877,0.4994034155382253,0.08464173011384381
14.878,0.4994034155382253,0.08464173011384381
14.879,0.4994034155382253,0.08464173011384381
14.88,0.4994034155382253,0.08464173011384381
14.881,0.4994034155382253,0.08464173011384381
14.882,0.4994034155382253,0.08464173011384381
14.883,0.4994034155382253,0.08464173011384381
14.884,0.4994034155382253,0.08464173011384382
14.885,0.4994034155382253,0.08464173011384382
14.886,0.4994034155382253,0.08464173011384382
14.887,0.4994034155382253,0.08464173011384382
14.888,0.4994034155382253,0.08464173011384382
14.889,0.4994034155382253,0.08464173011384382
14.89,0.4994034155382253,0.08464173011384382
14.891,0.4994034155382253,0.08464173011384384
14.892,0.4994034155382253,0.08464173011384384
14.893,0.4994034155382253,0.08464173011384385
14.894,0.4994034155382253,0.08464173011384385
14.895,0.4994034155382253,0.08464173011384385
14.896,0.4994034155382253,0.08464173011384385
14.897,0.4994034155382253,0.08464173011384385
14.898,0.4994034155382253,0.08464173011384385
14.899,0.4994034155382253,0.08464173011384385
14.9,0.4994034155382253,0.08464173011384385
14.901,0.4994034155382253,0.08464173011384385
14.902,0.4994034155382253,0.08464173011384385
14.903,0.4994034155382253,0.08464173011384386
14.904,0.4994034155382253,0.08464173011384386
14.905,0.4994034155382253,0.08464173011384386
14.906,0.4994034155382253,0.08464173011384386
14.907,0.4994034155382253,0.08464173011384386
14.908,0.4994034155382253,0.08464173011384386
14.909,0.4994034155382253,0.08464173011384386
14.91,0.4994034155382253,0.08464173011384386
14.911,0.4994034155382253,0.08464173011384386
14.912,0.4994034155382253,0.08464173011384388
14.913,0.4994034155382253,0.08464173011384389
14.914,0.4994034155382253,0.08464173011384389
14.915,0.4994034155382253,0.08464173011384389
14.916,0.4994034155382253,0.08464173011384389
14.917,0.4994034155382253,0.08464173011384389
14.918,0.4994034155382253,0.08464173011384389
14.919,0.4994034155382253,0.08464173011384389
14.92,0.4994034155382253,0.08464173011384389
14.921,0.4994034155382253,0.0846417301138439
14.922,0.4994034155382253,0.0846417301138439
14.923,0.4994034155382253,0.0846417301138439
14.924,0.4994034155382253,0.0846417301138439
14.925,0.4994034155382253,0.0846417301138439
14.926,0.4994034155382253,0.0846417301138439
14.927,0.4994034155382253,0.0846417301138439
14.928,0.4994034155382253,0.0846417301138439
14.929,0.4994034155382253,0.0846417301138439
14.93,0.4994034155382253,0.0846417301138439
14.931,0.4994034155382253,0.08464173011384393
14.932,0.4994034155382253,0.08464173011384393
14.933,0.4994034155382253,0.08464173011384393
14.934,0.4994034155382253,0.08464173011384393
14.935,0.4994034155382253,0.08464173011384393
14.936,0.4994034155382253,0.08464173011384393
14.937,0.4994034155382253,0.08464173011384393
14.938,0.4994034155382253,0.08464173011384393
14.939,0.4994034155382253,0.08464173011384393
14.94,0.4994034155382253,0.08464173011384395
14.941,0.4994034155382253,0.08464173011384395
14.942,0.4994034155382253,0.08464173011384395
14.943,0.4994034155382253,0.08464173011384395
14.944,0.4994034155382253,0.08464173011384395
14.945,0.4994034155382253,0.08464173011384395
14.946,0.4994034155382253,0.08464173011384395
14.947,0.4994034155382253,0.08464173011384395
14.948,0.4994034155382253,0.08464173011384396
14.949,0.4994034155382253,0.08464173011384396
14.95,0.4994034155382253,0.08464173011384397
14.951,0.4994034155382253,0.08464173011384397
14.952,0.4994034155382253,0.08464173011384397
14.953,0.4994034155382253,0.08464173011384397
14.954,0.4994034155382253,0.08464173011384397
14.955,0.4994034155382253,0.08464173011384397
14.956,0.4994034155382253,0.08464173011384397
14.957,0.4994034155382253,0.08464173011384397
14.958,0.4994034155382253,0.08464173011384397
14.959,0.4994034155382253,0.08464173011384399
14.96,0.4994034155382253,0.08464173011384399
14.961,0.49940341553822526,0.08464173011384399
14.962,0.49940341553822526,0.08464173011384399
14.963,0.49940341553822526,0.084641730113844
14.964,0.49940341553822526,0.084641730113844
14.965,0.49940341553822526,0.084641730113844
14.966,0.49940341553822526,0.084641730113844
14.967,0.49940341553822526,0.084641730113844
14.968,0.49940341553822526,0.084641730113844
14.969,0.49940341553822526,0.08464173011384402
14.97,0.49940341553822526,0.08464173011384402
14.971,0.49940341553822526,0.08464173011384402
14.972,0.49940341553822526,0.08464173011384402
14.973,0.49940341553822526,0.08464173011384402
14.974,0.49940341553822526,0.08464173011384402
14.975,0.49940341553822526,0.08464173011384402
14.976,0.49940341553822526,0.08464173011384402
14.977,0.49940341553822526,0.08464173011384403
14.978,0.49940341553822526,0.08464173011384404
14.979,0.49940341553822526,0.08464173011384404
14.98,0.49940341553822526,0.08464173011384404
14.981,0.49940341553822526,0.08464173011384404
14.982,0.49940341553822526,0.08464173011384404
14.983,0.49940341553822526,0.08464173011384404
14.984,0.49940341553822526,0.08464173011384404
14.985,0.49940341553822526,0.08464173011384404
14.986,0.49940341553822526,0.08464173011384404
14.987,0.49940341553822526,0.08464173011384404
14.988,0.49940341553822526,0.08464173011384406
14.989,0.49940341553822526,0.08464173011384407
14.99,0.49940341553822526,0.08464173011384407
14.991,0.49940341553822526,0.08464173011384407
14.992,0.49940341553822526,0.08464173011384407
14.993,0.49940341553822526,0.08464173011384407
14.994,0.49940341553822526,0.08464173011384407
14.995,0.49940341553822526,0.08464173011384407
14.996,0.49940341553822526,0.08464173011384407
14.997,0.49940341553822526,0.08464173011384409
14.998,0.49940341553822526,0.08464173011384409
14.999,0.49940341553822526,0.08464173011384409
14.99999999830009,0.49940341553822526,0.08464173011384409
14.99999999830009,0.4994034155382251,0.08464173011384046
15,0.499403415538225,0.08464173011384046
15,0.499403415538225,0.08464173011384046
