time;Load2_load_PPu;Load2_load_QPu;Bus1_bus_U;
0.0000000000;0.0401030643;0.0050257993;1.9708181490;
0.0000010000;0.0401030655;0.0050257996;1.9708182060;
0.0000020000;0.0401030666;0.0050257999;1.9708182631;
0.0000040000;0.0401030690;0.0050258004;1.9708183771;
0.0000080000;0.0401030736;0.0050258016;1.9708186053;
0.0000160000;0.0401030829;0.0050258039;1.9708190614;
0.0000320000;0.0401031014;0.0050258086;1.9708199734;
0.0000640000;0.0401031385;0.0050258179;1.9708217958;
0.0001280000;0.0401032126;0.0050258364;1.9708254349;
0.0002560000;0.0401033602;0.0050258734;1.9708326902;
0.0005120000;0.0401036536;0.0050259470;1.9708471092;
0.0010240000;0.0401042331;0.0050260922;1.9708755853;
0.0020480000;0.0401053631;0.0050263755;1.9709311206;
0.0040960000;0.0401075127;0.0050269143;1.9710367584;
0.0081920000;0.0401114049;0.0050278900;1.9712280390;
0.0122880000;0.0401147971;0.0050287405;1.9713947450;
0.0204800000;0.0401203568;0.0050301345;1.9716679672;
0.0278528000;0.0401241425;0.0050310838;1.9718540125;
0.0352256000;0.0401270082;0.0050318025;1.9719948440;
0.0425984000;0.0401291385;0.0050323367;1.9720995322;
0.0499712000;0.0401306879;0.0050327253;1.9721756798;
0.0573440000;0.0401317692;0.0050329966;1.9722288228;
0.0647168000;0.0401324766;0.0050331740;1.9722635870;
0.0720896000;0.0401328857;0.0050332766;1.9722836916;
0.0794624000;0.0401330572;0.0050333196;1.9722921169;
0.0942080000;0.0401329108;0.0050332829;1.9722849207;
0.1089536000;0.0401322655;0.0050331211;1.9722532095;
0.1236992000;0.0401312949;0.0050328776;1.9722055117;
0.1384448000;0.0401301193;0.0050325827;1.9721477388;
0.1531904000;0.0401288184;0.0050322564;1.9720838033;
0.1679360000;0.0401274434;0.0050319116;1.9720162325;
0.1974272000;0.0401246121;0.0050312015;1.9718770874;
0.2269184000;0.0401217350;0.0050304801;1.9717356980;
0.2859008000;0.0401161049;0.0050290683;1.9714590118;
0.3448832000;0.0401107208;0.0050277185;1.9711944061;
0.4038656000;0.0401056548;0.0050264486;1.9709454181;
0.4628480000;0.0401009274;0.0050252637;1.9707130738;
0.5218304000;0.0400965378;0.0050241636;1.9704973320;
0.5808128000;0.0400924772;0.0050231460;1.9702977684;
0.6397952000;0.0400887345;0.0050222082;1.9701138216;
0.6987776000;0.0400852969;0.0050213469;1.9699448738;
0.7577600000;0.0400821513;0.0050205589;1.9697902798;
0.8167424000;0.0400792844;0.0050198407;1.9696493791;
0.8757248000;0.0400766824;0.0050191890;1.9695215041;
0.9347072000;0.0400743319;0.0050186002;1.9694059856;
0.9936896000;0.0400722192;0.0050180711;1.9693021564;
1.0526720000;0.0400703308;0.0050175981;1.9692093553;
1.1116544000;0.0400686535;0.0050171781;1.9691269293;
1.1706368000;0.0400671743;0.0050168077;1.9690542369;
1.2296192000;0.0400658803;0.0050164836;1.9689906501;
1.2886016000;0.0400647591;0.0050162029;1.9689355565;
1.3475840000;0.0400637986;0.0050159624;1.9688883612;
1.4065664000;0.0400629870;0.0050157591;1.9688484881;
1.5245312000;0.0400617522;0.0050154500;1.9687879134;
1.6306995200;0.0400610423;0.0050152722;1.9687530406;
1.7368678400;0.0400606515;0.0050151744;1.9687341070;
1.8430361600;0.0400605308;0.0050151441;1.9687282259;
1.9492044800;0.0400606332;0.0050151698;1.9687332580;
2.0553728000;0.0400609166;0.0050152407;1.9687472394;
2.1615411200;0.0400613430;0.0050153475;1.9687682700;
2.2677094400;0.0400618790;0.0050154817;1.9687946838;
2.3738777600;0.0400624954;0.0050156361;1.9688250465;
2.5862144000;0.0400638477;0.0050159747;1.9688908931;
2.7985510400;0.0400652706;0.0050163310;1.9689611538;
3.0108876800;0.0400666592;0.0050166787;1.9690299465;
3.2232243200;0.0400679400;0.0050169995;1.9690931380;
3.4355609600;0.0400690695;0.0050172823;1.9691485687;
3.6478976000;0.0400700276;0.0050175223;1.9691951601;
3.8602342400;0.0400708109;0.0050177185;1.9692327214;
4.0725708800;0.0400714284;0.0050178731;1.9692616830;
4.2849075200;0.0400718963;0.0050179904;1.9692828674;
4.4972441600;0.0400722352;0.0050180752;1.9692973048;
4.7095808000;0.0400724671;0.0050181333;1.9693060997;
4.9219174400;0.0400726133;0.0050181699;1.9693103334;
5.1342540800;0.0400726940;0.0050181902;1.9693109978;
5.3465907200;0.0400727266;0.0050181983;1.9693089604;
5.5589273600;0.0400727262;0.0050181982;1.9693049476;
5.7712640000;0.0400727047;0.0050181928;1.9692995385;
5.9836006400;0.0400726719;0.0050181846;1.9692931756;
6.1959372800;0.0400726347;0.0050181753;1.9692861849;
6.4082739200;0.0400725984;0.0050181662;1.9692787836;
6.6206105600;0.0400725662;0.0050181581;1.9692710940;
6.8329472000;0.0400725402;0.0050181516;1.9692631945;
7.0452838400;0.0400725214;0.0050181469;1.9692551276;
7.2576204800;0.0400725097;0.0050181439;1.9692468242;
7.4699571200;0.0400725049;0.0050181427;1.9692381980;
7.6822937600;0.0400725060;0.0050181430;1.9692294504;
7.8946304000;0.0400725120;0.0050181445;1.9692206519;
8.1069670400;0.0400725220;0.0050181470;1.9692106044;
8.3193036800;0.0400725353;0.0050181503;1.9691989472;
8.5316403200;0.0400725494;0.0050181538;1.9691917892;
8.7439769600;0.0400725611;0.0050181568;1.9691914300;
8.9563136000;0.0400725787;0.0050181612;1.9691616985;
9.1033584738;0.0400701911;0.0050175632;1.9692026336;
9.2302334651;0.0400704634;0.0050176314;1.9692161153;
9.3571084564;0.0400707385;0.0050177003;1.9692294808;
9.4839834477;0.0400710368;0.0050177750;1.9692453375;
9.6108584389;0.0400712513;0.0050178287;1.9692547226;
9.8646084215;0.0400716713;0.0050179339;1.9692753749;
9.9999999998;0.0400719198;0.0050179961;1.9692648592;
9.9999999998;0.0415176170;0.0053866016;2.0403347019;
10.0000009998;0.0415175833;0.0053865929;2.0403330263;
10.0000019998;0.0415175511;0.0053865845;2.0403314447;
10.0000039998;0.0415174868;0.0053865678;2.0403282872;
10.0000079998;0.0415173580;0.0053865344;2.0403219557;
10.0000159998;0.0415171006;0.0053864676;2.0403093069;
10.0000319998;0.0415165861;0.0053863341;2.0402840205;
10.0000639998;0.0415155579;0.0053860673;2.0402334918;
10.0001279998;0.0415135051;0.0053855347;2.0401326112;
10.0002559998;0.0415094139;0.0053844733;2.0399315549;
10.0005119998;0.0415012886;0.0053823655;2.0395322443;
10.0010239998;0.0414852632;0.0053782096;2.0387446927;
10.0020479998;0.0414540913;0.0053701303;2.0372127901;
10.0040959998;0.0413950970;0.0053548564;2.0343135834;
10.0061439998;0.0413403460;0.0053407006;2.0316229439;
10.0081919998;0.0412895550;0.0053275853;2.0291269378;
10.0102399998;0.0412424544;0.0053154374;2.0268122725;
10.0122879998;0.0411987911;0.0053041885;2.0246665242;
10.0143359998;0.0411583305;0.0052937752;2.0226781591;
10.0163839998;0.0411208550;0.0052841394;2.0208364903;
10.0184319998;0.0410861631;0.0052752272;2.0191316148;
10.0204799998;0.0410540680;0.0052669887;2.0175543510;
10.0225279998;0.0410243964;0.0052593781;2.0160961801;
10.0245759998;0.0409969871;0.0052523526;2.0147491917;
10.0266239998;0.0409716907;0.0052458729;2.0135060345;
10.0286719998;0.0409483680;0.0052399023;2.0123598718;
10.0307199998;0.0409268896;0.0052344068;2.0113043409;
10.0327679998;0.0409071348;0.0052293549;2.0103335162;
10.0348159998;0.0408889914;0.0052247172;2.0094418755;
10.0368639998;0.0408723544;0.0052204664;2.0086242695;
10.0389119998;0.0408571262;0.0052165771;2.0078758938;
10.0409599998;0.0408432154;0.0052130255;2.0071922631;
10.0430079998;0.0408305369;0.0052097895;2.0065691882;
10.0450559998;0.0408190109;0.0052068486;2.0060027545;
10.0471039998;0.0408085631;0.0052041835;2.0054893020;
10.0491519998;0.0407991237;0.0052017763;2.0050254073;
10.0511999998;0.0407906275;0.0051996100;2.0046078675;
10.0532479998;0.0407830135;0.0051976691;2.0042336839;
10.0552959998;0.0407762247;0.0051959388;2.0039000490;
10.0573439998;0.0407702074;0.0051944055;2.0036043328;
10.0614399998;0.0407602418;0.0051918666;2.0031143658;
10.0651263998;0.0407534411;0.0051901343;2.0027801511;
10.0688127998;0.0407484568;0.0051888648;2.0025352054;
10.0724991998;0.0407450792;0.0051880046;2.0023692199;
10.0761855998;0.0407431206;0.0051875059;2.0022729642;
10.0798719998;0.0407424129;0.0051873257;2.0022381890;
10.0835583998;0.0407428064;0.0051874259;2.0022575270;
10.0872447998;0.0407441672;0.0051877724;2.0023243990;
10.0909311998;0.0407463756;0.0051883348;2.0024329292;
10.0946175998;0.0407493249;0.0051890859;2.0025778697;
10.0983039998;0.0407529133;0.0051899998;2.0027544591;
10.1019903998;0.0407570641;0.0051910571;2.0029584679;
10.1056767998;0.0407617001;0.0051922381;2.0031862754;
10.1093631998;0.0407667530;0.0051935255;2.0034346022;
10.1130495998;0.0407721626;0.0051949039;2.0037004577;
10.1167359998;0.0407778749;0.0051963596;2.0039811802;
10.1204223998;0.0407838416;0.0051978804;2.0042744060;
10.1241087998;0.0407900198;0.0051994554;2.0045780270;
10.1277951998;0.0407963714;0.0052010748;2.0048901659;
10.1314815998;0.0408028624;0.0052027300;2.0052091553;
10.1388543998;0.0408161192;0.0052061112;2.0058603970;
10.1454899198;0.0408282647;0.0052092100;2.0064572816;
10.1521254398;0.0408404894;0.0052123300;2.0070585185;
10.1587609598;0.0408527056;0.0052154487;2.0076589798;
10.1653964798;0.0408648395;0.0052185473;2.0082553051;
10.1720319998;0.0408768331;0.0052216110;2.0088447775;
10.1786675198;0.0408886415;0.0052246282;2.0094251392;
10.1853030398;0.0409002308;0.0052275903;2.0099947058;
10.1919385598;0.0409115758;0.0052304908;2.0105522616;
10.1985740798;0.0409226588;0.0052333251;2.0110969372;
10.2052095998;0.0409334680;0.0052360901;2.0116281473;
10.2118451198;0.0409439961;0.0052387840;2.0121455406;
10.2184806398;0.0409542398;0.0052414057;2.0126489502;
10.2317516798;0.0409738774;0.0052464332;2.0136132381;
10.2436956158;0.0409906001;0.0052507166;2.0144352051;
10.2556395518;0.0410064513;0.0052547783;2.0152142223;
10.2675834878;0.0410214681;0.0052586277;2.0159521955;
10.2795274238;0.0410356921;0.0052622751;2.0166512080;
10.2914713598;0.0410491663;0.0052657315;2.0173133681;
10.3034152958;0.0410619336;0.0052690076;2.0179407757;
10.3153592318;0.0410740352;0.0052721137;2.0185354512;
10.3273031678;0.0410855063;0.0052750588;2.0190990994;
10.3392471038;0.0410963888;0.0052778537;2.0196338976;
10.3511910398;0.0411067131;0.0052805058;2.0201412648;
10.3631349758;0.0411165096;0.0052830230;2.0206226822;
10.3870228478;0.0411346551;0.0052876870;2.0215144702;
10.4085219326;0.0411494257;0.0052914851;2.0222403957;
10.4300210174;0.0411628352;0.0052949344;2.0228993080;
10.4515201022;0.0411749765;0.0052980584;2.0234960088;
10.4730191870;0.0411859377;0.0053008796;2.0240346868;
10.4945182718;0.0411957874;0.0053034153;2.0245187635;
10.5160173566;0.0412045866;0.0053056811;2.0249512609;
10.5375164414;0.0412123892;0.0053076907;2.0253348143;
10.5590155262;0.0412192432;0.0053094562;2.0256716961;
10.5805146110;0.0412251906;0.0053109886;2.0259637314;
10.6020136958;0.0412308628;0.0053124497;2.0262118420;
10.6235127806;0.0412359422;0.0053137593;2.0264175067;
10.6450118654;0.0412404959;0.0053149335;2.0265820228;
10.6665109502;0.0412445904;0.0053159893;2.0267062882;
10.6880100350;0.0412482893;0.0053169431;2.0267911815;
10.7095091198;0.0412516517;0.0053178102;2.0268378156;
10.7310082046;0.0412547321;0.0053186044;2.0268466950;
10.7525072894;0.0412575794;0.0053193384;2.0268173747;
10.7740063742;0.0412602344;0.0053200228;2.0267509990;
10.7955054590;0.0412627263;0.0053206650;2.0266523827;
10.7989248499;0.0412385758;0.0053144379;2.0266215325;
10.8057636318;0.0412381418;0.0053143261;2.0266002020;
10.8126024137;0.0412376905;0.0053142098;2.0265663742;
10.8194411955;0.0412371840;0.0053140792;2.0265498668;
10.8331187593;0.0412358093;0.0053137249;2.0264855744;
10.8467963230;0.0412346102;0.0053134157;2.0264056385;
10.8741514505;0.0412302513;0.0053122926;2.0262124325;
10.9015065780;0.0412254046;0.0053110437;2.0259740976;
10.9288617054;0.0412197715;0.0053095924;2.0256974134;
10.9562168329;0.0412134102;0.0053079538;2.0253845568;
10.9835719604;0.0412064000;0.0053061481;2.0250402821;
11.0109270878;0.0411987586;0.0053041805;2.0246643829;
11.0382822153;0.0411905598;0.0053020694;2.0242618314;
11.0656373428;0.0411818013;0.0052998152;2.0238308434;
11.0929924703;0.0411725656;0.0052974380;2.0233775265;
11.1203475977;0.0411628327;0.0052949342;2.0228983908;
11.1477027252;0.0411527007;0.0052923274;2.0224012851;
11.1750578527;0.0411421280;0.0052896090;2.0218805205;
11.2024129801;0.0411312335;0.0052868074;2.0213462962;
11.2297681076;0.0411199484;0.0052839075;2.0207900437;
11.2571232351;0.0411084182;0.0052809439;2.0202250552;
11.2844783626;0.0410965402;0.0052778936;2.0196390402;
11.3118334900;0.0410844939;0.0052747989;2.0190493052;
11.3391886175;0.0410721635;0.0052716333;2.0184458281;
11.3665437450;0.0410596458;0.0052684204;2.0178282283;
11.4212539999;0.0410341636;0.0052618835;2.0165758586;
11.4759642549;0.0410082090;0.0052552291;2.0153004552;
11.5306745098;0.0409819372;0.0052484988;2.0140093906;
11.5853847647;0.0409555086;0.0052417325;2.0127106133;
11.6400950197;0.0409290661;0.0052349675;2.0114111584;
11.6948052746;0.0409027420;0.0052282379;2.0101175127;
11.7495155296;0.0408766555;0.0052215742;2.0088355169;
11.7631930933;0.0408702216;0.0052199219;2.0085191952;
11.7905482208;0.0408573631;0.0052166379;2.0078872766;
11.8452584757;0.0408319793;0.0052101583;2.0066398958;
11.8589360395;0.0408257088;0.0052085578;2.0063316664;
11.8862911669;0.0408132664;0.0052053835;2.0057201946;
11.9410014219;0.0407888240;0.0051991513;2.0045191376;
11.9546789856;0.0407828146;0.0051976187;2.0042236783;
11.9820341131;0.0407709135;0.0051945856;2.0036388106;
12.0367443680;0.0407476314;0.0051886562;2.0024948804;
12.0504219318;0.0407419351;0.0051872040;2.0022147000;
12.0777770592;0.0407306689;0.0051843357;2.0016610358;
12.1324873142;0.0407087058;0.0051787493;2.0005820878;
12.1461648779;0.0407033621;0.0051773866;2.0003190720;
12.1735200054;0.0406927986;0.0051746997;1.9997999345;
12.1871975691;0.0406875956;0.0051733764;1.9995442568;
12.2145526966;0.0406773470;0.0051707705;1.9990405963;
12.2282302603;0.0406723026;0.0051694881;1.9987926975;
12.2555853878;0.0406623751;0.0051669649;1.9983048190;
12.2692629515;0.0406574930;0.0051657242;1.9980648967;
12.2966180790;0.0406478926;0.0051632850;1.9975930911;
12.3102956427;0.0406431753;0.0051620866;1.9973612718;
12.3376507702;0.0406339063;0.0051597324;1.9969057493;
12.3513283340;0.0406293556;0.0051585767;1.9966821197;
12.3786834614;0.0406204207;0.0051563081;1.9962430158;
12.3923610252;0.0406160378;0.0051551954;1.9960276281;
12.4197161526;0.0406074384;0.0051530128;1.9956050137;
12.4333937164;0.0406032236;0.0051519430;1.9953978900;
12.4607488438;0.0405949601;0.0051498463;1.9949917786;
12.4744264076;0.0405909133;0.0051488195;1.9947929143;
12.5017815350;0.0405829849;0.0051468085;1.9944032674;
12.5154590988;0.0405791055;0.0051458244;1.9942126333;
12.5428142263;0.0405715104;0.0051438985;1.9938393646;
12.5564917900;0.0405677973;0.0051429568;1.9936569090;
12.5838469175;0.0405605330;0.0051411153;1.9932998881;
12.5975244812;0.0405569848;0.0051402157;1.9931255387;
12.6248796087;0.0405500477;0.0051384577;1.9927845946;
12.6385571724;0.0405466625;0.0051375995;1.9926182602;
12.6659122999;0.0405400484;0.0051359239;1.9922931850;
12.6795898636;0.0405368239;0.0051351066;1.9921347574;
12.7069449911;0.0405305280;0.0051335120;1.9918253091;
12.7206225548;0.0405274618;0.0051327349;1.9916746646;
12.7479776823;0.0405214785;0.0051312199;1.9913805704;
12.7616552460;0.0405185676;0.0051304823;1.9912375715;
12.7890103735;0.0405128909;0.0051290453;1.9909585310;
12.8026879372;0.0405101323;0.0051283463;1.9908230279;
12.8300430647;0.0405047556;0.0051269857;1.9905587155;
12.8437206284;0.0405021460;0.0051263245;1.9904305479;
12.8710757559;0.0404970622;0.0051250384;1.9901806156;
12.8847533196;0.0404945980;0.0051244140;1.9900596138;
12.9121084471;0.0404897998;0.0051232006;1.9898236942;
12.9257860109;0.0404874774;0.0051226120;1.9897096804;
12.9531411383;0.0404829570;0.0051214692;1.9894873886;
12.9668187021;0.0404807726;0.0051209155;1.9893801787;
12.9941738295;0.0404765219;0.0051198414;1.9891711147;
13.0078513933;0.0404744715;0.0051193214;1.9890705194;
13.0352065207;0.0404704822;0.0051183138;1.9888742703;
13.0488840845;0.0404685619;0.0051178266;1.9887800961;
13.0762392120;0.0404648255;0.0051168833;1.9885962383;
13.0899167757;0.0404630310;0.0051164278;1.9885082887;
13.1172719032;0.0404595389;0.0051155467;1.9883363895;
13.1309494669;0.0404578662;0.0051151217;1.9882544666;
13.1583045944;0.0404546095;0.0051143006;1.9880940858;
13.1719821581;0.0404530543;0.0051139051;1.9880179910;
13.1993372856;0.0404500398;0.0051131430;1.9878698951;
13.2130148493;0.0404485895;0.0051127763;1.9877985740;
13.2403699768;0.0404457928;0.0051120694;1.9876611877;
13.2540475405;0.0404444489;0.0051117296;1.9875950888;
13.2814026680;0.0404418608;0.0051110756;1.9874679637;
13.2950802317;0.0404406196;0.0051107617;1.9874068996;
13.3224353592;0.0404382321;0.0051101585;1.9872896460;
13.3361129229;0.0404370896;0.0051098695;1.9872334202;
13.3634680504;0.0404348945;0.0051093150;1.9871256346;
13.3771456141;0.0404338466;0.0051090500;1.9870740425;
13.4045007416;0.0404318354;0.0051085420;1.9869753103;
13.4181783053;0.0404308778;0.0051082998;1.9869281446;
13.4455334328;0.0404290421;0.0051078363;1.9868380488;
13.4592109966;0.0404281707;0.0051076157;1.9867951025;
13.4865661240;0.0404265019;0.0051071945;1.9867132281;
13.5002436878;0.0404257125;0.0051069946;1.9866742969;
13.5275988152;0.0404242023;0.0051066136;1.9866002343;
13.5412763790;0.0404234909;0.0051064334;1.9865651170;
13.5686315064;0.0404221311;0.0051060905;1.9864984629;
13.5823090702;0.0404214937;0.0051059288;1.9864669626;
13.6096641976;0.0404202761;0.0051056220;1.9864073211;
13.6233417614;0.0404197089;0.0051054780;1.9863792452;
13.6506968889;0.0404186255;0.0051052052;1.9863262289;
13.6643744526;0.0404181247;0.0051050778;1.9863013896;
13.6917295801;0.0404171679;0.0051048372;1.9862546194;
13.7054071438;0.0404167299;0.0051047255;1.9862328343;
13.7327622713;0.0404158919;0.0051045151;1.9861919403;
13.7464398350;0.0404155131;0.0051044182;1.9861730324;
13.7737949625;0.0404147867;0.0051042362;1.9861376542;
13.7874725262;0.0404144637;0.0051041532;1.9861214523;
13.8148276537;0.0404138416;0.0051039977;1.9860912394;
13.8285052174;0.0404135711;0.0051039278;1.9860775783;
13.8558603449;0.0404130463;0.0051037972;1.9860521899;
13.8695379086;0.0404128251;0.0051037394;1.9860409107;
13.8763766905;0.0404127181;0.0051037118;1.9860357241;
13.8900542542;0.0404125109;0.0051036595;1.9860255406;
13.9174093817;0.0404121346;0.0051035649;1.9860071620;
13.9310869454;0.0404119681;0.0051035231;1.9859987810;
13.9379257273;0.0404118929;0.0051035034;1.9859951681;
13.9516032910;0.0404117475;0.0051034667;1.9859880208;
13.9789584185;0.0404114900;0.0051034023;1.9859755085;
13.9926359823;0.0404113816;0.0051033750;1.9859699385;
13.9994747641;0.0404113354;0.0051033626;1.9859677691;
14.0131523279;0.0404112461;0.0051033400;1.9859633822;
14.0405074553;0.0404110960;0.0051033029;1.9859561680;
14.0541850191;0.0404110397;0.0051032888;1.9859531152;
14.0610238009;0.0404110196;0.0051032828;1.9859522507;
14.0747013647;0.0404109806;0.0051032730;1.9859503319;
14.1020564921;0.0404109256;0.0051032600;1.9859478239;
14.1157340559;0.0404109156;0.0051032577;1.9859469908;
14.1225728377;0.0404109187;0.0051032574;1.9859472940;
14.1362504015;0.0404109241;0.0051032587;1.9859475558;
14.1636055290;0.0404109525;0.0051032670;1.9859491800;
14.1772830927;0.0404109832;0.0051032749;1.9859502823;
14.1841218746;0.0404110069;0.0051032796;1.9859516247;
14.1977994383;0.0404110510;0.0051032908;1.9859537956;
14.2251545658;0.0404111517;0.0051033176;1.9859590106;
14.2388321295;0.0404112179;0.0051033344;1.9859617817;
14.2456709114;0.0404112596;0.0051033434;1.9859640454;
14.2593484751;0.0404113375;0.0051033631;1.9859678724;
14.2867036026;0.0404115000;0.0051034059;1.9859761720;
14.3003811663;0.0404115968;0.0051034304;1.9859803635;
14.3072199482;0.0404116543;0.0051034431;1.9859834412;
14.3208975119;0.0404117611;0.0051034701;1.9859886900;
14.3482526394;0.0404119758;0.0051035264;1.9859996027;
14.3619302031;0.0404120988;0.0051035575;1.9860049845;
14.3687689850;0.0404121699;0.0051035734;1.9860087795;
14.3824465487;0.0404123012;0.0051036065;1.9860152344;
14.3892853306;0.0404123690;0.0051036237;1.9860185679;
14.4029628943;0.0404125075;0.0051036586;1.9860253690;
14.4098016762;0.0404125783;0.0051036765;1.9860288528;
14.4234792399;0.0404127227;0.0051037130;1.9860359473;
14.4303180218;0.0404127965;0.0051037316;1.9860395736;
14.4439955855;0.0404129465;0.0051037695;1.9860469475;
14.4508343674;0.0404130231;0.0051037889;1.9860507113;
14.4645119311;0.0404131786;0.0051038282;1.9860583536;
14.4713507130;0.0404132579;0.0051038482;1.9860622492;
14.4850282767;0.0404134186;0.0051038888;1.9860701470;
14.4918670586;0.0404135004;0.0051039094;1.9860741672;
14.5055446223;0.0404136660;0.0051039513;1.9860823058;
14.5123834042;0.0404137502;0.0051039725;1.9860864431;
14.5260609680;0.0404139204;0.0051040155;1.9860948068;
14.5328997498;0.0404140068;0.0051040373;1.9860990530;
14.5465773136;0.0404141813;0.0051040814;1.9861076254;
14.5534160954;0.0404142697;0.0051041037;1.9861119725;
14.5670936592;0.0404144481;0.0051041488;1.9861207373;
14.5739324410;0.0404145384;0.0051041716;1.9861251771;
14.5876100048;0.0404147203;0.0051042176;1.9861341181;
14.5944487866;0.0404148124;0.0051042408;1.9861386426;
14.6081263504;0.0404149976;0.0051042876;1.9861477439;
14.6149651322;0.0404150912;0.0051043112;1.9861523452;
14.6286426960;0.0404152794;0.0051043588;1.9861615913;
14.6354814778;0.0404153744;0.0051043828;1.9861662619;
14.6491590416;0.0404155652;0.0051044310;1.9861756378;
14.6559978234;0.0404156615;0.0051044553;1.9861803702;
14.6696753872;0.0404158546;0.0051045041;1.9861898612;
14.6765141690;0.0404159520;0.0051045287;1.9861946484;
14.6901917328;0.0404161472;0.0051045780;1.9862042404;
14.6970305146;0.0404162456;0.0051046028;1.9862090754;
14.7107080784;0.0404164426;0.0051046526;1.9862187549;
14.7175468603;0.0404165418;0.0051046777;1.9862236311;
14.7312244240;0.0404167403;0.0051047278;1.9862333848;
14.7380632059;0.0404168402;0.0051047530;1.9862382957;
14.7517407696;0.0404170399;0.0051048035;1.9862481110;
14.7585795515;0.0404171404;0.0051048289;1.9862530505;
14.7722571152;0.0404173412;0.0051048796;1.9862629153;
14.7790958971;0.0404174421;0.0051049051;1.9862678775;
14.7927734608;0.0404176437;0.0051049560;1.9862777800;
14.7996122427;0.0404177449;0.0051049816;1.9862827591;
14.8132898064;0.0404179470;0.0051050327;1.9862926881;
14.8201285883;0.0404180485;0.0051050583;1.9862976787;
14.8338061520;0.0404182509;0.0051051094;1.9863076233;
14.8406449339;0.0404183526;0.0051051351;1.9863126201;
14.8543224976;0.0404185551;0.0051051863;1.9863225701;
14.8611612795;0.0404186567;0.0051052119;1.9863275682;
14.8748388432;0.0404188592;0.0051052631;1.9863375135;
14.8816776251;0.0404189607;0.0051052887;1.9863425080;
14.8953551888;0.0404191629;0.0051053398;1.9863524392;
14.9021939707;0.0404192643;0.0051053654;1.9863574255;
14.9158715344;0.0404194660;0.0051054164;1.9863673336;
14.9227103163;0.0404195671;0.0051054419;1.9863723072;
14.9363878800;0.0404197681;0.0051054927;1.9863821834;
14.9432266619;0.0404198689;0.0051055181;1.9863871403;
14.9569042256;0.0404200692;0.0051055688;1.9863969763;
14.9637430075;0.0404201695;0.0051055941;1.9864019124;
14.9774205712;0.0404203688;0.0051056445;1.9864117004;
14.9842593531;0.0404204686;0.0051056696;1.9864166119;
14.9979369168;0.0404206668;0.0051057198;1.9864263444;
15.0047756987;0.0404207660;0.0051057448;1.9864312277;
15.0184532624;0.0404209629;0.0051057946;1.9864408974;
15.0252920443;0.0404210615;0.0051058194;1.9864457491;
15.0389696080;0.0404212570;0.0051058689;1.9864553492;
15.0458083899;0.0404213549;0.0051058935;1.9864601660;
15.0594859536;0.0404215488;0.0051059426;1.9864696902;
15.0663247355;0.0404216459;0.0051059671;1.9864744691;
15.0800022993;0.0404218382;0.0051060157;1.9864839111;
15.0868410811;0.0404219345;0.0051060400;1.9864886491;
15.1005186449;0.0404221249;0.0051060882;1.9864980032;
15.1073574267;0.0404222203;0.0051061122;1.9865026977;
15.1210349905;0.0404224089;0.0051061599;1.9865119585;
15.1278737723;0.0404225034;0.0051061837;1.9865166067;
15.1415513361;0.0404226899;0.0051062309;1.9865257690;
15.1483901179;0.0404227834;0.0051062544;1.9865303687;
15.1620676817;0.0404229679;0.0051063011;1.9865394276;
15.1689064635;0.0404230603;0.0051063244;1.9865439764;
15.1825840273;0.0404232426;0.0051063705;1.9865529274;
15.1894228091;0.0404233339;0.0051063935;1.9865574232;
15.2031003729;0.0404235139;0.0051064391;1.9865662620;
15.2099391547;0.0404236041;0.0051064618;1.9865707028;
15.2236167185;0.0404237818;0.0051065068;1.9865794255;
15.2304555003;0.0404238708;0.0051065292;1.9865838095;
15.2441330641;0.0404240461;0.0051065736;1.9865924122;
15.2509718459;0.0404241339;0.0051065956;1.9865967377;
15.2646494097;0.0404243066;0.0051066394;1.9866052171;
15.2714881916;0.0404243932;0.0051066612;1.9866094825;
15.2851657553;0.0404245634;0.0051067043;1.9866178353;
15.2920045372;0.0404246487;0.0051067257;1.9866220392;
15.3056821009;0.0404248163;0.0051067682;1.9866302625;
15.3125208828;0.0404249003;0.0051067893;1.9866344034;
15.3261984465;0.0404250652;0.0051068311;1.9866424945;
15.3330372284;0.0404251479;0.0051068518;1.9866465714;
15.3467147921;0.0404253101;0.0051068929;1.9866545276;
15.3535535740;0.0404253915;0.0051069134;1.9866585394;
15.3672311377;0.0404255508;0.0051069538;1.9866663586;
15.3740699196;0.0404256309;0.0051069738;1.9866703042;
15.3877474833;0.0404257874;0.0051070135;1.9866779844;
15.3945862652;0.0404258661;0.0051070333;1.9866818629;
15.4082638289;0.0404260198;0.0051070723;1.9866894021;
15.4151026108;0.0404260970;0.0051070916;1.9866932129;
15.4287801745;0.0404262478;0.0051071299;1.9867006095;
15.4356189564;0.0404263237;0.0051071489;1.9867043518;
15.4492965201;0.0404264716;0.0051071864;1.9867116043;
15.4561353020;0.0404265460;0.0051072051;1.9867152776;
15.4698128657;0.0404266909;0.0051072419;1.9867223848;
15.4766516476;0.0404267640;0.0051072601;1.9867259885;
15.4903292113;0.0404269059;0.0051072962;1.9867329492;
15.4971679932;0.0404269775;0.0051073141;1.9867364832;
15.5108455569;0.0404271165;0.0051073494;1.9867432964;
15.5176843388;0.0404271866;0.0051073669;1.9867467602;
15.5313619025;0.0404273226;0.0051074015;1.9867534253;
15.5382006844;0.0404273913;0.0051074187;1.9867568187;
15.5518782481;0.0404275243;0.0051074525;1.9867633350;
15.5587170300;0.0404275915;0.0051074692;1.9867666578;
15.5723945937;0.0404277215;0.0051075023;1.9867730249;
15.5792333756;0.0404277873;0.0051075187;1.9867762772;
15.5929109393;0.0404279142;0.0051075510;1.9867824947;
15.5997497212;0.0404279785;0.0051075670;1.9867856764;
15.6134272849;0.0404281024;0.0051075986;1.9867917441;
15.6202660668;0.0404281653;0.0051076142;1.9867948555;
15.6339436306;0.0404282862;0.0051076450;1.9868007734;
15.6407824124;0.0404283476;0.0051076603;1.9868038144;
15.6544599762;0.0404284654;0.0051076903;1.9868095826;
15.6612987580;0.0404285254;0.0051077052;1.9868125536;
15.6749763218;0.0404286403;0.0051077345;1.9868181722;
15.6818151036;0.0404286988;0.0051077490;1.9868210735;
15.6954926674;0.0404288106;0.0051077775;1.9868265429;
15.7023314492;0.0404288677;0.0051077917;1.9868293748;
15.7160090130;0.0404289765;0.0051078195;1.9868346954;
15.7228477948;0.0404290322;0.0051078333;1.9868374584;
15.7365253586;0.0404291380;0.0051078603;1.9868426307;
15.7433641404;0.0404291923;0.0051078737;1.9868453252;
15.7570417042;0.0404292951;0.0051079000;1.9868503498;
15.7638804860;0.0404293480;0.0051079131;1.9868529763;
15.7775580498;0.0404294478;0.0051079386;1.9868578540;
15.7843968316;0.0404294993;0.0051079513;1.9868604132;
15.7980743954;0.0404295962;0.0051079761;1.9868651447;
15.8049131773;0.0404296463;0.0051079884;1.9868676371;
15.8185907410;0.0404297403;0.0051080125;1.9868722234;
15.8254295229;0.0404297890;0.0051080245;1.9868746497;
15.8391070866;0.0404298801;0.0051080479;1.9868790918;
15.8459458685;0.0404299274;0.0051080595;1.9868814527;
15.8596234322;0.0404300156;0.0051080821;1.9868857515;
15.8664622141;0.0404300616;0.0051080934;1.9868880479;
15.8801397778;0.0404301470;0.0051081153;1.9868922046;
15.8869785597;0.0404301916;0.0051081262;1.9868944371;
15.9006561234;0.0404302742;0.0051081475;1.9868984529;
15.9074949053;0.0404303175;0.0051081580;1.9869006225;
15.9211724690;0.0404303972;0.0051081786;1.9869044985;
15.9280112509;0.0404304392;0.0051081888;1.9869066061;
15.9416888146;0.0404305162;0.0051082087;1.9869103437;
15.9485275965;0.0404305569;0.0051082186;1.9869123901;
15.9622051602;0.0404306311;0.0051082377;1.9869159906;
15.9690439421;0.0404306706;0.0051082473;1.9869179768;
15.9827215058;0.0404307421;0.0051082658;1.9869214417;
15.9895602877;0.0404307803;0.0051082750;1.9869233686;
16.0032378514;0.0404308491;0.0051082929;1.9869266993;
16.0100766333;0.0404308861;0.0051083017;1.9869285679;
16.0237541970;0.0404309523;0.0051083189;1.9869317659;
16.0305929789;0.0404309881;0.0051083275;1.9869335773;
16.0442705426;0.0404310516;0.0051083440;1.9869366441;
16.0511093245;0.0404310862;0.0051083523;1.9869383993;
16.0647868882;0.0404311471;0.0051083682;1.9869413365;
16.0716256701;0.0404311806;0.0051083761;1.9869430366;
16.0853032338;0.0404312389;0.0051083914;1.9869458458;
16.0921420157;0.0404312712;0.0051083990;1.9869474919;
16.1058195794;0.0404313270;0.0051084137;1.9869501746;
16.1126583613;0.0404313582;0.0051084210;1.9869517678;
16.1263359250;0.0404314116;0.0051084351;1.9869543257;
16.1331747069;0.0404314416;0.0051084421;1.9869558672;
16.1468522706;0.0404314925;0.0051084556;1.9869583020;
16.1536910525;0.0404315215;0.0051084623;1.9869597930;
16.1673686163;0.0404315700;0.0051084752;1.9869621063;
16.1742073981;0.0404315979;0.0051084816;1.9869635479;
16.1878849619;0.0404316440;0.0051084939;1.9869657415;
16.1947237437;0.0404316709;0.0051085001;1.9869671349;
16.2084013075;0.0404317147;0.0051085118;1.9869692105;
16.2152400893;0.0404317406;0.0051085177;1.9869705568;
16.2289176531;0.0404317820;0.0051085288;1.9869725161;
16.2357564349;0.0404318069;0.0051085344;1.9869738167;
16.2494339987;0.0404318460;0.0051085450;1.9869756614;
16.2562727805;0.0404318700;0.0051085504;1.9869769175;
16.2699503443;0.0404319069;0.0051085604;1.9869786494;
16.2767891261;0.0404319299;0.0051085655;1.9869798622;
16.2904666899;0.0404319646;0.0051085750;1.9869814829;
16.2973054717;0.0404319867;0.0051085799;1.9869826537;
16.3109830355;0.0404320193;0.0051085889;1.9869841650;
16.3178218173;0.0404320405;0.0051085934;1.9869852951;
16.3314993811;0.0404320709;0.0051086019;1.9869866988;
16.3383381629;0.0404320912;0.0051086063;1.9869877894;
16.3520157267;0.0404321196;0.0051086143;1.9869890872;
16.3588545086;0.0404321390;0.0051086184;1.9869901395;
16.3725320723;0.0404321654;0.0051086259;1.9869913332;
16.3793708542;0.0404321840;0.0051086297;1.9869923486;
16.3930484179;0.0404322083;0.0051086368;1.9869934398;
16.3998871998;0.0404322261;0.0051086404;1.9869944197;
16.4135647635;0.0404322485;0.0051086469;1.9869954101;
16.4204035454;0.0404322655;0.0051086503;1.9869963556;
16.4340811091;0.0404322860;0.0051086564;1.9869972470;
16.4409198910;0.0404323022;0.0051086596;1.9869981596;
16.4545974547;0.0404323208;0.0051086653;1.9869989535;
16.4614362366;0.0404323363;0.0051086682;1.9869998344;
16.4751138003;0.0404323530;0.0051086734;1.9870005327;
16.4819525822;0.0404323678;0.0051086762;1.9870013832;
16.4956301459;0.0404323827;0.0051086810;1.9870019874;
16.5024689278;0.0404323969;0.0051086835;1.9870028089;
16.5161464915;0.0404324099;0.0051086879;1.9870033207;
16.5229852734;0.0404324234;0.0051086902;1.9870041144;
16.5366628371;0.0404324347;0.0051086942;1.9870045354;
16.5435016190;0.0404324476;0.0051086963;1.9870053027;
16.5571791827;0.0404324572;0.0051086999;1.9870056345;
16.5640179646;0.0404324695;0.0051087019;1.9870063767;
16.5776955283;0.0404324774;0.0051087051;1.9870066208;
16.5845343102;0.0404324890;0.0051087068;1.9870073394;
16.5982118739;0.0404324953;0.0051087096;1.9870074973;
16.6050506558;0.0404325064;0.0051087112;1.9870081934;
16.6187282195;0.0404325111;0.0051087137;1.9870082668;
16.6255670014;0.0404325217;0.0051087151;1.9870089418;
16.6392445651;0.0404325248;0.0051087171;1.9870089321;
16.6460833470;0.0404325348;0.0051087184;1.9870095874;
16.6597609107;0.0404325363;0.0051087201;1.9870094960;
16.6665996926;0.0404325459;0.0051087212;1.9870101328;
16.6802772563;0.0404325459;0.0051087226;1.9870099612;
16.6871160382;0.0404325550;0.0051087235;1.9870105810;
16.7007936019;0.0404325536;0.0051087246;1.9870103306;
16.7076323838;0.0404325622;0.0051087253;1.9870109346;
16.7213099476;0.0404325593;0.0051087261;1.9870106068;
16.7281487294;0.0404325675;0.0051087267;1.9870111963;
16.7418262932;0.0404325633;0.0051087271;1.9870107924;
16.7486650750;0.0404325711;0.0051087275;1.9870113689;
16.7623426388;0.0404325654;0.0051087277;1.9870108902;
16.7691814206;0.0404325728;0.0051087280;1.9870114548;
16.7828589844;0.0404325658;0.0051087278;1.9870109027;
16.7896977662;0.0404325729;0.0051087280;1.9870114568;
16.8033753300;0.0404325645;0.0051087276;1.9870108324;
16.8102141118;0.0404325712;0.0051087276;1.9870113775;
16.8238916756;0.0404325616;0.0051087269;1.9870106820;
16.8307304574;0.0404325680;0.0051087268;1.9870112192;
16.8444080212;0.0404325571;0.0051087258;1.9870104539;
16.8512468030;0.0404325633;0.0051087256;1.9870109847;
16.8649243668;0.0404325511;0.0051087243;1.9870101506;
16.8717631486;0.0404325570;0.0051087240;1.9870106762;
16.8854407124;0.0404325436;0.0051087225;1.9870097745;
16.8922794943;0.0404325492;0.0051087220;1.9870102962;
16.9059570580;0.0404325347;0.0051087203;1.9870093280;
16.9127958399;0.0404325401;0.0051087197;1.9870098471;
16.9264734036;0.0404325244;0.0051087178;1.9870088134;
16.9333121855;0.0404325296;0.0051087171;1.9870093313;
16.9469897492;0.0404325128;0.0051087149;1.9870082330;
16.9538285311;0.0404325178;0.0051087141;1.9870087510;
16.9675060948;0.0404324999;0.0051087117;1.9870075892;
16.9743448767;0.0404325047;0.0051087108;1.9870081085;
16.9880224404;0.0404324857;0.0051087082;1.9870068840;
16.9948612223;0.0404324905;0.0051087072;1.9870074061;
17.0085387860;0.0404324704;0.0051087044;1.9870061198;
17.0153775679;0.0404324750;0.0051087033;1.9870066458;
17.0290551316;0.0404324539;0.0051087003;1.9870052986;
17.0358939135;0.0404324584;0.0051086991;1.9870058299;
17.0495714772;0.0404324363;0.0051086959;1.9870044225;
17.0564102591;0.0404324407;0.0051086946;1.9870049605;
17.0700878228;0.0404324176;0.0051086912;1.9870034937;
17.0769266047;0.0404324220;0.0051086899;1.9870040396;
17.0906041684;0.0404323979;0.0051086863;1.9870025141;
17.0974429503;0.0404324022;0.0051086849;1.9870030692;
17.1111205140;0.0404323772;0.0051086812;1.9870014857;
17.1179592959;0.0404323815;0.0051086797;1.9870020514;
17.1316368596;0.0404323555;0.0051086758;1.9870004104;
17.1384756415;0.0404323599;0.0051086742;1.9870009880;
17.1521532052;0.0404323330;0.0051086702;1.9869992902;
17.1589919871;0.0404323374;0.0051086685;1.9869998809;
17.1726695508;0.0404323096;0.0051086643;1.9869981269;
17.1795083327;0.0404323140;0.0051086626;1.9869987321;
17.1931858964;0.0404322853;0.0051086583;1.9869969223;
17.2000246783;0.0404322898;0.0051086565;1.9869975433;
17.2137022420;0.0404322603;0.0051086520;1.9869956782;
17.2205410239;0.0404322648;0.0051086502;1.9869963163;
17.2342185876;0.0404322344;0.0051086456;1.9869943963;
17.2410573695;0.0404322391;0.0051086437;1.9869950528;
17.2547349333;0.0404322079;0.0051086390;1.9869930783;
17.2615737151;0.0404322127;0.0051086370;1.9869937545;
17.2752512789;0.0404321807;0.0051086322;1.9869917259;
17.2820900607;0.0404321856;0.0051086302;1.9869924231;
17.2957676245;0.0404321528;0.0051086252;1.9869903406;
17.3026064063;0.0404321579;0.0051086232;1.9869910602;
17.3162839701;0.0404321243;0.0051086181;1.9869889241;
17.3231227519;0.0404321296;0.0051086160;1.9869896674;
17.3368003157;0.0404320951;0.0051086108;1.9869874779;
17.3436390975;0.0404321006;0.0051086087;1.9869882461;
17.3573166613;0.0404320655;0.0051086034;1.9869860035;
17.3641554431;0.0404320712;0.0051086013;1.9869867980;
17.3778330069;0.0404320352;0.0051085959;1.9869845022;
17.3846717887;0.0404320412;0.0051085937;1.9869853244;
17.3983493525;0.0404320045;0.0051085882;1.9869829756;
17.4051881343;0.0404320107;0.0051085860;1.9869838268;
17.4188656981;0.0404319733;0.0051085805;1.9869814251;
17.4257044799;0.0404319798;0.0051085782;1.9869823065;
17.4393820437;0.0404319417;0.0051085726;1.9869798518;
17.4462208256;0.0404319484;0.0051085703;1.9869807649;
17.4598983893;0.0404319096;0.0051085646;1.9869782573;
17.4667371712;0.0404319167;0.0051085622;1.9869792034;
17.4804147349;0.0404318771;0.0051085565;1.9869766426;
17.4872535168;0.0404318845;0.0051085541;1.9869776231;
17.5009310805;0.0404318442;0.0051085483;1.9869750092;
17.5077698624;0.0404318520;0.0051085459;1.9869760253;
17.5214474261;0.0404318110;0.0051085400;1.9869733580;
17.5282862080;0.0404318192;0.0051085376;1.9869744112;
17.5419637717;0.0404317775;0.0051085317;1.9869716904;
17.5488025536;0.0404317860;0.0051085292;1.9869727820;
17.5624801173;0.0404317437;0.0051085233;1.9869700073;
17.5693188992;0.0404317526;0.0051085208;1.9869711388;
17.5829964629;0.0404317096;0.0051085148;1.9869683100;
17.5898352448;0.0404317189;0.0051085123;1.9869694827;
17.6035128085;0.0404316752;0.0051085062;1.9869665995;
17.6103515904;0.0404316850;0.0051085037;1.9869678148;
17.6240291541;0.0404316406;0.0051084976;1.9869648767;
17.6308679360;0.0404316508;0.0051084951;1.9869661360;
17.6445454997;0.0404316057;0.0051084889;1.9869631427;
17.6513842816;0.0404316165;0.0051084864;1.9869644474;
17.6650618453;0.0404315991;0.0051084823;1.9869636874;
17.6719006272;0.0404315931;0.0051084805;1.9869633005;
17.6855781909;0.0404315459;0.0051084741;1.9869601540;
17.6924169728;0.0404315562;0.0051084712;1.9869614848;
17.7060945365;0.0404315365;0.0051084665;1.9869606128;
17.7129333184;0.0404315296;0.0051084645;1.9869601760;
17.7266108821;0.0404315095;0.0051084597;1.9869592905;
17.7334496640;0.0404315017;0.0051084574;1.9869588028;
17.7471272277;0.0404314797;0.0051084522;1.9869578278;
17.7539660096;0.0404314710;0.0051084497;1.9869572977;
17.7676435733;0.0404314476;0.0051084441;1.9869562505;
17.7744823552;0.0404314383;0.0051084414;1.9869556909;
17.7881599189;0.0404314138;0.0051084355;1.9869545942;
17.7949987008;0.0404314043;0.0051084328;1.9869540152;
17.8086762646;0.0404313790;0.0051084268;1.9869528859;
17.8155150464;0.0404313693;0.0051084240;1.9869522946;
17.8291926102;0.0404313435;0.0051084178;1.9869511441;
17.8360313920;0.0404313337;0.0051084150;1.9869505451;
17.8497089558;0.0404313076;0.0051084087;1.9869493809;
17.8565477376;0.0404312977;0.0051084059;1.9869487771;
17.8702253014;0.0404312714;0.0051083996;1.9869476041;
17.8770640832;0.0404312615;0.0051083967;1.9869469976;
17.8907416470;0.0404312350;0.0051083904;1.9869458191;
17.8975804288;0.0404312252;0.0051083876;1.9869452113;
17.9112579926;0.0404311986;0.0051083812;1.9869440296;
17.9180967744;0.0404311888;0.0051083784;1.9869434215;
17.9317743382;0.0404311620;0.0051083720;1.9869422381;
17.9386131200;0.0404311523;0.0051083692;1.9869416304;
17.9522906838;0.0404311255;0.0051083628;1.9869404465;
17.9591294656;0.0404311159;0.0051083600;1.9869398397;
17.9728070294;0.0404310890;0.0051083536;1.9869386561;
17.9796458112;0.0404310795;0.0051083508;1.9869380508;
17.9933233750;0.0404310526;0.0051083444;1.9869368681;
18.0001621569;0.0404310432;0.0051083416;1.9869362645;
18.0138397206;0.0404310162;0.0051083353;1.9869350833;
18.0206785025;0.0404310069;0.0051083324;1.9869344818;
18.0343560662;0.0404309799;0.0051083261;1.9869333025;
18.0411948481;0.0404309707;0.0051083233;1.9869327034;
18.0548724118;0.0404309437;0.0051083170;1.9869315264;
18.0617111937;0.0404309346;0.0051083142;1.9869309298;
18.0753887574;0.0404309076;0.0051083079;1.9869297554;
18.0822275393;0.0404308987;0.0051083051;1.9869291616;
18.0959051030;0.0404308717;0.0051082988;1.9869279900;
18.1027438849;0.0404308628;0.0051082961;1.9869273993;
18.1164214486;0.0404308358;0.0051082898;1.9869262308;
18.1232602305;0.0404308271;0.0051082870;1.9869256433;
18.1369377942;0.0404308001;0.0051082808;1.9869244781;
18.1437765761;0.0404307915;0.0051082780;1.9869238941;
18.1574541398;0.0404307645;0.0051082718;1.9869227323;
18.1642929217;0.0404307561;0.0051082691;1.9869221519;
18.1779704854;0.0404307290;0.0051082629;1.9869209938;
18.1848092673;0.0404307208;0.0051082602;1.9869204171;
18.1984868310;0.0404306938;0.0051082540;1.9869192628;
18.2053256129;0.0404306857;0.0051082513;1.9869186901;
18.2190031766;0.0404306586;0.0051082451;1.9869175398;
18.2258419585;0.0404306507;0.0051082425;1.9869169712;
18.2395195222;0.0404306237;0.0051082363;1.9869158248;
18.2463583041;0.0404306159;0.0051082337;1.9869152605;
18.2600358678;0.0404305889;0.0051082276;1.9869141183;
18.2668746497;0.0404305813;0.0051082250;1.9869135585;
18.2805522134;0.0404305542;0.0051082189;1.9869124205;
18.2873909953;0.0404305469;0.0051082163;1.9869118652;
18.3010685590;0.0404305198;0.0051082102;1.9869107315;
18.3079073409;0.0404305126;0.0051082076;1.9869101810;
18.3215849046;0.0404304855;0.0051082016;1.9869090516;
18.3284236865;0.0404304786;0.0051081990;1.9869085060;
18.3421012502;0.0404304515;0.0051081930;1.9869073810;
18.3489400321;0.0404304447;0.0051081905;1.9869068405;
18.3626175959;0.0404304176;0.0051081845;1.9869057199;
18.3694563777;0.0404304110;0.0051081820;1.9869051845;
18.3831339415;0.0404303839;0.0051081760;1.9869040684;
18.3899727233;0.0404303775;0.0051081735;1.9869035384;
18.4036502871;0.0404303504;0.0051081676;1.9869024266;
18.4104890689;0.0404303442;0.0051081651;1.9869019021;
18.4241666327;0.0404303171;0.0051081592;1.9869007948;
18.4310054145;0.0404303112;0.0051081568;1.9869002759;
18.4446829783;0.0404302841;0.0051081509;1.9868991729;
18.4515217601;0.0404302783;0.0051081485;1.9868986598;
18.4651993239;0.0404302512;0.0051081426;1.9868975612;
18.4720381057;0.0404302457;0.0051081402;1.9868970540;
18.4857156695;0.0404302185;0.0051081344;1.9868959598;
18.4925544513;0.0404302132;0.0051081320;1.9868954586;
18.5062320151;0.0404301861;0.0051081262;1.9868943686;
18.5130707969;0.0404301810;0.0051081239;1.9868938736;
18.5267483607;0.0404301538;0.0051081181;1.9868927878;
18.5335871426;0.0404301490;0.0051081158;1.9868922992;
18.5472647063;0.0404301218;0.0051081100;1.9868912175;
18.5541034882;0.0404301172;0.0051081078;1.9868907353;
18.5677810519;0.0404300899;0.0051081020;1.9868896577;
18.5746198338;0.0404300856;0.0051080998;1.9868891821;
18.5882973975;0.0404300583;0.0051080941;1.9868881085;
18.5951361794;0.0404300542;0.0051080919;1.9868876396;
18.6088137431;0.0404300269;0.0051080862;1.9868865698;
18.6156525250;0.0404300231;0.0051080840;1.9868861078;
18.6293300887;0.0404299957;0.0051080784;1.9868850418;
18.6361688706;0.0404299921;0.0051080762;1.9868845868;
18.6498464343;0.0404299648;0.0051080706;1.9868835243;
18.6566852162;0.0404299614;0.0051080685;1.9868830765;
18.6703627799;0.0404299340;0.0051080629;1.9868820176;
18.6772015618;0.0404299309;0.0051080608;1.9868815770;
18.6908791255;0.0404299035;0.0051080552;1.9868805214;
18.6977179074;0.0404299007;0.0051080531;1.9868800883;
18.7113954711;0.0404298732;0.0051080476;1.9868790359;
18.7182342530;0.0404298706;0.0051080455;1.9868786104;
18.7319118167;0.0404298431;0.0051080400;1.9868775610;
18.7387505986;0.0404298408;0.0051080380;1.9868771433;
18.7524281623;0.0404298132;0.0051080325;1.9868760968;
18.7592669442;0.0404298112;0.0051080305;1.9868756869;
18.7729445079;0.0404297835;0.0051080251;1.9868746431;
18.7797832898;0.0404297818;0.0051080231;1.9868742412;
18.7934608535;0.0404297540;0.0051080177;1.9868731999;
18.8002996354;0.0404297526;0.0051080158;1.9868728062;
18.8037190263;0.0404297504;0.0051080147;1.9868727539;
18.8105578082;0.0404297423;0.0051080127;1.9868723553;
18.8242353719;0.0404296981;0.0051080063;1.9868695276;
18.8310741538;0.0404297041;0.0051080035;1.9868704172;
18.8447517175;0.0404296760;0.0051079981;1.9868693789;
18.8515904994;0.0404296760;0.0051079964;1.9868690366;
18.8550098903;0.0404296744;0.0051079955;1.9868690174;
18.8618486722;0.0404296672;0.0051079937;1.9868686642;
18.8755262359;0.0404296232;0.0051079876;1.9868658035;
18.8823650178;0.0404296306;0.0051079850;1.9868668014;
18.8857844087;0.0404296291;0.0051079841;1.9868667917;
18.8926231906;0.0404296222;0.0051079824;1.9868664555;
18.9063007544;0.0404295782;0.0051079764;1.9868635682;
18.9131395362;0.0404295866;0.0051079739;1.9868646365;
18.9268171000;0.0404295593;0.0051079689;1.9868636650;
18.9336558818;0.0404295611;0.0051079675;1.9868633856;
18.9370752728;0.0404295602;0.0051079667;1.9868634049;
18.9439140546;0.0404295539;0.0051079651;1.9868630970;
18.9575916184;0.0404295091;0.0051079592;1.9868601251;
18.9644304002;0.0404295184;0.0051079567;1.9868612848;
18.9678497912;0.0404295175;0.0051079559;1.9868613082;
18.9746885730;0.0404295114;0.0051079543;1.9868610076;
18.9883661368;0.0404294961;0.0051079509;1.9868603474;
18.9952049186;0.0404294885;0.0051079491;1.9868598113;
18.9986243096;0.0404294872;0.0051079482;1.9868598210;
19.0054630914;0.0404294802;0.0051079465;1.9868594734;
19.0191406552;0.0404294628;0.0051079425;1.9868587126;
19.0259794370;0.0404294542;0.0051079405;1.9868581234;
19.0293988280;0.0404294526;0.0051079395;1.9868581174;
19.0362376098;0.0404294447;0.0051079375;1.9868577316;
19.0499151736;0.0404293943;0.0051079307;1.9868543970;
19.0567539554;0.0404294041;0.0051079279;1.9868556596;
19.0601733464;0.0404294030;0.0051079270;1.9868556813;
19.0670121282;0.0404293962;0.0051079253;1.9868553482;
19.0806896920;0.0404293797;0.0051079215;1.9868546369;
19.0875284739;0.0404293718;0.0051079197;1.9868540683;
19.0909478648;0.0404293706;0.0051079188;1.9868540916;
19.0977866467;0.0404293634;0.0051079170;1.9868537368;
19.1114642104;0.0404293456;0.0051079129;1.9868529633;
19.1183029923;0.0404293370;0.0051079109;1.9868523557;
19.1217223832;0.0404293356;0.0051079099;1.9868523701;
19.1285611651;0.0404293279;0.0051079080;1.9868519883;
19.1422387288;0.0404293090;0.0051079037;1.9868511698;
19.1490775107;0.0404293001;0.0051079016;1.9868505397;
19.1524969016;0.0404292987;0.0051079006;1.9868505541;
19.1593356835;0.0404292907;0.0051078986;1.9868501608;
19.1730132472;0.0404292714;0.0051078942;1.9868493230;
19.1798520291;0.0404292624;0.0051078921;1.9868486806;
19.1832714200;0.0404292609;0.0051078911;1.9868486997;
19.1901102019;0.0404292529;0.0051078890;1.9868483031;
19.2037877656;0.0404292334;0.0051078846;1.9868474592;
19.2106265475;0.0404292243;0.0051078825;1.9868468094;
19.2140459384;0.0404292230;0.0051078815;1.9868468358;
19.2208847203;0.0404292150;0.0051078794;1.9868464401;
19.2345622840;0.0404291954;0.0051078750;1.9868455966;
19.2414010659;0.0404291864;0.0051078730;1.9868449421;
19.2448204568;0.0404291852;0.0051078719;1.9868449771;
19.2516592387;0.0404291772;0.0051078699;1.9868445844;
19.2653368024;0.0404291577;0.0051078655;1.9868437447;
19.2721755843;0.0404291487;0.0051078635;1.9868430865;
19.2755949752;0.0404291476;0.0051078624;1.9868431309;
19.2824337571;0.0404291397;0.0051078604;1.9868427423;
19.2961113208;0.0404291202;0.0051078561;1.9868419080;
19.3029501027;0.0404291113;0.0051078540;1.9868412468;
19.3063694936;0.0404291104;0.0051078530;1.9868413011;
19.3132082755;0.0404291026;0.0051078511;1.9868409172;
19.3268858392;0.0404290831;0.0051078467;1.9868400889;
19.3337246211;0.0404290743;0.0051078447;1.9868394249;
19.3371440120;0.0404290735;0.0051078437;1.9868394895;
19.3439827939;0.0404290658;0.0051078418;1.9868391104;
19.3576603576;0.0404290464;0.0051078375;1.9868382886;
19.3644991395;0.0404290377;0.0051078355;1.9868376216;
19.3679185304;0.0404290370;0.0051078345;1.9868376968;
19.3747573123;0.0404290294;0.0051078326;1.9868373227;
19.3884348760;0.0404290101;0.0051078283;1.9868365073;
19.3952736579;0.0404290015;0.0051078264;1.9868358374;
19.3986930488;0.0404290010;0.0051078254;1.9868359234;
19.4055318307;0.0404289934;0.0051078235;1.9868355543;
19.4192093944;0.0404289741;0.0051078193;1.9868347452;
19.4260481763;0.0404289656;0.0051078173;1.9868340721;
19.4294675672;0.0404289653;0.0051078164;1.9868341691;
19.4363063491;0.0404289579;0.0051078145;1.9868338052;
19.4499839129;0.0404289386;0.0051078103;1.9868330021;
19.4568226947;0.0404289302;0.0051078084;1.9868323257;
19.4602420857;0.0404289299;0.0051078074;1.9868324340;
19.4670808675;0.0404289226;0.0051078056;1.9868320750;
19.4807584313;0.0404289034;0.0051078015;1.9868312778;
19.4875972131;0.0404288951;0.0051077996;1.9868305979;
19.4910166041;0.0404288950;0.0051077986;1.9868307176;
19.4978553859;0.0404288878;0.0051077968;1.9868303636;
19.5115329497;0.0404288686;0.0051077927;1.9868295720;
19.5183717315;0.0404288604;0.0051077908;1.9868288883;
19.5217911225;0.0404288605;0.0051077899;1.9868290196;
19.5286299043;0.0404288534;0.0051077881;1.9868286705;
19.5423074681;0.0404288342;0.0051077840;1.9868278843;
19.5491462499;0.0404288261;0.0051077822;1.9868271966;
19.5525656409;0.0404288263;0.0051077812;1.9868273398;
19.5594044227;0.0404288193;0.0051077795;1.9868269956;
19.5730819865;0.0404288001;0.0051077754;1.9868262143;
19.5799207683;0.0404287921;0.0051077736;1.9868255224;
19.5833401593;0.0404287925;0.0051077727;1.9868256777;
19.5901789411;0.0404287856;0.0051077710;1.9868253383;
19.6038565049;0.0404287664;0.0051077669;1.9868245618;
19.6106952867;0.0404287585;0.0051077651;1.9868238654;
19.6141146777;0.0404287590;0.0051077642;1.9868240330;
19.6209534596;0.0404287522;0.0051077625;1.9868236983;
19.6346310233;0.0404287330;0.0051077585;1.9868229262;
19.6414698052;0.0404287252;0.0051077568;1.9868222251;
19.6448891961;0.0404287259;0.0051077559;1.9868224053;
19.6517279780;0.0404287192;0.0051077542;1.9868220753;
19.6654055417;0.0404287000;0.0051077502;1.9868213072;
19.6722443236;0.0404286922;0.0051077485;1.9868206012;
19.6756637145;0.0404286931;0.0051077476;1.9868207941;
19.6825024964;0.0404286865;0.0051077459;1.9868204688;
19.6961800601;0.0404286673;0.0051077420;1.9868197044;
19.7030188420;0.0404286596;0.0051077403;1.9868189933;
19.7064382329;0.0404286606;0.0051077394;1.9868191992;
19.7132770148;0.0404286541;0.0051077377;1.9868188785;
19.7269545785;0.0404286349;0.0051077338;1.9868181175;
19.7337933604;0.0404286273;0.0051077321;1.9868174010;
19.7372127513;0.0404286285;0.0051077313;1.9868176202;
19.7440515332;0.0404286221;0.0051077296;1.9868173040;
19.7577290969;0.0404286028;0.0051077258;1.9868165461;
19.7645678788;0.0404285953;0.0051077241;1.9868158239;
19.7679872697;0.0404285967;0.0051077232;1.9868160566;
19.7748260516;0.0404285904;0.0051077216;1.9868157449;
19.7885036153;0.0404285710;0.0051077178;1.9868149897;
19.7953423972;0.0404285636;0.0051077161;1.9868142616;
19.7987617881;0.0404285652;0.0051077153;1.9868145081;
19.8056005700;0.0404285589;0.0051077137;1.9868142008;
19.8192781337;0.0404285395;0.0051077099;1.9868134480;
19.8261169156;0.0404285322;0.0051077082;1.9868127138;
19.8295363065;0.0404285340;0.0051077074;1.9868129743;
19.8363750884;0.0404285278;0.0051077058;1.9868126714;
19.8500526521;0.0404285083;0.0051077020;1.9868119206;
19.8568914340;0.0404285011;0.0051077004;1.9868111801;
19.8603108249;0.0404285031;0.0051076996;1.9868114549;
19.8671496068;0.0404284970;0.0051076980;1.9868111563;
19.8808271705;0.0404284774;0.0051076943;1.9868104072;
19.8876659524;0.0404284703;0.0051076927;1.9868096601;
19.8910853433;0.0404284724;0.0051076918;1.9868099494;
19.8979241252;0.0404284664;0.0051076903;1.9868096552;
19.9116016889;0.0404284468;0.0051076866;1.9868089074;
19.9184404708;0.0404284398;0.0051076850;1.9868081535;
19.9218598617;0.0404284421;0.0051076842;1.9868084577;
19.9286986436;0.0404284362;0.0051076827;1.9868081677;
19.9423762073;0.0404284164;0.0051076789;1.9868074208;
19.9492149892;0.0404284095;0.0051076774;1.9868066599;
19.9526343801;0.0404284120;0.0051076766;1.9868069793;
19.9594731620;0.0404284062;0.0051076751;1.9868066935;
19.9731507257;0.0404283863;0.0051076714;1.9868059472;
19.9799895076;0.0404283795;0.0051076698;1.9868051790;
19.9834088986;0.0404283822;0.0051076690;1.9868055138;
19.9902476804;0.0404283764;0.0051076676;1.9868052322;
20.0039252442;0.0404283565;0.0051076639;1.9868044861;
20.0107640260;0.0404283498;0.0051076623;1.9868037105;
20.0141834170;0.0404283526;0.0051076615;1.9868040610;
20.0210221988;0.0404283470;0.0051076601;1.9868037835;
20.0346997626;0.0404283269;0.0051076564;1.9868030373;
20.0415385444;0.0404283202;0.0051076549;1.9868022539;
20.0449579354;0.0404283233;0.0051076541;1.9868026205;
20.0517967172;0.0404283177;0.0051076527;1.9868023471;
20.0654742810;0.0404282975;0.0051076491;1.9868016004;
20.0723130628;0.0404282910;0.0051076476;1.9868008091;
20.0757324538;0.0404282942;0.0051076468;1.9868011921;
20.0825712356;0.0404282888;0.0051076454;1.9868009228;
20.0962487994;0.0404282684;0.0051076418;1.9868001751;
20.1030875812;0.0404282619;0.0051076403;1.9867993756;
20.1065069722;0.0404282654;0.0051076395;1.9867997753;
20.1133457540;0.0404282600;0.0051076382;1.9867995101;
20.1270233178;0.0404282395;0.0051076345;1.9867987611;
20.1338620996;0.0404282331;0.0051076331;1.9867979532;
20.1372814906;0.0404282368;0.0051076323;1.9867983700;
20.1441202724;0.0404282315;0.0051076310;1.9867981088;
20.1577978362;0.0404282108;0.0051076273;1.9867973581;
20.1646366181;0.0404282046;0.0051076259;1.9867965416;
20.1680560090;0.0404282084;0.0051076251;1.9867969758;
20.1748947909;0.0404282032;0.0051076238;1.9867967185;
20.1885723546;0.0404281823;0.0051076202;1.9867959658;
20.1954111365;0.0404281762;0.0051076188;1.9867951405;
20.1988305274;0.0404281803;0.0051076180;1.9867955924;
20.2056693093;0.0404281751;0.0051076167;1.9867953392;
20.2193468730;0.0404281541;0.0051076131;1.9867945839;
20.2261856549;0.0404281480;0.0051076117;1.9867937496;
20.2296050458;0.0404281524;0.0051076109;1.9867942196;
20.2364438277;0.0404281473;0.0051076097;1.9867939703;
20.2501213914;0.0404281260;0.0051076061;1.9867932122;
20.2569601733;0.0404281201;0.0051076047;1.9867923686;
20.2603795642;0.0404281246;0.0051076039;1.9867928571;
20.2672183461;0.0404281196;0.0051076027;1.9867926117;
20.2808959098;0.0404280982;0.0051075991;1.9867918503;
20.2877346917;0.0404280924;0.0051075977;1.9867909972;
20.2911540826;0.0404280971;0.0051075970;1.9867915046;
20.2979928645;0.0404280922;0.0051075958;1.9867912632;
20.3116704282;0.0404280705;0.0051075922;1.9867904980;
20.3185092101;0.0404280648;0.0051075908;1.9867896353;
20.3219286010;0.0404280698;0.0051075901;1.9867901618;
20.3287673829;0.0404280650;0.0051075889;1.9867899244;
20.3424449466;0.0404280430;0.0051075853;1.9867891551;
20.3492837285;0.0404280374;0.0051075840;1.9867882825;
20.3527031194;0.0404280427;0.0051075832;1.9867888287;
20.3595419013;0.0404280379;0.0051075820;1.9867885951;
20.3629612922;0.0404280358;0.0051075815;1.9867884929;
20.3698000741;0.0404280313;0.0051075804;1.9867882695;
20.3834776378;0.0404280089;0.0051075768;1.9867874871;
20.3903164197;0.0404280032;0.0051075754;1.9867865865;
20.3937358106;0.0404280085;0.0051075746;1.9867871514;
20.4005745925;0.0404280036;0.0051075734;1.9867869085;
20.4039939834;0.0404280014;0.0051075728;1.9867868027;
20.4108327653;0.0404279968;0.0051075716;1.9867865727;
20.4142521562;0.0404279945;0.0051075711;1.9867864623;
20.4210909381;0.0404279896;0.0051075698;1.9867862222;
20.4245103290;0.0404279872;0.0051075692;1.9867861057;
20.4313491109;0.0404279821;0.0051075680;1.9867858540;
20.4347685018;0.0404279796;0.0051075673;1.9867857321;
20.4416072837;0.0404279743;0.0051075660;1.9867854705;
20.4552848474;0.0404279496;0.0051075619;1.9867845910;
20.4621236293;0.0404279434;0.0051075604;1.9867836298;
20.4655430202;0.0404279490;0.0051075596;1.9867842270;
20.4723818021;0.0404279437;0.0051075582;1.9867839640;
20.4758011930;0.0404279414;0.0051075576;1.9867838506;
20.4826399749;0.0404279364;0.0051075564;1.9867836067;
20.4860593658;0.0404279340;0.0051075558;1.9867834910;
20.4928981477;0.0404279290;0.0051075545;1.9867832408;
20.4963175386;0.0404279265;0.0051075539;1.9867831205;
20.5031563205;0.0404279212;0.0051075526;1.9867828616;
20.5065757114;0.0404279187;0.0051075519;1.9867827371;
20.5134144933;0.0404279133;0.0051075506;1.9867824705;
20.5168338842;0.0404279107;0.0051075499;1.9867823427;
20.5236726661;0.0404279051;0.0051075485;1.9867820700;
20.5270920570;0.0404279025;0.0051075478;1.9867819395;
20.5339308389;0.0404278968;0.0051075464;1.9867816620;
20.5373502299;0.0404278941;0.0051075457;1.9867815294;
20.5441890117;0.0404278884;0.0051075443;1.9867812481;
20.5476084027;0.0404278857;0.0051075436;1.9867811140;
20.5544471845;0.0404278799;0.0051075421;1.9867808299;
20.5578665755;0.0404278771;0.0051075414;1.9867806946;
20.5647053573;0.0404278713;0.0051075400;1.9867804083;
20.5681247483;0.0404278685;0.0051075392;1.9867802721;
20.5749635301;0.0404278627;0.0051075378;1.9867799841;
20.5783829211;0.0404278599;0.0051075370;1.9867798473;
20.5852217029;0.0404278540;0.0051075356;1.9867795581;
20.5886410939;0.0404278512;0.0051075349;1.9867794209;
20.5954798757;0.0404278453;0.0051075334;1.9867791309;
20.5988992667;0.0404278425;0.0051075327;1.9867789934;
20.6057380485;0.0404278366;0.0051075312;1.9867787028;
20.6091574395;0.0404278338;0.0051075305;1.9867785651;
20.6159962213;0.0404278279;0.0051075290;1.9867782742;
20.6194156123;0.0404278251;0.0051075283;1.9867781365;
20.6262543941;0.0404278192;0.0051075268;1.9867778454;
20.6296737851;0.0404278164;0.0051075260;1.9867777077;
20.6365125669;0.0404278105;0.0051075246;1.9867774167;
20.6399319579;0.0404278076;0.0051075238;1.9867772791;
20.6467707397;0.0404278017;0.0051075224;1.9867769881;
20.6501901307;0.0404277989;0.0051075216;1.9867768506;
20.6570289125;0.0404277930;0.0051075202;1.9867765598;
20.6604483035;0.0404277902;0.0051075194;1.9867764226;
20.6672870853;0.0404277843;0.0051075180;1.9867761320;
20.6707064763;0.0404277815;0.0051075172;1.9867759950;
20.6775452581;0.0404277756;0.0051075158;1.9867757048;
20.6809646491;0.0404277728;0.0051075150;1.9867755680;
20.6878034309;0.0404277669;0.0051075136;1.9867752781;
20.6912228219;0.0404277641;0.0051075129;1.9867751416;
20.6980616037;0.0404277583;0.0051075114;1.9867748522;
20.7014809947;0.0404277555;0.0051075107;1.9867747159;
20.7083197765;0.0404277496;0.0051075092;1.9867744269;
20.7117391675;0.0404277468;0.0051075085;1.9867742910;
20.7185779494;0.0404277410;0.0051075070;1.9867740025;
20.7219973403;0.0404277382;0.0051075063;1.9867738668;
20.7288361222;0.0404277324;0.0051075048;1.9867735788;
20.7322555131;0.0404277296;0.0051075041;1.9867734434;
20.7390942950;0.0404277238;0.0051075027;1.9867731559;
20.7425136859;0.0404277210;0.0051075020;1.9867730209;
20.7493524678;0.0404277152;0.0051075005;1.9867727338;
20.7527718587;0.0404277124;0.0051074998;1.9867725991;
20.7596106406;0.0404277066;0.0051074983;1.9867723125;
20.7630300315;0.0404277038;0.0051074976;1.9867721782;
20.7698688134;0.0404276980;0.0051074962;1.9867718921;
20.7732882043;0.0404276953;0.0051074955;1.9867717581;
20.7801269862;0.0404276895;0.0051074940;1.9867714726;
20.7835463771;0.0404276868;0.0051074933;1.9867713389;
20.7903851590;0.0404276810;0.0051074919;1.9867710539;
20.7938045499;0.0404276782;0.0051074912;1.9867709205;
20.8006433318;0.0404276725;0.0051074897;1.9867706360;
20.8040627227;0.0404276697;0.0051074890;1.9867705030;
20.8109015046;0.0404276640;0.0051074876;1.9867702190;
20.8143208955;0.0404276613;0.0051074869;1.9867700864;
20.8211596774;0.0404276555;0.0051074854;1.9867698029;
20.8245790683;0.0404276528;0.0051074847;1.9867696706;
20.8314178502;0.0404276471;0.0051074833;1.9867693876;
20.8348372411;0.0404276444;0.0051074826;1.9867692556;
20.8416760230;0.0404276386;0.0051074812;1.9867689731;
20.8450954139;0.0404276359;0.0051074805;1.9867688415;
20.8519341958;0.0404276302;0.0051074790;1.9867685596;
20.8553535867;0.0404276275;0.0051074783;1.9867684283;
20.8621923686;0.0404276218;0.0051074769;1.9867681468;
20.8656117595;0.0404276191;0.0051074762;1.9867680158;
20.8724505414;0.0404276135;0.0051074748;1.9867677349;
20.8758699323;0.0404276108;0.0051074741;1.9867676043;
20.8827087142;0.0404276051;0.0051074727;1.9867673238;
20.8861281051;0.0404276024;0.0051074720;1.9867671935;
20.8929668870;0.0404275967;0.0051074706;1.9867669136;
20.8963862779;0.0404275941;0.0051074699;1.9867667836;
20.9032250598;0.0404275884;0.0051074685;1.9867665042;
20.9066444507;0.0404275857;0.0051074678;1.9867663746;
20.9134832326;0.0404275801;0.0051074664;1.9867660956;
20.9169026235;0.0404275774;0.0051074657;1.9867659663;
20.9237414054;0.0404275718;0.0051074643;1.9867656878;
20.9271607963;0.0404275691;0.0051074636;1.9867655589;
20.9339995782;0.0404275635;0.0051074622;1.9867652809;
20.9374189691;0.0404275609;0.0051074615;1.9867651523;
20.9442577510;0.0404275553;0.0051074601;1.9867648747;
20.9476771419;0.0404275526;0.0051074594;1.9867647464;
20.9545159238;0.0404275470;0.0051074580;1.9867644694;
20.9579353147;0.0404275444;0.0051074573;1.9867643414;
20.9647740966;0.0404275388;0.0051074559;1.9867640649;
20.9681934875;0.0404275361;0.0051074552;1.9867639372;
20.9750322694;0.0404275306;0.0051074539;1.9867636611;
20.9784516603;0.0404275279;0.0051074532;1.9867635338;
20.9852904422;0.0404275224;0.0051074518;1.9867632581;
20.9887098331;0.0404275197;0.0051074511;1.9867631311;
20.9955486150;0.0404275142;0.0051074497;1.9867628560;
20.9989680059;0.0404275116;0.0051074490;1.9867627293;
21.0058067878;0.0404275060;0.0051074477;1.9867624546;
21.0092261787;0.0404275034;0.0051074470;1.9867623282;
21.0160649606;0.0404274979;0.0051074456;1.9867620539;
21.0194843515;0.0404274953;0.0051074449;1.9867619279;
21.0263231334;0.0404274897;0.0051074435;1.9867616540;
21.0297425243;0.0404274871;0.0051074429;1.9867615283;
21.0365813062;0.0404274816;0.0051074415;1.9867612549;
21.0400006971;0.0404274790;0.0051074408;1.9867611295;
21.0468394790;0.0404274735;0.0051074394;1.9867608566;
21.0502588699;0.0404274709;0.0051074388;1.9867607315;
21.0570976518;0.0404274654;0.0051074374;1.9867604590;
21.0605170427;0.0404274628;0.0051074367;1.9867603342;
21.0673558246;0.0404274573;0.0051074354;1.9867600621;
21.0707752155;0.0404274548;0.0051074347;1.9867599376;
21.0776139974;0.0404274493;0.0051074333;1.9867596660;
21.0810333884;0.0404274467;0.0051074326;1.9867595418;
21.0878721702;0.0404274412;0.0051074313;1.9867592706;
21.0912915612;0.0404274387;0.0051074306;1.9867591468;
21.0981303430;0.0404274332;0.0051074293;1.9867588760;
21.1015497340;0.0404274306;0.0051074286;1.9867587524;
21.1083885158;0.0404274252;0.0051074272;1.9867584821;
21.1118079068;0.0404274226;0.0051074266;1.9867583588;
21.1186466886;0.0404274172;0.0051074252;1.9867580889;
21.1220660796;0.0404274146;0.0051074245;1.9867579659;
21.1289048614;0.0404274092;0.0051074232;1.9867576964;
21.1323242524;0.0404274067;0.0051074225;1.9867575737;
21.1391630342;0.0404274012;0.0051074212;1.9867573046;
21.1425824252;0.0404273987;0.0051074205;1.9867571822;
21.1494212070;0.0404273933;0.0051074192;1.9867569135;
21.1528405980;0.0404273907;0.0051074185;1.9867567915;
21.1596793798;0.0404273853;0.0051074172;1.9867565231;
21.1630987708;0.0404273828;0.0051074165;1.9867564014;
21.1699375526;0.0404273774;0.0051074152;1.9867561335;
21.1733569436;0.0404273749;0.0051074145;1.9867560120;
21.1801957254;0.0404273695;0.0051074132;1.9867557445;
21.1836151164;0.0404273670;0.0051074125;1.9867556233;
21.1904538982;0.0404273616;0.0051074112;1.9867553562;
21.1938732892;0.0404273591;0.0051074105;1.9867552354;
21.2007120710;0.0404273537;0.0051074092;1.9867549686;
21.2041314620;0.0404273512;0.0051074085;1.9867548480;
21.2109702438;0.0404273458;0.0051074072;1.9867545816;
21.2143896348;0.0404273433;0.0051074065;1.9867544614;
21.2212284166;0.0404273380;0.0051074052;1.9867541954;
21.2246478076;0.0404273355;0.0051074045;1.9867540754;
21.2314865894;0.0404273301;0.0051074032;1.9867538098;
21.2349059804;0.0404273276;0.0051074026;1.9867536901;
21.2417447622;0.0404273223;0.0051074012;1.9867534249;
21.2451641532;0.0404273198;0.0051074006;1.9867533055;
21.2520029350;0.0404273145;0.0051073993;1.9867530406;
21.2554223260;0.0404273120;0.0051073986;1.9867529215;
21.2622611079;0.0404273067;0.0051073973;1.9867526570;
21.2656804988;0.0404273042;0.0051073966;1.9867525382;
21.2725192807;0.0404272989;0.0051073953;1.9867522740;
21.2759386716;0.0404272964;0.0051073947;1.9867521555;
21.2827774535;0.0404272911;0.0051073934;1.9867518917;
21.2861968444;0.0404272886;0.0051073927;1.9867517735;
21.2930356263;0.0404272833;0.0051073914;1.9867515101;
21.2964550172;0.0404272809;0.0051073907;1.9867513922;
21.3032937991;0.0404272756;0.0051073894;1.9867511290;
21.3067131900;0.0404272731;0.0051073888;1.9867510114;
21.3135519719;0.0404272678;0.0051073875;1.9867507486;
21.3169713628;0.0404272654;0.0051073868;1.9867506313;
21.3238101447;0.0404272601;0.0051073855;1.9867503689;
21.3272295356;0.0404272577;0.0051073849;1.9867502519;
21.3340683175;0.0404272524;0.0051073836;1.9867499898;
21.3374877084;0.0404272500;0.0051073829;1.9867498730;
21.3443264903;0.0404272447;0.0051073816;1.9867496113;
21.3477458812;0.0404272423;0.0051073810;1.9867494948;
21.3545846631;0.0404272370;0.0051073797;1.9867492334;
21.3580040540;0.0404272346;0.0051073791;1.9867491172;
21.3648428359;0.0404272293;0.0051073778;1.9867488561;
21.3682622268;0.0404272269;0.0051073771;1.9867487402;
21.3751010087;0.0404272217;0.0051073758;1.9867484795;
21.3785203996;0.0404272193;0.0051073752;1.9867483638;
21.3853591815;0.0404272140;0.0051073739;1.9867481034;
21.3887785724;0.0404272116;0.0051073732;1.9867479881;
21.3956173543;0.0404272064;0.0051073720;1.9867477280;
21.3990367452;0.0404272040;0.0051073713;1.9867476129;
21.4058755271;0.0404271987;0.0051073700;1.9867473532;
21.4092949180;0.0404271964;0.0051073694;1.9867472384;
21.4161336999;0.0404271911;0.0051073681;1.9867469789;
21.4195530908;0.0404271887;0.0051073675;1.9867468644;
21.4263918727;0.0404271835;0.0051073662;1.9867466053;
21.4298112636;0.0404271811;0.0051073655;1.9867464911;
21.4366500455;0.0404271759;0.0051073643;1.9867462322;
21.4400694364;0.0404271736;0.0051073636;1.9867461183;
21.4469082183;0.0404271684;0.0051073623;1.9867458598;
21.4503276092;0.0404271660;0.0051073617;1.9867457461;
21.4571663911;0.0404271608;0.0051073604;1.9867454879;
21.4605857820;0.0404271584;0.0051073598;1.9867453745;
21.4674245639;0.0404271532;0.0051073585;1.9867451166;
21.4708439548;0.0404271509;0.0051073579;1.9867450035;
21.4776827367;0.0404271457;0.0051073566;1.9867447459;
21.4811021276;0.0404271433;0.0051073560;1.9867446331;
21.4879409095;0.0404271382;0.0051073547;1.9867443757;
21.4913603004;0.0404271358;0.0051073541;1.9867442632;
21.4981990823;0.0404271306;0.0051073528;1.9867440062;
21.5016184732;0.0404271283;0.0051073522;1.9867438939;
21.5084572551;0.0404271231;0.0051073509;1.9867436372;
21.5118766460;0.0404271208;0.0051073503;1.9867435252;
21.5187154279;0.0404271156;0.0051073490;1.9867432688;
21.5221348188;0.0404271133;0.0051073484;1.9867431570;
21.5289736007;0.0404271081;0.0051073471;1.9867429009;
21.5323929916;0.0404271058;0.0051073465;1.9867427894;
21.5392317735;0.0404271007;0.0051073453;1.9867425336;
21.5426511644;0.0404270984;0.0051073446;1.9867424224;
21.5494899463;0.0404270932;0.0051073434;1.9867421668;
21.5529093372;0.0404270909;0.0051073427;1.9867420559;
21.5597481191;0.0404270858;0.0051073415;1.9867418006;
21.5631675100;0.0404270835;0.0051073409;1.9867416900;
21.5700062919;0.0404270783;0.0051073396;1.9867414350;
21.5734256828;0.0404270760;0.0051073390;1.9867413246;
21.5802644647;0.0404270709;0.0051073377;1.9867410699;
21.5836838556;0.0404270686;0.0051073371;1.9867409598;
21.5905226375;0.0404270635;0.0051073359;1.9867407053;
21.5939420284;0.0404270612;0.0051073352;1.9867405955;
21.6007808103;0.0404270561;0.0051073340;1.9867403413;
21.6042002012;0.0404270538;0.0051073334;1.9867402318;
21.6110389831;0.0404270487;0.0051073321;1.9867399778;
21.6144583740;0.0404270464;0.0051073315;1.9867398686;
21.6212971559;0.0404270413;0.0051073302;1.9867396149;
21.6247165469;0.0404270390;0.0051073296;1.9867395059;
21.6315553287;0.0404270339;0.0051073284;1.9867392525;
21.6349747197;0.0404270316;0.0051073278;1.9867391438;
21.6418135015;0.0404270265;0.0051073265;1.9867388906;
21.6452328925;0.0404270243;0.0051073259;1.9867387822;
21.6520716743;0.0404270192;0.0051073247;1.9867385293;
21.6554910653;0.0404270169;0.0051073241;1.9867384211;
21.6623298471;0.0404270119;0.0051073228;1.9867381685;
21.6657492381;0.0404270096;0.0051073222;1.9867380606;
21.6725880199;0.0404270045;0.0051073210;1.9867378082;
21.6760074109;0.0404270023;0.0051073204;1.9867377006;
21.6828461927;0.0404269972;0.0051073191;1.9867374484;
21.6862655837;0.0404269950;0.0051073185;1.9867373411;
21.6931043655;0.0404269899;0.0051073173;1.9867370892;
21.6965237565;0.0404269877;0.0051073167;1.9867369821;
21.7033625383;0.0404269826;0.0051073154;1.9867367304;
21.7067819293;0.0404269804;0.0051073148;1.9867366236;
21.7136207111;0.0404269753;0.0051073136;1.9867363722;
21.7170401021;0.0404269731;0.0051073130;1.9867362657;
21.7238788839;0.0404269680;0.0051073117;1.9867360145;
21.7272982749;0.0404269658;0.0051073111;1.9867359082;
21.7341370567;0.0404269608;0.0051073099;1.9867356573;
21.7375564477;0.0404269585;0.0051073093;1.9867355513;
21.7443952295;0.0404269535;0.0051073081;1.9867353006;
21.7478146205;0.0404269513;0.0051073075;1.9867351949;
21.7546534023;0.0404269463;0.0051073062;1.9867349444;
21.7580727933;0.0404269440;0.0051073056;1.9867348390;
21.7649115751;0.0404269390;0.0051073044;1.9867345887;
21.7683309661;0.0404269368;0.0051073038;1.9867344835;
21.7751697479;0.0404269318;0.0051073026;1.9867342335;
21.7785891389;0.0404269296;0.0051073020;1.9867341286;
21.7854279207;0.0404269246;0.0051073008;1.9867338789;
21.7888473117;0.0404269224;0.0051073002;1.9867337742;
21.7956860935;0.0404269174;0.0051072989;1.9867335247;
21.7991054845;0.0404269152;0.0051072983;1.9867334203;
21.8059442664;0.0404269102;0.0051072971;1.9867331710;
21.8093636573;0.0404269080;0.0051072965;1.9867330669;
21.8162024392;0.0404269030;0.0051072953;1.9867328178;
21.8196218301;0.0404269008;0.0051072947;1.9867327139;
21.8264606120;0.0404268958;0.0051072935;1.9867324650;
21.8298800029;0.0404268936;0.0051072929;1.9867323615;
21.8367187848;0.0404268886;0.0051072917;1.9867321128;
21.8401381757;0.0404268865;0.0051072911;1.9867320095;
21.8469769576;0.0404268815;0.0051072899;1.9867317611;
21.8503963485;0.0404268793;0.0051072893;1.9867316580;
21.8572351304;0.0404268743;0.0051072881;1.9867314098;
21.8606545213;0.0404268722;0.0051072875;1.9867313071;
21.8674933032;0.0404268672;0.0051072863;1.9867310590;
21.8709126941;0.0404268650;0.0051072857;1.9867309565;
21.8777514760;0.0404268601;0.0051072845;1.9867307087;
21.8811708669;0.0404268579;0.0051072839;1.9867306065;
21.8880096488;0.0404268530;0.0051072827;1.9867303589;
21.8914290397;0.0404268508;0.0051072821;1.9867302570;
21.8982678216;0.0404268458;0.0051072809;1.9867300096;
21.9016872125;0.0404268437;0.0051072803;1.9867299079;
21.9085259944;0.0404268388;0.0051072791;1.9867296607;
21.9119453853;0.0404268366;0.0051072785;1.9867295593;
21.9187841672;0.0404268317;0.0051072773;1.9867293123;
21.9222035581;0.0404268295;0.0051072767;1.9867292112;
21.9290423400;0.0404268246;0.0051072755;1.9867289644;
21.9324617309;0.0404268225;0.0051072749;1.9867288635;
21.9393005128;0.0404268175;0.0051072737;1.9867286169;
21.9427199037;0.0404268154;0.0051072731;1.9867285163;
21.9495586856;0.0404268105;0.0051072719;1.9867282699;
21.9529780765;0.0404268083;0.0051072714;1.9867281696;
21.9598168584;0.0404268034;0.0051072702;1.9867279234;
21.9632362493;0.0404268013;0.0051072696;1.9867278233;
21.9700750312;0.0404267964;0.0051072684;1.9867275773;
21.9734944221;0.0404267942;0.0051072678;1.9867274775;
21.9803332040;0.0404267893;0.0051072666;1.9867272317;
21.9837525949;0.0404267872;0.0051072660;1.9867271322;
21.9905913768;0.0404267823;0.0051072648;1.9867268866;
21.9940107677;0.0404267802;0.0051072642;1.9867267873;
22.0008495496;0.0404267753;0.0051072631;1.9867265419;
22.0042689405;0.0404267732;0.0051072625;1.9867264429;
22.0111077224;0.0404267683;0.0051072613;1.9867261976;
22.0145271133;0.0404267662;0.0051072607;1.9867260990;
22.0213658952;0.0404267613;0.0051072595;1.9867258539;
22.0247852861;0.0404267592;0.0051072589;1.9867257555;
22.0316240680;0.0404267543;0.0051072578;1.9867255106;
22.0350434589;0.0404267522;0.0051072572;1.9867254124;
22.0418822408;0.0404267473;0.0051072560;1.9867251677;
22.0453016317;0.0404267453;0.0051072554;1.9867250698;
22.0521404136;0.0404267404;0.0051072542;1.9867248253;
22.0555598045;0.0404267383;0.0051072537;1.9867247277;
22.0623985864;0.0404267334;0.0051072525;1.9867244833;
22.0658179773;0.0404267313;0.0051072519;1.9867243860;
22.0726567592;0.0404267265;0.0051072507;1.9867241418;
22.0760761501;0.0404267244;0.0051072501;1.9867240447;
22.0829149320;0.0404267195;0.0051072490;1.9867238007;
22.0863343229;0.0404267175;0.0051072484;1.9867237039;
22.0931731048;0.0404267126;0.0051072472;1.9867234601;
22.0965924957;0.0404267105;0.0051072466;1.9867233636;
22.1034312776;0.0404267057;0.0051072455;1.9867231199;
22.1068506685;0.0404267036;0.0051072449;1.9867230236;
22.1136894504;0.0404266988;0.0051072437;1.9867227801;
22.1171088413;0.0404266967;0.0051072431;1.9867226842;
22.1239476232;0.0404266919;0.0051072420;1.9867224408;
22.1273670141;0.0404266898;0.0051072414;1.9867223451;
22.1342057960;0.0404266850;0.0051072402;1.9867221020;
22.1376251869;0.0404266829;0.0051072397;1.9867220065;
22.1444639688;0.0404266781;0.0051072385;1.9867217635;
22.1478833597;0.0404266760;0.0051072379;1.9867216684;
22.1547221416;0.0404266712;0.0051072368;1.9867214255;
22.1581415325;0.0404266692;0.0051072362;1.9867213307;
22.1649803144;0.0404266643;0.0051072350;1.9867210880;
22.1683997054;0.0404266623;0.0051072345;1.9867209934;
22.1752384872;0.0404266575;0.0051072333;1.9867207508;
22.1786578782;0.0404266555;0.0051072327;1.9867206565;
22.1854966600;0.0404266506;0.0051072316;1.9867204141;
22.1889160510;0.0404266486;0.0051072310;1.9867203201;
22.1957548328;0.0404266438;0.0051072298;1.9867200779;
22.1991742238;0.0404266418;0.0051072293;1.9867199841;
22.2060130056;0.0404266369;0.0051072281;1.9867197421;
22.2094323966;0.0404266349;0.0051072275;1.9867196486;
22.2162711784;0.0404266301;0.0051072264;1.9867194066;
22.2196905694;0.0404266281;0.0051072258;1.9867193135;
22.2265293512;0.0404266233;0.0051072247;1.9867190717;
22.2299487422;0.0404266213;0.0051072241;1.9867189788;
22.2367875240;0.0404266165;0.0051072229;1.9867187371;
22.2402069150;0.0404266145;0.0051072224;1.9867186445;
22.2470456968;0.0404266097;0.0051072212;1.9867184030;
22.2504650878;0.0404266077;0.0051072207;1.9867183106;
22.2573038696;0.0404266029;0.0051072195;1.9867180693;
22.2607232606;0.0404266009;0.0051072189;1.9867179772;
22.2675620424;0.0404265961;0.0051072178;1.9867177360;
22.2709814334;0.0404265942;0.0051072172;1.9867176442;
22.2778202152;0.0404265894;0.0051072161;1.9867174031;
22.2812396062;0.0404265874;0.0051072155;1.9867173116;
22.2880783880;0.0404265826;0.0051072144;1.9867170707;
22.2914977790;0.0404265806;0.0051072138;1.9867169795;
22.2983365608;0.0404265758;0.0051072127;1.9867167387;
22.3017559518;0.0404265739;0.0051072121;1.9867166477;
22.3085947336;0.0404265691;0.0051072110;1.9867164071;
22.3120141246;0.0404265671;0.0051072104;1.9867163164;
22.3188529064;0.0404265624;0.0051072093;1.9867160759;
22.3222722974;0.0404265604;0.0051072087;1.9867159855;
22.3291110792;0.0404265556;0.0051072076;1.9867157451;
22.3325304702;0.0404265537;0.0051072070;1.9867156550;
22.3393692520;0.0404265489;0.0051072059;1.9867154148;
22.3427886430;0.0404265470;0.0051072053;1.9867153250;
22.3496274249;0.0404265422;0.0051072042;1.9867150848;
22.3530468158;0.0404265403;0.0051072036;1.9867149953;
22.3598855977;0.0404265355;0.0051072025;1.9867147553;
22.3633049886;0.0404265336;0.0051072019;1.9867146661;
22.3701437705;0.0404265288;0.0051072008;1.9867144262;
22.3735631614;0.0404265269;0.0051072002;1.9867143372;
22.3804019433;0.0404265221;0.0051071991;1.9867140975;
22.3838213342;0.0404265202;0.0051071985;1.9867140088;
22.3906601161;0.0404265154;0.0051071974;1.9867137692;
22.3940795070;0.0404265135;0.0051071969;1.9867136808;
22.4009182889;0.0404265088;0.0051071957;1.9867134413;
22.4043376798;0.0404265068;0.0051071952;1.9867133532;
22.4111764617;0.0404265021;0.0051071940;1.9867131138;
22.4145958526;0.0404265002;0.0051071935;1.9867130260;
22.4214346345;0.0404264954;0.0051071924;1.9867127867;
22.4248540254;0.0404264935;0.0051071918;1.9867126992;
22.4316928073;0.0404264888;0.0051071907;1.9867124601;
22.4351121982;0.0404264869;0.0051071901;1.9867123729;
22.4419509801;0.0404264822;0.0051071890;1.9867121338;
22.4453703710;0.0404264803;0.0051071885;1.9867120469;
22.4522091529;0.0404264755;0.0051071873;1.9867118080;
22.4556285438;0.0404264736;0.0051071868;1.9867117213;
22.4624673257;0.0404264689;0.0051071857;1.9867114825;
22.4658867166;0.0404264670;0.0051071851;1.9867113962;
22.4727254985;0.0404264623;0.0051071840;1.9867111575;
22.4761448894;0.0404264604;0.0051071834;1.9867110714;
22.4829836713;0.0404264557;0.0051071823;1.9867108328;
22.4864030622;0.0404264538;0.0051071818;1.9867107470;
22.4932418441;0.0404264491;0.0051071807;1.9867105085;
22.4966612350;0.0404264472;0.0051071801;1.9867104231;
22.5035000169;0.0404264425;0.0051071790;1.9867101847;
22.5069194078;0.0404264406;0.0051071784;1.9867100995;
22.5137581897;0.0404264359;0.0051071773;1.9867098612;
22.5171775806;0.0404264341;0.0051071768;1.9867097764;
22.5240163625;0.0404264293;0.0051071757;1.9867095382;
22.5274357534;0.0404264275;0.0051071751;1.9867094536;
22.5342745353;0.0404264228;0.0051071740;1.9867092155;
22.5376939262;0.0404264209;0.0051071735;1.9867091312;
22.5445327081;0.0404264162;0.0051071724;1.9867088933;
22.5479520990;0.0404264144;0.0051071718;1.9867088093;
22.5547908809;0.0404264097;0.0051071707;1.9867085714;
22.5582102718;0.0404264078;0.0051071702;1.9867084877;
22.5650490537;0.0404264031;0.0051071690;1.9867082499;
22.5684684446;0.0404264013;0.0051071685;1.9867081665;
22.5753072265;0.0404263966;0.0051071674;1.9867079288;
22.5787266174;0.0404263948;0.0051071669;1.9867078458;
22.5855653993;0.0404263901;0.0051071657;1.9867076082;
22.5889847902;0.0404263883;0.0051071652;1.9867075254;
22.5958235721;0.0404263836;0.0051071641;1.9867072879;
22.5992429630;0.0404263817;0.0051071636;1.9867072054;
22.6060817449;0.0404263771;0.0051071625;1.9867069680;
22.6095011358;0.0404263752;0.0051071619;1.9867068858;
22.6163399177;0.0404263706;0.0051071608;1.9867066484;
22.6197593086;0.0404263687;0.0051071603;1.9867065666;
22.6265980905;0.0404263641;0.0051071592;1.9867063293;
22.6300174814;0.0404263623;0.0051071586;1.9867062477;
22.6368562633;0.0404263576;0.0051071575;1.9867060106;
22.6402756542;0.0404263558;0.0051071570;1.9867059293;
22.6471144361;0.0404263511;0.0051071559;1.9867056922;
22.6505338270;0.0404263493;0.0051071554;1.9867056113;
22.6573726089;0.0404263446;0.0051071543;1.9867053743;
22.6607919998;0.0404263428;0.0051071537;1.9867052936;
22.6676307817;0.0404263382;0.0051071526;1.9867050567;
22.6710501726;0.0404263364;0.0051071521;1.9867049763;
22.6778889545;0.0404263317;0.0051071510;1.9867047395;
22.6813083454;0.0404263299;0.0051071505;1.9867046595;
22.6881471273;0.0404263253;0.0051071494;1.9867044227;
22.6915665182;0.0404263235;0.0051071489;1.9867043430;
22.6984053001;0.0404263188;0.0051071478;1.9867041063;
22.7018246910;0.0404263171;0.0051071472;1.9867040269;
22.7086634729;0.0404263124;0.0051071461;1.9867037903;
22.7120828639;0.0404263106;0.0051071456;1.9867037111;
22.7189216457;0.0404263060;0.0051071445;1.9867034746;
22.7223410367;0.0404263042;0.0051071440;1.9867033958;
22.7291798185;0.0404262996;0.0051071429;1.9867031593;
22.7325992095;0.0404262978;0.0051071424;1.9867030808;
22.7394379913;0.0404262932;0.0051071413;1.9867028445;
22.7428573823;0.0404262914;0.0051071407;1.9867027663;
22.7496961641;0.0404262868;0.0051071397;1.9867025300;
22.7531155551;0.0404262850;0.0051071391;1.9867024521;
22.7599543369;0.0404262804;0.0051071380;1.9867022158;
22.7633737279;0.0404262786;0.0051071375;1.9867021383;
22.7702125097;0.0404262740;0.0051071364;1.9867019021;
22.7736319007;0.0404262723;0.0051071359;1.9867018248;
22.7804706825;0.0404262676;0.0051071348;1.9867015887;
22.7838900735;0.0404262659;0.0051071343;1.9867015118;
22.7907288553;0.0404262612;0.0051071332;1.9867012757;
22.7941482463;0.0404262595;0.0051071327;1.9867011991;
22.8009870281;0.0404262549;0.0051071316;1.9867009631;
22.8044064191;0.0404262532;0.0051071311;1.9867008868;
22.8112452009;0.0404262485;0.0051071300;1.9867006509;
22.8146645919;0.0404262468;0.0051071295;1.9867005749;
22.8215033737;0.0404262422;0.0051071284;1.9867003390;
22.8249227647;0.0404262405;0.0051071279;1.9867002634;
22.8317615465;0.0404262359;0.0051071268;1.9867000275;
22.8351809375;0.0404262342;0.0051071263;1.9866999522;
22.8420197193;0.0404262295;0.0051071252;1.9866997164;
22.8454391103;0.0404262278;0.0051071247;1.9866996414;
22.8522778921;0.0404262232;0.0051071236;1.9866994057;
22.8556972831;0.0404262215;0.0051071231;1.9866993310;
22.8625360649;0.0404262169;0.0051071220;1.9866990953;
22.8659554559;0.0404262152;0.0051071215;1.9866990210;
22.8727942377;0.0404262106;0.0051071204;1.9866987854;
22.8762136287;0.0404262089;0.0051071199;1.9866987113;
22.8830524105;0.0404262043;0.0051071188;1.9866984757;
22.8864718015;0.0404262026;0.0051071183;1.9866984020;
22.8933105834;0.0404261980;0.0051071172;1.9866981665;
22.8967299743;0.0404261963;0.0051071167;1.9866980931;
22.9035687562;0.0404261917;0.0051071156;1.9866978576;
22.9069881471;0.0404261900;0.0051071151;1.9866977845;
22.9138269290;0.0404261854;0.0051071141;1.9866975491;
22.9172463199;0.0404261838;0.0051071135;1.9866974764;
22.9240851018;0.0404261792;0.0051071125;1.9866972410;
22.9275044927;0.0404261775;0.0051071120;1.9866971686;
22.9343432746;0.0404261729;0.0051071109;1.9866969332;
22.9377626655;0.0404261713;0.0051071104;1.9866968611;
22.9446014474;0.0404261666;0.0051071093;1.9866966259;
22.9480208383;0.0404261650;0.0051071088;1.9866965541;
22.9548596202;0.0404261604;0.0051071077;1.9866963188;
22.9582790111;0.0404261588;0.0051071072;1.9866962474;
22.9651177930;0.0404261542;0.0051071062;1.9866960122;
22.9685371839;0.0404261525;0.0051071057;1.9866959411;
22.9753759658;0.0404261479;0.0051071046;1.9866957059;
22.9787953567;0.0404261463;0.0051071041;1.9866956351;
22.9856341386;0.0404261417;0.0051071030;1.9866954000;
22.9890535295;0.0404261401;0.0051071025;1.9866953295;
22.9958923114;0.0404261355;0.0051071014;1.9866950944;
22.9993117023;0.0404261339;0.0051071009;1.9866950243;
23.0061504842;0.0404261293;0.0051070999;1.9866947892;
23.0095698751;0.0404261277;0.0051070994;1.9866947195;
23.0164086570;0.0404261231;0.0051070983;1.9866944844;
23.0198280479;0.0404261215;0.0051070978;1.9866944150;
23.0266668298;0.0404261169;0.0051070967;1.9866941799;
23.0300862207;0.0404261153;0.0051070962;1.9866941108;
23.0369250026;0.0404261107;0.0051070952;1.9866938758;
23.0403443935;0.0404261091;0.0051070947;1.9866938071;
23.0471831754;0.0404261045;0.0051070936;1.9866935721;
23.0506025663;0.0404261029;0.0051070931;1.9866935037;
23.0574413482;0.0404260983;0.0051070921;1.9866932687;
23.0608607391;0.0404260968;0.0051070916;1.9866932007;
23.0676995210;0.0404260922;0.0051070905;1.9866929657;
23.0711189119;0.0404260906;0.0051070900;1.9866928980;
23.0779576938;0.0404260860;0.0051070890;1.9866926631;
23.0813770847;0.0404260845;0.0051070885;1.9866925957;
23.0882158666;0.0404260799;0.0051070874;1.9866923608;
23.0916352575;0.0404260783;0.0051070869;1.9866922937;
23.0984740394;0.0404260737;0.0051070859;1.9866920589;
23.1018934303;0.0404260722;0.0051070854;1.9866919922;
23.1087322122;0.0404260676;0.0051070843;1.9866917573;
23.1121516031;0.0404260661;0.0051070838;1.9866916909;
23.1189903850;0.0404260615;0.0051070828;1.9866914561;
23.1224097759;0.0404260599;0.0051070823;1.9866913901;
23.1292485578;0.0404260554;0.0051070812;1.9866911552;
23.1326679487;0.0404260538;0.0051070807;1.9866910896;
23.1395067306;0.0404260492;0.0051070797;1.9866908547;
23.1429261215;0.0404260477;0.0051070792;1.9866907894;
23.1497649034;0.0404260431;0.0051070781;1.9866905546;
23.1531842943;0.0404260416;0.0051070776;1.9866904897;
23.1600230762;0.0404260370;0.0051070766;1.9866902548;
23.1634424671;0.0404260355;0.0051070761;1.9866901902;
23.1702812490;0.0404260309;0.0051070750;1.9866899554;
23.1737006399;0.0404260294;0.0051070746;1.9866898912;
23.1805394218;0.0404260249;0.0051070735;1.9866896563;
23.1839588127;0.0404260233;0.0051070730;1.9866895925;
23.1907975946;0.0404260188;0.0051070720;1.9866893576;
23.1942169855;0.0404260173;0.0051070715;1.9866892941;
23.2010557674;0.0404260127;0.0051070704;1.9866890593;
23.2044751583;0.0404260112;0.0051070699;1.9866889961;
23.2113139402;0.0404260067;0.0051070689;1.9866887613;
23.2147333311;0.0404260052;0.0051070684;1.9866886985;
23.2215721130;0.0404260006;0.0051070674;1.9866884636;
23.2249915039;0.0404259991;0.0051070669;1.9866884012;
23.2318302858;0.0404259946;0.0051070659;1.9866881664;
23.2352496767;0.0404259931;0.0051070654;1.9866881042;
23.2420884586;0.0404259885;0.0051070643;1.9866878694;
23.2455078495;0.0404259870;0.0051070638;1.9866878077;
23.2523466314;0.0404259825;0.0051070628;1.9866875728;
23.2557660223;0.0404259810;0.0051070623;1.9866875114;
23.2626048042;0.0404259765;0.0051070613;1.9866872766;
23.2660241952;0.0404259750;0.0051070608;1.9866872156;
23.2728629770;0.0404259704;0.0051070598;1.9866869807;
23.2762823680;0.0404259690;0.0051070593;1.9866869201;
23.2831211498;0.0404259644;0.0051070582;1.9866866852;
23.2865405408;0.0404259630;0.0051070578;1.9866866249;
23.2933793226;0.0404259584;0.0051070567;1.9866863900;
23.2967987136;0.0404259570;0.0051070562;1.9866863301;
23.3036374954;0.0404259524;0.0051070552;1.9866860952;
23.3070568864;0.0404259510;0.0051070547;1.9866860356;
23.3138956682;0.0404259464;0.0051070537;1.9866858007;
23.3173150592;0.0404259450;0.0051070532;1.9866857415;
23.3241538410;0.0404259404;0.0051070522;1.9866855066;
23.3275732320;0.0404259390;0.0051070517;1.9866854477;
23.3344120138;0.0404259345;0.0051070507;1.9866852128;
23.3378314048;0.0404259330;0.0051070502;1.9866851543;
23.3446701866;0.0404259285;0.0051070492;1.9866849193;
23.3480895776;0.0404259271;0.0051070487;1.9866848613;
23.3549283594;0.0404259225;0.0051070477;1.9866846262;
23.3583477504;0.0404259211;0.0051070472;1.9866845685;
23.3651865322;0.0404259166;0.0051070462;1.9866843335;
23.3686059232;0.0404259152;0.0051070457;1.9866842762;
23.3754447050;0.0404259106;0.0051070447;1.9866840411;
23.3788640960;0.0404259092;0.0051070442;1.9866839842;
23.3857028778;0.0404259047;0.0051070432;1.9866837491;
23.3891222688;0.0404259033;0.0051070427;1.9866836925;
23.3959610506;0.0404258988;0.0051070417;1.9866834573;
23.3993804416;0.0404258974;0.0051070412;1.9866834012;
23.4062192234;0.0404258928;0.0051070402;1.9866831660;
23.4096386144;0.0404258914;0.0051070397;1.9866831102;
23.4164773962;0.0404258869;0.0051070387;1.9866828750;
23.4198967872;0.0404258855;0.0051070382;1.9866828195;
23.4267355690;0.0404258810;0.0051070372;1.9866825843;
23.4301549600;0.0404258796;0.0051070367;1.9866825293;
23.4369937418;0.0404258751;0.0051070357;1.9866822940;
23.4404131328;0.0404258737;0.0051070352;1.9866822393;
23.4472519147;0.0404258692;0.0051070342;1.9866820040;
23.4506713056;0.0404258678;0.0051070337;1.9866819497;
23.4575100875;0.0404258633;0.0051070327;1.9866817143;
23.4609294784;0.0404258619;0.0051070322;1.9866816605;
23.4677682603;0.0404258574;0.0051070312;1.9866814250;
23.4711876512;0.0404258561;0.0051070307;1.9866813715;
23.4780264331;0.0404258515;0.0051070297;1.9866811361;
23.4814458240;0.0404258502;0.0051070293;1.9866810830;
23.4882846059;0.0404258457;0.0051070283;1.9866808475;
23.4917039968;0.0404258443;0.0051070278;1.9866807947;
23.4985427787;0.0404258398;0.0051070268;1.9866805592;
23.5019621696;0.0404258385;0.0051070263;1.9866805069;
23.5088009515;0.0404258339;0.0051070253;1.9866802712;
23.5122203424;0.0404258326;0.0051070248;1.9866802193;
23.5190591243;0.0404258281;0.0051070238;1.9866799836;
23.5224785152;0.0404258268;0.0051070233;1.9866799321;
23.5293172971;0.0404258223;0.0051070223;1.9866796964;
23.5327366880;0.0404258209;0.0051070219;1.9866796452;
23.5395754699;0.0404258164;0.0051070209;1.9866794095;
23.5429948608;0.0404258151;0.0051070204;1.9866793587;
23.5498336427;0.0404258106;0.0051070194;1.9866791229;
23.5532530336;0.0404258093;0.0051070189;1.9866790725;
23.5600918155;0.0404258048;0.0051070179;1.9866788366;
23.5635112064;0.0404258035;0.0051070175;1.9866787867;
23.5703499883;0.0404257989;0.0051070165;1.9866785507;
23.5737693792;0.0404257977;0.0051070160;1.9866785012;
23.5806081611;0.0404257931;0.0051070150;1.9866782652;
23.5840275520;0.0404257919;0.0051070145;1.9866782160;
23.5908663339;0.0404257873;0.0051070135;1.9866779799;
23.5942857248;0.0404257861;0.0051070131;1.9866779312;
23.6011245067;0.0404257815;0.0051070121;1.9866776950;
23.6045438976;0.0404257803;0.0051070116;1.9866776467;
23.6113826795;0.0404257758;0.0051070106;1.9866774105;
23.6148020704;0.0404257745;0.0051070101;1.9866773625;
23.6216408523;0.0404257700;0.0051070091;1.9866771262;
23.6250602432;0.0404257687;0.0051070087;1.9866770787;
23.6318990251;0.0404257642;0.0051070077;1.9866768423;
23.6353184160;0.0404257629;0.0051070072;1.9866767952;
23.6421571979;0.0404257584;0.0051070062;1.9866765588;
23.6455765888;0.0404257572;0.0051070058;1.9866765121;
23.6524153707;0.0404257527;0.0051070048;1.9866762755;
23.6558347616;0.0404257514;0.0051070043;1.9866762293;
23.6626735435;0.0404257469;0.0051070033;1.9866759927;
23.6660929344;0.0404257457;0.0051070029;1.9866759468;
23.6729317163;0.0404257412;0.0051070019;1.9866757101;
23.6763511072;0.0404257399;0.0051070014;1.9866756646;
23.6831898891;0.0404257354;0.0051070004;1.9866754279;
23.6866092800;0.0404257342;0.0051070000;1.9866753828;
23.6934480619;0.0404257297;0.0051069990;1.9866751460;
23.6968674528;0.0404257285;0.0051069985;1.9866751013;
23.7037062347;0.0404257240;0.0051069975;1.9866748644;
23.7071256256;0.0404257228;0.0051069971;1.9866748202;
23.7139644075;0.0404257182;0.0051069961;1.9866745831;
23.7173837984;0.0404257170;0.0051069956;1.9866745394;
23.7242225803;0.0404257125;0.0051069946;1.9866743022;
23.7276419712;0.0404257113;0.0051069942;1.9866742589;
23.7344807531;0.0404257068;0.0051069932;1.9866740217;
23.7379001440;0.0404257056;0.0051069927;1.9866739787;
23.7447389259;0.0404257011;0.0051069918;1.9866737414;
23.7481583168;0.0404256999;0.0051069913;1.9866736989;
23.7549970987;0.0404256954;0.0051069903;1.9866734615;
23.7584164896;0.0404256943;0.0051069899;1.9866734194;
23.7652552715;0.0404256897;0.0051069889;1.9866731819;
23.7686746624;0.0404256886;0.0051069884;1.9866731402;
23.7755134443;0.0404256841;0.0051069875;1.9866729026;
23.7789328352;0.0404256829;0.0051069870;1.9866728614;
23.7857716171;0.0404256784;0.0051069860;1.9866726237;
23.7891910080;0.0404256772;0.0051069856;1.9866725829;
23.7960297899;0.0404256727;0.0051069846;1.9866723451;
23.7994491808;0.0404256716;0.0051069841;1.9866723047;
23.8062879627;0.0404256671;0.0051069832;1.9866720668;
23.8097073537;0.0404256659;0.0051069827;1.9866720268;
23.8165461355;0.0404256614;0.0051069817;1.9866717888;
23.8199655265;0.0404256603;0.0051069813;1.9866717493;
23.8268043083;0.0404256558;0.0051069803;1.9866715112;
23.8302236993;0.0404256546;0.0051069799;1.9866714721;
23.8370624811;0.0404256501;0.0051069789;1.9866712339;
23.8404818721;0.0404256490;0.0051069784;1.9866711953;
23.8473206539;0.0404256445;0.0051069775;1.9866709569;
23.8507400449;0.0404256434;0.0051069770;1.9866709187;
23.8575788267;0.0404256389;0.0051069760;1.9866706802;
23.8609982177;0.0404256377;0.0051069756;1.9866706425;
23.8678369995;0.0404256332;0.0051069746;1.9866704039;
23.8712563905;0.0404256321;0.0051069742;1.9866703666;
23.8780951723;0.0404256276;0.0051069732;1.9866701279;
23.8815145633;0.0404256265;0.0051069728;1.9866700910;
23.8883533451;0.0404256220;0.0051069718;1.9866698522;
23.8917727361;0.0404256209;0.0051069713;1.9866698158;
23.8986115179;0.0404256164;0.0051069704;1.9866695768;
23.9020309089;0.0404256153;0.0051069699;1.9866695408;
23.9088696907;0.0404256108;0.0051069690;1.9866693018;
23.9122890817;0.0404256097;0.0051069685;1.9866692662;
23.9191278635;0.0404256052;0.0051069675;1.9866690270;
23.9225472545;0.0404256042;0.0051069671;1.9866689920;
23.9293860363;0.0404255996;0.0051069661;1.9866687526;
23.9328054273;0.0404255986;0.0051069657;1.9866687180;
23.9396442091;0.0404255941;0.0051069647;1.9866684785;
23.9430636001;0.0404255930;0.0051069643;1.9866684444;
23.9499023819;0.0404255885;0.0051069633;1.9866682048;
23.9533217729;0.0404255875;0.0051069629;1.9866681711;
23.9601605547;0.0404255829;0.0051069619;1.9866679313;
23.9635799457;0.0404255819;0.0051069615;1.9866678981;
23.9704187275;0.0404255774;0.0051069605;1.9866676582;
23.9738381185;0.0404255764;0.0051069601;1.9866676254;
23.9806769003;0.0404255718;0.0051069591;1.9866673854;
23.9840962913;0.0404255708;0.0051069587;1.9866673531;
23.9909350732;0.0404255663;0.0051069577;1.9866671129;
23.9943544641;0.0404255653;0.0051069573;1.9866670810;
24.0011932460;0.0404255608;0.0051069563;1.9866668407;
24.0046126369;0.0404255598;0.0051069559;1.9866668093;
24.0114514188;0.0404255552;0.0051069549;1.9866665689;
24.0148708097;0.0404255542;0.0051069545;1.9866665379;
24.0217095916;0.0404255497;0.0051069535;1.9866662973;
24.0251289825;0.0404255487;0.0051069531;1.9866662668;
24.0319677644;0.0404255442;0.0051069521;1.9866660261;
24.0353871553;0.0404255432;0.0051069517;1.9866659961;
24.0422259372;0.0404255387;0.0051069507;1.9866657552;
24.0456453281;0.0404255377;0.0051069503;1.9866657256;
24.0524841100;0.0404255332;0.0051069494;1.9866654846;
24.0559035009;0.0404255322;0.0051069489;1.9866654555;
24.0627422828;0.0404255277;0.0051069480;1.9866652143;
24.0661616737;0.0404255267;0.0051069475;1.9866651857;
24.0730004556;0.0404255222;0.0051069466;1.9866649443;
24.0764198465;0.0404255212;0.0051069461;1.9866649162;
24.0832586284;0.0404255167;0.0051069452;1.9866646747;
24.0866780193;0.0404255158;0.0051069448;1.9866646470;
24.0935168012;0.0404255112;0.0051069438;1.9866644053;
24.0969361921;0.0404255103;0.0051069434;1.9866643782;
24.1037749740;0.0404255058;0.0051069424;1.9866641363;
24.1071943649;0.0404255048;0.0051069420;1.9866641096;
24.1140331468;0.0404255003;0.0051069411;1.9866638676;
24.1174525377;0.0404254994;0.0051069406;1.9866638414;
24.1242913196;0.0404254948;0.0051069397;1.9866635992;
24.1277107105;0.0404254939;0.0051069392;1.9866635734;
24.1345494924;0.0404254894;0.0051069383;1.9866633311;
24.1379688833;0.0404254885;0.0051069379;1.9866633058;
24.1448076652;0.0404254839;0.0051069369;1.9866630633;
24.1482270561;0.0404254830;0.0051069365;1.9866630385;
24.1550658380;0.0404254785;0.0051069356;1.9866627958;
24.1584852289;0.0404254776;0.0051069351;1.9866627716;
24.1653240108;0.0404254731;0.0051069342;1.9866625286;
24.1687434017;0.0404254722;0.0051069338;1.9866625049;
24.1755821836;0.0404254676;0.0051069328;1.9866622618;
24.1790015745;0.0404254667;0.0051069324;1.9866622385;
24.1858403564;0.0404254622;0.0051069314;1.9866619952;
24.1892597473;0.0404254613;0.0051069310;1.9866619725;
24.1960985292;0.0404254568;0.0051069301;1.9866617290;
24.1995179201;0.0404254559;0.0051069296;1.9866617067;
24.2063567020;0.0404254514;0.0051069287;1.9866614631;
24.2097760929;0.0404254505;0.0051069283;1.9866614413;
24.2166148748;0.0404254460;0.0051069273;1.9866611975;
24.2200342657;0.0404254451;0.0051069269;1.9866611762;
24.2268730476;0.0404254406;0.0051069260;1.9866609321;
24.2302924385;0.0404254397;0.0051069256;1.9866609114;
24.2371312204;0.0404254352;0.0051069246;1.9866606671;
24.2405506113;0.0404254344;0.0051069242;1.9866606468;
24.2473893932;0.0404254298;0.0051069233;1.9866604024;
24.2508087841;0.0404254290;0.0051069228;1.9866603826;
24.2576475660;0.0404254244;0.0051069219;1.9866601380;
24.2610669569;0.0404254236;0.0051069215;1.9866601188;
24.2679057388;0.0404254191;0.0051069206;1.9866598739;
24.2713251297;0.0404254182;0.0051069201;1.9866598552;
24.2781639116;0.0404254137;0.0051069192;1.9866596102;
24.2815833025;0.0404254129;0.0051069188;1.9866595919;
24.2884220844;0.0404254083;0.0051069178;1.9866593467;
24.2918414753;0.0404254075;0.0051069174;1.9866593289;
24.2986802572;0.0404254030;0.0051069165;1.9866590835;
24.3020996481;0.0404254022;0.0051069161;1.9866590663;
24.3089384300;0.0404253976;0.0051069151;1.9866588206;
24.3123578209;0.0404253969;0.0051069147;1.9866588039;
24.3191966028;0.0404253923;0.0051069138;1.9866585581;
24.3226159937;0.0404253915;0.0051069134;1.9866585418;
24.3294547756;0.0404253870;0.0051069125;1.9866582958;
24.3328741665;0.0404253862;0.0051069120;1.9866582801;
24.3397129484;0.0404253816;0.0051069111;1.9866580338;
24.3431323393;0.0404253809;0.0051069107;1.9866580186;
24.3499711212;0.0404253763;0.0051069098;1.9866577722;
24.3533905122;0.0404253756;0.0051069093;1.9866577575;
24.3602292940;0.0404253710;0.0051069084;1.9866575108;
24.3636486850;0.0404253703;0.0051069080;1.9866574967;
24.3704874668;0.0404253657;0.0051069071;1.9866572497;
24.3739068578;0.0404253650;0.0051069067;1.9866572361;
24.3807456396;0.0404253604;0.0051069057;1.9866569890;
24.3841650306;0.0404253597;0.0051069053;1.9866569759;
24.3910038124;0.0404253551;0.0051069044;1.9866567285;
24.3944232034;0.0404253544;0.0051069040;1.9866567160;
24.4012619852;0.0404253498;0.0051069031;1.9866564683;
24.4046813762;0.0404253491;0.0051069027;1.9866564563;
24.4115201580;0.0404253445;0.0051069017;1.9866562085;
24.4149395490;0.0404253438;0.0051069013;1.9866561970;
24.4217783308;0.0404253392;0.0051069004;1.9866559489;
24.4251977218;0.0404253385;0.0051069000;1.9866559380;
24.4320365036;0.0404253340;0.0051068991;1.9866556896;
24.4354558946;0.0404253333;0.0051068987;1.9866556792;
24.4422946764;0.0404253287;0.0051068977;1.9866554306;
24.4457140674;0.0404253280;0.0051068973;1.9866554208;
24.4525528492;0.0404253234;0.0051068964;1.9866551720;
24.4559722402;0.0404253228;0.0051068960;1.9866551627;
24.4628110220;0.0404253182;0.0051068951;1.9866549136;
24.4662304130;0.0404253175;0.0051068947;1.9866549048;
24.4730691948;0.0404253129;0.0051068938;1.9866546555;
24.4764885858;0.0404253123;0.0051068934;1.9866546473;
24.4833273676;0.0404253077;0.0051068924;1.9866543977;
24.4867467586;0.0404253070;0.0051068920;1.9866543900;
24.4935855404;0.0404253025;0.0051068911;1.9866541402;
24.4970049314;0.0404253018;0.0051068907;1.9866541331;
24.5038437132;0.0404252972;0.0051068898;1.9866538830;
24.5072631042;0.0404252966;0.0051068894;1.9866538764;
24.5141018860;0.0404252920;0.0051068885;1.9866536261;
24.5175212770;0.0404252914;0.0051068881;1.9866536201;
24.5243600588;0.0404252868;0.0051068872;1.9866533695;
24.5277794498;0.0404252862;0.0051068868;1.9866533640;
24.5346182317;0.0404252816;0.0051068858;1.9866531132;
24.5380376226;0.0404252810;0.0051068854;1.9866531083;
24.5448764045;0.0404252764;0.0051068845;1.9866528572;
24.5482957954;0.0404252758;0.0051068841;1.9866528528;
24.5551345773;0.0404252712;0.0051068832;1.9866526014;
24.5585539682;0.0404252706;0.0051068828;1.9866525976;
24.5653927501;0.0404252660;0.0051068819;1.9866523460;
24.5688121410;0.0404252654;0.0051068815;1.9866523428;
24.5756509229;0.0404252608;0.0051068806;1.9866520908;
24.5790703138;0.0404252602;0.0051068802;1.9866520882;
24.5859090957;0.0404252556;0.0051068793;1.9866518360;
24.5893284866;0.0404252550;0.0051068789;1.9866518339;
24.5961672685;0.0404252504;0.0051068780;1.9866515814;
24.5995866594;0.0404252499;0.0051068776;1.9866515799;
24.6064254413;0.0404252453;0.0051068767;1.9866513271;
24.6098448322;0.0404252447;0.0051068763;1.9866513262;
24.6166836141;0.0404252401;0.0051068754;1.9866510732;
24.6201030050;0.0404252395;0.0051068750;1.9866510728;
24.6269417869;0.0404252349;0.0051068741;1.9866508195;
24.6303611778;0.0404252344;0.0051068737;1.9866508196;
24.6371999597;0.0404252298;0.0051068728;1.9866505660;
24.6406193506;0.0404252292;0.0051068724;1.9866505668;
24.6474581325;0.0404252246;0.0051068715;1.9866503129;
24.6508775234;0.0404252241;0.0051068711;1.9866503143;
24.6577163053;0.0404252195;0.0051068702;1.9866500601;
24.6611356962;0.0404252190;0.0051068698;1.9866500620;
24.6679744781;0.0404252144;0.0051068689;1.9866498075;
24.6713938690;0.0404252138;0.0051068685;1.9866498100;
24.6782326509;0.0404252092;0.0051068676;1.9866495553;
24.6816520418;0.0404252087;0.0051068672;1.9866495584;
24.6884908237;0.0404252041;0.0051068663;1.9866493033;
24.6919102146;0.0404252036;0.0051068659;1.9866493070;
24.6987489965;0.0404251990;0.0051068650;1.9866490516;
24.7021683874;0.0404251985;0.0051068646;1.9866490559;
24.7090071693;0.0404251939;0.0051068637;1.9866488002;
24.7124265602;0.0404251934;0.0051068633;1.9866488051;
24.7192653421;0.0404251888;0.0051068624;1.9866485491;
24.7226847330;0.0404251883;0.0051068620;1.9866485546;
24.7295235149;0.0404251837;0.0051068611;1.9866482983;
24.7329429058;0.0404251832;0.0051068607;1.9866483043;
24.7397816877;0.0404251786;0.0051068599;1.9866480477;
24.7432010786;0.0404251781;0.0051068595;1.9866480544;
24.7500398605;0.0404251735;0.0051068586;1.9866477975;
24.7534592514;0.0404251730;0.0051068582;1.9866478047;
24.7602980333;0.0404251684;0.0051068573;1.9866475475;
24.7637174242;0.0404251680;0.0051068569;1.9866475553;
24.7705562061;0.0404251633;0.0051068560;1.9866472978;
24.7739755970;0.0404251629;0.0051068556;1.9866473062;
24.7808143789;0.0404251583;0.0051068547;1.9866470484;
24.7842337698;0.0404251578;0.0051068543;1.9866470574;
24.7910725517;0.0404251532;0.0051068534;1.9866467992;
24.7944919426;0.0404251528;0.0051068531;1.9866468089;
24.8013307245;0.0404251481;0.0051068522;1.9866465504;
24.8047501154;0.0404251477;0.0051068518;1.9866465607;
24.8115888973;0.0404251431;0.0051068509;1.9866463018;
24.8150082882;0.0404251427;0.0051068505;1.9866463127;
24.8218470701;0.0404251380;0.0051068496;1.9866460535;
24.8252664610;0.0404251376;0.0051068492;1.9866460650;
24.8321052429;0.0404251330;0.0051068483;1.9866458055;
24.8355246338;0.0404251326;0.0051068480;1.9866458176;
24.8423634157;0.0404251279;0.0051068471;1.9866455578;
24.8457828066;0.0404251276;0.0051068467;1.9866455705;
24.8526215885;0.0404251229;0.0051068458;1.9866453103;
24.8560409794;0.0404251226;0.0051068454;1.9866453237;
24.8628797613;0.0404251179;0.0051068445;1.9866450631;
24.8662991522;0.0404251175;0.0051068442;1.9866450771;
24.8731379341;0.0404251129;0.0051068433;1.9866448162;
24.8765573250;0.0404251125;0.0051068429;1.9866448309;
24.8833961069;0.0404251079;0.0051068420;1.9866445696;
24.8868154978;0.0404251075;0.0051068416;1.9866445849;
24.8936542797;0.0404251028;0.0051068407;1.9866443233;
24.8970736707;0.0404251025;0.0051068404;1.9866443392;
24.9039124525;0.0404250978;0.0051068395;1.9866440772;
24.9073318435;0.0404250975;0.0051068391;1.9866440937;
24.9141706253;0.0404250928;0.0051068382;1.9866438314;
24.9175900163;0.0404250925;0.0051068378;1.9866438486;
24.9244287981;0.0404250879;0.0051068370;1.9866435859;
24.9278481891;0.0404250876;0.0051068366;1.9866436037;
24.9346869709;0.0404250829;0.0051068357;1.9866433407;
24.9381063619;0.0404250826;0.0051068353;1.9866433591;
24.9449451437;0.0404250779;0.0051068344;1.9866430957;
24.9483645347;0.0404250776;0.0051068341;1.9866431148;
24.9552033165;0.0404250729;0.0051068332;1.9866428510;
24.9586227075;0.0404250726;0.0051068328;1.9866428708;
24.9654614893;0.0404250679;0.0051068319;1.9866426066;
24.9688808803;0.0404250677;0.0051068316;1.9866426270;
24.9757196621;0.0404250630;0.0051068307;1.9866423625;
24.9791390531;0.0404250627;0.0051068303;1.9866423835;
24.9859778349;0.0404250580;0.0051068294;1.9866421186;
24.9893972259;0.0404250578;0.0051068291;1.9866421403;
24.9962360077;0.0404250531;0.0051068282;1.9866418750;
24.9996553987;0.0404250528;0.0051068278;1.9866418974;
25.0064941805;0.0404250481;0.0051068269;1.9866416317;
25.0099135715;0.0404250479;0.0051068266;1.9866416547;
25.0167523533;0.0404250432;0.0051068257;1.9866413887;
25.0201717443;0.0404250430;0.0051068253;1.9866414123;
25.0270105261;0.0404250382;0.0051068244;1.9866411459;
25.0304299171;0.0404250380;0.0051068241;1.9866411702;
25.0372686989;0.0404250333;0.0051068232;1.9866409034;
25.0406880899;0.0404250331;0.0051068228;1.9866409284;
25.0475268717;0.0404250284;0.0051068220;1.9866406612;
25.0509462627;0.0404250282;0.0051068216;1.9866406868;
25.0577850445;0.0404250235;0.0051068207;1.9866404192;
25.0612044355;0.0404250233;0.0051068203;1.9866404455;
25.0680432173;0.0404250186;0.0051068195;1.9866401775;
25.0714626083;0.0404250184;0.0051068191;1.9866402045;
25.0783013902;0.0404250137;0.0051068182;1.9866399361;
25.0817207811;0.0404250135;0.0051068179;1.9866399638;
25.0885595630;0.0404250087;0.0051068170;1.9866396950;
25.0919789539;0.0404250086;0.0051068166;1.9866397233;
25.0988177358;0.0404250039;0.0051068158;1.9866394541;
25.1022371267;0.0404250037;0.0051068154;1.9866394831;
25.1090759086;0.0404249990;0.0051068145;1.9866392135;
25.1124952995;0.0404249988;0.0051068142;1.9866392431;
25.1193340814;0.0404249941;0.0051068133;1.9866389731;
25.1227534723;0.0404249940;0.0051068129;1.9866390035;
25.1295922542;0.0404249892;0.0051068121;1.9866387330;
25.1330116451;0.0404249891;0.0051068117;1.9866387641;
25.1398504270;0.0404249843;0.0051068108;1.9866384932;
25.1432698179;0.0404249842;0.0051068105;1.9866385250;
25.1501085998;0.0404249794;0.0051068096;1.9866382537;
25.1535279907;0.0404249794;0.0051068092;1.9866382861;
25.1603667726;0.0404249746;0.0051068084;1.9866380144;
25.1637861635;0.0404249745;0.0051068080;1.9866380475;
25.1706249454;0.0404249697;0.0051068072;1.9866377754;
25.1740443363;0.0404249697;0.0051068068;1.9866378092;
25.1808831182;0.0404249649;0.0051068059;1.9866375366;
25.1843025091;0.0404249648;0.0051068056;1.9866375711;
25.1911412910;0.0404249600;0.0051068047;1.9866372981;
25.1945606819;0.0404249600;0.0051068043;1.9866373334;
25.2013994638;0.0404249552;0.0051068035;1.9866370599;
25.2048188547;0.0404249551;0.0051068031;1.9866370958;
25.2116576366;0.0404249503;0.0051068023;1.9866368220;
25.2150770275;0.0404249503;0.0051068019;1.9866368586;
25.2219158094;0.0404249455;0.0051068010;1.9866365843;
25.2253352003;0.0404249455;0.0051068007;1.9866366216;
25.2321739822;0.0404249407;0.0051067998;1.9866363468;
25.2355933731;0.0404249407;0.0051067995;1.9866363849;
25.2424321550;0.0404249359;0.0051067986;1.9866361097;
25.2458515459;0.0404249359;0.0051067983;1.9866361484;
25.2526903278;0.0404249310;0.0051067974;1.9866358728;
25.2561097187;0.0404249311;0.0051067970;1.9866359122;
25.2629485006;0.0404249262;0.0051067962;1.9866356361;
25.2663678915;0.0404249263;0.0051067958;1.9866356763;
25.2732066734;0.0404249214;0.0051067950;1.9866353998;
25.2766260643;0.0404249215;0.0051067946;1.9866354407;
25.2834648462;0.0404249166;0.0051067938;1.9866351636;
25.2868842371;0.0404249167;0.0051067934;1.9866352053;
25.2937230190;0.0404249118;0.0051067926;1.9866349278;
25.2971424099;0.0404249119;0.0051067922;1.9866349701;
25.3039811918;0.0404249070;0.0051067913;1.9866346922;
25.3074005827;0.0404249071;0.0051067910;1.9866347353;
25.3142393646;0.0404249023;0.0051067901;1.9866344568;
25.3176587555;0.0404249023;0.0051067898;1.9866345006;
25.3244975374;0.0404248975;0.0051067889;1.9866342218;
25.3279169283;0.0404248976;0.0051067886;1.9866342663;
25.3347557102;0.0404248927;0.0051067877;1.9866339869;
25.3381751011;0.0404248928;0.0051067874;1.9866340322;
25.3450138830;0.0404248879;0.0051067865;1.9866337524;
25.3484332739;0.0404248880;0.0051067862;1.9866337984;
25.3552720558;0.0404248832;0.0051067853;1.9866335181;
25.3586914467;0.0404248833;0.0051067850;1.9866335648;
25.3655302286;0.0404248784;0.0051067841;1.9866332840;
25.3689496195;0.0404248785;0.0051067838;1.9866333315;
25.3757884014;0.0404248737;0.0051067829;1.9866330502;
25.3792077923;0.0404248738;0.0051067826;1.9866330985;
25.3860465742;0.0404248689;0.0051067817;1.9866328167;
25.3894659651;0.0404248691;0.0051067814;1.9866328657;
25.3963047470;0.0404248642;0.0051067805;1.9866325834;
25.3997241379;0.0404248643;0.0051067802;1.9866326332;
25.4065629198;0.0404248594;0.0051067793;1.9866323504;
25.4099823107;0.0404248596;0.0051067790;1.9866324009;
25.4168210926;0.0404248547;0.0051067781;1.9866321176;
25.4202404835;0.0404248549;0.0051067778;1.9866321689;
25.4270792654;0.0404248500;0.0051067770;1.9866318851;
25.4304986563;0.0404248502;0.0051067766;1.9866319371;
25.4373374382;0.0404248453;0.0051067758;1.9866316529;
25.4407568292;0.0404248455;0.0051067754;1.9866317056;
25.4475956110;0.0404248406;0.0051067746;1.9866314209;
25.4510150020;0.0404248407;0.0051067742;1.9866314744;
25.4578537838;0.0404248358;0.0051067734;1.9866311891;
25.4612731748;0.0404248360;0.0051067730;1.9866312434;
25.4681119566;0.0404248311;0.0051067722;1.9866309576;
25.4715313476;0.0404248314;0.0051067719;1.9866310127;
25.4783701294;0.0404248264;0.0051067710;1.9866307264;
25.4817895204;0.0404248267;0.0051067707;1.9866307822;
25.4886283022;0.0404248217;0.0051067698;1.9866304954;
25.4920476932;0.0404248220;0.0051067695;1.9866305520;
25.4988864750;0.0404248170;0.0051067686;1.9866302646;
25.5023058660;0.0404248173;0.0051067683;1.9866303221;
25.5091446478;0.0404248124;0.0051067675;1.9866300342;
25.5125640388;0.0404248126;0.0051067671;1.9866300924;
25.5194028206;0.0404248077;0.0051067663;1.9866298039;
25.5228222116;0.0404248080;0.0051067659;1.9866298629;
25.5296609934;0.0404248030;0.0051067651;1.9866295739;
25.5330803844;0.0404248033;0.0051067648;1.9866296337;
25.5399191662;0.0404247983;0.0051067639;1.9866293442;
25.5433385572;0.0404247986;0.0051067636;1.9866294048;
25.5501773390;0.0404247937;0.0051067628;1.9866291147;
25.5535967300;0.0404247940;0.0051067624;1.9866291761;
25.5604355118;0.0404247890;0.0051067616;1.9866288855;
25.5638549028;0.0404247893;0.0051067612;1.9866289477;
25.5706936846;0.0404247844;0.0051067604;1.9866286565;
25.5741130756;0.0404247847;0.0051067601;1.9866287195;
25.5809518574;0.0404247797;0.0051067592;1.9866284278;
25.5843712484;0.0404247801;0.0051067589;1.9866284915;
25.5912100302;0.0404247751;0.0051067581;1.9866281993;
25.5946294212;0.0404247754;0.0051067577;1.9866282639;
25.6014682030;0.0404247704;0.0051067569;1.9866279711;
25.6048875940;0.0404247708;0.0051067566;1.9866280364;
25.6117263758;0.0404247658;0.0051067557;1.9866277431;
25.6151457668;0.0404247662;0.0051067554;1.9866278093;
25.6219845487;0.0404247612;0.0051067546;1.9866275153;
25.6254039396;0.0404247616;0.0051067542;1.9866275823;
25.6322427215;0.0404247565;0.0051067534;1.9866272878;
25.6356621124;0.0404247569;0.0051067531;1.9866273556;
25.6425008943;0.0404247519;0.0051067522;1.9866270606;
25.6459202852;0.0404247523;0.0051067519;1.9866271292;
25.6527590671;0.0404247473;0.0051067511;1.9866268336;
25.6561784580;0.0404247477;0.0051067507;1.9866269030;
25.6630172399;0.0404247427;0.0051067499;1.9866266068;
25.6664366308;0.0404247431;0.0051067496;1.9866266771;
25.6732754127;0.0404247381;0.0051067487;1.9866263803;
25.6766948036;0.0404247385;0.0051067484;1.9866264514;
25.6835335855;0.0404247335;0.0051067476;1.9866261541;
25.6869529764;0.0404247340;0.0051067472;1.9866262260;
25.6937917583;0.0404247289;0.0051067464;1.9866259280;
25.6972111492;0.0404247294;0.0051067461;1.9866260008;
25.7040499311;0.0404247243;0.0051067453;1.9866257023;
25.7074693220;0.0404247248;0.0051067449;1.9866257759;
25.7143081039;0.0404247197;0.0051067441;1.9866254767;
25.7177274948;0.0404247202;0.0051067438;1.9866255512;
25.7245662767;0.0404247152;0.0051067430;1.9866252514;
25.7279856676;0.0404247157;0.0051067426;1.9866253267;
25.7348244495;0.0404247106;0.0051067418;1.9866250264;
25.7382438404;0.0404247111;0.0051067415;1.9866251025;
25.7450826223;0.0404247060;0.0051067406;1.9866248016;
25.7485020132;0.0404247065;0.0051067403;1.9866248786;
25.7553407951;0.0404247015;0.0051067395;1.9866245770;
25.7587601860;0.0404247020;0.0051067392;1.9866246548;
25.7655989679;0.0404246969;0.0051067383;1.9866243527;
25.7690183588;0.0404246974;0.0051067380;1.9866244314;
25.7758571407;0.0404246923;0.0051067372;1.9866241286;
25.7792765316;0.0404246929;0.0051067369;1.9866242082;
25.7861153135;0.0404246878;0.0051067361;1.9866239048;
25.7895347044;0.0404246884;0.0051067357;1.9866239852;
25.7963734863;0.0404246833;0.0051067349;1.9866236812;
25.7997928772;0.0404246838;0.0051067346;1.9866237624;
25.8066316591;0.0404246787;0.0051067338;1.9866234578;
25.8100510500;0.0404246793;0.0051067334;1.9866235400;
25.8168898319;0.0404246742;0.0051067326;1.9866232347;
25.8203092228;0.0404246748;0.0051067323;1.9866233177;
25.8271480047;0.0404246696;0.0051067315;1.9866230118;
25.8305673956;0.0404246703;0.0051067312;1.9866230957;
25.8374061775;0.0404246651;0.0051067303;1.9866227892;
25.8408255684;0.0404246657;0.0051067300;1.9866228739;
25.8476643503;0.0404246606;0.0051067292;1.9866225668;
25.8510837412;0.0404246612;0.0051067289;1.9866226524;
25.8579225231;0.0404246561;0.0051067281;1.9866223446;
25.8613419140;0.0404246567;0.0051067277;1.9866224311;
25.8681806959;0.0404246516;0.0051067269;1.9866221227;
25.8716000868;0.0404246522;0.0051067266;1.9866222101;
25.8784388687;0.0404246471;0.0051067258;1.9866219010;
25.8818582596;0.0404246477;0.0051067255;1.9866219893;
25.8886970415;0.0404246426;0.0051067247;1.9866216796;
25.8921164324;0.0404246433;0.0051067243;1.9866217687;
25.8989552143;0.0404246381;0.0051067235;1.9866214584;
25.9023746052;0.0404246388;0.0051067232;1.9866215484;
25.9092133871;0.0404246336;0.0051067224;1.9866212374;
25.9126327780;0.0404246343;0.0051067221;1.9866213283;
25.9194715599;0.0404246291;0.0051067213;1.9866210166;
25.9228909508;0.0404246298;0.0051067209;1.9866211085;
25.9297297327;0.0404246246;0.0051067201;1.9866207961;
25.9331491236;0.0404246254;0.0051067198;1.9866208889;
25.9399879055;0.0404246201;0.0051067190;1.9866205759;
25.9434072964;0.0404246209;0.0051067187;1.9866206695;
25.9502460783;0.0404246157;0.0051067179;1.9866203558;
25.9536654692;0.0404246164;0.0051067176;1.9866204504;
25.9605042511;0.0404246112;0.0051067167;1.9866201360;
25.9639236420;0.0404246120;0.0051067164;1.9866202315;
25.9707624239;0.0404246068;0.0051067156;1.9866199165;
25.9741818148;0.0404246075;0.0051067153;1.9866200129;
25.9810205967;0.0404246023;0.0051067145;1.9866196971;
25.9844399876;0.0404246031;0.0051067142;1.9866197945;
25.9912787695;0.0404245978;0.0051067134;1.9866194780;
25.9946981605;0.0404245986;0.0051067131;1.9866195763;
26.0015369423;0.0404245934;0.0051067123;1.9866192592;
26.0049563333;0.0404245942;0.0051067119;1.9866193584;
26.0117951151;0.0404245890;0.0051067111;1.9866190406;
26.0152145061;0.0404245898;0.0051067108;1.9866191407;
26.0220532879;0.0404245845;0.0051067100;1.9866188221;
26.0254726789;0.0404245854;0.0051067097;1.9866189232;
26.0323114607;0.0404245801;0.0051067089;1.9866186040;
26.0357308517;0.0404245809;0.0051067086;1.9866187060;
26.0425696335;0.0404245757;0.0051067078;1.9866183860;
26.0459890245;0.0404245765;0.0051067075;1.9866184890;
26.0528278063;0.0404245712;0.0051067067;1.9866181683;
26.0562471973;0.0404245721;0.0051067064;1.9866182722;
26.0630859791;0.0404245668;0.0051067056;1.9866179509;
26.0665053701;0.0404245677;0.0051067052;1.9866180557;
26.0733441519;0.0404245624;0.0051067044;1.9866177336;
26.0767635429;0.0404245633;0.0051067041;1.9866178394;
26.0836023247;0.0404245580;0.0051067033;1.9866175166;
26.0870217157;0.0404245589;0.0051067030;1.9866176233;
26.0938604975;0.0404245536;0.0051067022;1.9866172998;
26.0972798885;0.0404245545;0.0051067019;1.9866174075;
26.1041186703;0.0404245492;0.0051067011;1.9866170833;
26.1075380613;0.0404245501;0.0051067008;1.9866171919;
26.1143768431;0.0404245448;0.0051067000;1.9866168669;
26.1177962341;0.0404245457;0.0051066997;1.9866169765;
26.1246350159;0.0404245404;0.0051066989;1.9866166508;
26.1280544069;0.0404245414;0.0051066986;1.9866167614;
26.1348931887;0.0404245360;0.0051066978;1.9866164350;
26.1383125797;0.0404245370;0.0051066975;1.9866165465;
26.1451513615;0.0404245316;0.0051066967;1.9866162193;
26.1485707525;0.0404245326;0.0051066964;1.9866163318;
26.1554095343;0.0404245273;0.0051066956;1.9866160039;
26.1588289253;0.0404245283;0.0051066953;1.9866161174;
26.1656677071;0.0404245229;0.0051066945;1.9866157887;
26.1690870981;0.0404245239;0.0051066942;1.9866159032;
26.1759258800;0.0404245185;0.0051066934;1.9866155738;
26.1793452709;0.0404245196;0.0051066931;1.9866156892;
26.1861840528;0.0404245142;0.0051066923;1.9866153590;
26.1896034437;0.0404245152;0.0051066920;1.9866154754;
26.1964422256;0.0404245098;0.0051066912;1.9866151445;
26.1998616165;0.0404245109;0.0051066909;1.9866152619;
26.2067003984;0.0404245054;0.0051066901;1.9866149302;
26.2101197893;0.0404245065;0.0051066898;1.9866150486;
26.2169585712;0.0404245011;0.0051066890;1.9866147162;
26.2203779621;0.0404245022;0.0051066887;1.9866148356;
26.2272167440;0.0404244968;0.0051066879;1.9866145023;
26.2306361349;0.0404244979;0.0051066876;1.9866146227;
26.2374749168;0.0404244924;0.0051066868;1.9866142887;
26.2408943077;0.0404244935;0.0051066865;1.9866144101;
26.2477330896;0.0404244881;0.0051066857;1.9866140754;
26.2511524805;0.0404244892;0.0051066854;1.9866141977;
26.2579912624;0.0404244837;0.0051066846;1.9866138622;
26.2614106533;0.0404244849;0.0051066843;1.9866139856;
26.2682494352;0.0404244794;0.0051066835;1.9866136493;
26.2716688261;0.0404244806;0.0051066832;1.9866137737;
26.2785076080;0.0404244751;0.0051066824;1.9866134365;
26.2819269989;0.0404244763;0.0051066821;1.9866135620;
26.2887657808;0.0404244708;0.0051066814;1.9866132241;
26.2921851717;0.0404244720;0.0051066811;1.9866133505;
26.2990239536;0.0404244665;0.0051066803;1.9866130118;
26.3024433445;0.0404244677;0.0051066800;1.9866131392;
26.3092821264;0.0404244622;0.0051066792;1.9866127997;
26.3127015173;0.0404244634;0.0051066789;1.9866129282;
26.3195402992;0.0404244579;0.0051066781;1.9866125879;
26.3229596901;0.0404244591;0.0051066778;1.9866127174;
26.3297984720;0.0404244536;0.0051066770;1.9866123763;
26.3332178629;0.0404244548;0.0051066767;1.9866125069;
26.3400566448;0.0404244493;0.0051066759;1.9866121649;
26.3434760357;0.0404244505;0.0051066756;1.9866122965;
26.3503148176;0.0404244450;0.0051066748;1.9866119538;
26.3537342085;0.0404244462;0.0051066746;1.9866120864;
26.3605729904;0.0404244407;0.0051066738;1.9866117428;
26.3639923813;0.0404244420;0.0051066735;1.9866118765;
26.3708311632;0.0404244364;0.0051066727;1.9866115321;
26.3742505541;0.0404244377;0.0051066724;1.9866116668;
26.3810893360;0.0404244321;0.0051066716;1.9866113216;
26.3845087269;0.0404244334;0.0051066713;1.9866114574;
26.3913475088;0.0404244279;0.0051066705;1.9866111113;
26.3947668997;0.0404244292;0.0051066702;1.9866112481;
26.4016056816;0.0404244236;0.0051066695;1.9866109013;
26.4050250725;0.0404244249;0.0051066692;1.9866110391;
26.4118638544;0.0404244193;0.0051066684;1.9866106914;
26.4152832453;0.0404244207;0.0051066681;1.9866108304;
26.4221220272;0.0404244151;0.0051066673;1.9866104818;
26.4255414181;0.0404244164;0.0051066670;1.9866106218;
26.4323802000;0.0404244108;0.0051066662;1.9866102724;
26.4357995909;0.0404244122;0.0051066660;1.9866104135;
26.4426383728;0.0404244066;0.0051066652;1.9866100632;
26.4460577637;0.0404244080;0.0051066649;1.9866102053;
26.4528965456;0.0404244023;0.0051066641;1.9866098542;
26.4563159365;0.0404244037;0.0051066638;1.9866099974;
26.4631547184;0.0404243981;0.0051066630;1.9866096455;
26.4665741093;0.0404243995;0.0051066628;1.9866097898;
26.4734128912;0.0404243939;0.0051066620;1.9866094369;
26.4768322821;0.0404243953;0.0051066617;1.9866095823;
26.4836710640;0.0404243896;0.0051066609;1.9866092286;
26.4870904549;0.0404243911;0.0051066606;1.9866093751;
26.4939292368;0.0404243854;0.0051066598;1.9866090205;
26.4973486277;0.0404243869;0.0051066596;1.9866091680;
26.5041874096;0.0404243812;0.0051066588;1.9866088126;
26.5076068005;0.0404243827;0.0051066585;1.9866089612;
26.5144455824;0.0404243770;0.0051066577;1.9866086049;
26.5178649733;0.0404243784;0.0051066574;1.9866087547;
26.5247037552;0.0404243728;0.0051066567;1.9866083974;
26.5281231461;0.0404243743;0.0051066564;1.9866085483;
26.5349619280;0.0404243685;0.0051066556;1.9866081902;
26.5383813190;0.0404243701;0.0051066553;1.9866083422;
26.5452201008;0.0404243643;0.0051066545;1.9866079832;
26.5486394918;0.0404243659;0.0051066543;1.9866081362;
26.5554782736;0.0404243601;0.0051066535;1.9866077763;
26.5588976646;0.0404243617;0.0051066532;1.9866079305;
26.5657364464;0.0404243559;0.0051066524;1.9866075697;
26.5691558374;0.0404243575;0.0051066521;1.9866077250;
26.5759946192;0.0404243518;0.0051066514;1.9866073633;
26.5794140102;0.0404243533;0.0051066511;1.9866075198;
26.5862527920;0.0404243476;0.0051066503;1.9866071572;
26.5896721830;0.0404243491;0.0051066500;1.9866073147;
26.5965109648;0.0404243434;0.0051066493;1.9866069512;
26.5999303558;0.0404243450;0.0051066490;1.9866071099;
26.6067691376;0.0404243392;0.0051066482;1.9866067454;
26.6101885286;0.0404243408;0.0051066479;1.9866069052;
26.6170273104;0.0404243350;0.0051066471;1.9866065399;
26.6204467014;0.0404243367;0.0051066469;1.9866067008;
26.6272854832;0.0404243309;0.0051066461;1.9866063345;
26.6307048742;0.0404243325;0.0051066458;1.9866064966;
26.6375436560;0.0404243267;0.0051066450;1.9866061294;
26.6409630470;0.0404243284;0.0051066448;1.9866062927;
26.6478018288;0.0404243225;0.0051066440;1.9866059245;
26.6512212198;0.0404243242;0.0051066437;1.9866060889;
26.6580600016;0.0404243184;0.0051066430;1.9866057198;
26.6614793926;0.0404243201;0.0051066427;1.9866058853;
26.6683181744;0.0404243142;0.0051066419;1.9866055153;
26.6717375654;0.0404243159;0.0051066416;1.9866056820;
26.6785763472;0.0404243101;0.0051066409;1.9866053110;
26.6819957382;0.0404243118;0.0051066406;1.9866054789;
26.6888345200;0.0404243059;0.0051066398;1.9866051070;
26.6922539110;0.0404243077;0.0051066395;1.9866052760;
26.6990926928;0.0404243018;0.0051066388;1.9866049031;
26.7025120838;0.0404243035;0.0051066385;1.9866050733;
26.7093508656;0.0404242977;0.0051066377;1.9866046994;
26.7127702566;0.0404242994;0.0051066375;1.9866048708;
26.7196090385;0.0404242935;0.0051066367;1.9866044960;
26.7230284294;0.0404242953;0.0051066364;1.9866046685;
26.7298672113;0.0404242894;0.0051066357;1.9866042928;
26.7332866022;0.0404242912;0.0051066354;1.9866044665;
26.7401253841;0.0404242853;0.0051066346;1.9866040897;
26.7435447750;0.0404242871;0.0051066343;1.9866042646;
26.7503835569;0.0404242812;0.0051066336;1.9866038869;
26.7538029478;0.0404242830;0.0051066333;1.9866040630;
26.7606417297;0.0404242770;0.0051066325;1.9866036843;
26.7640611206;0.0404242789;0.0051066323;1.9866038615;
26.7708999025;0.0404242729;0.0051066315;1.9866034819;
26.7743192934;0.0404242748;0.0051066312;1.9866036603;
26.7811580753;0.0404242688;0.0051066305;1.9866032797;
26.7845774662;0.0404242707;0.0051066302;1.9866034593;
26.7914162481;0.0404242647;0.0051066294;1.9866030777;
26.7948356390;0.0404242666;0.0051066292;1.9866032585;
26.8016744209;0.0404242606;0.0051066284;1.9866028759;
26.8050938118;0.0404242625;0.0051066281;1.9866030579;
26.8119325937;0.0404242565;0.0051066274;1.9866026743;
26.8153519846;0.0404242585;0.0051066271;1.9866028576;
26.8221907665;0.0404242524;0.0051066264;1.9866024729;
26.8256101574;0.0404242544;0.0051066261;1.9866026574;
26.8324489393;0.0404242484;0.0051066253;1.9866022718;
26.8358683302;0.0404242503;0.0051066251;1.9866024575;
26.8427071121;0.0404242443;0.0051066243;1.9866020708;
26.8461265030;0.0404242463;0.0051066240;1.9866022577;
26.8529652849;0.0404242402;0.0051066233;1.9866018700;
26.8563846758;0.0404242422;0.0051066230;1.9866020582;
26.8632234577;0.0404242361;0.0051066222;1.9866016695;
26.8666428486;0.0404242381;0.0051066220;1.9866018588;
26.8734816305;0.0404242321;0.0051066212;1.9866014691;
26.8769010214;0.0404242341;0.0051066210;1.9866016597;
26.8837398033;0.0404242280;0.0051066202;1.9866012689;
26.8871591942;0.0404242300;0.0051066199;1.9866014608;
26.8939979761;0.0404242239;0.0051066192;1.9866010690;
26.8974173670;0.0404242260;0.0051066189;1.9866012621;
26.9042561489;0.0404242199;0.0051066182;1.9866008692;
26.9076755398;0.0404242220;0.0051066179;1.9866010636;
26.9145143217;0.0404242158;0.0051066171;1.9866006697;
26.9179337126;0.0404242179;0.0051066169;1.9866008653;
26.9247724945;0.0404242118;0.0051066161;1.9866004703;
26.9281918854;0.0404242139;0.0051066159;1.9866006672;
26.9350306673;0.0404242077;0.0051066151;1.9866002712;
26.9384500582;0.0404242099;0.0051066148;1.9866004693;
26.9452888401;0.0404242037;0.0051066141;1.9866000723;
26.9487082310;0.0404242058;0.0051066138;1.9866002716;
26.9555470129;0.0404241997;0.0051066131;1.9865998735;
26.9589664038;0.0404242018;0.0051066128;1.9866000742;
26.9658051857;0.0404241956;0.0051066120;1.9865996750;
26.9692245766;0.0404241978;0.0051066118;1.9865998769;
26.9760633585;0.0404241916;0.0051066110;1.9865994766;
26.9794827494;0.0404241938;0.0051066108;1.9865996798;
26.9863215313;0.0404241876;0.0051066100;1.9865992785;
26.9897409222;0.0404241898;0.0051066098;1.9865994830;
26.9965797041;0.0404241836;0.0051066090;1.9865990806;
26.9999990950;0.0404241858;0.0051066088;1.9865992863;
27.0068378769;0.0404241796;0.0051066080;1.9865988828;
27.0102572678;0.0404241818;0.0051066077;1.9865990899;
27.0170960497;0.0404241756;0.0051066070;1.9865986853;
27.0205154406;0.0404241778;0.0051066067;1.9865988936;
27.0273542225;0.0404241715;0.0051066060;1.9865984879;
27.0307736134;0.0404241738;0.0051066057;1.9865986976;
27.0376123953;0.0404241675;0.0051066050;1.9865982908;
27.0410317862;0.0404241698;0.0051066047;1.9865985017;
27.0478705681;0.0404241636;0.0051066040;1.9865980938;
27.0512899590;0.0404241658;0.0051066037;1.9865983061;
27.0581287409;0.0404241596;0.0051066030;1.9865978971;
27.0615481318;0.0404241619;0.0051066027;1.9865981106;
27.0683869137;0.0404241556;0.0051066020;1.9865977006;
27.0718063046;0.0404241579;0.0051066017;1.9865979154;
27.0786450865;0.0404241516;0.0051066010;1.9865975042;
27.0820644775;0.0404241539;0.0051066007;1.9865977204;
27.0889032593;0.0404241476;0.0051066000;1.9865973080;
27.0923226503;0.0404241500;0.0051065997;1.9865975255;
27.0991614321;0.0404241436;0.0051065990;1.9865971121;
27.1025808231;0.0404241460;0.0051065987;1.9865973309;
27.1094196049;0.0404241397;0.0051065980;1.9865969163;
27.1128389959;0.0404241420;0.0051065977;1.9865971365;
27.1196777777;0.0404241357;0.0051065970;1.9865967208;
27.1230971687;0.0404241381;0.0051065967;1.9865969422;
27.1299359505;0.0404241317;0.0051065960;1.9865965254;
27.1333553415;0.0404241341;0.0051065957;1.9865967482;
27.1401941233;0.0404241278;0.0051065950;1.9865963302;
27.1436135143;0.0404241302;0.0051065947;1.9865965544;
27.1504522961;0.0404241238;0.0051065940;1.9865961352;
27.1538716871;0.0404241263;0.0051065937;1.9865963608;
27.1607104689;0.0404241198;0.0051065930;1.9865959405;
27.1641298599;0.0404241223;0.0051065927;1.9865961673;
27.1709686417;0.0404241159;0.0051065920;1.9865957459;
27.1743880327;0.0404241184;0.0051065917;1.9865959741;
27.1812268145;0.0404241120;0.0051065910;1.9865955515;
27.1846462055;0.0404241145;0.0051065907;1.9865957811;
27.1914849873;0.0404241080;0.0051065900;1.9865953573;
27.1949043783;0.0404241105;0.0051065897;1.9865955882;
27.2017431601;0.0404241041;0.0051065890;1.9865951633;
27.2051625511;0.0404241066;0.0051065888;1.9865953956;
27.2120013329;0.0404241001;0.0051065880;1.9865949695;
27.2154207239;0.0404241027;0.0051065878;1.9865952031;
27.2222595057;0.0404240962;0.0051065870;1.9865947758;
27.2256788967;0.0404240988;0.0051065868;1.9865950109;
27.2325176785;0.0404240923;0.0051065860;1.9865945824;
27.2359370695;0.0404240949;0.0051065858;1.9865948189;
27.2427758513;0.0404240884;0.0051065850;1.9865943892;
27.2461952423;0.0404240910;0.0051065848;1.9865946270;
27.2530340241;0.0404240844;0.0051065841;1.9865941961;
27.2564534151;0.0404240871;0.0051065838;1.9865944354;
27.2632921970;0.0404240805;0.0051065831;1.9865940033;
27.2667115879;0.0404240832;0.0051065828;1.9865942439;
27.2735503698;0.0404240766;0.0051065821;1.9865938106;
27.2769697607;0.0404240793;0.0051065819;1.9865940527;
27.2838085426;0.0404240727;0.0051065811;1.9865936182;
27.2872279335;0.0404240754;0.0051065809;1.9865938616;
27.2940667154;0.0404240688;0.0051065801;1.9865934259;
27.2974861063;0.0404240715;0.0051065799;1.9865936707;
27.3043248882;0.0404240649;0.0051065791;1.9865932338;
27.3077442791;0.0404240676;0.0051065789;1.9865934801;
27.3145830610;0.0404240610;0.0051065782;1.9865930419;
27.3180024519;0.0404240638;0.0051065779;1.9865932896;
27.3248412338;0.0404240571;0.0051065772;1.9865928502;
27.3282606247;0.0404240599;0.0051065770;1.9865930993;
27.3350994066;0.0404240532;0.0051065762;1.9865926587;
27.3385187975;0.0404240560;0.0051065760;1.9865929092;
27.3453575794;0.0404240494;0.0051065752;1.9865924674;
27.3487769703;0.0404240522;0.0051065750;1.9865927193;
27.3556157522;0.0404240455;0.0051065743;1.9865922762;
27.3590351431;0.0404240483;0.0051065740;1.9865925296;
27.3658739250;0.0404240416;0.0051065733;1.9865920853;
27.3692933159;0.0404240445;0.0051065731;1.9865923401;
27.3761320978;0.0404240377;0.0051065723;1.9865918945;
27.3795514887;0.0404240406;0.0051065721;1.9865921508;
27.3863902706;0.0404240339;0.0051065713;1.9865917040;
27.3898096615;0.0404240368;0.0051065711;1.9865919617;
27.3966484434;0.0404240300;0.0051065704;1.9865915136;
27.4000678343;0.0404240329;0.0051065701;1.9865917728;
27.4069066162;0.0404240262;0.0051065694;1.9865913234;
27.4103260071;0.0404240291;0.0051065692;1.9865915840;
27.4171647890;0.0404240223;0.0051065684;1.9865911334;
27.4205841799;0.0404240252;0.0051065682;1.9865913955;
27.4274229618;0.0404240184;0.0051065675;1.9865909436;
27.4308423527;0.0404240214;0.0051065672;1.9865912071;
27.4376811346;0.0404240146;0.0051065665;1.9865907539;
27.4411005255;0.0404240176;0.0051065663;1.9865910190;
27.4479393074;0.0404240108;0.0051065655;1.9865905645;
27.4513586983;0.0404240137;0.0051065653;1.9865908310;
27.4581974802;0.0404240069;0.0051065646;1.9865903752;
27.4616168711;0.0404240099;0.0051065643;1.9865906433;
27.4684556530;0.0404240031;0.0051065636;1.9865901862;
27.4718750439;0.0404240061;0.0051065634;1.9865904557;
27.4787138258;0.0404239993;0.0051065626;1.9865899973;
27.4821332167;0.0404240023;0.0051065624;1.9865902683;
27.4889719986;0.0404239954;0.0051065617;1.9865898086;
27.4923913895;0.0404239985;0.0051065614;1.9865900811;
27.4992301714;0.0404239916;0.0051065607;1.9865896201;
27.5026495623;0.0404239947;0.0051065605;1.9865898941;
27.5094883442;0.0404239878;0.0051065597;1.9865894317;
27.5129077351;0.0404239909;0.0051065595;1.9865897072;
27.5197465170;0.0404239840;0.0051065588;1.9865892436;
27.5231659079;0.0404239871;0.0051065586;1.9865895206;
27.5300046898;0.0404239802;0.0051065578;1.9865890556;
27.5334240807;0.0404239833;0.0051065576;1.9865893342;
27.5402628626;0.0404239763;0.0051065569;1.9865888679;
27.5436822535;0.0404239795;0.0051065566;1.9865891479;
27.5505210354;0.0404239725;0.0051065559;1.9865886803;
27.5539404263;0.0404239757;0.0051065557;1.9865889619;
27.5607792082;0.0404239687;0.0051065550;1.9865884929;
27.5641985991;0.0404239719;0.0051065547;1.9865887760;
27.5710373810;0.0404239649;0.0051065540;1.9865883056;
27.5744567719;0.0404239682;0.0051065538;1.9865885903;
27.5812955538;0.0404239611;0.0051065530;1.9865881186;
27.5847149447;0.0404239644;0.0051065528;1.9865884048;
27.5915537266;0.0404239574;0.0051065521;1.9865879317;
27.5949731175;0.0404239606;0.0051065519;1.9865882195;
27.6018118994;0.0404239536;0.0051065511;1.9865877451;
27.6052312903;0.0404239568;0.0051065509;1.9865880343;
27.6120700722;0.0404239498;0.0051065502;1.9865875586;
27.6154894631;0.0404239531;0.0051065500;1.9865878494;
27.6223282450;0.0404239460;0.0051065492;1.9865873723;
27.6257476360;0.0404239493;0.0051065490;1.9865876647;
27.6325864178;0.0404239422;0.0051065483;1.9865871861;
27.6360058088;0.0404239456;0.0051065481;1.9865874801;
27.6428445906;0.0404239385;0.0051065473;1.9865870002;
27.6462639816;0.0404239418;0.0051065471;1.9865872957;
27.6531027634;0.0404239347;0.0051065464;1.9865868144;
27.6565221544;0.0404239381;0.0051065462;1.9865871115;
27.6633609362;0.0404239309;0.0051065454;1.9865866288;
27.6667803272;0.0404239343;0.0051065452;1.9865869275;
27.6736191090;0.0404239272;0.0051065445;1.9865864434;
27.6770385000;0.0404239306;0.0051065443;1.9865867437;
27.6838772818;0.0404239234;0.0051065436;1.9865862582;
27.6872966728;0.0404239268;0.0051065433;1.9865865601;
27.6941354546;0.0404239197;0.0051065426;1.9865860732;
27.6975548456;0.0404239231;0.0051065424;1.9865863766;
27.7043936274;0.0404239159;0.0051065417;1.9865858883;
27.7078130184;0.0404239194;0.0051065415;1.9865861934;
27.7146518002;0.0404239122;0.0051065407;1.9865857036;
27.7180711912;0.0404239157;0.0051065405;1.9865860103;
27.7249099730;0.0404239084;0.0051065398;1.9865855191;
27.7283293640;0.0404239119;0.0051065396;1.9865858274;
27.7351681458;0.0404239047;0.0051065388;1.9865853348;
27.7385875368;0.0404239082;0.0051065386;1.9865856447;
27.7454263186;0.0404239009;0.0051065379;1.9865851506;
27.7488457096;0.0404239045;0.0051065377;1.9865854621;
27.7556844914;0.0404238972;0.0051065370;1.9865849667;
27.7591038824;0.0404239008;0.0051065368;1.9865852798;
27.7659426642;0.0404238935;0.0051065360;1.9865847829;
27.7693620552;0.0404238971;0.0051065358;1.9865850976;
27.7762008370;0.0404238898;0.0051065351;1.9865845993;
27.7796202280;0.0404238934;0.0051065349;1.9865849156;
27.7864590098;0.0404238860;0.0051065342;1.9865844158;
27.7898784008;0.0404238897;0.0051065340;1.9865847339;
27.7967171826;0.0404238823;0.0051065332;1.9865842326;
27.8001365736;0.0404238860;0.0051065330;1.9865845522;
27.8069753555;0.0404238786;0.0051065323;1.9865840495;
27.8103947464;0.0404238823;0.0051065321;1.9865843708;
27.8172335283;0.0404238749;0.0051065314;1.9865838666;
27.8206529192;0.0404238786;0.0051065312;1.9865841896;
27.8274917011;0.0404238712;0.0051065304;1.9865836839;
27.8309110920;0.0404238749;0.0051065302;1.9865840085;
27.8377498739;0.0404238675;0.0051065295;1.9865835013;
27.8411692648;0.0404238712;0.0051065293;1.9865838276;
27.8480080467;0.0404238638;0.0051065286;1.9865833190;
27.8514274376;0.0404238676;0.0051065284;1.9865836469;
27.8582662195;0.0404238601;0.0051065276;1.9865831368;
27.8616856104;0.0404238639;0.0051065274;1.9865834664;
27.8685243923;0.0404238564;0.0051065267;1.9865829547;
27.8719437832;0.0404238602;0.0051065265;1.9865832860;
27.8787825651;0.0404238527;0.0051065258;1.9865827729;
27.8822019560;0.0404238566;0.0051065256;1.9865831059;
27.8890407379;0.0404238491;0.0051065249;1.9865825912;
27.8924601288;0.0404238529;0.0051065247;1.9865829259;
27.8992989107;0.0404238454;0.0051065239;1.9865824097;
27.9027183016;0.0404238492;0.0051065237;1.9865827461;
27.9095570835;0.0404238417;0.0051065230;1.9865822284;
27.9129764744;0.0404238456;0.0051065228;1.9865825665;
27.9198152563;0.0404238380;0.0051065221;1.9865820473;
27.9232346472;0.0404238419;0.0051065219;1.9865823870;
27.9300734291;0.0404238344;0.0051065212;1.9865818663;
27.9334928200;0.0404238383;0.0051065210;1.9865822078;
27.9403316019;0.0404238307;0.0051065202;1.9865816855;
27.9437509928;0.0404238346;0.0051065200;1.9865820287;
27.9505897747;0.0404238270;0.0051065193;1.9865815049;
27.9540091656;0.0404238310;0.0051065191;1.9865818498;
27.9608479475;0.0404238234;0.0051065184;1.9865813244;
27.9642673384;0.0404238274;0.0051065182;1.9865816710;
27.9711061203;0.0404238197;0.0051065175;1.9865811441;
27.9745255112;0.0404238237;0.0051065173;1.9865814925;
27.9813642931;0.0404238161;0.0051065166;1.9865809640;
27.9847836840;0.0404238201;0.0051065164;1.9865813141;
27.9916224659;0.0404238124;0.0051065157;1.9865807841;
27.9950418568;0.0404238165;0.0051065155;1.9865811359;
28.0018806387;0.0404238088;0.0051065147;1.9865806043;
28.0053000296;0.0404238129;0.0051065145;1.9865809579;
28.0121388115;0.0404238051;0.0051065138;1.9865804247;
28.0155582024;0.0404238092;0.0051065136;1.9865807801;
28.0223969843;0.0404238015;0.0051065129;1.9865802453;
28.0258163752;0.0404238056;0.0051065127;1.9865806024;
28.0326551571;0.0404237979;0.0051065120;1.9865800661;
28.0360745480;0.0404238020;0.0051065118;1.9865804249;
28.0429133299;0.0404237942;0.0051065111;1.9865798870;
28.0463327208;0.0404237984;0.0051065109;1.9865802476;
28.0531715027;0.0404237906;0.0051065102;1.9865797081;
28.0565908936;0.0404237948;0.0051065100;1.9865800705;
28.0634296755;0.0404237870;0.0051065093;1.9865795294;
28.0668490664;0.0404237912;0.0051065091;1.9865798935;
28.0736878483;0.0404237834;0.0051065084;1.9865793508;
28.0771072392;0.0404237876;0.0051065082;1.9865797168;
28.0839460211;0.0404237797;0.0051065074;1.9865791724;
28.0873654120;0.0404237840;0.0051065073;1.9865795402;
28.0942041939;0.0404237761;0.0051065065;1.9865789942;
28.0976235848;0.0404237804;0.0051065063;1.9865793637;
28.1044623667;0.0404237725;0.0051065056;1.9865788161;
28.1078817576;0.0404237768;0.0051065054;1.9865791875;
28.1147205395;0.0404237689;0.0051065047;1.9865786383;
28.1181399304;0.0404237732;0.0051065045;1.9865790114;
28.1249787123;0.0404237653;0.0051065038;1.9865784605;
28.1283981032;0.0404237697;0.0051065036;1.9865788355;
28.1352368851;0.0404237617;0.0051065029;1.9865782830;
28.1386562760;0.0404237661;0.0051065027;1.9865786598;
28.1454950579;0.0404237581;0.0051065020;1.9865781056;
28.1489144488;0.0404237625;0.0051065018;1.9865784842;
28.1557532307;0.0404237545;0.0051065011;1.9865779284;
28.1591726216;0.0404237590;0.0051065009;1.9865783088;
28.1660114035;0.0404237510;0.0051065002;1.9865777514;
28.1694307945;0.0404237554;0.0051065000;1.9865781336;
28.1762695763;0.0404237474;0.0051064993;1.9865775745;
28.1796889673;0.0404237518;0.0051064991;1.9865779586;
28.1865277491;0.0404237438;0.0051064984;1.9865773978;
28.1899471401;0.0404237483;0.0051064982;1.9865777837;
28.1967859219;0.0404237402;0.0051064975;1.9865772213;
28.2002053129;0.0404237447;0.0051064973;1.9865776090;
28.2070440947;0.0404237366;0.0051064966;1.9865770449;
28.2104634857;0.0404237412;0.0051064964;1.9865774345;
28.2173022675;0.0404237331;0.0051064957;1.9865768687;
28.2207216585;0.0404237376;0.0051064955;1.9865772602;
28.2275604403;0.0404237295;0.0051064948;1.9865766927;
28.2309798313;0.0404237341;0.0051064946;1.9865770860;
28.2378186131;0.0404237259;0.0051064939;1.9865765168;
28.2412380041;0.0404237305;0.0051064937;1.9865769120;
28.2480767859;0.0404237224;0.0051064930;1.9865763411;
28.2514961769;0.0404237270;0.0051064929;1.9865767382;
28.2583349587;0.0404237188;0.0051064921;1.9865761656;
28.2617543497;0.0404237235;0.0051064920;1.9865765645;
28.2685931315;0.0404237153;0.0051064912;1.9865759902;
28.2720125225;0.0404237199;0.0051064911;1.9865763910;
28.2788513043;0.0404237117;0.0051064904;1.9865758150;
28.2822706953;0.0404237164;0.0051064902;1.9865762177;
28.2891094771;0.0404237082;0.0051064895;1.9865756399;
28.2925288681;0.0404237129;0.0051064893;1.9865760446;
28.2993676499;0.0404237046;0.0051064886;1.9865754651;
28.3027870409;0.0404237094;0.0051064884;1.9865758716;
28.3096258227;0.0404237011;0.0051064877;1.9865752904;
28.3130452137;0.0404237058;0.0051064875;1.9865756988;
28.3198839955;0.0404236975;0.0051064868;1.9865751158;
28.3233033865;0.0404237023;0.0051064866;1.9865755262;
28.3301421683;0.0404236940;0.0051064859;1.9865749414;
28.3335615593;0.0404236988;0.0051064857;1.9865753537;
28.3404003411;0.0404236905;0.0051064850;1.9865747672;
28.3438197321;0.0404236953;0.0051064849;1.9865751814;
28.3506585140;0.0404236870;0.0051064841;1.9865745932;
28.3540779049;0.0404236918;0.0051064840;1.9865750093;
28.3609166868;0.0404236834;0.0051064833;1.9865744193;
28.3643360777;0.0404236883;0.0051064831;1.9865748374;
28.3711748596;0.0404236799;0.0051064824;1.9865742455;
28.3745942505;0.0404236848;0.0051064822;1.9865746656;
28.3814330324;0.0404236764;0.0051064815;1.9865740720;
28.3848524233;0.0404236813;0.0051064813;1.9865744940;
28.3916912052;0.0404236729;0.0051064806;1.9865738986;
28.3951105961;0.0404236778;0.0051064804;1.9865743225;
28.4019493780;0.0404236694;0.0051064797;1.9865737253;
28.4053687689;0.0404236744;0.0051064796;1.9865741512;
28.4122075508;0.0404236659;0.0051064788;1.9865735523;
28.4156269417;0.0404236709;0.0051064787;1.9865739801;
28.4224657236;0.0404236624;0.0051064780;1.9865733794;
28.4258851145;0.0404236674;0.0051064778;1.9865738092;
28.4327238964;0.0404236589;0.0051064771;1.9865732066;
28.4361432873;0.0404236639;0.0051064769;1.9865736384;
28.4429820692;0.0404236554;0.0051064762;1.9865730340;
28.4464014601;0.0404236605;0.0051064760;1.9865734678;
28.4532402420;0.0404236519;0.0051064753;1.9865728616;
28.4566596329;0.0404236570;0.0051064752;1.9865732974;
28.4634984148;0.0404236484;0.0051064745;1.9865726893;
28.4669178057;0.0404236535;0.0051064743;1.9865731271;
28.4737565876;0.0404236449;0.0051064736;1.9865725172;
28.4771759785;0.0404236501;0.0051064734;1.9865729570;
28.4840147604;0.0404236414;0.0051064727;1.9865723453;
28.4874341513;0.0404236466;0.0051064725;1.9865727870;
28.4942729332;0.0404236379;0.0051064718;1.9865721735;
28.4976923241;0.0404236431;0.0051064717;1.9865726173;
28.5045311060;0.0404236345;0.0051064710;1.9865720019;
28.5079504969;0.0404236397;0.0051064708;1.9865724477;
28.5147892788;0.0404236310;0.0051064701;1.9865718304;
28.5182086697;0.0404236363;0.0051064699;1.9865722782;
28.5250474516;0.0404236275;0.0051064692;1.9865716591;
28.5284668425;0.0404236328;0.0051064691;1.9865721089;
28.5353056244;0.0404236241;0.0051064684;1.9865714880;
28.5387250153;0.0404236294;0.0051064682;1.9865719398;
28.5455637972;0.0404236206;0.0051064675;1.9865713170;
28.5489831881;0.0404236259;0.0051064673;1.9865717709;
28.5558219700;0.0404236171;0.0051064666;1.9865711462;
28.5592413609;0.0404236225;0.0051064665;1.9865716021;
28.5660801428;0.0404236137;0.0051064657;1.9865709755;
28.5694995337;0.0404236191;0.0051064656;1.9865714335;
28.5763383156;0.0404236102;0.0051064649;1.9865708050;
28.5797577065;0.0404236156;0.0051064647;1.9865712650;
28.5865964884;0.0404236068;0.0051064640;1.9865706346;
28.5900158793;0.0404236122;0.0051064639;1.9865710968;
28.5968546612;0.0404236033;0.0051064632;1.9865704644;
28.6002740521;0.0404236088;0.0051064630;1.9865709286;
28.6071128340;0.0404235999;0.0051064623;1.9865702944;
28.6105322249;0.0404236054;0.0051064621;1.9865707607;
28.6173710068;0.0404235965;0.0051064614;1.9865701245;
28.6207903977;0.0404236020;0.0051064613;1.9865705929;
28.6276291796;0.0404235930;0.0051064606;1.9865699548;
28.6310485705;0.0404235985;0.0051064604;1.9865704253;
28.6378873524;0.0404235896;0.0051064597;1.9865697852;
28.6413067433;0.0404235951;0.0051064595;1.9865702578;
28.6481455252;0.0404235862;0.0051064588;1.9865696158;
28.6515649161;0.0404235917;0.0051064587;1.9865700905;
28.6584036980;0.0404235827;0.0051064580;1.9865694466;
28.6618230889;0.0404235883;0.0051064578;1.9865699233;
28.6686618708;0.0404235793;0.0051064571;1.9865692775;
28.6720812617;0.0404235849;0.0051064570;1.9865697564;
28.6789200436;0.0404235759;0.0051064563;1.9865691086;
28.6823394345;0.0404235815;0.0051064561;1.9865695895;
28.6891782164;0.0404235725;0.0051064554;1.9865689398;
28.6925976073;0.0404235782;0.0051064553;1.9865694229;
28.6994363892;0.0404235691;0.0051064546;1.9865687712;
28.7028557801;0.0404235748;0.0051064544;1.9865692564;
28.7096945620;0.0404235656;0.0051064537;1.9865686027;
28.7131139529;0.0404235714;0.0051064535;1.9865690901;
28.7199527348;0.0404235622;0.0051064528;1.9865684344;
28.7233721258;0.0404235680;0.0051064527;1.9865689239;
28.7302109076;0.0404235588;0.0051064520;1.9865682662;
28.7336302986;0.0404235646;0.0051064518;1.9865687579;
28.7404690804;0.0404235554;0.0051064511;1.9865680982;
28.7438884714;0.0404235612;0.0051064510;1.9865685920;
28.7507272532;0.0404235520;0.0051064503;1.9865679304;
28.7541466442;0.0404235579;0.0051064501;1.9865684264;
28.7609854260;0.0404235486;0.0051064494;1.9865677627;
28.7644048170;0.0404235545;0.0051064493;1.9865682608;
28.7712435988;0.0404235453;0.0051064486;1.9865675952;
28.7746629898;0.0404235511;0.0051064484;1.9865680955;
28.7815017716;0.0404235419;0.0051064477;1.9865674278;
28.7849211626;0.0404235478;0.0051064476;1.9865679303;
28.7917599444;0.0404235385;0.0051064469;1.9865672606;
28.7951793354;0.0404235444;0.0051064467;1.9865677652;
28.8020181172;0.0404235351;0.0051064460;1.9865670935;
28.8054375082;0.0404235411;0.0051064459;1.9865676003;
28.8122762900;0.0404235317;0.0051064452;1.9865669266;
28.8156956810;0.0404235377;0.0051064450;1.9865674356;
28.8225344628;0.0404235283;0.0051064443;1.9865667598;
28.8259538538;0.0404235344;0.0051064442;1.9865672710;
28.8327926356;0.0404235250;0.0051064435;1.9865665932;
28.8362120266;0.0404235310;0.0051064434;1.9865671066;
28.8430508084;0.0404235216;0.0051064427;1.9865664267;
28.8464701994;0.0404235277;0.0051064425;1.9865669424;
28.8533089812;0.0404235182;0.0051064418;1.9865662604;
28.8567283722;0.0404235243;0.0051064417;1.9865667783;
28.8635671540;0.0404235149;0.0051064410;1.9865660943;
28.8669865450;0.0404235210;0.0051064408;1.9865666144;
28.8738253268;0.0404235115;0.0051064401;1.9865659283;
28.8772447178;0.0404235177;0.0051064400;1.9865664506;
28.8840834996;0.0404235082;0.0051064393;1.9865657624;
28.8875028906;0.0404235143;0.0051064391;1.9865662870;
28.8943416724;0.0404235048;0.0051064384;1.9865655967;
28.8977610634;0.0404235110;0.0051064383;1.9865661235;
28.9045998453;0.0404235015;0.0051064376;1.9865654312;
28.9080192362;0.0404235077;0.0051064375;1.9865659602;
28.9148580181;0.0404234981;0.0051064368;1.9865652658;
28.9182774090;0.0404235044;0.0051064366;1.9865657971;
28.9251161909;0.0404234948;0.0051064359;1.9865651005;
28.9285355818;0.0404235011;0.0051064358;1.9865656341;
28.9353743637;0.0404234914;0.0051064351;1.9865649354;
28.9387937546;0.0404234978;0.0051064349;1.9865654713;
28.9456325365;0.0404234881;0.0051064342;1.9865647705;
28.9490519274;0.0404234944;0.0051064341;1.9865653086;
28.9558907093;0.0404234848;0.0051064334;1.9865646057;
28.9593101002;0.0404234911;0.0051064333;1.9865651461;
28.9661488821;0.0404234814;0.0051064326;1.9865644410;
28.9695682730;0.0404234878;0.0051064324;1.9865649837;
28.9764070549;0.0404234781;0.0051064317;1.9865642765;
28.9798264458;0.0404234845;0.0051064316;1.9865648215;
28.9866652277;0.0404234748;0.0051064309;1.9865641122;
28.9900846186;0.0404234812;0.0051064308;1.9865646595;
28.9969234005;0.0404234714;0.0051064301;1.9865639480;
29.0003427914;0.0404234779;0.0051064299;1.9865644976;
29.0071815733;0.0404234681;0.0051064292;1.9865637839;
29.0106009642;0.0404234747;0.0051064291;1.9865643359;
29.0174397461;0.0404234648;0.0051064284;1.9865636200;
29.0208591370;0.0404234714;0.0051064283;1.9865641743;
29.0276979189;0.0404234615;0.0051064276;1.9865634563;
29.0311173098;0.0404234681;0.0051064274;1.9865640129;
29.0379560917;0.0404234582;0.0051064268;1.9865632927;
29.0413754826;0.0404234648;0.0051064266;1.9865638516;
29.0482142645;0.0404234549;0.0051064259;1.9865631293;
29.0516336554;0.0404234615;0.0051064258;1.9865636905;
29.0584724373;0.0404234516;0.0051064251;1.9865629659;
29.0618918282;0.0404234582;0.0051064250;1.9865635295;
29.0687306101;0.0404234483;0.0051064243;1.9865628028;
29.0721500010;0.0404234550;0.0051064241;1.9865633687;
29.0789887829;0.0404234450;0.0051064234;1.9865626398;
29.0824081738;0.0404234517;0.0051064233;1.9865632081;
29.0892469557;0.0404234417;0.0051064226;1.9865624769;
29.0926663466;0.0404234484;0.0051064225;1.9865630476;
29.0995051285;0.0404234384;0.0051064218;1.9865623142;
29.1029245194;0.0404234452;0.0051064217;1.9865628873;
29.1097633013;0.0404234351;0.0051064210;1.9865621517;
29.1131826922;0.0404234419;0.0051064208;1.9865627271;
29.1200214741;0.0404234318;0.0051064201;1.9865619892;
29.1234408650;0.0404234387;0.0051064200;1.9865625670;
29.1302796469;0.0404234285;0.0051064193;1.9865618270;
29.1336990378;0.0404234354;0.0051064192;1.9865624072;
29.1405378197;0.0404234253;0.0051064185;1.9865616648;
29.1439572106;0.0404234322;0.0051064184;1.9865622474;
29.1507959925;0.0404234220;0.0051064177;1.9865615029;
29.1542153834;0.0404234289;0.0051064176;1.9865620879;
29.1610541653;0.0404234187;0.0051064169;1.9865613410;
29.1644735562;0.0404234257;0.0051064167;1.9865619284;
29.1713123381;0.0404234154;0.0051064160;1.9865611793;
29.1747317290;0.0404234224;0.0051064159;1.9865617692;
29.1815705109;0.0404234122;0.0051064152;1.9865610178;
29.1849899018;0.0404234192;0.0051064151;1.9865616101;
29.1918286837;0.0404234089;0.0051064144;1.9865608564;
29.1952480746;0.0404234160;0.0051064143;1.9865614511;
29.2020868565;0.0404234056;0.0051064136;1.9865606952;
29.2055062474;0.0404234127;0.0051064135;1.9865612923;
29.2123450293;0.0404234024;0.0051064128;1.9865605341;
29.2157644202;0.0404234095;0.0051064127;1.9865611336;
29.2226032021;0.0404233991;0.0051064120;1.9865603731;
29.2260225930;0.0404234063;0.0051064118;1.9865609751;
29.2328613749;0.0404233959;0.0051064111;1.9865602123;
29.2362807658;0.0404234030;0.0051064110;1.9865608168;
29.2431195477;0.0404233926;0.0051064103;1.9865600516;
29.2465389386;0.0404233998;0.0051064102;1.9865606586;
29.2533777205;0.0404233894;0.0051064095;1.9865598911;
29.2567971114;0.0404233966;0.0051064094;1.9865605005;
29.2636358933;0.0404233861;0.0051064087;1.9865597307;
29.2670552843;0.0404233934;0.0051064086;1.9865603426;
29.2738940661;0.0404233829;0.0051064079;1.9865595705;
29.2773134571;0.0404233902;0.0051064078;1.9865601848;
29.2841522389;0.0404233797;0.0051064071;1.9865594104;
29.2875716299;0.0404233870;0.0051064070;1.9865600272;
29.2944104117;0.0404233764;0.0051064063;1.9865592504;
29.2978298027;0.0404233838;0.0051064062;1.9865598698;
29.3046685845;0.0404233732;0.0051064055;1.9865590906;
29.3080879755;0.0404233806;0.0051064053;1.9865597125;
29.3149267573;0.0404233700;0.0051064047;1.9865589310;
29.3183461483;0.0404233774;0.0051064045;1.9865595553;
29.3251849301;0.0404233668;0.0051064038;1.9865587714;
29.3286043211;0.0404233742;0.0051064037;1.9865593983;
29.3354431029;0.0404233635;0.0051064030;1.9865586121;
29.3388624939;0.0404233710;0.0051064029;1.9865592415;
29.3457012757;0.0404233603;0.0051064022;1.9865584528;
29.3491206667;0.0404233678;0.0051064021;1.9865590848;
29.3559594485;0.0404233571;0.0051064014;1.9865582937;
29.3593788395;0.0404233646;0.0051064013;1.9865589282;
29.3662176213;0.0404233539;0.0051064006;1.9865581348;
29.3696370123;0.0404233614;0.0051064005;1.9865587718;
29.3764757941;0.0404233507;0.0051063998;1.9865579760;
29.3798951851;0.0404233583;0.0051063997;1.9865586155;
29.3867339669;0.0404233475;0.0051063990;1.9865578173;
29.3901533579;0.0404233551;0.0051063989;1.9865584594;
29.3969921397;0.0404233443;0.0051063982;1.9865576588;
29.4004115307;0.0404233519;0.0051063981;1.9865583035;
29.4072503125;0.0404233411;0.0051063974;1.9865575004;
29.4106697035;0.0404233487;0.0051063973;1.9865581477;
29.4175084853;0.0404233379;0.0051063966;1.9865573422;
29.4209278763;0.0404233456;0.0051063965;1.9865579920;
29.4277666581;0.0404233347;0.0051063958;1.9865571841;
29.4311860491;0.0404233424;0.0051063957;1.9865578365;
29.4380248309;0.0404233315;0.0051063950;1.9865570261;
29.4414442219;0.0404233393;0.0051063949;1.9865576811;
29.4482830038;0.0404233283;0.0051063942;1.9865568683;
29.4517023947;0.0404233361;0.0051063941;1.9865575259;
29.4585411766;0.0404233251;0.0051063934;1.9865567106;
29.4619605675;0.0404233329;0.0051063933;1.9865573708;
29.4687993494;0.0404233219;0.0051063926;1.9865565531;
29.4722187403;0.0404233298;0.0051063925;1.9865572159;
29.4790575222;0.0404233187;0.0051063918;1.9865563957;
29.4824769131;0.0404233266;0.0051063917;1.9865570611;
29.4893156950;0.0404233156;0.0051063910;1.9865562384;
29.4927350859;0.0404233235;0.0051063909;1.9865569065;
29.4995738678;0.0404233124;0.0051063902;1.9865560813;
29.5029932587;0.0404233203;0.0051063901;1.9865567520;
29.5098320406;0.0404233092;0.0051063894;1.9865559243;
29.5132514315;0.0404233172;0.0051063893;1.9865565976;
29.5200902134;0.0404233060;0.0051063887;1.9865557674;
29.5235096043;0.0404233141;0.0051063885;1.9865564434;
29.5303483862;0.0404233029;0.0051063879;1.9865556107;
29.5337677771;0.0404233109;0.0051063878;1.9865562894;
29.5406065590;0.0404232997;0.0051063871;1.9865554542;
29.5440259499;0.0404233078;0.0051063870;1.9865561355;
29.5508647318;0.0404232966;0.0051063863;1.9865552977;
29.5542841227;0.0404233047;0.0051063862;1.9865559817;
29.5611229046;0.0404232934;0.0051063855;1.9865551415;
29.5645422955;0.0404233015;0.0051063854;1.9865558281;
29.5713810774;0.0404232902;0.0051063847;1.9865549853;
29.5748004683;0.0404232984;0.0051063846;1.9865556746;
29.5816392502;0.0404232871;0.0051063839;1.9865548293;
29.5850586411;0.0404232953;0.0051063838;1.9865555213;
29.5918974230;0.0404232839;0.0051063831;1.9865546734;
29.5953168139;0.0404232922;0.0051063830;1.9865553681;
29.6021555958;0.0404232808;0.0051063823;1.9865545177;
29.6055749867;0.0404232891;0.0051063822;1.9865552151;
29.6124137686;0.0404232776;0.0051063815;1.9865543621;
29.6158331595;0.0404232860;0.0051063814;1.9865550622;
29.6226719414;0.0404232745;0.0051063808;1.9865542066;
29.6260913323;0.0404232829;0.0051063807;1.9865549095;
29.6329301142;0.0404232714;0.0051063800;1.9865540513;
29.6363495051;0.0404232798;0.0051063799;1.9865547569;
29.6431882870;0.0404232682;0.0051063792;1.9865538961;
29.6466076779;0.0404232767;0.0051063791;1.9865546044;
29.6534464598;0.0404232651;0.0051063784;1.9865537411;
29.6568658507;0.0404232736;0.0051063783;1.9865544521;
29.6637046326;0.0404232620;0.0051063776;1.9865535861;
29.6671240235;0.0404232705;0.0051063775;1.9865542999;
29.6739628054;0.0404232588;0.0051063768;1.9865534314;
29.6773821963;0.0404232674;0.0051063767;1.9865541479;
29.6842209782;0.0404232557;0.0051063761;1.9865532767;
29.6876403691;0.0404232643;0.0051063760;1.9865539960;
29.6944791510;0.0404232526;0.0051063753;1.9865531222;
29.6978985419;0.0404232612;0.0051063752;1.9865538442;
29.7047373238;0.0404232495;0.0051063745;1.9865529678;
29.7081567147;0.0404232581;0.0051063744;1.9865536926;
29.7149954966;0.0404232464;0.0051063737;1.9865528136;
29.7184148875;0.0404232550;0.0051063736;1.9865535412;
29.7252536694;0.0404232433;0.0051063729;1.9865526595;
29.7286730603;0.0404232519;0.0051063729;1.9865533899;
29.7355118422;0.0404232402;0.0051063722;1.9865525055;
29.7389312331;0.0404232489;0.0051063721;1.9865532387;
29.7457700150;0.0404232370;0.0051063714;1.9865523517;
29.7491894059;0.0404232458;0.0051063713;1.9865530877;
29.7560281878;0.0404232339;0.0051063706;1.9865521980;
29.7594475787;0.0404232427;0.0051063705;1.9865529368;
29.7662863606;0.0404232308;0.0051063698;1.9865520444;
29.7697057515;0.0404232397;0.0051063698;1.9865527860;
29.7765445334;0.0404232277;0.0051063691;1.9865518910;
29.7799639243;0.0404232366;0.0051063690;1.9865526354;
29.7868027062;0.0404232246;0.0051063683;1.9865517377;
29.7902220971;0.0404232335;0.0051063682;1.9865524850;
29.7970608790;0.0404232216;0.0051063675;1.9865515845;
29.8004802699;0.0404232305;0.0051063674;1.9865523346;
29.8073190518;0.0404232185;0.0051063667;1.9865514315;
29.8107384428;0.0404232274;0.0051063667;1.9865521845;
29.8175772246;0.0404232154;0.0051063660;1.9865512786;
29.8209966156;0.0404232244;0.0051063659;1.9865520344;
29.8278353974;0.0404232123;0.0051063652;1.9865511259;
29.8312547884;0.0404232213;0.0051063651;1.9865518845;
29.8380935702;0.0404232092;0.0051063644;1.9865509732;
29.8415129612;0.0404232183;0.0051063643;1.9865517348;
29.8483517430;0.0404232061;0.0051063637;1.9865508208;
29.8517711340;0.0404232152;0.0051063636;1.9865515851;
29.8586099158;0.0404232031;0.0051063629;1.9865506684;
29.8620293068;0.0404232122;0.0051063628;1.9865514357;
29.8688680886;0.0404232000;0.0051063621;1.9865505162;
29.8722874796;0.0404232091;0.0051063620;1.9865512863;
29.8791262614;0.0404231969;0.0051063614;1.9865503641;
29.8825456524;0.0404232061;0.0051063613;1.9865511371;
29.8893844342;0.0404231938;0.0051063606;1.9865502121;
29.8928038252;0.0404232031;0.0051063605;1.9865509881;
29.8996426070;0.0404231908;0.0051063598;1.9865500603;
29.9030619980;0.0404232000;0.0051063597;1.9865508391;
29.9099007798;0.0404231877;0.0051063591;1.9865499086;
29.9133201708;0.0404231970;0.0051063590;1.9865506904;
29.9201589526;0.0404231847;0.0051063583;1.9865497570;
29.9235783436;0.0404231940;0.0051063582;1.9865505417;
29.9304171254;0.0404231816;0.0051063575;1.9865496056;
29.9338365164;0.0404231910;0.0051063575;1.9865503932;
29.9406752982;0.0404231786;0.0051063568;1.9865494543;
29.9440946892;0.0404231880;0.0051063567;1.9865502448;
29.9509334710;0.0404231755;0.0051063560;1.9865493031;
29.9543528620;0.0404231849;0.0051063559;1.9865500966;
29.9611916438;0.0404231725;0.0051063552;1.9865491520;
29.9646110348;0.0404231819;0.0051063552;1.9865499485;
29.9714498166;0.0404231694;0.0051063545;1.9865490011;
29.9748692076;0.0404231789;0.0051063544;1.9865498006;
29.9817079894;0.0404231664;0.0051063537;1.9865488504;
29.9851273804;0.0404231759;0.0051063536;1.9865496528;
29.9919661623;0.0404231633;0.0051063530;1.9865486997;
29.9953855532;0.0404231729;0.0051063529;1.9865495051;
29.9999999994;0.0404231690;0.0051063525;1.9854550111;
29.9999999994;0.0398885720;0.0049721818;1.9602879236;
30.0000009994;0.0398888094;0.0049722410;1.9602888404;
30.0000019994;0.0398888187;0.0049722433;1.9602892999;
30.0000039994;0.0398888394;0.0049722485;1.9602902220;
30.0000079994;0.0398888748;0.0049722573;1.9602920549;
30.0000159994;0.0398889495;0.0049722759;1.9602957279;
30.0000319994;0.0398890989;0.0049723132;1.9603030714;
30.0000639994;0.0398893976;0.0049723876;1.9603177483;
30.0001279994;0.0398899941;0.0049725363;1.9603470618;
30.0002559994;0.0398911838;0.0049728329;1.9604055274;
30.0005119994;0.0398935501;0.0049734229;1.9605218165;
30.0010239994;0.0398982309;0.0049745901;1.9607518483;
30.0020479994;0.0399073887;0.0049768740;1.9612018988;
30.0040959994;0.0399249167;0.0049812468;1.9620632905;
30.0061439994;0.0399414273;0.0049853675;1.9628742380;
30.0102399994;0.0399716473;0.0049929143;1.9643598151;
30.0143359994;0.0399983565;0.0049995891;1.9656724048;
30.0184319994;0.0400218762;0.0050054706;1.9668282537;
30.0225279994;0.0400425127;0.0050106338;1.9678424059;
30.0266239994;0.0400605497;0.0050151489;1.9687288146;
30.0307199994;0.0400762481;0.0050190802;1.9695002927;
30.0348159994;0.0400898459;0.0050224867;1.9701685439;
30.0389119994;0.0401015602;0.0050254223;1.9707442296;
30.0430079994;0.0401115882;0.0050279360;1.9712370447;
30.0471039994;0.0401201091;0.0050300724;1.9716557929;
30.0511999994;0.0401272853;0.0050318720;1.9720084592;
30.0552959994;0.0401332641;0.0050333715;1.9723022774;
30.0593919994;0.0401381785;0.0050346043;1.9725437941;
30.0634879994;0.0401421492;0.0050356005;1.9727389276;
30.0675839994;0.0401452848;0.0050363872;1.9728930229;
30.0716799994;0.0401476835;0.0050369891;1.9730109020;
30.0757759994;0.0401494336;0.0050374282;1.9730969108;
30.0798719994;0.0401506149;0.0050377246;1.9731549620;
30.0839679994;0.0401512988;0.0050378963;1.9731885746;
30.0880639994;0.0401515498;0.0050379593;1.9732009100;
30.0921599994;0.0401514256;0.0050379281;1.9731948052;
30.1003519994;0.0401502517;0.0050376443;1.9731356125;
30.1021951994;0.0401498832;0.0050375410;1.9731190070;
30.1058815994;0.0401489393;0.0050373042;1.9730726232;
30.1132543994;0.0401466358;0.0050367278;1.9729592340;
30.1150975994;0.0401459870;0.0050365634;1.9729275354;
30.1187839994;0.0401446093;0.0050362177;1.9728598272;
30.1261567994;0.0401416385;0.0050354740;1.9727136489;
30.1279999994;0.0401408637;0.0050352779;1.9726757576;
30.1316863994;0.0401392731;0.0050348789;1.9725975883;
30.1390591994;0.0401360126;0.0050340626;1.9724371713;
30.1464319994;0.0401327133;0.0050332357;1.9722754976;
30.1482751994;0.0401318967;0.0050330285;1.9722350817;
30.1519615994;0.0401302528;0.0050326162;1.9721542936;
30.1593343994;0.0401270118;0.0050318050;1.9719948387;
30.1611775994;0.0401262229;0.0050316055;1.9719562506;
30.1648639994;0.0401246539;0.0050312120;1.9718791419;
30.1722367994;0.0401216064;0.0050304495;1.9717291967;
30.1759231994;0.0401201457;0.0050300817;1.9716575741;
30.1832959994;0.0401172965;0.0050293746;1.9715165512;
30.1869823994;0.0401159802;0.0050290373;1.9714528697;
30.1943551994;0.0401133897;0.0050283951;1.9713245540;
30.1980415994;0.0401122089;0.0050280917;1.9712675329;
30.2054143994;0.0401098945;0.0050275189;1.9711527856;
30.2091007994;0.0401088540;0.0050272507;1.9711026608;
30.2164735994;0.0401068203;0.0050267482;1.9710017090;
30.2201599994;0.0401059201;0.0050265152;1.9709584745;
30.2275327994;0.0401041634;0.0050260823;1.9708711392;
30.2312191994;0.0401034000;0.0050258836;1.9708346263;
30.2385919994;0.0401019113;0.0050255178;1.9707604612;
30.2422783994;0.0401012790;0.0050253520;1.9707303953;
30.2496511994;0.0401000459;0.0050250503;1.9706687841;
30.2533375994;0.0400995378;0.0050249156;1.9706448257;
30.2607103994;0.0400985455;0.0050246743;1.9705950520;
30.2643967994;0.0400981541;0.0050245688;1.9705768259;
30.2717695994;0.0400973871;0.0050243839;1.9705381237;
30.2754559994;0.0400971044;0.0050243057;1.9705252399;
30.2828287994;0.0400965469;0.0050241734;1.9704968287;
30.2865151994;0.0400963649;0.0050241204;1.9704888973;
30.2938879994;0.0400960011;0.0050240366;1.9704700062;
30.2975743994;0.0400959122;0.0050240069;1.9704666468;
30.3049471994;0.0400957269;0.0050239679;1.9704565314;
30.3086335994;0.0400957236;0.0050239597;1.9704573799;
30.3160063994;0.0400957025;0.0050239618;1.9704553320;
30.3196927994;0.0400957778;0.0050239733;1.9704600445;
30.3270655994;0.0400959074;0.0050240131;1.9704653986;
30.3307519994;0.0400960547;0.0050240427;1.9704736535;
30.3381247994;0.0400963223;0.0050241171;1.9704857894;
30.3418111994;0.0400965357;0.0050241632;1.9704972881;
30.3491839994;0.0400969295;0.0050242693;1.9705156321;
30.3528703994;0.0400972033;0.0050243305;1.9705300992;
30.3602431994;0.0400977128;0.0050244656;1.9705541230;
30.3639295994;0.0400980418;0.0050245406;1.9705713054;
30.3713023994;0.0400986570;0.0050247022;1.9706005244;
30.3749887994;0.0400990365;0.0050247899;1.9706201906;
30.3823615994;0.0400997484;0.0050249757;1.9706541619;
30.3860479994;0.0401001742;0.0050250751;1.9706761002;
30.3934207994;0.0401009746;0.0050252831;1.9707144195;
30.3971071994;0.0401014427;0.0050253930;1.9707384372;
30.4044799994;0.0401023240;0.0050256213;1.9707807364;
30.4081663994;0.0401028308;0.0050257409;1.9708066578;
30.4155391994;0.0401037864;0.0050259878;1.9708526015;
30.4192255994;0.0401043287;0.0050261163;1.9708802669;
30.4265983994;0.0401053522;0.0050263803;1.9709295501;
30.4302847994;0.0401059270;0.0050265170;1.9709588140;
30.4376575994;0.0401070128;0.0050267965;1.9710111593;
30.4413439994;0.0401076174;0.0050269407;1.9710418894;
30.4487167994;0.0401087604;0.0050272346;1.9710970439;
30.4524031994;0.0401093924;0.0050273857;1.9711291198;
30.4597759994;0.0401105879;0.0050276928;1.9711868535;
30.4634623994;0.0401112451;0.0050278501;1.9712201654;
30.4708351994;0.0401124888;0.0050281693;1.9712802684;
30.4745215994;0.0401131690;0.0050283324;1.9713147160;
30.4818943994;0.0401144570;0.0050286628;1.9713769966;
30.4855807994;0.0401151586;0.0050288312;1.9714124885;
30.4929535994;0.0401164873;0.0050291718;1.9714767717;
30.4966399994;0.0401172084;0.0050293452;1.9715132240;
30.5040127994;0.0401185746;0.0050296952;1.9715793492;
30.5076991994;0.0401193136;0.0050298731;1.9716166853;
30.5150719994;0.0401207144;0.0050302317;1.9716845054;
30.5187583994;0.0401214699;0.0050304138;1.9717226547;
30.5261311994;0.0401229024;0.0050307804;1.9717920343;
30.5298175994;0.0401236732;0.0050309663;1.9718309319;
30.5371903994;0.0401251349;0.0050313402;1.9719017465;
30.5408767994;0.0401259197;0.0050315296;1.9719413326;
30.5482495994;0.0401274083;0.0050319104;1.9720134670;
30.5519359994;0.0401282059;0.0050321030;1.9720536862;
30.5593087994;0.0401297192;0.0050324900;1.9721270340;
30.5629951994;0.0401305287;0.0050326856;1.9721678353;
30.5703679994;0.0401320646;0.0050330782;1.9722422977;
30.5740543994;0.0401328850;0.0050332766;1.9722836334;
30.5814271994;0.0401344417;0.0050336745;1.9723591187;
30.5851135994;0.0401352721;0.0050338754;1.9724009445;
30.5924863994;0.0401368479;0.0050342781;1.9724773672;
30.5961727994;0.0401376874;0.0050344813;1.9725196419;
30.6035455994;0.0401392807;0.0050348884;1.9725969221;
30.6072319994;0.0401401285;0.0050350936;1.9726396071;
30.6146047994;0.0401417377;0.0050355048;1.9727176702;
30.6182911994;0.0401425931;0.0050357120;1.9727607293;
30.6256639994;0.0401442169;0.0050361268;1.9728395053;
30.6293503994;0.0401450792;0.0050363357;1.9728829046;
30.6367231994;0.0401467161;0.0050367539;1.9729623274;
30.6404095994;0.0401475847;0.0050369644;1.9730060350;
30.6477823994;0.0401492335;0.0050373856;1.9730860428;
30.6514687994;0.0401501078;0.0050375975;1.9731300285;
30.6588415994;0.0401517673;0.0050380214;1.9732105627;
30.6625279994;0.0401526467;0.0050382346;1.9732547980;
30.6699007994;0.0401543158;0.0050386610;1.9733358033;
30.6735871994;0.0401551997;0.0050388753;1.9733802614;
30.6809599994;0.0401568773;0.0050393038;1.9734616853;
30.6846463994;0.0401577652;0.0050395192;1.9735063406;
30.6920191994;0.0401594503;0.0050399496;1.9735881334;
30.6957055994;0.0401603417;0.0050401659;1.9736329618;
30.7030783994;0.0401620334;0.0050405980;1.9737150762;
30.7067647994;0.0401629278;0.0050408151;1.9737600545;
30.7141375994;0.0401646252;0.0050412486;1.9738424455;
30.7178239994;0.0401655222;0.0050414663;1.9738875518;
30.7251967994;0.0401672243;0.0050419011;1.9739701766;
30.7288831994;0.0401681235;0.0050421194;1.9740153899;
30.7362559994;0.0401698295;0.0050425551;1.9740982076;
30.7399423994;0.0401707305;0.0050427739;1.9741435080;
30.7473151994;0.0401724397;0.0050432104;1.9742264795;
30.7510015994;0.0401733420;0.0050434296;1.9742718478;
30.7583743994;0.0401750536;0.0050438668;1.9743549358;
30.7620607994;0.0401759569;0.0050440862;1.9744003538;
30.7694335994;0.0401776701;0.0050445238;1.9744835224;
30.7731199994;0.0401785741;0.0050447433;1.9745289725;
30.7804927994;0.0401802883;0.0050451812;1.9746121876;
30.7841791994;0.0401811926;0.0050454009;1.9746576531;
30.7915519994;0.0401829070;0.0050458389;1.9747408817;
30.7952383994;0.0401838113;0.0050460586;1.9747863466;
30.8026111994;0.0401855253;0.0050464965;1.9748695572;
30.8062975994;0.0401864293;0.0050467161;1.9749150059;
30.8136703994;0.0401881424;0.0050471538;1.9749981684;
30.8173567994;0.0401890457;0.0050473733;1.9750435862;
30.8247295994;0.0401907572;0.0050478106;1.9751266715;
30.8284159994;0.0401916596;0.0050480299;1.9751720441;
30.8357887994;0.0401933690;0.0050484667;1.9752550243;
30.8394751994;0.0401942702;0.0050486857;1.9753003380;
30.8468479994;0.0401959769;0.0050491219;1.9753831863;
30.8505343994;0.0401968766;0.0050493404;1.9754284280;
30.8579071994;0.0401985801;0.0050497759;1.9755111186;
30.8615935994;0.0401994781;0.0050499940;1.9755562757;
30.8689663994;0.0402011779;0.0050504286;1.9756387839;
30.8726527994;0.0402020740;0.0050506463;1.9756838442;
30.8800255994;0.0402037695;0.0050510798;1.9757661462;
30.8837119994;0.0402046634;0.0050512969;1.9758110980;
30.8910847994;0.0402063543;0.0050517293;1.9758931708;
30.8947711994;0.0402072457;0.0050519458;1.9759380030;
30.9021439994;0.0402089315;0.0050523769;1.9760198247;
30.9058303994;0.0402098202;0.0050525928;1.9760645263;
30.9132031994;0.0402115005;0.0050530225;1.9761460757;
30.9168895994;0.0402123864;0.0050532377;1.9761906364;
30.9242623994;0.0402140607;0.0050536660;1.9762718932;
30.9279487994;0.0402149435;0.0050538804;1.9763163031;
30.9353215994;0.0402166115;0.0050543071;1.9763972477;
30.9390079994;0.0402174910;0.0050545207;1.9764414972;
30.9463807994;0.0402191523;0.0050549458;1.9765221108;
30.9500671994;0.0402200283;0.0050551585;1.9765661906;
30.9574399994;0.0402216825;0.0050555818;1.9766464552;
30.9611263994;0.0402225549;0.0050557937;1.9766903565;
30.9684991994;0.0402242016;0.0050562151;1.9767702547;
30.9721855994;0.0402250702;0.0050564260;1.9768139690;
30.9795583994;0.0402267091;0.0050568455;1.9768934843;
30.9832447994;0.0402275738;0.0050570555;1.9769370035;
30.9906175994;0.0402292046;0.0050574729;1.9770161198;
30.9943039994;0.0402300651;0.0050576818;1.9770594360;
31.0016767994;0.0402316875;0.0050580972;1.9771381381;
31.0053631994;0.0402325437;0.0050583051;1.9771812438;
31.0127359994;0.0402341573;0.0050587183;1.9772595169;
31.0164223994;0.0402350091;0.0050589250;1.9773024050;
31.0237951994;0.0402366138;0.0050593360;1.9773802352;
31.0274815994;0.0402374610;0.0050595416;1.9774228987;
31.0348543994;0.0402390563;0.0050599503;1.9775002724;
31.0385407994;0.0402398989;0.0050601547;1.9775427048;
31.0459135994;0.0402414847;0.0050605610;1.9776196093;
31.0495999994;0.0402423223;0.0050607643;1.9776618043;
31.0569727994;0.0402438983;0.0050611681;1.9777382271;
31.0606591994;0.0402447311;0.0050613701;1.9777801786;
31.0680319994;0.0402462970;0.0050617715;1.9778561080;
31.0717183994;0.0402471247;0.0050619722;1.9778978104;
31.0790911994;0.0402486804;0.0050623710;1.9779732352;
31.0827775994;0.0402495029;0.0050625704;1.9780146829;
31.0901503994;0.0402510481;0.0050629666;1.9780895924;
31.0938367994;0.0402518653;0.0050631647;1.9781307802;
31.1012095994;0.0402533998;0.0050635582;1.9782051643;
31.1048959994;0.0402542116;0.0050637550;1.9782460871;
31.1122687994;0.0402557352;0.0050641458;1.9783199361;
31.1159551994;0.0402565415;0.0050643412;1.9783605893;
31.1233279994;0.0402580541;0.0050647293;1.9784338938;
31.1270143994;0.0402588548;0.0050649233;1.9784742730;
31.1343871994;0.0402603561;0.0050653085;1.9785470244;
31.1380735994;0.0402611512;0.0050655011;1.9785871251;
31.1454463994;0.0402626411;0.0050658835;1.9786593152;
31.1491327994;0.0402634304;0.0050660746;1.9786991335;
31.1565055994;0.0402649087;0.0050664541;1.9787707543;
31.1601919994;0.0402656922;0.0050666438;1.9788102864;
31.1675647994;0.0402671587;0.0050670204;1.9788813305;
31.1712511994;0.0402679363;0.0050672086;1.9789205727;
31.1786239994;0.0402693910;0.0050675822;1.9789910332;
31.1823103994;0.0402701626;0.0050677689;1.9790299823;
31.1896831994;0.0402716053;0.0050681395;1.9790998525;
31.1933695994;0.0402723709;0.0050683247;1.9791385051;
31.2007423994;0.0402738015;0.0050686923;1.9792077790;
31.2044287994;0.0402745609;0.0050688760;1.9792461322;
31.2118015994;0.0402759793;0.0050692405;1.9793148039;
31.2154879994;0.0402767326;0.0050694226;1.9793528549;
31.2228607994;0.0402781385;0.0050697840;1.9794209189;
31.2265471994;0.0402788857;0.0050699646;1.9794586651;
31.2339199994;0.0402802791;0.0050703229;1.9795261165;
31.2376063994;0.0402810200;0.0050705020;1.9795635554;
31.2449791994;0.0402824009;0.0050708571;1.9796303896;
31.2486655994;0.0402831355;0.0050710346;1.9796675189;
31.2560383994;0.0402845038;0.0050713865;1.9797337314;
31.2597247994;0.0402852320;0.0050715624;1.9797705492;
31.2670975994;0.0402865876;0.0050719112;1.9798361361;
31.2707839994;0.0402873094;0.0050720855;1.9798726403;
31.2781567994;0.0402886521;0.0050724311;1.9799375979;
31.2818431994;0.0402893676;0.0050726037;1.9799737868;
31.2892159994;0.0402906975;0.0050729461;1.9800381117;
31.2929023994;0.0402914064;0.0050731171;1.9800739838;
31.3002751994;0.0402927234;0.0050734563;1.9801376731;
31.3039615994;0.0402934259;0.0050736257;1.9801732268;
31.3113343994;0.0402947298;0.0050739616;1.9802362777;
31.3150207994;0.0402954258;0.0050741294;1.9802715119;
31.3223935994;0.0402967167;0.0050744620;1.9803339220;
31.3260799994;0.0402974062;0.0050746281;1.9803688354;
31.3334527994;0.0402986840;0.0050749575;1.9804306025;
31.3371391994;0.0402993669;0.0050751220;1.9804651941;
31.3445119994;0.0403006317;0.0050754480;1.9805263165;
31.3481983994;0.0403013080;0.0050756109;1.9805605855;
31.3555711994;0.0403025596;0.0050759336;1.9806210614;
31.3592575994;0.0403032293;0.0050760948;1.9806550070;
31.3666303994;0.0403044677;0.0050764143;1.9807148353;
31.3703167994;0.0403051309;0.0050765738;1.9807484569;
31.3776895994;0.0403063561;0.0050768900;1.9808076364;
31.3813759994;0.0403070127;0.0050770479;1.9808409336;
31.3887487994;0.0403082246;0.0050773607;1.9808994634;
31.3924351994;0.0403088746;0.0050775169;1.9809324358;
31.3998079994;0.0403100733;0.0050778264;1.9809903154;
31.4034943994;0.0403107167;0.0050779810;1.9810229628;
31.4108671994;0.0403119022;0.0050782872;1.9810801919;
31.4145535994;0.0403125389;0.0050784401;1.9811125141;
31.4219263994;0.0403137112;0.0050787430;1.9811690925;
31.4256127994;0.0403143413;0.0050788943;1.9812010896;
31.4329855994;0.0403155003;0.0050791938;1.9812570175;
31.4366719994;0.0403161238;0.0050793434;1.9812886895;
31.4440447994;0.0403172696;0.0050796396;1.9813439670;
31.4477311994;0.0403178865;0.0050797876;1.9813753142;
31.4551039994;0.0403190190;0.0050800805;1.9814299420;
31.4587903994;0.0403196293;0.0050802268;1.9814609646;
31.4661631994;0.0403207487;0.0050805163;1.9815149434;
31.4698495994;0.0403213524;0.0050806610;1.9815456418;
31.4772223994;0.0403224585;0.0050809472;1.9815989725;
31.4809087994;0.0403230556;0.0050810902;1.9816293472;
31.4882815994;0.0403241487;0.0050813732;1.9816820309;
31.4919679994;0.0403247392;0.0050815145;1.9817120826;
31.4993407994;0.0403258191;0.0050817942;1.9817641205;
31.5030271994;0.0403264030;0.0050819339;1.9817938498;
31.5103999994;0.0403274698;0.0050822102;1.9818452434;
31.5140863994;0.0403280472;0.0050823483;1.9818746511;
31.5214591994;0.0403291009;0.0050826213;1.9819254020;
31.5251455994;0.0403296718;0.0050827577;1.9819544889;
31.5325183994;0.0403307124;0.0050830276;1.9820045990;
31.5362047994;0.0403312768;0.0050831623;1.9820333660;
31.5435775994;0.0403323044;0.0050834289;1.9820828371;
31.5472639994;0.0403328623;0.0050835620;1.9821112854;
31.5546367994;0.0403338770;0.0050838253;1.9821601196;
31.5583231994;0.0403344284;0.0050839568;1.9821882501;
31.5656959994;0.0403354302;0.0050842168;1.9822364497;
31.5693823994;0.0403359752;0.0050843467;1.9822642636;
31.5767551994;0.0403369641;0.0050846035;1.9823118310;
31.5804415994;0.0403375027;0.0050847318;1.9823393295;
31.5878143994;0.0403384788;0.0050849854;1.9823862673;
31.5915007994;0.0403390109;0.0050851121;1.9824134516;
31.5988735994;0.0403399743;0.0050853624;1.9824597623;
31.6025599994;0.0403405001;0.0050854875;1.9824866340;
31.6099327994;0.0403414507;0.0050857347;1.9825323204;
31.6136191994;0.0403419702;0.0050858582;1.9825588807;
31.6209919994;0.0403429082;0.0050861022;1.9826039458;
31.6246783994;0.0403434214;0.0050862241;1.9826301963;
31.6320511994;0.0403443468;0.0050864649;1.9826746431;
31.6357375994;0.0403448537;0.0050865852;1.9827005852;
31.6431103994;0.0403457666;0.0050868229;1.9827444168;
31.6467967994;0.0403462672;0.0050869417;1.9827700522;
31.6541695994;0.0403471677;0.0050871762;1.9828132718;
31.6578559994;0.0403476621;0.0050872934;1.9828386022;
31.6652287994;0.0403485502;0.0050875249;1.9828812132;
31.6689151994;0.0403490384;0.0050876405;1.9829062402;
31.6762879994;0.0403499142;0.0050878688;1.9829482460;
31.6799743994;0.0403503963;0.0050879829;1.9829729714;
31.6873471994;0.0403512598;0.0050882082;1.9830143755;
31.6910335994;0.0403517358;0.0050883207;1.9830388011;
31.6984063994;0.0403525872;0.0050885430;1.9830796073;
31.7020927994;0.0403530571;0.0050886540;1.9831037348;
31.7094655994;0.0403538964;0.0050888732;1.9831439467;
31.7131519994;0.0403543603;0.0050889827;1.9831677781;
31.7205247994;0.0403551875;0.0050891988;1.9832073995;
31.7242111994;0.0403556455;0.0050893068;1.9832309367;
31.7315839994;0.0403564608;0.0050895199;1.9832699716;
31.7352703994;0.0403569128;0.0050896264;1.9832932165;
31.7426431994;0.0403577162;0.0050898366;1.9833316687;
31.7463295994;0.0403581623;0.0050899416;1.9833546234;
31.7537023994;0.0403589540;0.0050901488;1.9833924970;
31.7573887994;0.0403593942;0.0050902524;1.9834151635;
31.7647615994;0.0403601742;0.0050904566;1.9834524626;
31.7684479994;0.0403606086;0.0050905587;1.9834748430;
31.7758207994;0.0403613770;0.0050907600;1.9835115718;
31.7795071994;0.0403618056;0.0050908606;1.9835336681;
31.7868799994;0.0403625625;0.0050910591;1.9835698307;
31.7905663994;0.0403629853;0.0050911582;1.9835916451;
31.7979391994;0.0403637308;0.0050913538;1.9836272460;
31.8016255994;0.0403641479;0.0050914515;1.9836487805;
31.8089983994;0.0403648820;0.0050916442;1.9836838239;
31.8126847994;0.0403652936;0.0050917406;1.9837050809;
31.8200575994;0.0403660164;0.0050919304;1.9837395713;
31.8237439994;0.0403664223;0.0050920253;1.9837605529;
31.8311167994;0.0403671340;0.0050922124;1.9837944946;
31.8348031994;0.0403675344;0.0050923059;1.9838152030;
31.8421759994;0.0403682350;0.0050924902;1.9838486006;
31.8458623994;0.0403686298;0.0050925823;1.9838690382;
31.8532351994;0.0403693195;0.0050927638;1.9839018962;
31.8569215994;0.0403697089;0.0050928545;1.9839220651;
31.8642943994;0.0403703876;0.0050930333;1.9839543881;
31.8679807994;0.0403707716;0.0050931227;1.9839742907;
31.8753535994;0.0403714395;0.0050932987;1.9840060833;
31.8790399994;0.0403718181;0.0050933867;1.9840257219;
31.8864127994;0.0403724754;0.0050935601;1.9840569888;
31.8900991994;0.0403728486;0.0050936467;1.9840763657;
31.8974719994;0.0403734953;0.0050938174;1.9841071115;
31.9011583994;0.0403738633;0.0050939028;1.9841262291;
31.9085311994;0.0403744994;0.0050940708;1.9841564585;
31.9122175994;0.0403748622;0.0050941548;1.9841753191;
31.9195903994;0.0403754879;0.0050943203;1.9842050370;
31.9232767994;0.0403758455;0.0050944030;1.9842236430;
31.9306495994;0.0403764609;0.0050945658;1.9842528540;
31.9343359994;0.0403768134;0.0050946472;1.9842712079;
31.9417087994;0.0403774186;0.0050948075;1.9842999168;
31.9453951994;0.0403777659;0.0050948876;1.9843180209;
31.9527679994;0.0403783610;0.0050950453;1.9843462326;
31.9564543994;0.0403787034;0.0050951242;1.9843640892;
31.9638271994;0.0403792884;0.0050952793;1.9843918085;
31.9675135994;0.0403796258;0.0050953570;1.9844094202;
31.9748863994;0.0403802009;0.0050955096;1.9844366520;
31.9785727994;0.0403805333;0.0050955860;1.9844540211;
31.9859455994;0.0403810987;0.0050957362;1.9844807702;
31.9896319994;0.0403814262;0.0050958114;1.9844978991;
31.9970047994;0.0403819818;0.0050959591;1.9845241704;
32.0006911994;0.0403823045;0.0050960330;1.9845410617;
32.0080639994;0.0403828504;0.0050961783;1.9845668600;
32.0117503994;0.0403831684;0.0050962511;1.9845835161;
32.0191231994;0.0403837048;0.0050963940;1.9846088464;
32.0228095994;0.0403840180;0.0050964655;1.9846252697;
32.0301823994;0.0403845450;0.0050966060;1.9846501368;
32.0338687994;0.0403848535;0.0050966764;1.9846663297;
32.0412415994;0.0403853712;0.0050968146;1.9846907386;
32.0449279994;0.0403856750;0.0050968838;1.9847067037;
32.0523007994;0.0403861835;0.0050970196;1.9847306592;
32.0559871994;0.0403864828;0.0050970876;1.9847463988;
32.0633599994;0.0403869821;0.0050972212;1.9847699060;
32.0670463994;0.0403872768;0.0050972881;1.9847854226;
32.0744191994;0.0403877672;0.0050974194;1.9848084862;
32.0781055994;0.0403880574;0.0050974851;1.9848237823;
32.0854783994;0.0403885388;0.0050976141;1.9848464073;
32.0891647994;0.0403888246;0.0050976788;1.9848614853;
32.0965375994;0.0403892972;0.0050978056;1.9848836766;
32.1002239994;0.0403895786;0.0050978691;1.9848985390;
32.1075967994;0.0403900424;0.0050979937;1.9849203015;
32.1112831994;0.0403903195;0.0050980561;1.9849349506;
32.1186559994;0.0403907747;0.0050981786;1.9849562892;
32.1223423994;0.0403910475;0.0050982399;1.9849707276;
32.1297151994;0.0403914942;0.0050983602;1.9849916472;
32.1334015994;0.0403917627;0.0050984205;1.9850058773;
32.1407743994;0.0403922010;0.0050985386;1.9850263827;
32.1444607994;0.0403924654;0.0050985978;1.9850404069;
32.1518335994;0.0403928953;0.0050987139;1.9850605030;
32.1555199994;0.0403931555;0.0050987721;1.9850743238;
32.1628927994;0.0403935772;0.0050988861;1.9850940155;
32.1665791994;0.0403938334;0.0050989432;1.9851076352;
32.1739519994;0.0403942469;0.0050990551;1.9851269273;
32.1776383994;0.0403944990;0.0050991113;1.9851403484;
32.1850111994;0.0403949046;0.0050992212;1.9851592457;
32.1886975994;0.0403951527;0.0050992763;1.9851724706;
32.1960703994;0.0403955503;0.0050993842;1.9851909779;
32.1997567994;0.0403957944;0.0050994383;1.9852040091;
32.2071295994;0.0403961842;0.0050995442;1.9852221312;
32.2108159994;0.0403964244;0.0050995974;1.9852349709;
32.2181887994;0.0403968065;0.0050997013;1.9852527126;
32.2218751994;0.0403970429;0.0050997535;1.9852653633;
32.2292479994;0.0403974173;0.0050998556;1.9852827294;
32.2329343994;0.0403976499;0.0050999068;1.9852951934;
32.2403071994;0.0403980167;0.0051000069;1.9853121886;
32.2439935994;0.0403982456;0.0051000572;1.9853244683;
32.2513663994;0.0403986050;0.0051001554;1.9853410973;
32.2550527994;0.0403988301;0.0051002048;1.9853531951;
32.2624255994;0.0403991822;0.0051003012;1.9853694625;
32.2661119994;0.0403994036;0.0051003496;1.9853813807;
32.2734847994;0.0403997484;0.0051004442;1.9853972914;
32.2771711994;0.0403999663;0.0051004917;1.9854090322;
32.2845439994;0.0404003039;0.0051005844;1.9854245907;
32.2882303994;0.0404005183;0.0051006310;1.9854361567;
32.2956031994;0.0404008488;0.0051007220;1.9854513676;
32.2992895994;0.0404010596;0.0051007677;1.9854627608;
32.3066623994;0.0404013832;0.0051008569;1.9854776288;
32.3103487994;0.0404015905;0.0051009018;1.9854888517;
32.3177215994;0.0404019072;0.0051009893;1.9855033813;
32.3214079994;0.0404021111;0.0051010332;1.9855144361;
32.3287807994;0.0404024210;0.0051011190;1.9855286319;
32.3324671994;0.0404026216;0.0051011621;1.9855395209;
32.3398399994;0.0404029247;0.0051012462;1.9855533874;
32.3435263994;0.0404031220;0.0051012885;1.9855641128;
32.3508991994;0.0404034185;0.0051013709;1.9855776545;
32.3545855994;0.0404036125;0.0051014124;1.9855882186;
32.3619583994;0.0404039025;0.0051014931;1.9856014399;
32.3656447994;0.0404040932;0.0051015338;1.9856118449;
32.3730175994;0.0404043769;0.0051016129;1.9856247503;
32.3767039994;0.0404045644;0.0051016527;1.9856349984;
32.3840767994;0.0404048417;0.0051017303;1.9856475923;
32.3877631994;0.0404050260;0.0051017693;1.9856576857;
32.3951359994;0.0404052971;0.0051018453;1.9856699724;
32.3988223994;0.0404054783;0.0051018835;1.9856799133;
32.4061951994;0.0404057432;0.0051019579;1.9856918973;
32.4098815994;0.0404059214;0.0051019954;1.9857016879;
32.4172543994;0.0404061802;0.0051020683;1.9857133733;
32.4209407994;0.0404063554;0.0051021050;1.9857230157;
32.4283135994;0.0404066082;0.0051021764;1.9857344070;
32.4319999994;0.0404067804;0.0051022124;1.9857439033;
32.4393727994;0.0404070273;0.0051022822;1.9857550046;
32.4430591994;0.0404071966;0.0051023175;1.9857643569;
32.4504319994;0.0404074377;0.0051023859;1.9857751725;
32.4541183994;0.0404076041;0.0051024204;1.9857843830;
32.4614911994;0.0404078395;0.0051024873;1.9857949171;
32.4651775994;0.0404080030;0.0051025211;1.9858039878;
32.4725503994;0.0404082328;0.0051025867;1.9858142445;
32.4762367994;0.0404083935;0.0051026197;1.9858231775;
32.4836095994;0.0404086177;0.0051026839;1.9858331609;
32.4872959994;0.0404087757;0.0051027163;1.9858419583;
32.4946687994;0.0404089944;0.0051027790;1.9858516725;
32.4983551994;0.0404091496;0.0051028107;1.9858603363;
32.5057279994;0.0404093629;0.0051028721;1.9858697854;
32.5094143994;0.0404095155;0.0051029031;1.9858783175;
32.5167871994;0.0404097235;0.0051029632;1.9858875055;
32.5204735994;0.0404098735;0.0051029935;1.9858959080;
32.5278463994;0.0404100762;0.0051030522;1.9859048389;
32.5315327994;0.0404102236;0.0051030819;1.9859131138;
32.5389055994;0.0404104212;0.0051031394;1.9859217914;
32.5425919994;0.0404105660;0.0051031684;1.9859299407;
32.5499647994;0.0404107585;0.0051032246;1.9859383690;
32.5536511994;0.0404109008;0.0051032530;1.9859463946;
32.5610239994;0.0404110883;0.0051033079;1.9859545775;
32.5647103994;0.0404112281;0.0051033357;1.9859624812;
32.5720831994;0.0404114107;0.0051033893;1.9859704226;
32.5757695994;0.0404115481;0.0051034165;1.9859782065;
32.5831423994;0.0404117259;0.0051034689;1.9859859101;
32.5868287994;0.0404118609;0.0051034955;1.9859935760;
32.5942015994;0.0404120339;0.0051035467;1.9860010456;
32.5978879994;0.0404121665;0.0051035727;1.9860085953;
32.6052607994;0.0404123348;0.0051036227;1.9860158347;
32.6089471994;0.0404124651;0.0051036481;1.9860232702;
32.6163199994;0.0404126288;0.0051036970;1.9860302830;
32.6200063994;0.0404127568;0.0051037218;1.9860376060;
32.6273791994;0.0404129160;0.0051037695;1.9860443959;
32.6310655994;0.0404130417;0.0051037937;1.9860516083;
32.6384383994;0.0404131964;0.0051038403;1.9860581789;
32.6421247994;0.0404133200;0.0051038640;1.9860652825;
32.6494975994;0.0404134703;0.0051039095;1.9860716374;
32.6531839994;0.0404135917;0.0051039326;1.9860786340;
32.6605567994;0.0404137377;0.0051039770;1.9860847767;
32.6642431994;0.0404138569;0.0051039996;1.9860916680;
32.6716159994;0.0404139986;0.0051040430;1.9860976021;
32.6753023994;0.0404141158;0.0051040650;1.9861043899;
32.6826751994;0.0404142533;0.0051041073;1.9861101187;
32.6863615994;0.0404143684;0.0051041288;1.9861168048;
32.6937343994;0.0404145019;0.0051041701;1.9861223319;
32.6974207994;0.0404146149;0.0051041911;1.9861289179;
32.7047935994;0.0404147443;0.0051042313;1.9861342466;
32.7084799994;0.0404148553;0.0051042518;1.9861407342;
32.7158527994;0.0404149808;0.0051042910;1.9861458679;
32.7195391994;0.0404150898;0.0051043111;1.9861522588;
32.7269119994;0.0404152114;0.0051043493;1.9861572009;
32.7305983994;0.0404153185;0.0051043688;1.9861634967;
32.7379711994;0.0404154362;0.0051044061;1.9861682504;
32.7416575994;0.0404155414;0.0051044251;1.9861744528;
32.7490303994;0.0404156554;0.0051044614;1.9861790214;
32.7527167994;0.0404157587;0.0051044800;1.9861851319;
32.7600895994;0.0404158690;0.0051045154;1.9861895186;
32.7637759994;0.0404159705;0.0051045335;1.9861955390;
32.7711487994;0.0404160771;0.0051045680;1.9861997469;
32.7748351994;0.0404161861;0.0051045861;1.9862064001;
32.7766783994;0.0404162186;0.0051045960;1.9862077567;
32.7803647994;0.0404162914;0.0051046141;1.9862114840;
32.7822079994;0.0404163275;0.0051046235;1.9862131099;
32.7858943994;0.0404163986;0.0051046412;1.9862167564;
32.7877375994;0.0404164340;0.0051046504;1.9862183427;
32.7914239994;0.0404165036;0.0051046677;1.9862219132;
32.7932671994;0.0404165382;0.0051046767;1.9862234622;
32.7969535994;0.0404166063;0.0051046936;1.9862269608;
32.7987967994;0.0404166402;0.0051047025;1.9862284746;
32.8024831994;0.0404167069;0.0051047190;1.9862319052;
32.8043263994;0.0404167401;0.0051047277;1.9862333855;
32.8080127994;0.0404168055;0.0051047439;1.9862367515;
32.8098559994;0.0404168381;0.0051047525;1.9862382000;
32.8135423994;0.0404169022;0.0051047684;1.9862415045;
32.8153855994;0.0404169342;0.0051047768;1.9862429227;
32.8190719994;0.0404169971;0.0051047923;1.9862461682;
32.8209151994;0.0404170285;0.0051048006;1.9862475574;
32.8246015994;0.0404170903;0.0051048159;1.9862507465;
32.8264447994;0.0404171211;0.0051048240;1.9862521079;
32.8301311994;0.0404171818;0.0051048390;1.9862552429;
32.8319743994;0.0404172120;0.0051048470;1.9862565775;
32.8356607994;0.0404172717;0.0051048617;1.9862596602;
32.8375039994;0.0404173014;0.0051048695;1.9862609691;
32.8411903994;0.0404173600;0.0051048840;1.9862640014;
32.8430335994;0.0404173892;0.0051048917;1.9862652854;
32.8467199994;0.0404174468;0.0051049060;1.9862682690;
32.8485631994;0.0404174755;0.0051049135;1.9862695288;
32.8522495994;0.0404175322;0.0051049275;1.9862724652;
32.8540927994;0.0404175605;0.0051049350;1.9862737016;
32.8577791994;0.0404176162;0.0051049487;1.9862765921;
32.8596223994;0.0404176440;0.0051049561;1.9862778058;
32.8633087994;0.0404176988;0.0051049696;1.9862806516;
32.8651519994;0.0404177261;0.0051049768;1.9862818432;
32.8688383994;0.0404177801;0.0051049901;1.9862846455;
32.8706815994;0.0404178070;0.0051049972;1.9862858155;
32.8743679994;0.0404178600;0.0051050103;1.9862885753;
32.8762111994;0.0404178865;0.0051050173;1.9862897243;
32.8798975994;0.0404179387;0.0051050302;1.9862924426;
32.8817407994;0.0404179648;0.0051050371;1.9862935709;
32.8854271994;0.0404180162;0.0051050498;1.9862962487;
32.8872703994;0.0404180418;0.0051050566;1.9862973569;
32.8909567994;0.0404180924;0.0051050690;1.9862999949;
32.8927999994;0.0404181176;0.0051050757;1.9863010833;
32.8964863994;0.0404181674;0.0051050880;1.9863036823;
32.8983295994;0.0404181923;0.0051050946;1.9863047513;
32.9020159994;0.0404182413;0.0051051066;1.9863073120;
32.9038591994;0.0404182657;0.0051051131;1.9863083621;
32.9075455994;0.0404183140;0.0051051250;1.9863108852;
32.9093887994;0.0404183381;0.0051051314;1.9863119165;
32.9130751994;0.0404183856;0.0051051431;1.9863144027;
32.9149183994;0.0404184093;0.0051051494;1.9863154156;
32.9186047994;0.0404184560;0.0051051609;1.9863178654;
32.9204479994;0.0404184794;0.0051051671;1.9863188603;
32.9241343994;0.0404185254;0.0051051784;1.9863212743;
32.9259775994;0.0404185484;0.0051051845;1.9863222514;
32.9296639994;0.0404185937;0.0051051957;1.9863246301;
32.9315071994;0.0404186163;0.0051052017;1.9863255897;
32.9351935994;0.0404186609;0.0051052126;1.9863279337;
32.9370367994;0.0404186832;0.0051052186;1.9863288760;
32.9407231994;0.0404187271;0.0051052294;1.9863311857;
32.9425663994;0.0404187490;0.0051052352;1.9863321109;
32.9462527994;0.0404187922;0.0051052458;1.9863343869;
32.9480959994;0.0404188138;0.0051052516;1.9863352953;
32.9517823994;0.0404188564;0.0051052620;1.9863375380;
32.9536255994;0.0404188776;0.0051052677;1.9863384298;
32.9573119994;0.0404189195;0.0051052780;1.9863406396;
32.9591551994;0.0404189404;0.0051052836;1.9863415151;
32.9628415994;0.0404189816;0.0051052936;1.9863436924;
32.9646847994;0.0404190021;0.0051052992;1.9863445517;
32.9683711994;0.0404190427;0.0051053091;1.9863466969;
32.9702143994;0.0404190630;0.0051053145;1.9863475402;
32.9739007994;0.0404191029;0.0051053243;1.9863496538;
32.9757439994;0.0404191228;0.0051053296;1.9863504814;
32.9794303994;0.0404191621;0.0051053393;1.9863525637;
32.9812735994;0.0404191817;0.0051053445;1.9863533757;
32.9849599994;0.0404192204;0.0051053540;1.9863554271;
32.9868031994;0.0404192396;0.0051053592;1.9863562237;
32.9904895994;0.0404192777;0.0051053685;1.9863582445;
32.9923327994;0.0404192967;0.0051053736;1.9863590259;
32.9960191994;0.0404193341;0.0051053827;1.9863610166;
32.9978623994;0.0404193528;0.0051053877;1.9863617829;
33.0015487994;0.0404193896;0.0051053967;1.9863637438;
33.0033919994;0.0404194080;0.0051054017;1.9863644953;
33.0070783994;0.0404194442;0.0051054105;1.9863664266;
33.0089215994;0.0404194623;0.0051054154;1.9863671634;
33.0126079994;0.0404194979;0.0051054241;1.9863690655;
33.0144511994;0.0404195157;0.0051054289;1.9863697878;
33.0181375994;0.0404195507;0.0051054374;1.9863716611;
33.0199807994;0.0404195682;0.0051054422;1.9863723690;
33.0236671994;0.0404196027;0.0051054505;1.9863742138;
33.0255103994;0.0404196198;0.0051054552;1.9863749075;
33.0291967994;0.0404196537;0.0051054634;1.9863767241;
33.0310399994;0.0404196706;0.0051054680;1.9863774038;
33.0347263994;0.0404197040;0.0051054761;1.9863791925;
33.0365695994;0.0404197206;0.0051054807;1.9863798582;
33.0402559994;0.0404197533;0.0051054886;1.9863816193;
33.0420991994;0.0404197697;0.0051054931;1.9863822714;
33.0457855994;0.0404198019;0.0051055009;1.9863840052;
33.0476287994;0.0404198180;0.0051055053;1.9863846437;
33.0513151994;0.0404198496;0.0051055129;1.9863863505;
33.0531583994;0.0404198654;0.0051055172;1.9863869755;
33.0568447994;0.0404198965;0.0051055248;1.9863886557;
33.0586879994;0.0404199120;0.0051055290;1.9863892674;
33.0623743994;0.0404199426;0.0051055364;1.9863909212;
33.0642175994;0.0404199579;0.0051055406;1.9863915197;
33.0679039994;0.0404199879;0.0051055479;1.9863931474;
33.0697471994;0.0404200029;0.0051055520;1.9863937330;
33.0734335994;0.0404200324;0.0051055591;1.9863953348;
33.0752767994;0.0404200472;0.0051055632;1.9863959075;
33.0789631994;0.0404200762;0.0051055702;1.9863974838;
33.0808063994;0.0404200906;0.0051055741;1.9863980438;
33.0844927994;0.0404201191;0.0051055810;1.9863995948;
33.0863359994;0.0404201333;0.0051055849;1.9864001422;
33.0900223994;0.0404201613;0.0051055917;1.9864016683;
33.0918655994;0.0404201753;0.0051055955;1.9864022032;
33.0955519994;0.0404202027;0.0051056021;1.9864037045;
33.0973951994;0.0404202164;0.0051056059;1.9864042272;
33.1010815994;0.0404202434;0.0051056124;1.9864057041;
33.1029247994;0.0404202569;0.0051056161;1.9864062145;
33.1066111994;0.0404202834;0.0051056225;1.9864076672;
33.1084543994;0.0404202966;0.0051056262;1.9864081656;
33.1121407994;0.0404203226;0.0051056324;1.9864095944;
33.1139839994;0.0404203356;0.0051056360;1.9864100809;
33.1176703994;0.0404203611;0.0051056421;1.9864114860;
33.1195135994;0.0404203738;0.0051056457;1.9864119608;
33.1231999994;0.0404203989;0.0051056517;1.9864133425;
33.1250431994;0.0404204114;0.0051056552;1.9864138056;
33.1287295994;0.0404204359;0.0051056610;1.9864151641;
33.1305727994;0.0404204482;0.0051056645;1.9864156157;
33.1342591994;0.0404204723;0.0051056702;1.9864169514;
33.1361023994;0.0404204843;0.0051056736;1.9864173915;
33.1397887994;0.0404205080;0.0051056792;1.9864187046;
33.1416319994;0.0404205198;0.0051056826;1.9864191335;
33.1453183994;0.0404205430;0.0051056881;1.9864204242;
33.1471615994;0.0404205545;0.0051056913;1.9864208419;
33.1508479994;0.0404205773;0.0051056968;1.9864221104;
33.1526911994;0.0404205886;0.0051056999;1.9864225171;
33.1563775994;0.0404206109;0.0051057053;1.9864237638;
33.1582207994;0.0404206220;0.0051057084;1.9864241596;
33.1619071994;0.0404206439;0.0051057136;1.9864253846;
33.1637503994;0.0404206548;0.0051057167;1.9864257696;
33.1674367994;0.0404206762;0.0051057218;1.9864269732;
33.1692799994;0.0404206869;0.0051057248;1.9864273476;
33.1729663994;0.0404207079;0.0051057298;1.9864285300;
33.1748095994;0.0404207184;0.0051057327;1.9864288938;
33.1784959994;0.0404207389;0.0051057376;1.9864300554;
33.1803391994;0.0404207492;0.0051057405;1.9864304087;
33.1840255994;0.0404207693;0.0051057453;1.9864315496;
33.1858687994;0.0404207794;0.0051057481;1.9864318927;
33.1895551994;0.0404207991;0.0051057528;1.9864330130;
33.1913983994;0.0404208090;0.0051057556;1.9864333459;
33.1950847994;0.0404208283;0.0051057602;1.9864344460;
33.1969279994;0.0404208379;0.0051057629;1.9864347688;
33.2006143994;0.0404208568;0.0051057674;1.9864358490;
33.2024575994;0.0404208663;0.0051057701;1.9864361618;
33.2061439994;0.0404208848;0.0051057744;1.9864372222;
33.2079871994;0.0404208940;0.0051057771;1.9864375252;
33.2116735994;0.0404209121;0.0051057813;1.9864385660;
33.2135167994;0.0404209212;0.0051057840;1.9864388593;
33.2172031994;0.0404209389;0.0051057881;1.9864398808;
33.2190463994;0.0404209477;0.0051057907;1.9864401644;
33.2227327994;0.0404209650;0.0051057947;1.9864411668;
33.2245759994;0.0404209737;0.0051057972;1.9864414409;
33.2282623994;0.0404209906;0.0051058012;1.9864424244;
33.2301055994;0.0404209991;0.0051058036;1.9864426892;
33.2337919994;0.0404210157;0.0051058075;1.9864436540;
33.2356351994;0.0404210239;0.0051058099;1.9864439094;
33.2393215994;0.0404210401;0.0051058137;1.9864448558;
33.2411647994;0.0404210482;0.0051058160;1.9864451021;
33.2448511994;0.0404210640;0.0051058197;1.9864460302;
33.2466943994;0.0404210719;0.0051058220;1.9864462674;
33.2503807994;0.0404210873;0.0051058256;1.9864471775;
33.2522239994;0.0404210951;0.0051058279;1.9864474057;
33.2559103994;0.0404211101;0.0051058314;1.9864482980;
33.2577535994;0.0404211177;0.0051058336;1.9864485173;
33.2614399994;0.0404211324;0.0051058370;1.9864493921;
33.2632831994;0.0404211398;0.0051058392;1.9864496026;
33.2669695994;0.0404211541;0.0051058425;1.9864504599;
33.2688127994;0.0404211613;0.0051058446;1.9864506618;
33.2724991994;0.0404211753;0.0051058478;1.9864515019;
33.2743423994;0.0404211823;0.0051058499;1.9864516953;
33.2780287994;0.0404211960;0.0051058531;1.9864525184;
33.2798719994;0.0404212029;0.0051058551;1.9864527033;
33.2835583994;0.0404212162;0.0051058582;1.9864535096;
33.2854015994;0.0404212229;0.0051058602;1.9864536862;
33.2890879994;0.0404212359;0.0051058631;1.9864544759;
33.2909311994;0.0404212424;0.0051058651;1.9864546442;
33.2946175994;0.0404212550;0.0051058680;1.9864554176;
33.2964607994;0.0404212613;0.0051058699;1.9864555777;
33.3001471994;0.0404212737;0.0051058727;1.9864563349;
33.3019903994;0.0404212798;0.0051058746;1.9864564869;
33.3056767994;0.0404212919;0.0051058773;1.9864572281;
33.3075199994;0.0404212979;0.0051058791;1.9864573722;
33.3112063994;0.0404213096;0.0051058818;1.9864580976;
33.3130495994;0.0404213154;0.0051058836;1.9864582338;
33.3167359994;0.0404213268;0.0051058861;1.9864589436;
33.3185791994;0.0404213325;0.0051058879;1.9864590720;
33.3222655994;0.0404213435;0.0051058903;1.9864597664;
33.3241087994;0.0404213490;0.0051058921;1.9864598871;
33.3277951994;0.0404213598;0.0051058944;1.9864605663;
33.3296383994;0.0404213652;0.0051058961;1.9864606795;
33.3333247994;0.0404213756;0.0051058984;1.9864613436;
33.3351679994;0.0404213808;0.0051059001;1.9864614493;
33.3388543994;0.0404213910;0.0051059023;1.9864620985;
33.3406975994;0.0404213960;0.0051059039;1.9864621968;
33.3443839994;0.0404214059;0.0051059061;1.9864628314;
33.3462271994;0.0404214108;0.0051059077;1.9864629223;
33.3499135994;0.0404214203;0.0051059097;1.9864635424;
33.3517567994;0.0404214251;0.0051059113;1.9864636262;
33.3554431994;0.0404214344;0.0051059133;1.9864642320;
33.3572863994;0.0404214390;0.0051059148;1.9864643086;
33.3609727994;0.0404214480;0.0051059167;1.9864649002;
33.3628159994;0.0404214525;0.0051059182;1.9864649699;
33.3665023994;0.0404214612;0.0051059201;1.9864655475;
33.3683455994;0.0404214655;0.0051059215;1.9864656102;
33.3720319994;0.0404214739;0.0051059233;1.9864661741;
33.3738751994;0.0404214781;0.0051059247;1.9864662299;
33.3775615994;0.0404214862;0.0051059264;1.9864667802;
33.3794047994;0.0404214903;0.0051059277;1.9864668293;
33.3830911994;0.0404214982;0.0051059294;1.9864673661;
33.3849343994;0.0404215021;0.0051059307;1.9864674085;
33.3886207994;0.0404215097;0.0051059323;1.9864679321;
33.3904639994;0.0404215135;0.0051059336;1.9864679678;
33.3941503994;0.0404215208;0.0051059351;1.9864684783;
33.3959935994;0.0404215245;0.0051059364;1.9864685076;
33.3996799994;0.0404215315;0.0051059378;1.9864690052;
33.4015231994;0.0404215350;0.0051059390;1.9864690280;
33.4052095994;0.0404215418;0.0051059404;1.9864695128;
33.4070527994;0.0404215452;0.0051059416;1.9864695293;
33.4107391994;0.0404215518;0.0051059429;1.9864700015;
33.4125823994;0.0404215551;0.0051059441;1.9864700117;
33.4162687994;0.0404215613;0.0051059454;1.9864704716;
33.4181119994;0.0404215645;0.0051059465;1.9864704756;
33.4217983994;0.0404215705;0.0051059477;1.9864709231;
33.4236415994;0.0404215736;0.0051059488;1.9864709210;
33.4273279994;0.0404215794;0.0051059499;1.9864713565;
33.4291711994;0.0404215823;0.0051059510;1.9864713484;
33.4328575994;0.0404215878;0.0051059520;1.9864717719;
33.4347007994;0.0404215906;0.0051059531;1.9864717579;
33.4383871994;0.0404215959;0.0051059541;1.9864721696;
33.4402303994;0.0404215986;0.0051059551;1.9864721497;
33.4439167994;0.0404216036;0.0051059560;1.9864725498;
33.4457599994;0.0404216062;0.0051059570;1.9864725241;
33.4494463994;0.0404216110;0.0051059579;1.9864729127;
33.4512895994;0.0404216134;0.0051059589;1.9864728813;
33.4549759994;0.0404216181;0.0051059597;1.9864732586;
33.4568191994;0.0404216204;0.0051059606;1.9864732216;
33.4605055994;0.0404216248;0.0051059614;1.9864735877;
33.4623487994;0.0404216270;0.0051059623;1.9864735451;
33.4660351994;0.0404216311;0.0051059630;1.9864739003;
33.4678783994;0.0404216332;0.0051059638;1.9864738522;
33.4715647994;0.0404216371;0.0051059645;1.9864741965;
33.4734079994;0.0404216391;0.0051059653;1.9864741430;
33.4770943994;0.0404216428;0.0051059660;1.9864744765;
33.4789375994;0.0404216447;0.0051059668;1.9864744177;
33.4826239994;0.0404216482;0.0051059673;1.9864747407;
33.4844671994;0.0404216500;0.0051059681;1.9864746766;
33.4881535994;0.0404216533;0.0051059686;1.9864749892;
33.4899967994;0.0404216549;0.0051059693;1.9864749199;
33.4936831994;0.0404216580;0.0051059698;1.9864752222;
33.4955263994;0.0404216596;0.0051059705;1.9864751478;
33.4992127994;0.0404216624;0.0051059709;1.9864754400;
33.5010559994;0.0404216639;0.0051059716;1.9864753606;
33.5047423994;0.0404216666;0.0051059719;1.9864756427;
33.5065855994;0.0404216679;0.0051059726;1.9864755583;
33.5102719994;0.0404216704;0.0051059729;1.9864758307;
33.5121151994;0.0404216716;0.0051059736;1.9864757414;
33.5158015994;0.0404216739;0.0051059738;1.9864760040;
33.5176447994;0.0404216751;0.0051059744;1.9864759098;
33.5213311994;0.0404216772;0.0051059746;1.9864761628;
33.5231743994;0.0404216782;0.0051059752;1.9864760639;
33.5268607994;0.0404216801;0.0051059754;1.9864763075;
33.5287039994;0.0404216811;0.0051059759;1.9864762039;
33.5323903994;0.0404216828;0.0051059760;1.9864764382;
33.5342335994;0.0404216836;0.0051059766;1.9864763300;
33.5379199994;0.0404216851;0.0051059766;1.9864765551;
33.5397631994;0.0404216859;0.0051059772;1.9864764423;
33.5434495994;0.0404216872;0.0051059772;1.9864766584;
33.5452927994;0.0404216879;0.0051059777;1.9864765411;
33.5489791994;0.0404216891;0.0051059776;1.9864767482;
33.5508223994;0.0404216897;0.0051059781;1.9864766265;
33.5545087994;0.0404216906;0.0051059780;1.9864768249;
33.5563519994;0.0404216911;0.0051059785;1.9864766988;
33.5600383994;0.0404216919;0.0051059784;1.9864768886;
33.5618815994;0.0404216923;0.0051059788;1.9864767582;
33.5655679994;0.0404216930;0.0051059786;1.9864769394;
33.5674111994;0.0404216933;0.0051059790;1.9864768048;
33.5710975994;0.0404216937;0.0051059788;1.9864769776;
33.5729407994;0.0404216940;0.0051059792;1.9864768388;
33.5766271994;0.0404216943;0.0051059789;1.9864770033;
33.5784703994;0.0404216944;0.0051059793;1.9864768604;
33.5821567994;0.0404216945;0.0051059790;1.9864770168;
33.5839999994;0.0404216946;0.0051059794;1.9864768699;
33.5876863994;0.0404216946;0.0051059790;1.9864770183;
33.5895295994;0.0404216946;0.0051059793;1.9864768673;
33.5932159994;0.0404216943;0.0051059790;1.9864770078;
33.5950591994;0.0404216943;0.0051059793;1.9864768529;
33.5987455994;0.0404216939;0.0051059789;1.9864769856;
33.6005887994;0.0404216937;0.0051059791;1.9864768269;
33.6042751994;0.0404216932;0.0051059787;1.9864769519;
33.6061183994;0.0404216930;0.0051059789;1.9864767894;
33.6098047994;0.0404216923;0.0051059784;1.9864769069;
33.6116479994;0.0404216920;0.0051059787;1.9864767405;
33.6153343994;0.0404216912;0.0051059782;1.9864768506;
33.6171775994;0.0404216908;0.0051059784;1.9864766806;
33.6208639994;0.0404216898;0.0051059778;1.9864767834;
33.6227071994;0.0404216893;0.0051059780;1.9864766097;
33.6263935994;0.0404216882;0.0051059774;1.9864767053;
33.6282367994;0.0404216877;0.0051059776;1.9864765281;
33.6319231994;0.0404216864;0.0051059770;1.9864766166;
33.6337663994;0.0404216858;0.0051059771;1.9864764358;
33.6374527994;0.0404216844;0.0051059764;1.9864765173;
33.6392959994;0.0404216837;0.0051059766;1.9864763331;
33.6429823994;0.0404216821;0.0051059759;1.9864764078;
33.6448255994;0.0404216814;0.0051059760;1.9864762202;
33.6485119994;0.0404216797;0.0051059753;1.9864762881;
33.6503551994;0.0404216789;0.0051059754;1.9864760971;
33.6540415994;0.0404216771;0.0051059746;1.9864761584;
33.6558847994;0.0404216762;0.0051059747;1.9864759641;
33.6595711994;0.0404216742;0.0051059739;1.9864760188;
33.6614143994;0.0404216733;0.0051059740;1.9864758213;
33.6651007994;0.0404216712;0.0051059731;1.9864758696;
33.6669439994;0.0404216702;0.0051059732;1.9864756689;
33.6706303994;0.0404216680;0.0051059723;1.9864757109;
33.6724735994;0.0404216669;0.0051059724;1.9864755070;
33.6761599994;0.0404216645;0.0051059714;1.9864755428;
33.6780031994;0.0404216634;0.0051059715;1.9864753358;
33.6816895994;0.0404216609;0.0051059705;1.9864753655;
33.6835327994;0.0404216597;0.0051059705;1.9864751555;
33.6872191994;0.0404216571;0.0051059696;1.9864751791;
33.6890623994;0.0404216559;0.0051059696;1.9864749662;
33.6927487994;0.0404216532;0.0051059686;1.9864749839;
33.6945919994;0.0404216518;0.0051059686;1.9864747680;
33.6982783994;0.0404216490;0.0051059675;1.9864747799;
33.7001215994;0.0404216476;0.0051059675;1.9864745612;
33.7038079994;0.0404216447;0.0051059664;1.9864745674;
33.7056511994;0.0404216432;0.0051059664;1.9864743457;
33.7093375994;0.0404216402;0.0051059653;1.9864743463;
33.7111807994;0.0404216387;0.0051059652;1.9864741219;
33.7148671994;0.0404216355;0.0051059641;1.9864741170;
33.7167103994;0.0404216340;0.0051059640;1.9864738899;
33.7203967994;0.0404216307;0.0051059629;1.9864738795;
33.7222399994;0.0404216291;0.0051059628;1.9864736497;
33.7259263994;0.0404216257;0.0051059616;1.9864736341;
33.7277695994;0.0404216240;0.0051059615;1.9864734016;
33.7314559994;0.0404216205;0.0051059603;1.9864733807;
33.7332991994;0.0404216188;0.0051059602;1.9864731456;
33.7369855994;0.0404216152;0.0051059590;1.9864731196;
33.7388287994;0.0404216135;0.0051059589;1.9864728820;
33.7425151994;0.0404216098;0.0051059576;1.9864728509;
33.7443583994;0.0404216079;0.0051059575;1.9864726108;
33.7480447994;0.0404216041;0.0051059562;1.9864725748;
33.7498879994;0.0404216023;0.0051059560;1.9864723322;
33.7535743994;0.0404215984;0.0051059547;1.9864722913;
33.7554175994;0.0404215965;0.0051059546;1.9864720463;
33.7591039994;0.0404215925;0.0051059532;1.9864720007;
33.7609471994;0.0404215905;0.0051059531;1.9864717533;
33.7646335994;0.0404215864;0.0051059517;1.9864717030;
33.7664767994;0.0404215844;0.0051059515;1.9864714533;
33.7701631994;0.0404215802;0.0051059501;1.9864713983;
33.7720063994;0.0404215781;0.0051059499;1.9864711464;
33.7756927994;0.0404215739;0.0051059485;1.9864710869;
33.7775359994;0.0404215718;0.0051059483;1.9864708327;
33.7812223994;0.0404215674;0.0051059469;1.9864707689;
33.7830655994;0.0404215652;0.0051059467;1.9864705124;
33.7867519994;0.0404215608;0.0051059452;1.9864704443;
33.7885951994;0.0404215586;0.0051059450;1.9864701857;
33.7922815994;0.0404215541;0.0051059435;1.9864701132;
33.7941247994;0.0404215518;0.0051059433;1.9864698526;
33.7978111994;0.0404215472;0.0051059418;1.9864697759;
33.7996543994;0.0404215449;0.0051059415;1.9864695132;
33.8033407994;0.0404215402;0.0051059400;1.9864694325;
33.8051839994;0.0404215379;0.0051059398;1.9864691677;
33.8088703994;0.0404215331;0.0051059382;1.9864690830;
33.8107135994;0.0404215307;0.0051059380;1.9864688162;
33.8143999994;0.0404215259;0.0051059364;1.9864687275;
33.8162431994;0.0404215235;0.0051059361;1.9864684588;
33.8199295994;0.0404215185;0.0051059345;1.9864683663;
33.8217727994;0.0404215161;0.0051059343;1.9864680957;
33.8254591994;0.0404215110;0.0051059327;1.9864679994;
33.8273023994;0.0404215086;0.0051059324;1.9864677269;
33.8309887994;0.0404215035;0.0051059307;1.9864676269;
33.8328319994;0.0404215009;0.0051059304;1.9864673526;
33.8365183994;0.0404214958;0.0051059288;1.9864672490;
33.8383615994;0.0404214932;0.0051059285;1.9864669729;
33.8420479994;0.0404214880;0.0051059268;1.9864668658;
33.8438911994;0.0404214854;0.0051059265;1.9864665879;
33.8475775994;0.0404214801;0.0051059248;1.9864664773;
33.8494207994;0.0404214774;0.0051059245;1.9864661977;
33.8531071994;0.0404214721;0.0051059228;1.9864660837;
33.8549503994;0.0404214694;0.0051059225;1.9864658024;
33.8586367994;0.0404214640;0.0051059208;1.9864656851;
33.8604799994;0.0404214613;0.0051059204;1.9864654021;
33.8641663994;0.0404214557;0.0051059187;1.9864652816;
33.8660095994;0.0404214530;0.0051059183;1.9864649970;
33.8696959994;0.0404214474;0.0051059166;1.9864648733;
33.8715391994;0.0404214447;0.0051059162;1.9864645872;
33.8752255994;0.0404214390;0.0051059145;1.9864644603;
33.8770687994;0.0404214362;0.0051059141;1.9864641727;
33.8807551994;0.0404214305;0.0051059123;1.9864640428;
33.8825983994;0.0404214277;0.0051059119;1.9864637536;
33.8862847994;0.0404214219;0.0051059101;1.9864636208;
33.8881279994;0.0404214191;0.0051059098;1.9864633301;
33.8918143994;0.0404214133;0.0051059080;1.9864631944;
33.8936575994;0.0404214104;0.0051059076;1.9864629023;
33.8973439994;0.0404214045;0.0051059057;1.9864627637;
33.8991871994;0.0404214016;0.0051059053;1.9864624703;
33.9028735994;0.0404213957;0.0051059035;1.9864623289;
33.9047167994;0.0404213927;0.0051059031;1.9864620341;
33.9084031994;0.0404213867;0.0051059013;1.9864618900;
33.9102463994;0.0404213838;0.0051059008;1.9864615938;
33.9139327994;0.0404213777;0.0051058990;1.9864614472;
33.9157759994;0.0404213747;0.0051058985;1.9864611497;
33.9194623994;0.0404213686;0.0051058967;1.9864610005;
33.9213055994;0.0404213656;0.0051058962;1.9864607017;
33.9249919994;0.0404213595;0.0051058944;1.9864605499;
33.9268351994;0.0404213564;0.0051058939;1.9864602499;
33.9305215994;0.0404213502;0.0051058920;1.9864600958;
33.9323647994;0.0404213472;0.0051058916;1.9864597945;
33.9360511994;0.0404213409;0.0051058897;1.9864596380;
33.9378943994;0.0404213378;0.0051058892;1.9864593356;
33.9415807994;0.0404213315;0.0051058873;1.9864591767;
33.9434239994;0.0404213284;0.0051058868;1.9864588732;
33.9471103994;0.0404213221;0.0051058849;1.9864587120;
33.9489535994;0.0404213189;0.0051058844;1.9864584074;
33.9526399994;0.0404213125;0.0051058825;1.9864582440;
33.9544831994;0.0404213094;0.0051058820;1.9864579383;
33.9581695994;0.0404213029;0.0051058801;1.9864577728;
33.9600127994;0.0404212998;0.0051058796;1.9864574660;
33.9636991994;0.0404212933;0.0051058776;1.9864572984;
33.9655423994;0.0404212901;0.0051058772;1.9864569906;
33.9692287994;0.0404212836;0.0051058752;1.9864568210;
33.9710719994;0.0404212804;0.0051058747;1.9864565122;
33.9747583994;0.0404212738;0.0051058727;1.9864563406;
33.9766015994;0.0404212706;0.0051058722;1.9864560308;
33.9802879994;0.0404212640;0.0051058702;1.9864558573;
33.9821311994;0.0404212607;0.0051058697;1.9864555466;
33.9858175994;0.0404212541;0.0051058677;1.9864553713;
33.9876607994;0.0404212508;0.0051058672;1.9864550596;
33.9913471994;0.0404212441;0.0051058652;1.9864548825;
33.9931903994;0.0404212408;0.0051058647;1.9864545699;
33.9968767994;0.0404212341;0.0051058627;1.9864543911;
33.9987199994;0.0404212308;0.0051058622;1.9864540777;
34.0024063994;0.0404212241;0.0051058602;1.9864538971;
34.0042495994;0.0404212208;0.0051058596;1.9864535829;
34.0079359994;0.0404212140;0.0051058576;1.9864534007;
34.0097791994;0.0404212106;0.0051058571;1.9864530856;
34.0134655994;0.0404212038;0.0051058550;1.9864529018;
34.0153087994;0.0404212005;0.0051058545;1.9864525860;
34.0189951994;0.0404211936;0.0051058525;1.9864524007;
34.0208383994;0.0404211903;0.0051058519;1.9864520841;
34.0245247994;0.0404211834;0.0051058499;1.9864518973;
34.0263679994;0.0404211800;0.0051058493;1.9864515799;
34.0300543994;0.0404211731;0.0051058473;1.9864513917;
34.0318975994;0.0404211697;0.0051058467;1.9864510737;
34.0355839994;0.0404211628;0.0051058447;1.9864508841;
34.0374271994;0.0404211594;0.0051058441;1.9864505653;
34.0411135994;0.0404211524;0.0051058421;1.9864503744;
34.0429567994;0.0404211490;0.0051058415;1.9864500550;
34.0466431994;0.0404211420;0.0051058394;1.9864498628;
34.0484863994;0.0404211385;0.0051058389;1.9864495427;
34.0521727994;0.0404211315;0.0051058368;1.9864493493;
34.0540159994;0.0404211281;0.0051058362;1.9864490286;
34.0577023994;0.0404211211;0.0051058341;1.9864488340;
34.0595455994;0.0404211176;0.0051058336;1.9864485128;
34.0632319994;0.0404211105;0.0051058315;1.9864483170;
34.0650751994;0.0404211071;0.0051058309;1.9864479952;
34.0687615994;0.0404211000;0.0051058288;1.9864477983;
34.0706047994;0.0404210965;0.0051058283;1.9864474760;
34.0742911994;0.0404210894;0.0051058261;1.9864472780;
34.0761343994;0.0404210859;0.0051058256;1.9864469552;
34.0798207994;0.0404210788;0.0051058235;1.9864467562;
34.0816639994;0.0404210753;0.0051058229;1.9864464329;
34.0853503994;0.0404210681;0.0051058208;1.9864462329;
34.0871935994;0.0404210646;0.0051058202;1.9864459091;
34.0908799994;0.0404210575;0.0051058181;1.9864457083;
34.0927231994;0.0404210539;0.0051058175;1.9864453840;
34.0964095994;0.0404210468;0.0051058154;1.9864451823;
34.0982527994;0.0404210432;0.0051058148;1.9864448576;
34.1019391994;0.0404210360;0.0051058127;1.9864446550;
34.1037823994;0.0404210325;0.0051058121;1.9864443299;
34.1074687994;0.0404210253;0.0051058099;1.9864441265;
34.1093119994;0.0404210217;0.0051058094;1.9864438011;
34.1129983994;0.0404210145;0.0051058072;1.9864435969;
34.1148415994;0.0404210109;0.0051058066;1.9864432711;
34.1185279994;0.0404210037;0.0051058045;1.9864430663;
34.1203711994;0.0404210001;0.0051058039;1.9864427400;
34.1240575994;0.0404209929;0.0051058018;1.9864425345;
34.1259007994;0.0404209893;0.0051058012;1.9864422080;
34.1295871994;0.0404209820;0.0051057990;1.9864420019;
34.1314303994;0.0404209785;0.0051057984;1.9864416750;
34.1351167994;0.0404209712;0.0051057963;1.9864414683;
34.1369599994;0.0404209676;0.0051057957;1.9864411412;
34.1406463994;0.0404209603;0.0051057935;1.9864409339;
34.1424895994;0.0404209567;0.0051057929;1.9864406065;
34.1461759994;0.0404209494;0.0051057908;1.9864403987;
34.1480191994;0.0404209458;0.0051057902;1.9864400710;
34.1517055994;0.0404209385;0.0051057880;1.9864398628;
34.1535487994;0.0404209349;0.0051057874;1.9864395349;
34.1572351994;0.0404209276;0.0051057853;1.9864393261;
34.1590783994;0.0404209240;0.0051057847;1.9864389980;
34.1627647994;0.0404209167;0.0051057825;1.9864387889;
34.1646079994;0.0404209130;0.0051057819;1.9864384606;
34.1682943994;0.0404209057;0.0051057797;1.9864382511;
34.1701375994;0.0404209021;0.0051057791;1.9864379226;
34.1738239994;0.0404208948;0.0051057770;1.9864377128;
34.1756671994;0.0404208911;0.0051057764;1.9864373842;
34.1793535994;0.0404208838;0.0051057742;1.9864371740;
34.1811967994;0.0404208802;0.0051057736;1.9864368452;
34.1848831994;0.0404208728;0.0051057714;1.9864366348;
34.1867263994;0.0404208692;0.0051057708;1.9864363059;
34.1904127994;0.0404208618;0.0051057686;1.9864360953;
34.1922559994;0.0404208582;0.0051057681;1.9864357663;
34.1959423994;0.0404208509;0.0051057659;1.9864355554;
34.1977855994;0.0404208472;0.0051057653;1.9864352263;
34.2014719994;0.0404208399;0.0051057631;1.9864350153;
34.2033151994;0.0404208362;0.0051057625;1.9864346861;
34.2070015994;0.0404208289;0.0051057603;1.9864344750;
34.2088447994;0.0404208252;0.0051057597;1.9864341458;
34.2125311994;0.0404208179;0.0051057575;1.9864339345;
34.2143743994;0.0404208142;0.0051057569;1.9864336052;
34.2180607994;0.0404208069;0.0051057548;1.9864333939;
34.2199039994;0.0404208032;0.0051057542;1.9864330646;
34.2235903994;0.0404207959;0.0051057520;1.9864328533;
34.2254335994;0.0404207922;0.0051057514;1.9864325239;
34.2291199994;0.0404207849;0.0051057492;1.9864323126;
34.2309631994;0.0404207812;0.0051057486;1.9864319832;
34.2346495994;0.0404207739;0.0051057464;1.9864317719;
34.2364927994;0.0404207702;0.0051057458;1.9864314426;
34.2401791994;0.0404207629;0.0051057436;1.9864312313;
34.2420223994;0.0404207592;0.0051057431;1.9864309020;
34.2457087994;0.0404207519;0.0051057409;1.9864306908;
34.2475519994;0.0404207482;0.0051057403;1.9864303615;
34.2512383994;0.0404207409;0.0051057381;1.9864301504;
34.2530815994;0.0404207372;0.0051057375;1.9864298213;
34.2567679994;0.0404207299;0.0051057353;1.9864296103;
34.2586111994;0.0404207263;0.0051057347;1.9864292812;
34.2622975994;0.0404207189;0.0051057325;1.9864290704;
34.2641407994;0.0404207153;0.0051057319;1.9864287414;
34.2678271994;0.0404207079;0.0051057298;1.9864285308;
34.2696703994;0.0404207043;0.0051057292;1.9864282018;
34.2733567994;0.0404206969;0.0051057270;1.9864279914;
34.2751999994;0.0404206933;0.0051057264;1.9864276626;
34.2788863994;0.0404206860;0.0051057242;1.9864274525;
34.2807295994;0.0404206824;0.0051057236;1.9864271238;
34.2844159994;0.0404206750;0.0051057215;1.9864269139;
34.2862591994;0.0404206714;0.0051057209;1.9864265854;
34.2899455994;0.0404206641;0.0051057187;1.9864263758;
34.2917887994;0.0404206605;0.0051057181;1.9864260474;
34.2954751994;0.0404206531;0.0051057159;1.9864258382;
34.2973183994;0.0404206495;0.0051057153;1.9864255100;
34.3010047994;0.0404206422;0.0051057132;1.9864253011;
34.3028479994;0.0404206386;0.0051057126;1.9864249730;
34.3065343994;0.0404206313;0.0051057104;1.9864247645;
34.3083775994;0.0404206277;0.0051057098;1.9864244366;
34.3120639994;0.0404206204;0.0051057076;1.9864242285;
34.3139071994;0.0404206168;0.0051057071;1.9864239008;
34.3175935994;0.0404206095;0.0051057049;1.9864236931;
34.3194367994;0.0404206059;0.0051057043;1.9864233657;
34.3231231994;0.0404205986;0.0051057021;1.9864231584;
34.3249663994;0.0404205950;0.0051057016;1.9864228312;
34.3286527994;0.0404205877;0.0051056994;1.9864226244;
34.3304959994;0.0404205841;0.0051056988;1.9864222974;
34.3341823994;0.0404205769;0.0051056967;1.9864220910;
34.3360255994;0.0404205733;0.0051056961;1.9864217643;
34.3397119994;0.0404205660;0.0051056939;1.9864215585;
34.3415551994;0.0404205625;0.0051056933;1.9864212320;
34.3452415994;0.0404205552;0.0051056912;1.9864210267;
34.3470847994;0.0404205517;0.0051056906;1.9864207005;
34.3507711994;0.0404205444;0.0051056885;1.9864204958;
34.3526143994;0.0404205409;0.0051056879;1.9864201699;
34.3563007994;0.0404205336;0.0051056857;1.9864199657;
34.3581439994;0.0404205301;0.0051056852;1.9864196401;
34.3618303994;0.0404205229;0.0051056830;1.9864194365;
34.3636735994;0.0404205193;0.0051056824;1.9864191112;
34.3673599994;0.0404205121;0.0051056803;1.9864189082;
34.3692031994;0.0404205086;0.0051056797;1.9864185832;
34.3728895994;0.0404205014;0.0051056776;1.9864183809;
34.3747327994;0.0404204978;0.0051056770;1.9864180562;
34.3784191994;0.0404204907;0.0051056749;1.9864178545;
34.3802623994;0.0404204871;0.0051056743;1.9864175302;
34.3839487994;0.0404204800;0.0051056722;1.9864173292;
34.3857919994;0.0404204765;0.0051056716;1.9864170052;
34.3894783994;0.0404204693;0.0051056695;1.9864168048;
34.3913215994;0.0404204658;0.0051056689;1.9864164812;
34.3950079994;0.0404204587;0.0051056668;1.9864162816;
34.3968511994;0.0404204552;0.0051056662;1.9864159583;
34.4005375994;0.0404204480;0.0051056641;1.9864157594;
34.4023807994;0.0404204445;0.0051056635;1.9864154364;
34.4060671994;0.0404204374;0.0051056614;1.9864152383;
34.4079103994;0.0404204339;0.0051056609;1.9864149157;
34.4115967994;0.0404204269;0.0051056588;1.9864147184;
34.4134399994;0.0404204234;0.0051056582;1.9864143962;
34.4171263994;0.0404204163;0.0051056561;1.9864141996;
34.4189695994;0.0404204128;0.0051056555;1.9864138778;
34.4226559994;0.0404204058;0.0051056534;1.9864136820;
34.4244991994;0.0404204023;0.0051056529;1.9864133607;
34.4281855994;0.0404203953;0.0051056508;1.9864131657;
34.4300287994;0.0404203918;0.0051056502;1.9864128447;
34.4337151994;0.0404203848;0.0051056481;1.9864126506;
34.4355583994;0.0404203813;0.0051056476;1.9864123300;
34.4392447994;0.0404203743;0.0051056455;1.9864121367;
34.4410879994;0.0404203709;0.0051056449;1.9864118166;
34.4447743994;0.0404203639;0.0051056429;1.9864116241;
34.4466175994;0.0404203605;0.0051056423;1.9864113044;
34.4503039994;0.0404203535;0.0051056402;1.9864111129;
34.4521471994;0.0404203501;0.0051056397;1.9864107936;
34.4558335994;0.0404203431;0.0051056376;1.9864106029;
34.4576767994;0.0404203397;0.0051056371;1.9864102841;
34.4613631994;0.0404203328;0.0051056350;1.9864100944;
34.4632063994;0.0404203294;0.0051056345;1.9864097760;
34.4668927994;0.0404203224;0.0051056324;1.9864095872;
34.4687359994;0.0404203190;0.0051056318;1.9864092693;
34.4724223994;0.0404203122;0.0051056298;1.9864090814;
34.4742655994;0.0404203088;0.0051056292;1.9864087640;
34.4779519994;0.0404203019;0.0051056272;1.9864085770;
34.4797951994;0.0404202985;0.0051056267;1.9864082601;
34.4834815994;0.0404202917;0.0051056246;1.9864080741;
34.4853247994;0.0404202883;0.0051056241;1.9864077576;
34.4890111994;0.0404202815;0.0051056220;1.9864075726;
34.4908543994;0.0404202781;0.0051056215;1.9864072566;
34.4945407994;0.0404202713;0.0051056195;1.9864070726;
34.4963839994;0.0404202679;0.0051056189;1.9864067571;
34.5000703994;0.0404202611;0.0051056169;1.9864065741;
34.5019135994;0.0404202578;0.0051056164;1.9864062591;
34.5055999994;0.0404202510;0.0051056143;1.9864060771;
34.5074431994;0.0404202477;0.0051056138;1.9864057626;
34.5111295994;0.0404202409;0.0051056118;1.9864055816;
34.5129727994;0.0404202376;0.0051056113;1.9864052677;
34.5166591994;0.0404202309;0.0051056093;1.9864050877;
34.5185023994;0.0404202276;0.0051056087;1.9864047743;
34.5221887994;0.0404202209;0.0051056067;1.9864045954;
34.5240319994;0.0404202176;0.0051056062;1.9864042825;
34.5277183994;0.0404202109;0.0051056042;1.9864041047;
34.5295615994;0.0404202076;0.0051056037;1.9864037923;
34.5332479994;0.0404202009;0.0051056017;1.9864036155;
34.5350911994;0.0404201977;0.0051056012;1.9864033037;
34.5387775994;0.0404201910;0.0051055992;1.9864031280;
34.5406207994;0.0404201877;0.0051055987;1.9864028167;
34.5443071994;0.0404201811;0.0051055967;1.9864026421;
34.5461503994;0.0404201779;0.0051055962;1.9864023314;
34.5498367994;0.0404201713;0.0051055942;1.9864021579;
34.5516799994;0.0404201680;0.0051055937;1.9864018477;
34.5553663994;0.0404201615;0.0051055917;1.9864016753;
34.5572095994;0.0404201582;0.0051055912;1.9864013657;
34.5608959994;0.0404201517;0.0051055892;1.9864011944;
34.5627391994;0.0404201484;0.0051055887;1.9864008854;
34.5664255994;0.0404201419;0.0051055868;1.9864007152;
34.5682687994;0.0404201387;0.0051055863;1.9864004067;
34.5719551994;0.0404201322;0.0051055843;1.9864002377;
34.5737983994;0.0404201290;0.0051055838;1.9863999298;
34.5774847994;0.0404201225;0.0051055819;1.9863997620;
34.5793279994;0.0404201193;0.0051055814;1.9863994546;
34.5830143994;0.0404201129;0.0051055794;1.9863992879;
34.5848575994;0.0404201097;0.0051055790;1.9863989812;
34.5885439994;0.0404201033;0.0051055770;1.9863988157;
34.5903871994;0.0404201001;0.0051055765;1.9863985095;
34.5940735994;0.0404200937;0.0051055746;1.9863983451;
34.5959167994;0.0404200905;0.0051055741;1.9863980396;
34.5996031994;0.0404200842;0.0051055722;1.9863978764;
34.6014463994;0.0404200810;0.0051055717;1.9863975714;
34.6051327994;0.0404200747;0.0051055698;1.9863974094;
34.6069759994;0.0404200715;0.0051055693;1.9863971051;
34.6106623994;0.0404200652;0.0051055674;1.9863969443;
34.6125055994;0.0404200621;0.0051055669;1.9863966405;
34.6161919994;0.0404200558;0.0051055650;1.9863964809;
34.6180351994;0.0404200527;0.0051055645;1.9863961778;
34.6217215994;0.0404200464;0.0051055626;1.9863960194;
34.6235647994;0.0404200433;0.0051055622;1.9863957168;
34.6272511994;0.0404200370;0.0051055603;1.9863955597;
34.6290943994;0.0404200339;0.0051055598;1.9863952578;
34.6327807994;0.0404200277;0.0051055579;1.9863951018;
34.6346239994;0.0404200246;0.0051055575;1.9863948005;
34.6383103994;0.0404200184;0.0051055556;1.9863946458;
34.6401535994;0.0404200154;0.0051055551;1.9863943451;
34.6438399994;0.0404200092;0.0051055532;1.9863941917;
34.6456831994;0.0404200061;0.0051055528;1.9863938916;
34.6493695994;0.0404200000;0.0051055509;1.9863937394;
34.6512127994;0.0404199969;0.0051055505;1.9863934400;
34.6548991994;0.0404199908;0.0051055486;1.9863932890;
34.6567423994;0.0404199878;0.0051055482;1.9863929902;
34.6604287994;0.0404199817;0.0051055463;1.9863928405;
34.6622719994;0.0404199787;0.0051055459;1.9863925423;
34.6659583994;0.0404199726;0.0051055440;1.9863923939;
34.6678015994;0.0404199696;0.0051055436;1.9863920963;
34.6714879994;0.0404199635;0.0051055417;1.9863919492;
34.6733311994;0.0404199606;0.0051055413;1.9863916523;
34.6770175994;0.0404199545;0.0051055394;1.9863915064;
34.6788607994;0.0404199516;0.0051055390;1.9863912101;
34.6825471994;0.0404199456;0.0051055372;1.9863910655;
34.6843903994;0.0404199426;0.0051055367;1.9863907699;
34.6880767994;0.0404199366;0.0051055349;1.9863906266;
34.6899199994;0.0404199337;0.0051055345;1.9863903316;
34.6936063994;0.0404199277;0.0051055327;1.9863901896;
34.6954495994;0.0404199248;0.0051055323;1.9863898952;
34.6991359994;0.0404199189;0.0051055304;1.9863897545;
34.7009791994;0.0404199160;0.0051055300;1.9863894608;
34.7046655994;0.0404199101;0.0051055282;1.9863893214;
34.7065087994;0.0404199072;0.0051055278;1.9863890284;
34.7101951994;0.0404199013;0.0051055260;1.9863888903;
34.7120383994;0.0404198984;0.0051055256;1.9863885979;
34.7157247994;0.0404198926;0.0051055238;1.9863884611;
34.7175679994;0.0404198897;0.0051055234;1.9863881693;
34.7212543994;0.0404198839;0.0051055216;1.9863880338;
34.7230975994;0.0404198810;0.0051055212;1.9863877428;
34.7267839994;0.0404198752;0.0051055194;1.9863876086;
34.7286271994;0.0404198724;0.0051055190;1.9863873182;
34.7323135994;0.0404198666;0.0051055172;1.9863871853;
34.7341567994;0.0404198638;0.0051055168;1.9863868956;
34.7378431994;0.0404198580;0.0051055151;1.9863867640;
34.7396863994;0.0404198552;0.0051055147;1.9863864749;
34.7433727994;0.0404198495;0.0051055129;1.9863863447;
34.7452159994;0.0404198467;0.0051055125;1.9863860563;
34.7489023994;0.0404198410;0.0051055108;1.9863859274;
34.7507455994;0.0404198382;0.0051055104;1.9863856396;
34.7544319994;0.0404198326;0.0051055086;1.9863855121;
34.7562751994;0.0404198298;0.0051055082;1.9863852250;
34.7599615994;0.0404198241;0.0051055065;1.9863850988;
34.7618047994;0.0404198214;0.0051055061;1.9863848124;
34.7654911994;0.0404198158;0.0051055044;1.9863846875;
34.7673343994;0.0404198130;0.0051055040;1.9863844017;
34.7710207994;0.0404198075;0.0051055023;1.9863842782;
34.7728639994;0.0404198047;0.0051055019;1.9863839931;
34.7765503994;0.0404197992;0.0051055002;1.9863838709;
34.7783935994;0.0404197964;0.0051054998;1.9863835865;
34.7820799994;0.0404197909;0.0051054981;1.9863834656;
34.7839231994;0.0404197882;0.0051054977;1.9863831819;
34.7876095994;0.0404197827;0.0051054960;1.9863830624;
34.7894527994;0.0404197800;0.0051054957;1.9863827793;
34.7931391994;0.0404197745;0.0051054940;1.9863826612;
34.7949823994;0.0404197719;0.0051054936;1.9863823788;
34.7986687994;0.0404197664;0.0051054919;1.9863822620;
34.8005119994;0.0404197638;0.0051054916;1.9863819803;
34.8041983994;0.0404197583;0.0051054899;1.9863818648;
34.8060415994;0.0404197557;0.0051054895;1.9863815838;
34.8097279994;0.0404197503;0.0051054878;1.9863814697;
34.8115711994;0.0404197477;0.0051054875;1.9863811893;
34.8152575994;0.0404197423;0.0051054858;1.9863810765;
34.8171007994;0.0404197397;0.0051054855;1.9863807969;
34.8207871994;0.0404197343;0.0051054838;1.9863806855;
34.8226303994;0.0404197317;0.0051054835;1.9863804065;
34.8263167994;0.0404197264;0.0051054818;1.9863802964;
34.8281599994;0.0404197238;0.0051054815;1.9863800181;
34.8318463994;0.0404197186;0.0051054798;1.9863799094;
34.8336895994;0.0404197160;0.0051054795;1.9863796318;
34.8373759994;0.0404197107;0.0051054778;1.9863795245;
34.8392191994;0.0404197081;0.0051054775;1.9863792475;
34.8429055994;0.0404197029;0.0051054759;1.9863791415;
34.8447487994;0.0404197004;0.0051054756;1.9863788652;
34.8484351994;0.0404196952;0.0051054739;1.9863787606;
34.8502783994;0.0404196926;0.0051054736;1.9863784850;
34.8539647994;0.0404196875;0.0051054720;1.9863783818;
34.8558079994;0.0404196849;0.0051054717;1.9863781069;
34.8594943994;0.0404196798;0.0051054700;1.9863780050;
34.8613375994;0.0404196773;0.0051054697;1.9863777307;
34.8650239994;0.0404196722;0.0051054681;1.9863776302;
34.8668671994;0.0404196697;0.0051054678;1.9863773566;
34.8705535994;0.0404196646;0.0051054662;1.9863772575;
34.8723967994;0.0404196621;0.0051054659;1.9863769846;
34.8760831994;0.0404196570;0.0051054643;1.9863768868;
34.8779263994;0.0404196546;0.0051054640;1.9863766146;
34.8816127994;0.0404196495;0.0051054624;1.9863765182;
34.8834559994;0.0404196471;0.0051054621;1.9863762466;
34.8871423994;0.0404196421;0.0051054605;1.9863761516;
34.8889855994;0.0404196396;0.0051054602;1.9863758807;
34.8926719994;0.0404196347;0.0051054586;1.9863757870;
34.8945151994;0.0404196322;0.0051054583;1.9863755168;
34.8982015994;0.0404196273;0.0051054568;1.9863754245;
34.9000447994;0.0404196249;0.0051054565;1.9863751550;
34.9037311994;0.0404196200;0.0051054549;1.9863750640;
34.9055743994;0.0404196176;0.0051054546;1.9863747952;
34.9092607994;0.0404196127;0.0051054531;1.9863747055;
34.9111039994;0.0404196103;0.0051054528;1.9863744374;
34.9147903994;0.0404196054;0.0051054512;1.9863743491;
34.9166335994;0.0404196030;0.0051054510;1.9863740817;
34.9203199994;0.0404195982;0.0051054494;1.9863739948;
34.9221631994;0.0404195958;0.0051054491;1.9863737280;
34.9258495994;0.0404195910;0.0051054476;1.9863736424;
34.9276927994;0.0404195887;0.0051054473;1.9863733763;
34.9313791994;0.0404195839;0.0051054458;1.9863732921;
34.9332223994;0.0404195816;0.0051054455;1.9863730267;
34.9369087994;0.0404195768;0.0051054440;1.9863729438;
34.9387519994;0.0404195745;0.0051054438;1.9863726791;
34.9424383994;0.0404195698;0.0051054422;1.9863725976;
34.9442815994;0.0404195675;0.0051054420;1.9863723335;
34.9479679994;0.0404195628;0.0051054405;1.9863722534;
34.9498111994;0.0404195605;0.0051054402;1.9863719900;
34.9534975994;0.0404195558;0.0051054387;1.9863719112;
34.9553407994;0.0404195535;0.0051054385;1.9863716485;
34.9590271994;0.0404195489;0.0051054370;1.9863715710;
34.9608703994;0.0404195466;0.0051054367;1.9863713090;
34.9645567994;0.0404195420;0.0051054352;1.9863712328;
34.9663999994;0.0404195397;0.0051054350;1.9863709715;
34.9700863994;0.0404195352;0.0051054335;1.9863708967;
34.9719295994;0.0404195329;0.0051054333;1.9863706360;
34.9756159994;0.0404195284;0.0051054318;1.9863705626;
34.9774591994;0.0404195261;0.0051054315;1.9863703026;
34.9811455994;0.0404195216;0.0051054301;1.9863702305;
34.9829887994;0.0404195194;0.0051054298;1.9863699711;
34.9866751994;0.0404195149;0.0051054284;1.9863699004;
34.9885183994;0.0404195127;0.0051054281;1.9863696417;
34.9922047994;0.0404195082;0.0051054267;1.9863695723;
34.9940479994;0.0404195060;0.0051054265;1.9863693143;
34.9977343994;0.0404195016;0.0051054250;1.9863692462;
34.9995775994;0.0404194994;0.0051054248;1.9863689888;
35.0032639994;0.0404194950;0.0051054233;1.9863689221;
35.0051071994;0.0404194928;0.0051054231;1.9863686654;
35.0087935994;0.0404194884;0.0051054217;1.9863686000;
35.0106367994;0.0404194863;0.0051054215;1.9863683440;
35.0143231994;0.0404194819;0.0051054200;1.9863682799;
35.0161663994;0.0404194798;0.0051054198;1.9863680245;
35.0198527994;0.0404194754;0.0051054184;1.9863679617;
35.0216959994;0.0404194733;0.0051054182;1.9863677071;
35.0253823994;0.0404194690;0.0051054168;1.9863676456;
35.0272255994;0.0404194669;0.0051054166;1.9863673916;
35.0309119994;0.0404194626;0.0051054152;1.9863673315;
35.0327551994;0.0404194605;0.0051054150;1.9863670781;
35.0364415994;0.0404194563;0.0051054136;1.9863670193;
35.0382847994;0.0404194542;0.0051054134;1.9863667666;
35.0419711994;0.0404194499;0.0051054120;1.9863667091;
35.0438143994;0.0404194479;0.0051054118;1.9863664570;
35.0475007994;0.0404194437;0.0051054104;1.9863664008;
35.0493439994;0.0404194416;0.0051054102;1.9863661495;
35.0530303994;0.0404194374;0.0051054088;1.9863660946;
35.0548735994;0.0404194354;0.0051054086;1.9863658439;
35.0585599994;0.0404194313;0.0051054072;1.9863657903;
35.0604031994;0.0404194292;0.0051054071;1.9863655402;
35.0640895994;0.0404194251;0.0051054057;1.9863654879;
35.0659327994;0.0404194231;0.0051054055;1.9863652385;
35.0696191994;0.0404194190;0.0051054041;1.9863651875;
35.0714623994;0.0404194170;0.0051054040;1.9863649388;
35.0751487994;0.0404194129;0.0051054026;1.9863648891;
35.0769919994;0.0404194109;0.0051054024;1.9863646409;
35.0806783994;0.0404194069;0.0051054011;1.9863645926;
35.0825215994;0.0404194049;0.0051054009;1.9863643451;
35.0862079994;0.0404194009;0.0051053996;1.9863642980;
35.0880511994;0.0404193989;0.0051053994;1.9863640512;
35.0917375994;0.0404193949;0.0051053981;1.9863640053;
35.0935807994;0.0404193930;0.0051053979;1.9863637592;
35.0972671994;0.0404193890;0.0051053966;1.9863637146;
35.0991103994;0.0404193871;0.0051053964;1.9863634691;
35.1027967994;0.0404193831;0.0051053951;1.9863634258;
35.1046399994;0.0404193812;0.0051053949;1.9863631809;
35.1083263994;0.0404193773;0.0051053936;1.9863631390;
35.1101695994;0.0404193754;0.0051053935;1.9863628947;
35.1138559994;0.0404193715;0.0051053922;1.9863628540;
35.1156991994;0.0404193696;0.0051053920;1.9863626104;
35.1193855994;0.0404193657;0.0051053907;1.9863625709;
35.1212287994;0.0404193639;0.0051053905;1.9863623280;
35.1249151994;0.0404193600;0.0051053892;1.9863622898;
35.1267583994;0.0404193582;0.0051053891;1.9863620474;
35.1304447994;0.0404193543;0.0051053878;1.9863620105;
35.1322879994;0.0404193525;0.0051053877;1.9863617688;
35.1359743994;0.0404193487;0.0051053864;1.9863617332;
35.1378175994;0.0404193469;0.0051053862;1.9863614921;
35.1415039994;0.0404193431;0.0051053850;1.9863614577;
35.1433471994;0.0404193413;0.0051053848;1.9863612172;
35.1470335994;0.0404193375;0.0051053836;1.9863611841;
35.1488767994;0.0404193357;0.0051053834;1.9863609442;
35.1525631994;0.0404193320;0.0051053822;1.9863609123;
35.1544063994;0.0404193302;0.0051053820;1.9863606731;
35.1580927994;0.0404193265;0.0051053808;1.9863606425;
35.1599359994;0.0404193247;0.0051053807;1.9863604039;
35.1636223994;0.0404193210;0.0051053794;1.9863603745;
35.1654655994;0.0404193193;0.0051053793;1.9863601365;
35.1691519994;0.0404193156;0.0051053780;1.9863601083;
35.1709951994;0.0404193139;0.0051053779;1.9863598710;
35.1746815994;0.0404193103;0.0051053767;1.9863598440;
35.1765247994;0.0404193085;0.0051053766;1.9863596073;
35.1802111994;0.0404193049;0.0051053753;1.9863595815;
35.1820543994;0.0404193032;0.0051053752;1.9863593454;
35.1857407994;0.0404192996;0.0051053740;1.9863593209;
35.1875839994;0.0404192979;0.0051053739;1.9863590854;
35.1912703994;0.0404192943;0.0051053727;1.9863590621;
35.1931135994;0.0404192926;0.0051053725;1.9863588272;
35.1967999994;0.0404192891;0.0051053713;1.9863588052;
35.1986431994;0.0404192874;0.0051053712;1.9863585709;
35.2023295994;0.0404192839;0.0051053700;1.9863585500;
35.2041727994;0.0404192822;0.0051053699;1.9863583163;
35.2078591994;0.0404192788;0.0051053687;1.9863582967;
35.2097023994;0.0404192771;0.0051053686;1.9863580636;
35.2133887994;0.0404192737;0.0051053674;1.9863580452;
35.2152319994;0.0404192720;0.0051053673;1.9863578127;
35.2189183994;0.0404192686;0.0051053661;1.9863577954;
35.2207615994;0.0404192669;0.0051053661;1.9863575635;
35.2244479994;0.0404192635;0.0051053649;1.9863575475;
35.2262911994;0.0404192619;0.0051053648;1.9863573162;
35.2299775994;0.0404192585;0.0051053636;1.9863573013;
35.2318207994;0.0404192569;0.0051053635;1.9863570707;
35.2355071994;0.0404192535;0.0051053624;1.9863570570;
35.2373503994;0.0404192519;0.0051053623;1.9863568269;
35.2410367994;0.0404192486;0.0051053611;1.9863568144;
35.2428799994;0.0404192470;0.0051053610;1.9863565849;
35.2465663994;0.0404192437;0.0051053599;1.9863565735;
35.2484095994;0.0404192421;0.0051053598;1.9863563446;
35.2520959994;0.0404192388;0.0051053586;1.9863563345;
35.2539391994;0.0404192373;0.0051053586;1.9863561061;
35.2576255994;0.0404192340;0.0051053574;1.9863560971;
35.2594687994;0.0404192324;0.0051053573;1.9863558694;
35.2631551994;0.0404192292;0.0051053562;1.9863558616;
35.2649983994;0.0404192277;0.0051053561;1.9863556344;
35.2686847994;0.0404192245;0.0051053550;1.9863556277;
35.2705279994;0.0404192229;0.0051053549;1.9863554011;
35.2742143994;0.0404192197;0.0051053538;1.9863553956;
35.2760575994;0.0404192182;0.0051053537;1.9863551696;
35.2797439994;0.0404192150;0.0051053526;1.9863551652;
35.2815871994;0.0404192135;0.0051053526;1.9863549398;
35.2852735994;0.0404192104;0.0051053515;1.9863549366;
35.2871167994;0.0404192089;0.0051053514;1.9863547117;
35.2908031994;0.0404192058;0.0051053503;1.9863547096;
35.2926463994;0.0404192043;0.0051053502;1.9863544853;
35.2963327994;0.0404192012;0.0051053491;1.9863544844;
35.2981759994;0.0404191997;0.0051053491;1.9863542606;
35.3018623994;0.0404191966;0.0051053480;1.9863542608;
35.3037055994;0.0404191952;0.0051053479;1.9863540376;
35.3073919994;0.0404191921;0.0051053468;1.9863540389;
35.3092351994;0.0404191907;0.0051053468;1.9863538163;
35.3129215994;0.0404191877;0.0051053457;1.9863538188;
35.3147647994;0.0404191862;0.0051053457;1.9863535967;
35.3184511994;0.0404191832;0.0051053446;1.9863536003;
35.3202943994;0.0404191818;0.0051053445;1.9863533788;
35.3239807994;0.0404191788;0.0051053435;1.9863533834;
35.3258239994;0.0404191774;0.0051053434;1.9863531625;
35.3295103994;0.0404191744;0.0051053424;1.9863531682;
35.3313535994;0.0404191730;0.0051053423;1.9863529479;
35.3350399994;0.0404191701;0.0051053413;1.9863529547;
35.3368831994;0.0404191687;0.0051053412;1.9863527349;
35.3405695994;0.0404191658;0.0051053402;1.9863527428;
35.3424127994;0.0404191644;0.0051053401;1.9863525235;
35.3460991994;0.0404191615;0.0051053391;1.9863525326;
35.3479423994;0.0404191601;0.0051053391;1.9863523138;
35.3516287994;0.0404191572;0.0051053380;1.9863523240;
35.3534719994;0.0404191559;0.0051053380;1.9863521058;
35.3571583994;0.0404191530;0.0051053370;1.9863521170;
35.3590015994;0.0404191517;0.0051053369;1.9863518993;
35.3626879994;0.0404191488;0.0051053359;1.9863519116;
35.3645311994;0.0404191475;0.0051053359;1.9863516945;
35.3682175994;0.0404191447;0.0051053349;1.9863517078;
35.3700607994;0.0404191434;0.0051053348;1.9863514913;
35.3737471994;0.0404191406;0.0051053338;1.9863515057;
35.3755903994;0.0404191392;0.0051053338;1.9863512896;
35.3792767994;0.0404191365;0.0051053328;1.9863513051;
35.3811199994;0.0404191352;0.0051053328;1.9863510896;
35.3848063994;0.0404191325;0.0051053318;1.9863511061;
35.3866495994;0.0404191311;0.0051053318;1.9863508911;
35.3903359994;0.0404191284;0.0051053307;1.9863509087;
35.3921791994;0.0404191271;0.0051053307;1.9863506943;
35.3958655994;0.0404191245;0.0051053297;1.9863507129;
35.3977087994;0.0404191232;0.0051053297;1.9863504990;
35.4013951994;0.0404191205;0.0051053287;1.9863505186;
35.4032383994;0.0404191192;0.0051053287;1.9863503052;
35.4069247994;0.0404191166;0.0051053278;1.9863503259;
35.4087679994;0.0404191153;0.0051053278;1.9863501130;
35.4124543994;0.0404191127;0.0051053268;1.9863501348;
35.4142975994;0.0404191114;0.0051053268;1.9863499224;
35.4179839994;0.0404191088;0.0051053258;1.9863499451;
35.4198271994;0.0404191076;0.0051053258;1.9863497333;
35.4235135994;0.0404191050;0.0051053248;1.9863497570;
35.4253567994;0.0404191038;0.0051053248;1.9863495457;
35.4290431994;0.0404191012;0.0051053239;1.9863495705;
35.4308863994;0.0404191000;0.0051053239;1.9863493596;
35.4345727994;0.0404190974;0.0051053229;1.9863493854;
35.4364159994;0.0404190962;0.0051053229;1.9863491751;
35.4401023994;0.0404190937;0.0051053220;1.9863492019;
35.4419455994;0.0404190925;0.0051053220;1.9863489921;
35.4456319994;0.0404190900;0.0051053210;1.9863490199;
35.4474751994;0.0404190888;0.0051053211;1.9863488105;
35.4511615994;0.0404190863;0.0051053201;1.9863488393;
35.4530047994;0.0404190851;0.0051053201;1.9863486305;
35.4566911994;0.0404190827;0.0051053192;1.9863486603;
35.4585343994;0.0404190815;0.0051053192;1.9863484519;
35.4622207994;0.0404190791;0.0051053183;1.9863484827;
35.4640639994;0.0404190779;0.0051053183;1.9863482749;
35.4677503994;0.0404190755;0.0051053174;1.9863483066;
35.4695935994;0.0404190743;0.0051053174;1.9863480993;
35.4732799994;0.0404190719;0.0051053165;1.9863481320;
35.4751231994;0.0404190708;0.0051053165;1.9863479251;
35.4788095994;0.0404190684;0.0051053156;1.9863479588;
35.4806527994;0.0404190673;0.0051053156;1.9863477524;
35.4843391994;0.0404190649;0.0051053147;1.9863477871;
35.4861823994;0.0404190638;0.0051053147;1.9863475812;
35.4898687994;0.0404190615;0.0051053138;1.9863476168;
35.4917119994;0.0404190603;0.0051053139;1.9863474114;
35.4953983994;0.0404190580;0.0051053130;1.9863474480;
35.4972415994;0.0404190569;0.0051053130;1.9863472430;
35.5009279994;0.0404190546;0.0051053121;1.9863472805;
35.5027711994;0.0404190535;0.0051053121;1.9863470760;
35.5064575994;0.0404190512;0.0051053112;1.9863471145;
35.5083007994;0.0404190501;0.0051053113;1.9863469105;
35.5119871994;0.0404190479;0.0051053104;1.9863469499;
35.5138303994;0.0404190468;0.0051053104;1.9863467464;
35.5175167994;0.0404190446;0.0051053096;1.9863467867;
35.5193599994;0.0404190435;0.0051053096;1.9863465837;
35.5230463994;0.0404190413;0.0051053087;1.9863466249;
35.5248895994;0.0404190402;0.0051053088;1.9863464223;
35.5285759994;0.0404190380;0.0051053079;1.9863464645;
35.5304191994;0.0404190370;0.0051053080;1.9863462624;
35.5341055994;0.0404190348;0.0051053071;1.9863463055;
35.5359487994;0.0404190337;0.0051053071;1.9863461038;
35.5396351994;0.0404190316;0.0051053063;1.9863461478;
35.5414783994;0.0404190305;0.0051053063;1.9863459466;
35.5451647994;0.0404190284;0.0051053055;1.9863459915;
35.5470079994;0.0404190274;0.0051053055;1.9863457908;
35.5506943994;0.0404190252;0.0051053047;1.9863458366;
35.5525375994;0.0404190242;0.0051053047;1.9863456363;
35.5562239994;0.0404190221;0.0051053039;1.9863456830;
35.5580671994;0.0404190211;0.0051053040;1.9863454831;
35.5617535994;0.0404190190;0.0051053031;1.9863455308;
35.5635967994;0.0404190180;0.0051053032;1.9863453313;
35.5672831994;0.0404190159;0.0051053023;1.9863453799;
35.5691263994;0.0404190149;0.0051053024;1.9863451809;
35.5728127994;0.0404190129;0.0051053016;1.9863452303;
35.5746559994;0.0404190119;0.0051053016;1.9863450317;
35.5783423994;0.0404190099;0.0051053008;1.9863450820;
35.5801855994;0.0404190089;0.0051053009;1.9863448839;
35.5838719994;0.0404190069;0.0051053000;1.9863449351;
35.5857151994;0.0404190059;0.0051053001;1.9863447374;
35.5894015994;0.0404190039;0.0051052993;1.9863447894;
35.5912447994;0.0404190030;0.0051052994;1.9863445922;
35.5949311994;0.0404190010;0.0051052985;1.9863446450;
35.5967743994;0.0404190000;0.0051052986;1.9863444482;
35.6004607994;0.0404189981;0.0051052978;1.9863445020;
35.6023039994;0.0404189971;0.0051052979;1.9863443056;
35.6059903994;0.0404189952;0.0051052971;1.9863443602;
35.6078335994;0.0404189943;0.0051052972;1.9863441642;
35.6115199994;0.0404189923;0.0051052964;1.9863442197;
35.6133631994;0.0404189914;0.0051052965;1.9863440241;
35.6170495994;0.0404189895;0.0051052956;1.9863440804;
35.6188927994;0.0404189886;0.0051052957;1.9863438853;
35.6225791994;0.0404189867;0.0051052949;1.9863439424;
35.6244223994;0.0404189858;0.0051052950;1.9863437477;
35.6281087994;0.0404189839;0.0051052942;1.9863438057;
35.6299519994;0.0404189830;0.0051052943;1.9863436114;
35.6336383994;0.0404189811;0.0051052935;1.9863436702;
35.6354815994;0.0404189803;0.0051052936;1.9863434763;
35.6391679994;0.0404189784;0.0051052928;1.9863435359;
35.6410111994;0.0404189775;0.0051052929;1.9863433424;
35.6446975994;0.0404189757;0.0051052922;1.9863434028;
35.6465407994;0.0404189748;0.0051052923;1.9863432098;
35.6502271994;0.0404189730;0.0051052915;1.9863432710;
35.6520703994;0.0404189722;0.0051052916;1.9863430784;
35.6557567994;0.0404189704;0.0051052908;1.9863431404;
35.6575999994;0.0404189695;0.0051052909;1.9863429482;
35.6612863994;0.0404189677;0.0051052901;1.9863430110;
35.6631295994;0.0404189669;0.0051052903;1.9863428192;
35.6668159994;0.0404189651;0.0051052895;1.9863428828;
35.6686591994;0.0404189643;0.0051052896;1.9863426914;
35.6723455994;0.0404189625;0.0051052888;1.9863427558;
35.6741887994;0.0404189617;0.0051052890;1.9863425647;
35.6778751994;0.0404189600;0.0051052882;1.9863426299;
35.6797183994;0.0404189592;0.0051052883;1.9863424393;
35.6834047994;0.0404189574;0.0051052875;1.9863425053;
35.6852479994;0.0404189566;0.0051052877;1.9863423150;
35.6889343994;0.0404189549;0.0051052869;1.9863423818;
35.6907775994;0.0404189541;0.0051052870;1.9863421919;
35.6944639994;0.0404189524;0.0051052863;1.9863422594;
35.6963071994;0.0404189516;0.0051052864;1.9863420700;
35.6999935994;0.0404189500;0.0051052857;1.9863421383;
35.7018367994;0.0404189492;0.0051052858;1.9863419492;
35.7055231994;0.0404189475;0.0051052850;1.9863420182;
35.7073663994;0.0404189468;0.0051052852;1.9863418295;
35.7110527994;0.0404189451;0.0051052844;1.9863418993;
35.7128959994;0.0404189443;0.0051052846;1.9863417110;
35.7165823994;0.0404189427;0.0051052838;1.9863417815;
35.7184255994;0.0404189420;0.0051052840;1.9863415936;
35.7221119994;0.0404189403;0.0051052832;1.9863416649;
35.7239551994;0.0404189396;0.0051052834;1.9863414773;
35.7276415994;0.0404189380;0.0051052826;1.9863415494;
35.7294847994;0.0404189372;0.0051052828;1.9863413621;
35.7331711994;0.0404189357;0.0051052820;1.9863414349;
35.7350143994;0.0404189349;0.0051052822;1.9863412481;
35.7387007994;0.0404189334;0.0051052815;1.9863413216;
35.7405439994;0.0404189326;0.0051052816;1.9863411351;
35.7442303994;0.0404189311;0.0051052809;1.9863412094;
35.7460735994;0.0404189303;0.0051052810;1.9863410233;
35.7497599994;0.0404189288;0.0051052803;1.9863410982;
35.7516031994;0.0404189281;0.0051052805;1.9863409125;
35.7552895994;0.0404189266;0.0051052798;1.9863409882;
35.7571327994;0.0404189259;0.0051052799;1.9863408028;
35.7608191994;0.0404189244;0.0051052792;1.9863408792;
35.7626623994;0.0404189236;0.0051052793;1.9863406941;
35.7663487994;0.0404189222;0.0051052786;1.9863407713;
35.7681919994;0.0404189215;0.0051052788;1.9863405866;
35.7718783994;0.0404189200;0.0051052781;1.9863406644;
35.7737215994;0.0404189193;0.0051052782;1.9863404800;
35.7774079994;0.0404189178;0.0051052775;1.9863405586;
35.7792511994;0.0404189171;0.0051052777;1.9863403746;
35.7829375994;0.0404189157;0.0051052770;1.9863404538;
35.7847807994;0.0404189150;0.0051052772;1.9863402701;
35.7884671994;0.0404189136;0.0051052765;1.9863403500;
35.7903103994;0.0404189129;0.0051052766;1.9863401668;
35.7939967994;0.0404189115;0.0051052759;1.9863402473;
35.7958399994;0.0404189108;0.0051052761;1.9863400644;
35.7995263994;0.0404189094;0.0051052754;1.9863401456;
35.8013695994;0.0404189088;0.0051052756;1.9863399630;
35.8050559994;0.0404189074;0.0051052749;1.9863400450;
35.8068991994;0.0404189067;0.0051052751;1.9863398627;
35.8105855994;0.0404189053;0.0051052744;1.9863399453;
35.8124287994;0.0404189047;0.0051052746;1.9863397634;
35.8161151994;0.0404189033;0.0051052739;1.9863398466;
35.8179583994;0.0404189027;0.0051052740;1.9863396650;
35.8216447994;0.0404189014;0.0051052734;1.9863397490;
35.8234879994;0.0404189007;0.0051052735;1.9863395677;
35.8271743994;0.0404188994;0.0051052729;1.9863396523;
35.8290175994;0.0404188988;0.0051052731;1.9863394713;
35.8327039994;0.0404188974;0.0051052724;1.9863395566;
35.8345471994;0.0404188968;0.0051052726;1.9863393760;
35.8382335994;0.0404188955;0.0051052719;1.9863394619;
35.8400767994;0.0404188949;0.0051052721;1.9863392816;
35.8437631994;0.0404188936;0.0051052714;1.9863393681;
35.8456063994;0.0404188930;0.0051052716;1.9863391881;
35.8492927994;0.0404188917;0.0051052709;1.9863392753;
35.8511359994;0.0404188911;0.0051052711;1.9863390956;
35.8548223994;0.0404188898;0.0051052705;1.9863391835;
35.8566655994;0.0404188893;0.0051052706;1.9863390041;
35.8603519994;0.0404188880;0.0051052700;1.9863390926;
35.8621951994;0.0404188874;0.0051052702;1.9863389135;
35.8658815994;0.0404188862;0.0051052695;1.9863390026;
35.8677247994;0.0404188856;0.0051052697;1.9863388239;
35.8714111994;0.0404188844;0.0051052691;1.9863389136;
35.8732543994;0.0404188838;0.0051052693;1.9863387352;
35.8769407994;0.0404188826;0.0051052686;1.9863388255;
35.8787839994;0.0404188820;0.0051052688;1.9863386474;
35.8824703994;0.0404188808;0.0051052682;1.9863387383;
35.8843135994;0.0404188802;0.0051052684;1.9863385605;
35.8879999994;0.0404188790;0.0051052677;1.9863386520;
35.8898431994;0.0404188785;0.0051052679;1.9863384745;
35.8935295994;0.0404188773;0.0051052673;1.9863385666;
35.8953727994;0.0404188768;0.0051052675;1.9863383894;
35.8990591994;0.0404188756;0.0051052669;1.9863384822;
35.9009023994;0.0404188750;0.0051052671;1.9863383053;
35.9045887994;0.0404188739;0.0051052664;1.9863383986;
35.9064319994;0.0404188733;0.0051052666;1.9863382220;
35.9101183994;0.0404188722;0.0051052660;1.9863383159;
35.9119615994;0.0404188717;0.0051052662;1.9863381396;
35.9156479994;0.0404188705;0.0051052656;1.9863382341;
35.9174911994;0.0404188700;0.0051052658;1.9863380581;
35.9211775994;0.0404188689;0.0051052652;1.9863381531;
35.9230207994;0.0404188684;0.0051052654;1.9863379774;
35.9267071994;0.0404188673;0.0051052648;1.9863380731;
35.9285503994;0.0404188667;0.0051052650;1.9863378977;
35.9322367994;0.0404188656;0.0051052644;1.9863379939;
35.9340799994;0.0404188651;0.0051052646;1.9863378187;
35.9377663994;0.0404188640;0.0051052640;1.9863379155;
35.9396095994;0.0404188635;0.0051052642;1.9863377407;
35.9432959994;0.0404188625;0.0051052636;1.9863378380;
35.9451391994;0.0404188620;0.0051052638;1.9863376634;
35.9488255994;0.0404188609;0.0051052632;1.9863377613;
35.9506687994;0.0404188604;0.0051052634;1.9863375870;
35.9543551994;0.0404188594;0.0051052628;1.9863376855;
35.9561983994;0.0404188589;0.0051052630;1.9863375115;
35.9598847994;0.0404188578;0.0051052624;1.9863376105;
35.9617279994;0.0404188574;0.0051052626;1.9863374367;
35.9654143994;0.0404188563;0.0051052620;1.9863375363;
35.9672575994;0.0404188559;0.0051052622;1.9863373628;
35.9709439994;0.0404188548;0.0051052616;1.9863374629;
35.9727871994;0.0404188544;0.0051052618;1.9863372897;
35.9764735994;0.0404188534;0.0051052613;1.9863373904;
35.9783167994;0.0404188529;0.0051052615;1.9863372174;
35.9820031994;0.0404188519;0.0051052609;1.9863373186;
35.9838463994;0.0404188514;0.0051052611;1.9863371460;
35.9875327994;0.0404188505;0.0051052605;1.9863372477;
35.9893759994;0.0404188500;0.0051052607;1.9863370753;
35.9930623994;0.0404188490;0.0051052602;1.9863371775;
35.9949055994;0.0404188486;0.0051052604;1.9863370054;
35.9985919994;0.0404188476;0.0051052598;1.9863371081;
36.0004351994;0.0404188472;0.0051052600;1.9863369362;
36.0041215994;0.0404188462;0.0051052595;1.9863370395;
36.0059647994;0.0404188458;0.0051052597;1.9863368679;
36.0096511994;0.0404188448;0.0051052591;1.9863369717;
36.0114943994;0.0404188444;0.0051052593;1.9863368003;
36.0151807994;0.0404188435;0.0051052588;1.9863369046;
36.0170239994;0.0404188431;0.0051052590;1.9863367335;
36.0207103994;0.0404188421;0.0051052584;1.9863368383;
36.0225535994;0.0404188417;0.0051052586;1.9863366674;
36.0262399994;0.0404188408;0.0051052581;1.9863367727;
36.0280831994;0.0404188404;0.0051052583;1.9863366021;
36.0317695994;0.0404188395;0.0051052577;1.9863367079;
36.0336127994;0.0404188391;0.0051052580;1.9863365376;
36.0372991994;0.0404188382;0.0051052574;1.9863366439;
36.0391423994;0.0404188378;0.0051052576;1.9863364738;
36.0428287994;0.0404188369;0.0051052571;1.9863365805;
36.0446719994;0.0404188365;0.0051052573;1.9863364107;
36.0483583994;0.0404188356;0.0051052568;1.9863365179;
36.0502015994;0.0404188352;0.0051052570;1.9863363483;
36.0538879994;0.0404188343;0.0051052565;1.9863364561;
36.0557311994;0.0404188340;0.0051052567;1.9863362867;
36.0594175994;0.0404188331;0.0051052561;1.9863363949;
36.0612607994;0.0404188327;0.0051052564;1.9863362258;
36.0649471994;0.0404188319;0.0051052558;1.9863363345;
36.0667903994;0.0404188315;0.0051052561;1.9863361656;
36.0704767994;0.0404188307;0.0051052555;1.9863362747;
36.0723199994;0.0404188303;0.0051052558;1.9863361061;
36.0760063994;0.0404188295;0.0051052552;1.9863362157;
36.0778495994;0.0404188291;0.0051052555;1.9863360473;
36.0815359994;0.0404188283;0.0051052549;1.9863361574;
36.0833791994;0.0404188279;0.0051052552;1.9863359892;
36.0870655994;0.0404188271;0.0051052546;1.9863360997;
36.0889087994;0.0404188267;0.0051052549;1.9863359318;
36.0925951994;0.0404188259;0.0051052543;1.9863360428;
36.0944383994;0.0404188256;0.0051052546;1.9863358750;
36.0981247994;0.0404188248;0.0051052540;1.9863359865;
36.0999679994;0.0404188244;0.0051052543;1.9863358190;
36.1036543994;0.0404188237;0.0051052538;1.9863359309;
36.1054975994;0.0404188233;0.0051052540;1.9863357636;
36.1091839994;0.0404188225;0.0051052535;1.9863358759;
36.1110271994;0.0404188222;0.0051052537;1.9863357089;
36.1147135994;0.0404188214;0.0051052532;1.9863358217;
36.1165567994;0.0404188211;0.0051052534;1.9863356548;
36.1202431994;0.0404188203;0.0051052529;1.9863357680;
36.1220863994;0.0404188200;0.0051052532;1.9863356014;
36.1257727994;0.0404188193;0.0051052526;1.9863357151;
36.1276159994;0.0404188189;0.0051052529;1.9863355487;
36.1313023994;0.0404188182;0.0051052524;1.9863356628;
36.1331455994;0.0404188179;0.0051052526;1.9863354966;
36.1368319994;0.0404188172;0.0051052521;1.9863356111;
36.1386751994;0.0404188168;0.0051052524;1.9863354451;
36.1423615994;0.0404188161;0.0051052518;1.9863355600;
36.1442047994;0.0404188158;0.0051052521;1.9863353943;
36.1478911994;0.0404188151;0.0051052516;1.9863355096;
36.1497343994;0.0404188148;0.0051052518;1.9863353440;
36.1534207994;0.0404188141;0.0051052513;1.9863354598;
36.1552639994;0.0404188138;0.0051052516;1.9863352945;
36.1589503994;0.0404188131;0.0051052511;1.9863354106;
36.1607935994;0.0404188128;0.0051052513;1.9863352455;
36.1644799994;0.0404188121;0.0051052508;1.9863353621;
36.1663231994;0.0404188118;0.0051052511;1.9863351971;
36.1700095994;0.0404188111;0.0051052506;1.9863353141;
36.1718527994;0.0404188108;0.0051052508;1.9863351494;
36.1755391994;0.0404188101;0.0051052503;1.9863352668;
36.1773823994;0.0404188099;0.0051052506;1.9863351022;
36.1810687994;0.0404188092;0.0051052501;1.9863352200;
36.1829119994;0.0404188089;0.0051052504;1.9863350557;
36.1865983994;0.0404188083;0.0051052499;1.9863351738;
36.1884415994;0.0404188080;0.0051052501;1.9863350097;
36.1921279994;0.0404188073;0.0051052496;1.9863351283;
36.1939711994;0.0404188071;0.0051052499;1.9863349643;
36.1976575994;0.0404188064;0.0051052494;1.9863350833;
36.1995007994;0.0404188061;0.0051052497;1.9863349195;
36.2031871994;0.0404188055;0.0051052492;1.9863350389;
36.2050303994;0.0404188052;0.0051052494;1.9863348753;
36.2087167994;0.0404188046;0.0051052489;1.9863349950;
36.2105599994;0.0404188044;0.0051052492;1.9863348317;
36.2142463994;0.0404188037;0.0051052487;1.9863349518;
36.2160895994;0.0404188035;0.0051052490;1.9863347886;
36.2197759994;0.0404188029;0.0051052485;1.9863349091;
36.2216191994;0.0404188026;0.0051052488;1.9863347461;
36.2253055994;0.0404188020;0.0051052483;1.9863348669;
36.2271487994;0.0404188018;0.0051052485;1.9863347041;
36.2308351994;0.0404188012;0.0051052481;1.9863348253;
36.2326783994;0.0404188009;0.0051052483;1.9863346627;
36.2363647994;0.0404188003;0.0051052479;1.9863347842;
36.2382079994;0.0404188001;0.0051052481;1.9863346218;
36.2418943994;0.0404187995;0.0051052477;1.9863347437;
36.2437375994;0.0404187993;0.0051052479;1.9863345815;
36.2474239994;0.0404187987;0.0051052474;1.9863347038;
36.2492671994;0.0404187985;0.0051052477;1.9863345417;
36.2529535994;0.0404187979;0.0051052472;1.9863346643;
36.2547967994;0.0404187977;0.0051052475;1.9863345024;
36.2584831994;0.0404187971;0.0051052470;1.9863346254;
36.2603263994;0.0404187969;0.0051052473;1.9863344637;
36.2640127994;0.0404187963;0.0051052468;1.9863345870;
36.2658559994;0.0404187961;0.0051052471;1.9863344255;
36.2695423994;0.0404187955;0.0051052467;1.9863345492;
36.2713855994;0.0404187953;0.0051052469;1.9863343878;
36.2750719994;0.0404187948;0.0051052465;1.9863345118;
36.2769151994;0.0404187946;0.0051052467;1.9863343506;
36.2806015994;0.0404187940;0.0051052463;1.9863344750;
36.2824447994;0.0404187938;0.0051052465;1.9863343139;
36.2861311994;0.0404187933;0.0051052461;1.9863344386;
36.2879743994;0.0404187931;0.0051052464;1.9863342778;
36.2916607994;0.0404187926;0.0051052459;1.9863344028;
36.2935039994;0.0404187924;0.0051052462;1.9863342421;
36.2971903994;0.0404187918;0.0051052457;1.9863343675;
36.2990335994;0.0404187916;0.0051052460;1.9863342069;
36.3027199994;0.0404187911;0.0051052455;1.9863343326;
36.3045631994;0.0404187909;0.0051052458;1.9863341722;
36.3082495994;0.0404187904;0.0051052454;1.9863342982;
36.3100927994;0.0404187902;0.0051052456;1.9863341380;
36.3137791994;0.0404187898;0.0051052452;1.9863342644;
36.3156223994;0.0404187896;0.0051052455;1.9863341043;
36.3193087994;0.0404187891;0.0051052450;1.9863342309;
36.3211519994;0.0404187889;0.0051052453;1.9863340711;
36.3248383994;0.0404187884;0.0051052448;1.9863341980;
36.3266815994;0.0404187882;0.0051052451;1.9863340383;
36.3303679994;0.0404187877;0.0051052447;1.9863341656;
36.3322111994;0.0404187876;0.0051052450;1.9863340060;
36.3358975994;0.0404187871;0.0051052445;1.9863341336;
36.3377407994;0.0404187869;0.0051052448;1.9863339741;
36.3414271994;0.0404187864;0.0051052444;1.9863341020;
36.3432703994;0.0404187863;0.0051052446;1.9863339427;
36.3469567994;0.0404187858;0.0051052442;1.9863340709;
36.3487999994;0.0404187856;0.0051052445;1.9863339118;
36.3524863994;0.0404187852;0.0051052440;1.9863340403;
36.3543295994;0.0404187850;0.0051052443;1.9863338813;
36.3580159994;0.0404187846;0.0051052439;1.9863340101;
36.3598591994;0.0404187844;0.0051052442;1.9863338513;
36.3635455994;0.0404187840;0.0051052437;1.9863339804;
36.3653887994;0.0404187838;0.0051052440;1.9863338217;
36.3690751994;0.0404187834;0.0051052436;1.9863339511;
36.3709183994;0.0404187832;0.0051052439;1.9863337925;
36.3746047994;0.0404187828;0.0051052434;1.9863339222;
36.3764479994;0.0404187826;0.0051052437;1.9863337638;
36.3801343994;0.0404187822;0.0051052433;1.9863338938;
36.3819775994;0.0404187821;0.0051052436;1.9863337355;
36.3856639994;0.0404187816;0.0051052431;1.9863338657;
36.3875071994;0.0404187815;0.0051052434;1.9863337076;
36.3911935994;0.0404187811;0.0051052430;1.9863338382;
36.3930367994;0.0404187809;0.0051052433;1.9863336802;
36.3967231994;0.0404187805;0.0051052429;1.9863338110;
36.3985663994;0.0404187804;0.0051052431;1.9863336532;
36.4022527994;0.0404187800;0.0051052427;1.9863337842;
36.4040959994;0.0404187798;0.0051052430;1.9863336265;
36.4077823994;0.0404187794;0.0051052426;1.9863337579;
36.4096255994;0.0404187793;0.0051052429;1.9863336003;
36.4133119994;0.0404187789;0.0051052425;1.9863337319;
36.4151551994;0.0404187788;0.0051052427;1.9863335745;
36.4188415994;0.0404187784;0.0051052423;1.9863337064;
36.4206847994;0.0404187783;0.0051052426;1.9863335491;
36.4243711994;0.0404187779;0.0051052422;1.9863336812;
36.4262143994;0.0404187777;0.0051052425;1.9863335241;
36.4299007994;0.0404187774;0.0051052421;1.9863336565;
36.4317439994;0.0404187772;0.0051052424;1.9863334995;
36.4354303994;0.0404187769;0.0051052419;1.9863336321;
36.4372735994;0.0404187768;0.0051052422;1.9863334753;
36.4409599994;0.0404187764;0.0051052418;1.9863336082;
36.4428031994;0.0404187763;0.0051052421;1.9863334514;
36.4464895994;0.0404187759;0.0051052417;1.9863335846;
36.4483327994;0.0404187758;0.0051052420;1.9863334279;
36.4520191994;0.0404187754;0.0051052416;1.9863335614;
36.4538623994;0.0404187753;0.0051052419;1.9863334049;
36.4575487994;0.0404187750;0.0051052415;1.9863335385;
36.4593919994;0.0404187749;0.0051052418;1.9863333821;
36.4630783994;0.0404187745;0.0051052413;1.9863335161;
36.4649215994;0.0404187744;0.0051052416;1.9863333598;
36.4686079994;0.0404187741;0.0051052412;1.9863334940;
36.4704511994;0.0404187740;0.0051052415;1.9863333378;
36.4741375994;0.0404187736;0.0051052411;1.9863334722;
36.4759807994;0.0404187735;0.0051052414;1.9863333162;
36.4796671994;0.0404187732;0.0051052410;1.9863334508;
36.4815103994;0.0404187731;0.0051052413;1.9863332950;
36.4851967994;0.0404187728;0.0051052409;1.9863334298;
36.4870399994;0.0404187727;0.0051052412;1.9863332741;
36.4907263994;0.0404187724;0.0051052408;1.9863334092;
36.4925695994;0.0404187722;0.0051052411;1.9863332535;
36.4962559994;0.0404187719;0.0051052407;1.9863333888;
36.4980991994;0.0404187718;0.0051052410;1.9863332333;
36.5017855994;0.0404187715;0.0051052406;1.9863333689;
36.5036287994;0.0404187714;0.0051052409;1.9863332134;
36.5073151994;0.0404187711;0.0051052405;1.9863333492;
36.5091583994;0.0404187710;0.0051052408;1.9863331939;
36.5128447994;0.0404187707;0.0051052404;1.9863333299;
36.5146879994;0.0404187706;0.0051052407;1.9863331748;
36.5183743994;0.0404187704;0.0051052403;1.9863333110;
36.5202175994;0.0404187703;0.0051052406;1.9863331559;
36.5239039994;0.0404187700;0.0051052402;1.9863332924;
36.5257471994;0.0404187699;0.0051052405;1.9863331374;
36.5294335994;0.0404187696;0.0051052401;1.9863332741;
36.5312767994;0.0404187695;0.0051052404;1.9863331192;
36.5349631994;0.0404187692;0.0051052400;1.9863332561;
36.5368063994;0.0404187691;0.0051052403;1.9863331013;
36.5404927994;0.0404187689;0.0051052399;1.9863332384;
36.5423359994;0.0404187688;0.0051052402;1.9863330838;
36.5460223994;0.0404187685;0.0051052398;1.9863332211;
36.5478655994;0.0404187684;0.0051052401;1.9863330666;
36.5515519994;0.0404187682;0.0051052397;1.9863332041;
36.5533951994;0.0404187681;0.0051052400;1.9863330496;
36.5570815994;0.0404187678;0.0051052397;1.9863331874;
36.5589247994;0.0404187678;0.0051052400;1.9863330330;
36.5626111994;0.0404187675;0.0051052396;1.9863331710;
36.5644543994;0.0404187674;0.0051052399;1.9863330167;
36.5681407994;0.0404187672;0.0051052395;1.9863331549;
36.5699839994;0.0404187671;0.0051052398;1.9863330007;
36.5736703994;0.0404187669;0.0051052394;1.9863331391;
36.5755135994;0.0404187668;0.0051052397;1.9863329850;
36.5791999994;0.0404187665;0.0051052393;1.9863331236;
36.5810431994;0.0404187665;0.0051052396;1.9863329696;
36.5847295994;0.0404187662;0.0051052392;1.9863331084;
36.5865727994;0.0404187662;0.0051052396;1.9863329545;
36.5902591994;0.0404187659;0.0051052392;1.9863330935;
36.5921023994;0.0404187659;0.0051052395;1.9863329397;
36.5957887994;0.0404187656;0.0051052391;1.9863330788;
36.5976319994;0.0404187656;0.0051052394;1.9863329252;
36.6013183994;0.0404187653;0.0051052390;1.9863330645;
36.6031615994;0.0404187653;0.0051052393;1.9863329110;
36.6068479994;0.0404187651;0.0051052389;1.9863330504;
36.6086911994;0.0404187650;0.0051052393;1.9863328970;
36.6123775994;0.0404187648;0.0051052389;1.9863330367;
36.6142207994;0.0404187647;0.0051052392;1.9863328833;
36.6179071994;0.0404187645;0.0051052388;1.9863330232;
36.6197503994;0.0404187644;0.0051052391;1.9863328699;
36.6234367994;0.0404187642;0.0051052387;1.9863330099;
36.6252799994;0.0404187642;0.0051052390;1.9863328568;
36.6289663994;0.0404187640;0.0051052387;1.9863329970;
36.6308095994;0.0404187639;0.0051052390;1.9863328439;
36.6344959994;0.0404187637;0.0051052386;1.9863329843;
36.6363391994;0.0404187637;0.0051052389;1.9863328313;
36.6400255994;0.0404187635;0.0051052385;1.9863329719;
36.6418687994;0.0404187634;0.0051052389;1.9863328189;
36.6455551994;0.0404187632;0.0051052385;1.9863329597;
36.6473983994;0.0404187632;0.0051052388;1.9863328069;
36.6510847994;0.0404187630;0.0051052384;1.9863329478;
36.6529279994;0.0404187629;0.0051052387;1.9863327950;
36.6566143994;0.0404187627;0.0051052384;1.9863329361;
36.6584575994;0.0404187627;0.0051052387;1.9863327835;
36.6621439994;0.0404187625;0.0051052383;1.9863329247;
36.6639871994;0.0404187624;0.0051052386;1.9863327722;
36.6676735994;0.0404187623;0.0051052382;1.9863329136;
36.6695167994;0.0404187622;0.0051052386;1.9863327611;
36.6732031994;0.0404187620;0.0051052382;1.9863329027;
36.6750463994;0.0404187620;0.0051052385;1.9863327503;
36.6787327994;0.0404187618;0.0051052381;1.9863328920;
36.6805759994;0.0404187618;0.0051052384;1.9863327397;
36.6842623994;0.0404187616;0.0051052381;1.9863328816;
36.6861055994;0.0404187616;0.0051052384;1.9863327293;
36.6897919994;0.0404187614;0.0051052380;1.9863328714;
36.6916351994;0.0404187614;0.0051052383;1.9863327192;
36.6953215994;0.0404187612;0.0051052380;1.9863328614;
36.6971647994;0.0404187612;0.0051052383;1.9863327094;
36.7008511994;0.0404187610;0.0051052379;1.9863328517;
36.7026943994;0.0404187610;0.0051052382;1.9863326997;
36.7063807994;0.0404187608;0.0051052379;1.9863328423;
36.7082239994;0.0404187608;0.0051052382;1.9863326903;
36.7119103994;0.0404187606;0.0051052378;1.9863328330;
36.7137535994;0.0404187606;0.0051052381;1.9863326811;
36.7174399994;0.0404187604;0.0051052378;1.9863328240;
36.7192831994;0.0404187604;0.0051052381;1.9863326722;
36.7229695994;0.0404187603;0.0051052377;1.9863328152;
36.7248127994;0.0404187602;0.0051052381;1.9863326635;
36.7284991994;0.0404187601;0.0051052377;1.9863328066;
36.7303423994;0.0404187601;0.0051052380;1.9863326549;
36.7340287994;0.0404187599;0.0051052377;1.9863327982;
36.7358719994;0.0404187599;0.0051052380;1.9863326466;
36.7395583994;0.0404187598;0.0051052376;1.9863327900;
36.7414015994;0.0404187597;0.0051052379;1.9863326386;
36.7450879994;0.0404187596;0.0051052376;1.9863327821;
36.7469311994;0.0404187596;0.0051052379;1.9863326307;
36.7506175994;0.0404187594;0.0051052375;1.9863327743;
36.7524607994;0.0404187594;0.0051052378;1.9863326230;
36.7561471994;0.0404187593;0.0051052375;1.9863327668;
36.7579903994;0.0404187593;0.0051052378;1.9863326155;
36.7616767994;0.0404187591;0.0051052375;1.9863327595;
36.7635199994;0.0404187591;0.0051052378;1.9863326083;
36.7672063994;0.0404187590;0.0051052374;1.9863327524;
36.7690495994;0.0404187590;0.0051052377;1.9863326012;
36.7727359994;0.0404187588;0.0051052374;1.9863327454;
36.7745791994;0.0404187588;0.0051052377;1.9863325944;
36.7782655994;0.0404187587;0.0051052373;1.9863327387;
36.7801087994;0.0404187587;0.0051052377;1.9863325877;
36.7837951994;0.0404187586;0.0051052373;1.9863327322;
36.7856383994;0.0404187586;0.0051052376;1.9863325812;
36.7893247994;0.0404187584;0.0051052373;1.9863327258;
36.7911679994;0.0404187584;0.0051052376;1.9863325750;
36.7948543994;0.0404187583;0.0051052372;1.9863327197;
36.7966975994;0.0404187583;0.0051052376;1.9863325689;
36.8003839994;0.0404187582;0.0051052372;1.9863327137;
36.8022271994;0.0404187582;0.0051052375;1.9863325630;
36.8059135994;0.0404187581;0.0051052372;1.9863327079;
36.8077567994;0.0404187581;0.0051052375;1.9863325572;
36.8114431994;0.0404187580;0.0051052372;1.9863327023;
36.8132863994;0.0404187580;0.0051052375;1.9863325517;
36.8169727994;0.0404187579;0.0051052371;1.9863326969;
36.8188159994;0.0404187579;0.0051052375;1.9863325464;
36.8225023994;0.0404187578;0.0051052371;1.9863326917;
36.8243455994;0.0404187577;0.0051052374;1.9863325412;
36.8280319994;0.0404187576;0.0051052371;1.9863326866;
36.8298751994;0.0404187576;0.0051052374;1.9863325362;
36.8335615994;0.0404187575;0.0051052371;1.9863326817;
36.8354047994;0.0404187575;0.0051052374;1.9863325313;
36.8390911994;0.0404187575;0.0051052370;1.9863326770;
36.8409343994;0.0404187575;0.0051052374;1.9863325267;
36.8446207994;0.0404187574;0.0051052370;1.9863326725;
36.8464639994;0.0404187574;0.0051052373;1.9863325222;
36.8501503994;0.0404187573;0.0051052370;1.9863326681;
36.8519935994;0.0404187573;0.0051052373;1.9863325179;
36.8556799994;0.0404187572;0.0051052370;1.9863326639;
36.8575231994;0.0404187572;0.0051052373;1.9863325137;
36.8612095994;0.0404187571;0.0051052369;1.9863326598;
36.8630527994;0.0404187571;0.0051052373;1.9863325097;
36.8667391994;0.0404187570;0.0051052369;1.9863326559;
36.8685823994;0.0404187570;0.0051052372;1.9863325059;
36.8722687994;0.0404187569;0.0051052369;1.9863326522;
36.8741119994;0.0404187570;0.0051052372;1.9863325022;
36.8777983994;0.0404187569;0.0051052369;1.9863326486;
36.8796415994;0.0404187569;0.0051052372;1.9863324987;
36.8833279994;0.0404187568;0.0051052369;1.9863326452;
36.8851711994;0.0404187568;0.0051052372;1.9863324953;
36.8888575994;0.0404187567;0.0051052368;1.9863326419;
36.8907007994;0.0404187567;0.0051052372;1.9863324921;
36.8943871994;0.0404187567;0.0051052368;1.9863326388;
36.8962303994;0.0404187567;0.0051052372;1.9863324890;
36.8999167994;0.0404187566;0.0051052368;1.9863326358;
36.9017599994;0.0404187566;0.0051052371;1.9863324861;
36.9054463994;0.0404187566;0.0051052368;1.9863326330;
36.9072895994;0.0404187566;0.0051052371;1.9863324833;
36.9109759994;0.0404187565;0.0051052368;1.9863326303;
36.9128191994;0.0404187565;0.0051052371;1.9863324807;
36.9165055994;0.0404187565;0.0051052368;1.9863326278;
36.9183487994;0.0404187565;0.0051052371;1.9863324782;
36.9220351994;0.0404187564;0.0051052368;1.9863326254;
36.9238783994;0.0404187564;0.0051052371;1.9863324758;
36.9275647994;0.0404187564;0.0051052368;1.9863326231;
36.9294079994;0.0404187564;0.0051052371;1.9863324736;
36.9330943994;0.0404187563;0.0051052367;1.9863326210;
36.9349375994;0.0404187563;0.0051052371;1.9863324716;
36.9386239994;0.0404187563;0.0051052367;1.9863326190;
36.9404671994;0.0404187563;0.0051052371;1.9863324696;
36.9441535994;0.0404187562;0.0051052367;1.9863326172;
36.9459967994;0.0404187563;0.0051052371;1.9863324678;
36.9496831994;0.0404187562;0.0051052367;1.9863326155;
36.9515263994;0.0404187562;0.0051052370;1.9863324661;
36.9552127994;0.0404187562;0.0051052367;1.9863326139;
36.9570559994;0.0404187562;0.0051052370;1.9863324646;
36.9607423994;0.0404187561;0.0051052367;1.9863326124;
36.9625855994;0.0404187562;0.0051052370;1.9863324632;
36.9662719994;0.0404187561;0.0051052367;1.9863326111;
36.9681151994;0.0404187561;0.0051052370;1.9863324619;
36.9718015994;0.0404187561;0.0051052367;1.9863326098;
36.9736447994;0.0404187561;0.0051052370;1.9863324607;
36.9773311994;0.0404187561;0.0051052367;1.9863326088;
36.9791743994;0.0404187561;0.0051052370;1.9863324596;
36.9828607994;0.0404187560;0.0051052367;1.9863326078;
36.9847039994;0.0404187561;0.0051052370;1.9863324587;
36.9883903994;0.0404187560;0.0051052367;1.9863326069;
36.9902335994;0.0404187561;0.0051052370;1.9863324579;
36.9939199994;0.0404187560;0.0051052367;1.9863326062;
36.9957631994;0.0404187560;0.0051052370;1.9863324572;
36.9994495994;0.0404187560;0.0051052367;1.9863326056;
37.0012927994;0.0404187560;0.0051052370;1.9863324566;
37.0049791994;0.0404187560;0.0051052367;1.9863326051;
37.0068223994;0.0404187560;0.0051052370;1.9863324562;
37.0105087994;0.0404187560;0.0051052367;1.9863326047;
37.0123519994;0.0404187560;0.0051052370;1.9863324558;
37.0160383994;0.0404187560;0.0051052367;1.9863326044;
37.0178815994;0.0404187560;0.0051052370;1.9863324556;
37.0215679994;0.0404187560;0.0051052367;1.9863326042;
37.0234111994;0.0404187560;0.0051052370;1.9863324554;
37.0270975994;0.0404187560;0.0051052367;1.9863326042;
37.0289407994;0.0404187560;0.0051052370;1.9863324554;
37.0326271994;0.0404187560;0.0051052367;1.9863326042;
37.0344703994;0.0404187560;0.0051052370;1.9863324555;
37.0381567994;0.0404187560;0.0051052367;1.9863326043;
37.0399999994;0.0404187560;0.0051052370;1.9863324556;
37.0436863994;0.0404187560;0.0051052367;1.9863326046;
37.0455295994;0.0404187560;0.0051052370;1.9863324559;
37.0492159994;0.0404187560;0.0051052367;1.9863326049;
37.0510591994;0.0404187560;0.0051052370;1.9863324563;
37.0547455994;0.0404187560;0.0051052367;1.9863326054;
37.0565887994;0.0404187560;0.0051052370;1.9863324568;
37.0602751994;0.0404187560;0.0051052367;1.9863326059;
37.0621183994;0.0404187560;0.0051052370;1.9863324574;
37.0658047994;0.0404187560;0.0051052367;1.9863326066;
37.0676479994;0.0404187561;0.0051052370;1.9863324580;
37.0713343994;0.0404187560;0.0051052367;1.9863326073;
37.0731775994;0.0404187561;0.0051052370;1.9863324588;
37.0768639994;0.0404187561;0.0051052367;1.9863326081;
37.0787071994;0.0404187561;0.0051052370;1.9863324597;
37.0823935994;0.0404187561;0.0051052367;1.9863326090;
37.0842367994;0.0404187561;0.0051052370;1.9863324606;
37.0879231994;0.0404187561;0.0051052367;1.9863326101;
37.0897663994;0.0404187561;0.0051052370;1.9863324617;
37.0934527994;0.0404187561;0.0051052367;1.9863326112;
37.0952959994;0.0404187562;0.0051052370;1.9863324628;
37.0989823994;0.0404187561;0.0051052367;1.9863326123;
37.1008255994;0.0404187562;0.0051052370;1.9863324640;
37.1045119994;0.0404187562;0.0051052367;1.9863326136;
37.1063551994;0.0404187562;0.0051052370;1.9863324653;
37.1100415994;0.0404187562;0.0051052367;1.9863326150;
37.1118847994;0.0404187562;0.0051052370;1.9863324667;
37.1155711994;0.0404187562;0.0051052367;1.9863326164;
37.1174143994;0.0404187563;0.0051052371;1.9863324682;
37.1211007994;0.0404187563;0.0051052367;1.9863326179;
37.1229439994;0.0404187563;0.0051052371;1.9863324697;
37.1266303994;0.0404187563;0.0051052367;1.9863326196;
37.1284735994;0.0404187563;0.0051052371;1.9863324713;
37.1321599994;0.0404187563;0.0051052367;1.9863326212;
37.1340031994;0.0404187564;0.0051052371;1.9863324731;
37.1376895994;0.0404187564;0.0051052368;1.9863326230;
37.1395327994;0.0404187564;0.0051052371;1.9863324748;
37.1432191994;0.0404187564;0.0051052368;1.9863326248;
37.1450623994;0.0404187564;0.0051052371;1.9863324767;
37.1487487994;0.0404187564;0.0051052368;1.9863326268;
37.1505919994;0.0404187565;0.0051052371;1.9863324787;
37.1542783994;0.0404187565;0.0051052368;1.9863326287;
37.1561215994;0.0404187565;0.0051052371;1.9863324807;
37.1598079994;0.0404187565;0.0051052368;1.9863326308;
37.1616511994;0.0404187566;0.0051052371;1.9863324828;
37.1653375994;0.0404187566;0.0051052368;1.9863326329;
37.1671807994;0.0404187566;0.0051052371;1.9863324849;
37.1708671994;0.0404187566;0.0051052368;1.9863326351;
37.1727103994;0.0404187566;0.0051052371;1.9863324871;
37.1763967994;0.0404187566;0.0051052368;1.9863326374;
37.1782399994;0.0404187567;0.0051052372;1.9863324894;
37.1819263994;0.0404187567;0.0051052368;1.9863326398;
37.1837695994;0.0404187567;0.0051052372;1.9863324918;
37.1874559994;0.0404187567;0.0051052369;1.9863326422;
37.1892991994;0.0404187568;0.0051052372;1.9863324942;
37.1929855994;0.0404187568;0.0051052369;1.9863326446;
37.1948287994;0.0404187568;0.0051052372;1.9863324967;
37.1985151994;0.0404187568;0.0051052369;1.9863326472;
37.2003583994;0.0404187569;0.0051052372;1.9863324993;
37.2040447994;0.0404187569;0.0051052369;1.9863326498;
37.2058879994;0.0404187569;0.0051052372;1.9863325019;
37.2095743994;0.0404187570;0.0051052369;1.9863326524;
37.2114175994;0.0404187570;0.0051052372;1.9863325046;
37.2151039994;0.0404187570;0.0051052369;1.9863326552;
37.2169471994;0.0404187571;0.0051052373;1.9863325073;
37.2206335994;0.0404187571;0.0051052369;1.9863326579;
37.2224767994;0.0404187571;0.0051052373;1.9863325101;
37.2261631994;0.0404187571;0.0051052369;1.9863326608;
37.2280063994;0.0404187572;0.0051052373;1.9863325130;
37.2316927994;0.0404187572;0.0051052370;1.9863326637;
37.2335359994;0.0404187572;0.0051052373;1.9863325159;
37.2372223994;0.0404187572;0.0051052370;1.9863326666;
37.2390655994;0.0404187573;0.0051052373;1.9863325189;
37.2427519994;0.0404187573;0.0051052370;1.9863326697;
37.2445951994;0.0404187574;0.0051052373;1.9863325219;
37.2482815994;0.0404187574;0.0051052370;1.9863326727;
37.2501247994;0.0404187574;0.0051052373;1.9863325250;
37.2538111994;0.0404187574;0.0051052370;1.9863326758;
37.2556543994;0.0404187575;0.0051052374;1.9863325282;
37.2593407994;0.0404187575;0.0051052370;1.9863326790;
37.2611839994;0.0404187575;0.0051052374;1.9863325313;
37.2648703994;0.0404187576;0.0051052371;1.9863326822;
37.2667135994;0.0404187576;0.0051052374;1.9863325346;
37.2703999994;0.0404187576;0.0051052371;1.9863326855;
37.2722431994;0.0404187577;0.0051052374;1.9863325379;
37.2759295994;0.0404187577;0.0051052371;1.9863326888;
37.2777727994;0.0404187577;0.0051052374;1.9863325412;
37.2814591994;0.0404187578;0.0051052371;1.9863326922;
37.2833023994;0.0404187578;0.0051052374;1.9863325446;
37.2869887994;0.0404187578;0.0051052371;1.9863326956;
37.2888319994;0.0404187579;0.0051052375;1.9863325480;
37.2925183994;0.0404187579;0.0051052371;1.9863326991;
37.2943615994;0.0404187580;0.0051052375;1.9863325515;
37.2980479994;0.0404187580;0.0051052372;1.9863327026;
37.2998911994;0.0404187580;0.0051052375;1.9863325550;
37.3035775994;0.0404187580;0.0051052372;1.9863327062;
37.3054207994;0.0404187581;0.0051052375;1.9863325586;
37.3091071994;0.0404187581;0.0051052372;1.9863327098;
37.3109503994;0.0404187582;0.0051052375;1.9863325622;
37.3146367994;0.0404187582;0.0051052372;1.9863327134;
37.3164799994;0.0404187583;0.0051052376;1.9863325659;
37.3201663994;0.0404187583;0.0051052372;1.9863327171;
37.3220095994;0.0404187583;0.0051052376;1.9863325696;
37.3256959994;0.0404187583;0.0051052373;1.9863327208;
37.3275391994;0.0404187584;0.0051052376;1.9863325733;
37.3312255994;0.0404187584;0.0051052373;1.9863327246;
37.3330687994;0.0404187585;0.0051052376;1.9863325771;
37.3367551994;0.0404187585;0.0051052373;1.9863327284;
37.3385983994;0.0404187586;0.0051052376;1.9863325809;
37.3422847994;0.0404187586;0.0051052373;1.9863327322;
37.3441279994;0.0404187586;0.0051052377;1.9863325847;
37.3478143994;0.0404187587;0.0051052373;1.9863327361;
37.3496575994;0.0404187587;0.0051052377;1.9863325886;
37.3533439994;0.0404187587;0.0051052374;1.9863327400;
37.3551871994;0.0404187588;0.0051052377;1.9863325926;
37.3588735994;0.0404187588;0.0051052374;1.9863327439;
37.3607167994;0.0404187589;0.0051052377;1.9863325965;
37.3644031994;0.0404187589;0.0051052374;1.9863327479;
37.3662463994;0.0404187590;0.0051052377;1.9863326005;
37.3699327994;0.0404187590;0.0051052374;1.9863327519;
37.3717759994;0.0404187590;0.0051052378;1.9863326045;
37.3754623994;0.0404187591;0.0051052374;1.9863327560;
37.3773055994;0.0404187591;0.0051052378;1.9863326086;
37.3809919994;0.0404187591;0.0051052375;1.9863327600;
37.3828351994;0.0404187592;0.0051052378;1.9863326127;
37.3865215994;0.0404187592;0.0051052375;1.9863327642;
37.3883647994;0.0404187593;0.0051052378;1.9863326168;
37.3920511994;0.0404187593;0.0051052375;1.9863327683;
37.3938943994;0.0404187594;0.0051052378;1.9863326210;
37.3975807994;0.0404187594;0.0051052375;1.9863327725;
37.3994239994;0.0404187595;0.0051052379;1.9863326251;
37.4031103994;0.0404187595;0.0051052375;1.9863327767;
37.4049535994;0.0404187595;0.0051052379;1.9863326293;
37.4086399994;0.0404187596;0.0051052376;1.9863327809;
37.4104831994;0.0404187596;0.0051052379;1.9863326336;
37.4141695994;0.0404187597;0.0051052376;1.9863327852;
37.4160127994;0.0404187597;0.0051052379;1.9863326379;
37.4196991994;0.0404187597;0.0051052376;1.9863327894;
37.4215423994;0.0404187598;0.0051052379;1.9863326421;
37.4252287994;0.0404187598;0.0051052376;1.9863327937;
37.4270719994;0.0404187599;0.0051052380;1.9863326465;
37.4307583994;0.0404187599;0.0051052377;1.9863327981;
37.4326015994;0.0404187600;0.0051052380;1.9863326508;
37.4362879994;0.0404187600;0.0051052377;1.9863328024;
37.4381311994;0.0404187601;0.0051052380;1.9863326552;
37.4418175994;0.0404187601;0.0051052377;1.9863328068;
37.4436607994;0.0404187602;0.0051052380;1.9863326596;
37.4473471994;0.0404187602;0.0051052377;1.9863328112;
37.4491903994;0.0404187602;0.0051052381;1.9863326640;
37.4528767994;0.0404187603;0.0051052377;1.9863328156;
37.4547199994;0.0404187603;0.0051052381;1.9863326684;
37.4584063994;0.0404187604;0.0051052378;1.9863328201;
37.4602495994;0.0404187604;0.0051052381;1.9863326728;
37.4639359994;0.0404187605;0.0051052378;1.9863328246;
37.4657791994;0.0404187605;0.0051052381;1.9863326773;
37.4694655994;0.0404187605;0.0051052378;1.9863328290;
37.4713087994;0.0404187606;0.0051052382;1.9863326818;
37.4749951994;0.0404187606;0.0051052378;1.9863328335;
37.4768383994;0.0404187607;0.0051052382;1.9863326863;
37.4805247994;0.0404187607;0.0051052379;1.9863328381;
37.4823679994;0.0404187608;0.0051052382;1.9863326909;
37.4860543994;0.0404187608;0.0051052379;1.9863328426;
37.4878975994;0.0404187609;0.0051052382;1.9863326954;
37.4915839994;0.0404187609;0.0051052379;1.9863328472;
37.4934271994;0.0404187610;0.0051052382;1.9863327000;
37.4971135994;0.0404187610;0.0051052379;1.9863328518;
37.4989567994;0.0404187611;0.0051052383;1.9863327046;
37.5026431994;0.0404187611;0.0051052380;1.9863328564;
37.5044863994;0.0404187612;0.0051052383;1.9863327092;
37.5081727994;0.0404187612;0.0051052380;1.9863328610;
37.5100159994;0.0404187613;0.0051052383;1.9863327138;
37.5137023994;0.0404187613;0.0051052380;1.9863328656;
37.5155455994;0.0404187614;0.0051052383;1.9863327184;
37.5192319994;0.0404187614;0.0051052380;1.9863328702;
37.5210751994;0.0404187614;0.0051052384;1.9863327231;
37.5247615994;0.0404187615;0.0051052380;1.9863328749;
37.5266047994;0.0404187615;0.0051052384;1.9863327277;
37.5302911994;0.0404187616;0.0051052381;1.9863328796;
37.5321343994;0.0404187616;0.0051052384;1.9863327324;
37.5358207994;0.0404187617;0.0051052381;1.9863328842;
37.5376639994;0.0404187617;0.0051052384;1.9863327371;
37.5413503994;0.0404187618;0.0051052381;1.9863328889;
37.5431935994;0.0404187618;0.0051052385;1.9863327418;
37.5468799994;0.0404187619;0.0051052381;1.9863328936;
37.5487231994;0.0404187619;0.0051052385;1.9863327465;
37.5524095994;0.0404187620;0.0051052382;1.9863328984;
37.5542527994;0.0404187620;0.0051052385;1.9863327512;
37.5579391994;0.0404187621;0.0051052382;1.9863329031;
37.5597823994;0.0404187621;0.0051052385;1.9863327560;
37.5634687994;0.0404187622;0.0051052382;1.9863329078;
37.5653119994;0.0404187622;0.0051052386;1.9863327607;
37.5689983994;0.0404187622;0.0051052382;1.9863329126;
37.5708415994;0.0404187623;0.0051052386;1.9863327654;
37.5745279994;0.0404187623;0.0051052383;1.9863329173;
37.5763711994;0.0404187624;0.0051052386;1.9863327702;
37.5800575994;0.0404187624;0.0051052383;1.9863329221;
37.5819007994;0.0404187625;0.0051052386;1.9863327750;
37.5855871994;0.0404187625;0.0051052383;1.9863329269;
37.5874303994;0.0404187626;0.0051052387;1.9863327798;
37.5911167994;0.0404187626;0.0051052383;1.9863329316;
37.5929599994;0.0404187627;0.0051052387;1.9863327845;
37.5966463994;0.0404187627;0.0051052384;1.9863329364;
37.5984895994;0.0404187628;0.0051052387;1.9863327893;
37.6021759994;0.0404187628;0.0051052384;1.9863329412;
37.6040191994;0.0404187629;0.0051052387;1.9863327941;
37.6077055994;0.0404187629;0.0051052384;1.9863329460;
37.6095487994;0.0404187630;0.0051052388;1.9863327989;
37.6132351994;0.0404187630;0.0051052384;1.9863329508;
37.6150783994;0.0404187631;0.0051052388;1.9863328037;
37.6187647994;0.0404187631;0.0051052385;1.9863329556;
37.6206079994;0.0404187632;0.0051052388;1.9863328085;
37.6242943994;0.0404187632;0.0051052385;1.9863329605;
37.6261375994;0.0404187633;0.0051052388;1.9863328134;
37.6298239994;0.0404187633;0.0051052385;1.9863329653;
37.6316671994;0.0404187634;0.0051052389;1.9863328182;
37.6353535994;0.0404187634;0.0051052385;1.9863329701;
37.6371967994;0.0404187635;0.0051052389;1.9863328230;
37.6408831994;0.0404187635;0.0051052386;1.9863329749;
37.6427263994;0.0404187636;0.0051052389;1.9863328278;
37.6464127994;0.0404187636;0.0051052386;1.9863329798;
37.6482559994;0.0404187637;0.0051052389;1.9863328327;
37.6519423994;0.0404187637;0.0051052386;1.9863329846;
37.6537855994;0.0404187638;0.0051052390;1.9863328375;
37.6574719994;0.0404187638;0.0051052386;1.9863329894;
37.6593151994;0.0404187639;0.0051052390;1.9863328423;
37.6630015994;0.0404187639;0.0051052387;1.9863329943;
37.6648447994;0.0404187640;0.0051052390;1.9863328472;
37.6685311994;0.0404187640;0.0051052387;1.9863329991;
37.6703743994;0.0404187641;0.0051052390;1.9863328520;
37.6740607994;0.0404187641;0.0051052387;1.9863330039;
37.6759039994;0.0404187642;0.0051052391;1.9863328569;
37.6795903994;0.0404187642;0.0051052387;1.9863330088;
37.6814335994;0.0404187643;0.0051052391;1.9863328617;
37.6851199994;0.0404187643;0.0051052388;1.9863330136;
37.6869631994;0.0404187644;0.0051052391;1.9863328665;
37.6906495994;0.0404187644;0.0051052388;1.9863330185;
37.6924927994;0.0404187645;0.0051052391;1.9863328714;
37.6961791994;0.0404187645;0.0051052388;1.9863330233;
37.6980223994;0.0404187646;0.0051052391;1.9863328762;
37.7017087994;0.0404187646;0.0051052388;1.9863330281;
37.7035519994;0.0404187647;0.0051052392;1.9863328810;
37.7072383994;0.0404187647;0.0051052389;1.9863330330;
37.7090815994;0.0404187648;0.0051052392;1.9863328859;
37.7127679994;0.0404187648;0.0051052389;1.9863330378;
37.7146111994;0.0404187649;0.0051052392;1.9863328907;
37.7182975994;0.0404187649;0.0051052389;1.9863330426;
37.7201407994;0.0404187650;0.0051052392;1.9863328955;
37.7238271994;0.0404187650;0.0051052389;1.9863330475;
37.7256703994;0.0404187651;0.0051052393;1.9863329004;
37.7293567994;0.0404187651;0.0051052390;1.9863330523;
37.7311999994;0.0404187652;0.0051052393;1.9863329052;
37.7348863994;0.0404187652;0.0051052390;1.9863330571;
37.7367295994;0.0404187653;0.0051052393;1.9863329100;
37.7404159994;0.0404187653;0.0051052390;1.9863330619;
37.7422591994;0.0404187654;0.0051052393;1.9863329148;
37.7459455994;0.0404187654;0.0051052390;1.9863330667;
37.7477887994;0.0404187654;0.0051052394;1.9863329197;
37.7514751994;0.0404187655;0.0051052391;1.9863330716;
37.7533183994;0.0404187655;0.0051052394;1.9863329245;
37.7570047994;0.0404187656;0.0051052391;1.9863330764;
37.7588479994;0.0404187656;0.0051052394;1.9863329293;
37.7625343994;0.0404187657;0.0051052391;1.9863330812;
37.7643775994;0.0404187657;0.0051052394;1.9863329341;
37.7680639994;0.0404187658;0.0051052391;1.9863330860;
37.7699071994;0.0404187658;0.0051052395;1.9863329389;
37.7735935994;0.0404187659;0.0051052392;1.9863330908;
37.7754367994;0.0404187659;0.0051052395;1.9863329437;
37.7791231994;0.0404187660;0.0051052392;1.9863330955;
37.7809663994;0.0404187660;0.0051052395;1.9863329485;
37.7846527994;0.0404187661;0.0051052392;1.9863331003;
37.7864959994;0.0404187661;0.0051052395;1.9863329532;
37.7901823994;0.0404187662;0.0051052392;1.9863331051;
37.7920255994;0.0404187662;0.0051052396;1.9863329580;
37.7957119994;0.0404187663;0.0051052393;1.9863331099;
37.7975551994;0.0404187663;0.0051052396;1.9863329628;
37.8012415994;0.0404187664;0.0051052393;1.9863331146;
37.8030847994;0.0404187664;0.0051052396;1.9863329675;
37.8067711994;0.0404187665;0.0051052393;1.9863331194;
37.8086143994;0.0404187665;0.0051052396;1.9863329723;
37.8123007994;0.0404187666;0.0051052393;1.9863331241;
37.8141439994;0.0404187666;0.0051052397;1.9863329770;
37.8178303994;0.0404187666;0.0051052394;1.9863331289;
37.8196735994;0.0404187667;0.0051052397;1.9863329818;
37.8233599994;0.0404187667;0.0051052394;1.9863331336;
37.8252031994;0.0404187668;0.0051052397;1.9863329865;
37.8288895994;0.0404187668;0.0051052394;1.9863331383;
37.8307327994;0.0404187669;0.0051052397;1.9863329912;
37.8344191994;0.0404187669;0.0051052394;1.9863331430;
37.8362623994;0.0404187670;0.0051052398;1.9863329959;
37.8399487994;0.0404187670;0.0051052395;1.9863331477;
37.8417919994;0.0404187671;0.0051052398;1.9863330006;
37.8454783994;0.0404187671;0.0051052395;1.9863331524;
37.8473215994;0.0404187672;0.0051052398;1.9863330053;
37.8510079994;0.0404187672;0.0051052395;1.9863331571;
37.8528511994;0.0404187673;0.0051052398;1.9863330100;
37.8565375994;0.0404187673;0.0051052395;1.9863331618;
37.8583807994;0.0404187674;0.0051052399;1.9863330147;
37.8620671994;0.0404187674;0.0051052395;1.9863331665;
37.8639103994;0.0404187675;0.0051052399;1.9863330193;
37.8675967994;0.0404187675;0.0051052396;1.9863331711;
37.8694399994;0.0404187676;0.0051052399;1.9863330240;
37.8731263994;0.0404187676;0.0051052396;1.9863331758;
37.8749695994;0.0404187677;0.0051052399;1.9863330286;
37.8786559994;0.0404187677;0.0051052396;1.9863331804;
37.8804991994;0.0404187678;0.0051052400;1.9863330333;
37.8841855994;0.0404187678;0.0051052396;1.9863331850;
37.8860287994;0.0404187679;0.0051052400;1.9863330379;
37.8897151994;0.0404187679;0.0051052397;1.9863331897;
37.8915583994;0.0404187679;0.0051052400;1.9863330425;
37.8952447994;0.0404187680;0.0051052397;1.9863331943;
37.8970879994;0.0404187680;0.0051052400;1.9863330471;
37.9007743994;0.0404187681;0.0051052397;1.9863331989;
37.9026175994;0.0404187681;0.0051052401;1.9863330517;
37.9063039994;0.0404187682;0.0051052397;1.9863332034;
37.9081471994;0.0404187682;0.0051052401;1.9863330563;
37.9118335994;0.0404187683;0.0051052398;1.9863332080;
37.9136767994;0.0404187683;0.0051052401;1.9863330609;
37.9173631994;0.0404187684;0.0051052398;1.9863332126;
37.9192063994;0.0404187684;0.0051052401;1.9863330654;
37.9228927994;0.0404187684;0.0051052398;1.9863332171;
37.9247359994;0.0404187685;0.0051052401;1.9863330700;
37.9284223994;0.0404187685;0.0051052398;1.9863332217;
37.9302655994;0.0404187686;0.0051052402;1.9863330745;
37.9339519994;0.0404187686;0.0051052399;1.9863332262;
37.9357951994;0.0404187687;0.0051052402;1.9863330790;
37.9394815994;0.0404187687;0.0051052399;1.9863332307;
37.9413247994;0.0404187688;0.0051052402;1.9863330835;
37.9450111994;0.0404187688;0.0051052399;1.9863332352;
37.9468543994;0.0404187689;0.0051052402;1.9863330880;
37.9505407994;0.0404187689;0.0051052399;1.9863332397;
37.9523839994;0.0404187690;0.0051052403;1.9863330925;
37.9560703994;0.0404187690;0.0051052399;1.9863332442;
37.9579135994;0.0404187691;0.0051052403;1.9863330970;
37.9615999994;0.0404187691;0.0051052400;1.9863332486;
37.9634431994;0.0404187691;0.0051052403;1.9863331014;
37.9671295994;0.0404187692;0.0051052400;1.9863332531;
37.9689727994;0.0404187692;0.0051052403;1.9863331059;
37.9726591994;0.0404187693;0.0051052400;1.9863332575;
37.9745023994;0.0404187693;0.0051052404;1.9863331103;
37.9781887994;0.0404187694;0.0051052400;1.9863332619;
37.9800319994;0.0404187694;0.0051052404;1.9863331147;
37.9837183994;0.0404187694;0.0051052401;1.9863332663;
37.9855615994;0.0404187695;0.0051052404;1.9863331191;
37.9892479994;0.0404187695;0.0051052401;1.9863332707;
37.9910911994;0.0404187696;0.0051052404;1.9863331235;
37.9947775994;0.0404187696;0.0051052401;1.9863332751;
37.9966207994;0.0404187697;0.0051052404;1.9863331279;
38.0003071994;0.0404187697;0.0051052401;1.9863332795;
38.0021503994;0.0404187698;0.0051052405;1.9863331323;
38.0058367994;0.0404187698;0.0051052401;1.9863332838;
38.0076799994;0.0404187699;0.0051052405;1.9863331366;
38.0113663994;0.0404187699;0.0051052402;1.9863332882;
38.0132095994;0.0404187700;0.0051052405;1.9863331410;
38.0168959994;0.0404187700;0.0051052402;1.9863332925;
38.0187391994;0.0404187700;0.0051052405;1.9863331453;
38.0224255994;0.0404187701;0.0051052402;1.9863332968;
38.0242687994;0.0404187701;0.0051052406;1.9863331496;
38.0279551994;0.0404187702;0.0051052402;1.9863333011;
38.0297983994;0.0404187702;0.0051052406;1.9863331539;
38.0334847994;0.0404187702;0.0051052403;1.9863333054;
38.0353279994;0.0404187703;0.0051052406;1.9863331581;
38.0390143994;0.0404187703;0.0051052403;1.9863333096;
38.0408575994;0.0404187704;0.0051052406;1.9863331624;
38.0445439994;0.0404187704;0.0051052403;1.9863333139;
38.0463871994;0.0404187705;0.0051052406;1.9863331667;
38.0500735994;0.0404187705;0.0051052403;1.9863333181;
38.0519167994;0.0404187706;0.0051052407;1.9863331709;
38.0556031994;0.0404187706;0.0051052403;1.9863333223;
38.0574463994;0.0404187706;0.0051052407;1.9863331751;
38.0611327994;0.0404187707;0.0051052404;1.9863333266;
38.0629759994;0.0404187707;0.0051052407;1.9863331793;
38.0666623994;0.0404187708;0.0051052404;1.9863333307;
38.0685055994;0.0404187708;0.0051052407;1.9863331835;
38.0721919994;0.0404187708;0.0051052404;1.9863333349;
38.0740351994;0.0404187709;0.0051052408;1.9863331877;
38.0777215994;0.0404187709;0.0051052404;1.9863333391;
38.0795647994;0.0404187710;0.0051052408;1.9863331918;
38.0832511994;0.0404187710;0.0051052405;1.9863333432;
38.0850943994;0.0404187711;0.0051052408;1.9863331959;
38.0887807994;0.0404187711;0.0051052405;1.9863333473;
38.0906239994;0.0404187712;0.0051052408;1.9863332001;
38.0943103994;0.0404187712;0.0051052405;1.9863333515;
38.0961535994;0.0404187712;0.0051052408;1.9863332042;
38.0998399994;0.0404187713;0.0051052405;1.9863333556;
38.1016831994;0.0404187713;0.0051052409;1.9863332083;
38.1053695994;0.0404187713;0.0051052405;1.9863333596;
38.1072127994;0.0404187714;0.0051052409;1.9863332123;
38.1108991994;0.0404187714;0.0051052406;1.9863333637;
38.1127423994;0.0404187715;0.0051052409;1.9863332164;
38.1164287994;0.0404187715;0.0051052406;1.9863333677;
38.1182719994;0.0404187716;0.0051052409;1.9863332204;
38.1219583994;0.0404187716;0.0051052406;1.9863333718;
38.1238015994;0.0404187717;0.0051052409;1.9863332245;
38.1274879994;0.0404187717;0.0051052406;1.9863333758;
38.1293311994;0.0404187717;0.0051052410;1.9863332285;
38.1330175994;0.0404187718;0.0051052406;1.9863333798;
38.1348607994;0.0404187718;0.0051052410;1.9863332325;
38.1385471994;0.0404187718;0.0051052407;1.9863333838;
38.1403903994;0.0404187719;0.0051052410;1.9863332364;
38.1440767994;0.0404187719;0.0051052407;1.9863333877;
38.1459199994;0.0404187720;0.0051052410;1.9863332404;
38.1496063994;0.0404187720;0.0051052407;1.9863333917;
38.1514495994;0.0404187721;0.0051052410;1.9863332443;
38.1551359994;0.0404187721;0.0051052407;1.9863333956;
38.1569791994;0.0404187721;0.0051052411;1.9863332483;
38.1606655994;0.0404187722;0.0051052407;1.9863333995;
38.1625087994;0.0404187722;0.0051052411;1.9863332522;
38.1661951994;0.0404187722;0.0051052408;1.9863334034;
38.1680383994;0.0404187723;0.0051052411;1.9863332561;
38.1717247994;0.0404187723;0.0051052408;1.9863334073;
38.1735679994;0.0404187724;0.0051052411;1.9863332600;
38.1772543994;0.0404187724;0.0051052408;1.9863334112;
38.1790975994;0.0404187725;0.0051052411;1.9863332638;
38.1827839994;0.0404187725;0.0051052408;1.9863334150;
38.1846271994;0.0404187725;0.0051052412;1.9863332677;
38.1883135994;0.0404187726;0.0051052408;1.9863334188;
38.1901567994;0.0404187726;0.0051052412;1.9863332715;
38.1938431994;0.0404187726;0.0051052409;1.9863334227;
38.1956863994;0.0404187727;0.0051052412;1.9863332753;
38.1993727994;0.0404187727;0.0051052409;1.9863334265;
38.2012159994;0.0404187728;0.0051052412;1.9863332791;
38.2049023994;0.0404187728;0.0051052409;1.9863334302;
38.2067455994;0.0404187728;0.0051052412;1.9863332829;
38.2104319994;0.0404187729;0.0051052409;1.9863334340;
38.2122751994;0.0404187729;0.0051052413;1.9863332866;
38.2159615994;0.0404187729;0.0051052409;1.9863334377;
38.2178047994;0.0404187730;0.0051052413;1.9863332904;
38.2214911994;0.0404187730;0.0051052410;1.9863334415;
38.2233343994;0.0404187731;0.0051052413;1.9863332941;
38.2270207994;0.0404187731;0.0051052410;1.9863334452;
38.2288639994;0.0404187731;0.0051052413;1.9863332978;
38.2325503994;0.0404187732;0.0051052410;1.9863334489;
38.2343935994;0.0404187732;0.0051052413;1.9863333015;
38.2380799994;0.0404187732;0.0051052410;1.9863334526;
38.2399231994;0.0404187733;0.0051052414;1.9863333051;
38.2436095994;0.0404187733;0.0051052410;1.9863334562;
38.2454527994;0.0404187734;0.0051052414;1.9863333088;
38.2491391994;0.0404187734;0.0051052411;1.9863334599;
38.2509823994;0.0404187734;0.0051052414;1.9863333124;
38.2546687994;0.0404187735;0.0051052411;1.9863334635;
38.2565119994;0.0404187735;0.0051052414;1.9863333161;
38.2601983994;0.0404187735;0.0051052411;1.9863334671;
38.2620415994;0.0404187736;0.0051052414;1.9863333197;
38.2657279994;0.0404187736;0.0051052411;1.9863334707;
38.2675711994;0.0404187737;0.0051052414;1.9863333232;
38.2712575994;0.0404187737;0.0051052411;1.9863334743;
38.2731007994;0.0404187737;0.0051052415;1.9863333268;
38.2767871994;0.0404187738;0.0051052411;1.9863334778;
38.2786303994;0.0404187738;0.0051052415;1.9863333304;
38.2823167994;0.0404187738;0.0051052412;1.9863334814;
38.2841599994;0.0404187739;0.0051052415;1.9863333339;
38.2878463994;0.0404187739;0.0051052412;1.9863334849;
38.2896895994;0.0404187740;0.0051052415;1.9863333374;
38.2933759994;0.0404187740;0.0051052412;1.9863334884;
38.2952191994;0.0404187740;0.0051052415;1.9863333409;
38.2989055994;0.0404187740;0.0051052412;1.9863334919;
38.3007487994;0.0404187741;0.0051052416;1.9863333444;
38.3044351994;0.0404187741;0.0051052412;1.9863334953;
38.3062783994;0.0404187742;0.0051052416;1.9863333479;
38.3099647994;0.0404187742;0.0051052413;1.9863334988;
38.3118079994;0.0404187742;0.0051052416;1.9863333513;
38.3154943994;0.0404187742;0.0051052413;1.9863335022;
38.3173375994;0.0404187743;0.0051052416;1.9863333547;
38.3210239994;0.0404187743;0.0051052413;1.9863335056;
38.3228671994;0.0404187744;0.0051052416;1.9863333581;
38.3265535994;0.0404187744;0.0051052413;1.9863335090;
38.3283967994;0.0404187744;0.0051052416;1.9863333615;
38.3320831994;0.0404187745;0.0051052413;1.9863335124;
38.3339263994;0.0404187745;0.0051052417;1.9863333649;
38.3376127994;0.0404187745;0.0051052413;1.9863335158;
38.3394559994;0.0404187746;0.0051052417;1.9863333683;
38.3431423994;0.0404187746;0.0051052414;1.9863335191;
38.3449855994;0.0404187746;0.0051052417;1.9863333716;
38.3486719994;0.0404187747;0.0051052414;1.9863335225;
38.3505151994;0.0404187747;0.0051052417;1.9863333749;
38.3542015994;0.0404187747;0.0051052414;1.9863335258;
38.3560447994;0.0404187748;0.0051052417;1.9863333782;
38.3597311994;0.0404187748;0.0051052414;1.9863335291;
38.3615743994;0.0404187748;0.0051052417;1.9863333815;
38.3652607994;0.0404187749;0.0051052414;1.9863335323;
38.3671039994;0.0404187749;0.0051052418;1.9863333848;
38.3707903994;0.0404187749;0.0051052414;1.9863335356;
38.3726335994;0.0404187750;0.0051052418;1.9863333881;
38.3763199994;0.0404187750;0.0051052415;1.9863335388;
38.3781631994;0.0404187750;0.0051052418;1.9863333913;
38.3818495994;0.0404187751;0.0051052415;1.9863335421;
38.3836927994;0.0404187751;0.0051052418;1.9863333945;
38.3873791994;0.0404187751;0.0051052415;1.9863335453;
38.3892223994;0.0404187752;0.0051052418;1.9863333977;
38.3929087994;0.0404187752;0.0051052415;1.9863335485;
38.3947519994;0.0404187752;0.0051052418;1.9863334009;
38.3984383994;0.0404187753;0.0051052415;1.9863335516;
38.4002815994;0.0404187753;0.0051052419;1.9863334041;
38.4039679994;0.0404187753;0.0051052415;1.9863335548;
38.4058111994;0.0404187754;0.0051052419;1.9863334072;
38.4094975994;0.0404187754;0.0051052416;1.9863335579;
38.4113407994;0.0404187754;0.0051052419;1.9863334104;
38.4150271994;0.0404187754;0.0051052416;1.9863335611;
38.4168703994;0.0404187755;0.0051052419;1.9863334135;
38.4205567994;0.0404187755;0.0051052416;1.9863335642;
38.4223999994;0.0404187756;0.0051052419;1.9863334166;
38.4260863994;0.0404187756;0.0051052416;1.9863335672;
38.4279295994;0.0404187756;0.0051052419;1.9863334196;
38.4316159994;0.0404187756;0.0051052416;1.9863335703;
38.4334591994;0.0404187757;0.0051052420;1.9863334227;
38.4371455994;0.0404187757;0.0051052416;1.9863335734;
38.4389887994;0.0404187757;0.0051052420;1.9863334258;
38.4426751994;0.0404187758;0.0051052417;1.9863335764;
38.4445183994;0.0404187758;0.0051052420;1.9863334288;
38.4482047994;0.0404187758;0.0051052417;1.9863335794;
38.4500479994;0.0404187759;0.0051052420;1.9863334318;
38.4537343994;0.0404187759;0.0051052417;1.9863335824;
38.4555775994;0.0404187759;0.0051052420;1.9863334348;
38.4592639994;0.0404187759;0.0051052417;1.9863335854;
38.4611071994;0.0404187760;0.0051052420;1.9863334378;
38.4647935994;0.0404187760;0.0051052417;1.9863335884;
38.4666367994;0.0404187761;0.0051052421;1.9863334407;
38.4703231994;0.0404187761;0.0051052417;1.9863335913;
38.4721663994;0.0404187761;0.0051052421;1.9863334437;
38.4758527994;0.0404187761;0.0051052417;1.9863335942;
38.4776959994;0.0404187762;0.0051052421;1.9863334466;
38.4813823994;0.0404187762;0.0051052418;1.9863335972;
38.4832255994;0.0404187762;0.0051052421;1.9863334495;
38.4869119994;0.0404187762;0.0051052418;1.9863336001;
38.4887551994;0.0404187763;0.0051052421;1.9863334524;
38.4924415994;0.0404187763;0.0051052418;1.9863336029;
38.4942847994;0.0404187763;0.0051052421;1.9863334553;
38.4979711994;0.0404187764;0.0051052418;1.9863336058;
38.4998143994;0.0404187764;0.0051052421;1.9863334581;
38.5035007994;0.0404187764;0.0051052418;1.9863336087;
38.5053439994;0.0404187765;0.0051052422;1.9863334610;
38.5090303994;0.0404187765;0.0051052418;1.9863336115;
38.5108735994;0.0404187765;0.0051052422;1.9863334638;
38.5145599994;0.0404187765;0.0051052418;1.9863336143;
38.5164031994;0.0404187766;0.0051052422;1.9863334666;
38.5200895994;0.0404187766;0.0051052419;1.9863336171;
38.5219327994;0.0404187766;0.0051052422;1.9863334694;
38.5256191994;0.0404187766;0.0051052419;1.9863336199;
38.5274623994;0.0404187767;0.0051052422;1.9863334722;
38.5311487994;0.0404187767;0.0051052419;1.9863336226;
38.5329919994;0.0404187767;0.0051052422;1.9863334750;
38.5366783994;0.0404187768;0.0051052419;1.9863336254;
38.5385215994;0.0404187768;0.0051052422;1.9863334777;
38.5422079994;0.0404187768;0.0051052419;1.9863336281;
38.5440511994;0.0404187769;0.0051052423;1.9863334804;
38.5477375994;0.0404187769;0.0051052419;1.9863336308;
38.5495807994;0.0404187769;0.0051052423;1.9863334831;
38.5532671994;0.0404187769;0.0051052419;1.9863336335;
38.5551103994;0.0404187770;0.0051052423;1.9863334858;
38.5587967994;0.0404187770;0.0051052420;1.9863336362;
38.5606399994;0.0404187770;0.0051052423;1.9863334885;
38.5643263994;0.0404187770;0.0051052420;1.9863336389;
38.5661695994;0.0404187771;0.0051052423;1.9863334912;
38.5698559994;0.0404187771;0.0051052420;1.9863336415;
38.5716991994;0.0404187771;0.0051052423;1.9863334938;
38.5753855994;0.0404187771;0.0051052420;1.9863336442;
38.5772287994;0.0404187772;0.0051052423;1.9863334964;
38.5809151994;0.0404187772;0.0051052420;1.9863336468;
38.5827583994;0.0404187772;0.0051052424;1.9863334990;
38.5864447994;0.0404187772;0.0051052420;1.9863336494;
38.5882879994;0.0404187773;0.0051052424;1.9863335016;
38.5919743994;0.0404187773;0.0051052420;1.9863336520;
38.5938175994;0.0404187773;0.0051052424;1.9863335042;
38.5975039994;0.0404187773;0.0051052421;1.9863336545;
38.5993471994;0.0404187774;0.0051052424;1.9863335068;
38.6030335994;0.0404187774;0.0051052421;1.9863336571;
38.6048767994;0.0404187774;0.0051052424;1.9863335093;
38.6085631994;0.0404187775;0.0051052421;1.9863336596;
38.6104063994;0.0404187775;0.0051052424;1.9863335119;
38.6140927994;0.0404187775;0.0051052421;1.9863336621;
38.6159359994;0.0404187776;0.0051052424;1.9863335144;
38.6196223994;0.0404187776;0.0051052421;1.9863336646;
38.6214655994;0.0404187776;0.0051052424;1.9863335169;
38.6251519994;0.0404187776;0.0051052421;1.9863336671;
38.6269951994;0.0404187777;0.0051052425;1.9863335194;
38.6306815994;0.0404187777;0.0051052421;1.9863336696;
38.6325247994;0.0404187777;0.0051052425;1.9863335218;
38.6362111994;0.0404187777;0.0051052421;1.9863336721;
38.6380543994;0.0404187778;0.0051052425;1.9863335243;
38.6417407994;0.0404187778;0.0051052422;1.9863336745;
38.6435839994;0.0404187778;0.0051052425;1.9863335267;
38.6472703994;0.0404187778;0.0051052422;1.9863336769;
38.6491135994;0.0404187779;0.0051052425;1.9863335291;
38.6527999994;0.0404187779;0.0051052422;1.9863336793;
38.6546431994;0.0404187779;0.0051052425;1.9863335315;
38.6583295994;0.0404187779;0.0051052422;1.9863336817;
38.6601727994;0.0404187779;0.0051052425;1.9863335339;
38.6638591994;0.0404187779;0.0051052422;1.9863336841;
38.6657023994;0.0404187780;0.0051052425;1.9863335363;
38.6693887994;0.0404187780;0.0051052422;1.9863336865;
38.6712319994;0.0404187780;0.0051052426;1.9863335387;
38.6749183994;0.0404187780;0.0051052422;1.9863336888;
38.6767615994;0.0404187781;0.0051052426;1.9863335410;
38.6804479994;0.0404187781;0.0051052422;1.9863336912;
38.6822911994;0.0404187781;0.0051052426;1.9863335433;
38.6859775994;0.0404187781;0.0051052423;1.9863336935;
38.6878207994;0.0404187782;0.0051052426;1.9863335457;
38.6915071994;0.0404187782;0.0051052423;1.9863336958;
38.6933503994;0.0404187782;0.0051052426;1.9863335480;
38.6970367994;0.0404187782;0.0051052423;1.9863336981;
38.6988799994;0.0404187783;0.0051052426;1.9863335502;
38.7025663994;0.0404187783;0.0051052423;1.9863337003;
38.7044095994;0.0404187783;0.0051052426;1.9863335525;
38.7080959994;0.0404187783;0.0051052423;1.9863337026;
38.7099391994;0.0404187784;0.0051052426;1.9863335548;
38.7136255994;0.0404187784;0.0051052423;1.9863337048;
38.7154687994;0.0404187784;0.0051052426;1.9863335570;
38.7191551994;0.0404187784;0.0051052423;1.9863337071;
38.7209983994;0.0404187785;0.0051052427;1.9863335592;
38.7246847994;0.0404187785;0.0051052423;1.9863337093;
38.7265279994;0.0404187785;0.0051052427;1.9863335614;
38.7302143994;0.0404187785;0.0051052423;1.9863337115;
38.7320575994;0.0404187786;0.0051052427;1.9863335636;
38.7357439994;0.0404187786;0.0051052424;1.9863337137;
38.7375871994;0.0404187786;0.0051052427;1.9863335658;
38.7412735994;0.0404187786;0.0051052424;1.9863337158;
38.7431167994;0.0404187786;0.0051052427;1.9863335680;
38.7468031994;0.0404187786;0.0051052424;1.9863337180;
38.7486463994;0.0404187787;0.0051052427;1.9863335701;
38.7523327994;0.0404187787;0.0051052424;1.9863337201;
38.7541759994;0.0404187787;0.0051052427;1.9863335722;
38.7578623994;0.0404187787;0.0051052424;1.9863337222;
38.7597055994;0.0404187788;0.0051052427;1.9863335744;
38.7633919994;0.0404187788;0.0051052424;1.9863337244;
38.7652351994;0.0404187788;0.0051052427;1.9863335765;
38.7689215994;0.0404187788;0.0051052424;1.9863337265;
38.7707647994;0.0404187789;0.0051052428;1.9863335786;
38.7744511994;0.0404187789;0.0051052424;1.9863337285;
38.7762943994;0.0404187789;0.0051052428;1.9863335806;
38.7799807994;0.0404187789;0.0051052424;1.9863337306;
38.7818239994;0.0404187789;0.0051052428;1.9863335827;
38.7855103994;0.0404187789;0.0051052425;1.9863337327;
38.7873535994;0.0404187790;0.0051052428;1.9863335848;
38.7910399994;0.0404187790;0.0051052425;1.9863337347;
38.7928831994;0.0404187790;0.0051052428;1.9863335868;
38.7965695994;0.0404187790;0.0051052425;1.9863337367;
38.7984127994;0.0404187791;0.0051052428;1.9863335888;
38.8020991994;0.0404187791;0.0051052425;1.9863337387;
38.8039423994;0.0404187791;0.0051052428;1.9863335908;
38.8076287994;0.0404187791;0.0051052425;1.9863337407;
38.8094719994;0.0404187791;0.0051052428;1.9863335928;
38.8131583994;0.0404187791;0.0051052425;1.9863337427;
38.8150015994;0.0404187792;0.0051052428;1.9863335948;
38.8186879994;0.0404187792;0.0051052425;1.9863337447;
38.8205311994;0.0404187792;0.0051052429;1.9863335968;
38.8242175994;0.0404187792;0.0051052425;1.9863337466;
38.8260607994;0.0404187793;0.0051052429;1.9863335987;
38.8297471994;0.0404187793;0.0051052425;1.9863337486;
38.8315903994;0.0404187793;0.0051052429;1.9863336006;
38.8352767994;0.0404187793;0.0051052425;1.9863337505;
38.8371199994;0.0404187793;0.0051052429;1.9863336026;
38.8408063994;0.0404187793;0.0051052426;1.9863337524;
38.8426495994;0.0404187794;0.0051052429;1.9863336045;
38.8463359994;0.0404187794;0.0051052426;1.9863337543;
38.8481791994;0.0404187794;0.0051052429;1.9863336064;
38.8518655994;0.0404187794;0.0051052426;1.9863337562;
38.8537087994;0.0404187795;0.0051052429;1.9863336083;
38.8573951994;0.0404187795;0.0051052426;1.9863337581;
38.8592383994;0.0404187795;0.0051052429;1.9863336101;
38.8629247994;0.0404187795;0.0051052426;1.9863337599;
38.8647679994;0.0404187795;0.0051052429;1.9863336120;
38.8684543994;0.0404187795;0.0051052426;1.9863337618;
38.8702975994;0.0404187796;0.0051052429;1.9863336138;
38.8739839994;0.0404187796;0.0051052426;1.9863337636;
38.8758271994;0.0404187796;0.0051052430;1.9863336157;
38.8795135994;0.0404187796;0.0051052426;1.9863337654;
38.8813567994;0.0404187796;0.0051052430;1.9863336175;
38.8850431994;0.0404187796;0.0051052426;1.9863337673;
38.8868863994;0.0404187797;0.0051052430;1.9863336193;
38.8905727994;0.0404187797;0.0051052426;1.9863337690;
38.8924159994;0.0404187797;0.0051052430;1.9863336211;
38.8961023994;0.0404187797;0.0051052427;1.9863337708;
38.8979455994;0.0404187798;0.0051052430;1.9863336228;
38.9016319994;0.0404187798;0.0051052427;1.9863337726;
38.9034751994;0.0404187798;0.0051052430;1.9863336246;
38.9071615994;0.0404187798;0.0051052427;1.9863337744;
38.9090047994;0.0404187798;0.0051052430;1.9863336264;
38.9126911994;0.0404187798;0.0051052427;1.9863337761;
38.9145343994;0.0404187799;0.0051052430;1.9863336281;
38.9182207994;0.0404187799;0.0051052427;1.9863337778;
38.9200639994;0.0404187799;0.0051052430;1.9863336298;
38.9237503994;0.0404187799;0.0051052427;1.9863337795;
38.9255935994;0.0404187799;0.0051052430;1.9863336316;
38.9292799994;0.0404187799;0.0051052427;1.9863337813;
38.9311231994;0.0404187800;0.0051052430;1.9863336333;
38.9348095994;0.0404187800;0.0051052427;1.9863337829;
38.9366527994;0.0404187800;0.0051052430;1.9863336349;
38.9403391994;0.0404187800;0.0051052427;1.9863337846;
38.9421823994;0.0404187800;0.0051052431;1.9863336366;
38.9458687994;0.0404187800;0.0051052427;1.9863337863;
38.9477119994;0.0404187801;0.0051052431;1.9863336383;
38.9513983994;0.0404187801;0.0051052427;1.9863337880;
38.9532415994;0.0404187801;0.0051052431;1.9863336399;
38.9569279994;0.0404187801;0.0051052428;1.9863337896;
38.9587711994;0.0404187801;0.0051052431;1.9863336416;
38.9624575994;0.0404187801;0.0051052428;1.9863337912;
38.9643007994;0.0404187802;0.0051052431;1.9863336432;
38.9679871994;0.0404187802;0.0051052428;1.9863337929;
38.9698303994;0.0404187802;0.0051052431;1.9863336448;
38.9735167994;0.0404187802;0.0051052428;1.9863337945;
38.9753599994;0.0404187802;0.0051052431;1.9863336464;
38.9790463994;0.0404187802;0.0051052428;1.9863337961;
38.9808895994;0.0404187803;0.0051052431;1.9863336480;
38.9845759994;0.0404187803;0.0051052428;1.9863337976;
38.9864191994;0.0404187803;0.0051052431;1.9863336496;
38.9901055994;0.0404187803;0.0051052428;1.9863337992;
38.9919487994;0.0404187803;0.0051052431;1.9863336512;
38.9956351994;0.0404187803;0.0051052428;1.9863338008;
38.9974783994;0.0404187804;0.0051052431;1.9863336527;
39.0011647994;0.0404187804;0.0051052428;1.9863338023;
39.0030079994;0.0404187804;0.0051052431;1.9863336543;
39.0066943994;0.0404187804;0.0051052428;1.9863338039;
39.0085375994;0.0404187804;0.0051052432;1.9863336558;
39.0122239994;0.0404187804;0.0051052428;1.9863338054;
39.0140671994;0.0404187805;0.0051052432;1.9863336573;
39.0177535994;0.0404187804;0.0051052428;1.9863338069;
39.0195967994;0.0404187805;0.0051052432;1.9863336589;
39.0232831994;0.0404187805;0.0051052428;1.9863338084;
39.0251263994;0.0404187805;0.0051052432;1.9863336604;
39.0288127994;0.0404187805;0.0051052429;1.9863338099;
39.0306559994;0.0404187806;0.0051052432;1.9863336618;
39.0343423994;0.0404187805;0.0051052429;1.9863338114;
39.0361855994;0.0404187806;0.0051052432;1.9863336633;
39.0398719994;0.0404187806;0.0051052429;1.9863338129;
39.0417151994;0.0404187806;0.0051052432;1.9863336648;
39.0454015994;0.0404187806;0.0051052429;1.9863338143;
39.0472447994;0.0404187806;0.0051052432;1.9863336662;
39.0509311994;0.0404187806;0.0051052429;1.9863338158;
39.0527743994;0.0404187807;0.0051052432;1.9863336677;
39.0564607994;0.0404187807;0.0051052429;1.9863338172;
39.0583039994;0.0404187807;0.0051052432;1.9863336691;
39.0619903994;0.0404187807;0.0051052429;1.9863338186;
39.0638335994;0.0404187807;0.0051052432;1.9863336705;
39.0675199994;0.0404187807;0.0051052429;1.9863338200;
39.0693631994;0.0404187808;0.0051052432;1.9863336720;
39.0730495994;0.0404187807;0.0051052429;1.9863338214;
39.0748927994;0.0404187808;0.0051052432;1.9863336734;
39.0785791994;0.0404187808;0.0051052429;1.9863338228;
39.0804223994;0.0404187808;0.0051052433;1.9863336747;
39.0841087994;0.0404187808;0.0051052429;1.9863338242;
39.0859519994;0.0404187808;0.0051052433;1.9863336761;
39.0896383994;0.0404187808;0.0051052429;1.9863338256;
39.0914815994;0.0404187809;0.0051052433;1.9863336775;
39.0951679994;0.0404187809;0.0051052429;1.9863338269;
39.0970111994;0.0404187809;0.0051052433;1.9863336788;
39.1006975994;0.0404187809;0.0051052429;1.9863338283;
39.1025407994;0.0404187809;0.0051052433;1.9863336802;
39.1062271994;0.0404187809;0.0051052430;1.9863338296;
39.1080703994;0.0404187810;0.0051052433;1.9863336815;
39.1117567994;0.0404187809;0.0051052430;1.9863338310;
39.1135999994;0.0404187810;0.0051052433;1.9863336829;
39.1172863994;0.0404187810;0.0051052430;1.9863338323;
39.1191295994;0.0404187810;0.0051052433;1.9863336842;
39.1228159994;0.0404187810;0.0051052430;1.9863338336;
39.1246591994;0.0404187810;0.0051052433;1.9863336855;
39.1283455994;0.0404187810;0.0051052430;1.9863338349;
39.1301887994;0.0404187811;0.0051052433;1.9863336868;
39.1338751994;0.0404187810;0.0051052430;1.9863338362;
39.1357183994;0.0404187811;0.0051052433;1.9863336881;
39.1394047994;0.0404187811;0.0051052430;1.9863338375;
39.1412479994;0.0404187811;0.0051052433;1.9863336893;
39.1449343994;0.0404187811;0.0051052430;1.9863338387;
39.1467775994;0.0404187811;0.0051052433;1.9863336906;
39.1504639994;0.0404187811;0.0051052430;1.9863338400;
39.1523071994;0.0404187812;0.0051052433;1.9863336919;
39.1559935994;0.0404187811;0.0051052430;1.9863338412;
39.1578367994;0.0404187812;0.0051052433;1.9863336931;
39.1615231994;0.0404187812;0.0051052430;1.9863338425;
39.1633663994;0.0404187812;0.0051052434;1.9863336943;
39.1670527994;0.0404187812;0.0051052430;1.9863338437;
39.1688959994;0.0404187812;0.0051052434;1.9863336956;
39.1725823994;0.0404187812;0.0051052430;1.9863338449;
39.1744255994;0.0404187813;0.0051052434;1.9863336968;
39.1781119994;0.0404187812;0.0051052430;1.9863338461;
39.1799551994;0.0404187813;0.0051052434;1.9863336980;
39.1836415994;0.0404187813;0.0051052430;1.9863338473;
39.1854847994;0.0404187813;0.0051052434;1.9863336992;
39.1891711994;0.0404187813;0.0051052431;1.9863338485;
39.1910143994;0.0404187813;0.0051052434;1.9863337004;
39.1947007994;0.0404187813;0.0051052431;1.9863338497;
39.1965439994;0.0404187814;0.0051052434;1.9863337016;
39.2002303994;0.0404187813;0.0051052431;1.9863338509;
39.2020735994;0.0404187814;0.0051052434;1.9863337027;
39.2057599994;0.0404187814;0.0051052431;1.9863338520;
39.2076031994;0.0404187814;0.0051052434;1.9863337039;
39.2112895994;0.0404187814;0.0051052431;1.9863338532;
39.2131327994;0.0404187814;0.0051052434;1.9863337050;
39.2168191994;0.0404187814;0.0051052431;1.9863338543;
39.2186623994;0.0404187815;0.0051052434;1.9863337062;
39.2223487994;0.0404187814;0.0051052431;1.9863338555;
39.2241919994;0.0404187815;0.0051052434;1.9863337073;
39.2278783994;0.0404187815;0.0051052431;1.9863338566;
39.2297215994;0.0404187815;0.0051052434;1.9863337084;
39.2334079994;0.0404187815;0.0051052431;1.9863338577;
39.2352511994;0.0404187815;0.0051052434;1.9863337096;
39.2389375994;0.0404187815;0.0051052431;1.9863338588;
39.2407807994;0.0404187815;0.0051052434;1.9863337107;
39.2444671994;0.0404187815;0.0051052431;1.9863338599;
39.2463103994;0.0404187816;0.0051052434;1.9863337118;
39.2499967994;0.0404187816;0.0051052431;1.9863338610;
39.2518399994;0.0404187816;0.0051052435;1.9863337129;
39.2555263994;0.0404187816;0.0051052431;1.9863338621;
39.2573695994;0.0404187816;0.0051052435;1.9863337139;
39.2610559994;0.0404187816;0.0051052431;1.9863338632;
39.2628991994;0.0404187816;0.0051052435;1.9863337150;
39.2665855994;0.0404187816;0.0051052431;1.9863338642;
39.2684287994;0.0404187817;0.0051052435;1.9863337161;
39.2721151994;0.0404187816;0.0051052431;1.9863338653;
39.2739583994;0.0404187817;0.0051052435;1.9863337171;
39.2776447994;0.0404187817;0.0051052431;1.9863338664;
39.2794879994;0.0404187817;0.0051052435;1.9863337182;
39.2831743994;0.0404187817;0.0051052432;1.9863338674;
39.2850175994;0.0404187817;0.0051052435;1.9863337192;
39.2887039994;0.0404187817;0.0051052432;1.9863338684;
39.2905471994;0.0404187817;0.0051052435;1.9863337202;
39.2942335994;0.0404187817;0.0051052432;1.9863338694;
39.2960767994;0.0404187818;0.0051052435;1.9863337213;
39.2997631994;0.0404187817;0.0051052432;1.9863338705;
39.3016063994;0.0404187818;0.0051052435;1.9863337223;
39.3052927994;0.0404187818;0.0051052432;1.9863338715;
39.3071359994;0.0404187818;0.0051052435;1.9863337233;
39.3108223994;0.0404187818;0.0051052432;1.9863338725;
39.3126655994;0.0404187818;0.0051052435;1.9863337243;
39.3163519994;0.0404187818;0.0051052432;1.9863338735;
39.3181951994;0.0404187818;0.0051052435;1.9863337253;
39.3218815994;0.0404187818;0.0051052432;1.9863338744;
39.3237247994;0.0404187819;0.0051052435;1.9863337262;
39.3274111994;0.0404187818;0.0051052432;1.9863338754;
39.3292543994;0.0404187819;0.0051052435;1.9863337272;
39.3329407994;0.0404187819;0.0051052432;1.9863338764;
39.3347839994;0.0404187819;0.0051052435;1.9863337282;
39.3384703994;0.0404187819;0.0051052432;1.9863338773;
39.3403135994;0.0404187819;0.0051052435;1.9863337291;
39.3439999994;0.0404187819;0.0051052432;1.9863338783;
39.3458431994;0.0404187819;0.0051052435;1.9863337301;
39.3495295994;0.0404187819;0.0051052432;1.9863338792;
39.3513727994;0.0404187820;0.0051052435;1.9863337310;
39.3550591994;0.0404187819;0.0051052432;1.9863338802;
39.3569023994;0.0404187820;0.0051052435;1.9863337319;
39.3605887994;0.0404187820;0.0051052432;1.9863338811;
39.3624319994;0.0404187820;0.0051052436;1.9863337329;
39.3661183994;0.0404187820;0.0051052432;1.9863338820;
39.3679615994;0.0404187820;0.0051052436;1.9863337338;
39.3716479994;0.0404187820;0.0051052432;1.9863338829;
39.3734911994;0.0404187820;0.0051052436;1.9863337347;
39.3771775994;0.0404187820;0.0051052432;1.9863338838;
39.3790207994;0.0404187821;0.0051052436;1.9863337356;
39.3827071994;0.0404187820;0.0051052432;1.9863338847;
39.3845503994;0.0404187821;0.0051052436;1.9863337365;
39.3882367994;0.0404187821;0.0051052432;1.9863338856;
39.3900799994;0.0404187821;0.0051052436;1.9863337374;
39.3937663994;0.0404187821;0.0051052432;1.9863338865;
39.3956095994;0.0404187821;0.0051052436;1.9863337383;
39.3992959994;0.0404187821;0.0051052433;1.9863338874;
39.4011391994;0.0404187821;0.0051052436;1.9863337391;
39.4048255994;0.0404187821;0.0051052433;1.9863338882;
39.4066687994;0.0404187821;0.0051052436;1.9863337400;
39.4103551994;0.0404187821;0.0051052433;1.9863338891;
39.4121983994;0.0404187822;0.0051052436;1.9863337409;
39.4158847994;0.0404187821;0.0051052433;1.9863338899;
39.4177279994;0.0404187822;0.0051052436;1.9863337417;
39.4214143994;0.0404187822;0.0051052433;1.9863338908;
39.4232575994;0.0404187822;0.0051052436;1.9863337426;
39.4269439994;0.0404187822;0.0051052433;1.9863338916;
39.4287871994;0.0404187822;0.0051052436;1.9863337434;
39.4324735994;0.0404187822;0.0051052433;1.9863338925;
39.4343167994;0.0404187822;0.0051052436;1.9863337442;
39.4380031994;0.0404187822;0.0051052433;1.9863338933;
39.4398463994;0.0404187822;0.0051052436;1.9863337450;
39.4435327994;0.0404187822;0.0051052433;1.9863338941;
39.4453759994;0.0404187823;0.0051052436;1.9863337459;
39.4490623994;0.0404187822;0.0051052433;1.9863338949;
39.4509055994;0.0404187823;0.0051052436;1.9863337467;
39.4545919994;0.0404187823;0.0051052433;1.9863338957;
39.4564351994;0.0404187823;0.0051052436;1.9863337475;
39.4601215994;0.0404187823;0.0051052433;1.9863338965;
39.4619647994;0.0404187823;0.0051052436;1.9863337483;
39.4656511994;0.0404187823;0.0051052433;1.9863338973;
39.4674943994;0.0404187823;0.0051052436;1.9863337491;
39.4711807994;0.0404187823;0.0051052433;1.9863338981;
39.4730239994;0.0404187823;0.0051052436;1.9863337498;
39.4767103994;0.0404187823;0.0051052433;1.9863338989;
39.4785535994;0.0404187824;0.0051052436;1.9863337506;
39.4822399994;0.0404187823;0.0051052433;1.9863338997;
39.4840831994;0.0404187824;0.0051052436;1.9863337514;
39.4877695994;0.0404187824;0.0051052433;1.9863339004;
39.4896127994;0.0404187824;0.0051052437;1.9863337522;
39.4932991994;0.0404187824;0.0051052433;1.9863339012;
39.4951423994;0.0404187824;0.0051052437;1.9863337529;
39.4988287994;0.0404187824;0.0051052433;1.9863339019;
39.5006719994;0.0404187824;0.0051052437;1.9863337537;
39.5043583994;0.0404187824;0.0051052433;1.9863339027;
39.5062015994;0.0404187824;0.0051052437;1.9863337544;
39.5098879994;0.0404187824;0.0051052433;1.9863339034;
39.5117311994;0.0404187825;0.0051052437;1.9863337552;
39.5154175994;0.0404187824;0.0051052433;1.9863339042;
39.5172607994;0.0404187825;0.0051052437;1.9863337559;
39.5209471994;0.0404187824;0.0051052433;1.9863339049;
39.5227903994;0.0404187825;0.0051052437;1.9863337566;
39.5264767994;0.0404187825;0.0051052433;1.9863339056;
39.5283199994;0.0404187825;0.0051052437;1.9863337573;
39.5320063994;0.0404187825;0.0051052434;1.9863339063;
39.5338495994;0.0404187825;0.0051052437;1.9863337580;
39.5375359994;0.0404187825;0.0051052434;1.9863339070;
39.5393791994;0.0404187825;0.0051052437;1.9863337588;
39.5430655994;0.0404187825;0.0051052434;1.9863339077;
39.5449087994;0.0404187825;0.0051052437;1.9863337595;
39.5485951994;0.0404187825;0.0051052434;1.9863339084;
39.5504383994;0.0404187826;0.0051052437;1.9863337602;
39.5541247994;0.0404187825;0.0051052434;1.9863339091;
39.5559679994;0.0404187826;0.0051052437;1.9863337608;
39.5596543994;0.0404187825;0.0051052434;1.9863339098;
39.5614975994;0.0404187826;0.0051052437;1.9863337615;
39.5651839994;0.0404187826;0.0051052434;1.9863339105;
39.5670271994;0.0404187826;0.0051052437;1.9863337622;
39.5707135994;0.0404187826;0.0051052434;1.9863339112;
39.5725567994;0.0404187826;0.0051052437;1.9863337629;
39.5762431994;0.0404187826;0.0051052434;1.9863339118;
39.5780863994;0.0404187826;0.0051052437;1.9863337636;
39.5817727994;0.0404187826;0.0051052434;1.9863339125;
39.5836159994;0.0404187826;0.0051052437;1.9863337642;
39.5873023994;0.0404187826;0.0051052434;1.9863339132;
39.5891455994;0.0404187826;0.0051052437;1.9863337649;
39.5928319994;0.0404187826;0.0051052434;1.9863339138;
39.5946751994;0.0404187827;0.0051052437;1.9863337655;
39.5983615994;0.0404187826;0.0051052434;1.9863339145;
39.6002047994;0.0404187827;0.0051052437;1.9863337662;
39.6038911994;0.0404187827;0.0051052434;1.9863339151;
39.6057343994;0.0404187827;0.0051052437;1.9863337668;
39.6094207994;0.0404187827;0.0051052434;1.9863339157;
39.6112639994;0.0404187827;0.0051052437;1.9863337675;
39.6149503994;0.0404187827;0.0051052434;1.9863339164;
39.6167935994;0.0404187827;0.0051052437;1.9863337681;
39.6204799994;0.0404187827;0.0051052434;1.9863339170;
39.6223231994;0.0404187827;0.0051052437;1.9863337687;
39.6260095994;0.0404187827;0.0051052434;1.9863339176;
39.6278527994;0.0404187827;0.0051052437;1.9863337693;
39.6315391994;0.0404187827;0.0051052434;1.9863339182;
39.6333823994;0.0404187828;0.0051052437;1.9863337699;
39.6370687994;0.0404187827;0.0051052434;1.9863339188;
39.6389119994;0.0404187828;0.0051052437;1.9863337705;
39.6425983994;0.0404187827;0.0051052434;1.9863339195;
39.6444415994;0.0404187828;0.0051052437;1.9863337712;
39.6481279994;0.0404187828;0.0051052434;1.9863339201;
39.6499711994;0.0404187828;0.0051052438;1.9863337718;
39.6536575994;0.0404187828;0.0051052434;1.9863339206;
39.6555007994;0.0404187828;0.0051052438;1.9863337723;
39.6591871994;0.0404187828;0.0051052434;1.9863339212;
39.6610303994;0.0404187828;0.0051052438;1.9863337729;
39.6647167994;0.0404187828;0.0051052434;1.9863339218;
39.6665599994;0.0404187828;0.0051052438;1.9863337735;
39.6702463994;0.0404187828;0.0051052434;1.9863339224;
39.6720895994;0.0404187828;0.0051052438;1.9863337741;
39.6757759994;0.0404187828;0.0051052434;1.9863339230;
39.6776191994;0.0404187828;0.0051052438;1.9863337747;
39.6813055994;0.0404187828;0.0051052434;1.9863339236;
39.6831487994;0.0404187829;0.0051052438;1.9863337752;
39.6868351994;0.0404187828;0.0051052434;1.9863339241;
39.6886783994;0.0404187829;0.0051052438;1.9863337758;
39.6923647994;0.0404187828;0.0051052434;1.9863339247;
39.6942079994;0.0404187829;0.0051052438;1.9863337764;
39.6978943994;0.0404187829;0.0051052434;1.9863339252;
39.6997375994;0.0404187829;0.0051052438;1.9863337769;
39.7034239994;0.0404187829;0.0051052435;1.9863339258;
39.7052671994;0.0404187829;0.0051052438;1.9863337775;
39.7089535994;0.0404187829;0.0051052435;1.9863339263;
39.7107967994;0.0404187829;0.0051052438;1.9863337780;
39.7144831994;0.0404187829;0.0051052435;1.9863339269;
39.7163263994;0.0404187829;0.0051052438;1.9863337786;
39.7200127994;0.0404187829;0.0051052435;1.9863339274;
39.7218559994;0.0404187829;0.0051052438;1.9863337791;
39.7255423994;0.0404187829;0.0051052435;1.9863339280;
39.7273855994;0.0404187829;0.0051052438;1.9863337796;
39.7310719994;0.0404187829;0.0051052435;1.9863339285;
39.7329151994;0.0404187830;0.0051052438;1.9863337802;
39.7366015994;0.0404187829;0.0051052435;1.9863339290;
39.7384447994;0.0404187830;0.0051052438;1.9863337807;
39.7421311994;0.0404187829;0.0051052435;1.9863339295;
39.7439743994;0.0404187830;0.0051052438;1.9863337812;
39.7476607994;0.0404187830;0.0051052435;1.9863339300;
39.7495039994;0.0404187830;0.0051052438;1.9863337817;
39.7531903994;0.0404187830;0.0051052435;1.9863339306;
39.7550335994;0.0404187830;0.0051052438;1.9863337822;
39.7587199994;0.0404187830;0.0051052435;1.9863339311;
39.7605631994;0.0404187830;0.0051052438;1.9863337827;
39.7642495994;0.0404187830;0.0051052435;1.9863339316;
39.7660927994;0.0404187830;0.0051052438;1.9863337833;
39.7697791994;0.0404187830;0.0051052435;1.9863339321;
39.7716223994;0.0404187830;0.0051052438;1.9863337837;
39.7753087994;0.0404187830;0.0051052435;1.9863339326;
39.7771519994;0.0404187830;0.0051052438;1.9863337842;
39.7808383994;0.0404187830;0.0051052435;1.9863339331;
39.7826815994;0.0404187831;0.0051052438;1.9863337847;
39.7863679994;0.0404187830;0.0051052435;1.9863339335;
39.7882111994;0.0404187831;0.0051052438;1.9863337852;
39.7918975994;0.0404187830;0.0051052435;1.9863339340;
39.7937407994;0.0404187831;0.0051052438;1.9863337857;
39.7974271994;0.0404187830;0.0051052435;1.9863339345;
39.7992703994;0.0404187831;0.0051052438;1.9863337862;
39.8029567994;0.0404187831;0.0051052435;1.9863339350;
39.8047999994;0.0404187831;0.0051052438;1.9863337867;
39.8084863994;0.0404187831;0.0051052435;1.9863339355;
39.8103295994;0.0404187831;0.0051052438;1.9863337871;
39.8140159994;0.0404187831;0.0051052435;1.9863339359;
39.8158591994;0.0404187831;0.0051052438;1.9863337876;
39.8195455994;0.0404187831;0.0051052435;1.9863339364;
39.8213887994;0.0404187831;0.0051052438;1.9863337881;
39.8250751994;0.0404187831;0.0051052435;1.9863339368;
39.8269183994;0.0404187831;0.0051052438;1.9863337885;
39.8306047994;0.0404187831;0.0051052435;1.9863339373;
39.8324479994;0.0404187831;0.0051052438;1.9863337890;
39.8361343994;0.0404187831;0.0051052435;1.9863339378;
39.8379775994;0.0404187831;0.0051052438;1.9863337894;
39.8416639994;0.0404187831;0.0051052435;1.9863339382;
39.8435071994;0.0404187832;0.0051052438;1.9863337899;
39.8471935994;0.0404187831;0.0051052435;1.9863339387;
39.8490367994;0.0404187832;0.0051052438;1.9863337903;
39.8527231994;0.0404187831;0.0051052435;1.9863339391;
39.8545663994;0.0404187832;0.0051052439;1.9863337908;
39.8582527994;0.0404187831;0.0051052435;1.9863339395;
39.8600959994;0.0404187832;0.0051052439;1.9863337912;
39.8637823994;0.0404187832;0.0051052435;1.9863339400;
39.8656255994;0.0404187832;0.0051052439;1.9863337916;
39.8693119994;0.0404187832;0.0051052435;1.9863339404;
39.8711551994;0.0404187832;0.0051052439;1.9863337921;
39.8748415994;0.0404187832;0.0051052435;1.9863339408;
39.8766847994;0.0404187832;0.0051052439;1.9863337925;
39.8803711994;0.0404187832;0.0051052435;1.9863339412;
39.8822143994;0.0404187832;0.0051052439;1.9863337929;
39.8859007994;0.0404187832;0.0051052435;1.9863339417;
39.8877439994;0.0404187832;0.0051052439;1.9863337933;
39.8914303994;0.0404187832;0.0051052435;1.9863339421;
39.8932735994;0.0404187832;0.0051052439;1.9863337938;
39.8969599994;0.0404187832;0.0051052435;1.9863339425;
39.8988031994;0.0404187832;0.0051052439;1.9863337942;
39.9024895994;0.0404187832;0.0051052435;1.9863339429;
39.9043327994;0.0404187833;0.0051052439;1.9863337946;
39.9080191994;0.0404187832;0.0051052435;1.9863339433;
39.9098623994;0.0404187833;0.0051052439;1.9863337950;
39.9135487994;0.0404187832;0.0051052435;1.9863339437;
39.9153919994;0.0404187833;0.0051052439;1.9863337954;
39.9190783994;0.0404187832;0.0051052435;1.9863339441;
39.9209215994;0.0404187833;0.0051052439;1.9863337958;
39.9246079994;0.0404187833;0.0051052435;1.9863339445;
39.9264511994;0.0404187833;0.0051052439;1.9863337962;
39.9301375994;0.0404187833;0.0051052435;1.9863339449;
39.9319807994;0.0404187833;0.0051052439;1.9863337966;
39.9356671994;0.0404187833;0.0051052436;1.9863339453;
39.9375103994;0.0404187833;0.0051052439;1.9863337970;
39.9411967994;0.0404187833;0.0051052436;1.9863339457;
39.9430399994;0.0404187833;0.0051052439;1.9863337974;
39.9467263994;0.0404187833;0.0051052436;1.9863339461;
39.9485695994;0.0404187833;0.0051052439;1.9863337977;
39.9522559994;0.0404187833;0.0051052436;1.9863339465;
39.9540991994;0.0404187833;0.0051052439;1.9863337981;
39.9577855994;0.0404187833;0.0051052436;1.9863339468;
39.9596287994;0.0404187833;0.0051052439;1.9863337985;
39.9633151994;0.0404187833;0.0051052436;1.9863339472;
39.9651583994;0.0404187833;0.0051052439;1.9863337989;
39.9688447994;0.0404187833;0.0051052436;1.9863339476;
39.9706879994;0.0404187833;0.0051052439;1.9863337993;
39.9743743994;0.0404187833;0.0051052436;1.9863339480;
39.9762175994;0.0404187834;0.0051052439;1.9863337996;
39.9799039994;0.0404187833;0.0051052436;1.9863339483;
39.9817471994;0.0404187834;0.0051052439;1.9863338000;
39.9854335994;0.0404187833;0.0051052436;1.9863339487;
39.9872767994;0.0404187834;0.0051052439;1.9863338004;
39.9909631994;0.0404187833;0.0051052436;1.9863339491;
39.9928063994;0.0404187834;0.0051052439;1.9863338007;
39.9964927994;0.0404187834;0.0051052436;1.9863339494;
40.0000000000;0.0404187859;0.0051052436;1.9863343268;
