2026-08-20 09:41:11 | INFO |  ============================================================ 
2026-08-20 09:41:11 | INFO | DYNAWO VERSION  :     1.8.0
2026-08-20 09:41:11 | INFO | DYNAWO REVISION :  3783_running_instead_of_equal_0-65a473cdd74
2026-08-20 09:41:11 | INFO |  ============================================================ 
2026-08-20 09:41:11 | INFO | 
2026-08-20 09:41:11 | INFO | -----------------------------------------------------------------------
2026-08-20 09:41:11 | INFO | building model from input files
2026-08-20 09:41:11 | INFO | -----------------------------------------------------------------------
2026-08-20 09:41:11 | INFO | model was built successfully
2026-08-20 09:41:11 | INFO | -----------------------------------------------------------------------
2026-08-20 09:41:11 | INFO | 
2026-08-20 09:41:11 | INFO | -----------------------------------------------------------------------
2026-08-20 09:41:11 | INFO | starting local initialization
2026-08-20 09:41:11 | INFO | -----------------------------------------------------------------------
2026-08-20 09:41:11 | WARN | the linear solver's setup function failed in an unrecoverable manner
2026-08-20 09:41:11 | INFO | end of local initialization
2026-08-20 09:41:11 | INFO | -----------------------------------------------------------------------
2026-08-20 09:41:11 | INFO | 
2026-08-20 09:41:11 | INFO | -----------------------------------------------------------------------
2026-08-20 09:41:11 | INFO | starting global initialization
2026-08-20 09:41:11 | INFO | -----------------------------------------------------------------------
2026-08-20 09:41:11 | INFO | Algebraic mode change at t = 0
2026-08-20 09:41:11 | INFO | Algebraic mode change at t = 0
2026-08-20 09:41:11 | INFO | end of global initialization
2026-08-20 09:41:11 | INFO | -----------------------------------------------------------------------
2026-08-20 09:41:11 | INFO | 
2026-08-20 09:41:11 | INFO | -----------------------------------------------------------------------
2026-08-20 09:41:11 | INFO | starting curve initialization
2026-08-20 09:41:11 | INFO | -----------------------------------------------------------------------
2026-08-20 09:41:11 | INFO | end of curve initialization, added 65 curves
2026-08-20 09:41:11 | INFO | -----------------------------------------------------------------------
2026-08-20 09:41:11 | INFO | 
2026-08-20 09:41:11 | INFO | -----------------------------------------------------------------------
2026-08-20 09:41:11 | INFO | starting simulation with solver SimplifiedSolver
2026-08-20 09:41:11 | INFO | -----------------------------------------------------------------------
2026-08-20 09:41:11 | INFO | -----------------------------------------------------------------------
2026-08-20 09:41:11 | INFO | number of continuous variables : 139
2026-08-20 09:41:11 | INFO | number of discrete variables : 110
2026-08-20 09:41:11 | INFO | number of root functions : 100
2026-08-20 09:41:11 | INFO | -----------------------------------------------------------------------
2026-08-20 09:41:11 | INFO |         time ¦ iter num   Nonlinear iter   jac eval      time step (h)
2026-08-20 09:41:11 | INFO | -----------------------------------------------------------------------
2026-08-20 09:41:11 | INFO |        0.000 ¦        0                0          0              1.000 
2026-08-20 09:41:11 | INFO |        1.000 ¦        1                1          1              1.000 
2026-08-20 09:41:11 | INFO |        2.000 ¦        2                2          1              1.000 
2026-08-20 09:41:11 | INFO |        3.000 ¦        3                3          1              1.000 
2026-08-20 09:41:11 | INFO |        4.000 ¦        4                4          1              1.000 
2026-08-20 09:41:11 | INFO |        5.000 ¦        5                5          1              1.000 
2026-08-20 09:41:11 | INFO |        6.000 ¦        6                6          1              1.000 
2026-08-20 09:41:11 | INFO |        7.000 ¦        7                7          1              1.000 
2026-08-20 09:41:11 | INFO |        8.000 ¦        8                8          1              1.000 
2026-08-20 09:41:11 | INFO |        9.000 ¦        9                9          1              1.000 
2026-08-20 09:41:11 | INFO | Algebraic mode (with J recalculation) change at t = 10
2026-08-20 09:41:11 | INFO |       10.000 ¦       10               10          1              1.000 
2026-08-20 09:41:11 | INFO | calculation of the new starting point of the simulation.
2026-08-20 09:41:11 | INFO |       10.000 ¦       10               11          2              1.000 
2026-08-20 09:41:11 | INFO |       11.000 ¦       11               12          3              1.000 
2026-08-20 09:41:11 | INFO |       12.000 ¦       12               13          3              1.000 
2026-08-20 09:41:11 | INFO |       13.000 ¦       13               14          3              1.000 
2026-08-20 09:41:11 | INFO |       14.000 ¦       14               15          3              1.000 
2026-08-20 09:41:11 | INFO |       15.000 ¦       15               16          3              1.000 
2026-08-20 09:41:11 | INFO |       16.000 ¦       16               17          3              1.000 
2026-08-20 09:41:11 | INFO |       17.000 ¦       17               18          3              1.000 
2026-08-20 09:41:11 | INFO |       18.000 ¦       18               19          3              1.000 
2026-08-20 09:41:11 | INFO |       19.000 ¦       19               20          3              1.000 
2026-08-20 09:41:11 | INFO | Algebraic mode (with J recalculation) change at t = 20
2026-08-20 09:41:11 | INFO |       20.000 ¦       20               21          3              1.000 
2026-08-20 09:41:11 | INFO | calculation of the new starting point of the simulation.
2026-08-20 09:41:11 | INFO |       20.000 ¦       20               22          4              1.000 
2026-08-20 09:41:11 | INFO |       21.000 ¦       21               23          5              1.000 
2026-08-20 09:41:11 | INFO |       22.000 ¦       22               24          5              1.000 
2026-08-20 09:41:11 | INFO |       23.000 ¦       23               25          5              1.000 
2026-08-20 09:41:11 | INFO |       24.000 ¦       24               26          5              1.000 
2026-08-20 09:41:11 | INFO |       25.000 ¦       25               27          5              1.000 
2026-08-20 09:41:11 | INFO |       26.000 ¦       26               28          5              1.000 
2026-08-20 09:41:11 | INFO |       27.000 ¦       27               29          5              1.000 
2026-08-20 09:41:11 | INFO |       28.000 ¦       28               30          5              1.000 
2026-08-20 09:41:11 | INFO |       29.000 ¦       29               31          5              1.000 
2026-08-20 09:41:11 | INFO |       30.000 ¦       30               32          5              1.000 
2026-08-20 09:41:11 | INFO |       31.000 ¦       31               33          5              1.000 
2026-08-20 09:41:11 | INFO |       32.000 ¦       32               34          5              1.000 
2026-08-20 09:41:11 | INFO |       33.000 ¦       33               35          5              1.000 
2026-08-20 09:41:11 | INFO |       34.000 ¦       34               36          5              1.000 
2026-08-20 09:41:11 | INFO |       35.000 ¦       35               37          5              1.000 
2026-08-20 09:41:11 | INFO |       36.000 ¦       36               38          5              1.000 
2026-08-20 09:41:11 | INFO |       37.000 ¦       37               39          5              1.000 
2026-08-20 09:41:11 | INFO |       38.000 ¦       38               40          5              1.000 
2026-08-20 09:41:11 | INFO |       39.000 ¦       39               41          5              1.000 
2026-08-20 09:41:11 | INFO |       40.000 ¦       40               42          5              1.000 
2026-08-20 09:41:11 | INFO |       41.000 ¦       41               43          5              1.000 
2026-08-20 09:41:11 | INFO |       42.000 ¦       42               44          5              1.000 
2026-08-20 09:41:11 | INFO |       43.000 ¦       43               45          5              1.000 
2026-08-20 09:41:11 | INFO |       44.000 ¦       44               46          5              1.000 
2026-08-20 09:41:11 | INFO |       45.000 ¦       45               47          5              1.000 
2026-08-20 09:41:11 | INFO |       46.000 ¦       46               48          5              1.000 
2026-08-20 09:41:11 | INFO |       47.000 ¦       47               49          5              1.000 
2026-08-20 09:41:11 | INFO |       48.000 ¦       48               50          5              1.000 
2026-08-20 09:41:11 | INFO |       49.000 ¦       49               51          5              1.000 
2026-08-20 09:41:11 | INFO | state of Switch VL2_Load0_switch change from 2 to 1
2026-08-20 09:41:11 | INFO | switch Off bus : calculatedBus_VL2_3
2026-08-20 09:41:11 | INFO | Algebraic mode (with J recalculation) change at t = 50
2026-08-20 09:41:11 | INFO |       50.000 ¦       50               52          5              1.000 
2026-08-20 09:41:11 | INFO | calculation of the new starting point of the simulation.
2026-08-20 09:41:11 | INFO | Algebraic mode (with J recalculation) change at t = 50
2026-08-20 09:41:11 | INFO |       50.000 ¦       50               54          9              1.000 
2026-08-20 09:41:11 | INFO |       51.000 ¦       51               55         10              1.000 
2026-08-20 09:41:11 | INFO |       52.000 ¦       52               56         10              1.000 
2026-08-20 09:41:11 | INFO |       53.000 ¦       53               57         10              1.000 
2026-08-20 09:41:11 | INFO |       54.000 ¦       54               58         10              1.000 
2026-08-20 09:41:11 | INFO |       55.000 ¦       55               59         10              1.000 
2026-08-20 09:41:11 | INFO |       56.000 ¦       56               60         10              1.000 
2026-08-20 09:41:11 | INFO |       57.000 ¦       57               61         10              1.000 
2026-08-20 09:41:11 | INFO |       58.000 ¦       58               62         10              1.000 
2026-08-20 09:41:11 | INFO |       59.000 ¦       59               63         10              1.000 
2026-08-20 09:41:11 | INFO | state of Switch VL2_Load0_switch change from 1 to 2
2026-08-20 09:41:11 | INFO | switch ON bus : calculatedBus_VL2_3
2026-08-20 09:41:11 | INFO | Algebraic mode (with J recalculation) change at t = 60
2026-08-20 09:41:11 | INFO |       60.000 ¦       60               64         10              1.000 
2026-08-20 09:41:11 | INFO | calculation of the new starting point of the simulation.
2026-08-20 09:41:11 | INFO | Algebraic mode (with J recalculation) change at t = 60
2026-08-20 09:41:11 | INFO |       60.000 ¦       60               66         12              1.000 
2026-08-20 09:41:11 | INFO |       61.000 ¦       61               67         13              1.000 
2026-08-20 09:41:11 | INFO |       62.000 ¦       62               68         13              1.000 
2026-08-20 09:41:11 | INFO |       63.000 ¦       63               69         13              1.000 
2026-08-20 09:41:11 | INFO |       64.000 ¦       64               70         13              1.000 
2026-08-20 09:41:11 | INFO |       65.000 ¦       65               71         13              1.000 
2026-08-20 09:41:11 | INFO |       66.000 ¦       66               72         13              1.000 
2026-08-20 09:41:11 | INFO |       67.000 ¦       67               73         13              1.000 
2026-08-20 09:41:11 | INFO |       68.000 ¦       68               74         13              1.000 
2026-08-20 09:41:11 | INFO |       69.000 ¦       69               75         13              1.000 
2026-08-20 09:41:11 | INFO |       70.000 ¦       70               76         13              1.000 
2026-08-20 09:41:11 | INFO |       71.000 ¦       71               77         13              1.000 
2026-08-20 09:41:11 | INFO |       72.000 ¦       72               78         13              1.000 
2026-08-20 09:41:11 | INFO |       73.000 ¦       73               79         13              1.000 
2026-08-20 09:41:11 | INFO |       74.000 ¦       74               80         13              1.000 
2026-08-20 09:41:11 | INFO |       75.000 ¦       75               81         13              1.000 
2026-08-20 09:41:11 | INFO |       76.000 ¦       76               82         13              1.000 
2026-08-20 09:41:11 | INFO |       77.000 ¦       77               83         13              1.000 
2026-08-20 09:41:11 | INFO |       78.000 ¦       78               84         13              1.000 
2026-08-20 09:41:11 | INFO |       79.000 ¦       79               85         13              1.000 
2026-08-20 09:41:11 | INFO |       80.000 ¦       80               86         13              1.000 
2026-08-20 09:41:11 | INFO |       81.000 ¦       81               87         13              1.000 
2026-08-20 09:41:11 | INFO |       82.000 ¦       82               88         13              1.000 
2026-08-20 09:41:11 | INFO |       83.000 ¦       83               89         13              1.000 
2026-08-20 09:41:11 | INFO |       84.000 ¦       84               90         13              1.000 
2026-08-20 09:41:11 | INFO |       85.000 ¦       85               91         13              1.000 
2026-08-20 09:41:11 | INFO |       86.000 ¦       86               92         13              1.000 
2026-08-20 09:41:11 | INFO |       87.000 ¦       87               93         13              1.000 
2026-08-20 09:41:11 | INFO |       88.000 ¦       88               94         13              1.000 
2026-08-20 09:41:11 | INFO |       89.000 ¦       89               95         13              1.000 
2026-08-20 09:41:11 | INFO |       90.000 ¦       90               96         13              1.000 
2026-08-20 09:41:11 | INFO |       91.000 ¦       91               97         13              1.000 
2026-08-20 09:41:11 | INFO |       92.000 ¦       92               98         13              1.000 
2026-08-20 09:41:11 | INFO |       93.000 ¦       93               99         13              1.000 
2026-08-20 09:41:11 | INFO |       94.000 ¦       94              100         13              1.000 
2026-08-20 09:41:11 | INFO |       95.000 ¦       95              101         13              1.000 
2026-08-20 09:41:11 | INFO |       96.000 ¦       96              102         13              1.000 
2026-08-20 09:41:11 | INFO |       97.000 ¦       97              103         13              1.000 
2026-08-20 09:41:11 | INFO |       98.000 ¦       98              104         13              1.000 
2026-08-20 09:41:11 | INFO |       99.000 ¦       99              105         13              1.000 
2026-08-20 09:41:11 | INFO |      100.000 ¦      100              106         13              1.000 
2026-08-20 09:41:11 | INFO |      101.000 ¦      101              107         13              1.000 
2026-08-20 09:41:11 | INFO |      102.000 ¦      102              108         13              1.000 
2026-08-20 09:41:11 | INFO |      103.000 ¦      103              109         13              1.000 
2026-08-20 09:41:11 | INFO |      104.000 ¦      104              110         13              1.000 
2026-08-20 09:41:11 | INFO |      105.000 ¦      105              111         13              1.000 
2026-08-20 09:41:11 | INFO |      106.000 ¦      106              112         13              1.000 
2026-08-20 09:41:11 | INFO |      107.000 ¦      107              113         13              1.000 
2026-08-20 09:41:11 | INFO |      108.000 ¦      108              114         13              1.000 
2026-08-20 09:41:11 | INFO |      109.000 ¦      109              115         13              1.000 
2026-08-20 09:41:11 | INFO | Algebraic mode (with J recalculation) change at t = 110
2026-08-20 09:41:11 | INFO |      110.000 ¦      110              116         13              1.000 
2026-08-20 09:41:11 | INFO | calculation of the new starting point of the simulation.
2026-08-20 09:41:11 | INFO | Algebraic mode change at t = 110
2026-08-20 09:41:11 | INFO |      110.000 ¦      110              117         15              1.000 
2026-08-20 09:41:11 | INFO |      111.000 ¦      111              118         16              1.000 
2026-08-20 09:41:11 | INFO |      112.000 ¦      112              119         16              1.000 
2026-08-20 09:41:11 | INFO |      113.000 ¦      113              120         16              1.000 
2026-08-20 09:41:11 | INFO |      114.000 ¦      114              121         16              1.000 
2026-08-20 09:41:11 | INFO |      115.000 ¦      115              122         16              1.000 
2026-08-20 09:41:11 | INFO |      116.000 ¦      116              123         16              1.000 
2026-08-20 09:41:11 | INFO |      117.000 ¦      117              124         16              1.000 
2026-08-20 09:41:11 | INFO |      118.000 ¦      118              125         16              1.000 
2026-08-20 09:41:11 | INFO |      119.000 ¦      119              126         16              1.000 
2026-08-20 09:41:11 | INFO | Algebraic mode (with J recalculation) change at t = 120
2026-08-20 09:41:11 | INFO |      120.000 ¦      120              127         16              1.000 
2026-08-20 09:41:11 | INFO | calculation of the new starting point of the simulation.
2026-08-20 09:41:11 | INFO |      120.000 ¦      120              129         18              1.000 
2026-08-20 09:41:11 | INFO |      121.000 ¦      121              130         19              1.000 
2026-08-20 09:41:11 | INFO |      122.000 ¦      122              131         19              1.000 
2026-08-20 09:41:11 | INFO |      123.000 ¦      123              132         19              1.000 
2026-08-20 09:41:11 | INFO |      124.000 ¦      124              133         19              1.000 
2026-08-20 09:41:11 | INFO |      125.000 ¦      125              134         19              1.000 
2026-08-20 09:41:11 | INFO |      126.000 ¦      126              135         19              1.000 
2026-08-20 09:41:11 | INFO |      127.000 ¦      127              136         19              1.000 
2026-08-20 09:41:11 | INFO |      128.000 ¦      128              137         19              1.000 
2026-08-20 09:41:11 | INFO |      129.000 ¦      129              138         19              1.000 
2026-08-20 09:41:11 | INFO |      130.000 ¦      130              139         19              1.000 
2026-08-20 09:41:11 | INFO |      131.000 ¦      131              140         19              1.000 
2026-08-20 09:41:11 | INFO |      132.000 ¦      132              141         19              1.000 
2026-08-20 09:41:11 | INFO |      133.000 ¦      133              142         19              1.000 
2026-08-20 09:41:11 | INFO |      134.000 ¦      134              143         19              1.000 
2026-08-20 09:41:11 | INFO |      135.000 ¦      135              144         19              1.000 
2026-08-20 09:41:11 | INFO |      136.000 ¦      136              145         19              1.000 
2026-08-20 09:41:11 | INFO |      137.000 ¦      137              146         19              1.000 
2026-08-20 09:41:11 | INFO |      138.000 ¦      138              147         19              1.000 
2026-08-20 09:41:11 | INFO |      139.000 ¦      139              148         19              1.000 
2026-08-20 09:41:11 | INFO |      140.000 ¦      140              149         19              1.000 
2026-08-20 09:41:11 | INFO |      141.000 ¦      141              150         19              1.000 
2026-08-20 09:41:11 | INFO |      142.000 ¦      142              151         19              1.000 
2026-08-20 09:41:11 | INFO |      143.000 ¦      143              152         19              1.000 
2026-08-20 09:41:11 | INFO |      144.000 ¦      144              153         19              1.000 
2026-08-20 09:41:11 | INFO |      145.000 ¦      145              154         19              1.000 
2026-08-20 09:41:11 | INFO |      146.000 ¦      146              155         19              1.000 
2026-08-20 09:41:11 | INFO |      147.000 ¦      147              156         19              1.000 
2026-08-20 09:41:11 | INFO |      148.000 ¦      148              157         19              1.000 
2026-08-20 09:41:11 | INFO |      149.000 ¦      149              158         19              1.000 
2026-08-20 09:41:11 | INFO | state of Switch VL2_Load1_switch change from 2 to 1
2026-08-20 09:41:11 | INFO | switch Off bus : calculatedBus_VL2_4
2026-08-20 09:41:11 | INFO | Algebraic mode (with J recalculation) change at t = 150
2026-08-20 09:41:11 | INFO |      150.000 ¦      150              159         19              1.000 
2026-08-20 09:41:11 | INFO | calculation of the new starting point of the simulation.
2026-08-20 09:41:11 | INFO | Algebraic mode (with J recalculation) change at t = 150
2026-08-20 09:41:11 | INFO |      150.000 ¦      150              161         23              1.000 
2026-08-20 09:41:11 | INFO |      151.000 ¦      151              162         24              1.000 
2026-08-20 09:41:11 | INFO |      152.000 ¦      152              163         24              1.000 
2026-08-20 09:41:11 | INFO |      153.000 ¦      153              164         24              1.000 
2026-08-20 09:41:11 | INFO |      154.000 ¦      154              165         24              1.000 
2026-08-20 09:41:11 | INFO |      155.000 ¦      155              166         24              1.000 
2026-08-20 09:41:11 | INFO |      156.000 ¦      156              167         24              1.000 
2026-08-20 09:41:11 | INFO |      157.000 ¦      157              168         24              1.000 
2026-08-20 09:41:11 | INFO |      158.000 ¦      158              169         24              1.000 
2026-08-20 09:41:11 | INFO |      159.000 ¦      159              170         24              1.000 
2026-08-20 09:41:11 | INFO | state of Switch VL2_Load1_switch change from 1 to 2
2026-08-20 09:41:11 | INFO | switch ON bus : calculatedBus_VL2_4
2026-08-20 09:41:11 | INFO | Algebraic mode (with J recalculation) change at t = 160
2026-08-20 09:41:11 | INFO |      160.000 ¦      160              171         24              1.000 
2026-08-20 09:41:11 | INFO | calculation of the new starting point of the simulation.
2026-08-20 09:41:11 | INFO | Algebraic mode (with J recalculation) change at t = 160
2026-08-20 09:41:11 | INFO |      160.000 ¦      160              173         26              1.000 
2026-08-20 09:41:11 | INFO |      161.000 ¦      161              174         27              1.000 
2026-08-20 09:41:11 | INFO |      162.000 ¦      162              175         27              1.000 
2026-08-20 09:41:11 | INFO |      163.000 ¦      163              176         27              1.000 
2026-08-20 09:41:11 | INFO |      164.000 ¦      164              177         27              1.000 
2026-08-20 09:41:11 | INFO |      165.000 ¦      165              178         27              1.000 
2026-08-20 09:41:11 | INFO |      166.000 ¦      166              179         27              1.000 
2026-08-20 09:41:11 | INFO |      167.000 ¦      167              180         27              1.000 
2026-08-20 09:41:11 | INFO |      168.000 ¦      168              181         27              1.000 
2026-08-20 09:41:11 | INFO |      169.000 ¦      169              182         27              1.000 
2026-08-20 09:41:11 | INFO |      170.000 ¦      170              183         27              1.000 
2026-08-20 09:41:11 | INFO |      171.000 ¦      171              184         27              1.000 
2026-08-20 09:41:11 | INFO |      172.000 ¦      172              185         27              1.000 
2026-08-20 09:41:11 | INFO |      173.000 ¦      173              186         27              1.000 
2026-08-20 09:41:11 | INFO |      174.000 ¦      174              187         27              1.000 
2026-08-20 09:41:11 | INFO |      175.000 ¦      175              188         27              1.000 
2026-08-20 09:41:11 | INFO |      176.000 ¦      176              189         27              1.000 
2026-08-20 09:41:11 | INFO |      177.000 ¦      177              190         27              1.000 
2026-08-20 09:41:11 | INFO |      178.000 ¦      178              191         27              1.000 
2026-08-20 09:41:11 | INFO |      179.000 ¦      179              192         27              1.000 
2026-08-20 09:41:11 | INFO |      180.000 ¦      180              193         27              1.000 
2026-08-20 09:41:11 | INFO |      181.000 ¦      181              194         27              1.000 
2026-08-20 09:41:11 | INFO |      182.000 ¦      182              195         27              1.000 
2026-08-20 09:41:11 | INFO |      183.000 ¦      183              196         27              1.000 
2026-08-20 09:41:11 | INFO |      184.000 ¦      184              197         27              1.000 
2026-08-20 09:41:11 | INFO |      185.000 ¦      185              198         27              1.000 
2026-08-20 09:41:11 | INFO |      186.000 ¦      186              199         27              1.000 
2026-08-20 09:41:11 | INFO |      187.000 ¦      187              200         27              1.000 
2026-08-20 09:41:11 | INFO |      188.000 ¦      188              201         27              1.000 
2026-08-20 09:41:11 | INFO |      189.000 ¦      189              202         27              1.000 
2026-08-20 09:41:11 | INFO |      190.000 ¦      190              203         27              1.000 
2026-08-20 09:41:11 | INFO | Algebraic mode change at t = 191
2026-08-20 09:41:11 | INFO |      191.000 ¦      191              204         27              1.000 
2026-08-20 09:41:11 | INFO | calculation of the new starting point of the simulation.
2026-08-20 09:41:11 | INFO |      191.000 ¦      191              205         27              1.000 
2026-08-20 09:41:11 | INFO |      192.000 ¦      192              207         27              1.000 
2026-08-20 09:41:11 | INFO |      193.000 ¦      193              209         27              1.000 
2026-08-20 09:41:11 | INFO |      194.000 ¦      194              211         27              1.000 
2026-08-20 09:41:11 | INFO |      195.000 ¦      195              213         27              1.000 
2026-08-20 09:41:11 | INFO |      196.000 ¦      196              215         27              1.000 
2026-08-20 09:41:11 | INFO |      197.000 ¦      197              217         27              1.000 
2026-08-20 09:41:11 | INFO |      198.000 ¦      198              219         27              1.000 
2026-08-20 09:41:11 | INFO |      199.000 ¦      199              221         27              1.000 
2026-08-20 09:41:11 | INFO |      200.000 ¦      200              223         27              1.000 
2026-08-20 09:41:11 | INFO |      201.000 ¦      201              225         27              1.000 
2026-08-20 09:41:11 | INFO |      202.000 ¦      202              227         27              1.000 
2026-08-20 09:41:11 | INFO |      203.000 ¦      203              229         27              1.000 
2026-08-20 09:41:11 | INFO |      204.000 ¦      204              231         27              1.000 
2026-08-20 09:41:11 | INFO |      205.000 ¦      205              233         27              1.000 
2026-08-20 09:41:11 | INFO |      206.000 ¦      206              235         27              1.000 
2026-08-20 09:41:11 | INFO |      207.000 ¦      207              237         27              1.000 
2026-08-20 09:41:11 | INFO |      208.000 ¦      208              239         27              1.000 
2026-08-20 09:41:11 | INFO |      209.000 ¦      209              241         27              1.000 
2026-08-20 09:41:11 | INFO | Algebraic mode (with J recalculation) change at t = 210
2026-08-20 09:41:11 | INFO |      210.000 ¦      210              243         27              1.000 
2026-08-20 09:41:11 | INFO | calculation of the new starting point of the simulation.
2026-08-20 09:41:11 | INFO |      210.000 ¦      210              244         28              1.000 
2026-08-20 09:41:11 | INFO |      211.000 ¦      211              245         29              1.000 
2026-08-20 09:41:11 | INFO |      212.000 ¦      212              246         29              1.000 
2026-08-20 09:41:11 | INFO |      213.000 ¦      213              247         29              1.000 
2026-08-20 09:41:11 | INFO |      214.000 ¦      214              248         29              1.000 
2026-08-20 09:41:11 | INFO |      215.000 ¦      215              249         29              1.000 
2026-08-20 09:41:11 | INFO |      216.000 ¦      216              250         29              1.000 
2026-08-20 09:41:11 | INFO |      217.000 ¦      217              251         29              1.000 
2026-08-20 09:41:11 | INFO |      218.000 ¦      218              252         29              1.000 
2026-08-20 09:41:11 | INFO |      219.000 ¦      219              253         29              1.000 
2026-08-20 09:41:11 | INFO | Algebraic mode (with J recalculation) change at t = 220
2026-08-20 09:41:11 | INFO |      220.000 ¦      220              254         29              1.000 
2026-08-20 09:41:11 | INFO | calculation of the new starting point of the simulation.
2026-08-20 09:41:11 | INFO |      220.000 ¦      220              255         30              1.000 
2026-08-20 09:41:11 | INFO |      221.000 ¦      221              256         31              1.000 
2026-08-20 09:41:11 | INFO |      222.000 ¦      222              257         31              1.000 
2026-08-20 09:41:11 | INFO |      223.000 ¦      223              258         31              1.000 
2026-08-20 09:41:11 | INFO |      224.000 ¦      224              259         31              1.000 
2026-08-20 09:41:11 | INFO |      225.000 ¦      225              260         31              1.000 
2026-08-20 09:41:11 | INFO |      226.000 ¦      226              261         31              1.000 
2026-08-20 09:41:11 | INFO |      227.000 ¦      227              262         31              1.000 
2026-08-20 09:41:11 | INFO |      228.000 ¦      228              263         31              1.000 
2026-08-20 09:41:11 | INFO |      229.000 ¦      229              264         31              1.000 
2026-08-20 09:41:11 | INFO |      230.000 ¦      230              265         31              1.000 
2026-08-20 09:41:11 | INFO |      231.000 ¦      231              266         31              1.000 
2026-08-20 09:41:11 | INFO |      232.000 ¦      232              267         31              1.000 
2026-08-20 09:41:11 | INFO |      233.000 ¦      233              268         31              1.000 
2026-08-20 09:41:11 | INFO |      234.000 ¦      234              269         31              1.000 
2026-08-20 09:41:11 | INFO |      235.000 ¦      235              270         31              1.000 
2026-08-20 09:41:11 | INFO |      236.000 ¦      236              271         31              1.000 
2026-08-20 09:41:11 | INFO |      237.000 ¦      237              272         31              1.000 
2026-08-20 09:41:11 | INFO |      238.000 ¦      238              273         31              1.000 
2026-08-20 09:41:11 | INFO |      239.000 ¦      239              274         31              1.000 
2026-08-20 09:41:11 | INFO |      240.000 ¦      240              275         31              1.000 
2026-08-20 09:41:11 | INFO |      241.000 ¦      241              276         31              1.000 
2026-08-20 09:41:11 | INFO |      242.000 ¦      242              277         31              1.000 
2026-08-20 09:41:11 | INFO |      243.000 ¦      243              278         31              1.000 
2026-08-20 09:41:11 | INFO |      244.000 ¦      244              279         31              1.000 
2026-08-20 09:41:11 | INFO |      245.000 ¦      245              280         31              1.000 
2026-08-20 09:41:11 | INFO |      246.000 ¦      246              281         31              1.000 
2026-08-20 09:41:11 | INFO |      247.000 ¦      247              282         31              1.000 
2026-08-20 09:41:11 | INFO |      248.000 ¦      248              283         31              1.000 
2026-08-20 09:41:11 | INFO |      249.000 ¦      249              284         31              1.000 
2026-08-20 09:41:11 | INFO | state of Switch VL2_Load2_switch change from 2 to 1
2026-08-20 09:41:11 | INFO | switch Off bus : calculatedBus_VL2_5
2026-08-20 09:41:11 | INFO | Algebraic mode (with J recalculation) change at t = 250
2026-08-20 09:41:11 | INFO |      250.000 ¦      250              285         31              1.000 
2026-08-20 09:41:11 | INFO | calculation of the new starting point of the simulation.
2026-08-20 09:41:11 | INFO | Algebraic mode (with J recalculation) change at t = 250
2026-08-20 09:41:11 | INFO |      250.000 ¦      250              287         35              1.000 
2026-08-20 09:41:11 | INFO |      251.000 ¦      251              288         36              1.000 
2026-08-20 09:41:11 | INFO |      252.000 ¦      252              289         36              1.000 
2026-08-20 09:41:11 | INFO |      253.000 ¦      253              290         36              1.000 
2026-08-20 09:41:11 | INFO |      254.000 ¦      254              291         36              1.000 
2026-08-20 09:41:11 | INFO |      255.000 ¦      255              292         36              1.000 
2026-08-20 09:41:11 | INFO |      256.000 ¦      256              293         36              1.000 
2026-08-20 09:41:11 | INFO |      257.000 ¦      257              294         36              1.000 
2026-08-20 09:41:11 | INFO |      258.000 ¦      258              295         36              1.000 
2026-08-20 09:41:11 | INFO |      259.000 ¦      259              296         36              1.000 
2026-08-20 09:41:11 | INFO | state of Switch VL2_Load2_switch change from 1 to 2
2026-08-20 09:41:11 | INFO | switch ON bus : calculatedBus_VL2_5
2026-08-20 09:41:11 | INFO | Algebraic mode (with J recalculation) change at t = 260
2026-08-20 09:41:11 | INFO |      260.000 ¦      260              297         36              1.000 
2026-08-20 09:41:11 | INFO | calculation of the new starting point of the simulation.
2026-08-20 09:41:11 | INFO | Algebraic mode (with J recalculation) change at t = 260
2026-08-20 09:41:11 | INFO |      260.000 ¦      260              299         38              1.000 
2026-08-20 09:41:11 | INFO |      261.000 ¦      261              300         39              1.000 
2026-08-20 09:41:11 | INFO |      262.000 ¦      262              301         39              1.000 
2026-08-20 09:41:11 | INFO |      263.000 ¦      263              302         39              1.000 
2026-08-20 09:41:11 | INFO |      264.000 ¦      264              303         39              1.000 
2026-08-20 09:41:11 | INFO |      265.000 ¦      265              304         39              1.000 
2026-08-20 09:41:11 | INFO |      266.000 ¦      266              305         39              1.000 
2026-08-20 09:41:11 | INFO |      267.000 ¦      267              306         39              1.000 
2026-08-20 09:41:11 | INFO |      268.000 ¦      268              307         39              1.000 
2026-08-20 09:41:11 | INFO |      269.000 ¦      269              308         39              1.000 
2026-08-20 09:41:11 | INFO |      270.000 ¦      270              309         39              1.000 
2026-08-20 09:41:11 | INFO |      271.000 ¦      271              310         39              1.000 
2026-08-20 09:41:11 | INFO |      272.000 ¦      272              311         39              1.000 
2026-08-20 09:41:11 | INFO |      273.000 ¦      273              312         39              1.000 
2026-08-20 09:41:11 | INFO |      274.000 ¦      274              313         39              1.000 
2026-08-20 09:41:11 | INFO |      275.000 ¦      275              314         39              1.000 
2026-08-20 09:41:11 | INFO |      276.000 ¦      276              315         39              1.000 
2026-08-20 09:41:11 | INFO |      277.000 ¦      277              316         39              1.000 
2026-08-20 09:41:11 | INFO |      278.000 ¦      278              317         39              1.000 
2026-08-20 09:41:11 | INFO |      279.000 ¦      279              318         39              1.000 
2026-08-20 09:41:11 | INFO |      280.000 ¦      280              319         39              1.000 
2026-08-20 09:41:11 | INFO |      281.000 ¦      281              320         39              1.000 
2026-08-20 09:41:11 | INFO |      282.000 ¦      282              321         39              1.000 
2026-08-20 09:41:11 | INFO |      283.000 ¦      283              322         39              1.000 
2026-08-20 09:41:11 | INFO |      284.000 ¦      284              323         39              1.000 
2026-08-20 09:41:11 | INFO |      285.000 ¦      285              324         39              1.000 
2026-08-20 09:41:11 | INFO |      286.000 ¦      286              325         39              1.000 
2026-08-20 09:41:11 | INFO |      287.000 ¦      287              326         39              1.000 
2026-08-20 09:41:11 | INFO |      288.000 ¦      288              327         39              1.000 
2026-08-20 09:41:11 | INFO |      289.000 ¦      289              328         39              1.000 
2026-08-20 09:41:11 | INFO |      290.000 ¦      290              329         39              1.000 
2026-08-20 09:41:11 | INFO |      291.000 ¦      291              330         39              1.000 
2026-08-20 09:41:11 | INFO |      292.000 ¦      292              331         39              1.000 
2026-08-20 09:41:11 | INFO |      293.000 ¦      293              332         39              1.000 
2026-08-20 09:41:11 | INFO |      294.000 ¦      294              333         39              1.000 
2026-08-20 09:41:11 | INFO |      295.000 ¦      295              334         39              1.000 
2026-08-20 09:41:11 | INFO |      296.000 ¦      296              335         39              1.000 
2026-08-20 09:41:11 | INFO |      297.000 ¦      297              336         39              1.000 
2026-08-20 09:41:11 | INFO |      298.000 ¦      298              337         39              1.000 
2026-08-20 09:41:11 | INFO |      299.000 ¦      299              338         39              1.000 
2026-08-20 09:41:11 | INFO |      300.000 ¦      300              339         39              1.000 
2026-08-20 09:41:11 | INFO |      301.000 ¦      301              340         39              1.000 
2026-08-20 09:41:11 | INFO |      302.000 ¦      302              341         39              1.000 
2026-08-20 09:41:11 | INFO |      303.000 ¦      303              342         39              1.000 
2026-08-20 09:41:11 | INFO |      304.000 ¦      304              343         39              1.000 
2026-08-20 09:41:11 | INFO |      305.000 ¦      305              344         39              1.000 
2026-08-20 09:41:11 | INFO |      306.000 ¦      306              345         39              1.000 
2026-08-20 09:41:11 | INFO |      307.000 ¦      307              346         39              1.000 
2026-08-20 09:41:11 | INFO |      308.000 ¦      308              347         39              1.000 
2026-08-20 09:41:11 | INFO |      309.000 ¦      309              348         39              1.000 
2026-08-20 09:41:11 | INFO | Algebraic mode (with J recalculation) change at t = 310
2026-08-20 09:41:11 | INFO |      310.000 ¦      310              349         39              1.000 
2026-08-20 09:41:11 | INFO | calculation of the new starting point of the simulation.
2026-08-20 09:41:11 | INFO |      310.000 ¦      310              350         40              1.000 
2026-08-20 09:41:11 | INFO |      311.000 ¦      311              351         41              1.000 
2026-08-20 09:41:11 | INFO |      312.000 ¦      312              352         41              1.000 
2026-08-20 09:41:11 | INFO |      313.000 ¦      313              353         41              1.000 
2026-08-20 09:41:11 | INFO |      314.000 ¦      314              354         41              1.000 
2026-08-20 09:41:11 | INFO |      315.000 ¦      315              355         41              1.000 
2026-08-20 09:41:11 | INFO |      316.000 ¦      316              356         41              1.000 
2026-08-20 09:41:11 | INFO |      317.000 ¦      317              357         41              1.000 
2026-08-20 09:41:11 | INFO |      318.000 ¦      318              358         41              1.000 
2026-08-20 09:41:11 | INFO |      319.000 ¦      319              359         41              1.000 
2026-08-20 09:41:11 | INFO | Algebraic mode (with J recalculation) change at t = 320
2026-08-20 09:41:11 | INFO |      320.000 ¦      320              360         41              1.000 
2026-08-20 09:41:11 | INFO | calculation of the new starting point of the simulation.
2026-08-20 09:41:11 | INFO |      320.000 ¦      320              361         42              1.000 
2026-08-20 09:41:11 | INFO |      321.000 ¦      321              362         43              1.000 
2026-08-20 09:41:11 | INFO |      322.000 ¦      322              363         43              1.000 
2026-08-20 09:41:11 | INFO |      323.000 ¦      323              364         43              1.000 
2026-08-20 09:41:11 | INFO |      324.000 ¦      324              365         43              1.000 
2026-08-20 09:41:11 | INFO |      325.000 ¦      325              366         43              1.000 
2026-08-20 09:41:11 | INFO |      326.000 ¦      326              367         43              1.000 
2026-08-20 09:41:11 | INFO |      327.000 ¦      327              368         43              1.000 
2026-08-20 09:41:11 | INFO |      328.000 ¦      328              369         43              1.000 
2026-08-20 09:41:11 | INFO |      329.000 ¦      329              370         43              1.000 
2026-08-20 09:41:11 | INFO |      330.000 ¦      330              371         43              1.000 
2026-08-20 09:41:11 | INFO |      331.000 ¦      331              372         43              1.000 
2026-08-20 09:41:11 | INFO |      332.000 ¦      332              373         43              1.000 
2026-08-20 09:41:11 | INFO |      333.000 ¦      333              374         43              1.000 
2026-08-20 09:41:11 | INFO |      334.000 ¦      334              375         43              1.000 
2026-08-20 09:41:11 | INFO |      335.000 ¦      335              376         43              1.000 
2026-08-20 09:41:11 | INFO |      336.000 ¦      336              377         43              1.000 
2026-08-20 09:41:11 | INFO |      337.000 ¦      337              378         43              1.000 
2026-08-20 09:41:11 | INFO |      338.000 ¦      338              379         43              1.000 
2026-08-20 09:41:11 | INFO |      339.000 ¦      339              380         43              1.000 
2026-08-20 09:41:11 | INFO |      340.000 ¦      340              381         43              1.000 
2026-08-20 09:41:11 | INFO |      341.000 ¦      341              382         43              1.000 
2026-08-20 09:41:11 | INFO |      342.000 ¦      342              383         43              1.000 
2026-08-20 09:41:11 | INFO |      343.000 ¦      343              384         43              1.000 
2026-08-20 09:41:11 | INFO |      344.000 ¦      344              385         43              1.000 
2026-08-20 09:41:11 | INFO |      345.000 ¦      345              386         43              1.000 
2026-08-20 09:41:11 | INFO |      346.000 ¦      346              387         43              1.000 
2026-08-20 09:41:11 | INFO |      347.000 ¦      347              388         43              1.000 
2026-08-20 09:41:11 | INFO |      348.000 ¦      348              389         43              1.000 
2026-08-20 09:41:11 | INFO |      349.000 ¦      349              390         43              1.000 
2026-08-20 09:41:11 | INFO | state of Switch VL2_Load3_switch change from 2 to 1
2026-08-20 09:41:11 | INFO | switch Off bus : calculatedBus_VL2_6
2026-08-20 09:41:11 | INFO | Algebraic mode (with J recalculation) change at t = 350
2026-08-20 09:41:11 | INFO |      350.000 ¦      350              391         43              1.000 
2026-08-20 09:41:11 | INFO | calculation of the new starting point of the simulation.
2026-08-20 09:41:11 | INFO | Algebraic mode (with J recalculation) change at t = 350
2026-08-20 09:41:11 | INFO |      350.000 ¦      350              393         47              1.000 
2026-08-20 09:41:11 | INFO |      351.000 ¦      351              394         48              1.000 
2026-08-20 09:41:11 | INFO |      352.000 ¦      352              395         48              1.000 
2026-08-20 09:41:11 | INFO |      353.000 ¦      353              396         48              1.000 
2026-08-20 09:41:11 | INFO |      354.000 ¦      354              397         48              1.000 
2026-08-20 09:41:11 | INFO |      355.000 ¦      355              398         48              1.000 
2026-08-20 09:41:11 | INFO |      356.000 ¦      356              399         48              1.000 
2026-08-20 09:41:11 | INFO |      357.000 ¦      357              400         48              1.000 
2026-08-20 09:41:11 | INFO |      358.000 ¦      358              401         48              1.000 
2026-08-20 09:41:11 | INFO |      359.000 ¦      359              402         48              1.000 
2026-08-20 09:41:11 | INFO | state of Switch VL2_Load3_switch change from 1 to 2
2026-08-20 09:41:11 | INFO | switch ON bus : calculatedBus_VL2_6
2026-08-20 09:41:11 | INFO | Algebraic mode (with J recalculation) change at t = 360
2026-08-20 09:41:11 | INFO |      360.000 ¦      360              403         48              1.000 
2026-08-20 09:41:11 | INFO | calculation of the new starting point of the simulation.
2026-08-20 09:41:11 | INFO | Algebraic mode (with J recalculation) change at t = 360
2026-08-20 09:41:11 | INFO |      360.000 ¦      360              405         50              1.000 
2026-08-20 09:41:11 | INFO |      361.000 ¦      361              406         51              1.000 
2026-08-20 09:41:11 | INFO |      362.000 ¦      362              407         51              1.000 
2026-08-20 09:41:11 | INFO |      363.000 ¦      363              408         51              1.000 
2026-08-20 09:41:11 | INFO |      364.000 ¦      364              409         51              1.000 
2026-08-20 09:41:11 | INFO |      365.000 ¦      365              410         51              1.000 
2026-08-20 09:41:11 | INFO |      366.000 ¦      366              411         51              1.000 
2026-08-20 09:41:11 | INFO |      367.000 ¦      367              412         51              1.000 
2026-08-20 09:41:11 | INFO |      368.000 ¦      368              413         51              1.000 
2026-08-20 09:41:11 | INFO |      369.000 ¦      369              414         51              1.000 
2026-08-20 09:41:11 | INFO |      370.000 ¦      370              415         51              1.000 
2026-08-20 09:41:11 | INFO |      371.000 ¦      371              416         51              1.000 
2026-08-20 09:41:11 | INFO |      372.000 ¦      372              417         51              1.000 
2026-08-20 09:41:11 | INFO |      373.000 ¦      373              418         51              1.000 
2026-08-20 09:41:11 | INFO |      374.000 ¦      374              419         51              1.000 
2026-08-20 09:41:11 | INFO |      375.000 ¦      375              420         51              1.000 
2026-08-20 09:41:11 | INFO |      376.000 ¦      376              421         51              1.000 
2026-08-20 09:41:11 | INFO |      377.000 ¦      377              422         51              1.000 
2026-08-20 09:41:11 | INFO |      378.000 ¦      378              423         51              1.000 
2026-08-20 09:41:11 | INFO |      379.000 ¦      379              424         51              1.000 
2026-08-20 09:41:11 | INFO |      380.000 ¦      380              425         51              1.000 
2026-08-20 09:41:11 | INFO |      381.000 ¦      381              426         51              1.000 
2026-08-20 09:41:11 | INFO |      382.000 ¦      382              427         51              1.000 
2026-08-20 09:41:11 | INFO |      383.000 ¦      383              428         51              1.000 
2026-08-20 09:41:11 | INFO |      384.000 ¦      384              429         51              1.000 
2026-08-20 09:41:11 | INFO |      385.000 ¦      385              430         51              1.000 
2026-08-20 09:41:11 | INFO |      386.000 ¦      386              431         51              1.000 
2026-08-20 09:41:11 | INFO |      387.000 ¦      387              432         51              1.000 
2026-08-20 09:41:11 | INFO |      388.000 ¦      388              433         51              1.000 
2026-08-20 09:41:11 | INFO |      389.000 ¦      389              434         51              1.000 
2026-08-20 09:41:11 | INFO |      390.000 ¦      390              435         51              1.000 
2026-08-20 09:41:11 | INFO |      391.000 ¦      391              436         51              1.000 
2026-08-20 09:41:11 | INFO |      392.000 ¦      392              437         51              1.000 
2026-08-20 09:41:11 | INFO |      393.000 ¦      393              438         51              1.000 
2026-08-20 09:41:11 | INFO |      394.000 ¦      394              439         51              1.000 
2026-08-20 09:41:11 | INFO |      395.000 ¦      395              440         51              1.000 
2026-08-20 09:41:11 | INFO |      396.000 ¦      396              441         51              1.000 
2026-08-20 09:41:11 | INFO |      397.000 ¦      397              442         51              1.000 
2026-08-20 09:41:11 | INFO |      398.000 ¦      398              443         51              1.000 
2026-08-20 09:41:11 | INFO |      399.000 ¦      399              444         51              1.000 
2026-08-20 09:41:11 | INFO |      400.000 ¦      400              445         51              1.000 
2026-08-20 09:41:11 | INFO |      401.000 ¦      401              446         51              1.000 
2026-08-20 09:41:11 | INFO |      402.000 ¦      402              447         51              1.000 
2026-08-20 09:41:11 | INFO |      403.000 ¦      403              448         51              1.000 
2026-08-20 09:41:11 | INFO |      404.000 ¦      404              449         51              1.000 
2026-08-20 09:41:11 | INFO |      405.000 ¦      405              450         51              1.000 
2026-08-20 09:41:11 | INFO |      406.000 ¦      406              451         51              1.000 
2026-08-20 09:41:11 | INFO |      407.000 ¦      407              452         51              1.000 
2026-08-20 09:41:11 | INFO |      408.000 ¦      408              453         51              1.000 
2026-08-20 09:41:11 | INFO |      409.000 ¦      409              454         51              1.000 
2026-08-20 09:41:11 | INFO | Algebraic mode (with J recalculation) change at t = 410
2026-08-20 09:41:11 | INFO |      410.000 ¦      410              455         51              1.000 
2026-08-20 09:41:11 | INFO | calculation of the new starting point of the simulation.
2026-08-20 09:41:11 | INFO |      410.000 ¦      410              456         52              1.000 
2026-08-20 09:41:11 | INFO |      411.000 ¦      411              457         53              1.000 
2026-08-20 09:41:11 | INFO |      412.000 ¦      412              458         53              1.000 
2026-08-20 09:41:11 | INFO |      413.000 ¦      413              459         53              1.000 
2026-08-20 09:41:11 | INFO |      414.000 ¦      414              460         53              1.000 
2026-08-20 09:41:11 | INFO |      415.000 ¦      415              461         53              1.000 
2026-08-20 09:41:11 | INFO |      416.000 ¦      416              462         53              1.000 
2026-08-20 09:41:11 | INFO |      417.000 ¦      417              463         53              1.000 
2026-08-20 09:41:11 | INFO |      418.000 ¦      418              464         53              1.000 
2026-08-20 09:41:11 | INFO |      419.000 ¦      419              465         53              1.000 
2026-08-20 09:41:11 | INFO | Algebraic mode (with J recalculation) change at t = 420
2026-08-20 09:41:11 | INFO |      420.000 ¦      420              466         53              1.000 
2026-08-20 09:41:11 | INFO | calculation of the new starting point of the simulation.
2026-08-20 09:41:11 | INFO |      420.000 ¦      420              467         54              1.000 
2026-08-20 09:41:11 | INFO |      421.000 ¦      421              468         55              1.000 
2026-08-20 09:41:11 | INFO |      422.000 ¦      422              469         55              1.000 
2026-08-20 09:41:11 | INFO |      423.000 ¦      423              470         55              1.000 
2026-08-20 09:41:11 | INFO |      424.000 ¦      424              471         55              1.000 
2026-08-20 09:41:11 | INFO |      425.000 ¦      425              472         55              1.000 
2026-08-20 09:41:11 | INFO |      426.000 ¦      426              473         55              1.000 
2026-08-20 09:41:11 | INFO |      427.000 ¦      427              474         55              1.000 
2026-08-20 09:41:11 | INFO |      428.000 ¦      428              475         55              1.000 
2026-08-20 09:41:11 | INFO |      429.000 ¦      429              476         55              1.000 
2026-08-20 09:41:11 | INFO |      430.000 ¦      430              477         55              1.000 
2026-08-20 09:41:11 | INFO |      431.000 ¦      431              478         55              1.000 
2026-08-20 09:41:11 | INFO |      432.000 ¦      432              479         55              1.000 
2026-08-20 09:41:11 | INFO |      433.000 ¦      433              480         55              1.000 
2026-08-20 09:41:11 | INFO |      434.000 ¦      434              481         55              1.000 
2026-08-20 09:41:11 | INFO |      435.000 ¦      435              482         55              1.000 
2026-08-20 09:41:11 | INFO |      436.000 ¦      436              483         55              1.000 
2026-08-20 09:41:11 | INFO |      437.000 ¦      437              484         55              1.000 
2026-08-20 09:41:11 | INFO |      438.000 ¦      438              485         55              1.000 
2026-08-20 09:41:11 | INFO |      439.000 ¦      439              486         55              1.000 
2026-08-20 09:41:11 | INFO |      440.000 ¦      440              487         55              1.000 
2026-08-20 09:41:11 | INFO |      441.000 ¦      441              488         55              1.000 
2026-08-20 09:41:11 | INFO |      442.000 ¦      442              489         55              1.000 
2026-08-20 09:41:11 | INFO |      443.000 ¦      443              490         55              1.000 
2026-08-20 09:41:11 | INFO |      444.000 ¦      444              491         55              1.000 
2026-08-20 09:41:11 | INFO |      445.000 ¦      445              492         55              1.000 
2026-08-20 09:41:11 | INFO |      446.000 ¦      446              493         55              1.000 
2026-08-20 09:41:11 | INFO |      447.000 ¦      447              494         55              1.000 
2026-08-20 09:41:11 | INFO |      448.000 ¦      448              495         55              1.000 
2026-08-20 09:41:11 | INFO |      449.000 ¦      449              496         55              1.000 
2026-08-20 09:41:11 | INFO | state of Switch VL2_Load4_switch change from 2 to 1
2026-08-20 09:41:11 | INFO | switch Off bus : calculatedBus_VL2_7
2026-08-20 09:41:11 | INFO | Algebraic mode (with J recalculation) change at t = 450
2026-08-20 09:41:11 | INFO |      450.000 ¦      450              497         55              1.000 
2026-08-20 09:41:11 | INFO | calculation of the new starting point of the simulation.
2026-08-20 09:41:11 | INFO | Algebraic mode (with J recalculation) change at t = 450
2026-08-20 09:41:11 | INFO |      450.000 ¦      450              499         59              1.000 
2026-08-20 09:41:11 | INFO |      451.000 ¦      451              500         60              1.000 
2026-08-20 09:41:11 | INFO |      452.000 ¦      452              501         60              1.000 
2026-08-20 09:41:11 | INFO |      453.000 ¦      453              502         60              1.000 
2026-08-20 09:41:11 | INFO |      454.000 ¦      454              503         60              1.000 
2026-08-20 09:41:11 | INFO |      455.000 ¦      455              504         60              1.000 
2026-08-20 09:41:11 | INFO |      456.000 ¦      456              505         60              1.000 
2026-08-20 09:41:11 | INFO |      457.000 ¦      457              506         60              1.000 
2026-08-20 09:41:11 | INFO |      458.000 ¦      458              507         60              1.000 
2026-08-20 09:41:11 | INFO |      459.000 ¦      459              508         60              1.000 
2026-08-20 09:41:11 | INFO | state of Switch VL2_Load4_switch change from 1 to 2
2026-08-20 09:41:11 | INFO | switch ON bus : calculatedBus_VL2_7
2026-08-20 09:41:11 | INFO | Algebraic mode (with J recalculation) change at t = 460
2026-08-20 09:41:11 | INFO |      460.000 ¦      460              509         60              1.000 
2026-08-20 09:41:11 | INFO | calculation of the new starting point of the simulation.
2026-08-20 09:41:11 | INFO | Algebraic mode (with J recalculation) change at t = 460
2026-08-20 09:41:11 | INFO |      460.000 ¦      460              511         62              1.000 
2026-08-20 09:41:11 | INFO |      461.000 ¦      461              512         63              1.000 
2026-08-20 09:41:11 | INFO |      462.000 ¦      462              513         63              1.000 
2026-08-20 09:41:11 | INFO |      463.000 ¦      463              514         63              1.000 
2026-08-20 09:41:11 | INFO |      464.000 ¦      464              515         63              1.000 
2026-08-20 09:41:11 | INFO |      465.000 ¦      465              516         63              1.000 
2026-08-20 09:41:11 | INFO |      466.000 ¦      466              517         63              1.000 
2026-08-20 09:41:11 | INFO |      467.000 ¦      467              518         63              1.000 
2026-08-20 09:41:11 | INFO |      468.000 ¦      468              519         63              1.000 
2026-08-20 09:41:11 | INFO |      469.000 ¦      469              520         63              1.000 
2026-08-20 09:41:11 | INFO |      470.000 ¦      470              521         63              1.000 
2026-08-20 09:41:11 | INFO |      471.000 ¦      471              522         63              1.000 
2026-08-20 09:41:11 | INFO |      472.000 ¦      472              523         63              1.000 
2026-08-20 09:41:11 | INFO |      473.000 ¦      473              524         63              1.000 
2026-08-20 09:41:11 | INFO |      474.000 ¦      474              525         63              1.000 
2026-08-20 09:41:11 | INFO |      475.000 ¦      475              526         63              1.000 
2026-08-20 09:41:11 | INFO |      476.000 ¦      476              527         63              1.000 
2026-08-20 09:41:11 | INFO |      477.000 ¦      477              528         63              1.000 
2026-08-20 09:41:11 | INFO |      478.000 ¦      478              529         63              1.000 
2026-08-20 09:41:11 | INFO |      479.000 ¦      479              530         63              1.000 
2026-08-20 09:41:11 | INFO |      480.000 ¦      480              531         63              1.000 
2026-08-20 09:41:11 | INFO |      481.000 ¦      481              532         63              1.000 
2026-08-20 09:41:11 | INFO |      482.000 ¦      482              533         63              1.000 
2026-08-20 09:41:11 | INFO |      483.000 ¦      483              534         63              1.000 
2026-08-20 09:41:11 | INFO |      484.000 ¦      484              535         63              1.000 
2026-08-20 09:41:11 | INFO |      485.000 ¦      485              536         63              1.000 
2026-08-20 09:41:11 | INFO |      486.000 ¦      486              537         63              1.000 
2026-08-20 09:41:11 | INFO |      487.000 ¦      487              538         63              1.000 
2026-08-20 09:41:11 | INFO |      488.000 ¦      488              539         63              1.000 
2026-08-20 09:41:11 | INFO |      489.000 ¦      489              540         63              1.000 
2026-08-20 09:41:11 | INFO |      490.000 ¦      490              541         63              1.000 
2026-08-20 09:41:11 | INFO |      491.000 ¦      491              542         63              1.000 
2026-08-20 09:41:11 | INFO |      492.000 ¦      492              543         63              1.000 
2026-08-20 09:41:11 | INFO |      493.000 ¦      493              544         63              1.000 
2026-08-20 09:41:11 | INFO |      494.000 ¦      494              545         63              1.000 
2026-08-20 09:41:11 | INFO |      495.000 ¦      495              546         63              1.000 
2026-08-20 09:41:11 | INFO |      496.000 ¦      496              547         63              1.000 
2026-08-20 09:41:11 | INFO |      497.000 ¦      497              548         63              1.000 
2026-08-20 09:41:11 | INFO |      498.000 ¦      498              549         63              1.000 
2026-08-20 09:41:11 | INFO |      499.000 ¦      499              550         63              1.000 
2026-08-20 09:41:11 | INFO |      500.000 ¦      500              551         63              1.000 
2026-08-20 09:41:11 | INFO |      501.000 ¦      501              552         63              1.000 
2026-08-20 09:41:11 | INFO |      502.000 ¦      502              553         63              1.000 
2026-08-20 09:41:11 | INFO |      503.000 ¦      503              554         63              1.000 
2026-08-20 09:41:11 | INFO |      504.000 ¦      504              555         63              1.000 
2026-08-20 09:41:11 | INFO |      505.000 ¦      505              556         63              1.000 
2026-08-20 09:41:11 | INFO |      506.000 ¦      506              557         63              1.000 
2026-08-20 09:41:11 | INFO |      507.000 ¦      507              558         63              1.000 
2026-08-20 09:41:11 | INFO |      508.000 ¦      508              559         63              1.000 
2026-08-20 09:41:11 | INFO |      509.000 ¦      509              560         63              1.000 
2026-08-20 09:41:11 | INFO | Algebraic mode (with J recalculation) change at t = 510
2026-08-20 09:41:11 | INFO |      510.000 ¦      510              561         63              1.000 
2026-08-20 09:41:11 | INFO | calculation of the new starting point of the simulation.
2026-08-20 09:41:11 | INFO | Algebraic mode change at t = 510
2026-08-20 09:41:11 | INFO |      510.000 ¦      510              562         65              1.000 
2026-08-20 09:41:11 | INFO |      511.000 ¦      511              563         66              1.000 
2026-08-20 09:41:11 | INFO |      512.000 ¦      512              564         66              1.000 
2026-08-20 09:41:11 | INFO |      513.000 ¦      513              565         66              1.000 
2026-08-20 09:41:11 | INFO |      514.000 ¦      514              566         66              1.000 
2026-08-20 09:41:11 | INFO |      515.000 ¦      515              567         66              1.000 
2026-08-20 09:41:11 | INFO |      516.000 ¦      516              568         66              1.000 
2026-08-20 09:41:11 | INFO |      517.000 ¦      517              569         66              1.000 
2026-08-20 09:41:11 | INFO |      518.000 ¦      518              570         66              1.000 
2026-08-20 09:41:11 | INFO |      519.000 ¦      519              571         66              1.000 
2026-08-20 09:41:11 | INFO | Algebraic mode (with J recalculation) change at t = 520
2026-08-20 09:41:11 | INFO |      520.000 ¦      520              572         66              1.000 
2026-08-20 09:41:11 | INFO | calculation of the new starting point of the simulation.
2026-08-20 09:41:11 | INFO | Algebraic mode change at t = 520
2026-08-20 09:41:11 | INFO |      520.000 ¦      520              573         68              1.000 
2026-08-20 09:41:11 | INFO |      521.000 ¦      521              574         69              1.000 
2026-08-20 09:41:11 | INFO |      522.000 ¦      522              575         69              1.000 
2026-08-20 09:41:11 | INFO |      523.000 ¦      523              576         69              1.000 
2026-08-20 09:41:11 | INFO |      524.000 ¦      524              577         69              1.000 
2026-08-20 09:41:11 | INFO |      525.000 ¦      525              578         69              1.000 
2026-08-20 09:41:11 | INFO |      526.000 ¦      526              579         69              1.000 
2026-08-20 09:41:11 | INFO |      527.000 ¦      527              580         69              1.000 
2026-08-20 09:41:11 | INFO |      528.000 ¦      528              581         69              1.000 
2026-08-20 09:41:11 | INFO |      529.000 ¦      529              582         69              1.000 
2026-08-20 09:41:11 | INFO |      530.000 ¦      530              583         69              1.000 
2026-08-20 09:41:11 | INFO |      531.000 ¦      531              584         69              1.000 
2026-08-20 09:41:11 | INFO |      532.000 ¦      532              585         69              1.000 
2026-08-20 09:41:11 | INFO |      533.000 ¦      533              586         69              1.000 
2026-08-20 09:41:11 | INFO |      534.000 ¦      534              587         69              1.000 
2026-08-20 09:41:11 | INFO |      535.000 ¦      535              588         69              1.000 
2026-08-20 09:41:11 | INFO |      536.000 ¦      536              589         69              1.000 
2026-08-20 09:41:11 | INFO |      537.000 ¦      537              590         69              1.000 
2026-08-20 09:41:11 | INFO |      538.000 ¦      538              591         69              1.000 
2026-08-20 09:41:11 | INFO |      539.000 ¦      539              592         69              1.000 
2026-08-20 09:41:11 | INFO |      540.000 ¦      540              593         69              1.000 
2026-08-20 09:41:11 | INFO |      541.000 ¦      541              594         69              1.000 
2026-08-20 09:41:11 | INFO |      542.000 ¦      542              595         69              1.000 
2026-08-20 09:41:11 | INFO |      543.000 ¦      543              596         69              1.000 
2026-08-20 09:41:11 | INFO |      544.000 ¦      544              597         69              1.000 
2026-08-20 09:41:11 | INFO |      545.000 ¦      545              598         69              1.000 
2026-08-20 09:41:11 | INFO |      546.000 ¦      546              599         69              1.000 
2026-08-20 09:41:11 | INFO |      547.000 ¦      547              600         69              1.000 
2026-08-20 09:41:11 | INFO |      548.000 ¦      548              601         69              1.000 
2026-08-20 09:41:11 | INFO |      549.000 ¦      549              602         69              1.000 
2026-08-20 09:41:11 | INFO | state of Switch VL2_Load5_switch change from 2 to 1
2026-08-20 09:41:11 | INFO | switch Off bus : calculatedBus_VL2_8
2026-08-20 09:41:11 | INFO | Algebraic mode (with J recalculation) change at t = 550
2026-08-20 09:41:11 | INFO |      550.000 ¦      550              603         69              1.000 
2026-08-20 09:41:11 | INFO | calculation of the new starting point of the simulation.
2026-08-20 09:41:11 | INFO | Algebraic mode (with J recalculation) change at t = 550
2026-08-20 09:41:11 | INFO |      550.000 ¦      550              605         73              1.000 
2026-08-20 09:41:11 | INFO |      551.000 ¦      551              606         74              1.000 
2026-08-20 09:41:11 | INFO |      552.000 ¦      552              607         74              1.000 
2026-08-20 09:41:11 | INFO |      553.000 ¦      553              608         74              1.000 
2026-08-20 09:41:11 | INFO |      554.000 ¦      554              609         74              1.000 
2026-08-20 09:41:11 | INFO |      555.000 ¦      555              610         74              1.000 
2026-08-20 09:41:11 | INFO |      556.000 ¦      556              611         74              1.000 
2026-08-20 09:41:11 | INFO |      557.000 ¦      557              612         74              1.000 
2026-08-20 09:41:11 | INFO |      558.000 ¦      558              613         74              1.000 
2026-08-20 09:41:11 | INFO |      559.000 ¦      559              614         74              1.000 
2026-08-20 09:41:11 | INFO | state of Switch VL2_Load5_switch change from 1 to 2
2026-08-20 09:41:11 | INFO | switch ON bus : calculatedBus_VL2_8
2026-08-20 09:41:11 | INFO | Algebraic mode (with J recalculation) change at t = 560
2026-08-20 09:41:11 | INFO |      560.000 ¦      560              615         74              1.000 
2026-08-20 09:41:11 | INFO | calculation of the new starting point of the simulation.
2026-08-20 09:41:11 | INFO | Algebraic mode (with J recalculation) change at t = 560
2026-08-20 09:41:11 | INFO | Algebraic mode change at t = 560
2026-08-20 09:41:11 | INFO |      560.000 ¦      560              617         77              1.000 
2026-08-20 09:41:11 | INFO |      561.000 ¦      561              618         78              1.000 
2026-08-20 09:41:11 | INFO |      562.000 ¦      562              619         78              1.000 
2026-08-20 09:41:11 | INFO |      563.000 ¦      563              620         78              1.000 
2026-08-20 09:41:11 | INFO |      564.000 ¦      564              621         78              1.000 
2026-08-20 09:41:11 | INFO |      565.000 ¦      565              622         78              1.000 
2026-08-20 09:41:11 | INFO |      566.000 ¦      566              623         78              1.000 
2026-08-20 09:41:11 | INFO |      567.000 ¦      567              624         78              1.000 
2026-08-20 09:41:11 | INFO |      568.000 ¦      568              625         78              1.000 
2026-08-20 09:41:11 | INFO |      569.000 ¦      569              626         78              1.000 
2026-08-20 09:41:11 | INFO |      570.000 ¦      570              627         78              1.000 
2026-08-20 09:41:11 | INFO |      571.000 ¦      571              628         78              1.000 
2026-08-20 09:41:11 | INFO |      572.000 ¦      572              629         78              1.000 
2026-08-20 09:41:11 | INFO |      573.000 ¦      573              630         78              1.000 
2026-08-20 09:41:11 | INFO |      574.000 ¦      574              631         78              1.000 
2026-08-20 09:41:11 | INFO |      575.000 ¦      575              632         78              1.000 
2026-08-20 09:41:11 | INFO |      576.000 ¦      576              633         78              1.000 
2026-08-20 09:41:11 | INFO |      577.000 ¦      577              634         78              1.000 
2026-08-20 09:41:11 | INFO |      578.000 ¦      578              635         78              1.000 
2026-08-20 09:41:11 | INFO |      579.000 ¦      579              636         78              1.000 
2026-08-20 09:41:11 | INFO |      580.000 ¦      580              637         78              1.000 
2026-08-20 09:41:11 | INFO |      581.000 ¦      581              638         78              1.000 
2026-08-20 09:41:11 | INFO |      582.000 ¦      582              639         78              1.000 
2026-08-20 09:41:11 | INFO |      583.000 ¦      583              640         78              1.000 
2026-08-20 09:41:11 | INFO |      584.000 ¦      584              641         78              1.000 
2026-08-20 09:41:11 | INFO |      585.000 ¦      585              642         78              1.000 
2026-08-20 09:41:11 | INFO |      586.000 ¦      586              643         78              1.000 
2026-08-20 09:41:11 | INFO |      587.000 ¦      587              644         78              1.000 
2026-08-20 09:41:11 | INFO |      588.000 ¦      588              645         78              1.000 
2026-08-20 09:41:11 | INFO |      589.000 ¦      589              646         78              1.000 
2026-08-20 09:41:11 | INFO |      590.000 ¦      590              647         78              1.000 
2026-08-20 09:41:11 | INFO |      591.000 ¦      591              648         78              1.000 
2026-08-20 09:41:11 | INFO |      592.000 ¦      592              649         78              1.000 
2026-08-20 09:41:11 | INFO |      593.000 ¦      593              650         78              1.000 
2026-08-20 09:41:11 | INFO |      594.000 ¦      594              651         78              1.000 
2026-08-20 09:41:11 | INFO |      595.000 ¦      595              652         78              1.000 
2026-08-20 09:41:11 | INFO |      596.000 ¦      596              653         78              1.000 
2026-08-20 09:41:11 | INFO |      597.000 ¦      597              654         78              1.000 
2026-08-20 09:41:11 | INFO |      598.000 ¦      598              655         78              1.000 
2026-08-20 09:41:11 | INFO |      599.000 ¦      599              656         78              1.000 
2026-08-20 09:41:11 | INFO |      600.000 ¦      600              657         78              1.000 
2026-08-20 09:41:11 | INFO |      601.000 ¦      601              658         78              1.000 
2026-08-20 09:41:11 | INFO |      602.000 ¦      602              659         78              1.000 
2026-08-20 09:41:11 | INFO |      603.000 ¦      603              660         78              1.000 
2026-08-20 09:41:11 | INFO |      604.000 ¦      604              661         78              1.000 
2026-08-20 09:41:11 | INFO |      605.000 ¦      605              662         78              1.000 
2026-08-20 09:41:11 | INFO |      606.000 ¦      606              663         78              1.000 
2026-08-20 09:41:11 | INFO |      607.000 ¦      607              664         78              1.000 
2026-08-20 09:41:11 | INFO |      608.000 ¦      608              665         78              1.000 
2026-08-20 09:41:11 | INFO |      609.000 ¦      609              666         78              1.000 
2026-08-20 09:41:11 | INFO | state of Load Load6 change from 2 to 1
2026-08-20 09:41:11 | INFO | state of Switch VL2_Load6_switch change from 2 to 1
2026-08-20 09:41:11 | INFO | state of Switch VL2_Load6_switch change from 2 to 1
2026-08-20 09:41:11 | INFO | switch Off bus : calculatedBus_VL2_9
2026-08-20 09:41:11 | INFO | Algebraic mode (with J recalculation) change at t = 610
2026-08-20 09:41:11 | INFO |      610.000 ¦      610              667         78              1.000 
2026-08-20 09:41:11 | INFO | calculation of the new starting point of the simulation.
2026-08-20 09:41:11 | INFO |      610.000 ¦      610              669         80              1.000 
2026-08-20 09:41:11 | INFO |      611.000 ¦      611              670         81              1.000 
2026-08-20 09:41:11 | INFO |      612.000 ¦      612              671         81              1.000 
2026-08-20 09:41:11 | INFO |      613.000 ¦      613              672         81              1.000 
2026-08-20 09:41:11 | INFO |      614.000 ¦      614              673         81              1.000 
2026-08-20 09:41:11 | INFO |      615.000 ¦      615              674         81              1.000 
2026-08-20 09:41:11 | INFO |      616.000 ¦      616              675         81              1.000 
2026-08-20 09:41:11 | INFO |      617.000 ¦      617              676         81              1.000 
2026-08-20 09:41:11 | INFO |      618.000 ¦      618              677         81              1.000 
2026-08-20 09:41:11 | INFO |      619.000 ¦      619              678         81              1.000 
2026-08-20 09:41:11 | INFO | state of Load Load6 change from 1 to 2
2026-08-20 09:41:11 | INFO | state of Switch VL2_Load6_switch change from 1 to 2
2026-08-20 09:41:11 | INFO | state of Switch VL2_Load6_switch change from 1 to 2
2026-08-20 09:41:11 | INFO | switch ON bus : calculatedBus_VL2_9
2026-08-20 09:41:11 | INFO | Algebraic mode (with J recalculation) change at t = 620
2026-08-20 09:41:11 | INFO |      620.000 ¦      620              679         81              1.000 
2026-08-20 09:41:11 | INFO | calculation of the new starting point of the simulation.
2026-08-20 09:41:11 | INFO |      620.000 ¦      620              681         83              1.000 
2026-08-20 09:41:11 | INFO |      621.000 ¦      621              682         84              1.000 
2026-08-20 09:41:11 | INFO |      622.000 ¦      622              683         84              1.000 
2026-08-20 09:41:11 | INFO |      623.000 ¦      623              684         84              1.000 
2026-08-20 09:41:11 | INFO |      624.000 ¦      624              685         84              1.000 
2026-08-20 09:41:11 | INFO |      625.000 ¦      625              686         84              1.000 
2026-08-20 09:41:11 | INFO |      626.000 ¦      626              687         84              1.000 
2026-08-20 09:41:11 | INFO |      627.000 ¦      627              688         84              1.000 
2026-08-20 09:41:11 | INFO |      628.000 ¦      628              689         84              1.000 
2026-08-20 09:41:11 | INFO |      629.000 ¦      629              690         84              1.000 
2026-08-20 09:41:11 | INFO |      630.000 ¦      630              691         84              1.000 
2026-08-20 09:41:11 | INFO |      631.000 ¦      631              692         84              1.000 
2026-08-20 09:41:11 | INFO |      632.000 ¦      632              693         84              1.000 
2026-08-20 09:41:11 | INFO |      633.000 ¦      633              694         84              1.000 
2026-08-20 09:41:11 | INFO |      634.000 ¦      634              695         84              1.000 
2026-08-20 09:41:11 | INFO |      635.000 ¦      635              696         84              1.000 
2026-08-20 09:41:11 | INFO |      636.000 ¦      636              697         84              1.000 
2026-08-20 09:41:11 | INFO |      637.000 ¦      637              698         84              1.000 
2026-08-20 09:41:11 | INFO |      638.000 ¦      638              699         84              1.000 
2026-08-20 09:41:11 | INFO |      639.000 ¦      639              700         84              1.000 
2026-08-20 09:41:11 | INFO |      640.000 ¦      640              701         84              1.000 
2026-08-20 09:41:11 | INFO |      641.000 ¦      641              702         84              1.000 
2026-08-20 09:41:11 | INFO |      642.000 ¦      642              703         84              1.000 
2026-08-20 09:41:11 | INFO |      643.000 ¦      643              704         84              1.000 
2026-08-20 09:41:11 | INFO |      644.000 ¦      644              705         84              1.000 
2026-08-20 09:41:11 | INFO |      645.000 ¦      645              706         84              1.000 
2026-08-20 09:41:11 | INFO |      646.000 ¦      646              707         84              1.000 
2026-08-20 09:41:11 | INFO |      647.000 ¦      647              708         84              1.000 
2026-08-20 09:41:11 | INFO |      648.000 ¦      648              709         84              1.000 
2026-08-20 09:41:11 | INFO |      649.000 ¦      649              710         84              1.000 
2026-08-20 09:41:11 | INFO | state of Switch VL2_Load6_switch change from 2 to 1
2026-08-20 09:41:11 | INFO | switch Off bus : calculatedBus_VL2_9
2026-08-20 09:41:11 | INFO | Algebraic mode (with J recalculation) change at t = 650
2026-08-20 09:41:11 | INFO |      650.000 ¦      650              711         84              1.000 
2026-08-20 09:41:11 | INFO | calculation of the new starting point of the simulation.
2026-08-20 09:41:11 | INFO |      650.000 ¦      650              713         86              1.000 
2026-08-20 09:41:11 | INFO |      651.000 ¦      651              714         87              1.000 
2026-08-20 09:41:11 | INFO |      652.000 ¦      652              715         87              1.000 
2026-08-20 09:41:11 | INFO |      653.000 ¦      653              716         87              1.000 
2026-08-20 09:41:11 | INFO |      654.000 ¦      654              717         87              1.000 
2026-08-20 09:41:11 | INFO |      655.000 ¦      655              718         87              1.000 
2026-08-20 09:41:11 | INFO |      656.000 ¦      656              719         87              1.000 
2026-08-20 09:41:11 | INFO |      657.000 ¦      657              720         87              1.000 
2026-08-20 09:41:11 | INFO |      658.000 ¦      658              721         87              1.000 
2026-08-20 09:41:11 | INFO |      659.000 ¦      659              722         87              1.000 
2026-08-20 09:41:11 | INFO | state of Switch VL2_Load6_switch change from 1 to 2
2026-08-20 09:41:11 | INFO | switch ON bus : calculatedBus_VL2_9
2026-08-20 09:41:11 | INFO | Algebraic mode (with J recalculation) change at t = 660
2026-08-20 09:41:11 | INFO |      660.000 ¦      660              723         87              1.000 
2026-08-20 09:41:11 | INFO | calculation of the new starting point of the simulation.
2026-08-20 09:41:11 | INFO |      660.000 ¦      660              725         89              1.000 
2026-08-20 09:41:11 | INFO |      661.000 ¦      661              726         90              1.000 
2026-08-20 09:41:11 | INFO |      662.000 ¦      662              727         90              1.000 
2026-08-20 09:41:11 | INFO |      663.000 ¦      663              728         90              1.000 
2026-08-20 09:41:11 | INFO |      664.000 ¦      664              729         90              1.000 
2026-08-20 09:41:11 | INFO |      665.000 ¦      665              730         90              1.000 
2026-08-20 09:41:11 | INFO |      666.000 ¦      666              731         90              1.000 
2026-08-20 09:41:11 | INFO |      667.000 ¦      667              732         90              1.000 
2026-08-20 09:41:11 | INFO |      668.000 ¦      668              733         90              1.000 
2026-08-20 09:41:11 | INFO |      669.000 ¦      669              734         90              1.000 
2026-08-20 09:41:11 | INFO |      670.000 ¦      670              735         90              1.000 
2026-08-20 09:41:11 | INFO |      671.000 ¦      671              736         90              1.000 
2026-08-20 09:41:11 | INFO |      672.000 ¦      672              737         90              1.000 
2026-08-20 09:41:11 | INFO |      673.000 ¦      673              738         90              1.000 
2026-08-20 09:41:11 | INFO |      674.000 ¦      674              739         90              1.000 
2026-08-20 09:41:11 | INFO |      675.000 ¦      675              740         90              1.000 
2026-08-20 09:41:11 | INFO |      676.000 ¦      676              741         90              1.000 
2026-08-20 09:41:11 | INFO |      677.000 ¦      677              742         90              1.000 
2026-08-20 09:41:11 | INFO |      678.000 ¦      678              743         90              1.000 
2026-08-20 09:41:11 | INFO |      679.000 ¦      679              744         90              1.000 
2026-08-20 09:41:11 | INFO |      680.000 ¦      680              745         90              1.000 
2026-08-20 09:41:11 | INFO |      681.000 ¦      681              746         90              1.000 
2026-08-20 09:41:11 | INFO |      682.000 ¦      682              747         90              1.000 
2026-08-20 09:41:11 | INFO |      683.000 ¦      683              748         90              1.000 
2026-08-20 09:41:11 | INFO |      684.000 ¦      684              749         90              1.000 
2026-08-20 09:41:11 | INFO |      685.000 ¦      685              750         90              1.000 
2026-08-20 09:41:11 | INFO |      686.000 ¦      686              751         90              1.000 
2026-08-20 09:41:11 | INFO |      687.000 ¦      687              752         90              1.000 
2026-08-20 09:41:11 | INFO |      688.000 ¦      688              753         90              1.000 
2026-08-20 09:41:11 | INFO |      689.000 ¦      689              754         90              1.000 
2026-08-20 09:41:11 | INFO |      690.000 ¦      690              755         90              1.000 
2026-08-20 09:41:11 | INFO |      691.000 ¦      691              756         90              1.000 
2026-08-20 09:41:11 | INFO |      692.000 ¦      692              757         90              1.000 
2026-08-20 09:41:11 | INFO |      693.000 ¦      693              758         90              1.000 
2026-08-20 09:41:11 | INFO |      694.000 ¦      694              759         90              1.000 
2026-08-20 09:41:11 | INFO |      695.000 ¦      695              760         90              1.000 
2026-08-20 09:41:11 | INFO |      696.000 ¦      696              761         90              1.000 
2026-08-20 09:41:11 | INFO |      697.000 ¦      697              762         90              1.000 
2026-08-20 09:41:11 | INFO |      698.000 ¦      698              763         90              1.000 
2026-08-20 09:41:11 | INFO |      699.000 ¦      699              764         90              1.000 
2026-08-20 09:41:11 | INFO |      700.000 ¦      700              765         90              1.000 
2026-08-20 09:41:11 | INFO |      701.000 ¦      701              766         90              1.000 
2026-08-20 09:41:11 | INFO |      702.000 ¦      702              767         90              1.000 
2026-08-20 09:41:11 | INFO |      703.000 ¦      703              768         90              1.000 
2026-08-20 09:41:11 | INFO |      704.000 ¦      704              769         90              1.000 
2026-08-20 09:41:11 | INFO |      705.000 ¦      705              770         90              1.000 
2026-08-20 09:41:11 | INFO |      706.000 ¦      706              771         90              1.000 
2026-08-20 09:41:11 | INFO |      707.000 ¦      707              772         90              1.000 
2026-08-20 09:41:11 | INFO |      708.000 ¦      708              773         90              1.000 
2026-08-20 09:41:11 | INFO |      709.000 ¦      709              774         90              1.000 
2026-08-20 09:41:11 | INFO |      710.000 ¦      710              775         90              1.000 
2026-08-20 09:41:11 | INFO |      711.000 ¦      711              776         90              1.000 
2026-08-20 09:41:11 | INFO |      712.000 ¦      712              777         90              1.000 
2026-08-20 09:41:11 | INFO |      713.000 ¦      713              778         90              1.000 
2026-08-20 09:41:11 | INFO |      714.000 ¦      714              779         90              1.000 
2026-08-20 09:41:11 | INFO |      715.000 ¦      715              780         90              1.000 
2026-08-20 09:41:11 | INFO |      716.000 ¦      716              781         90              1.000 
2026-08-20 09:41:11 | INFO |      717.000 ¦      717              782         90              1.000 
2026-08-20 09:41:11 | INFO |      718.000 ¦      718              783         90              1.000 
2026-08-20 09:41:11 | INFO |      719.000 ¦      719              784         90              1.000 
2026-08-20 09:41:11 | INFO |      720.000 ¦      720              785         90              1.000 
2026-08-20 09:41:11 | INFO |      721.000 ¦      721              786         90              1.000 
2026-08-20 09:41:11 | INFO |      722.000 ¦      722              787         90              1.000 
2026-08-20 09:41:11 | INFO |      723.000 ¦      723              788         90              1.000 
2026-08-20 09:41:11 | INFO |      724.000 ¦      724              789         90              1.000 
2026-08-20 09:41:11 | INFO |      725.000 ¦      725              790         90              1.000 
2026-08-20 09:41:11 | INFO |      726.000 ¦      726              791         90              1.000 
2026-08-20 09:41:11 | INFO |      727.000 ¦      727              792         90              1.000 
2026-08-20 09:41:11 | INFO |      728.000 ¦      728              793         90              1.000 
2026-08-20 09:41:11 | INFO |      729.000 ¦      729              794         90              1.000 
2026-08-20 09:41:11 | INFO |      730.000 ¦      730              795         90              1.000 
2026-08-20 09:41:11 | INFO |      731.000 ¦      731              796         90              1.000 
2026-08-20 09:41:11 | INFO |      732.000 ¦      732              797         90              1.000 
2026-08-20 09:41:11 | INFO |      733.000 ¦      733              798         90              1.000 
2026-08-20 09:41:11 | INFO |      734.000 ¦      734              799         90              1.000 
2026-08-20 09:41:11 | INFO |      735.000 ¦      735              800         90              1.000 
2026-08-20 09:41:11 | INFO |      736.000 ¦      736              801         90              1.000 
2026-08-20 09:41:11 | INFO |      737.000 ¦      737              802         90              1.000 
2026-08-20 09:41:11 | INFO |      738.000 ¦      738              803         90              1.000 
2026-08-20 09:41:11 | INFO |      739.000 ¦      739              804         90              1.000 
2026-08-20 09:41:11 | INFO |      740.000 ¦      740              805         90              1.000 
2026-08-20 09:41:11 | INFO |      741.000 ¦      741              806         90              1.000 
2026-08-20 09:41:11 | INFO |      742.000 ¦      742              807         90              1.000 
2026-08-20 09:41:11 | INFO |      743.000 ¦      743              808         90              1.000 
2026-08-20 09:41:11 | INFO |      744.000 ¦      744              809         90              1.000 
2026-08-20 09:41:11 | INFO |      745.000 ¦      745              810         90              1.000 
2026-08-20 09:41:11 | INFO |      746.000 ¦      746              811         90              1.000 
2026-08-20 09:41:11 | INFO |      747.000 ¦      747              812         90              1.000 
2026-08-20 09:41:11 | INFO |      748.000 ¦      748              813         90              1.000 
2026-08-20 09:41:11 | INFO |      749.000 ¦      749              814         90              1.000 
2026-08-20 09:41:11 | INFO |      750.000 ¦      750              815         90              1.000 
2026-08-20 09:41:11 | INFO |      751.000 ¦      751              816         90              1.000 
2026-08-20 09:41:11 | INFO |      752.000 ¦      752              817         90              1.000 
2026-08-20 09:41:11 | INFO |      753.000 ¦      753              818         90              1.000 
2026-08-20 09:41:11 | INFO |      754.000 ¦      754              819         90              1.000 
2026-08-20 09:41:11 | INFO |      755.000 ¦      755              820         90              1.000 
2026-08-20 09:41:11 | INFO |      756.000 ¦      756              821         90              1.000 
2026-08-20 09:41:11 | INFO |      757.000 ¦      757              822         90              1.000 
2026-08-20 09:41:11 | INFO |      758.000 ¦      758              823         90              1.000 
2026-08-20 09:41:11 | INFO |      759.000 ¦      759              824         90              1.000 
2026-08-20 09:41:11 | INFO |      760.000 ¦      760              825         90              1.000 
2026-08-20 09:41:11 | INFO |      761.000 ¦      761              826         90              1.000 
2026-08-20 09:41:11 | INFO |      762.000 ¦      762              827         90              1.000 
2026-08-20 09:41:11 | INFO |      763.000 ¦      763              828         90              1.000 
2026-08-20 09:41:11 | INFO |      764.000 ¦      764              829         90              1.000 
2026-08-20 09:41:11 | INFO |      765.000 ¦      765              830         90              1.000 
2026-08-20 09:41:11 | INFO |      766.000 ¦      766              831         90              1.000 
2026-08-20 09:41:11 | INFO |      767.000 ¦      767              832         90              1.000 
2026-08-20 09:41:11 | INFO |      768.000 ¦      768              833         90              1.000 
2026-08-20 09:41:11 | INFO |      769.000 ¦      769              834         90              1.000 
2026-08-20 09:41:11 | INFO |      770.000 ¦      770              835         90              1.000 
2026-08-20 09:41:11 | INFO |      771.000 ¦      771              836         90              1.000 
2026-08-20 09:41:11 | INFO |      772.000 ¦      772              837         90              1.000 
2026-08-20 09:41:11 | INFO |      773.000 ¦      773              838         90              1.000 
2026-08-20 09:41:11 | INFO |      774.000 ¦      774              839         90              1.000 
2026-08-20 09:41:11 | INFO |      775.000 ¦      775              840         90              1.000 
2026-08-20 09:41:11 | INFO |      776.000 ¦      776              841         90              1.000 
2026-08-20 09:41:11 | INFO |      777.000 ¦      777              842         90              1.000 
2026-08-20 09:41:11 | INFO |      778.000 ¦      778              843         90              1.000 
2026-08-20 09:41:11 | INFO |      779.000 ¦      779              844         90              1.000 
2026-08-20 09:41:11 | INFO |      780.000 ¦      780              845         90              1.000 
2026-08-20 09:41:11 | INFO |      781.000 ¦      781              846         90              1.000 
2026-08-20 09:41:11 | INFO |      782.000 ¦      782              847         90              1.000 
2026-08-20 09:41:11 | INFO |      783.000 ¦      783              848         90              1.000 
2026-08-20 09:41:11 | INFO |      784.000 ¦      784              849         90              1.000 
2026-08-20 09:41:11 | INFO |      785.000 ¦      785              850         90              1.000 
2026-08-20 09:41:11 | INFO |      786.000 ¦      786              851         90              1.000 
2026-08-20 09:41:11 | INFO |      787.000 ¦      787              852         90              1.000 
2026-08-20 09:41:11 | INFO |      788.000 ¦      788              853         90              1.000 
2026-08-20 09:41:11 | INFO |      789.000 ¦      789              854         90              1.000 
2026-08-20 09:41:11 | INFO |      790.000 ¦      790              855         90              1.000 
2026-08-20 09:41:11 | INFO |      791.000 ¦      791              856         90              1.000 
2026-08-20 09:41:11 | INFO |      792.000 ¦      792              857         90              1.000 
2026-08-20 09:41:11 | INFO |      793.000 ¦      793              858         90              1.000 
2026-08-20 09:41:11 | INFO |      794.000 ¦      794              859         90              1.000 
2026-08-20 09:41:11 | INFO |      795.000 ¦      795              860         90              1.000 
2026-08-20 09:41:11 | INFO |      796.000 ¦      796              861         90              1.000 
2026-08-20 09:41:11 | INFO |      797.000 ¦      797              862         90              1.000 
2026-08-20 09:41:11 | INFO |      798.000 ¦      798              863         90              1.000 
2026-08-20 09:41:11 | INFO |      799.000 ¦      799              864         90              1.000 
2026-08-20 09:41:11 | INFO |      800.000 ¦      800              865         90              1.000 
2026-08-20 09:41:11 | INFO |      801.000 ¦      801              866         90              1.000 
2026-08-20 09:41:11 | INFO |      802.000 ¦      802              867         90              1.000 
2026-08-20 09:41:11 | INFO |      803.000 ¦      803              868         90              1.000 
2026-08-20 09:41:11 | INFO |      804.000 ¦      804              869         90              1.000 
2026-08-20 09:41:11 | INFO |      805.000 ¦      805              870         90              1.000 
2026-08-20 09:41:11 | INFO |      806.000 ¦      806              871         90              1.000 
2026-08-20 09:41:11 | INFO |      807.000 ¦      807              872         90              1.000 
2026-08-20 09:41:11 | INFO |      808.000 ¦      808              873         90              1.000 
2026-08-20 09:41:11 | INFO |      809.000 ¦      809              874         90              1.000 
2026-08-20 09:41:11 | INFO |      810.000 ¦      810              875         90              1.000 
2026-08-20 09:41:11 | INFO |      811.000 ¦      811              876         90              1.000 
2026-08-20 09:41:11 | INFO |      812.000 ¦      812              877         90              1.000 
2026-08-20 09:41:11 | INFO |      813.000 ¦      813              878         90              1.000 
2026-08-20 09:41:11 | INFO |      814.000 ¦      814              879         90              1.000 
2026-08-20 09:41:11 | INFO |      815.000 ¦      815              880         90              1.000 
2026-08-20 09:41:11 | INFO |      816.000 ¦      816              881         90              1.000 
2026-08-20 09:41:11 | INFO |      817.000 ¦      817              882         90              1.000 
2026-08-20 09:41:11 | INFO |      818.000 ¦      818              883         90              1.000 
2026-08-20 09:41:11 | INFO |      819.000 ¦      819              884         90              1.000 
2026-08-20 09:41:11 | INFO |      820.000 ¦      820              885         90              1.000 
2026-08-20 09:41:11 | INFO |      821.000 ¦      821              886         90              1.000 
2026-08-20 09:41:11 | INFO |      822.000 ¦      822              887         90              1.000 
2026-08-20 09:41:11 | INFO |      823.000 ¦      823              888         90              1.000 
2026-08-20 09:41:11 | INFO |      824.000 ¦      824              889         90              1.000 
2026-08-20 09:41:11 | INFO |      825.000 ¦      825              890         90              1.000 
2026-08-20 09:41:11 | INFO |      826.000 ¦      826              891         90              1.000 
2026-08-20 09:41:11 | INFO |      827.000 ¦      827              892         90              1.000 
2026-08-20 09:41:11 | INFO |      828.000 ¦      828              893         90              1.000 
2026-08-20 09:41:11 | INFO |      829.000 ¦      829              894         90              1.000 
2026-08-20 09:41:11 | INFO |      830.000 ¦      830              895         90              1.000 
2026-08-20 09:41:11 | INFO |      831.000 ¦      831              896         90              1.000 
2026-08-20 09:41:11 | INFO |      832.000 ¦      832              897         90              1.000 
2026-08-20 09:41:11 | INFO |      833.000 ¦      833              898         90              1.000 
2026-08-20 09:41:11 | INFO |      834.000 ¦      834              899         90              1.000 
2026-08-20 09:41:11 | INFO |      835.000 ¦      835              900         90              1.000 
2026-08-20 09:41:11 | INFO |      836.000 ¦      836              901         90              1.000 
2026-08-20 09:41:11 | INFO |      837.000 ¦      837              902         90              1.000 
2026-08-20 09:41:11 | INFO |      838.000 ¦      838              903         90              1.000 
2026-08-20 09:41:11 | INFO |      839.000 ¦      839              904         90              1.000 
2026-08-20 09:41:11 | INFO |      840.000 ¦      840              905         90              1.000 
2026-08-20 09:41:11 | INFO |      841.000 ¦      841              906         90              1.000 
2026-08-20 09:41:11 | INFO |      842.000 ¦      842              907         90              1.000 
2026-08-20 09:41:11 | INFO |      843.000 ¦      843              908         90              1.000 
2026-08-20 09:41:11 | INFO |      844.000 ¦      844              909         90              1.000 
2026-08-20 09:41:11 | INFO |      845.000 ¦      845              910         90              1.000 
2026-08-20 09:41:11 | INFO |      846.000 ¦      846              911         90              1.000 
2026-08-20 09:41:11 | INFO |      847.000 ¦      847              912         90              1.000 
2026-08-20 09:41:11 | INFO |      848.000 ¦      848              913         90              1.000 
2026-08-20 09:41:11 | INFO |      849.000 ¦      849              914         90              1.000 
2026-08-20 09:41:11 | INFO |      850.000 ¦      850              915         90              1.000 
2026-08-20 09:41:11 | INFO |      851.000 ¦      851              916         90              1.000 
2026-08-20 09:41:11 | INFO |      852.000 ¦      852              917         90              1.000 
2026-08-20 09:41:11 | INFO |      853.000 ¦      853              918         90              1.000 
2026-08-20 09:41:11 | INFO |      854.000 ¦      854              919         90              1.000 
2026-08-20 09:41:11 | INFO |      855.000 ¦      855              920         90              1.000 
2026-08-20 09:41:11 | INFO |      856.000 ¦      856              921         90              1.000 
2026-08-20 09:41:11 | INFO |      857.000 ¦      857              922         90              1.000 
2026-08-20 09:41:11 | INFO |      858.000 ¦      858              923         90              1.000 
2026-08-20 09:41:11 | INFO |      859.000 ¦      859              924         90              1.000 
2026-08-20 09:41:11 | INFO |      860.000 ¦      860              925         90              1.000 
2026-08-20 09:41:11 | INFO |      861.000 ¦      861              926         90              1.000 
2026-08-20 09:41:11 | INFO |      862.000 ¦      862              927         90              1.000 
2026-08-20 09:41:11 | INFO |      863.000 ¦      863              928         90              1.000 
2026-08-20 09:41:11 | INFO |      864.000 ¦      864              929         90              1.000 
2026-08-20 09:41:11 | INFO |      865.000 ¦      865              930         90              1.000 
2026-08-20 09:41:11 | INFO |      866.000 ¦      866              931         90              1.000 
2026-08-20 09:41:11 | INFO |      867.000 ¦      867              932         90              1.000 
2026-08-20 09:41:11 | INFO |      868.000 ¦      868              933         90              1.000 
2026-08-20 09:41:11 | INFO |      869.000 ¦      869              934         90              1.000 
2026-08-20 09:41:11 | INFO |      870.000 ¦      870              935         90              1.000 
2026-08-20 09:41:11 | INFO |      871.000 ¦      871              936         90              1.000 
2026-08-20 09:41:11 | INFO |      872.000 ¦      872              937         90              1.000 
2026-08-20 09:41:11 | INFO |      873.000 ¦      873              938         90              1.000 
2026-08-20 09:41:11 | INFO |      874.000 ¦      874              939         90              1.000 
2026-08-20 09:41:11 | INFO |      875.000 ¦      875              940         90              1.000 
2026-08-20 09:41:11 | INFO |      876.000 ¦      876              941         90              1.000 
2026-08-20 09:41:11 | INFO |      877.000 ¦      877              942         90              1.000 
2026-08-20 09:41:11 | INFO |      878.000 ¦      878              943         90              1.000 
2026-08-20 09:41:11 | INFO |      879.000 ¦      879              944         90              1.000 
2026-08-20 09:41:11 | INFO |      880.000 ¦      880              945         90              1.000 
2026-08-20 09:41:11 | INFO |      881.000 ¦      881              946         90              1.000 
2026-08-20 09:41:11 | INFO |      882.000 ¦      882              947         90              1.000 
2026-08-20 09:41:11 | INFO |      883.000 ¦      883              948         90              1.000 
2026-08-20 09:41:11 | INFO |      884.000 ¦      884              949         90              1.000 
2026-08-20 09:41:11 | INFO |      885.000 ¦      885              950         90              1.000 
2026-08-20 09:41:11 | INFO |      886.000 ¦      886              951         90              1.000 
2026-08-20 09:41:11 | INFO |      887.000 ¦      887              952         90              1.000 
2026-08-20 09:41:11 | INFO |      888.000 ¦      888              953         90              1.000 
2026-08-20 09:41:11 | INFO |      889.000 ¦      889              954         90              1.000 
2026-08-20 09:41:11 | INFO |      890.000 ¦      890              955         90              1.000 
2026-08-20 09:41:11 | INFO |      891.000 ¦      891              956         90              1.000 
2026-08-20 09:41:11 | INFO |      892.000 ¦      892              957         90              1.000 
2026-08-20 09:41:11 | INFO |      893.000 ¦      893              958         90              1.000 
2026-08-20 09:41:11 | INFO |      894.000 ¦      894              959         90              1.000 
2026-08-20 09:41:11 | INFO |      895.000 ¦      895              960         90              1.000 
2026-08-20 09:41:11 | INFO |      896.000 ¦      896              961         90              1.000 
2026-08-20 09:41:11 | INFO |      897.000 ¦      897              962         90              1.000 
2026-08-20 09:41:11 | INFO |      898.000 ¦      898              963         90              1.000 
2026-08-20 09:41:11 | INFO |      899.000 ¦      899              964         90              1.000 
2026-08-20 09:41:11 | INFO |      900.000 ¦      900              965         90              1.000 
2026-08-20 09:41:11 | INFO |      901.000 ¦      901              966         90              1.000 
2026-08-20 09:41:11 | INFO |      902.000 ¦      902              967         90              1.000 
2026-08-20 09:41:11 | INFO |      903.000 ¦      903              968         90              1.000 
2026-08-20 09:41:11 | INFO |      904.000 ¦      904              969         90              1.000 
2026-08-20 09:41:11 | INFO |      905.000 ¦      905              970         90              1.000 
2026-08-20 09:41:11 | INFO |      906.000 ¦      906              971         90              1.000 
2026-08-20 09:41:11 | INFO |      907.000 ¦      907              972         90              1.000 
2026-08-20 09:41:11 | INFO |      908.000 ¦      908              973         90              1.000 
2026-08-20 09:41:11 | INFO |      909.000 ¦      909              974         90              1.000 
2026-08-20 09:41:11 | INFO |      910.000 ¦      910              975         90              1.000 
2026-08-20 09:41:11 | INFO |      911.000 ¦      911              976         90              1.000 
2026-08-20 09:41:11 | INFO |      912.000 ¦      912              977         90              1.000 
2026-08-20 09:41:11 | INFO |      913.000 ¦      913              978         90              1.000 
2026-08-20 09:41:11 | INFO |      914.000 ¦      914              979         90              1.000 
2026-08-20 09:41:11 | INFO |      915.000 ¦      915              980         90              1.000 
2026-08-20 09:41:11 | INFO |      916.000 ¦      916              981         90              1.000 
2026-08-20 09:41:11 | INFO |      917.000 ¦      917              982         90              1.000 
2026-08-20 09:41:11 | INFO |      918.000 ¦      918              983         90              1.000 
2026-08-20 09:41:11 | INFO |      919.000 ¦      919              984         90              1.000 
2026-08-20 09:41:11 | INFO |      920.000 ¦      920              985         90              1.000 
2026-08-20 09:41:11 | INFO |      921.000 ¦      921              986         90              1.000 
2026-08-20 09:41:11 | INFO |      922.000 ¦      922              987         90              1.000 
2026-08-20 09:41:11 | INFO |      923.000 ¦      923              988         90              1.000 
2026-08-20 09:41:11 | INFO |      924.000 ¦      924              989         90              1.000 
2026-08-20 09:41:11 | INFO |      925.000 ¦      925              990         90              1.000 
2026-08-20 09:41:11 | INFO |      926.000 ¦      926              991         90              1.000 
2026-08-20 09:41:11 | INFO |      927.000 ¦      927              992         90              1.000 
2026-08-20 09:41:11 | INFO |      928.000 ¦      928              993         90              1.000 
2026-08-20 09:41:11 | INFO |      929.000 ¦      929              994         90              1.000 
2026-08-20 09:41:11 | INFO |      930.000 ¦      930              995         90              1.000 
2026-08-20 09:41:11 | INFO |      931.000 ¦      931              996         90              1.000 
2026-08-20 09:41:11 | INFO |      932.000 ¦      932              997         90              1.000 
2026-08-20 09:41:11 | INFO |      933.000 ¦      933              998         90              1.000 
2026-08-20 09:41:11 | INFO |      934.000 ¦      934              999         90              1.000 
2026-08-20 09:41:11 | INFO |      935.000 ¦      935             1000         90              1.000 
2026-08-20 09:41:11 | INFO |      936.000 ¦      936             1001         90              1.000 
2026-08-20 09:41:11 | INFO |      937.000 ¦      937             1002         90              1.000 
2026-08-20 09:41:11 | INFO |      938.000 ¦      938             1003         90              1.000 
2026-08-20 09:41:11 | INFO |      939.000 ¦      939             1004         90              1.000 
2026-08-20 09:41:11 | INFO |      940.000 ¦      940             1005         90              1.000 
2026-08-20 09:41:11 | INFO |      941.000 ¦      941             1006         90              1.000 
2026-08-20 09:41:11 | INFO |      942.000 ¦      942             1007         90              1.000 
2026-08-20 09:41:11 | INFO |      943.000 ¦      943             1008         90              1.000 
2026-08-20 09:41:11 | INFO |      944.000 ¦      944             1009         90              1.000 
2026-08-20 09:41:11 | INFO |      945.000 ¦      945             1010         90              1.000 
2026-08-20 09:41:11 | INFO |      946.000 ¦      946             1011         90              1.000 
2026-08-20 09:41:11 | INFO |      947.000 ¦      947             1012         90              1.000 
2026-08-20 09:41:11 | INFO |      948.000 ¦      948             1013         90              1.000 
2026-08-20 09:41:11 | INFO |      949.000 ¦      949             1014         90              1.000 
2026-08-20 09:41:11 | INFO |      950.000 ¦      950             1015         90              1.000 
2026-08-20 09:41:11 | INFO |      951.000 ¦      951             1016         90              1.000 
2026-08-20 09:41:11 | INFO |      952.000 ¦      952             1017         90              1.000 
2026-08-20 09:41:11 | INFO |      953.000 ¦      953             1018         90              1.000 
2026-08-20 09:41:11 | INFO |      954.000 ¦      954             1019         90              1.000 
2026-08-20 09:41:11 | INFO |      955.000 ¦      955             1020         90              1.000 
2026-08-20 09:41:11 | INFO |      956.000 ¦      956             1021         90              1.000 
2026-08-20 09:41:11 | INFO |      957.000 ¦      957             1022         90              1.000 
2026-08-20 09:41:11 | INFO |      958.000 ¦      958             1023         90              1.000 
2026-08-20 09:41:11 | INFO |      959.000 ¦      959             1024         90              1.000 
2026-08-20 09:41:11 | INFO |      960.000 ¦      960             1025         90              1.000 
2026-08-20 09:41:11 | INFO |      961.000 ¦      961             1026         90              1.000 
2026-08-20 09:41:11 | INFO |      962.000 ¦      962             1027         90              1.000 
2026-08-20 09:41:11 | INFO |      963.000 ¦      963             1028         90              1.000 
2026-08-20 09:41:11 | INFO |      964.000 ¦      964             1029         90              1.000 
2026-08-20 09:41:11 | INFO |      965.000 ¦      965             1030         90              1.000 
2026-08-20 09:41:11 | INFO |      966.000 ¦      966             1031         90              1.000 
2026-08-20 09:41:11 | INFO |      967.000 ¦      967             1032         90              1.000 
2026-08-20 09:41:11 | INFO |      968.000 ¦      968             1032         90              1.000 
2026-08-20 09:41:11 | INFO |      969.000 ¦      969             1032         90              1.000 
2026-08-20 09:41:11 | INFO |      970.000 ¦      970             1032         90              1.000 
2026-08-20 09:41:11 | INFO |      971.000 ¦      971             1032         90              1.000 
2026-08-20 09:41:11 | INFO |      972.000 ¦      972             1032         90              1.000 
2026-08-20 09:41:11 | INFO |      973.000 ¦      973             1032         90              1.000 
2026-08-20 09:41:11 | INFO |      974.000 ¦      974             1032         90              1.000 
2026-08-20 09:41:11 | INFO |      975.000 ¦      975             1032         90              1.000 
2026-08-20 09:41:11 | INFO |      976.000 ¦      976             1032         90              1.000 
2026-08-20 09:41:11 | INFO |      977.000 ¦      977             1032         90              1.000 
2026-08-20 09:41:11 | INFO |      978.000 ¦      978             1032         90              1.000 
2026-08-20 09:41:11 | INFO |      979.000 ¦      979             1032         90              1.000 
2026-08-20 09:41:11 | INFO |      980.000 ¦      980             1032         90              1.000 
2026-08-20 09:41:11 | INFO |      981.000 ¦      981             1032         90              1.000 
2026-08-20 09:41:11 | INFO |      982.000 ¦      982             1032         90              1.000 
2026-08-20 09:41:11 | INFO |      983.000 ¦      983             1032         90              1.000 
2026-08-20 09:41:11 | INFO |      984.000 ¦      984             1032         90              1.000 
2026-08-20 09:41:11 | INFO |      985.000 ¦      985             1032         90              1.000 
2026-08-20 09:41:11 | INFO |      986.000 ¦      986             1032         90              1.000 
2026-08-20 09:41:11 | INFO |      987.000 ¦      987             1032         90              1.000 
2026-08-20 09:41:11 | INFO |      988.000 ¦      988             1032         90              1.000 
2026-08-20 09:41:11 | INFO |      989.000 ¦      989             1032         90              1.000 
2026-08-20 09:41:11 | INFO |      990.000 ¦      990             1032         90              1.000 
2026-08-20 09:41:11 | INFO |      991.000 ¦      991             1032         90              1.000 
2026-08-20 09:41:11 | INFO |      992.000 ¦      992             1032         90              1.000 
2026-08-20 09:41:11 | INFO |      993.000 ¦      993             1032         90              1.000 
2026-08-20 09:41:11 | INFO |      994.000 ¦      994             1032         90              1.000 
2026-08-20 09:41:11 | INFO |      995.000 ¦      995             1032         90              1.000 
2026-08-20 09:41:11 | INFO |      996.000 ¦      996             1032         90              1.000 
2026-08-20 09:41:11 | INFO |      997.000 ¦      997             1032         90              1.000 
2026-08-20 09:41:11 | INFO |      998.000 ¦      998             1032         90              1.000 
2026-08-20 09:41:11 | INFO |      999.000 ¦      999             1032         90              1.000 
2026-08-20 09:41:11 | INFO |     1000.000 ¦     1000             1032         90              1.000 
2026-08-20 09:41:11 | INFO | 
2026-08-20 09:41:11 | INFO | execution statistics :
2026-08-20 09:41:11 | INFO | 
2026-08-20 09:41:11 | INFO | number of time iterations                                  = 1000
2026-08-20 09:41:11 | INFO | number of residual evaluations                             = 1987
2026-08-20 09:41:11 | INFO | number of Jacobian evaluations                             = 29
2026-08-20 09:41:11 | INFO | number of nonlinear iterations                             = 986
2026-08-20 09:41:11 | INFO | number of error test failures                              = 0
2026-08-20 09:41:11 | INFO | number of nonlinear convergence failures                   = 0
2026-08-20 09:41:11 | INFO | number of solver root functions evaluations                = 0
2026-08-20 09:41:11 | INFO | number of internal root functions evaluations              = 1141
2026-08-20 09:41:11 | INFO | number of discrete variables evaluations                   = 162
2026-08-20 09:41:11 | INFO | number of mode evaluations                                 = 56
2026-08-20 09:41:11 | INFO | number of differential mode                                = 0
2026-08-20 09:41:11 | INFO | number of algebraic mode                                   = 0
2026-08-20 09:41:11 | INFO | number of algebraic J update mode                          = 0
2026-08-20 09:41:11 | INFO | number of algebraic restoration residual evaluations       = 91
2026-08-20 09:41:11 | INFO | number of algebraic restoration Jacobian evaluations       = 61
2026-08-20 09:41:11 | INFO | number of algebraic prim restoration residual evaluations  = 0
2026-08-20 09:41:11 | INFO | number of algebraic prim restoration Jacobian evaluations  = 0
2026-08-20 09:41:11 | INFO | end of job 'Disconnect load test'
