"time","LineB29B52.P1Pu","TfoB7B29.P1Pu"
0,0.1790006221864286,0.6001412659957081
10,0.1795094984780131,0.6019881233627474
20,0.1797420693829211,0.6028404652508627
30,0.179847925662783,0.6032340452954014
30,0.1798479030053982,0.6032339253759904
