"time","Gen1.PGenPu","Gen1.QGenPu","Gen1.UPu","Gen2.PGenPu","Gen2.QGenPu","Gen2.UPu","Gen3.PGenPu","Gen3.QGenPu","Gen3.UPu","Gen6.PGenPu","Gen6.QGenPu","Gen6.UPu","Gen8.PGenPu","Gen8.QGenPu","Gen8.UPu","Load2.PPu","Load2.QPu"
0,4.77159559553307,1.545999344889876,1.04,0,0.1000969427490743,1.01,0.3929955955337638,0.1915591040500376,0.985,-1.282129949457193e-23,0.108454057353793,0.98,4.49299559553307,0.7691257205044622,1.005,0.03000147413116576,0.880072069815195
10,4.77714777379778,1.550949638912954,1.04,0,0.1000655926619048,1.01,0.3985477737973024,0.1951042110863627,0.985,1.414185264886415e-22,0.1098035310260478,0.98,4.49854777379778,0.7753074878975257,1.005,0.03000054200303097,0.8800264980855333
20,4.779662242916722,1.553209492157508,1.04,0,0.1000548226237636,1.01,0.4010622427674225,0.1967147696980482,0.985,-3.241347363219145e-21,0.1104184257839236,0.9800000000000012,4.501062242916722,0.7781141921073688,1.005,0.03000019852494751,0.8800097056812149
30,4.780801612229021,1.554240062606342,1.04,0,0.1000512403090215,1.01,0.4022016116329876,0.1974463366957483,0.985,-1.133763866391006e-20,0.110699247522784,0.9800000000000039,4.502201612229021,0.7793886567659265,1.005,0.03000007272835932,0.8800035555942174
30,4.780801959595546,1.55424061168031,1.04,0,0.1000512430122184,1.01,0.4022019595949579,0.1974468195151267,0.985,1.003856939865051e-23,0.1106993592537245,0.98,4.502201959595546,0.7793893241493708,1.005,0.03000007272920064,0.8800035556526817
